hilbert_order,q_node,t,scale,gt,found,tp,fp,fn,precision,recall,jaccard
2,clab-nebula-serf130,5,1.5,0,0,0,0,0,0.0,0.0,0.0
2,clab-nebula-serf130,10,1.5,0,0,0,0,0,0.0,0.0,0.0
2,clab-nebula-serf130,15,1.5,0,0,0,0,0,0.0,0.0,0.0
2,clab-nebula-serf130,20,1.5,13,0,0,0,13,0,0.0,0.0
2,clab-nebula-serf130,25,1.5,14,0,0,0,14,0,0.0,0.0
2,clab-nebula-serf130,30,1.5,24,11,11,0,13,1.0,0.4583333333333333,0.4583333333333333
2,clab-nebula-serf130,35,1.5,41,11,11,0,30,1.0,0.2682926829268293,0.2682926829268293
2,clab-nebula-serf130,40,1.5,53,11,11,0,42,1.0,0.20754716981132076,0.20754716981132076
2,clab-nebula-serf130,45,1.5,84,26,26,0,58,1.0,0.30952380952380953,0.30952380952380953
2,clab-nebula-serf130,50,1.5,111,26,26,0,85,1.0,0.23423423423423423,0.23423423423423423
2,clab-nebula-serf130,55,1.5,136,161,136,25,0,0.84472049689441,1.0,0.84472049689441
2,clab-nebula-serf130,60,1.5,146,161,146,15,0,0.906832298136646,1.0,0.906832298136646
2,clab-nebula-serf161,5,1.5,4,0,0,0,4,0,0.0,0.0
2,clab-nebula-serf161,10,1.5,4,0,0,0,4,0,0.0,0.0
2,clab-nebula-serf161,15,1.5,5,0,0,0,5,0,0.0,0.0
2,clab-nebula-serf161,20,1.5,10,0,0,0,10,0,0.0,0.0
2,clab-nebula-serf161,25,1.5,22,0,0,0,22,0,0.0,0.0
2,clab-nebula-serf161,30,1.5,36,0,0,0,36,0,0.0,0.0
2,clab-nebula-serf161,35,1.5,42,0,0,0,42,0,0.0,0.0
2,clab-nebula-serf161,40,1.5,58,0,0,0,58,0,0.0,0.0
2,clab-nebula-serf161,45,1.5,79,57,46,11,33,0.8070175438596491,0.5822784810126582,0.5111111111111111
2,clab-nebula-serf161,50,1.5,117,58,54,4,63,0.9310344827586207,0.46153846153846156,0.4462809917355372
2,clab-nebula-serf161,55,1.5,139,58,56,2,83,0.9655172413793104,0.4028776978417266,0.3971631205673759
2,clab-nebula-serf161,60,1.5,149,161,149,12,0,0.9254658385093167,1.0,0.9254658385093167
2,clab-nebula-serf32,5,1.5,3,0,0,0,3,0,0.0,0.0
2,clab-nebula-serf32,10,1.5,19,0,0,0,19,0,0.0,0.0
2,clab-nebula-serf32,15,1.5,32,30,10,20,22,0.3333333333333333,0.3125,0.19230769230769232
2,clab-nebula-serf32,20,1.5,59,48,41,7,18,0.8541666666666666,0.6949152542372882,0.6212121212121212
2,clab-nebula-serf32,25,1.5,88,68,64,4,24,0.9411764705882353,0.7272727272727273,0.6956521739130435
2,clab-nebula-serf32,30,1.5,95,76,68,8,27,0.8947368421052632,0.7157894736842105,0.6601941747572816
2,clab-nebula-serf32,35,1.5,108,76,69,7,39,0.9078947368421053,0.6388888888888888,0.6
2,clab-nebula-serf32,40,1.5,121,76,76,0,45,1.0,0.628099173553719,0.628099173553719
2,clab-nebula-serf32,45,1.5,124,76,76,0,48,1.0,0.6129032258064516,0.6129032258064516
2,clab-nebula-serf32,50,1.5,137,78,78,0,59,1.0,0.5693430656934306,0.5693430656934306
2,clab-nebula-serf32,55,1.5,154,161,154,7,0,0.9565217391304348,1.0,0.9565217391304348
2,clab-nebula-serf32,60,1.5,155,161,155,6,0,0.9627329192546584,1.0,0.9627329192546584
2,clab-nebula-serf63,5,1.5,0,0,0,0,0,0.0,0.0,0.0
2,clab-nebula-serf63,10,1.5,0,0,0,0,0,0.0,0.0,0.0
2,clab-nebula-serf63,15,1.5,6,0,0,0,6,0,0.0,0.0
2,clab-nebula-serf63,20,1.5,32,0,0,0,32,0,0.0,0.0
2,clab-nebula-serf63,25,1.5,64,0,0,0,64,0,0.0,0.0
2,clab-nebula-serf63,30,1.5,84,0,0,0,84,0,0.0,0.0
2,clab-nebula-serf63,35,1.5,103,30,28,2,75,0.9333333333333333,0.27184466019417475,0.26666666666666666
2,clab-nebula-serf63,40,1.5,119,30,29,1,90,0.9666666666666667,0.24369747899159663,0.24166666666666667
2,clab-nebula-serf63,45,1.5,124,30,30,0,94,1.0,0.24193548387096775,0.24193548387096775
2,clab-nebula-serf63,50,1.5,128,30,30,0,98,1.0,0.234375,0.234375
2,clab-nebula-serf63,55,1.5,154,30,30,0,124,1.0,0.19480519480519481,0.19480519480519481
2,clab-nebula-serf63,60,1.5,154,30,30,0,124,1.0,0.19480519480519481,0.19480519480519481
2,clab-nebula-serf45,5,1.5,2,0,0,0,2,0,0.0,0.0
2,clab-nebula-serf45,10,1.5,8,0,0,0,8,0,0.0,0.0
2,clab-nebula-serf45,15,1.5,22,0,0,0,22,0,0.0,0.0
2,clab-nebula-serf45,20,1.5,40,30,17,13,23,0.5666666666666667,0.425,0.32075471698113206
2,clab-nebula-serf45,25,1.5,80,48,45,3,35,0.9375,0.5625,0.5421686746987951
2,clab-nebula-serf45,30,1.5,90,76,64,12,26,0.8421052631578947,0.7111111111111111,0.6274509803921569
2,clab-nebula-serf45,35,1.5,118,76,76,0,42,1.0,0.6440677966101694,0.6440677966101694
2,clab-nebula-serf45,40,1.5,121,76,76,0,45,1.0,0.628099173553719,0.628099173553719
2,clab-nebula-serf45,45,1.5,124,76,76,0,48,1.0,0.6129032258064516,0.6129032258064516
2,clab-nebula-serf45,50,1.5,145,78,78,0,67,1.0,0.5379310344827586,0.5379310344827586
2,clab-nebula-serf45,55,1.5,154,78,78,0,76,1.0,0.5064935064935064,0.5064935064935064
2,clab-nebula-serf45,60,1.5,155,78,78,0,77,1.0,0.5032258064516129,0.5032258064516129
2,clab-nebula-serf49,5,1.5,4,0,0,0,4,0,0.0,0.0
2,clab-nebula-serf49,10,1.5,14,0,0,0,14,0,0.0,0.0
2,clab-nebula-serf49,15,1.5,30,0,0,0,30,0,0.0,0.0
2,clab-nebula-serf49,20,1.5,67,48,42,6,25,0.875,0.6268656716417911,0.5753424657534246
2,clab-nebula-serf49,25,1.5,84,48,46,2,38,0.9583333333333334,0.5476190476190477,0.5348837209302325
2,clab-nebula-serf49,30,1.5,106,76,69,7,37,0.9078947368421053,0.6509433962264151,0.6106194690265486
2,clab-nebula-serf49,35,1.5,121,76,76,0,45,1.0,0.628099173553719,0.628099173553719
2,clab-nebula-serf49,40,1.5,124,76,76,0,48,1.0,0.6129032258064516,0.6129032258064516
2,clab-nebula-serf49,45,1.5,135,78,78,0,57,1.0,0.5777777777777777,0.5777777777777777
2,clab-nebula-serf49,50,1.5,154,78,78,0,76,1.0,0.5064935064935064,0.5064935064935064
2,clab-nebula-serf49,55,1.5,154,78,78,0,76,1.0,0.5064935064935064,0.5064935064935064
2,clab-nebula-serf49,60,1.5,157,161,157,4,0,0.9751552795031055,1.0,0.9751552795031055
2,clab-nebula-serf83,5,1.5,0,0,0,0,0,0.0,0.0,0.0
2,clab-nebula-serf83,10,1.5,3,0,0,0,3,0,0.0,0.0
2,clab-nebula-serf83,15,1.5,14,0,0,0,14,0,0.0,0.0
2,clab-nebula-serf83,20,1.5,33,0,0,0,33,0,0.0,0.0
2,clab-nebula-serf83,25,1.5,50,23,19,4,31,0.8260869565217391,0.38,0.35185185185185186
2,clab-nebula-serf83,30,1.5,79,29,27,2,52,0.9310344827586207,0.34177215189873417,0.3333333333333333
2,clab-nebula-serf83,35,1.5,109,45,44,1,65,0.9777777777777777,0.4036697247706422,0.4
2,clab-nebula-serf83,40,1.5,119,45,45,0,74,1.0,0.37815126050420167,0.37815126050420167
2,clab-nebula-serf83,45,1.5,128,47,47,0,81,1.0,0.3671875,0.3671875
2,clab-nebula-serf83,50,1.5,140,78,78,0,62,1.0,0.5571428571428572,0.5571428571428572
2,clab-nebula-serf83,55,1.5,154,78,78,0,76,1.0,0.5064935064935064,0.5064935064935064
2,clab-nebula-serf83,60,1.5,156,161,156,5,0,0.968944099378882,1.0,0.968944099378882
2,clab-nebula-serf91,5,1.5,3,0,0,0,3,0,0.0,0.0
2,clab-nebula-serf91,10,1.5,17,0,0,0,17,0,0.0,0.0
2,clab-nebula-serf91,15,1.5,36,0,0,0,36,0,0.0,0.0
2,clab-nebula-serf91,20,1.5,56,23,21,2,35,0.9130434782608695,0.375,0.3620689655172414
2,clab-nebula-serf91,25,1.5,81,23,22,1,59,0.9565217391304348,0.2716049382716049,0.2682926829268293
2,clab-nebula-serf91,30,1.5,112,39,38,1,74,0.9743589743589743,0.3392857142857143,0.336283185840708
2,clab-nebula-serf91,35,1.5,119,45,45,0,74,1.0,0.37815126050420167,0.37815126050420167
2,clab-nebula-serf91,40,1.5,129,47,47,0,82,1.0,0.3643410852713178,0.3643410852713178
2,clab-nebula-serf91,45,1.5,146,78,78,0,68,1.0,0.5342465753424658,0.5342465753424658
2,clab-nebula-serf91,50,1.5,154,78,78,0,76,1.0,0.5064935064935064,0.5064935064935064
2,clab-nebula-serf91,55,1.5,157,161,157,4,0,0.9751552795031055,1.0,0.9751552795031055
2,clab-nebula-serf91,60,1.5,161,161,161,0,0,1.0,1.0,1.0
2,clab-nebula-serf136,5,1.5,0,0,0,0,0,0.0,0.0,0.0
2,clab-nebula-serf136,10,1.5,0,0,0,0,0,0.0,0.0,0.0
2,clab-nebula-serf136,15,1.5,2,0,0,0,2,0,0.0,0.0
2,clab-nebula-serf136,20,1.5,14,0,0,0,14,0,0.0,0.0
2,clab-nebula-serf136,25,1.5,18,11,11,0,7,1.0,0.6111111111111112,0.6111111111111112
2,clab-nebula-serf136,30,1.5,28,11,11,0,17,1.0,0.39285714285714285,0.39285714285714285
2,clab-nebula-serf136,35,1.5,45,11,11,0,34,1.0,0.24444444444444444,0.24444444444444444
2,clab-nebula-serf136,40,1.5,66,26,24,2,42,0.9230769230769231,0.36363636363636365,0.35294117647058826
2,clab-nebula-serf136,45,1.5,95,26,26,0,69,1.0,0.2736842105263158,0.2736842105263158
2,clab-nebula-serf136,50,1.5,124,161,124,37,0,0.7701863354037267,1.0,0.7701863354037267
2,clab-nebula-serf136,55,1.5,137,161,137,24,0,0.8509316770186336,1.0,0.8509316770186336
2,clab-nebula-serf136,60,1.5,149,161,149,12,0,0.9254658385093167,1.0,0.9254658385093167
2,clab-nebula-serf146,5,1.5,0,0,0,0,0,0.0,0.0,0.0
2,clab-nebula-serf146,10,1.5,0,0,0,0,0,0.0,0.0,0.0
2,clab-nebula-serf146,15,1.5,1,0,0,0,1,0,0.0,0.0
2,clab-nebula-serf146,20,1.5,5,0,0,0,5,0,0.0,0.0
2,clab-nebula-serf146,25,1.5,8,0,0,0,8,0,0.0,0.0
2,clab-nebula-serf146,30,1.5,16,15,4,11,12,0.26666666666666666,0.25,0.14814814814814814
2,clab-nebula-serf146,35,1.5,44,15,15,0,29,1.0,0.3409090909090909,0.3409090909090909
2,clab-nebula-serf146,40,1.5,58,15,15,0,43,1.0,0.25862068965517243,0.25862068965517243
2,clab-nebula-serf146,45,1.5,78,26,24,2,54,0.9230769230769231,0.3076923076923077,0.3
2,clab-nebula-serf146,50,1.5,114,32,26,6,88,0.8125,0.22807017543859648,0.21666666666666667
2,clab-nebula-serf146,55,1.5,137,32,28,4,109,0.875,0.20437956204379562,0.19858156028368795
2,clab-nebula-serf146,60,1.5,146,161,146,15,0,0.906832298136646,1.0,0.906832298136646
2,clab-nebula-serf12,5,1.5,0,0,0,0,0,0.0,0.0,0.0
2,clab-nebula-serf12,10,1.5,5,0,0,0,5,0,0.0,0.0
2,clab-nebula-serf12,15,1.5,19,0,0,0,19,0,0.0,0.0
2,clab-nebula-serf12,20,1.5,38,39,23,16,15,0.5897435897435898,0.6052631578947368,0.42592592592592593
2,clab-nebula-serf12,25,1.5,71,39,35,4,36,0.8974358974358975,0.49295774647887325,0.4666666666666667
2,clab-nebula-serf12,30,1.5,88,45,44,1,44,0.9777777777777777,0.5,0.4943820224719101
2,clab-nebula-serf12,35,1.5,102,45,45,0,57,1.0,0.4411764705882353,0.4411764705882353
2,clab-nebula-serf12,40,1.5,119,45,45,0,74,1.0,0.37815126050420167,0.37815126050420167
2,clab-nebula-serf12,45,1.5,121,45,45,0,76,1.0,0.371900826446281,0.371900826446281
2,clab-nebula-serf12,50,1.5,127,76,76,0,51,1.0,0.5984251968503937,0.5984251968503937
2,clab-nebula-serf12,55,1.5,153,78,78,0,75,1.0,0.5098039215686274,0.5098039215686274
2,clab-nebula-serf12,60,1.5,155,161,155,6,0,0.9627329192546584,1.0,0.9627329192546584
2,clab-nebula-serf19,5,1.5,0,0,0,0,0,0.0,0.0,0.0
2,clab-nebula-serf19,10,1.5,5,0,0,0,5,0,0.0,0.0
2,clab-nebula-serf19,15,1.5,23,39,18,21,5,0.46153846153846156,0.782608695652174,0.4090909090909091
2,clab-nebula-serf19,20,1.5,44,39,24,15,20,0.6153846153846154,0.5454545454545454,0.4067796610169492
2,clab-nebula-serf19,25,1.5,73,45,40,5,33,0.8888888888888888,0.547945205479452,0.5128205128205128
2,clab-nebula-serf19,30,1.5,90,45,44,1,46,0.9777777777777777,0.4888888888888889,0.4835164835164835
2,clab-nebula-serf19,35,1.5,105,45,45,0,60,1.0,0.42857142857142855,0.42857142857142855
2,clab-nebula-serf19,40,1.5,120,47,47,0,73,1.0,0.39166666666666666,0.39166666666666666
2,clab-nebula-serf19,45,1.5,123,47,47,0,76,1.0,0.3821138211382114,0.3821138211382114
2,clab-nebula-serf19,50,1.5,142,78,78,0,64,1.0,0.5492957746478874,0.5492957746478874
2,clab-nebula-serf19,55,1.5,153,78,78,0,75,1.0,0.5098039215686274,0.5098039215686274
2,clab-nebula-serf19,60,1.5,157,161,157,4,0,0.9751552795031055,1.0,0.9751552795031055
2,clab-nebula-serf80,5,1.5,0,0,0,0,0,0.0,0.0,0.0
2,clab-nebula-serf80,10,1.5,14,0,0,0,14,0,0.0,0.0
2,clab-nebula-serf80,15,1.5,32,0,0,0,32,0,0.0,0.0
2,clab-nebula-serf80,20,1.5,55,0,0,0,55,0,0.0,0.0
2,clab-nebula-serf80,25,1.5,84,30,26,4,58,0.8666666666666667,0.30952380952380953,0.29545454545454547
2,clab-nebula-serf80,30,1.5,110,30,29,1,81,0.9666666666666667,0.2636363636363636,0.26126126126126126
2,clab-nebula-serf80,35,1.5,120,30,29,1,91,0.9666666666666667,0.24166666666666667,0.2396694214876033
2,clab-nebula-serf80,40,1.5,127,30,30,0,97,1.0,0.23622047244094488,0.23622047244094488
2,clab-nebula-serf80,45,1.5,152,30,30,0,122,1.0,0.19736842105263158,0.19736842105263158
2,clab-nebula-serf80,50,1.5,154,30,30,0,124,1.0,0.19480519480519481,0.19480519480519481
2,clab-nebula-serf80,55,1.5,156,30,30,0,126,1.0,0.19230769230769232,0.19230769230769232
2,clab-nebula-serf80,60,1.5,159,161,159,2,0,0.9875776397515528,1.0,0.9875776397515528
2,clab-nebula-serf111,5,1.5,1,0,0,0,1,0,0.0,0.0
2,clab-nebula-serf111,10,1.5,7,0,0,0,7,0,0.0,0.0
2,clab-nebula-serf111,15,1.5,17,0,0,0,17,0,0.0,0.0
2,clab-nebula-serf111,20,1.5,47,30,26,4,21,0.8666666666666667,0.5531914893617021,0.5098039215686274
2,clab-nebula-serf111,25,1.5,73,30,29,1,44,0.9666666666666667,0.3972602739726027,0.3918918918918919
2,clab-nebula-serf111,30,1.5,111,32,32,0,79,1.0,0.2882882882882883,0.2882882882882883
2,clab-nebula-serf111,35,1.5,145,58,56,2,89,0.9655172413793104,0.38620689655172413,0.38095238095238093
2,clab-nebula-serf111,40,1.5,150,58,56,2,94,0.9655172413793104,0.37333333333333335,0.3684210526315789
2,clab-nebula-serf111,45,1.5,154,58,57,1,97,0.9827586206896551,0.37012987012987014,0.36774193548387096
2,clab-nebula-serf111,50,1.5,158,161,158,3,0,0.9813664596273292,1.0,0.9813664596273292
2,clab-nebula-serf111,55,1.5,161,161,161,0,0,1.0,1.0,1.0
2,clab-nebula-serf111,60,1.5,161,161,161,0,0,1.0,1.0,1.0
2,clab-nebula-serf109,5,1.5,3,0,0,0,3,0,0.0,0.0
2,clab-nebula-serf109,10,1.5,8,0,0,0,8,0,0.0,0.0
2,clab-nebula-serf109,15,1.5,26,30,16,14,10,0.5333333333333333,0.6153846153846154,0.4
2,clab-nebula-serf109,20,1.5,58,30,28,2,30,0.9333333333333333,0.4827586206896552,0.4666666666666667
2,clab-nebula-serf109,25,1.5,87,32,32,0,55,1.0,0.367816091954023,0.367816091954023
2,clab-nebula-serf109,30,1.5,130,58,52,6,78,0.896551724137931,0.4,0.38235294117647056
2,clab-nebula-serf109,35,1.5,145,58,56,2,89,0.9655172413793104,0.38620689655172413,0.38095238095238093
2,clab-nebula-serf109,40,1.5,153,58,56,2,97,0.9655172413793104,0.3660130718954248,0.36129032258064514
2,clab-nebula-serf109,45,1.5,155,58,58,0,97,1.0,0.3741935483870968,0.3741935483870968
2,clab-nebula-serf109,50,1.5,159,161,159,2,0,0.9875776397515528,1.0,0.9875776397515528
2,clab-nebula-serf109,55,1.5,161,161,161,0,0,1.0,1.0,1.0
2,clab-nebula-serf109,60,1.5,161,161,161,0,0,1.0,1.0,1.0
2,clab-nebula-serf147,5,1.5,0,0,0,0,0,0.0,0.0,0.0
2,clab-nebula-serf147,10,1.5,0,0,0,0,0,0.0,0.0,0.0
2,clab-nebula-serf147,15,1.5,2,0,0,0,2,0,0.0,0.0
2,clab-nebula-serf147,20,1.5,12,0,0,0,12,0,0.0,0.0
2,clab-nebula-serf147,25,1.5,14,0,0,0,14,0,0.0,0.0
2,clab-nebula-serf147,30,1.5,27,51,17,34,10,0.3333333333333333,0.6296296296296297,0.2786885245901639
2,clab-nebula-serf147,35,1.5,48,51,25,26,23,0.49019607843137253,0.5208333333333334,0.33783783783783783
2,clab-nebula-serf147,40,1.5,59,57,34,23,25,0.5964912280701754,0.576271186440678,0.4146341463414634
2,clab-nebula-serf147,45,1.5,87,57,49,8,38,0.8596491228070176,0.5632183908045977,0.5157894736842106
2,clab-nebula-serf147,50,1.5,120,58,54,4,66,0.9310344827586207,0.45,0.43548387096774194
2,clab-nebula-serf147,55,1.5,141,58,56,2,85,0.9655172413793104,0.3971631205673759,0.3916083916083916
2,clab-nebula-serf147,60,1.5,152,58,58,0,94,1.0,0.3815789473684211,0.3815789473684211
2,clab-nebula-serf4,5,1.5,1,0,0,0,1,0,0.0,0.0
2,clab-nebula-serf4,10,1.5,2,0,0,0,2,0,0.0,0.0
2,clab-nebula-serf4,15,1.5,9,1,1,0,8,1.0,0.1111111111111111,0.1111111111111111
2,clab-nebula-serf4,20,1.5,16,1,1,0,15,1.0,0.0625,0.0625
2,clab-nebula-serf4,25,1.5,23,39,19,20,4,0.48717948717948717,0.8260869565217391,0.4418604651162791
2,clab-nebula-serf4,30,1.5,47,39,27,12,20,0.6923076923076923,0.574468085106383,0.4576271186440678
2,clab-nebula-serf4,35,1.5,82,45,42,3,40,0.9333333333333333,0.5121951219512195,0.49411764705882355
2,clab-nebula-serf4,40,1.5,92,45,45,0,47,1.0,0.4891304347826087,0.4891304347826087
2,clab-nebula-serf4,45,1.5,109,47,47,0,62,1.0,0.43119266055045874,0.43119266055045874
2,clab-nebula-serf4,50,1.5,120,78,78,0,42,1.0,0.65,0.65
2,clab-nebula-serf4,55,1.5,123,78,78,0,45,1.0,0.6341463414634146,0.6341463414634146
2,clab-nebula-serf4,60,1.5,141,161,141,20,0,0.8757763975155279,1.0,0.8757763975155279
2,clab-nebula-serf100,5,1.5,6,0,0,0,6,0,0.0,0.0
2,clab-nebula-serf100,10,1.5,7,0,0,0,7,0,0.0,0.0
2,clab-nebula-serf100,15,1.5,8,0,0,0,8,0,0.0,0.0
2,clab-nebula-serf100,20,1.5,14,7,7,0,7,1.0,0.5,0.5
2,clab-nebula-serf100,25,1.5,25,7,7,0,18,1.0,0.28,0.28
2,clab-nebula-serf100,30,1.5,59,9,7,2,52,0.7777777777777778,0.11864406779661017,0.11475409836065574
2,clab-nebula-serf100,35,1.5,89,9,9,0,80,1.0,0.10112359550561797,0.10112359550561797
2,clab-nebula-serf100,40,1.5,137,32,28,4,109,0.875,0.20437956204379562,0.19858156028368795
2,clab-nebula-serf100,45,1.5,150,161,150,11,0,0.9316770186335404,1.0,0.9316770186335404
2,clab-nebula-serf100,50,1.5,159,161,159,2,0,0.9875776397515528,1.0,0.9875776397515528
2,clab-nebula-serf100,55,1.5,160,161,160,1,0,0.9937888198757764,1.0,0.9937888198757764
2,clab-nebula-serf100,60,1.5,161,161,161,0,0,1.0,1.0,1.0
2,clab-nebula-serf75,5,1.5,0,0,0,0,0,0.0,0.0,0.0
2,clab-nebula-serf75,10,1.5,7,0,0,0,7,0,0.0,0.0
2,clab-nebula-serf75,15,1.5,26,0,0,0,26,0,0.0,0.0
2,clab-nebula-serf75,20,1.5,41,0,0,0,41,0,0.0,0.0
2,clab-nebula-serf75,25,1.5,76,0,0,0,76,0,0.0,0.0
2,clab-nebula-serf75,30,1.5,100,30,28,2,72,0.9333333333333333,0.28,0.27450980392156865
2,clab-nebula-serf75,35,1.5,115,30,29,1,86,0.9666666666666667,0.25217391304347825,0.25
2,clab-nebula-serf75,40,1.5,122,30,30,0,92,1.0,0.2459016393442623,0.2459016393442623
2,clab-nebula-serf75,45,1.5,135,30,30,0,105,1.0,0.2222222222222222,0.2222222222222222
2,clab-nebula-serf75,50,1.5,154,30,30,0,124,1.0,0.19480519480519481,0.19480519480519481
2,clab-nebula-serf75,55,1.5,155,30,30,0,125,1.0,0.1935483870967742,0.1935483870967742
2,clab-nebula-serf75,60,1.5,158,161,158,3,0,0.9813664596273292,1.0,0.9813664596273292
2,clab-nebula-serf89,5,1.5,3,0,0,0,3,0,0.0,0.0
2,clab-nebula-serf89,10,1.5,3,0,0,0,3,0,0.0,0.0
2,clab-nebula-serf89,15,1.5,8,0,0,0,8,0,0.0,0.0
2,clab-nebula-serf89,20,1.5,18,0,0,0,18,0,0.0,0.0
2,clab-nebula-serf89,25,1.5,41,1,1,0,40,1.0,0.024390243902439025,0.024390243902439025
2,clab-nebula-serf89,30,1.5,71,1,1,0,70,1.0,0.014084507042253521,0.014084507042253521
2,clab-nebula-serf89,35,1.5,97,1,1,0,96,1.0,0.010309278350515464,0.010309278350515464
2,clab-nebula-serf89,40,1.5,119,1,1,0,118,1.0,0.008403361344537815,0.008403361344537815
2,clab-nebula-serf89,45,1.5,127,1,1,0,126,1.0,0.007874015748031496,0.007874015748031496
2,clab-nebula-serf89,50,1.5,137,1,1,0,136,1.0,0.0072992700729927005,0.0072992700729927005
2,clab-nebula-serf89,55,1.5,154,161,154,7,0,0.9565217391304348,1.0,0.9565217391304348
2,clab-nebula-serf89,60,1.5,158,161,158,3,0,0.9813664596273292,1.0,0.9813664596273292
2,clab-nebula-serf101,5,1.5,4,0,0,0,4,0,0.0,0.0
2,clab-nebula-serf101,10,1.5,7,0,0,0,7,0,0.0,0.0
2,clab-nebula-serf101,15,1.5,7,0,0,0,7,0,0.0,0.0
2,clab-nebula-serf101,20,1.5,10,0,0,0,10,0,0.0,0.0
2,clab-nebula-serf101,25,1.5,22,7,7,0,15,1.0,0.3181818181818182,0.3181818181818182
2,clab-nebula-serf101,30,1.5,47,9,7,2,40,0.7777777777777778,0.14893617021276595,0.14285714285714285
2,clab-nebula-serf101,35,1.5,79,9,8,1,71,0.8888888888888888,0.10126582278481013,0.1
2,clab-nebula-serf101,40,1.5,131,32,24,8,107,0.75,0.183206106870229,0.17266187050359713
2,clab-nebula-serf101,45,1.5,148,161,148,13,0,0.9192546583850931,1.0,0.9192546583850931
2,clab-nebula-serf101,50,1.5,157,161,157,4,0,0.9751552795031055,1.0,0.9751552795031055
2,clab-nebula-serf101,55,1.5,160,161,160,1,0,0.9937888198757764,1.0,0.9937888198757764
2,clab-nebula-serf101,60,1.5,161,161,161,0,0,1.0,1.0,1.0
2,clab-nebula-serf105,5,1.5,1,0,0,0,1,0,0.0,0.0
2,clab-nebula-serf105,10,1.5,3,0,0,0,3,0,0.0,0.0
2,clab-nebula-serf105,15,1.5,8,0,0,0,8,0,0.0,0.0
2,clab-nebula-serf105,20,1.5,25,30,15,15,10,0.5,0.6,0.375
2,clab-nebula-serf105,25,1.5,54,30,28,2,26,0.9333333333333333,0.5185185185185185,0.5
2,clab-nebula-serf105,30,1.5,86,33,32,1,54,0.9696969696969697,0.37209302325581395,0.367816091954023
2,clab-nebula-serf105,35,1.5,123,32,32,0,91,1.0,0.2601626016260163,0.2601626016260163
2,clab-nebula-serf105,40,1.5,145,58,56,2,89,0.9655172413793104,0.38620689655172413,0.38095238095238093
2,clab-nebula-serf105,45,1.5,153,58,56,2,97,0.9655172413793104,0.3660130718954248,0.36129032258064514
2,clab-nebula-serf105,50,1.5,155,58,58,0,97,1.0,0.3741935483870968,0.3741935483870968
2,clab-nebula-serf105,55,1.5,160,161,160,1,0,0.9937888198757764,1.0,0.9937888198757764
2,clab-nebula-serf105,60,1.5,161,161,161,0,0,1.0,1.0,1.0
2,clab-nebula-serf65,5,1.5,0,0,0,0,0,0.0,0.0,0.0
2,clab-nebula-serf65,10,1.5,0,0,0,0,0,0.0,0.0,0.0
2,clab-nebula-serf65,15,1.5,0,0,0,0,0,0.0,0.0,0.0
2,clab-nebula-serf65,20,1.5,23,0,0,0,23,0,0.0,0.0
2,clab-nebula-serf65,25,1.5,62,0,0,0,62,0,0.0,0.0
2,clab-nebula-serf65,30,1.5,95,5,1,4,94,0.2,0.010526315789473684,0.010101010101010102
2,clab-nebula-serf65,35,1.5,115,5,4,1,111,0.8,0.034782608695652174,0.034482758620689655
2,clab-nebula-serf65,40,1.5,122,5,5,0,117,1.0,0.040983606557377046,0.040983606557377046
2,clab-nebula-serf65,45,1.5,126,5,5,0,121,1.0,0.03968253968253968,0.03968253968253968
2,clab-nebula-serf65,50,1.5,152,7,7,0,145,1.0,0.046052631578947366,0.046052631578947366
2,clab-nebula-serf65,55,1.5,154,7,7,0,147,1.0,0.045454545454545456,0.045454545454545456
2,clab-nebula-serf65,60,1.5,155,7,7,0,148,1.0,0.04516129032258064,0.04516129032258064
2,clab-nebula-serf68,5,1.5,0,0,0,0,0,0.0,0.0,0.0
2,clab-nebula-serf68,10,1.5,5,0,0,0,5,0,0.0,0.0
2,clab-nebula-serf68,15,1.5,27,0,0,0,27,0,0.0,0.0
2,clab-nebula-serf68,20,1.5,42,0,0,0,42,0,0.0,0.0
2,clab-nebula-serf68,25,1.5,79,0,0,0,79,0,0.0,0.0
2,clab-nebula-serf68,30,1.5,103,30,28,2,75,0.9333333333333333,0.27184466019417475,0.26666666666666666
2,clab-nebula-serf68,35,1.5,116,30,29,1,87,0.9666666666666667,0.25,0.24786324786324787
2,clab-nebula-serf68,40,1.5,122,30,30,0,92,1.0,0.2459016393442623,0.2459016393442623
2,clab-nebula-serf68,45,1.5,135,30,30,0,105,1.0,0.2222222222222222,0.2222222222222222
2,clab-nebula-serf68,50,1.5,154,30,30,0,124,1.0,0.19480519480519481,0.19480519480519481
2,clab-nebula-serf68,55,1.5,154,30,30,0,124,1.0,0.19480519480519481,0.19480519480519481
2,clab-nebula-serf68,60,1.5,158,161,158,3,0,0.9813664596273292,1.0,0.9813664596273292
2,clab-nebula-serf94,5,1.5,2,0,0,0,2,0,0.0,0.0
2,clab-nebula-serf94,10,1.5,17,0,0,0,17,0,0.0,0.0
2,clab-nebula-serf94,15,1.5,36,0,0,0,36,0,0.0,0.0
2,clab-nebula-serf94,20,1.5,57,23,21,2,36,0.9130434782608695,0.3684210526315789,0.3559322033898305
2,clab-nebula-serf94,25,1.5,81,23,22,1,59,0.9565217391304348,0.2716049382716049,0.2682926829268293
2,clab-nebula-serf94,30,1.5,105,39,36,3,69,0.9230769230769231,0.34285714285714286,0.3333333333333333
2,clab-nebula-serf94,35,1.5,119,45,45,0,74,1.0,0.37815126050420167,0.37815126050420167
2,clab-nebula-serf94,40,1.5,129,78,78,0,51,1.0,0.6046511627906976,0.6046511627906976
2,clab-nebula-serf94,45,1.5,145,78,78,0,67,1.0,0.5379310344827586,0.5379310344827586
2,clab-nebula-serf94,50,1.5,154,78,78,0,76,1.0,0.5064935064935064,0.5064935064935064
2,clab-nebula-serf94,55,1.5,157,161,157,4,0,0.9751552795031055,1.0,0.9751552795031055
2,clab-nebula-serf94,60,1.5,161,161,161,0,0,1.0,1.0,1.0
2,clab-nebula-serf103,5,1.5,7,0,0,0,7,0,0.0,0.0
2,clab-nebula-serf103,10,1.5,7,0,0,0,7,0,0.0,0.0
2,clab-nebula-serf103,15,1.5,8,0,0,0,8,0,0.0,0.0
2,clab-nebula-serf103,20,1.5,16,7,7,0,9,1.0,0.4375,0.4375
2,clab-nebula-serf103,25,1.5,27,9,7,2,20,0.7777777777777778,0.25925925925925924,0.2413793103448276
2,clab-nebula-serf103,30,1.5,63,9,7,2,56,0.7777777777777778,0.1111111111111111,0.1076923076923077
2,clab-nebula-serf103,35,1.5,102,161,102,59,0,0.6335403726708074,1.0,0.6335403726708074
2,clab-nebula-serf103,40,1.5,140,32,28,4,112,0.875,0.2,0.19444444444444445
2,clab-nebula-serf103,45,1.5,150,161,150,11,0,0.9316770186335404,1.0,0.9316770186335404
2,clab-nebula-serf103,50,1.5,159,161,159,2,0,0.9875776397515528,1.0,0.9875776397515528
2,clab-nebula-serf103,55,1.5,161,161,161,0,0,1.0,1.0,1.0
2,clab-nebula-serf103,60,1.5,161,161,161,0,0,1.0,1.0,1.0
2,clab-nebula-serf117,5,1.5,0,0,0,0,0,0.0,0.0,0.0
2,clab-nebula-serf117,10,1.5,0,0,0,0,0,0.0,0.0,0.0
2,clab-nebula-serf117,15,1.5,0,0,0,0,0,0.0,0.0,0.0
2,clab-nebula-serf117,20,1.5,0,0,0,0,0,0.0,0.0,0.0
2,clab-nebula-serf117,25,1.5,1,0,0,0,1,0,0.0,0.0
2,clab-nebula-serf117,30,1.5,3,0,0,0,3,0,0.0,0.0
2,clab-nebula-serf117,35,1.5,3,0,0,0,3,0,0.0,0.0
2,clab-nebula-serf117,40,1.5,3,0,0,0,3,0,0.0,0.0
2,clab-nebula-serf117,45,1.5,10,0,0,0,10,0,0.0,0.0
2,clab-nebula-serf117,50,1.5,21,5,4,1,17,0.8,0.19047619047619047,0.18181818181818182
2,clab-nebula-serf117,55,1.5,45,5,5,0,40,1.0,0.1111111111111111,0.1111111111111111
2,clab-nebula-serf117,60,1.5,68,5,5,0,63,1.0,0.07352941176470588,0.07352941176470588
2,clab-nebula-serf127,5,1.5,0,0,0,0,0,0.0,0.0,0.0
2,clab-nebula-serf127,10,1.5,4,0,0,0,4,0,0.0,0.0
2,clab-nebula-serf127,15,1.5,13,0,0,0,13,0,0.0,0.0
2,clab-nebula-serf127,20,1.5,46,7,3,4,43,0.42857142857142855,0.06521739130434782,0.06
2,clab-nebula-serf127,25,1.5,60,57,35,22,25,0.6140350877192983,0.5833333333333334,0.4268292682926829
2,clab-nebula-serf127,30,1.5,92,57,53,4,39,0.9298245614035088,0.5760869565217391,0.5520833333333334
2,clab-nebula-serf127,35,1.5,122,57,56,1,66,0.9824561403508771,0.45901639344262296,0.45528455284552843
2,clab-nebula-serf127,40,1.5,138,58,56,2,82,0.9655172413793104,0.4057971014492754,0.4
2,clab-nebula-serf127,45,1.5,146,58,57,1,89,0.9827586206896551,0.3904109589041096,0.3877551020408163
2,clab-nebula-serf127,50,1.5,156,161,156,5,0,0.968944099378882,1.0,0.968944099378882
2,clab-nebula-serf127,55,1.5,161,161,161,0,0,1.0,1.0,1.0
2,clab-nebula-serf127,60,1.5,161,161,161,0,0,1.0,1.0,1.0
2,clab-nebula-serf129,5,1.5,0,0,0,0,0,0.0,0.0,0.0
2,clab-nebula-serf129,10,1.5,0,0,0,0,0,0.0,0.0,0.0
2,clab-nebula-serf129,15,1.5,2,0,0,0,2,0,0.0,0.0
2,clab-nebula-serf129,20,1.5,7,0,0,0,7,0,0.0,0.0
2,clab-nebula-serf129,25,1.5,17,0,0,0,17,0,0.0,0.0
2,clab-nebula-serf129,30,1.5,42,30,23,7,19,0.7666666666666667,0.5476190476190477,0.46938775510204084
2,clab-nebula-serf129,35,1.5,71,30,29,1,42,0.9666666666666667,0.4084507042253521,0.4027777777777778
2,clab-nebula-serf129,40,1.5,123,58,51,7,72,0.8793103448275862,0.4146341463414634,0.3923076923076923
2,clab-nebula-serf129,45,1.5,142,58,56,2,86,0.9655172413793104,0.39436619718309857,0.3888888888888889
2,clab-nebula-serf129,50,1.5,149,58,56,2,93,0.9655172413793104,0.37583892617449666,0.3708609271523179
2,clab-nebula-serf129,55,1.5,155,161,155,6,0,0.9627329192546584,1.0,0.9627329192546584
2,clab-nebula-serf129,60,1.5,158,161,158,3,0,0.9813664596273292,1.0,0.9813664596273292
2,clab-nebula-serf155,5,1.5,0,0,0,0,0,0.0,0.0,0.0
2,clab-nebula-serf155,10,1.5,0,0,0,0,0,0.0,0.0,0.0
2,clab-nebula-serf155,15,1.5,1,0,0,0,1,0,0.0,0.0
2,clab-nebula-serf155,20,1.5,11,0,0,0,11,0,0.0,0.0
2,clab-nebula-serf155,25,1.5,14,0,0,0,14,0,0.0,0.0
2,clab-nebula-serf155,30,1.5,24,0,0,0,24,0,0.0,0.0
2,clab-nebula-serf155,35,1.5,43,0,0,0,43,0,0.0,0.0
2,clab-nebula-serf155,40,1.5,56,0,0,0,56,0,0.0,0.0
2,clab-nebula-serf155,45,1.5,82,57,49,8,33,0.8596491228070176,0.5975609756097561,0.5444444444444444
2,clab-nebula-serf155,50,1.5,117,58,54,4,63,0.9310344827586207,0.46153846153846156,0.4462809917355372
2,clab-nebula-serf155,55,1.5,137,161,137,24,0,0.8509316770186336,1.0,0.8509316770186336
2,clab-nebula-serf155,60,1.5,150,161,150,11,0,0.9316770186335404,1.0,0.9316770186335404
2,clab-nebula-serf3,5,1.5,0,0,0,0,0,0.0,0.0,0.0
2,clab-nebula-serf3,10,1.5,2,0,0,0,2,0,0.0,0.0
2,clab-nebula-serf3,15,1.5,7,0,0,0,7,0,0.0,0.0
2,clab-nebula-serf3,20,1.5,13,0,0,0,13,0,0.0,0.0
2,clab-nebula-serf3,25,1.5,22,39,17,22,5,0.4358974358974359,0.7727272727272727,0.38636363636363635
2,clab-nebula-serf3,30,1.5,50,45,31,14,19,0.6888888888888889,0.62,0.484375
2,clab-nebula-serf3,35,1.5,83,45,41,4,42,0.9111111111111111,0.4939759036144578,0.47126436781609193
2,clab-nebula-serf3,40,1.5,96,47,47,0,49,1.0,0.4895833333333333,0.4895833333333333
2,clab-nebula-serf3,45,1.5,109,47,47,0,62,1.0,0.43119266055045874,0.43119266055045874
2,clab-nebula-serf3,50,1.5,119,78,78,0,41,1.0,0.6554621848739496,0.6554621848739496
2,clab-nebula-serf3,55,1.5,123,78,78,0,45,1.0,0.6341463414634146,0.6341463414634146
2,clab-nebula-serf3,60,1.5,141,161,141,20,0,0.8757763975155279,1.0,0.8757763975155279
2,clab-nebula-serf14,5,1.5,0,0,0,0,0,0.0,0.0,0.0
2,clab-nebula-serf14,10,1.5,4,0,0,0,4,0,0.0,0.0
2,clab-nebula-serf14,15,1.5,18,0,0,0,18,0,0.0,0.0
2,clab-nebula-serf14,20,1.5,35,39,22,17,13,0.5641025641025641,0.6285714285714286,0.4230769230769231
2,clab-nebula-serf14,25,1.5,70,39,35,4,35,0.8974358974358975,0.5,0.47297297297297297
2,clab-nebula-serf14,30,1.5,88,45,44,1,44,0.9777777777777777,0.5,0.4943820224719101
2,clab-nebula-serf14,35,1.5,102,45,45,0,57,1.0,0.4411764705882353,0.4411764705882353
2,clab-nebula-serf14,40,1.5,119,45,45,0,74,1.0,0.37815126050420167,0.37815126050420167
2,clab-nebula-serf14,45,1.5,121,45,45,0,76,1.0,0.371900826446281,0.371900826446281
2,clab-nebula-serf14,50,1.5,126,76,76,0,50,1.0,0.6031746031746031,0.6031746031746031
2,clab-nebula-serf14,55,1.5,151,78,78,0,73,1.0,0.5165562913907285,0.5165562913907285
2,clab-nebula-serf14,60,1.5,155,78,78,0,77,1.0,0.5032258064516129,0.5032258064516129
2,clab-nebula-serf142,5,1.5,0,0,0,0,0,0.0,0.0,0.0
2,clab-nebula-serf142,10,1.5,0,0,0,0,0,0.0,0.0,0.0
2,clab-nebula-serf142,15,1.5,1,0,0,0,1,0,0.0,0.0
2,clab-nebula-serf142,20,1.5,1,0,0,0,1,0,0.0,0.0
2,clab-nebula-serf142,25,1.5,7,0,0,0,7,0,0.0,0.0
2,clab-nebula-serf142,30,1.5,14,8,0,8,14,0.0,0.0,0.0
2,clab-nebula-serf142,35,1.5,30,8,0,8,30,0.0,0.0,0.0
2,clab-nebula-serf142,40,1.5,54,8,8,0,46,1.0,0.14814814814814814,0.14814814814814814
2,clab-nebula-serf142,45,1.5,59,8,8,0,51,1.0,0.13559322033898305,0.13559322033898305
2,clab-nebula-serf142,50,1.5,95,26,24,2,71,0.9230769230769231,0.25263157894736843,0.24742268041237114
2,clab-nebula-serf142,55,1.5,126,161,126,35,0,0.782608695652174,1.0,0.782608695652174
2,clab-nebula-serf142,60,1.5,140,161,140,21,0,0.8695652173913043,1.0,0.8695652173913043
2,clab-nebula-serf96,5,1.5,4,0,0,0,4,0,0.0,0.0
2,clab-nebula-serf96,10,1.5,7,0,0,0,7,0,0.0,0.0
2,clab-nebula-serf96,15,1.5,7,0,0,0,7,0,0.0,0.0
2,clab-nebula-serf96,20,1.5,9,0,0,0,9,0,0.0,0.0
2,clab-nebula-serf96,25,1.5,20,7,7,0,13,1.0,0.35,0.35
2,clab-nebula-serf96,30,1.5,41,9,7,2,34,0.7777777777777778,0.17073170731707318,0.16279069767441862
2,clab-nebula-serf96,35,1.5,77,9,8,1,69,0.8888888888888888,0.1038961038961039,0.10256410256410256
2,clab-nebula-serf96,40,1.5,121,161,121,40,0,0.7515527950310559,1.0,0.7515527950310559
2,clab-nebula-serf96,45,1.5,147,161,147,14,0,0.9130434782608695,1.0,0.9130434782608695
2,clab-nebula-serf96,50,1.5,153,161,153,8,0,0.9503105590062112,1.0,0.9503105590062112
2,clab-nebula-serf96,55,1.5,160,161,160,1,0,0.9937888198757764,1.0,0.9937888198757764
2,clab-nebula-serf96,60,1.5,161,161,161,0,0,1.0,1.0,1.0
2,clab-nebula-serf116,5,1.5,0,0,0,0,0,0.0,0.0,0.0
2,clab-nebula-serf116,10,1.5,0,0,0,0,0,0.0,0.0,0.0
2,clab-nebula-serf116,15,1.5,0,0,0,0,0,0.0,0.0,0.0
2,clab-nebula-serf116,20,1.5,0,0,0,0,0,0.0,0.0,0.0
2,clab-nebula-serf116,25,1.5,0,0,0,0,0,0.0,0.0,0.0
2,clab-nebula-serf116,30,1.5,0,0,0,0,0,0.0,0.0,0.0
2,clab-nebula-serf116,35,1.5,1,0,0,0,1,0,0.0,0.0
2,clab-nebula-serf116,40,1.5,1,0,0,0,1,0,0.0,0.0
2,clab-nebula-serf116,45,1.5,6,0,0,0,6,0,0.0,0.0
2,clab-nebula-serf116,50,1.5,14,53,10,43,4,0.18867924528301888,0.7142857142857143,0.17543859649122806
2,clab-nebula-serf116,55,1.5,40,161,40,121,0,0.2484472049689441,1.0,0.2484472049689441
2,clab-nebula-serf116,60,1.5,88,161,88,73,0,0.546583850931677,1.0,0.546583850931677
2,clab-nebula-serf56,5,1.5,9,0,0,0,9,0,0.0,0.0
2,clab-nebula-serf56,10,1.5,24,0,0,0,24,0,0.0,0.0
2,clab-nebula-serf56,15,1.5,64,23,19,4,45,0.8260869565217391,0.296875,0.27941176470588236
2,clab-nebula-serf56,20,1.5,83,44,41,3,42,0.9318181818181818,0.4939759036144578,0.47674418604651164
2,clab-nebula-serf56,25,1.5,97,45,45,0,52,1.0,0.4639175257731959,0.4639175257731959
2,clab-nebula-serf56,30,1.5,118,45,45,0,73,1.0,0.3813559322033898,0.3813559322033898
2,clab-nebula-serf56,35,1.5,121,45,45,0,76,1.0,0.371900826446281,0.371900826446281
2,clab-nebula-serf56,40,1.5,125,45,45,0,80,1.0,0.36,0.36
2,clab-nebula-serf56,45,1.5,151,78,78,0,73,1.0,0.5165562913907285,0.5165562913907285
2,clab-nebula-serf56,50,1.5,154,78,78,0,76,1.0,0.5064935064935064,0.5064935064935064
2,clab-nebula-serf56,55,1.5,157,161,157,4,0,0.9751552795031055,1.0,0.9751552795031055
2,clab-nebula-serf56,60,1.5,158,161,158,3,0,0.9813664596273292,1.0,0.9813664596273292
2,clab-nebula-serf59,5,1.5,5,0,0,0,5,0,0.0,0.0
2,clab-nebula-serf59,10,1.5,26,0,0,0,26,0,0.0,0.0
2,clab-nebula-serf59,15,1.5,63,0,0,0,63,0,0.0,0.0
2,clab-nebula-serf59,20,1.5,83,0,0,0,83,0,0.0,0.0
2,clab-nebula-serf59,25,1.5,99,30,28,2,71,0.9333333333333333,0.2828282828282828,0.27722772277227725
2,clab-nebula-serf59,30,1.5,119,30,29,1,90,0.9666666666666667,0.24369747899159663,0.24166666666666667
2,clab-nebula-serf59,35,1.5,124,30,30,0,94,1.0,0.24193548387096775,0.24193548387096775
2,clab-nebula-serf59,40,1.5,128,30,30,0,98,1.0,0.234375,0.234375
2,clab-nebula-serf59,45,1.5,153,30,30,0,123,1.0,0.19607843137254902,0.19607843137254902
2,clab-nebula-serf59,50,1.5,154,30,30,0,124,1.0,0.19480519480519481,0.19480519480519481
2,clab-nebula-serf59,55,1.5,157,161,157,4,0,0.9751552795031055,1.0,0.9751552795031055
2,clab-nebula-serf59,60,1.5,161,161,161,0,0,1.0,1.0,1.0
2,clab-nebula-serf70,5,1.5,3,0,0,0,3,0,0.0,0.0
2,clab-nebula-serf70,10,1.5,19,0,0,0,19,0,0.0,0.0
2,clab-nebula-serf70,15,1.5,36,0,0,0,36,0,0.0,0.0
2,clab-nebula-serf70,20,1.5,66,0,0,0,66,0,0.0,0.0
2,clab-nebula-serf70,25,1.5,87,30,26,4,61,0.8666666666666667,0.2988505747126437,0.2857142857142857
2,clab-nebula-serf70,30,1.5,110,30,29,1,81,0.9666666666666667,0.2636363636363636,0.26126126126126126
2,clab-nebula-serf70,35,1.5,119,30,29,1,90,0.9666666666666667,0.24369747899159663,0.24166666666666667
2,clab-nebula-serf70,40,1.5,124,30,30,0,94,1.0,0.24193548387096775,0.24193548387096775
2,clab-nebula-serf70,45,1.5,147,30,30,0,117,1.0,0.20408163265306123,0.20408163265306123
2,clab-nebula-serf70,50,1.5,154,30,30,0,124,1.0,0.19480519480519481,0.19480519480519481
2,clab-nebula-serf70,55,1.5,158,161,158,3,0,0.9813664596273292,1.0,0.9813664596273292
2,clab-nebula-serf70,60,1.5,161,161,161,0,0,1.0,1.0,1.0
2,clab-nebula-serf81,5,1.5,1,0,0,0,1,0,0.0,0.0
2,clab-nebula-serf81,10,1.5,22,0,0,0,22,0,0.0,0.0
2,clab-nebula-serf81,15,1.5,39,0,0,0,39,0,0.0,0.0
2,clab-nebula-serf81,20,1.5,68,0,0,0,68,0,0.0,0.0
2,clab-nebula-serf81,25,1.5,90,30,28,2,62,0.9333333333333333,0.3111111111111111,0.30434782608695654
2,clab-nebula-serf81,30,1.5,114,30,29,1,85,0.9666666666666667,0.2543859649122807,0.25217391304347825
2,clab-nebula-serf81,35,1.5,121,30,30,0,91,1.0,0.24793388429752067,0.24793388429752067
2,clab-nebula-serf81,40,1.5,130,30,30,0,100,1.0,0.23076923076923078,0.23076923076923078
2,clab-nebula-serf81,45,1.5,153,30,30,0,123,1.0,0.19607843137254902,0.19607843137254902
2,clab-nebula-serf81,50,1.5,154,30,30,0,124,1.0,0.19480519480519481,0.19480519480519481
2,clab-nebula-serf81,55,1.5,157,161,157,4,0,0.9751552795031055,1.0,0.9751552795031055
2,clab-nebula-serf81,60,1.5,161,161,161,0,0,1.0,1.0,1.0
2,clab-nebula-serf95,5,1.5,0,0,0,0,0,0.0,0.0,0.0
2,clab-nebula-serf95,10,1.5,10,0,0,0,10,0,0.0,0.0
2,clab-nebula-serf95,15,1.5,30,0,0,0,30,0,0.0,0.0
2,clab-nebula-serf95,20,1.5,50,23,19,4,31,0.8260869565217391,0.38,0.35185185185185186
2,clab-nebula-serf95,25,1.5,80,23,22,1,58,0.9565217391304348,0.275,0.2716049382716049
2,clab-nebula-serf95,30,1.5,104,39,36,3,68,0.9230769230769231,0.34615384615384615,0.3364485981308411
2,clab-nebula-serf95,35,1.5,119,76,75,1,44,0.9868421052631579,0.6302521008403361,0.625
2,clab-nebula-serf95,40,1.5,124,76,75,1,49,0.9868421052631579,0.6048387096774194,0.6
2,clab-nebula-serf95,45,1.5,142,78,78,0,64,1.0,0.5492957746478874,0.5492957746478874
2,clab-nebula-serf95,50,1.5,154,78,78,0,76,1.0,0.5064935064935064,0.5064935064935064
2,clab-nebula-serf95,55,1.5,154,78,78,0,76,1.0,0.5064935064935064,0.5064935064935064
2,clab-nebula-serf95,60,1.5,159,161,159,2,0,0.9875776397515528,1.0,0.9875776397515528
2,clab-nebula-serf114,5,1.5,1,0,0,0,1,0,0.0,0.0
2,clab-nebula-serf114,10,1.5,1,0,0,0,1,0,0.0,0.0
2,clab-nebula-serf114,15,1.5,2,0,0,0,2,0,0.0,0.0
2,clab-nebula-serf114,20,1.5,17,0,0,0,17,0,0.0,0.0
2,clab-nebula-serf114,25,1.5,25,0,0,0,25,0,0.0,0.0
2,clab-nebula-serf114,30,1.5,53,33,27,6,26,0.8181818181818182,0.5094339622641509,0.4576271186440678
2,clab-nebula-serf114,35,1.5,92,33,31,2,61,0.9393939393939394,0.33695652173913043,0.32978723404255317
2,clab-nebula-serf114,40,1.5,134,58,53,5,81,0.9137931034482759,0.39552238805970147,0.381294964028777
2,clab-nebula-serf114,45,1.5,152,58,57,1,95,0.9827586206896551,0.375,0.37254901960784315
2,clab-nebula-serf114,50,1.5,158,161,158,3,0,0.9813664596273292,1.0,0.9813664596273292
2,clab-nebula-serf114,55,1.5,161,161,161,0,0,1.0,1.0,1.0
2,clab-nebula-serf114,60,1.5,161,161,161,0,0,1.0,1.0,1.0
2,clab-nebula-serf9,5,1.5,1,0,0,0,1,0,0.0,0.0
2,clab-nebula-serf9,10,1.5,8,0,0,0,8,0,0.0,0.0
2,clab-nebula-serf9,15,1.5,17,0,0,0,17,0,0.0,0.0
2,clab-nebula-serf9,20,1.5,36,39,25,14,11,0.6410256410256411,0.6944444444444444,0.5
2,clab-nebula-serf9,25,1.5,71,45,38,7,33,0.8444444444444444,0.5352112676056338,0.48717948717948717
2,clab-nebula-serf9,30,1.5,87,45,43,2,44,0.9555555555555556,0.4942528735632184,0.48314606741573035
2,clab-nebula-serf9,35,1.5,101,45,45,0,56,1.0,0.44554455445544555,0.44554455445544555
2,clab-nebula-serf9,40,1.5,116,45,45,0,71,1.0,0.3879310344827586,0.3879310344827586
2,clab-nebula-serf9,45,1.5,120,45,45,0,75,1.0,0.375,0.375
2,clab-nebula-serf9,50,1.5,125,76,76,0,49,1.0,0.608,0.608
2,clab-nebula-serf9,55,1.5,151,78,78,0,73,1.0,0.5165562913907285,0.5165562913907285
2,clab-nebula-serf9,60,1.5,154,78,78,0,76,1.0,0.5064935064935064,0.5064935064935064
2,clab-nebula-serf17,5,1.5,1,0,0,0,1,0,0.0,0.0
2,clab-nebula-serf17,10,1.5,12,0,0,0,12,0,0.0,0.0
2,clab-nebula-serf17,15,1.5,30,38,22,16,8,0.5789473684210527,0.7333333333333333,0.4782608695652174
2,clab-nebula-serf17,20,1.5,66,39,33,6,33,0.8461538461538461,0.5,0.4583333333333333
2,clab-nebula-serf17,25,1.5,85,45,43,2,42,0.9555555555555556,0.5058823529411764,0.4942528735632184
2,clab-nebula-serf17,30,1.5,96,45,45,0,51,1.0,0.46875,0.46875
2,clab-nebula-serf17,35,1.5,116,45,45,0,71,1.0,0.3879310344827586,0.3879310344827586
2,clab-nebula-serf17,40,1.5,121,45,45,0,76,1.0,0.371900826446281,0.371900826446281
2,clab-nebula-serf17,45,1.5,124,45,45,0,79,1.0,0.3629032258064516,0.3629032258064516
2,clab-nebula-serf17,50,1.5,150,78,78,0,72,1.0,0.52,0.52
2,clab-nebula-serf17,55,1.5,154,78,78,0,76,1.0,0.5064935064935064,0.5064935064935064
2,clab-nebula-serf17,60,1.5,157,161,157,4,0,0.9751552795031055,1.0,0.9751552795031055
2,clab-nebula-serf139,5,1.5,0,0,0,0,0,0.0,0.0,0.0
2,clab-nebula-serf139,10,1.5,0,0,0,0,0,0.0,0.0,0.0
2,clab-nebula-serf139,15,1.5,5,0,0,0,5,0,0.0,0.0
2,clab-nebula-serf139,20,1.5,14,0,0,0,14,0,0.0,0.0
2,clab-nebula-serf139,25,1.5,21,11,11,0,10,1.0,0.5238095238095238,0.5238095238095238
2,clab-nebula-serf139,30,1.5,31,11,11,0,20,1.0,0.3548387096774194,0.3548387096774194
2,clab-nebula-serf139,35,1.5,45,11,11,0,34,1.0,0.24444444444444444,0.24444444444444444
2,clab-nebula-serf139,40,1.5,65,26,24,2,41,0.9230769230769231,0.36923076923076925,0.3582089552238806
2,clab-nebula-serf139,45,1.5,95,26,26,0,69,1.0,0.2736842105263158,0.2736842105263158
2,clab-nebula-serf139,50,1.5,121,32,28,4,93,0.875,0.23140495867768596,0.224
2,clab-nebula-serf139,55,1.5,137,161,137,24,0,0.8509316770186336,1.0,0.8509316770186336
2,clab-nebula-serf139,60,1.5,149,161,149,12,0,0.9254658385093167,1.0,0.9254658385093167
2,clab-nebula-serf52,5,1.5,1,0,0,0,1,0,0.0,0.0
2,clab-nebula-serf52,10,1.5,12,0,0,0,12,0,0.0,0.0
2,clab-nebula-serf52,15,1.5,38,23,12,11,26,0.5217391304347826,0.3157894736842105,0.24489795918367346
2,clab-nebula-serf52,20,1.5,69,23,19,4,50,0.8260869565217391,0.2753623188405797,0.2602739726027397
2,clab-nebula-serf52,25,1.5,88,45,42,3,46,0.9333333333333333,0.4772727272727273,0.46153846153846156
2,clab-nebula-serf52,30,1.5,106,45,45,0,61,1.0,0.42452830188679247,0.42452830188679247
2,clab-nebula-serf52,35,1.5,119,45,45,0,74,1.0,0.37815126050420167,0.37815126050420167
2,clab-nebula-serf52,40,1.5,124,76,76,0,48,1.0,0.6129032258064516,0.6129032258064516
2,clab-nebula-serf52,45,1.5,134,78,78,0,56,1.0,0.582089552238806,0.582089552238806
2,clab-nebula-serf52,50,1.5,154,78,78,0,76,1.0,0.5064935064935064,0.5064935064935064
2,clab-nebula-serf52,55,1.5,154,78,78,0,76,1.0,0.5064935064935064,0.5064935064935064
2,clab-nebula-serf52,60,1.5,157,161,157,4,0,0.9751552795031055,1.0,0.9751552795031055
2,clab-nebula-serf71,5,1.5,0,0,0,0,0,0.0,0.0,0.0
2,clab-nebula-serf71,10,1.5,15,0,0,0,15,0,0.0,0.0
2,clab-nebula-serf71,15,1.5,33,0,0,0,33,0,0.0,0.0
2,clab-nebula-serf71,20,1.5,57,0,0,0,57,0,0.0,0.0
2,clab-nebula-serf71,25,1.5,83,30,26,4,57,0.8666666666666667,0.3132530120481928,0.2988505747126437
2,clab-nebula-serf71,30,1.5,107,30,29,1,78,0.9666666666666667,0.27102803738317754,0.26851851851851855
2,clab-nebula-serf71,35,1.5,119,30,29,1,90,0.9666666666666667,0.24369747899159663,0.24166666666666667
2,clab-nebula-serf71,40,1.5,124,30,30,0,94,1.0,0.24193548387096775,0.24193548387096775
2,clab-nebula-serf71,45,1.5,146,30,30,0,116,1.0,0.2054794520547945,0.2054794520547945
2,clab-nebula-serf71,50,1.5,154,30,30,0,124,1.0,0.19480519480519481,0.19480519480519481
2,clab-nebula-serf71,55,1.5,156,161,156,5,0,0.968944099378882,1.0,0.968944099378882
2,clab-nebula-serf71,60,1.5,161,161,161,0,0,1.0,1.0,1.0
2,clab-nebula-serf26,5,1.5,3,0,0,0,3,0,0.0,0.0
2,clab-nebula-serf26,10,1.5,19,0,0,0,19,0,0.0,0.0
2,clab-nebula-serf26,15,1.5,31,0,0,0,31,0,0.0,0.0
2,clab-nebula-serf26,20,1.5,58,48,42,6,16,0.875,0.7241379310344828,0.65625
2,clab-nebula-serf26,25,1.5,87,48,46,2,41,0.9583333333333334,0.5287356321839081,0.5168539325842697
2,clab-nebula-serf26,30,1.5,94,76,67,9,27,0.881578947368421,0.7127659574468085,0.6504854368932039
2,clab-nebula-serf26,35,1.5,108,76,69,7,39,0.9078947368421053,0.6388888888888888,0.6
2,clab-nebula-serf26,40,1.5,121,76,76,0,45,1.0,0.628099173553719,0.628099173553719
2,clab-nebula-serf26,45,1.5,124,76,76,0,48,1.0,0.6129032258064516,0.6129032258064516
2,clab-nebula-serf26,50,1.5,137,78,78,0,59,1.0,0.5693430656934306,0.5693430656934306
2,clab-nebula-serf26,55,1.5,154,78,78,0,76,1.0,0.5064935064935064,0.5064935064935064
2,clab-nebula-serf26,60,1.5,155,161,155,6,0,0.9627329192546584,1.0,0.9627329192546584
2,clab-nebula-serf34,5,1.5,1,0,0,0,1,0,0.0,0.0
2,clab-nebula-serf34,10,1.5,9,0,0,0,9,0,0.0,0.0
2,clab-nebula-serf34,15,1.5,27,0,0,0,27,0,0.0,0.0
2,clab-nebula-serf34,20,1.5,67,29,26,3,41,0.896551724137931,0.3880597014925373,0.37142857142857144
2,clab-nebula-serf34,25,1.5,85,29,28,1,57,0.9655172413793104,0.32941176470588235,0.32558139534883723
2,clab-nebula-serf34,30,1.5,95,76,66,10,29,0.868421052631579,0.6947368421052632,0.6285714285714286
2,clab-nebula-serf34,35,1.5,112,76,70,6,42,0.9210526315789473,0.625,0.5932203389830508
2,clab-nebula-serf34,40,1.5,121,76,76,0,45,1.0,0.628099173553719,0.628099173553719
2,clab-nebula-serf34,45,1.5,124,76,76,0,48,1.0,0.6129032258064516,0.6129032258064516
2,clab-nebula-serf34,50,1.5,149,78,78,0,71,1.0,0.5234899328859061,0.5234899328859061
2,clab-nebula-serf34,55,1.5,154,78,78,0,76,1.0,0.5064935064935064,0.5064935064935064
2,clab-nebula-serf34,60,1.5,156,78,78,0,78,1.0,0.5,0.5
2,clab-nebula-serf126,5,1.5,0,0,0,0,0,0.0,0.0,0.0
2,clab-nebula-serf126,10,1.5,3,0,0,0,3,0,0.0,0.0
2,clab-nebula-serf126,15,1.5,15,0,0,0,15,0,0.0,0.0
2,clab-nebula-serf126,20,1.5,47,7,3,4,44,0.42857142857142855,0.06382978723404255,0.058823529411764705
2,clab-nebula-serf126,25,1.5,59,7,4,3,55,0.5714285714285714,0.06779661016949153,0.06451612903225806
2,clab-nebula-serf126,30,1.5,92,57,53,4,39,0.9298245614035088,0.5760869565217391,0.5520833333333334
2,clab-nebula-serf126,35,1.5,121,57,56,1,65,0.9824561403508771,0.4628099173553719,0.45901639344262296
2,clab-nebula-serf126,40,1.5,138,58,56,2,82,0.9655172413793104,0.4057971014492754,0.4
2,clab-nebula-serf126,45,1.5,146,58,57,1,89,0.9827586206896551,0.3904109589041096,0.3877551020408163
2,clab-nebula-serf126,50,1.5,156,161,156,5,0,0.968944099378882,1.0,0.968944099378882
2,clab-nebula-serf126,55,1.5,161,161,161,0,0,1.0,1.0,1.0
2,clab-nebula-serf126,60,1.5,161,161,161,0,0,1.0,1.0,1.0
2,clab-nebula-serf36,5,1.5,0,0,0,0,0,0.0,0.0,0.0
2,clab-nebula-serf36,10,1.5,2,0,0,0,2,0,0.0,0.0
2,clab-nebula-serf36,15,1.5,17,23,9,14,8,0.391304347826087,0.5294117647058824,0.2903225806451613
2,clab-nebula-serf36,20,1.5,53,23,19,4,34,0.8260869565217391,0.3584905660377358,0.3333333333333333
2,clab-nebula-serf36,25,1.5,79,29,28,1,51,0.9655172413793104,0.35443037974683544,0.35
2,clab-nebula-serf36,30,1.5,92,29,29,0,63,1.0,0.31521739130434784,0.31521739130434784
2,clab-nebula-serf36,35,1.5,108,76,68,8,40,0.8947368421052632,0.6296296296296297,0.5862068965517241
2,clab-nebula-serf36,40,1.5,121,76,76,0,45,1.0,0.628099173553719,0.628099173553719
2,clab-nebula-serf36,45,1.5,124,76,76,0,48,1.0,0.6129032258064516,0.6129032258064516
2,clab-nebula-serf36,50,1.5,137,78,78,0,59,1.0,0.5693430656934306,0.5693430656934306
2,clab-nebula-serf36,55,1.5,154,78,78,0,76,1.0,0.5064935064935064,0.5064935064935064
2,clab-nebula-serf36,60,1.5,154,78,78,0,76,1.0,0.5064935064935064,0.5064935064935064
2,clab-nebula-serf82,5,1.5,0,0,0,0,0,0.0,0.0,0.0
2,clab-nebula-serf82,10,1.5,0,0,0,0,0,0.0,0.0,0.0
2,clab-nebula-serf82,15,1.5,0,0,0,0,0,0.0,0.0,0.0
2,clab-nebula-serf82,20,1.5,0,0,0,0,0,0.0,0.0,0.0
2,clab-nebula-serf82,25,1.5,0,0,0,0,0,0.0,0.0,0.0
2,clab-nebula-serf82,30,1.5,0,0,0,0,0,0.0,0.0,0.0
2,clab-nebula-serf82,35,1.5,16,0,0,0,16,0,0.0,0.0
2,clab-nebula-serf82,40,1.5,61,0,0,0,61,0,0.0,0.0
2,clab-nebula-serf82,45,1.5,94,0,0,0,94,0,0.0,0.0
2,clab-nebula-serf82,50,1.5,111,0,0,0,111,0,0.0,0.0
2,clab-nebula-serf82,55,1.5,121,5,5,0,116,1.0,0.04132231404958678,0.04132231404958678
2,clab-nebula-serf82,60,1.5,148,7,7,0,141,1.0,0.0472972972972973,0.0472972972972973
2,clab-nebula-serf85,5,1.5,0,0,0,0,0,0.0,0.0,0.0
2,clab-nebula-serf85,10,1.5,4,0,0,0,4,0,0.0,0.0
2,clab-nebula-serf85,15,1.5,19,0,0,0,19,0,0.0,0.0
2,clab-nebula-serf85,20,1.5,35,0,0,0,35,0,0.0,0.0
2,clab-nebula-serf85,25,1.5,57,29,24,5,33,0.8275862068965517,0.42105263157894735,0.3870967741935484
2,clab-nebula-serf85,30,1.5,82,23,22,1,60,0.9565217391304348,0.2682926829268293,0.26506024096385544
2,clab-nebula-serf85,35,1.5,111,45,44,1,67,0.9777777777777777,0.3963963963963964,0.39285714285714285
2,clab-nebula-serf85,40,1.5,119,45,45,0,74,1.0,0.37815126050420167,0.37815126050420167
2,clab-nebula-serf85,45,1.5,134,47,47,0,87,1.0,0.35074626865671643,0.35074626865671643
2,clab-nebula-serf85,50,1.5,149,78,78,0,71,1.0,0.5234899328859061,0.5234899328859061
2,clab-nebula-serf85,55,1.5,154,78,78,0,76,1.0,0.5064935064935064,0.5064935064935064
2,clab-nebula-serf85,60,1.5,157,161,157,4,0,0.9751552795031055,1.0,0.9751552795031055
2,clab-nebula-serf97,5,1.5,5,0,0,0,5,0,0.0,0.0
2,clab-nebula-serf97,10,1.5,7,0,0,0,7,0,0.0,0.0
2,clab-nebula-serf97,15,1.5,7,0,0,0,7,0,0.0,0.0
2,clab-nebula-serf97,20,1.5,9,7,7,0,2,1.0,0.7777777777777778,0.7777777777777778
2,clab-nebula-serf97,25,1.5,17,7,7,0,10,1.0,0.4117647058823529,0.4117647058823529
2,clab-nebula-serf97,30,1.5,41,9,7,2,34,0.7777777777777778,0.17073170731707318,0.16279069767441862
2,clab-nebula-serf97,35,1.5,80,9,8,1,72,0.8888888888888888,0.1,0.09876543209876543
2,clab-nebula-serf97,40,1.5,126,161,126,35,0,0.782608695652174,1.0,0.782608695652174
2,clab-nebula-serf97,45,1.5,149,161,149,12,0,0.9254658385093167,1.0,0.9254658385093167
2,clab-nebula-serf97,50,1.5,159,161,159,2,0,0.9875776397515528,1.0,0.9875776397515528
2,clab-nebula-serf97,55,1.5,161,161,161,0,0,1.0,1.0,1.0
2,clab-nebula-serf97,60,1.5,161,161,161,0,0,1.0,1.0,1.0
2,clab-nebula-serf99,5,1.5,6,0,0,0,6,0,0.0,0.0
2,clab-nebula-serf99,10,1.5,7,0,0,0,7,0,0.0,0.0
2,clab-nebula-serf99,15,1.5,7,0,0,0,7,0,0.0,0.0
2,clab-nebula-serf99,20,1.5,11,0,0,0,11,0,0.0,0.0
2,clab-nebula-serf99,25,1.5,24,7,7,0,17,1.0,0.2916666666666667,0.2916666666666667
2,clab-nebula-serf99,30,1.5,52,9,7,2,45,0.7777777777777778,0.1346153846153846,0.12962962962962962
2,clab-nebula-serf99,35,1.5,82,9,9,0,73,1.0,0.10975609756097561,0.10975609756097561
2,clab-nebula-serf99,40,1.5,137,161,137,24,0,0.8509316770186336,1.0,0.8509316770186336
2,clab-nebula-serf99,45,1.5,148,161,148,13,0,0.9192546583850931,1.0,0.9192546583850931
2,clab-nebula-serf99,50,1.5,159,161,159,2,0,0.9875776397515528,1.0,0.9875776397515528
2,clab-nebula-serf99,55,1.5,160,161,160,1,0,0.9937888198757764,1.0,0.9937888198757764
2,clab-nebula-serf99,60,1.5,161,161,161,0,0,1.0,1.0,1.0
2,clab-nebula-serf124,5,1.5,0,0,0,0,0,0.0,0.0,0.0
2,clab-nebula-serf124,10,1.5,3,0,0,0,3,0,0.0,0.0
2,clab-nebula-serf124,15,1.5,8,0,0,0,8,0,0.0,0.0
2,clab-nebula-serf124,20,1.5,15,0,0,0,15,0,0.0,0.0
2,clab-nebula-serf124,25,1.5,29,0,0,0,29,0,0.0,0.0
2,clab-nebula-serf124,30,1.5,81,57,47,10,34,0.8245614035087719,0.5802469135802469,0.5164835164835165
2,clab-nebula-serf124,35,1.5,114,57,54,3,60,0.9473684210526315,0.47368421052631576,0.46153846153846156
2,clab-nebula-serf124,40,1.5,133,57,55,2,78,0.9649122807017544,0.41353383458646614,0.4074074074074074
2,clab-nebula-serf124,45,1.5,145,58,57,1,88,0.9827586206896551,0.3931034482758621,0.3904109589041096
2,clab-nebula-serf124,50,1.5,156,161,156,5,0,0.968944099378882,1.0,0.968944099378882
2,clab-nebula-serf124,55,1.5,161,161,161,0,0,1.0,1.0,1.0
2,clab-nebula-serf124,60,1.5,161,161,161,0,0,1.0,1.0,1.0
2,clab-nebula-serf157,5,1.5,4,0,0,0,4,0,0.0,0.0
2,clab-nebula-serf157,10,1.5,4,0,0,0,4,0,0.0,0.0
2,clab-nebula-serf157,15,1.5,5,0,0,0,5,0,0.0,0.0
2,clab-nebula-serf157,20,1.5,9,0,0,0,9,0,0.0,0.0
2,clab-nebula-serf157,25,1.5,16,0,0,0,16,0,0.0,0.0
2,clab-nebula-serf157,30,1.5,35,0,0,0,35,0,0.0,0.0
2,clab-nebula-serf157,35,1.5,40,0,0,0,40,0,0.0,0.0
2,clab-nebula-serf157,40,1.5,54,0,0,0,54,0,0.0,0.0
2,clab-nebula-serf157,45,1.5,70,57,43,14,27,0.7543859649122807,0.6142857142857143,0.5119047619047619
2,clab-nebula-serf157,50,1.5,109,58,53,5,56,0.9137931034482759,0.48623853211009177,0.4649122807017544
2,clab-nebula-serf157,55,1.5,136,58,56,2,80,0.9655172413793104,0.4117647058823529,0.4057971014492754
2,clab-nebula-serf157,60,1.5,148,161,148,13,0,0.9192546583850931,1.0,0.9192546583850931
2,clab-nebula-serf159,5,1.5,4,0,0,0,4,0,0.0,0.0
2,clab-nebula-serf159,10,1.5,4,0,0,0,4,0,0.0,0.0
2,clab-nebula-serf159,15,1.5,5,0,0,0,5,0,0.0,0.0
2,clab-nebula-serf159,20,1.5,9,0,0,0,9,0,0.0,0.0
2,clab-nebula-serf159,25,1.5,16,0,0,0,16,0,0.0,0.0
2,clab-nebula-serf159,30,1.5,35,0,0,0,35,0,0.0,0.0
2,clab-nebula-serf159,35,1.5,40,0,0,0,40,0,0.0,0.0
2,clab-nebula-serf159,40,1.5,54,0,0,0,54,0,0.0,0.0
2,clab-nebula-serf159,45,1.5,70,57,43,14,27,0.7543859649122807,0.6142857142857143,0.5119047619047619
2,clab-nebula-serf159,50,1.5,108,58,53,5,55,0.9137931034482759,0.49074074074074076,0.4690265486725664
2,clab-nebula-serf159,55,1.5,136,58,56,2,80,0.9655172413793104,0.4117647058823529,0.4057971014492754
2,clab-nebula-serf159,60,1.5,148,161,148,13,0,0.9192546583850931,1.0,0.9192546583850931
2,clab-nebula-serf1,5,1.5,0,0,0,0,0,0.0,0.0,0.0
2,clab-nebula-serf1,10,1.5,6,0,0,0,6,0,0.0,0.0
2,clab-nebula-serf1,15,1.5,12,0,0,0,12,0,0.0,0.0
2,clab-nebula-serf1,20,1.5,19,0,0,0,19,0,0.0,0.0
2,clab-nebula-serf1,25,1.5,37,0,0,0,37,0,0.0,0.0
2,clab-nebula-serf1,30,1.5,74,47,40,7,34,0.851063829787234,0.5405405405405406,0.49382716049382713
2,clab-nebula-serf1,35,1.5,91,47,46,1,45,0.9787234042553191,0.5054945054945055,0.5
2,clab-nebula-serf1,40,1.5,107,47,47,0,60,1.0,0.4392523364485981,0.4392523364485981
2,clab-nebula-serf1,45,1.5,117,78,78,0,39,1.0,0.6666666666666666,0.6666666666666666
2,clab-nebula-serf1,50,1.5,121,78,78,0,43,1.0,0.6446280991735537,0.6446280991735537
2,clab-nebula-serf1,55,1.5,133,161,133,28,0,0.8260869565217391,1.0,0.8260869565217391
2,clab-nebula-serf1,60,1.5,153,161,153,8,0,0.9503105590062112,1.0,0.9503105590062112
2,clab-nebula-serf33,5,1.5,3,0,0,0,3,0,0.0,0.0
2,clab-nebula-serf33,10,1.5,20,0,0,0,20,0,0.0,0.0
2,clab-nebula-serf33,15,1.5,53,0,0,0,53,0,0.0,0.0
2,clab-nebula-serf33,20,1.5,78,29,27,2,51,0.9310344827586207,0.34615384615384615,0.3375
2,clab-nebula-serf33,25,1.5,90,29,29,0,61,1.0,0.32222222222222224,0.32222222222222224
2,clab-nebula-serf33,30,1.5,105,76,68,8,37,0.8947368421052632,0.6476190476190476,0.6017699115044248
2,clab-nebula-serf33,35,1.5,119,76,75,1,44,0.9868421052631579,0.6302521008403361,0.625
2,clab-nebula-serf33,40,1.5,124,76,76,0,48,1.0,0.6129032258064516,0.6129032258064516
2,clab-nebula-serf33,45,1.5,128,76,76,0,52,1.0,0.59375,0.59375
2,clab-nebula-serf33,50,1.5,154,78,78,0,76,1.0,0.5064935064935064,0.5064935064935064
2,clab-nebula-serf33,55,1.5,154,78,78,0,76,1.0,0.5064935064935064,0.5064935064935064
2,clab-nebula-serf33,60,1.5,157,161,157,4,0,0.9751552795031055,1.0,0.9751552795031055
2,clab-nebula-serf123,5,1.5,0,0,0,0,0,0.0,0.0,0.0
2,clab-nebula-serf123,10,1.5,2,0,0,0,2,0,0.0,0.0
2,clab-nebula-serf123,15,1.5,11,0,0,0,11,0,0.0,0.0
2,clab-nebula-serf123,20,1.5,16,0,0,0,16,0,0.0,0.0
2,clab-nebula-serf123,25,1.5,42,32,26,6,16,0.8125,0.6190476190476191,0.5416666666666666
2,clab-nebula-serf123,30,1.5,89,33,31,2,58,0.9393939393939394,0.34831460674157305,0.34065934065934067
2,clab-nebula-serf123,35,1.5,128,58,55,3,73,0.9482758620689655,0.4296875,0.4198473282442748
2,clab-nebula-serf123,40,1.5,143,58,55,3,88,0.9482758620689655,0.38461538461538464,0.3767123287671233
2,clab-nebula-serf123,45,1.5,152,58,58,0,94,1.0,0.3815789473684211,0.3815789473684211
2,clab-nebula-serf123,50,1.5,158,161,158,3,0,0.9813664596273292,1.0,0.9813664596273292
2,clab-nebula-serf123,55,1.5,161,161,161,0,0,1.0,1.0,1.0
2,clab-nebula-serf123,60,1.5,161,161,161,0,0,1.0,1.0,1.0
2,clab-nebula-serf135,5,1.5,0,0,0,0,0,0.0,0.0,0.0
2,clab-nebula-serf135,10,1.5,0,0,0,0,0,0.0,0.0,0.0
2,clab-nebula-serf135,15,1.5,1,0,0,0,1,0,0.0,0.0
2,clab-nebula-serf135,20,1.5,14,0,0,0,14,0,0.0,0.0
2,clab-nebula-serf135,25,1.5,15,0,0,0,15,0,0.0,0.0
2,clab-nebula-serf135,30,1.5,25,11,11,0,14,1.0,0.44,0.44
2,clab-nebula-serf135,35,1.5,42,11,11,0,31,1.0,0.2619047619047619,0.2619047619047619
2,clab-nebula-serf135,40,1.5,54,15,15,0,39,1.0,0.2777777777777778,0.2777777777777778
2,clab-nebula-serf135,45,1.5,91,26,26,0,65,1.0,0.2857142857142857,0.2857142857142857
2,clab-nebula-serf135,50,1.5,112,26,26,0,86,1.0,0.23214285714285715,0.23214285714285715
2,clab-nebula-serf135,55,1.5,137,161,137,24,0,0.8509316770186336,1.0,0.8509316770186336
2,clab-nebula-serf135,60,1.5,146,161,146,15,0,0.906832298136646,1.0,0.906832298136646
2,clab-nebula-serf13,5,1.5,0,0,0,0,0,0.0,0.0,0.0
2,clab-nebula-serf13,10,1.5,7,0,0,0,7,0,0.0,0.0
2,clab-nebula-serf13,15,1.5,24,0,0,0,24,0,0.0,0.0
2,clab-nebula-serf13,20,1.5,50,39,27,12,23,0.6923076923076923,0.54,0.43548387096774194
2,clab-nebula-serf13,25,1.5,76,39,36,3,40,0.9230769230769231,0.47368421052631576,0.45569620253164556
2,clab-nebula-serf13,30,1.5,92,45,45,0,47,1.0,0.4891304347826087,0.4891304347826087
2,clab-nebula-serf13,35,1.5,110,45,45,0,65,1.0,0.4090909090909091,0.4090909090909091
2,clab-nebula-serf13,40,1.5,120,45,45,0,75,1.0,0.375,0.375
2,clab-nebula-serf13,45,1.5,124,45,45,0,79,1.0,0.3629032258064516,0.3629032258064516
2,clab-nebula-serf13,50,1.5,144,78,78,0,66,1.0,0.5416666666666666,0.5416666666666666
2,clab-nebula-serf13,55,1.5,154,78,78,0,76,1.0,0.5064935064935064,0.5064935064935064
2,clab-nebula-serf13,60,1.5,157,161,157,4,0,0.9751552795031055,1.0,0.9751552795031055
2,clab-nebula-serf47,5,1.5,4,0,0,0,4,0,0.0,0.0
2,clab-nebula-serf47,10,1.5,12,0,0,0,12,0,0.0,0.0
2,clab-nebula-serf47,15,1.5,25,0,0,0,25,0,0.0,0.0
2,clab-nebula-serf47,20,1.5,51,49,36,13,15,0.7346938775510204,0.7058823529411765,0.5625
2,clab-nebula-serf47,25,1.5,82,49,46,3,36,0.9387755102040817,0.5609756097560976,0.5411764705882353
2,clab-nebula-serf47,30,1.5,100,76,67,9,33,0.881578947368421,0.67,0.6146788990825688
2,clab-nebula-serf47,35,1.5,120,76,76,0,44,1.0,0.6333333333333333,0.6333333333333333
2,clab-nebula-serf47,40,1.5,124,76,76,0,48,1.0,0.6129032258064516,0.6129032258064516
2,clab-nebula-serf47,45,1.5,126,76,76,0,50,1.0,0.6031746031746031,0.6031746031746031
2,clab-nebula-serf47,50,1.5,154,78,78,0,76,1.0,0.5064935064935064,0.5064935064935064
2,clab-nebula-serf47,55,1.5,154,78,78,0,76,1.0,0.5064935064935064,0.5064935064935064
2,clab-nebula-serf47,60,1.5,156,78,78,0,78,1.0,0.5,0.5
2,clab-nebula-serf84,5,1.5,0,0,0,0,0,0.0,0.0,0.0
2,clab-nebula-serf84,10,1.5,0,0,0,0,0,0.0,0.0,0.0
2,clab-nebula-serf84,15,1.5,4,0,0,0,4,0,0.0,0.0
2,clab-nebula-serf84,20,1.5,18,0,0,0,18,0,0.0,0.0
2,clab-nebula-serf84,25,1.5,35,0,0,0,35,0,0.0,0.0
2,clab-nebula-serf84,30,1.5,57,23,21,2,36,0.9130434782608695,0.3684210526315789,0.3559322033898305
2,clab-nebula-serf84,35,1.5,81,23,22,1,59,0.9565217391304348,0.2716049382716049,0.2682926829268293
2,clab-nebula-serf84,40,1.5,110,45,44,1,66,0.9777777777777777,0.4,0.3963963963963964
2,clab-nebula-serf84,45,1.5,119,45,45,0,74,1.0,0.37815126050420167,0.37815126050420167
2,clab-nebula-serf84,50,1.5,128,45,45,0,83,1.0,0.3515625,0.3515625
2,clab-nebula-serf84,55,1.5,142,78,78,0,64,1.0,0.5492957746478874,0.5492957746478874
2,clab-nebula-serf84,60,1.5,154,78,78,0,76,1.0,0.5064935064935064,0.5064935064935064
2,clab-nebula-serf92,5,1.5,0,0,0,0,0,0.0,0.0,0.0
2,clab-nebula-serf92,10,1.5,9,0,0,0,9,0,0.0,0.0
2,clab-nebula-serf92,15,1.5,30,0,0,0,30,0,0.0,0.0
2,clab-nebula-serf92,20,1.5,47,0,0,0,47,0,0.0,0.0
2,clab-nebula-serf92,25,1.5,77,23,22,1,55,0.9565217391304348,0.2857142857142857,0.28205128205128205
2,clab-nebula-serf92,30,1.5,103,39,36,3,67,0.9230769230769231,0.34951456310679613,0.33962264150943394
2,clab-nebula-serf92,35,1.5,118,45,45,0,73,1.0,0.3813559322033898,0.3813559322033898
2,clab-nebula-serf92,40,1.5,123,45,45,0,78,1.0,0.36585365853658536,0.36585365853658536
2,clab-nebula-serf92,45,1.5,137,47,47,0,90,1.0,0.34306569343065696,0.34306569343065696
2,clab-nebula-serf92,50,1.5,154,78,78,0,76,1.0,0.5064935064935064,0.5064935064935064
2,clab-nebula-serf92,55,1.5,154,78,78,0,76,1.0,0.5064935064935064,0.5064935064935064
2,clab-nebula-serf92,60,1.5,158,161,158,3,0,0.9813664596273292,1.0,0.9813664596273292
2,clab-nebula-serf106,5,1.5,0,0,0,0,0,0.0,0.0,0.0
2,clab-nebula-serf106,10,1.5,2,0,0,0,2,0,0.0,0.0
2,clab-nebula-serf106,15,1.5,4,0,0,0,4,0,0.0,0.0
2,clab-nebula-serf106,20,1.5,8,0,0,0,8,0,0.0,0.0
2,clab-nebula-serf106,25,1.5,27,0,0,0,27,0,0.0,0.0
2,clab-nebula-serf106,30,1.5,55,30,28,2,27,0.9333333333333333,0.509090909090909,0.49122807017543857
2,clab-nebula-serf106,35,1.5,86,32,32,0,54,1.0,0.37209302325581395,0.37209302325581395
2,clab-nebula-serf106,40,1.5,130,58,52,6,78,0.896551724137931,0.4,0.38235294117647056
2,clab-nebula-serf106,45,1.5,145,58,56,2,89,0.9655172413793104,0.38620689655172413,0.38095238095238093
2,clab-nebula-serf106,50,1.5,153,58,56,2,97,0.9655172413793104,0.3660130718954248,0.36129032258064514
2,clab-nebula-serf106,55,1.5,155,58,58,0,97,1.0,0.3741935483870968,0.3741935483870968
2,clab-nebula-serf106,60,1.5,161,161,161,0,0,1.0,1.0,1.0
2,clab-nebula-serf108,5,1.5,0,0,0,0,0,0.0,0.0,0.0
2,clab-nebula-serf108,10,1.5,2,0,0,0,2,0,0.0,0.0
2,clab-nebula-serf108,15,1.5,7,0,0,0,7,0,0.0,0.0
2,clab-nebula-serf108,20,1.5,16,0,0,0,16,0,0.0,0.0
2,clab-nebula-serf108,25,1.5,46,0,0,0,46,0,0.0,0.0
2,clab-nebula-serf108,30,1.5,73,30,29,1,44,0.9666666666666667,0.3972602739726027,0.3918918918918919
2,clab-nebula-serf108,35,1.5,122,32,32,0,90,1.0,0.26229508196721313,0.26229508196721313
2,clab-nebula-serf108,40,1.5,144,58,56,2,88,0.9655172413793104,0.3888888888888889,0.3835616438356164
2,clab-nebula-serf108,45,1.5,149,58,56,2,93,0.9655172413793104,0.37583892617449666,0.3708609271523179
2,clab-nebula-serf108,50,1.5,155,161,155,6,0,0.9627329192546584,1.0,0.9627329192546584
2,clab-nebula-serf108,55,1.5,158,161,158,3,0,0.9813664596273292,1.0,0.9813664596273292
2,clab-nebula-serf108,60,1.5,161,161,161,0,0,1.0,1.0,1.0
2,clab-nebula-serf119,5,1.5,2,0,0,0,2,0,0.0,0.0
2,clab-nebula-serf119,10,1.5,2,0,0,0,2,0,0.0,0.0
2,clab-nebula-serf119,15,1.5,2,0,0,0,2,0,0.0,0.0
2,clab-nebula-serf119,20,1.5,2,0,0,0,2,0,0.0,0.0
2,clab-nebula-serf119,25,1.5,3,2,2,0,1,1.0,0.6666666666666666,0.6666666666666666
2,clab-nebula-serf119,30,1.5,3,2,2,0,1,1.0,0.6666666666666666,0.6666666666666666
2,clab-nebula-serf119,35,1.5,3,2,2,0,1,1.0,0.6666666666666666,0.6666666666666666
2,clab-nebula-serf119,40,1.5,4,2,2,0,2,1.0,0.5,0.5
2,clab-nebula-serf119,45,1.5,5,2,2,0,3,1.0,0.4,0.4
2,clab-nebula-serf119,50,1.5,17,5,3,2,14,0.6,0.17647058823529413,0.15789473684210525
2,clab-nebula-serf119,55,1.5,27,32,11,21,16,0.34375,0.4074074074074074,0.22916666666666666
2,clab-nebula-serf119,60,1.5,53,32,15,17,38,0.46875,0.2830188679245283,0.21428571428571427
2,clab-nebula-serf125,5,1.5,0,0,0,0,0,0.0,0.0,0.0
2,clab-nebula-serf125,10,1.5,3,0,0,0,3,0,0.0,0.0
2,clab-nebula-serf125,15,1.5,12,0,0,0,12,0,0.0,0.0
2,clab-nebula-serf125,20,1.5,45,0,0,0,45,0,0.0,0.0
2,clab-nebula-serf125,25,1.5,58,0,0,0,58,0,0.0,0.0
2,clab-nebula-serf125,30,1.5,84,57,50,7,34,0.8771929824561403,0.5952380952380952,0.5494505494505495
2,clab-nebula-serf125,35,1.5,112,57,54,3,58,0.9473684210526315,0.48214285714285715,0.46956521739130436
2,clab-nebula-serf125,40,1.5,137,58,56,2,81,0.9655172413793104,0.40875912408759124,0.4028776978417266
2,clab-nebula-serf125,45,1.5,146,58,57,1,89,0.9827586206896551,0.3904109589041096,0.3877551020408163
2,clab-nebula-serf125,50,1.5,155,161,155,6,0,0.9627329192546584,1.0,0.9627329192546584
2,clab-nebula-serf125,55,1.5,161,161,161,0,0,1.0,1.0,1.0
2,clab-nebula-serf125,60,1.5,161,161,161,0,0,1.0,1.0,1.0
2,clab-nebula-serf54,5,1.5,1,0,0,0,1,0,0.0,0.0
2,clab-nebula-serf54,10,1.5,11,0,0,0,11,0,0.0,0.0
2,clab-nebula-serf54,15,1.5,35,23,10,13,25,0.43478260869565216,0.2857142857142857,0.20833333333333334
2,clab-nebula-serf54,20,1.5,66,23,19,4,47,0.8260869565217391,0.2878787878787879,0.2714285714285714
2,clab-nebula-serf54,25,1.5,83,44,41,3,42,0.9318181818181818,0.4939759036144578,0.47674418604651164
2,clab-nebula-serf54,30,1.5,99,45,45,0,54,1.0,0.45454545454545453,0.45454545454545453
2,clab-nebula-serf54,35,1.5,119,45,45,0,74,1.0,0.37815126050420167,0.37815126050420167
2,clab-nebula-serf54,40,1.5,122,45,45,0,77,1.0,0.36885245901639346,0.36885245901639346
2,clab-nebula-serf54,45,1.5,126,45,45,0,81,1.0,0.35714285714285715,0.35714285714285715
2,clab-nebula-serf54,50,1.5,153,78,78,0,75,1.0,0.5098039215686274,0.5098039215686274
2,clab-nebula-serf54,55,1.5,154,78,78,0,76,1.0,0.5064935064935064,0.5064935064935064
2,clab-nebula-serf54,60,1.5,157,161,157,4,0,0.9751552795031055,1.0,0.9751552795031055
2,clab-nebula-serf57,5,1.5,4,0,0,0,4,0,0.0,0.0
2,clab-nebula-serf57,10,1.5,13,0,0,0,13,0,0.0,0.0
2,clab-nebula-serf57,15,1.5,57,23,19,4,38,0.8260869565217391,0.3333333333333333,0.3114754098360656
2,clab-nebula-serf57,20,1.5,76,23,22,1,54,0.9565217391304348,0.2894736842105263,0.2857142857142857
2,clab-nebula-serf57,25,1.5,90,44,42,2,48,0.9545454545454546,0.4666666666666667,0.45652173913043476
2,clab-nebula-serf57,30,1.5,113,76,71,5,42,0.9342105263157895,0.6283185840707964,0.6016949152542372
2,clab-nebula-serf57,35,1.5,121,76,76,0,45,1.0,0.628099173553719,0.628099173553719
2,clab-nebula-serf57,40,1.5,124,76,76,0,48,1.0,0.6129032258064516,0.6129032258064516
2,clab-nebula-serf57,45,1.5,144,78,78,0,66,1.0,0.5416666666666666,0.5416666666666666
2,clab-nebula-serf57,50,1.5,154,78,78,0,76,1.0,0.5064935064935064,0.5064935064935064
2,clab-nebula-serf57,55,1.5,155,78,78,0,77,1.0,0.5032258064516129,0.5032258064516129
2,clab-nebula-serf57,60,1.5,158,161,158,3,0,0.9813664596273292,1.0,0.9813664596273292
2,clab-nebula-serf24,5,1.5,0,0,0,0,0,0.0,0.0,0.0
2,clab-nebula-serf24,10,1.5,2,0,0,0,2,0,0.0,0.0
2,clab-nebula-serf24,15,1.5,5,0,0,0,5,0,0.0,0.0
2,clab-nebula-serf24,20,1.5,17,0,0,0,17,0,0.0,0.0
2,clab-nebula-serf24,25,1.5,29,0,0,0,29,0,0.0,0.0
2,clab-nebula-serf24,30,1.5,48,30,19,11,29,0.6333333333333333,0.3958333333333333,0.3220338983050847
2,clab-nebula-serf24,35,1.5,83,48,45,3,38,0.9375,0.5421686746987951,0.5232558139534884
2,clab-nebula-serf24,40,1.5,93,76,66,10,27,0.868421052631579,0.7096774193548387,0.6407766990291263
2,clab-nebula-serf24,45,1.5,103,76,68,8,35,0.8947368421052632,0.6601941747572816,0.6126126126126126
2,clab-nebula-serf24,50,1.5,120,76,76,0,44,1.0,0.6333333333333333,0.6333333333333333
2,clab-nebula-serf24,55,1.5,124,76,76,0,48,1.0,0.6129032258064516,0.6129032258064516
2,clab-nebula-serf24,60,1.5,129,78,78,0,51,1.0,0.6046511627906976,0.6046511627906976
2,clab-nebula-serf42,5,1.5,0,0,0,0,0,0.0,0.0,0.0
2,clab-nebula-serf42,10,1.5,0,0,0,0,0,0.0,0.0,0.0
2,clab-nebula-serf42,15,1.5,2,0,0,0,2,0,0.0,0.0
2,clab-nebula-serf42,20,1.5,15,24,5,19,10,0.20833333333333334,0.3333333333333333,0.14705882352941177
2,clab-nebula-serf42,25,1.5,38,24,13,11,25,0.5416666666666666,0.34210526315789475,0.2653061224489796
2,clab-nebula-serf42,30,1.5,71,29,26,3,45,0.896551724137931,0.36619718309859156,0.35135135135135137
2,clab-nebula-serf42,35,1.5,88,29,28,1,60,0.9655172413793104,0.3181818181818182,0.3146067415730337
2,clab-nebula-serf42,40,1.5,101,76,67,9,34,0.881578947368421,0.6633663366336634,0.6090909090909091
2,clab-nebula-serf42,45,1.5,117,76,73,3,44,0.9605263157894737,0.6239316239316239,0.6083333333333333
2,clab-nebula-serf42,50,1.5,123,76,76,0,47,1.0,0.6178861788617886,0.6178861788617886
2,clab-nebula-serf42,55,1.5,127,76,76,0,51,1.0,0.5984251968503937,0.5984251968503937
2,clab-nebula-serf42,60,1.5,153,78,78,0,75,1.0,0.5098039215686274,0.5098039215686274
2,clab-nebula-serf48,5,1.5,0,0,0,0,0,0.0,0.0,0.0
2,clab-nebula-serf48,10,1.5,5,0,0,0,5,0,0.0,0.0
2,clab-nebula-serf48,15,1.5,21,0,0,0,21,0,0.0,0.0
2,clab-nebula-serf48,20,1.5,37,0,0,0,37,0,0.0,0.0
2,clab-nebula-serf48,25,1.5,79,48,45,3,34,0.9375,0.569620253164557,0.5487804878048781
2,clab-nebula-serf48,30,1.5,88,68,62,6,26,0.9117647058823529,0.7045454545454546,0.6595744680851063
2,clab-nebula-serf48,35,1.5,114,76,72,4,42,0.9473684210526315,0.631578947368421,0.6101694915254238
2,clab-nebula-serf48,40,1.5,121,76,76,0,45,1.0,0.628099173553719,0.628099173553719
2,clab-nebula-serf48,45,1.5,124,76,76,0,48,1.0,0.6129032258064516,0.6129032258064516
2,clab-nebula-serf48,50,1.5,141,78,78,0,63,1.0,0.5531914893617021,0.5531914893617021
2,clab-nebula-serf48,55,1.5,154,78,78,0,76,1.0,0.5064935064935064,0.5064935064935064
2,clab-nebula-serf48,60,1.5,155,78,78,0,77,1.0,0.5032258064516129,0.5032258064516129
2,clab-nebula-serf2,5,1.5,0,0,0,0,0,0.0,0.0,0.0
2,clab-nebula-serf2,10,1.5,1,0,0,0,1,0,0.0,0.0
2,clab-nebula-serf2,15,1.5,5,0,0,0,5,0,0.0,0.0
2,clab-nebula-serf2,20,1.5,10,0,0,0,10,0,0.0,0.0
2,clab-nebula-serf2,25,1.5,19,1,1,0,18,1.0,0.05263157894736842,0.05263157894736842
2,clab-nebula-serf2,30,1.5,32,39,24,15,8,0.6153846153846154,0.75,0.5106382978723404
2,clab-nebula-serf2,35,1.5,67,45,38,7,29,0.8444444444444444,0.5671641791044776,0.5135135135135135
2,clab-nebula-serf2,40,1.5,84,45,42,3,42,0.9333333333333333,0.5,0.4827586206896552
2,clab-nebula-serf2,45,1.5,99,47,47,0,52,1.0,0.47474747474747475,0.47474747474747475
2,clab-nebula-serf2,50,1.5,114,47,47,0,67,1.0,0.41228070175438597,0.41228070175438597
2,clab-nebula-serf2,55,1.5,120,78,78,0,42,1.0,0.65,0.65
2,clab-nebula-serf2,60,1.5,124,78,78,0,46,1.0,0.6290322580645161,0.6290322580645161
2,clab-nebula-serf21,5,1.5,2,0,0,0,2,0,0.0,0.0
2,clab-nebula-serf21,10,1.5,4,0,0,0,4,0,0.0,0.0
2,clab-nebula-serf21,15,1.5,16,0,0,0,16,0,0.0,0.0
2,clab-nebula-serf21,20,1.5,32,0,0,0,32,0,0.0,0.0
2,clab-nebula-serf21,25,1.5,56,30,22,8,34,0.7333333333333333,0.39285714285714285,0.34375
2,clab-nebula-serf21,30,1.5,84,48,45,3,39,0.9375,0.5357142857142857,0.5172413793103449
2,clab-nebula-serf21,35,1.5,94,76,67,9,27,0.881578947368421,0.7127659574468085,0.6504854368932039
2,clab-nebula-serf21,40,1.5,107,76,69,7,38,0.9078947368421053,0.6448598130841121,0.6052631578947368
2,clab-nebula-serf21,45,1.5,121,76,76,0,45,1.0,0.628099173553719,0.628099173553719
2,clab-nebula-serf21,50,1.5,124,76,76,0,48,1.0,0.6129032258064516,0.6129032258064516
2,clab-nebula-serf21,55,1.5,133,78,78,0,55,1.0,0.5864661654135338,0.5864661654135338
2,clab-nebula-serf21,60,1.5,154,78,78,0,76,1.0,0.5064935064935064,0.5064935064935064
2,clab-nebula-serf67,5,1.5,0,0,0,0,0,0.0,0.0,0.0
2,clab-nebula-serf67,10,1.5,5,0,0,0,5,0,0.0,0.0
2,clab-nebula-serf67,15,1.5,26,0,0,0,26,0,0.0,0.0
2,clab-nebula-serf67,20,1.5,41,0,0,0,41,0,0.0,0.0
2,clab-nebula-serf67,25,1.5,76,0,0,0,76,0,0.0,0.0
2,clab-nebula-serf67,30,1.5,98,30,28,2,70,0.9333333333333333,0.2857142857142857,0.28
2,clab-nebula-serf67,35,1.5,115,30,29,1,86,0.9666666666666667,0.25217391304347825,0.25
2,clab-nebula-serf67,40,1.5,122,30,30,0,92,1.0,0.2459016393442623,0.2459016393442623
2,clab-nebula-serf67,45,1.5,135,30,30,0,105,1.0,0.2222222222222222,0.2222222222222222
2,clab-nebula-serf67,50,1.5,154,30,30,0,124,1.0,0.19480519480519481,0.19480519480519481
2,clab-nebula-serf67,55,1.5,154,30,30,0,124,1.0,0.19480519480519481,0.19480519480519481
2,clab-nebula-serf67,60,1.5,158,161,158,3,0,0.9813664596273292,1.0,0.9813664596273292
2,clab-nebula-serf102,5,1.5,5,0,0,0,5,0,0.0,0.0
2,clab-nebula-serf102,10,1.5,7,0,0,0,7,0,0.0,0.0
2,clab-nebula-serf102,15,1.5,7,0,0,0,7,0,0.0,0.0
2,clab-nebula-serf102,20,1.5,10,0,0,0,10,0,0.0,0.0
2,clab-nebula-serf102,25,1.5,21,7,7,0,14,1.0,0.3333333333333333,0.3333333333333333
2,clab-nebula-serf102,30,1.5,40,9,7,2,33,0.7777777777777778,0.175,0.16666666666666666
2,clab-nebula-serf102,35,1.5,76,9,8,1,68,0.8888888888888888,0.10526315789473684,0.1038961038961039
2,clab-nebula-serf102,40,1.5,124,161,124,37,0,0.7701863354037267,1.0,0.7701863354037267
2,clab-nebula-serf102,45,1.5,144,161,144,17,0,0.8944099378881988,1.0,0.8944099378881988
2,clab-nebula-serf102,50,1.5,157,161,157,4,0,0.9751552795031055,1.0,0.9751552795031055
2,clab-nebula-serf102,55,1.5,160,161,160,1,0,0.9937888198757764,1.0,0.9937888198757764
2,clab-nebula-serf102,60,1.5,161,161,161,0,0,1.0,1.0,1.0
2,clab-nebula-serf110,5,1.5,0,0,0,0,0,0.0,0.0,0.0
2,clab-nebula-serf110,10,1.5,0,0,0,0,0,0.0,0.0,0.0
2,clab-nebula-serf110,15,1.5,2,0,0,0,2,0,0.0,0.0
2,clab-nebula-serf110,20,1.5,7,0,0,0,7,0,0.0,0.0
2,clab-nebula-serf110,25,1.5,15,0,0,0,15,0,0.0,0.0
2,clab-nebula-serf110,30,1.5,37,0,0,0,37,0,0.0,0.0
2,clab-nebula-serf110,35,1.5,69,0,0,0,69,0,0.0,0.0
2,clab-nebula-serf110,40,1.5,107,0,0,0,107,0,0.0,0.0
2,clab-nebula-serf110,45,1.5,143,58,56,2,87,0.9655172413793104,0.3916083916083916,0.38620689655172413
2,clab-nebula-serf110,50,1.5,148,58,56,2,92,0.9655172413793104,0.3783783783783784,0.37333333333333335
2,clab-nebula-serf110,55,1.5,154,58,57,1,97,0.9827586206896551,0.37012987012987014,0.36774193548387096
2,clab-nebula-serf110,60,1.5,157,161,157,4,0,0.9751552795031055,1.0,0.9751552795031055
2,clab-nebula-serf132,5,1.5,0,0,0,0,0,0.0,0.0,0.0
2,clab-nebula-serf132,10,1.5,0,0,0,0,0,0.0,0.0,0.0
2,clab-nebula-serf132,15,1.5,11,0,0,0,11,0,0.0,0.0
2,clab-nebula-serf132,20,1.5,14,0,0,0,14,0,0.0,0.0
2,clab-nebula-serf132,25,1.5,23,11,11,0,12,1.0,0.4782608695652174,0.4782608695652174
2,clab-nebula-serf132,30,1.5,37,11,11,0,26,1.0,0.2972972972972973,0.2972972972972973
2,clab-nebula-serf132,35,1.5,48,15,15,0,33,1.0,0.3125,0.3125
2,clab-nebula-serf132,40,1.5,78,26,24,2,54,0.9230769230769231,0.3076923076923077,0.3
2,clab-nebula-serf132,45,1.5,104,26,26,0,78,1.0,0.25,0.25
2,clab-nebula-serf132,50,1.5,132,161,132,29,0,0.8198757763975155,1.0,0.8198757763975155
2,clab-nebula-serf132,55,1.5,144,161,144,17,0,0.8944099378881988,1.0,0.8944099378881988
2,clab-nebula-serf132,60,1.5,151,161,151,10,0,0.937888198757764,1.0,0.937888198757764
2,clab-nebula-serf134,5,1.5,0,0,0,0,0,0.0,0.0,0.0
2,clab-nebula-serf134,10,1.5,0,0,0,0,0,0.0,0.0,0.0
2,clab-nebula-serf134,15,1.5,1,0,0,0,1,0,0.0,0.0
2,clab-nebula-serf134,20,1.5,14,0,0,0,14,0,0.0,0.0
2,clab-nebula-serf134,25,1.5,16,11,11,0,5,1.0,0.6875,0.6875
2,clab-nebula-serf134,30,1.5,26,11,11,0,15,1.0,0.4230769230769231,0.4230769230769231
2,clab-nebula-serf134,35,1.5,43,11,11,0,32,1.0,0.2558139534883721,0.2558139534883721
2,clab-nebula-serf134,40,1.5,57,26,20,6,37,0.7692307692307693,0.3508771929824561,0.31746031746031744
2,clab-nebula-serf134,45,1.5,91,26,26,0,65,1.0,0.2857142857142857,0.2857142857142857
2,clab-nebula-serf134,50,1.5,116,32,28,4,88,0.875,0.2413793103448276,0.23333333333333334
2,clab-nebula-serf134,55,1.5,137,161,137,24,0,0.8509316770186336,1.0,0.8509316770186336
2,clab-nebula-serf134,60,1.5,147,161,147,14,0,0.9130434782608695,1.0,0.9130434782608695
2,clab-nebula-serf137,5,1.5,0,0,0,0,0,0.0,0.0,0.0
2,clab-nebula-serf137,10,1.5,0,0,0,0,0,0.0,0.0,0.0
2,clab-nebula-serf137,15,1.5,2,0,0,0,2,0,0.0,0.0
2,clab-nebula-serf137,20,1.5,14,0,0,0,14,0,0.0,0.0
2,clab-nebula-serf137,25,1.5,20,11,11,0,9,1.0,0.55,0.55
2,clab-nebula-serf137,30,1.5,26,11,11,0,15,1.0,0.4230769230769231,0.4230769230769231
2,clab-nebula-serf137,35,1.5,44,11,11,0,33,1.0,0.25,0.25
2,clab-nebula-serf137,40,1.5,55,11,11,0,44,1.0,0.2,0.2
2,clab-nebula-serf137,45,1.5,90,26,26,0,64,1.0,0.28888888888888886,0.28888888888888886
2,clab-nebula-serf137,50,1.5,115,32,28,4,87,0.875,0.24347826086956523,0.23529411764705882
2,clab-nebula-serf137,55,1.5,137,161,137,24,0,0.8509316770186336,1.0,0.8509316770186336
2,clab-nebula-serf137,60,1.5,148,161,148,13,0,0.9192546583850931,1.0,0.9192546583850931
2,clab-nebula-serf10,5,1.5,1,0,0,0,1,0,0.0,0.0
2,clab-nebula-serf10,10,1.5,9,0,0,0,9,0,0.0,0.0
2,clab-nebula-serf10,15,1.5,20,0,0,0,20,0,0.0,0.0
2,clab-nebula-serf10,20,1.5,40,39,25,14,15,0.6410256410256411,0.625,0.46296296296296297
2,clab-nebula-serf10,25,1.5,71,39,35,4,36,0.8974358974358975,0.49295774647887325,0.4666666666666667
2,clab-nebula-serf10,30,1.5,88,45,44,1,44,0.9777777777777777,0.5,0.4943820224719101
2,clab-nebula-serf10,35,1.5,103,45,45,0,58,1.0,0.4368932038834951,0.4368932038834951
2,clab-nebula-serf10,40,1.5,120,47,47,0,73,1.0,0.39166666666666666,0.39166666666666666
2,clab-nebula-serf10,45,1.5,121,47,47,0,74,1.0,0.3884297520661157,0.3884297520661157
2,clab-nebula-serf10,50,1.5,129,78,78,0,51,1.0,0.6046511627906976,0.6046511627906976
2,clab-nebula-serf10,55,1.5,153,78,78,0,75,1.0,0.5098039215686274,0.5098039215686274
2,clab-nebula-serf10,60,1.5,156,161,156,5,0,0.968944099378882,1.0,0.968944099378882
2,clab-nebula-serf46,5,1.5,0,0,0,0,0,0.0,0.0,0.0
2,clab-nebula-serf46,10,1.5,3,0,0,0,3,0,0.0,0.0
2,clab-nebula-serf46,15,1.5,11,0,0,0,11,0,0.0,0.0
2,clab-nebula-serf46,20,1.5,26,0,0,0,26,0,0.0,0.0
2,clab-nebula-serf46,25,1.5,54,30,20,10,34,0.6666666666666666,0.37037037037037035,0.3125
2,clab-nebula-serf46,30,1.5,81,48,45,3,36,0.9375,0.5555555555555556,0.5357142857142857
2,clab-nebula-serf46,35,1.5,100,76,66,10,34,0.868421052631579,0.66,0.6
2,clab-nebula-serf46,40,1.5,121,76,76,0,45,1.0,0.628099173553719,0.628099173553719
2,clab-nebula-serf46,45,1.5,124,76,76,0,48,1.0,0.6129032258064516,0.6129032258064516
2,clab-nebula-serf46,50,1.5,127,76,76,0,51,1.0,0.5984251968503937,0.5984251968503937
2,clab-nebula-serf46,55,1.5,154,78,78,0,76,1.0,0.5064935064935064,0.5064935064935064
2,clab-nebula-serf46,60,1.5,154,78,78,0,76,1.0,0.5064935064935064,0.5064935064935064
2,clab-nebula-serf74,5,1.5,0,0,0,0,0,0.0,0.0,0.0
2,clab-nebula-serf74,10,1.5,9,0,0,0,9,0,0.0,0.0
2,clab-nebula-serf74,15,1.5,26,0,0,0,26,0,0.0,0.0
2,clab-nebula-serf74,20,1.5,45,0,0,0,45,0,0.0,0.0
2,clab-nebula-serf74,25,1.5,82,30,26,4,56,0.8666666666666667,0.3170731707317073,0.3023255813953488
2,clab-nebula-serf74,30,1.5,106,30,29,1,77,0.9666666666666667,0.27358490566037735,0.27102803738317754
2,clab-nebula-serf74,35,1.5,117,30,29,1,88,0.9666666666666667,0.24786324786324787,0.2457627118644068
2,clab-nebula-serf74,40,1.5,124,30,30,0,94,1.0,0.24193548387096775,0.24193548387096775
2,clab-nebula-serf74,45,1.5,145,30,30,0,115,1.0,0.20689655172413793,0.20689655172413793
2,clab-nebula-serf74,50,1.5,154,30,30,0,124,1.0,0.19480519480519481,0.19480519480519481
2,clab-nebula-serf74,55,1.5,155,30,30,0,125,1.0,0.1935483870967742,0.1935483870967742
2,clab-nebula-serf74,60,1.5,159,161,159,2,0,0.9875776397515528,1.0,0.9875776397515528
2,clab-nebula-serf76,5,1.5,2,0,0,0,2,0,0.0,0.0
2,clab-nebula-serf76,10,1.5,25,0,0,0,25,0,0.0,0.0
2,clab-nebula-serf76,15,1.5,38,0,0,0,38,0,0.0,0.0
2,clab-nebula-serf76,20,1.5,68,0,0,0,68,0,0.0,0.0
2,clab-nebula-serf76,25,1.5,89,30,28,2,61,0.9333333333333333,0.3146067415730337,0.3076923076923077
2,clab-nebula-serf76,30,1.5,111,30,29,1,82,0.9666666666666667,0.26126126126126126,0.25892857142857145
2,clab-nebula-serf76,35,1.5,121,30,30,0,91,1.0,0.24793388429752067,0.24793388429752067
2,clab-nebula-serf76,40,1.5,129,30,30,0,99,1.0,0.23255813953488372,0.23255813953488372
2,clab-nebula-serf76,45,1.5,153,30,30,0,123,1.0,0.19607843137254902,0.19607843137254902
2,clab-nebula-serf76,50,1.5,154,30,30,0,124,1.0,0.19480519480519481,0.19480519480519481
2,clab-nebula-serf76,55,1.5,158,161,158,3,0,0.9813664596273292,1.0,0.9813664596273292
2,clab-nebula-serf76,60,1.5,161,161,161,0,0,1.0,1.0,1.0
2,clab-nebula-serf149,5,1.5,0,0,0,0,0,0.0,0.0,0.0
2,clab-nebula-serf149,10,1.5,0,0,0,0,0,0.0,0.0,0.0
2,clab-nebula-serf149,15,1.5,1,0,0,0,1,0,0.0,0.0
2,clab-nebula-serf149,20,1.5,11,0,0,0,11,0,0.0,0.0
2,clab-nebula-serf149,25,1.5,17,0,0,0,17,0,0.0,0.0
2,clab-nebula-serf149,30,1.5,25,51,17,34,8,0.3333333333333333,0.68,0.288135593220339
2,clab-nebula-serf149,35,1.5,48,51,25,26,23,0.49019607843137253,0.5208333333333334,0.33783783783783783
2,clab-nebula-serf149,40,1.5,60,57,35,22,25,0.6140350877192983,0.5833333333333334,0.4268292682926829
2,clab-nebula-serf149,45,1.5,89,57,49,8,40,0.8596491228070176,0.550561797752809,0.5051546391752577
2,clab-nebula-serf149,50,1.5,124,58,55,3,69,0.9482758620689655,0.4435483870967742,0.4330708661417323
2,clab-nebula-serf149,55,1.5,143,161,143,18,0,0.8881987577639752,1.0,0.8881987577639752
2,clab-nebula-serf149,60,1.5,152,161,152,9,0,0.9440993788819876,1.0,0.9440993788819876
2,clab-nebula-serf20,5,1.5,2,0,0,0,2,0,0.0,0.0
2,clab-nebula-serf20,10,1.5,4,0,0,0,4,0,0.0,0.0
2,clab-nebula-serf20,15,1.5,15,0,0,0,15,0,0.0,0.0
2,clab-nebula-serf20,20,1.5,26,0,0,0,26,0,0.0,0.0
2,clab-nebula-serf20,25,1.5,46,48,37,11,9,0.7708333333333334,0.8043478260869565,0.6491228070175439
2,clab-nebula-serf20,30,1.5,80,48,45,3,35,0.9375,0.5625,0.5421686746987951
2,clab-nebula-serf20,35,1.5,93,76,66,10,27,0.868421052631579,0.7096774193548387,0.6407766990291263
2,clab-nebula-serf20,40,1.5,102,76,68,8,34,0.8947368421052632,0.6666666666666666,0.6181818181818182
2,clab-nebula-serf20,45,1.5,118,76,75,1,43,0.9868421052631579,0.635593220338983,0.6302521008403361
2,clab-nebula-serf20,50,1.5,124,76,76,0,48,1.0,0.6129032258064516,0.6129032258064516
2,clab-nebula-serf20,55,1.5,129,78,78,0,51,1.0,0.6046511627906976,0.6046511627906976
2,clab-nebula-serf20,60,1.5,154,78,78,0,76,1.0,0.5064935064935064,0.5064935064935064
2,clab-nebula-serf22,5,1.5,0,0,0,0,0,0.0,0.0,0.0
2,clab-nebula-serf22,10,1.5,4,0,0,0,4,0,0.0,0.0
2,clab-nebula-serf22,15,1.5,10,0,0,0,10,0,0.0,0.0
2,clab-nebula-serf22,20,1.5,23,0,0,0,23,0,0.0,0.0
2,clab-nebula-serf22,25,1.5,41,0,0,0,41,0,0.0,0.0
2,clab-nebula-serf22,30,1.5,76,48,45,3,31,0.9375,0.5921052631578947,0.569620253164557
2,clab-nebula-serf22,35,1.5,93,76,66,10,27,0.868421052631579,0.7096774193548387,0.6407766990291263
2,clab-nebula-serf22,40,1.5,98,76,68,8,30,0.8947368421052632,0.6938775510204082,0.6415094339622641
2,clab-nebula-serf22,45,1.5,117,76,75,1,42,0.9868421052631579,0.6410256410256411,0.635593220338983
2,clab-nebula-serf22,50,1.5,122,76,76,0,46,1.0,0.6229508196721312,0.6229508196721312
2,clab-nebula-serf22,55,1.5,125,76,76,0,49,1.0,0.608,0.608
2,clab-nebula-serf22,60,1.5,153,78,78,0,75,1.0,0.5098039215686274,0.5098039215686274
2,clab-nebula-serf160,5,1.5,4,0,0,0,4,0,0.0,0.0
2,clab-nebula-serf160,10,1.5,4,0,0,0,4,0,0.0,0.0
2,clab-nebula-serf160,15,1.5,5,0,0,0,5,0,0.0,0.0
2,clab-nebula-serf160,20,1.5,10,0,0,0,10,0,0.0,0.0
2,clab-nebula-serf160,25,1.5,25,0,0,0,25,0,0.0,0.0
2,clab-nebula-serf160,30,1.5,37,0,0,0,37,0,0.0,0.0
2,clab-nebula-serf160,35,1.5,43,0,0,0,43,0,0.0,0.0
2,clab-nebula-serf160,40,1.5,58,0,0,0,58,0,0.0,0.0
2,clab-nebula-serf160,45,1.5,82,57,47,10,35,0.8245614035087719,0.573170731707317,0.5108695652173914
2,clab-nebula-serf160,50,1.5,118,58,54,4,64,0.9310344827586207,0.4576271186440678,0.4426229508196721
2,clab-nebula-serf160,55,1.5,139,58,56,2,83,0.9655172413793104,0.4028776978417266,0.3971631205673759
2,clab-nebula-serf160,60,1.5,149,161,149,12,0,0.9254658385093167,1.0,0.9254658385093167
2,clab-nebula-serf31,5,1.5,1,0,0,0,1,0,0.0,0.0
2,clab-nebula-serf31,10,1.5,13,0,0,0,13,0,0.0,0.0
2,clab-nebula-serf31,15,1.5,28,0,0,0,28,0,0.0,0.0
2,clab-nebula-serf31,20,1.5,45,48,37,11,8,0.7708333333333334,0.8222222222222222,0.6607142857142857
2,clab-nebula-serf31,25,1.5,80,48,45,3,35,0.9375,0.5625,0.5421686746987951
2,clab-nebula-serf31,30,1.5,93,76,66,10,27,0.868421052631579,0.7096774193548387,0.6407766990291263
2,clab-nebula-serf31,35,1.5,102,76,68,8,34,0.8947368421052632,0.6666666666666666,0.6181818181818182
2,clab-nebula-serf31,40,1.5,119,76,76,0,43,1.0,0.6386554621848739,0.6386554621848739
2,clab-nebula-serf31,45,1.5,124,76,76,0,48,1.0,0.6129032258064516,0.6129032258064516
2,clab-nebula-serf31,50,1.5,129,78,78,0,51,1.0,0.6046511627906976,0.6046511627906976
2,clab-nebula-serf31,55,1.5,154,78,78,0,76,1.0,0.5064935064935064,0.5064935064935064
2,clab-nebula-serf31,60,1.5,154,78,78,0,76,1.0,0.5064935064935064,0.5064935064935064
2,clab-nebula-serf93,5,1.5,3,0,0,0,3,0,0.0,0.0
2,clab-nebula-serf93,10,1.5,16,0,0,0,16,0,0.0,0.0
2,clab-nebula-serf93,15,1.5,37,0,0,0,37,0,0.0,0.0
2,clab-nebula-serf93,20,1.5,59,23,21,2,38,0.9130434782608695,0.3559322033898305,0.3442622950819672
2,clab-nebula-serf93,25,1.5,83,23,22,1,61,0.9565217391304348,0.26506024096385544,0.2619047619047619
2,clab-nebula-serf93,30,1.5,110,39,38,1,72,0.9743589743589743,0.34545454545454546,0.34234234234234234
2,clab-nebula-serf93,35,1.5,119,45,45,0,74,1.0,0.37815126050420167,0.37815126050420167
2,clab-nebula-serf93,40,1.5,125,45,45,0,80,1.0,0.36,0.36
2,clab-nebula-serf93,45,1.5,142,78,78,0,64,1.0,0.5492957746478874,0.5492957746478874
2,clab-nebula-serf93,50,1.5,154,78,78,0,76,1.0,0.5064935064935064,0.5064935064935064
2,clab-nebula-serf93,55,1.5,156,161,156,5,0,0.968944099378882,1.0,0.968944099378882
2,clab-nebula-serf93,60,1.5,161,161,161,0,0,1.0,1.0,1.0
2,clab-nebula-serf122,5,1.5,0,0,0,0,0,0.0,0.0,0.0
2,clab-nebula-serf122,10,1.5,0,0,0,0,0,0.0,0.0,0.0
2,clab-nebula-serf122,15,1.5,8,0,0,0,8,0,0.0,0.0
2,clab-nebula-serf122,20,1.5,15,0,0,0,15,0,0.0,0.0
2,clab-nebula-serf122,25,1.5,22,0,0,0,22,0,0.0,0.0
2,clab-nebula-serf122,30,1.5,61,0,0,0,61,0,0.0,0.0
2,clab-nebula-serf122,35,1.5,106,58,50,8,56,0.8620689655172413,0.4716981132075472,0.43859649122807015
2,clab-nebula-serf122,40,1.5,133,58,55,3,78,0.9482758620689655,0.41353383458646614,0.40441176470588236
2,clab-nebula-serf122,45,1.5,144,58,56,2,88,0.9655172413793104,0.3888888888888889,0.3835616438356164
2,clab-nebula-serf122,50,1.5,154,161,154,7,0,0.9565217391304348,1.0,0.9565217391304348
2,clab-nebula-serf122,55,1.5,161,161,161,0,0,1.0,1.0,1.0
2,clab-nebula-serf122,60,1.5,161,161,161,0,0,1.0,1.0,1.0
2,clab-nebula-serf38,5,1.5,0,0,0,0,0,0.0,0.0,0.0
2,clab-nebula-serf38,10,1.5,4,0,0,0,4,0,0.0,0.0
2,clab-nebula-serf38,15,1.5,24,0,0,0,24,0,0.0,0.0
2,clab-nebula-serf38,20,1.5,56,29,23,6,33,0.7931034482758621,0.4107142857142857,0.3709677419354839
2,clab-nebula-serf38,25,1.5,82,29,27,2,55,0.9310344827586207,0.32926829268292684,0.32142857142857145
2,clab-nebula-serf38,30,1.5,92,29,29,0,63,1.0,0.31521739130434784,0.31521739130434784
2,clab-nebula-serf38,35,1.5,107,76,68,8,39,0.8947368421052632,0.6355140186915887,0.591304347826087
2,clab-nebula-serf38,40,1.5,121,76,76,0,45,1.0,0.628099173553719,0.628099173553719
2,clab-nebula-serf38,45,1.5,124,76,76,0,48,1.0,0.6129032258064516,0.6129032258064516
2,clab-nebula-serf38,50,1.5,133,78,78,0,55,1.0,0.5864661654135338,0.5864661654135338
2,clab-nebula-serf38,55,1.5,154,78,78,0,76,1.0,0.5064935064935064,0.5064935064935064
2,clab-nebula-serf38,60,1.5,154,78,78,0,76,1.0,0.5064935064935064,0.5064935064935064
2,clab-nebula-serf55,5,1.5,0,0,0,0,0,0.0,0.0,0.0
2,clab-nebula-serf55,10,1.5,9,0,0,0,9,0,0.0,0.0
2,clab-nebula-serf55,15,1.5,23,0,0,0,23,0,0.0,0.0
2,clab-nebula-serf55,20,1.5,64,23,19,4,45,0.8260869565217391,0.296875,0.27941176470588236
2,clab-nebula-serf55,25,1.5,83,44,41,3,42,0.9318181818181818,0.4939759036144578,0.47674418604651164
2,clab-nebula-serf55,30,1.5,96,45,44,1,52,0.9777777777777777,0.4583333333333333,0.4536082474226804
2,clab-nebula-serf55,35,1.5,119,45,45,0,74,1.0,0.37815126050420167,0.37815126050420167
2,clab-nebula-serf55,40,1.5,121,45,45,0,76,1.0,0.371900826446281,0.371900826446281
2,clab-nebula-serf55,45,1.5,126,45,45,0,81,1.0,0.35714285714285715,0.35714285714285715
2,clab-nebula-serf55,50,1.5,153,78,78,0,75,1.0,0.5098039215686274,0.5098039215686274
2,clab-nebula-serf55,55,1.5,154,78,78,0,76,1.0,0.5064935064935064,0.5064935064935064
2,clab-nebula-serf55,60,1.5,157,161,157,4,0,0.9751552795031055,1.0,0.9751552795031055
2,clab-nebula-serf79,5,1.5,6,0,0,0,6,0,0.0,0.0
2,clab-nebula-serf79,10,1.5,26,0,0,0,26,0,0.0,0.0
2,clab-nebula-serf79,15,1.5,41,0,0,0,41,0,0.0,0.0
2,clab-nebula-serf79,20,1.5,76,0,0,0,76,0,0.0,0.0
2,clab-nebula-serf79,25,1.5,96,30,28,2,68,0.9333333333333333,0.2916666666666667,0.2857142857142857
2,clab-nebula-serf79,30,1.5,116,30,29,1,87,0.9666666666666667,0.25,0.24786324786324787
2,clab-nebula-serf79,35,1.5,121,30,30,0,91,1.0,0.24793388429752067,0.24793388429752067
2,clab-nebula-serf79,40,1.5,135,30,30,0,105,1.0,0.2222222222222222,0.2222222222222222
2,clab-nebula-serf79,45,1.5,153,30,30,0,123,1.0,0.19607843137254902,0.19607843137254902
2,clab-nebula-serf79,50,1.5,154,30,30,0,124,1.0,0.19480519480519481,0.19480519480519481
2,clab-nebula-serf79,55,1.5,158,161,158,3,0,0.9813664596273292,1.0,0.9813664596273292
2,clab-nebula-serf79,60,1.5,161,161,161,0,0,1.0,1.0,1.0
2,clab-nebula-serf113,5,1.5,1,0,0,0,1,0,0.0,0.0
2,clab-nebula-serf113,10,1.5,1,0,0,0,1,0,0.0,0.0
2,clab-nebula-serf113,15,1.5,3,0,0,0,3,0,0.0,0.0
2,clab-nebula-serf113,20,1.5,19,0,0,0,19,0,0.0,0.0
2,clab-nebula-serf113,25,1.5,28,33,15,18,13,0.45454545454545453,0.5357142857142857,0.32608695652173914
2,clab-nebula-serf113,30,1.5,65,39,35,4,30,0.8974358974358975,0.5384615384615384,0.5072463768115942
2,clab-nebula-serf113,35,1.5,105,33,32,1,73,0.9696969696969697,0.3047619047619048,0.3018867924528302
2,clab-nebula-serf113,40,1.5,139,58,54,4,85,0.9310344827586207,0.38848920863309355,0.3776223776223776
2,clab-nebula-serf113,45,1.5,156,161,156,5,0,0.968944099378882,1.0,0.968944099378882
2,clab-nebula-serf113,50,1.5,159,161,159,2,0,0.9875776397515528,1.0,0.9875776397515528
2,clab-nebula-serf113,55,1.5,161,161,161,0,0,1.0,1.0,1.0
2,clab-nebula-serf113,60,1.5,161,161,161,0,0,1.0,1.0,1.0
2,clab-nebula-serf120,5,1.5,2,0,0,0,2,0,0.0,0.0
2,clab-nebula-serf120,10,1.5,2,0,0,0,2,0,0.0,0.0
2,clab-nebula-serf120,15,1.5,2,0,0,0,2,0,0.0,0.0
2,clab-nebula-serf120,20,1.5,2,0,0,0,2,0,0.0,0.0
2,clab-nebula-serf120,25,1.5,2,0,0,0,2,0,0.0,0.0
2,clab-nebula-serf120,30,1.5,3,2,2,0,1,1.0,0.6666666666666666,0.6666666666666666
2,clab-nebula-serf120,35,1.5,3,2,2,0,1,1.0,0.6666666666666666,0.6666666666666666
2,clab-nebula-serf120,40,1.5,3,2,2,0,1,1.0,0.6666666666666666,0.6666666666666666
2,clab-nebula-serf120,45,1.5,5,2,2,0,3,1.0,0.4,0.4
2,clab-nebula-serf120,50,1.5,14,2,2,0,12,1.0,0.14285714285714285,0.14285714285714285
2,clab-nebula-serf120,55,1.5,24,32,11,21,13,0.34375,0.4583333333333333,0.24444444444444444
2,clab-nebula-serf120,60,1.5,48,32,15,17,33,0.46875,0.3125,0.23076923076923078
2,clab-nebula-serf128,5,1.5,0,0,0,0,0,0.0,0.0,0.0
2,clab-nebula-serf128,10,1.5,2,0,0,0,2,0,0.0,0.0
2,clab-nebula-serf128,15,1.5,6,0,0,0,6,0,0.0,0.0
2,clab-nebula-serf128,20,1.5,20,0,0,0,20,0,0.0,0.0
2,clab-nebula-serf128,25,1.5,48,30,26,4,22,0.8666666666666667,0.5416666666666666,0.5
2,clab-nebula-serf128,30,1.5,73,30,29,1,44,0.9666666666666667,0.3972602739726027,0.3918918918918919
2,clab-nebula-serf128,35,1.5,111,32,32,0,79,1.0,0.2882882882882883,0.2882882882882883
2,clab-nebula-serf128,40,1.5,145,58,56,2,89,0.9655172413793104,0.38620689655172413,0.38095238095238093
2,clab-nebula-serf128,45,1.5,150,58,56,2,94,0.9655172413793104,0.37333333333333335,0.3684210526315789
2,clab-nebula-serf128,50,1.5,155,58,58,0,97,1.0,0.3741935483870968,0.3741935483870968
2,clab-nebula-serf128,55,1.5,159,161,159,2,0,0.9875776397515528,1.0,0.9875776397515528
2,clab-nebula-serf128,60,1.5,161,161,161,0,0,1.0,1.0,1.0
2,clab-nebula-serf8,5,1.5,0,0,0,0,0,0.0,0.0,0.0
2,clab-nebula-serf8,10,1.5,5,0,0,0,5,0,0.0,0.0
2,clab-nebula-serf8,15,1.5,13,0,0,0,13,0,0.0,0.0
2,clab-nebula-serf8,20,1.5,23,39,19,20,4,0.48717948717948717,0.8260869565217391,0.4418604651162791
2,clab-nebula-serf8,25,1.5,44,39,26,13,18,0.6666666666666666,0.5909090909090909,0.45614035087719296
2,clab-nebula-serf8,30,1.5,76,45,41,4,35,0.9111111111111111,0.5394736842105263,0.5125
2,clab-nebula-serf8,35,1.5,89,45,44,1,45,0.9777777777777777,0.4943820224719101,0.4888888888888889
2,clab-nebula-serf8,40,1.5,105,45,45,0,60,1.0,0.42857142857142855,0.42857142857142855
2,clab-nebula-serf8,45,1.5,120,47,47,0,73,1.0,0.39166666666666666,0.39166666666666666
2,clab-nebula-serf8,50,1.5,122,47,47,0,75,1.0,0.38524590163934425,0.38524590163934425
2,clab-nebula-serf8,55,1.5,130,78,78,0,52,1.0,0.6,0.6
2,clab-nebula-serf8,60,1.5,153,78,78,0,75,1.0,0.5098039215686274,0.5098039215686274
2,clab-nebula-serf27,5,1.5,0,0,0,0,0,0.0,0.0,0.0
2,clab-nebula-serf27,10,1.5,3,0,0,0,3,0,0.0,0.0
2,clab-nebula-serf27,15,1.5,7,0,0,0,7,0,0.0,0.0
2,clab-nebula-serf27,20,1.5,13,0,0,0,13,0,0.0,0.0
2,clab-nebula-serf27,25,1.5,24,0,0,0,24,0,0.0,0.0
2,clab-nebula-serf27,30,1.5,38,48,32,16,6,0.6666666666666666,0.8421052631578947,0.5925925925925926
2,clab-nebula-serf27,35,1.5,75,68,61,7,14,0.8970588235294118,0.8133333333333334,0.7439024390243902
2,clab-nebula-serf27,40,1.5,92,68,66,2,26,0.9705882352941176,0.717391304347826,0.7021276595744681
2,clab-nebula-serf27,45,1.5,98,76,68,8,30,0.8947368421052632,0.6938775510204082,0.6415094339622641
2,clab-nebula-serf27,50,1.5,117,76,75,1,42,0.9868421052631579,0.6410256410256411,0.635593220338983
2,clab-nebula-serf27,55,1.5,122,76,76,0,46,1.0,0.6229508196721312,0.6229508196721312
2,clab-nebula-serf27,60,1.5,125,76,76,0,49,1.0,0.608,0.608
2,clab-nebula-serf78,5,1.5,0,0,0,0,0,0.0,0.0,0.0
2,clab-nebula-serf78,10,1.5,9,0,0,0,9,0,0.0,0.0
2,clab-nebula-serf78,15,1.5,27,0,0,0,27,0,0.0,0.0
2,clab-nebula-serf78,20,1.5,48,0,0,0,48,0,0.0,0.0
2,clab-nebula-serf78,25,1.5,80,0,0,0,80,0,0.0,0.0
2,clab-nebula-serf78,30,1.5,102,30,28,2,74,0.9333333333333333,0.27450980392156865,0.2692307692307692
2,clab-nebula-serf78,35,1.5,118,30,29,1,89,0.9666666666666667,0.2457627118644068,0.24369747899159663
2,clab-nebula-serf78,40,1.5,123,30,30,0,93,1.0,0.24390243902439024,0.24390243902439024
2,clab-nebula-serf78,45,1.5,140,30,30,0,110,1.0,0.21428571428571427,0.21428571428571427
2,clab-nebula-serf78,50,1.5,154,30,30,0,124,1.0,0.19480519480519481,0.19480519480519481
2,clab-nebula-serf78,55,1.5,155,30,30,0,125,1.0,0.1935483870967742,0.1935483870967742
2,clab-nebula-serf78,60,1.5,158,161,158,3,0,0.9813664596273292,1.0,0.9813664596273292
2,clab-nebula-serf104,5,1.5,1,0,0,0,1,0,0.0,0.0
2,clab-nebula-serf104,10,1.5,3,0,0,0,3,0,0.0,0.0
2,clab-nebula-serf104,15,1.5,8,0,0,0,8,0,0.0,0.0
2,clab-nebula-serf104,20,1.5,25,30,15,15,10,0.5,0.6,0.375
2,clab-nebula-serf104,25,1.5,54,30,28,2,26,0.9333333333333333,0.5185185185185185,0.5
2,clab-nebula-serf104,30,1.5,87,32,32,0,55,1.0,0.367816091954023,0.367816091954023
2,clab-nebula-serf104,35,1.5,130,58,52,6,78,0.896551724137931,0.4,0.38235294117647056
2,clab-nebula-serf104,40,1.5,145,58,56,2,89,0.9655172413793104,0.38620689655172413,0.38095238095238093
2,clab-nebula-serf104,45,1.5,153,58,56,2,97,0.9655172413793104,0.3660130718954248,0.36129032258064514
2,clab-nebula-serf104,50,1.5,155,58,58,0,97,1.0,0.3741935483870968,0.3741935483870968
2,clab-nebula-serf104,55,1.5,159,161,159,2,0,0.9875776397515528,1.0,0.9875776397515528
2,clab-nebula-serf104,60,1.5,161,161,161,0,0,1.0,1.0,1.0
2,clab-nebula-serf133,5,1.5,0,0,0,0,0,0.0,0.0,0.0
2,clab-nebula-serf133,10,1.5,0,0,0,0,0,0.0,0.0,0.0
2,clab-nebula-serf133,15,1.5,1,0,0,0,1,0,0.0,0.0
2,clab-nebula-serf133,20,1.5,14,0,0,0,14,0,0.0,0.0
2,clab-nebula-serf133,25,1.5,16,11,11,0,5,1.0,0.6875,0.6875
2,clab-nebula-serf133,30,1.5,26,11,11,0,15,1.0,0.4230769230769231,0.4230769230769231
2,clab-nebula-serf133,35,1.5,44,11,11,0,33,1.0,0.25,0.25
2,clab-nebula-serf133,40,1.5,59,11,11,0,48,1.0,0.1864406779661017,0.1864406779661017
2,clab-nebula-serf133,45,1.5,92,26,26,0,66,1.0,0.2826086956521739,0.2826086956521739
2,clab-nebula-serf133,50,1.5,117,32,28,4,89,0.875,0.23931623931623933,0.23140495867768596
2,clab-nebula-serf133,55,1.5,137,161,137,24,0,0.8509316770186336,1.0,0.8509316770186336
2,clab-nebula-serf133,60,1.5,149,161,149,12,0,0.9254658385093167,1.0,0.9254658385093167
2,clab-nebula-serf64,5,1.5,0,0,0,0,0,0.0,0.0,0.0
2,clab-nebula-serf64,10,1.5,0,0,0,0,0,0.0,0.0,0.0
2,clab-nebula-serf64,15,1.5,0,0,0,0,0,0.0,0.0,0.0
2,clab-nebula-serf64,20,1.5,7,0,0,0,7,0,0.0,0.0
2,clab-nebula-serf64,25,1.5,46,0,0,0,46,0,0.0,0.0
2,clab-nebula-serf64,30,1.5,69,0,0,0,69,0,0.0,0.0
2,clab-nebula-serf64,35,1.5,100,5,2,3,98,0.4,0.02,0.019417475728155338
2,clab-nebula-serf64,40,1.5,116,5,5,0,111,1.0,0.04310344827586207,0.04310344827586207
2,clab-nebula-serf64,45,1.5,123,5,5,0,118,1.0,0.04065040650406504,0.04065040650406504
2,clab-nebula-serf64,50,1.5,128,7,7,0,121,1.0,0.0546875,0.0546875
2,clab-nebula-serf64,55,1.5,154,7,7,0,147,1.0,0.045454545454545456,0.045454545454545456
2,clab-nebula-serf64,60,1.5,154,7,7,0,147,1.0,0.045454545454545456,0.045454545454545456
2,clab-nebula-serf73,5,1.5,4,0,0,0,4,0,0.0,0.0
2,clab-nebula-serf73,10,1.5,25,0,0,0,25,0,0.0,0.0
2,clab-nebula-serf73,15,1.5,39,0,0,0,39,0,0.0,0.0
2,clab-nebula-serf73,20,1.5,69,0,0,0,69,0,0.0,0.0
2,clab-nebula-serf73,25,1.5,89,30,28,2,61,0.9333333333333333,0.3146067415730337,0.3076923076923077
2,clab-nebula-serf73,30,1.5,113,30,29,1,84,0.9666666666666667,0.25663716814159293,0.2543859649122807
2,clab-nebula-serf73,35,1.5,121,30,30,0,91,1.0,0.24793388429752067,0.24793388429752067
2,clab-nebula-serf73,40,1.5,130,30,30,0,100,1.0,0.23076923076923078,0.23076923076923078
2,clab-nebula-serf73,45,1.5,151,30,30,0,121,1.0,0.1986754966887417,0.1986754966887417
2,clab-nebula-serf73,50,1.5,154,30,30,0,124,1.0,0.19480519480519481,0.19480519480519481
2,clab-nebula-serf73,55,1.5,158,161,158,3,0,0.9813664596273292,1.0,0.9813664596273292
2,clab-nebula-serf73,60,1.5,161,161,161,0,0,1.0,1.0,1.0
2,clab-nebula-serf118,5,1.5,2,0,0,0,2,0,0.0,0.0
2,clab-nebula-serf118,10,1.5,2,0,0,0,2,0,0.0,0.0
2,clab-nebula-serf118,15,1.5,2,0,0,0,2,0,0.0,0.0
2,clab-nebula-serf118,20,1.5,2,0,0,0,2,0,0.0,0.0
2,clab-nebula-serf118,25,1.5,2,0,0,0,2,0,0.0,0.0
2,clab-nebula-serf118,30,1.5,3,2,2,0,1,1.0,0.6666666666666666,0.6666666666666666
2,clab-nebula-serf118,35,1.5,3,2,2,0,1,1.0,0.6666666666666666,0.6666666666666666
2,clab-nebula-serf118,40,1.5,3,2,2,0,1,1.0,0.6666666666666666,0.6666666666666666
2,clab-nebula-serf118,45,1.5,5,2,2,0,3,1.0,0.4,0.4
2,clab-nebula-serf118,50,1.5,15,2,2,0,13,1.0,0.13333333333333333,0.13333333333333333
2,clab-nebula-serf118,55,1.5,25,32,11,21,14,0.34375,0.44,0.2391304347826087
2,clab-nebula-serf118,60,1.5,48,32,14,18,34,0.4375,0.2916666666666667,0.21212121212121213
2,clab-nebula-serf5,5,1.5,0,0,0,0,0,0.0,0.0,0.0
2,clab-nebula-serf5,10,1.5,3,0,0,0,3,0,0.0,0.0
2,clab-nebula-serf5,15,1.5,7,0,0,0,7,0,0.0,0.0
2,clab-nebula-serf5,20,1.5,14,0,0,0,14,0,0.0,0.0
2,clab-nebula-serf5,25,1.5,19,0,0,0,19,0,0.0,0.0
2,clab-nebula-serf5,30,1.5,46,47,32,15,14,0.6808510638297872,0.6956521739130435,0.5245901639344263
2,clab-nebula-serf5,35,1.5,80,47,43,4,37,0.9148936170212766,0.5375,0.5119047619047619
2,clab-nebula-serf5,40,1.5,92,47,47,0,45,1.0,0.5108695652173914,0.5108695652173914
2,clab-nebula-serf5,45,1.5,108,47,47,0,61,1.0,0.4351851851851852,0.4351851851851852
2,clab-nebula-serf5,50,1.5,118,78,78,0,40,1.0,0.6610169491525424,0.6610169491525424
2,clab-nebula-serf5,55,1.5,121,78,78,0,43,1.0,0.6446280991735537,0.6446280991735537
2,clab-nebula-serf5,60,1.5,143,161,143,18,0,0.8881987577639752,1.0,0.8881987577639752
2,clab-nebula-serf87,5,1.5,3,0,0,0,3,0,0.0,0.0
2,clab-nebula-serf87,10,1.5,3,0,0,0,3,0,0.0,0.0
2,clab-nebula-serf87,15,1.5,11,0,0,0,11,0,0.0,0.0
2,clab-nebula-serf87,20,1.5,24,0,0,0,24,0,0.0,0.0
2,clab-nebula-serf87,25,1.5,49,1,1,0,48,1.0,0.02040816326530612,0.02040816326530612
2,clab-nebula-serf87,30,1.5,80,9,1,8,79,0.1111111111111111,0.0125,0.011363636363636364
2,clab-nebula-serf87,35,1.5,108,9,4,5,104,0.4444444444444444,0.037037037037037035,0.035398230088495575
2,clab-nebula-serf87,40,1.5,120,9,9,0,111,1.0,0.075,0.075
2,clab-nebula-serf87,45,1.5,132,9,9,0,123,1.0,0.06818181818181818,0.06818181818181818
2,clab-nebula-serf87,50,1.5,145,78,78,0,67,1.0,0.5379310344827586,0.5379310344827586
2,clab-nebula-serf87,55,1.5,155,161,155,6,0,0.9627329192546584,1.0,0.9627329192546584
2,clab-nebula-serf87,60,1.5,158,161,158,3,0,0.9813664596273292,1.0,0.9813664596273292
2,clab-nebula-serf88,5,1.5,3,0,0,0,3,0,0.0,0.0
2,clab-nebula-serf88,10,1.5,3,0,0,0,3,0,0.0,0.0
2,clab-nebula-serf88,15,1.5,8,0,0,0,8,0,0.0,0.0
2,clab-nebula-serf88,20,1.5,19,0,0,0,19,0,0.0,0.0
2,clab-nebula-serf88,25,1.5,42,1,1,0,41,1.0,0.023809523809523808,0.023809523809523808
2,clab-nebula-serf88,30,1.5,72,1,1,0,71,1.0,0.013888888888888888,0.013888888888888888
2,clab-nebula-serf88,35,1.5,100,1,1,0,99,1.0,0.01,0.01
2,clab-nebula-serf88,40,1.5,120,1,1,0,119,1.0,0.008333333333333333,0.008333333333333333
2,clab-nebula-serf88,45,1.5,127,1,1,0,126,1.0,0.007874015748031496,0.007874015748031496
2,clab-nebula-serf88,50,1.5,136,1,1,0,135,1.0,0.007352941176470588,0.007352941176470588
2,clab-nebula-serf88,55,1.5,154,161,154,7,0,0.9565217391304348,1.0,0.9565217391304348
2,clab-nebula-serf88,60,1.5,158,161,158,3,0,0.9813664596273292,1.0,0.9813664596273292
2,clab-nebula-serf153,5,1.5,0,0,0,0,0,0.0,0.0,0.0
2,clab-nebula-serf153,10,1.5,0,0,0,0,0,0.0,0.0,0.0
2,clab-nebula-serf153,15,1.5,1,0,0,0,1,0,0.0,0.0
2,clab-nebula-serf153,20,1.5,9,0,0,0,9,0,0.0,0.0
2,clab-nebula-serf153,25,1.5,12,0,0,0,12,0,0.0,0.0
2,clab-nebula-serf153,30,1.5,24,0,0,0,24,0,0.0,0.0
2,clab-nebula-serf153,35,1.5,42,51,23,28,19,0.45098039215686275,0.5476190476190477,0.32857142857142857
2,clab-nebula-serf153,40,1.5,55,51,27,24,28,0.5294117647058824,0.4909090909090909,0.34177215189873417
2,clab-nebula-serf153,45,1.5,81,57,48,9,33,0.8421052631578947,0.5925925925925926,0.5333333333333333
2,clab-nebula-serf153,50,1.5,114,58,54,4,60,0.9310344827586207,0.47368421052631576,0.4576271186440678
2,clab-nebula-serf153,55,1.5,137,58,56,2,81,0.9655172413793104,0.40875912408759124,0.4028776978417266
2,clab-nebula-serf153,60,1.5,148,58,58,0,90,1.0,0.3918918918918919,0.3918918918918919
2,clab-nebula-serf53,5,1.5,0,0,0,0,0,0.0,0.0,0.0
2,clab-nebula-serf53,10,1.5,8,0,0,0,8,0,0.0,0.0
2,clab-nebula-serf53,15,1.5,25,0,0,0,25,0,0.0,0.0
2,clab-nebula-serf53,20,1.5,64,23,19,4,45,0.8260869565217391,0.296875,0.27941176470588236
2,clab-nebula-serf53,25,1.5,81,44,41,3,40,0.9318181818181818,0.5061728395061729,0.4880952380952381
2,clab-nebula-serf53,30,1.5,97,45,45,0,52,1.0,0.4639175257731959,0.4639175257731959
2,clab-nebula-serf53,35,1.5,118,45,45,0,73,1.0,0.3813559322033898,0.3813559322033898
2,clab-nebula-serf53,40,1.5,121,45,45,0,76,1.0,0.371900826446281,0.371900826446281
2,clab-nebula-serf53,45,1.5,125,45,45,0,80,1.0,0.36,0.36
2,clab-nebula-serf53,50,1.5,151,78,78,0,73,1.0,0.5165562913907285,0.5165562913907285
2,clab-nebula-serf53,55,1.5,154,78,78,0,76,1.0,0.5064935064935064,0.5064935064935064
2,clab-nebula-serf53,60,1.5,157,161,157,4,0,0.9751552795031055,1.0,0.9751552795031055
2,clab-nebula-serf69,5,1.5,0,0,0,0,0,0.0,0.0,0.0
2,clab-nebula-serf69,10,1.5,14,0,0,0,14,0,0.0,0.0
2,clab-nebula-serf69,15,1.5,31,0,0,0,31,0,0.0,0.0
2,clab-nebula-serf69,20,1.5,54,0,0,0,54,0,0.0,0.0
2,clab-nebula-serf69,25,1.5,84,30,27,3,57,0.9,0.32142857142857145,0.3103448275862069
2,clab-nebula-serf69,30,1.5,107,30,29,1,78,0.9666666666666667,0.27102803738317754,0.26851851851851855
2,clab-nebula-serf69,35,1.5,119,30,29,1,90,0.9666666666666667,0.24369747899159663,0.24166666666666667
2,clab-nebula-serf69,40,1.5,125,30,30,0,95,1.0,0.24,0.24
2,clab-nebula-serf69,45,1.5,147,30,30,0,117,1.0,0.20408163265306123,0.20408163265306123
2,clab-nebula-serf69,50,1.5,154,30,30,0,124,1.0,0.19480519480519481,0.19480519480519481
2,clab-nebula-serf69,55,1.5,158,161,158,3,0,0.9813664596273292,1.0,0.9813664596273292
2,clab-nebula-serf69,60,1.5,161,161,161,0,0,1.0,1.0,1.0
2,clab-nebula-serf60,5,1.5,4,0,0,0,4,0,0.0,0.0
2,clab-nebula-serf60,10,1.5,10,0,0,0,10,0,0.0,0.0
2,clab-nebula-serf60,15,1.5,42,23,15,8,27,0.6521739130434783,0.35714285714285715,0.3
2,clab-nebula-serf60,20,1.5,70,23,19,4,51,0.8260869565217391,0.2714285714285714,0.25675675675675674
2,clab-nebula-serf60,25,1.5,87,44,41,3,46,0.9318181818181818,0.47126436781609193,0.45555555555555555
2,clab-nebula-serf60,30,1.5,111,76,71,5,40,0.9342105263157895,0.6396396396396397,0.6120689655172413
2,clab-nebula-serf60,35,1.5,120,76,75,1,45,0.9868421052631579,0.625,0.6198347107438017
2,clab-nebula-serf60,40,1.5,124,76,76,0,48,1.0,0.6129032258064516,0.6129032258064516
2,clab-nebula-serf60,45,1.5,143,78,78,0,65,1.0,0.5454545454545454,0.5454545454545454
2,clab-nebula-serf60,50,1.5,154,78,78,0,76,1.0,0.5064935064935064,0.5064935064935064
2,clab-nebula-serf60,55,1.5,154,78,78,0,76,1.0,0.5064935064935064,0.5064935064935064
2,clab-nebula-serf60,60,1.5,158,161,158,3,0,0.9813664596273292,1.0,0.9813664596273292
2,clab-nebula-serf145,5,1.5,0,0,0,0,0,0.0,0.0,0.0
2,clab-nebula-serf145,10,1.5,0,0,0,0,0,0.0,0.0,0.0
2,clab-nebula-serf145,15,1.5,1,0,0,0,1,0,0.0,0.0
2,clab-nebula-serf145,20,1.5,5,0,0,0,5,0,0.0,0.0
2,clab-nebula-serf145,25,1.5,7,0,0,0,7,0,0.0,0.0
2,clab-nebula-serf145,30,1.5,15,15,4,11,11,0.26666666666666666,0.26666666666666666,0.15384615384615385
2,clab-nebula-serf145,35,1.5,37,15,15,0,22,1.0,0.40540540540540543,0.40540540540540543
2,clab-nebula-serf145,40,1.5,56,15,15,0,41,1.0,0.26785714285714285,0.26785714285714285
2,clab-nebula-serf145,45,1.5,66,26,24,2,42,0.9230769230769231,0.36363636363636365,0.35294117647058826
2,clab-nebula-serf145,50,1.5,104,26,26,0,78,1.0,0.25,0.25
2,clab-nebula-serf145,55,1.5,130,161,130,31,0,0.8074534161490683,1.0,0.8074534161490683
2,clab-nebula-serf145,60,1.5,145,161,145,16,0,0.9006211180124224,1.0,0.9006211180124224
2,clab-nebula-serf6,5,1.5,1,0,0,0,1,0,0.0,0.0
2,clab-nebula-serf6,10,1.5,7,0,0,0,7,0,0.0,0.0
2,clab-nebula-serf6,15,1.5,18,39,15,24,3,0.38461538461538464,0.8333333333333334,0.35714285714285715
2,clab-nebula-serf6,20,1.5,32,39,25,14,7,0.6410256410256411,0.78125,0.5434782608695652
2,clab-nebula-serf6,25,1.5,68,39,34,5,34,0.8717948717948718,0.5,0.4657534246575342
2,clab-nebula-serf6,30,1.5,86,45,43,2,43,0.9555555555555556,0.5,0.48863636363636365
2,clab-nebula-serf6,35,1.5,98,45,45,0,53,1.0,0.45918367346938777,0.45918367346938777
2,clab-nebula-serf6,40,1.5,117,47,47,0,70,1.0,0.4017094017094017,0.4017094017094017
2,clab-nebula-serf6,45,1.5,120,47,47,0,73,1.0,0.39166666666666666,0.39166666666666666
2,clab-nebula-serf6,50,1.5,124,78,78,0,46,1.0,0.6290322580645161,0.6290322580645161
2,clab-nebula-serf6,55,1.5,151,78,78,0,73,1.0,0.5165562913907285,0.5165562913907285
2,clab-nebula-serf6,60,1.5,155,161,155,6,0,0.9627329192546584,1.0,0.9627329192546584
2,clab-nebula-serf11,5,1.5,2,0,0,0,2,0,0.0,0.0
2,clab-nebula-serf11,10,1.5,14,0,0,0,14,0,0.0,0.0
2,clab-nebula-serf11,15,1.5,26,39,21,18,5,0.5384615384615384,0.8076923076923077,0.4772727272727273
2,clab-nebula-serf11,20,1.5,57,39,31,8,26,0.7948717948717948,0.543859649122807,0.47692307692307695
2,clab-nebula-serf11,25,1.5,82,45,42,3,40,0.9333333333333333,0.5121951219512195,0.49411764705882355
2,clab-nebula-serf11,30,1.5,93,45,45,0,48,1.0,0.4838709677419355,0.4838709677419355
2,clab-nebula-serf11,35,1.5,112,45,45,0,67,1.0,0.4017857142857143,0.4017857142857143
2,clab-nebula-serf11,40,1.5,120,45,45,0,75,1.0,0.375,0.375
2,clab-nebula-serf11,45,1.5,124,76,76,0,48,1.0,0.6129032258064516,0.6129032258064516
2,clab-nebula-serf11,50,1.5,142,78,78,0,64,1.0,0.5492957746478874,0.5492957746478874
2,clab-nebula-serf11,55,1.5,154,78,78,0,76,1.0,0.5064935064935064,0.5064935064935064
2,clab-nebula-serf11,60,1.5,157,161,157,4,0,0.9751552795031055,1.0,0.9751552795031055
2,clab-nebula-serf98,5,1.5,1,0,0,0,1,0,0.0,0.0
2,clab-nebula-serf98,10,1.5,7,0,0,0,7,0,0.0,0.0
2,clab-nebula-serf98,15,1.5,7,0,0,0,7,0,0.0,0.0
2,clab-nebula-serf98,20,1.5,8,7,7,0,1,1.0,0.875,0.875
2,clab-nebula-serf98,25,1.5,14,7,7,0,7,1.0,0.5,0.5
2,clab-nebula-serf98,30,1.5,29,9,7,2,22,0.7777777777777778,0.2413793103448276,0.22580645161290322
2,clab-nebula-serf98,35,1.5,71,9,8,1,63,0.8888888888888888,0.11267605633802817,0.1111111111111111
2,clab-nebula-serf98,40,1.5,121,161,121,40,0,0.7515527950310559,1.0,0.7515527950310559
2,clab-nebula-serf98,45,1.5,144,161,144,17,0,0.8944099378881988,1.0,0.8944099378881988
2,clab-nebula-serf98,50,1.5,156,161,156,5,0,0.968944099378882,1.0,0.968944099378882
2,clab-nebula-serf98,55,1.5,160,161,160,1,0,0.9937888198757764,1.0,0.9937888198757764
2,clab-nebula-serf98,60,1.5,161,161,161,0,0,1.0,1.0,1.0
2,clab-nebula-serf138,5,1.5,0,0,0,0,0,0.0,0.0,0.0
2,clab-nebula-serf138,10,1.5,0,0,0,0,0,0.0,0.0,0.0
2,clab-nebula-serf138,15,1.5,1,0,0,0,1,0,0.0,0.0
2,clab-nebula-serf138,20,1.5,14,0,0,0,14,0,0.0,0.0
2,clab-nebula-serf138,25,1.5,14,0,0,0,14,0,0.0,0.0
2,clab-nebula-serf138,30,1.5,26,11,11,0,15,1.0,0.4230769230769231,0.4230769230769231
2,clab-nebula-serf138,35,1.5,43,11,11,0,32,1.0,0.2558139534883721,0.2558139534883721
2,clab-nebula-serf138,40,1.5,55,15,15,0,40,1.0,0.2727272727272727,0.2727272727272727
2,clab-nebula-serf138,45,1.5,90,26,26,0,64,1.0,0.28888888888888886,0.28888888888888886
2,clab-nebula-serf138,50,1.5,115,26,26,0,89,1.0,0.22608695652173913,0.22608695652173913
2,clab-nebula-serf138,55,1.5,137,161,137,24,0,0.8509316770186336,1.0,0.8509316770186336
2,clab-nebula-serf138,60,1.5,147,161,147,14,0,0.9130434782608695,1.0,0.9130434782608695
2,clab-nebula-serf150,5,1.5,0,0,0,0,0,0.0,0.0,0.0
2,clab-nebula-serf150,10,1.5,0,0,0,0,0,0.0,0.0,0.0
2,clab-nebula-serf150,15,1.5,1,0,0,0,1,0,0.0,0.0
2,clab-nebula-serf150,20,1.5,9,0,0,0,9,0,0.0,0.0
2,clab-nebula-serf150,25,1.5,17,0,0,0,17,0,0.0,0.0
2,clab-nebula-serf150,30,1.5,23,51,16,35,7,0.3137254901960784,0.6956521739130435,0.27586206896551724
2,clab-nebula-serf150,35,1.5,42,51,22,29,20,0.43137254901960786,0.5238095238095238,0.30985915492957744
2,clab-nebula-serf150,40,1.5,54,51,27,24,27,0.5294117647058824,0.5,0.34615384615384615
2,clab-nebula-serf150,45,1.5,79,57,48,9,31,0.8421052631578947,0.6075949367088608,0.5454545454545454
2,clab-nebula-serf150,50,1.5,117,161,117,44,0,0.7267080745341615,1.0,0.7267080745341615
2,clab-nebula-serf150,55,1.5,141,161,141,20,0,0.8757763975155279,1.0,0.8757763975155279
2,clab-nebula-serf150,60,1.5,152,161,152,9,0,0.9440993788819876,1.0,0.9440993788819876
2,clab-nebula-serf18,5,1.5,0,0,0,0,0,0.0,0.0,0.0
2,clab-nebula-serf18,10,1.5,5,0,0,0,5,0,0.0,0.0
2,clab-nebula-serf18,15,1.5,20,40,17,23,3,0.425,0.85,0.3953488372093023
2,clab-nebula-serf18,20,1.5,47,45,29,16,18,0.6444444444444445,0.6170212765957447,0.4603174603174603
2,clab-nebula-serf18,25,1.5,75,45,40,5,35,0.8888888888888888,0.5333333333333333,0.5
2,clab-nebula-serf18,30,1.5,90,45,44,1,46,0.9777777777777777,0.4888888888888889,0.4835164835164835
2,clab-nebula-serf18,35,1.5,103,47,47,0,56,1.0,0.4563106796116505,0.4563106796116505
2,clab-nebula-serf18,40,1.5,120,47,47,0,73,1.0,0.39166666666666666,0.39166666666666666
2,clab-nebula-serf18,45,1.5,123,47,47,0,76,1.0,0.3821138211382114,0.3821138211382114
2,clab-nebula-serf18,50,1.5,140,78,78,0,62,1.0,0.5571428571428572,0.5571428571428572
2,clab-nebula-serf18,55,1.5,151,78,78,0,73,1.0,0.5165562913907285,0.5165562913907285
2,clab-nebula-serf18,60,1.5,157,161,157,4,0,0.9751552795031055,1.0,0.9751552795031055
2,clab-nebula-serf30,5,1.5,1,0,0,0,1,0,0.0,0.0
2,clab-nebula-serf30,10,1.5,13,0,0,0,13,0,0.0,0.0
2,clab-nebula-serf30,15,1.5,28,0,0,0,28,0,0.0,0.0
2,clab-nebula-serf30,20,1.5,45,48,37,11,8,0.7708333333333334,0.8222222222222222,0.6607142857142857
2,clab-nebula-serf30,25,1.5,81,48,45,3,36,0.9375,0.5555555555555556,0.5357142857142857
2,clab-nebula-serf30,30,1.5,93,76,66,10,27,0.868421052631579,0.7096774193548387,0.6407766990291263
2,clab-nebula-serf30,35,1.5,102,76,68,8,34,0.8947368421052632,0.6666666666666666,0.6181818181818182
2,clab-nebula-serf30,40,1.5,119,76,76,0,43,1.0,0.6386554621848739,0.6386554621848739
2,clab-nebula-serf30,45,1.5,124,76,76,0,48,1.0,0.6129032258064516,0.6129032258064516
2,clab-nebula-serf30,50,1.5,128,76,76,0,52,1.0,0.59375,0.59375
2,clab-nebula-serf30,55,1.5,154,78,78,0,76,1.0,0.5064935064935064,0.5064935064935064
2,clab-nebula-serf30,60,1.5,154,78,78,0,76,1.0,0.5064935064935064,0.5064935064935064
2,clab-nebula-serf44,5,1.5,3,0,0,0,3,0,0.0,0.0
2,clab-nebula-serf44,10,1.5,10,0,0,0,10,0,0.0,0.0
2,clab-nebula-serf44,15,1.5,23,0,0,0,23,0,0.0,0.0
2,clab-nebula-serf44,20,1.5,47,30,18,12,29,0.6,0.3829787234042553,0.3050847457627119
2,clab-nebula-serf44,25,1.5,81,48,45,3,36,0.9375,0.5555555555555556,0.5357142857142857
2,clab-nebula-serf44,30,1.5,99,76,65,11,34,0.8552631578947368,0.6565656565656566,0.5909090909090909
2,clab-nebula-serf44,35,1.5,120,76,76,0,44,1.0,0.6333333333333333,0.6333333333333333
2,clab-nebula-serf44,40,1.5,124,76,76,0,48,1.0,0.6129032258064516,0.6129032258064516
2,clab-nebula-serf44,45,1.5,127,76,76,0,51,1.0,0.5984251968503937,0.5984251968503937
2,clab-nebula-serf44,50,1.5,154,78,78,0,76,1.0,0.5064935064935064,0.5064935064935064
2,clab-nebula-serf44,55,1.5,154,78,78,0,76,1.0,0.5064935064935064,0.5064935064935064
2,clab-nebula-serf44,60,1.5,156,78,78,0,78,1.0,0.5,0.5
2,clab-nebula-serf131,5,1.5,0,0,0,0,0,0.0,0.0,0.0
2,clab-nebula-serf131,10,1.5,0,0,0,0,0,0.0,0.0,0.0
2,clab-nebula-serf131,15,1.5,3,0,0,0,3,0,0.0,0.0
2,clab-nebula-serf131,20,1.5,14,0,0,0,14,0,0.0,0.0
2,clab-nebula-serf131,25,1.5,18,11,11,0,7,1.0,0.6111111111111112,0.6111111111111112
2,clab-nebula-serf131,30,1.5,29,11,11,0,18,1.0,0.3793103448275862,0.3793103448275862
2,clab-nebula-serf131,35,1.5,45,11,11,0,34,1.0,0.24444444444444444,0.24444444444444444
2,clab-nebula-serf131,40,1.5,69,26,24,2,45,0.9230769230769231,0.34782608695652173,0.3380281690140845
2,clab-nebula-serf131,45,1.5,95,26,26,0,69,1.0,0.2736842105263158,0.2736842105263158
2,clab-nebula-serf131,50,1.5,122,32,28,4,94,0.875,0.22950819672131148,0.2222222222222222
2,clab-nebula-serf131,55,1.5,137,161,137,24,0,0.8509316770186336,1.0,0.8509316770186336
2,clab-nebula-serf131,60,1.5,149,161,149,12,0,0.9254658385093167,1.0,0.9254658385093167
2,clab-nebula-serf35,5,1.5,0,0,0,0,0,0.0,0.0,0.0
2,clab-nebula-serf35,10,1.5,1,0,0,0,1,0,0.0,0.0
2,clab-nebula-serf35,15,1.5,7,0,0,0,7,0,0.0,0.0
2,clab-nebula-serf35,20,1.5,26,0,0,0,26,0,0.0,0.0
2,clab-nebula-serf35,25,1.5,63,29,25,4,38,0.8620689655172413,0.3968253968253968,0.373134328358209
2,clab-nebula-serf35,30,1.5,85,29,28,1,57,0.9655172413793104,0.32941176470588235,0.32558139534883723
2,clab-nebula-serf35,35,1.5,95,76,66,10,29,0.868421052631579,0.6947368421052632,0.6285714285714286
2,clab-nebula-serf35,40,1.5,111,76,69,7,42,0.9078947368421053,0.6216216216216216,0.5847457627118644
2,clab-nebula-serf35,45,1.5,121,76,76,0,45,1.0,0.628099173553719,0.628099173553719
2,clab-nebula-serf35,50,1.5,124,76,76,0,48,1.0,0.6129032258064516,0.6129032258064516
2,clab-nebula-serf35,55,1.5,145,78,78,0,67,1.0,0.5379310344827586,0.5379310344827586
2,clab-nebula-serf35,60,1.5,154,78,78,0,76,1.0,0.5064935064935064,0.5064935064935064
2,clab-nebula-serf40,5,1.5,0,0,0,0,0,0.0,0.0,0.0
2,clab-nebula-serf40,10,1.5,1,0,0,0,1,0,0.0,0.0
2,clab-nebula-serf40,15,1.5,11,0,0,0,11,0,0.0,0.0
2,clab-nebula-serf40,20,1.5,35,23,12,11,23,0.5217391304347826,0.34285714285714286,0.2608695652173913
2,clab-nebula-serf40,25,1.5,71,29,26,3,45,0.896551724137931,0.36619718309859156,0.35135135135135137
2,clab-nebula-serf40,30,1.5,87,29,28,1,59,0.9655172413793104,0.3218390804597701,0.3181818181818182
2,clab-nebula-serf40,35,1.5,98,48,48,0,50,1.0,0.4897959183673469,0.4897959183673469
2,clab-nebula-serf40,40,1.5,118,76,74,2,44,0.9736842105263158,0.6271186440677966,0.6166666666666667
2,clab-nebula-serf40,45,1.5,122,76,76,0,46,1.0,0.6229508196721312,0.6229508196721312
2,clab-nebula-serf40,50,1.5,126,76,76,0,50,1.0,0.6031746031746031,0.6031746031746031
2,clab-nebula-serf40,55,1.5,153,78,78,0,75,1.0,0.5098039215686274,0.5098039215686274
2,clab-nebula-serf40,60,1.5,154,78,78,0,76,1.0,0.5064935064935064,0.5064935064935064
2,clab-nebula-serf144,5,1.5,0,0,0,0,0,0.0,0.0,0.0
2,clab-nebula-serf144,10,1.5,0,0,0,0,0,0.0,0.0,0.0
2,clab-nebula-serf144,15,1.5,7,0,0,0,7,0,0.0,0.0
2,clab-nebula-serf144,20,1.5,12,15,3,12,9,0.2,0.25,0.125
2,clab-nebula-serf144,25,1.5,23,15,9,6,14,0.6,0.391304347826087,0.3103448275862069
2,clab-nebula-serf144,30,1.5,55,15,15,0,40,1.0,0.2727272727272727,0.2727272727272727
2,clab-nebula-serf144,35,1.5,60,15,15,0,45,1.0,0.25,0.25
2,clab-nebula-serf144,40,1.5,95,26,24,2,71,0.9230769230769231,0.25263157894736843,0.24742268041237114
2,clab-nebula-serf144,45,1.5,126,32,28,4,98,0.875,0.2222222222222222,0.2153846153846154
2,clab-nebula-serf144,50,1.5,141,161,141,20,0,0.8757763975155279,1.0,0.8757763975155279
2,clab-nebula-serf144,55,1.5,151,161,151,10,0,0.937888198757764,1.0,0.937888198757764
2,clab-nebula-serf144,60,1.5,155,161,155,6,0,0.9627329192546584,1.0,0.9627329192546584
2,clab-nebula-serf152,5,1.5,0,0,0,0,0,0.0,0.0,0.0
2,clab-nebula-serf152,10,1.5,1,0,0,0,1,0,0.0,0.0
2,clab-nebula-serf152,15,1.5,11,0,0,0,11,0,0.0,0.0
2,clab-nebula-serf152,20,1.5,14,0,0,0,14,0,0.0,0.0
2,clab-nebula-serf152,25,1.5,24,0,0,0,24,0,0.0,0.0
2,clab-nebula-serf152,30,1.5,47,0,0,0,47,0,0.0,0.0
2,clab-nebula-serf152,35,1.5,60,57,35,22,25,0.6140350877192983,0.5833333333333334,0.4268292682926829
2,clab-nebula-serf152,40,1.5,89,57,50,7,39,0.8771929824561403,0.5617977528089888,0.5208333333333334
2,clab-nebula-serf152,45,1.5,122,58,55,3,67,0.9482758620689655,0.45081967213114754,0.44
2,clab-nebula-serf152,50,1.5,143,58,56,2,87,0.9655172413793104,0.3916083916083916,0.38620689655172413
2,clab-nebula-serf152,55,1.5,152,58,58,0,94,1.0,0.3815789473684211,0.3815789473684211
2,clab-nebula-serf152,60,1.5,156,161,156,5,0,0.968944099378882,1.0,0.968944099378882
2,clab-nebula-serf162,5,1.5,0,0,0,0,0,0.0,0.0,0.0
2,clab-nebula-serf162,10,1.5,0,0,0,0,0,0.0,0.0,0.0
2,clab-nebula-serf162,15,1.5,5,0,0,0,5,0,0.0,0.0
2,clab-nebula-serf162,20,1.5,5,0,0,0,5,0,0.0,0.0
2,clab-nebula-serf162,25,1.5,5,0,0,0,5,0,0.0,0.0
2,clab-nebula-serf162,30,1.5,9,0,0,0,9,0,0.0,0.0
2,clab-nebula-serf162,35,1.5,20,0,0,0,20,0,0.0,0.0
2,clab-nebula-serf162,40,1.5,35,0,0,0,35,0,0.0,0.0
2,clab-nebula-serf162,45,1.5,40,0,0,0,40,0,0.0,0.0
2,clab-nebula-serf162,50,1.5,54,0,0,0,54,0,0.0,0.0
2,clab-nebula-serf162,55,1.5,74,57,45,12,29,0.7894736842105263,0.6081081081081081,0.5232558139534884
2,clab-nebula-serf162,60,1.5,113,58,53,5,60,0.9137931034482759,0.4690265486725664,0.4491525423728814
2,clab-nebula-serf41,5,1.5,0,0,0,0,0,0.0,0.0,0.0
2,clab-nebula-serf41,10,1.5,0,0,0,0,0,0.0,0.0,0.0
2,clab-nebula-serf41,15,1.5,1,0,0,0,1,0,0.0,0.0
2,clab-nebula-serf41,20,1.5,14,23,6,17,8,0.2608695652173913,0.42857142857142855,0.1935483870967742
2,clab-nebula-serf41,25,1.5,40,23,14,9,26,0.6086956521739131,0.35,0.2857142857142857
2,clab-nebula-serf41,30,1.5,74,23,20,3,54,0.8695652173913043,0.2702702702702703,0.2597402597402597
2,clab-nebula-serf41,35,1.5,89,29,28,1,61,0.9655172413793104,0.3146067415730337,0.3111111111111111
2,clab-nebula-serf41,40,1.5,99,76,66,10,33,0.868421052631579,0.6666666666666666,0.6055045871559633
2,clab-nebula-serf41,45,1.5,118,76,74,2,44,0.9736842105263158,0.6271186440677966,0.6166666666666667
2,clab-nebula-serf41,50,1.5,121,76,76,0,45,1.0,0.628099173553719,0.628099173553719
2,clab-nebula-serf41,55,1.5,126,76,76,0,50,1.0,0.6031746031746031,0.6031746031746031
2,clab-nebula-serf41,60,1.5,153,78,78,0,75,1.0,0.5098039215686274,0.5098039215686274
2,clab-nebula-serf72,5,1.5,1,0,0,0,1,0,0.0,0.0
2,clab-nebula-serf72,10,1.5,16,0,0,0,16,0,0.0,0.0
2,clab-nebula-serf72,15,1.5,31,0,0,0,31,0,0.0,0.0
2,clab-nebula-serf72,20,1.5,54,0,0,0,54,0,0.0,0.0
2,clab-nebula-serf72,25,1.5,84,30,27,3,57,0.9,0.32142857142857145,0.3103448275862069
2,clab-nebula-serf72,30,1.5,110,30,29,1,81,0.9666666666666667,0.2636363636363636,0.26126126126126126
2,clab-nebula-serf72,35,1.5,121,30,30,0,91,1.0,0.24793388429752067,0.24793388429752067
2,clab-nebula-serf72,40,1.5,125,30,30,0,95,1.0,0.24,0.24
2,clab-nebula-serf72,45,1.5,150,30,30,0,120,1.0,0.2,0.2
2,clab-nebula-serf72,50,1.5,154,30,30,0,124,1.0,0.19480519480519481,0.19480519480519481
2,clab-nebula-serf72,55,1.5,158,161,158,3,0,0.9813664596273292,1.0,0.9813664596273292
2,clab-nebula-serf72,60,1.5,161,161,161,0,0,1.0,1.0,1.0
2,clab-nebula-serf141,5,1.5,0,0,0,0,0,0.0,0.0,0.0
2,clab-nebula-serf141,10,1.5,0,0,0,0,0,0.0,0.0,0.0
2,clab-nebula-serf141,15,1.5,0,0,0,0,0,0.0,0.0,0.0
2,clab-nebula-serf141,20,1.5,14,0,0,0,14,0,0.0,0.0
2,clab-nebula-serf141,25,1.5,14,0,0,0,14,0,0.0,0.0
2,clab-nebula-serf141,30,1.5,26,11,11,0,15,1.0,0.4230769230769231,0.4230769230769231
2,clab-nebula-serf141,35,1.5,43,11,11,0,32,1.0,0.2558139534883721,0.2558139534883721
2,clab-nebula-serf141,40,1.5,59,11,11,0,48,1.0,0.1864406779661017,0.1864406779661017
2,clab-nebula-serf141,45,1.5,90,26,26,0,64,1.0,0.28888888888888886,0.28888888888888886
2,clab-nebula-serf141,50,1.5,116,32,28,4,88,0.875,0.2413793103448276,0.23333333333333334
2,clab-nebula-serf141,55,1.5,137,161,137,24,0,0.8509316770186336,1.0,0.8509316770186336
2,clab-nebula-serf141,60,1.5,149,161,149,12,0,0.9254658385093167,1.0,0.9254658385093167
2,clab-nebula-serf25,5,1.5,0,0,0,0,0,0.0,0.0,0.0
2,clab-nebula-serf25,10,1.5,4,0,0,0,4,0,0.0,0.0
2,clab-nebula-serf25,15,1.5,12,0,0,0,12,0,0.0,0.0
2,clab-nebula-serf25,20,1.5,28,0,0,0,28,0,0.0,0.0
2,clab-nebula-serf25,25,1.5,44,48,37,11,7,0.7708333333333334,0.8409090909090909,0.6727272727272727
2,clab-nebula-serf25,30,1.5,81,48,45,3,36,0.9375,0.5555555555555556,0.5357142857142857
2,clab-nebula-serf25,35,1.5,93,76,66,10,27,0.868421052631579,0.7096774193548387,0.6407766990291263
2,clab-nebula-serf25,40,1.5,102,76,68,8,34,0.8947368421052632,0.6666666666666666,0.6181818181818182
2,clab-nebula-serf25,45,1.5,119,76,76,0,43,1.0,0.6386554621848739,0.6386554621848739
2,clab-nebula-serf25,50,1.5,124,76,76,0,48,1.0,0.6129032258064516,0.6129032258064516
2,clab-nebula-serf25,55,1.5,127,76,76,0,51,1.0,0.5984251968503937,0.5984251968503937
2,clab-nebula-serf25,60,1.5,154,78,78,0,76,1.0,0.5064935064935064,0.5064935064935064
2,clab-nebula-serf50,5,1.5,3,0,0,0,3,0,0.0,0.0
2,clab-nebula-serf50,10,1.5,8,0,0,0,8,0,0.0,0.0
2,clab-nebula-serf50,15,1.5,23,0,0,0,23,0,0.0,0.0
2,clab-nebula-serf50,20,1.5,41,30,18,12,23,0.6,0.43902439024390244,0.33962264150943394
2,clab-nebula-serf50,25,1.5,81,48,45,3,36,0.9375,0.5555555555555556,0.5357142857142857
2,clab-nebula-serf50,30,1.5,93,76,64,12,29,0.8421052631578947,0.6881720430107527,0.6095238095238096
2,clab-nebula-serf50,35,1.5,118,76,76,0,42,1.0,0.6440677966101694,0.6440677966101694
2,clab-nebula-serf50,40,1.5,122,76,76,0,46,1.0,0.6229508196721312,0.6229508196721312
2,clab-nebula-serf50,45,1.5,125,76,76,0,49,1.0,0.608,0.608
2,clab-nebula-serf50,50,1.5,153,78,78,0,75,1.0,0.5098039215686274,0.5098039215686274
2,clab-nebula-serf50,55,1.5,154,78,78,0,76,1.0,0.5064935064935064,0.5064935064935064
2,clab-nebula-serf50,60,1.5,156,78,78,0,78,1.0,0.5,0.5
2,clab-nebula-serf51,5,1.5,1,0,0,0,1,0,0.0,0.0
2,clab-nebula-serf51,10,1.5,9,0,0,0,9,0,0.0,0.0
2,clab-nebula-serf51,15,1.5,24,0,0,0,24,0,0.0,0.0
2,clab-nebula-serf51,20,1.5,64,23,19,4,45,0.8260869565217391,0.296875,0.27941176470588236
2,clab-nebula-serf51,25,1.5,83,44,41,3,42,0.9318181818181818,0.4939759036144578,0.47674418604651164
2,clab-nebula-serf51,30,1.5,97,45,45,0,52,1.0,0.4639175257731959,0.4639175257731959
2,clab-nebula-serf51,35,1.5,118,45,45,0,73,1.0,0.3813559322033898,0.3813559322033898
2,clab-nebula-serf51,40,1.5,121,45,45,0,76,1.0,0.371900826446281,0.371900826446281
2,clab-nebula-serf51,45,1.5,126,45,45,0,81,1.0,0.35714285714285715,0.35714285714285715
2,clab-nebula-serf51,50,1.5,152,78,78,0,74,1.0,0.5131578947368421,0.5131578947368421
2,clab-nebula-serf51,55,1.5,154,78,78,0,76,1.0,0.5064935064935064,0.5064935064935064
2,clab-nebula-serf51,60,1.5,157,161,157,4,0,0.9751552795031055,1.0,0.9751552795031055
2,clab-nebula-serf66,5,1.5,0,0,0,0,0,0.0,0.0,0.0
2,clab-nebula-serf66,10,1.5,4,0,0,0,4,0,0.0,0.0
2,clab-nebula-serf66,15,1.5,27,0,0,0,27,0,0.0,0.0
2,clab-nebula-serf66,20,1.5,44,0,0,0,44,0,0.0,0.0
2,clab-nebula-serf66,25,1.5,79,0,0,0,79,0,0.0,0.0
2,clab-nebula-serf66,30,1.5,106,30,28,2,78,0.9333333333333333,0.2641509433962264,0.25925925925925924
2,clab-nebula-serf66,35,1.5,116,30,29,1,87,0.9666666666666667,0.25,0.24786324786324787
2,clab-nebula-serf66,40,1.5,123,30,30,0,93,1.0,0.24390243902439024,0.24390243902439024
2,clab-nebula-serf66,45,1.5,136,30,30,0,106,1.0,0.22058823529411764,0.22058823529411764
2,clab-nebula-serf66,50,1.5,154,30,30,0,124,1.0,0.19480519480519481,0.19480519480519481
2,clab-nebula-serf66,55,1.5,154,30,30,0,124,1.0,0.19480519480519481,0.19480519480519481
2,clab-nebula-serf66,60,1.5,158,161,158,3,0,0.9813664596273292,1.0,0.9813664596273292
2,clab-nebula-serf86,5,1.5,3,0,0,0,3,0,0.0,0.0
2,clab-nebula-serf86,10,1.5,4,0,0,0,4,0,0.0,0.0
2,clab-nebula-serf86,15,1.5,11,0,0,0,11,0,0.0,0.0
2,clab-nebula-serf86,20,1.5,29,0,0,0,29,0,0.0,0.0
2,clab-nebula-serf86,25,1.5,56,1,1,0,55,1.0,0.017857142857142856,0.017857142857142856
2,clab-nebula-serf86,30,1.5,85,9,1,8,84,0.1111111111111111,0.011764705882352941,0.010752688172043012
2,clab-nebula-serf86,35,1.5,115,9,9,0,106,1.0,0.0782608695652174,0.0782608695652174
2,clab-nebula-serf86,40,1.5,120,9,9,0,111,1.0,0.075,0.075
2,clab-nebula-serf86,45,1.5,134,9,9,0,125,1.0,0.06716417910447761,0.06716417910447761
2,clab-nebula-serf86,50,1.5,145,78,78,0,67,1.0,0.5379310344827586,0.5379310344827586
2,clab-nebula-serf86,55,1.5,155,161,155,6,0,0.9627329192546584,1.0,0.9627329192546584
2,clab-nebula-serf86,60,1.5,160,161,160,1,0,0.9937888198757764,1.0,0.9937888198757764
2,clab-nebula-serf90,5,1.5,2,0,0,0,2,0,0.0,0.0
2,clab-nebula-serf90,10,1.5,9,0,0,0,9,0,0.0,0.0
2,clab-nebula-serf90,15,1.5,30,0,0,0,30,0,0.0,0.0
2,clab-nebula-serf90,20,1.5,49,0,0,0,49,0,0.0,0.0
2,clab-nebula-serf90,25,1.5,78,23,22,1,56,0.9565217391304348,0.28205128205128205,0.27848101265822783
2,clab-nebula-serf90,30,1.5,101,39,36,3,65,0.9230769230769231,0.3564356435643564,0.34615384615384615
2,clab-nebula-serf90,35,1.5,119,45,45,0,74,1.0,0.37815126050420167,0.37815126050420167
2,clab-nebula-serf90,40,1.5,122,45,45,0,77,1.0,0.36885245901639346,0.36885245901639346
2,clab-nebula-serf90,45,1.5,137,47,47,0,90,1.0,0.34306569343065696,0.34306569343065696
2,clab-nebula-serf90,50,1.5,154,78,78,0,76,1.0,0.5064935064935064,0.5064935064935064
2,clab-nebula-serf90,55,1.5,155,78,78,0,77,1.0,0.5032258064516129,0.5032258064516129
2,clab-nebula-serf90,60,1.5,159,161,159,2,0,0.9875776397515528,1.0,0.9875776397515528
2,clab-nebula-serf143,5,1.5,0,0,0,0,0,0.0,0.0,0.0
2,clab-nebula-serf143,10,1.5,0,0,0,0,0,0.0,0.0,0.0
2,clab-nebula-serf143,15,1.5,1,0,0,0,1,0,0.0,0.0
2,clab-nebula-serf143,20,1.5,2,0,0,0,2,0,0.0,0.0
2,clab-nebula-serf143,25,1.5,7,0,0,0,7,0,0.0,0.0
2,clab-nebula-serf143,30,1.5,13,15,3,12,10,0.2,0.23076923076923078,0.12
2,clab-nebula-serf143,35,1.5,32,15,14,1,18,0.9333333333333333,0.4375,0.42424242424242425
2,clab-nebula-serf143,40,1.5,56,15,15,0,41,1.0,0.26785714285714285,0.26785714285714285
2,clab-nebula-serf143,45,1.5,66,26,24,2,42,0.9230769230769231,0.36363636363636365,0.35294117647058826
2,clab-nebula-serf143,50,1.5,103,26,26,0,77,1.0,0.2524271844660194,0.2524271844660194
2,clab-nebula-serf143,55,1.5,130,161,130,31,0,0.8074534161490683,1.0,0.8074534161490683
2,clab-nebula-serf143,60,1.5,145,161,145,16,0,0.9006211180124224,1.0,0.9006211180124224
2,clab-nebula-serf7,5,1.5,1,0,0,0,1,0,0.0,0.0
2,clab-nebula-serf7,10,1.5,9,0,0,0,9,0,0.0,0.0
2,clab-nebula-serf7,15,1.5,19,1,1,0,18,1.0,0.05263157894736842,0.05263157894736842
2,clab-nebula-serf7,20,1.5,33,39,25,14,8,0.6410256410256411,0.7575757575757576,0.5319148936170213
2,clab-nebula-serf7,25,1.5,67,39,34,5,33,0.8717948717948718,0.5074626865671642,0.4722222222222222
2,clab-nebula-serf7,30,1.5,86,45,44,1,42,0.9777777777777777,0.5116279069767442,0.5057471264367817
2,clab-nebula-serf7,35,1.5,99,45,45,0,54,1.0,0.45454545454545453,0.45454545454545453
2,clab-nebula-serf7,40,1.5,117,47,47,0,70,1.0,0.4017094017094017,0.4017094017094017
2,clab-nebula-serf7,45,1.5,120,47,47,0,73,1.0,0.39166666666666666,0.39166666666666666
2,clab-nebula-serf7,50,1.5,124,78,78,0,46,1.0,0.6290322580645161,0.6290322580645161
2,clab-nebula-serf7,55,1.5,151,78,78,0,73,1.0,0.5165562913907285,0.5165562913907285
2,clab-nebula-serf7,60,1.5,156,161,156,5,0,0.968944099378882,1.0,0.968944099378882
2,clab-nebula-serf37,5,1.5,2,0,0,0,2,0,0.0,0.0
2,clab-nebula-serf37,10,1.5,8,0,0,0,8,0,0.0,0.0
2,clab-nebula-serf37,15,1.5,29,24,10,14,19,0.4166666666666667,0.3448275862068966,0.23255813953488372
2,clab-nebula-serf37,20,1.5,65,29,26,3,39,0.896551724137931,0.4,0.38235294117647056
2,clab-nebula-serf37,25,1.5,85,29,28,1,57,0.9655172413793104,0.32941176470588235,0.32558139534883723
2,clab-nebula-serf37,30,1.5,96,76,67,9,29,0.881578947368421,0.6979166666666666,0.638095238095238
2,clab-nebula-serf37,35,1.5,111,76,69,7,42,0.9078947368421053,0.6216216216216216,0.5847457627118644
2,clab-nebula-serf37,40,1.5,121,76,76,0,45,1.0,0.628099173553719,0.628099173553719
2,clab-nebula-serf37,45,1.5,124,76,76,0,48,1.0,0.6129032258064516,0.6129032258064516
2,clab-nebula-serf37,50,1.5,146,78,78,0,68,1.0,0.5342465753424658,0.5342465753424658
2,clab-nebula-serf37,55,1.5,154,78,78,0,76,1.0,0.5064935064935064,0.5064935064935064
2,clab-nebula-serf37,60,1.5,156,161,156,5,0,0.968944099378882,1.0,0.968944099378882
2,clab-nebula-serf43,5,1.5,0,0,0,0,0,0.0,0.0,0.0
2,clab-nebula-serf43,10,1.5,5,0,0,0,5,0,0.0,0.0
2,clab-nebula-serf43,15,1.5,13,0,0,0,13,0,0.0,0.0
2,clab-nebula-serf43,20,1.5,27,0,0,0,27,0,0.0,0.0
2,clab-nebula-serf43,25,1.5,52,48,36,12,16,0.75,0.6923076923076923,0.5625
2,clab-nebula-serf43,30,1.5,82,48,45,3,37,0.9375,0.5487804878048781,0.5294117647058824
2,clab-nebula-serf43,35,1.5,98,76,66,10,32,0.868421052631579,0.673469387755102,0.6111111111111112
2,clab-nebula-serf43,40,1.5,119,76,76,0,43,1.0,0.6386554621848739,0.6386554621848739
2,clab-nebula-serf43,45,1.5,124,76,76,0,48,1.0,0.6129032258064516,0.6129032258064516
2,clab-nebula-serf43,50,1.5,126,76,76,0,50,1.0,0.6031746031746031,0.6031746031746031
2,clab-nebula-serf43,55,1.5,154,78,78,0,76,1.0,0.5064935064935064,0.5064935064935064
2,clab-nebula-serf43,60,1.5,154,78,78,0,76,1.0,0.5064935064935064,0.5064935064935064
2,clab-nebula-serf58,5,1.5,5,0,0,0,5,0,0.0,0.0
2,clab-nebula-serf58,10,1.5,19,0,0,0,19,0,0.0,0.0
2,clab-nebula-serf58,15,1.5,57,0,0,0,57,0,0.0,0.0
2,clab-nebula-serf58,20,1.5,79,0,0,0,79,0,0.0,0.0
2,clab-nebula-serf58,25,1.5,93,30,26,4,67,0.8666666666666667,0.27956989247311825,0.26804123711340205
2,clab-nebula-serf58,30,1.5,118,30,29,1,89,0.9666666666666667,0.2457627118644068,0.24369747899159663
2,clab-nebula-serf58,35,1.5,122,30,30,0,92,1.0,0.2459016393442623,0.2459016393442623
2,clab-nebula-serf58,40,1.5,125,30,30,0,95,1.0,0.24,0.24
2,clab-nebula-serf58,45,1.5,153,30,30,0,123,1.0,0.19607843137254902,0.19607843137254902
2,clab-nebula-serf58,50,1.5,154,30,30,0,124,1.0,0.19480519480519481,0.19480519480519481
2,clab-nebula-serf58,55,1.5,156,30,30,0,126,1.0,0.19230769230769232,0.19230769230769232
2,clab-nebula-serf58,60,1.5,160,161,160,1,0,0.9937888198757764,1.0,0.9937888198757764
2,clab-nebula-serf61,5,1.5,5,0,0,0,5,0,0.0,0.0
2,clab-nebula-serf61,10,1.5,20,0,0,0,20,0,0.0,0.0
2,clab-nebula-serf61,15,1.5,61,23,19,4,42,0.8260869565217391,0.3114754098360656,0.2923076923076923
2,clab-nebula-serf61,20,1.5,79,23,22,1,57,0.9565217391304348,0.27848101265822783,0.275
2,clab-nebula-serf61,25,1.5,93,45,43,2,50,0.9555555555555556,0.46236559139784944,0.45263157894736844
2,clab-nebula-serf61,30,1.5,118,45,45,0,73,1.0,0.3813559322033898,0.3813559322033898
2,clab-nebula-serf61,35,1.5,121,45,45,0,76,1.0,0.371900826446281,0.371900826446281
2,clab-nebula-serf61,40,1.5,124,76,76,0,48,1.0,0.6129032258064516,0.6129032258064516
2,clab-nebula-serf61,45,1.5,149,78,78,0,71,1.0,0.5234899328859061,0.5234899328859061
2,clab-nebula-serf61,50,1.5,154,78,78,0,76,1.0,0.5064935064935064,0.5064935064935064
2,clab-nebula-serf61,55,1.5,156,78,78,0,78,1.0,0.5,0.5
2,clab-nebula-serf61,60,1.5,158,161,158,3,0,0.9813664596273292,1.0,0.9813664596273292
2,clab-nebula-serf112,5,1.5,0,0,0,0,0,0.0,0.0,0.0
2,clab-nebula-serf112,10,1.5,0,0,0,0,0,0.0,0.0,0.0
2,clab-nebula-serf112,15,1.5,0,0,0,0,0,0.0,0.0,0.0
2,clab-nebula-serf112,20,1.5,0,0,0,0,0,0.0,0.0,0.0
2,clab-nebula-serf112,25,1.5,5,0,0,0,5,0,0.0,0.0
2,clab-nebula-serf112,30,1.5,18,30,9,21,9,0.3,0.5,0.23076923076923078
2,clab-nebula-serf112,35,1.5,34,32,21,11,13,0.65625,0.6176470588235294,0.4666666666666667
2,clab-nebula-serf112,40,1.5,64,33,31,2,33,0.9393939393939394,0.484375,0.4696969696969697
2,clab-nebula-serf112,45,1.5,103,33,32,1,71,0.9696969696969697,0.3106796116504854,0.3076923076923077
2,clab-nebula-serf112,50,1.5,136,58,52,6,84,0.896551724137931,0.38235294117647056,0.36619718309859156
2,clab-nebula-serf112,55,1.5,148,58,57,1,91,0.9827586206896551,0.38513513513513514,0.3825503355704698
2,clab-nebula-serf112,60,1.5,159,161,159,2,0,0.9875776397515528,1.0,0.9875776397515528
2,clab-nebula-serf15,5,1.5,1,0,0,0,1,0,0.0,0.0
2,clab-nebula-serf15,10,1.5,14,0,0,0,14,0,0.0,0.0
2,clab-nebula-serf15,15,1.5,32,39,22,17,10,0.5641025641025641,0.6875,0.4489795918367347
2,clab-nebula-serf15,20,1.5,68,39,33,6,35,0.8461538461538461,0.4852941176470588,0.44594594594594594
2,clab-nebula-serf15,25,1.5,88,45,44,1,44,0.9777777777777777,0.5,0.4943820224719101
2,clab-nebula-serf15,30,1.5,100,45,45,0,55,1.0,0.45,0.45
2,clab-nebula-serf15,35,1.5,117,45,45,0,72,1.0,0.38461538461538464,0.38461538461538464
2,clab-nebula-serf15,40,1.5,121,45,45,0,76,1.0,0.371900826446281,0.371900826446281
2,clab-nebula-serf15,45,1.5,124,45,45,0,79,1.0,0.3629032258064516,0.3629032258064516
2,clab-nebula-serf15,50,1.5,151,78,78,0,73,1.0,0.5165562913907285,0.5165562913907285
2,clab-nebula-serf15,55,1.5,154,78,78,0,76,1.0,0.5064935064935064,0.5064935064935064
2,clab-nebula-serf15,60,1.5,158,161,158,3,0,0.9813664596273292,1.0,0.9813664596273292
2,clab-nebula-serf16,5,1.5,2,0,0,0,2,0,0.0,0.0
2,clab-nebula-serf16,10,1.5,17,0,0,0,17,0,0.0,0.0
2,clab-nebula-serf16,15,1.5,33,39,22,17,11,0.5641025641025641,0.6666666666666666,0.44
2,clab-nebula-serf16,20,1.5,69,39,34,5,35,0.8717948717948718,0.4927536231884058,0.4594594594594595
2,clab-nebula-serf16,25,1.5,88,45,44,1,44,0.9777777777777777,0.5,0.4943820224719101
2,clab-nebula-serf16,30,1.5,101,45,45,0,56,1.0,0.44554455445544555,0.44554455445544555
2,clab-nebula-serf16,35,1.5,119,45,45,0,74,1.0,0.37815126050420167,0.37815126050420167
2,clab-nebula-serf16,40,1.5,121,45,45,0,76,1.0,0.371900826446281,0.371900826446281
2,clab-nebula-serf16,45,1.5,126,45,45,0,81,1.0,0.35714285714285715,0.35714285714285715
2,clab-nebula-serf16,50,1.5,151,78,78,0,73,1.0,0.5165562913907285,0.5165562913907285
2,clab-nebula-serf16,55,1.5,155,78,78,0,77,1.0,0.5032258064516129,0.5032258064516129
2,clab-nebula-serf16,60,1.5,158,161,158,3,0,0.9813664596273292,1.0,0.9813664596273292
2,clab-nebula-serf77,5,1.5,3,0,0,0,3,0,0.0,0.0
2,clab-nebula-serf77,10,1.5,24,0,0,0,24,0,0.0,0.0
2,clab-nebula-serf77,15,1.5,38,0,0,0,38,0,0.0,0.0
2,clab-nebula-serf77,20,1.5,67,0,0,0,67,0,0.0,0.0
2,clab-nebula-serf77,25,1.5,90,30,27,3,63,0.9,0.3,0.2903225806451613
2,clab-nebula-serf77,30,1.5,113,30,29,1,84,0.9666666666666667,0.25663716814159293,0.2543859649122807
2,clab-nebula-serf77,35,1.5,121,30,30,0,91,1.0,0.24793388429752067,0.24793388429752067
2,clab-nebula-serf77,40,1.5,125,30,30,0,95,1.0,0.24,0.24
2,clab-nebula-serf77,45,1.5,151,30,30,0,121,1.0,0.1986754966887417,0.1986754966887417
2,clab-nebula-serf77,50,1.5,154,30,30,0,124,1.0,0.19480519480519481,0.19480519480519481
2,clab-nebula-serf77,55,1.5,158,161,158,3,0,0.9813664596273292,1.0,0.9813664596273292
2,clab-nebula-serf77,60,1.5,161,161,161,0,0,1.0,1.0,1.0
2,clab-nebula-serf121,5,1.5,0,0,0,0,0,0.0,0.0,0.0
2,clab-nebula-serf121,10,1.5,1,0,0,0,1,0,0.0,0.0
2,clab-nebula-serf121,15,1.5,8,0,0,0,8,0,0.0,0.0
2,clab-nebula-serf121,20,1.5,15,0,0,0,15,0,0.0,0.0
2,clab-nebula-serf121,25,1.5,32,32,20,12,12,0.625,0.625,0.45454545454545453
2,clab-nebula-serf121,30,1.5,81,33,31,2,50,0.9393939393939394,0.38271604938271603,0.37349397590361444
2,clab-nebula-serf121,35,1.5,121,58,54,4,67,0.9310344827586207,0.4462809917355372,0.432
2,clab-nebula-serf121,40,1.5,138,58,55,3,83,0.9482758620689655,0.39855072463768115,0.3900709219858156
2,clab-nebula-serf121,45,1.5,148,58,58,0,90,1.0,0.3918918918918919,0.3918918918918919
2,clab-nebula-serf121,50,1.5,160,161,160,1,0,0.9937888198757764,1.0,0.9937888198757764
2,clab-nebula-serf121,55,1.5,161,161,161,0,0,1.0,1.0,1.0
2,clab-nebula-serf121,60,1.5,161,161,161,0,0,1.0,1.0,1.0
2,clab-nebula-serf140,5,1.5,0,0,0,0,0,0.0,0.0,0.0
2,clab-nebula-serf140,10,1.5,0,0,0,0,0,0.0,0.0,0.0
2,clab-nebula-serf140,15,1.5,0,0,0,0,0,0.0,0.0,0.0
2,clab-nebula-serf140,20,1.5,13,0,0,0,13,0,0.0,0.0
2,clab-nebula-serf140,25,1.5,14,0,0,0,14,0,0.0,0.0
2,clab-nebula-serf140,30,1.5,25,11,11,0,14,1.0,0.44,0.44
2,clab-nebula-serf140,35,1.5,39,11,11,0,28,1.0,0.28205128205128205,0.28205128205128205
2,clab-nebula-serf140,40,1.5,52,15,15,0,37,1.0,0.28846153846153844,0.28846153846153844
2,clab-nebula-serf140,45,1.5,82,26,25,1,57,0.9615384615384616,0.3048780487804878,0.30120481927710846
2,clab-nebula-serf140,50,1.5,108,26,26,0,82,1.0,0.24074074074074073,0.24074074074074073
2,clab-nebula-serf140,55,1.5,136,161,136,25,0,0.84472049689441,1.0,0.84472049689441
2,clab-nebula-serf140,60,1.5,145,161,145,16,0,0.9006211180124224,1.0,0.9006211180124224
2,clab-nebula-serf148,5,1.5,0,0,0,0,0,0.0,0.0,0.0
2,clab-nebula-serf148,10,1.5,0,0,0,0,0,0.0,0.0,0.0
2,clab-nebula-serf148,15,1.5,0,0,0,0,0,0.0,0.0,0.0
2,clab-nebula-serf148,20,1.5,6,0,0,0,6,0,0.0,0.0
2,clab-nebula-serf148,25,1.5,12,0,0,0,12,0,0.0,0.0
2,clab-nebula-serf148,30,1.5,22,51,16,35,6,0.3137254901960784,0.7272727272727273,0.2807017543859649
2,clab-nebula-serf148,35,1.5,38,51,20,31,18,0.39215686274509803,0.5263157894736842,0.2898550724637681
2,clab-nebula-serf148,40,1.5,52,51,26,25,26,0.5098039215686274,0.5,0.33766233766233766
2,clab-nebula-serf148,45,1.5,68,57,42,15,26,0.7368421052631579,0.6176470588235294,0.5060240963855421
2,clab-nebula-serf148,50,1.5,103,57,53,4,50,0.9298245614035088,0.5145631067961165,0.4953271028037383
2,clab-nebula-serf148,55,1.5,133,58,56,2,77,0.9655172413793104,0.42105263157894735,0.4148148148148148
2,clab-nebula-serf148,60,1.5,148,58,58,0,90,1.0,0.3918918918918919,0.3918918918918919
2,clab-nebula-serf154,5,1.5,0,0,0,0,0,0.0,0.0,0.0
2,clab-nebula-serf154,10,1.5,0,0,0,0,0,0.0,0.0,0.0
2,clab-nebula-serf154,15,1.5,1,0,0,0,1,0,0.0,0.0
2,clab-nebula-serf154,20,1.5,9,0,0,0,9,0,0.0,0.0
2,clab-nebula-serf154,25,1.5,12,0,0,0,12,0,0.0,0.0
2,clab-nebula-serf154,30,1.5,23,0,0,0,23,0,0.0,0.0
2,clab-nebula-serf154,35,1.5,42,0,0,0,42,0,0.0,0.0
2,clab-nebula-serf154,40,1.5,55,0,0,0,55,0,0.0,0.0
2,clab-nebula-serf154,45,1.5,79,57,48,9,31,0.8421052631578947,0.6075949367088608,0.5454545454545454
2,clab-nebula-serf154,50,1.5,113,58,54,4,59,0.9310344827586207,0.4778761061946903,0.46153846153846156
2,clab-nebula-serf154,55,1.5,137,58,56,2,81,0.9655172413793104,0.40875912408759124,0.4028776978417266
2,clab-nebula-serf154,60,1.5,147,58,58,0,89,1.0,0.3945578231292517,0.3945578231292517
2,clab-nebula-serf156,5,1.5,0,0,0,0,0,0.0,0.0,0.0
2,clab-nebula-serf156,10,1.5,0,0,0,0,0,0.0,0.0,0.0
2,clab-nebula-serf156,15,1.5,4,0,0,0,4,0,0.0,0.0
2,clab-nebula-serf156,20,1.5,12,0,0,0,12,0,0.0,0.0
2,clab-nebula-serf156,25,1.5,18,0,0,0,18,0,0.0,0.0
2,clab-nebula-serf156,30,1.5,33,0,0,0,33,0,0.0,0.0
2,clab-nebula-serf156,35,1.5,49,0,0,0,49,0,0.0,0.0
2,clab-nebula-serf156,40,1.5,61,57,36,21,25,0.631578947368421,0.5901639344262295,0.43902439024390244
2,clab-nebula-serf156,45,1.5,99,57,53,4,46,0.9298245614035088,0.5353535353535354,0.5145631067961165
2,clab-nebula-serf156,50,1.5,130,58,56,2,74,0.9655172413793104,0.4307692307692308,0.42424242424242425
2,clab-nebula-serf156,55,1.5,145,58,56,2,89,0.9655172413793104,0.38620689655172413,0.38095238095238093
2,clab-nebula-serf156,60,1.5,154,58,58,0,96,1.0,0.37662337662337664,0.37662337662337664
2,clab-nebula-serf23,5,1.5,0,0,0,0,0,0.0,0.0,0.0
2,clab-nebula-serf23,10,1.5,0,0,0,0,0,0.0,0.0,0.0
2,clab-nebula-serf23,15,1.5,4,0,0,0,4,0,0.0,0.0
2,clab-nebula-serf23,20,1.5,11,0,0,0,11,0,0.0,0.0
2,clab-nebula-serf23,25,1.5,22,0,0,0,22,0,0.0,0.0
2,clab-nebula-serf23,30,1.5,39,30,15,15,24,0.5,0.38461538461538464,0.2777777777777778
2,clab-nebula-serf23,35,1.5,75,48,45,3,30,0.9375,0.6,0.5769230769230769
2,clab-nebula-serf23,40,1.5,91,76,65,11,26,0.8552631578947368,0.7142857142857143,0.6372549019607843
2,clab-nebula-serf23,45,1.5,99,76,68,8,31,0.8947368421052632,0.6868686868686869,0.6355140186915887
2,clab-nebula-serf23,50,1.5,117,76,75,1,42,0.9868421052631579,0.6410256410256411,0.635593220338983
2,clab-nebula-serf23,55,1.5,122,76,76,0,46,1.0,0.6229508196721312,0.6229508196721312
2,clab-nebula-serf23,60,1.5,124,76,76,0,48,1.0,0.6129032258064516,0.6129032258064516
2,clab-nebula-serf39,5,1.5,2,0,0,0,2,0,0.0,0.0
2,clab-nebula-serf39,10,1.5,15,24,6,18,9,0.25,0.4,0.18181818181818182
2,clab-nebula-serf39,15,1.5,53,29,22,7,31,0.7586206896551724,0.41509433962264153,0.36666666666666664
2,clab-nebula-serf39,20,1.5,81,29,27,2,54,0.9310344827586207,0.3333333333333333,0.3253012048192771
2,clab-nebula-serf39,25,1.5,90,29,29,0,61,1.0,0.32222222222222224,0.32222222222222224
2,clab-nebula-serf39,30,1.5,106,76,68,8,38,0.8947368421052632,0.6415094339622641,0.5964912280701754
2,clab-nebula-serf39,35,1.5,119,76,75,1,44,0.9868421052631579,0.6302521008403361,0.625
2,clab-nebula-serf39,40,1.5,124,76,76,0,48,1.0,0.6129032258064516,0.6129032258064516
2,clab-nebula-serf39,45,1.5,138,78,78,0,60,1.0,0.5652173913043478,0.5652173913043478
2,clab-nebula-serf39,50,1.5,154,78,78,0,76,1.0,0.5064935064935064,0.5064935064935064
2,clab-nebula-serf39,55,1.5,155,78,78,0,77,1.0,0.5032258064516129,0.5032258064516129
2,clab-nebula-serf39,60,1.5,158,161,158,3,0,0.9813664596273292,1.0,0.9813664596273292
2,clab-nebula-serf62,5,1.5,0,0,0,0,0,0.0,0.0,0.0
2,clab-nebula-serf62,10,1.5,4,0,0,0,4,0,0.0,0.0
2,clab-nebula-serf62,15,1.5,13,0,0,0,13,0,0.0,0.0
2,clab-nebula-serf62,20,1.5,48,23,15,8,33,0.6521739130434783,0.3125,0.26785714285714285
2,clab-nebula-serf62,25,1.5,73,23,21,2,52,0.9130434782608695,0.2876712328767123,0.28
2,clab-nebula-serf62,30,1.5,88,44,42,2,46,0.9545454545454546,0.4772727272727273,0.4666666666666667
2,clab-nebula-serf62,35,1.5,110,76,69,7,41,0.9078947368421053,0.6272727272727273,0.5897435897435898
2,clab-nebula-serf62,40,1.5,120,76,75,1,45,0.9868421052631579,0.625,0.6198347107438017
2,clab-nebula-serf62,45,1.5,124,76,76,0,48,1.0,0.6129032258064516,0.6129032258064516
2,clab-nebula-serf62,50,1.5,144,78,78,0,66,1.0,0.5416666666666666,0.5416666666666666
2,clab-nebula-serf62,55,1.5,154,78,78,0,76,1.0,0.5064935064935064,0.5064935064935064
2,clab-nebula-serf62,60,1.5,154,78,78,0,76,1.0,0.5064935064935064,0.5064935064935064
2,clab-nebula-serf107,5,1.5,0,0,0,0,0,0.0,0.0,0.0
2,clab-nebula-serf107,10,1.5,2,0,0,0,2,0,0.0,0.0
2,clab-nebula-serf107,15,1.5,6,0,0,0,6,0,0.0,0.0
2,clab-nebula-serf107,20,1.5,15,0,0,0,15,0,0.0,0.0
2,clab-nebula-serf107,25,1.5,40,30,24,6,16,0.8,0.6,0.5217391304347826
2,clab-nebula-serf107,30,1.5,71,30,29,1,42,0.9666666666666667,0.4084507042253521,0.4027777777777778
2,clab-nebula-serf107,35,1.5,104,32,32,0,72,1.0,0.3076923076923077,0.3076923076923077
2,clab-nebula-serf107,40,1.5,144,58,56,2,88,0.9655172413793104,0.3888888888888889,0.3835616438356164
2,clab-nebula-serf107,45,1.5,149,58,56,2,93,0.9655172413793104,0.37583892617449666,0.3708609271523179
2,clab-nebula-serf107,50,1.5,154,58,57,1,97,0.9827586206896551,0.37012987012987014,0.36774193548387096
2,clab-nebula-serf107,55,1.5,157,161,157,4,0,0.9751552795031055,1.0,0.9751552795031055
2,clab-nebula-serf107,60,1.5,161,161,161,0,0,1.0,1.0,1.0
2,clab-nebula-serf115,5,1.5,0,0,0,0,0,0.0,0.0,0.0
2,clab-nebula-serf115,10,1.5,0,0,0,0,0,0.0,0.0,0.0
2,clab-nebula-serf115,15,1.5,0,0,0,0,0,0.0,0.0,0.0
2,clab-nebula-serf115,20,1.5,0,0,0,0,0,0.0,0.0,0.0
2,clab-nebula-serf115,25,1.5,0,0,0,0,0,0.0,0.0,0.0
2,clab-nebula-serf115,30,1.5,0,0,0,0,0,0.0,0.0,0.0
2,clab-nebula-serf115,35,1.5,1,0,0,0,1,0,0.0,0.0
2,clab-nebula-serf115,40,1.5,3,0,0,0,3,0,0.0,0.0
2,clab-nebula-serf115,45,1.5,6,33,5,28,1,0.15151515151515152,0.8333333333333334,0.14705882352941177
2,clab-nebula-serf115,50,1.5,23,40,13,27,10,0.325,0.5652173913043478,0.26
2,clab-nebula-serf115,55,1.5,57,161,57,104,0,0.35403726708074534,1.0,0.35403726708074534
2,clab-nebula-serf115,60,1.5,103,161,103,58,0,0.639751552795031,1.0,0.639751552795031
2,clab-nebula-serf151,5,1.5,0,0,0,0,0,0.0,0.0,0.0
2,clab-nebula-serf151,10,1.5,0,0,0,0,0,0.0,0.0,0.0
2,clab-nebula-serf151,15,1.5,1,0,0,0,1,0,0.0,0.0
2,clab-nebula-serf151,20,1.5,11,0,0,0,11,0,0.0,0.0
2,clab-nebula-serf151,25,1.5,13,0,0,0,13,0,0.0,0.0
2,clab-nebula-serf151,30,1.5,23,0,0,0,23,0,0.0,0.0
2,clab-nebula-serf151,35,1.5,43,51,23,28,20,0.45098039215686275,0.5348837209302325,0.323943661971831
2,clab-nebula-serf151,40,1.5,55,51,27,24,28,0.5294117647058824,0.4909090909090909,0.34177215189873417
2,clab-nebula-serf151,45,1.5,81,57,49,8,32,0.8596491228070176,0.6049382716049383,0.550561797752809
2,clab-nebula-serf151,50,1.5,114,58,54,4,60,0.9310344827586207,0.47368421052631576,0.4576271186440678
2,clab-nebula-serf151,55,1.5,137,58,56,2,81,0.9655172413793104,0.40875912408759124,0.4028776978417266
2,clab-nebula-serf151,60,1.5,148,58,58,0,90,1.0,0.3918918918918919,0.3918918918918919
2,clab-nebula-serf158,5,1.5,4,0,0,0,4,0,0.0,0.0
2,clab-nebula-serf158,10,1.5,4,0,0,0,4,0,0.0,0.0
2,clab-nebula-serf158,15,1.5,5,0,0,0,5,0,0.0,0.0
2,clab-nebula-serf158,20,1.5,8,0,0,0,8,0,0.0,0.0
2,clab-nebula-serf158,25,1.5,16,0,0,0,16,0,0.0,0.0
2,clab-nebula-serf158,30,1.5,34,0,0,0,34,0,0.0,0.0
2,clab-nebula-serf158,35,1.5,40,0,0,0,40,0,0.0,0.0
2,clab-nebula-serf158,40,1.5,52,0,0,0,52,0,0.0,0.0
2,clab-nebula-serf158,45,1.5,68,57,42,15,26,0.7368421052631579,0.6176470588235294,0.5060240963855421
2,clab-nebula-serf158,50,1.5,103,58,52,6,51,0.896551724137931,0.5048543689320388,0.47706422018348627
2,clab-nebula-serf158,55,1.5,136,58,56,2,80,0.9655172413793104,0.4117647058823529,0.4057971014492754
2,clab-nebula-serf158,60,1.5,148,58,56,2,92,0.9655172413793104,0.3783783783783784,0.37333333333333335
2,clab-nebula-serf28,5,1.5,0,0,0,0,0,0.0,0.0,0.0
2,clab-nebula-serf28,10,1.5,1,0,0,0,1,0,0.0,0.0
2,clab-nebula-serf28,15,1.5,2,0,0,0,2,0,0.0,0.0
2,clab-nebula-serf28,20,1.5,4,0,0,0,4,0,0.0,0.0
2,clab-nebula-serf28,25,1.5,7,0,0,0,7,0,0.0,0.0
2,clab-nebula-serf28,30,1.5,19,0,0,0,19,0,0.0,0.0
2,clab-nebula-serf28,35,1.5,29,0,0,0,29,0,0.0,0.0
2,clab-nebula-serf28,40,1.5,61,68,54,14,7,0.7941176470588235,0.8852459016393442,0.72
2,clab-nebula-serf28,45,1.5,91,68,66,2,25,0.9705882352941176,0.7252747252747253,0.7096774193548387
2,clab-nebula-serf28,50,1.5,95,76,68,8,27,0.8947368421052632,0.7157894736842105,0.6601941747572816
2,clab-nebula-serf28,55,1.5,111,76,70,6,41,0.9210526315789473,0.6306306306306306,0.5982905982905983
2,clab-nebula-serf28,60,1.5,121,76,76,0,45,1.0,0.628099173553719,0.628099173553719
2,clab-nebula-serf29,5,1.5,0,0,0,0,0,0.0,0.0,0.0
2,clab-nebula-serf29,10,1.5,2,0,0,0,2,0,0.0,0.0
2,clab-nebula-serf29,15,1.5,6,0,0,0,6,0,0.0,0.0
2,clab-nebula-serf29,20,1.5,14,0,0,0,14,0,0.0,0.0
2,clab-nebula-serf29,25,1.5,23,0,0,0,23,0,0.0,0.0
2,clab-nebula-serf29,30,1.5,39,48,33,15,6,0.6875,0.8461538461538461,0.6111111111111112
2,clab-nebula-serf29,35,1.5,79,48,45,3,34,0.9375,0.569620253164557,0.5487804878048781
2,clab-nebula-serf29,40,1.5,92,68,66,2,26,0.9705882352941176,0.717391304347826,0.7021276595744681
2,clab-nebula-serf29,45,1.5,98,76,68,8,30,0.8947368421052632,0.6938775510204082,0.6415094339622641
2,clab-nebula-serf29,50,1.5,115,76,73,3,42,0.9605263157894737,0.6347826086956522,0.6186440677966102
2,clab-nebula-serf29,55,1.5,122,76,76,0,46,1.0,0.6229508196721312,0.6229508196721312
2,clab-nebula-serf29,60,1.5,125,76,76,0,49,1.0,0.608,0.608
4,clab-nebula-serf130,5,1.5,0,0,0,0,0,0.0,0.0,0.0
4,clab-nebula-serf130,10,1.5,0,0,0,0,0,0.0,0.0,0.0
4,clab-nebula-serf130,15,1.5,0,0,0,0,0,0.0,0.0,0.0
4,clab-nebula-serf130,20,1.5,13,13,12,1,1,0.9230769230769231,0.9230769230769231,0.8571428571428571
4,clab-nebula-serf130,25,1.5,14,13,13,0,1,1.0,0.9285714285714286,0.9285714285714286
4,clab-nebula-serf130,30,1.5,24,37,22,15,2,0.5945945945945946,0.9166666666666666,0.5641025641025641
4,clab-nebula-serf130,35,1.5,41,37,29,8,12,0.7837837837837838,0.7073170731707317,0.5918367346938775
4,clab-nebula-serf130,40,1.5,53,37,36,1,17,0.972972972972973,0.6792452830188679,0.6666666666666666
4,clab-nebula-serf130,45,1.5,84,63,57,6,27,0.9047619047619048,0.6785714285714286,0.6333333333333333
4,clab-nebula-serf130,50,1.5,111,75,67,8,44,0.8933333333333333,0.6036036036036037,0.5630252100840336
4,clab-nebula-serf130,55,1.5,136,154,136,18,0,0.8831168831168831,1.0,0.8831168831168831
4,clab-nebula-serf130,60,1.5,146,154,146,8,0,0.948051948051948,1.0,0.948051948051948
4,clab-nebula-serf161,5,1.5,4,0,0,0,4,0,0.0,0.0
4,clab-nebula-serf161,10,1.5,4,0,0,0,4,0,0.0,0.0
4,clab-nebula-serf161,15,1.5,5,0,0,0,5,0,0.0,0.0
4,clab-nebula-serf161,20,1.5,10,26,9,17,1,0.34615384615384615,0.9,0.3333333333333333
4,clab-nebula-serf161,25,1.5,22,27,16,11,6,0.5925925925925926,0.7272727272727273,0.48484848484848486
4,clab-nebula-serf161,30,1.5,36,37,26,11,10,0.7027027027027027,0.7222222222222222,0.5531914893617021
4,clab-nebula-serf161,35,1.5,42,37,30,7,12,0.8108108108108109,0.7142857142857143,0.6122448979591837
4,clab-nebula-serf161,40,1.5,58,37,36,1,22,0.972972972972973,0.6206896551724138,0.6101694915254238
4,clab-nebula-serf161,45,1.5,79,63,52,11,27,0.8253968253968254,0.6582278481012658,0.5777777777777777
4,clab-nebula-serf161,50,1.5,117,75,66,9,51,0.88,0.5641025641025641,0.5238095238095238
4,clab-nebula-serf161,55,1.5,139,154,139,15,0,0.9025974025974026,1.0,0.9025974025974026
4,clab-nebula-serf161,60,1.5,149,155,149,6,0,0.9612903225806452,1.0,0.9612903225806452
4,clab-nebula-serf32,5,1.5,3,0,0,0,3,0,0.0,0.0
4,clab-nebula-serf32,10,1.5,19,3,2,1,17,0.6666666666666666,0.10526315789473684,0.1
4,clab-nebula-serf32,15,1.5,32,65,31,34,1,0.47692307692307695,0.96875,0.4696969696969697
4,clab-nebula-serf32,20,1.5,59,70,55,15,4,0.7857142857142857,0.9322033898305084,0.7432432432432432
4,clab-nebula-serf32,25,1.5,88,59,59,0,29,1.0,0.6704545454545454,0.6704545454545454
4,clab-nebula-serf32,30,1.5,95,80,76,4,19,0.95,0.8,0.7676767676767676
4,clab-nebula-serf32,35,1.5,108,116,97,19,11,0.8362068965517241,0.8981481481481481,0.7637795275590551
4,clab-nebula-serf32,40,1.5,121,116,109,7,12,0.9396551724137931,0.9008264462809917,0.8515625
4,clab-nebula-serf32,45,1.5,124,116,111,5,13,0.9568965517241379,0.8951612903225806,0.8604651162790697
4,clab-nebula-serf32,50,1.5,137,154,136,18,1,0.8831168831168831,0.9927007299270073,0.8774193548387097
4,clab-nebula-serf32,55,1.5,154,154,153,1,1,0.9935064935064936,0.9935064935064936,0.9870967741935484
4,clab-nebula-serf32,60,1.5,155,154,153,1,2,0.9935064935064936,0.9870967741935484,0.9807692307692307
4,clab-nebula-serf63,5,1.5,0,0,0,0,0,0.0,0.0,0.0
4,clab-nebula-serf63,10,1.5,0,0,0,0,0,0.0,0.0,0.0
4,clab-nebula-serf63,15,1.5,6,0,0,0,6,0,0.0,0.0
4,clab-nebula-serf63,20,1.5,32,46,27,19,5,0.5869565217391305,0.84375,0.5294117647058824
4,clab-nebula-serf63,25,1.5,64,55,46,9,18,0.8363636363636363,0.71875,0.6301369863013698
4,clab-nebula-serf63,30,1.5,84,70,63,7,21,0.9,0.75,0.6923076923076923
4,clab-nebula-serf63,35,1.5,103,110,94,16,9,0.8545454545454545,0.912621359223301,0.7899159663865546
4,clab-nebula-serf63,40,1.5,119,116,108,8,11,0.9310344827586207,0.907563025210084,0.8503937007874016
4,clab-nebula-serf63,45,1.5,124,120,111,9,13,0.925,0.8951612903225806,0.8345864661654135
4,clab-nebula-serf63,50,1.5,128,120,113,7,15,0.9416666666666667,0.8828125,0.837037037037037
4,clab-nebula-serf63,55,1.5,154,155,153,2,1,0.9870967741935484,0.9935064935064936,0.9807692307692307
4,clab-nebula-serf63,60,1.5,154,155,153,2,1,0.9870967741935484,0.9935064935064936,0.9807692307692307
4,clab-nebula-serf45,5,1.5,2,0,0,0,2,0,0.0,0.0
4,clab-nebula-serf45,10,1.5,8,0,0,0,8,0,0.0,0.0
4,clab-nebula-serf45,15,1.5,22,11,7,4,15,0.6363636363636364,0.3181818181818182,0.2692307692307692
4,clab-nebula-serf45,20,1.5,40,11,9,2,31,0.8181818181818182,0.225,0.21428571428571427
4,clab-nebula-serf45,25,1.5,80,70,67,3,13,0.9571428571428572,0.8375,0.8072289156626506
4,clab-nebula-serf45,30,1.5,90,80,72,8,18,0.9,0.8,0.7346938775510204
4,clab-nebula-serf45,35,1.5,118,116,106,10,12,0.9137931034482759,0.8983050847457628,0.828125
4,clab-nebula-serf45,40,1.5,121,116,109,7,12,0.9396551724137931,0.9008264462809917,0.8515625
4,clab-nebula-serf45,45,1.5,124,116,111,5,13,0.9568965517241379,0.8951612903225806,0.8604651162790697
4,clab-nebula-serf45,50,1.5,145,154,144,10,1,0.935064935064935,0.993103448275862,0.9290322580645162
4,clab-nebula-serf45,55,1.5,154,154,153,1,1,0.9935064935064936,0.9935064935064936,0.9870967741935484
4,clab-nebula-serf45,60,1.5,155,154,154,0,1,1.0,0.9935483870967742,0.9935483870967742
4,clab-nebula-serf49,5,1.5,4,0,0,0,4,0,0.0,0.0
4,clab-nebula-serf49,10,1.5,14,5,5,0,9,1.0,0.35714285714285715,0.35714285714285715
4,clab-nebula-serf49,15,1.5,30,11,7,4,23,0.6363636363636364,0.23333333333333334,0.20588235294117646
4,clab-nebula-serf49,20,1.5,67,70,62,8,5,0.8857142857142857,0.9253731343283582,0.8266666666666667
4,clab-nebula-serf49,25,1.5,84,72,68,4,16,0.9444444444444444,0.8095238095238095,0.7727272727272727
4,clab-nebula-serf49,30,1.5,106,116,96,20,10,0.8275862068965517,0.9056603773584906,0.7619047619047619
4,clab-nebula-serf49,35,1.5,121,116,109,7,12,0.9396551724137931,0.9008264462809917,0.8515625
4,clab-nebula-serf49,40,1.5,124,116,111,5,13,0.9568965517241379,0.8951612903225806,0.8604651162790697
4,clab-nebula-serf49,45,1.5,135,154,134,20,1,0.8701298701298701,0.9925925925925926,0.864516129032258
4,clab-nebula-serf49,50,1.5,154,154,153,1,1,0.9935064935064936,0.9935064935064936,0.9870967741935484
4,clab-nebula-serf49,55,1.5,154,154,153,1,1,0.9935064935064936,0.9935064935064936,0.9870967741935484
4,clab-nebula-serf49,60,1.5,157,154,154,0,3,1.0,0.9808917197452229,0.9808917197452229
4,clab-nebula-serf83,5,1.5,0,0,0,0,0,0.0,0.0,0.0
4,clab-nebula-serf83,10,1.5,3,0,0,0,3,0,0.0,0.0
4,clab-nebula-serf83,15,1.5,14,6,5,1,9,0.8333333333333334,0.35714285714285715,0.3333333333333333
4,clab-nebula-serf83,20,1.5,33,6,6,0,27,1.0,0.18181818181818182,0.18181818181818182
4,clab-nebula-serf83,25,1.5,50,6,6,0,44,1.0,0.12,0.12
4,clab-nebula-serf83,30,1.5,79,6,6,0,73,1.0,0.0759493670886076,0.0759493670886076
4,clab-nebula-serf83,35,1.5,109,7,7,0,102,1.0,0.06422018348623854,0.06422018348623854
4,clab-nebula-serf83,40,1.5,119,7,7,0,112,1.0,0.058823529411764705,0.058823529411764705
4,clab-nebula-serf83,45,1.5,128,22,15,7,113,0.6818181818181818,0.1171875,0.1111111111111111
4,clab-nebula-serf83,50,1.5,140,155,139,16,1,0.896774193548387,0.9928571428571429,0.8910256410256411
4,clab-nebula-serf83,55,1.5,154,155,153,2,1,0.9870967741935484,0.9935064935064936,0.9807692307692307
4,clab-nebula-serf83,60,1.5,156,161,156,5,0,0.968944099378882,1.0,0.968944099378882
4,clab-nebula-serf91,5,1.5,3,0,0,0,3,0,0.0,0.0
4,clab-nebula-serf91,10,1.5,17,6,4,2,13,0.6666666666666666,0.23529411764705882,0.21052631578947367
4,clab-nebula-serf91,15,1.5,36,8,8,0,28,1.0,0.2222222222222222,0.2222222222222222
4,clab-nebula-serf91,20,1.5,56,8,8,0,48,1.0,0.14285714285714285,0.14285714285714285
4,clab-nebula-serf91,25,1.5,81,19,14,5,67,0.7368421052631579,0.1728395061728395,0.16279069767441862
4,clab-nebula-serf91,30,1.5,112,110,101,9,11,0.9181818181818182,0.9017857142857143,0.8347107438016529
4,clab-nebula-serf91,35,1.5,119,116,108,8,11,0.9310344827586207,0.907563025210084,0.8503937007874016
4,clab-nebula-serf91,40,1.5,129,120,111,9,18,0.925,0.8604651162790697,0.8043478260869565
4,clab-nebula-serf91,45,1.5,146,155,145,10,1,0.9354838709677419,0.9931506849315068,0.9294871794871795
4,clab-nebula-serf91,50,1.5,154,155,153,2,1,0.9870967741935484,0.9935064935064936,0.9807692307692307
4,clab-nebula-serf91,55,1.5,157,161,157,4,0,0.9751552795031055,1.0,0.9751552795031055
4,clab-nebula-serf91,60,1.5,161,161,161,0,0,1.0,1.0,1.0
4,clab-nebula-serf136,5,1.5,0,0,0,0,0,0.0,0.0,0.0
4,clab-nebula-serf136,10,1.5,0,0,0,0,0,0.0,0.0,0.0
4,clab-nebula-serf136,15,1.5,2,0,0,0,2,0,0.0,0.0
4,clab-nebula-serf136,20,1.5,14,13,13,0,1,1.0,0.9285714285714286,0.9285714285714286
4,clab-nebula-serf136,25,1.5,18,37,18,19,0,0.4864864864864865,1.0,0.4864864864864865
4,clab-nebula-serf136,30,1.5,28,37,24,13,4,0.6486486486486487,0.8571428571428571,0.5853658536585366
4,clab-nebula-serf136,35,1.5,45,37,33,4,12,0.8918918918918919,0.7333333333333333,0.673469387755102
4,clab-nebula-serf136,40,1.5,66,63,50,13,16,0.7936507936507936,0.7575757575757576,0.6329113924050633
4,clab-nebula-serf136,45,1.5,95,63,62,1,33,0.9841269841269841,0.6526315789473685,0.6458333333333334
4,clab-nebula-serf136,50,1.5,124,154,124,30,0,0.8051948051948052,1.0,0.8051948051948052
4,clab-nebula-serf136,55,1.5,137,154,137,17,0,0.8896103896103896,1.0,0.8896103896103896
4,clab-nebula-serf136,60,1.5,149,154,149,5,0,0.9675324675324676,1.0,0.9675324675324676
4,clab-nebula-serf146,5,1.5,0,0,0,0,0,0.0,0.0,0.0
4,clab-nebula-serf146,10,1.5,0,0,0,0,0,0.0,0.0,0.0
4,clab-nebula-serf146,15,1.5,1,0,0,0,1,0,0.0,0.0
4,clab-nebula-serf146,20,1.5,5,0,0,0,5,0,0.0,0.0
4,clab-nebula-serf146,25,1.5,8,10,5,5,3,0.5,0.625,0.38461538461538464
4,clab-nebula-serf146,30,1.5,16,37,15,22,1,0.40540540540540543,0.9375,0.39473684210526316
4,clab-nebula-serf146,35,1.5,44,37,29,8,15,0.7837837837837838,0.6590909090909091,0.5576923076923077
4,clab-nebula-serf146,40,1.5,58,37,36,1,22,0.972972972972973,0.6206896551724138,0.6101694915254238
4,clab-nebula-serf146,45,1.5,78,63,52,11,26,0.8253968253968254,0.6666666666666666,0.5842696629213483
4,clab-nebula-serf146,50,1.5,114,154,114,40,0,0.7402597402597403,1.0,0.7402597402597403
4,clab-nebula-serf146,55,1.5,137,154,137,17,0,0.8896103896103896,1.0,0.8896103896103896
4,clab-nebula-serf146,60,1.5,146,154,146,8,0,0.948051948051948,1.0,0.948051948051948
4,clab-nebula-serf12,5,1.5,0,0,0,0,0,0.0,0.0,0.0
4,clab-nebula-serf12,10,1.5,5,0,0,0,5,0,0.0,0.0
4,clab-nebula-serf12,15,1.5,19,4,4,0,15,1.0,0.21052631578947367,0.21052631578947367
4,clab-nebula-serf12,20,1.5,38,46,24,22,14,0.5217391304347826,0.631578947368421,0.4
4,clab-nebula-serf12,25,1.5,71,64,55,9,16,0.859375,0.7746478873239436,0.6875
4,clab-nebula-serf12,30,1.5,88,80,71,9,17,0.8875,0.8068181818181818,0.7319587628865979
4,clab-nebula-serf12,35,1.5,102,110,95,15,7,0.8636363636363636,0.9313725490196079,0.811965811965812
4,clab-nebula-serf12,40,1.5,119,120,108,12,11,0.9,0.907563025210084,0.8244274809160306
4,clab-nebula-serf12,45,1.5,121,120,109,11,12,0.9083333333333333,0.9008264462809917,0.8257575757575758
4,clab-nebula-serf12,50,1.5,127,120,113,7,14,0.9416666666666667,0.889763779527559,0.8432835820895522
4,clab-nebula-serf12,55,1.5,153,155,152,3,1,0.9806451612903225,0.9934640522875817,0.9743589743589743
4,clab-nebula-serf12,60,1.5,155,155,153,2,2,0.9870967741935484,0.9870967741935484,0.9745222929936306
4,clab-nebula-serf19,5,1.5,0,0,0,0,0,0.0,0.0,0.0
4,clab-nebula-serf19,10,1.5,5,4,2,2,3,0.5,0.4,0.2857142857142857
4,clab-nebula-serf19,15,1.5,23,14,5,9,18,0.35714285714285715,0.21739130434782608,0.15625
4,clab-nebula-serf19,20,1.5,44,77,43,34,1,0.5584415584415584,0.9772727272727273,0.5512820512820513
4,clab-nebula-serf19,25,1.5,73,77,63,14,10,0.8181818181818182,0.863013698630137,0.7241379310344828
4,clab-nebula-serf19,30,1.5,90,80,72,8,18,0.9,0.8,0.7346938775510204
4,clab-nebula-serf19,35,1.5,105,120,97,23,8,0.8083333333333333,0.9238095238095239,0.7578125
4,clab-nebula-serf19,40,1.5,120,120,108,12,12,0.9,0.9,0.8181818181818182
4,clab-nebula-serf19,45,1.5,123,120,111,9,12,0.925,0.9024390243902439,0.8409090909090909
4,clab-nebula-serf19,50,1.5,142,155,141,14,1,0.9096774193548387,0.9929577464788732,0.9038461538461539
4,clab-nebula-serf19,55,1.5,153,155,152,3,1,0.9806451612903225,0.9934640522875817,0.9743589743589743
4,clab-nebula-serf19,60,1.5,157,155,154,1,3,0.9935483870967742,0.9808917197452229,0.9746835443037974
4,clab-nebula-serf80,5,1.5,0,0,0,0,0,0.0,0.0,0.0
4,clab-nebula-serf80,10,1.5,14,8,4,4,10,0.5,0.2857142857142857,0.2222222222222222
4,clab-nebula-serf80,15,1.5,32,8,8,0,24,1.0,0.25,0.25
4,clab-nebula-serf80,20,1.5,55,8,8,0,47,1.0,0.14545454545454545,0.14545454545454545
4,clab-nebula-serf80,25,1.5,84,19,15,4,69,0.7894736842105263,0.17857142857142858,0.17045454545454544
4,clab-nebula-serf80,30,1.5,110,110,99,11,11,0.9,0.9,0.8181818181818182
4,clab-nebula-serf80,35,1.5,120,120,109,11,11,0.9083333333333333,0.9083333333333333,0.8320610687022901
4,clab-nebula-serf80,40,1.5,127,120,111,9,16,0.925,0.8740157480314961,0.8161764705882353
4,clab-nebula-serf80,45,1.5,152,155,151,4,1,0.9741935483870968,0.993421052631579,0.967948717948718
4,clab-nebula-serf80,50,1.5,154,155,153,2,1,0.9870967741935484,0.9935064935064936,0.9807692307692307
4,clab-nebula-serf80,55,1.5,156,155,154,1,2,0.9935483870967742,0.9871794871794872,0.9808917197452229
4,clab-nebula-serf80,60,1.5,159,161,159,2,0,0.9875776397515528,1.0,0.9875776397515528
4,clab-nebula-serf111,5,1.5,1,0,0,0,1,0,0.0,0.0
4,clab-nebula-serf111,10,1.5,7,0,0,0,7,0,0.0,0.0
4,clab-nebula-serf111,15,1.5,17,12,10,2,7,0.8333333333333334,0.5882352941176471,0.5263157894736842
4,clab-nebula-serf111,20,1.5,47,29,26,3,21,0.896551724137931,0.5531914893617021,0.52
4,clab-nebula-serf111,25,1.5,73,29,29,0,44,1.0,0.3972602739726027,0.3972602739726027
4,clab-nebula-serf111,30,1.5,111,100,86,14,25,0.86,0.7747747747747747,0.688
4,clab-nebula-serf111,35,1.5,145,154,145,9,0,0.9415584415584416,1.0,0.9415584415584416
4,clab-nebula-serf111,40,1.5,150,154,150,4,0,0.974025974025974,1.0,0.974025974025974
4,clab-nebula-serf111,45,1.5,154,154,154,0,0,1.0,1.0,1.0
4,clab-nebula-serf111,50,1.5,158,155,155,0,3,1.0,0.9810126582278481,0.9810126582278481
4,clab-nebula-serf111,55,1.5,161,161,161,0,0,1.0,1.0,1.0
4,clab-nebula-serf111,60,1.5,161,161,161,0,0,1.0,1.0,1.0
4,clab-nebula-serf109,5,1.5,3,0,0,0,3,0,0.0,0.0
4,clab-nebula-serf109,10,1.5,8,8,7,1,1,0.875,0.875,0.7777777777777778
4,clab-nebula-serf109,15,1.5,26,19,11,8,15,0.5789473684210527,0.4230769230769231,0.3235294117647059
4,clab-nebula-serf109,20,1.5,58,29,29,0,29,1.0,0.5,0.5
4,clab-nebula-serf109,25,1.5,87,29,29,0,58,1.0,0.3333333333333333,0.3333333333333333
4,clab-nebula-serf109,30,1.5,130,75,65,10,65,0.8666666666666667,0.5,0.4642857142857143
4,clab-nebula-serf109,35,1.5,145,154,145,9,0,0.9415584415584416,1.0,0.9415584415584416
4,clab-nebula-serf109,40,1.5,153,154,153,1,0,0.9935064935064936,1.0,0.9935064935064936
4,clab-nebula-serf109,45,1.5,155,154,154,0,1,1.0,0.9935483870967742,0.9935483870967742
4,clab-nebula-serf109,50,1.5,159,161,159,2,0,0.9875776397515528,1.0,0.9875776397515528
4,clab-nebula-serf109,55,1.5,161,161,161,0,0,1.0,1.0,1.0
4,clab-nebula-serf109,60,1.5,161,161,161,0,0,1.0,1.0,1.0
4,clab-nebula-serf147,5,1.5,0,0,0,0,0,0.0,0.0,0.0
4,clab-nebula-serf147,10,1.5,0,0,0,0,0,0.0,0.0,0.0
4,clab-nebula-serf147,15,1.5,2,0,0,0,2,0,0.0,0.0
4,clab-nebula-serf147,20,1.5,12,0,0,0,12,0,0.0,0.0
4,clab-nebula-serf147,25,1.5,14,11,9,2,5,0.8181818181818182,0.6428571428571429,0.5625
4,clab-nebula-serf147,30,1.5,27,12,11,1,16,0.9166666666666666,0.4074074074074074,0.39285714285714285
4,clab-nebula-serf147,35,1.5,48,12,11,1,37,0.9166666666666666,0.22916666666666666,0.22448979591836735
4,clab-nebula-serf147,40,1.5,59,12,11,1,48,0.9166666666666666,0.1864406779661017,0.18333333333333332
4,clab-nebula-serf147,45,1.5,87,16,12,4,75,0.75,0.13793103448275862,0.13186813186813187
4,clab-nebula-serf147,50,1.5,120,154,120,34,0,0.7792207792207793,1.0,0.7792207792207793
4,clab-nebula-serf147,55,1.5,141,154,141,13,0,0.9155844155844156,1.0,0.9155844155844156
4,clab-nebula-serf147,60,1.5,152,154,150,4,2,0.974025974025974,0.9868421052631579,0.9615384615384616
4,clab-nebula-serf4,5,1.5,1,0,0,0,1,0,0.0,0.0
4,clab-nebula-serf4,10,1.5,2,1,0,1,2,0.0,0.0,0.0
4,clab-nebula-serf4,15,1.5,9,6,4,2,5,0.6666666666666666,0.4444444444444444,0.36363636363636365
4,clab-nebula-serf4,20,1.5,16,6,5,1,11,0.8333333333333334,0.3125,0.29411764705882354
4,clab-nebula-serf4,25,1.5,23,7,7,0,16,1.0,0.30434782608695654,0.30434782608695654
4,clab-nebula-serf4,30,1.5,47,16,14,2,33,0.875,0.2978723404255319,0.2857142857142857
4,clab-nebula-serf4,35,1.5,82,16,15,1,67,0.9375,0.18292682926829268,0.18072289156626506
4,clab-nebula-serf4,40,1.5,92,80,74,6,18,0.925,0.8043478260869565,0.7551020408163265
4,clab-nebula-serf4,45,1.5,109,120,101,19,8,0.8416666666666667,0.926605504587156,0.7890625
4,clab-nebula-serf4,50,1.5,120,155,119,36,1,0.7677419354838709,0.9916666666666667,0.7628205128205128
4,clab-nebula-serf4,55,1.5,123,155,122,33,1,0.7870967741935484,0.991869918699187,0.782051282051282
4,clab-nebula-serf4,60,1.5,141,155,140,15,1,0.9032258064516129,0.9929078014184397,0.8974358974358975
4,clab-nebula-serf100,5,1.5,6,0,0,0,6,0,0.0,0.0
4,clab-nebula-serf100,10,1.5,7,0,0,0,7,0,0.0,0.0
4,clab-nebula-serf100,15,1.5,8,7,7,0,1,1.0,0.875,0.875
4,clab-nebula-serf100,20,1.5,14,7,7,0,7,1.0,0.5,0.5
4,clab-nebula-serf100,25,1.5,25,7,7,0,18,1.0,0.28,0.28
4,clab-nebula-serf100,30,1.5,59,29,29,0,30,1.0,0.4915254237288136,0.4915254237288136
4,clab-nebula-serf100,35,1.5,89,41,35,6,54,0.8536585365853658,0.39325842696629215,0.3684210526315789
4,clab-nebula-serf100,40,1.5,137,158,137,21,0,0.8670886075949367,1.0,0.8670886075949367
4,clab-nebula-serf100,45,1.5,150,161,150,11,0,0.9316770186335404,1.0,0.9316770186335404
4,clab-nebula-serf100,50,1.5,159,161,159,2,0,0.9875776397515528,1.0,0.9875776397515528
4,clab-nebula-serf100,55,1.5,160,161,160,1,0,0.9937888198757764,1.0,0.9937888198757764
4,clab-nebula-serf100,60,1.5,161,161,161,0,0,1.0,1.0,1.0
4,clab-nebula-serf75,5,1.5,0,0,0,0,0,0.0,0.0,0.0
4,clab-nebula-serf75,10,1.5,7,0,0,0,7,0,0.0,0.0
4,clab-nebula-serf75,15,1.5,26,19,15,4,11,0.7894736842105263,0.5769230769230769,0.5
4,clab-nebula-serf75,20,1.5,41,24,23,1,18,0.9583333333333334,0.5609756097560976,0.5476190476190477
4,clab-nebula-serf75,25,1.5,76,57,45,12,31,0.7894736842105263,0.5921052631578947,0.5113636363636364
4,clab-nebula-serf75,30,1.5,100,81,66,15,34,0.8148148148148148,0.66,0.5739130434782609
4,clab-nebula-serf75,35,1.5,115,116,104,12,11,0.896551724137931,0.9043478260869565,0.8188976377952756
4,clab-nebula-serf75,40,1.5,122,120,110,10,12,0.9166666666666666,0.9016393442622951,0.8333333333333334
4,clab-nebula-serf75,45,1.5,135,120,112,8,23,0.9333333333333333,0.8296296296296296,0.7832167832167832
4,clab-nebula-serf75,50,1.5,154,155,153,2,1,0.9870967741935484,0.9935064935064936,0.9807692307692307
4,clab-nebula-serf75,55,1.5,155,155,153,2,2,0.9870967741935484,0.9870967741935484,0.9745222929936306
4,clab-nebula-serf75,60,1.5,158,161,158,3,0,0.9813664596273292,1.0,0.9813664596273292
4,clab-nebula-serf89,5,1.5,3,0,0,0,3,0,0.0,0.0
4,clab-nebula-serf89,10,1.5,3,0,0,0,3,0,0.0,0.0
4,clab-nebula-serf89,15,1.5,8,0,0,0,8,0,0.0,0.0
4,clab-nebula-serf89,20,1.5,18,6,6,0,12,1.0,0.3333333333333333,0.3333333333333333
4,clab-nebula-serf89,25,1.5,41,6,6,0,35,1.0,0.14634146341463414,0.14634146341463414
4,clab-nebula-serf89,30,1.5,71,7,6,1,65,0.8571428571428571,0.08450704225352113,0.08333333333333333
4,clab-nebula-serf89,35,1.5,97,7,7,0,90,1.0,0.07216494845360824,0.07216494845360824
4,clab-nebula-serf89,40,1.5,119,8,7,1,112,0.875,0.058823529411764705,0.058333333333333334
4,clab-nebula-serf89,45,1.5,127,155,126,29,1,0.8129032258064516,0.9921259842519685,0.8076923076923077
4,clab-nebula-serf89,50,1.5,137,155,136,19,1,0.8774193548387097,0.9927007299270073,0.8717948717948718
4,clab-nebula-serf89,55,1.5,154,161,154,7,0,0.9565217391304348,1.0,0.9565217391304348
4,clab-nebula-serf89,60,1.5,158,161,158,3,0,0.9813664596273292,1.0,0.9813664596273292
4,clab-nebula-serf101,5,1.5,4,0,0,0,4,0,0.0,0.0
4,clab-nebula-serf101,10,1.5,7,0,0,0,7,0,0.0,0.0
4,clab-nebula-serf101,15,1.5,7,0,0,0,7,0,0.0,0.0
4,clab-nebula-serf101,20,1.5,10,7,7,0,3,1.0,0.7,0.7
4,clab-nebula-serf101,25,1.5,22,7,7,0,15,1.0,0.3181818181818182,0.3181818181818182
4,clab-nebula-serf101,30,1.5,47,29,26,3,21,0.896551724137931,0.5531914893617021,0.52
4,clab-nebula-serf101,35,1.5,79,41,35,6,44,0.8536585365853658,0.4430379746835443,0.4117647058823529
4,clab-nebula-serf101,40,1.5,131,154,131,23,0,0.8506493506493507,1.0,0.8506493506493507
4,clab-nebula-serf101,45,1.5,148,154,148,6,0,0.961038961038961,1.0,0.961038961038961
4,clab-nebula-serf101,50,1.5,157,161,157,4,0,0.9751552795031055,1.0,0.9751552795031055
4,clab-nebula-serf101,55,1.5,160,161,160,1,0,0.9937888198757764,1.0,0.9937888198757764
4,clab-nebula-serf101,60,1.5,161,161,161,0,0,1.0,1.0,1.0
4,clab-nebula-serf105,5,1.5,1,0,0,0,1,0,0.0,0.0
4,clab-nebula-serf105,10,1.5,3,0,0,0,3,0,0.0,0.0
4,clab-nebula-serf105,15,1.5,8,8,7,1,1,0.875,0.875,0.7777777777777778
4,clab-nebula-serf105,20,1.5,25,19,10,9,15,0.5263157894736842,0.4,0.29411764705882354
4,clab-nebula-serf105,25,1.5,54,29,28,1,26,0.9655172413793104,0.5185185185185185,0.509090909090909
4,clab-nebula-serf105,30,1.5,86,29,29,0,57,1.0,0.3372093023255814,0.3372093023255814
4,clab-nebula-serf105,35,1.5,123,41,38,3,85,0.926829268292683,0.3089430894308943,0.30158730158730157
4,clab-nebula-serf105,40,1.5,145,154,145,9,0,0.9415584415584416,1.0,0.9415584415584416
4,clab-nebula-serf105,45,1.5,153,154,153,1,0,0.9935064935064936,1.0,0.9935064935064936
4,clab-nebula-serf105,50,1.5,155,154,154,0,1,1.0,0.9935483870967742,0.9935483870967742
4,clab-nebula-serf105,55,1.5,160,161,160,1,0,0.9937888198757764,1.0,0.9937888198757764
4,clab-nebula-serf105,60,1.5,161,161,161,0,0,1.0,1.0,1.0
4,clab-nebula-serf65,5,1.5,0,0,0,0,0,0.0,0.0,0.0
4,clab-nebula-serf65,10,1.5,0,0,0,0,0,0.0,0.0,0.0
4,clab-nebula-serf65,15,1.5,0,0,0,0,0,0.0,0.0,0.0
4,clab-nebula-serf65,20,1.5,23,6,5,1,18,0.8333333333333334,0.21739130434782608,0.20833333333333334
4,clab-nebula-serf65,25,1.5,62,69,48,21,14,0.6956521739130435,0.7741935483870968,0.5783132530120482
4,clab-nebula-serf65,30,1.5,95,100,86,14,9,0.86,0.9052631578947369,0.7889908256880734
4,clab-nebula-serf65,35,1.5,115,116,104,12,11,0.896551724137931,0.9043478260869565,0.8188976377952756
4,clab-nebula-serf65,40,1.5,122,116,109,7,13,0.9396551724137931,0.8934426229508197,0.8449612403100775
4,clab-nebula-serf65,45,1.5,126,120,111,9,15,0.925,0.8809523809523809,0.8222222222222222
4,clab-nebula-serf65,50,1.5,152,154,151,3,1,0.9805194805194806,0.993421052631579,0.9741935483870968
4,clab-nebula-serf65,55,1.5,154,154,153,1,1,0.9935064935064936,0.9935064935064936,0.9870967741935484
4,clab-nebula-serf65,60,1.5,155,154,154,0,1,1.0,0.9935483870967742,0.9935483870967742
4,clab-nebula-serf68,5,1.5,0,0,0,0,0,0.0,0.0,0.0
4,clab-nebula-serf68,10,1.5,5,0,0,0,5,0,0.0,0.0
4,clab-nebula-serf68,15,1.5,27,6,6,0,21,1.0,0.2222222222222222,0.2222222222222222
4,clab-nebula-serf68,20,1.5,42,8,8,0,34,1.0,0.19047619047619047,0.19047619047619047
4,clab-nebula-serf68,25,1.5,79,8,8,0,71,1.0,0.10126582278481013,0.10126582278481013
4,clab-nebula-serf68,30,1.5,103,110,93,17,10,0.8454545454545455,0.9029126213592233,0.775
4,clab-nebula-serf68,35,1.5,116,116,105,11,11,0.9051724137931034,0.9051724137931034,0.8267716535433071
4,clab-nebula-serf68,40,1.5,122,116,110,6,12,0.9482758620689655,0.9016393442622951,0.859375
4,clab-nebula-serf68,45,1.5,135,120,112,8,23,0.9333333333333333,0.8296296296296296,0.7832167832167832
4,clab-nebula-serf68,50,1.5,154,155,153,2,1,0.9870967741935484,0.9935064935064936,0.9807692307692307
4,clab-nebula-serf68,55,1.5,154,155,153,2,1,0.9870967741935484,0.9935064935064936,0.9807692307692307
4,clab-nebula-serf68,60,1.5,158,161,158,3,0,0.9813664596273292,1.0,0.9813664596273292
4,clab-nebula-serf94,5,1.5,2,0,0,0,2,0,0.0,0.0
4,clab-nebula-serf94,10,1.5,17,4,4,0,13,1.0,0.23529411764705882,0.23529411764705882
4,clab-nebula-serf94,15,1.5,36,8,8,0,28,1.0,0.2222222222222222,0.2222222222222222
4,clab-nebula-serf94,20,1.5,57,8,8,0,49,1.0,0.14035087719298245,0.14035087719298245
4,clab-nebula-serf94,25,1.5,81,19,14,5,67,0.7368421052631579,0.1728395061728395,0.16279069767441862
4,clab-nebula-serf94,30,1.5,105,110,94,16,11,0.8545454545454545,0.8952380952380953,0.7768595041322314
4,clab-nebula-serf94,35,1.5,119,116,108,8,11,0.9310344827586207,0.907563025210084,0.8503937007874016
4,clab-nebula-serf94,40,1.5,129,154,128,26,1,0.8311688311688312,0.9922480620155039,0.8258064516129032
4,clab-nebula-serf94,45,1.5,145,155,144,11,1,0.9290322580645162,0.993103448275862,0.9230769230769231
4,clab-nebula-serf94,50,1.5,154,155,153,2,1,0.9870967741935484,0.9935064935064936,0.9807692307692307
4,clab-nebula-serf94,55,1.5,157,161,157,4,0,0.9751552795031055,1.0,0.9751552795031055
4,clab-nebula-serf94,60,1.5,161,161,161,0,0,1.0,1.0,1.0
4,clab-nebula-serf103,5,1.5,7,0,0,0,7,0,0.0,0.0
4,clab-nebula-serf103,10,1.5,7,0,0,0,7,0,0.0,0.0
4,clab-nebula-serf103,15,1.5,8,7,7,0,1,1.0,0.875,0.875
4,clab-nebula-serf103,20,1.5,16,7,7,0,9,1.0,0.4375,0.4375
4,clab-nebula-serf103,25,1.5,27,29,19,10,8,0.6551724137931034,0.7037037037037037,0.5135135135135135
4,clab-nebula-serf103,30,1.5,63,41,33,8,30,0.8048780487804879,0.5238095238095238,0.4647887323943662
4,clab-nebula-serf103,35,1.5,102,154,102,52,0,0.6623376623376623,1.0,0.6623376623376623
4,clab-nebula-serf103,40,1.5,140,154,140,14,0,0.9090909090909091,1.0,0.9090909090909091
4,clab-nebula-serf103,45,1.5,150,154,149,5,1,0.9675324675324676,0.9933333333333333,0.9612903225806452
4,clab-nebula-serf103,50,1.5,159,161,159,2,0,0.9875776397515528,1.0,0.9875776397515528
4,clab-nebula-serf103,55,1.5,161,161,161,0,0,1.0,1.0,1.0
4,clab-nebula-serf103,60,1.5,161,161,161,0,0,1.0,1.0,1.0
4,clab-nebula-serf117,5,1.5,0,0,0,0,0,0.0,0.0,0.0
4,clab-nebula-serf117,10,1.5,0,0,0,0,0,0.0,0.0,0.0
4,clab-nebula-serf117,15,1.5,0,0,0,0,0,0.0,0.0,0.0
4,clab-nebula-serf117,20,1.5,0,0,0,0,0,0.0,0.0,0.0
4,clab-nebula-serf117,25,1.5,1,3,1,2,0,0.3333333333333333,1.0,0.3333333333333333
4,clab-nebula-serf117,30,1.5,3,3,3,0,0,1.0,1.0,1.0
4,clab-nebula-serf117,35,1.5,3,3,3,0,0,1.0,1.0,1.0
4,clab-nebula-serf117,40,1.5,3,3,3,0,0,1.0,1.0,1.0
4,clab-nebula-serf117,45,1.5,10,3,3,0,7,1.0,0.3,0.3
4,clab-nebula-serf117,50,1.5,21,15,7,8,14,0.4666666666666667,0.3333333333333333,0.2413793103448276
4,clab-nebula-serf117,55,1.5,45,15,10,5,35,0.6666666666666666,0.2222222222222222,0.2
4,clab-nebula-serf117,60,1.5,68,15,12,3,56,0.8,0.17647058823529413,0.16901408450704225
4,clab-nebula-serf127,5,1.5,0,0,0,0,0,0.0,0.0,0.0
4,clab-nebula-serf127,10,1.5,4,1,1,0,3,1.0,0.25,0.25
4,clab-nebula-serf127,15,1.5,13,17,4,13,9,0.23529411764705882,0.3076923076923077,0.15384615384615385
4,clab-nebula-serf127,20,1.5,46,37,31,6,15,0.8378378378378378,0.6739130434782609,0.5961538461538461
4,clab-nebula-serf127,25,1.5,60,63,46,17,14,0.7301587301587301,0.7666666666666667,0.5974025974025974
4,clab-nebula-serf127,30,1.5,92,63,56,7,36,0.8888888888888888,0.6086956521739131,0.5656565656565656
4,clab-nebula-serf127,35,1.5,122,134,109,25,13,0.8134328358208955,0.8934426229508197,0.7414965986394558
4,clab-nebula-serf127,40,1.5,138,154,138,16,0,0.8961038961038961,1.0,0.8961038961038961
4,clab-nebula-serf127,45,1.5,146,154,146,8,0,0.948051948051948,1.0,0.948051948051948
4,clab-nebula-serf127,50,1.5,156,155,154,1,2,0.9935483870967742,0.9871794871794872,0.9808917197452229
4,clab-nebula-serf127,55,1.5,161,161,161,0,0,1.0,1.0,1.0
4,clab-nebula-serf127,60,1.5,161,161,161,0,0,1.0,1.0,1.0
4,clab-nebula-serf129,5,1.5,0,0,0,0,0,0.0,0.0,0.0
4,clab-nebula-serf129,10,1.5,0,0,0,0,0,0.0,0.0,0.0
4,clab-nebula-serf129,15,1.5,2,0,0,0,2,0,0.0,0.0
4,clab-nebula-serf129,20,1.5,7,0,0,0,7,0,0.0,0.0
4,clab-nebula-serf129,25,1.5,17,12,9,3,8,0.75,0.5294117647058824,0.45
4,clab-nebula-serf129,30,1.5,42,29,22,7,20,0.7586206896551724,0.5238095238095238,0.4489795918367347
4,clab-nebula-serf129,35,1.5,71,29,29,0,42,1.0,0.4084507042253521,0.4084507042253521
4,clab-nebula-serf129,40,1.5,123,154,123,31,0,0.7987012987012987,1.0,0.7987012987012987
4,clab-nebula-serf129,45,1.5,142,154,142,12,0,0.922077922077922,1.0,0.922077922077922
4,clab-nebula-serf129,50,1.5,149,154,149,5,0,0.9675324675324676,1.0,0.9675324675324676
4,clab-nebula-serf129,55,1.5,155,154,154,0,1,1.0,0.9935483870967742,0.9935483870967742
4,clab-nebula-serf129,60,1.5,158,155,155,0,3,1.0,0.9810126582278481,0.9810126582278481
4,clab-nebula-serf155,5,1.5,0,0,0,0,0,0.0,0.0,0.0
4,clab-nebula-serf155,10,1.5,0,0,0,0,0,0.0,0.0,0.0
4,clab-nebula-serf155,15,1.5,1,0,0,0,1,0,0.0,0.0
4,clab-nebula-serf155,20,1.5,11,9,8,1,3,0.8888888888888888,0.7272727272727273,0.6666666666666666
4,clab-nebula-serf155,25,1.5,14,11,9,2,5,0.8181818181818182,0.6428571428571429,0.5625
4,clab-nebula-serf155,30,1.5,24,12,11,1,13,0.9166666666666666,0.4583333333333333,0.44
4,clab-nebula-serf155,35,1.5,43,12,11,1,32,0.9166666666666666,0.2558139534883721,0.25
4,clab-nebula-serf155,40,1.5,56,12,11,1,45,0.9166666666666666,0.19642857142857142,0.19298245614035087
4,clab-nebula-serf155,45,1.5,82,16,12,4,70,0.75,0.14634146341463414,0.13953488372093023
4,clab-nebula-serf155,50,1.5,117,154,117,37,0,0.7597402597402597,1.0,0.7597402597402597
4,clab-nebula-serf155,55,1.5,137,154,137,17,0,0.8896103896103896,1.0,0.8896103896103896
4,clab-nebula-serf155,60,1.5,150,155,148,7,2,0.9548387096774194,0.9866666666666667,0.9426751592356688
4,clab-nebula-serf3,5,1.5,0,0,0,0,0,0.0,0.0,0.0
4,clab-nebula-serf3,10,1.5,2,1,1,0,1,1.0,0.5,0.5
4,clab-nebula-serf3,15,1.5,7,4,3,1,4,0.75,0.42857142857142855,0.375
4,clab-nebula-serf3,20,1.5,13,14,11,3,2,0.7857142857142857,0.8461538461538461,0.6875
4,clab-nebula-serf3,25,1.5,22,64,21,43,1,0.328125,0.9545454545454546,0.3230769230769231
4,clab-nebula-serf3,30,1.5,50,77,44,33,6,0.5714285714285714,0.88,0.5301204819277109
4,clab-nebula-serf3,35,1.5,83,77,68,9,15,0.8831168831168831,0.8192771084337349,0.7391304347826086
4,clab-nebula-serf3,40,1.5,96,120,88,32,8,0.7333333333333333,0.9166666666666666,0.6875
4,clab-nebula-serf3,45,1.5,109,120,101,19,8,0.8416666666666667,0.926605504587156,0.7890625
4,clab-nebula-serf3,50,1.5,119,155,118,37,1,0.7612903225806451,0.9915966386554622,0.7564102564102564
4,clab-nebula-serf3,55,1.5,123,155,122,33,1,0.7870967741935484,0.991869918699187,0.782051282051282
4,clab-nebula-serf3,60,1.5,141,155,140,15,1,0.9032258064516129,0.9929078014184397,0.8974358974358975
4,clab-nebula-serf14,5,1.5,0,0,0,0,0,0.0,0.0,0.0
4,clab-nebula-serf14,10,1.5,4,1,1,0,3,1.0,0.25,0.25
4,clab-nebula-serf14,15,1.5,18,7,5,2,13,0.7142857142857143,0.2777777777777778,0.25
4,clab-nebula-serf14,20,1.5,35,11,6,5,29,0.5454545454545454,0.17142857142857143,0.15
4,clab-nebula-serf14,25,1.5,70,77,61,16,9,0.7922077922077922,0.8714285714285714,0.7093023255813954
4,clab-nebula-serf14,30,1.5,88,80,71,9,17,0.8875,0.8068181818181818,0.7319587628865979
4,clab-nebula-serf14,35,1.5,102,110,95,15,7,0.8636363636363636,0.9313725490196079,0.811965811965812
4,clab-nebula-serf14,40,1.5,119,120,108,12,11,0.9,0.907563025210084,0.8244274809160306
4,clab-nebula-serf14,45,1.5,121,120,109,11,12,0.9083333333333333,0.9008264462809917,0.8257575757575758
4,clab-nebula-serf14,50,1.5,126,120,112,8,14,0.9333333333333333,0.8888888888888888,0.835820895522388
4,clab-nebula-serf14,55,1.5,151,155,150,5,1,0.967741935483871,0.9933774834437086,0.9615384615384616
4,clab-nebula-serf14,60,1.5,155,155,153,2,2,0.9870967741935484,0.9870967741935484,0.9745222929936306
4,clab-nebula-serf142,5,1.5,0,0,0,0,0,0.0,0.0,0.0
4,clab-nebula-serf142,10,1.5,0,0,0,0,0,0.0,0.0,0.0
4,clab-nebula-serf142,15,1.5,1,0,0,0,1,0,0.0,0.0
4,clab-nebula-serf142,20,1.5,1,0,0,0,1,0,0.0,0.0
4,clab-nebula-serf142,25,1.5,7,0,0,0,7,0,0.0,0.0
4,clab-nebula-serf142,30,1.5,14,37,13,24,1,0.35135135135135137,0.9285714285714286,0.34210526315789475
4,clab-nebula-serf142,35,1.5,30,37,26,11,4,0.7027027027027027,0.8666666666666667,0.6341463414634146
4,clab-nebula-serf142,40,1.5,54,37,34,3,20,0.918918918918919,0.6296296296296297,0.5964912280701754
4,clab-nebula-serf142,45,1.5,59,37,37,0,22,1.0,0.6271186440677966,0.6271186440677966
4,clab-nebula-serf142,50,1.5,95,75,61,14,34,0.8133333333333334,0.6421052631578947,0.5596330275229358
4,clab-nebula-serf142,55,1.5,126,154,126,28,0,0.8181818181818182,1.0,0.8181818181818182
4,clab-nebula-serf142,60,1.5,140,154,140,14,0,0.9090909090909091,1.0,0.9090909090909091
4,clab-nebula-serf96,5,1.5,4,0,0,0,4,0,0.0,0.0
4,clab-nebula-serf96,10,1.5,7,0,0,0,7,0,0.0,0.0
4,clab-nebula-serf96,15,1.5,7,0,0,0,7,0,0.0,0.0
4,clab-nebula-serf96,20,1.5,9,7,7,0,2,1.0,0.7777777777777778,0.7777777777777778
4,clab-nebula-serf96,25,1.5,20,7,7,0,13,1.0,0.35,0.35
4,clab-nebula-serf96,30,1.5,41,29,23,6,18,0.7931034482758621,0.5609756097560976,0.48936170212765956
4,clab-nebula-serf96,35,1.5,77,41,35,6,42,0.8536585365853658,0.45454545454545453,0.42168674698795183
4,clab-nebula-serf96,40,1.5,121,154,121,33,0,0.7857142857142857,1.0,0.7857142857142857
4,clab-nebula-serf96,45,1.5,147,154,147,7,0,0.9545454545454546,1.0,0.9545454545454546
4,clab-nebula-serf96,50,1.5,153,161,153,8,0,0.9503105590062112,1.0,0.9503105590062112
4,clab-nebula-serf96,55,1.5,160,161,160,1,0,0.9937888198757764,1.0,0.9937888198757764
4,clab-nebula-serf96,60,1.5,161,161,161,0,0,1.0,1.0,1.0
4,clab-nebula-serf116,5,1.5,0,0,0,0,0,0.0,0.0,0.0
4,clab-nebula-serf116,10,1.5,0,0,0,0,0,0.0,0.0,0.0
4,clab-nebula-serf116,15,1.5,0,0,0,0,0,0.0,0.0,0.0
4,clab-nebula-serf116,20,1.5,0,0,0,0,0,0.0,0.0,0.0
4,clab-nebula-serf116,25,1.5,0,0,0,0,0,0.0,0.0,0.0
4,clab-nebula-serf116,30,1.5,0,0,0,0,0,0.0,0.0,0.0
4,clab-nebula-serf116,35,1.5,1,0,0,0,1,0,0.0,0.0
4,clab-nebula-serf116,40,1.5,1,0,0,0,1,0,0.0,0.0
4,clab-nebula-serf116,45,1.5,6,1,1,0,5,1.0,0.16666666666666666,0.16666666666666666
4,clab-nebula-serf116,50,1.5,14,1,1,0,13,1.0,0.07142857142857142,0.07142857142857142
4,clab-nebula-serf116,55,1.5,40,161,40,121,0,0.2484472049689441,1.0,0.2484472049689441
4,clab-nebula-serf116,60,1.5,88,161,88,73,0,0.546583850931677,1.0,0.546583850931677
4,clab-nebula-serf56,5,1.5,9,5,4,1,5,0.8,0.4444444444444444,0.4
4,clab-nebula-serf56,10,1.5,24,24,16,8,8,0.6666666666666666,0.6666666666666666,0.5
4,clab-nebula-serf56,15,1.5,64,57,45,12,19,0.7894736842105263,0.703125,0.5921052631578947
4,clab-nebula-serf56,20,1.5,83,70,63,7,20,0.9,0.7590361445783133,0.7
4,clab-nebula-serf56,25,1.5,97,80,74,6,23,0.925,0.7628865979381443,0.7184466019417476
4,clab-nebula-serf56,30,1.5,118,120,107,13,11,0.8916666666666667,0.9067796610169492,0.816793893129771
4,clab-nebula-serf56,35,1.5,121,120,109,11,12,0.9083333333333333,0.9008264462809917,0.8257575757575758
4,clab-nebula-serf56,40,1.5,125,120,111,9,14,0.925,0.888,0.8283582089552238
4,clab-nebula-serf56,45,1.5,151,155,150,5,1,0.967741935483871,0.9933774834437086,0.9615384615384616
4,clab-nebula-serf56,50,1.5,154,155,153,2,1,0.9870967741935484,0.9935064935064936,0.9807692307692307
4,clab-nebula-serf56,55,1.5,157,155,154,1,3,0.9935483870967742,0.9808917197452229,0.9746835443037974
4,clab-nebula-serf56,60,1.5,158,155,155,0,3,1.0,0.9810126582278481,0.9810126582278481
4,clab-nebula-serf59,5,1.5,5,0,0,0,5,0,0.0,0.0
4,clab-nebula-serf59,10,1.5,26,24,19,5,7,0.7916666666666666,0.7307692307692307,0.6129032258064516
4,clab-nebula-serf59,15,1.5,63,55,45,10,18,0.8181818181818182,0.7142857142857143,0.6164383561643836
4,clab-nebula-serf59,20,1.5,83,70,62,8,21,0.8857142857142857,0.7469879518072289,0.6813186813186813
4,clab-nebula-serf59,25,1.5,99,110,91,19,8,0.8272727272727273,0.9191919191919192,0.7711864406779662
4,clab-nebula-serf59,30,1.5,119,120,108,12,11,0.9,0.907563025210084,0.8244274809160306
4,clab-nebula-serf59,35,1.5,124,120,111,9,13,0.925,0.8951612903225806,0.8345864661654135
4,clab-nebula-serf59,40,1.5,128,120,113,7,15,0.9416666666666667,0.8828125,0.837037037037037
4,clab-nebula-serf59,45,1.5,153,155,152,3,1,0.9806451612903225,0.9934640522875817,0.9743589743589743
4,clab-nebula-serf59,50,1.5,154,155,153,2,1,0.9870967741935484,0.9935064935064936,0.9807692307692307
4,clab-nebula-serf59,55,1.5,157,155,154,1,3,0.9935483870967742,0.9808917197452229,0.9746835443037974
4,clab-nebula-serf59,60,1.5,161,161,161,0,0,1.0,1.0,1.0
4,clab-nebula-serf70,5,1.5,3,0,0,0,3,0,0.0,0.0
4,clab-nebula-serf70,10,1.5,19,19,14,5,5,0.7368421052631579,0.7368421052631579,0.5833333333333334
4,clab-nebula-serf70,15,1.5,36,19,19,0,17,1.0,0.5277777777777778,0.5277777777777778
4,clab-nebula-serf70,20,1.5,66,57,42,15,24,0.7368421052631579,0.6363636363636364,0.5185185185185185
4,clab-nebula-serf70,25,1.5,87,57,50,7,37,0.8771929824561403,0.5747126436781609,0.5319148936170213
4,clab-nebula-serf70,30,1.5,110,116,99,17,11,0.853448275862069,0.9,0.7795275590551181
4,clab-nebula-serf70,35,1.5,119,120,108,12,11,0.9,0.907563025210084,0.8244274809160306
4,clab-nebula-serf70,40,1.5,124,120,111,9,13,0.925,0.8951612903225806,0.8345864661654135
4,clab-nebula-serf70,45,1.5,147,155,146,9,1,0.9419354838709677,0.9931972789115646,0.9358974358974359
4,clab-nebula-serf70,50,1.5,154,155,153,2,1,0.9870967741935484,0.9935064935064936,0.9807692307692307
4,clab-nebula-serf70,55,1.5,158,161,158,3,0,0.9813664596273292,1.0,0.9813664596273292
4,clab-nebula-serf70,60,1.5,161,161,161,0,0,1.0,1.0,1.0
4,clab-nebula-serf81,5,1.5,1,0,0,0,1,0,0.0,0.0
4,clab-nebula-serf81,10,1.5,22,19,15,4,7,0.7894736842105263,0.6818181818181818,0.5769230769230769
4,clab-nebula-serf81,15,1.5,39,24,22,2,17,0.9166666666666666,0.5641025641025641,0.5365853658536586
4,clab-nebula-serf81,20,1.5,68,57,42,15,26,0.7368421052631579,0.6176470588235294,0.5060240963855421
4,clab-nebula-serf81,25,1.5,90,57,50,7,40,0.8771929824561403,0.5555555555555556,0.5154639175257731
4,clab-nebula-serf81,30,1.5,114,120,103,17,11,0.8583333333333333,0.9035087719298246,0.7862595419847328
4,clab-nebula-serf81,35,1.5,121,120,110,10,11,0.9166666666666666,0.9090909090909091,0.8396946564885496
4,clab-nebula-serf81,40,1.5,130,120,111,9,19,0.925,0.8538461538461538,0.7985611510791367
4,clab-nebula-serf81,45,1.5,153,155,152,3,1,0.9806451612903225,0.9934640522875817,0.9743589743589743
4,clab-nebula-serf81,50,1.5,154,155,153,2,1,0.9870967741935484,0.9935064935064936,0.9807692307692307
4,clab-nebula-serf81,55,1.5,157,161,157,4,0,0.9751552795031055,1.0,0.9751552795031055
4,clab-nebula-serf81,60,1.5,161,161,161,0,0,1.0,1.0,1.0
4,clab-nebula-serf95,5,1.5,0,0,0,0,0,0.0,0.0,0.0
4,clab-nebula-serf95,10,1.5,10,0,0,0,10,0,0.0,0.0
4,clab-nebula-serf95,15,1.5,30,8,8,0,22,1.0,0.26666666666666666,0.26666666666666666
4,clab-nebula-serf95,20,1.5,50,8,8,0,42,1.0,0.16,0.16
4,clab-nebula-serf95,25,1.5,80,8,8,0,72,1.0,0.1,0.1
4,clab-nebula-serf95,30,1.5,104,110,93,17,11,0.8454545454545455,0.8942307692307693,0.768595041322314
4,clab-nebula-serf95,35,1.5,119,120,108,12,11,0.9,0.907563025210084,0.8244274809160306
4,clab-nebula-serf95,40,1.5,124,120,111,9,13,0.925,0.8951612903225806,0.8345864661654135
4,clab-nebula-serf95,45,1.5,142,154,141,13,1,0.9155844155844156,0.9929577464788732,0.9096774193548387
4,clab-nebula-serf95,50,1.5,154,155,153,2,1,0.9870967741935484,0.9935064935064936,0.9807692307692307
4,clab-nebula-serf95,55,1.5,154,155,153,2,1,0.9870967741935484,0.9935064935064936,0.9807692307692307
4,clab-nebula-serf95,60,1.5,159,161,159,2,0,0.9875776397515528,1.0,0.9875776397515528
4,clab-nebula-serf114,5,1.5,1,0,0,0,1,0,0.0,0.0
4,clab-nebula-serf114,10,1.5,1,0,0,0,1,0,0.0,0.0
4,clab-nebula-serf114,15,1.5,2,1,1,0,1,1.0,0.5,0.5
4,clab-nebula-serf114,20,1.5,17,8,5,3,12,0.625,0.29411764705882354,0.25
4,clab-nebula-serf114,25,1.5,25,9,9,0,16,1.0,0.36,0.36
4,clab-nebula-serf114,30,1.5,53,102,45,57,8,0.4411764705882353,0.8490566037735849,0.4090909090909091
4,clab-nebula-serf114,35,1.5,92,120,86,34,6,0.7166666666666667,0.9347826086956522,0.6825396825396826
4,clab-nebula-serf114,40,1.5,134,154,133,21,1,0.8636363636363636,0.9925373134328358,0.8580645161290322
4,clab-nebula-serf114,45,1.5,152,158,150,8,2,0.9493670886075949,0.9868421052631579,0.9375
4,clab-nebula-serf114,50,1.5,158,161,158,3,0,0.9813664596273292,1.0,0.9813664596273292
4,clab-nebula-serf114,55,1.5,161,161,161,0,0,1.0,1.0,1.0
4,clab-nebula-serf114,60,1.5,161,161,161,0,0,1.0,1.0,1.0
4,clab-nebula-serf9,5,1.5,1,0,0,0,1,0,0.0,0.0
4,clab-nebula-serf9,10,1.5,8,0,0,0,8,0,0.0,0.0
4,clab-nebula-serf9,15,1.5,17,7,5,2,12,0.7142857142857143,0.29411764705882354,0.2631578947368421
4,clab-nebula-serf9,20,1.5,36,14,14,0,22,1.0,0.3888888888888889,0.3888888888888889
4,clab-nebula-serf9,25,1.5,71,77,60,17,11,0.7792207792207793,0.8450704225352113,0.6818181818181818
4,clab-nebula-serf9,30,1.5,87,80,70,10,17,0.875,0.8045977011494253,0.7216494845360825
4,clab-nebula-serf9,35,1.5,101,110,94,16,7,0.8545454545454545,0.9306930693069307,0.8034188034188035
4,clab-nebula-serf9,40,1.5,116,120,106,14,10,0.8833333333333333,0.9137931034482759,0.8153846153846154
4,clab-nebula-serf9,45,1.5,120,120,108,12,12,0.9,0.9,0.8181818181818182
4,clab-nebula-serf9,50,1.5,125,120,111,9,14,0.925,0.888,0.8283582089552238
4,clab-nebula-serf9,55,1.5,151,155,150,5,1,0.967741935483871,0.9933774834437086,0.9615384615384616
4,clab-nebula-serf9,60,1.5,154,155,153,2,1,0.9870967741935484,0.9935064935064936,0.9807692307692307
4,clab-nebula-serf17,5,1.5,1,0,0,0,1,0,0.0,0.0
4,clab-nebula-serf17,10,1.5,12,0,0,0,12,0,0.0,0.0
4,clab-nebula-serf17,15,1.5,30,14,6,8,24,0.42857142857142855,0.2,0.15789473684210525
4,clab-nebula-serf17,20,1.5,66,64,50,14,16,0.78125,0.7575757575757576,0.625
4,clab-nebula-serf17,25,1.5,85,80,70,10,15,0.875,0.8235294117647058,0.7368421052631579
4,clab-nebula-serf17,30,1.5,96,80,74,6,22,0.925,0.7708333333333334,0.7254901960784313
4,clab-nebula-serf17,35,1.5,116,120,106,14,10,0.8833333333333333,0.9137931034482759,0.8153846153846154
4,clab-nebula-serf17,40,1.5,121,120,109,11,12,0.9083333333333333,0.9008264462809917,0.8257575757575758
4,clab-nebula-serf17,45,1.5,124,120,111,9,13,0.925,0.8951612903225806,0.8345864661654135
4,clab-nebula-serf17,50,1.5,150,155,149,6,1,0.9612903225806452,0.9933333333333333,0.9551282051282052
4,clab-nebula-serf17,55,1.5,154,155,153,2,1,0.9870967741935484,0.9935064935064936,0.9807692307692307
4,clab-nebula-serf17,60,1.5,157,155,154,1,3,0.9935483870967742,0.9808917197452229,0.9746835443037974
4,clab-nebula-serf139,5,1.5,0,0,0,0,0,0.0,0.0,0.0
4,clab-nebula-serf139,10,1.5,0,0,0,0,0,0.0,0.0,0.0
4,clab-nebula-serf139,15,1.5,5,0,0,0,5,0,0.0,0.0
4,clab-nebula-serf139,20,1.5,14,0,0,0,14,0,0.0,0.0
4,clab-nebula-serf139,25,1.5,21,37,21,16,0,0.5675675675675675,1.0,0.5675675675675675
4,clab-nebula-serf139,30,1.5,31,37,24,13,7,0.6486486486486487,0.7741935483870968,0.5454545454545454
4,clab-nebula-serf139,35,1.5,45,37,33,4,12,0.8918918918918919,0.7333333333333333,0.673469387755102
4,clab-nebula-serf139,40,1.5,65,63,49,14,16,0.7777777777777778,0.7538461538461538,0.620253164556962
4,clab-nebula-serf139,45,1.5,95,63,62,1,33,0.9841269841269841,0.6526315789473685,0.6458333333333334
4,clab-nebula-serf139,50,1.5,121,75,69,6,52,0.92,0.5702479338842975,0.5433070866141733
4,clab-nebula-serf139,55,1.5,137,154,137,17,0,0.8896103896103896,1.0,0.8896103896103896
4,clab-nebula-serf139,60,1.5,149,154,149,5,0,0.9675324675324676,1.0,0.9675324675324676
4,clab-nebula-serf52,5,1.5,1,0,0,0,1,0,0.0,0.0
4,clab-nebula-serf52,10,1.5,12,8,7,1,5,0.875,0.5833333333333334,0.5384615384615384
4,clab-nebula-serf52,15,1.5,38,46,29,17,9,0.6304347826086957,0.7631578947368421,0.5272727272727272
4,clab-nebula-serf52,20,1.5,69,57,47,10,22,0.8245614035087719,0.6811594202898551,0.5949367088607594
4,clab-nebula-serf52,25,1.5,88,77,69,8,19,0.8961038961038961,0.7840909090909091,0.71875
4,clab-nebula-serf52,30,1.5,106,116,97,19,9,0.8362068965517241,0.9150943396226415,0.776
4,clab-nebula-serf52,35,1.5,119,120,108,12,11,0.9,0.907563025210084,0.8244274809160306
4,clab-nebula-serf52,40,1.5,124,120,111,9,13,0.925,0.8951612903225806,0.8345864661654135
4,clab-nebula-serf52,45,1.5,134,154,133,21,1,0.8636363636363636,0.9925373134328358,0.8580645161290322
4,clab-nebula-serf52,50,1.5,154,155,153,2,1,0.9870967741935484,0.9935064935064936,0.9807692307692307
4,clab-nebula-serf52,55,1.5,154,155,153,2,1,0.9870967741935484,0.9935064935064936,0.9807692307692307
4,clab-nebula-serf52,60,1.5,157,155,154,1,3,0.9935483870967742,0.9808917197452229,0.9746835443037974
4,clab-nebula-serf71,5,1.5,0,0,0,0,0,0.0,0.0,0.0
4,clab-nebula-serf71,10,1.5,15,12,10,2,5,0.8333333333333334,0.6666666666666666,0.5882352941176471
4,clab-nebula-serf71,15,1.5,33,19,17,2,16,0.8947368421052632,0.5151515151515151,0.4857142857142857
4,clab-nebula-serf71,20,1.5,57,55,37,18,20,0.6727272727272727,0.6491228070175439,0.49333333333333335
4,clab-nebula-serf71,25,1.5,83,57,48,9,35,0.8421052631578947,0.5783132530120482,0.5217391304347826
4,clab-nebula-serf71,30,1.5,107,110,96,14,11,0.8727272727272727,0.897196261682243,0.7933884297520661
4,clab-nebula-serf71,35,1.5,119,120,108,12,11,0.9,0.907563025210084,0.8244274809160306
4,clab-nebula-serf71,40,1.5,124,120,111,9,13,0.925,0.8951612903225806,0.8345864661654135
4,clab-nebula-serf71,45,1.5,146,155,145,10,1,0.9354838709677419,0.9931506849315068,0.9294871794871795
4,clab-nebula-serf71,50,1.5,154,155,153,2,1,0.9870967741935484,0.9935064935064936,0.9807692307692307
4,clab-nebula-serf71,55,1.5,156,161,156,5,0,0.968944099378882,1.0,0.968944099378882
4,clab-nebula-serf71,60,1.5,161,161,161,0,0,1.0,1.0,1.0
4,clab-nebula-serf26,5,1.5,3,0,0,0,3,0,0.0,0.0
4,clab-nebula-serf26,10,1.5,19,3,2,1,17,0.6666666666666666,0.10526315789473684,0.1
4,clab-nebula-serf26,15,1.5,31,18,17,1,14,0.9444444444444444,0.5483870967741935,0.53125
4,clab-nebula-serf26,20,1.5,58,68,53,15,5,0.7794117647058824,0.9137931034482759,0.726027397260274
4,clab-nebula-serf26,25,1.5,87,59,59,0,28,1.0,0.6781609195402298,0.6781609195402298
4,clab-nebula-serf26,30,1.5,94,80,75,5,19,0.9375,0.7978723404255319,0.7575757575757576
4,clab-nebula-serf26,35,1.5,108,116,97,19,11,0.8362068965517241,0.8981481481481481,0.7637795275590551
4,clab-nebula-serf26,40,1.5,121,116,109,7,12,0.9396551724137931,0.9008264462809917,0.8515625
4,clab-nebula-serf26,45,1.5,124,116,111,5,13,0.9568965517241379,0.8951612903225806,0.8604651162790697
4,clab-nebula-serf26,50,1.5,137,154,136,18,1,0.8831168831168831,0.9927007299270073,0.8774193548387097
4,clab-nebula-serf26,55,1.5,154,154,153,1,1,0.9935064935064936,0.9935064935064936,0.9870967741935484
4,clab-nebula-serf26,60,1.5,155,154,153,1,2,0.9935064935064936,0.9870967741935484,0.9807692307692307
4,clab-nebula-serf34,5,1.5,1,0,0,0,1,0,0.0,0.0
4,clab-nebula-serf34,10,1.5,9,35,4,31,5,0.11428571428571428,0.4444444444444444,0.1
4,clab-nebula-serf34,15,1.5,27,35,15,20,12,0.42857142857142855,0.5555555555555556,0.3191489361702128
4,clab-nebula-serf34,20,1.5,67,46,43,3,24,0.9347826086956522,0.6417910447761194,0.6142857142857143
4,clab-nebula-serf34,25,1.5,85,70,67,3,18,0.9571428571428572,0.788235294117647,0.7613636363636364
4,clab-nebula-serf34,30,1.5,95,80,75,5,20,0.9375,0.7894736842105263,0.75
4,clab-nebula-serf34,35,1.5,112,116,100,16,12,0.8620689655172413,0.8928571428571429,0.78125
4,clab-nebula-serf34,40,1.5,121,116,109,7,12,0.9396551724137931,0.9008264462809917,0.8515625
4,clab-nebula-serf34,45,1.5,124,120,111,9,13,0.925,0.8951612903225806,0.8345864661654135
4,clab-nebula-serf34,50,1.5,149,154,148,6,1,0.961038961038961,0.9932885906040269,0.9548387096774194
4,clab-nebula-serf34,55,1.5,154,154,153,1,1,0.9935064935064936,0.9935064935064936,0.9870967741935484
4,clab-nebula-serf34,60,1.5,156,154,154,0,2,1.0,0.9871794871794872,0.9871794871794872
4,clab-nebula-serf126,5,1.5,0,0,0,0,0,0.0,0.0,0.0
4,clab-nebula-serf126,10,1.5,3,0,0,0,3,0,0.0,0.0
4,clab-nebula-serf126,15,1.5,15,20,8,12,7,0.4,0.5333333333333333,0.2962962962962963
4,clab-nebula-serf126,20,1.5,47,37,32,5,15,0.8648648648648649,0.6808510638297872,0.6153846153846154
4,clab-nebula-serf126,25,1.5,59,39,36,3,23,0.9230769230769231,0.6101694915254238,0.5806451612903226
4,clab-nebula-serf126,30,1.5,92,63,56,7,36,0.8888888888888888,0.6086956521739131,0.5656565656565656
4,clab-nebula-serf126,35,1.5,121,134,108,26,13,0.8059701492537313,0.8925619834710744,0.7346938775510204
4,clab-nebula-serf126,40,1.5,138,154,138,16,0,0.8961038961038961,1.0,0.8961038961038961
4,clab-nebula-serf126,45,1.5,146,154,146,8,0,0.948051948051948,1.0,0.948051948051948
4,clab-nebula-serf126,50,1.5,156,155,154,1,2,0.9935483870967742,0.9871794871794872,0.9808917197452229
4,clab-nebula-serf126,55,1.5,161,161,161,0,0,1.0,1.0,1.0
4,clab-nebula-serf126,60,1.5,161,161,161,0,0,1.0,1.0,1.0
4,clab-nebula-serf36,5,1.5,0,0,0,0,0,0.0,0.0,0.0
4,clab-nebula-serf36,10,1.5,2,0,0,0,2,0,0.0,0.0
4,clab-nebula-serf36,15,1.5,17,35,13,22,4,0.37142857142857144,0.7647058823529411,0.3333333333333333
4,clab-nebula-serf36,20,1.5,53,46,35,11,18,0.7608695652173914,0.660377358490566,0.546875
4,clab-nebula-serf36,25,1.5,79,70,63,7,16,0.9,0.7974683544303798,0.7325581395348837
4,clab-nebula-serf36,30,1.5,92,70,67,3,25,0.9571428571428572,0.7282608695652174,0.7052631578947368
4,clab-nebula-serf36,35,1.5,108,110,98,12,10,0.8909090909090909,0.9074074074074074,0.8166666666666667
4,clab-nebula-serf36,40,1.5,121,116,109,7,12,0.9396551724137931,0.9008264462809917,0.8515625
4,clab-nebula-serf36,45,1.5,124,120,111,9,13,0.925,0.8951612903225806,0.8345864661654135
4,clab-nebula-serf36,50,1.5,137,154,136,18,1,0.8831168831168831,0.9927007299270073,0.8774193548387097
4,clab-nebula-serf36,55,1.5,154,154,153,1,1,0.9935064935064936,0.9935064935064936,0.9870967741935484
4,clab-nebula-serf36,60,1.5,154,154,153,1,1,0.9935064935064936,0.9935064935064936,0.9870967741935484
4,clab-nebula-serf82,5,1.5,0,0,0,0,0,0.0,0.0,0.0
4,clab-nebula-serf82,10,1.5,0,0,0,0,0,0.0,0.0,0.0
4,clab-nebula-serf82,15,1.5,0,0,0,0,0,0.0,0.0,0.0
4,clab-nebula-serf82,20,1.5,0,0,0,0,0,0.0,0.0,0.0
4,clab-nebula-serf82,25,1.5,0,0,0,0,0,0.0,0.0,0.0
4,clab-nebula-serf82,30,1.5,0,0,0,0,0,0.0,0.0,0.0
4,clab-nebula-serf82,35,1.5,16,41,12,29,4,0.2926829268292683,0.75,0.26666666666666666
4,clab-nebula-serf82,40,1.5,61,55,37,18,24,0.6727272727272727,0.6065573770491803,0.46835443037974683
4,clab-nebula-serf82,45,1.5,94,79,65,14,29,0.8227848101265823,0.6914893617021277,0.6018518518518519
4,clab-nebula-serf82,50,1.5,111,100,94,6,17,0.94,0.8468468468468469,0.8034188034188035
4,clab-nebula-serf82,55,1.5,121,110,108,2,13,0.9818181818181818,0.8925619834710744,0.8780487804878049
4,clab-nebula-serf82,60,1.5,148,154,148,6,0,0.961038961038961,1.0,0.961038961038961
4,clab-nebula-serf85,5,1.5,0,0,0,0,0,0.0,0.0,0.0
4,clab-nebula-serf85,10,1.5,4,0,0,0,4,0,0.0,0.0
4,clab-nebula-serf85,15,1.5,19,6,6,0,13,1.0,0.3157894736842105,0.3157894736842105
4,clab-nebula-serf85,20,1.5,35,6,6,0,29,1.0,0.17142857142857143,0.17142857142857143
4,clab-nebula-serf85,25,1.5,57,6,6,0,51,1.0,0.10526315789473684,0.10526315789473684
4,clab-nebula-serf85,30,1.5,82,6,6,0,76,1.0,0.07317073170731707,0.07317073170731707
4,clab-nebula-serf85,35,1.5,111,7,7,0,104,1.0,0.06306306306306306,0.06306306306306306
4,clab-nebula-serf85,40,1.5,119,7,7,0,112,1.0,0.058823529411764705,0.058823529411764705
4,clab-nebula-serf85,45,1.5,134,22,20,2,114,0.9090909090909091,0.14925373134328357,0.14705882352941177
4,clab-nebula-serf85,50,1.5,149,155,148,7,1,0.9548387096774194,0.9932885906040269,0.9487179487179487
4,clab-nebula-serf85,55,1.5,154,155,153,2,1,0.9870967741935484,0.9935064935064936,0.9807692307692307
4,clab-nebula-serf85,60,1.5,157,161,157,4,0,0.9751552795031055,1.0,0.9751552795031055
4,clab-nebula-serf97,5,1.5,5,0,0,0,5,0,0.0,0.0
4,clab-nebula-serf97,10,1.5,7,0,0,0,7,0,0.0,0.0
4,clab-nebula-serf97,15,1.5,7,0,0,0,7,0,0.0,0.0
4,clab-nebula-serf97,20,1.5,9,9,7,2,2,0.7777777777777778,0.7777777777777778,0.6363636363636364
4,clab-nebula-serf97,25,1.5,17,9,9,0,8,1.0,0.5294117647058824,0.5294117647058824
4,clab-nebula-serf97,30,1.5,41,29,23,6,18,0.7931034482758621,0.5609756097560976,0.48936170212765956
4,clab-nebula-serf97,35,1.5,80,41,35,6,45,0.8536585365853658,0.4375,0.4069767441860465
4,clab-nebula-serf97,40,1.5,126,161,126,35,0,0.782608695652174,1.0,0.782608695652174
4,clab-nebula-serf97,45,1.5,149,161,149,12,0,0.9254658385093167,1.0,0.9254658385093167
4,clab-nebula-serf97,50,1.5,159,161,159,2,0,0.9875776397515528,1.0,0.9875776397515528
4,clab-nebula-serf97,55,1.5,161,161,161,0,0,1.0,1.0,1.0
4,clab-nebula-serf97,60,1.5,161,161,161,0,0,1.0,1.0,1.0
4,clab-nebula-serf99,5,1.5,6,0,0,0,6,0,0.0,0.0
4,clab-nebula-serf99,10,1.5,7,0,0,0,7,0,0.0,0.0
4,clab-nebula-serf99,15,1.5,7,0,0,0,7,0,0.0,0.0
4,clab-nebula-serf99,20,1.5,11,7,7,0,4,1.0,0.6363636363636364,0.6363636363636364
4,clab-nebula-serf99,25,1.5,24,7,7,0,17,1.0,0.2916666666666667,0.2916666666666667
4,clab-nebula-serf99,30,1.5,52,29,28,1,24,0.9655172413793104,0.5384615384615384,0.5283018867924528
4,clab-nebula-serf99,35,1.5,82,41,35,6,47,0.8536585365853658,0.4268292682926829,0.3977272727272727
4,clab-nebula-serf99,40,1.5,137,154,137,17,0,0.8896103896103896,1.0,0.8896103896103896
4,clab-nebula-serf99,45,1.5,148,154,148,6,0,0.961038961038961,1.0,0.961038961038961
4,clab-nebula-serf99,50,1.5,159,154,154,0,5,1.0,0.9685534591194969,0.9685534591194969
4,clab-nebula-serf99,55,1.5,160,161,160,1,0,0.9937888198757764,1.0,0.9937888198757764
4,clab-nebula-serf99,60,1.5,161,161,161,0,0,1.0,1.0,1.0
4,clab-nebula-serf124,5,1.5,0,0,0,0,0,0.0,0.0,0.0
4,clab-nebula-serf124,10,1.5,3,0,0,0,3,0,0.0,0.0
4,clab-nebula-serf124,15,1.5,8,0,0,0,8,0,0.0,0.0
4,clab-nebula-serf124,20,1.5,15,0,0,0,15,0,0.0,0.0
4,clab-nebula-serf124,25,1.5,29,20,8,12,21,0.4,0.27586206896551724,0.1951219512195122
4,clab-nebula-serf124,30,1.5,81,63,51,12,30,0.8095238095238095,0.6296296296296297,0.5483870967741935
4,clab-nebula-serf124,35,1.5,114,133,101,32,13,0.7593984962406015,0.8859649122807017,0.6917808219178082
4,clab-nebula-serf124,40,1.5,133,134,119,15,14,0.8880597014925373,0.8947368421052632,0.8040540540540541
4,clab-nebula-serf124,45,1.5,145,154,145,9,0,0.9415584415584416,1.0,0.9415584415584416
4,clab-nebula-serf124,50,1.5,156,154,151,3,5,0.9805194805194806,0.967948717948718,0.949685534591195
4,clab-nebula-serf124,55,1.5,161,161,161,0,0,1.0,1.0,1.0
4,clab-nebula-serf124,60,1.5,161,161,161,0,0,1.0,1.0,1.0
4,clab-nebula-serf157,5,1.5,4,0,0,0,4,0,0.0,0.0
4,clab-nebula-serf157,10,1.5,4,0,0,0,4,0,0.0,0.0
4,clab-nebula-serf157,15,1.5,5,0,0,0,5,0,0.0,0.0
4,clab-nebula-serf157,20,1.5,9,10,6,4,3,0.6,0.6666666666666666,0.46153846153846156
4,clab-nebula-serf157,25,1.5,16,26,12,14,4,0.46153846153846156,0.75,0.4
4,clab-nebula-serf157,30,1.5,35,26,25,1,10,0.9615384615384616,0.7142857142857143,0.6944444444444444
4,clab-nebula-serf157,35,1.5,40,37,28,9,12,0.7567567567567568,0.7,0.5714285714285714
4,clab-nebula-serf157,40,1.5,54,37,34,3,20,0.918918918918919,0.6296296296296297,0.5964912280701754
4,clab-nebula-serf157,45,1.5,70,63,48,15,22,0.7619047619047619,0.6857142857142857,0.5647058823529412
4,clab-nebula-serf157,50,1.5,109,75,65,10,44,0.8666666666666667,0.5963302752293578,0.5462184873949579
4,clab-nebula-serf157,55,1.5,136,154,136,18,0,0.8831168831168831,1.0,0.8831168831168831
4,clab-nebula-serf157,60,1.5,148,155,148,7,0,0.9548387096774194,1.0,0.9548387096774194
4,clab-nebula-serf159,5,1.5,4,0,0,0,4,0,0.0,0.0
4,clab-nebula-serf159,10,1.5,4,0,0,0,4,0,0.0,0.0
4,clab-nebula-serf159,15,1.5,5,0,0,0,5,0,0.0,0.0
4,clab-nebula-serf159,20,1.5,9,10,6,4,3,0.6,0.6666666666666666,0.46153846153846156
4,clab-nebula-serf159,25,1.5,16,27,12,15,4,0.4444444444444444,0.75,0.3870967741935484
4,clab-nebula-serf159,30,1.5,35,27,25,2,10,0.9259259259259259,0.7142857142857143,0.6756756756756757
4,clab-nebula-serf159,35,1.5,40,37,28,9,12,0.7567567567567568,0.7,0.5714285714285714
4,clab-nebula-serf159,40,1.5,54,37,34,3,20,0.918918918918919,0.6296296296296297,0.5964912280701754
4,clab-nebula-serf159,45,1.5,70,63,48,15,22,0.7619047619047619,0.6857142857142857,0.5647058823529412
4,clab-nebula-serf159,50,1.5,108,75,65,10,43,0.8666666666666667,0.6018518518518519,0.5508474576271186
4,clab-nebula-serf159,55,1.5,136,154,136,18,0,0.8831168831168831,1.0,0.8831168831168831
4,clab-nebula-serf159,60,1.5,148,155,148,7,0,0.9548387096774194,1.0,0.9548387096774194
4,clab-nebula-serf1,5,1.5,0,0,0,0,0,0.0,0.0,0.0
4,clab-nebula-serf1,10,1.5,6,7,6,1,0,0.8571428571428571,1.0,0.8571428571428571
4,clab-nebula-serf1,15,1.5,12,13,11,2,1,0.8461538461538461,0.9166666666666666,0.7857142857142857
4,clab-nebula-serf1,20,1.5,19,14,13,1,6,0.9285714285714286,0.6842105263157895,0.65
4,clab-nebula-serf1,25,1.5,37,16,14,2,23,0.875,0.3783783783783784,0.358974358974359
4,clab-nebula-serf1,30,1.5,74,77,61,16,13,0.7922077922077922,0.8243243243243243,0.6777777777777778
4,clab-nebula-serf1,35,1.5,91,118,85,33,6,0.7203389830508474,0.9340659340659341,0.6854838709677419
4,clab-nebula-serf1,40,1.5,107,120,99,21,8,0.825,0.9252336448598131,0.7734375
4,clab-nebula-serf1,45,1.5,117,155,116,39,1,0.7483870967741936,0.9914529914529915,0.7435897435897436
4,clab-nebula-serf1,50,1.5,121,155,120,35,1,0.7741935483870968,0.9917355371900827,0.7692307692307693
4,clab-nebula-serf1,55,1.5,133,155,132,23,1,0.8516129032258064,0.9924812030075187,0.8461538461538461
4,clab-nebula-serf1,60,1.5,153,155,150,5,3,0.967741935483871,0.9803921568627451,0.9493670886075949
4,clab-nebula-serf33,5,1.5,3,0,0,0,3,0,0.0,0.0
4,clab-nebula-serf33,10,1.5,20,35,13,22,7,0.37142857142857144,0.65,0.30952380952380953
4,clab-nebula-serf33,15,1.5,53,35,29,6,24,0.8285714285714286,0.5471698113207547,0.4915254237288136
4,clab-nebula-serf33,20,1.5,78,70,64,6,14,0.9142857142857143,0.8205128205128205,0.7619047619047619
4,clab-nebula-serf33,25,1.5,90,70,67,3,23,0.9571428571428572,0.7444444444444445,0.7204301075268817
4,clab-nebula-serf33,30,1.5,105,116,95,21,10,0.8189655172413793,0.9047619047619048,0.753968253968254
4,clab-nebula-serf33,35,1.5,119,116,107,9,12,0.9224137931034483,0.8991596638655462,0.8359375
4,clab-nebula-serf33,40,1.5,124,120,111,9,13,0.925,0.8951612903225806,0.8345864661654135
4,clab-nebula-serf33,45,1.5,128,120,114,6,14,0.95,0.890625,0.8507462686567164
4,clab-nebula-serf33,50,1.5,154,154,153,1,1,0.9935064935064936,0.9935064935064936,0.9870967741935484
4,clab-nebula-serf33,55,1.5,154,154,153,1,1,0.9935064935064936,0.9935064935064936,0.9870967741935484
4,clab-nebula-serf33,60,1.5,157,154,154,0,3,1.0,0.9808917197452229,0.9808917197452229
4,clab-nebula-serf123,5,1.5,0,0,0,0,0,0.0,0.0,0.0
4,clab-nebula-serf123,10,1.5,2,0,0,0,2,0,0.0,0.0
4,clab-nebula-serf123,15,1.5,11,1,1,0,10,1.0,0.09090909090909091,0.09090909090909091
4,clab-nebula-serf123,20,1.5,16,10,1,9,15,0.1,0.0625,0.04
4,clab-nebula-serf123,25,1.5,42,16,3,13,39,0.1875,0.07142857142857142,0.05454545454545454
4,clab-nebula-serf123,30,1.5,89,16,12,4,77,0.75,0.1348314606741573,0.12903225806451613
4,clab-nebula-serf123,35,1.5,128,77,60,17,68,0.7792207792207793,0.46875,0.41379310344827586
4,clab-nebula-serf123,40,1.5,143,154,143,11,0,0.9285714285714286,1.0,0.9285714285714286
4,clab-nebula-serf123,45,1.5,152,154,150,4,2,0.974025974025974,0.9868421052631579,0.9615384615384616
4,clab-nebula-serf123,50,1.5,158,155,155,0,3,1.0,0.9810126582278481,0.9810126582278481
4,clab-nebula-serf123,55,1.5,161,161,161,0,0,1.0,1.0,1.0
4,clab-nebula-serf123,60,1.5,161,161,161,0,0,1.0,1.0,1.0
4,clab-nebula-serf135,5,1.5,0,0,0,0,0,0.0,0.0,0.0
4,clab-nebula-serf135,10,1.5,0,0,0,0,0,0.0,0.0,0.0
4,clab-nebula-serf135,15,1.5,1,0,0,0,1,0,0.0,0.0
4,clab-nebula-serf135,20,1.5,14,13,13,0,1,1.0,0.9285714285714286,0.9285714285714286
4,clab-nebula-serf135,25,1.5,15,14,14,0,1,1.0,0.9333333333333333,0.9333333333333333
4,clab-nebula-serf135,30,1.5,25,37,22,15,3,0.5945945945945946,0.88,0.55
4,clab-nebula-serf135,35,1.5,42,37,30,7,12,0.8108108108108109,0.7142857142857143,0.6122448979591837
4,clab-nebula-serf135,40,1.5,54,39,36,3,18,0.9230769230769231,0.6666666666666666,0.631578947368421
4,clab-nebula-serf135,45,1.5,91,63,61,2,30,0.9682539682539683,0.6703296703296703,0.6559139784946236
4,clab-nebula-serf135,50,1.5,112,75,67,8,45,0.8933333333333333,0.5982142857142857,0.5583333333333333
4,clab-nebula-serf135,55,1.5,137,154,137,17,0,0.8896103896103896,1.0,0.8896103896103896
4,clab-nebula-serf135,60,1.5,146,154,146,8,0,0.948051948051948,1.0,0.948051948051948
4,clab-nebula-serf13,5,1.5,0,0,0,0,0,0.0,0.0,0.0
4,clab-nebula-serf13,10,1.5,7,0,0,0,7,0,0.0,0.0
4,clab-nebula-serf13,15,1.5,24,4,4,0,20,1.0,0.16666666666666666,0.16666666666666666
4,clab-nebula-serf13,20,1.5,50,46,30,16,20,0.6521739130434783,0.6,0.45454545454545453
4,clab-nebula-serf13,25,1.5,76,64,57,7,19,0.890625,0.75,0.6867469879518072
4,clab-nebula-serf13,30,1.5,92,80,72,8,20,0.9,0.782608695652174,0.72
4,clab-nebula-serf13,35,1.5,110,120,101,19,9,0.8416666666666667,0.9181818181818182,0.7829457364341085
4,clab-nebula-serf13,40,1.5,120,120,108,12,12,0.9,0.9,0.8181818181818182
4,clab-nebula-serf13,45,1.5,124,120,111,9,13,0.925,0.8951612903225806,0.8345864661654135
4,clab-nebula-serf13,50,1.5,144,155,143,12,1,0.9225806451612903,0.9930555555555556,0.9166666666666666
4,clab-nebula-serf13,55,1.5,154,155,153,2,1,0.9870967741935484,0.9935064935064936,0.9807692307692307
4,clab-nebula-serf13,60,1.5,157,155,154,1,3,0.9935483870967742,0.9808917197452229,0.9746835443037974
4,clab-nebula-serf47,5,1.5,4,0,0,0,4,0,0.0,0.0
4,clab-nebula-serf47,10,1.5,12,5,5,0,7,1.0,0.4166666666666667,0.4166666666666667
4,clab-nebula-serf47,15,1.5,25,11,7,4,18,0.6363636363636364,0.28,0.2413793103448276
4,clab-nebula-serf47,20,1.5,51,70,50,20,1,0.7142857142857143,0.9803921568627451,0.704225352112676
4,clab-nebula-serf47,25,1.5,82,70,67,3,15,0.9571428571428572,0.8170731707317073,0.788235294117647
4,clab-nebula-serf47,30,1.5,100,110,93,17,7,0.8454545454545455,0.93,0.7948717948717948
4,clab-nebula-serf47,35,1.5,120,116,108,8,12,0.9310344827586207,0.9,0.84375
4,clab-nebula-serf47,40,1.5,124,116,111,5,13,0.9568965517241379,0.8951612903225806,0.8604651162790697
4,clab-nebula-serf47,45,1.5,126,120,113,7,13,0.9416666666666667,0.8968253968253969,0.849624060150376
4,clab-nebula-serf47,50,1.5,154,154,153,1,1,0.9935064935064936,0.9935064935064936,0.9870967741935484
4,clab-nebula-serf47,55,1.5,154,154,153,1,1,0.9935064935064936,0.9935064935064936,0.9870967741935484
4,clab-nebula-serf47,60,1.5,156,154,154,0,2,1.0,0.9871794871794872,0.9871794871794872
4,clab-nebula-serf84,5,1.5,0,0,0,0,0,0.0,0.0,0.0
4,clab-nebula-serf84,10,1.5,0,0,0,0,0,0.0,0.0,0.0
4,clab-nebula-serf84,15,1.5,4,0,0,0,4,0,0.0,0.0
4,clab-nebula-serf84,20,1.5,18,6,6,0,12,1.0,0.3333333333333333,0.3333333333333333
4,clab-nebula-serf84,25,1.5,35,6,6,0,29,1.0,0.17142857142857143,0.17142857142857143
4,clab-nebula-serf84,30,1.5,57,6,6,0,51,1.0,0.10526315789473684,0.10526315789473684
4,clab-nebula-serf84,35,1.5,81,6,6,0,75,1.0,0.07407407407407407,0.07407407407407407
4,clab-nebula-serf84,40,1.5,110,7,7,0,103,1.0,0.06363636363636363,0.06363636363636363
4,clab-nebula-serf84,45,1.5,119,7,7,0,112,1.0,0.058823529411764705,0.058823529411764705
4,clab-nebula-serf84,50,1.5,128,22,14,8,114,0.6363636363636364,0.109375,0.10294117647058823
4,clab-nebula-serf84,55,1.5,142,155,141,14,1,0.9096774193548387,0.9929577464788732,0.9038461538461539
4,clab-nebula-serf84,60,1.5,154,155,153,2,1,0.9870967741935484,0.9935064935064936,0.9807692307692307
4,clab-nebula-serf92,5,1.5,0,0,0,0,0,0.0,0.0,0.0
4,clab-nebula-serf92,10,1.5,9,0,0,0,9,0,0.0,0.0
4,clab-nebula-serf92,15,1.5,30,6,6,0,24,1.0,0.2,0.2
4,clab-nebula-serf92,20,1.5,47,8,8,0,39,1.0,0.1702127659574468,0.1702127659574468
4,clab-nebula-serf92,25,1.5,77,8,8,0,69,1.0,0.1038961038961039,0.1038961038961039
4,clab-nebula-serf92,30,1.5,103,110,92,18,11,0.8363636363636363,0.8932038834951457,0.7603305785123967
4,clab-nebula-serf92,35,1.5,118,116,107,9,11,0.9224137931034483,0.9067796610169492,0.84251968503937
4,clab-nebula-serf92,40,1.5,123,120,110,10,13,0.9166666666666666,0.8943089430894309,0.8270676691729323
4,clab-nebula-serf92,45,1.5,137,120,112,8,25,0.9333333333333333,0.8175182481751825,0.7724137931034483
4,clab-nebula-serf92,50,1.5,154,155,153,2,1,0.9870967741935484,0.9935064935064936,0.9807692307692307
4,clab-nebula-serf92,55,1.5,154,155,153,2,1,0.9870967741935484,0.9935064935064936,0.9807692307692307
4,clab-nebula-serf92,60,1.5,158,161,158,3,0,0.9813664596273292,1.0,0.9813664596273292
4,clab-nebula-serf106,5,1.5,0,0,0,0,0,0.0,0.0,0.0
4,clab-nebula-serf106,10,1.5,2,0,0,0,2,0,0.0,0.0
4,clab-nebula-serf106,15,1.5,4,0,0,0,4,0,0.0,0.0
4,clab-nebula-serf106,20,1.5,8,8,7,1,1,0.875,0.875,0.7777777777777778
4,clab-nebula-serf106,25,1.5,27,19,10,9,17,0.5263157894736842,0.37037037037037035,0.2777777777777778
4,clab-nebula-serf106,30,1.5,55,29,29,0,26,1.0,0.5272727272727272,0.5272727272727272
4,clab-nebula-serf106,35,1.5,86,29,29,0,57,1.0,0.3372093023255814,0.3372093023255814
4,clab-nebula-serf106,40,1.5,130,154,130,24,0,0.8441558441558441,1.0,0.8441558441558441
4,clab-nebula-serf106,45,1.5,145,154,145,9,0,0.9415584415584416,1.0,0.9415584415584416
4,clab-nebula-serf106,50,1.5,153,154,153,1,0,0.9935064935064936,1.0,0.9935064935064936
4,clab-nebula-serf106,55,1.5,155,154,154,0,1,1.0,0.9935483870967742,0.9935483870967742
4,clab-nebula-serf106,60,1.5,161,161,161,0,0,1.0,1.0,1.0
4,clab-nebula-serf108,5,1.5,0,0,0,0,0,0.0,0.0,0.0
4,clab-nebula-serf108,10,1.5,2,0,0,0,2,0,0.0,0.0
4,clab-nebula-serf108,15,1.5,7,8,6,2,1,0.75,0.8571428571428571,0.6666666666666666
4,clab-nebula-serf108,20,1.5,16,12,10,2,6,0.8333333333333334,0.625,0.5555555555555556
4,clab-nebula-serf108,25,1.5,46,19,17,2,29,0.8947368421052632,0.3695652173913043,0.3541666666666667
4,clab-nebula-serf108,30,1.5,73,29,29,0,44,1.0,0.3972602739726027,0.3972602739726027
4,clab-nebula-serf108,35,1.5,122,100,86,14,36,0.86,0.7049180327868853,0.6323529411764706
4,clab-nebula-serf108,40,1.5,144,154,144,10,0,0.935064935064935,1.0,0.935064935064935
4,clab-nebula-serf108,45,1.5,149,154,149,5,0,0.9675324675324676,1.0,0.9675324675324676
4,clab-nebula-serf108,50,1.5,155,154,154,0,1,1.0,0.9935483870967742,0.9935483870967742
4,clab-nebula-serf108,55,1.5,158,155,155,0,3,1.0,0.9810126582278481,0.9810126582278481
4,clab-nebula-serf108,60,1.5,161,161,161,0,0,1.0,1.0,1.0
4,clab-nebula-serf119,5,1.5,2,0,0,0,2,0,0.0,0.0
4,clab-nebula-serf119,10,1.5,2,0,0,0,2,0,0.0,0.0
4,clab-nebula-serf119,15,1.5,2,0,0,0,2,0,0.0,0.0
4,clab-nebula-serf119,20,1.5,2,0,0,0,2,0,0.0,0.0
4,clab-nebula-serf119,25,1.5,3,3,3,0,0,1.0,1.0,1.0
4,clab-nebula-serf119,30,1.5,3,3,3,0,0,1.0,1.0,1.0
4,clab-nebula-serf119,35,1.5,3,3,3,0,0,1.0,1.0,1.0
4,clab-nebula-serf119,40,1.5,4,3,3,0,1,1.0,0.75,0.75
4,clab-nebula-serf119,45,1.5,5,3,3,0,2,1.0,0.6,0.6
4,clab-nebula-serf119,50,1.5,17,3,3,0,14,1.0,0.17647058823529413,0.17647058823529413
4,clab-nebula-serf119,55,1.5,27,3,3,0,24,1.0,0.1111111111111111,0.1111111111111111
4,clab-nebula-serf119,60,1.5,53,79,36,43,17,0.45569620253164556,0.6792452830188679,0.375
4,clab-nebula-serf125,5,1.5,0,0,0,0,0,0.0,0.0,0.0
4,clab-nebula-serf125,10,1.5,3,0,0,0,3,0,0.0,0.0
4,clab-nebula-serf125,15,1.5,12,17,4,13,8,0.23529411764705882,0.3333333333333333,0.16
4,clab-nebula-serf125,20,1.5,45,37,31,6,14,0.8378378378378378,0.6888888888888889,0.6078431372549019
4,clab-nebula-serf125,25,1.5,58,37,36,1,22,0.972972972972973,0.6206896551724138,0.6101694915254238
4,clab-nebula-serf125,30,1.5,84,63,54,9,30,0.8571428571428571,0.6428571428571429,0.5806451612903226
4,clab-nebula-serf125,35,1.5,112,63,60,3,52,0.9523809523809523,0.5357142857142857,0.5217391304347826
4,clab-nebula-serf125,40,1.5,137,154,137,17,0,0.8896103896103896,1.0,0.8896103896103896
4,clab-nebula-serf125,45,1.5,146,154,146,8,0,0.948051948051948,1.0,0.948051948051948
4,clab-nebula-serf125,50,1.5,155,155,153,2,2,0.9870967741935484,0.9870967741935484,0.9745222929936306
4,clab-nebula-serf125,55,1.5,161,161,161,0,0,1.0,1.0,1.0
4,clab-nebula-serf125,60,1.5,161,161,161,0,0,1.0,1.0,1.0
4,clab-nebula-serf54,5,1.5,1,0,0,0,1,0,0.0,0.0
4,clab-nebula-serf54,10,1.5,11,5,5,0,6,1.0,0.45454545454545453,0.45454545454545453
4,clab-nebula-serf54,15,1.5,35,40,28,12,7,0.7,0.8,0.5957446808510638
4,clab-nebula-serf54,20,1.5,66,57,46,11,20,0.8070175438596491,0.696969696969697,0.5974025974025974
4,clab-nebula-serf54,25,1.5,83,70,63,7,20,0.9,0.7590361445783133,0.7
4,clab-nebula-serf54,30,1.5,99,80,76,4,23,0.95,0.7676767676767676,0.7378640776699029
4,clab-nebula-serf54,35,1.5,119,120,108,12,11,0.9,0.907563025210084,0.8244274809160306
4,clab-nebula-serf54,40,1.5,122,120,110,10,12,0.9166666666666666,0.9016393442622951,0.8333333333333334
4,clab-nebula-serf54,45,1.5,126,120,112,8,14,0.9333333333333333,0.8888888888888888,0.835820895522388
4,clab-nebula-serf54,50,1.5,153,155,152,3,1,0.9806451612903225,0.9934640522875817,0.9743589743589743
4,clab-nebula-serf54,55,1.5,154,155,153,2,1,0.9870967741935484,0.9935064935064936,0.9807692307692307
4,clab-nebula-serf54,60,1.5,157,155,154,1,3,0.9935483870967742,0.9808917197452229,0.9746835443037974
4,clab-nebula-serf57,5,1.5,4,0,0,0,4,0,0.0,0.0
4,clab-nebula-serf57,10,1.5,13,0,0,0,13,0,0.0,0.0
4,clab-nebula-serf57,15,1.5,57,55,41,14,16,0.7454545454545455,0.7192982456140351,0.5774647887323944
4,clab-nebula-serf57,20,1.5,76,55,52,3,24,0.9454545454545454,0.6842105263157895,0.6582278481012658
4,clab-nebula-serf57,25,1.5,90,70,64,6,26,0.9142857142857143,0.7111111111111111,0.6666666666666666
4,clab-nebula-serf57,30,1.5,113,116,102,14,11,0.8793103448275862,0.9026548672566371,0.8031496062992126
4,clab-nebula-serf57,35,1.5,121,116,109,7,12,0.9396551724137931,0.9008264462809917,0.8515625
4,clab-nebula-serf57,40,1.5,124,120,111,9,13,0.925,0.8951612903225806,0.8345864661654135
4,clab-nebula-serf57,45,1.5,144,154,143,11,1,0.9285714285714286,0.9930555555555556,0.9225806451612903
4,clab-nebula-serf57,50,1.5,154,155,153,2,1,0.9870967741935484,0.9935064935064936,0.9807692307692307
4,clab-nebula-serf57,55,1.5,155,155,153,2,2,0.9870967741935484,0.9870967741935484,0.9745222929936306
4,clab-nebula-serf57,60,1.5,158,155,155,0,3,1.0,0.9810126582278481,0.9810126582278481
4,clab-nebula-serf24,5,1.5,0,0,0,0,0,0.0,0.0,0.0
4,clab-nebula-serf24,10,1.5,2,0,0,0,2,0,0.0,0.0
4,clab-nebula-serf24,15,1.5,5,0,0,0,5,0,0.0,0.0
4,clab-nebula-serf24,20,1.5,17,3,2,1,15,0.6666666666666666,0.11764705882352941,0.1111111111111111
4,clab-nebula-serf24,25,1.5,29,10,10,0,19,1.0,0.3448275862068966,0.3448275862068966
4,clab-nebula-serf24,30,1.5,48,68,46,22,2,0.6764705882352942,0.9583333333333334,0.6571428571428571
4,clab-nebula-serf24,35,1.5,83,59,58,1,25,0.9830508474576272,0.6987951807228916,0.6904761904761905
4,clab-nebula-serf24,40,1.5,93,80,75,5,18,0.9375,0.8064516129032258,0.7653061224489796
4,clab-nebula-serf24,45,1.5,103,110,95,15,8,0.8636363636363636,0.9223300970873787,0.8050847457627118
4,clab-nebula-serf24,50,1.5,120,116,108,8,12,0.9310344827586207,0.9,0.84375
4,clab-nebula-serf24,55,1.5,124,116,111,5,13,0.9568965517241379,0.8951612903225806,0.8604651162790697
4,clab-nebula-serf24,60,1.5,129,154,128,26,1,0.8311688311688312,0.9922480620155039,0.8258064516129032
4,clab-nebula-serf42,5,1.5,0,0,0,0,0,0.0,0.0,0.0
4,clab-nebula-serf42,10,1.5,0,0,0,0,0,0.0,0.0,0.0
4,clab-nebula-serf42,15,1.5,2,0,0,0,2,0,0.0,0.0
4,clab-nebula-serf42,20,1.5,15,35,10,25,5,0.2857142857142857,0.6666666666666666,0.25
4,clab-nebula-serf42,25,1.5,38,46,26,20,12,0.5652173913043478,0.6842105263157895,0.4482758620689655
4,clab-nebula-serf42,30,1.5,71,46,45,1,26,0.9782608695652174,0.6338028169014085,0.625
4,clab-nebula-serf42,35,1.5,88,72,68,4,20,0.9444444444444444,0.7727272727272727,0.7391304347826086
4,clab-nebula-serf42,40,1.5,101,116,93,23,8,0.8017241379310345,0.9207920792079208,0.75
4,clab-nebula-serf42,45,1.5,117,116,105,11,12,0.9051724137931034,0.8974358974358975,0.8203125
4,clab-nebula-serf42,50,1.5,123,120,111,9,12,0.925,0.9024390243902439,0.8409090909090909
4,clab-nebula-serf42,55,1.5,127,120,113,7,14,0.9416666666666667,0.889763779527559,0.8432835820895522
4,clab-nebula-serf42,60,1.5,153,154,152,2,1,0.987012987012987,0.9934640522875817,0.9806451612903225
4,clab-nebula-serf48,5,1.5,0,0,0,0,0,0.0,0.0,0.0
4,clab-nebula-serf48,10,1.5,5,0,0,0,5,0,0.0,0.0
4,clab-nebula-serf48,15,1.5,21,41,11,30,10,0.2682926829268293,0.5238095238095238,0.21568627450980393
4,clab-nebula-serf48,20,1.5,37,41,22,19,15,0.5365853658536586,0.5945945945945946,0.39285714285714285
4,clab-nebula-serf48,25,1.5,79,70,67,3,12,0.9571428571428572,0.8481012658227848,0.8170731707317073
4,clab-nebula-serf48,30,1.5,88,77,72,5,16,0.935064935064935,0.8181818181818182,0.7741935483870968
4,clab-nebula-serf48,35,1.5,114,116,102,14,12,0.8793103448275862,0.8947368421052632,0.796875
4,clab-nebula-serf48,40,1.5,121,116,109,7,12,0.9396551724137931,0.9008264462809917,0.8515625
4,clab-nebula-serf48,45,1.5,124,116,111,5,13,0.9568965517241379,0.8951612903225806,0.8604651162790697
4,clab-nebula-serf48,50,1.5,141,154,140,14,1,0.9090909090909091,0.9929078014184397,0.9032258064516129
4,clab-nebula-serf48,55,1.5,154,154,153,1,1,0.9935064935064936,0.9935064935064936,0.9870967741935484
4,clab-nebula-serf48,60,1.5,155,154,154,0,1,1.0,0.9935483870967742,0.9935483870967742
4,clab-nebula-serf2,5,1.5,0,0,0,0,0,0.0,0.0,0.0
4,clab-nebula-serf2,10,1.5,1,1,0,1,1,0.0,0.0,0.0
4,clab-nebula-serf2,15,1.5,5,4,1,3,4,0.25,0.2,0.125
4,clab-nebula-serf2,20,1.5,10,4,4,0,6,1.0,0.4,0.4
4,clab-nebula-serf2,25,1.5,19,14,13,1,6,0.9285714285714286,0.6842105263157895,0.65
4,clab-nebula-serf2,30,1.5,32,16,14,2,18,0.875,0.4375,0.4117647058823529
4,clab-nebula-serf2,35,1.5,67,77,56,21,11,0.7272727272727273,0.835820895522388,0.6363636363636364
4,clab-nebula-serf2,40,1.5,84,77,68,9,16,0.8831168831168831,0.8095238095238095,0.7311827956989247
4,clab-nebula-serf2,45,1.5,99,120,92,28,7,0.7666666666666667,0.9292929292929293,0.7244094488188977
4,clab-nebula-serf2,50,1.5,114,120,104,16,10,0.8666666666666667,0.9122807017543859,0.8
4,clab-nebula-serf2,55,1.5,120,155,119,36,1,0.7677419354838709,0.9916666666666667,0.7628205128205128
4,clab-nebula-serf2,60,1.5,124,155,123,32,1,0.7935483870967742,0.9919354838709677,0.7884615384615384
4,clab-nebula-serf21,5,1.5,2,0,0,0,2,0,0.0,0.0
4,clab-nebula-serf21,10,1.5,4,0,0,0,4,0,0.0,0.0
4,clab-nebula-serf21,15,1.5,16,5,5,0,11,1.0,0.3125,0.3125
4,clab-nebula-serf21,20,1.5,32,11,10,1,22,0.9090909090909091,0.3125,0.30303030303030304
4,clab-nebula-serf21,25,1.5,56,59,48,11,8,0.8135593220338984,0.8571428571428571,0.7164179104477612
4,clab-nebula-serf21,30,1.5,84,59,59,0,25,1.0,0.7023809523809523,0.7023809523809523
4,clab-nebula-serf21,35,1.5,94,80,75,5,19,0.9375,0.7978723404255319,0.7575757575757576
4,clab-nebula-serf21,40,1.5,107,116,97,19,10,0.8362068965517241,0.9065420560747663,0.7698412698412699
4,clab-nebula-serf21,45,1.5,121,116,109,7,12,0.9396551724137931,0.9008264462809917,0.8515625
4,clab-nebula-serf21,50,1.5,124,116,111,5,13,0.9568965517241379,0.8951612903225806,0.8604651162790697
4,clab-nebula-serf21,55,1.5,133,154,132,22,1,0.8571428571428571,0.9924812030075187,0.8516129032258064
4,clab-nebula-serf21,60,1.5,154,154,153,1,1,0.9935064935064936,0.9935064935064936,0.9870967741935484
4,clab-nebula-serf67,5,1.5,0,0,0,0,0,0.0,0.0,0.0
4,clab-nebula-serf67,10,1.5,5,0,0,0,5,0,0.0,0.0
4,clab-nebula-serf67,15,1.5,26,19,15,4,11,0.7894736842105263,0.5769230769230769,0.5
4,clab-nebula-serf67,20,1.5,41,24,23,1,18,0.9583333333333334,0.5609756097560976,0.5476190476190477
4,clab-nebula-serf67,25,1.5,76,57,45,12,31,0.7894736842105263,0.5921052631578947,0.5113636363636364
4,clab-nebula-serf67,30,1.5,98,81,65,16,33,0.8024691358024691,0.6632653061224489,0.5701754385964912
4,clab-nebula-serf67,35,1.5,115,116,104,12,11,0.896551724137931,0.9043478260869565,0.8188976377952756
4,clab-nebula-serf67,40,1.5,122,116,110,6,12,0.9482758620689655,0.9016393442622951,0.859375
4,clab-nebula-serf67,45,1.5,135,120,112,8,23,0.9333333333333333,0.8296296296296296,0.7832167832167832
4,clab-nebula-serf67,50,1.5,154,155,153,2,1,0.9870967741935484,0.9935064935064936,0.9807692307692307
4,clab-nebula-serf67,55,1.5,154,155,153,2,1,0.9870967741935484,0.9935064935064936,0.9807692307692307
4,clab-nebula-serf67,60,1.5,158,161,158,3,0,0.9813664596273292,1.0,0.9813664596273292
4,clab-nebula-serf102,5,1.5,5,0,0,0,5,0,0.0,0.0
4,clab-nebula-serf102,10,1.5,7,0,0,0,7,0,0.0,0.0
4,clab-nebula-serf102,15,1.5,7,0,0,0,7,0,0.0,0.0
4,clab-nebula-serf102,20,1.5,10,7,7,0,3,1.0,0.7,0.7
4,clab-nebula-serf102,25,1.5,21,7,7,0,14,1.0,0.3333333333333333,0.3333333333333333
4,clab-nebula-serf102,30,1.5,40,29,22,7,18,0.7586206896551724,0.55,0.46808510638297873
4,clab-nebula-serf102,35,1.5,76,41,35,6,41,0.8536585365853658,0.4605263157894737,0.4268292682926829
4,clab-nebula-serf102,40,1.5,124,154,124,30,0,0.8051948051948052,1.0,0.8051948051948052
4,clab-nebula-serf102,45,1.5,144,154,144,10,0,0.935064935064935,1.0,0.935064935064935
4,clab-nebula-serf102,50,1.5,157,161,157,4,0,0.9751552795031055,1.0,0.9751552795031055
4,clab-nebula-serf102,55,1.5,160,161,160,1,0,0.9937888198757764,1.0,0.9937888198757764
4,clab-nebula-serf102,60,1.5,161,161,161,0,0,1.0,1.0,1.0
4,clab-nebula-serf110,5,1.5,0,0,0,0,0,0.0,0.0,0.0
4,clab-nebula-serf110,10,1.5,0,0,0,0,0,0.0,0.0,0.0
4,clab-nebula-serf110,15,1.5,2,0,0,0,2,0,0.0,0.0
4,clab-nebula-serf110,20,1.5,7,0,0,0,7,0,0.0,0.0
4,clab-nebula-serf110,25,1.5,15,12,9,3,6,0.75,0.6,0.5
4,clab-nebula-serf110,30,1.5,37,19,12,7,25,0.631578947368421,0.32432432432432434,0.2727272727272727
4,clab-nebula-serf110,35,1.5,69,29,29,0,40,1.0,0.42028985507246375,0.42028985507246375
4,clab-nebula-serf110,40,1.5,107,100,85,15,22,0.85,0.794392523364486,0.6967213114754098
4,clab-nebula-serf110,45,1.5,143,154,143,11,0,0.9285714285714286,1.0,0.9285714285714286
4,clab-nebula-serf110,50,1.5,148,154,148,6,0,0.961038961038961,1.0,0.961038961038961
4,clab-nebula-serf110,55,1.5,154,154,154,0,0,1.0,1.0,1.0
4,clab-nebula-serf110,60,1.5,157,154,154,0,3,1.0,0.9808917197452229,0.9808917197452229
4,clab-nebula-serf132,5,1.5,0,0,0,0,0,0.0,0.0,0.0
4,clab-nebula-serf132,10,1.5,0,0,0,0,0,0.0,0.0,0.0
4,clab-nebula-serf132,15,1.5,11,0,0,0,11,0,0.0,0.0
4,clab-nebula-serf132,20,1.5,14,0,0,0,14,0,0.0,0.0
4,clab-nebula-serf132,25,1.5,23,37,21,16,2,0.5675675675675675,0.9130434782608695,0.5384615384615384
4,clab-nebula-serf132,30,1.5,37,37,26,11,11,0.7027027027027027,0.7027027027027027,0.5416666666666666
4,clab-nebula-serf132,35,1.5,48,37,34,3,14,0.918918918918919,0.7083333333333334,0.6666666666666666
4,clab-nebula-serf132,40,1.5,78,63,53,10,25,0.8412698412698413,0.6794871794871795,0.6022727272727273
4,clab-nebula-serf132,45,1.5,104,75,64,11,40,0.8533333333333334,0.6153846153846154,0.5565217391304348
4,clab-nebula-serf132,50,1.5,132,154,132,22,0,0.8571428571428571,1.0,0.8571428571428571
4,clab-nebula-serf132,55,1.5,144,154,144,10,0,0.935064935064935,1.0,0.935064935064935
4,clab-nebula-serf132,60,1.5,151,154,150,4,1,0.974025974025974,0.9933774834437086,0.967741935483871
4,clab-nebula-serf134,5,1.5,0,0,0,0,0,0.0,0.0,0.0
4,clab-nebula-serf134,10,1.5,0,0,0,0,0,0.0,0.0,0.0
4,clab-nebula-serf134,15,1.5,1,0,0,0,1,0,0.0,0.0
4,clab-nebula-serf134,20,1.5,14,13,13,0,1,1.0,0.9285714285714286,0.9285714285714286
4,clab-nebula-serf134,25,1.5,16,37,16,21,0,0.43243243243243246,1.0,0.43243243243243246
4,clab-nebula-serf134,30,1.5,26,37,22,15,4,0.5945945945945946,0.8461538461538461,0.5365853658536586
4,clab-nebula-serf134,35,1.5,43,37,31,6,12,0.8378378378378378,0.7209302325581395,0.6326530612244898
4,clab-nebula-serf134,40,1.5,57,59,42,17,15,0.711864406779661,0.7368421052631579,0.5675675675675675
4,clab-nebula-serf134,45,1.5,91,63,59,4,32,0.9365079365079365,0.6483516483516484,0.6210526315789474
4,clab-nebula-serf134,50,1.5,116,75,67,8,49,0.8933333333333333,0.5775862068965517,0.5403225806451613
4,clab-nebula-serf134,55,1.5,137,154,137,17,0,0.8896103896103896,1.0,0.8896103896103896
4,clab-nebula-serf134,60,1.5,147,154,147,7,0,0.9545454545454546,1.0,0.9545454545454546
4,clab-nebula-serf137,5,1.5,0,0,0,0,0,0.0,0.0,0.0
4,clab-nebula-serf137,10,1.5,0,0,0,0,0,0.0,0.0,0.0
4,clab-nebula-serf137,15,1.5,2,0,0,0,2,0,0.0,0.0
4,clab-nebula-serf137,20,1.5,14,0,0,0,14,0,0.0,0.0
4,clab-nebula-serf137,25,1.5,20,37,20,17,0,0.5405405405405406,1.0,0.5405405405405406
4,clab-nebula-serf137,30,1.5,26,37,22,15,4,0.5945945945945946,0.8461538461538461,0.5365853658536586
4,clab-nebula-serf137,35,1.5,44,37,32,5,12,0.8648648648648649,0.7272727272727273,0.6530612244897959
4,clab-nebula-serf137,40,1.5,55,39,36,3,19,0.9230769230769231,0.6545454545454545,0.6206896551724138
4,clab-nebula-serf137,45,1.5,90,63,59,4,31,0.9365079365079365,0.6555555555555556,0.6276595744680851
4,clab-nebula-serf137,50,1.5,115,75,67,8,48,0.8933333333333333,0.5826086956521739,0.5447154471544715
4,clab-nebula-serf137,55,1.5,137,154,137,17,0,0.8896103896103896,1.0,0.8896103896103896
4,clab-nebula-serf137,60,1.5,148,154,148,6,0,0.961038961038961,1.0,0.961038961038961
4,clab-nebula-serf10,5,1.5,1,0,0,0,1,0,0.0,0.0
4,clab-nebula-serf10,10,1.5,9,0,0,0,9,0,0.0,0.0
4,clab-nebula-serf10,15,1.5,20,7,6,1,14,0.8571428571428571,0.3,0.2857142857142857
4,clab-nebula-serf10,20,1.5,40,64,38,26,2,0.59375,0.95,0.5757575757575758
4,clab-nebula-serf10,25,1.5,71,64,55,9,16,0.859375,0.7746478873239436,0.6875
4,clab-nebula-serf10,30,1.5,88,80,71,9,17,0.8875,0.8068181818181818,0.7319587628865979
4,clab-nebula-serf10,35,1.5,103,110,96,14,7,0.8727272727272727,0.9320388349514563,0.8205128205128205
4,clab-nebula-serf10,40,1.5,120,120,108,12,12,0.9,0.9,0.8181818181818182
4,clab-nebula-serf10,45,1.5,121,120,109,11,12,0.9083333333333333,0.9008264462809917,0.8257575757575758
4,clab-nebula-serf10,50,1.5,129,155,128,27,1,0.8258064516129032,0.9922480620155039,0.8205128205128205
4,clab-nebula-serf10,55,1.5,153,155,152,3,1,0.9806451612903225,0.9934640522875817,0.9743589743589743
4,clab-nebula-serf10,60,1.5,156,155,153,2,3,0.9870967741935484,0.9807692307692307,0.9683544303797469
4,clab-nebula-serf46,5,1.5,0,0,0,0,0,0.0,0.0,0.0
4,clab-nebula-serf46,10,1.5,3,0,0,0,3,0,0.0,0.0
4,clab-nebula-serf46,15,1.5,11,2,1,1,10,0.5,0.09090909090909091,0.08333333333333333
4,clab-nebula-serf46,20,1.5,26,41,15,26,11,0.36585365853658536,0.5769230769230769,0.28846153846153844
4,clab-nebula-serf46,25,1.5,54,55,42,13,12,0.7636363636363637,0.7777777777777778,0.6268656716417911
4,clab-nebula-serf46,30,1.5,81,70,67,3,14,0.9571428571428572,0.8271604938271605,0.7976190476190477
4,clab-nebula-serf46,35,1.5,100,110,93,17,7,0.8454545454545455,0.93,0.7948717948717948
4,clab-nebula-serf46,40,1.5,121,116,109,7,12,0.9396551724137931,0.9008264462809917,0.8515625
4,clab-nebula-serf46,45,1.5,124,116,111,5,13,0.9568965517241379,0.8951612903225806,0.8604651162790697
4,clab-nebula-serf46,50,1.5,127,120,114,6,13,0.95,0.8976377952755905,0.8571428571428571
4,clab-nebula-serf46,55,1.5,154,154,153,1,1,0.9935064935064936,0.9935064935064936,0.9870967741935484
4,clab-nebula-serf46,60,1.5,154,154,153,1,1,0.9935064935064936,0.9935064935064936,0.9870967741935484
4,clab-nebula-serf74,5,1.5,0,0,0,0,0,0.0,0.0,0.0
4,clab-nebula-serf74,10,1.5,9,0,0,0,9,0,0.0,0.0
4,clab-nebula-serf74,15,1.5,26,19,15,4,11,0.7894736842105263,0.5769230769230769,0.5
4,clab-nebula-serf74,20,1.5,45,24,23,1,22,0.9583333333333334,0.5111111111111111,0.5
4,clab-nebula-serf74,25,1.5,82,57,47,10,35,0.8245614035087719,0.573170731707317,0.5108695652173914
4,clab-nebula-serf74,30,1.5,106,116,95,21,11,0.8189655172413793,0.8962264150943396,0.7480314960629921
4,clab-nebula-serf74,35,1.5,117,120,106,14,11,0.8833333333333333,0.905982905982906,0.8091603053435115
4,clab-nebula-serf74,40,1.5,124,120,111,9,13,0.925,0.8951612903225806,0.8345864661654135
4,clab-nebula-serf74,45,1.5,145,154,144,10,1,0.935064935064935,0.993103448275862,0.9290322580645162
4,clab-nebula-serf74,50,1.5,154,155,153,2,1,0.9870967741935484,0.9935064935064936,0.9807692307692307
4,clab-nebula-serf74,55,1.5,155,155,153,2,2,0.9870967741935484,0.9870967741935484,0.9745222929936306
4,clab-nebula-serf74,60,1.5,159,161,159,2,0,0.9875776397515528,1.0,0.9875776397515528
4,clab-nebula-serf76,5,1.5,2,0,0,0,2,0,0.0,0.0
4,clab-nebula-serf76,10,1.5,25,19,15,4,10,0.7894736842105263,0.6,0.5172413793103449
4,clab-nebula-serf76,15,1.5,38,24,22,2,16,0.9166666666666666,0.5789473684210527,0.55
4,clab-nebula-serf76,20,1.5,68,57,41,16,27,0.7192982456140351,0.6029411764705882,0.4880952380952381
4,clab-nebula-serf76,25,1.5,89,57,50,7,39,0.8771929824561403,0.5617977528089888,0.5208333333333334
4,clab-nebula-serf76,30,1.5,111,116,100,16,11,0.8620689655172413,0.9009009009009009,0.7874015748031497
4,clab-nebula-serf76,35,1.5,121,120,110,10,11,0.9166666666666666,0.9090909090909091,0.8396946564885496
4,clab-nebula-serf76,40,1.5,129,120,111,9,18,0.925,0.8604651162790697,0.8043478260869565
4,clab-nebula-serf76,45,1.5,153,155,152,3,1,0.9806451612903225,0.9934640522875817,0.9743589743589743
4,clab-nebula-serf76,50,1.5,154,155,153,2,1,0.9870967741935484,0.9935064935064936,0.9807692307692307
4,clab-nebula-serf76,55,1.5,158,161,158,3,0,0.9813664596273292,1.0,0.9813664596273292
4,clab-nebula-serf76,60,1.5,161,161,161,0,0,1.0,1.0,1.0
4,clab-nebula-serf149,5,1.5,0,0,0,0,0,0.0,0.0,0.0
4,clab-nebula-serf149,10,1.5,0,0,0,0,0,0.0,0.0,0.0
4,clab-nebula-serf149,15,1.5,1,0,0,0,1,0,0.0,0.0
4,clab-nebula-serf149,20,1.5,11,9,8,1,3,0.8888888888888888,0.7272727272727273,0.6666666666666666
4,clab-nebula-serf149,25,1.5,17,11,9,2,8,0.8181818181818182,0.5294117647058824,0.47368421052631576
4,clab-nebula-serf149,30,1.5,25,12,11,1,14,0.9166666666666666,0.44,0.4230769230769231
4,clab-nebula-serf149,35,1.5,48,12,11,1,37,0.9166666666666666,0.22916666666666666,0.22448979591836735
4,clab-nebula-serf149,40,1.5,60,12,11,1,49,0.9166666666666666,0.18333333333333332,0.18032786885245902
4,clab-nebula-serf149,45,1.5,89,16,12,4,77,0.75,0.1348314606741573,0.12903225806451613
4,clab-nebula-serf149,50,1.5,124,154,124,30,0,0.8051948051948052,1.0,0.8051948051948052
4,clab-nebula-serf149,55,1.5,143,154,143,11,0,0.9285714285714286,1.0,0.9285714285714286
4,clab-nebula-serf149,60,1.5,152,155,150,5,2,0.967741935483871,0.9868421052631579,0.9554140127388535
4,clab-nebula-serf20,5,1.5,2,0,0,0,2,0,0.0,0.0
4,clab-nebula-serf20,10,1.5,4,0,0,0,4,0,0.0,0.0
4,clab-nebula-serf20,15,1.5,15,5,5,0,10,1.0,0.3333333333333333,0.3333333333333333
4,clab-nebula-serf20,20,1.5,26,18,17,1,9,0.9444444444444444,0.6538461538461539,0.6296296296296297
4,clab-nebula-serf20,25,1.5,46,68,44,24,2,0.6470588235294118,0.9565217391304348,0.6285714285714286
4,clab-nebula-serf20,30,1.5,80,59,57,2,23,0.9661016949152542,0.7125,0.6951219512195121
4,clab-nebula-serf20,35,1.5,93,80,75,5,18,0.9375,0.8064516129032258,0.7653061224489796
4,clab-nebula-serf20,40,1.5,102,110,94,16,8,0.8545454545454545,0.9215686274509803,0.7966101694915254
4,clab-nebula-serf20,45,1.5,118,116,106,10,12,0.9137931034482759,0.8983050847457628,0.828125
4,clab-nebula-serf20,50,1.5,124,116,111,5,13,0.9568965517241379,0.8951612903225806,0.8604651162790697
4,clab-nebula-serf20,55,1.5,129,154,128,26,1,0.8311688311688312,0.9922480620155039,0.8258064516129032
4,clab-nebula-serf20,60,1.5,154,154,153,1,1,0.9935064935064936,0.9935064935064936,0.9870967741935484
4,clab-nebula-serf22,5,1.5,0,0,0,0,0,0.0,0.0,0.0
4,clab-nebula-serf22,10,1.5,4,0,0,0,4,0,0.0,0.0
4,clab-nebula-serf22,15,1.5,10,5,5,0,5,1.0,0.5,0.5
4,clab-nebula-serf22,20,1.5,23,10,10,0,13,1.0,0.43478260869565216,0.43478260869565216
4,clab-nebula-serf22,25,1.5,41,25,20,5,21,0.8,0.4878048780487805,0.43478260869565216
4,clab-nebula-serf22,30,1.5,76,70,64,6,12,0.9142857142857143,0.8421052631578947,0.7804878048780488
4,clab-nebula-serf22,35,1.5,93,80,75,5,18,0.9375,0.8064516129032258,0.7653061224489796
4,clab-nebula-serf22,40,1.5,98,80,76,4,22,0.95,0.7755102040816326,0.7450980392156863
4,clab-nebula-serf22,45,1.5,117,116,105,11,12,0.9051724137931034,0.8974358974358975,0.8203125
4,clab-nebula-serf22,50,1.5,122,116,109,7,13,0.9396551724137931,0.8934426229508197,0.8449612403100775
4,clab-nebula-serf22,55,1.5,125,120,112,8,13,0.9333333333333333,0.896,0.8421052631578947
4,clab-nebula-serf22,60,1.5,153,154,152,2,1,0.987012987012987,0.9934640522875817,0.9806451612903225
4,clab-nebula-serf160,5,1.5,4,0,0,0,4,0,0.0,0.0
4,clab-nebula-serf160,10,1.5,4,0,0,0,4,0,0.0,0.0
4,clab-nebula-serf160,15,1.5,5,0,0,0,5,0,0.0,0.0
4,clab-nebula-serf160,20,1.5,10,26,9,17,1,0.34615384615384615,0.9,0.3333333333333333
4,clab-nebula-serf160,25,1.5,25,26,18,8,7,0.6923076923076923,0.72,0.5454545454545454
4,clab-nebula-serf160,30,1.5,37,37,27,10,10,0.7297297297297297,0.7297297297297297,0.574468085106383
4,clab-nebula-serf160,35,1.5,43,37,30,7,13,0.8108108108108109,0.6976744186046512,0.6
4,clab-nebula-serf160,40,1.5,58,37,36,1,22,0.972972972972973,0.6206896551724138,0.6101694915254238
4,clab-nebula-serf160,45,1.5,82,63,52,11,30,0.8253968253968254,0.6341463414634146,0.5591397849462365
4,clab-nebula-serf160,50,1.5,118,75,67,8,51,0.8933333333333333,0.5677966101694916,0.5317460317460317
4,clab-nebula-serf160,55,1.5,139,154,139,15,0,0.9025974025974026,1.0,0.9025974025974026
4,clab-nebula-serf160,60,1.5,149,155,149,6,0,0.9612903225806452,1.0,0.9612903225806452
4,clab-nebula-serf31,5,1.5,1,0,0,0,1,0,0.0,0.0
4,clab-nebula-serf31,10,1.5,13,5,5,0,8,1.0,0.38461538461538464,0.38461538461538464
4,clab-nebula-serf31,15,1.5,28,10,10,0,18,1.0,0.35714285714285715,0.35714285714285715
4,clab-nebula-serf31,20,1.5,45,59,39,20,6,0.6610169491525424,0.8666666666666667,0.6
4,clab-nebula-serf31,25,1.5,80,70,66,4,14,0.9428571428571428,0.825,0.7857142857142857
4,clab-nebula-serf31,30,1.5,93,80,75,5,18,0.9375,0.8064516129032258,0.7653061224489796
4,clab-nebula-serf31,35,1.5,102,110,94,16,8,0.8545454545454545,0.9215686274509803,0.7966101694915254
4,clab-nebula-serf31,40,1.5,119,116,107,9,12,0.9224137931034483,0.8991596638655462,0.8359375
4,clab-nebula-serf31,45,1.5,124,116,111,5,13,0.9568965517241379,0.8951612903225806,0.8604651162790697
4,clab-nebula-serf31,50,1.5,129,154,128,26,1,0.8311688311688312,0.9922480620155039,0.8258064516129032
4,clab-nebula-serf31,55,1.5,154,154,153,1,1,0.9935064935064936,0.9935064935064936,0.9870967741935484
4,clab-nebula-serf31,60,1.5,154,154,153,1,1,0.9935064935064936,0.9935064935064936,0.9870967741935484
4,clab-nebula-serf93,5,1.5,3,0,0,0,3,0,0.0,0.0
4,clab-nebula-serf93,10,1.5,16,4,4,0,12,1.0,0.25,0.25
4,clab-nebula-serf93,15,1.5,37,8,8,0,29,1.0,0.21621621621621623,0.21621621621621623
4,clab-nebula-serf93,20,1.5,59,8,8,0,51,1.0,0.13559322033898305,0.13559322033898305
4,clab-nebula-serf93,25,1.5,83,19,14,5,69,0.7368421052631579,0.1686746987951807,0.1590909090909091
4,clab-nebula-serf93,30,1.5,110,116,99,17,11,0.853448275862069,0.9,0.7795275590551181
4,clab-nebula-serf93,35,1.5,119,116,108,8,11,0.9310344827586207,0.907563025210084,0.8503937007874016
4,clab-nebula-serf93,40,1.5,125,120,111,9,14,0.925,0.888,0.8283582089552238
4,clab-nebula-serf93,45,1.5,142,155,141,14,1,0.9096774193548387,0.9929577464788732,0.9038461538461539
4,clab-nebula-serf93,50,1.5,154,155,153,2,1,0.9870967741935484,0.9935064935064936,0.9807692307692307
4,clab-nebula-serf93,55,1.5,156,161,156,5,0,0.968944099378882,1.0,0.968944099378882
4,clab-nebula-serf93,60,1.5,161,161,161,0,0,1.0,1.0,1.0
4,clab-nebula-serf122,5,1.5,0,0,0,0,0,0.0,0.0,0.0
4,clab-nebula-serf122,10,1.5,0,0,0,0,0,0.0,0.0,0.0
4,clab-nebula-serf122,15,1.5,8,10,2,8,6,0.2,0.25,0.125
4,clab-nebula-serf122,20,1.5,15,10,7,3,8,0.7,0.4666666666666667,0.3888888888888889
4,clab-nebula-serf122,25,1.5,22,10,10,0,12,1.0,0.45454545454545453,0.45454545454545453
4,clab-nebula-serf122,30,1.5,61,29,29,0,32,1.0,0.47540983606557374,0.47540983606557374
4,clab-nebula-serf122,35,1.5,106,63,55,8,51,0.873015873015873,0.5188679245283019,0.4824561403508772
4,clab-nebula-serf122,40,1.5,133,154,133,21,0,0.8636363636363636,1.0,0.8636363636363636
4,clab-nebula-serf122,45,1.5,144,154,144,10,0,0.935064935064935,1.0,0.935064935064935
4,clab-nebula-serf122,50,1.5,154,154,153,1,1,0.9935064935064936,0.9935064935064936,0.9870967741935484
4,clab-nebula-serf122,55,1.5,161,161,161,0,0,1.0,1.0,1.0
4,clab-nebula-serf122,60,1.5,161,161,161,0,0,1.0,1.0,1.0
4,clab-nebula-serf38,5,1.5,0,0,0,0,0,0.0,0.0,0.0
4,clab-nebula-serf38,10,1.5,4,0,0,0,4,0,0.0,0.0
4,clab-nebula-serf38,15,1.5,24,9,7,2,17,0.7777777777777778,0.2916666666666667,0.2692307692307692
4,clab-nebula-serf38,20,1.5,56,46,38,8,18,0.8260869565217391,0.6785714285714286,0.59375
4,clab-nebula-serf38,25,1.5,82,70,67,3,15,0.9571428571428572,0.8170731707317073,0.788235294117647
4,clab-nebula-serf38,30,1.5,92,70,67,3,25,0.9571428571428572,0.7282608695652174,0.7052631578947368
4,clab-nebula-serf38,35,1.5,107,116,97,19,10,0.8362068965517241,0.9065420560747663,0.7698412698412699
4,clab-nebula-serf38,40,1.5,121,116,109,7,12,0.9396551724137931,0.9008264462809917,0.8515625
4,clab-nebula-serf38,45,1.5,124,120,111,9,13,0.925,0.8951612903225806,0.8345864661654135
4,clab-nebula-serf38,50,1.5,133,154,132,22,1,0.8571428571428571,0.9924812030075187,0.8516129032258064
4,clab-nebula-serf38,55,1.5,154,154,153,1,1,0.9935064935064936,0.9935064935064936,0.9870967741935484
4,clab-nebula-serf38,60,1.5,154,154,153,1,1,0.9935064935064936,0.9935064935064936,0.9870967741935484
4,clab-nebula-serf55,5,1.5,0,0,0,0,0,0.0,0.0,0.0
4,clab-nebula-serf55,10,1.5,9,5,4,1,5,0.8,0.4444444444444444,0.4
4,clab-nebula-serf55,15,1.5,23,8,8,0,15,1.0,0.34782608695652173,0.34782608695652173
4,clab-nebula-serf55,20,1.5,64,57,45,12,19,0.7894736842105263,0.703125,0.5921052631578947
4,clab-nebula-serf55,25,1.5,83,70,63,7,20,0.9,0.7590361445783133,0.7
4,clab-nebula-serf55,30,1.5,96,80,73,7,23,0.9125,0.7604166666666666,0.7087378640776699
4,clab-nebula-serf55,35,1.5,119,120,108,12,11,0.9,0.907563025210084,0.8244274809160306
4,clab-nebula-serf55,40,1.5,121,120,109,11,12,0.9083333333333333,0.9008264462809917,0.8257575757575758
4,clab-nebula-serf55,45,1.5,126,120,112,8,14,0.9333333333333333,0.8888888888888888,0.835820895522388
4,clab-nebula-serf55,50,1.5,153,155,152,3,1,0.9806451612903225,0.9934640522875817,0.9743589743589743
4,clab-nebula-serf55,55,1.5,154,155,153,2,1,0.9870967741935484,0.9935064935064936,0.9807692307692307
4,clab-nebula-serf55,60,1.5,157,155,154,1,3,0.9935483870967742,0.9808917197452229,0.9746835443037974
4,clab-nebula-serf79,5,1.5,6,0,0,0,6,0,0.0,0.0
4,clab-nebula-serf79,10,1.5,26,19,15,4,11,0.7894736842105263,0.5769230769230769,0.5
4,clab-nebula-serf79,15,1.5,41,24,23,1,18,0.9583333333333334,0.5609756097560976,0.5476190476190477
4,clab-nebula-serf79,20,1.5,76,57,45,12,31,0.7894736842105263,0.5921052631578947,0.5113636363636364
4,clab-nebula-serf79,25,1.5,96,78,63,15,33,0.8076923076923077,0.65625,0.5675675675675675
4,clab-nebula-serf79,30,1.5,116,120,105,15,11,0.875,0.9051724137931034,0.8015267175572519
4,clab-nebula-serf79,35,1.5,121,120,110,10,11,0.9166666666666666,0.9090909090909091,0.8396946564885496
4,clab-nebula-serf79,40,1.5,135,120,112,8,23,0.9333333333333333,0.8296296296296296,0.7832167832167832
4,clab-nebula-serf79,45,1.5,153,155,152,3,1,0.9806451612903225,0.9934640522875817,0.9743589743589743
4,clab-nebula-serf79,50,1.5,154,155,153,2,1,0.9870967741935484,0.9935064935064936,0.9807692307692307
4,clab-nebula-serf79,55,1.5,158,161,158,3,0,0.9813664596273292,1.0,0.9813664596273292
4,clab-nebula-serf79,60,1.5,161,161,161,0,0,1.0,1.0,1.0
4,clab-nebula-serf113,5,1.5,1,0,0,0,1,0,0.0,0.0
4,clab-nebula-serf113,10,1.5,1,0,0,0,1,0,0.0,0.0
4,clab-nebula-serf113,15,1.5,3,1,1,0,2,1.0,0.3333333333333333,0.3333333333333333
4,clab-nebula-serf113,20,1.5,19,9,7,2,12,0.7777777777777778,0.3684210526315789,0.3333333333333333
4,clab-nebula-serf113,25,1.5,28,41,19,22,9,0.4634146341463415,0.6785714285714286,0.38
4,clab-nebula-serf113,30,1.5,65,41,34,7,31,0.8292682926829268,0.5230769230769231,0.4722222222222222
4,clab-nebula-serf113,35,1.5,105,120,96,24,9,0.8,0.9142857142857143,0.7441860465116279
4,clab-nebula-serf113,40,1.5,139,154,138,16,1,0.8961038961038961,0.9928057553956835,0.8903225806451613
4,clab-nebula-serf113,45,1.5,156,161,156,5,0,0.968944099378882,1.0,0.968944099378882
4,clab-nebula-serf113,50,1.5,159,161,159,2,0,0.9875776397515528,1.0,0.9875776397515528
4,clab-nebula-serf113,55,1.5,161,161,161,0,0,1.0,1.0,1.0
4,clab-nebula-serf113,60,1.5,161,161,161,0,0,1.0,1.0,1.0
4,clab-nebula-serf120,5,1.5,2,0,0,0,2,0,0.0,0.0
4,clab-nebula-serf120,10,1.5,2,0,0,0,2,0,0.0,0.0
4,clab-nebula-serf120,15,1.5,2,0,0,0,2,0,0.0,0.0
4,clab-nebula-serf120,20,1.5,2,0,0,0,2,0,0.0,0.0
4,clab-nebula-serf120,25,1.5,2,0,0,0,2,0,0.0,0.0
4,clab-nebula-serf120,30,1.5,3,3,3,0,0,1.0,1.0,1.0
4,clab-nebula-serf120,35,1.5,3,3,3,0,0,1.0,1.0,1.0
4,clab-nebula-serf120,40,1.5,3,3,3,0,0,1.0,1.0,1.0
4,clab-nebula-serf120,45,1.5,5,3,3,0,2,1.0,0.6,0.6
4,clab-nebula-serf120,50,1.5,14,3,3,0,11,1.0,0.21428571428571427,0.21428571428571427
4,clab-nebula-serf120,55,1.5,24,3,3,0,21,1.0,0.125,0.125
4,clab-nebula-serf120,60,1.5,48,79,33,46,15,0.4177215189873418,0.6875,0.35106382978723405
4,clab-nebula-serf128,5,1.5,0,0,0,0,0,0.0,0.0,0.0
4,clab-nebula-serf128,10,1.5,2,0,0,0,2,0,0.0,0.0
4,clab-nebula-serf128,15,1.5,6,0,0,0,6,0,0.0,0.0
4,clab-nebula-serf128,20,1.5,20,12,10,2,10,0.8333333333333334,0.5,0.45454545454545453
4,clab-nebula-serf128,25,1.5,48,29,26,3,22,0.896551724137931,0.5416666666666666,0.5098039215686274
4,clab-nebula-serf128,30,1.5,73,29,29,0,44,1.0,0.3972602739726027,0.3972602739726027
4,clab-nebula-serf128,35,1.5,111,100,86,14,25,0.86,0.7747747747747747,0.688
4,clab-nebula-serf128,40,1.5,145,154,145,9,0,0.9415584415584416,1.0,0.9415584415584416
4,clab-nebula-serf128,45,1.5,150,154,150,4,0,0.974025974025974,1.0,0.974025974025974
4,clab-nebula-serf128,50,1.5,155,154,154,0,1,1.0,0.9935483870967742,0.9935483870967742
4,clab-nebula-serf128,55,1.5,159,161,159,2,0,0.9875776397515528,1.0,0.9875776397515528
4,clab-nebula-serf128,60,1.5,161,161,161,0,0,1.0,1.0,1.0
4,clab-nebula-serf8,5,1.5,0,0,0,0,0,0.0,0.0,0.0
4,clab-nebula-serf8,10,1.5,5,0,0,0,5,0,0.0,0.0
4,clab-nebula-serf8,15,1.5,13,3,3,0,10,1.0,0.23076923076923078,0.23076923076923078
4,clab-nebula-serf8,20,1.5,23,14,13,1,10,0.9285714285714286,0.5652173913043478,0.5416666666666666
4,clab-nebula-serf8,25,1.5,44,64,39,25,5,0.609375,0.8863636363636364,0.5652173913043478
4,clab-nebula-serf8,30,1.5,76,16,15,1,61,0.9375,0.19736842105263158,0.19480519480519481
4,clab-nebula-serf8,35,1.5,89,80,72,8,17,0.9,0.8089887640449438,0.7422680412371134
4,clab-nebula-serf8,40,1.5,105,110,98,12,7,0.8909090909090909,0.9333333333333333,0.8376068376068376
4,clab-nebula-serf8,45,1.5,120,120,108,12,12,0.9,0.9,0.8181818181818182
4,clab-nebula-serf8,50,1.5,122,120,110,10,12,0.9166666666666666,0.9016393442622951,0.8333333333333334
4,clab-nebula-serf8,55,1.5,130,155,129,26,1,0.832258064516129,0.9923076923076923,0.8269230769230769
4,clab-nebula-serf8,60,1.5,153,155,152,3,1,0.9806451612903225,0.9934640522875817,0.9743589743589743
4,clab-nebula-serf27,5,1.5,0,0,0,0,0,0.0,0.0,0.0
4,clab-nebula-serf27,10,1.5,3,4,2,2,1,0.5,0.6666666666666666,0.4
4,clab-nebula-serf27,15,1.5,7,4,2,2,5,0.5,0.2857142857142857,0.2222222222222222
4,clab-nebula-serf27,20,1.5,13,10,8,2,5,0.8,0.6153846153846154,0.5333333333333333
4,clab-nebula-serf27,25,1.5,24,18,17,1,7,0.9444444444444444,0.7083333333333334,0.68
4,clab-nebula-serf27,30,1.5,38,59,33,26,5,0.559322033898305,0.868421052631579,0.515625
4,clab-nebula-serf27,35,1.5,75,77,66,11,9,0.8571428571428571,0.88,0.7674418604651163
4,clab-nebula-serf27,40,1.5,92,77,75,2,17,0.974025974025974,0.8152173913043478,0.7978723404255319
4,clab-nebula-serf27,45,1.5,98,116,90,26,8,0.7758620689655172,0.9183673469387755,0.7258064516129032
4,clab-nebula-serf27,50,1.5,117,120,105,15,12,0.875,0.8974358974358975,0.7954545454545454
4,clab-nebula-serf27,55,1.5,122,120,109,11,13,0.9083333333333333,0.8934426229508197,0.8195488721804511
4,clab-nebula-serf27,60,1.5,125,120,112,8,13,0.9333333333333333,0.896,0.8421052631578947
4,clab-nebula-serf78,5,1.5,0,0,0,0,0,0.0,0.0,0.0
4,clab-nebula-serf78,10,1.5,9,0,0,0,9,0,0.0,0.0
4,clab-nebula-serf78,15,1.5,27,19,15,4,12,0.7894736842105263,0.5555555555555556,0.4838709677419355
4,clab-nebula-serf78,20,1.5,48,24,23,1,25,0.9583333333333334,0.4791666666666667,0.46938775510204084
4,clab-nebula-serf78,25,1.5,80,57,47,10,33,0.8245614035087719,0.5875,0.5222222222222223
4,clab-nebula-serf78,30,1.5,102,81,67,14,35,0.8271604938271605,0.6568627450980392,0.5775862068965517
4,clab-nebula-serf78,35,1.5,118,120,107,13,11,0.8916666666666667,0.9067796610169492,0.816793893129771
4,clab-nebula-serf78,40,1.5,123,120,111,9,12,0.925,0.9024390243902439,0.8409090909090909
4,clab-nebula-serf78,45,1.5,140,120,115,5,25,0.9583333333333334,0.8214285714285714,0.7931034482758621
4,clab-nebula-serf78,50,1.5,154,155,153,2,1,0.9870967741935484,0.9935064935064936,0.9807692307692307
4,clab-nebula-serf78,55,1.5,155,155,153,2,2,0.9870967741935484,0.9870967741935484,0.9745222929936306
4,clab-nebula-serf78,60,1.5,158,161,158,3,0,0.9813664596273292,1.0,0.9813664596273292
4,clab-nebula-serf104,5,1.5,1,0,0,0,1,0,0.0,0.0
4,clab-nebula-serf104,10,1.5,3,0,0,0,3,0,0.0,0.0
4,clab-nebula-serf104,15,1.5,8,8,7,1,1,0.875,0.875,0.7777777777777778
4,clab-nebula-serf104,20,1.5,25,19,10,9,15,0.5263157894736842,0.4,0.29411764705882354
4,clab-nebula-serf104,25,1.5,54,29,28,1,26,0.9655172413793104,0.5185185185185185,0.509090909090909
4,clab-nebula-serf104,30,1.5,87,29,29,0,58,1.0,0.3333333333333333,0.3333333333333333
4,clab-nebula-serf104,35,1.5,130,75,65,10,65,0.8666666666666667,0.5,0.4642857142857143
4,clab-nebula-serf104,40,1.5,145,154,145,9,0,0.9415584415584416,1.0,0.9415584415584416
4,clab-nebula-serf104,45,1.5,153,154,153,1,0,0.9935064935064936,1.0,0.9935064935064936
4,clab-nebula-serf104,50,1.5,155,154,154,0,1,1.0,0.9935483870967742,0.9935483870967742
4,clab-nebula-serf104,55,1.5,159,161,159,2,0,0.9875776397515528,1.0,0.9875776397515528
4,clab-nebula-serf104,60,1.5,161,161,161,0,0,1.0,1.0,1.0
4,clab-nebula-serf133,5,1.5,0,0,0,0,0,0.0,0.0,0.0
4,clab-nebula-serf133,10,1.5,0,0,0,0,0,0.0,0.0,0.0
4,clab-nebula-serf133,15,1.5,1,0,0,0,1,0,0.0,0.0
4,clab-nebula-serf133,20,1.5,14,0,0,0,14,0,0.0,0.0
4,clab-nebula-serf133,25,1.5,16,25,16,9,0,0.64,1.0,0.64
4,clab-nebula-serf133,30,1.5,26,37,22,15,4,0.5945945945945946,0.8461538461538461,0.5365853658536586
4,clab-nebula-serf133,35,1.5,44,37,32,5,12,0.8648648648648649,0.7272727272727273,0.6530612244897959
4,clab-nebula-serf133,40,1.5,59,49,36,13,23,0.7346938775510204,0.6101694915254238,0.5
4,clab-nebula-serf133,45,1.5,92,63,60,3,32,0.9523809523809523,0.6521739130434783,0.631578947368421
4,clab-nebula-serf133,50,1.5,117,75,67,8,50,0.8933333333333333,0.5726495726495726,0.536
4,clab-nebula-serf133,55,1.5,137,154,137,17,0,0.8896103896103896,1.0,0.8896103896103896
4,clab-nebula-serf133,60,1.5,149,154,149,5,0,0.9675324675324676,1.0,0.9675324675324676
4,clab-nebula-serf64,5,1.5,0,0,0,0,0,0.0,0.0,0.0
4,clab-nebula-serf64,10,1.5,0,0,0,0,0,0.0,0.0,0.0
4,clab-nebula-serf64,15,1.5,0,0,0,0,0,0.0,0.0,0.0
4,clab-nebula-serf64,20,1.5,7,35,5,30,2,0.14285714285714285,0.7142857142857143,0.13513513513513514
4,clab-nebula-serf64,25,1.5,46,41,28,13,18,0.6829268292682927,0.6086956521739131,0.4745762711864407
4,clab-nebula-serf64,30,1.5,69,69,53,16,16,0.7681159420289855,0.7681159420289855,0.6235294117647059
4,clab-nebula-serf64,35,1.5,100,100,86,14,14,0.86,0.86,0.7543859649122807
4,clab-nebula-serf64,40,1.5,116,100,98,2,18,0.98,0.8448275862068966,0.8305084745762712
4,clab-nebula-serf64,45,1.5,123,116,110,6,13,0.9482758620689655,0.8943089430894309,0.8527131782945736
4,clab-nebula-serf64,50,1.5,128,154,127,27,1,0.8246753246753247,0.9921875,0.8193548387096774
4,clab-nebula-serf64,55,1.5,154,154,153,1,1,0.9935064935064936,0.9935064935064936,0.9870967741935484
4,clab-nebula-serf64,60,1.5,154,154,153,1,1,0.9935064935064936,0.9935064935064936,0.9870967741935484
4,clab-nebula-serf73,5,1.5,4,0,0,0,4,0,0.0,0.0
4,clab-nebula-serf73,10,1.5,25,19,15,4,10,0.7894736842105263,0.6,0.5172413793103449
4,clab-nebula-serf73,15,1.5,39,24,22,2,17,0.9166666666666666,0.5641025641025641,0.5365853658536586
4,clab-nebula-serf73,20,1.5,69,57,42,15,27,0.7368421052631579,0.6086956521739131,0.5
4,clab-nebula-serf73,25,1.5,89,57,50,7,39,0.8771929824561403,0.5617977528089888,0.5208333333333334
4,clab-nebula-serf73,30,1.5,113,116,102,14,11,0.8793103448275862,0.9026548672566371,0.8031496062992126
4,clab-nebula-serf73,35,1.5,121,120,110,10,11,0.9166666666666666,0.9090909090909091,0.8396946564885496
4,clab-nebula-serf73,40,1.5,130,120,111,9,19,0.925,0.8538461538461538,0.7985611510791367
4,clab-nebula-serf73,45,1.5,151,155,150,5,1,0.967741935483871,0.9933774834437086,0.9615384615384616
4,clab-nebula-serf73,50,1.5,154,155,153,2,1,0.9870967741935484,0.9935064935064936,0.9807692307692307
4,clab-nebula-serf73,55,1.5,158,161,158,3,0,0.9813664596273292,1.0,0.9813664596273292
4,clab-nebula-serf73,60,1.5,161,161,161,0,0,1.0,1.0,1.0
4,clab-nebula-serf118,5,1.5,2,0,0,0,2,0,0.0,0.0
4,clab-nebula-serf118,10,1.5,2,0,0,0,2,0,0.0,0.0
4,clab-nebula-serf118,15,1.5,2,0,0,0,2,0,0.0,0.0
4,clab-nebula-serf118,20,1.5,2,0,0,0,2,0,0.0,0.0
4,clab-nebula-serf118,25,1.5,2,0,0,0,2,0,0.0,0.0
4,clab-nebula-serf118,30,1.5,3,3,3,0,0,1.0,1.0,1.0
4,clab-nebula-serf118,35,1.5,3,3,3,0,0,1.0,1.0,1.0
4,clab-nebula-serf118,40,1.5,3,3,3,0,0,1.0,1.0,1.0
4,clab-nebula-serf118,45,1.5,5,3,3,0,2,1.0,0.6,0.6
4,clab-nebula-serf118,50,1.5,15,3,3,0,12,1.0,0.2,0.2
4,clab-nebula-serf118,55,1.5,25,3,3,0,22,1.0,0.12,0.12
4,clab-nebula-serf118,60,1.5,48,79,32,47,16,0.4050632911392405,0.6666666666666666,0.3368421052631579
4,clab-nebula-serf5,5,1.5,0,0,0,0,0,0.0,0.0,0.0
4,clab-nebula-serf5,10,1.5,3,3,3,0,0,1.0,1.0,1.0
4,clab-nebula-serf5,15,1.5,7,10,7,3,0,0.7,1.0,0.7
4,clab-nebula-serf5,20,1.5,14,14,12,2,2,0.8571428571428571,0.8571428571428571,0.75
4,clab-nebula-serf5,25,1.5,19,14,13,1,6,0.9285714285714286,0.6842105263157895,0.65
4,clab-nebula-serf5,30,1.5,46,77,43,34,3,0.5584415584415584,0.9347826086956522,0.5375
4,clab-nebula-serf5,35,1.5,80,77,65,12,15,0.8441558441558441,0.8125,0.7065217391304348
4,clab-nebula-serf5,40,1.5,92,118,85,33,7,0.7203389830508474,0.9239130434782609,0.68
4,clab-nebula-serf5,45,1.5,108,120,100,20,8,0.8333333333333334,0.9259259259259259,0.78125
4,clab-nebula-serf5,50,1.5,118,155,117,38,1,0.7548387096774194,0.9915254237288136,0.75
4,clab-nebula-serf5,55,1.5,121,155,120,35,1,0.7741935483870968,0.9917355371900827,0.7692307692307693
4,clab-nebula-serf5,60,1.5,143,155,142,13,1,0.9161290322580645,0.993006993006993,0.9102564102564102
4,clab-nebula-serf87,5,1.5,3,0,0,0,3,0,0.0,0.0
4,clab-nebula-serf87,10,1.5,3,0,0,0,3,0,0.0,0.0
4,clab-nebula-serf87,15,1.5,11,6,5,1,6,0.8333333333333334,0.45454545454545453,0.4166666666666667
4,clab-nebula-serf87,20,1.5,24,6,6,0,18,1.0,0.25,0.25
4,clab-nebula-serf87,25,1.5,49,6,6,0,43,1.0,0.12244897959183673,0.12244897959183673
4,clab-nebula-serf87,30,1.5,80,7,6,1,74,0.8571428571428571,0.075,0.07407407407407407
4,clab-nebula-serf87,35,1.5,108,7,7,0,101,1.0,0.06481481481481481,0.06481481481481481
4,clab-nebula-serf87,40,1.5,120,22,10,12,110,0.45454545454545453,0.08333333333333333,0.07575757575757576
4,clab-nebula-serf87,45,1.5,132,22,21,1,111,0.9545454545454546,0.1590909090909091,0.15789473684210525
4,clab-nebula-serf87,50,1.5,145,155,144,11,1,0.9290322580645162,0.993103448275862,0.9230769230769231
4,clab-nebula-serf87,55,1.5,155,161,155,6,0,0.9627329192546584,1.0,0.9627329192546584
4,clab-nebula-serf87,60,1.5,158,161,158,3,0,0.9813664596273292,1.0,0.9813664596273292
4,clab-nebula-serf88,5,1.5,3,0,0,0,3,0,0.0,0.0
4,clab-nebula-serf88,10,1.5,3,0,0,0,3,0,0.0,0.0
4,clab-nebula-serf88,15,1.5,8,6,5,1,3,0.8333333333333334,0.625,0.5555555555555556
4,clab-nebula-serf88,20,1.5,19,6,6,0,13,1.0,0.3157894736842105,0.3157894736842105
4,clab-nebula-serf88,25,1.5,42,6,6,0,36,1.0,0.14285714285714285,0.14285714285714285
4,clab-nebula-serf88,30,1.5,72,7,6,1,66,0.8571428571428571,0.08333333333333333,0.0821917808219178
4,clab-nebula-serf88,35,1.5,100,7,7,0,93,1.0,0.07,0.07
4,clab-nebula-serf88,40,1.5,120,7,7,0,113,1.0,0.058333333333333334,0.058333333333333334
4,clab-nebula-serf88,45,1.5,127,22,16,6,111,0.7272727272727273,0.12598425196850394,0.12030075187969924
4,clab-nebula-serf88,50,1.5,136,22,22,0,114,1.0,0.16176470588235295,0.16176470588235295
4,clab-nebula-serf88,55,1.5,154,161,154,7,0,0.9565217391304348,1.0,0.9565217391304348
4,clab-nebula-serf88,60,1.5,158,161,158,3,0,0.9813664596273292,1.0,0.9813664596273292
4,clab-nebula-serf153,5,1.5,0,0,0,0,0,0.0,0.0,0.0
4,clab-nebula-serf153,10,1.5,0,0,0,0,0,0.0,0.0,0.0
4,clab-nebula-serf153,15,1.5,1,0,0,0,1,0,0.0,0.0
4,clab-nebula-serf153,20,1.5,9,0,0,0,9,0,0.0,0.0
4,clab-nebula-serf153,25,1.5,12,0,0,0,12,0,0.0,0.0
4,clab-nebula-serf153,30,1.5,24,12,11,1,13,0.9166666666666666,0.4583333333333333,0.44
4,clab-nebula-serf153,35,1.5,42,12,11,1,31,0.9166666666666666,0.2619047619047619,0.2558139534883721
4,clab-nebula-serf153,40,1.5,55,12,11,1,44,0.9166666666666666,0.2,0.19642857142857142
4,clab-nebula-serf153,45,1.5,81,16,12,4,69,0.75,0.14814814814814814,0.1411764705882353
4,clab-nebula-serf153,50,1.5,114,154,114,40,0,0.7402597402597403,1.0,0.7402597402597403
4,clab-nebula-serf153,55,1.5,137,154,137,17,0,0.8896103896103896,1.0,0.8896103896103896
4,clab-nebula-serf153,60,1.5,148,154,146,8,2,0.948051948051948,0.9864864864864865,0.9358974358974359
4,clab-nebula-serf53,5,1.5,0,0,0,0,0,0.0,0.0,0.0
4,clab-nebula-serf53,10,1.5,8,0,0,0,8,0,0.0,0.0
4,clab-nebula-serf53,15,1.5,25,2,1,1,24,0.5,0.04,0.038461538461538464
4,clab-nebula-serf53,20,1.5,64,9,6,3,58,0.6666666666666666,0.09375,0.08955223880597014
4,clab-nebula-serf53,25,1.5,81,70,62,8,19,0.8857142857142857,0.7654320987654321,0.6966292134831461
4,clab-nebula-serf53,30,1.5,97,80,74,6,23,0.925,0.7628865979381443,0.7184466019417476
4,clab-nebula-serf53,35,1.5,118,120,107,13,11,0.8916666666666667,0.9067796610169492,0.816793893129771
4,clab-nebula-serf53,40,1.5,121,120,109,11,12,0.9083333333333333,0.9008264462809917,0.8257575757575758
4,clab-nebula-serf53,45,1.5,125,120,111,9,14,0.925,0.888,0.8283582089552238
4,clab-nebula-serf53,50,1.5,151,155,150,5,1,0.967741935483871,0.9933774834437086,0.9615384615384616
4,clab-nebula-serf53,55,1.5,154,155,153,2,1,0.9870967741935484,0.9935064935064936,0.9807692307692307
4,clab-nebula-serf53,60,1.5,157,155,154,1,3,0.9935483870967742,0.9808917197452229,0.9746835443037974
4,clab-nebula-serf69,5,1.5,0,0,0,0,0,0.0,0.0,0.0
4,clab-nebula-serf69,10,1.5,14,19,11,8,3,0.5789473684210527,0.7857142857142857,0.5
4,clab-nebula-serf69,15,1.5,31,19,17,2,14,0.8947368421052632,0.5483870967741935,0.5151515151515151
4,clab-nebula-serf69,20,1.5,54,55,37,18,17,0.6727272727272727,0.6851851851851852,0.5138888888888888
4,clab-nebula-serf69,25,1.5,84,57,48,9,36,0.8421052631578947,0.5714285714285714,0.5161290322580645
4,clab-nebula-serf69,30,1.5,107,116,96,20,11,0.8275862068965517,0.897196261682243,0.7559055118110236
4,clab-nebula-serf69,35,1.5,119,120,108,12,11,0.9,0.907563025210084,0.8244274809160306
4,clab-nebula-serf69,40,1.5,125,120,111,9,14,0.925,0.888,0.8283582089552238
4,clab-nebula-serf69,45,1.5,147,155,146,9,1,0.9419354838709677,0.9931972789115646,0.9358974358974359
4,clab-nebula-serf69,50,1.5,154,155,153,2,1,0.9870967741935484,0.9935064935064936,0.9807692307692307
4,clab-nebula-serf69,55,1.5,158,161,158,3,0,0.9813664596273292,1.0,0.9813664596273292
4,clab-nebula-serf69,60,1.5,161,161,161,0,0,1.0,1.0,1.0
4,clab-nebula-serf60,5,1.5,4,0,0,0,4,0,0.0,0.0
4,clab-nebula-serf60,10,1.5,10,0,0,0,10,0,0.0,0.0
4,clab-nebula-serf60,15,1.5,42,46,30,16,12,0.6521739130434783,0.7142857142857143,0.5172413793103449
4,clab-nebula-serf60,20,1.5,70,55,48,7,22,0.8727272727272727,0.6857142857142857,0.6233766233766234
4,clab-nebula-serf60,25,1.5,87,70,63,7,24,0.9,0.7241379310344828,0.6702127659574468
4,clab-nebula-serf60,30,1.5,111,116,101,15,10,0.8706896551724138,0.9099099099099099,0.8015873015873016
4,clab-nebula-serf60,35,1.5,120,116,109,7,11,0.9396551724137931,0.9083333333333333,0.8582677165354331
4,clab-nebula-serf60,40,1.5,124,120,111,9,13,0.925,0.8951612903225806,0.8345864661654135
4,clab-nebula-serf60,45,1.5,143,154,142,12,1,0.922077922077922,0.993006993006993,0.9161290322580645
4,clab-nebula-serf60,50,1.5,154,154,153,1,1,0.9935064935064936,0.9935064935064936,0.9870967741935484
4,clab-nebula-serf60,55,1.5,154,154,153,1,1,0.9935064935064936,0.9935064935064936,0.9870967741935484
4,clab-nebula-serf60,60,1.5,158,155,155,0,3,1.0,0.9810126582278481,0.9810126582278481
4,clab-nebula-serf145,5,1.5,0,0,0,0,0,0.0,0.0,0.0
4,clab-nebula-serf145,10,1.5,0,0,0,0,0,0.0,0.0,0.0
4,clab-nebula-serf145,15,1.5,1,0,0,0,1,0,0.0,0.0
4,clab-nebula-serf145,20,1.5,5,0,0,0,5,0,0.0,0.0
4,clab-nebula-serf145,25,1.5,7,0,0,0,7,0,0.0,0.0
4,clab-nebula-serf145,30,1.5,15,37,14,23,1,0.3783783783783784,0.9333333333333333,0.3684210526315789
4,clab-nebula-serf145,35,1.5,37,37,28,9,9,0.7567567567567568,0.7567567567567568,0.6086956521739131
4,clab-nebula-serf145,40,1.5,56,37,34,3,22,0.918918918918919,0.6071428571428571,0.576271186440678
4,clab-nebula-serf145,45,1.5,66,63,49,14,17,0.7777777777777778,0.7424242424242424,0.6125
4,clab-nebula-serf145,50,1.5,104,75,65,10,39,0.8666666666666667,0.625,0.5701754385964912
4,clab-nebula-serf145,55,1.5,130,154,130,24,0,0.8441558441558441,1.0,0.8441558441558441
4,clab-nebula-serf145,60,1.5,145,154,145,9,0,0.9415584415584416,1.0,0.9415584415584416
4,clab-nebula-serf6,5,1.5,1,0,0,0,1,0,0.0,0.0
4,clab-nebula-serf6,10,1.5,7,2,2,0,5,1.0,0.2857142857142857,0.2857142857142857
4,clab-nebula-serf6,15,1.5,18,14,12,2,6,0.8571428571428571,0.6666666666666666,0.6
4,clab-nebula-serf6,20,1.5,32,14,14,0,18,1.0,0.4375,0.4375
4,clab-nebula-serf6,25,1.5,68,16,15,1,53,0.9375,0.22058823529411764,0.21739130434782608
4,clab-nebula-serf6,30,1.5,86,77,70,7,16,0.9090909090909091,0.813953488372093,0.7526881720430108
4,clab-nebula-serf6,35,1.5,98,80,76,4,22,0.95,0.7755102040816326,0.7450980392156863
4,clab-nebula-serf6,40,1.5,117,120,106,14,11,0.8833333333333333,0.905982905982906,0.8091603053435115
4,clab-nebula-serf6,45,1.5,120,120,108,12,12,0.9,0.9,0.8181818181818182
4,clab-nebula-serf6,50,1.5,124,155,123,32,1,0.7935483870967742,0.9919354838709677,0.7884615384615384
4,clab-nebula-serf6,55,1.5,151,155,150,5,1,0.967741935483871,0.9933774834437086,0.9615384615384616
4,clab-nebula-serf6,60,1.5,155,155,153,2,2,0.9870967741935484,0.9870967741935484,0.9745222929936306
4,clab-nebula-serf11,5,1.5,2,0,0,0,2,0,0.0,0.0
4,clab-nebula-serf11,10,1.5,14,7,4,3,10,0.5714285714285714,0.2857142857142857,0.23529411764705882
4,clab-nebula-serf11,15,1.5,26,58,26,32,0,0.4482758620689655,1.0,0.4482758620689655
4,clab-nebula-serf11,20,1.5,57,64,47,17,10,0.734375,0.8245614035087719,0.6351351351351351
4,clab-nebula-serf11,25,1.5,82,77,66,11,16,0.8571428571428571,0.8048780487804879,0.7096774193548387
4,clab-nebula-serf11,30,1.5,93,80,73,7,20,0.9125,0.7849462365591398,0.73
4,clab-nebula-serf11,35,1.5,112,120,104,16,8,0.8666666666666667,0.9285714285714286,0.8125
4,clab-nebula-serf11,40,1.5,120,120,108,12,12,0.9,0.9,0.8181818181818182
4,clab-nebula-serf11,45,1.5,124,120,111,9,13,0.925,0.8951612903225806,0.8345864661654135
4,clab-nebula-serf11,50,1.5,142,155,141,14,1,0.9096774193548387,0.9929577464788732,0.9038461538461539
4,clab-nebula-serf11,55,1.5,154,155,153,2,1,0.9870967741935484,0.9935064935064936,0.9807692307692307
4,clab-nebula-serf11,60,1.5,157,155,154,1,3,0.9935483870967742,0.9808917197452229,0.9746835443037974
4,clab-nebula-serf98,5,1.5,1,0,0,0,1,0,0.0,0.0
4,clab-nebula-serf98,10,1.5,7,7,7,0,0,1.0,1.0,1.0
4,clab-nebula-serf98,15,1.5,7,7,7,0,0,1.0,1.0,1.0
4,clab-nebula-serf98,20,1.5,8,9,7,2,1,0.7777777777777778,0.875,0.7
4,clab-nebula-serf98,25,1.5,14,9,9,0,5,1.0,0.6428571428571429,0.6428571428571429
4,clab-nebula-serf98,30,1.5,29,29,19,10,10,0.6551724137931034,0.6551724137931034,0.48717948717948717
4,clab-nebula-serf98,35,1.5,71,120,64,56,7,0.5333333333333333,0.9014084507042254,0.5039370078740157
4,clab-nebula-serf98,40,1.5,121,154,121,33,0,0.7857142857142857,1.0,0.7857142857142857
4,clab-nebula-serf98,45,1.5,144,154,143,11,1,0.9285714285714286,0.9930555555555556,0.9225806451612903
4,clab-nebula-serf98,50,1.5,156,154,152,2,4,0.987012987012987,0.9743589743589743,0.9620253164556962
4,clab-nebula-serf98,55,1.5,160,161,160,1,0,0.9937888198757764,1.0,0.9937888198757764
4,clab-nebula-serf98,60,1.5,161,161,161,0,0,1.0,1.0,1.0
4,clab-nebula-serf138,5,1.5,0,0,0,0,0,0.0,0.0,0.0
4,clab-nebula-serf138,10,1.5,0,0,0,0,0,0.0,0.0,0.0
4,clab-nebula-serf138,15,1.5,1,0,0,0,1,0,0.0,0.0
4,clab-nebula-serf138,20,1.5,14,0,0,0,14,0,0.0,0.0
4,clab-nebula-serf138,25,1.5,14,0,0,0,14,0,0.0,0.0
4,clab-nebula-serf138,30,1.5,26,37,22,15,4,0.5945945945945946,0.8461538461538461,0.5365853658536586
4,clab-nebula-serf138,35,1.5,43,37,31,6,12,0.8378378378378378,0.7209302325581395,0.6326530612244898
4,clab-nebula-serf138,40,1.5,55,39,36,3,19,0.9230769230769231,0.6545454545454545,0.6206896551724138
4,clab-nebula-serf138,45,1.5,90,63,59,4,31,0.9365079365079365,0.6555555555555556,0.6276595744680851
4,clab-nebula-serf138,50,1.5,115,75,67,8,48,0.8933333333333333,0.5826086956521739,0.5447154471544715
4,clab-nebula-serf138,55,1.5,137,154,137,17,0,0.8896103896103896,1.0,0.8896103896103896
4,clab-nebula-serf138,60,1.5,147,154,147,7,0,0.9545454545454546,1.0,0.9545454545454546
4,clab-nebula-serf150,5,1.5,0,0,0,0,0,0.0,0.0,0.0
4,clab-nebula-serf150,10,1.5,0,0,0,0,0,0.0,0.0,0.0
4,clab-nebula-serf150,15,1.5,1,0,0,0,1,0,0.0,0.0
4,clab-nebula-serf150,20,1.5,9,0,0,0,9,0,0.0,0.0
4,clab-nebula-serf150,25,1.5,17,11,9,2,8,0.8181818181818182,0.5294117647058824,0.47368421052631576
4,clab-nebula-serf150,30,1.5,23,12,11,1,12,0.9166666666666666,0.4782608695652174,0.4583333333333333
4,clab-nebula-serf150,35,1.5,42,12,11,1,31,0.9166666666666666,0.2619047619047619,0.2558139534883721
4,clab-nebula-serf150,40,1.5,54,12,11,1,43,0.9166666666666666,0.2037037037037037,0.2
4,clab-nebula-serf150,45,1.5,79,16,12,4,67,0.75,0.1518987341772152,0.14457831325301204
4,clab-nebula-serf150,50,1.5,117,154,117,37,0,0.7597402597402597,1.0,0.7597402597402597
4,clab-nebula-serf150,55,1.5,141,155,139,16,2,0.896774193548387,0.9858156028368794,0.8853503184713376
4,clab-nebula-serf150,60,1.5,152,155,150,5,2,0.967741935483871,0.9868421052631579,0.9554140127388535
4,clab-nebula-serf18,5,1.5,0,0,0,0,0,0.0,0.0,0.0
4,clab-nebula-serf18,10,1.5,5,3,1,2,4,0.3333333333333333,0.2,0.14285714285714285
4,clab-nebula-serf18,15,1.5,20,3,3,0,17,1.0,0.15,0.15
4,clab-nebula-serf18,20,1.5,47,77,47,30,0,0.6103896103896104,1.0,0.6103896103896104
4,clab-nebula-serf18,25,1.5,75,77,66,11,9,0.8571428571428571,0.88,0.7674418604651163
4,clab-nebula-serf18,30,1.5,90,80,73,7,17,0.9125,0.8111111111111111,0.7525773195876289
4,clab-nebula-serf18,35,1.5,103,110,96,14,7,0.8727272727272727,0.9320388349514563,0.8205128205128205
4,clab-nebula-serf18,40,1.5,120,120,108,12,12,0.9,0.9,0.8181818181818182
4,clab-nebula-serf18,45,1.5,123,120,111,9,12,0.925,0.9024390243902439,0.8409090909090909
4,clab-nebula-serf18,50,1.5,140,155,139,16,1,0.896774193548387,0.9928571428571429,0.8910256410256411
4,clab-nebula-serf18,55,1.5,151,155,150,5,1,0.967741935483871,0.9933774834437086,0.9615384615384616
4,clab-nebula-serf18,60,1.5,157,155,154,1,3,0.9935483870967742,0.9808917197452229,0.9746835443037974
4,clab-nebula-serf30,5,1.5,1,0,0,0,1,0,0.0,0.0
4,clab-nebula-serf30,10,1.5,13,5,5,0,8,1.0,0.38461538461538464,0.38461538461538464
4,clab-nebula-serf30,15,1.5,28,10,10,0,18,1.0,0.35714285714285715,0.35714285714285715
4,clab-nebula-serf30,20,1.5,45,59,39,20,6,0.6610169491525424,0.8666666666666667,0.6
4,clab-nebula-serf30,25,1.5,81,59,58,1,23,0.9830508474576272,0.7160493827160493,0.7073170731707317
4,clab-nebula-serf30,30,1.5,93,80,75,5,18,0.9375,0.8064516129032258,0.7653061224489796
4,clab-nebula-serf30,35,1.5,102,110,94,16,8,0.8545454545454545,0.9215686274509803,0.7966101694915254
4,clab-nebula-serf30,40,1.5,119,116,107,9,12,0.9224137931034483,0.8991596638655462,0.8359375
4,clab-nebula-serf30,45,1.5,124,116,111,5,13,0.9568965517241379,0.8951612903225806,0.8604651162790697
4,clab-nebula-serf30,50,1.5,128,120,114,6,14,0.95,0.890625,0.8507462686567164
4,clab-nebula-serf30,55,1.5,154,154,153,1,1,0.9935064935064936,0.9935064935064936,0.9870967741935484
4,clab-nebula-serf30,60,1.5,154,154,153,1,1,0.9935064935064936,0.9935064935064936,0.9870967741935484
4,clab-nebula-serf44,5,1.5,3,0,0,0,3,0,0.0,0.0
4,clab-nebula-serf44,10,1.5,10,5,5,0,5,1.0,0.5,0.5
4,clab-nebula-serf44,15,1.5,23,11,7,4,16,0.6363636363636364,0.30434782608695654,0.25925925925925924
4,clab-nebula-serf44,20,1.5,47,11,9,2,38,0.8181818181818182,0.19148936170212766,0.1836734693877551
4,clab-nebula-serf44,25,1.5,81,70,67,3,14,0.9571428571428572,0.8271604938271605,0.7976190476190477
4,clab-nebula-serf44,30,1.5,99,110,92,18,7,0.8363636363636363,0.9292929292929293,0.7863247863247863
4,clab-nebula-serf44,35,1.5,120,116,108,8,12,0.9310344827586207,0.9,0.84375
4,clab-nebula-serf44,40,1.5,124,116,111,5,13,0.9568965517241379,0.8951612903225806,0.8604651162790697
4,clab-nebula-serf44,45,1.5,127,120,114,6,13,0.95,0.8976377952755905,0.8571428571428571
4,clab-nebula-serf44,50,1.5,154,154,153,1,1,0.9935064935064936,0.9935064935064936,0.9870967741935484
4,clab-nebula-serf44,55,1.5,154,154,153,1,1,0.9935064935064936,0.9935064935064936,0.9870967741935484
4,clab-nebula-serf44,60,1.5,156,154,154,0,2,1.0,0.9871794871794872,0.9871794871794872
4,clab-nebula-serf131,5,1.5,0,0,0,0,0,0.0,0.0,0.0
4,clab-nebula-serf131,10,1.5,0,0,0,0,0,0.0,0.0,0.0
4,clab-nebula-serf131,15,1.5,3,0,0,0,3,0,0.0,0.0
4,clab-nebula-serf131,20,1.5,14,0,0,0,14,0,0.0,0.0
4,clab-nebula-serf131,25,1.5,18,37,18,19,0,0.4864864864864865,1.0,0.4864864864864865
4,clab-nebula-serf131,30,1.5,29,37,24,13,5,0.6486486486486487,0.8275862068965517,0.5714285714285714
4,clab-nebula-serf131,35,1.5,45,37,33,4,12,0.8918918918918919,0.7333333333333333,0.673469387755102
4,clab-nebula-serf131,40,1.5,69,63,50,13,19,0.7936507936507936,0.7246376811594203,0.6097560975609756
4,clab-nebula-serf131,45,1.5,95,63,62,1,33,0.9841269841269841,0.6526315789473685,0.6458333333333334
4,clab-nebula-serf131,50,1.5,122,154,122,32,0,0.7922077922077922,1.0,0.7922077922077922
4,clab-nebula-serf131,55,1.5,137,154,137,17,0,0.8896103896103896,1.0,0.8896103896103896
4,clab-nebula-serf131,60,1.5,149,154,149,5,0,0.9675324675324676,1.0,0.9675324675324676
4,clab-nebula-serf35,5,1.5,0,0,0,0,0,0.0,0.0,0.0
4,clab-nebula-serf35,10,1.5,1,0,0,0,1,0,0.0,0.0
4,clab-nebula-serf35,15,1.5,7,9,5,4,2,0.5555555555555556,0.7142857142857143,0.45454545454545453
4,clab-nebula-serf35,20,1.5,26,9,7,2,19,0.7777777777777778,0.2692307692307692,0.25
4,clab-nebula-serf35,25,1.5,63,46,43,3,20,0.9347826086956522,0.6825396825396826,0.6515151515151515
4,clab-nebula-serf35,30,1.5,85,70,67,3,18,0.9571428571428572,0.788235294117647,0.7613636363636364
4,clab-nebula-serf35,35,1.5,95,80,75,5,20,0.9375,0.7894736842105263,0.75
4,clab-nebula-serf35,40,1.5,111,116,99,17,12,0.853448275862069,0.8918918918918919,0.7734375
4,clab-nebula-serf35,45,1.5,121,116,109,7,12,0.9396551724137931,0.9008264462809917,0.8515625
4,clab-nebula-serf35,50,1.5,124,120,111,9,13,0.925,0.8951612903225806,0.8345864661654135
4,clab-nebula-serf35,55,1.5,145,154,144,10,1,0.935064935064935,0.993103448275862,0.9290322580645162
4,clab-nebula-serf35,60,1.5,154,154,153,1,1,0.9935064935064936,0.9935064935064936,0.9870967741935484
4,clab-nebula-serf40,5,1.5,0,0,0,0,0,0.0,0.0,0.0
4,clab-nebula-serf40,10,1.5,1,0,0,0,1,0,0.0,0.0
4,clab-nebula-serf40,15,1.5,11,0,0,0,11,0,0.0,0.0
4,clab-nebula-serf40,20,1.5,35,46,26,20,9,0.5652173913043478,0.7428571428571429,0.4727272727272727
4,clab-nebula-serf40,25,1.5,71,46,45,1,26,0.9782608695652174,0.6338028169014085,0.625
4,clab-nebula-serf40,30,1.5,87,70,67,3,20,0.9571428571428572,0.7701149425287356,0.7444444444444445
4,clab-nebula-serf40,35,1.5,98,81,70,11,28,0.8641975308641975,0.7142857142857143,0.6422018348623854
4,clab-nebula-serf40,40,1.5,118,116,106,10,12,0.9137931034482759,0.8983050847457628,0.828125
4,clab-nebula-serf40,45,1.5,122,116,110,6,12,0.9482758620689655,0.9016393442622951,0.859375
4,clab-nebula-serf40,50,1.5,126,120,112,8,14,0.9333333333333333,0.8888888888888888,0.835820895522388
4,clab-nebula-serf40,55,1.5,153,154,152,2,1,0.987012987012987,0.9934640522875817,0.9806451612903225
4,clab-nebula-serf40,60,1.5,154,154,153,1,1,0.9935064935064936,0.9935064935064936,0.9870967741935484
4,clab-nebula-serf144,5,1.5,0,0,0,0,0,0.0,0.0,0.0
4,clab-nebula-serf144,10,1.5,0,0,0,0,0,0.0,0.0,0.0
4,clab-nebula-serf144,15,1.5,7,0,0,0,7,0,0.0,0.0
4,clab-nebula-serf144,20,1.5,12,10,8,2,4,0.8,0.6666666666666666,0.5714285714285714
4,clab-nebula-serf144,25,1.5,23,37,21,16,2,0.5675675675675675,0.9130434782608695,0.5384615384615384
4,clab-nebula-serf144,30,1.5,55,37,34,3,21,0.918918918918919,0.6181818181818182,0.5862068965517241
4,clab-nebula-serf144,35,1.5,60,39,37,2,23,0.9487179487179487,0.6166666666666667,0.5967741935483871
4,clab-nebula-serf144,40,1.5,95,75,61,14,34,0.8133333333333334,0.6421052631578947,0.5596330275229358
4,clab-nebula-serf144,45,1.5,126,154,126,28,0,0.8181818181818182,1.0,0.8181818181818182
4,clab-nebula-serf144,50,1.5,141,154,141,13,0,0.9155844155844156,1.0,0.9155844155844156
4,clab-nebula-serf144,55,1.5,151,154,151,3,0,0.9805194805194806,1.0,0.9805194805194806
4,clab-nebula-serf144,60,1.5,155,155,154,1,1,0.9935483870967742,0.9935483870967742,0.9871794871794872
4,clab-nebula-serf152,5,1.5,0,0,0,0,0,0.0,0.0,0.0
4,clab-nebula-serf152,10,1.5,1,0,0,0,1,0,0.0,0.0
4,clab-nebula-serf152,15,1.5,11,0,0,0,11,0,0.0,0.0
4,clab-nebula-serf152,20,1.5,14,11,9,2,5,0.8181818181818182,0.6428571428571429,0.5625
4,clab-nebula-serf152,25,1.5,24,12,11,1,13,0.9166666666666666,0.4583333333333333,0.44
4,clab-nebula-serf152,30,1.5,47,12,11,1,36,0.9166666666666666,0.23404255319148937,0.22916666666666666
4,clab-nebula-serf152,35,1.5,60,12,11,1,49,0.9166666666666666,0.18333333333333332,0.18032786885245902
4,clab-nebula-serf152,40,1.5,89,16,12,4,77,0.75,0.1348314606741573,0.12903225806451613
4,clab-nebula-serf152,45,1.5,122,154,122,32,0,0.7922077922077922,1.0,0.7922077922077922
4,clab-nebula-serf152,50,1.5,143,154,143,11,0,0.9285714285714286,1.0,0.9285714285714286
4,clab-nebula-serf152,55,1.5,152,154,150,4,2,0.974025974025974,0.9868421052631579,0.9615384615384616
4,clab-nebula-serf152,60,1.5,156,155,154,1,2,0.9935483870967742,0.9871794871794872,0.9808917197452229
4,clab-nebula-serf162,5,1.5,0,0,0,0,0,0.0,0.0,0.0
4,clab-nebula-serf162,10,1.5,0,0,0,0,0,0.0,0.0,0.0
4,clab-nebula-serf162,15,1.5,5,0,0,0,5,0,0.0,0.0
4,clab-nebula-serf162,20,1.5,5,0,0,0,5,0,0.0,0.0
4,clab-nebula-serf162,25,1.5,5,0,0,0,5,0,0.0,0.0
4,clab-nebula-serf162,30,1.5,9,10,6,4,3,0.6,0.6666666666666666,0.46153846153846156
4,clab-nebula-serf162,35,1.5,20,26,15,11,5,0.5769230769230769,0.75,0.4838709677419355
4,clab-nebula-serf162,40,1.5,35,26,25,1,10,0.9615384615384616,0.7142857142857143,0.6944444444444444
4,clab-nebula-serf162,45,1.5,40,37,28,9,12,0.7567567567567568,0.7,0.5714285714285714
4,clab-nebula-serf162,50,1.5,54,37,34,3,20,0.918918918918919,0.6296296296296297,0.5964912280701754
4,clab-nebula-serf162,55,1.5,74,63,50,13,24,0.7936507936507936,0.6756756756756757,0.5747126436781609
4,clab-nebula-serf162,60,1.5,113,75,65,10,48,0.8666666666666667,0.5752212389380531,0.5284552845528455
4,clab-nebula-serf41,5,1.5,0,0,0,0,0,0.0,0.0,0.0
4,clab-nebula-serf41,10,1.5,0,0,0,0,0,0.0,0.0,0.0
4,clab-nebula-serf41,15,1.5,1,0,0,0,1,0,0.0,0.0
4,clab-nebula-serf41,20,1.5,14,9,6,3,8,0.6666666666666666,0.42857142857142855,0.35294117647058826
4,clab-nebula-serf41,25,1.5,40,46,30,16,10,0.6521739130434783,0.75,0.5357142857142857
4,clab-nebula-serf41,30,1.5,74,46,45,1,29,0.9782608695652174,0.6081081081081081,0.6
4,clab-nebula-serf41,35,1.5,89,70,67,3,22,0.9571428571428572,0.7528089887640449,0.7282608695652174
4,clab-nebula-serf41,40,1.5,99,80,76,4,23,0.95,0.7676767676767676,0.7378640776699029
4,clab-nebula-serf41,45,1.5,118,116,106,10,12,0.9137931034482759,0.8983050847457628,0.828125
4,clab-nebula-serf41,50,1.5,121,116,109,7,12,0.9396551724137931,0.9008264462809917,0.8515625
4,clab-nebula-serf41,55,1.5,126,120,112,8,14,0.9333333333333333,0.8888888888888888,0.835820895522388
4,clab-nebula-serf41,60,1.5,153,154,152,2,1,0.987012987012987,0.9934640522875817,0.9806451612903225
4,clab-nebula-serf72,5,1.5,1,0,0,0,1,0,0.0,0.0
4,clab-nebula-serf72,10,1.5,16,12,11,1,5,0.9166666666666666,0.6875,0.6470588235294118
4,clab-nebula-serf72,15,1.5,31,19,17,2,14,0.8947368421052632,0.5483870967741935,0.5151515151515151
4,clab-nebula-serf72,20,1.5,54,55,37,18,17,0.6727272727272727,0.6851851851851852,0.5138888888888888
4,clab-nebula-serf72,25,1.5,84,57,48,9,36,0.8421052631578947,0.5714285714285714,0.5161290322580645
4,clab-nebula-serf72,30,1.5,110,116,99,17,11,0.853448275862069,0.9,0.7795275590551181
4,clab-nebula-serf72,35,1.5,121,120,110,10,11,0.9166666666666666,0.9090909090909091,0.8396946564885496
4,clab-nebula-serf72,40,1.5,125,120,111,9,14,0.925,0.888,0.8283582089552238
4,clab-nebula-serf72,45,1.5,150,155,149,6,1,0.9612903225806452,0.9933333333333333,0.9551282051282052
4,clab-nebula-serf72,50,1.5,154,155,153,2,1,0.9870967741935484,0.9935064935064936,0.9807692307692307
4,clab-nebula-serf72,55,1.5,158,161,158,3,0,0.9813664596273292,1.0,0.9813664596273292
4,clab-nebula-serf72,60,1.5,161,161,161,0,0,1.0,1.0,1.0
4,clab-nebula-serf141,5,1.5,0,0,0,0,0,0.0,0.0,0.0
4,clab-nebula-serf141,10,1.5,0,0,0,0,0,0.0,0.0,0.0
4,clab-nebula-serf141,15,1.5,0,0,0,0,0,0.0,0.0,0.0
4,clab-nebula-serf141,20,1.5,14,0,0,0,14,0,0.0,0.0
4,clab-nebula-serf141,25,1.5,14,0,0,0,14,0,0.0,0.0
4,clab-nebula-serf141,30,1.5,26,37,22,15,4,0.5945945945945946,0.8461538461538461,0.5365853658536586
4,clab-nebula-serf141,35,1.5,43,37,31,6,12,0.8378378378378378,0.7209302325581395,0.6326530612244898
4,clab-nebula-serf141,40,1.5,59,49,36,13,23,0.7346938775510204,0.6101694915254238,0.5
4,clab-nebula-serf141,45,1.5,90,63,59,4,31,0.9365079365079365,0.6555555555555556,0.6276595744680851
4,clab-nebula-serf141,50,1.5,116,75,67,8,49,0.8933333333333333,0.5775862068965517,0.5403225806451613
4,clab-nebula-serf141,55,1.5,137,154,137,17,0,0.8896103896103896,1.0,0.8896103896103896
4,clab-nebula-serf141,60,1.5,149,154,149,5,0,0.9675324675324676,1.0,0.9675324675324676
4,clab-nebula-serf25,5,1.5,0,0,0,0,0,0.0,0.0,0.0
4,clab-nebula-serf25,10,1.5,4,0,0,0,4,0,0.0,0.0
4,clab-nebula-serf25,15,1.5,12,5,5,0,7,1.0,0.4166666666666667,0.4166666666666667
4,clab-nebula-serf25,20,1.5,28,10,10,0,18,1.0,0.35714285714285715,0.35714285714285715
4,clab-nebula-serf25,25,1.5,44,59,39,20,5,0.6610169491525424,0.8863636363636364,0.609375
4,clab-nebula-serf25,30,1.5,81,59,58,1,23,0.9830508474576272,0.7160493827160493,0.7073170731707317
4,clab-nebula-serf25,35,1.5,93,80,75,5,18,0.9375,0.8064516129032258,0.7653061224489796
4,clab-nebula-serf25,40,1.5,102,110,94,16,8,0.8545454545454545,0.9215686274509803,0.7966101694915254
4,clab-nebula-serf25,45,1.5,119,116,107,9,12,0.9224137931034483,0.8991596638655462,0.8359375
4,clab-nebula-serf25,50,1.5,124,116,111,5,13,0.9568965517241379,0.8951612903225806,0.8604651162790697
4,clab-nebula-serf25,55,1.5,127,120,113,7,14,0.9416666666666667,0.889763779527559,0.8432835820895522
4,clab-nebula-serf25,60,1.5,154,154,153,1,1,0.9935064935064936,0.9935064935064936,0.9870967741935484
4,clab-nebula-serf50,5,1.5,3,0,0,0,3,0,0.0,0.0
4,clab-nebula-serf50,10,1.5,8,0,0,0,8,0,0.0,0.0
4,clab-nebula-serf50,15,1.5,23,11,7,4,16,0.6363636363636364,0.30434782608695654,0.25925925925925924
4,clab-nebula-serf50,20,1.5,41,11,8,3,33,0.7272727272727273,0.1951219512195122,0.18181818181818182
4,clab-nebula-serf50,25,1.5,81,70,67,3,14,0.9571428571428572,0.8271604938271605,0.7976190476190477
4,clab-nebula-serf50,30,1.5,93,110,88,22,5,0.8,0.946236559139785,0.7652173913043478
4,clab-nebula-serf50,35,1.5,118,116,106,10,12,0.9137931034482759,0.8983050847457628,0.828125
4,clab-nebula-serf50,40,1.5,122,116,109,7,13,0.9396551724137931,0.8934426229508197,0.8449612403100775
4,clab-nebula-serf50,45,1.5,125,120,112,8,13,0.9333333333333333,0.896,0.8421052631578947
4,clab-nebula-serf50,50,1.5,153,154,152,2,1,0.987012987012987,0.9934640522875817,0.9806451612903225
4,clab-nebula-serf50,55,1.5,154,154,153,1,1,0.9935064935064936,0.9935064935064936,0.9870967741935484
4,clab-nebula-serf50,60,1.5,156,154,154,0,2,1.0,0.9871794871794872,0.9871794871794872
4,clab-nebula-serf51,5,1.5,1,0,0,0,1,0,0.0,0.0
4,clab-nebula-serf51,10,1.5,9,5,4,1,5,0.8,0.4444444444444444,0.4
4,clab-nebula-serf51,15,1.5,24,24,16,8,8,0.6666666666666666,0.6666666666666666,0.5
4,clab-nebula-serf51,20,1.5,64,57,45,12,19,0.7894736842105263,0.703125,0.5921052631578947
4,clab-nebula-serf51,25,1.5,83,70,63,7,20,0.9,0.7590361445783133,0.7
4,clab-nebula-serf51,30,1.5,97,80,74,6,23,0.925,0.7628865979381443,0.7184466019417476
4,clab-nebula-serf51,35,1.5,118,120,107,13,11,0.8916666666666667,0.9067796610169492,0.816793893129771
4,clab-nebula-serf51,40,1.5,121,120,109,11,12,0.9083333333333333,0.9008264462809917,0.8257575757575758
4,clab-nebula-serf51,45,1.5,126,120,112,8,14,0.9333333333333333,0.8888888888888888,0.835820895522388
4,clab-nebula-serf51,50,1.5,152,155,151,4,1,0.9741935483870968,0.993421052631579,0.967948717948718
4,clab-nebula-serf51,55,1.5,154,155,153,2,1,0.9870967741935484,0.9935064935064936,0.9807692307692307
4,clab-nebula-serf51,60,1.5,157,155,154,1,3,0.9935483870967742,0.9808917197452229,0.9746835443037974
4,clab-nebula-serf66,5,1.5,0,0,0,0,0,0.0,0.0,0.0
4,clab-nebula-serf66,10,1.5,4,0,0,0,4,0,0.0,0.0
4,clab-nebula-serf66,15,1.5,27,6,6,0,21,1.0,0.2222222222222222,0.2222222222222222
4,clab-nebula-serf66,20,1.5,44,8,8,0,36,1.0,0.18181818181818182,0.18181818181818182
4,clab-nebula-serf66,25,1.5,79,8,8,0,71,1.0,0.10126582278481013,0.10126582278481013
4,clab-nebula-serf66,30,1.5,106,110,95,15,11,0.8636363636363636,0.8962264150943396,0.7851239669421488
4,clab-nebula-serf66,35,1.5,116,116,105,11,11,0.9051724137931034,0.9051724137931034,0.8267716535433071
4,clab-nebula-serf66,40,1.5,123,116,111,5,12,0.9568965517241379,0.9024390243902439,0.8671875
4,clab-nebula-serf66,45,1.5,136,120,112,8,24,0.9333333333333333,0.8235294117647058,0.7777777777777778
4,clab-nebula-serf66,50,1.5,154,155,153,2,1,0.9870967741935484,0.9935064935064936,0.9807692307692307
4,clab-nebula-serf66,55,1.5,154,155,153,2,1,0.9870967741935484,0.9935064935064936,0.9807692307692307
4,clab-nebula-serf66,60,1.5,158,161,158,3,0,0.9813664596273292,1.0,0.9813664596273292
4,clab-nebula-serf86,5,1.5,3,0,0,0,3,0,0.0,0.0
4,clab-nebula-serf86,10,1.5,4,6,3,3,1,0.5,0.75,0.42857142857142855
4,clab-nebula-serf86,15,1.5,11,6,5,1,6,0.8333333333333334,0.45454545454545453,0.4166666666666667
4,clab-nebula-serf86,20,1.5,29,6,6,0,23,1.0,0.20689655172413793,0.20689655172413793
4,clab-nebula-serf86,25,1.5,56,6,6,0,50,1.0,0.10714285714285714,0.10714285714285714
4,clab-nebula-serf86,30,1.5,85,7,6,1,79,0.8571428571428571,0.07058823529411765,0.06976744186046512
4,clab-nebula-serf86,35,1.5,115,7,7,0,108,1.0,0.06086956521739131,0.06086956521739131
4,clab-nebula-serf86,40,1.5,120,7,7,0,113,1.0,0.058333333333333334,0.058333333333333334
4,clab-nebula-serf86,45,1.5,134,22,22,0,112,1.0,0.16417910447761194,0.16417910447761194
4,clab-nebula-serf86,50,1.5,145,155,144,11,1,0.9290322580645162,0.993103448275862,0.9230769230769231
4,clab-nebula-serf86,55,1.5,155,161,155,6,0,0.9627329192546584,1.0,0.9627329192546584
4,clab-nebula-serf86,60,1.5,160,161,160,1,0,0.9937888198757764,1.0,0.9937888198757764
4,clab-nebula-serf90,5,1.5,2,0,0,0,2,0,0.0,0.0
4,clab-nebula-serf90,10,1.5,9,4,4,0,5,1.0,0.4444444444444444,0.4444444444444444
4,clab-nebula-serf90,15,1.5,30,6,6,0,24,1.0,0.2,0.2
4,clab-nebula-serf90,20,1.5,49,8,8,0,41,1.0,0.16326530612244897,0.16326530612244897
4,clab-nebula-serf90,25,1.5,78,8,8,0,70,1.0,0.10256410256410256,0.10256410256410256
4,clab-nebula-serf90,30,1.5,101,110,91,19,10,0.8272727272727273,0.900990099009901,0.7583333333333333
4,clab-nebula-serf90,35,1.5,119,116,108,8,11,0.9310344827586207,0.907563025210084,0.8503937007874016
4,clab-nebula-serf90,40,1.5,122,116,110,6,12,0.9482758620689655,0.9016393442622951,0.859375
4,clab-nebula-serf90,45,1.5,137,120,112,8,25,0.9333333333333333,0.8175182481751825,0.7724137931034483
4,clab-nebula-serf90,50,1.5,154,155,153,2,1,0.9870967741935484,0.9935064935064936,0.9807692307692307
4,clab-nebula-serf90,55,1.5,155,155,154,1,1,0.9935483870967742,0.9935483870967742,0.9871794871794872
4,clab-nebula-serf90,60,1.5,159,161,159,2,0,0.9875776397515528,1.0,0.9875776397515528
4,clab-nebula-serf143,5,1.5,0,0,0,0,0,0.0,0.0,0.0
4,clab-nebula-serf143,10,1.5,0,0,0,0,0,0.0,0.0,0.0
4,clab-nebula-serf143,15,1.5,1,0,0,0,1,0,0.0,0.0
4,clab-nebula-serf143,20,1.5,2,0,0,0,2,0,0.0,0.0
4,clab-nebula-serf143,25,1.5,7,0,0,0,7,0,0.0,0.0
4,clab-nebula-serf143,30,1.5,13,37,12,25,1,0.32432432432432434,0.9230769230769231,0.3157894736842105
4,clab-nebula-serf143,35,1.5,32,37,27,10,5,0.7297297297297297,0.84375,0.6428571428571429
4,clab-nebula-serf143,40,1.5,56,37,34,3,22,0.918918918918919,0.6071428571428571,0.576271186440678
4,clab-nebula-serf143,45,1.5,66,63,49,14,17,0.7777777777777778,0.7424242424242424,0.6125
4,clab-nebula-serf143,50,1.5,103,75,65,10,38,0.8666666666666667,0.6310679611650486,0.5752212389380531
4,clab-nebula-serf143,55,1.5,130,154,130,24,0,0.8441558441558441,1.0,0.8441558441558441
4,clab-nebula-serf143,60,1.5,145,154,145,9,0,0.9415584415584416,1.0,0.9415584415584416
4,clab-nebula-serf7,5,1.5,1,0,0,0,1,0,0.0,0.0
4,clab-nebula-serf7,10,1.5,9,3,3,0,6,1.0,0.3333333333333333,0.3333333333333333
4,clab-nebula-serf7,15,1.5,19,14,13,1,6,0.9285714285714286,0.6842105263157895,0.65
4,clab-nebula-serf7,20,1.5,33,14,14,0,19,1.0,0.42424242424242425,0.42424242424242425
4,clab-nebula-serf7,25,1.5,67,16,14,2,53,0.875,0.208955223880597,0.2028985507246377
4,clab-nebula-serf7,30,1.5,86,77,70,7,16,0.9090909090909091,0.813953488372093,0.7526881720430108
4,clab-nebula-serf7,35,1.5,99,80,76,4,23,0.95,0.7676767676767676,0.7378640776699029
4,clab-nebula-serf7,40,1.5,117,120,106,14,11,0.8833333333333333,0.905982905982906,0.8091603053435115
4,clab-nebula-serf7,45,1.5,120,120,108,12,12,0.9,0.9,0.8181818181818182
4,clab-nebula-serf7,50,1.5,124,155,123,32,1,0.7935483870967742,0.9919354838709677,0.7884615384615384
4,clab-nebula-serf7,55,1.5,151,155,150,5,1,0.967741935483871,0.9933774834437086,0.9615384615384616
4,clab-nebula-serf7,60,1.5,156,155,153,2,3,0.9870967741935484,0.9807692307692307,0.9683544303797469
4,clab-nebula-serf37,5,1.5,2,0,0,0,2,0,0.0,0.0
4,clab-nebula-serf37,10,1.5,8,1,1,0,7,1.0,0.125,0.125
4,clab-nebula-serf37,15,1.5,29,9,8,1,21,0.8888888888888888,0.27586206896551724,0.26666666666666666
4,clab-nebula-serf37,20,1.5,65,59,52,7,13,0.8813559322033898,0.8,0.7222222222222222
4,clab-nebula-serf37,25,1.5,85,70,67,3,18,0.9571428571428572,0.788235294117647,0.7613636363636364
4,clab-nebula-serf37,30,1.5,96,80,75,5,21,0.9375,0.78125,0.7425742574257426
4,clab-nebula-serf37,35,1.5,111,116,99,17,12,0.853448275862069,0.8918918918918919,0.7734375
4,clab-nebula-serf37,40,1.5,121,116,109,7,12,0.9396551724137931,0.9008264462809917,0.8515625
4,clab-nebula-serf37,45,1.5,124,120,111,9,13,0.925,0.8951612903225806,0.8345864661654135
4,clab-nebula-serf37,50,1.5,146,154,145,9,1,0.9415584415584416,0.9931506849315068,0.9354838709677419
4,clab-nebula-serf37,55,1.5,154,154,153,1,1,0.9935064935064936,0.9935064935064936,0.9870967741935484
4,clab-nebula-serf37,60,1.5,156,154,154,0,2,1.0,0.9871794871794872,0.9871794871794872
4,clab-nebula-serf43,5,1.5,0,0,0,0,0,0.0,0.0,0.0
4,clab-nebula-serf43,10,1.5,5,0,0,0,5,0,0.0,0.0
4,clab-nebula-serf43,15,1.5,13,5,5,0,8,1.0,0.38461538461538464,0.38461538461538464
4,clab-nebula-serf43,20,1.5,27,11,7,4,20,0.6363636363636364,0.25925925925925924,0.22580645161290322
4,clab-nebula-serf43,25,1.5,52,70,50,20,2,0.7142857142857143,0.9615384615384616,0.6944444444444444
4,clab-nebula-serf43,30,1.5,82,70,67,3,15,0.9571428571428572,0.8170731707317073,0.788235294117647
4,clab-nebula-serf43,35,1.5,98,110,91,19,7,0.8272727272727273,0.9285714285714286,0.7777777777777778
4,clab-nebula-serf43,40,1.5,119,116,107,9,12,0.9224137931034483,0.8991596638655462,0.8359375
4,clab-nebula-serf43,45,1.5,124,116,111,5,13,0.9568965517241379,0.8951612903225806,0.8604651162790697
4,clab-nebula-serf43,50,1.5,126,120,113,7,13,0.9416666666666667,0.8968253968253969,0.849624060150376
4,clab-nebula-serf43,55,1.5,154,154,153,1,1,0.9935064935064936,0.9935064935064936,0.9870967741935484
4,clab-nebula-serf43,60,1.5,154,154,153,1,1,0.9935064935064936,0.9935064935064936,0.9870967741935484
4,clab-nebula-serf58,5,1.5,5,0,0,0,5,0,0.0,0.0
4,clab-nebula-serf58,10,1.5,19,24,16,8,3,0.6666666666666666,0.8421052631578947,0.5925925925925926
4,clab-nebula-serf58,15,1.5,57,55,41,14,16,0.7454545454545455,0.7192982456140351,0.5774647887323944
4,clab-nebula-serf58,20,1.5,79,70,62,8,17,0.8857142857142857,0.7848101265822784,0.7126436781609196
4,clab-nebula-serf58,25,1.5,93,70,64,6,29,0.9142857142857143,0.6881720430107527,0.6464646464646465
4,clab-nebula-serf58,30,1.5,118,116,107,9,11,0.9224137931034483,0.9067796610169492,0.84251968503937
4,clab-nebula-serf58,35,1.5,122,116,110,6,12,0.9482758620689655,0.9016393442622951,0.859375
4,clab-nebula-serf58,40,1.5,125,120,111,9,14,0.925,0.888,0.8283582089552238
4,clab-nebula-serf58,45,1.5,153,154,152,2,1,0.987012987012987,0.9934640522875817,0.9806451612903225
4,clab-nebula-serf58,50,1.5,154,154,153,1,1,0.9935064935064936,0.9935064935064936,0.9870967741935484
4,clab-nebula-serf58,55,1.5,156,155,154,1,2,0.9935483870967742,0.9871794871794872,0.9808917197452229
4,clab-nebula-serf58,60,1.5,160,161,160,1,0,0.9937888198757764,1.0,0.9937888198757764
4,clab-nebula-serf61,5,1.5,5,0,0,0,5,0,0.0,0.0
4,clab-nebula-serf61,10,1.5,20,8,8,0,12,1.0,0.4,0.4
4,clab-nebula-serf61,15,1.5,61,55,44,11,17,0.8,0.7213114754098361,0.6111111111111112
4,clab-nebula-serf61,20,1.5,79,70,61,9,18,0.8714285714285714,0.7721518987341772,0.6931818181818182
4,clab-nebula-serf61,25,1.5,93,77,70,7,23,0.9090909090909091,0.7526881720430108,0.7
4,clab-nebula-serf61,30,1.5,118,116,107,9,11,0.9224137931034483,0.9067796610169492,0.84251968503937
4,clab-nebula-serf61,35,1.5,121,116,109,7,12,0.9396551724137931,0.9008264462809917,0.8515625
4,clab-nebula-serf61,40,1.5,124,120,111,9,13,0.925,0.8951612903225806,0.8345864661654135
4,clab-nebula-serf61,45,1.5,149,155,148,7,1,0.9548387096774194,0.9932885906040269,0.9487179487179487
4,clab-nebula-serf61,50,1.5,154,155,153,2,1,0.9870967741935484,0.9935064935064936,0.9807692307692307
4,clab-nebula-serf61,55,1.5,156,155,154,1,2,0.9935483870967742,0.9871794871794872,0.9808917197452229
4,clab-nebula-serf61,60,1.5,158,155,155,0,3,1.0,0.9810126582278481,0.9810126582278481
4,clab-nebula-serf112,5,1.5,0,0,0,0,0,0.0,0.0,0.0
4,clab-nebula-serf112,10,1.5,0,0,0,0,0,0.0,0.0,0.0
4,clab-nebula-serf112,15,1.5,0,0,0,0,0,0.0,0.0,0.0
4,clab-nebula-serf112,20,1.5,0,0,0,0,0,0.0,0.0,0.0
4,clab-nebula-serf112,25,1.5,5,2,1,1,4,0.5,0.2,0.16666666666666666
4,clab-nebula-serf112,30,1.5,18,2,2,0,16,1.0,0.1111111111111111,0.1111111111111111
4,clab-nebula-serf112,35,1.5,34,12,2,10,32,0.16666666666666666,0.058823529411764705,0.045454545454545456
4,clab-nebula-serf112,40,1.5,64,12,3,9,61,0.25,0.046875,0.0410958904109589
4,clab-nebula-serf112,45,1.5,103,77,55,22,48,0.7142857142857143,0.5339805825242718,0.44
4,clab-nebula-serf112,50,1.5,136,154,136,18,0,0.8831168831168831,1.0,0.8831168831168831
4,clab-nebula-serf112,55,1.5,148,154,147,7,1,0.9545454545454546,0.9932432432432432,0.9483870967741935
4,clab-nebula-serf112,60,1.5,159,161,159,2,0,0.9875776397515528,1.0,0.9875776397515528
4,clab-nebula-serf15,5,1.5,1,0,0,0,1,0,0.0,0.0
4,clab-nebula-serf15,10,1.5,14,5,4,1,10,0.8,0.2857142857142857,0.26666666666666666
4,clab-nebula-serf15,15,1.5,32,51,27,24,5,0.5294117647058824,0.84375,0.48214285714285715
4,clab-nebula-serf15,20,1.5,68,64,52,12,16,0.8125,0.7647058823529411,0.65
4,clab-nebula-serf15,25,1.5,88,80,71,9,17,0.8875,0.8068181818181818,0.7319587628865979
4,clab-nebula-serf15,30,1.5,100,80,77,3,23,0.9625,0.77,0.7475728155339806
4,clab-nebula-serf15,35,1.5,117,120,107,13,10,0.8916666666666667,0.9145299145299145,0.823076923076923
4,clab-nebula-serf15,40,1.5,121,120,109,11,12,0.9083333333333333,0.9008264462809917,0.8257575757575758
4,clab-nebula-serf15,45,1.5,124,120,111,9,13,0.925,0.8951612903225806,0.8345864661654135
4,clab-nebula-serf15,50,1.5,151,155,150,5,1,0.967741935483871,0.9933774834437086,0.9615384615384616
4,clab-nebula-serf15,55,1.5,154,155,153,2,1,0.9870967741935484,0.9935064935064936,0.9807692307692307
4,clab-nebula-serf15,60,1.5,158,155,155,0,3,1.0,0.9810126582278481,0.9810126582278481
4,clab-nebula-serf16,5,1.5,2,0,0,0,2,0,0.0,0.0
4,clab-nebula-serf16,10,1.5,17,4,4,0,13,1.0,0.23529411764705882,0.23529411764705882
4,clab-nebula-serf16,15,1.5,33,51,28,23,5,0.5490196078431373,0.8484848484848485,0.5
4,clab-nebula-serf16,20,1.5,69,64,53,11,16,0.828125,0.7681159420289855,0.6625
4,clab-nebula-serf16,25,1.5,88,80,71,9,17,0.8875,0.8068181818181818,0.7319587628865979
4,clab-nebula-serf16,30,1.5,101,110,94,16,7,0.8545454545454545,0.9306930693069307,0.8034188034188035
4,clab-nebula-serf16,35,1.5,119,120,108,12,11,0.9,0.907563025210084,0.8244274809160306
4,clab-nebula-serf16,40,1.5,121,120,109,11,12,0.9083333333333333,0.9008264462809917,0.8257575757575758
4,clab-nebula-serf16,45,1.5,126,120,112,8,14,0.9333333333333333,0.8888888888888888,0.835820895522388
4,clab-nebula-serf16,50,1.5,151,155,150,5,1,0.967741935483871,0.9933774834437086,0.9615384615384616
4,clab-nebula-serf16,55,1.5,155,155,153,2,2,0.9870967741935484,0.9870967741935484,0.9745222929936306
4,clab-nebula-serf16,60,1.5,158,155,155,0,3,1.0,0.9810126582278481,0.9810126582278481
4,clab-nebula-serf77,5,1.5,3,0,0,0,3,0,0.0,0.0
4,clab-nebula-serf77,10,1.5,24,19,15,4,9,0.7894736842105263,0.625,0.5357142857142857
4,clab-nebula-serf77,15,1.5,38,24,22,2,16,0.9166666666666666,0.5789473684210527,0.55
4,clab-nebula-serf77,20,1.5,67,57,42,15,25,0.7368421052631579,0.6268656716417911,0.5121951219512195
4,clab-nebula-serf77,25,1.5,90,59,52,7,38,0.8813559322033898,0.5777777777777777,0.5360824742268041
4,clab-nebula-serf77,30,1.5,113,116,102,14,11,0.8793103448275862,0.9026548672566371,0.8031496062992126
4,clab-nebula-serf77,35,1.5,121,120,110,10,11,0.9166666666666666,0.9090909090909091,0.8396946564885496
4,clab-nebula-serf77,40,1.5,125,120,111,9,14,0.925,0.888,0.8283582089552238
4,clab-nebula-serf77,45,1.5,151,155,150,5,1,0.967741935483871,0.9933774834437086,0.9615384615384616
4,clab-nebula-serf77,50,1.5,154,155,153,2,1,0.9870967741935484,0.9935064935064936,0.9807692307692307
4,clab-nebula-serf77,55,1.5,158,161,158,3,0,0.9813664596273292,1.0,0.9813664596273292
4,clab-nebula-serf77,60,1.5,161,161,161,0,0,1.0,1.0,1.0
4,clab-nebula-serf121,5,1.5,0,0,0,0,0,0.0,0.0,0.0
4,clab-nebula-serf121,10,1.5,1,0,0,0,1,0,0.0,0.0
4,clab-nebula-serf121,15,1.5,8,2,1,1,7,0.5,0.125,0.1111111111111111
4,clab-nebula-serf121,20,1.5,15,10,1,9,14,0.1,0.06666666666666667,0.041666666666666664
4,clab-nebula-serf121,25,1.5,32,16,2,14,30,0.125,0.0625,0.043478260869565216
4,clab-nebula-serf121,30,1.5,81,16,12,4,69,0.75,0.14814814814814814,0.1411764705882353
4,clab-nebula-serf121,35,1.5,121,77,52,25,69,0.6753246753246753,0.4297520661157025,0.3561643835616438
4,clab-nebula-serf121,40,1.5,138,77,66,11,72,0.8571428571428571,0.4782608695652174,0.4429530201342282
4,clab-nebula-serf121,45,1.5,148,154,146,8,2,0.948051948051948,0.9864864864864865,0.9358974358974359
4,clab-nebula-serf121,50,1.5,160,161,160,1,0,0.9937888198757764,1.0,0.9937888198757764
4,clab-nebula-serf121,55,1.5,161,161,161,0,0,1.0,1.0,1.0
4,clab-nebula-serf121,60,1.5,161,161,161,0,0,1.0,1.0,1.0
4,clab-nebula-serf140,5,1.5,0,0,0,0,0,0.0,0.0,0.0
4,clab-nebula-serf140,10,1.5,0,0,0,0,0,0.0,0.0,0.0
4,clab-nebula-serf140,15,1.5,0,0,0,0,0,0.0,0.0,0.0
4,clab-nebula-serf140,20,1.5,13,0,0,0,13,0,0.0,0.0
4,clab-nebula-serf140,25,1.5,14,0,0,0,14,0,0.0,0.0
4,clab-nebula-serf140,30,1.5,25,37,22,15,3,0.5945945945945946,0.88,0.55
4,clab-nebula-serf140,35,1.5,39,37,27,10,12,0.7297297297297297,0.6923076923076923,0.5510204081632653
4,clab-nebula-serf140,40,1.5,52,37,35,2,17,0.9459459459459459,0.6730769230769231,0.6481481481481481
4,clab-nebula-serf140,45,1.5,82,63,55,8,27,0.873015873015873,0.6707317073170732,0.6111111111111112
4,clab-nebula-serf140,50,1.5,108,75,66,9,42,0.88,0.6111111111111112,0.5641025641025641
4,clab-nebula-serf140,55,1.5,136,154,136,18,0,0.8831168831168831,1.0,0.8831168831168831
4,clab-nebula-serf140,60,1.5,145,154,145,9,0,0.9415584415584416,1.0,0.9415584415584416
4,clab-nebula-serf148,5,1.5,0,0,0,0,0,0.0,0.0,0.0
4,clab-nebula-serf148,10,1.5,0,0,0,0,0,0.0,0.0,0.0
4,clab-nebula-serf148,15,1.5,0,0,0,0,0,0.0,0.0,0.0
4,clab-nebula-serf148,20,1.5,6,0,0,0,6,0,0.0,0.0
4,clab-nebula-serf148,25,1.5,12,0,0,0,12,0,0.0,0.0
4,clab-nebula-serf148,30,1.5,22,12,11,1,11,0.9166666666666666,0.5,0.4782608695652174
4,clab-nebula-serf148,35,1.5,38,12,11,1,27,0.9166666666666666,0.2894736842105263,0.28205128205128205
4,clab-nebula-serf148,40,1.5,52,12,11,1,41,0.9166666666666666,0.21153846153846154,0.20754716981132076
4,clab-nebula-serf148,45,1.5,68,16,11,5,57,0.6875,0.16176470588235295,0.1506849315068493
4,clab-nebula-serf148,50,1.5,103,16,12,4,91,0.75,0.11650485436893204,0.11214953271028037
4,clab-nebula-serf148,55,1.5,133,154,133,21,0,0.8636363636363636,1.0,0.8636363636363636
4,clab-nebula-serf148,60,1.5,148,154,146,8,2,0.948051948051948,0.9864864864864865,0.9358974358974359
4,clab-nebula-serf154,5,1.5,0,0,0,0,0,0.0,0.0,0.0
4,clab-nebula-serf154,10,1.5,0,0,0,0,0,0.0,0.0,0.0
4,clab-nebula-serf154,15,1.5,1,0,0,0,1,0,0.0,0.0
4,clab-nebula-serf154,20,1.5,9,0,0,0,9,0,0.0,0.0
4,clab-nebula-serf154,25,1.5,12,0,0,0,12,0,0.0,0.0
4,clab-nebula-serf154,30,1.5,23,12,11,1,12,0.9166666666666666,0.4782608695652174,0.4583333333333333
4,clab-nebula-serf154,35,1.5,42,12,11,1,31,0.9166666666666666,0.2619047619047619,0.2558139534883721
4,clab-nebula-serf154,40,1.5,55,12,11,1,44,0.9166666666666666,0.2,0.19642857142857142
4,clab-nebula-serf154,45,1.5,79,16,11,5,68,0.6875,0.13924050632911392,0.13095238095238096
4,clab-nebula-serf154,50,1.5,113,154,113,41,0,0.7337662337662337,1.0,0.7337662337662337
4,clab-nebula-serf154,55,1.5,137,154,137,17,0,0.8896103896103896,1.0,0.8896103896103896
4,clab-nebula-serf154,60,1.5,147,154,146,8,1,0.948051948051948,0.9931972789115646,0.9419354838709677
4,clab-nebula-serf156,5,1.5,0,0,0,0,0,0.0,0.0,0.0
4,clab-nebula-serf156,10,1.5,0,0,0,0,0,0.0,0.0,0.0
4,clab-nebula-serf156,15,1.5,4,0,0,0,4,0,0.0,0.0
4,clab-nebula-serf156,20,1.5,12,0,0,0,12,0,0.0,0.0
4,clab-nebula-serf156,25,1.5,18,11,9,2,9,0.8181818181818182,0.5,0.45
4,clab-nebula-serf156,30,1.5,33,12,11,1,22,0.9166666666666666,0.3333333333333333,0.3235294117647059
4,clab-nebula-serf156,35,1.5,49,12,11,1,38,0.9166666666666666,0.22448979591836735,0.22
4,clab-nebula-serf156,40,1.5,61,16,11,5,50,0.6875,0.18032786885245902,0.16666666666666666
4,clab-nebula-serf156,45,1.5,99,16,12,4,87,0.75,0.12121212121212122,0.11650485436893204
4,clab-nebula-serf156,50,1.5,130,154,130,24,0,0.8441558441558441,1.0,0.8441558441558441
4,clab-nebula-serf156,55,1.5,145,154,145,9,0,0.9415584415584416,1.0,0.9415584415584416
4,clab-nebula-serf156,60,1.5,154,155,152,3,2,0.9806451612903225,0.987012987012987,0.9681528662420382
4,clab-nebula-serf23,5,1.5,0,0,0,0,0,0.0,0.0,0.0
4,clab-nebula-serf23,10,1.5,0,0,0,0,0,0.0,0.0,0.0
4,clab-nebula-serf23,15,1.5,4,0,0,0,4,0,0.0,0.0
4,clab-nebula-serf23,20,1.5,11,3,2,1,9,0.6666666666666666,0.18181818181818182,0.16666666666666666
4,clab-nebula-serf23,25,1.5,22,3,3,0,19,1.0,0.13636363636363635,0.13636363636363635
4,clab-nebula-serf23,30,1.5,39,59,36,23,3,0.6101694915254238,0.9230769230769231,0.5806451612903226
4,clab-nebula-serf23,35,1.5,75,70,64,6,11,0.9142857142857143,0.8533333333333334,0.7901234567901234
4,clab-nebula-serf23,40,1.5,91,80,73,7,18,0.9125,0.8021978021978022,0.7448979591836735
4,clab-nebula-serf23,45,1.5,99,80,76,4,23,0.95,0.7676767676767676,0.7378640776699029
4,clab-nebula-serf23,50,1.5,117,116,105,11,12,0.9051724137931034,0.8974358974358975,0.8203125
4,clab-nebula-serf23,55,1.5,122,116,109,7,13,0.9396551724137931,0.8934426229508197,0.8449612403100775
4,clab-nebula-serf23,60,1.5,124,116,111,5,13,0.9568965517241379,0.8951612903225806,0.8604651162790697
4,clab-nebula-serf39,5,1.5,2,0,0,0,2,0,0.0,0.0
4,clab-nebula-serf39,10,1.5,15,35,10,25,5,0.2857142857142857,0.6666666666666666,0.25
4,clab-nebula-serf39,15,1.5,53,46,37,9,16,0.8043478260869565,0.6981132075471698,0.5967741935483871
4,clab-nebula-serf39,20,1.5,81,70,66,4,15,0.9428571428571428,0.8148148148148148,0.7764705882352941
4,clab-nebula-serf39,25,1.5,90,70,67,3,23,0.9571428571428572,0.7444444444444445,0.7204301075268817
4,clab-nebula-serf39,30,1.5,106,116,96,20,10,0.8275862068965517,0.9056603773584906,0.7619047619047619
4,clab-nebula-serf39,35,1.5,119,116,107,9,12,0.9224137931034483,0.8991596638655462,0.8359375
4,clab-nebula-serf39,40,1.5,124,120,111,9,13,0.925,0.8951612903225806,0.8345864661654135
4,clab-nebula-serf39,45,1.5,138,154,137,17,1,0.8896103896103896,0.9927536231884058,0.8838709677419355
4,clab-nebula-serf39,50,1.5,154,154,153,1,1,0.9935064935064936,0.9935064935064936,0.9870967741935484
4,clab-nebula-serf39,55,1.5,155,154,153,1,2,0.9935064935064936,0.9870967741935484,0.9807692307692307
4,clab-nebula-serf39,60,1.5,158,161,158,3,0,0.9813664596273292,1.0,0.9813664596273292
4,clab-nebula-serf62,5,1.5,0,0,0,0,0,0.0,0.0,0.0
4,clab-nebula-serf62,10,1.5,4,0,0,0,4,0,0.0,0.0
4,clab-nebula-serf62,15,1.5,13,8,8,0,5,1.0,0.6153846153846154,0.6153846153846154
4,clab-nebula-serf62,20,1.5,48,55,36,19,12,0.6545454545454545,0.75,0.5373134328358209
4,clab-nebula-serf62,25,1.5,73,55,50,5,23,0.9090909090909091,0.684931506849315,0.6410256410256411
4,clab-nebula-serf62,30,1.5,88,70,63,7,25,0.9,0.7159090909090909,0.6631578947368421
4,clab-nebula-serf62,35,1.5,110,116,100,16,10,0.8620689655172413,0.9090909090909091,0.7936507936507936
4,clab-nebula-serf62,40,1.5,120,116,109,7,11,0.9396551724137931,0.9083333333333333,0.8582677165354331
4,clab-nebula-serf62,45,1.5,124,120,111,9,13,0.925,0.8951612903225806,0.8345864661654135
4,clab-nebula-serf62,50,1.5,144,154,143,11,1,0.9285714285714286,0.9930555555555556,0.9225806451612903
4,clab-nebula-serf62,55,1.5,154,155,153,2,1,0.9870967741935484,0.9935064935064936,0.9807692307692307
4,clab-nebula-serf62,60,1.5,154,155,153,2,1,0.9870967741935484,0.9935064935064936,0.9807692307692307
4,clab-nebula-serf107,5,1.5,0,0,0,0,0,0.0,0.0,0.0
4,clab-nebula-serf107,10,1.5,2,0,0,0,2,0,0.0,0.0
4,clab-nebula-serf107,15,1.5,6,0,0,0,6,0,0.0,0.0
4,clab-nebula-serf107,20,1.5,15,12,10,2,5,0.8333333333333334,0.6666666666666666,0.5882352941176471
4,clab-nebula-serf107,25,1.5,40,19,11,8,29,0.5789473684210527,0.275,0.22916666666666666
4,clab-nebula-serf107,30,1.5,71,29,29,0,42,1.0,0.4084507042253521,0.4084507042253521
4,clab-nebula-serf107,35,1.5,104,100,86,14,18,0.86,0.8269230769230769,0.7288135593220338
4,clab-nebula-serf107,40,1.5,144,154,144,10,0,0.935064935064935,1.0,0.935064935064935
4,clab-nebula-serf107,45,1.5,149,154,149,5,0,0.9675324675324676,1.0,0.9675324675324676
4,clab-nebula-serf107,50,1.5,154,154,154,0,0,1.0,1.0,1.0
4,clab-nebula-serf107,55,1.5,157,154,154,0,3,1.0,0.9808917197452229,0.9808917197452229
4,clab-nebula-serf107,60,1.5,161,161,161,0,0,1.0,1.0,1.0
4,clab-nebula-serf115,5,1.5,0,0,0,0,0,0.0,0.0,0.0
4,clab-nebula-serf115,10,1.5,0,0,0,0,0,0.0,0.0,0.0
4,clab-nebula-serf115,15,1.5,0,0,0,0,0,0.0,0.0,0.0
4,clab-nebula-serf115,20,1.5,0,0,0,0,0,0.0,0.0,0.0
4,clab-nebula-serf115,25,1.5,0,0,0,0,0,0.0,0.0,0.0
4,clab-nebula-serf115,30,1.5,0,0,0,0,0,0.0,0.0,0.0
4,clab-nebula-serf115,35,1.5,1,0,0,0,1,0,0.0,0.0
4,clab-nebula-serf115,40,1.5,3,1,1,0,2,1.0,0.3333333333333333,0.3333333333333333
4,clab-nebula-serf115,45,1.5,6,1,1,0,5,1.0,0.16666666666666666,0.16666666666666666
4,clab-nebula-serf115,50,1.5,23,1,1,0,22,1.0,0.043478260869565216,0.043478260869565216
4,clab-nebula-serf115,55,1.5,57,161,57,104,0,0.35403726708074534,1.0,0.35403726708074534
4,clab-nebula-serf115,60,1.5,103,161,103,58,0,0.639751552795031,1.0,0.639751552795031
4,clab-nebula-serf151,5,1.5,0,0,0,0,0,0.0,0.0,0.0
4,clab-nebula-serf151,10,1.5,0,0,0,0,0,0.0,0.0,0.0
4,clab-nebula-serf151,15,1.5,1,0,0,0,1,0,0.0,0.0
4,clab-nebula-serf151,20,1.5,11,0,0,0,11,0,0.0,0.0
4,clab-nebula-serf151,25,1.5,13,11,9,2,4,0.8181818181818182,0.6923076923076923,0.6
4,clab-nebula-serf151,30,1.5,23,12,11,1,12,0.9166666666666666,0.4782608695652174,0.4583333333333333
4,clab-nebula-serf151,35,1.5,43,12,11,1,32,0.9166666666666666,0.2558139534883721,0.25
4,clab-nebula-serf151,40,1.5,55,12,11,1,44,0.9166666666666666,0.2,0.19642857142857142
4,clab-nebula-serf151,45,1.5,81,16,12,4,69,0.75,0.14814814814814814,0.1411764705882353
4,clab-nebula-serf151,50,1.5,114,154,114,40,0,0.7402597402597403,1.0,0.7402597402597403
4,clab-nebula-serf151,55,1.5,137,154,137,17,0,0.8896103896103896,1.0,0.8896103896103896
4,clab-nebula-serf151,60,1.5,148,154,146,8,2,0.948051948051948,0.9864864864864865,0.9358974358974359
4,clab-nebula-serf158,5,1.5,4,0,0,0,4,0,0.0,0.0
4,clab-nebula-serf158,10,1.5,4,0,0,0,4,0,0.0,0.0
4,clab-nebula-serf158,15,1.5,5,0,0,0,5,0,0.0,0.0
4,clab-nebula-serf158,20,1.5,8,10,5,5,3,0.5,0.625,0.38461538461538464
4,clab-nebula-serf158,25,1.5,16,27,12,15,4,0.4444444444444444,0.75,0.3870967741935484
4,clab-nebula-serf158,30,1.5,34,27,24,3,10,0.8888888888888888,0.7058823529411765,0.6486486486486487
4,clab-nebula-serf158,35,1.5,40,37,28,9,12,0.7567567567567568,0.7,0.5714285714285714
4,clab-nebula-serf158,40,1.5,52,37,34,3,18,0.918918918918919,0.6538461538461539,0.6181818181818182
4,clab-nebula-serf158,45,1.5,68,63,48,15,20,0.7619047619047619,0.7058823529411765,0.5783132530120482
4,clab-nebula-serf158,50,1.5,103,75,62,13,41,0.8266666666666667,0.6019417475728155,0.5344827586206896
4,clab-nebula-serf158,55,1.5,136,154,136,18,0,0.8831168831168831,1.0,0.8831168831168831
4,clab-nebula-serf158,60,1.5,148,155,148,7,0,0.9548387096774194,1.0,0.9548387096774194
4,clab-nebula-serf28,5,1.5,0,0,0,0,0,0.0,0.0,0.0
4,clab-nebula-serf28,10,1.5,1,0,0,0,1,0,0.0,0.0
4,clab-nebula-serf28,15,1.5,2,0,0,0,2,0,0.0,0.0
4,clab-nebula-serf28,20,1.5,4,0,0,0,4,0,0.0,0.0
4,clab-nebula-serf28,25,1.5,7,0,0,0,7,0,0.0,0.0
4,clab-nebula-serf28,30,1.5,19,0,0,0,19,0,0.0,0.0
4,clab-nebula-serf28,35,1.5,29,0,0,0,29,0,0.0,0.0
4,clab-nebula-serf28,40,1.5,61,0,0,0,61,0,0.0,0.0
4,clab-nebula-serf28,45,1.5,91,0,0,0,91,0,0.0,0.0
4,clab-nebula-serf28,50,1.5,95,1,0,1,95,0.0,0.0,0.0
4,clab-nebula-serf28,55,1.5,111,5,0,5,111,0.0,0.0,0.0
4,clab-nebula-serf28,60,1.5,121,5,0,5,121,0.0,0.0,0.0
4,clab-nebula-serf29,5,1.5,0,0,0,0,0,0.0,0.0,0.0
4,clab-nebula-serf29,10,1.5,2,0,0,0,2,0,0.0,0.0
4,clab-nebula-serf29,15,1.5,6,0,0,0,6,0,0.0,0.0
4,clab-nebula-serf29,20,1.5,14,6,2,4,12,0.3333333333333333,0.14285714285714285,0.1111111111111111
4,clab-nebula-serf29,25,1.5,23,6,5,1,18,0.8333333333333334,0.21739130434782608,0.20833333333333334
4,clab-nebula-serf29,30,1.5,39,59,35,24,4,0.5932203389830508,0.8974358974358975,0.5555555555555556
4,clab-nebula-serf29,35,1.5,79,72,64,8,15,0.8888888888888888,0.810126582278481,0.735632183908046
4,clab-nebula-serf29,40,1.5,92,77,75,2,17,0.974025974025974,0.8152173913043478,0.7978723404255319
4,clab-nebula-serf29,45,1.5,98,116,90,26,8,0.7758620689655172,0.9183673469387755,0.7258064516129032
4,clab-nebula-serf29,50,1.5,115,116,103,13,12,0.8879310344827587,0.8956521739130435,0.8046875
4,clab-nebula-serf29,55,1.5,122,116,109,7,13,0.9396551724137931,0.8934426229508197,0.8449612403100775
4,clab-nebula-serf29,60,1.5,125,120,112,8,13,0.9333333333333333,0.896,0.8421052631578947
6,clab-nebula-serf130,5,1.5,0,0,0,0,0,0.0,0.0,0.0
6,clab-nebula-serf130,10,1.5,0,0,0,0,0,0.0,0.0,0.0
6,clab-nebula-serf130,15,1.5,0,0,0,0,0,0.0,0.0,0.0
6,clab-nebula-serf130,20,1.5,13,14,13,1,0,0.9285714285714286,1.0,0.9285714285714286
6,clab-nebula-serf130,25,1.5,14,14,14,0,0,1.0,1.0,1.0
6,clab-nebula-serf130,30,1.5,24,39,23,16,1,0.5897435897435898,0.9583333333333334,0.575
6,clab-nebula-serf130,35,1.5,41,39,31,8,10,0.7948717948717948,0.7560975609756098,0.6326530612244898
6,clab-nebula-serf130,40,1.5,53,39,38,1,15,0.9743589743589743,0.7169811320754716,0.7037037037037037
6,clab-nebula-serf130,45,1.5,84,76,67,9,17,0.881578947368421,0.7976190476190477,0.7204301075268817
6,clab-nebula-serf130,50,1.5,111,135,100,35,11,0.7407407407407407,0.9009009009009009,0.684931506849315
6,clab-nebula-serf130,55,1.5,136,153,136,17,0,0.8888888888888888,1.0,0.8888888888888888
6,clab-nebula-serf130,60,1.5,146,153,146,7,0,0.954248366013072,1.0,0.954248366013072
6,clab-nebula-serf161,5,1.5,4,0,0,0,4,0,0.0,0.0
6,clab-nebula-serf161,10,1.5,4,0,0,0,4,0,0.0,0.0
6,clab-nebula-serf161,15,1.5,5,1,1,0,4,1.0,0.2,0.2
6,clab-nebula-serf161,20,1.5,10,25,9,16,1,0.36,0.9,0.34615384615384615
6,clab-nebula-serf161,25,1.5,22,26,16,10,6,0.6153846153846154,0.7272727272727273,0.5
6,clab-nebula-serf161,30,1.5,36,39,26,13,10,0.6666666666666666,0.7222222222222222,0.5306122448979592
6,clab-nebula-serf161,35,1.5,42,39,32,7,10,0.8205128205128205,0.7619047619047619,0.6530612244897959
6,clab-nebula-serf161,40,1.5,58,39,38,1,20,0.9743589743589743,0.6551724137931034,0.6440677966101694
6,clab-nebula-serf161,45,1.5,79,76,60,16,19,0.7894736842105263,0.759493670886076,0.631578947368421
6,clab-nebula-serf161,50,1.5,117,95,79,16,38,0.8315789473684211,0.6752136752136753,0.5939849624060151
6,clab-nebula-serf161,55,1.5,139,153,139,14,0,0.9084967320261438,1.0,0.9084967320261438
6,clab-nebula-serf161,60,1.5,149,153,149,4,0,0.9738562091503268,1.0,0.9738562091503268
6,clab-nebula-serf32,5,1.5,3,9,3,6,0,0.3333333333333333,1.0,0.3333333333333333
6,clab-nebula-serf32,10,1.5,19,17,13,4,6,0.7647058823529411,0.6842105263157895,0.5652173913043478
6,clab-nebula-serf32,15,1.5,32,52,30,22,2,0.5769230769230769,0.9375,0.5555555555555556
6,clab-nebula-serf32,20,1.5,59,58,46,12,13,0.7931034482758621,0.7796610169491526,0.647887323943662
6,clab-nebula-serf32,25,1.5,88,65,61,4,27,0.9384615384615385,0.6931818181818182,0.6630434782608695
6,clab-nebula-serf32,30,1.5,95,105,84,21,11,0.8,0.8842105263157894,0.7241379310344828
6,clab-nebula-serf32,35,1.5,108,114,93,21,15,0.8157894736842105,0.8611111111111112,0.7209302325581395
6,clab-nebula-serf32,40,1.5,121,114,104,10,17,0.9122807017543859,0.859504132231405,0.7938931297709924
6,clab-nebula-serf32,45,1.5,124,115,106,9,18,0.9217391304347826,0.8548387096774194,0.7969924812030075
6,clab-nebula-serf32,50,1.5,137,153,135,18,2,0.8823529411764706,0.9854014598540146,0.8709677419354839
6,clab-nebula-serf32,55,1.5,154,153,152,1,2,0.9934640522875817,0.987012987012987,0.9806451612903225
6,clab-nebula-serf32,60,1.5,155,153,152,1,3,0.9934640522875817,0.9806451612903225,0.9743589743589743
6,clab-nebula-serf63,5,1.5,0,0,0,0,0,0.0,0.0,0.0
6,clab-nebula-serf63,10,1.5,0,0,0,0,0,0.0,0.0,0.0
6,clab-nebula-serf63,15,1.5,6,1,1,0,5,1.0,0.16666666666666666,0.16666666666666666
6,clab-nebula-serf63,20,1.5,32,21,18,3,14,0.8571428571428571,0.5625,0.5142857142857142
6,clab-nebula-serf63,25,1.5,64,36,30,6,34,0.8333333333333334,0.46875,0.42857142857142855
6,clab-nebula-serf63,30,1.5,84,57,52,5,32,0.9122807017543859,0.6190476190476191,0.5842696629213483
6,clab-nebula-serf63,35,1.5,103,105,90,15,13,0.8571428571428571,0.8737864077669902,0.7627118644067796
6,clab-nebula-serf63,40,1.5,119,114,103,11,16,0.9035087719298246,0.865546218487395,0.7923076923076923
6,clab-nebula-serf63,45,1.5,124,115,106,9,18,0.9217391304347826,0.8548387096774194,0.7969924812030075
6,clab-nebula-serf63,50,1.5,128,116,108,8,20,0.9310344827586207,0.84375,0.7941176470588235
6,clab-nebula-serf63,55,1.5,154,153,152,1,2,0.9934640522875817,0.987012987012987,0.9806451612903225
6,clab-nebula-serf63,60,1.5,154,153,152,1,2,0.9934640522875817,0.987012987012987,0.9806451612903225
6,clab-nebula-serf45,5,1.5,2,1,1,0,1,1.0,0.5,0.5
6,clab-nebula-serf45,10,1.5,8,3,3,0,5,1.0,0.375,0.375
6,clab-nebula-serf45,15,1.5,22,18,12,6,10,0.6666666666666666,0.5454545454545454,0.42857142857142855
6,clab-nebula-serf45,20,1.5,40,18,16,2,24,0.8888888888888888,0.4,0.38095238095238093
6,clab-nebula-serf45,25,1.5,80,58,54,4,26,0.9310344827586207,0.675,0.6428571428571429
6,clab-nebula-serf45,30,1.5,90,66,60,6,30,0.9090909090909091,0.6666666666666666,0.625
6,clab-nebula-serf45,35,1.5,118,114,101,13,17,0.8859649122807017,0.8559322033898306,0.7709923664122137
6,clab-nebula-serf45,40,1.5,121,114,104,10,17,0.9122807017543859,0.859504132231405,0.7938931297709924
6,clab-nebula-serf45,45,1.5,124,114,106,8,18,0.9298245614035088,0.8548387096774194,0.803030303030303
6,clab-nebula-serf45,50,1.5,145,153,143,10,2,0.934640522875817,0.9862068965517241,0.9225806451612903
6,clab-nebula-serf45,55,1.5,154,153,152,1,2,0.9934640522875817,0.987012987012987,0.9806451612903225
6,clab-nebula-serf45,60,1.5,155,153,153,0,2,1.0,0.9870967741935484,0.9870967741935484
6,clab-nebula-serf49,5,1.5,4,6,3,3,1,0.5,0.75,0.42857142857142855
6,clab-nebula-serf49,10,1.5,14,17,11,6,3,0.6470588235294118,0.7857142857142857,0.55
6,clab-nebula-serf49,15,1.5,30,18,15,3,15,0.8333333333333334,0.5,0.45454545454545453
6,clab-nebula-serf49,20,1.5,67,58,51,7,16,0.8793103448275862,0.7611940298507462,0.6891891891891891
6,clab-nebula-serf49,25,1.5,84,60,56,4,28,0.9333333333333333,0.6666666666666666,0.6363636363636364
6,clab-nebula-serf49,30,1.5,106,114,93,21,13,0.8157894736842105,0.8773584905660378,0.7322834645669292
6,clab-nebula-serf49,35,1.5,121,114,104,10,17,0.9122807017543859,0.859504132231405,0.7938931297709924
6,clab-nebula-serf49,40,1.5,124,114,106,8,18,0.9298245614035088,0.8548387096774194,0.803030303030303
6,clab-nebula-serf49,45,1.5,135,153,133,20,2,0.869281045751634,0.9851851851851852,0.8580645161290322
6,clab-nebula-serf49,50,1.5,154,153,152,1,2,0.9934640522875817,0.987012987012987,0.9806451612903225
6,clab-nebula-serf49,55,1.5,154,153,152,1,2,0.9934640522875817,0.987012987012987,0.9806451612903225
6,clab-nebula-serf49,60,1.5,157,153,153,0,4,1.0,0.9745222929936306,0.9745222929936306
6,clab-nebula-serf83,5,1.5,0,0,0,0,0,0.0,0.0,0.0
6,clab-nebula-serf83,10,1.5,3,0,0,0,3,0,0.0,0.0
6,clab-nebula-serf83,15,1.5,14,8,7,1,7,0.875,0.5,0.4666666666666667
6,clab-nebula-serf83,20,1.5,33,8,8,0,25,1.0,0.24242424242424243,0.24242424242424243
6,clab-nebula-serf83,25,1.5,50,8,8,0,42,1.0,0.16,0.16
6,clab-nebula-serf83,30,1.5,79,11,8,3,71,0.7272727272727273,0.10126582278481013,0.0975609756097561
6,clab-nebula-serf83,35,1.5,109,11,11,0,98,1.0,0.10091743119266056,0.10091743119266056
6,clab-nebula-serf83,40,1.5,119,11,11,0,108,1.0,0.09243697478991597,0.09243697478991597
6,clab-nebula-serf83,45,1.5,128,27,19,8,109,0.7037037037037037,0.1484375,0.13970588235294118
6,clab-nebula-serf83,50,1.5,140,154,138,16,2,0.8961038961038961,0.9857142857142858,0.8846153846153846
6,clab-nebula-serf83,55,1.5,154,154,152,2,2,0.987012987012987,0.987012987012987,0.9743589743589743
6,clab-nebula-serf83,60,1.5,156,161,156,5,0,0.968944099378882,1.0,0.968944099378882
6,clab-nebula-serf91,5,1.5,3,0,0,0,3,0,0.0,0.0
6,clab-nebula-serf91,10,1.5,17,7,4,3,13,0.5714285714285714,0.23529411764705882,0.2
6,clab-nebula-serf91,15,1.5,36,8,8,0,28,1.0,0.2222222222222222,0.2222222222222222
6,clab-nebula-serf91,20,1.5,56,11,8,3,48,0.7272727272727273,0.14285714285714285,0.13559322033898305
6,clab-nebula-serf91,25,1.5,81,11,8,3,73,0.7272727272727273,0.09876543209876543,0.09523809523809523
6,clab-nebula-serf91,30,1.5,112,11,11,0,101,1.0,0.09821428571428571,0.09821428571428571
6,clab-nebula-serf91,35,1.5,119,11,11,0,108,1.0,0.09243697478991597,0.09243697478991597
6,clab-nebula-serf91,40,1.5,129,30,20,10,109,0.6666666666666666,0.15503875968992248,0.14388489208633093
6,clab-nebula-serf91,45,1.5,146,154,144,10,2,0.935064935064935,0.9863013698630136,0.9230769230769231
6,clab-nebula-serf91,50,1.5,154,154,152,2,2,0.987012987012987,0.987012987012987,0.9743589743589743
6,clab-nebula-serf91,55,1.5,157,161,157,4,0,0.9751552795031055,1.0,0.9751552795031055
6,clab-nebula-serf91,60,1.5,161,161,161,0,0,1.0,1.0,1.0
6,clab-nebula-serf136,5,1.5,0,0,0,0,0,0.0,0.0,0.0
6,clab-nebula-serf136,10,1.5,0,0,0,0,0,0.0,0.0,0.0
6,clab-nebula-serf136,15,1.5,2,0,0,0,2,0,0.0,0.0
6,clab-nebula-serf136,20,1.5,14,14,14,0,0,1.0,1.0,1.0
6,clab-nebula-serf136,25,1.5,18,30,18,12,0,0.6,1.0,0.6
6,clab-nebula-serf136,30,1.5,28,39,26,13,2,0.6666666666666666,0.9285714285714286,0.6341463414634146
6,clab-nebula-serf136,35,1.5,45,39,35,4,10,0.8974358974358975,0.7777777777777778,0.7142857142857143
6,clab-nebula-serf136,40,1.5,66,76,56,20,10,0.7368421052631579,0.8484848484848485,0.6511627906976745
6,clab-nebula-serf136,45,1.5,95,77,74,3,21,0.961038961038961,0.7789473684210526,0.7551020408163265
6,clab-nebula-serf136,50,1.5,124,153,124,29,0,0.8104575163398693,1.0,0.8104575163398693
6,clab-nebula-serf136,55,1.5,137,153,137,16,0,0.8954248366013072,1.0,0.8954248366013072
6,clab-nebula-serf136,60,1.5,149,153,149,4,0,0.9738562091503268,1.0,0.9738562091503268
6,clab-nebula-serf146,5,1.5,0,0,0,0,0,0.0,0.0,0.0
6,clab-nebula-serf146,10,1.5,0,0,0,0,0,0.0,0.0,0.0
6,clab-nebula-serf146,15,1.5,1,0,0,0,1,0,0.0,0.0
6,clab-nebula-serf146,20,1.5,5,7,5,2,0,0.7142857142857143,1.0,0.7142857142857143
6,clab-nebula-serf146,25,1.5,8,24,8,16,0,0.3333333333333333,1.0,0.3333333333333333
6,clab-nebula-serf146,30,1.5,16,39,15,24,1,0.38461538461538464,0.9375,0.375
6,clab-nebula-serf146,35,1.5,44,39,31,8,13,0.7948717948717948,0.7045454545454546,0.5961538461538461
6,clab-nebula-serf146,40,1.5,58,39,38,1,20,0.9743589743589743,0.6551724137931034,0.6440677966101694
6,clab-nebula-serf146,45,1.5,78,76,61,15,17,0.8026315789473685,0.782051282051282,0.6559139784946236
6,clab-nebula-serf146,50,1.5,114,153,114,39,0,0.7450980392156863,1.0,0.7450980392156863
6,clab-nebula-serf146,55,1.5,137,153,137,16,0,0.8954248366013072,1.0,0.8954248366013072
6,clab-nebula-serf146,60,1.5,146,153,146,7,0,0.954248366013072,1.0,0.954248366013072
6,clab-nebula-serf12,5,1.5,0,0,0,0,0,0.0,0.0,0.0
6,clab-nebula-serf12,10,1.5,5,4,4,0,1,1.0,0.8,0.8
6,clab-nebula-serf12,15,1.5,19,16,13,3,6,0.8125,0.6842105263157895,0.5909090909090909
6,clab-nebula-serf12,20,1.5,38,39,27,12,11,0.6923076923076923,0.7105263157894737,0.54
6,clab-nebula-serf12,25,1.5,71,65,52,13,19,0.8,0.7323943661971831,0.6190476190476191
6,clab-nebula-serf12,30,1.5,88,66,60,6,28,0.9090909090909091,0.6818181818181818,0.6382978723404256
6,clab-nebula-serf12,35,1.5,102,114,92,22,10,0.8070175438596491,0.9019607843137255,0.7419354838709677
6,clab-nebula-serf12,40,1.5,119,115,103,12,16,0.8956521739130435,0.865546218487395,0.7862595419847328
6,clab-nebula-serf12,45,1.5,121,115,104,11,17,0.9043478260869565,0.859504132231405,0.7878787878787878
6,clab-nebula-serf12,50,1.5,127,116,108,8,19,0.9310344827586207,0.8503937007874016,0.8
6,clab-nebula-serf12,55,1.5,153,153,151,2,2,0.9869281045751634,0.9869281045751634,0.9741935483870968
6,clab-nebula-serf12,60,1.5,155,153,152,1,3,0.9934640522875817,0.9806451612903225,0.9743589743589743
6,clab-nebula-serf19,5,1.5,0,0,0,0,0,0.0,0.0,0.0
6,clab-nebula-serf19,10,1.5,5,3,2,1,3,0.6666666666666666,0.4,0.3333333333333333
6,clab-nebula-serf19,15,1.5,23,3,3,0,20,1.0,0.13043478260869565,0.13043478260869565
6,clab-nebula-serf19,20,1.5,44,65,37,28,7,0.5692307692307692,0.8409090909090909,0.5138888888888888
6,clab-nebula-serf19,25,1.5,73,66,53,13,20,0.803030303030303,0.726027397260274,0.6162790697674418
6,clab-nebula-serf19,30,1.5,90,66,61,5,29,0.9242424242424242,0.6777777777777778,0.6421052631578947
6,clab-nebula-serf19,35,1.5,105,115,93,22,12,0.808695652173913,0.8857142857142857,0.7322834645669292
6,clab-nebula-serf19,40,1.5,120,116,103,13,17,0.8879310344827587,0.8583333333333333,0.7744360902255639
6,clab-nebula-serf19,45,1.5,123,116,106,10,17,0.9137931034482759,0.8617886178861789,0.7969924812030075
6,clab-nebula-serf19,50,1.5,142,154,140,14,2,0.9090909090909091,0.9859154929577465,0.8974358974358975
6,clab-nebula-serf19,55,1.5,153,154,151,3,2,0.9805194805194806,0.9869281045751634,0.967948717948718
6,clab-nebula-serf19,60,1.5,157,154,153,1,4,0.9935064935064936,0.9745222929936306,0.9683544303797469
6,clab-nebula-serf80,5,1.5,0,0,0,0,0,0.0,0.0,0.0
6,clab-nebula-serf80,10,1.5,14,9,4,5,10,0.4444444444444444,0.2857142857142857,0.21052631578947367
6,clab-nebula-serf80,15,1.5,32,22,16,6,16,0.7272727272727273,0.5,0.42105263157894735
6,clab-nebula-serf80,20,1.5,55,28,19,9,36,0.6785714285714286,0.34545454545454546,0.296875
6,clab-nebula-serf80,25,1.5,84,35,25,10,59,0.7142857142857143,0.2976190476190476,0.26595744680851063
6,clab-nebula-serf80,30,1.5,110,105,95,10,15,0.9047619047619048,0.8636363636363636,0.7916666666666666
6,clab-nebula-serf80,35,1.5,120,115,104,11,16,0.9043478260869565,0.8666666666666667,0.7938931297709924
6,clab-nebula-serf80,40,1.5,127,116,106,10,21,0.9137931034482759,0.8346456692913385,0.7737226277372263
6,clab-nebula-serf80,45,1.5,152,153,150,3,2,0.9803921568627451,0.9868421052631579,0.967741935483871
6,clab-nebula-serf80,50,1.5,154,153,152,1,2,0.9934640522875817,0.987012987012987,0.9806451612903225
6,clab-nebula-serf80,55,1.5,156,153,153,0,3,1.0,0.9807692307692307,0.9807692307692307
6,clab-nebula-serf80,60,1.5,159,161,159,2,0,0.9875776397515528,1.0,0.9875776397515528
6,clab-nebula-serf111,5,1.5,1,0,0,0,1,0,0.0,0.0
6,clab-nebula-serf111,10,1.5,7,4,4,0,3,1.0,0.5714285714285714,0.5714285714285714
6,clab-nebula-serf111,15,1.5,17,17,10,7,7,0.5882352941176471,0.5882352941176471,0.4166666666666667
6,clab-nebula-serf111,20,1.5,47,38,32,6,15,0.8421052631578947,0.6808510638297872,0.6037735849056604
6,clab-nebula-serf111,25,1.5,73,57,42,15,31,0.7368421052631579,0.5753424657534246,0.4772727272727273
6,clab-nebula-serf111,30,1.5,111,97,81,16,30,0.8350515463917526,0.7297297297297297,0.6377952755905512
6,clab-nebula-serf111,35,1.5,145,153,145,8,0,0.9477124183006536,1.0,0.9477124183006536
6,clab-nebula-serf111,40,1.5,150,153,150,3,0,0.9803921568627451,1.0,0.9803921568627451
6,clab-nebula-serf111,45,1.5,154,153,153,0,1,1.0,0.9935064935064936,0.9935064935064936
6,clab-nebula-serf111,50,1.5,158,154,154,0,4,1.0,0.9746835443037974,0.9746835443037974
6,clab-nebula-serf111,55,1.5,161,153,153,0,8,1.0,0.9503105590062112,0.9503105590062112
6,clab-nebula-serf111,60,1.5,161,153,153,0,8,1.0,0.9503105590062112,0.9503105590062112
6,clab-nebula-serf109,5,1.5,3,0,0,0,3,0,0.0,0.0
6,clab-nebula-serf109,10,1.5,8,7,6,1,2,0.8571428571428571,0.75,0.6666666666666666
6,clab-nebula-serf109,15,1.5,26,35,17,18,9,0.4857142857142857,0.6538461538461539,0.38636363636363635
6,clab-nebula-serf109,20,1.5,58,45,37,8,21,0.8222222222222222,0.6379310344827587,0.5606060606060606
6,clab-nebula-serf109,25,1.5,87,57,45,12,42,0.7894736842105263,0.5172413793103449,0.45454545454545453
6,clab-nebula-serf109,30,1.5,130,153,130,23,0,0.8496732026143791,1.0,0.8496732026143791
6,clab-nebula-serf109,35,1.5,145,153,145,8,0,0.9477124183006536,1.0,0.9477124183006536
6,clab-nebula-serf109,40,1.5,153,153,152,1,1,0.9934640522875817,0.9934640522875817,0.987012987012987
6,clab-nebula-serf109,45,1.5,155,153,153,0,2,1.0,0.9870967741935484,0.9870967741935484
6,clab-nebula-serf109,50,1.5,159,154,154,0,5,1.0,0.9685534591194969,0.9685534591194969
6,clab-nebula-serf109,55,1.5,161,153,153,0,8,1.0,0.9503105590062112,0.9503105590062112
6,clab-nebula-serf109,60,1.5,161,153,153,0,8,1.0,0.9503105590062112,0.9503105590062112
6,clab-nebula-serf147,5,1.5,0,0,0,0,0,0.0,0.0,0.0
6,clab-nebula-serf147,10,1.5,0,0,0,0,0,0.0,0.0,0.0
6,clab-nebula-serf147,15,1.5,2,9,1,8,1,0.1111111111111111,0.5,0.1
6,clab-nebula-serf147,20,1.5,12,9,9,0,3,1.0,0.75,0.75
6,clab-nebula-serf147,25,1.5,14,9,9,0,5,1.0,0.6428571428571429,0.6428571428571429
6,clab-nebula-serf147,30,1.5,27,10,9,1,18,0.9,0.3333333333333333,0.32142857142857145
6,clab-nebula-serf147,35,1.5,48,10,9,1,39,0.9,0.1875,0.1836734693877551
6,clab-nebula-serf147,40,1.5,59,10,9,1,50,0.9,0.15254237288135594,0.15
6,clab-nebula-serf147,45,1.5,87,14,10,4,77,0.7142857142857143,0.11494252873563218,0.10989010989010989
6,clab-nebula-serf147,50,1.5,120,153,120,33,0,0.7843137254901961,1.0,0.7843137254901961
6,clab-nebula-serf147,55,1.5,141,153,141,12,0,0.9215686274509803,1.0,0.9215686274509803
6,clab-nebula-serf147,60,1.5,152,153,150,3,2,0.9803921568627451,0.9868421052631579,0.967741935483871
6,clab-nebula-serf4,5,1.5,1,2,1,1,0,0.5,1.0,0.5
6,clab-nebula-serf4,10,1.5,2,7,2,5,0,0.2857142857142857,1.0,0.2857142857142857
6,clab-nebula-serf4,15,1.5,9,13,9,4,0,0.6923076923076923,1.0,0.6923076923076923
6,clab-nebula-serf4,20,1.5,16,13,12,1,4,0.9230769230769231,0.75,0.7058823529411765
6,clab-nebula-serf4,25,1.5,23,25,21,4,2,0.84,0.9130434782608695,0.7777777777777778
6,clab-nebula-serf4,30,1.5,47,65,40,25,7,0.6153846153846154,0.851063829787234,0.5555555555555556
6,clab-nebula-serf4,35,1.5,82,65,57,8,25,0.8769230769230769,0.6951219512195121,0.6333333333333333
6,clab-nebula-serf4,40,1.5,92,105,82,23,10,0.780952380952381,0.8913043478260869,0.7130434782608696
6,clab-nebula-serf4,45,1.5,109,115,98,17,11,0.8521739130434782,0.8990825688073395,0.7777777777777778
6,clab-nebula-serf4,50,1.5,120,154,118,36,2,0.7662337662337663,0.9833333333333333,0.7564102564102564
6,clab-nebula-serf4,55,1.5,123,154,121,33,2,0.7857142857142857,0.983739837398374,0.7756410256410257
6,clab-nebula-serf4,60,1.5,141,153,139,14,2,0.9084967320261438,0.9858156028368794,0.896774193548387
6,clab-nebula-serf100,5,1.5,6,3,3,0,3,1.0,0.5,0.5
6,clab-nebula-serf100,10,1.5,7,7,7,0,0,1.0,1.0,1.0
6,clab-nebula-serf100,15,1.5,8,7,7,0,1,1.0,0.875,0.875
6,clab-nebula-serf100,20,1.5,14,9,9,0,5,1.0,0.6428571428571429,0.6428571428571429
6,clab-nebula-serf100,25,1.5,25,9,9,0,16,1.0,0.36,0.36
6,clab-nebula-serf100,30,1.5,59,39,38,1,21,0.9743589743589743,0.6440677966101694,0.6333333333333333
6,clab-nebula-serf100,35,1.5,89,57,45,12,44,0.7894736842105263,0.5056179775280899,0.44554455445544555
6,clab-nebula-serf100,40,1.5,137,153,137,16,0,0.8954248366013072,1.0,0.8954248366013072
6,clab-nebula-serf100,45,1.5,150,153,149,4,1,0.9738562091503268,0.9933333333333333,0.9675324675324676
6,clab-nebula-serf100,50,1.5,159,153,153,0,6,1.0,0.9622641509433962,0.9622641509433962
6,clab-nebula-serf100,55,1.5,160,161,160,1,0,0.9937888198757764,1.0,0.9937888198757764
6,clab-nebula-serf100,60,1.5,161,161,161,0,0,1.0,1.0,1.0
6,clab-nebula-serf75,5,1.5,0,0,0,0,0,0.0,0.0,0.0
6,clab-nebula-serf75,10,1.5,7,3,3,0,4,1.0,0.42857142857142855,0.42857142857142855
6,clab-nebula-serf75,15,1.5,26,16,16,0,10,1.0,0.6153846153846154,0.6153846153846154
6,clab-nebula-serf75,20,1.5,41,24,17,7,24,0.7083333333333334,0.4146341463414634,0.3541666666666667
6,clab-nebula-serf75,25,1.5,76,28,21,7,55,0.75,0.27631578947368424,0.25301204819277107
6,clab-nebula-serf75,30,1.5,100,35,28,7,72,0.8,0.28,0.2616822429906542
6,clab-nebula-serf75,35,1.5,115,115,100,15,15,0.8695652173913043,0.8695652173913043,0.7692307692307693
6,clab-nebula-serf75,40,1.5,122,115,105,10,17,0.9130434782608695,0.860655737704918,0.7954545454545454
6,clab-nebula-serf75,45,1.5,135,116,107,9,28,0.9224137931034483,0.7925925925925926,0.7430555555555556
6,clab-nebula-serf75,50,1.5,154,154,152,2,2,0.987012987012987,0.987012987012987,0.9743589743589743
6,clab-nebula-serf75,55,1.5,155,154,152,2,3,0.987012987012987,0.9806451612903225,0.9681528662420382
6,clab-nebula-serf75,60,1.5,158,161,158,3,0,0.9813664596273292,1.0,0.9813664596273292
6,clab-nebula-serf89,5,1.5,3,0,0,0,3,0,0.0,0.0
6,clab-nebula-serf89,10,1.5,3,0,0,0,3,0,0.0,0.0
6,clab-nebula-serf89,15,1.5,8,0,0,0,8,0,0.0,0.0
6,clab-nebula-serf89,20,1.5,18,0,0,0,18,0,0.0,0.0
6,clab-nebula-serf89,25,1.5,41,8,8,0,33,1.0,0.1951219512195122,0.1951219512195122
6,clab-nebula-serf89,30,1.5,71,11,8,3,63,0.7272727272727273,0.11267605633802817,0.10810810810810811
6,clab-nebula-serf89,35,1.5,97,11,10,1,87,0.9090909090909091,0.10309278350515463,0.10204081632653061
6,clab-nebula-serf89,40,1.5,119,12,11,1,108,0.9166666666666666,0.09243697478991597,0.09166666666666666
6,clab-nebula-serf89,45,1.5,127,153,125,28,2,0.8169934640522876,0.984251968503937,0.8064516129032258
6,clab-nebula-serf89,50,1.5,137,154,135,19,2,0.8766233766233766,0.9854014598540146,0.8653846153846154
6,clab-nebula-serf89,55,1.5,154,161,154,7,0,0.9565217391304348,1.0,0.9565217391304348
6,clab-nebula-serf89,60,1.5,158,161,158,3,0,0.9813664596273292,1.0,0.9813664596273292
6,clab-nebula-serf101,5,1.5,4,3,2,1,2,0.6666666666666666,0.5,0.4
6,clab-nebula-serf101,10,1.5,7,6,6,0,1,1.0,0.8571428571428571,0.8571428571428571
6,clab-nebula-serf101,15,1.5,7,6,6,0,1,1.0,0.8571428571428571,0.8571428571428571
6,clab-nebula-serf101,20,1.5,10,9,8,1,2,0.8888888888888888,0.8,0.7272727272727273
6,clab-nebula-serf101,25,1.5,22,9,9,0,13,1.0,0.4090909090909091,0.4090909090909091
6,clab-nebula-serf101,30,1.5,47,38,31,7,16,0.8157894736842105,0.6595744680851063,0.5740740740740741
6,clab-nebula-serf101,35,1.5,79,57,44,13,35,0.7719298245614035,0.5569620253164557,0.4782608695652174
6,clab-nebula-serf101,40,1.5,131,153,131,22,0,0.8562091503267973,1.0,0.8562091503267973
6,clab-nebula-serf101,45,1.5,148,153,148,5,0,0.9673202614379085,1.0,0.9673202614379085
6,clab-nebula-serf101,50,1.5,157,153,153,0,4,1.0,0.9745222929936306,0.9745222929936306
6,clab-nebula-serf101,55,1.5,160,161,160,1,0,0.9937888198757764,1.0,0.9937888198757764
6,clab-nebula-serf101,60,1.5,161,161,161,0,0,1.0,1.0,1.0
6,clab-nebula-serf105,5,1.5,1,0,0,0,1,0,0.0,0.0
6,clab-nebula-serf105,10,1.5,3,3,1,2,2,0.3333333333333333,0.3333333333333333,0.2
6,clab-nebula-serf105,15,1.5,8,5,5,0,3,1.0,0.625,0.625
6,clab-nebula-serf105,20,1.5,25,35,16,19,9,0.45714285714285713,0.64,0.36363636363636365
6,clab-nebula-serf105,25,1.5,54,38,36,2,18,0.9473684210526315,0.6666666666666666,0.6428571428571429
6,clab-nebula-serf105,30,1.5,86,57,45,12,41,0.7894736842105263,0.5232558139534884,0.45918367346938777
6,clab-nebula-serf105,35,1.5,123,97,84,13,39,0.865979381443299,0.6829268292682927,0.6176470588235294
6,clab-nebula-serf105,40,1.5,145,153,145,8,0,0.9477124183006536,1.0,0.9477124183006536
6,clab-nebula-serf105,45,1.5,153,153,152,1,1,0.9934640522875817,0.9934640522875817,0.987012987012987
6,clab-nebula-serf105,50,1.5,155,153,153,0,2,1.0,0.9870967741935484,0.9870967741935484
6,clab-nebula-serf105,55,1.5,160,153,153,0,7,1.0,0.95625,0.95625
6,clab-nebula-serf105,60,1.5,161,153,153,0,8,1.0,0.9503105590062112,0.9503105590062112
6,clab-nebula-serf65,5,1.5,0,0,0,0,0,0.0,0.0,0.0
6,clab-nebula-serf65,10,1.5,0,0,0,0,0,0.0,0.0,0.0
6,clab-nebula-serf65,15,1.5,0,0,0,0,0,0.0,0.0,0.0
6,clab-nebula-serf65,20,1.5,23,17,7,10,16,0.4117647058823529,0.30434782608695654,0.21212121212121213
6,clab-nebula-serf65,25,1.5,62,28,19,9,43,0.6785714285714286,0.3064516129032258,0.2676056338028169
6,clab-nebula-serf65,30,1.5,95,97,82,15,13,0.845360824742268,0.8631578947368421,0.7454545454545455
6,clab-nebula-serf65,35,1.5,115,98,95,3,20,0.9693877551020408,0.8260869565217391,0.8050847457627118
6,clab-nebula-serf65,40,1.5,122,114,104,10,18,0.9122807017543859,0.8524590163934426,0.7878787878787878
6,clab-nebula-serf65,45,1.5,126,115,106,9,20,0.9217391304347826,0.8412698412698413,0.7851851851851852
6,clab-nebula-serf65,50,1.5,152,153,150,3,2,0.9803921568627451,0.9868421052631579,0.967741935483871
6,clab-nebula-serf65,55,1.5,154,153,152,1,2,0.9934640522875817,0.987012987012987,0.9806451612903225
6,clab-nebula-serf65,60,1.5,155,153,153,0,2,1.0,0.9870967741935484,0.9870967741935484
6,clab-nebula-serf68,5,1.5,0,0,0,0,0,0.0,0.0,0.0
6,clab-nebula-serf68,10,1.5,5,0,0,0,5,0,0.0,0.0
6,clab-nebula-serf68,15,1.5,27,16,16,0,11,1.0,0.5925925925925926,0.5925925925925926
6,clab-nebula-serf68,20,1.5,42,24,18,6,24,0.75,0.42857142857142855,0.375
6,clab-nebula-serf68,25,1.5,79,35,23,12,56,0.6571428571428571,0.2911392405063291,0.25274725274725274
6,clab-nebula-serf68,30,1.5,103,105,89,16,14,0.8476190476190476,0.8640776699029126,0.7478991596638656
6,clab-nebula-serf68,35,1.5,116,114,101,13,15,0.8859649122807017,0.8706896551724138,0.7829457364341085
6,clab-nebula-serf68,40,1.5,122,114,105,9,17,0.9210526315789473,0.860655737704918,0.8015267175572519
6,clab-nebula-serf68,45,1.5,135,116,107,9,28,0.9224137931034483,0.7925925925925926,0.7430555555555556
6,clab-nebula-serf68,50,1.5,154,154,152,2,2,0.987012987012987,0.987012987012987,0.9743589743589743
6,clab-nebula-serf68,55,1.5,154,154,152,2,2,0.987012987012987,0.987012987012987,0.9743589743589743
6,clab-nebula-serf68,60,1.5,158,161,158,3,0,0.9813664596273292,1.0,0.9813664596273292
6,clab-nebula-serf94,5,1.5,2,1,1,0,1,1.0,0.5,0.5
6,clab-nebula-serf94,10,1.5,17,4,3,1,14,0.75,0.17647058823529413,0.16666666666666666
6,clab-nebula-serf94,15,1.5,36,8,8,0,28,1.0,0.2222222222222222,0.2222222222222222
6,clab-nebula-serf94,20,1.5,57,11,8,3,49,0.7272727272727273,0.14035087719298245,0.13333333333333333
6,clab-nebula-serf94,25,1.5,81,11,8,3,73,0.7272727272727273,0.09876543209876543,0.09523809523809523
6,clab-nebula-serf94,30,1.5,105,11,11,0,94,1.0,0.10476190476190476,0.10476190476190476
6,clab-nebula-serf94,35,1.5,119,11,11,0,108,1.0,0.09243697478991597,0.09243697478991597
6,clab-nebula-serf94,40,1.5,129,153,127,26,2,0.8300653594771242,0.9844961240310077,0.8193548387096774
6,clab-nebula-serf94,45,1.5,145,153,143,10,2,0.934640522875817,0.9862068965517241,0.9225806451612903
6,clab-nebula-serf94,50,1.5,154,153,152,1,2,0.9934640522875817,0.987012987012987,0.9806451612903225
6,clab-nebula-serf94,55,1.5,157,161,157,4,0,0.9751552795031055,1.0,0.9751552795031055
6,clab-nebula-serf94,60,1.5,161,161,161,0,0,1.0,1.0,1.0
6,clab-nebula-serf103,5,1.5,7,6,6,0,1,1.0,0.8571428571428571,0.8571428571428571
6,clab-nebula-serf103,10,1.5,7,6,6,0,1,1.0,0.8571428571428571,0.8571428571428571
6,clab-nebula-serf103,15,1.5,8,7,7,0,1,1.0,0.875,0.875
6,clab-nebula-serf103,20,1.5,16,9,9,0,7,1.0,0.5625,0.5625
6,clab-nebula-serf103,25,1.5,27,38,20,18,7,0.5263157894736842,0.7407407407407407,0.4444444444444444
6,clab-nebula-serf103,30,1.5,63,57,41,16,22,0.7192982456140351,0.6507936507936508,0.5189873417721519
6,clab-nebula-serf103,35,1.5,102,153,102,51,0,0.6666666666666666,1.0,0.6666666666666666
6,clab-nebula-serf103,40,1.5,140,153,140,13,0,0.9150326797385621,1.0,0.9150326797385621
6,clab-nebula-serf103,45,1.5,150,153,149,4,1,0.9738562091503268,0.9933333333333333,0.9675324675324676
6,clab-nebula-serf103,50,1.5,159,153,153,0,6,1.0,0.9622641509433962,0.9622641509433962
6,clab-nebula-serf103,55,1.5,161,161,161,0,0,1.0,1.0,1.0
6,clab-nebula-serf103,60,1.5,161,161,161,0,0,1.0,1.0,1.0
6,clab-nebula-serf117,5,1.5,0,0,0,0,0,0.0,0.0,0.0
6,clab-nebula-serf117,10,1.5,0,0,0,0,0,0.0,0.0,0.0
6,clab-nebula-serf117,15,1.5,0,0,0,0,0,0.0,0.0,0.0
6,clab-nebula-serf117,20,1.5,0,0,0,0,0,0.0,0.0,0.0
6,clab-nebula-serf117,25,1.5,1,3,1,2,0,0.3333333333333333,1.0,0.3333333333333333
6,clab-nebula-serf117,30,1.5,3,3,3,0,0,1.0,1.0,1.0
6,clab-nebula-serf117,35,1.5,3,3,3,0,0,1.0,1.0,1.0
6,clab-nebula-serf117,40,1.5,3,3,3,0,0,1.0,1.0,1.0
6,clab-nebula-serf117,45,1.5,10,3,3,0,7,1.0,0.3,0.3
6,clab-nebula-serf117,50,1.5,21,20,8,12,13,0.4,0.38095238095238093,0.24242424242424243
6,clab-nebula-serf117,55,1.5,45,20,14,6,31,0.7,0.3111111111111111,0.27450980392156865
6,clab-nebula-serf117,60,1.5,68,20,16,4,52,0.8,0.23529411764705882,0.2222222222222222
6,clab-nebula-serf127,5,1.5,0,0,0,0,0,0.0,0.0,0.0
6,clab-nebula-serf127,10,1.5,4,15,3,12,1,0.2,0.75,0.1875
6,clab-nebula-serf127,15,1.5,13,22,7,15,6,0.3181818181818182,0.5384615384615384,0.25
6,clab-nebula-serf127,20,1.5,46,39,33,6,13,0.8461538461538461,0.717391304347826,0.6346153846153846
6,clab-nebula-serf127,25,1.5,60,72,49,23,11,0.6805555555555556,0.8166666666666667,0.5903614457831325
6,clab-nebula-serf127,30,1.5,92,95,69,26,23,0.7263157894736842,0.75,0.5847457627118644
6,clab-nebula-serf127,35,1.5,122,135,109,26,13,0.8074074074074075,0.8934426229508197,0.7364864864864865
6,clab-nebula-serf127,40,1.5,138,153,138,15,0,0.9019607843137255,1.0,0.9019607843137255
6,clab-nebula-serf127,45,1.5,146,153,146,7,0,0.954248366013072,1.0,0.954248366013072
6,clab-nebula-serf127,50,1.5,156,153,153,0,3,1.0,0.9807692307692307,0.9807692307692307
6,clab-nebula-serf127,55,1.5,161,161,161,0,0,1.0,1.0,1.0
6,clab-nebula-serf127,60,1.5,161,161,161,0,0,1.0,1.0,1.0
6,clab-nebula-serf129,5,1.5,0,0,0,0,0,0.0,0.0,0.0
6,clab-nebula-serf129,10,1.5,0,0,0,0,0,0.0,0.0,0.0
6,clab-nebula-serf129,15,1.5,2,0,0,0,2,0,0.0,0.0
6,clab-nebula-serf129,20,1.5,7,0,0,0,7,0,0.0,0.0
6,clab-nebula-serf129,25,1.5,17,10,9,1,8,0.9,0.5294117647058824,0.5
6,clab-nebula-serf129,30,1.5,42,38,28,10,14,0.7368421052631579,0.6666666666666666,0.5384615384615384
6,clab-nebula-serf129,35,1.5,71,58,41,17,30,0.7068965517241379,0.5774647887323944,0.4659090909090909
6,clab-nebula-serf129,40,1.5,123,153,123,30,0,0.803921568627451,1.0,0.803921568627451
6,clab-nebula-serf129,45,1.5,142,153,142,11,0,0.9281045751633987,1.0,0.9281045751633987
6,clab-nebula-serf129,50,1.5,149,153,149,4,0,0.9738562091503268,1.0,0.9738562091503268
6,clab-nebula-serf129,55,1.5,155,153,153,0,2,1.0,0.9870967741935484,0.9870967741935484
6,clab-nebula-serf129,60,1.5,158,154,154,0,4,1.0,0.9746835443037974,0.9746835443037974
6,clab-nebula-serf155,5,1.5,0,0,0,0,0,0.0,0.0,0.0
6,clab-nebula-serf155,10,1.5,0,0,0,0,0,0.0,0.0,0.0
6,clab-nebula-serf155,15,1.5,1,0,0,0,1,0,0.0,0.0
6,clab-nebula-serf155,20,1.5,11,9,8,1,3,0.8888888888888888,0.7272727272727273,0.6666666666666666
6,clab-nebula-serf155,25,1.5,14,9,9,0,5,1.0,0.6428571428571429,0.6428571428571429
6,clab-nebula-serf155,30,1.5,24,10,9,1,15,0.9,0.375,0.36
6,clab-nebula-serf155,35,1.5,43,10,9,1,34,0.9,0.20930232558139536,0.20454545454545456
6,clab-nebula-serf155,40,1.5,56,10,9,1,47,0.9,0.16071428571428573,0.15789473684210525
6,clab-nebula-serf155,45,1.5,82,14,10,4,72,0.7142857142857143,0.12195121951219512,0.11627906976744186
6,clab-nebula-serf155,50,1.5,117,153,117,36,0,0.7647058823529411,1.0,0.7647058823529411
6,clab-nebula-serf155,55,1.5,137,153,137,16,0,0.8954248366013072,1.0,0.8954248366013072
6,clab-nebula-serf155,60,1.5,150,153,148,5,2,0.9673202614379085,0.9866666666666667,0.9548387096774194
6,clab-nebula-serf3,5,1.5,0,0,0,0,0,0.0,0.0,0.0
6,clab-nebula-serf3,10,1.5,2,2,2,0,0,1.0,1.0,1.0
6,clab-nebula-serf3,15,1.5,7,13,7,6,0,0.5384615384615384,1.0,0.5384615384615384
6,clab-nebula-serf3,20,1.5,13,13,11,2,2,0.8461538461538461,0.8461538461538461,0.7333333333333333
6,clab-nebula-serf3,25,1.5,22,45,21,24,1,0.4666666666666667,0.9545454545454546,0.45652173913043476
6,clab-nebula-serf3,30,1.5,50,65,40,25,10,0.6153846153846154,0.8,0.5333333333333333
6,clab-nebula-serf3,35,1.5,83,65,58,7,25,0.8923076923076924,0.6987951807228916,0.6444444444444445
6,clab-nebula-serf3,40,1.5,96,116,85,31,11,0.7327586206896551,0.8854166666666666,0.6692913385826772
6,clab-nebula-serf3,45,1.5,109,116,98,18,11,0.8448275862068966,0.8990825688073395,0.7716535433070866
6,clab-nebula-serf3,50,1.5,119,153,117,36,2,0.7647058823529411,0.9831932773109243,0.7548387096774194
6,clab-nebula-serf3,55,1.5,123,153,121,32,2,0.7908496732026143,0.983739837398374,0.7806451612903226
6,clab-nebula-serf3,60,1.5,141,153,139,14,2,0.9084967320261438,0.9858156028368794,0.896774193548387
6,clab-nebula-serf14,5,1.5,0,0,0,0,0,0.0,0.0,0.0
6,clab-nebula-serf14,10,1.5,4,1,0,1,4,0.0,0.0,0.0
6,clab-nebula-serf14,15,1.5,18,16,12,4,6,0.75,0.6666666666666666,0.5454545454545454
6,clab-nebula-serf14,20,1.5,35,39,25,14,10,0.6410256410256411,0.7142857142857143,0.5102040816326531
6,clab-nebula-serf14,25,1.5,70,65,51,14,19,0.7846153846153846,0.7285714285714285,0.6071428571428571
6,clab-nebula-serf14,30,1.5,88,66,60,6,28,0.9090909090909091,0.6818181818181818,0.6382978723404256
6,clab-nebula-serf14,35,1.5,102,114,92,22,10,0.8070175438596491,0.9019607843137255,0.7419354838709677
6,clab-nebula-serf14,40,1.5,119,115,103,12,16,0.8956521739130435,0.865546218487395,0.7862595419847328
6,clab-nebula-serf14,45,1.5,121,115,104,11,17,0.9043478260869565,0.859504132231405,0.7878787878787878
6,clab-nebula-serf14,50,1.5,126,116,107,9,19,0.9224137931034483,0.8492063492063492,0.7925925925925926
6,clab-nebula-serf14,55,1.5,151,153,149,4,2,0.9738562091503268,0.9867549668874173,0.9612903225806452
6,clab-nebula-serf14,60,1.5,155,153,152,1,3,0.9934640522875817,0.9806451612903225,0.9743589743589743
6,clab-nebula-serf142,5,1.5,0,0,0,0,0,0.0,0.0,0.0
6,clab-nebula-serf142,10,1.5,0,0,0,0,0,0.0,0.0,0.0
6,clab-nebula-serf142,15,1.5,1,0,0,0,1,0,0.0,0.0
6,clab-nebula-serf142,20,1.5,1,0,0,0,1,0,0.0,0.0
6,clab-nebula-serf142,25,1.5,7,7,7,0,0,1.0,1.0,1.0
6,clab-nebula-serf142,30,1.5,14,26,13,13,1,0.5,0.9285714285714286,0.48148148148148145
6,clab-nebula-serf142,35,1.5,30,39,26,13,4,0.6666666666666666,0.8666666666666667,0.6046511627906976
6,clab-nebula-serf142,40,1.5,54,39,36,3,18,0.9230769230769231,0.6666666666666666,0.631578947368421
6,clab-nebula-serf142,45,1.5,59,39,39,0,20,1.0,0.6610169491525424,0.6610169491525424
6,clab-nebula-serf142,50,1.5,95,134,85,49,10,0.6343283582089553,0.8947368421052632,0.5902777777777778
6,clab-nebula-serf142,55,1.5,126,153,126,27,0,0.8235294117647058,1.0,0.8235294117647058
6,clab-nebula-serf142,60,1.5,140,153,140,13,0,0.9150326797385621,1.0,0.9150326797385621
6,clab-nebula-serf96,5,1.5,4,0,0,0,4,0,0.0,0.0
6,clab-nebula-serf96,10,1.5,7,6,6,0,1,1.0,0.8571428571428571,0.8571428571428571
6,clab-nebula-serf96,15,1.5,7,6,6,0,1,1.0,0.8571428571428571,0.8571428571428571
6,clab-nebula-serf96,20,1.5,9,7,7,0,2,1.0,0.7777777777777778,0.7777777777777778
6,clab-nebula-serf96,25,1.5,20,9,9,0,11,1.0,0.45,0.45
6,clab-nebula-serf96,30,1.5,41,38,29,9,12,0.7631578947368421,0.7073170731707317,0.58
6,clab-nebula-serf96,35,1.5,77,115,65,50,12,0.5652173913043478,0.8441558441558441,0.5118110236220472
6,clab-nebula-serf96,40,1.5,121,153,121,32,0,0.7908496732026143,1.0,0.7908496732026143
6,clab-nebula-serf96,45,1.5,147,153,147,6,0,0.9607843137254902,1.0,0.9607843137254902
6,clab-nebula-serf96,50,1.5,153,153,152,1,1,0.9934640522875817,0.9934640522875817,0.987012987012987
6,clab-nebula-serf96,55,1.5,160,161,160,1,0,0.9937888198757764,1.0,0.9937888198757764
6,clab-nebula-serf96,60,1.5,161,161,161,0,0,1.0,1.0,1.0
6,clab-nebula-serf116,5,1.5,0,0,0,0,0,0.0,0.0,0.0
6,clab-nebula-serf116,10,1.5,0,0,0,0,0,0.0,0.0,0.0
6,clab-nebula-serf116,15,1.5,0,0,0,0,0,0.0,0.0,0.0
6,clab-nebula-serf116,20,1.5,0,0,0,0,0,0.0,0.0,0.0
6,clab-nebula-serf116,25,1.5,0,0,0,0,0,0.0,0.0,0.0
6,clab-nebula-serf116,30,1.5,0,0,0,0,0,0.0,0.0,0.0
6,clab-nebula-serf116,35,1.5,1,1,1,0,0,1.0,1.0,1.0
6,clab-nebula-serf116,40,1.5,1,1,1,0,0,1.0,1.0,1.0
6,clab-nebula-serf116,45,1.5,6,1,1,0,5,1.0,0.16666666666666666,0.16666666666666666
6,clab-nebula-serf116,50,1.5,14,1,1,0,13,1.0,0.07142857142857142,0.07142857142857142
6,clab-nebula-serf116,55,1.5,40,1,1,0,39,1.0,0.025,0.025
6,clab-nebula-serf116,60,1.5,88,161,88,73,0,0.546583850931677,1.0,0.546583850931677
6,clab-nebula-serf56,5,1.5,9,2,1,1,8,0.5,0.1111111111111111,0.1
6,clab-nebula-serf56,10,1.5,24,25,16,9,8,0.64,0.6666666666666666,0.48484848484848486
6,clab-nebula-serf56,15,1.5,64,38,31,7,33,0.8157894736842105,0.484375,0.43661971830985913
6,clab-nebula-serf56,20,1.5,83,58,52,6,31,0.896551724137931,0.6265060240963856,0.5842696629213483
6,clab-nebula-serf56,25,1.5,97,67,62,5,35,0.9253731343283582,0.6391752577319587,0.6078431372549019
6,clab-nebula-serf56,30,1.5,118,115,102,13,16,0.8869565217391304,0.864406779661017,0.7786259541984732
6,clab-nebula-serf56,35,1.5,121,115,104,11,17,0.9043478260869565,0.859504132231405,0.7878787878787878
6,clab-nebula-serf56,40,1.5,125,116,106,10,19,0.9137931034482759,0.848,0.7851851851851852
6,clab-nebula-serf56,45,1.5,151,153,149,4,2,0.9738562091503268,0.9867549668874173,0.9612903225806452
6,clab-nebula-serf56,50,1.5,154,153,152,1,2,0.9934640522875817,0.987012987012987,0.9806451612903225
6,clab-nebula-serf56,55,1.5,157,153,153,0,4,1.0,0.9745222929936306,0.9745222929936306
6,clab-nebula-serf56,60,1.5,158,154,154,0,4,1.0,0.9746835443037974,0.9746835443037974
6,clab-nebula-serf59,5,1.5,5,0,0,0,5,0,0.0,0.0
6,clab-nebula-serf59,10,1.5,26,21,17,4,9,0.8095238095238095,0.6538461538461539,0.5666666666666667
6,clab-nebula-serf59,15,1.5,63,36,29,7,34,0.8055555555555556,0.4603174603174603,0.4142857142857143
6,clab-nebula-serf59,20,1.5,83,57,51,6,32,0.8947368421052632,0.6144578313253012,0.5730337078651685
6,clab-nebula-serf59,25,1.5,99,105,88,17,11,0.8380952380952381,0.8888888888888888,0.7586206896551724
6,clab-nebula-serf59,30,1.5,119,115,103,12,16,0.8956521739130435,0.865546218487395,0.7862595419847328
6,clab-nebula-serf59,35,1.5,124,115,106,9,18,0.9217391304347826,0.8548387096774194,0.7969924812030075
6,clab-nebula-serf59,40,1.5,128,116,108,8,20,0.9310344827586207,0.84375,0.7941176470588235
6,clab-nebula-serf59,45,1.5,153,153,151,2,2,0.9869281045751634,0.9869281045751634,0.9741935483870968
6,clab-nebula-serf59,50,1.5,154,153,152,1,2,0.9934640522875817,0.987012987012987,0.9806451612903225
6,clab-nebula-serf59,55,1.5,157,153,153,0,4,1.0,0.9745222929936306,0.9745222929936306
6,clab-nebula-serf59,60,1.5,161,161,161,0,0,1.0,1.0,1.0
6,clab-nebula-serf70,5,1.5,3,0,0,0,3,0,0.0,0.0
6,clab-nebula-serf70,10,1.5,19,8,5,3,14,0.625,0.2631578947368421,0.22727272727272727
6,clab-nebula-serf70,15,1.5,36,21,14,7,22,0.6666666666666666,0.3888888888888889,0.32558139534883723
6,clab-nebula-serf70,20,1.5,66,58,34,24,32,0.5862068965517241,0.5151515151515151,0.37777777777777777
6,clab-nebula-serf70,25,1.5,87,58,48,10,39,0.8275862068965517,0.5517241379310345,0.4948453608247423
6,clab-nebula-serf70,30,1.5,110,114,95,19,15,0.8333333333333334,0.8636363636363636,0.7364341085271318
6,clab-nebula-serf70,35,1.5,119,115,103,12,16,0.8956521739130435,0.865546218487395,0.7862595419847328
6,clab-nebula-serf70,40,1.5,124,115,106,9,18,0.9217391304347826,0.8548387096774194,0.7969924812030075
6,clab-nebula-serf70,45,1.5,147,154,145,9,2,0.9415584415584416,0.9863945578231292,0.9294871794871795
6,clab-nebula-serf70,50,1.5,154,154,152,2,2,0.987012987012987,0.987012987012987,0.9743589743589743
6,clab-nebula-serf70,55,1.5,158,154,154,0,4,1.0,0.9746835443037974,0.9746835443037974
6,clab-nebula-serf70,60,1.5,161,161,161,0,0,1.0,1.0,1.0
6,clab-nebula-serf81,5,1.5,1,3,0,3,1,0.0,0.0,0.0
6,clab-nebula-serf81,10,1.5,22,16,13,3,9,0.8125,0.5909090909090909,0.52
6,clab-nebula-serf81,15,1.5,39,24,17,7,22,0.7083333333333334,0.4358974358974359,0.3695652173913043
6,clab-nebula-serf81,20,1.5,68,35,21,14,47,0.6,0.3088235294117647,0.25609756097560976
6,clab-nebula-serf81,25,1.5,90,35,27,8,63,0.7714285714285715,0.3,0.2755102040816326
6,clab-nebula-serf81,30,1.5,114,115,99,16,15,0.8608695652173913,0.868421052631579,0.7615384615384615
6,clab-nebula-serf81,35,1.5,121,115,105,10,16,0.9130434782608695,0.8677685950413223,0.8015267175572519
6,clab-nebula-serf81,40,1.5,130,116,106,10,24,0.9137931034482759,0.8153846153846154,0.7571428571428571
6,clab-nebula-serf81,45,1.5,153,154,151,3,2,0.9805194805194806,0.9869281045751634,0.967948717948718
6,clab-nebula-serf81,50,1.5,154,154,152,2,2,0.987012987012987,0.987012987012987,0.9743589743589743
6,clab-nebula-serf81,55,1.5,157,161,157,4,0,0.9751552795031055,1.0,0.9751552795031055
6,clab-nebula-serf81,60,1.5,161,161,161,0,0,1.0,1.0,1.0
6,clab-nebula-serf95,5,1.5,0,0,0,0,0,0.0,0.0,0.0
6,clab-nebula-serf95,10,1.5,10,9,5,4,5,0.5555555555555556,0.5,0.35714285714285715
6,clab-nebula-serf95,15,1.5,30,21,16,5,14,0.7619047619047619,0.5333333333333333,0.45714285714285713
6,clab-nebula-serf95,20,1.5,50,28,19,9,31,0.6785714285714286,0.38,0.3220338983050847
6,clab-nebula-serf95,25,1.5,80,28,23,5,57,0.8214285714285714,0.2875,0.27058823529411763
6,clab-nebula-serf95,30,1.5,104,105,89,16,15,0.8476190476190476,0.8557692307692307,0.7416666666666667
6,clab-nebula-serf95,35,1.5,119,115,103,12,16,0.8956521739130435,0.865546218487395,0.7862595419847328
6,clab-nebula-serf95,40,1.5,124,115,106,9,18,0.9217391304347826,0.8548387096774194,0.7969924812030075
6,clab-nebula-serf95,45,1.5,142,153,140,13,2,0.9150326797385621,0.9859154929577465,0.9032258064516129
6,clab-nebula-serf95,50,1.5,154,153,152,1,2,0.9934640522875817,0.987012987012987,0.9806451612903225
6,clab-nebula-serf95,55,1.5,154,153,152,1,2,0.9934640522875817,0.987012987012987,0.9806451612903225
6,clab-nebula-serf95,60,1.5,159,161,159,2,0,0.9875776397515528,1.0,0.9875776397515528
6,clab-nebula-serf114,5,1.5,1,0,0,0,1,0,0.0,0.0
6,clab-nebula-serf114,10,1.5,1,0,0,0,1,0,0.0,0.0
6,clab-nebula-serf114,15,1.5,2,1,1,0,1,1.0,0.5,0.5
6,clab-nebula-serf114,20,1.5,17,1,1,0,16,1.0,0.058823529411764705,0.058823529411764705
6,clab-nebula-serf114,25,1.5,25,9,9,0,16,1.0,0.36,0.36
6,clab-nebula-serf114,30,1.5,53,98,43,55,10,0.4387755102040816,0.8113207547169812,0.39814814814814814
6,clab-nebula-serf114,35,1.5,92,116,82,34,10,0.7068965517241379,0.8913043478260869,0.6507936507936508
6,clab-nebula-serf114,40,1.5,134,153,133,20,1,0.869281045751634,0.9925373134328358,0.8636363636363636
6,clab-nebula-serf114,45,1.5,152,153,146,7,6,0.954248366013072,0.9605263157894737,0.9182389937106918
6,clab-nebula-serf114,50,1.5,158,153,151,2,7,0.9869281045751634,0.9556962025316456,0.94375
6,clab-nebula-serf114,55,1.5,161,161,161,0,0,1.0,1.0,1.0
6,clab-nebula-serf114,60,1.5,161,161,161,0,0,1.0,1.0,1.0
6,clab-nebula-serf9,5,1.5,1,0,0,0,1,0,0.0,0.0
6,clab-nebula-serf9,10,1.5,8,3,3,0,5,1.0,0.375,0.375
6,clab-nebula-serf9,15,1.5,17,19,12,7,5,0.631578947368421,0.7058823529411765,0.5
6,clab-nebula-serf9,20,1.5,36,45,32,13,4,0.7111111111111111,0.8888888888888888,0.6530612244897959
6,clab-nebula-serf9,25,1.5,71,65,50,15,21,0.7692307692307693,0.704225352112676,0.5813953488372093
6,clab-nebula-serf9,30,1.5,87,67,59,8,28,0.8805970149253731,0.6781609195402298,0.6210526315789474
6,clab-nebula-serf9,35,1.5,101,114,91,23,10,0.7982456140350878,0.900990099009901,0.7338709677419355
6,clab-nebula-serf9,40,1.5,116,116,102,14,14,0.8793103448275862,0.8793103448275862,0.7846153846153846
6,clab-nebula-serf9,45,1.5,120,116,103,13,17,0.8879310344827587,0.8583333333333333,0.7744360902255639
6,clab-nebula-serf9,50,1.5,125,116,106,10,19,0.9137931034482759,0.848,0.7851851851851852
6,clab-nebula-serf9,55,1.5,151,153,149,4,2,0.9738562091503268,0.9867549668874173,0.9612903225806452
6,clab-nebula-serf9,60,1.5,154,153,152,1,2,0.9934640522875817,0.987012987012987,0.9806451612903225
6,clab-nebula-serf17,5,1.5,1,0,0,0,1,0,0.0,0.0
6,clab-nebula-serf17,10,1.5,12,16,8,8,4,0.5,0.6666666666666666,0.4
6,clab-nebula-serf17,15,1.5,30,27,20,7,10,0.7407407407407407,0.6666666666666666,0.5405405405405406
6,clab-nebula-serf17,20,1.5,66,65,47,18,19,0.7230769230769231,0.7121212121212122,0.5595238095238095
6,clab-nebula-serf17,25,1.5,85,66,59,7,26,0.8939393939393939,0.6941176470588235,0.6413043478260869
6,clab-nebula-serf17,30,1.5,96,67,63,4,33,0.9402985074626866,0.65625,0.63
6,clab-nebula-serf17,35,1.5,116,115,102,13,14,0.8869565217391304,0.8793103448275862,0.7906976744186046
6,clab-nebula-serf17,40,1.5,121,115,104,11,17,0.9043478260869565,0.859504132231405,0.7878787878787878
6,clab-nebula-serf17,45,1.5,124,116,106,10,18,0.9137931034482759,0.8548387096774194,0.7910447761194029
6,clab-nebula-serf17,50,1.5,150,153,148,5,2,0.9673202614379085,0.9866666666666667,0.9548387096774194
6,clab-nebula-serf17,55,1.5,154,153,152,1,2,0.9934640522875817,0.987012987012987,0.9806451612903225
6,clab-nebula-serf17,60,1.5,157,153,153,0,4,1.0,0.9745222929936306,0.9745222929936306
6,clab-nebula-serf139,5,1.5,0,0,0,0,0,0.0,0.0,0.0
6,clab-nebula-serf139,10,1.5,0,0,0,0,0,0.0,0.0,0.0
6,clab-nebula-serf139,15,1.5,5,11,4,7,1,0.36363636363636365,0.8,0.3333333333333333
6,clab-nebula-serf139,20,1.5,14,14,14,0,0,1.0,1.0,1.0
6,clab-nebula-serf139,25,1.5,21,28,21,7,0,0.75,1.0,0.75
6,clab-nebula-serf139,30,1.5,31,39,26,13,5,0.6666666666666666,0.8387096774193549,0.5909090909090909
6,clab-nebula-serf139,35,1.5,45,39,35,4,10,0.8974358974358975,0.7777777777777778,0.7142857142857143
6,clab-nebula-serf139,40,1.5,65,76,55,21,10,0.7236842105263158,0.8461538461538461,0.6395348837209303
6,clab-nebula-serf139,45,1.5,95,77,74,3,21,0.961038961038961,0.7789473684210526,0.7551020408163265
6,clab-nebula-serf139,50,1.5,121,153,121,32,0,0.7908496732026143,1.0,0.7908496732026143
6,clab-nebula-serf139,55,1.5,137,153,137,16,0,0.8954248366013072,1.0,0.8954248366013072
6,clab-nebula-serf139,60,1.5,149,153,149,4,0,0.9738562091503268,1.0,0.9738562091503268
6,clab-nebula-serf52,5,1.5,1,0,0,0,1,0,0.0,0.0
6,clab-nebula-serf52,10,1.5,12,2,2,0,10,1.0,0.16666666666666666,0.16666666666666666
6,clab-nebula-serf52,15,1.5,38,25,20,5,18,0.8,0.5263157894736842,0.46511627906976744
6,clab-nebula-serf52,20,1.5,69,37,33,4,36,0.8918918918918919,0.4782608695652174,0.4520547945205479
6,clab-nebula-serf52,25,1.5,88,66,58,8,30,0.8787878787878788,0.6590909090909091,0.6041666666666666
6,clab-nebula-serf52,30,1.5,106,114,93,21,13,0.8157894736842105,0.8773584905660378,0.7322834645669292
6,clab-nebula-serf52,35,1.5,119,115,103,12,16,0.8956521739130435,0.865546218487395,0.7862595419847328
6,clab-nebula-serf52,40,1.5,124,115,106,9,18,0.9217391304347826,0.8548387096774194,0.7969924812030075
6,clab-nebula-serf52,45,1.5,134,153,132,21,2,0.8627450980392157,0.9850746268656716,0.8516129032258064
6,clab-nebula-serf52,50,1.5,154,153,152,1,2,0.9934640522875817,0.987012987012987,0.9806451612903225
6,clab-nebula-serf52,55,1.5,154,153,152,1,2,0.9934640522875817,0.987012987012987,0.9806451612903225
6,clab-nebula-serf52,60,1.5,157,153,153,0,4,1.0,0.9745222929936306,0.9745222929936306
6,clab-nebula-serf71,5,1.5,0,0,0,0,0,0.0,0.0,0.0
6,clab-nebula-serf71,10,1.5,15,5,3,2,12,0.6,0.2,0.17647058823529413
6,clab-nebula-serf71,15,1.5,33,9,6,3,27,0.6666666666666666,0.18181818181818182,0.16666666666666666
6,clab-nebula-serf71,20,1.5,57,36,25,11,32,0.6944444444444444,0.43859649122807015,0.36764705882352944
6,clab-nebula-serf71,25,1.5,83,58,44,14,39,0.7586206896551724,0.5301204819277109,0.4536082474226804
6,clab-nebula-serf71,30,1.5,107,105,92,13,15,0.8761904761904762,0.8598130841121495,0.7666666666666667
6,clab-nebula-serf71,35,1.5,119,115,103,12,16,0.8956521739130435,0.865546218487395,0.7862595419847328
6,clab-nebula-serf71,40,1.5,124,115,106,9,18,0.9217391304347826,0.8548387096774194,0.7969924812030075
6,clab-nebula-serf71,45,1.5,146,154,144,10,2,0.935064935064935,0.9863013698630136,0.9230769230769231
6,clab-nebula-serf71,50,1.5,154,154,152,2,2,0.987012987012987,0.987012987012987,0.9743589743589743
6,clab-nebula-serf71,55,1.5,156,154,153,1,3,0.9935064935064936,0.9807692307692307,0.9745222929936306
6,clab-nebula-serf71,60,1.5,161,161,161,0,0,1.0,1.0,1.0
6,clab-nebula-serf26,5,1.5,3,9,3,6,0,0.3333333333333333,1.0,0.3333333333333333
6,clab-nebula-serf26,10,1.5,19,17,13,4,6,0.7647058823529411,0.6842105263157895,0.5652173913043478
6,clab-nebula-serf26,15,1.5,31,29,25,4,6,0.8620689655172413,0.8064516129032258,0.7142857142857143
6,clab-nebula-serf26,20,1.5,58,56,45,11,13,0.8035714285714286,0.7758620689655172,0.6521739130434783
6,clab-nebula-serf26,25,1.5,87,60,56,4,31,0.9333333333333333,0.6436781609195402,0.6153846153846154
6,clab-nebula-serf26,30,1.5,94,105,83,22,11,0.7904761904761904,0.8829787234042553,0.7155172413793104
6,clab-nebula-serf26,35,1.5,108,114,93,21,15,0.8157894736842105,0.8611111111111112,0.7209302325581395
6,clab-nebula-serf26,40,1.5,121,114,104,10,17,0.9122807017543859,0.859504132231405,0.7938931297709924
6,clab-nebula-serf26,45,1.5,124,115,106,9,18,0.9217391304347826,0.8548387096774194,0.7969924812030075
6,clab-nebula-serf26,50,1.5,137,153,135,18,2,0.8823529411764706,0.9854014598540146,0.8709677419354839
6,clab-nebula-serf26,55,1.5,154,153,152,1,2,0.9934640522875817,0.987012987012987,0.9806451612903225
6,clab-nebula-serf26,60,1.5,155,153,152,1,3,0.9934640522875817,0.9806451612903225,0.9743589743589743
6,clab-nebula-serf34,5,1.5,1,0,0,0,1,0,0.0,0.0
6,clab-nebula-serf34,10,1.5,9,9,4,5,5,0.4444444444444444,0.4444444444444444,0.2857142857142857
6,clab-nebula-serf34,15,1.5,27,9,7,2,20,0.7777777777777778,0.25925925925925924,0.2413793103448276
6,clab-nebula-serf34,20,1.5,67,9,9,0,58,1.0,0.13432835820895522,0.13432835820895522
6,clab-nebula-serf34,25,1.5,85,58,55,3,30,0.9482758620689655,0.6470588235294118,0.625
6,clab-nebula-serf34,30,1.5,95,66,63,3,32,0.9545454545454546,0.6631578947368421,0.6428571428571429
6,clab-nebula-serf34,35,1.5,112,114,95,19,17,0.8333333333333334,0.8482142857142857,0.7251908396946565
6,clab-nebula-serf34,40,1.5,121,114,104,10,17,0.9122807017543859,0.859504132231405,0.7938931297709924
6,clab-nebula-serf34,45,1.5,124,115,106,9,18,0.9217391304347826,0.8548387096774194,0.7969924812030075
6,clab-nebula-serf34,50,1.5,149,153,147,6,2,0.9607843137254902,0.9865771812080537,0.9483870967741935
6,clab-nebula-serf34,55,1.5,154,153,152,1,2,0.9934640522875817,0.987012987012987,0.9806451612903225
6,clab-nebula-serf34,60,1.5,156,153,153,0,3,1.0,0.9807692307692307,0.9807692307692307
6,clab-nebula-serf126,5,1.5,0,0,0,0,0,0.0,0.0,0.0
6,clab-nebula-serf126,10,1.5,3,2,2,0,1,1.0,0.6666666666666666,0.6666666666666666
6,clab-nebula-serf126,15,1.5,15,22,10,12,5,0.45454545454545453,0.6666666666666666,0.37037037037037035
6,clab-nebula-serf126,20,1.5,47,39,34,5,13,0.8717948717948718,0.723404255319149,0.6538461538461539
6,clab-nebula-serf126,25,1.5,59,46,39,7,20,0.8478260869565217,0.6610169491525424,0.5909090909090909
6,clab-nebula-serf126,30,1.5,92,95,69,26,23,0.7263157894736842,0.75,0.5847457627118644
6,clab-nebula-serf126,35,1.5,121,135,110,25,11,0.8148148148148148,0.9090909090909091,0.7534246575342466
6,clab-nebula-serf126,40,1.5,138,153,138,15,0,0.9019607843137255,1.0,0.9019607843137255
6,clab-nebula-serf126,45,1.5,146,153,146,7,0,0.954248366013072,1.0,0.954248366013072
6,clab-nebula-serf126,50,1.5,156,153,153,0,3,1.0,0.9807692307692307,0.9807692307692307
6,clab-nebula-serf126,55,1.5,161,161,161,0,0,1.0,1.0,1.0
6,clab-nebula-serf126,60,1.5,161,161,161,0,0,1.0,1.0,1.0
6,clab-nebula-serf36,5,1.5,0,0,0,0,0,0.0,0.0,0.0
6,clab-nebula-serf36,10,1.5,2,1,1,0,1,1.0,0.5,0.5
6,clab-nebula-serf36,15,1.5,17,9,6,3,11,0.6666666666666666,0.35294117647058826,0.3
6,clab-nebula-serf36,20,1.5,53,9,8,1,45,0.8888888888888888,0.1509433962264151,0.14814814814814814
6,clab-nebula-serf36,25,1.5,79,58,51,7,28,0.8793103448275862,0.6455696202531646,0.5930232558139535
6,clab-nebula-serf36,30,1.5,92,58,55,3,37,0.9482758620689655,0.5978260869565217,0.5789473684210527
6,clab-nebula-serf36,35,1.5,108,105,94,11,14,0.8952380952380953,0.8703703703703703,0.7899159663865546
6,clab-nebula-serf36,40,1.5,121,114,104,10,17,0.9122807017543859,0.859504132231405,0.7938931297709924
6,clab-nebula-serf36,45,1.5,124,115,106,9,18,0.9217391304347826,0.8548387096774194,0.7969924812030075
6,clab-nebula-serf36,50,1.5,137,153,135,18,2,0.8823529411764706,0.9854014598540146,0.8709677419354839
6,clab-nebula-serf36,55,1.5,154,153,152,1,2,0.9934640522875817,0.987012987012987,0.9806451612903225
6,clab-nebula-serf36,60,1.5,154,153,152,1,2,0.9934640522875817,0.987012987012987,0.9806451612903225
6,clab-nebula-serf82,5,1.5,0,0,0,0,0,0.0,0.0,0.0
6,clab-nebula-serf82,10,1.5,0,0,0,0,0,0.0,0.0,0.0
6,clab-nebula-serf82,15,1.5,0,0,0,0,0,0.0,0.0,0.0
6,clab-nebula-serf82,20,1.5,0,0,0,0,0,0.0,0.0,0.0
6,clab-nebula-serf82,25,1.5,0,0,0,0,0,0.0,0.0,0.0
6,clab-nebula-serf82,30,1.5,0,0,0,0,0,0.0,0.0,0.0
6,clab-nebula-serf82,35,1.5,16,32,6,26,10,0.1875,0.375,0.14285714285714285
6,clab-nebula-serf82,40,1.5,61,36,24,12,37,0.6666666666666666,0.39344262295081966,0.3287671232876712
6,clab-nebula-serf82,45,1.5,94,59,46,13,48,0.7796610169491526,0.48936170212765956,0.42990654205607476
6,clab-nebula-serf82,50,1.5,111,97,92,5,19,0.9484536082474226,0.8288288288288288,0.7931034482758621
6,clab-nebula-serf82,55,1.5,121,105,103,2,18,0.9809523809523809,0.8512396694214877,0.8373983739837398
6,clab-nebula-serf82,60,1.5,148,153,147,6,1,0.9607843137254902,0.9932432432432432,0.9545454545454546
6,clab-nebula-serf85,5,1.5,0,0,0,0,0,0.0,0.0,0.0
6,clab-nebula-serf85,10,1.5,4,1,1,0,3,1.0,0.25,0.25
6,clab-nebula-serf85,15,1.5,19,8,8,0,11,1.0,0.42105263157894735,0.42105263157894735
6,clab-nebula-serf85,20,1.5,35,8,8,0,27,1.0,0.22857142857142856,0.22857142857142856
6,clab-nebula-serf85,25,1.5,57,11,8,3,49,0.7272727272727273,0.14035087719298245,0.13333333333333333
6,clab-nebula-serf85,30,1.5,82,11,8,3,74,0.7272727272727273,0.0975609756097561,0.09411764705882353
6,clab-nebula-serf85,35,1.5,111,11,11,0,100,1.0,0.0990990990990991,0.0990990990990991
6,clab-nebula-serf85,40,1.5,119,11,11,0,108,1.0,0.09243697478991597,0.09243697478991597
6,clab-nebula-serf85,45,1.5,134,27,24,3,110,0.8888888888888888,0.1791044776119403,0.17518248175182483
6,clab-nebula-serf85,50,1.5,149,154,147,7,2,0.9545454545454546,0.9865771812080537,0.9423076923076923
6,clab-nebula-serf85,55,1.5,154,154,152,2,2,0.987012987012987,0.987012987012987,0.9743589743589743
6,clab-nebula-serf85,60,1.5,157,161,157,4,0,0.9751552795031055,1.0,0.9751552795031055
6,clab-nebula-serf97,5,1.5,5,0,0,0,5,0,0.0,0.0
6,clab-nebula-serf97,10,1.5,7,7,7,0,0,1.0,1.0,1.0
6,clab-nebula-serf97,15,1.5,7,7,7,0,0,1.0,1.0,1.0
6,clab-nebula-serf97,20,1.5,9,9,7,2,2,0.7777777777777778,0.7777777777777778,0.6363636363636364
6,clab-nebula-serf97,25,1.5,17,9,9,0,8,1.0,0.5294117647058824,0.5294117647058824
6,clab-nebula-serf97,30,1.5,41,38,29,9,12,0.7631578947368421,0.7073170731707317,0.58
6,clab-nebula-serf97,35,1.5,80,115,68,47,12,0.591304347826087,0.85,0.5354330708661418
6,clab-nebula-serf97,40,1.5,126,153,126,27,0,0.8235294117647058,1.0,0.8235294117647058
6,clab-nebula-serf97,45,1.5,149,153,148,5,1,0.9673202614379085,0.9932885906040269,0.961038961038961
6,clab-nebula-serf97,50,1.5,159,153,153,0,6,1.0,0.9622641509433962,0.9622641509433962
6,clab-nebula-serf97,55,1.5,161,161,161,0,0,1.0,1.0,1.0
6,clab-nebula-serf97,60,1.5,161,161,161,0,0,1.0,1.0,1.0
6,clab-nebula-serf99,5,1.5,6,5,5,0,1,1.0,0.8333333333333334,0.8333333333333334
6,clab-nebula-serf99,10,1.5,7,7,7,0,0,1.0,1.0,1.0
6,clab-nebula-serf99,15,1.5,7,7,7,0,0,1.0,1.0,1.0
6,clab-nebula-serf99,20,1.5,11,9,9,0,2,1.0,0.8181818181818182,0.8181818181818182
6,clab-nebula-serf99,25,1.5,24,9,9,0,15,1.0,0.375,0.375
6,clab-nebula-serf99,30,1.5,52,38,34,4,18,0.8947368421052632,0.6538461538461539,0.6071428571428571
6,clab-nebula-serf99,35,1.5,82,115,68,47,14,0.591304347826087,0.8292682926829268,0.5271317829457365
6,clab-nebula-serf99,40,1.5,137,153,137,16,0,0.8954248366013072,1.0,0.8954248366013072
6,clab-nebula-serf99,45,1.5,148,153,148,5,0,0.9673202614379085,1.0,0.9673202614379085
6,clab-nebula-serf99,50,1.5,159,153,153,0,6,1.0,0.9622641509433962,0.9622641509433962
6,clab-nebula-serf99,55,1.5,160,161,160,1,0,0.9937888198757764,1.0,0.9937888198757764
6,clab-nebula-serf99,60,1.5,161,161,161,0,0,1.0,1.0,1.0
6,clab-nebula-serf124,5,1.5,0,0,0,0,0,0.0,0.0,0.0
6,clab-nebula-serf124,10,1.5,3,0,0,0,3,0,0.0,0.0
6,clab-nebula-serf124,15,1.5,8,2,2,0,6,1.0,0.25,0.25
6,clab-nebula-serf124,20,1.5,15,2,2,0,13,1.0,0.13333333333333333,0.13333333333333333
6,clab-nebula-serf124,25,1.5,29,26,10,16,19,0.38461538461538464,0.3448275862068966,0.2222222222222222
6,clab-nebula-serf124,30,1.5,81,76,62,14,19,0.8157894736842105,0.7654320987654321,0.6526315789473685
6,clab-nebula-serf124,35,1.5,114,134,103,31,11,0.7686567164179104,0.9035087719298246,0.7103448275862069
6,clab-nebula-serf124,40,1.5,133,135,118,17,15,0.8740740740740741,0.8872180451127819,0.7866666666666666
6,clab-nebula-serf124,45,1.5,145,153,145,8,0,0.9477124183006536,1.0,0.9477124183006536
6,clab-nebula-serf124,50,1.5,156,153,150,3,6,0.9803921568627451,0.9615384615384616,0.9433962264150944
6,clab-nebula-serf124,55,1.5,161,161,161,0,0,1.0,1.0,1.0
6,clab-nebula-serf124,60,1.5,161,161,161,0,0,1.0,1.0,1.0
6,clab-nebula-serf157,5,1.5,4,1,1,0,3,1.0,0.25,0.25
6,clab-nebula-serf157,10,1.5,4,1,1,0,3,1.0,0.25,0.25
6,clab-nebula-serf157,15,1.5,5,1,1,0,4,1.0,0.2,0.2
6,clab-nebula-serf157,20,1.5,9,19,9,10,0,0.47368421052631576,1.0,0.47368421052631576
6,clab-nebula-serf157,25,1.5,16,26,12,14,4,0.46153846153846156,0.75,0.4
6,clab-nebula-serf157,30,1.5,35,26,25,1,10,0.9615384615384616,0.7142857142857143,0.6944444444444444
6,clab-nebula-serf157,35,1.5,40,39,30,9,10,0.7692307692307693,0.75,0.6122448979591837
6,clab-nebula-serf157,40,1.5,54,39,36,3,18,0.9230769230769231,0.6666666666666666,0.631578947368421
6,clab-nebula-serf157,45,1.5,70,76,56,20,14,0.7368421052631579,0.8,0.6222222222222222
6,clab-nebula-serf157,50,1.5,109,95,77,18,32,0.8105263157894737,0.7064220183486238,0.6062992125984252
6,clab-nebula-serf157,55,1.5,136,153,136,17,0,0.8888888888888888,1.0,0.8888888888888888
6,clab-nebula-serf157,60,1.5,148,153,148,5,0,0.9673202614379085,1.0,0.9673202614379085
6,clab-nebula-serf159,5,1.5,4,0,0,0,4,0,0.0,0.0
6,clab-nebula-serf159,10,1.5,4,0,0,0,4,0,0.0,0.0
6,clab-nebula-serf159,15,1.5,5,0,0,0,5,0,0.0,0.0
6,clab-nebula-serf159,20,1.5,9,19,9,10,0,0.47368421052631576,1.0,0.47368421052631576
6,clab-nebula-serf159,25,1.5,16,26,12,14,4,0.46153846153846156,0.75,0.4
6,clab-nebula-serf159,30,1.5,35,26,25,1,10,0.9615384615384616,0.7142857142857143,0.6944444444444444
6,clab-nebula-serf159,35,1.5,40,39,30,9,10,0.7692307692307693,0.75,0.6122448979591837
6,clab-nebula-serf159,40,1.5,54,39,36,3,18,0.9230769230769231,0.6666666666666666,0.631578947368421
6,clab-nebula-serf159,45,1.5,70,76,56,20,14,0.7368421052631579,0.8,0.6222222222222222
6,clab-nebula-serf159,50,1.5,108,95,77,18,31,0.8105263157894737,0.7129629629629629,0.6111111111111112
6,clab-nebula-serf159,55,1.5,136,153,136,17,0,0.8888888888888888,1.0,0.8888888888888888
6,clab-nebula-serf159,60,1.5,148,153,148,5,0,0.9673202614379085,1.0,0.9673202614379085
6,clab-nebula-serf1,5,1.5,0,0,0,0,0,0.0,0.0,0.0
6,clab-nebula-serf1,10,1.5,6,10,6,4,0,0.6,1.0,0.6
6,clab-nebula-serf1,15,1.5,12,13,11,2,1,0.8461538461538461,0.9166666666666666,0.7857142857142857
6,clab-nebula-serf1,20,1.5,19,25,19,6,0,0.76,1.0,0.76
6,clab-nebula-serf1,25,1.5,37,65,35,30,2,0.5384615384615384,0.9459459459459459,0.5223880597014925
6,clab-nebula-serf1,30,1.5,74,65,51,14,23,0.7846153846153846,0.6891891891891891,0.5795454545454546
6,clab-nebula-serf1,35,1.5,91,106,82,24,9,0.7735849056603774,0.9010989010989011,0.7130434782608696
6,clab-nebula-serf1,40,1.5,107,116,96,20,11,0.8275862068965517,0.897196261682243,0.7559055118110236
6,clab-nebula-serf1,45,1.5,117,154,115,39,2,0.7467532467532467,0.9829059829059829,0.7371794871794872
6,clab-nebula-serf1,50,1.5,121,154,119,35,2,0.7727272727272727,0.9834710743801653,0.7628205128205128
6,clab-nebula-serf1,55,1.5,133,154,131,23,2,0.8506493506493507,0.9849624060150376,0.8397435897435898
6,clab-nebula-serf1,60,1.5,153,154,149,5,4,0.9675324675324676,0.9738562091503268,0.9430379746835443
6,clab-nebula-serf33,5,1.5,3,5,1,4,2,0.2,0.3333333333333333,0.14285714285714285
6,clab-nebula-serf33,10,1.5,20,9,7,2,13,0.7777777777777778,0.35,0.3181818181818182
6,clab-nebula-serf33,15,1.5,53,9,9,0,44,1.0,0.16981132075471697,0.16981132075471697
6,clab-nebula-serf33,20,1.5,78,58,52,6,26,0.896551724137931,0.6666666666666666,0.6190476190476191
6,clab-nebula-serf33,25,1.5,90,58,55,3,35,0.9482758620689655,0.6111111111111112,0.5913978494623656
6,clab-nebula-serf33,30,1.5,105,114,91,23,14,0.7982456140350878,0.8666666666666667,0.7109375
6,clab-nebula-serf33,35,1.5,119,114,102,12,17,0.8947368421052632,0.8571428571428571,0.7786259541984732
6,clab-nebula-serf33,40,1.5,124,115,106,9,18,0.9217391304347826,0.8548387096774194,0.7969924812030075
6,clab-nebula-serf33,45,1.5,128,115,109,6,19,0.9478260869565217,0.8515625,0.8134328358208955
6,clab-nebula-serf33,50,1.5,154,153,152,1,2,0.9934640522875817,0.987012987012987,0.9806451612903225
6,clab-nebula-serf33,55,1.5,154,153,152,1,2,0.9934640522875817,0.987012987012987,0.9806451612903225
6,clab-nebula-serf33,60,1.5,157,153,153,0,4,1.0,0.9745222929936306,0.9745222929936306
6,clab-nebula-serf123,5,1.5,0,0,0,0,0,0.0,0.0,0.0
6,clab-nebula-serf123,10,1.5,2,1,1,0,1,1.0,0.5,0.5
6,clab-nebula-serf123,15,1.5,11,10,5,5,6,0.5,0.45454545454545453,0.3125
6,clab-nebula-serf123,20,1.5,16,10,8,2,8,0.8,0.5,0.4444444444444444
6,clab-nebula-serf123,25,1.5,42,38,26,12,16,0.6842105263157895,0.6190476190476191,0.48148148148148145
6,clab-nebula-serf123,30,1.5,89,46,37,9,52,0.8043478260869565,0.4157303370786517,0.37755102040816324
6,clab-nebula-serf123,35,1.5,128,153,128,25,0,0.8366013071895425,1.0,0.8366013071895425
6,clab-nebula-serf123,40,1.5,143,153,143,10,0,0.934640522875817,1.0,0.934640522875817
6,clab-nebula-serf123,45,1.5,152,153,150,3,2,0.9803921568627451,0.9868421052631579,0.967741935483871
6,clab-nebula-serf123,50,1.5,158,154,154,0,4,1.0,0.9746835443037974,0.9746835443037974
6,clab-nebula-serf123,55,1.5,161,161,161,0,0,1.0,1.0,1.0
6,clab-nebula-serf123,60,1.5,161,161,161,0,0,1.0,1.0,1.0
6,clab-nebula-serf135,5,1.5,0,0,0,0,0,0.0,0.0,0.0
6,clab-nebula-serf135,10,1.5,0,0,0,0,0,0.0,0.0,0.0
6,clab-nebula-serf135,15,1.5,1,0,0,0,1,0,0.0,0.0
6,clab-nebula-serf135,20,1.5,14,14,14,0,0,1.0,1.0,1.0
6,clab-nebula-serf135,25,1.5,15,15,14,1,1,0.9333333333333333,0.9333333333333333,0.875
6,clab-nebula-serf135,30,1.5,25,39,24,15,1,0.6153846153846154,0.96,0.6
6,clab-nebula-serf135,35,1.5,42,39,32,7,10,0.8205128205128205,0.7619047619047619,0.6530612244897959
6,clab-nebula-serf135,40,1.5,54,46,39,7,15,0.8478260869565217,0.7222222222222222,0.639344262295082
6,clab-nebula-serf135,45,1.5,91,76,73,3,18,0.9605263157894737,0.8021978021978022,0.776595744680851
6,clab-nebula-serf135,50,1.5,112,135,101,34,11,0.7481481481481481,0.9017857142857143,0.6917808219178082
6,clab-nebula-serf135,55,1.5,137,153,137,16,0,0.8954248366013072,1.0,0.8954248366013072
6,clab-nebula-serf135,60,1.5,146,153,146,7,0,0.954248366013072,1.0,0.954248366013072
6,clab-nebula-serf13,5,1.5,0,0,0,0,0,0.0,0.0,0.0
6,clab-nebula-serf13,10,1.5,7,10,5,5,2,0.5,0.7142857142857143,0.4166666666666667
6,clab-nebula-serf13,15,1.5,24,16,16,0,8,1.0,0.6666666666666666,0.6666666666666666
6,clab-nebula-serf13,20,1.5,50,59,34,25,16,0.576271186440678,0.68,0.4533333333333333
6,clab-nebula-serf13,25,1.5,76,66,55,11,21,0.8333333333333334,0.7236842105263158,0.632183908045977
6,clab-nebula-serf13,30,1.5,92,66,61,5,31,0.9242424242424242,0.6630434782608695,0.6288659793814433
6,clab-nebula-serf13,35,1.5,110,115,97,18,13,0.8434782608695652,0.8818181818181818,0.7578125
6,clab-nebula-serf13,40,1.5,120,115,103,12,17,0.8956521739130435,0.8583333333333333,0.7803030303030303
6,clab-nebula-serf13,45,1.5,124,116,106,10,18,0.9137931034482759,0.8548387096774194,0.7910447761194029
6,clab-nebula-serf13,50,1.5,144,153,142,11,2,0.9281045751633987,0.9861111111111112,0.9161290322580645
6,clab-nebula-serf13,55,1.5,154,153,152,1,2,0.9934640522875817,0.987012987012987,0.9806451612903225
6,clab-nebula-serf13,60,1.5,157,153,153,0,4,1.0,0.9745222929936306,0.9745222929936306
6,clab-nebula-serf47,5,1.5,4,2,2,0,2,1.0,0.5,0.5
6,clab-nebula-serf47,10,1.5,12,17,11,6,1,0.6470588235294118,0.9166666666666666,0.6111111111111112
6,clab-nebula-serf47,15,1.5,25,18,14,4,11,0.7777777777777778,0.56,0.4827586206896552
6,clab-nebula-serf47,20,1.5,51,57,42,15,9,0.7368421052631579,0.8235294117647058,0.6363636363636364
6,clab-nebula-serf47,25,1.5,82,58,55,3,27,0.9482758620689655,0.6707317073170732,0.6470588235294118
6,clab-nebula-serf47,30,1.5,100,105,90,15,10,0.8571428571428571,0.9,0.782608695652174
6,clab-nebula-serf47,35,1.5,120,114,103,11,17,0.9035087719298246,0.8583333333333333,0.7862595419847328
6,clab-nebula-serf47,40,1.5,124,115,106,9,18,0.9217391304347826,0.8548387096774194,0.7969924812030075
6,clab-nebula-serf47,45,1.5,126,116,108,8,18,0.9310344827586207,0.8571428571428571,0.8059701492537313
6,clab-nebula-serf47,50,1.5,154,153,152,1,2,0.9934640522875817,0.987012987012987,0.9806451612903225
6,clab-nebula-serf47,55,1.5,154,153,152,1,2,0.9934640522875817,0.987012987012987,0.9806451612903225
6,clab-nebula-serf47,60,1.5,156,153,153,0,3,1.0,0.9807692307692307,0.9807692307692307
6,clab-nebula-serf84,5,1.5,0,0,0,0,0,0.0,0.0,0.0
6,clab-nebula-serf84,10,1.5,0,0,0,0,0,0.0,0.0,0.0
6,clab-nebula-serf84,15,1.5,4,1,1,0,3,1.0,0.25,0.25
6,clab-nebula-serf84,20,1.5,18,8,8,0,10,1.0,0.4444444444444444,0.4444444444444444
6,clab-nebula-serf84,25,1.5,35,8,8,0,27,1.0,0.22857142857142856,0.22857142857142856
6,clab-nebula-serf84,30,1.5,57,11,8,3,49,0.7272727272727273,0.14035087719298245,0.13333333333333333
6,clab-nebula-serf84,35,1.5,81,11,8,3,73,0.7272727272727273,0.09876543209876543,0.09523809523809523
6,clab-nebula-serf84,40,1.5,110,11,11,0,99,1.0,0.1,0.1
6,clab-nebula-serf84,45,1.5,119,11,11,0,108,1.0,0.09243697478991597,0.09243697478991597
6,clab-nebula-serf84,50,1.5,128,30,19,11,109,0.6333333333333333,0.1484375,0.1366906474820144
6,clab-nebula-serf84,55,1.5,142,153,140,13,2,0.9150326797385621,0.9859154929577465,0.9032258064516129
6,clab-nebula-serf84,60,1.5,154,154,152,2,2,0.987012987012987,0.987012987012987,0.9743589743589743
6,clab-nebula-serf92,5,1.5,0,0,0,0,0,0.0,0.0,0.0
6,clab-nebula-serf92,10,1.5,9,4,4,0,5,1.0,0.4444444444444444,0.4444444444444444
6,clab-nebula-serf92,15,1.5,30,16,16,0,14,1.0,0.5333333333333333,0.5333333333333333
6,clab-nebula-serf92,20,1.5,47,24,17,7,30,0.7083333333333334,0.3617021276595745,0.3148148148148148
6,clab-nebula-serf92,25,1.5,77,28,21,7,56,0.75,0.2727272727272727,0.25
6,clab-nebula-serf92,30,1.5,103,105,88,17,15,0.8380952380952381,0.8543689320388349,0.7333333333333333
6,clab-nebula-serf92,35,1.5,118,115,102,13,16,0.8869565217391304,0.864406779661017,0.7786259541984732
6,clab-nebula-serf92,40,1.5,123,115,105,10,18,0.9130434782608695,0.8536585365853658,0.7894736842105263
6,clab-nebula-serf92,45,1.5,137,116,107,9,30,0.9224137931034483,0.781021897810219,0.7328767123287672
6,clab-nebula-serf92,50,1.5,154,154,152,2,2,0.987012987012987,0.987012987012987,0.9743589743589743
6,clab-nebula-serf92,55,1.5,154,154,152,2,2,0.987012987012987,0.987012987012987,0.9743589743589743
6,clab-nebula-serf92,60,1.5,158,161,158,3,0,0.9813664596273292,1.0,0.9813664596273292
6,clab-nebula-serf106,5,1.5,0,0,0,0,0,0.0,0.0,0.0
6,clab-nebula-serf106,10,1.5,2,0,0,0,2,0,0.0,0.0
6,clab-nebula-serf106,15,1.5,4,0,0,0,4,0,0.0,0.0
6,clab-nebula-serf106,20,1.5,8,10,8,2,0,0.8,1.0,0.8
6,clab-nebula-serf106,25,1.5,27,35,18,17,9,0.5142857142857142,0.6666666666666666,0.4090909090909091
6,clab-nebula-serf106,30,1.5,55,38,37,1,18,0.9736842105263158,0.6727272727272727,0.6607142857142857
6,clab-nebula-serf106,35,1.5,86,57,45,12,41,0.7894736842105263,0.5232558139534884,0.45918367346938777
6,clab-nebula-serf106,40,1.5,130,153,130,23,0,0.8496732026143791,1.0,0.8496732026143791
6,clab-nebula-serf106,45,1.5,145,153,145,8,0,0.9477124183006536,1.0,0.9477124183006536
6,clab-nebula-serf106,50,1.5,153,153,152,1,1,0.9934640522875817,0.9934640522875817,0.987012987012987
6,clab-nebula-serf106,55,1.5,155,153,153,0,2,1.0,0.9870967741935484,0.9870967741935484
6,clab-nebula-serf106,60,1.5,161,153,153,0,8,1.0,0.9503105590062112,0.9503105590062112
6,clab-nebula-serf108,5,1.5,0,0,0,0,0,0.0,0.0,0.0
6,clab-nebula-serf108,10,1.5,2,0,0,0,2,0,0.0,0.0
6,clab-nebula-serf108,15,1.5,7,5,4,1,3,0.8,0.5714285714285714,0.5
6,clab-nebula-serf108,20,1.5,16,17,10,7,6,0.5882352941176471,0.625,0.43478260869565216
6,clab-nebula-serf108,25,1.5,46,35,29,6,17,0.8285714285714286,0.6304347826086957,0.5576923076923077
6,clab-nebula-serf108,30,1.5,73,58,41,17,32,0.7068965517241379,0.5616438356164384,0.45555555555555555
6,clab-nebula-serf108,35,1.5,122,97,83,14,39,0.8556701030927835,0.680327868852459,0.6102941176470589
6,clab-nebula-serf108,40,1.5,144,153,144,9,0,0.9411764705882353,1.0,0.9411764705882353
6,clab-nebula-serf108,45,1.5,149,153,149,4,0,0.9738562091503268,1.0,0.9738562091503268
6,clab-nebula-serf108,50,1.5,155,153,153,0,2,1.0,0.9870967741935484,0.9870967741935484
6,clab-nebula-serf108,55,1.5,158,153,153,0,5,1.0,0.9683544303797469,0.9683544303797469
6,clab-nebula-serf108,60,1.5,161,153,153,0,8,1.0,0.9503105590062112,0.9503105590062112
6,clab-nebula-serf119,5,1.5,2,0,0,0,2,0,0.0,0.0
6,clab-nebula-serf119,10,1.5,2,0,0,0,2,0,0.0,0.0
6,clab-nebula-serf119,15,1.5,2,0,0,0,2,0,0.0,0.0
6,clab-nebula-serf119,20,1.5,2,0,0,0,2,0,0.0,0.0
6,clab-nebula-serf119,25,1.5,3,3,3,0,0,1.0,1.0,1.0
6,clab-nebula-serf119,30,1.5,3,3,3,0,0,1.0,1.0,1.0
6,clab-nebula-serf119,35,1.5,3,3,3,0,0,1.0,1.0,1.0
6,clab-nebula-serf119,40,1.5,4,3,3,0,1,1.0,0.75,0.75
6,clab-nebula-serf119,45,1.5,5,3,3,0,2,1.0,0.6,0.6
6,clab-nebula-serf119,50,1.5,17,3,3,0,14,1.0,0.17647058823529413,0.17647058823529413
6,clab-nebula-serf119,55,1.5,27,3,3,0,24,1.0,0.1111111111111111,0.1111111111111111
6,clab-nebula-serf119,60,1.5,53,100,45,55,8,0.45,0.8490566037735849,0.4166666666666667
6,clab-nebula-serf125,5,1.5,0,0,0,0,0,0.0,0.0,0.0
6,clab-nebula-serf125,10,1.5,3,2,2,0,1,1.0,0.6666666666666666,0.6666666666666666
6,clab-nebula-serf125,15,1.5,12,22,7,15,5,0.3181818181818182,0.5833333333333334,0.25925925925925924
6,clab-nebula-serf125,20,1.5,45,39,33,6,12,0.8461538461538461,0.7333333333333333,0.6470588235294118
6,clab-nebula-serf125,25,1.5,58,39,38,1,20,0.9743589743589743,0.6551724137931034,0.6440677966101694
6,clab-nebula-serf125,30,1.5,84,76,64,12,20,0.8421052631578947,0.7619047619047619,0.6666666666666666
6,clab-nebula-serf125,35,1.5,112,95,79,16,33,0.8315789473684211,0.7053571428571429,0.6171875
6,clab-nebula-serf125,40,1.5,137,153,137,16,0,0.8954248366013072,1.0,0.8954248366013072
6,clab-nebula-serf125,45,1.5,146,153,146,7,0,0.954248366013072,1.0,0.954248366013072
6,clab-nebula-serf125,50,1.5,155,153,152,1,3,0.9934640522875817,0.9806451612903225,0.9743589743589743
6,clab-nebula-serf125,55,1.5,161,161,161,0,0,1.0,1.0,1.0
6,clab-nebula-serf125,60,1.5,161,161,161,0,0,1.0,1.0,1.0
6,clab-nebula-serf54,5,1.5,1,0,0,0,1,0,0.0,0.0
6,clab-nebula-serf54,10,1.5,11,9,7,2,4,0.7777777777777778,0.6363636363636364,0.5384615384615384
6,clab-nebula-serf54,15,1.5,35,25,20,5,15,0.8,0.5714285714285714,0.5
6,clab-nebula-serf54,20,1.5,66,38,33,5,33,0.868421052631579,0.5,0.4647887323943662
6,clab-nebula-serf54,25,1.5,83,58,52,6,31,0.896551724137931,0.6265060240963856,0.5842696629213483
6,clab-nebula-serf54,30,1.5,99,67,63,4,36,0.9402985074626866,0.6363636363636364,0.6116504854368932
6,clab-nebula-serf54,35,1.5,119,115,103,12,16,0.8956521739130435,0.865546218487395,0.7862595419847328
6,clab-nebula-serf54,40,1.5,122,115,105,10,17,0.9130434782608695,0.860655737704918,0.7954545454545454
6,clab-nebula-serf54,45,1.5,126,116,107,9,19,0.9224137931034483,0.8492063492063492,0.7925925925925926
6,clab-nebula-serf54,50,1.5,153,153,151,2,2,0.9869281045751634,0.9869281045751634,0.9741935483870968
6,clab-nebula-serf54,55,1.5,154,153,152,1,2,0.9934640522875817,0.987012987012987,0.9806451612903225
6,clab-nebula-serf54,60,1.5,157,153,153,0,4,1.0,0.9745222929936306,0.9745222929936306
6,clab-nebula-serf57,5,1.5,4,3,2,1,2,0.6666666666666666,0.5,0.4
6,clab-nebula-serf57,10,1.5,13,7,3,4,10,0.42857142857142855,0.23076923076923078,0.17647058823529413
6,clab-nebula-serf57,15,1.5,57,36,26,10,31,0.7222222222222222,0.45614035087719296,0.3880597014925373
6,clab-nebula-serf57,20,1.5,76,57,49,8,27,0.8596491228070176,0.6447368421052632,0.5833333333333334
6,clab-nebula-serf57,25,1.5,90,58,53,5,37,0.9137931034482759,0.5888888888888889,0.5578947368421052
6,clab-nebula-serf57,30,1.5,113,105,97,8,16,0.9238095238095239,0.8584070796460177,0.8016528925619835
6,clab-nebula-serf57,35,1.5,121,114,104,10,17,0.9122807017543859,0.859504132231405,0.7938931297709924
6,clab-nebula-serf57,40,1.5,124,115,106,9,18,0.9217391304347826,0.8548387096774194,0.7969924812030075
6,clab-nebula-serf57,45,1.5,144,153,142,11,2,0.9281045751633987,0.9861111111111112,0.9161290322580645
6,clab-nebula-serf57,50,1.5,154,153,152,1,2,0.9934640522875817,0.987012987012987,0.9806451612903225
6,clab-nebula-serf57,55,1.5,155,153,152,1,3,0.9934640522875817,0.9806451612903225,0.9743589743589743
6,clab-nebula-serf57,60,1.5,158,154,154,0,4,1.0,0.9746835443037974,0.9746835443037974
6,clab-nebula-serf24,5,1.5,0,0,0,0,0,0.0,0.0,0.0
6,clab-nebula-serf24,10,1.5,2,0,0,0,2,0,0.0,0.0
6,clab-nebula-serf24,15,1.5,5,1,0,1,5,0.0,0.0,0.0
6,clab-nebula-serf24,20,1.5,17,17,12,5,5,0.7058823529411765,0.7058823529411765,0.5454545454545454
6,clab-nebula-serf24,25,1.5,29,29,23,6,6,0.7931034482758621,0.7931034482758621,0.6571428571428571
6,clab-nebula-serf24,30,1.5,48,56,41,15,7,0.7321428571428571,0.8541666666666666,0.6507936507936508
6,clab-nebula-serf24,35,1.5,83,60,55,5,28,0.9166666666666666,0.6626506024096386,0.625
6,clab-nebula-serf24,40,1.5,93,105,83,22,10,0.7904761904761904,0.8924731182795699,0.7217391304347827
6,clab-nebula-serf24,45,1.5,103,105,92,13,11,0.8761904761904762,0.8932038834951457,0.7931034482758621
6,clab-nebula-serf24,50,1.5,120,114,103,11,17,0.9035087719298246,0.8583333333333333,0.7862595419847328
6,clab-nebula-serf24,55,1.5,124,115,106,9,18,0.9217391304347826,0.8548387096774194,0.7969924812030075
6,clab-nebula-serf24,60,1.5,129,153,127,26,2,0.8300653594771242,0.9844961240310077,0.8193548387096774
6,clab-nebula-serf42,5,1.5,0,0,0,0,0,0.0,0.0,0.0
6,clab-nebula-serf42,10,1.5,0,0,0,0,0,0.0,0.0,0.0
6,clab-nebula-serf42,15,1.5,2,4,1,3,1,0.25,0.5,0.2
6,clab-nebula-serf42,20,1.5,15,9,5,4,10,0.5555555555555556,0.3333333333333333,0.2631578947368421
6,clab-nebula-serf42,25,1.5,38,9,8,1,30,0.8888888888888888,0.21052631578947367,0.20512820512820512
6,clab-nebula-serf42,30,1.5,71,9,9,0,62,1.0,0.1267605633802817,0.1267605633802817
6,clab-nebula-serf42,35,1.5,88,59,56,3,32,0.9491525423728814,0.6363636363636364,0.6153846153846154
6,clab-nebula-serf42,40,1.5,101,114,90,24,11,0.7894736842105263,0.8910891089108911,0.72
6,clab-nebula-serf42,45,1.5,117,114,100,14,17,0.8771929824561403,0.8547008547008547,0.7633587786259542
6,clab-nebula-serf42,50,1.5,123,115,106,9,17,0.9217391304347826,0.8617886178861789,0.803030303030303
6,clab-nebula-serf42,55,1.5,127,115,108,7,19,0.9391304347826087,0.8503937007874016,0.8059701492537313
6,clab-nebula-serf42,60,1.5,153,153,151,2,2,0.9869281045751634,0.9869281045751634,0.9741935483870968
6,clab-nebula-serf48,5,1.5,0,0,0,0,0,0.0,0.0,0.0
6,clab-nebula-serf48,10,1.5,5,6,4,2,1,0.6666666666666666,0.8,0.5714285714285714
6,clab-nebula-serf48,15,1.5,21,18,11,7,10,0.6111111111111112,0.5238095238095238,0.39285714285714285
6,clab-nebula-serf48,20,1.5,37,18,15,3,22,0.8333333333333334,0.40540540540540543,0.375
6,clab-nebula-serf48,25,1.5,79,58,53,5,26,0.9137931034482759,0.6708860759493671,0.6309523809523809
6,clab-nebula-serf48,30,1.5,88,66,60,6,28,0.9090909090909091,0.6818181818181818,0.6382978723404256
6,clab-nebula-serf48,35,1.5,114,114,97,17,17,0.8508771929824561,0.8508771929824561,0.7404580152671756
6,clab-nebula-serf48,40,1.5,121,114,104,10,17,0.9122807017543859,0.859504132231405,0.7938931297709924
6,clab-nebula-serf48,45,1.5,124,114,106,8,18,0.9298245614035088,0.8548387096774194,0.803030303030303
6,clab-nebula-serf48,50,1.5,141,153,139,14,2,0.9084967320261438,0.9858156028368794,0.896774193548387
6,clab-nebula-serf48,55,1.5,154,153,152,1,2,0.9934640522875817,0.987012987012987,0.9806451612903225
6,clab-nebula-serf48,60,1.5,155,153,153,0,2,1.0,0.9870967741935484,0.9870967741935484
6,clab-nebula-serf2,5,1.5,0,0,0,0,0,0.0,0.0,0.0
6,clab-nebula-serf2,10,1.5,1,1,0,1,1,0.0,0.0,0.0
6,clab-nebula-serf2,15,1.5,5,13,5,8,0,0.38461538461538464,1.0,0.38461538461538464
6,clab-nebula-serf2,20,1.5,10,13,10,3,0,0.7692307692307693,1.0,0.7692307692307693
6,clab-nebula-serf2,25,1.5,19,25,19,6,0,0.76,1.0,0.76
6,clab-nebula-serf2,30,1.5,32,34,28,6,4,0.8235294117647058,0.875,0.7368421052631579
6,clab-nebula-serf2,35,1.5,67,65,48,17,19,0.7384615384615385,0.7164179104477612,0.5714285714285714
6,clab-nebula-serf2,40,1.5,84,65,58,7,26,0.8923076923076924,0.6904761904761905,0.6373626373626373
6,clab-nebula-serf2,45,1.5,99,115,89,26,10,0.7739130434782608,0.898989898989899,0.712
6,clab-nebula-serf2,50,1.5,114,116,100,16,14,0.8620689655172413,0.8771929824561403,0.7692307692307693
6,clab-nebula-serf2,55,1.5,120,153,118,35,2,0.7712418300653595,0.9833333333333333,0.7612903225806451
6,clab-nebula-serf2,60,1.5,124,153,122,31,2,0.7973856209150327,0.9838709677419355,0.7870967741935484
6,clab-nebula-serf21,5,1.5,2,0,0,0,2,0,0.0,0.0
6,clab-nebula-serf21,10,1.5,4,0,0,0,4,0,0.0,0.0
6,clab-nebula-serf21,15,1.5,16,17,12,5,4,0.7058823529411765,0.75,0.5714285714285714
6,clab-nebula-serf21,20,1.5,32,29,25,4,7,0.8620689655172413,0.78125,0.6944444444444444
6,clab-nebula-serf21,25,1.5,56,29,28,1,28,0.9655172413793104,0.5,0.49122807017543857
6,clab-nebula-serf21,30,1.5,84,60,56,4,28,0.9333333333333333,0.6666666666666666,0.6363636363636364
6,clab-nebula-serf21,35,1.5,94,67,63,4,31,0.9402985074626866,0.6702127659574468,0.6428571428571429
6,clab-nebula-serf21,40,1.5,107,114,93,21,14,0.8157894736842105,0.8691588785046729,0.7265625
6,clab-nebula-serf21,45,1.5,121,114,104,10,17,0.9122807017543859,0.859504132231405,0.7938931297709924
6,clab-nebula-serf21,50,1.5,124,114,106,8,18,0.9298245614035088,0.8548387096774194,0.803030303030303
6,clab-nebula-serf21,55,1.5,133,153,131,22,2,0.8562091503267973,0.9849624060150376,0.8451612903225807
6,clab-nebula-serf21,60,1.5,154,153,152,1,2,0.9934640522875817,0.987012987012987,0.9806451612903225
6,clab-nebula-serf67,5,1.5,0,0,0,0,0,0.0,0.0,0.0
6,clab-nebula-serf67,10,1.5,5,5,2,3,3,0.4,0.4,0.25
6,clab-nebula-serf67,15,1.5,26,16,16,0,10,1.0,0.6153846153846154,0.6153846153846154
6,clab-nebula-serf67,20,1.5,41,24,17,7,24,0.7083333333333334,0.4146341463414634,0.3541666666666667
6,clab-nebula-serf67,25,1.5,76,35,21,14,55,0.6,0.27631578947368424,0.23333333333333334
6,clab-nebula-serf67,30,1.5,98,35,28,7,70,0.8,0.2857142857142857,0.26666666666666666
6,clab-nebula-serf67,35,1.5,115,114,100,14,15,0.8771929824561403,0.8695652173913043,0.7751937984496124
6,clab-nebula-serf67,40,1.5,122,115,105,10,17,0.9130434782608695,0.860655737704918,0.7954545454545454
6,clab-nebula-serf67,45,1.5,135,116,107,9,28,0.9224137931034483,0.7925925925925926,0.7430555555555556
6,clab-nebula-serf67,50,1.5,154,154,152,2,2,0.987012987012987,0.987012987012987,0.9743589743589743
6,clab-nebula-serf67,55,1.5,154,154,152,2,2,0.987012987012987,0.987012987012987,0.9743589743589743
6,clab-nebula-serf67,60,1.5,158,161,158,3,0,0.9813664596273292,1.0,0.9813664596273292
6,clab-nebula-serf102,5,1.5,5,3,2,1,3,0.6666666666666666,0.4,0.3333333333333333
6,clab-nebula-serf102,10,1.5,7,6,6,0,1,1.0,0.8571428571428571,0.8571428571428571
6,clab-nebula-serf102,15,1.5,7,6,6,0,1,1.0,0.8571428571428571,0.8571428571428571
6,clab-nebula-serf102,20,1.5,10,9,8,1,2,0.8888888888888888,0.8,0.7272727272727273
6,clab-nebula-serf102,25,1.5,21,9,9,0,12,1.0,0.42857142857142855,0.42857142857142855
6,clab-nebula-serf102,30,1.5,40,38,28,10,12,0.7368421052631579,0.7,0.56
6,clab-nebula-serf102,35,1.5,76,115,65,50,11,0.5652173913043478,0.8552631578947368,0.5158730158730159
6,clab-nebula-serf102,40,1.5,124,153,124,29,0,0.8104575163398693,1.0,0.8104575163398693
6,clab-nebula-serf102,45,1.5,144,153,144,9,0,0.9411764705882353,1.0,0.9411764705882353
6,clab-nebula-serf102,50,1.5,157,153,153,0,4,1.0,0.9745222929936306,0.9745222929936306
6,clab-nebula-serf102,55,1.5,160,161,160,1,0,0.9937888198757764,1.0,0.9937888198757764
6,clab-nebula-serf102,60,1.5,161,161,161,0,0,1.0,1.0,1.0
6,clab-nebula-serf110,5,1.5,0,0,0,0,0,0.0,0.0,0.0
6,clab-nebula-serf110,10,1.5,0,0,0,0,0,0.0,0.0,0.0
6,clab-nebula-serf110,15,1.5,2,0,0,0,2,0,0.0,0.0
6,clab-nebula-serf110,20,1.5,7,7,6,1,1,0.8571428571428571,0.8571428571428571,0.75
6,clab-nebula-serf110,25,1.5,15,17,9,8,6,0.5294117647058824,0.6,0.391304347826087
6,clab-nebula-serf110,30,1.5,37,35,21,14,16,0.6,0.5675675675675675,0.4117647058823529
6,clab-nebula-serf110,35,1.5,69,45,38,7,31,0.8444444444444444,0.5507246376811594,0.5
6,clab-nebula-serf110,40,1.5,107,98,80,18,27,0.8163265306122449,0.7476635514018691,0.64
6,clab-nebula-serf110,45,1.5,143,153,143,10,0,0.934640522875817,1.0,0.934640522875817
6,clab-nebula-serf110,50,1.5,148,153,148,5,0,0.9673202614379085,1.0,0.9673202614379085
6,clab-nebula-serf110,55,1.5,154,153,153,0,1,1.0,0.9935064935064936,0.9935064935064936
6,clab-nebula-serf110,60,1.5,157,153,153,0,4,1.0,0.9745222929936306,0.9745222929936306
6,clab-nebula-serf132,5,1.5,0,0,0,0,0,0.0,0.0,0.0
6,clab-nebula-serf132,10,1.5,0,0,0,0,0,0.0,0.0,0.0
6,clab-nebula-serf132,15,1.5,11,14,11,3,0,0.7857142857142857,1.0,0.7857142857142857
6,clab-nebula-serf132,20,1.5,14,14,14,0,0,1.0,1.0,1.0
6,clab-nebula-serf132,25,1.5,23,39,22,17,1,0.5641025641025641,0.9565217391304348,0.55
6,clab-nebula-serf132,30,1.5,37,39,28,11,9,0.717948717948718,0.7567567567567568,0.5833333333333334
6,clab-nebula-serf132,35,1.5,48,39,36,3,12,0.9230769230769231,0.75,0.7058823529411765
6,clab-nebula-serf132,40,1.5,78,76,62,14,16,0.8157894736842105,0.7948717948717948,0.6739130434782609
6,clab-nebula-serf132,45,1.5,104,95,76,19,28,0.8,0.7307692307692307,0.6178861788617886
6,clab-nebula-serf132,50,1.5,132,153,132,21,0,0.8627450980392157,1.0,0.8627450980392157
6,clab-nebula-serf132,55,1.5,144,153,144,9,0,0.9411764705882353,1.0,0.9411764705882353
6,clab-nebula-serf132,60,1.5,151,153,150,3,1,0.9803921568627451,0.9933774834437086,0.974025974025974
6,clab-nebula-serf134,5,1.5,0,0,0,0,0,0.0,0.0,0.0
6,clab-nebula-serf134,10,1.5,0,0,0,0,0,0.0,0.0,0.0
6,clab-nebula-serf134,15,1.5,1,0,0,0,1,0,0.0,0.0
6,clab-nebula-serf134,20,1.5,14,14,14,0,0,1.0,1.0,1.0
6,clab-nebula-serf134,25,1.5,16,30,16,14,0,0.5333333333333333,1.0,0.5333333333333333
6,clab-nebula-serf134,30,1.5,26,39,24,15,2,0.6153846153846154,0.9230769230769231,0.5853658536585366
6,clab-nebula-serf134,35,1.5,43,39,33,6,10,0.8461538461538461,0.7674418604651163,0.673469387755102
6,clab-nebula-serf134,40,1.5,57,72,47,25,10,0.6527777777777778,0.8245614035087719,0.573170731707317
6,clab-nebula-serf134,45,1.5,91,78,71,7,20,0.9102564102564102,0.7802197802197802,0.7244897959183674
6,clab-nebula-serf134,50,1.5,116,153,116,37,0,0.7581699346405228,1.0,0.7581699346405228
6,clab-nebula-serf134,55,1.5,137,153,137,16,0,0.8954248366013072,1.0,0.8954248366013072
6,clab-nebula-serf134,60,1.5,147,153,147,6,0,0.9607843137254902,1.0,0.9607843137254902
6,clab-nebula-serf137,5,1.5,0,0,0,0,0,0.0,0.0,0.0
6,clab-nebula-serf137,10,1.5,0,0,0,0,0,0.0,0.0,0.0
6,clab-nebula-serf137,15,1.5,2,0,0,0,2,0,0.0,0.0
6,clab-nebula-serf137,20,1.5,14,14,14,0,0,1.0,1.0,1.0
6,clab-nebula-serf137,25,1.5,20,28,20,8,0,0.7142857142857143,1.0,0.7142857142857143
6,clab-nebula-serf137,30,1.5,26,39,24,15,2,0.6153846153846154,0.9230769230769231,0.5853658536585366
6,clab-nebula-serf137,35,1.5,44,39,34,5,10,0.8717948717948718,0.7727272727272727,0.6938775510204082
6,clab-nebula-serf137,40,1.5,55,46,39,7,16,0.8478260869565217,0.7090909090909091,0.6290322580645161
6,clab-nebula-serf137,45,1.5,90,76,71,5,19,0.9342105263157895,0.7888888888888889,0.7473684210526316
6,clab-nebula-serf137,50,1.5,115,136,102,34,13,0.75,0.8869565217391304,0.6845637583892618
6,clab-nebula-serf137,55,1.5,137,153,137,16,0,0.8954248366013072,1.0,0.8954248366013072
6,clab-nebula-serf137,60,1.5,148,153,148,5,0,0.9673202614379085,1.0,0.9673202614379085
6,clab-nebula-serf10,5,1.5,1,0,0,0,1,0,0.0,0.0
6,clab-nebula-serf10,10,1.5,9,1,1,0,8,1.0,0.1111111111111111,0.1111111111111111
6,clab-nebula-serf10,15,1.5,20,3,3,0,17,1.0,0.15,0.15
6,clab-nebula-serf10,20,1.5,40,45,33,12,7,0.7333333333333333,0.825,0.6346153846153846
6,clab-nebula-serf10,25,1.5,71,65,52,13,19,0.8,0.7323943661971831,0.6190476190476191
6,clab-nebula-serf10,30,1.5,88,67,60,7,28,0.8955223880597015,0.6818181818181818,0.631578947368421
6,clab-nebula-serf10,35,1.5,103,115,93,22,10,0.808695652173913,0.9029126213592233,0.744
6,clab-nebula-serf10,40,1.5,120,116,103,13,17,0.8879310344827587,0.8583333333333333,0.7744360902255639
6,clab-nebula-serf10,45,1.5,121,116,104,12,17,0.896551724137931,0.859504132231405,0.7819548872180451
6,clab-nebula-serf10,50,1.5,129,153,127,26,2,0.8300653594771242,0.9844961240310077,0.8193548387096774
6,clab-nebula-serf10,55,1.5,153,153,151,2,2,0.9869281045751634,0.9869281045751634,0.9741935483870968
6,clab-nebula-serf10,60,1.5,156,153,152,1,4,0.9934640522875817,0.9743589743589743,0.9681528662420382
6,clab-nebula-serf46,5,1.5,0,0,0,0,0,0.0,0.0,0.0
6,clab-nebula-serf46,10,1.5,3,0,0,0,3,0,0.0,0.0
6,clab-nebula-serf46,15,1.5,11,18,9,9,2,0.5,0.8181818181818182,0.45
6,clab-nebula-serf46,20,1.5,26,18,12,6,14,0.6666666666666666,0.46153846153846156,0.375
6,clab-nebula-serf46,25,1.5,54,18,16,2,38,0.8888888888888888,0.2962962962962963,0.2857142857142857
6,clab-nebula-serf46,30,1.5,81,58,54,4,27,0.9310344827586207,0.6666666666666666,0.6352941176470588
6,clab-nebula-serf46,35,1.5,100,105,90,15,10,0.8571428571428571,0.9,0.782608695652174
6,clab-nebula-serf46,40,1.5,121,114,104,10,17,0.9122807017543859,0.859504132231405,0.7938931297709924
6,clab-nebula-serf46,45,1.5,124,114,106,8,18,0.9298245614035088,0.8548387096774194,0.803030303030303
6,clab-nebula-serf46,50,1.5,127,116,109,7,18,0.9396551724137931,0.8582677165354331,0.8134328358208955
6,clab-nebula-serf46,55,1.5,154,153,152,1,2,0.9934640522875817,0.987012987012987,0.9806451612903225
6,clab-nebula-serf46,60,1.5,154,153,152,1,2,0.9934640522875817,0.987012987012987,0.9806451612903225
6,clab-nebula-serf74,5,1.5,0,0,0,0,0,0.0,0.0,0.0
6,clab-nebula-serf74,10,1.5,9,4,4,0,5,1.0,0.4444444444444444,0.4444444444444444
6,clab-nebula-serf74,15,1.5,26,16,16,0,10,1.0,0.6153846153846154,0.6153846153846154
6,clab-nebula-serf74,20,1.5,45,27,18,9,27,0.6666666666666666,0.4,0.3333333333333333
6,clab-nebula-serf74,25,1.5,82,28,25,3,57,0.8928571428571429,0.3048780487804878,0.29411764705882354
6,clab-nebula-serf74,30,1.5,106,114,91,23,15,0.7982456140350878,0.8584905660377359,0.7054263565891473
6,clab-nebula-serf74,35,1.5,117,115,102,13,15,0.8869565217391304,0.8717948717948718,0.7846153846153846
6,clab-nebula-serf74,40,1.5,124,115,106,9,18,0.9217391304347826,0.8548387096774194,0.7969924812030075
6,clab-nebula-serf74,45,1.5,145,153,143,10,2,0.934640522875817,0.9862068965517241,0.9225806451612903
6,clab-nebula-serf74,50,1.5,154,154,152,2,2,0.987012987012987,0.987012987012987,0.9743589743589743
6,clab-nebula-serf74,55,1.5,155,154,152,2,3,0.987012987012987,0.9806451612903225,0.9681528662420382
6,clab-nebula-serf74,60,1.5,159,161,159,2,0,0.9875776397515528,1.0,0.9875776397515528
6,clab-nebula-serf76,5,1.5,2,3,2,1,0,0.6666666666666666,1.0,0.6666666666666666
6,clab-nebula-serf76,10,1.5,25,16,16,0,9,1.0,0.64,0.64
6,clab-nebula-serf76,15,1.5,38,24,17,7,21,0.7083333333333334,0.4473684210526316,0.37777777777777777
6,clab-nebula-serf76,20,1.5,68,28,21,7,47,0.75,0.3088235294117647,0.28
6,clab-nebula-serf76,25,1.5,89,28,26,2,63,0.9285714285714286,0.29213483146067415,0.2857142857142857
6,clab-nebula-serf76,30,1.5,111,105,96,9,15,0.9142857142857143,0.8648648648648649,0.8
6,clab-nebula-serf76,35,1.5,121,115,105,10,16,0.9130434782608695,0.8677685950413223,0.8015267175572519
6,clab-nebula-serf76,40,1.5,129,116,106,10,23,0.9137931034482759,0.8217054263565892,0.762589928057554
6,clab-nebula-serf76,45,1.5,153,154,151,3,2,0.9805194805194806,0.9869281045751634,0.967948717948718
6,clab-nebula-serf76,50,1.5,154,154,152,2,2,0.987012987012987,0.987012987012987,0.9743589743589743
6,clab-nebula-serf76,55,1.5,158,161,158,3,0,0.9813664596273292,1.0,0.9813664596273292
6,clab-nebula-serf76,60,1.5,161,161,161,0,0,1.0,1.0,1.0
6,clab-nebula-serf149,5,1.5,0,0,0,0,0,0.0,0.0,0.0
6,clab-nebula-serf149,10,1.5,0,0,0,0,0,0.0,0.0,0.0
6,clab-nebula-serf149,15,1.5,1,3,1,2,0,0.3333333333333333,1.0,0.3333333333333333
6,clab-nebula-serf149,20,1.5,11,9,8,1,3,0.8888888888888888,0.7272727272727273,0.6666666666666666
6,clab-nebula-serf149,25,1.5,17,9,9,0,8,1.0,0.5294117647058824,0.5294117647058824
6,clab-nebula-serf149,30,1.5,25,10,9,1,16,0.9,0.36,0.34615384615384615
6,clab-nebula-serf149,35,1.5,48,10,9,1,39,0.9,0.1875,0.1836734693877551
6,clab-nebula-serf149,40,1.5,60,10,9,1,51,0.9,0.15,0.14754098360655737
6,clab-nebula-serf149,45,1.5,89,14,10,4,79,0.7142857142857143,0.11235955056179775,0.10752688172043011
6,clab-nebula-serf149,50,1.5,124,153,124,29,0,0.8104575163398693,1.0,0.8104575163398693
6,clab-nebula-serf149,55,1.5,143,153,143,10,0,0.934640522875817,1.0,0.934640522875817
6,clab-nebula-serf149,60,1.5,152,153,150,3,2,0.9803921568627451,0.9868421052631579,0.967741935483871
6,clab-nebula-serf20,5,1.5,2,0,0,0,2,0,0.0,0.0
6,clab-nebula-serf20,10,1.5,4,0,0,0,4,0,0.0,0.0
6,clab-nebula-serf20,15,1.5,15,17,10,7,5,0.5882352941176471,0.6666666666666666,0.45454545454545453
6,clab-nebula-serf20,20,1.5,26,29,22,7,4,0.7586206896551724,0.8461538461538461,0.6666666666666666
6,clab-nebula-serf20,25,1.5,46,56,41,15,5,0.7321428571428571,0.8913043478260869,0.6721311475409836
6,clab-nebula-serf20,30,1.5,80,60,54,6,26,0.9,0.675,0.627906976744186
6,clab-nebula-serf20,35,1.5,93,105,83,22,10,0.7904761904761904,0.8924731182795699,0.7217391304347827
6,clab-nebula-serf20,40,1.5,102,105,91,14,11,0.8666666666666667,0.8921568627450981,0.7844827586206896
6,clab-nebula-serf20,45,1.5,118,114,101,13,17,0.8859649122807017,0.8559322033898306,0.7709923664122137
6,clab-nebula-serf20,50,1.5,124,114,106,8,18,0.9298245614035088,0.8548387096774194,0.803030303030303
6,clab-nebula-serf20,55,1.5,129,153,127,26,2,0.8300653594771242,0.9844961240310077,0.8193548387096774
6,clab-nebula-serf20,60,1.5,154,153,152,1,2,0.9934640522875817,0.987012987012987,0.9806451612903225
6,clab-nebula-serf22,5,1.5,0,0,0,0,0,0.0,0.0,0.0
6,clab-nebula-serf22,10,1.5,4,0,0,0,4,0,0.0,0.0
6,clab-nebula-serf22,15,1.5,10,17,8,9,2,0.47058823529411764,0.8,0.42105263157894735
6,clab-nebula-serf22,20,1.5,23,29,21,8,2,0.7241379310344828,0.9130434782608695,0.6774193548387096
6,clab-nebula-serf22,25,1.5,41,29,26,3,15,0.896551724137931,0.6341463414634146,0.5909090909090909
6,clab-nebula-serf22,30,1.5,76,58,53,5,23,0.9137931034482759,0.6973684210526315,0.654320987654321
6,clab-nebula-serf22,35,1.5,93,105,83,22,10,0.7904761904761904,0.8924731182795699,0.7217391304347827
6,clab-nebula-serf22,40,1.5,98,105,87,18,11,0.8285714285714286,0.8877551020408163,0.75
6,clab-nebula-serf22,45,1.5,117,114,100,14,17,0.8771929824561403,0.8547008547008547,0.7633587786259542
6,clab-nebula-serf22,50,1.5,122,114,104,10,18,0.9122807017543859,0.8524590163934426,0.7878787878787878
6,clab-nebula-serf22,55,1.5,125,115,107,8,18,0.9304347826086956,0.856,0.8045112781954887
6,clab-nebula-serf22,60,1.5,153,153,151,2,2,0.9869281045751634,0.9869281045751634,0.9741935483870968
6,clab-nebula-serf160,5,1.5,4,2,2,0,2,1.0,0.5,0.5
6,clab-nebula-serf160,10,1.5,4,2,2,0,2,1.0,0.5,0.5
6,clab-nebula-serf160,15,1.5,5,4,4,0,1,1.0,0.8,0.8
6,clab-nebula-serf160,20,1.5,10,25,9,16,1,0.36,0.9,0.34615384615384615
6,clab-nebula-serf160,25,1.5,25,26,18,8,7,0.6923076923076923,0.72,0.5454545454545454
6,clab-nebula-serf160,30,1.5,37,39,27,12,10,0.6923076923076923,0.7297297297297297,0.5510204081632653
6,clab-nebula-serf160,35,1.5,43,39,32,7,11,0.8205128205128205,0.7441860465116279,0.64
6,clab-nebula-serf160,40,1.5,58,39,38,1,20,0.9743589743589743,0.6551724137931034,0.6440677966101694
6,clab-nebula-serf160,45,1.5,82,77,61,16,21,0.7922077922077922,0.7439024390243902,0.6224489795918368
6,clab-nebula-serf160,50,1.5,118,95,80,15,38,0.8421052631578947,0.6779661016949152,0.6015037593984962
6,clab-nebula-serf160,55,1.5,139,153,139,14,0,0.9084967320261438,1.0,0.9084967320261438
6,clab-nebula-serf160,60,1.5,149,153,149,4,0,0.9738562091503268,1.0,0.9738562091503268
6,clab-nebula-serf31,5,1.5,1,0,0,0,1,0,0.0,0.0
6,clab-nebula-serf31,10,1.5,13,17,9,8,4,0.5294117647058824,0.6923076923076923,0.42857142857142855
6,clab-nebula-serf31,15,1.5,28,29,22,7,6,0.7586206896551724,0.7857142857142857,0.6285714285714286
6,clab-nebula-serf31,20,1.5,45,29,27,2,18,0.9310344827586207,0.6,0.574468085106383
6,clab-nebula-serf31,25,1.5,80,58,53,5,27,0.9137931034482759,0.6625,0.6235294117647059
6,clab-nebula-serf31,30,1.5,93,105,83,22,10,0.7904761904761904,0.8924731182795699,0.7217391304347827
6,clab-nebula-serf31,35,1.5,102,105,91,14,11,0.8666666666666667,0.8921568627450981,0.7844827586206896
6,clab-nebula-serf31,40,1.5,119,114,102,12,17,0.8947368421052632,0.8571428571428571,0.7786259541984732
6,clab-nebula-serf31,45,1.5,124,114,106,8,18,0.9298245614035088,0.8548387096774194,0.803030303030303
6,clab-nebula-serf31,50,1.5,129,153,127,26,2,0.8300653594771242,0.9844961240310077,0.8193548387096774
6,clab-nebula-serf31,55,1.5,154,153,152,1,2,0.9934640522875817,0.987012987012987,0.9806451612903225
6,clab-nebula-serf31,60,1.5,154,153,152,1,2,0.9934640522875817,0.987012987012987,0.9806451612903225
6,clab-nebula-serf93,5,1.5,3,0,0,0,3,0,0.0,0.0
6,clab-nebula-serf93,10,1.5,16,16,10,6,6,0.625,0.625,0.45454545454545453
6,clab-nebula-serf93,15,1.5,37,16,16,0,21,1.0,0.43243243243243246,0.43243243243243246
6,clab-nebula-serf93,20,1.5,59,28,19,9,40,0.6785714285714286,0.3220338983050847,0.27941176470588236
6,clab-nebula-serf93,25,1.5,83,28,23,5,60,0.8214285714285714,0.27710843373493976,0.26136363636363635
6,clab-nebula-serf93,30,1.5,110,105,95,10,15,0.9047619047619048,0.8636363636363636,0.7916666666666666
6,clab-nebula-serf93,35,1.5,119,114,103,11,16,0.9035087719298246,0.865546218487395,0.7923076923076923
6,clab-nebula-serf93,40,1.5,125,116,106,10,19,0.9137931034482759,0.848,0.7851851851851852
6,clab-nebula-serf93,45,1.5,142,153,140,13,2,0.9150326797385621,0.9859154929577465,0.9032258064516129
6,clab-nebula-serf93,50,1.5,154,154,152,2,2,0.987012987012987,0.987012987012987,0.9743589743589743
6,clab-nebula-serf93,55,1.5,156,161,156,5,0,0.968944099378882,1.0,0.968944099378882
6,clab-nebula-serf93,60,1.5,161,161,161,0,0,1.0,1.0,1.0
6,clab-nebula-serf122,5,1.5,0,0,0,0,0,0.0,0.0,0.0
6,clab-nebula-serf122,10,1.5,0,0,0,0,0,0.0,0.0,0.0
6,clab-nebula-serf122,15,1.5,8,2,2,0,6,1.0,0.25,0.25
6,clab-nebula-serf122,20,1.5,15,2,2,0,13,1.0,0.13333333333333333,0.13333333333333333
6,clab-nebula-serf122,25,1.5,22,2,2,0,20,1.0,0.09090909090909091,0.09090909090909091
6,clab-nebula-serf122,30,1.5,61,30,12,18,49,0.4,0.19672131147540983,0.1518987341772152
6,clab-nebula-serf122,35,1.5,106,95,74,21,32,0.7789473684210526,0.6981132075471698,0.5826771653543307
6,clab-nebula-serf122,40,1.5,133,153,133,20,0,0.869281045751634,1.0,0.869281045751634
6,clab-nebula-serf122,45,1.5,144,153,144,9,0,0.9411764705882353,1.0,0.9411764705882353
6,clab-nebula-serf122,50,1.5,154,153,152,1,2,0.9934640522875817,0.987012987012987,0.9806451612903225
6,clab-nebula-serf122,55,1.5,161,161,161,0,0,1.0,1.0,1.0
6,clab-nebula-serf122,60,1.5,161,161,161,0,0,1.0,1.0,1.0
6,clab-nebula-serf38,5,1.5,0,0,0,0,0,0.0,0.0,0.0
6,clab-nebula-serf38,10,1.5,4,0,0,0,4,0,0.0,0.0
6,clab-nebula-serf38,15,1.5,24,9,7,2,17,0.7777777777777778,0.2916666666666667,0.2692307692307692
6,clab-nebula-serf38,20,1.5,56,9,9,0,47,1.0,0.16071428571428573,0.16071428571428573
6,clab-nebula-serf38,25,1.5,82,58,54,4,28,0.9310344827586207,0.6585365853658537,0.627906976744186
6,clab-nebula-serf38,30,1.5,92,58,55,3,37,0.9482758620689655,0.5978260869565217,0.5789473684210527
6,clab-nebula-serf38,35,1.5,107,114,93,21,14,0.8157894736842105,0.8691588785046729,0.7265625
6,clab-nebula-serf38,40,1.5,121,114,104,10,17,0.9122807017543859,0.859504132231405,0.7938931297709924
6,clab-nebula-serf38,45,1.5,124,115,106,9,18,0.9217391304347826,0.8548387096774194,0.7969924812030075
6,clab-nebula-serf38,50,1.5,133,153,131,22,2,0.8562091503267973,0.9849624060150376,0.8451612903225807
6,clab-nebula-serf38,55,1.5,154,153,152,1,2,0.9934640522875817,0.987012987012987,0.9806451612903225
6,clab-nebula-serf38,60,1.5,154,153,152,1,2,0.9934640522875817,0.987012987012987,0.9806451612903225
6,clab-nebula-serf55,5,1.5,0,0,0,0,0,0.0,0.0,0.0
6,clab-nebula-serf55,10,1.5,9,2,2,0,7,1.0,0.2222222222222222,0.2222222222222222
6,clab-nebula-serf55,15,1.5,23,21,16,5,7,0.7619047619047619,0.6956521739130435,0.5714285714285714
6,clab-nebula-serf55,20,1.5,64,37,31,6,33,0.8378378378378378,0.484375,0.44285714285714284
6,clab-nebula-serf55,25,1.5,83,58,52,6,31,0.896551724137931,0.6265060240963856,0.5842696629213483
6,clab-nebula-serf55,30,1.5,96,105,87,18,9,0.8285714285714286,0.90625,0.7631578947368421
6,clab-nebula-serf55,35,1.5,119,115,103,12,16,0.8956521739130435,0.865546218487395,0.7862595419847328
6,clab-nebula-serf55,40,1.5,121,115,104,11,17,0.9043478260869565,0.859504132231405,0.7878787878787878
6,clab-nebula-serf55,45,1.5,126,116,107,9,19,0.9224137931034483,0.8492063492063492,0.7925925925925926
6,clab-nebula-serf55,50,1.5,153,153,151,2,2,0.9869281045751634,0.9869281045751634,0.9741935483870968
6,clab-nebula-serf55,55,1.5,154,153,152,1,2,0.9934640522875817,0.987012987012987,0.9806451612903225
6,clab-nebula-serf55,60,1.5,157,153,153,0,4,1.0,0.9745222929936306,0.9745222929936306
6,clab-nebula-serf79,5,1.5,6,3,2,1,4,0.6666666666666666,0.3333333333333333,0.2857142857142857
6,clab-nebula-serf79,10,1.5,26,16,16,0,10,1.0,0.6153846153846154,0.6153846153846154
6,clab-nebula-serf79,15,1.5,41,24,17,7,24,0.7083333333333334,0.4146341463414634,0.3541666666666667
6,clab-nebula-serf79,20,1.5,76,28,21,7,55,0.75,0.27631578947368424,0.25301204819277107
6,clab-nebula-serf79,25,1.5,96,28,26,2,70,0.9285714285714286,0.2708333333333333,0.2653061224489796
6,clab-nebula-serf79,30,1.5,116,115,101,14,15,0.8782608695652174,0.8706896551724138,0.7769230769230769
6,clab-nebula-serf79,35,1.5,121,115,105,10,16,0.9130434782608695,0.8677685950413223,0.8015267175572519
6,clab-nebula-serf79,40,1.5,135,116,107,9,28,0.9224137931034483,0.7925925925925926,0.7430555555555556
6,clab-nebula-serf79,45,1.5,153,154,151,3,2,0.9805194805194806,0.9869281045751634,0.967948717948718
6,clab-nebula-serf79,50,1.5,154,154,152,2,2,0.987012987012987,0.987012987012987,0.9743589743589743
6,clab-nebula-serf79,55,1.5,158,154,154,0,4,1.0,0.9746835443037974,0.9746835443037974
6,clab-nebula-serf79,60,1.5,161,161,161,0,0,1.0,1.0,1.0
6,clab-nebula-serf113,5,1.5,1,0,0,0,1,0,0.0,0.0
6,clab-nebula-serf113,10,1.5,1,0,0,0,1,0,0.0,0.0
6,clab-nebula-serf113,15,1.5,3,1,1,0,2,1.0,0.3333333333333333,0.3333333333333333
6,clab-nebula-serf113,20,1.5,19,9,7,2,12,0.7777777777777778,0.3684210526315789,0.3333333333333333
6,clab-nebula-serf113,25,1.5,28,57,20,37,8,0.3508771929824561,0.7142857142857143,0.3076923076923077
6,clab-nebula-serf113,30,1.5,65,98,54,44,11,0.5510204081632653,0.8307692307692308,0.4954128440366973
6,clab-nebula-serf113,35,1.5,105,115,92,23,13,0.8,0.8761904761904762,0.71875
6,clab-nebula-serf113,40,1.5,139,153,138,15,1,0.9019607843137255,0.9928057553956835,0.8961038961038961
6,clab-nebula-serf113,45,1.5,156,161,156,5,0,0.968944099378882,1.0,0.968944099378882
6,clab-nebula-serf113,50,1.5,159,161,159,2,0,0.9875776397515528,1.0,0.9875776397515528
6,clab-nebula-serf113,55,1.5,161,161,161,0,0,1.0,1.0,1.0
6,clab-nebula-serf113,60,1.5,161,161,161,0,0,1.0,1.0,1.0
6,clab-nebula-serf120,5,1.5,2,0,0,0,2,0,0.0,0.0
6,clab-nebula-serf120,10,1.5,2,0,0,0,2,0,0.0,0.0
6,clab-nebula-serf120,15,1.5,2,0,0,0,2,0,0.0,0.0
6,clab-nebula-serf120,20,1.5,2,0,0,0,2,0,0.0,0.0
6,clab-nebula-serf120,25,1.5,2,0,0,0,2,0,0.0,0.0
6,clab-nebula-serf120,30,1.5,3,3,3,0,0,1.0,1.0,1.0
6,clab-nebula-serf120,35,1.5,3,3,3,0,0,1.0,1.0,1.0
6,clab-nebula-serf120,40,1.5,3,3,3,0,0,1.0,1.0,1.0
6,clab-nebula-serf120,45,1.5,5,3,3,0,2,1.0,0.6,0.6
6,clab-nebula-serf120,50,1.5,14,3,3,0,11,1.0,0.21428571428571427,0.21428571428571427
6,clab-nebula-serf120,55,1.5,24,3,3,0,21,1.0,0.125,0.125
6,clab-nebula-serf120,60,1.5,48,100,41,59,7,0.41,0.8541666666666666,0.38317757009345793
6,clab-nebula-serf128,5,1.5,0,0,0,0,0,0.0,0.0,0.0
6,clab-nebula-serf128,10,1.5,2,0,0,0,2,0,0.0,0.0
6,clab-nebula-serf128,15,1.5,6,2,2,0,4,1.0,0.3333333333333333,0.3333333333333333
6,clab-nebula-serf128,20,1.5,20,17,10,7,10,0.5882352941176471,0.5,0.37037037037037035
6,clab-nebula-serf128,25,1.5,48,38,32,6,16,0.8421052631578947,0.6666666666666666,0.5925925925925926
6,clab-nebula-serf128,30,1.5,73,57,42,15,31,0.7368421052631579,0.5753424657534246,0.4772727272727273
6,clab-nebula-serf128,35,1.5,111,97,82,15,29,0.845360824742268,0.7387387387387387,0.6507936507936508
6,clab-nebula-serf128,40,1.5,145,153,145,8,0,0.9477124183006536,1.0,0.9477124183006536
6,clab-nebula-serf128,45,1.5,150,153,150,3,0,0.9803921568627451,1.0,0.9803921568627451
6,clab-nebula-serf128,50,1.5,155,153,153,0,2,1.0,0.9870967741935484,0.9870967741935484
6,clab-nebula-serf128,55,1.5,159,153,153,0,6,1.0,0.9622641509433962,0.9622641509433962
6,clab-nebula-serf128,60,1.5,161,153,153,0,8,1.0,0.9503105590062112,0.9503105590062112
6,clab-nebula-serf8,5,1.5,0,0,0,0,0,0.0,0.0,0.0
6,clab-nebula-serf8,10,1.5,5,3,3,0,2,1.0,0.6,0.6
6,clab-nebula-serf8,15,1.5,13,19,9,10,4,0.47368421052631576,0.6923076923076923,0.391304347826087
6,clab-nebula-serf8,20,1.5,23,45,23,22,0,0.5111111111111111,1.0,0.5111111111111111
6,clab-nebula-serf8,25,1.5,44,45,34,11,10,0.7555555555555555,0.7727272727272727,0.6181818181818182
6,clab-nebula-serf8,30,1.5,76,65,54,11,22,0.8307692307692308,0.7105263157894737,0.6206896551724138
6,clab-nebula-serf8,35,1.5,89,105,81,24,8,0.7714285714285715,0.9101123595505618,0.7168141592920354
6,clab-nebula-serf8,40,1.5,105,115,95,20,10,0.8260869565217391,0.9047619047619048,0.76
6,clab-nebula-serf8,45,1.5,120,116,103,13,17,0.8879310344827587,0.8583333333333333,0.7744360902255639
6,clab-nebula-serf8,50,1.5,122,116,105,11,17,0.9051724137931034,0.860655737704918,0.7894736842105263
6,clab-nebula-serf8,55,1.5,130,153,128,25,2,0.8366013071895425,0.9846153846153847,0.8258064516129032
6,clab-nebula-serf8,60,1.5,153,153,151,2,2,0.9869281045751634,0.9869281045751634,0.9741935483870968
6,clab-nebula-serf27,5,1.5,0,0,0,0,0,0.0,0.0,0.0
6,clab-nebula-serf27,10,1.5,3,0,0,0,3,0,0.0,0.0
6,clab-nebula-serf27,15,1.5,7,0,0,0,7,0,0.0,0.0
6,clab-nebula-serf27,20,1.5,13,10,1,9,12,0.1,0.07692307692307693,0.045454545454545456
6,clab-nebula-serf27,25,1.5,24,29,22,7,2,0.7586206896551724,0.9166666666666666,0.7096774193548387
6,clab-nebula-serf27,30,1.5,38,56,35,21,3,0.625,0.9210526315789473,0.5932203389830508
6,clab-nebula-serf27,35,1.5,75,65,58,7,17,0.8923076923076924,0.7733333333333333,0.7073170731707317
6,clab-nebula-serf27,40,1.5,92,65,63,2,29,0.9692307692307692,0.6847826086956522,0.6702127659574468
6,clab-nebula-serf27,45,1.5,98,114,87,27,11,0.7631578947368421,0.8877551020408163,0.696
6,clab-nebula-serf27,50,1.5,117,115,100,15,17,0.8695652173913043,0.8547008547008547,0.7575757575757576
6,clab-nebula-serf27,55,1.5,122,115,104,11,18,0.9043478260869565,0.8524590163934426,0.7819548872180451
6,clab-nebula-serf27,60,1.5,125,116,107,9,18,0.9224137931034483,0.856,0.7985074626865671
6,clab-nebula-serf78,5,1.5,0,0,0,0,0,0.0,0.0,0.0
6,clab-nebula-serf78,10,1.5,9,4,3,1,6,0.75,0.3333333333333333,0.3
6,clab-nebula-serf78,15,1.5,27,16,16,0,11,1.0,0.5925925925925926,0.5925925925925926
6,clab-nebula-serf78,20,1.5,48,27,18,9,30,0.6666666666666666,0.375,0.3157894736842105
6,clab-nebula-serf78,25,1.5,80,28,23,5,57,0.8214285714285714,0.2875,0.27058823529411763
6,clab-nebula-serf78,30,1.5,102,35,28,7,74,0.8,0.27450980392156865,0.25688073394495414
6,clab-nebula-serf78,35,1.5,118,115,102,13,16,0.8869565217391304,0.864406779661017,0.7786259541984732
6,clab-nebula-serf78,40,1.5,123,115,106,9,17,0.9217391304347826,0.8617886178861789,0.803030303030303
6,clab-nebula-serf78,45,1.5,140,116,110,6,30,0.9482758620689655,0.7857142857142857,0.7534246575342466
6,clab-nebula-serf78,50,1.5,154,154,152,2,2,0.987012987012987,0.987012987012987,0.9743589743589743
6,clab-nebula-serf78,55,1.5,155,154,152,2,3,0.987012987012987,0.9806451612903225,0.9681528662420382
6,clab-nebula-serf78,60,1.5,158,154,154,0,4,1.0,0.9746835443037974,0.9746835443037974
6,clab-nebula-serf104,5,1.5,1,0,0,0,1,0,0.0,0.0
6,clab-nebula-serf104,10,1.5,3,0,0,0,3,0,0.0,0.0
6,clab-nebula-serf104,15,1.5,8,5,5,0,3,1.0,0.625,0.625
6,clab-nebula-serf104,20,1.5,25,35,16,19,9,0.45714285714285713,0.64,0.36363636363636365
6,clab-nebula-serf104,25,1.5,54,38,36,2,18,0.9473684210526315,0.6666666666666666,0.6428571428571429
6,clab-nebula-serf104,30,1.5,87,57,45,12,42,0.7894736842105263,0.5172413793103449,0.45454545454545453
6,clab-nebula-serf104,35,1.5,130,153,130,23,0,0.8496732026143791,1.0,0.8496732026143791
6,clab-nebula-serf104,40,1.5,145,153,145,8,0,0.9477124183006536,1.0,0.9477124183006536
6,clab-nebula-serf104,45,1.5,153,153,152,1,1,0.9934640522875817,0.9934640522875817,0.987012987012987
6,clab-nebula-serf104,50,1.5,155,153,153,0,2,1.0,0.9870967741935484,0.9870967741935484
6,clab-nebula-serf104,55,1.5,159,153,153,0,6,1.0,0.9622641509433962,0.9622641509433962
6,clab-nebula-serf104,60,1.5,161,153,153,0,8,1.0,0.9503105590062112,0.9503105590062112
6,clab-nebula-serf133,5,1.5,0,0,0,0,0,0.0,0.0,0.0
6,clab-nebula-serf133,10,1.5,0,0,0,0,0,0.0,0.0,0.0
6,clab-nebula-serf133,15,1.5,1,0,0,0,1,0,0.0,0.0
6,clab-nebula-serf133,20,1.5,14,14,14,0,0,1.0,1.0,1.0
6,clab-nebula-serf133,25,1.5,16,25,16,9,0,0.64,1.0,0.64
6,clab-nebula-serf133,30,1.5,26,39,24,15,2,0.6153846153846154,0.9230769230769231,0.5853658536585366
6,clab-nebula-serf133,35,1.5,44,39,34,5,10,0.8717948717948718,0.7727272727272727,0.6938775510204082
6,clab-nebula-serf133,40,1.5,59,69,47,22,12,0.6811594202898551,0.7966101694915254,0.5802469135802469
6,clab-nebula-serf133,45,1.5,92,76,72,4,20,0.9473684210526315,0.782608695652174,0.75
6,clab-nebula-serf133,50,1.5,117,153,117,36,0,0.7647058823529411,1.0,0.7647058823529411
6,clab-nebula-serf133,55,1.5,137,153,137,16,0,0.8954248366013072,1.0,0.8954248366013072
6,clab-nebula-serf133,60,1.5,149,153,149,4,0,0.9738562091503268,1.0,0.9738562091503268
6,clab-nebula-serf64,5,1.5,0,0,0,0,0,0.0,0.0,0.0
6,clab-nebula-serf64,10,1.5,0,0,0,0,0,0.0,0.0,0.0
6,clab-nebula-serf64,15,1.5,0,0,0,0,0,0.0,0.0,0.0
6,clab-nebula-serf64,20,1.5,7,1,0,1,7,0.0,0.0,0.0
6,clab-nebula-serf64,25,1.5,46,52,27,25,19,0.5192307692307693,0.5869565217391305,0.38028169014084506
6,clab-nebula-serf64,30,1.5,69,57,41,16,28,0.7192982456140351,0.5942028985507246,0.4823529411764706
6,clab-nebula-serf64,35,1.5,100,97,84,13,16,0.865979381443299,0.84,0.7433628318584071
6,clab-nebula-serf64,40,1.5,116,97,95,2,21,0.979381443298969,0.8189655172413793,0.8050847457627118
6,clab-nebula-serf64,45,1.5,123,114,105,9,18,0.9210526315789473,0.8536585365853658,0.7954545454545454
6,clab-nebula-serf64,50,1.5,128,153,126,27,2,0.8235294117647058,0.984375,0.8129032258064516
6,clab-nebula-serf64,55,1.5,154,153,152,1,2,0.9934640522875817,0.987012987012987,0.9806451612903225
6,clab-nebula-serf64,60,1.5,154,153,152,1,2,0.9934640522875817,0.987012987012987,0.9806451612903225
6,clab-nebula-serf73,5,1.5,4,0,0,0,4,0,0.0,0.0
6,clab-nebula-serf73,10,1.5,25,16,16,0,9,1.0,0.64,0.64
6,clab-nebula-serf73,15,1.5,39,24,17,7,22,0.7083333333333334,0.4358974358974359,0.3695652173913043
6,clab-nebula-serf73,20,1.5,69,28,21,7,48,0.75,0.30434782608695654,0.27631578947368424
6,clab-nebula-serf73,25,1.5,89,28,26,2,63,0.9285714285714286,0.29213483146067415,0.2857142857142857
6,clab-nebula-serf73,30,1.5,113,114,98,16,15,0.8596491228070176,0.8672566371681416,0.7596899224806202
6,clab-nebula-serf73,35,1.5,121,115,105,10,16,0.9130434782608695,0.8677685950413223,0.8015267175572519
6,clab-nebula-serf73,40,1.5,130,116,106,10,24,0.9137931034482759,0.8153846153846154,0.7571428571428571
6,clab-nebula-serf73,45,1.5,151,154,149,5,2,0.9675324675324676,0.9867549668874173,0.9551282051282052
6,clab-nebula-serf73,50,1.5,154,154,152,2,2,0.987012987012987,0.987012987012987,0.9743589743589743
6,clab-nebula-serf73,55,1.5,158,154,154,0,4,1.0,0.9746835443037974,0.9746835443037974
6,clab-nebula-serf73,60,1.5,161,161,161,0,0,1.0,1.0,1.0
6,clab-nebula-serf118,5,1.5,2,0,0,0,2,0,0.0,0.0
6,clab-nebula-serf118,10,1.5,2,0,0,0,2,0,0.0,0.0
6,clab-nebula-serf118,15,1.5,2,0,0,0,2,0,0.0,0.0
6,clab-nebula-serf118,20,1.5,2,0,0,0,2,0,0.0,0.0
6,clab-nebula-serf118,25,1.5,2,0,0,0,2,0,0.0,0.0
6,clab-nebula-serf118,30,1.5,3,3,3,0,0,1.0,1.0,1.0
6,clab-nebula-serf118,35,1.5,3,3,3,0,0,1.0,1.0,1.0
6,clab-nebula-serf118,40,1.5,3,3,3,0,0,1.0,1.0,1.0
6,clab-nebula-serf118,45,1.5,5,3,3,0,2,1.0,0.6,0.6
6,clab-nebula-serf118,50,1.5,15,3,3,0,12,1.0,0.2,0.2
6,clab-nebula-serf118,55,1.5,25,3,3,0,22,1.0,0.12,0.12
6,clab-nebula-serf118,60,1.5,48,100,40,60,8,0.4,0.8333333333333334,0.37037037037037035
6,clab-nebula-serf5,5,1.5,0,0,0,0,0,0.0,0.0,0.0
6,clab-nebula-serf5,10,1.5,3,3,3,0,0,1.0,1.0,1.0
6,clab-nebula-serf5,15,1.5,7,11,7,4,0,0.6363636363636364,1.0,0.6363636363636364
6,clab-nebula-serf5,20,1.5,14,25,14,11,0,0.56,1.0,0.56
6,clab-nebula-serf5,25,1.5,19,25,19,6,0,0.76,1.0,0.76
6,clab-nebula-serf5,30,1.5,46,65,39,26,7,0.6,0.8478260869565217,0.5416666666666666
6,clab-nebula-serf5,35,1.5,80,65,55,10,25,0.8461538461538461,0.6875,0.6111111111111112
6,clab-nebula-serf5,40,1.5,92,114,82,32,10,0.7192982456140351,0.8913043478260869,0.6612903225806451
6,clab-nebula-serf5,45,1.5,108,116,97,19,11,0.8362068965517241,0.8981481481481481,0.7637795275590551
6,clab-nebula-serf5,50,1.5,118,154,116,38,2,0.7532467532467533,0.9830508474576272,0.7435897435897436
6,clab-nebula-serf5,55,1.5,121,154,119,35,2,0.7727272727272727,0.9834710743801653,0.7628205128205128
6,clab-nebula-serf5,60,1.5,143,154,141,13,2,0.9155844155844156,0.986013986013986,0.9038461538461539
6,clab-nebula-serf87,5,1.5,3,3,3,0,0,1.0,1.0,1.0
6,clab-nebula-serf87,10,1.5,3,3,3,0,0,1.0,1.0,1.0
6,clab-nebula-serf87,15,1.5,11,8,7,1,4,0.875,0.6363636363636364,0.5833333333333334
6,clab-nebula-serf87,20,1.5,24,8,8,0,16,1.0,0.3333333333333333,0.3333333333333333
6,clab-nebula-serf87,25,1.5,49,8,8,0,41,1.0,0.16326530612244897,0.16326530612244897
6,clab-nebula-serf87,30,1.5,80,11,8,3,72,0.7272727272727273,0.1,0.0963855421686747
6,clab-nebula-serf87,35,1.5,108,11,11,0,97,1.0,0.10185185185185185,0.10185185185185185
6,clab-nebula-serf87,40,1.5,120,26,14,12,106,0.5384615384615384,0.11666666666666667,0.10606060606060606
6,clab-nebula-serf87,45,1.5,132,27,25,2,107,0.9259259259259259,0.1893939393939394,0.1865671641791045
6,clab-nebula-serf87,50,1.5,145,154,143,11,2,0.9285714285714286,0.9862068965517241,0.9166666666666666
6,clab-nebula-serf87,55,1.5,155,154,153,1,2,0.9935064935064936,0.9870967741935484,0.9807692307692307
6,clab-nebula-serf87,60,1.5,158,161,158,3,0,0.9813664596273292,1.0,0.9813664596273292
6,clab-nebula-serf88,5,1.5,3,3,3,0,0,1.0,1.0,1.0
6,clab-nebula-serf88,10,1.5,3,3,3,0,0,1.0,1.0,1.0
6,clab-nebula-serf88,15,1.5,8,6,5,1,3,0.8333333333333334,0.625,0.5555555555555556
6,clab-nebula-serf88,20,1.5,19,8,8,0,11,1.0,0.42105263157894735,0.42105263157894735
6,clab-nebula-serf88,25,1.5,42,8,8,0,34,1.0,0.19047619047619047,0.19047619047619047
6,clab-nebula-serf88,30,1.5,72,11,8,3,64,0.7272727272727273,0.1111111111111111,0.10666666666666667
6,clab-nebula-serf88,35,1.5,100,11,10,1,90,0.9090909090909091,0.1,0.09900990099009901
6,clab-nebula-serf88,40,1.5,120,11,11,0,109,1.0,0.09166666666666666,0.09166666666666666
6,clab-nebula-serf88,45,1.5,127,30,21,9,106,0.7,0.16535433070866143,0.15441176470588236
6,clab-nebula-serf88,50,1.5,136,30,27,3,109,0.9,0.19852941176470587,0.19424460431654678
6,clab-nebula-serf88,55,1.5,154,161,154,7,0,0.9565217391304348,1.0,0.9565217391304348
6,clab-nebula-serf88,60,1.5,158,161,158,3,0,0.9813664596273292,1.0,0.9813664596273292
6,clab-nebula-serf153,5,1.5,0,0,0,0,0,0.0,0.0,0.0
6,clab-nebula-serf153,10,1.5,0,0,0,0,0,0.0,0.0,0.0
6,clab-nebula-serf153,15,1.5,1,0,0,0,1,0,0.0,0.0
6,clab-nebula-serf153,20,1.5,9,1,0,1,9,0.0,0.0,0.0
6,clab-nebula-serf153,25,1.5,12,1,1,0,11,1.0,0.08333333333333333,0.08333333333333333
6,clab-nebula-serf153,30,1.5,24,10,9,1,15,0.9,0.375,0.36
6,clab-nebula-serf153,35,1.5,42,10,9,1,33,0.9,0.21428571428571427,0.20930232558139536
6,clab-nebula-serf153,40,1.5,55,10,9,1,46,0.9,0.16363636363636364,0.16071428571428573
6,clab-nebula-serf153,45,1.5,81,14,10,4,71,0.7142857142857143,0.12345679012345678,0.11764705882352941
6,clab-nebula-serf153,50,1.5,114,15,12,3,102,0.8,0.10526315789473684,0.10256410256410256
6,clab-nebula-serf153,55,1.5,137,153,137,16,0,0.8954248366013072,1.0,0.8954248366013072
6,clab-nebula-serf153,60,1.5,148,153,146,7,2,0.954248366013072,0.9864864864864865,0.9419354838709677
6,clab-nebula-serf53,5,1.5,0,0,0,0,0,0.0,0.0,0.0
6,clab-nebula-serf53,10,1.5,8,6,4,2,4,0.6666666666666666,0.5,0.4
6,clab-nebula-serf53,15,1.5,25,25,16,9,9,0.64,0.64,0.47058823529411764
6,clab-nebula-serf53,20,1.5,64,38,31,7,33,0.8157894736842105,0.484375,0.43661971830985913
6,clab-nebula-serf53,25,1.5,81,58,51,7,30,0.8793103448275862,0.6296296296296297,0.5795454545454546
6,clab-nebula-serf53,30,1.5,97,66,62,4,35,0.9393939393939394,0.6391752577319587,0.6138613861386139
6,clab-nebula-serf53,35,1.5,118,115,102,13,16,0.8869565217391304,0.864406779661017,0.7786259541984732
6,clab-nebula-serf53,40,1.5,121,115,104,11,17,0.9043478260869565,0.859504132231405,0.7878787878787878
6,clab-nebula-serf53,45,1.5,125,116,106,10,19,0.9137931034482759,0.848,0.7851851851851852
6,clab-nebula-serf53,50,1.5,151,153,149,4,2,0.9738562091503268,0.9867549668874173,0.9612903225806452
6,clab-nebula-serf53,55,1.5,154,153,152,1,2,0.9934640522875817,0.987012987012987,0.9806451612903225
6,clab-nebula-serf53,60,1.5,157,153,153,0,4,1.0,0.9745222929936306,0.9745222929936306
6,clab-nebula-serf69,5,1.5,0,0,0,0,0,0.0,0.0,0.0
6,clab-nebula-serf69,10,1.5,14,5,3,2,11,0.6,0.21428571428571427,0.1875
6,clab-nebula-serf69,15,1.5,31,9,6,3,25,0.6666666666666666,0.1935483870967742,0.17647058823529413
6,clab-nebula-serf69,20,1.5,54,36,25,11,29,0.6944444444444444,0.46296296296296297,0.38461538461538464
6,clab-nebula-serf69,25,1.5,84,60,44,16,40,0.7333333333333333,0.5238095238095238,0.44
6,clab-nebula-serf69,30,1.5,107,114,92,22,15,0.8070175438596491,0.8598130841121495,0.7131782945736435
6,clab-nebula-serf69,35,1.5,119,115,103,12,16,0.8956521739130435,0.865546218487395,0.7862595419847328
6,clab-nebula-serf69,40,1.5,125,116,106,10,19,0.9137931034482759,0.848,0.7851851851851852
6,clab-nebula-serf69,45,1.5,147,154,145,9,2,0.9415584415584416,0.9863945578231292,0.9294871794871795
6,clab-nebula-serf69,50,1.5,154,154,152,2,2,0.987012987012987,0.987012987012987,0.9743589743589743
6,clab-nebula-serf69,55,1.5,158,154,154,0,4,1.0,0.9746835443037974,0.9746835443037974
6,clab-nebula-serf69,60,1.5,161,161,161,0,0,1.0,1.0,1.0
6,clab-nebula-serf60,5,1.5,4,0,0,0,4,0,0.0,0.0
6,clab-nebula-serf60,10,1.5,10,6,5,1,5,0.8333333333333334,0.5,0.45454545454545453
6,clab-nebula-serf60,15,1.5,42,21,19,2,23,0.9047619047619048,0.4523809523809524,0.4318181818181818
6,clab-nebula-serf60,20,1.5,70,37,32,5,38,0.8648648648648649,0.45714285714285713,0.4266666666666667
6,clab-nebula-serf60,25,1.5,87,58,52,6,35,0.896551724137931,0.5977011494252874,0.5591397849462365
6,clab-nebula-serf60,30,1.5,111,105,97,8,14,0.9238095238095239,0.8738738738738738,0.8151260504201681
6,clab-nebula-serf60,35,1.5,120,114,104,10,16,0.9122807017543859,0.8666666666666667,0.8
6,clab-nebula-serf60,40,1.5,124,115,106,9,18,0.9217391304347826,0.8548387096774194,0.7969924812030075
6,clab-nebula-serf60,45,1.5,143,153,141,12,2,0.9215686274509803,0.986013986013986,0.9096774193548387
6,clab-nebula-serf60,50,1.5,154,153,152,1,2,0.9934640522875817,0.987012987012987,0.9806451612903225
6,clab-nebula-serf60,55,1.5,154,153,152,1,2,0.9934640522875817,0.987012987012987,0.9806451612903225
6,clab-nebula-serf60,60,1.5,158,154,154,0,4,1.0,0.9746835443037974,0.9746835443037974
6,clab-nebula-serf145,5,1.5,0,0,0,0,0,0.0,0.0,0.0
6,clab-nebula-serf145,10,1.5,0,0,0,0,0,0.0,0.0,0.0
6,clab-nebula-serf145,15,1.5,1,0,0,0,1,0,0.0,0.0
6,clab-nebula-serf145,20,1.5,5,7,5,2,0,0.7142857142857143,1.0,0.7142857142857143
6,clab-nebula-serf145,25,1.5,7,7,7,0,0,1.0,1.0,1.0
6,clab-nebula-serf145,30,1.5,15,28,14,14,1,0.5,0.9333333333333333,0.4827586206896552
6,clab-nebula-serf145,35,1.5,37,39,30,9,7,0.7692307692307693,0.8108108108108109,0.6521739130434783
6,clab-nebula-serf145,40,1.5,56,39,36,3,20,0.9230769230769231,0.6428571428571429,0.6101694915254238
6,clab-nebula-serf145,45,1.5,66,76,54,22,12,0.7105263157894737,0.8181818181818182,0.6136363636363636
6,clab-nebula-serf145,50,1.5,104,95,78,17,26,0.8210526315789474,0.75,0.6446280991735537
6,clab-nebula-serf145,55,1.5,130,153,130,23,0,0.8496732026143791,1.0,0.8496732026143791
6,clab-nebula-serf145,60,1.5,145,153,145,8,0,0.9477124183006536,1.0,0.9477124183006536
6,clab-nebula-serf6,5,1.5,1,0,0,0,1,0,0.0,0.0
6,clab-nebula-serf6,10,1.5,7,7,4,3,3,0.5714285714285714,0.5714285714285714,0.4
6,clab-nebula-serf6,15,1.5,18,45,18,27,0,0.4,1.0,0.4
6,clab-nebula-serf6,20,1.5,32,45,31,14,1,0.6888888888888889,0.96875,0.6739130434782609
6,clab-nebula-serf6,25,1.5,68,65,49,16,19,0.7538461538461538,0.7205882352941176,0.5833333333333334
6,clab-nebula-serf6,30,1.5,86,65,59,6,27,0.9076923076923077,0.686046511627907,0.6413043478260869
6,clab-nebula-serf6,35,1.5,98,105,88,17,10,0.8380952380952381,0.8979591836734694,0.7652173913043478
6,clab-nebula-serf6,40,1.5,117,116,102,14,15,0.8793103448275862,0.8717948717948718,0.7786259541984732
6,clab-nebula-serf6,45,1.5,120,116,103,13,17,0.8879310344827587,0.8583333333333333,0.7744360902255639
6,clab-nebula-serf6,50,1.5,124,153,122,31,2,0.7973856209150327,0.9838709677419355,0.7870967741935484
6,clab-nebula-serf6,55,1.5,151,153,149,4,2,0.9738562091503268,0.9867549668874173,0.9612903225806452
6,clab-nebula-serf6,60,1.5,155,153,152,1,3,0.9934640522875817,0.9806451612903225,0.9743589743589743
6,clab-nebula-serf11,5,1.5,2,0,0,0,2,0,0.0,0.0
6,clab-nebula-serf11,10,1.5,14,3,3,0,11,1.0,0.21428571428571427,0.21428571428571427
6,clab-nebula-serf11,15,1.5,26,45,26,19,0,0.5777777777777777,1.0,0.5777777777777777
6,clab-nebula-serf11,20,1.5,57,45,38,7,19,0.8444444444444444,0.6666666666666666,0.59375
6,clab-nebula-serf11,25,1.5,82,65,56,9,26,0.8615384615384616,0.6829268292682927,0.6153846153846154
6,clab-nebula-serf11,30,1.5,93,105,84,21,9,0.8,0.9032258064516129,0.7368421052631579
6,clab-nebula-serf11,35,1.5,112,115,100,15,12,0.8695652173913043,0.8928571428571429,0.7874015748031497
6,clab-nebula-serf11,40,1.5,120,116,103,13,17,0.8879310344827587,0.8583333333333333,0.7744360902255639
6,clab-nebula-serf11,45,1.5,124,116,106,10,18,0.9137931034482759,0.8548387096774194,0.7910447761194029
6,clab-nebula-serf11,50,1.5,142,153,140,13,2,0.9150326797385621,0.9859154929577465,0.9032258064516129
6,clab-nebula-serf11,55,1.5,154,153,152,1,2,0.9934640522875817,0.987012987012987,0.9806451612903225
6,clab-nebula-serf11,60,1.5,157,153,153,0,4,1.0,0.9745222929936306,0.9745222929936306
6,clab-nebula-serf98,5,1.5,1,1,0,1,1,0.0,0.0,0.0
6,clab-nebula-serf98,10,1.5,7,7,7,0,0,1.0,1.0,1.0
6,clab-nebula-serf98,15,1.5,7,7,7,0,0,1.0,1.0,1.0
6,clab-nebula-serf98,20,1.5,8,9,7,2,1,0.7777777777777778,0.875,0.7
6,clab-nebula-serf98,25,1.5,14,9,9,0,5,1.0,0.6428571428571429,0.6428571428571429
6,clab-nebula-serf98,30,1.5,29,38,21,17,8,0.5526315789473685,0.7241379310344828,0.45652173913043476
6,clab-nebula-serf98,35,1.5,71,115,60,55,11,0.5217391304347826,0.8450704225352113,0.47619047619047616
6,clab-nebula-serf98,40,1.5,121,153,121,32,0,0.7908496732026143,1.0,0.7908496732026143
6,clab-nebula-serf98,45,1.5,144,153,143,10,1,0.934640522875817,0.9930555555555556,0.9285714285714286
6,clab-nebula-serf98,50,1.5,156,153,152,1,4,0.9934640522875817,0.9743589743589743,0.9681528662420382
6,clab-nebula-serf98,55,1.5,160,153,153,0,7,1.0,0.95625,0.95625
6,clab-nebula-serf98,60,1.5,161,153,153,0,8,1.0,0.9503105590062112,0.9503105590062112
6,clab-nebula-serf138,5,1.5,0,0,0,0,0,0.0,0.0,0.0
6,clab-nebula-serf138,10,1.5,0,0,0,0,0,0.0,0.0,0.0
6,clab-nebula-serf138,15,1.5,1,0,0,0,1,0,0.0,0.0
6,clab-nebula-serf138,20,1.5,14,14,14,0,0,1.0,1.0,1.0
6,clab-nebula-serf138,25,1.5,14,14,14,0,0,1.0,1.0,1.0
6,clab-nebula-serf138,30,1.5,26,39,24,15,2,0.6153846153846154,0.9230769230769231,0.5853658536585366
6,clab-nebula-serf138,35,1.5,43,39,33,6,10,0.8461538461538461,0.7674418604651163,0.673469387755102
6,clab-nebula-serf138,40,1.5,55,46,39,7,16,0.8478260869565217,0.7090909090909091,0.6290322580645161
6,clab-nebula-serf138,45,1.5,90,76,71,5,19,0.9342105263157895,0.7888888888888889,0.7473684210526316
6,clab-nebula-serf138,50,1.5,115,95,79,16,36,0.8315789473684211,0.6869565217391305,0.6030534351145038
6,clab-nebula-serf138,55,1.5,137,153,137,16,0,0.8954248366013072,1.0,0.8954248366013072
6,clab-nebula-serf138,60,1.5,147,153,147,6,0,0.9607843137254902,1.0,0.9607843137254902
6,clab-nebula-serf150,5,1.5,0,0,0,0,0,0.0,0.0,0.0
6,clab-nebula-serf150,10,1.5,0,0,0,0,0,0.0,0.0,0.0
6,clab-nebula-serf150,15,1.5,1,0,0,0,1,0,0.0,0.0
6,clab-nebula-serf150,20,1.5,9,9,6,3,3,0.6666666666666666,0.6666666666666666,0.5
6,clab-nebula-serf150,25,1.5,17,9,9,0,8,1.0,0.5294117647058824,0.5294117647058824
6,clab-nebula-serf150,30,1.5,23,10,9,1,14,0.9,0.391304347826087,0.375
6,clab-nebula-serf150,35,1.5,42,10,9,1,33,0.9,0.21428571428571427,0.20930232558139536
6,clab-nebula-serf150,40,1.5,54,10,9,1,45,0.9,0.16666666666666666,0.16363636363636364
6,clab-nebula-serf150,45,1.5,79,14,10,4,69,0.7142857142857143,0.12658227848101267,0.12048192771084337
6,clab-nebula-serf150,50,1.5,117,153,117,36,0,0.7647058823529411,1.0,0.7647058823529411
6,clab-nebula-serf150,55,1.5,141,153,139,14,2,0.9084967320261438,0.9858156028368794,0.896774193548387
6,clab-nebula-serf150,60,1.5,152,153,150,3,2,0.9803921568627451,0.9868421052631579,0.967741935483871
6,clab-nebula-serf18,5,1.5,0,0,0,0,0,0.0,0.0,0.0
6,clab-nebula-serf18,10,1.5,5,3,2,1,3,0.6666666666666666,0.4,0.3333333333333333
6,clab-nebula-serf18,15,1.5,20,3,3,0,17,1.0,0.15,0.15
6,clab-nebula-serf18,20,1.5,47,65,41,24,6,0.6307692307692307,0.8723404255319149,0.5774647887323944
6,clab-nebula-serf18,25,1.5,75,65,56,9,19,0.8615384615384616,0.7466666666666667,0.6666666666666666
6,clab-nebula-serf18,30,1.5,90,66,62,4,28,0.9393939393939394,0.6888888888888889,0.6595744680851063
6,clab-nebula-serf18,35,1.5,103,115,92,23,11,0.8,0.8932038834951457,0.7301587301587301
6,clab-nebula-serf18,40,1.5,120,116,103,13,17,0.8879310344827587,0.8583333333333333,0.7744360902255639
6,clab-nebula-serf18,45,1.5,123,116,106,10,17,0.9137931034482759,0.8617886178861789,0.7969924812030075
6,clab-nebula-serf18,50,1.5,140,154,138,16,2,0.8961038961038961,0.9857142857142858,0.8846153846153846
6,clab-nebula-serf18,55,1.5,151,154,149,5,2,0.9675324675324676,0.9867549668874173,0.9551282051282052
6,clab-nebula-serf18,60,1.5,157,154,153,1,4,0.9935064935064936,0.9745222929936306,0.9683544303797469
6,clab-nebula-serf30,5,1.5,1,0,0,0,1,0,0.0,0.0
6,clab-nebula-serf30,10,1.5,13,17,9,8,4,0.5294117647058824,0.6923076923076923,0.42857142857142855
6,clab-nebula-serf30,15,1.5,28,29,22,7,6,0.7586206896551724,0.7857142857142857,0.6285714285714286
6,clab-nebula-serf30,20,1.5,45,29,27,2,18,0.9310344827586207,0.6,0.574468085106383
6,clab-nebula-serf30,25,1.5,81,60,54,6,27,0.9,0.6666666666666666,0.6206896551724138
6,clab-nebula-serf30,30,1.5,93,105,83,22,10,0.7904761904761904,0.8924731182795699,0.7217391304347827
6,clab-nebula-serf30,35,1.5,102,105,91,14,11,0.8666666666666667,0.8921568627450981,0.7844827586206896
6,clab-nebula-serf30,40,1.5,119,114,102,12,17,0.8947368421052632,0.8571428571428571,0.7786259541984732
6,clab-nebula-serf30,45,1.5,124,114,106,8,18,0.9298245614035088,0.8548387096774194,0.803030303030303
6,clab-nebula-serf30,50,1.5,128,116,109,7,19,0.9396551724137931,0.8515625,0.8074074074074075
6,clab-nebula-serf30,55,1.5,154,153,152,1,2,0.9934640522875817,0.987012987012987,0.9806451612903225
6,clab-nebula-serf30,60,1.5,154,153,152,1,2,0.9934640522875817,0.987012987012987,0.9806451612903225
6,clab-nebula-serf44,5,1.5,3,0,0,0,3,0,0.0,0.0
6,clab-nebula-serf44,10,1.5,10,17,9,8,1,0.5294117647058824,0.9,0.5
6,clab-nebula-serf44,15,1.5,23,18,12,6,11,0.6666666666666666,0.5217391304347826,0.41379310344827586
6,clab-nebula-serf44,20,1.5,47,18,16,2,31,0.8888888888888888,0.3404255319148936,0.32653061224489793
6,clab-nebula-serf44,25,1.5,81,58,54,4,27,0.9310344827586207,0.6666666666666666,0.6352941176470588
6,clab-nebula-serf44,30,1.5,99,98,85,13,14,0.8673469387755102,0.8585858585858586,0.7589285714285714
6,clab-nebula-serf44,35,1.5,120,114,103,11,17,0.9035087719298246,0.8583333333333333,0.7862595419847328
6,clab-nebula-serf44,40,1.5,124,114,106,8,18,0.9298245614035088,0.8548387096774194,0.803030303030303
6,clab-nebula-serf44,45,1.5,127,116,109,7,18,0.9396551724137931,0.8582677165354331,0.8134328358208955
6,clab-nebula-serf44,50,1.5,154,153,152,1,2,0.9934640522875817,0.987012987012987,0.9806451612903225
6,clab-nebula-serf44,55,1.5,154,153,152,1,2,0.9934640522875817,0.987012987012987,0.9806451612903225
6,clab-nebula-serf44,60,1.5,156,153,153,0,3,1.0,0.9807692307692307,0.9807692307692307
6,clab-nebula-serf131,5,1.5,0,0,0,0,0,0.0,0.0,0.0
6,clab-nebula-serf131,10,1.5,0,0,0,0,0,0.0,0.0,0.0
6,clab-nebula-serf131,15,1.5,3,6,2,4,1,0.3333333333333333,0.6666666666666666,0.2857142857142857
6,clab-nebula-serf131,20,1.5,14,14,14,0,0,1.0,1.0,1.0
6,clab-nebula-serf131,25,1.5,18,28,18,10,0,0.6428571428571429,1.0,0.6428571428571429
6,clab-nebula-serf131,30,1.5,29,39,26,13,3,0.6666666666666666,0.896551724137931,0.6190476190476191
6,clab-nebula-serf131,35,1.5,45,39,35,4,10,0.8974358974358975,0.7777777777777778,0.7142857142857143
6,clab-nebula-serf131,40,1.5,69,76,58,18,11,0.7631578947368421,0.8405797101449275,0.6666666666666666
6,clab-nebula-serf131,45,1.5,95,77,74,3,21,0.961038961038961,0.7789473684210526,0.7551020408163265
6,clab-nebula-serf131,50,1.5,122,153,122,31,0,0.7973856209150327,1.0,0.7973856209150327
6,clab-nebula-serf131,55,1.5,137,153,137,16,0,0.8954248366013072,1.0,0.8954248366013072
6,clab-nebula-serf131,60,1.5,149,153,149,4,0,0.9738562091503268,1.0,0.9738562091503268
6,clab-nebula-serf35,5,1.5,0,0,0,0,0,0.0,0.0,0.0
6,clab-nebula-serf35,10,1.5,1,0,0,0,1,0,0.0,0.0
6,clab-nebula-serf35,15,1.5,7,9,5,4,2,0.5555555555555556,0.7142857142857143,0.45454545454545453
6,clab-nebula-serf35,20,1.5,26,9,7,2,19,0.7777777777777778,0.2692307692307692,0.25
6,clab-nebula-serf35,25,1.5,63,9,9,0,54,1.0,0.14285714285714285,0.14285714285714285
6,clab-nebula-serf35,30,1.5,85,58,55,3,30,0.9482758620689655,0.6470588235294118,0.625
6,clab-nebula-serf35,35,1.5,95,66,63,3,32,0.9545454545454546,0.6631578947368421,0.6428571428571429
6,clab-nebula-serf35,40,1.5,111,114,94,20,17,0.8245614035087719,0.8468468468468469,0.7175572519083969
6,clab-nebula-serf35,45,1.5,121,114,104,10,17,0.9122807017543859,0.859504132231405,0.7938931297709924
6,clab-nebula-serf35,50,1.5,124,115,106,9,18,0.9217391304347826,0.8548387096774194,0.7969924812030075
6,clab-nebula-serf35,55,1.5,145,153,143,10,2,0.934640522875817,0.9862068965517241,0.9225806451612903
6,clab-nebula-serf35,60,1.5,154,153,152,1,2,0.9934640522875817,0.987012987012987,0.9806451612903225
6,clab-nebula-serf40,5,1.5,0,0,0,0,0,0.0,0.0,0.0
6,clab-nebula-serf40,10,1.5,1,0,0,0,1,0,0.0,0.0
6,clab-nebula-serf40,15,1.5,11,9,6,3,5,0.6666666666666666,0.5454545454545454,0.42857142857142855
6,clab-nebula-serf40,20,1.5,35,33,20,13,15,0.6060606060606061,0.5714285714285714,0.4166666666666667
6,clab-nebula-serf40,25,1.5,71,37,31,6,40,0.8378378378378378,0.43661971830985913,0.4025974025974026
6,clab-nebula-serf40,30,1.5,87,58,55,3,32,0.9482758620689655,0.632183908045977,0.6111111111111112
6,clab-nebula-serf40,35,1.5,98,62,58,4,40,0.9354838709677419,0.5918367346938775,0.5686274509803921
6,clab-nebula-serf40,40,1.5,118,114,101,13,17,0.8859649122807017,0.8559322033898306,0.7709923664122137
6,clab-nebula-serf40,45,1.5,122,114,105,9,17,0.9210526315789473,0.860655737704918,0.8015267175572519
6,clab-nebula-serf40,50,1.5,126,115,107,8,19,0.9304347826086956,0.8492063492063492,0.7985074626865671
6,clab-nebula-serf40,55,1.5,153,153,151,2,2,0.9869281045751634,0.9869281045751634,0.9741935483870968
6,clab-nebula-serf40,60,1.5,154,153,152,1,2,0.9934640522875817,0.987012987012987,0.9806451612903225
6,clab-nebula-serf144,5,1.5,0,0,0,0,0,0.0,0.0,0.0
6,clab-nebula-serf144,10,1.5,0,0,0,0,0,0.0,0.0,0.0
6,clab-nebula-serf144,15,1.5,7,7,7,0,0,1.0,1.0,1.0
6,clab-nebula-serf144,20,1.5,12,26,12,14,0,0.46153846153846156,1.0,0.46153846153846156
6,clab-nebula-serf144,25,1.5,23,39,21,18,2,0.5384615384615384,0.9130434782608695,0.5121951219512195
6,clab-nebula-serf144,30,1.5,55,39,36,3,19,0.9230769230769231,0.6545454545454545,0.6206896551724138
6,clab-nebula-serf144,35,1.5,60,46,39,7,21,0.8478260869565217,0.65,0.582089552238806
6,clab-nebula-serf144,40,1.5,95,94,73,21,22,0.776595744680851,0.7684210526315789,0.6293103448275862
6,clab-nebula-serf144,45,1.5,126,153,126,27,0,0.8235294117647058,1.0,0.8235294117647058
6,clab-nebula-serf144,50,1.5,141,153,141,12,0,0.9215686274509803,1.0,0.9215686274509803
6,clab-nebula-serf144,55,1.5,151,153,150,3,1,0.9803921568627451,0.9933774834437086,0.974025974025974
6,clab-nebula-serf144,60,1.5,155,154,153,1,2,0.9935064935064936,0.9870967741935484,0.9807692307692307
6,clab-nebula-serf152,5,1.5,0,0,0,0,0,0.0,0.0,0.0
6,clab-nebula-serf152,10,1.5,1,9,0,9,1,0.0,0.0,0.0
6,clab-nebula-serf152,15,1.5,11,9,8,1,3,0.8888888888888888,0.7272727272727273,0.6666666666666666
6,clab-nebula-serf152,20,1.5,14,9,9,0,5,1.0,0.6428571428571429,0.6428571428571429
6,clab-nebula-serf152,25,1.5,24,10,9,1,15,0.9,0.375,0.36
6,clab-nebula-serf152,30,1.5,47,10,9,1,38,0.9,0.19148936170212766,0.1875
6,clab-nebula-serf152,35,1.5,60,10,9,1,51,0.9,0.15,0.14754098360655737
6,clab-nebula-serf152,40,1.5,89,14,10,4,79,0.7142857142857143,0.11235955056179775,0.10752688172043011
6,clab-nebula-serf152,45,1.5,122,153,122,31,0,0.7973856209150327,1.0,0.7973856209150327
6,clab-nebula-serf152,50,1.5,143,153,143,10,0,0.934640522875817,1.0,0.934640522875817
6,clab-nebula-serf152,55,1.5,152,153,150,3,2,0.9803921568627451,0.9868421052631579,0.967741935483871
6,clab-nebula-serf152,60,1.5,156,153,153,0,3,1.0,0.9807692307692307,0.9807692307692307
6,clab-nebula-serf162,5,1.5,0,0,0,0,0,0.0,0.0,0.0
6,clab-nebula-serf162,10,1.5,0,0,0,0,0,0.0,0.0,0.0
6,clab-nebula-serf162,15,1.5,5,4,4,0,1,1.0,0.8,0.8
6,clab-nebula-serf162,20,1.5,5,4,4,0,1,1.0,0.8,0.8
6,clab-nebula-serf162,25,1.5,5,4,4,0,1,1.0,0.8,0.8
6,clab-nebula-serf162,30,1.5,9,26,9,17,0,0.34615384615384615,1.0,0.34615384615384615
6,clab-nebula-serf162,35,1.5,20,26,15,11,5,0.5769230769230769,0.75,0.4838709677419355
6,clab-nebula-serf162,40,1.5,35,26,25,1,10,0.9615384615384616,0.7142857142857143,0.6944444444444444
6,clab-nebula-serf162,45,1.5,40,39,30,9,10,0.7692307692307693,0.75,0.6122448979591837
6,clab-nebula-serf162,50,1.5,54,39,36,3,18,0.9230769230769231,0.6666666666666666,0.631578947368421
6,clab-nebula-serf162,55,1.5,74,76,58,18,16,0.7631578947368421,0.7837837837837838,0.6304347826086957
6,clab-nebula-serf162,60,1.5,113,95,78,17,35,0.8210526315789474,0.6902654867256637,0.6
6,clab-nebula-serf41,5,1.5,0,0,0,0,0,0.0,0.0,0.0
6,clab-nebula-serf41,10,1.5,0,0,0,0,0,0.0,0.0,0.0
6,clab-nebula-serf41,15,1.5,1,0,0,0,1,0,0.0,0.0
6,clab-nebula-serf41,20,1.5,14,9,6,3,8,0.6666666666666666,0.42857142857142855,0.35294117647058826
6,clab-nebula-serf41,25,1.5,40,9,8,1,32,0.8888888888888888,0.2,0.1951219512195122
6,clab-nebula-serf41,30,1.5,74,9,9,0,65,1.0,0.12162162162162163,0.12162162162162163
6,clab-nebula-serf41,35,1.5,89,58,55,3,34,0.9482758620689655,0.6179775280898876,0.5978260869565217
6,clab-nebula-serf41,40,1.5,99,67,63,4,36,0.9402985074626866,0.6363636363636364,0.6116504854368932
6,clab-nebula-serf41,45,1.5,118,114,101,13,17,0.8859649122807017,0.8559322033898306,0.7709923664122137
6,clab-nebula-serf41,50,1.5,121,114,104,10,17,0.9122807017543859,0.859504132231405,0.7938931297709924
6,clab-nebula-serf41,55,1.5,126,115,107,8,19,0.9304347826086956,0.8492063492063492,0.7985074626865671
6,clab-nebula-serf41,60,1.5,153,153,151,2,2,0.9869281045751634,0.9869281045751634,0.9741935483870968
6,clab-nebula-serf72,5,1.5,1,0,0,0,1,0,0.0,0.0
6,clab-nebula-serf72,10,1.5,16,16,10,6,6,0.625,0.625,0.45454545454545453
6,clab-nebula-serf72,15,1.5,31,16,16,0,15,1.0,0.5161290322580645,0.5161290322580645
6,clab-nebula-serf72,20,1.5,54,27,18,9,36,0.6666666666666666,0.3333333333333333,0.2857142857142857
6,clab-nebula-serf72,25,1.5,84,28,25,3,59,0.8928571428571429,0.2976190476190476,0.28735632183908044
6,clab-nebula-serf72,30,1.5,110,114,95,19,15,0.8333333333333334,0.8636363636363636,0.7364341085271318
6,clab-nebula-serf72,35,1.5,121,115,105,10,16,0.9130434782608695,0.8677685950413223,0.8015267175572519
6,clab-nebula-serf72,40,1.5,125,116,106,10,19,0.9137931034482759,0.848,0.7851851851851852
6,clab-nebula-serf72,45,1.5,150,154,148,6,2,0.961038961038961,0.9866666666666667,0.9487179487179487
6,clab-nebula-serf72,50,1.5,154,154,152,2,2,0.987012987012987,0.987012987012987,0.9743589743589743
6,clab-nebula-serf72,55,1.5,158,154,154,0,4,1.0,0.9746835443037974,0.9746835443037974
6,clab-nebula-serf72,60,1.5,161,161,161,0,0,1.0,1.0,1.0
6,clab-nebula-serf141,5,1.5,0,0,0,0,0,0.0,0.0,0.0
6,clab-nebula-serf141,10,1.5,0,0,0,0,0,0.0,0.0,0.0
6,clab-nebula-serf141,15,1.5,0,0,0,0,0,0.0,0.0,0.0
6,clab-nebula-serf141,20,1.5,14,14,14,0,0,1.0,1.0,1.0
6,clab-nebula-serf141,25,1.5,14,14,14,0,0,1.0,1.0,1.0
6,clab-nebula-serf141,30,1.5,26,39,24,15,2,0.6153846153846154,0.9230769230769231,0.5853658536585366
6,clab-nebula-serf141,35,1.5,43,39,33,6,10,0.8461538461538461,0.7674418604651163,0.673469387755102
6,clab-nebula-serf141,40,1.5,59,69,47,22,12,0.6811594202898551,0.7966101694915254,0.5802469135802469
6,clab-nebula-serf141,45,1.5,90,76,71,5,19,0.9342105263157895,0.7888888888888889,0.7473684210526316
6,clab-nebula-serf141,50,1.5,116,136,103,33,13,0.7573529411764706,0.8879310344827587,0.6912751677852349
6,clab-nebula-serf141,55,1.5,137,153,137,16,0,0.8954248366013072,1.0,0.8954248366013072
6,clab-nebula-serf141,60,1.5,149,153,149,4,0,0.9738562091503268,1.0,0.9738562091503268
6,clab-nebula-serf25,5,1.5,0,0,0,0,0,0.0,0.0,0.0
6,clab-nebula-serf25,10,1.5,4,9,4,5,0,0.4444444444444444,1.0,0.4444444444444444
6,clab-nebula-serf25,15,1.5,12,17,9,8,3,0.5294117647058824,0.75,0.45
6,clab-nebula-serf25,20,1.5,28,29,22,7,6,0.7586206896551724,0.7857142857142857,0.6285714285714286
6,clab-nebula-serf25,25,1.5,44,29,27,2,17,0.9310344827586207,0.6136363636363636,0.5869565217391305
6,clab-nebula-serf25,30,1.5,81,60,54,6,27,0.9,0.6666666666666666,0.6206896551724138
6,clab-nebula-serf25,35,1.5,93,105,83,22,10,0.7904761904761904,0.8924731182795699,0.7217391304347827
6,clab-nebula-serf25,40,1.5,102,105,91,14,11,0.8666666666666667,0.8921568627450981,0.7844827586206896
6,clab-nebula-serf25,45,1.5,119,114,102,12,17,0.8947368421052632,0.8571428571428571,0.7786259541984732
6,clab-nebula-serf25,50,1.5,124,114,106,8,18,0.9298245614035088,0.8548387096774194,0.803030303030303
6,clab-nebula-serf25,55,1.5,127,116,108,8,19,0.9310344827586207,0.8503937007874016,0.8
6,clab-nebula-serf25,60,1.5,154,153,152,1,2,0.9934640522875817,0.987012987012987,0.9806451612903225
6,clab-nebula-serf50,5,1.5,3,0,0,0,3,0,0.0,0.0
6,clab-nebula-serf50,10,1.5,8,3,3,0,5,1.0,0.375,0.375
6,clab-nebula-serf50,15,1.5,23,18,12,6,11,0.6666666666666666,0.5217391304347826,0.41379310344827586
6,clab-nebula-serf50,20,1.5,41,18,15,3,26,0.8333333333333334,0.36585365853658536,0.3409090909090909
6,clab-nebula-serf50,25,1.5,81,58,54,4,27,0.9310344827586207,0.6666666666666666,0.6352941176470588
6,clab-nebula-serf50,30,1.5,93,105,85,20,8,0.8095238095238095,0.9139784946236559,0.7522123893805309
6,clab-nebula-serf50,35,1.5,118,114,101,13,17,0.8859649122807017,0.8559322033898306,0.7709923664122137
6,clab-nebula-serf50,40,1.5,122,114,104,10,18,0.9122807017543859,0.8524590163934426,0.7878787878787878
6,clab-nebula-serf50,45,1.5,125,115,107,8,18,0.9304347826086956,0.856,0.8045112781954887
6,clab-nebula-serf50,50,1.5,153,153,151,2,2,0.9869281045751634,0.9869281045751634,0.9741935483870968
6,clab-nebula-serf50,55,1.5,154,153,152,1,2,0.9934640522875817,0.987012987012987,0.9806451612903225
6,clab-nebula-serf50,60,1.5,156,153,153,0,3,1.0,0.9807692307692307,0.9807692307692307
6,clab-nebula-serf51,5,1.5,1,0,0,0,1,0,0.0,0.0
6,clab-nebula-serf51,10,1.5,9,2,2,0,7,1.0,0.2222222222222222,0.2222222222222222
6,clab-nebula-serf51,15,1.5,24,25,16,9,8,0.64,0.6666666666666666,0.48484848484848486
6,clab-nebula-serf51,20,1.5,64,38,31,7,33,0.8157894736842105,0.484375,0.43661971830985913
6,clab-nebula-serf51,25,1.5,83,58,52,6,31,0.896551724137931,0.6265060240963856,0.5842696629213483
6,clab-nebula-serf51,30,1.5,97,105,88,17,9,0.8380952380952381,0.9072164948453608,0.7719298245614035
6,clab-nebula-serf51,35,1.5,118,115,102,13,16,0.8869565217391304,0.864406779661017,0.7786259541984732
6,clab-nebula-serf51,40,1.5,121,115,104,11,17,0.9043478260869565,0.859504132231405,0.7878787878787878
6,clab-nebula-serf51,45,1.5,126,116,107,9,19,0.9224137931034483,0.8492063492063492,0.7925925925925926
6,clab-nebula-serf51,50,1.5,152,153,150,3,2,0.9803921568627451,0.9868421052631579,0.967741935483871
6,clab-nebula-serf51,55,1.5,154,153,152,1,2,0.9934640522875817,0.987012987012987,0.9806451612903225
6,clab-nebula-serf51,60,1.5,157,153,153,0,4,1.0,0.9745222929936306,0.9745222929936306
6,clab-nebula-serf66,5,1.5,0,0,0,0,0,0.0,0.0,0.0
6,clab-nebula-serf66,10,1.5,4,3,1,2,3,0.3333333333333333,0.25,0.16666666666666666
6,clab-nebula-serf66,15,1.5,27,16,16,0,11,1.0,0.5925925925925926,0.5925925925925926
6,clab-nebula-serf66,20,1.5,44,24,18,6,26,0.75,0.4090909090909091,0.36
6,clab-nebula-serf66,25,1.5,79,35,23,12,56,0.6571428571428571,0.2911392405063291,0.25274725274725274
6,clab-nebula-serf66,30,1.5,106,105,91,14,15,0.8666666666666667,0.8584905660377359,0.7583333333333333
6,clab-nebula-serf66,35,1.5,116,114,101,13,15,0.8859649122807017,0.8706896551724138,0.7829457364341085
6,clab-nebula-serf66,40,1.5,123,115,106,9,17,0.9217391304347826,0.8617886178861789,0.803030303030303
6,clab-nebula-serf66,45,1.5,136,116,107,9,29,0.9224137931034483,0.7867647058823529,0.7379310344827587
6,clab-nebula-serf66,50,1.5,154,154,152,2,2,0.987012987012987,0.987012987012987,0.9743589743589743
6,clab-nebula-serf66,55,1.5,154,154,152,2,2,0.987012987012987,0.987012987012987,0.9743589743589743
6,clab-nebula-serf66,60,1.5,158,154,154,0,4,1.0,0.9746835443037974,0.9746835443037974
6,clab-nebula-serf86,5,1.5,3,3,3,0,0,1.0,1.0,1.0
6,clab-nebula-serf86,10,1.5,4,8,4,4,0,0.5,1.0,0.5
6,clab-nebula-serf86,15,1.5,11,6,5,1,6,0.8333333333333334,0.45454545454545453,0.4166666666666667
6,clab-nebula-serf86,20,1.5,29,8,8,0,21,1.0,0.27586206896551724,0.27586206896551724
6,clab-nebula-serf86,25,1.5,56,8,8,0,48,1.0,0.14285714285714285,0.14285714285714285
6,clab-nebula-serf86,30,1.5,85,11,8,3,77,0.7272727272727273,0.09411764705882353,0.09090909090909091
6,clab-nebula-serf86,35,1.5,115,11,11,0,104,1.0,0.09565217391304348,0.09565217391304348
6,clab-nebula-serf86,40,1.5,120,11,11,0,109,1.0,0.09166666666666666,0.09166666666666666
6,clab-nebula-serf86,45,1.5,134,27,26,1,108,0.9629629629629629,0.19402985074626866,0.1925925925925926
6,clab-nebula-serf86,50,1.5,145,154,143,11,2,0.9285714285714286,0.9862068965517241,0.9166666666666666
6,clab-nebula-serf86,55,1.5,155,161,155,6,0,0.9627329192546584,1.0,0.9627329192546584
6,clab-nebula-serf86,60,1.5,160,161,160,1,0,0.9937888198757764,1.0,0.9937888198757764
6,clab-nebula-serf90,5,1.5,2,0,0,0,2,0,0.0,0.0
6,clab-nebula-serf90,10,1.5,9,4,4,0,5,1.0,0.4444444444444444,0.4444444444444444
6,clab-nebula-serf90,15,1.5,30,16,16,0,14,1.0,0.5333333333333333,0.5333333333333333
6,clab-nebula-serf90,20,1.5,49,24,17,7,32,0.7083333333333334,0.3469387755102041,0.30357142857142855
6,clab-nebula-serf90,25,1.5,78,28,21,7,57,0.75,0.2692307692307692,0.24705882352941178
6,clab-nebula-serf90,30,1.5,101,105,87,18,14,0.8285714285714286,0.8613861386138614,0.7310924369747899
6,clab-nebula-serf90,35,1.5,119,114,103,11,16,0.9035087719298246,0.865546218487395,0.7923076923076923
6,clab-nebula-serf90,40,1.5,122,114,105,9,17,0.9210526315789473,0.860655737704918,0.8015267175572519
6,clab-nebula-serf90,45,1.5,137,116,107,9,30,0.9224137931034483,0.781021897810219,0.7328767123287672
6,clab-nebula-serf90,50,1.5,154,154,152,2,2,0.987012987012987,0.987012987012987,0.9743589743589743
6,clab-nebula-serf90,55,1.5,155,154,153,1,2,0.9935064935064936,0.9870967741935484,0.9807692307692307
6,clab-nebula-serf90,60,1.5,159,161,159,2,0,0.9875776397515528,1.0,0.9875776397515528
6,clab-nebula-serf143,5,1.5,0,0,0,0,0,0.0,0.0,0.0
6,clab-nebula-serf143,10,1.5,0,0,0,0,0,0.0,0.0,0.0
6,clab-nebula-serf143,15,1.5,1,0,0,0,1,0,0.0,0.0
6,clab-nebula-serf143,20,1.5,2,1,1,0,1,1.0,0.5,0.5
6,clab-nebula-serf143,25,1.5,7,7,7,0,0,1.0,1.0,1.0
6,clab-nebula-serf143,30,1.5,13,27,12,15,1,0.4444444444444444,0.9230769230769231,0.42857142857142855
6,clab-nebula-serf143,35,1.5,32,39,28,11,4,0.717948717948718,0.875,0.6511627906976745
6,clab-nebula-serf143,40,1.5,56,39,36,3,20,0.9230769230769231,0.6428571428571429,0.6101694915254238
6,clab-nebula-serf143,45,1.5,66,76,54,22,12,0.7105263157894737,0.8181818181818182,0.6136363636363636
6,clab-nebula-serf143,50,1.5,103,95,78,17,25,0.8210526315789474,0.7572815533980582,0.65
6,clab-nebula-serf143,55,1.5,130,153,130,23,0,0.8496732026143791,1.0,0.8496732026143791
6,clab-nebula-serf143,60,1.5,145,153,145,8,0,0.9477124183006536,1.0,0.9477124183006536
6,clab-nebula-serf7,5,1.5,1,0,0,0,1,0,0.0,0.0
6,clab-nebula-serf7,10,1.5,9,7,4,3,5,0.5714285714285714,0.4444444444444444,0.3333333333333333
6,clab-nebula-serf7,15,1.5,19,34,19,15,0,0.5588235294117647,1.0,0.5588235294117647
6,clab-nebula-serf7,20,1.5,33,45,31,14,2,0.6888888888888889,0.9393939393939394,0.6595744680851063
6,clab-nebula-serf7,25,1.5,67,65,48,17,19,0.7384615384615385,0.7164179104477612,0.5714285714285714
6,clab-nebula-serf7,30,1.5,86,65,60,5,26,0.9230769230769231,0.6976744186046512,0.6593406593406593
6,clab-nebula-serf7,35,1.5,99,105,89,16,10,0.8476190476190476,0.898989898989899,0.7739130434782608
6,clab-nebula-serf7,40,1.5,117,116,102,14,15,0.8793103448275862,0.8717948717948718,0.7786259541984732
6,clab-nebula-serf7,45,1.5,120,116,103,13,17,0.8879310344827587,0.8583333333333333,0.7744360902255639
6,clab-nebula-serf7,50,1.5,124,153,122,31,2,0.7973856209150327,0.9838709677419355,0.7870967741935484
6,clab-nebula-serf7,55,1.5,151,153,149,4,2,0.9738562091503268,0.9867549668874173,0.9612903225806452
6,clab-nebula-serf7,60,1.5,156,153,152,1,4,0.9934640522875817,0.9743589743589743,0.9681528662420382
6,clab-nebula-serf37,5,1.5,2,2,1,1,1,0.5,0.5,0.3333333333333333
6,clab-nebula-serf37,10,1.5,8,9,4,5,4,0.4444444444444444,0.5,0.3076923076923077
6,clab-nebula-serf37,15,1.5,29,9,8,1,21,0.8888888888888888,0.27586206896551724,0.26666666666666666
6,clab-nebula-serf37,20,1.5,65,29,26,3,39,0.896551724137931,0.4,0.38235294117647056
6,clab-nebula-serf37,25,1.5,85,58,55,3,30,0.9482758620689655,0.6470588235294118,0.625
6,clab-nebula-serf37,30,1.5,96,67,63,4,33,0.9402985074626866,0.65625,0.63
6,clab-nebula-serf37,35,1.5,111,114,94,20,17,0.8245614035087719,0.8468468468468469,0.7175572519083969
6,clab-nebula-serf37,40,1.5,121,114,104,10,17,0.9122807017543859,0.859504132231405,0.7938931297709924
6,clab-nebula-serf37,45,1.5,124,115,106,9,18,0.9217391304347826,0.8548387096774194,0.7969924812030075
6,clab-nebula-serf37,50,1.5,146,153,144,9,2,0.9411764705882353,0.9863013698630136,0.9290322580645162
6,clab-nebula-serf37,55,1.5,154,153,152,1,2,0.9934640522875817,0.987012987012987,0.9806451612903225
6,clab-nebula-serf37,60,1.5,156,153,153,0,3,1.0,0.9807692307692307,0.9807692307692307
6,clab-nebula-serf43,5,1.5,0,0,0,0,0,0.0,0.0,0.0
6,clab-nebula-serf43,10,1.5,5,6,4,2,1,0.6666666666666666,0.8,0.5714285714285714
6,clab-nebula-serf43,15,1.5,13,17,11,6,2,0.6470588235294118,0.8461538461538461,0.5789473684210527
6,clab-nebula-serf43,20,1.5,27,18,14,4,13,0.7777777777777778,0.5185185185185185,0.45161290322580644
6,clab-nebula-serf43,25,1.5,52,58,43,15,9,0.7413793103448276,0.8269230769230769,0.6417910447761194
6,clab-nebula-serf43,30,1.5,82,58,55,3,27,0.9482758620689655,0.6707317073170732,0.6470588235294118
6,clab-nebula-serf43,35,1.5,98,105,88,17,10,0.8380952380952381,0.8979591836734694,0.7652173913043478
6,clab-nebula-serf43,40,1.5,119,114,102,12,17,0.8947368421052632,0.8571428571428571,0.7786259541984732
6,clab-nebula-serf43,45,1.5,124,114,106,8,18,0.9298245614035088,0.8548387096774194,0.803030303030303
6,clab-nebula-serf43,50,1.5,126,116,108,8,18,0.9310344827586207,0.8571428571428571,0.8059701492537313
6,clab-nebula-serf43,55,1.5,154,153,152,1,2,0.9934640522875817,0.987012987012987,0.9806451612903225
6,clab-nebula-serf43,60,1.5,154,153,152,1,2,0.9934640522875817,0.987012987012987,0.9806451612903225
6,clab-nebula-serf58,5,1.5,5,3,2,1,3,0.6666666666666666,0.4,0.3333333333333333
6,clab-nebula-serf58,10,1.5,19,9,5,4,14,0.5555555555555556,0.2631578947368421,0.21739130434782608
6,clab-nebula-serf58,15,1.5,57,36,26,10,31,0.7222222222222222,0.45614035087719296,0.3880597014925373
6,clab-nebula-serf58,20,1.5,79,57,50,7,29,0.8771929824561403,0.6329113924050633,0.5813953488372093
6,clab-nebula-serf58,25,1.5,93,58,53,5,40,0.9137931034482759,0.5698924731182796,0.5408163265306123
6,clab-nebula-serf58,30,1.5,118,105,102,3,16,0.9714285714285714,0.864406779661017,0.8429752066115702
6,clab-nebula-serf58,35,1.5,122,114,105,9,17,0.9210526315789473,0.860655737704918,0.8015267175572519
6,clab-nebula-serf58,40,1.5,125,115,106,9,19,0.9217391304347826,0.848,0.7910447761194029
6,clab-nebula-serf58,45,1.5,153,153,151,2,2,0.9869281045751634,0.9869281045751634,0.9741935483870968
6,clab-nebula-serf58,50,1.5,154,153,152,1,2,0.9934640522875817,0.987012987012987,0.9806451612903225
6,clab-nebula-serf58,55,1.5,156,153,153,0,3,1.0,0.9807692307692307,0.9807692307692307
6,clab-nebula-serf58,60,1.5,160,161,160,1,0,0.9937888198757764,1.0,0.9937888198757764
6,clab-nebula-serf61,5,1.5,5,2,1,1,4,0.5,0.2,0.16666666666666666
6,clab-nebula-serf61,10,1.5,20,21,13,8,7,0.6190476190476191,0.65,0.4642857142857143
6,clab-nebula-serf61,15,1.5,61,36,28,8,33,0.7777777777777778,0.45901639344262296,0.4057971014492754
6,clab-nebula-serf61,20,1.5,79,57,50,7,29,0.8771929824561403,0.6329113924050633,0.5813953488372093
6,clab-nebula-serf61,25,1.5,93,66,59,7,34,0.8939393939393939,0.6344086021505376,0.59
6,clab-nebula-serf61,30,1.5,118,114,102,12,16,0.8947368421052632,0.864406779661017,0.7846153846153846
6,clab-nebula-serf61,35,1.5,121,114,104,10,17,0.9122807017543859,0.859504132231405,0.7938931297709924
6,clab-nebula-serf61,40,1.5,124,115,106,9,18,0.9217391304347826,0.8548387096774194,0.7969924812030075
6,clab-nebula-serf61,45,1.5,149,153,147,6,2,0.9607843137254902,0.9865771812080537,0.9483870967741935
6,clab-nebula-serf61,50,1.5,154,153,152,1,2,0.9934640522875817,0.987012987012987,0.9806451612903225
6,clab-nebula-serf61,55,1.5,156,153,153,0,3,1.0,0.9807692307692307,0.9807692307692307
6,clab-nebula-serf61,60,1.5,158,154,154,0,4,1.0,0.9746835443037974,0.9746835443037974
6,clab-nebula-serf112,5,1.5,0,0,0,0,0,0.0,0.0,0.0
6,clab-nebula-serf112,10,1.5,0,0,0,0,0,0.0,0.0,0.0
6,clab-nebula-serf112,15,1.5,0,0,0,0,0,0.0,0.0,0.0
6,clab-nebula-serf112,20,1.5,0,0,0,0,0,0.0,0.0,0.0
6,clab-nebula-serf112,25,1.5,5,0,0,0,5,0,0.0,0.0
6,clab-nebula-serf112,30,1.5,18,0,0,0,18,0,0.0,0.0
6,clab-nebula-serf112,35,1.5,34,4,0,4,34,0.0,0.0,0.0
6,clab-nebula-serf112,40,1.5,64,13,1,12,63,0.07692307692307693,0.015625,0.013157894736842105
6,clab-nebula-serf112,45,1.5,103,115,90,25,13,0.782608695652174,0.8737864077669902,0.703125
6,clab-nebula-serf112,50,1.5,136,153,136,17,0,0.8888888888888888,1.0,0.8888888888888888
6,clab-nebula-serf112,55,1.5,148,153,147,6,1,0.9607843137254902,0.9932432432432432,0.9545454545454546
6,clab-nebula-serf112,60,1.5,159,161,159,2,0,0.9875776397515528,1.0,0.9875776397515528
6,clab-nebula-serf15,5,1.5,1,0,0,0,1,0,0.0,0.0
6,clab-nebula-serf15,10,1.5,14,16,9,7,5,0.5625,0.6428571428571429,0.42857142857142855
6,clab-nebula-serf15,15,1.5,32,39,24,15,8,0.6153846153846154,0.75,0.5106382978723404
6,clab-nebula-serf15,20,1.5,68,66,49,17,19,0.7424242424242424,0.7205882352941176,0.5764705882352941
6,clab-nebula-serf15,25,1.5,88,66,60,6,28,0.9090909090909091,0.6818181818181818,0.6382978723404256
6,clab-nebula-serf15,30,1.5,100,67,64,3,36,0.9552238805970149,0.64,0.6213592233009708
6,clab-nebula-serf15,35,1.5,117,115,102,13,15,0.8869565217391304,0.8717948717948718,0.7846153846153846
6,clab-nebula-serf15,40,1.5,121,115,104,11,17,0.9043478260869565,0.859504132231405,0.7878787878787878
6,clab-nebula-serf15,45,1.5,124,115,106,9,18,0.9217391304347826,0.8548387096774194,0.7969924812030075
6,clab-nebula-serf15,50,1.5,151,153,149,4,2,0.9738562091503268,0.9867549668874173,0.9612903225806452
6,clab-nebula-serf15,55,1.5,154,153,152,1,2,0.9934640522875817,0.987012987012987,0.9806451612903225
6,clab-nebula-serf15,60,1.5,158,153,153,0,5,1.0,0.9683544303797469,0.9683544303797469
6,clab-nebula-serf16,5,1.5,2,0,0,0,2,0,0.0,0.0
6,clab-nebula-serf16,10,1.5,17,16,11,5,6,0.6875,0.6470588235294118,0.5
6,clab-nebula-serf16,15,1.5,33,39,24,15,9,0.6153846153846154,0.7272727272727273,0.5
6,clab-nebula-serf16,20,1.5,69,65,50,15,19,0.7692307692307693,0.7246376811594203,0.5952380952380952
6,clab-nebula-serf16,25,1.5,88,66,60,6,28,0.9090909090909091,0.6818181818181818,0.6382978723404256
6,clab-nebula-serf16,30,1.5,101,107,91,16,10,0.8504672897196262,0.900990099009901,0.7777777777777778
6,clab-nebula-serf16,35,1.5,119,115,103,12,16,0.8956521739130435,0.865546218487395,0.7862595419847328
6,clab-nebula-serf16,40,1.5,121,115,104,11,17,0.9043478260869565,0.859504132231405,0.7878787878787878
6,clab-nebula-serf16,45,1.5,126,116,107,9,19,0.9224137931034483,0.8492063492063492,0.7925925925925926
6,clab-nebula-serf16,50,1.5,151,153,149,4,2,0.9738562091503268,0.9867549668874173,0.9612903225806452
6,clab-nebula-serf16,55,1.5,155,153,152,1,3,0.9934640522875817,0.9806451612903225,0.9743589743589743
6,clab-nebula-serf16,60,1.5,158,154,154,0,4,1.0,0.9746835443037974,0.9746835443037974
6,clab-nebula-serf77,5,1.5,3,0,0,0,3,0,0.0,0.0
6,clab-nebula-serf77,10,1.5,24,16,15,1,9,0.9375,0.625,0.6
6,clab-nebula-serf77,15,1.5,38,16,16,0,22,1.0,0.42105263157894735,0.42105263157894735
6,clab-nebula-serf77,20,1.5,67,28,18,10,49,0.6428571428571429,0.26865671641791045,0.23376623376623376
6,clab-nebula-serf77,25,1.5,90,28,25,3,65,0.8928571428571429,0.2777777777777778,0.26881720430107525
6,clab-nebula-serf77,30,1.5,113,114,98,16,15,0.8596491228070176,0.8672566371681416,0.7596899224806202
6,clab-nebula-serf77,35,1.5,121,115,105,10,16,0.9130434782608695,0.8677685950413223,0.8015267175572519
6,clab-nebula-serf77,40,1.5,125,116,106,10,19,0.9137931034482759,0.848,0.7851851851851852
6,clab-nebula-serf77,45,1.5,151,154,149,5,2,0.9675324675324676,0.9867549668874173,0.9551282051282052
6,clab-nebula-serf77,50,1.5,154,154,152,2,2,0.987012987012987,0.987012987012987,0.9743589743589743
6,clab-nebula-serf77,55,1.5,158,154,154,0,4,1.0,0.9746835443037974,0.9746835443037974
6,clab-nebula-serf77,60,1.5,161,161,161,0,0,1.0,1.0,1.0
6,clab-nebula-serf121,5,1.5,0,0,0,0,0,0.0,0.0,0.0
6,clab-nebula-serf121,10,1.5,1,0,0,0,1,0,0.0,0.0
6,clab-nebula-serf121,15,1.5,8,2,2,0,6,1.0,0.25,0.25
6,clab-nebula-serf121,20,1.5,15,2,2,0,13,1.0,0.13333333333333333,0.13333333333333333
6,clab-nebula-serf121,25,1.5,32,22,6,16,26,0.2727272727272727,0.1875,0.125
6,clab-nebula-serf121,30,1.5,81,27,19,8,62,0.7037037037037037,0.2345679012345679,0.21348314606741572
6,clab-nebula-serf121,35,1.5,121,153,121,32,0,0.7908496732026143,1.0,0.7908496732026143
6,clab-nebula-serf121,40,1.5,138,153,138,15,0,0.9019607843137255,1.0,0.9019607843137255
6,clab-nebula-serf121,45,1.5,148,153,146,7,2,0.954248366013072,0.9864864864864865,0.9419354838709677
6,clab-nebula-serf121,50,1.5,160,153,153,0,7,1.0,0.95625,0.95625
6,clab-nebula-serf121,55,1.5,161,153,153,0,8,1.0,0.9503105590062112,0.9503105590062112
6,clab-nebula-serf121,60,1.5,161,153,153,0,8,1.0,0.9503105590062112,0.9503105590062112
6,clab-nebula-serf140,5,1.5,0,0,0,0,0,0.0,0.0,0.0
6,clab-nebula-serf140,10,1.5,0,0,0,0,0,0.0,0.0,0.0
6,clab-nebula-serf140,15,1.5,0,0,0,0,0,0.0,0.0,0.0
6,clab-nebula-serf140,20,1.5,13,14,13,1,0,0.9285714285714286,1.0,0.9285714285714286
6,clab-nebula-serf140,25,1.5,14,14,14,0,0,1.0,1.0,1.0
6,clab-nebula-serf140,30,1.5,25,39,24,15,1,0.6153846153846154,0.96,0.6
6,clab-nebula-serf140,35,1.5,39,39,29,10,10,0.7435897435897436,0.7435897435897436,0.5918367346938775
6,clab-nebula-serf140,40,1.5,52,39,37,2,15,0.9487179487179487,0.7115384615384616,0.6851851851851852
6,clab-nebula-serf140,45,1.5,82,76,65,11,17,0.8552631578947368,0.7926829268292683,0.6989247311827957
6,clab-nebula-serf140,50,1.5,108,135,97,38,11,0.7185185185185186,0.8981481481481481,0.6643835616438356
6,clab-nebula-serf140,55,1.5,136,153,136,17,0,0.8888888888888888,1.0,0.8888888888888888
6,clab-nebula-serf140,60,1.5,145,153,145,8,0,0.9477124183006536,1.0,0.9477124183006536
6,clab-nebula-serf148,5,1.5,0,0,0,0,0,0.0,0.0,0.0
6,clab-nebula-serf148,10,1.5,0,0,0,0,0,0.0,0.0,0.0
6,clab-nebula-serf148,15,1.5,0,0,0,0,0,0.0,0.0,0.0
6,clab-nebula-serf148,20,1.5,6,1,0,1,6,0.0,0.0,0.0
6,clab-nebula-serf148,25,1.5,12,1,1,0,11,1.0,0.08333333333333333,0.08333333333333333
6,clab-nebula-serf148,30,1.5,22,10,9,1,13,0.9,0.4090909090909091,0.391304347826087
6,clab-nebula-serf148,35,1.5,38,10,9,1,29,0.9,0.23684210526315788,0.23076923076923078
6,clab-nebula-serf148,40,1.5,52,10,9,1,43,0.9,0.17307692307692307,0.16981132075471697
6,clab-nebula-serf148,45,1.5,68,14,9,5,59,0.6428571428571429,0.1323529411764706,0.1232876712328767
6,clab-nebula-serf148,50,1.5,103,14,10,4,93,0.7142857142857143,0.0970873786407767,0.09345794392523364
6,clab-nebula-serf148,55,1.5,133,153,133,20,0,0.869281045751634,1.0,0.869281045751634
6,clab-nebula-serf148,60,1.5,148,153,146,7,2,0.954248366013072,0.9864864864864865,0.9419354838709677
6,clab-nebula-serf154,5,1.5,0,0,0,0,0,0.0,0.0,0.0
6,clab-nebula-serf154,10,1.5,0,0,0,0,0,0.0,0.0,0.0
6,clab-nebula-serf154,15,1.5,1,0,0,0,1,0,0.0,0.0
6,clab-nebula-serf154,20,1.5,9,9,6,3,3,0.6666666666666666,0.6666666666666666,0.5
6,clab-nebula-serf154,25,1.5,12,9,9,0,3,1.0,0.75,0.75
6,clab-nebula-serf154,30,1.5,23,10,9,1,14,0.9,0.391304347826087,0.375
6,clab-nebula-serf154,35,1.5,42,10,9,1,33,0.9,0.21428571428571427,0.20930232558139536
6,clab-nebula-serf154,40,1.5,55,10,9,1,46,0.9,0.16363636363636364,0.16071428571428573
6,clab-nebula-serf154,45,1.5,79,14,9,5,70,0.6428571428571429,0.11392405063291139,0.10714285714285714
6,clab-nebula-serf154,50,1.5,113,15,12,3,101,0.8,0.10619469026548672,0.10344827586206896
6,clab-nebula-serf154,55,1.5,137,153,137,16,0,0.8954248366013072,1.0,0.8954248366013072
6,clab-nebula-serf154,60,1.5,147,153,146,7,1,0.954248366013072,0.9931972789115646,0.948051948051948
6,clab-nebula-serf156,5,1.5,0,0,0,0,0,0.0,0.0,0.0
6,clab-nebula-serf156,10,1.5,0,0,0,0,0,0.0,0.0,0.0
6,clab-nebula-serf156,15,1.5,4,9,1,8,3,0.1111111111111111,0.25,0.08333333333333333
6,clab-nebula-serf156,20,1.5,12,9,9,0,3,1.0,0.75,0.75
6,clab-nebula-serf156,25,1.5,18,9,9,0,9,1.0,0.5,0.5
6,clab-nebula-serf156,30,1.5,33,10,9,1,24,0.9,0.2727272727272727,0.2647058823529412
6,clab-nebula-serf156,35,1.5,49,10,9,1,40,0.9,0.1836734693877551,0.18
6,clab-nebula-serf156,40,1.5,61,14,9,5,52,0.6428571428571429,0.14754098360655737,0.13636363636363635
6,clab-nebula-serf156,45,1.5,99,14,10,4,89,0.7142857142857143,0.10101010101010101,0.0970873786407767
6,clab-nebula-serf156,50,1.5,130,153,130,23,0,0.8496732026143791,1.0,0.8496732026143791
6,clab-nebula-serf156,55,1.5,145,153,145,8,0,0.9477124183006536,1.0,0.9477124183006536
6,clab-nebula-serf156,60,1.5,154,153,151,2,3,0.9869281045751634,0.9805194805194806,0.967948717948718
6,clab-nebula-serf23,5,1.5,0,0,0,0,0,0.0,0.0,0.0
6,clab-nebula-serf23,10,1.5,0,0,0,0,0,0.0,0.0,0.0
6,clab-nebula-serf23,15,1.5,4,1,0,1,4,0.0,0.0,0.0
6,clab-nebula-serf23,20,1.5,11,17,9,8,2,0.5294117647058824,0.8181818181818182,0.47368421052631576
6,clab-nebula-serf23,25,1.5,22,17,15,2,7,0.8823529411764706,0.6818181818181818,0.625
6,clab-nebula-serf23,30,1.5,39,29,27,2,12,0.9310344827586207,0.6923076923076923,0.6585365853658537
6,clab-nebula-serf23,35,1.5,75,58,53,5,22,0.9137931034482759,0.7066666666666667,0.6625
6,clab-nebula-serf23,40,1.5,91,105,81,24,10,0.7714285714285715,0.8901098901098901,0.7043478260869566
6,clab-nebula-serf23,45,1.5,99,105,88,17,11,0.8380952380952381,0.8888888888888888,0.7586206896551724
6,clab-nebula-serf23,50,1.5,117,114,100,14,17,0.8771929824561403,0.8547008547008547,0.7633587786259542
6,clab-nebula-serf23,55,1.5,122,114,104,10,18,0.9122807017543859,0.8524590163934426,0.7878787878787878
6,clab-nebula-serf23,60,1.5,124,114,106,8,18,0.9298245614035088,0.8548387096774194,0.803030303030303
6,clab-nebula-serf39,5,1.5,2,6,2,4,0,0.3333333333333333,1.0,0.3333333333333333
6,clab-nebula-serf39,10,1.5,15,9,5,4,10,0.5555555555555556,0.3333333333333333,0.2631578947368421
6,clab-nebula-serf39,15,1.5,53,9,8,1,45,0.8888888888888888,0.1509433962264151,0.14814814814814814
6,clab-nebula-serf39,20,1.5,81,58,53,5,28,0.9137931034482759,0.654320987654321,0.6162790697674418
6,clab-nebula-serf39,25,1.5,90,58,55,3,35,0.9482758620689655,0.6111111111111112,0.5913978494623656
6,clab-nebula-serf39,30,1.5,106,114,92,22,14,0.8070175438596491,0.8679245283018868,0.71875
6,clab-nebula-serf39,35,1.5,119,114,102,12,17,0.8947368421052632,0.8571428571428571,0.7786259541984732
6,clab-nebula-serf39,40,1.5,124,115,106,9,18,0.9217391304347826,0.8548387096774194,0.7969924812030075
6,clab-nebula-serf39,45,1.5,138,153,136,17,2,0.8888888888888888,0.9855072463768116,0.8774193548387097
6,clab-nebula-serf39,50,1.5,154,153,152,1,2,0.9934640522875817,0.987012987012987,0.9806451612903225
6,clab-nebula-serf39,55,1.5,155,153,152,1,3,0.9934640522875817,0.9806451612903225,0.9743589743589743
6,clab-nebula-serf39,60,1.5,158,161,158,3,0,0.9813664596273292,1.0,0.9813664596273292
6,clab-nebula-serf62,5,1.5,0,0,0,0,0,0.0,0.0,0.0
6,clab-nebula-serf62,10,1.5,4,3,2,1,2,0.6666666666666666,0.5,0.4
6,clab-nebula-serf62,15,1.5,13,8,4,4,9,0.5,0.3076923076923077,0.23529411764705882
6,clab-nebula-serf62,20,1.5,48,36,25,11,23,0.6944444444444444,0.5208333333333334,0.423728813559322
6,clab-nebula-serf62,25,1.5,73,57,47,10,26,0.8245614035087719,0.6438356164383562,0.5662650602409639
6,clab-nebula-serf62,30,1.5,88,58,52,6,36,0.896551724137931,0.5909090909090909,0.5531914893617021
6,clab-nebula-serf62,35,1.5,110,105,95,10,15,0.9047619047619048,0.8636363636363636,0.7916666666666666
6,clab-nebula-serf62,40,1.5,120,114,104,10,16,0.9122807017543859,0.8666666666666667,0.8
6,clab-nebula-serf62,45,1.5,124,115,106,9,18,0.9217391304347826,0.8548387096774194,0.7969924812030075
6,clab-nebula-serf62,50,1.5,144,153,142,11,2,0.9281045751633987,0.9861111111111112,0.9161290322580645
6,clab-nebula-serf62,55,1.5,154,153,152,1,2,0.9934640522875817,0.987012987012987,0.9806451612903225
6,clab-nebula-serf62,60,1.5,154,153,152,1,2,0.9934640522875817,0.987012987012987,0.9806451612903225
6,clab-nebula-serf107,5,1.5,0,0,0,0,0,0.0,0.0,0.0
6,clab-nebula-serf107,10,1.5,2,0,0,0,2,0,0.0,0.0
6,clab-nebula-serf107,15,1.5,6,0,0,0,6,0,0.0,0.0
6,clab-nebula-serf107,20,1.5,15,17,10,7,5,0.5882352941176471,0.6666666666666666,0.45454545454545453
6,clab-nebula-serf107,25,1.5,40,35,25,10,15,0.7142857142857143,0.625,0.5
6,clab-nebula-serf107,30,1.5,71,57,42,15,29,0.7368421052631579,0.5915492957746479,0.4883720930232558
6,clab-nebula-serf107,35,1.5,104,97,81,16,23,0.8350515463917526,0.7788461538461539,0.675
6,clab-nebula-serf107,40,1.5,144,153,144,9,0,0.9411764705882353,1.0,0.9411764705882353
6,clab-nebula-serf107,45,1.5,149,153,149,4,0,0.9738562091503268,1.0,0.9738562091503268
6,clab-nebula-serf107,50,1.5,154,153,153,0,1,1.0,0.9935064935064936,0.9935064935064936
6,clab-nebula-serf107,55,1.5,157,153,153,0,4,1.0,0.9745222929936306,0.9745222929936306
6,clab-nebula-serf107,60,1.5,161,153,153,0,8,1.0,0.9503105590062112,0.9503105590062112
6,clab-nebula-serf115,5,1.5,0,0,0,0,0,0.0,0.0,0.0
6,clab-nebula-serf115,10,1.5,0,0,0,0,0,0.0,0.0,0.0
6,clab-nebula-serf115,15,1.5,0,0,0,0,0,0.0,0.0,0.0
6,clab-nebula-serf115,20,1.5,0,0,0,0,0,0.0,0.0,0.0
6,clab-nebula-serf115,25,1.5,0,0,0,0,0,0.0,0.0,0.0
6,clab-nebula-serf115,30,1.5,0,0,0,0,0,0.0,0.0,0.0
6,clab-nebula-serf115,35,1.5,1,1,1,0,0,1.0,1.0,1.0
6,clab-nebula-serf115,40,1.5,3,1,1,0,2,1.0,0.3333333333333333,0.3333333333333333
6,clab-nebula-serf115,45,1.5,6,1,1,0,5,1.0,0.16666666666666666,0.16666666666666666
6,clab-nebula-serf115,50,1.5,23,1,1,0,22,1.0,0.043478260869565216,0.043478260869565216
6,clab-nebula-serf115,55,1.5,57,1,1,0,56,1.0,0.017543859649122806,0.017543859649122806
6,clab-nebula-serf115,60,1.5,103,161,103,58,0,0.639751552795031,1.0,0.639751552795031
6,clab-nebula-serf151,5,1.5,0,0,0,0,0,0.0,0.0,0.0
6,clab-nebula-serf151,10,1.5,0,0,0,0,0,0.0,0.0,0.0
6,clab-nebula-serf151,15,1.5,1,0,0,0,1,0,0.0,0.0
6,clab-nebula-serf151,20,1.5,11,9,8,1,3,0.8888888888888888,0.7272727272727273,0.6666666666666666
6,clab-nebula-serf151,25,1.5,13,9,9,0,4,1.0,0.6923076923076923,0.6923076923076923
6,clab-nebula-serf151,30,1.5,23,10,9,1,14,0.9,0.391304347826087,0.375
6,clab-nebula-serf151,35,1.5,43,10,9,1,34,0.9,0.20930232558139536,0.20454545454545456
6,clab-nebula-serf151,40,1.5,55,10,9,1,46,0.9,0.16363636363636364,0.16071428571428573
6,clab-nebula-serf151,45,1.5,81,14,10,4,71,0.7142857142857143,0.12345679012345678,0.11764705882352941
6,clab-nebula-serf151,50,1.5,114,15,12,3,102,0.8,0.10526315789473684,0.10256410256410256
6,clab-nebula-serf151,55,1.5,137,153,137,16,0,0.8954248366013072,1.0,0.8954248366013072
6,clab-nebula-serf151,60,1.5,148,153,146,7,2,0.954248366013072,0.9864864864864865,0.9419354838709677
6,clab-nebula-serf158,5,1.5,4,0,0,0,4,0,0.0,0.0
6,clab-nebula-serf158,10,1.5,4,0,0,0,4,0,0.0,0.0
6,clab-nebula-serf158,15,1.5,5,0,0,0,5,0,0.0,0.0
6,clab-nebula-serf158,20,1.5,8,16,8,8,0,0.5,1.0,0.5
6,clab-nebula-serf158,25,1.5,16,26,12,14,4,0.46153846153846156,0.75,0.4
6,clab-nebula-serf158,30,1.5,34,26,24,2,10,0.9230769230769231,0.7058823529411765,0.6666666666666666
6,clab-nebula-serf158,35,1.5,40,39,30,9,10,0.7692307692307693,0.75,0.6122448979591837
6,clab-nebula-serf158,40,1.5,52,39,36,3,16,0.9230769230769231,0.6923076923076923,0.6545454545454545
6,clab-nebula-serf158,45,1.5,68,75,55,20,13,0.7333333333333333,0.8088235294117647,0.625
6,clab-nebula-serf158,50,1.5,103,95,74,21,29,0.7789473684210526,0.7184466019417476,0.5967741935483871
6,clab-nebula-serf158,55,1.5,136,153,136,17,0,0.8888888888888888,1.0,0.8888888888888888
6,clab-nebula-serf158,60,1.5,148,153,148,5,0,0.9673202614379085,1.0,0.9673202614379085
6,clab-nebula-serf28,5,1.5,0,0,0,0,0,0.0,0.0,0.0
6,clab-nebula-serf28,10,1.5,1,0,0,0,1,0,0.0,0.0
6,clab-nebula-serf28,15,1.5,2,1,0,1,2,0.0,0.0,0.0
6,clab-nebula-serf28,20,1.5,4,1,1,0,3,1.0,0.25,0.25
6,clab-nebula-serf28,25,1.5,7,1,1,0,6,1.0,0.14285714285714285,0.14285714285714285
6,clab-nebula-serf28,30,1.5,19,1,1,0,18,1.0,0.05263157894736842,0.05263157894736842
6,clab-nebula-serf28,35,1.5,29,1,1,0,28,1.0,0.034482758620689655,0.034482758620689655
6,clab-nebula-serf28,40,1.5,61,1,1,0,60,1.0,0.01639344262295082,0.01639344262295082
6,clab-nebula-serf28,45,1.5,91,1,1,0,90,1.0,0.01098901098901099,0.01098901098901099
6,clab-nebula-serf28,50,1.5,95,2,1,1,94,0.5,0.010526315789473684,0.010416666666666666
6,clab-nebula-serf28,55,1.5,111,6,1,5,110,0.16666666666666666,0.009009009009009009,0.008620689655172414
6,clab-nebula-serf28,60,1.5,121,6,1,5,120,0.16666666666666666,0.008264462809917356,0.007936507936507936
6,clab-nebula-serf29,5,1.5,0,0,0,0,0,0.0,0.0,0.0
6,clab-nebula-serf29,10,1.5,2,0,0,0,2,0,0.0,0.0
6,clab-nebula-serf29,15,1.5,6,0,0,0,6,0,0.0,0.0
6,clab-nebula-serf29,20,1.5,14,1,1,0,13,1.0,0.07142857142857142,0.07142857142857142
6,clab-nebula-serf29,25,1.5,23,1,1,0,22,1.0,0.043478260869565216,0.043478260869565216
6,clab-nebula-serf29,30,1.5,39,1,1,0,38,1.0,0.02564102564102564,0.02564102564102564
6,clab-nebula-serf29,35,1.5,79,1,1,0,78,1.0,0.012658227848101266,0.012658227848101266
6,clab-nebula-serf29,40,1.5,92,1,1,0,91,1.0,0.010869565217391304,0.010869565217391304
6,clab-nebula-serf29,45,1.5,98,1,1,0,97,1.0,0.01020408163265306,0.01020408163265306
6,clab-nebula-serf29,50,1.5,115,3,1,2,114,0.3333333333333333,0.008695652173913044,0.008547008547008548
6,clab-nebula-serf29,55,1.5,122,3,1,2,121,0.3333333333333333,0.00819672131147541,0.008064516129032258
6,clab-nebula-serf29,60,1.5,125,3,1,2,124,0.3333333333333333,0.008,0.007874015748031496
8,clab-nebula-serf130,5,1.5,0,0,0,0,0,0.0,0.0,0.0
8,clab-nebula-serf130,10,1.5,0,0,0,0,0,0.0,0.0,0.0
8,clab-nebula-serf130,15,1.5,0,0,0,0,0,0.0,0.0,0.0
8,clab-nebula-serf130,20,1.5,13,14,13,1,0,0.9285714285714286,1.0,0.9285714285714286
8,clab-nebula-serf130,25,1.5,14,14,14,0,0,1.0,1.0,1.0
8,clab-nebula-serf130,30,1.5,24,40,23,17,1,0.575,0.9583333333333334,0.5609756097560976
8,clab-nebula-serf130,35,1.5,41,40,31,9,10,0.775,0.7560975609756098,0.62
8,clab-nebula-serf130,40,1.5,53,40,38,2,15,0.95,0.7169811320754716,0.6909090909090909
8,clab-nebula-serf130,45,1.5,84,79,69,10,15,0.8734177215189873,0.8214285714285714,0.7340425531914894
8,clab-nebula-serf130,50,1.5,111,137,100,37,11,0.7299270072992701,0.9009009009009009,0.6756756756756757
8,clab-nebula-serf130,55,1.5,136,152,135,17,1,0.8881578947368421,0.9926470588235294,0.8823529411764706
8,clab-nebula-serf130,60,1.5,146,152,145,7,1,0.9539473684210527,0.9931506849315068,0.9477124183006536
8,clab-nebula-serf161,5,1.5,4,2,2,0,2,1.0,0.5,0.5
8,clab-nebula-serf161,10,1.5,4,2,2,0,2,1.0,0.5,0.5
8,clab-nebula-serf161,15,1.5,5,5,5,0,0,1.0,1.0,1.0
8,clab-nebula-serf161,20,1.5,10,25,9,16,1,0.36,0.9,0.34615384615384615
8,clab-nebula-serf161,25,1.5,22,26,16,10,6,0.6153846153846154,0.7272727272727273,0.5
8,clab-nebula-serf161,30,1.5,36,40,26,14,10,0.65,0.7222222222222222,0.52
8,clab-nebula-serf161,35,1.5,42,40,32,8,10,0.8,0.7619047619047619,0.64
8,clab-nebula-serf161,40,1.5,58,40,38,2,20,0.95,0.6551724137931034,0.6333333333333333
8,clab-nebula-serf161,45,1.5,79,79,62,17,17,0.7848101265822784,0.7848101265822784,0.6458333333333334
8,clab-nebula-serf161,50,1.5,117,98,82,16,35,0.8367346938775511,0.7008547008547008,0.6165413533834586
8,clab-nebula-serf161,55,1.5,139,152,138,14,1,0.9078947368421053,0.9928057553956835,0.9019607843137255
8,clab-nebula-serf161,60,1.5,149,152,148,4,1,0.9736842105263158,0.9932885906040269,0.9673202614379085
8,clab-nebula-serf32,5,1.5,3,9,3,6,0,0.3333333333333333,1.0,0.3333333333333333
8,clab-nebula-serf32,10,1.5,19,17,13,4,6,0.7647058823529411,0.6842105263157895,0.5652173913043478
8,clab-nebula-serf32,15,1.5,32,49,29,20,3,0.5918367346938775,0.90625,0.5576923076923077
8,clab-nebula-serf32,20,1.5,59,57,47,10,12,0.8245614035087719,0.7966101694915254,0.6811594202898551
8,clab-nebula-serf32,25,1.5,88,62,58,4,30,0.9354838709677419,0.6590909090909091,0.6304347826086957
8,clab-nebula-serf32,30,1.5,95,103,82,21,13,0.7961165048543689,0.8631578947368421,0.7068965517241379
8,clab-nebula-serf32,35,1.5,108,112,91,21,17,0.8125,0.8425925925925926,0.7054263565891473
8,clab-nebula-serf32,40,1.5,121,112,102,10,19,0.9107142857142857,0.8429752066115702,0.7786259541984732
8,clab-nebula-serf32,45,1.5,124,113,104,9,20,0.9203539823008849,0.8387096774193549,0.7819548872180451
8,clab-nebula-serf32,50,1.5,137,152,134,18,3,0.881578947368421,0.9781021897810219,0.864516129032258
8,clab-nebula-serf32,55,1.5,154,152,151,1,3,0.993421052631579,0.9805194805194806,0.9741935483870968
8,clab-nebula-serf32,60,1.5,155,152,151,1,4,0.993421052631579,0.9741935483870968,0.967948717948718
8,clab-nebula-serf63,5,1.5,0,0,0,0,0,0.0,0.0,0.0
8,clab-nebula-serf63,10,1.5,0,0,0,0,0,0.0,0.0,0.0
8,clab-nebula-serf63,15,1.5,6,5,4,1,2,0.8,0.6666666666666666,0.5714285714285714
8,clab-nebula-serf63,20,1.5,32,19,16,3,16,0.8421052631578947,0.5,0.45714285714285713
8,clab-nebula-serf63,25,1.5,64,35,29,6,35,0.8285714285714286,0.453125,0.4142857142857143
8,clab-nebula-serf63,30,1.5,84,36,34,2,50,0.9444444444444444,0.40476190476190477,0.3953488372093023
8,clab-nebula-serf63,35,1.5,103,104,88,16,15,0.8461538461538461,0.8543689320388349,0.7394957983193278
8,clab-nebula-serf63,40,1.5,119,112,101,11,18,0.9017857142857143,0.8487394957983193,0.7769230769230769
8,clab-nebula-serf63,45,1.5,124,113,104,9,20,0.9203539823008849,0.8387096774193549,0.7819548872180451
8,clab-nebula-serf63,50,1.5,128,115,106,9,22,0.9217391304347826,0.828125,0.7737226277372263
8,clab-nebula-serf63,55,1.5,154,152,151,1,3,0.993421052631579,0.9805194805194806,0.9741935483870968
8,clab-nebula-serf63,60,1.5,154,152,151,1,3,0.993421052631579,0.9805194805194806,0.9741935483870968
8,clab-nebula-serf45,5,1.5,2,0,0,0,2,0,0.0,0.0
8,clab-nebula-serf45,10,1.5,8,16,8,8,0,0.5,1.0,0.5
8,clab-nebula-serf45,15,1.5,22,18,12,6,10,0.6666666666666666,0.5454545454545454,0.42857142857142855
8,clab-nebula-serf45,20,1.5,40,18,16,2,24,0.8888888888888888,0.4,0.38095238095238093
8,clab-nebula-serf45,25,1.5,80,57,53,4,27,0.9298245614035088,0.6625,0.6309523809523809
8,clab-nebula-serf45,30,1.5,90,62,57,5,33,0.9193548387096774,0.6333333333333333,0.6
8,clab-nebula-serf45,35,1.5,118,112,99,13,19,0.8839285714285714,0.8389830508474576,0.7557251908396947
8,clab-nebula-serf45,40,1.5,121,112,102,10,19,0.9107142857142857,0.8429752066115702,0.7786259541984732
8,clab-nebula-serf45,45,1.5,124,113,104,9,20,0.9203539823008849,0.8387096774193549,0.7819548872180451
8,clab-nebula-serf45,50,1.5,145,152,142,10,3,0.9342105263157895,0.9793103448275862,0.9161290322580645
8,clab-nebula-serf45,55,1.5,154,152,151,1,3,0.993421052631579,0.9805194805194806,0.9741935483870968
8,clab-nebula-serf45,60,1.5,155,152,152,0,3,1.0,0.9806451612903225,0.9806451612903225
8,clab-nebula-serf49,5,1.5,4,7,4,3,0,0.5714285714285714,1.0,0.5714285714285714
8,clab-nebula-serf49,10,1.5,14,17,11,6,3,0.6470588235294118,0.7857142857142857,0.55
8,clab-nebula-serf49,15,1.5,30,18,15,3,15,0.8333333333333334,0.5,0.45454545454545453
8,clab-nebula-serf49,20,1.5,67,57,50,7,17,0.8771929824561403,0.746268656716418,0.6756756756756757
8,clab-nebula-serf49,25,1.5,84,59,55,4,29,0.9322033898305084,0.6547619047619048,0.625
8,clab-nebula-serf49,30,1.5,106,112,91,21,15,0.8125,0.8584905660377359,0.7165354330708661
8,clab-nebula-serf49,35,1.5,121,112,102,10,19,0.9107142857142857,0.8429752066115702,0.7786259541984732
8,clab-nebula-serf49,40,1.5,124,112,104,8,20,0.9285714285714286,0.8387096774193549,0.7878787878787878
8,clab-nebula-serf49,45,1.5,135,152,132,20,3,0.868421052631579,0.9777777777777777,0.8516129032258064
8,clab-nebula-serf49,50,1.5,154,152,151,1,3,0.993421052631579,0.9805194805194806,0.9741935483870968
8,clab-nebula-serf49,55,1.5,154,152,151,1,3,0.993421052631579,0.9805194805194806,0.9741935483870968
8,clab-nebula-serf49,60,1.5,157,152,152,0,5,1.0,0.9681528662420382,0.9681528662420382
8,clab-nebula-serf83,5,1.5,0,0,0,0,0,0.0,0.0,0.0
8,clab-nebula-serf83,10,1.5,3,1,1,0,2,1.0,0.3333333333333333,0.3333333333333333
8,clab-nebula-serf83,15,1.5,14,9,8,1,6,0.8888888888888888,0.5714285714285714,0.5333333333333333
8,clab-nebula-serf83,20,1.5,33,9,9,0,24,1.0,0.2727272727272727,0.2727272727272727
8,clab-nebula-serf83,25,1.5,50,9,9,0,41,1.0,0.18,0.18
8,clab-nebula-serf83,30,1.5,79,12,9,3,70,0.75,0.11392405063291139,0.10975609756097561
8,clab-nebula-serf83,35,1.5,109,12,12,0,97,1.0,0.11009174311926606,0.11009174311926606
8,clab-nebula-serf83,40,1.5,119,12,12,0,107,1.0,0.10084033613445378,0.10084033613445378
8,clab-nebula-serf83,45,1.5,128,30,20,10,108,0.6666666666666666,0.15625,0.14492753623188406
8,clab-nebula-serf83,50,1.5,140,153,137,16,3,0.8954248366013072,0.9785714285714285,0.8782051282051282
8,clab-nebula-serf83,55,1.5,154,153,151,2,3,0.9869281045751634,0.9805194805194806,0.967948717948718
8,clab-nebula-serf83,60,1.5,156,161,156,5,0,0.968944099378882,1.0,0.968944099378882
8,clab-nebula-serf91,5,1.5,3,0,0,0,3,0,0.0,0.0
8,clab-nebula-serf91,10,1.5,17,8,5,3,12,0.625,0.29411764705882354,0.25
8,clab-nebula-serf91,15,1.5,36,9,9,0,27,1.0,0.25,0.25
8,clab-nebula-serf91,20,1.5,56,12,9,3,47,0.75,0.16071428571428573,0.15254237288135594
8,clab-nebula-serf91,25,1.5,81,12,9,3,72,0.75,0.1111111111111111,0.10714285714285714
8,clab-nebula-serf91,30,1.5,112,12,12,0,100,1.0,0.10714285714285714,0.10714285714285714
8,clab-nebula-serf91,35,1.5,119,12,12,0,107,1.0,0.10084033613445378,0.10084033613445378
8,clab-nebula-serf91,40,1.5,129,35,21,14,108,0.6,0.16279069767441862,0.14685314685314685
8,clab-nebula-serf91,45,1.5,146,153,143,10,3,0.934640522875817,0.9794520547945206,0.9166666666666666
8,clab-nebula-serf91,50,1.5,154,153,151,2,3,0.9869281045751634,0.9805194805194806,0.967948717948718
8,clab-nebula-serf91,55,1.5,157,161,157,4,0,0.9751552795031055,1.0,0.9751552795031055
8,clab-nebula-serf91,60,1.5,161,161,161,0,0,1.0,1.0,1.0
8,clab-nebula-serf136,5,1.5,0,0,0,0,0,0.0,0.0,0.0
8,clab-nebula-serf136,10,1.5,0,0,0,0,0,0.0,0.0,0.0
8,clab-nebula-serf136,15,1.5,2,3,2,1,0,0.6666666666666666,1.0,0.6666666666666666
8,clab-nebula-serf136,20,1.5,14,14,14,0,0,1.0,1.0,1.0
8,clab-nebula-serf136,25,1.5,18,39,18,21,0,0.46153846153846156,1.0,0.46153846153846156
8,clab-nebula-serf136,30,1.5,28,40,26,14,2,0.65,0.9285714285714286,0.6190476190476191
8,clab-nebula-serf136,35,1.5,45,40,35,5,10,0.875,0.7777777777777778,0.7
8,clab-nebula-serf136,40,1.5,66,79,56,23,10,0.7088607594936709,0.8484848484848485,0.6292134831460674
8,clab-nebula-serf136,45,1.5,95,85,76,9,19,0.8941176470588236,0.8,0.7307692307692307
8,clab-nebula-serf136,50,1.5,124,138,111,27,13,0.8043478260869565,0.8951612903225806,0.7350993377483444
8,clab-nebula-serf136,55,1.5,137,152,136,16,1,0.8947368421052632,0.9927007299270073,0.8888888888888888
8,clab-nebula-serf136,60,1.5,149,152,148,4,1,0.9736842105263158,0.9932885906040269,0.9673202614379085
8,clab-nebula-serf146,5,1.5,0,0,0,0,0,0.0,0.0,0.0
8,clab-nebula-serf146,10,1.5,0,0,0,0,0,0.0,0.0,0.0
8,clab-nebula-serf146,15,1.5,1,1,1,0,0,1.0,1.0,1.0
8,clab-nebula-serf146,20,1.5,5,7,5,2,0,0.7142857142857143,1.0,0.7142857142857143
8,clab-nebula-serf146,25,1.5,8,24,8,16,0,0.3333333333333333,1.0,0.3333333333333333
8,clab-nebula-serf146,30,1.5,16,40,15,25,1,0.375,0.9375,0.36585365853658536
8,clab-nebula-serf146,35,1.5,44,40,31,9,13,0.775,0.7045454545454546,0.5849056603773585
8,clab-nebula-serf146,40,1.5,58,40,38,2,20,0.95,0.6551724137931034,0.6333333333333333
8,clab-nebula-serf146,45,1.5,78,84,62,22,16,0.7380952380952381,0.7948717948717948,0.62
8,clab-nebula-serf146,50,1.5,114,152,113,39,1,0.743421052631579,0.9912280701754386,0.738562091503268
8,clab-nebula-serf146,55,1.5,137,152,136,16,1,0.8947368421052632,0.9927007299270073,0.8888888888888888
8,clab-nebula-serf146,60,1.5,146,152,145,7,1,0.9539473684210527,0.9931506849315068,0.9477124183006536
8,clab-nebula-serf12,5,1.5,0,0,0,0,0,0.0,0.0,0.0
8,clab-nebula-serf12,10,1.5,5,4,4,0,1,1.0,0.8,0.8
8,clab-nebula-serf12,15,1.5,19,18,15,3,4,0.8333333333333334,0.7894736842105263,0.6818181818181818
8,clab-nebula-serf12,20,1.5,38,38,28,10,10,0.7368421052631579,0.7368421052631579,0.5833333333333334
8,clab-nebula-serf12,25,1.5,71,62,49,13,22,0.7903225806451613,0.6901408450704225,0.5833333333333334
8,clab-nebula-serf12,30,1.5,88,62,57,5,31,0.9193548387096774,0.6477272727272727,0.6129032258064516
8,clab-nebula-serf12,35,1.5,102,112,90,22,12,0.8035714285714286,0.8823529411764706,0.7258064516129032
8,clab-nebula-serf12,40,1.5,119,115,101,14,18,0.8782608695652174,0.8487394957983193,0.7593984962406015
8,clab-nebula-serf12,45,1.5,121,115,102,13,19,0.8869565217391304,0.8429752066115702,0.7611940298507462
8,clab-nebula-serf12,50,1.5,127,115,106,9,21,0.9217391304347826,0.8346456692913385,0.7794117647058824
8,clab-nebula-serf12,55,1.5,153,152,150,2,3,0.9868421052631579,0.9803921568627451,0.967741935483871
8,clab-nebula-serf12,60,1.5,155,152,151,1,4,0.993421052631579,0.9741935483870968,0.967948717948718
8,clab-nebula-serf19,5,1.5,0,0,0,0,0,0.0,0.0,0.0
8,clab-nebula-serf19,10,1.5,5,1,1,0,4,1.0,0.2,0.2
8,clab-nebula-serf19,15,1.5,23,1,1,0,22,1.0,0.043478260869565216,0.043478260869565216
8,clab-nebula-serf19,20,1.5,44,62,34,28,10,0.5483870967741935,0.7727272727272727,0.4722222222222222
8,clab-nebula-serf19,25,1.5,73,62,50,12,23,0.8064516129032258,0.684931506849315,0.5882352941176471
8,clab-nebula-serf19,30,1.5,90,62,58,4,32,0.9354838709677419,0.6444444444444445,0.6170212765957447
8,clab-nebula-serf19,35,1.5,105,113,91,22,14,0.8053097345132744,0.8666666666666667,0.7165354330708661
8,clab-nebula-serf19,40,1.5,120,115,101,14,19,0.8782608695652174,0.8416666666666667,0.753731343283582
8,clab-nebula-serf19,45,1.5,123,115,104,11,19,0.9043478260869565,0.8455284552845529,0.7761194029850746
8,clab-nebula-serf19,50,1.5,142,152,139,13,3,0.9144736842105263,0.9788732394366197,0.896774193548387
8,clab-nebula-serf19,55,1.5,153,152,150,2,3,0.9868421052631579,0.9803921568627451,0.967741935483871
8,clab-nebula-serf19,60,1.5,157,152,152,0,5,1.0,0.9681528662420382,0.9681528662420382
8,clab-nebula-serf80,5,1.5,0,0,0,0,0,0.0,0.0,0.0
8,clab-nebula-serf80,10,1.5,14,17,9,8,5,0.5294117647058824,0.6428571428571429,0.4090909090909091
8,clab-nebula-serf80,15,1.5,32,17,17,0,15,1.0,0.53125,0.53125
8,clab-nebula-serf80,20,1.5,55,30,20,10,35,0.6666666666666666,0.36363636363636365,0.3076923076923077
8,clab-nebula-serf80,25,1.5,84,37,26,11,58,0.7027027027027027,0.30952380952380953,0.2736842105263158
8,clab-nebula-serf80,30,1.5,110,104,93,11,17,0.8942307692307693,0.8454545454545455,0.768595041322314
8,clab-nebula-serf80,35,1.5,120,113,102,11,18,0.9026548672566371,0.85,0.7786259541984732
8,clab-nebula-serf80,40,1.5,127,115,104,11,23,0.9043478260869565,0.8188976377952756,0.7536231884057971
8,clab-nebula-serf80,45,1.5,152,152,149,3,3,0.9802631578947368,0.9802631578947368,0.9612903225806452
8,clab-nebula-serf80,50,1.5,154,152,151,1,3,0.993421052631579,0.9805194805194806,0.9741935483870968
8,clab-nebula-serf80,55,1.5,156,152,152,0,4,1.0,0.9743589743589743,0.9743589743589743
8,clab-nebula-serf80,60,1.5,159,161,159,2,0,0.9875776397515528,1.0,0.9875776397515528
8,clab-nebula-serf111,5,1.5,1,0,0,0,1,0,0.0,0.0
8,clab-nebula-serf111,10,1.5,7,7,6,1,1,0.8571428571428571,0.8571428571428571,0.75
8,clab-nebula-serf111,15,1.5,17,11,10,1,7,0.9090909090909091,0.5882352941176471,0.5555555555555556
8,clab-nebula-serf111,20,1.5,47,40,33,7,14,0.825,0.7021276595744681,0.6111111111111112
8,clab-nebula-serf111,25,1.5,73,59,44,15,29,0.7457627118644068,0.6027397260273972,0.5
8,clab-nebula-serf111,30,1.5,111,99,82,17,29,0.8282828282828283,0.7387387387387387,0.640625
8,clab-nebula-serf111,35,1.5,145,152,144,8,1,0.9473684210526315,0.993103448275862,0.9411764705882353
8,clab-nebula-serf111,40,1.5,150,152,149,3,1,0.9802631578947368,0.9933333333333333,0.9738562091503268
8,clab-nebula-serf111,45,1.5,154,152,152,0,2,1.0,0.987012987012987,0.987012987012987
8,clab-nebula-serf111,50,1.5,158,152,152,0,6,1.0,0.9620253164556962,0.9620253164556962
8,clab-nebula-serf111,55,1.5,161,152,152,0,9,1.0,0.9440993788819876,0.9440993788819876
8,clab-nebula-serf111,60,1.5,161,152,152,0,9,1.0,0.9440993788819876,0.9440993788819876
8,clab-nebula-serf109,5,1.5,3,3,1,2,2,0.3333333333333333,0.3333333333333333,0.2
8,clab-nebula-serf109,10,1.5,8,10,8,2,0,0.8,1.0,0.8
8,clab-nebula-serf109,15,1.5,26,37,17,20,9,0.4594594594594595,0.6538461538461539,0.3695652173913043
8,clab-nebula-serf109,20,1.5,58,59,38,21,20,0.6440677966101694,0.6551724137931034,0.4810126582278481
8,clab-nebula-serf109,25,1.5,87,59,47,12,40,0.7966101694915254,0.5402298850574713,0.47474747474747475
8,clab-nebula-serf109,30,1.5,130,152,129,23,1,0.8486842105263158,0.9923076923076923,0.8431372549019608
8,clab-nebula-serf109,35,1.5,145,152,144,8,1,0.9473684210526315,0.993103448275862,0.9411764705882353
8,clab-nebula-serf109,40,1.5,153,152,151,1,2,0.993421052631579,0.9869281045751634,0.9805194805194806
8,clab-nebula-serf109,45,1.5,155,152,152,0,3,1.0,0.9806451612903225,0.9806451612903225
8,clab-nebula-serf109,50,1.5,159,152,152,0,7,1.0,0.9559748427672956,0.9559748427672956
8,clab-nebula-serf109,55,1.5,161,152,152,0,9,1.0,0.9440993788819876,0.9440993788819876
8,clab-nebula-serf109,60,1.5,161,152,152,0,9,1.0,0.9440993788819876,0.9440993788819876
8,clab-nebula-serf147,5,1.5,0,0,0,0,0,0.0,0.0,0.0
8,clab-nebula-serf147,10,1.5,0,0,0,0,0,0.0,0.0,0.0
8,clab-nebula-serf147,15,1.5,2,9,1,8,1,0.1111111111111111,0.5,0.1
8,clab-nebula-serf147,20,1.5,12,9,9,0,3,1.0,0.75,0.75
8,clab-nebula-serf147,25,1.5,14,9,9,0,5,1.0,0.6428571428571429,0.6428571428571429
8,clab-nebula-serf147,30,1.5,27,9,9,0,18,1.0,0.3333333333333333,0.3333333333333333
8,clab-nebula-serf147,35,1.5,48,9,9,0,39,1.0,0.1875,0.1875
8,clab-nebula-serf147,40,1.5,59,9,9,0,50,1.0,0.15254237288135594,0.15254237288135594
8,clab-nebula-serf147,45,1.5,87,11,9,2,78,0.8181818181818182,0.10344827586206896,0.10112359550561797
8,clab-nebula-serf147,50,1.5,120,12,11,1,109,0.9166666666666666,0.09166666666666666,0.09090909090909091
8,clab-nebula-serf147,55,1.5,141,152,140,12,1,0.9210526315789473,0.9929078014184397,0.9150326797385621
8,clab-nebula-serf147,60,1.5,152,152,149,3,3,0.9802631578947368,0.9802631578947368,0.9612903225806452
8,clab-nebula-serf4,5,1.5,1,2,1,1,0,0.5,1.0,0.5
8,clab-nebula-serf4,10,1.5,2,6,2,4,0,0.3333333333333333,1.0,0.3333333333333333
8,clab-nebula-serf4,15,1.5,9,13,9,4,0,0.6923076923076923,1.0,0.6923076923076923
8,clab-nebula-serf4,20,1.5,16,13,12,1,4,0.9230769230769231,0.75,0.7058823529411765
8,clab-nebula-serf4,25,1.5,23,25,21,4,2,0.84,0.9130434782608695,0.7777777777777778
8,clab-nebula-serf4,30,1.5,47,62,39,23,8,0.6290322580645161,0.8297872340425532,0.5571428571428572
8,clab-nebula-serf4,35,1.5,82,62,54,8,28,0.8709677419354839,0.6585365853658537,0.6
8,clab-nebula-serf4,40,1.5,92,103,80,23,12,0.7766990291262136,0.8695652173913043,0.6956521739130435
8,clab-nebula-serf4,45,1.5,109,113,96,17,13,0.8495575221238938,0.8807339449541285,0.7619047619047619
8,clab-nebula-serf4,50,1.5,120,152,117,35,3,0.7697368421052632,0.975,0.7548387096774194
8,clab-nebula-serf4,55,1.5,123,152,120,32,3,0.7894736842105263,0.975609756097561,0.7741935483870968
8,clab-nebula-serf4,60,1.5,141,152,138,14,3,0.9078947368421053,0.9787234042553191,0.8903225806451613
8,clab-nebula-serf100,5,1.5,6,6,6,0,0,1.0,1.0,1.0
8,clab-nebula-serf100,10,1.5,7,7,7,0,0,1.0,1.0,1.0
8,clab-nebula-serf100,15,1.5,8,8,7,1,1,0.875,0.875,0.7777777777777778
8,clab-nebula-serf100,20,1.5,14,9,9,0,5,1.0,0.6428571428571429,0.6428571428571429
8,clab-nebula-serf100,25,1.5,25,9,9,0,16,1.0,0.36,0.36
8,clab-nebula-serf100,30,1.5,59,46,40,6,19,0.8695652173913043,0.6779661016949152,0.6153846153846154
8,clab-nebula-serf100,35,1.5,89,113,73,40,16,0.6460176991150443,0.8202247191011236,0.5658914728682171
8,clab-nebula-serf100,40,1.5,137,152,136,16,1,0.8947368421052632,0.9927007299270073,0.8888888888888888
8,clab-nebula-serf100,45,1.5,150,152,148,4,2,0.9736842105263158,0.9866666666666667,0.961038961038961
8,clab-nebula-serf100,50,1.5,159,152,152,0,7,1.0,0.9559748427672956,0.9559748427672956
8,clab-nebula-serf100,55,1.5,160,161,160,1,0,0.9937888198757764,1.0,0.9937888198757764
8,clab-nebula-serf100,60,1.5,161,161,161,0,0,1.0,1.0,1.0
8,clab-nebula-serf75,5,1.5,0,0,0,0,0,0.0,0.0,0.0
8,clab-nebula-serf75,10,1.5,7,7,4,3,3,0.5714285714285714,0.5714285714285714,0.4
8,clab-nebula-serf75,15,1.5,26,17,17,0,9,1.0,0.6538461538461539,0.6538461538461539
8,clab-nebula-serf75,20,1.5,41,17,17,0,24,1.0,0.4146341463414634,0.4146341463414634
8,clab-nebula-serf75,25,1.5,76,30,22,8,54,0.7333333333333333,0.2894736842105263,0.2619047619047619
8,clab-nebula-serf75,30,1.5,100,37,29,8,71,0.7837837837837838,0.29,0.26851851851851855
8,clab-nebula-serf75,35,1.5,115,113,98,15,17,0.8672566371681416,0.8521739130434782,0.7538461538461538
8,clab-nebula-serf75,40,1.5,122,113,103,10,19,0.911504424778761,0.8442622950819673,0.7803030303030303
8,clab-nebula-serf75,45,1.5,135,115,105,10,30,0.9130434782608695,0.7777777777777778,0.7241379310344828
8,clab-nebula-serf75,50,1.5,154,153,151,2,3,0.9869281045751634,0.9805194805194806,0.967948717948718
8,clab-nebula-serf75,55,1.5,155,153,151,2,4,0.9869281045751634,0.9741935483870968,0.9617834394904459
8,clab-nebula-serf75,60,1.5,158,161,158,3,0,0.9813664596273292,1.0,0.9813664596273292
8,clab-nebula-serf89,5,1.5,3,3,3,0,0,1.0,1.0,1.0
8,clab-nebula-serf89,10,1.5,3,3,3,0,0,1.0,1.0,1.0
8,clab-nebula-serf89,15,1.5,8,9,7,2,1,0.7777777777777778,0.875,0.7
8,clab-nebula-serf89,20,1.5,18,9,9,0,9,1.0,0.5,0.5
8,clab-nebula-serf89,25,1.5,41,9,9,0,32,1.0,0.21951219512195122,0.21951219512195122
8,clab-nebula-serf89,30,1.5,71,12,9,3,62,0.75,0.1267605633802817,0.12162162162162163
8,clab-nebula-serf89,35,1.5,97,12,11,1,86,0.9166666666666666,0.1134020618556701,0.11224489795918367
8,clab-nebula-serf89,40,1.5,119,27,15,12,104,0.5555555555555556,0.12605042016806722,0.11450381679389313
8,clab-nebula-serf89,45,1.5,127,152,124,28,3,0.8157894736842105,0.9763779527559056,0.8
8,clab-nebula-serf89,50,1.5,137,153,134,19,3,0.8758169934640523,0.9781021897810219,0.8589743589743589
8,clab-nebula-serf89,55,1.5,154,161,154,7,0,0.9565217391304348,1.0,0.9565217391304348
8,clab-nebula-serf89,60,1.5,158,161,158,3,0,0.9813664596273292,1.0,0.9813664596273292
8,clab-nebula-serf101,5,1.5,4,5,4,1,0,0.8,1.0,0.8
8,clab-nebula-serf101,10,1.5,7,7,7,0,0,1.0,1.0,1.0
8,clab-nebula-serf101,15,1.5,7,7,7,0,0,1.0,1.0,1.0
8,clab-nebula-serf101,20,1.5,10,9,8,1,2,0.8888888888888888,0.8,0.7272727272727273
8,clab-nebula-serf101,25,1.5,22,9,9,0,13,1.0,0.4090909090909091,0.4090909090909091
8,clab-nebula-serf101,30,1.5,47,40,32,8,15,0.8,0.6808510638297872,0.5818181818181818
8,clab-nebula-serf101,35,1.5,79,113,65,48,14,0.5752212389380531,0.8227848101265823,0.5118110236220472
8,clab-nebula-serf101,40,1.5,131,152,130,22,1,0.8552631578947368,0.9923664122137404,0.8496732026143791
8,clab-nebula-serf101,45,1.5,148,152,147,5,1,0.9671052631578947,0.9932432432432432,0.9607843137254902
8,clab-nebula-serf101,50,1.5,157,152,152,0,5,1.0,0.9681528662420382,0.9681528662420382
8,clab-nebula-serf101,55,1.5,160,161,160,1,0,0.9937888198757764,1.0,0.9937888198757764
8,clab-nebula-serf101,60,1.5,161,161,161,0,0,1.0,1.0,1.0
8,clab-nebula-serf105,5,1.5,1,0,0,0,1,0,0.0,0.0
8,clab-nebula-serf105,10,1.5,3,3,2,1,1,0.6666666666666666,0.6666666666666666,0.5
8,clab-nebula-serf105,15,1.5,8,7,6,1,2,0.8571428571428571,0.75,0.6666666666666666
8,clab-nebula-serf105,20,1.5,25,37,16,21,9,0.43243243243243246,0.64,0.34782608695652173
8,clab-nebula-serf105,25,1.5,54,40,37,3,17,0.925,0.6851851851851852,0.6491228070175439
8,clab-nebula-serf105,30,1.5,86,59,47,12,39,0.7966101694915254,0.5465116279069767,0.47959183673469385
8,clab-nebula-serf105,35,1.5,123,98,85,13,38,0.8673469387755102,0.6910569105691057,0.625
8,clab-nebula-serf105,40,1.5,145,152,144,8,1,0.9473684210526315,0.993103448275862,0.9411764705882353
8,clab-nebula-serf105,45,1.5,153,152,151,1,2,0.993421052631579,0.9869281045751634,0.9805194805194806
8,clab-nebula-serf105,50,1.5,155,152,152,0,3,1.0,0.9806451612903225,0.9806451612903225
8,clab-nebula-serf105,55,1.5,160,152,152,0,8,1.0,0.95,0.95
8,clab-nebula-serf105,60,1.5,161,152,152,0,9,1.0,0.9440993788819876,0.9440993788819876
8,clab-nebula-serf65,5,1.5,0,0,0,0,0,0.0,0.0,0.0
8,clab-nebula-serf65,10,1.5,0,0,0,0,0,0.0,0.0,0.0
8,clab-nebula-serf65,15,1.5,0,0,0,0,0,0.0,0.0,0.0
8,clab-nebula-serf65,20,1.5,23,18,6,12,17,0.3333333333333333,0.2608695652173913,0.17142857142857143
8,clab-nebula-serf65,25,1.5,62,30,20,10,42,0.6666666666666666,0.3225806451612903,0.2777777777777778
8,clab-nebula-serf65,30,1.5,95,98,82,16,13,0.8367346938775511,0.8631578947368421,0.7387387387387387
8,clab-nebula-serf65,35,1.5,115,99,95,4,20,0.9595959595959596,0.8260869565217391,0.7983193277310925
8,clab-nebula-serf65,40,1.5,122,112,102,10,20,0.9107142857142857,0.8360655737704918,0.7727272727272727
8,clab-nebula-serf65,45,1.5,126,113,104,9,22,0.9203539823008849,0.8253968253968254,0.7703703703703704
8,clab-nebula-serf65,50,1.5,152,152,149,3,3,0.9802631578947368,0.9802631578947368,0.9612903225806452
8,clab-nebula-serf65,55,1.5,154,152,151,1,3,0.993421052631579,0.9805194805194806,0.9741935483870968
8,clab-nebula-serf65,60,1.5,155,152,152,0,3,1.0,0.9806451612903225,0.9806451612903225
8,clab-nebula-serf68,5,1.5,0,0,0,0,0,0.0,0.0,0.0
8,clab-nebula-serf68,10,1.5,5,3,2,1,3,0.6666666666666666,0.4,0.3333333333333333
8,clab-nebula-serf68,15,1.5,27,17,17,0,10,1.0,0.6296296296296297,0.6296296296296297
8,clab-nebula-serf68,20,1.5,42,26,19,7,23,0.7307692307692307,0.4523809523809524,0.3877551020408163
8,clab-nebula-serf68,25,1.5,79,30,24,6,55,0.8,0.3037974683544304,0.2823529411764706
8,clab-nebula-serf68,30,1.5,103,103,87,16,16,0.8446601941747572,0.8446601941747572,0.7310924369747899
8,clab-nebula-serf68,35,1.5,116,112,99,13,17,0.8839285714285714,0.853448275862069,0.7674418604651163
8,clab-nebula-serf68,40,1.5,122,112,103,9,19,0.9196428571428571,0.8442622950819673,0.7862595419847328
8,clab-nebula-serf68,45,1.5,135,115,105,10,30,0.9130434782608695,0.7777777777777778,0.7241379310344828
8,clab-nebula-serf68,50,1.5,154,153,151,2,3,0.9869281045751634,0.9805194805194806,0.967948717948718
8,clab-nebula-serf68,55,1.5,154,153,151,2,3,0.9869281045751634,0.9805194805194806,0.967948717948718
8,clab-nebula-serf68,60,1.5,158,161,158,3,0,0.9813664596273292,1.0,0.9813664596273292
8,clab-nebula-serf94,5,1.5,2,0,0,0,2,0,0.0,0.0
8,clab-nebula-serf94,10,1.5,17,5,4,1,13,0.8,0.23529411764705882,0.2222222222222222
8,clab-nebula-serf94,15,1.5,36,9,9,0,27,1.0,0.25,0.25
8,clab-nebula-serf94,20,1.5,57,12,9,3,48,0.75,0.15789473684210525,0.15
8,clab-nebula-serf94,25,1.5,81,12,9,3,72,0.75,0.1111111111111111,0.10714285714285714
8,clab-nebula-serf94,30,1.5,105,12,12,0,93,1.0,0.11428571428571428,0.11428571428571428
8,clab-nebula-serf94,35,1.5,119,12,12,0,107,1.0,0.10084033613445378,0.10084033613445378
8,clab-nebula-serf94,40,1.5,129,152,126,26,3,0.8289473684210527,0.9767441860465116,0.8129032258064516
8,clab-nebula-serf94,45,1.5,145,152,142,10,3,0.9342105263157895,0.9793103448275862,0.9161290322580645
8,clab-nebula-serf94,50,1.5,154,152,151,1,3,0.993421052631579,0.9805194805194806,0.9741935483870968
8,clab-nebula-serf94,55,1.5,157,161,157,4,0,0.9751552795031055,1.0,0.9751552795031055
8,clab-nebula-serf94,60,1.5,161,161,161,0,0,1.0,1.0,1.0
8,clab-nebula-serf103,5,1.5,7,7,7,0,0,1.0,1.0,1.0
8,clab-nebula-serf103,10,1.5,7,7,7,0,0,1.0,1.0,1.0
8,clab-nebula-serf103,15,1.5,8,8,7,1,1,0.875,0.875,0.7777777777777778
8,clab-nebula-serf103,20,1.5,16,9,9,0,7,1.0,0.5625,0.5625
8,clab-nebula-serf103,25,1.5,27,40,20,20,7,0.5,0.7407407407407407,0.425531914893617
8,clab-nebula-serf103,30,1.5,63,59,43,16,20,0.7288135593220338,0.6825396825396826,0.5443037974683544
8,clab-nebula-serf103,35,1.5,102,152,101,51,1,0.6644736842105263,0.9901960784313726,0.6601307189542484
8,clab-nebula-serf103,40,1.5,140,152,139,13,1,0.9144736842105263,0.9928571428571429,0.9084967320261438
8,clab-nebula-serf103,45,1.5,150,152,148,4,2,0.9736842105263158,0.9866666666666667,0.961038961038961
8,clab-nebula-serf103,50,1.5,159,152,152,0,7,1.0,0.9559748427672956,0.9559748427672956
8,clab-nebula-serf103,55,1.5,161,161,161,0,0,1.0,1.0,1.0
8,clab-nebula-serf103,60,1.5,161,161,161,0,0,1.0,1.0,1.0
8,clab-nebula-serf117,5,1.5,0,0,0,0,0,0.0,0.0,0.0
8,clab-nebula-serf117,10,1.5,0,0,0,0,0,0.0,0.0,0.0
8,clab-nebula-serf117,15,1.5,0,0,0,0,0,0.0,0.0,0.0
8,clab-nebula-serf117,20,1.5,0,0,0,0,0,0.0,0.0,0.0
8,clab-nebula-serf117,25,1.5,1,3,1,2,0,0.3333333333333333,1.0,0.3333333333333333
8,clab-nebula-serf117,30,1.5,3,3,3,0,0,1.0,1.0,1.0
8,clab-nebula-serf117,35,1.5,3,3,3,0,0,1.0,1.0,1.0
8,clab-nebula-serf117,40,1.5,3,3,3,0,0,1.0,1.0,1.0
8,clab-nebula-serf117,45,1.5,10,3,3,0,7,1.0,0.3,0.3
8,clab-nebula-serf117,50,1.5,21,41,8,33,13,0.1951219512195122,0.38095238095238093,0.14814814814814814
8,clab-nebula-serf117,55,1.5,45,41,17,24,28,0.4146341463414634,0.37777777777777777,0.2463768115942029
8,clab-nebula-serf117,60,1.5,68,41,21,20,47,0.5121951219512195,0.3088235294117647,0.23863636363636365
8,clab-nebula-serf127,5,1.5,0,0,0,0,0,0.0,0.0,0.0
8,clab-nebula-serf127,10,1.5,4,15,3,12,1,0.2,0.75,0.1875
8,clab-nebula-serf127,15,1.5,13,22,7,15,6,0.3181818181818182,0.5384615384615384,0.25
8,clab-nebula-serf127,20,1.5,46,40,33,7,13,0.825,0.717391304347826,0.6226415094339622
8,clab-nebula-serf127,25,1.5,60,75,49,26,11,0.6533333333333333,0.8166666666666667,0.5697674418604651
8,clab-nebula-serf127,30,1.5,92,98,72,26,20,0.7346938775510204,0.782608695652174,0.6101694915254238
8,clab-nebula-serf127,35,1.5,122,137,110,27,12,0.8029197080291971,0.9016393442622951,0.738255033557047
8,clab-nebula-serf127,40,1.5,138,152,137,15,1,0.9013157894736842,0.9927536231884058,0.8954248366013072
8,clab-nebula-serf127,45,1.5,146,152,145,7,1,0.9539473684210527,0.9931506849315068,0.9477124183006536
8,clab-nebula-serf127,50,1.5,156,152,152,0,4,1.0,0.9743589743589743,0.9743589743589743
8,clab-nebula-serf127,55,1.5,161,161,161,0,0,1.0,1.0,1.0
8,clab-nebula-serf127,60,1.5,161,161,161,0,0,1.0,1.0,1.0
8,clab-nebula-serf129,5,1.5,0,0,0,0,0,0.0,0.0,0.0
8,clab-nebula-serf129,10,1.5,0,0,0,0,0,0.0,0.0,0.0
8,clab-nebula-serf129,15,1.5,2,1,0,1,2,0.0,0.0,0.0
8,clab-nebula-serf129,20,1.5,7,1,1,0,6,1.0,0.14285714285714285,0.14285714285714285
8,clab-nebula-serf129,25,1.5,17,11,9,2,8,0.8181818181818182,0.5294117647058824,0.47368421052631576
8,clab-nebula-serf129,30,1.5,42,40,30,10,12,0.75,0.7142857142857143,0.5769230769230769
8,clab-nebula-serf129,35,1.5,71,61,43,18,28,0.7049180327868853,0.6056338028169014,0.48314606741573035
8,clab-nebula-serf129,40,1.5,123,152,122,30,1,0.8026315789473685,0.991869918699187,0.7973856209150327
8,clab-nebula-serf129,45,1.5,142,152,141,11,1,0.9276315789473685,0.9929577464788732,0.9215686274509803
8,clab-nebula-serf129,50,1.5,149,152,148,4,1,0.9736842105263158,0.9932885906040269,0.9673202614379085
8,clab-nebula-serf129,55,1.5,155,152,152,0,3,1.0,0.9806451612903225,0.9806451612903225
8,clab-nebula-serf129,60,1.5,158,152,152,0,6,1.0,0.9620253164556962,0.9620253164556962
8,clab-nebula-serf155,5,1.5,0,0,0,0,0,0.0,0.0,0.0
8,clab-nebula-serf155,10,1.5,0,0,0,0,0,0.0,0.0,0.0
8,clab-nebula-serf155,15,1.5,1,1,1,0,0,1.0,1.0,1.0
8,clab-nebula-serf155,20,1.5,11,9,8,1,3,0.8888888888888888,0.7272727272727273,0.6666666666666666
8,clab-nebula-serf155,25,1.5,14,9,9,0,5,1.0,0.6428571428571429,0.6428571428571429
8,clab-nebula-serf155,30,1.5,24,9,9,0,15,1.0,0.375,0.375
8,clab-nebula-serf155,35,1.5,43,9,9,0,34,1.0,0.20930232558139536,0.20930232558139536
8,clab-nebula-serf155,40,1.5,56,9,9,0,47,1.0,0.16071428571428573,0.16071428571428573
8,clab-nebula-serf155,45,1.5,82,11,9,2,73,0.8181818181818182,0.10975609756097561,0.10714285714285714
8,clab-nebula-serf155,50,1.5,117,12,11,1,106,0.9166666666666666,0.09401709401709402,0.09322033898305085
8,clab-nebula-serf155,55,1.5,137,152,136,16,1,0.8947368421052632,0.9927007299270073,0.8888888888888888
8,clab-nebula-serf155,60,1.5,150,152,147,5,3,0.9671052631578947,0.98,0.9483870967741935
8,clab-nebula-serf3,5,1.5,0,0,0,0,0,0.0,0.0,0.0
8,clab-nebula-serf3,10,1.5,2,2,2,0,0,1.0,1.0,1.0
8,clab-nebula-serf3,15,1.5,7,13,7,6,0,0.5384615384615384,1.0,0.5384615384615384
8,clab-nebula-serf3,20,1.5,13,32,13,19,0,0.40625,1.0,0.40625
8,clab-nebula-serf3,25,1.5,22,42,21,21,1,0.5,0.9545454545454546,0.4883720930232558
8,clab-nebula-serf3,30,1.5,50,62,39,23,11,0.6290322580645161,0.78,0.5342465753424658
8,clab-nebula-serf3,35,1.5,83,62,55,7,28,0.8870967741935484,0.6626506024096386,0.6111111111111112
8,clab-nebula-serf3,40,1.5,96,115,83,32,13,0.7217391304347827,0.8645833333333334,0.6484375
8,clab-nebula-serf3,45,1.5,109,115,96,19,13,0.8347826086956521,0.8807339449541285,0.75
8,clab-nebula-serf3,50,1.5,119,152,116,36,3,0.7631578947368421,0.9747899159663865,0.7483870967741936
8,clab-nebula-serf3,55,1.5,123,152,120,32,3,0.7894736842105263,0.975609756097561,0.7741935483870968
8,clab-nebula-serf3,60,1.5,141,152,138,14,3,0.9078947368421053,0.9787234042553191,0.8903225806451613
8,clab-nebula-serf14,5,1.5,0,0,0,0,0,0.0,0.0,0.0
8,clab-nebula-serf14,10,1.5,4,0,0,0,4,0,0.0,0.0
8,clab-nebula-serf14,15,1.5,18,18,14,4,4,0.7777777777777778,0.7777777777777778,0.6363636363636364
8,clab-nebula-serf14,20,1.5,35,38,26,12,9,0.6842105263157895,0.7428571428571429,0.5531914893617021
8,clab-nebula-serf14,25,1.5,70,62,48,14,22,0.7741935483870968,0.6857142857142857,0.5714285714285714
8,clab-nebula-serf14,30,1.5,88,62,57,5,31,0.9193548387096774,0.6477272727272727,0.6129032258064516
8,clab-nebula-serf14,35,1.5,102,112,90,22,12,0.8035714285714286,0.8823529411764706,0.7258064516129032
8,clab-nebula-serf14,40,1.5,119,113,101,12,18,0.8938053097345132,0.8487394957983193,0.7709923664122137
8,clab-nebula-serf14,45,1.5,121,113,102,11,19,0.9026548672566371,0.8429752066115702,0.7727272727272727
8,clab-nebula-serf14,50,1.5,126,115,105,10,21,0.9130434782608695,0.8333333333333334,0.7720588235294118
8,clab-nebula-serf14,55,1.5,151,152,148,4,3,0.9736842105263158,0.9801324503311258,0.9548387096774194
8,clab-nebula-serf14,60,1.5,155,152,151,1,4,0.993421052631579,0.9741935483870968,0.967948717948718
8,clab-nebula-serf142,5,1.5,0,0,0,0,0,0.0,0.0,0.0
8,clab-nebula-serf142,10,1.5,0,0,0,0,0,0.0,0.0,0.0
8,clab-nebula-serf142,15,1.5,1,0,0,0,1,0,0.0,0.0
8,clab-nebula-serf142,20,1.5,1,0,0,0,1,0,0.0,0.0
8,clab-nebula-serf142,25,1.5,7,7,7,0,0,1.0,1.0,1.0
8,clab-nebula-serf142,30,1.5,14,26,13,13,1,0.5,0.9285714285714286,0.48148148148148145
8,clab-nebula-serf142,35,1.5,30,40,26,14,4,0.65,0.8666666666666667,0.5909090909090909
8,clab-nebula-serf142,40,1.5,54,40,36,4,18,0.9,0.6666666666666666,0.6206896551724138
8,clab-nebula-serf142,45,1.5,59,40,39,1,20,0.975,0.6610169491525424,0.65
8,clab-nebula-serf142,50,1.5,95,136,84,52,11,0.6176470588235294,0.8842105263157894,0.5714285714285714
8,clab-nebula-serf142,55,1.5,126,152,125,27,1,0.8223684210526315,0.9920634920634921,0.8169934640522876
8,clab-nebula-serf142,60,1.5,140,152,139,13,1,0.9144736842105263,0.9928571428571429,0.9084967320261438
8,clab-nebula-serf96,5,1.5,4,3,3,0,1,1.0,0.75,0.75
8,clab-nebula-serf96,10,1.5,7,7,7,0,0,1.0,1.0,1.0
8,clab-nebula-serf96,15,1.5,7,7,7,0,0,1.0,1.0,1.0
8,clab-nebula-serf96,20,1.5,9,8,7,1,2,0.875,0.7777777777777778,0.7
8,clab-nebula-serf96,25,1.5,20,9,9,0,11,1.0,0.45,0.45
8,clab-nebula-serf96,30,1.5,41,40,29,11,12,0.725,0.7073170731707317,0.5576923076923077
8,clab-nebula-serf96,35,1.5,77,113,63,50,14,0.5575221238938053,0.8181818181818182,0.49606299212598426
8,clab-nebula-serf96,40,1.5,121,152,120,32,1,0.7894736842105263,0.9917355371900827,0.7843137254901961
8,clab-nebula-serf96,45,1.5,147,152,146,6,1,0.9605263157894737,0.9931972789115646,0.954248366013072
8,clab-nebula-serf96,50,1.5,153,152,151,1,2,0.993421052631579,0.9869281045751634,0.9805194805194806
8,clab-nebula-serf96,55,1.5,160,161,160,1,0,0.9937888198757764,1.0,0.9937888198757764
8,clab-nebula-serf96,60,1.5,161,161,161,0,0,1.0,1.0,1.0
8,clab-nebula-serf116,5,1.5,0,0,0,0,0,0.0,0.0,0.0
8,clab-nebula-serf116,10,1.5,0,0,0,0,0,0.0,0.0,0.0
8,clab-nebula-serf116,15,1.5,0,0,0,0,0,0.0,0.0,0.0
8,clab-nebula-serf116,20,1.5,0,0,0,0,0,0.0,0.0,0.0
8,clab-nebula-serf116,25,1.5,0,0,0,0,0,0.0,0.0,0.0
8,clab-nebula-serf116,30,1.5,0,0,0,0,0,0.0,0.0,0.0
8,clab-nebula-serf116,35,1.5,1,1,1,0,0,1.0,1.0,1.0
8,clab-nebula-serf116,40,1.5,1,1,1,0,0,1.0,1.0,1.0
8,clab-nebula-serf116,45,1.5,6,1,1,0,5,1.0,0.16666666666666666,0.16666666666666666
8,clab-nebula-serf116,50,1.5,14,1,1,0,13,1.0,0.07142857142857142,0.07142857142857142
8,clab-nebula-serf116,55,1.5,40,2,1,1,39,0.5,0.025,0.024390243902439025
8,clab-nebula-serf116,60,1.5,88,161,88,73,0,0.546583850931677,1.0,0.546583850931677
8,clab-nebula-serf56,5,1.5,9,6,5,1,4,0.8333333333333334,0.5555555555555556,0.5
8,clab-nebula-serf56,10,1.5,24,25,17,8,7,0.68,0.7083333333333334,0.53125
8,clab-nebula-serf56,15,1.5,64,37,30,7,34,0.8108108108108109,0.46875,0.4225352112676056
8,clab-nebula-serf56,20,1.5,83,57,51,6,32,0.8947368421052632,0.6144578313253012,0.5730337078651685
8,clab-nebula-serf56,25,1.5,97,103,86,17,11,0.8349514563106796,0.8865979381443299,0.7543859649122807
8,clab-nebula-serf56,30,1.5,118,113,100,13,18,0.8849557522123894,0.847457627118644,0.7633587786259542
8,clab-nebula-serf56,35,1.5,121,113,102,11,19,0.9026548672566371,0.8429752066115702,0.7727272727272727
8,clab-nebula-serf56,40,1.5,125,115,104,11,21,0.9043478260869565,0.832,0.7647058823529411
8,clab-nebula-serf56,45,1.5,151,152,148,4,3,0.9736842105263158,0.9801324503311258,0.9548387096774194
8,clab-nebula-serf56,50,1.5,154,152,151,1,3,0.993421052631579,0.9805194805194806,0.9741935483870968
8,clab-nebula-serf56,55,1.5,157,152,152,0,5,1.0,0.9681528662420382,0.9681528662420382
8,clab-nebula-serf56,60,1.5,158,153,153,0,5,1.0,0.9683544303797469,0.9683544303797469
8,clab-nebula-serf59,5,1.5,5,5,3,2,2,0.6,0.6,0.42857142857142855
8,clab-nebula-serf59,10,1.5,26,19,15,4,11,0.7894736842105263,0.5769230769230769,0.5
8,clab-nebula-serf59,15,1.5,63,35,28,7,35,0.8,0.4444444444444444,0.4
8,clab-nebula-serf59,20,1.5,83,56,50,6,33,0.8928571428571429,0.6024096385542169,0.5617977528089888
8,clab-nebula-serf59,25,1.5,99,103,86,17,13,0.8349514563106796,0.8686868686868687,0.7413793103448276
8,clab-nebula-serf59,30,1.5,119,113,101,12,18,0.8938053097345132,0.8487394957983193,0.7709923664122137
8,clab-nebula-serf59,35,1.5,124,113,104,9,20,0.9203539823008849,0.8387096774193549,0.7819548872180451
8,clab-nebula-serf59,40,1.5,128,115,106,9,22,0.9217391304347826,0.828125,0.7737226277372263
8,clab-nebula-serf59,45,1.5,153,152,150,2,3,0.9868421052631579,0.9803921568627451,0.967741935483871
8,clab-nebula-serf59,50,1.5,154,152,151,1,3,0.993421052631579,0.9805194805194806,0.9741935483870968
8,clab-nebula-serf59,55,1.5,157,152,152,0,5,1.0,0.9681528662420382,0.9681528662420382
8,clab-nebula-serf59,60,1.5,161,161,161,0,0,1.0,1.0,1.0
8,clab-nebula-serf70,5,1.5,3,0,0,0,3,0,0.0,0.0
8,clab-nebula-serf70,10,1.5,19,6,3,3,16,0.5,0.15789473684210525,0.13636363636363635
8,clab-nebula-serf70,15,1.5,36,19,12,7,24,0.631578947368421,0.3333333333333333,0.27906976744186046
8,clab-nebula-serf70,20,1.5,66,57,33,24,33,0.5789473684210527,0.5,0.36666666666666664
8,clab-nebula-serf70,25,1.5,87,57,47,10,40,0.8245614035087719,0.5402298850574713,0.4845360824742268
8,clab-nebula-serf70,30,1.5,110,112,93,19,17,0.8303571428571429,0.8454545454545455,0.7209302325581395
8,clab-nebula-serf70,35,1.5,119,113,101,12,18,0.8938053097345132,0.8487394957983193,0.7709923664122137
8,clab-nebula-serf70,40,1.5,124,113,104,9,20,0.9203539823008849,0.8387096774193549,0.7819548872180451
8,clab-nebula-serf70,45,1.5,147,153,144,9,3,0.9411764705882353,0.9795918367346939,0.9230769230769231
8,clab-nebula-serf70,50,1.5,154,153,151,2,3,0.9869281045751634,0.9805194805194806,0.967948717948718
8,clab-nebula-serf70,55,1.5,158,153,153,0,5,1.0,0.9683544303797469,0.9683544303797469
8,clab-nebula-serf70,60,1.5,161,161,161,0,0,1.0,1.0,1.0
8,clab-nebula-serf81,5,1.5,1,1,0,1,1,0.0,0.0,0.0
8,clab-nebula-serf81,10,1.5,22,17,15,2,7,0.8823529411764706,0.6818181818181818,0.625
8,clab-nebula-serf81,15,1.5,39,17,17,0,22,1.0,0.4358974358974359,0.4358974358974359
8,clab-nebula-serf81,20,1.5,68,37,22,15,46,0.5945945945945946,0.3235294117647059,0.26506024096385544
8,clab-nebula-serf81,25,1.5,90,37,28,9,62,0.7567567567567568,0.3111111111111111,0.2828282828282828
8,clab-nebula-serf81,30,1.5,114,113,97,16,17,0.8584070796460177,0.8508771929824561,0.7461538461538462
8,clab-nebula-serf81,35,1.5,121,113,103,10,18,0.911504424778761,0.8512396694214877,0.7862595419847328
8,clab-nebula-serf81,40,1.5,130,115,104,11,26,0.9043478260869565,0.8,0.7375886524822695
8,clab-nebula-serf81,45,1.5,153,152,150,2,3,0.9868421052631579,0.9803921568627451,0.967741935483871
8,clab-nebula-serf81,50,1.5,154,153,151,2,3,0.9869281045751634,0.9805194805194806,0.967948717948718
8,clab-nebula-serf81,55,1.5,157,153,153,0,4,1.0,0.9745222929936306,0.9745222929936306
8,clab-nebula-serf81,60,1.5,161,161,161,0,0,1.0,1.0,1.0
8,clab-nebula-serf95,5,1.5,0,0,0,0,0,0.0,0.0,0.0
8,clab-nebula-serf95,10,1.5,10,5,2,3,8,0.4,0.2,0.15384615384615385
8,clab-nebula-serf95,15,1.5,30,8,6,2,24,0.75,0.2,0.1875
8,clab-nebula-serf95,20,1.5,50,11,9,2,41,0.8181818181818182,0.18,0.17307692307692307
8,clab-nebula-serf95,25,1.5,80,12,9,3,71,0.75,0.1125,0.10843373493975904
8,clab-nebula-serf95,30,1.5,104,12,12,0,92,1.0,0.11538461538461539,0.11538461538461539
8,clab-nebula-serf95,35,1.5,119,14,12,2,107,0.8571428571428571,0.10084033613445378,0.09917355371900827
8,clab-nebula-serf95,40,1.5,124,32,17,15,107,0.53125,0.13709677419354838,0.1223021582733813
8,clab-nebula-serf95,45,1.5,142,152,139,13,3,0.9144736842105263,0.9788732394366197,0.896774193548387
8,clab-nebula-serf95,50,1.5,154,152,151,1,3,0.993421052631579,0.9805194805194806,0.9741935483870968
8,clab-nebula-serf95,55,1.5,154,152,151,1,3,0.993421052631579,0.9805194805194806,0.9741935483870968
8,clab-nebula-serf95,60,1.5,159,161,159,2,0,0.9875776397515528,1.0,0.9875776397515528
8,clab-nebula-serf114,5,1.5,1,0,0,0,1,0,0.0,0.0
8,clab-nebula-serf114,10,1.5,1,0,0,0,1,0,0.0,0.0
8,clab-nebula-serf114,15,1.5,2,1,1,0,1,1.0,0.5,0.5
8,clab-nebula-serf114,20,1.5,17,9,5,4,12,0.5555555555555556,0.29411764705882354,0.23809523809523808
8,clab-nebula-serf114,25,1.5,25,9,9,0,16,1.0,0.36,0.36
8,clab-nebula-serf114,30,1.5,53,99,43,56,10,0.43434343434343436,0.8113207547169812,0.3944954128440367
8,clab-nebula-serf114,35,1.5,92,115,80,35,12,0.6956521739130435,0.8695652173913043,0.6299212598425197
8,clab-nebula-serf114,40,1.5,134,152,132,20,2,0.868421052631579,0.9850746268656716,0.8571428571428571
8,clab-nebula-serf114,45,1.5,152,152,145,7,7,0.9539473684210527,0.9539473684210527,0.9119496855345912
8,clab-nebula-serf114,50,1.5,158,152,150,2,8,0.9868421052631579,0.9493670886075949,0.9375
8,clab-nebula-serf114,55,1.5,161,161,161,0,0,1.0,1.0,1.0
8,clab-nebula-serf114,60,1.5,161,161,161,0,0,1.0,1.0,1.0
8,clab-nebula-serf9,5,1.5,1,0,0,0,1,0,0.0,0.0
8,clab-nebula-serf9,10,1.5,8,5,5,0,3,1.0,0.625,0.625
8,clab-nebula-serf9,15,1.5,17,28,15,13,2,0.5357142857142857,0.8823529411764706,0.5
8,clab-nebula-serf9,20,1.5,36,42,31,11,5,0.7380952380952381,0.8611111111111112,0.6595744680851063
8,clab-nebula-serf9,25,1.5,71,62,47,15,24,0.7580645161290323,0.6619718309859155,0.5465116279069767
8,clab-nebula-serf9,30,1.5,87,103,77,26,10,0.7475728155339806,0.8850574712643678,0.6814159292035398
8,clab-nebula-serf9,35,1.5,101,113,89,24,12,0.7876106194690266,0.8811881188118812,0.712
8,clab-nebula-serf9,40,1.5,116,115,100,15,16,0.8695652173913043,0.8620689655172413,0.7633587786259542
8,clab-nebula-serf9,45,1.5,120,115,101,14,19,0.8782608695652174,0.8416666666666667,0.753731343283582
8,clab-nebula-serf9,50,1.5,125,115,104,11,21,0.9043478260869565,0.832,0.7647058823529411
8,clab-nebula-serf9,55,1.5,151,152,148,4,3,0.9736842105263158,0.9801324503311258,0.9548387096774194
8,clab-nebula-serf9,60,1.5,154,152,151,1,3,0.993421052631579,0.9805194805194806,0.9741935483870968
8,clab-nebula-serf17,5,1.5,1,0,0,0,1,0,0.0,0.0
8,clab-nebula-serf17,10,1.5,12,18,10,8,2,0.5555555555555556,0.8333333333333334,0.5
8,clab-nebula-serf17,15,1.5,30,27,22,5,8,0.8148148148148148,0.7333333333333333,0.6285714285714286
8,clab-nebula-serf17,20,1.5,66,62,44,18,22,0.7096774193548387,0.6666666666666666,0.5238095238095238
8,clab-nebula-serf17,25,1.5,85,62,56,6,29,0.9032258064516129,0.6588235294117647,0.6153846153846154
8,clab-nebula-serf17,30,1.5,96,62,60,2,36,0.967741935483871,0.625,0.6122448979591837
8,clab-nebula-serf17,35,1.5,116,113,100,13,16,0.8849557522123894,0.8620689655172413,0.7751937984496124
8,clab-nebula-serf17,40,1.5,121,113,102,11,19,0.9026548672566371,0.8429752066115702,0.7727272727272727
8,clab-nebula-serf17,45,1.5,124,115,104,11,20,0.9043478260869565,0.8387096774193549,0.7703703703703704
8,clab-nebula-serf17,50,1.5,150,152,147,5,3,0.9671052631578947,0.98,0.9483870967741935
8,clab-nebula-serf17,55,1.5,154,152,151,1,3,0.993421052631579,0.9805194805194806,0.9741935483870968
8,clab-nebula-serf17,60,1.5,157,152,152,0,5,1.0,0.9681528662420382,0.9681528662420382
8,clab-nebula-serf139,5,1.5,0,0,0,0,0,0.0,0.0,0.0
8,clab-nebula-serf139,10,1.5,0,0,0,0,0,0.0,0.0,0.0
8,clab-nebula-serf139,15,1.5,5,12,5,7,0,0.4166666666666667,1.0,0.4166666666666667
8,clab-nebula-serf139,20,1.5,14,14,14,0,0,1.0,1.0,1.0
8,clab-nebula-serf139,25,1.5,21,28,21,7,0,0.75,1.0,0.75
8,clab-nebula-serf139,30,1.5,31,40,26,14,5,0.65,0.8387096774193549,0.5777777777777777
8,clab-nebula-serf139,35,1.5,45,40,35,5,10,0.875,0.7777777777777778,0.7
8,clab-nebula-serf139,40,1.5,65,79,55,24,10,0.6962025316455697,0.8461538461538461,0.6179775280898876
8,clab-nebula-serf139,45,1.5,95,85,76,9,19,0.8941176470588236,0.8,0.7307692307692307
8,clab-nebula-serf139,50,1.5,121,138,108,30,13,0.782608695652174,0.8925619834710744,0.7152317880794702
8,clab-nebula-serf139,55,1.5,137,152,136,16,1,0.8947368421052632,0.9927007299270073,0.8888888888888888
8,clab-nebula-serf139,60,1.5,149,152,148,4,1,0.9736842105263158,0.9932885906040269,0.9673202614379085
8,clab-nebula-serf52,5,1.5,1,0,0,0,1,0,0.0,0.0
8,clab-nebula-serf52,10,1.5,12,11,8,3,4,0.7272727272727273,0.6666666666666666,0.5333333333333333
8,clab-nebula-serf52,15,1.5,38,25,20,5,18,0.8,0.5263157894736842,0.46511627906976744
8,clab-nebula-serf52,20,1.5,69,36,32,4,37,0.8888888888888888,0.463768115942029,0.4383561643835616
8,clab-nebula-serf52,25,1.5,88,62,55,7,33,0.8870967741935484,0.625,0.5789473684210527
8,clab-nebula-serf52,30,1.5,106,112,91,21,15,0.8125,0.8584905660377359,0.7165354330708661
8,clab-nebula-serf52,35,1.5,119,113,101,12,18,0.8938053097345132,0.8487394957983193,0.7709923664122137
8,clab-nebula-serf52,40,1.5,124,113,104,9,20,0.9203539823008849,0.8387096774193549,0.7819548872180451
8,clab-nebula-serf52,45,1.5,134,152,131,21,3,0.8618421052631579,0.9776119402985075,0.8451612903225807
8,clab-nebula-serf52,50,1.5,154,152,151,1,3,0.993421052631579,0.9805194805194806,0.9741935483870968
8,clab-nebula-serf52,55,1.5,154,152,151,1,3,0.993421052631579,0.9805194805194806,0.9741935483870968
8,clab-nebula-serf52,60,1.5,157,152,152,0,5,1.0,0.9681528662420382,0.9681528662420382
8,clab-nebula-serf71,5,1.5,0,0,0,0,0,0.0,0.0,0.0
8,clab-nebula-serf71,10,1.5,15,17,11,6,4,0.6470588235294118,0.7333333333333333,0.5238095238095238
8,clab-nebula-serf71,15,1.5,33,17,17,0,16,1.0,0.5151515151515151,0.5151515151515151
8,clab-nebula-serf71,20,1.5,57,29,19,10,38,0.6551724137931034,0.3333333333333333,0.2835820895522388
8,clab-nebula-serf71,25,1.5,83,30,26,4,57,0.8666666666666667,0.3132530120481928,0.2988505747126437
8,clab-nebula-serf71,30,1.5,107,37,33,4,74,0.8918918918918919,0.308411214953271,0.2972972972972973
8,clab-nebula-serf71,35,1.5,119,113,101,12,18,0.8938053097345132,0.8487394957983193,0.7709923664122137
8,clab-nebula-serf71,40,1.5,124,113,104,9,20,0.9203539823008849,0.8387096774193549,0.7819548872180451
8,clab-nebula-serf71,45,1.5,146,152,143,9,3,0.9407894736842105,0.9794520547945206,0.9225806451612903
8,clab-nebula-serf71,50,1.5,154,153,151,2,3,0.9869281045751634,0.9805194805194806,0.967948717948718
8,clab-nebula-serf71,55,1.5,156,153,152,1,4,0.9934640522875817,0.9743589743589743,0.9681528662420382
8,clab-nebula-serf71,60,1.5,161,161,161,0,0,1.0,1.0,1.0
8,clab-nebula-serf26,5,1.5,3,9,3,6,0,0.3333333333333333,1.0,0.3333333333333333
8,clab-nebula-serf26,10,1.5,19,17,13,4,6,0.7647058823529411,0.6842105263157895,0.5652173913043478
8,clab-nebula-serf26,15,1.5,31,28,24,4,7,0.8571428571428571,0.7741935483870968,0.6857142857142857
8,clab-nebula-serf26,20,1.5,58,55,45,10,13,0.8181818181818182,0.7758620689655172,0.6617647058823529
8,clab-nebula-serf26,25,1.5,87,59,55,4,32,0.9322033898305084,0.632183908045977,0.6043956043956044
8,clab-nebula-serf26,30,1.5,94,103,81,22,13,0.7864077669902912,0.8617021276595744,0.6982758620689655
8,clab-nebula-serf26,35,1.5,108,112,91,21,17,0.8125,0.8425925925925926,0.7054263565891473
8,clab-nebula-serf26,40,1.5,121,112,102,10,19,0.9107142857142857,0.8429752066115702,0.7786259541984732
8,clab-nebula-serf26,45,1.5,124,113,104,9,20,0.9203539823008849,0.8387096774193549,0.7819548872180451
8,clab-nebula-serf26,50,1.5,137,152,134,18,3,0.881578947368421,0.9781021897810219,0.864516129032258
8,clab-nebula-serf26,55,1.5,154,152,151,1,3,0.993421052631579,0.9805194805194806,0.9741935483870968
8,clab-nebula-serf26,60,1.5,155,152,151,1,4,0.993421052631579,0.9741935483870968,0.967948717948718
8,clab-nebula-serf34,5,1.5,1,0,0,0,1,0,0.0,0.0
8,clab-nebula-serf34,10,1.5,9,8,3,5,6,0.375,0.3333333333333333,0.21428571428571427
8,clab-nebula-serf34,15,1.5,27,8,6,2,21,0.75,0.2222222222222222,0.20689655172413793
8,clab-nebula-serf34,20,1.5,67,8,8,0,59,1.0,0.11940298507462686,0.11940298507462686
8,clab-nebula-serf34,25,1.5,85,57,54,3,31,0.9473684210526315,0.6352941176470588,0.6136363636363636
8,clab-nebula-serf34,30,1.5,95,62,60,2,35,0.967741935483871,0.631578947368421,0.6185567010309279
8,clab-nebula-serf34,35,1.5,112,112,93,19,19,0.8303571428571429,0.8303571428571429,0.7099236641221374
8,clab-nebula-serf34,40,1.5,121,112,102,10,19,0.9107142857142857,0.8429752066115702,0.7786259541984732
8,clab-nebula-serf34,45,1.5,124,113,104,9,20,0.9203539823008849,0.8387096774193549,0.7819548872180451
8,clab-nebula-serf34,50,1.5,149,152,146,6,3,0.9605263157894737,0.9798657718120806,0.9419354838709677
8,clab-nebula-serf34,55,1.5,154,152,151,1,3,0.993421052631579,0.9805194805194806,0.9741935483870968
8,clab-nebula-serf34,60,1.5,156,152,152,0,4,1.0,0.9743589743589743,0.9743589743589743
8,clab-nebula-serf126,5,1.5,0,0,0,0,0,0.0,0.0,0.0
8,clab-nebula-serf126,10,1.5,3,2,2,0,1,1.0,0.6666666666666666,0.6666666666666666
8,clab-nebula-serf126,15,1.5,15,22,10,12,5,0.45454545454545453,0.6666666666666666,0.37037037037037035
8,clab-nebula-serf126,20,1.5,47,40,34,6,13,0.85,0.723404255319149,0.6415094339622641
8,clab-nebula-serf126,25,1.5,59,40,38,2,21,0.95,0.6440677966101694,0.6229508196721312
8,clab-nebula-serf126,30,1.5,92,98,72,26,20,0.7346938775510204,0.782608695652174,0.6101694915254238
8,clab-nebula-serf126,35,1.5,121,137,110,27,11,0.8029197080291971,0.9090909090909091,0.7432432432432432
8,clab-nebula-serf126,40,1.5,138,152,137,15,1,0.9013157894736842,0.9927536231884058,0.8954248366013072
8,clab-nebula-serf126,45,1.5,146,152,145,7,1,0.9539473684210527,0.9931506849315068,0.9477124183006536
8,clab-nebula-serf126,50,1.5,156,152,152,0,4,1.0,0.9743589743589743,0.9743589743589743
8,clab-nebula-serf126,55,1.5,161,161,161,0,0,1.0,1.0,1.0
8,clab-nebula-serf126,60,1.5,161,161,161,0,0,1.0,1.0,1.0
8,clab-nebula-serf36,5,1.5,0,0,0,0,0,0.0,0.0,0.0
8,clab-nebula-serf36,10,1.5,2,2,0,2,2,0.0,0.0,0.0
8,clab-nebula-serf36,15,1.5,17,8,5,3,12,0.625,0.29411764705882354,0.25
8,clab-nebula-serf36,20,1.5,53,8,7,1,46,0.875,0.1320754716981132,0.12962962962962962
8,clab-nebula-serf36,25,1.5,79,57,50,7,29,0.8771929824561403,0.6329113924050633,0.5813953488372093
8,clab-nebula-serf36,30,1.5,92,57,54,3,38,0.9473684210526315,0.5869565217391305,0.5684210526315789
8,clab-nebula-serf36,35,1.5,108,104,92,12,16,0.8846153846153846,0.8518518518518519,0.7666666666666667
8,clab-nebula-serf36,40,1.5,121,112,102,10,19,0.9107142857142857,0.8429752066115702,0.7786259541984732
8,clab-nebula-serf36,45,1.5,124,113,104,9,20,0.9203539823008849,0.8387096774193549,0.7819548872180451
8,clab-nebula-serf36,50,1.5,137,152,134,18,3,0.881578947368421,0.9781021897810219,0.864516129032258
8,clab-nebula-serf36,55,1.5,154,152,151,1,3,0.993421052631579,0.9805194805194806,0.9741935483870968
8,clab-nebula-serf36,60,1.5,154,152,151,1,3,0.993421052631579,0.9805194805194806,0.9741935483870968
8,clab-nebula-serf82,5,1.5,0,0,0,0,0,0.0,0.0,0.0
8,clab-nebula-serf82,10,1.5,0,0,0,0,0,0.0,0.0,0.0
8,clab-nebula-serf82,15,1.5,0,0,0,0,0,0.0,0.0,0.0
8,clab-nebula-serf82,20,1.5,0,0,0,0,0,0.0,0.0,0.0
8,clab-nebula-serf82,25,1.5,0,0,0,0,0,0.0,0.0,0.0
8,clab-nebula-serf82,30,1.5,0,0,0,0,0,0.0,0.0,0.0
8,clab-nebula-serf82,35,1.5,16,29,6,23,10,0.20689655172413793,0.375,0.15384615384615385
8,clab-nebula-serf82,40,1.5,61,35,21,14,40,0.6,0.3442622950819672,0.28
8,clab-nebula-serf82,45,1.5,94,58,45,13,49,0.7758620689655172,0.4787234042553192,0.4205607476635514
8,clab-nebula-serf82,50,1.5,111,98,92,6,19,0.9387755102040817,0.8288288288288288,0.7863247863247863
8,clab-nebula-serf82,55,1.5,121,104,101,3,20,0.9711538461538461,0.8347107438016529,0.8145161290322581
8,clab-nebula-serf82,60,1.5,148,152,146,6,2,0.9605263157894737,0.9864864864864865,0.948051948051948
8,clab-nebula-serf85,5,1.5,0,0,0,0,0,0.0,0.0,0.0
8,clab-nebula-serf85,10,1.5,4,1,1,0,3,1.0,0.25,0.25
8,clab-nebula-serf85,15,1.5,19,9,9,0,10,1.0,0.47368421052631576,0.47368421052631576
8,clab-nebula-serf85,20,1.5,35,9,9,0,26,1.0,0.2571428571428571,0.2571428571428571
8,clab-nebula-serf85,25,1.5,57,12,9,3,48,0.75,0.15789473684210525,0.15
8,clab-nebula-serf85,30,1.5,82,12,9,3,73,0.75,0.10975609756097561,0.10588235294117647
8,clab-nebula-serf85,35,1.5,111,12,12,0,99,1.0,0.10810810810810811,0.10810810810810811
8,clab-nebula-serf85,40,1.5,119,12,12,0,107,1.0,0.10084033613445378,0.10084033613445378
8,clab-nebula-serf85,45,1.5,134,28,25,3,109,0.8928571428571429,0.1865671641791045,0.18248175182481752
8,clab-nebula-serf85,50,1.5,149,153,146,7,3,0.954248366013072,0.9798657718120806,0.9358974358974359
8,clab-nebula-serf85,55,1.5,154,153,151,2,3,0.9869281045751634,0.9805194805194806,0.967948717948718
8,clab-nebula-serf85,60,1.5,157,161,157,4,0,0.9751552795031055,1.0,0.9751552795031055
8,clab-nebula-serf97,5,1.5,5,6,5,1,0,0.8333333333333334,1.0,0.8333333333333334
8,clab-nebula-serf97,10,1.5,7,7,7,0,0,1.0,1.0,1.0
8,clab-nebula-serf97,15,1.5,7,7,7,0,0,1.0,1.0,1.0
8,clab-nebula-serf97,20,1.5,9,9,7,2,2,0.7777777777777778,0.7777777777777778,0.6363636363636364
8,clab-nebula-serf97,25,1.5,17,9,9,0,8,1.0,0.5294117647058824,0.5294117647058824
8,clab-nebula-serf97,30,1.5,41,40,29,11,12,0.725,0.7073170731707317,0.5576923076923077
8,clab-nebula-serf97,35,1.5,80,113,66,47,14,0.584070796460177,0.825,0.5196850393700787
8,clab-nebula-serf97,40,1.5,126,152,125,27,1,0.8223684210526315,0.9920634920634921,0.8169934640522876
8,clab-nebula-serf97,45,1.5,149,152,147,5,2,0.9671052631578947,0.9865771812080537,0.9545454545454546
8,clab-nebula-serf97,50,1.5,159,152,152,0,7,1.0,0.9559748427672956,0.9559748427672956
8,clab-nebula-serf97,55,1.5,161,161,161,0,0,1.0,1.0,1.0
8,clab-nebula-serf97,60,1.5,161,161,161,0,0,1.0,1.0,1.0
8,clab-nebula-serf99,5,1.5,6,6,6,0,0,1.0,1.0,1.0
8,clab-nebula-serf99,10,1.5,7,7,7,0,0,1.0,1.0,1.0
8,clab-nebula-serf99,15,1.5,7,7,7,0,0,1.0,1.0,1.0
8,clab-nebula-serf99,20,1.5,11,9,9,0,2,1.0,0.8181818181818182,0.8181818181818182
8,clab-nebula-serf99,25,1.5,24,9,9,0,15,1.0,0.375,0.375
8,clab-nebula-serf99,30,1.5,52,40,35,5,17,0.875,0.6730769230769231,0.6140350877192983
8,clab-nebula-serf99,35,1.5,82,113,66,47,16,0.584070796460177,0.8048780487804879,0.5116279069767442
8,clab-nebula-serf99,40,1.5,137,152,136,16,1,0.8947368421052632,0.9927007299270073,0.8888888888888888
8,clab-nebula-serf99,45,1.5,148,152,147,5,1,0.9671052631578947,0.9932432432432432,0.9607843137254902
8,clab-nebula-serf99,50,1.5,159,152,152,0,7,1.0,0.9559748427672956,0.9559748427672956
8,clab-nebula-serf99,55,1.5,160,161,160,1,0,0.9937888198757764,1.0,0.9937888198757764
8,clab-nebula-serf99,60,1.5,161,161,161,0,0,1.0,1.0,1.0
8,clab-nebula-serf124,5,1.5,0,0,0,0,0,0.0,0.0,0.0
8,clab-nebula-serf124,10,1.5,3,0,0,0,3,0,0.0,0.0
8,clab-nebula-serf124,15,1.5,8,2,2,0,6,1.0,0.25,0.25
8,clab-nebula-serf124,20,1.5,15,2,2,0,13,1.0,0.13333333333333333,0.13333333333333333
8,clab-nebula-serf124,25,1.5,29,25,10,15,19,0.4,0.3448275862068966,0.22727272727272727
8,clab-nebula-serf124,30,1.5,81,79,65,14,16,0.8227848101265823,0.8024691358024691,0.6842105263157895
8,clab-nebula-serf124,35,1.5,114,136,103,33,11,0.7573529411764706,0.9035087719298246,0.7006802721088435
8,clab-nebula-serf124,40,1.5,133,137,120,17,13,0.8759124087591241,0.9022556390977443,0.8
8,clab-nebula-serf124,45,1.5,145,138,132,6,13,0.9565217391304348,0.9103448275862069,0.8741721854304636
8,clab-nebula-serf124,50,1.5,156,152,149,3,7,0.9802631578947368,0.9551282051282052,0.9371069182389937
8,clab-nebula-serf124,55,1.5,161,161,161,0,0,1.0,1.0,1.0
8,clab-nebula-serf124,60,1.5,161,161,161,0,0,1.0,1.0,1.0
8,clab-nebula-serf157,5,1.5,4,2,2,0,2,1.0,0.5,0.5
8,clab-nebula-serf157,10,1.5,4,2,2,0,2,1.0,0.5,0.5
8,clab-nebula-serf157,15,1.5,5,5,5,0,0,1.0,1.0,1.0
8,clab-nebula-serf157,20,1.5,9,17,9,8,0,0.5294117647058824,1.0,0.5294117647058824
8,clab-nebula-serf157,25,1.5,16,26,12,14,4,0.46153846153846156,0.75,0.4
8,clab-nebula-serf157,30,1.5,35,26,25,1,10,0.9615384615384616,0.7142857142857143,0.6944444444444444
8,clab-nebula-serf157,35,1.5,40,40,30,10,10,0.75,0.75,0.6
8,clab-nebula-serf157,40,1.5,54,40,36,4,18,0.9,0.6666666666666666,0.6206896551724138
8,clab-nebula-serf157,45,1.5,70,79,56,23,14,0.7088607594936709,0.8,0.6021505376344086
8,clab-nebula-serf157,50,1.5,109,98,79,19,30,0.8061224489795918,0.7247706422018348,0.6171875
8,clab-nebula-serf157,55,1.5,136,152,135,17,1,0.8881578947368421,0.9926470588235294,0.8823529411764706
8,clab-nebula-serf157,60,1.5,148,152,147,5,1,0.9671052631578947,0.9932432432432432,0.9607843137254902
8,clab-nebula-serf159,5,1.5,4,1,1,0,3,1.0,0.25,0.25
8,clab-nebula-serf159,10,1.5,4,1,1,0,3,1.0,0.25,0.25
8,clab-nebula-serf159,15,1.5,5,5,5,0,0,1.0,1.0,1.0
8,clab-nebula-serf159,20,1.5,9,16,9,7,0,0.5625,1.0,0.5625
8,clab-nebula-serf159,25,1.5,16,26,12,14,4,0.46153846153846156,0.75,0.4
8,clab-nebula-serf159,30,1.5,35,26,25,1,10,0.9615384615384616,0.7142857142857143,0.6944444444444444
8,clab-nebula-serf159,35,1.5,40,40,30,10,10,0.75,0.75,0.6
8,clab-nebula-serf159,40,1.5,54,40,36,4,18,0.9,0.6666666666666666,0.6206896551724138
8,clab-nebula-serf159,45,1.5,70,79,56,23,14,0.7088607594936709,0.8,0.6021505376344086
8,clab-nebula-serf159,50,1.5,108,98,79,19,29,0.8061224489795918,0.7314814814814815,0.6220472440944882
8,clab-nebula-serf159,55,1.5,136,152,135,17,1,0.8881578947368421,0.9926470588235294,0.8823529411764706
8,clab-nebula-serf159,60,1.5,148,152,147,5,1,0.9671052631578947,0.9932432432432432,0.9607843137254902
8,clab-nebula-serf1,5,1.5,0,0,0,0,0,0.0,0.0,0.0
8,clab-nebula-serf1,10,1.5,6,10,6,4,0,0.6,1.0,0.6
8,clab-nebula-serf1,15,1.5,12,13,11,2,1,0.8461538461538461,0.9166666666666666,0.7857142857142857
8,clab-nebula-serf1,20,1.5,19,25,19,6,0,0.76,1.0,0.76
8,clab-nebula-serf1,25,1.5,37,62,34,28,3,0.5483870967741935,0.918918918918919,0.5230769230769231
8,clab-nebula-serf1,30,1.5,74,62,48,14,26,0.7741935483870968,0.6486486486486487,0.5454545454545454
8,clab-nebula-serf1,35,1.5,91,103,80,23,11,0.7766990291262136,0.8791208791208791,0.7017543859649122
8,clab-nebula-serf1,40,1.5,107,115,94,21,13,0.8173913043478261,0.8785046728971962,0.734375
8,clab-nebula-serf1,45,1.5,117,153,114,39,3,0.7450980392156863,0.9743589743589743,0.7307692307692307
8,clab-nebula-serf1,50,1.5,121,153,118,35,3,0.7712418300653595,0.9752066115702479,0.7564102564102564
8,clab-nebula-serf1,55,1.5,133,153,130,23,3,0.8496732026143791,0.9774436090225563,0.8333333333333334
8,clab-nebula-serf1,60,1.5,153,153,148,5,5,0.9673202614379085,0.9673202614379085,0.9367088607594937
8,clab-nebula-serf33,5,1.5,3,5,2,3,1,0.4,0.6666666666666666,0.3333333333333333
8,clab-nebula-serf33,10,1.5,20,8,6,2,14,0.75,0.3,0.2727272727272727
8,clab-nebula-serf33,15,1.5,53,8,8,0,45,1.0,0.1509433962264151,0.1509433962264151
8,clab-nebula-serf33,20,1.5,78,57,51,6,27,0.8947368421052632,0.6538461538461539,0.6071428571428571
8,clab-nebula-serf33,25,1.5,90,57,54,3,36,0.9473684210526315,0.6,0.5806451612903226
8,clab-nebula-serf33,30,1.5,105,112,89,23,16,0.7946428571428571,0.8476190476190476,0.6953125
8,clab-nebula-serf33,35,1.5,119,112,100,12,19,0.8928571428571429,0.8403361344537815,0.7633587786259542
8,clab-nebula-serf33,40,1.5,124,113,104,9,20,0.9203539823008849,0.8387096774193549,0.7819548872180451
8,clab-nebula-serf33,45,1.5,128,113,107,6,21,0.9469026548672567,0.8359375,0.7985074626865671
8,clab-nebula-serf33,50,1.5,154,152,151,1,3,0.993421052631579,0.9805194805194806,0.9741935483870968
8,clab-nebula-serf33,55,1.5,154,152,151,1,3,0.993421052631579,0.9805194805194806,0.9741935483870968
8,clab-nebula-serf33,60,1.5,157,152,152,0,5,1.0,0.9681528662420382,0.9681528662420382
8,clab-nebula-serf123,5,1.5,0,0,0,0,0,0.0,0.0,0.0
8,clab-nebula-serf123,10,1.5,2,1,0,1,2,0.0,0.0,0.0
8,clab-nebula-serf123,15,1.5,11,10,5,5,6,0.5,0.45454545454545453,0.3125
8,clab-nebula-serf123,20,1.5,16,11,8,3,8,0.7272727272727273,0.5,0.42105263157894735
8,clab-nebula-serf123,25,1.5,42,40,29,11,13,0.725,0.6904761904761905,0.5471698113207547
8,clab-nebula-serf123,30,1.5,89,61,41,20,48,0.6721311475409836,0.4606741573033708,0.3761467889908257
8,clab-nebula-serf123,35,1.5,128,152,127,25,1,0.8355263157894737,0.9921875,0.8300653594771242
8,clab-nebula-serf123,40,1.5,143,152,142,10,1,0.9342105263157895,0.993006993006993,0.9281045751633987
8,clab-nebula-serf123,45,1.5,152,152,149,3,3,0.9802631578947368,0.9802631578947368,0.9612903225806452
8,clab-nebula-serf123,50,1.5,158,153,153,0,5,1.0,0.9683544303797469,0.9683544303797469
8,clab-nebula-serf123,55,1.5,161,161,161,0,0,1.0,1.0,1.0
8,clab-nebula-serf123,60,1.5,161,161,161,0,0,1.0,1.0,1.0
8,clab-nebula-serf135,5,1.5,0,0,0,0,0,0.0,0.0,0.0
8,clab-nebula-serf135,10,1.5,0,0,0,0,0,0.0,0.0,0.0
8,clab-nebula-serf135,15,1.5,1,0,0,0,1,0,0.0,0.0
8,clab-nebula-serf135,20,1.5,14,14,14,0,0,1.0,1.0,1.0
8,clab-nebula-serf135,25,1.5,15,15,14,1,1,0.9333333333333333,0.9333333333333333,0.875
8,clab-nebula-serf135,30,1.5,25,40,24,16,1,0.6,0.96,0.5853658536585366
8,clab-nebula-serf135,35,1.5,42,40,32,8,10,0.8,0.7619047619047619,0.64
8,clab-nebula-serf135,40,1.5,54,40,38,2,16,0.95,0.7037037037037037,0.6785714285714286
8,clab-nebula-serf135,45,1.5,91,79,75,4,16,0.9493670886075949,0.8241758241758241,0.7894736842105263
8,clab-nebula-serf135,50,1.5,112,137,101,36,11,0.7372262773722628,0.9017857142857143,0.6824324324324325
8,clab-nebula-serf135,55,1.5,137,152,136,16,1,0.8947368421052632,0.9927007299270073,0.8888888888888888
8,clab-nebula-serf135,60,1.5,146,152,145,7,1,0.9539473684210527,0.9931506849315068,0.9477124183006536
8,clab-nebula-serf13,5,1.5,0,0,0,0,0,0.0,0.0,0.0
8,clab-nebula-serf13,10,1.5,7,10,5,5,2,0.5,0.7142857142857143,0.4166666666666667
8,clab-nebula-serf13,15,1.5,24,18,18,0,6,1.0,0.75,0.75
8,clab-nebula-serf13,20,1.5,50,58,33,25,17,0.5689655172413793,0.66,0.44
8,clab-nebula-serf13,25,1.5,76,62,52,10,24,0.8387096774193549,0.6842105263157895,0.6046511627906976
8,clab-nebula-serf13,30,1.5,92,62,58,4,34,0.9354838709677419,0.6304347826086957,0.6041666666666666
8,clab-nebula-serf13,35,1.5,110,113,95,18,15,0.8407079646017699,0.8636363636363636,0.7421875
8,clab-nebula-serf13,40,1.5,120,113,101,12,19,0.8938053097345132,0.8416666666666667,0.7651515151515151
8,clab-nebula-serf13,45,1.5,124,115,104,11,20,0.9043478260869565,0.8387096774193549,0.7703703703703704
8,clab-nebula-serf13,50,1.5,144,152,141,11,3,0.9276315789473685,0.9791666666666666,0.9096774193548387
8,clab-nebula-serf13,55,1.5,154,152,151,1,3,0.993421052631579,0.9805194805194806,0.9741935483870968
8,clab-nebula-serf13,60,1.5,157,152,152,0,5,1.0,0.9681528662420382,0.9681528662420382
8,clab-nebula-serf47,5,1.5,4,0,0,0,4,0,0.0,0.0
8,clab-nebula-serf47,10,1.5,12,17,11,6,1,0.6470588235294118,0.9166666666666666,0.6111111111111112
8,clab-nebula-serf47,15,1.5,25,18,14,4,11,0.7777777777777778,0.56,0.4827586206896552
8,clab-nebula-serf47,20,1.5,51,56,42,14,9,0.75,0.8235294117647058,0.6461538461538462
8,clab-nebula-serf47,25,1.5,82,57,54,3,28,0.9473684210526315,0.6585365853658537,0.6352941176470588
8,clab-nebula-serf47,30,1.5,100,103,88,15,12,0.8543689320388349,0.88,0.7652173913043478
8,clab-nebula-serf47,35,1.5,120,112,101,11,19,0.9017857142857143,0.8416666666666667,0.7709923664122137
8,clab-nebula-serf47,40,1.5,124,113,104,9,20,0.9203539823008849,0.8387096774193549,0.7819548872180451
8,clab-nebula-serf47,45,1.5,126,115,106,9,20,0.9217391304347826,0.8412698412698413,0.7851851851851852
8,clab-nebula-serf47,50,1.5,154,152,151,1,3,0.993421052631579,0.9805194805194806,0.9741935483870968
8,clab-nebula-serf47,55,1.5,154,152,151,1,3,0.993421052631579,0.9805194805194806,0.9741935483870968
8,clab-nebula-serf47,60,1.5,156,152,152,0,4,1.0,0.9743589743589743,0.9743589743589743
8,clab-nebula-serf84,5,1.5,0,0,0,0,0,0.0,0.0,0.0
8,clab-nebula-serf84,10,1.5,0,0,0,0,0,0.0,0.0,0.0
8,clab-nebula-serf84,15,1.5,4,2,2,0,2,1.0,0.5,0.5
8,clab-nebula-serf84,20,1.5,18,9,9,0,9,1.0,0.5,0.5
8,clab-nebula-serf84,25,1.5,35,9,9,0,26,1.0,0.2571428571428571,0.2571428571428571
8,clab-nebula-serf84,30,1.5,57,12,9,3,48,0.75,0.15789473684210525,0.15
8,clab-nebula-serf84,35,1.5,81,12,9,3,72,0.75,0.1111111111111111,0.10714285714285714
8,clab-nebula-serf84,40,1.5,110,12,12,0,98,1.0,0.10909090909090909,0.10909090909090909
8,clab-nebula-serf84,45,1.5,119,12,12,0,107,1.0,0.10084033613445378,0.10084033613445378
8,clab-nebula-serf84,50,1.5,128,31,20,11,108,0.6451612903225806,0.15625,0.14388489208633093
8,clab-nebula-serf84,55,1.5,142,152,139,13,3,0.9144736842105263,0.9788732394366197,0.896774193548387
8,clab-nebula-serf84,60,1.5,154,153,151,2,3,0.9869281045751634,0.9805194805194806,0.967948717948718
8,clab-nebula-serf92,5,1.5,0,0,0,0,0,0.0,0.0,0.0
8,clab-nebula-serf92,10,1.5,9,1,1,0,8,1.0,0.1111111111111111,0.1111111111111111
8,clab-nebula-serf92,15,1.5,30,17,17,0,13,1.0,0.5666666666666667,0.5666666666666667
8,clab-nebula-serf92,20,1.5,47,17,17,0,30,1.0,0.3617021276595745,0.3617021276595745
8,clab-nebula-serf92,25,1.5,77,30,22,8,55,0.7333333333333333,0.2857142857142857,0.25882352941176473
8,clab-nebula-serf92,30,1.5,103,37,30,7,73,0.8108108108108109,0.2912621359223301,0.2727272727272727
8,clab-nebula-serf92,35,1.5,118,113,100,13,18,0.8849557522123894,0.847457627118644,0.7633587786259542
8,clab-nebula-serf92,40,1.5,123,113,103,10,20,0.911504424778761,0.8373983739837398,0.7744360902255639
8,clab-nebula-serf92,45,1.5,137,115,105,10,32,0.9130434782608695,0.7664233576642335,0.7142857142857143
8,clab-nebula-serf92,50,1.5,154,153,151,2,3,0.9869281045751634,0.9805194805194806,0.967948717948718
8,clab-nebula-serf92,55,1.5,154,153,151,2,3,0.9869281045751634,0.9805194805194806,0.967948717948718
8,clab-nebula-serf92,60,1.5,158,161,158,3,0,0.9813664596273292,1.0,0.9813664596273292
8,clab-nebula-serf106,5,1.5,0,0,0,0,0,0.0,0.0,0.0
8,clab-nebula-serf106,10,1.5,2,1,1,0,1,1.0,0.5,0.5
8,clab-nebula-serf106,15,1.5,4,3,2,1,2,0.6666666666666666,0.5,0.4
8,clab-nebula-serf106,20,1.5,8,10,8,2,0,0.8,1.0,0.8
8,clab-nebula-serf106,25,1.5,27,37,18,19,9,0.4864864864864865,0.6666666666666666,0.391304347826087
8,clab-nebula-serf106,30,1.5,55,44,38,6,17,0.8636363636363636,0.6909090909090909,0.6229508196721312
8,clab-nebula-serf106,35,1.5,86,59,47,12,39,0.7966101694915254,0.5465116279069767,0.47959183673469385
8,clab-nebula-serf106,40,1.5,130,152,129,23,1,0.8486842105263158,0.9923076923076923,0.8431372549019608
8,clab-nebula-serf106,45,1.5,145,152,144,8,1,0.9473684210526315,0.993103448275862,0.9411764705882353
8,clab-nebula-serf106,50,1.5,153,152,151,1,2,0.993421052631579,0.9869281045751634,0.9805194805194806
8,clab-nebula-serf106,55,1.5,155,152,152,0,3,1.0,0.9806451612903225,0.9806451612903225
8,clab-nebula-serf106,60,1.5,161,152,152,0,9,1.0,0.9440993788819876,0.9440993788819876
8,clab-nebula-serf108,5,1.5,0,0,0,0,0,0.0,0.0,0.0
8,clab-nebula-serf108,10,1.5,2,1,0,1,2,0.0,0.0,0.0
8,clab-nebula-serf108,15,1.5,7,10,7,3,0,0.7,1.0,0.7
8,clab-nebula-serf108,20,1.5,16,11,10,1,6,0.9090909090909091,0.625,0.5882352941176471
8,clab-nebula-serf108,25,1.5,46,37,30,7,16,0.8108108108108109,0.6521739130434783,0.5660377358490566
8,clab-nebula-serf108,30,1.5,73,61,43,18,30,0.7049180327868853,0.589041095890411,0.4725274725274725
8,clab-nebula-serf108,35,1.5,122,98,84,14,38,0.8571428571428571,0.6885245901639344,0.6176470588235294
8,clab-nebula-serf108,40,1.5,144,152,143,9,1,0.9407894736842105,0.9930555555555556,0.934640522875817
8,clab-nebula-serf108,45,1.5,149,152,148,4,1,0.9736842105263158,0.9932885906040269,0.9673202614379085
8,clab-nebula-serf108,50,1.5,155,152,152,0,3,1.0,0.9806451612903225,0.9806451612903225
8,clab-nebula-serf108,55,1.5,158,152,152,0,6,1.0,0.9620253164556962,0.9620253164556962
8,clab-nebula-serf108,60,1.5,161,152,152,0,9,1.0,0.9440993788819876,0.9440993788819876
8,clab-nebula-serf119,5,1.5,2,0,0,0,2,0,0.0,0.0
8,clab-nebula-serf119,10,1.5,2,0,0,0,2,0,0.0,0.0
8,clab-nebula-serf119,15,1.5,2,0,0,0,2,0,0.0,0.0
8,clab-nebula-serf119,20,1.5,2,0,0,0,2,0,0.0,0.0
8,clab-nebula-serf119,25,1.5,3,3,3,0,0,1.0,1.0,1.0
8,clab-nebula-serf119,30,1.5,3,3,3,0,0,1.0,1.0,1.0
8,clab-nebula-serf119,35,1.5,3,3,3,0,0,1.0,1.0,1.0
8,clab-nebula-serf119,40,1.5,4,3,3,0,1,1.0,0.75,0.75
8,clab-nebula-serf119,45,1.5,5,3,3,0,2,1.0,0.6,0.6
8,clab-nebula-serf119,50,1.5,17,3,3,0,14,1.0,0.17647058823529413,0.17647058823529413
8,clab-nebula-serf119,55,1.5,27,3,3,0,24,1.0,0.1111111111111111,0.1111111111111111
8,clab-nebula-serf119,60,1.5,53,103,48,55,5,0.46601941747572817,0.9056603773584906,0.4444444444444444
8,clab-nebula-serf125,5,1.5,0,0,0,0,0,0.0,0.0,0.0
8,clab-nebula-serf125,10,1.5,3,2,2,0,1,1.0,0.6666666666666666,0.6666666666666666
8,clab-nebula-serf125,15,1.5,12,22,7,15,5,0.3181818181818182,0.5833333333333334,0.25925925925925924
8,clab-nebula-serf125,20,1.5,45,40,33,7,12,0.825,0.7333333333333333,0.6346153846153846
8,clab-nebula-serf125,25,1.5,58,40,38,2,20,0.95,0.6551724137931034,0.6333333333333333
8,clab-nebula-serf125,30,1.5,84,79,67,12,17,0.8481012658227848,0.7976190476190477,0.6979166666666666
8,clab-nebula-serf125,35,1.5,112,98,82,16,30,0.8367346938775511,0.7321428571428571,0.640625
8,clab-nebula-serf125,40,1.5,137,152,136,16,1,0.8947368421052632,0.9927007299270073,0.8888888888888888
8,clab-nebula-serf125,45,1.5,146,152,145,7,1,0.9539473684210527,0.9931506849315068,0.9477124183006536
8,clab-nebula-serf125,50,1.5,155,152,151,1,4,0.993421052631579,0.9741935483870968,0.967948717948718
8,clab-nebula-serf125,55,1.5,161,161,161,0,0,1.0,1.0,1.0
8,clab-nebula-serf125,60,1.5,161,161,161,0,0,1.0,1.0,1.0
8,clab-nebula-serf54,5,1.5,1,0,0,0,1,0,0.0,0.0
8,clab-nebula-serf54,10,1.5,11,11,7,4,4,0.6363636363636364,0.6363636363636364,0.4666666666666667
8,clab-nebula-serf54,15,1.5,35,25,19,6,16,0.76,0.5428571428571428,0.4634146341463415
8,clab-nebula-serf54,20,1.5,66,37,32,5,34,0.8648648648648649,0.48484848484848486,0.4507042253521127
8,clab-nebula-serf54,25,1.5,83,57,51,6,32,0.8947368421052632,0.6144578313253012,0.5730337078651685
8,clab-nebula-serf54,30,1.5,99,103,87,16,12,0.8446601941747572,0.8787878787878788,0.7565217391304347
8,clab-nebula-serf54,35,1.5,119,113,101,12,18,0.8938053097345132,0.8487394957983193,0.7709923664122137
8,clab-nebula-serf54,40,1.5,122,113,103,10,19,0.911504424778761,0.8442622950819673,0.7803030303030303
8,clab-nebula-serf54,45,1.5,126,115,105,10,21,0.9130434782608695,0.8333333333333334,0.7720588235294118
8,clab-nebula-serf54,50,1.5,153,152,150,2,3,0.9868421052631579,0.9803921568627451,0.967741935483871
8,clab-nebula-serf54,55,1.5,154,152,151,1,3,0.993421052631579,0.9805194805194806,0.9741935483870968
8,clab-nebula-serf54,60,1.5,157,152,152,0,5,1.0,0.9681528662420382,0.9681528662420382
8,clab-nebula-serf57,5,1.5,4,5,3,2,1,0.6,0.75,0.5
8,clab-nebula-serf57,10,1.5,13,6,3,3,10,0.5,0.23076923076923078,0.1875
8,clab-nebula-serf57,15,1.5,57,35,24,11,33,0.6857142857142857,0.42105263157894735,0.35294117647058826
8,clab-nebula-serf57,20,1.5,76,36,33,3,43,0.9166666666666666,0.4342105263157895,0.4177215189873418
8,clab-nebula-serf57,25,1.5,90,57,52,5,38,0.9122807017543859,0.5777777777777777,0.5473684210526316
8,clab-nebula-serf57,30,1.5,113,104,95,9,18,0.9134615384615384,0.8407079646017699,0.7786885245901639
8,clab-nebula-serf57,35,1.5,121,112,102,10,19,0.9107142857142857,0.8429752066115702,0.7786259541984732
8,clab-nebula-serf57,40,1.5,124,113,104,9,20,0.9203539823008849,0.8387096774193549,0.7819548872180451
8,clab-nebula-serf57,45,1.5,144,152,141,11,3,0.9276315789473685,0.9791666666666666,0.9096774193548387
8,clab-nebula-serf57,50,1.5,154,152,151,1,3,0.993421052631579,0.9805194805194806,0.9741935483870968
8,clab-nebula-serf57,55,1.5,155,152,151,1,4,0.993421052631579,0.9741935483870968,0.967948717948718
8,clab-nebula-serf57,60,1.5,158,153,153,0,5,1.0,0.9683544303797469,0.9683544303797469
8,clab-nebula-serf24,5,1.5,0,0,0,0,0,0.0,0.0,0.0
8,clab-nebula-serf24,10,1.5,2,0,0,0,2,0,0.0,0.0
8,clab-nebula-serf24,15,1.5,5,7,5,2,0,0.7142857142857143,1.0,0.7142857142857143
8,clab-nebula-serf24,20,1.5,17,17,12,5,5,0.7058823529411765,0.7058823529411765,0.5454545454545454
8,clab-nebula-serf24,25,1.5,29,28,22,6,7,0.7857142857142857,0.7586206896551724,0.6285714285714286
8,clab-nebula-serf24,30,1.5,48,55,41,14,7,0.7454545454545455,0.8541666666666666,0.6612903225806451
8,clab-nebula-serf24,35,1.5,83,59,54,5,29,0.9152542372881356,0.6506024096385542,0.6136363636363636
8,clab-nebula-serf24,40,1.5,93,103,81,22,12,0.7864077669902912,0.8709677419354839,0.7043478260869566
8,clab-nebula-serf24,45,1.5,103,103,90,13,13,0.8737864077669902,0.8737864077669902,0.7758620689655172
8,clab-nebula-serf24,50,1.5,120,112,101,11,19,0.9017857142857143,0.8416666666666667,0.7709923664122137
8,clab-nebula-serf24,55,1.5,124,113,104,9,20,0.9203539823008849,0.8387096774193549,0.7819548872180451
8,clab-nebula-serf24,60,1.5,129,152,126,26,3,0.8289473684210527,0.9767441860465116,0.8129032258064516
8,clab-nebula-serf42,5,1.5,0,0,0,0,0,0.0,0.0,0.0
8,clab-nebula-serf42,10,1.5,0,0,0,0,0,0.0,0.0,0.0
8,clab-nebula-serf42,15,1.5,2,4,1,3,1,0.25,0.5,0.2
8,clab-nebula-serf42,20,1.5,15,8,4,4,11,0.5,0.26666666666666666,0.21052631578947367
8,clab-nebula-serf42,25,1.5,38,8,7,1,31,0.875,0.18421052631578946,0.1794871794871795
8,clab-nebula-serf42,30,1.5,71,8,8,0,63,1.0,0.11267605633802817,0.11267605633802817
8,clab-nebula-serf42,35,1.5,88,58,55,3,33,0.9482758620689655,0.625,0.6043956043956044
8,clab-nebula-serf42,40,1.5,101,112,88,24,13,0.7857142857142857,0.8712871287128713,0.704
8,clab-nebula-serf42,45,1.5,117,112,98,14,19,0.875,0.8376068376068376,0.7480916030534351
8,clab-nebula-serf42,50,1.5,123,113,104,9,19,0.9203539823008849,0.8455284552845529,0.7878787878787878
8,clab-nebula-serf42,55,1.5,127,113,106,7,21,0.9380530973451328,0.8346456692913385,0.7910447761194029
8,clab-nebula-serf42,60,1.5,153,152,150,2,3,0.9868421052631579,0.9803921568627451,0.967741935483871
8,clab-nebula-serf48,5,1.5,0,0,0,0,0,0.0,0.0,0.0
8,clab-nebula-serf48,10,1.5,5,7,5,2,0,0.7142857142857143,1.0,0.7142857142857143
8,clab-nebula-serf48,15,1.5,21,18,11,7,10,0.6111111111111112,0.5238095238095238,0.39285714285714285
8,clab-nebula-serf48,20,1.5,37,18,15,3,22,0.8333333333333334,0.40540540540540543,0.375
8,clab-nebula-serf48,25,1.5,79,57,52,5,27,0.9122807017543859,0.6582278481012658,0.6190476190476191
8,clab-nebula-serf48,30,1.5,88,62,57,5,31,0.9193548387096774,0.6477272727272727,0.6129032258064516
8,clab-nebula-serf48,35,1.5,114,112,95,17,19,0.8482142857142857,0.8333333333333334,0.7251908396946565
8,clab-nebula-serf48,40,1.5,121,112,102,10,19,0.9107142857142857,0.8429752066115702,0.7786259541984732
8,clab-nebula-serf48,45,1.5,124,112,104,8,20,0.9285714285714286,0.8387096774193549,0.7878787878787878
8,clab-nebula-serf48,50,1.5,141,152,138,14,3,0.9078947368421053,0.9787234042553191,0.8903225806451613
8,clab-nebula-serf48,55,1.5,154,152,151,1,3,0.993421052631579,0.9805194805194806,0.9741935483870968
8,clab-nebula-serf48,60,1.5,155,152,152,0,3,1.0,0.9806451612903225,0.9806451612903225
8,clab-nebula-serf2,5,1.5,0,0,0,0,0,0.0,0.0,0.0
8,clab-nebula-serf2,10,1.5,1,2,1,1,0,0.5,1.0,0.5
8,clab-nebula-serf2,15,1.5,5,13,5,8,0,0.38461538461538464,1.0,0.38461538461538464
8,clab-nebula-serf2,20,1.5,10,13,10,3,0,0.7692307692307693,1.0,0.7692307692307693
8,clab-nebula-serf2,25,1.5,19,25,19,6,0,0.76,1.0,0.76
8,clab-nebula-serf2,30,1.5,32,42,29,13,3,0.6904761904761905,0.90625,0.6444444444444445
8,clab-nebula-serf2,35,1.5,67,62,45,17,22,0.7258064516129032,0.6716417910447762,0.5357142857142857
8,clab-nebula-serf2,40,1.5,84,62,55,7,29,0.8870967741935484,0.6547619047619048,0.6043956043956044
8,clab-nebula-serf2,45,1.5,99,113,87,26,12,0.7699115044247787,0.8787878787878788,0.696
8,clab-nebula-serf2,50,1.5,114,115,98,17,16,0.8521739130434782,0.8596491228070176,0.7480916030534351
8,clab-nebula-serf2,55,1.5,120,152,117,35,3,0.7697368421052632,0.975,0.7548387096774194
8,clab-nebula-serf2,60,1.5,124,152,121,31,3,0.7960526315789473,0.9758064516129032,0.7806451612903226
8,clab-nebula-serf21,5,1.5,2,7,2,5,0,0.2857142857142857,1.0,0.2857142857142857
8,clab-nebula-serf21,10,1.5,4,9,4,5,0,0.4444444444444444,1.0,0.4444444444444444
8,clab-nebula-serf21,15,1.5,16,17,12,5,4,0.7058823529411765,0.75,0.5714285714285714
8,clab-nebula-serf21,20,1.5,32,28,24,4,8,0.8571428571428571,0.75,0.6666666666666666
8,clab-nebula-serf21,25,1.5,56,28,27,1,29,0.9642857142857143,0.48214285714285715,0.47368421052631576
8,clab-nebula-serf21,30,1.5,84,58,55,3,29,0.9482758620689655,0.6547619047619048,0.632183908045977
8,clab-nebula-serf21,35,1.5,94,103,81,22,13,0.7864077669902912,0.8617021276595744,0.6982758620689655
8,clab-nebula-serf21,40,1.5,107,112,91,21,16,0.8125,0.8504672897196262,0.7109375
8,clab-nebula-serf21,45,1.5,121,112,102,10,19,0.9107142857142857,0.8429752066115702,0.7786259541984732
8,clab-nebula-serf21,50,1.5,124,112,104,8,20,0.9285714285714286,0.8387096774193549,0.7878787878787878
8,clab-nebula-serf21,55,1.5,133,152,130,22,3,0.8552631578947368,0.9774436090225563,0.8387096774193549
8,clab-nebula-serf21,60,1.5,154,152,151,1,3,0.993421052631579,0.9805194805194806,0.9741935483870968
8,clab-nebula-serf67,5,1.5,0,0,0,0,0,0.0,0.0,0.0
8,clab-nebula-serf67,10,1.5,5,4,2,2,3,0.5,0.4,0.2857142857142857
8,clab-nebula-serf67,15,1.5,26,17,17,0,9,1.0,0.6538461538461539,0.6538461538461539
8,clab-nebula-serf67,20,1.5,41,17,17,0,24,1.0,0.4146341463414634,0.4146341463414634
8,clab-nebula-serf67,25,1.5,76,37,22,15,54,0.5945945945945946,0.2894736842105263,0.24175824175824176
8,clab-nebula-serf67,30,1.5,98,100,81,19,17,0.81,0.826530612244898,0.6923076923076923
8,clab-nebula-serf67,35,1.5,115,112,98,14,17,0.875,0.8521739130434782,0.7596899224806202
8,clab-nebula-serf67,40,1.5,122,113,103,10,19,0.911504424778761,0.8442622950819673,0.7803030303030303
8,clab-nebula-serf67,45,1.5,135,115,105,10,30,0.9130434782608695,0.7777777777777778,0.7241379310344828
8,clab-nebula-serf67,50,1.5,154,153,151,2,3,0.9869281045751634,0.9805194805194806,0.967948717948718
8,clab-nebula-serf67,55,1.5,154,153,151,2,3,0.9869281045751634,0.9805194805194806,0.967948717948718
8,clab-nebula-serf67,60,1.5,158,161,158,3,0,0.9813664596273292,1.0,0.9813664596273292
8,clab-nebula-serf102,5,1.5,5,6,5,1,0,0.8333333333333334,1.0,0.8333333333333334
8,clab-nebula-serf102,10,1.5,7,7,7,0,0,1.0,1.0,1.0
8,clab-nebula-serf102,15,1.5,7,7,7,0,0,1.0,1.0,1.0
8,clab-nebula-serf102,20,1.5,10,9,8,1,2,0.8888888888888888,0.8,0.7272727272727273
8,clab-nebula-serf102,25,1.5,21,9,9,0,12,1.0,0.42857142857142855,0.42857142857142855
8,clab-nebula-serf102,30,1.5,40,40,28,12,12,0.7,0.7,0.5384615384615384
8,clab-nebula-serf102,35,1.5,76,113,63,50,13,0.5575221238938053,0.8289473684210527,0.5
8,clab-nebula-serf102,40,1.5,124,152,123,29,1,0.8092105263157895,0.9919354838709677,0.803921568627451
8,clab-nebula-serf102,45,1.5,144,152,143,9,1,0.9407894736842105,0.9930555555555556,0.934640522875817
8,clab-nebula-serf102,50,1.5,157,152,152,0,5,1.0,0.9681528662420382,0.9681528662420382
8,clab-nebula-serf102,55,1.5,160,161,160,1,0,0.9937888198757764,1.0,0.9937888198757764
8,clab-nebula-serf102,60,1.5,161,161,161,0,0,1.0,1.0,1.0
8,clab-nebula-serf110,5,1.5,0,0,0,0,0,0.0,0.0,0.0
8,clab-nebula-serf110,10,1.5,0,0,0,0,0,0.0,0.0,0.0
8,clab-nebula-serf110,15,1.5,2,3,2,1,0,0.6666666666666666,1.0,0.6666666666666666
8,clab-nebula-serf110,20,1.5,7,7,6,1,1,0.8571428571428571,0.8571428571428571,0.75
8,clab-nebula-serf110,25,1.5,15,11,9,2,6,0.8181818181818182,0.6,0.5294117647058824
8,clab-nebula-serf110,30,1.5,37,37,23,14,14,0.6216216216216216,0.6216216216216216,0.45098039215686275
8,clab-nebula-serf110,35,1.5,69,59,43,16,26,0.7288135593220338,0.6231884057971014,0.5058823529411764
8,clab-nebula-serf110,40,1.5,107,100,81,19,26,0.81,0.7570093457943925,0.6428571428571429
8,clab-nebula-serf110,45,1.5,143,152,142,10,1,0.9342105263157895,0.993006993006993,0.9281045751633987
8,clab-nebula-serf110,50,1.5,148,152,147,5,1,0.9671052631578947,0.9932432432432432,0.9607843137254902
8,clab-nebula-serf110,55,1.5,154,152,152,0,2,1.0,0.987012987012987,0.987012987012987
8,clab-nebula-serf110,60,1.5,157,152,152,0,5,1.0,0.9681528662420382,0.9681528662420382
8,clab-nebula-serf132,5,1.5,0,0,0,0,0,0.0,0.0,0.0
8,clab-nebula-serf132,10,1.5,0,0,0,0,0,0.0,0.0,0.0
8,clab-nebula-serf132,15,1.5,11,14,11,3,0,0.7857142857142857,1.0,0.7857142857142857
8,clab-nebula-serf132,20,1.5,14,14,14,0,0,1.0,1.0,1.0
8,clab-nebula-serf132,25,1.5,23,36,22,14,1,0.6111111111111112,0.9565217391304348,0.5945945945945946
8,clab-nebula-serf132,30,1.5,37,40,28,12,9,0.7,0.7567567567567568,0.5714285714285714
8,clab-nebula-serf132,35,1.5,48,40,36,4,12,0.9,0.75,0.6923076923076923
8,clab-nebula-serf132,40,1.5,78,79,64,15,14,0.810126582278481,0.8205128205128205,0.6881720430107527
8,clab-nebula-serf132,45,1.5,104,137,93,44,11,0.6788321167883211,0.8942307692307693,0.6283783783783784
8,clab-nebula-serf132,50,1.5,132,152,131,21,1,0.8618421052631579,0.9924242424242424,0.8562091503267973
8,clab-nebula-serf132,55,1.5,144,152,143,9,1,0.9407894736842105,0.9930555555555556,0.934640522875817
8,clab-nebula-serf132,60,1.5,151,152,149,3,2,0.9802631578947368,0.9867549668874173,0.9675324675324676
8,clab-nebula-serf134,5,1.5,0,0,0,0,0,0.0,0.0,0.0
8,clab-nebula-serf134,10,1.5,0,0,0,0,0,0.0,0.0,0.0
8,clab-nebula-serf134,15,1.5,1,0,0,0,1,0,0.0,0.0
8,clab-nebula-serf134,20,1.5,14,14,14,0,0,1.0,1.0,1.0
8,clab-nebula-serf134,25,1.5,16,30,16,14,0,0.5333333333333333,1.0,0.5333333333333333
8,clab-nebula-serf134,30,1.5,26,40,24,16,2,0.6,0.9230769230769231,0.5714285714285714
8,clab-nebula-serf134,35,1.5,43,40,33,7,10,0.825,0.7674418604651163,0.66
8,clab-nebula-serf134,40,1.5,57,75,47,28,10,0.6266666666666667,0.8245614035087719,0.5529411764705883
8,clab-nebula-serf134,45,1.5,91,85,73,12,18,0.8588235294117647,0.8021978021978022,0.7087378640776699
8,clab-nebula-serf134,50,1.5,116,138,104,34,12,0.7536231884057971,0.896551724137931,0.6933333333333334
8,clab-nebula-serf134,55,1.5,137,152,136,16,1,0.8947368421052632,0.9927007299270073,0.8888888888888888
8,clab-nebula-serf134,60,1.5,147,152,146,6,1,0.9605263157894737,0.9931972789115646,0.954248366013072
8,clab-nebula-serf137,5,1.5,0,0,0,0,0,0.0,0.0,0.0
8,clab-nebula-serf137,10,1.5,0,0,0,0,0,0.0,0.0,0.0
8,clab-nebula-serf137,15,1.5,2,0,0,0,2,0,0.0,0.0
8,clab-nebula-serf137,20,1.5,14,14,14,0,0,1.0,1.0,1.0
8,clab-nebula-serf137,25,1.5,20,29,20,9,0,0.6896551724137931,1.0,0.6896551724137931
8,clab-nebula-serf137,30,1.5,26,40,24,16,2,0.6,0.9230769230769231,0.5714285714285714
8,clab-nebula-serf137,35,1.5,44,40,34,6,10,0.85,0.7727272727272727,0.68
8,clab-nebula-serf137,40,1.5,55,40,38,2,17,0.95,0.6909090909090909,0.6666666666666666
8,clab-nebula-serf137,45,1.5,90,79,73,6,17,0.9240506329113924,0.8111111111111111,0.7604166666666666
8,clab-nebula-serf137,50,1.5,115,138,103,35,12,0.7463768115942029,0.8956521739130435,0.6866666666666666
8,clab-nebula-serf137,55,1.5,137,152,136,16,1,0.8947368421052632,0.9927007299270073,0.8888888888888888
8,clab-nebula-serf137,60,1.5,148,152,147,5,1,0.9671052631578947,0.9932432432432432,0.9607843137254902
8,clab-nebula-serf10,5,1.5,1,0,0,0,1,0,0.0,0.0
8,clab-nebula-serf10,10,1.5,9,6,5,1,4,0.8333333333333334,0.5555555555555556,0.5
8,clab-nebula-serf10,15,1.5,20,21,16,5,4,0.7619047619047619,0.8,0.64
8,clab-nebula-serf10,20,1.5,40,42,32,10,8,0.7619047619047619,0.8,0.64
8,clab-nebula-serf10,25,1.5,71,62,49,13,22,0.7903225806451613,0.6901408450704225,0.5833333333333334
8,clab-nebula-serf10,30,1.5,88,103,78,25,10,0.7572815533980582,0.8863636363636364,0.6902654867256637
8,clab-nebula-serf10,35,1.5,103,113,91,22,12,0.8053097345132744,0.883495145631068,0.728
8,clab-nebula-serf10,40,1.5,120,115,101,14,19,0.8782608695652174,0.8416666666666667,0.753731343283582
8,clab-nebula-serf10,45,1.5,121,115,102,13,19,0.8869565217391304,0.8429752066115702,0.7611940298507462
8,clab-nebula-serf10,50,1.5,129,152,126,26,3,0.8289473684210527,0.9767441860465116,0.8129032258064516
8,clab-nebula-serf10,55,1.5,153,152,150,2,3,0.9868421052631579,0.9803921568627451,0.967741935483871
8,clab-nebula-serf10,60,1.5,156,152,151,1,5,0.993421052631579,0.967948717948718,0.9617834394904459
8,clab-nebula-serf46,5,1.5,0,0,0,0,0,0.0,0.0,0.0
8,clab-nebula-serf46,10,1.5,3,2,1,1,2,0.5,0.3333333333333333,0.25
8,clab-nebula-serf46,15,1.5,11,18,9,9,2,0.5,0.8181818181818182,0.45
8,clab-nebula-serf46,20,1.5,26,18,12,6,14,0.6666666666666666,0.46153846153846156,0.375
8,clab-nebula-serf46,25,1.5,54,18,16,2,38,0.8888888888888888,0.2962962962962963,0.2857142857142857
8,clab-nebula-serf46,30,1.5,81,57,53,4,28,0.9298245614035088,0.654320987654321,0.6235294117647059
8,clab-nebula-serf46,35,1.5,100,103,88,15,12,0.8543689320388349,0.88,0.7652173913043478
8,clab-nebula-serf46,40,1.5,121,112,102,10,19,0.9107142857142857,0.8429752066115702,0.7786259541984732
8,clab-nebula-serf46,45,1.5,124,112,104,8,20,0.9285714285714286,0.8387096774193549,0.7878787878787878
8,clab-nebula-serf46,50,1.5,127,115,107,8,20,0.9304347826086956,0.84251968503937,0.7925925925925926
8,clab-nebula-serf46,55,1.5,154,152,151,1,3,0.993421052631579,0.9805194805194806,0.9741935483870968
8,clab-nebula-serf46,60,1.5,154,152,151,1,3,0.993421052631579,0.9805194805194806,0.9741935483870968
8,clab-nebula-serf74,5,1.5,0,0,0,0,0,0.0,0.0,0.0
8,clab-nebula-serf74,10,1.5,9,7,6,1,3,0.8571428571428571,0.6666666666666666,0.6
8,clab-nebula-serf74,15,1.5,26,17,17,0,9,1.0,0.6538461538461539,0.6538461538461539
8,clab-nebula-serf74,20,1.5,45,29,19,10,26,0.6551724137931034,0.4222222222222222,0.34545454545454546
8,clab-nebula-serf74,25,1.5,82,30,26,4,56,0.8666666666666667,0.3170731707317073,0.3023255813953488
8,clab-nebula-serf74,30,1.5,106,112,89,23,17,0.7946428571428571,0.839622641509434,0.689922480620155
8,clab-nebula-serf74,35,1.5,117,113,100,13,17,0.8849557522123894,0.8547008547008547,0.7692307692307693
8,clab-nebula-serf74,40,1.5,124,113,104,9,20,0.9203539823008849,0.8387096774193549,0.7819548872180451
8,clab-nebula-serf74,45,1.5,145,152,142,10,3,0.9342105263157895,0.9793103448275862,0.9161290322580645
8,clab-nebula-serf74,50,1.5,154,153,151,2,3,0.9869281045751634,0.9805194805194806,0.967948717948718
8,clab-nebula-serf74,55,1.5,155,153,151,2,4,0.9869281045751634,0.9741935483870968,0.9617834394904459
8,clab-nebula-serf74,60,1.5,159,161,159,2,0,0.9875776397515528,1.0,0.9875776397515528
8,clab-nebula-serf76,5,1.5,2,2,0,2,2,0.0,0.0,0.0
8,clab-nebula-serf76,10,1.5,25,17,17,0,8,1.0,0.68,0.68
8,clab-nebula-serf76,15,1.5,38,17,17,0,21,1.0,0.4473684210526316,0.4473684210526316
8,clab-nebula-serf76,20,1.5,68,30,22,8,46,0.7333333333333333,0.3235294117647059,0.2894736842105263
8,clab-nebula-serf76,25,1.5,89,30,27,3,62,0.9,0.30337078651685395,0.29347826086956524
8,clab-nebula-serf76,30,1.5,111,104,94,10,17,0.9038461538461539,0.8468468468468469,0.7768595041322314
8,clab-nebula-serf76,35,1.5,121,113,103,10,18,0.911504424778761,0.8512396694214877,0.7862595419847328
8,clab-nebula-serf76,40,1.5,129,115,104,11,25,0.9043478260869565,0.8062015503875969,0.7428571428571429
8,clab-nebula-serf76,45,1.5,153,153,150,3,3,0.9803921568627451,0.9803921568627451,0.9615384615384616
8,clab-nebula-serf76,50,1.5,154,153,151,2,3,0.9869281045751634,0.9805194805194806,0.967948717948718
8,clab-nebula-serf76,55,1.5,158,153,153,0,5,1.0,0.9683544303797469,0.9683544303797469
8,clab-nebula-serf76,60,1.5,161,161,161,0,0,1.0,1.0,1.0
8,clab-nebula-serf149,5,1.5,0,0,0,0,0,0.0,0.0,0.0
8,clab-nebula-serf149,10,1.5,0,0,0,0,0,0.0,0.0,0.0
8,clab-nebula-serf149,15,1.5,1,0,0,0,1,0,0.0,0.0
8,clab-nebula-serf149,20,1.5,11,9,8,1,3,0.8888888888888888,0.7272727272727273,0.6666666666666666
8,clab-nebula-serf149,25,1.5,17,9,9,0,8,1.0,0.5294117647058824,0.5294117647058824
8,clab-nebula-serf149,30,1.5,25,9,9,0,16,1.0,0.36,0.36
8,clab-nebula-serf149,35,1.5,48,9,9,0,39,1.0,0.1875,0.1875
8,clab-nebula-serf149,40,1.5,60,9,9,0,51,1.0,0.15,0.15
8,clab-nebula-serf149,45,1.5,89,11,9,2,80,0.8181818181818182,0.10112359550561797,0.0989010989010989
8,clab-nebula-serf149,50,1.5,124,152,123,29,1,0.8092105263157895,0.9919354838709677,0.803921568627451
8,clab-nebula-serf149,55,1.5,143,152,142,10,1,0.9342105263157895,0.993006993006993,0.9281045751633987
8,clab-nebula-serf149,60,1.5,152,152,149,3,3,0.9802631578947368,0.9802631578947368,0.9612903225806452
8,clab-nebula-serf20,5,1.5,2,2,2,0,0,1.0,1.0,1.0
8,clab-nebula-serf20,10,1.5,4,2,2,0,2,1.0,0.5,0.5
8,clab-nebula-serf20,15,1.5,15,17,10,7,5,0.5882352941176471,0.6666666666666666,0.45454545454545453
8,clab-nebula-serf20,20,1.5,26,28,21,7,5,0.75,0.8076923076923077,0.6363636363636364
8,clab-nebula-serf20,25,1.5,46,55,41,14,5,0.7454545454545455,0.8913043478260869,0.6833333333333333
8,clab-nebula-serf20,30,1.5,80,59,53,6,27,0.8983050847457628,0.6625,0.6162790697674418
8,clab-nebula-serf20,35,1.5,93,103,81,22,12,0.7864077669902912,0.8709677419354839,0.7043478260869566
8,clab-nebula-serf20,40,1.5,102,103,89,14,13,0.8640776699029126,0.8725490196078431,0.7672413793103449
8,clab-nebula-serf20,45,1.5,118,112,99,13,19,0.8839285714285714,0.8389830508474576,0.7557251908396947
8,clab-nebula-serf20,50,1.5,124,112,104,8,20,0.9285714285714286,0.8387096774193549,0.7878787878787878
8,clab-nebula-serf20,55,1.5,129,152,126,26,3,0.8289473684210527,0.9767441860465116,0.8129032258064516
8,clab-nebula-serf20,60,1.5,154,152,151,1,3,0.993421052631579,0.9805194805194806,0.9741935483870968
8,clab-nebula-serf22,5,1.5,0,0,0,0,0,0.0,0.0,0.0
8,clab-nebula-serf22,10,1.5,4,0,0,0,4,0,0.0,0.0
8,clab-nebula-serf22,15,1.5,10,17,8,9,2,0.47058823529411764,0.8,0.42105263157894735
8,clab-nebula-serf22,20,1.5,23,28,20,8,3,0.7142857142857143,0.8695652173913043,0.6451612903225806
8,clab-nebula-serf22,25,1.5,41,28,25,3,16,0.8928571428571429,0.6097560975609756,0.5681818181818182
8,clab-nebula-serf22,30,1.5,76,57,52,5,24,0.9122807017543859,0.6842105263157895,0.6419753086419753
8,clab-nebula-serf22,35,1.5,93,103,81,22,12,0.7864077669902912,0.8709677419354839,0.7043478260869566
8,clab-nebula-serf22,40,1.5,98,103,85,18,13,0.8252427184466019,0.8673469387755102,0.7327586206896551
8,clab-nebula-serf22,45,1.5,117,112,98,14,19,0.875,0.8376068376068376,0.7480916030534351
8,clab-nebula-serf22,50,1.5,122,112,102,10,20,0.9107142857142857,0.8360655737704918,0.7727272727272727
8,clab-nebula-serf22,55,1.5,125,113,105,8,20,0.9292035398230089,0.84,0.7894736842105263
8,clab-nebula-serf22,60,1.5,153,152,150,2,3,0.9868421052631579,0.9803921568627451,0.967741935483871
8,clab-nebula-serf160,5,1.5,4,2,2,0,2,1.0,0.5,0.5
8,clab-nebula-serf160,10,1.5,4,2,2,0,2,1.0,0.5,0.5
8,clab-nebula-serf160,15,1.5,5,5,5,0,0,1.0,1.0,1.0
8,clab-nebula-serf160,20,1.5,10,25,9,16,1,0.36,0.9,0.34615384615384615
8,clab-nebula-serf160,25,1.5,25,26,18,8,7,0.6923076923076923,0.72,0.5454545454545454
8,clab-nebula-serf160,30,1.5,37,40,27,13,10,0.675,0.7297297297297297,0.54
8,clab-nebula-serf160,35,1.5,43,40,32,8,11,0.8,0.7441860465116279,0.6274509803921569
8,clab-nebula-serf160,40,1.5,58,40,38,2,20,0.95,0.6551724137931034,0.6333333333333333
8,clab-nebula-serf160,45,1.5,82,83,63,20,19,0.7590361445783133,0.7682926829268293,0.6176470588235294
8,clab-nebula-serf160,50,1.5,118,152,117,35,1,0.7697368421052632,0.9915254237288136,0.7647058823529411
8,clab-nebula-serf160,55,1.5,139,152,138,14,1,0.9078947368421053,0.9928057553956835,0.9019607843137255
8,clab-nebula-serf160,60,1.5,149,152,148,4,1,0.9736842105263158,0.9932885906040269,0.9673202614379085
8,clab-nebula-serf31,5,1.5,1,0,0,0,1,0,0.0,0.0
8,clab-nebula-serf31,10,1.5,13,17,9,8,4,0.5294117647058824,0.6923076923076923,0.42857142857142855
8,clab-nebula-serf31,15,1.5,28,28,21,7,7,0.75,0.75,0.6
8,clab-nebula-serf31,20,1.5,45,28,26,2,19,0.9285714285714286,0.5777777777777777,0.5531914893617021
8,clab-nebula-serf31,25,1.5,80,57,52,5,28,0.9122807017543859,0.65,0.611764705882353
8,clab-nebula-serf31,30,1.5,93,103,81,22,12,0.7864077669902912,0.8709677419354839,0.7043478260869566
8,clab-nebula-serf31,35,1.5,102,103,89,14,13,0.8640776699029126,0.8725490196078431,0.7672413793103449
8,clab-nebula-serf31,40,1.5,119,112,100,12,19,0.8928571428571429,0.8403361344537815,0.7633587786259542
8,clab-nebula-serf31,45,1.5,124,112,104,8,20,0.9285714285714286,0.8387096774193549,0.7878787878787878
8,clab-nebula-serf31,50,1.5,129,152,126,26,3,0.8289473684210527,0.9767441860465116,0.8129032258064516
8,clab-nebula-serf31,55,1.5,154,152,151,1,3,0.993421052631579,0.9805194805194806,0.9741935483870968
8,clab-nebula-serf31,60,1.5,154,152,151,1,3,0.993421052631579,0.9805194805194806,0.9741935483870968
8,clab-nebula-serf93,5,1.5,3,1,1,0,2,1.0,0.3333333333333333,0.3333333333333333
8,clab-nebula-serf93,10,1.5,16,17,11,6,5,0.6470588235294118,0.6875,0.5
8,clab-nebula-serf93,15,1.5,37,17,17,0,20,1.0,0.4594594594594595,0.4594594594594595
8,clab-nebula-serf93,20,1.5,59,30,20,10,39,0.6666666666666666,0.3389830508474576,0.2898550724637681
8,clab-nebula-serf93,25,1.5,83,30,24,6,59,0.8,0.2891566265060241,0.2696629213483146
8,clab-nebula-serf93,30,1.5,110,104,93,11,17,0.8942307692307693,0.8454545454545455,0.768595041322314
8,clab-nebula-serf93,35,1.5,119,112,101,11,18,0.9017857142857143,0.8487394957983193,0.7769230769230769
8,clab-nebula-serf93,40,1.5,125,115,104,11,21,0.9043478260869565,0.832,0.7647058823529411
8,clab-nebula-serf93,45,1.5,142,152,139,13,3,0.9144736842105263,0.9788732394366197,0.896774193548387
8,clab-nebula-serf93,50,1.5,154,153,151,2,3,0.9869281045751634,0.9805194805194806,0.967948717948718
8,clab-nebula-serf93,55,1.5,156,161,156,5,0,0.968944099378882,1.0,0.968944099378882
8,clab-nebula-serf93,60,1.5,161,161,161,0,0,1.0,1.0,1.0
8,clab-nebula-serf122,5,1.5,0,0,0,0,0,0.0,0.0,0.0
8,clab-nebula-serf122,10,1.5,0,0,0,0,0,0.0,0.0,0.0
8,clab-nebula-serf122,15,1.5,8,2,2,0,6,1.0,0.25,0.25
8,clab-nebula-serf122,20,1.5,15,2,2,0,13,1.0,0.13333333333333333,0.13333333333333333
8,clab-nebula-serf122,25,1.5,22,2,2,0,20,1.0,0.09090909090909091,0.09090909090909091
8,clab-nebula-serf122,30,1.5,61,35,13,22,48,0.37142857142857144,0.21311475409836064,0.1566265060240964
8,clab-nebula-serf122,35,1.5,106,98,77,21,29,0.7857142857142857,0.7264150943396226,0.6062992125984252
8,clab-nebula-serf122,40,1.5,133,152,132,20,1,0.868421052631579,0.9924812030075187,0.8627450980392157
8,clab-nebula-serf122,45,1.5,144,152,143,9,1,0.9407894736842105,0.9930555555555556,0.934640522875817
8,clab-nebula-serf122,50,1.5,154,152,151,1,3,0.993421052631579,0.9805194805194806,0.9741935483870968
8,clab-nebula-serf122,55,1.5,161,161,161,0,0,1.0,1.0,1.0
8,clab-nebula-serf122,60,1.5,161,161,161,0,0,1.0,1.0,1.0
8,clab-nebula-serf38,5,1.5,0,0,0,0,0,0.0,0.0,0.0
8,clab-nebula-serf38,10,1.5,4,2,2,0,2,1.0,0.5,0.5
8,clab-nebula-serf38,15,1.5,24,8,6,2,18,0.75,0.25,0.23076923076923078
8,clab-nebula-serf38,20,1.5,56,8,8,0,48,1.0,0.14285714285714285,0.14285714285714285
8,clab-nebula-serf38,25,1.5,82,57,53,4,29,0.9298245614035088,0.6463414634146342,0.6162790697674418
8,clab-nebula-serf38,30,1.5,92,57,54,3,38,0.9473684210526315,0.5869565217391305,0.5684210526315789
8,clab-nebula-serf38,35,1.5,107,112,91,21,16,0.8125,0.8504672897196262,0.7109375
8,clab-nebula-serf38,40,1.5,121,112,102,10,19,0.9107142857142857,0.8429752066115702,0.7786259541984732
8,clab-nebula-serf38,45,1.5,124,113,104,9,20,0.9203539823008849,0.8387096774193549,0.7819548872180451
8,clab-nebula-serf38,50,1.5,133,152,130,22,3,0.8552631578947368,0.9774436090225563,0.8387096774193549
8,clab-nebula-serf38,55,1.5,154,152,151,1,3,0.993421052631579,0.9805194805194806,0.9741935483870968
8,clab-nebula-serf38,60,1.5,154,152,151,1,3,0.993421052631579,0.9805194805194806,0.9741935483870968
8,clab-nebula-serf55,5,1.5,0,0,0,0,0,0.0,0.0,0.0
8,clab-nebula-serf55,10,1.5,9,6,5,1,4,0.8333333333333334,0.5555555555555556,0.5
8,clab-nebula-serf55,15,1.5,23,19,16,3,7,0.8421052631578947,0.6956521739130435,0.6153846153846154
8,clab-nebula-serf55,20,1.5,64,36,30,6,34,0.8333333333333334,0.46875,0.42857142857142855
8,clab-nebula-serf55,25,1.5,83,57,51,6,32,0.8947368421052632,0.6144578313253012,0.5730337078651685
8,clab-nebula-serf55,30,1.5,96,103,85,18,11,0.8252427184466019,0.8854166666666666,0.7456140350877193
8,clab-nebula-serf55,35,1.5,119,113,101,12,18,0.8938053097345132,0.8487394957983193,0.7709923664122137
8,clab-nebula-serf55,40,1.5,121,113,102,11,19,0.9026548672566371,0.8429752066115702,0.7727272727272727
8,clab-nebula-serf55,45,1.5,126,115,105,10,21,0.9130434782608695,0.8333333333333334,0.7720588235294118
8,clab-nebula-serf55,50,1.5,153,152,150,2,3,0.9868421052631579,0.9803921568627451,0.967741935483871
8,clab-nebula-serf55,55,1.5,154,152,151,1,3,0.993421052631579,0.9805194805194806,0.9741935483870968
8,clab-nebula-serf55,60,1.5,157,152,152,0,5,1.0,0.9681528662420382,0.9681528662420382
8,clab-nebula-serf79,5,1.5,6,7,3,4,3,0.42857142857142855,0.5,0.3
8,clab-nebula-serf79,10,1.5,26,17,17,0,9,1.0,0.6538461538461539,0.6538461538461539
8,clab-nebula-serf79,15,1.5,41,17,17,0,24,1.0,0.4146341463414634,0.4146341463414634
8,clab-nebula-serf79,20,1.5,76,30,22,8,54,0.7333333333333333,0.2894736842105263,0.2619047619047619
8,clab-nebula-serf79,25,1.5,96,30,27,3,69,0.9,0.28125,0.2727272727272727
8,clab-nebula-serf79,30,1.5,116,113,99,14,17,0.8761061946902655,0.853448275862069,0.7615384615384615
8,clab-nebula-serf79,35,1.5,121,113,103,10,18,0.911504424778761,0.8512396694214877,0.7862595419847328
8,clab-nebula-serf79,40,1.5,135,115,105,10,30,0.9130434782608695,0.7777777777777778,0.7241379310344828
8,clab-nebula-serf79,45,1.5,153,153,150,3,3,0.9803921568627451,0.9803921568627451,0.9615384615384616
8,clab-nebula-serf79,50,1.5,154,153,151,2,3,0.9869281045751634,0.9805194805194806,0.967948717948718
8,clab-nebula-serf79,55,1.5,158,153,153,0,5,1.0,0.9683544303797469,0.9683544303797469
8,clab-nebula-serf79,60,1.5,161,161,161,0,0,1.0,1.0,1.0
8,clab-nebula-serf113,5,1.5,1,1,1,0,0,1.0,1.0,1.0
8,clab-nebula-serf113,10,1.5,1,1,1,0,0,1.0,1.0,1.0
8,clab-nebula-serf113,15,1.5,3,1,1,0,2,1.0,0.3333333333333333,0.3333333333333333
8,clab-nebula-serf113,20,1.5,19,9,7,2,12,0.7777777777777778,0.3684210526315789,0.3333333333333333
8,clab-nebula-serf113,25,1.5,28,59,21,38,7,0.3559322033898305,0.75,0.3181818181818182
8,clab-nebula-serf113,30,1.5,65,99,53,46,12,0.5353535353535354,0.8153846153846154,0.4774774774774775
8,clab-nebula-serf113,35,1.5,105,114,90,24,15,0.7894736842105263,0.8571428571428571,0.6976744186046512
8,clab-nebula-serf113,40,1.5,139,152,137,15,2,0.9013157894736842,0.9856115107913669,0.8896103896103896
8,clab-nebula-serf113,45,1.5,156,152,148,4,8,0.9736842105263158,0.9487179487179487,0.925
8,clab-nebula-serf113,50,1.5,159,152,151,1,8,0.993421052631579,0.949685534591195,0.94375
8,clab-nebula-serf113,55,1.5,161,161,161,0,0,1.0,1.0,1.0
8,clab-nebula-serf113,60,1.5,161,161,161,0,0,1.0,1.0,1.0
8,clab-nebula-serf120,5,1.5,2,2,2,0,0,1.0,1.0,1.0
8,clab-nebula-serf120,10,1.5,2,2,2,0,0,1.0,1.0,1.0
8,clab-nebula-serf120,15,1.5,2,2,2,0,0,1.0,1.0,1.0
8,clab-nebula-serf120,20,1.5,2,2,2,0,0,1.0,1.0,1.0
8,clab-nebula-serf120,25,1.5,2,2,2,0,0,1.0,1.0,1.0
8,clab-nebula-serf120,30,1.5,3,3,3,0,0,1.0,1.0,1.0
8,clab-nebula-serf120,35,1.5,3,3,3,0,0,1.0,1.0,1.0
8,clab-nebula-serf120,40,1.5,3,3,3,0,0,1.0,1.0,1.0
8,clab-nebula-serf120,45,1.5,5,3,3,0,2,1.0,0.6,0.6
8,clab-nebula-serf120,50,1.5,14,3,3,0,11,1.0,0.21428571428571427,0.21428571428571427
8,clab-nebula-serf120,55,1.5,24,3,3,0,21,1.0,0.125,0.125
8,clab-nebula-serf120,60,1.5,48,103,44,59,4,0.42718446601941745,0.9166666666666666,0.411214953271028
8,clab-nebula-serf128,5,1.5,0,0,0,0,0,0.0,0.0,0.0
8,clab-nebula-serf128,10,1.5,2,1,1,0,1,1.0,0.5,0.5
8,clab-nebula-serf128,15,1.5,6,4,4,0,2,1.0,0.6666666666666666,0.6666666666666666
8,clab-nebula-serf128,20,1.5,20,11,10,1,10,0.9090909090909091,0.5,0.47619047619047616
8,clab-nebula-serf128,25,1.5,48,40,33,7,15,0.825,0.6875,0.6
8,clab-nebula-serf128,30,1.5,73,59,44,15,29,0.7457627118644068,0.6027397260273972,0.5
8,clab-nebula-serf128,35,1.5,111,98,83,15,28,0.8469387755102041,0.7477477477477478,0.6587301587301587
8,clab-nebula-serf128,40,1.5,145,152,144,8,1,0.9473684210526315,0.993103448275862,0.9411764705882353
8,clab-nebula-serf128,45,1.5,150,152,149,3,1,0.9802631578947368,0.9933333333333333,0.9738562091503268
8,clab-nebula-serf128,50,1.5,155,152,152,0,3,1.0,0.9806451612903225,0.9806451612903225
8,clab-nebula-serf128,55,1.5,159,152,152,0,7,1.0,0.9559748427672956,0.9559748427672956
8,clab-nebula-serf128,60,1.5,161,152,152,0,9,1.0,0.9440993788819876,0.9440993788819876
8,clab-nebula-serf8,5,1.5,0,0,0,0,0,0.0,0.0,0.0
8,clab-nebula-serf8,10,1.5,5,5,5,0,0,1.0,1.0,1.0
8,clab-nebula-serf8,15,1.5,13,21,11,10,2,0.5238095238095238,0.8461538461538461,0.4782608695652174
8,clab-nebula-serf8,20,1.5,23,42,23,19,0,0.5476190476190477,1.0,0.5476190476190477
8,clab-nebula-serf8,25,1.5,44,62,37,25,7,0.5967741935483871,0.8409090909090909,0.5362318840579711
8,clab-nebula-serf8,30,1.5,76,62,51,11,25,0.8225806451612904,0.6710526315789473,0.5862068965517241
8,clab-nebula-serf8,35,1.5,89,103,79,24,10,0.7669902912621359,0.8876404494382022,0.6991150442477876
8,clab-nebula-serf8,40,1.5,105,113,93,20,12,0.8230088495575221,0.8857142857142857,0.744
8,clab-nebula-serf8,45,1.5,120,115,101,14,19,0.8782608695652174,0.8416666666666667,0.753731343283582
8,clab-nebula-serf8,50,1.5,122,115,103,12,19,0.8956521739130435,0.8442622950819673,0.7686567164179104
8,clab-nebula-serf8,55,1.5,130,152,127,25,3,0.8355263157894737,0.9769230769230769,0.8193548387096774
8,clab-nebula-serf8,60,1.5,153,152,150,2,3,0.9868421052631579,0.9803921568627451,0.967741935483871
8,clab-nebula-serf27,5,1.5,0,0,0,0,0,0.0,0.0,0.0
8,clab-nebula-serf27,10,1.5,3,0,0,0,3,0,0.0,0.0
8,clab-nebula-serf27,15,1.5,7,0,0,0,7,0,0.0,0.0
8,clab-nebula-serf27,20,1.5,13,9,0,9,13,0.0,0.0,0.0
8,clab-nebula-serf27,25,1.5,24,9,4,5,20,0.4444444444444444,0.16666666666666666,0.13793103448275862
8,clab-nebula-serf27,30,1.5,38,55,34,21,4,0.6181818181818182,0.8947368421052632,0.576271186440678
8,clab-nebula-serf27,35,1.5,75,62,55,7,20,0.8870967741935484,0.7333333333333333,0.6707317073170732
8,clab-nebula-serf27,40,1.5,92,62,60,2,32,0.967741935483871,0.6521739130434783,0.6382978723404256
8,clab-nebula-serf27,45,1.5,98,112,85,27,13,0.7589285714285714,0.8673469387755102,0.68
8,clab-nebula-serf27,50,1.5,117,113,98,15,19,0.8672566371681416,0.8376068376068376,0.7424242424242424
8,clab-nebula-serf27,55,1.5,122,113,102,11,20,0.9026548672566371,0.8360655737704918,0.7669172932330827
8,clab-nebula-serf27,60,1.5,125,115,105,10,20,0.9130434782608695,0.84,0.7777777777777778
8,clab-nebula-serf78,5,1.5,0,0,0,0,0,0.0,0.0,0.0
8,clab-nebula-serf78,10,1.5,9,0,0,0,9,0,0.0,0.0
8,clab-nebula-serf78,15,1.5,27,17,17,0,10,1.0,0.6296296296296297,0.6296296296296297
8,clab-nebula-serf78,20,1.5,48,29,19,10,29,0.6551724137931034,0.3958333333333333,0.3275862068965517
8,clab-nebula-serf78,25,1.5,80,30,24,6,56,0.8,0.3,0.27906976744186046
8,clab-nebula-serf78,30,1.5,102,37,29,8,73,0.7837837837837838,0.28431372549019607,0.2636363636363636
8,clab-nebula-serf78,35,1.5,118,113,100,13,18,0.8849557522123894,0.847457627118644,0.7633587786259542
8,clab-nebula-serf78,40,1.5,123,113,104,9,19,0.9203539823008849,0.8455284552845529,0.7878787878787878
8,clab-nebula-serf78,45,1.5,140,115,108,7,32,0.9391304347826087,0.7714285714285715,0.7346938775510204
8,clab-nebula-serf78,50,1.5,154,153,151,2,3,0.9869281045751634,0.9805194805194806,0.967948717948718
8,clab-nebula-serf78,55,1.5,155,153,151,2,4,0.9869281045751634,0.9741935483870968,0.9617834394904459
8,clab-nebula-serf78,60,1.5,158,153,153,0,5,1.0,0.9683544303797469,0.9683544303797469
8,clab-nebula-serf104,5,1.5,1,0,0,0,1,0,0.0,0.0
8,clab-nebula-serf104,10,1.5,3,1,1,0,2,1.0,0.3333333333333333,0.3333333333333333
8,clab-nebula-serf104,15,1.5,8,10,8,2,0,0.8,1.0,0.8
8,clab-nebula-serf104,20,1.5,25,37,16,21,9,0.43243243243243246,0.64,0.34782608695652173
8,clab-nebula-serf104,25,1.5,54,40,37,3,17,0.925,0.6851851851851852,0.6491228070175439
8,clab-nebula-serf104,30,1.5,87,59,47,12,40,0.7966101694915254,0.5402298850574713,0.47474747474747475
8,clab-nebula-serf104,35,1.5,130,152,129,23,1,0.8486842105263158,0.9923076923076923,0.8431372549019608
8,clab-nebula-serf104,40,1.5,145,152,144,8,1,0.9473684210526315,0.993103448275862,0.9411764705882353
8,clab-nebula-serf104,45,1.5,153,152,151,1,2,0.993421052631579,0.9869281045751634,0.9805194805194806
8,clab-nebula-serf104,50,1.5,155,152,152,0,3,1.0,0.9806451612903225,0.9806451612903225
8,clab-nebula-serf104,55,1.5,159,152,152,0,7,1.0,0.9559748427672956,0.9559748427672956
8,clab-nebula-serf104,60,1.5,161,152,152,0,9,1.0,0.9440993788819876,0.9440993788819876
8,clab-nebula-serf133,5,1.5,0,0,0,0,0,0.0,0.0,0.0
8,clab-nebula-serf133,10,1.5,0,0,0,0,0,0.0,0.0,0.0
8,clab-nebula-serf133,15,1.5,1,1,1,0,0,1.0,1.0,1.0
8,clab-nebula-serf133,20,1.5,14,14,14,0,0,1.0,1.0,1.0
8,clab-nebula-serf133,25,1.5,16,25,16,9,0,0.64,1.0,0.64
8,clab-nebula-serf133,30,1.5,26,40,24,16,2,0.6,0.9230769230769231,0.5714285714285714
8,clab-nebula-serf133,35,1.5,44,40,34,6,10,0.85,0.7727272727272727,0.68
8,clab-nebula-serf133,40,1.5,59,75,49,26,10,0.6533333333333333,0.8305084745762712,0.5764705882352941
8,clab-nebula-serf133,45,1.5,92,79,74,5,18,0.9367088607594937,0.8043478260869565,0.7628865979381443
8,clab-nebula-serf133,50,1.5,117,138,104,34,13,0.7536231884057971,0.8888888888888888,0.6887417218543046
8,clab-nebula-serf133,55,1.5,137,152,136,16,1,0.8947368421052632,0.9927007299270073,0.8888888888888888
8,clab-nebula-serf133,60,1.5,149,152,148,4,1,0.9736842105263158,0.9932885906040269,0.9673202614379085
8,clab-nebula-serf64,5,1.5,0,0,0,0,0,0.0,0.0,0.0
8,clab-nebula-serf64,10,1.5,0,0,0,0,0,0.0,0.0,0.0
8,clab-nebula-serf64,15,1.5,0,0,0,0,0,0.0,0.0,0.0
8,clab-nebula-serf64,20,1.5,7,7,1,6,6,0.14285714285714285,0.14285714285714285,0.07692307692307693
8,clab-nebula-serf64,25,1.5,46,49,24,25,22,0.4897959183673469,0.5217391304347826,0.3380281690140845
8,clab-nebula-serf64,30,1.5,69,55,39,16,30,0.7090909090909091,0.5652173913043478,0.4588235294117647
8,clab-nebula-serf64,35,1.5,100,98,84,14,16,0.8571428571428571,0.84,0.7368421052631579
8,clab-nebula-serf64,40,1.5,116,98,95,3,21,0.9693877551020408,0.8189655172413793,0.7983193277310925
8,clab-nebula-serf64,45,1.5,123,112,103,9,20,0.9196428571428571,0.8373983739837398,0.7803030303030303
8,clab-nebula-serf64,50,1.5,128,152,125,27,3,0.8223684210526315,0.9765625,0.8064516129032258
8,clab-nebula-serf64,55,1.5,154,152,151,1,3,0.993421052631579,0.9805194805194806,0.9741935483870968
8,clab-nebula-serf64,60,1.5,154,152,151,1,3,0.993421052631579,0.9805194805194806,0.9741935483870968
8,clab-nebula-serf73,5,1.5,4,0,0,0,4,0,0.0,0.0
8,clab-nebula-serf73,10,1.5,25,17,17,0,8,1.0,0.68,0.68
8,clab-nebula-serf73,15,1.5,39,17,17,0,22,1.0,0.4358974358974359,0.4358974358974359
8,clab-nebula-serf73,20,1.5,69,30,22,8,47,0.7333333333333333,0.3188405797101449,0.2857142857142857
8,clab-nebula-serf73,25,1.5,89,30,27,3,62,0.9,0.30337078651685395,0.29347826086956524
8,clab-nebula-serf73,30,1.5,113,104,96,8,17,0.9230769230769231,0.8495575221238938,0.7933884297520661
8,clab-nebula-serf73,35,1.5,121,113,103,10,18,0.911504424778761,0.8512396694214877,0.7862595419847328
8,clab-nebula-serf73,40,1.5,130,115,104,11,26,0.9043478260869565,0.8,0.7375886524822695
8,clab-nebula-serf73,45,1.5,151,153,148,5,3,0.9673202614379085,0.9801324503311258,0.9487179487179487
8,clab-nebula-serf73,50,1.5,154,153,151,2,3,0.9869281045751634,0.9805194805194806,0.967948717948718
8,clab-nebula-serf73,55,1.5,158,153,153,0,5,1.0,0.9683544303797469,0.9683544303797469
8,clab-nebula-serf73,60,1.5,161,161,161,0,0,1.0,1.0,1.0
8,clab-nebula-serf118,5,1.5,2,2,2,0,0,1.0,1.0,1.0
8,clab-nebula-serf118,10,1.5,2,2,2,0,0,1.0,1.0,1.0
8,clab-nebula-serf118,15,1.5,2,2,2,0,0,1.0,1.0,1.0
8,clab-nebula-serf118,20,1.5,2,2,2,0,0,1.0,1.0,1.0
8,clab-nebula-serf118,25,1.5,2,2,2,0,0,1.0,1.0,1.0
8,clab-nebula-serf118,30,1.5,3,3,3,0,0,1.0,1.0,1.0
8,clab-nebula-serf118,35,1.5,3,3,3,0,0,1.0,1.0,1.0
8,clab-nebula-serf118,40,1.5,3,3,3,0,0,1.0,1.0,1.0
8,clab-nebula-serf118,45,1.5,5,3,3,0,2,1.0,0.6,0.6
8,clab-nebula-serf118,50,1.5,15,3,3,0,12,1.0,0.2,0.2
8,clab-nebula-serf118,55,1.5,25,3,3,0,22,1.0,0.12,0.12
8,clab-nebula-serf118,60,1.5,48,103,43,60,5,0.4174757281553398,0.8958333333333334,0.39814814814814814
8,clab-nebula-serf5,5,1.5,0,0,0,0,0,0.0,0.0,0.0
8,clab-nebula-serf5,10,1.5,3,4,3,1,0,0.75,1.0,0.75
8,clab-nebula-serf5,15,1.5,7,11,7,4,0,0.6363636363636364,1.0,0.6363636363636364
8,clab-nebula-serf5,20,1.5,14,25,14,11,0,0.56,1.0,0.56
8,clab-nebula-serf5,25,1.5,19,25,19,6,0,0.76,1.0,0.76
8,clab-nebula-serf5,30,1.5,46,62,38,24,8,0.6129032258064516,0.8260869565217391,0.5428571428571428
8,clab-nebula-serf5,35,1.5,80,62,52,10,28,0.8387096774193549,0.65,0.5777777777777777
8,clab-nebula-serf5,40,1.5,92,114,80,34,12,0.7017543859649122,0.8695652173913043,0.6349206349206349
8,clab-nebula-serf5,45,1.5,108,115,95,20,13,0.8260869565217391,0.8796296296296297,0.7421875
8,clab-nebula-serf5,50,1.5,118,153,115,38,3,0.7516339869281046,0.9745762711864406,0.7371794871794872
8,clab-nebula-serf5,55,1.5,121,153,118,35,3,0.7712418300653595,0.9752066115702479,0.7564102564102564
8,clab-nebula-serf5,60,1.5,143,153,140,13,3,0.9150326797385621,0.9790209790209791,0.8974358974358975
8,clab-nebula-serf87,5,1.5,3,3,3,0,0,1.0,1.0,1.0
8,clab-nebula-serf87,10,1.5,3,3,3,0,0,1.0,1.0,1.0
8,clab-nebula-serf87,15,1.5,11,9,8,1,3,0.8888888888888888,0.7272727272727273,0.6666666666666666
8,clab-nebula-serf87,20,1.5,24,9,9,0,15,1.0,0.375,0.375
8,clab-nebula-serf87,25,1.5,49,9,9,0,40,1.0,0.1836734693877551,0.1836734693877551
8,clab-nebula-serf87,30,1.5,80,12,9,3,71,0.75,0.1125,0.10843373493975904
8,clab-nebula-serf87,35,1.5,108,12,12,0,96,1.0,0.1111111111111111,0.1111111111111111
8,clab-nebula-serf87,40,1.5,120,27,15,12,105,0.5555555555555556,0.125,0.11363636363636363
8,clab-nebula-serf87,45,1.5,132,31,27,4,105,0.8709677419354839,0.20454545454545456,0.19852941176470587
8,clab-nebula-serf87,50,1.5,145,153,142,11,3,0.9281045751633987,0.9793103448275862,0.9102564102564102
8,clab-nebula-serf87,55,1.5,155,153,152,1,3,0.9934640522875817,0.9806451612903225,0.9743589743589743
8,clab-nebula-serf87,60,1.5,158,161,158,3,0,0.9813664596273292,1.0,0.9813664596273292
8,clab-nebula-serf88,5,1.5,3,3,3,0,0,1.0,1.0,1.0
8,clab-nebula-serf88,10,1.5,3,3,3,0,0,1.0,1.0,1.0
8,clab-nebula-serf88,15,1.5,8,9,7,2,1,0.7777777777777778,0.875,0.7
8,clab-nebula-serf88,20,1.5,19,9,9,0,10,1.0,0.47368421052631576,0.47368421052631576
8,clab-nebula-serf88,25,1.5,42,9,9,0,33,1.0,0.21428571428571427,0.21428571428571427
8,clab-nebula-serf88,30,1.5,72,12,9,3,63,0.75,0.125,0.12
8,clab-nebula-serf88,35,1.5,100,12,11,1,89,0.9166666666666666,0.11,0.10891089108910891
8,clab-nebula-serf88,40,1.5,120,12,12,0,108,1.0,0.1,0.1
8,clab-nebula-serf88,45,1.5,127,35,22,13,105,0.6285714285714286,0.1732283464566929,0.15714285714285714
8,clab-nebula-serf88,50,1.5,136,35,28,7,108,0.8,0.20588235294117646,0.1958041958041958
8,clab-nebula-serf88,55,1.5,154,161,154,7,0,0.9565217391304348,1.0,0.9565217391304348
8,clab-nebula-serf88,60,1.5,158,161,158,3,0,0.9813664596273292,1.0,0.9813664596273292
8,clab-nebula-serf153,5,1.5,0,0,0,0,0,0.0,0.0,0.0
8,clab-nebula-serf153,10,1.5,0,0,0,0,0,0.0,0.0,0.0
8,clab-nebula-serf153,15,1.5,1,1,0,1,1,0.0,0.0,0.0
8,clab-nebula-serf153,20,1.5,9,9,6,3,3,0.6666666666666666,0.6666666666666666,0.5
8,clab-nebula-serf153,25,1.5,12,9,9,0,3,1.0,0.75,0.75
8,clab-nebula-serf153,30,1.5,24,9,9,0,15,1.0,0.375,0.375
8,clab-nebula-serf153,35,1.5,42,9,9,0,33,1.0,0.21428571428571427,0.21428571428571427
8,clab-nebula-serf153,40,1.5,55,9,9,0,46,1.0,0.16363636363636364,0.16363636363636364
8,clab-nebula-serf153,45,1.5,81,11,9,2,72,0.8181818181818182,0.1111111111111111,0.10843373493975904
8,clab-nebula-serf153,50,1.5,114,12,11,1,103,0.9166666666666666,0.09649122807017543,0.09565217391304348
8,clab-nebula-serf153,55,1.5,137,152,136,16,1,0.8947368421052632,0.9927007299270073,0.8888888888888888
8,clab-nebula-serf153,60,1.5,148,152,145,7,3,0.9539473684210527,0.9797297297297297,0.9354838709677419
8,clab-nebula-serf53,5,1.5,0,0,0,0,0,0.0,0.0,0.0
8,clab-nebula-serf53,10,1.5,8,6,4,2,4,0.6666666666666666,0.5,0.4
8,clab-nebula-serf53,15,1.5,25,25,17,8,8,0.68,0.68,0.5151515151515151
8,clab-nebula-serf53,20,1.5,64,37,30,7,34,0.8108108108108109,0.46875,0.4225352112676056
8,clab-nebula-serf53,25,1.5,81,57,50,7,31,0.8771929824561403,0.6172839506172839,0.5681818181818182
8,clab-nebula-serf53,30,1.5,97,62,59,3,38,0.9516129032258065,0.6082474226804123,0.59
8,clab-nebula-serf53,35,1.5,118,113,100,13,18,0.8849557522123894,0.847457627118644,0.7633587786259542
8,clab-nebula-serf53,40,1.5,121,113,102,11,19,0.9026548672566371,0.8429752066115702,0.7727272727272727
8,clab-nebula-serf53,45,1.5,125,115,104,11,21,0.9043478260869565,0.832,0.7647058823529411
8,clab-nebula-serf53,50,1.5,151,152,148,4,3,0.9736842105263158,0.9801324503311258,0.9548387096774194
8,clab-nebula-serf53,55,1.5,154,152,151,1,3,0.993421052631579,0.9805194805194806,0.9741935483870968
8,clab-nebula-serf53,60,1.5,157,152,152,0,5,1.0,0.9681528662420382,0.9681528662420382
8,clab-nebula-serf69,5,1.5,0,0,0,0,0,0.0,0.0,0.0
8,clab-nebula-serf69,10,1.5,14,17,11,6,3,0.6470588235294118,0.7857142857142857,0.55
8,clab-nebula-serf69,15,1.5,31,17,17,0,14,1.0,0.5483870967741935,0.5483870967741935
8,clab-nebula-serf69,20,1.5,54,29,19,10,35,0.6551724137931034,0.35185185185185186,0.296875
8,clab-nebula-serf69,25,1.5,84,30,26,4,58,0.8666666666666667,0.30952380952380953,0.29545454545454547
8,clab-nebula-serf69,30,1.5,107,112,90,22,17,0.8035714285714286,0.8411214953271028,0.6976744186046512
8,clab-nebula-serf69,35,1.5,119,113,101,12,18,0.8938053097345132,0.8487394957983193,0.7709923664122137
8,clab-nebula-serf69,40,1.5,125,115,104,11,21,0.9043478260869565,0.832,0.7647058823529411
8,clab-nebula-serf69,45,1.5,147,153,144,9,3,0.9411764705882353,0.9795918367346939,0.9230769230769231
8,clab-nebula-serf69,50,1.5,154,153,151,2,3,0.9869281045751634,0.9805194805194806,0.967948717948718
8,clab-nebula-serf69,55,1.5,158,153,153,0,5,1.0,0.9683544303797469,0.9683544303797469
8,clab-nebula-serf69,60,1.5,161,161,161,0,0,1.0,1.0,1.0
8,clab-nebula-serf60,5,1.5,4,0,0,0,4,0,0.0,0.0
8,clab-nebula-serf60,10,1.5,10,6,5,1,5,0.8333333333333334,0.5,0.45454545454545453
8,clab-nebula-serf60,15,1.5,42,19,17,2,25,0.8947368421052632,0.40476190476190477,0.38636363636363635
8,clab-nebula-serf60,20,1.5,70,36,31,5,39,0.8611111111111112,0.44285714285714284,0.41333333333333333
8,clab-nebula-serf60,25,1.5,87,37,34,3,53,0.918918918918919,0.39080459770114945,0.37777777777777777
8,clab-nebula-serf60,30,1.5,111,104,95,9,16,0.9134615384615384,0.8558558558558559,0.7916666666666666
8,clab-nebula-serf60,35,1.5,120,112,102,10,18,0.9107142857142857,0.85,0.7846153846153846
8,clab-nebula-serf60,40,1.5,124,113,104,9,20,0.9203539823008849,0.8387096774193549,0.7819548872180451
8,clab-nebula-serf60,45,1.5,143,152,140,12,3,0.9210526315789473,0.9790209790209791,0.9032258064516129
8,clab-nebula-serf60,50,1.5,154,152,151,1,3,0.993421052631579,0.9805194805194806,0.9741935483870968
8,clab-nebula-serf60,55,1.5,154,152,151,1,3,0.993421052631579,0.9805194805194806,0.9741935483870968
8,clab-nebula-serf60,60,1.5,158,153,153,0,5,1.0,0.9683544303797469,0.9683544303797469
8,clab-nebula-serf145,5,1.5,0,0,0,0,0,0.0,0.0,0.0
8,clab-nebula-serf145,10,1.5,0,0,0,0,0,0.0,0.0,0.0
8,clab-nebula-serf145,15,1.5,1,1,1,0,0,1.0,1.0,1.0
8,clab-nebula-serf145,20,1.5,5,7,5,2,0,0.7142857142857143,1.0,0.7142857142857143
8,clab-nebula-serf145,25,1.5,7,7,7,0,0,1.0,1.0,1.0
8,clab-nebula-serf145,30,1.5,15,26,14,12,1,0.5384615384615384,0.9333333333333333,0.5185185185185185
8,clab-nebula-serf145,35,1.5,37,40,30,10,7,0.75,0.8108108108108109,0.6382978723404256
8,clab-nebula-serf145,40,1.5,56,40,36,4,20,0.9,0.6428571428571429,0.6
8,clab-nebula-serf145,45,1.5,66,79,54,25,12,0.6835443037974683,0.8181818181818182,0.5934065934065934
8,clab-nebula-serf145,50,1.5,104,137,93,44,11,0.6788321167883211,0.8942307692307693,0.6283783783783784
8,clab-nebula-serf145,55,1.5,130,152,129,23,1,0.8486842105263158,0.9923076923076923,0.8431372549019608
8,clab-nebula-serf145,60,1.5,145,152,144,8,1,0.9473684210526315,0.993103448275862,0.9411764705882353
8,clab-nebula-serf6,5,1.5,1,0,0,0,1,0,0.0,0.0
8,clab-nebula-serf6,10,1.5,7,9,6,3,1,0.6666666666666666,0.8571428571428571,0.6
8,clab-nebula-serf6,15,1.5,18,42,18,24,0,0.42857142857142855,1.0,0.42857142857142855
8,clab-nebula-serf6,20,1.5,32,42,30,12,2,0.7142857142857143,0.9375,0.6818181818181818
8,clab-nebula-serf6,25,1.5,68,62,46,16,22,0.7419354838709677,0.6764705882352942,0.5476190476190477
8,clab-nebula-serf6,30,1.5,86,62,56,6,30,0.9032258064516129,0.6511627906976745,0.6086956521739131
8,clab-nebula-serf6,35,1.5,98,103,86,17,12,0.8349514563106796,0.8775510204081632,0.7478260869565218
8,clab-nebula-serf6,40,1.5,117,115,100,15,17,0.8695652173913043,0.8547008547008547,0.7575757575757576
8,clab-nebula-serf6,45,1.5,120,115,101,14,19,0.8782608695652174,0.8416666666666667,0.753731343283582
8,clab-nebula-serf6,50,1.5,124,152,121,31,3,0.7960526315789473,0.9758064516129032,0.7806451612903226
8,clab-nebula-serf6,55,1.5,151,152,148,4,3,0.9736842105263158,0.9801324503311258,0.9548387096774194
8,clab-nebula-serf6,60,1.5,155,152,151,1,4,0.993421052631579,0.9741935483870968,0.967948717948718
8,clab-nebula-serf11,5,1.5,2,1,1,0,1,1.0,0.5,0.5
8,clab-nebula-serf11,10,1.5,14,8,6,2,8,0.75,0.42857142857142855,0.375
8,clab-nebula-serf11,15,1.5,26,42,26,16,0,0.6190476190476191,1.0,0.6190476190476191
8,clab-nebula-serf11,20,1.5,57,62,41,21,16,0.6612903225806451,0.7192982456140351,0.5256410256410257
8,clab-nebula-serf11,25,1.5,82,62,53,9,29,0.8548387096774194,0.6463414634146342,0.5824175824175825
8,clab-nebula-serf11,30,1.5,93,103,82,21,11,0.7961165048543689,0.8817204301075269,0.7192982456140351
8,clab-nebula-serf11,35,1.5,112,113,98,15,14,0.8672566371681416,0.875,0.7716535433070866
8,clab-nebula-serf11,40,1.5,120,115,101,14,19,0.8782608695652174,0.8416666666666667,0.753731343283582
8,clab-nebula-serf11,45,1.5,124,115,104,11,20,0.9043478260869565,0.8387096774193549,0.7703703703703704
8,clab-nebula-serf11,50,1.5,142,152,139,13,3,0.9144736842105263,0.9788732394366197,0.896774193548387
8,clab-nebula-serf11,55,1.5,154,152,151,1,3,0.993421052631579,0.9805194805194806,0.9741935483870968
8,clab-nebula-serf11,60,1.5,157,152,152,0,5,1.0,0.9681528662420382,0.9681528662420382
8,clab-nebula-serf98,5,1.5,1,2,0,2,1,0.0,0.0,0.0
8,clab-nebula-serf98,10,1.5,7,7,7,0,0,1.0,1.0,1.0
8,clab-nebula-serf98,15,1.5,7,7,7,0,0,1.0,1.0,1.0
8,clab-nebula-serf98,20,1.5,8,9,7,2,1,0.7777777777777778,0.875,0.7
8,clab-nebula-serf98,25,1.5,14,9,9,0,5,1.0,0.6428571428571429,0.6428571428571429
8,clab-nebula-serf98,30,1.5,29,40,21,19,8,0.525,0.7241379310344828,0.4375
8,clab-nebula-serf98,35,1.5,71,113,59,54,12,0.5221238938053098,0.8309859154929577,0.472
8,clab-nebula-serf98,40,1.5,121,152,120,32,1,0.7894736842105263,0.9917355371900827,0.7843137254901961
8,clab-nebula-serf98,45,1.5,144,152,142,10,2,0.9342105263157895,0.9861111111111112,0.922077922077922
8,clab-nebula-serf98,50,1.5,156,152,151,1,5,0.993421052631579,0.967948717948718,0.9617834394904459
8,clab-nebula-serf98,55,1.5,160,152,152,0,8,1.0,0.95,0.95
8,clab-nebula-serf98,60,1.5,161,152,152,0,9,1.0,0.9440993788819876,0.9440993788819876
8,clab-nebula-serf138,5,1.5,0,0,0,0,0,0.0,0.0,0.0
8,clab-nebula-serf138,10,1.5,0,0,0,0,0,0.0,0.0,0.0
8,clab-nebula-serf138,15,1.5,1,0,0,0,1,0,0.0,0.0
8,clab-nebula-serf138,20,1.5,14,14,14,0,0,1.0,1.0,1.0
8,clab-nebula-serf138,25,1.5,14,14,14,0,0,1.0,1.0,1.0
8,clab-nebula-serf138,30,1.5,26,40,24,16,2,0.6,0.9230769230769231,0.5714285714285714
8,clab-nebula-serf138,35,1.5,43,40,33,7,10,0.825,0.7674418604651163,0.66
8,clab-nebula-serf138,40,1.5,55,40,38,2,17,0.95,0.6909090909090909,0.6666666666666666
8,clab-nebula-serf138,45,1.5,90,79,73,6,17,0.9240506329113924,0.8111111111111111,0.7604166666666666
8,clab-nebula-serf138,50,1.5,115,137,104,33,11,0.7591240875912408,0.9043478260869565,0.7027027027027027
8,clab-nebula-serf138,55,1.5,137,152,136,16,1,0.8947368421052632,0.9927007299270073,0.8888888888888888
8,clab-nebula-serf138,60,1.5,147,152,146,6,1,0.9605263157894737,0.9931972789115646,0.954248366013072
8,clab-nebula-serf150,5,1.5,0,0,0,0,0,0.0,0.0,0.0
8,clab-nebula-serf150,10,1.5,0,0,0,0,0,0.0,0.0,0.0
8,clab-nebula-serf150,15,1.5,1,0,0,0,1,0,0.0,0.0
8,clab-nebula-serf150,20,1.5,9,9,6,3,3,0.6666666666666666,0.6666666666666666,0.5
8,clab-nebula-serf150,25,1.5,17,9,9,0,8,1.0,0.5294117647058824,0.5294117647058824
8,clab-nebula-serf150,30,1.5,23,9,9,0,14,1.0,0.391304347826087,0.391304347826087
8,clab-nebula-serf150,35,1.5,42,9,9,0,33,1.0,0.21428571428571427,0.21428571428571427
8,clab-nebula-serf150,40,1.5,54,9,9,0,45,1.0,0.16666666666666666,0.16666666666666666
8,clab-nebula-serf150,45,1.5,79,11,9,2,70,0.8181818181818182,0.11392405063291139,0.1111111111111111
8,clab-nebula-serf150,50,1.5,117,12,11,1,106,0.9166666666666666,0.09401709401709402,0.09322033898305085
8,clab-nebula-serf150,55,1.5,141,152,138,14,3,0.9078947368421053,0.9787234042553191,0.8903225806451613
8,clab-nebula-serf150,60,1.5,152,152,149,3,3,0.9802631578947368,0.9802631578947368,0.9612903225806452
8,clab-nebula-serf18,5,1.5,0,0,0,0,0,0.0,0.0,0.0
8,clab-nebula-serf18,10,1.5,5,1,1,0,4,1.0,0.2,0.2
8,clab-nebula-serf18,15,1.5,20,1,1,0,19,1.0,0.05,0.05
8,clab-nebula-serf18,20,1.5,47,62,38,24,9,0.6129032258064516,0.8085106382978723,0.5352112676056338
8,clab-nebula-serf18,25,1.5,75,62,53,9,22,0.8548387096774194,0.7066666666666667,0.6309523809523809
8,clab-nebula-serf18,30,1.5,90,62,59,3,31,0.9516129032258065,0.6555555555555556,0.6344086021505376
8,clab-nebula-serf18,35,1.5,103,113,90,23,13,0.7964601769911505,0.8737864077669902,0.7142857142857143
8,clab-nebula-serf18,40,1.5,120,115,101,14,19,0.8782608695652174,0.8416666666666667,0.753731343283582
8,clab-nebula-serf18,45,1.5,123,115,104,11,19,0.9043478260869565,0.8455284552845529,0.7761194029850746
8,clab-nebula-serf18,50,1.5,140,153,137,16,3,0.8954248366013072,0.9785714285714285,0.8782051282051282
8,clab-nebula-serf18,55,1.5,151,153,148,5,3,0.9673202614379085,0.9801324503311258,0.9487179487179487
8,clab-nebula-serf18,60,1.5,157,153,152,1,5,0.9934640522875817,0.9681528662420382,0.9620253164556962
8,clab-nebula-serf30,5,1.5,1,0,0,0,1,0,0.0,0.0
8,clab-nebula-serf30,10,1.5,13,17,9,8,4,0.5294117647058824,0.6923076923076923,0.42857142857142855
8,clab-nebula-serf30,15,1.5,28,28,21,7,7,0.75,0.75,0.6
8,clab-nebula-serf30,20,1.5,45,28,26,2,19,0.9285714285714286,0.5777777777777777,0.5531914893617021
8,clab-nebula-serf30,25,1.5,81,59,53,6,28,0.8983050847457628,0.654320987654321,0.6091954022988506
8,clab-nebula-serf30,30,1.5,93,103,81,22,12,0.7864077669902912,0.8709677419354839,0.7043478260869566
8,clab-nebula-serf30,35,1.5,102,103,89,14,13,0.8640776699029126,0.8725490196078431,0.7672413793103449
8,clab-nebula-serf30,40,1.5,119,112,100,12,19,0.8928571428571429,0.8403361344537815,0.7633587786259542
8,clab-nebula-serf30,45,1.5,124,112,104,8,20,0.9285714285714286,0.8387096774193549,0.7878787878787878
8,clab-nebula-serf30,50,1.5,128,115,107,8,21,0.9304347826086956,0.8359375,0.7867647058823529
8,clab-nebula-serf30,55,1.5,154,152,151,1,3,0.993421052631579,0.9805194805194806,0.9741935483870968
8,clab-nebula-serf30,60,1.5,154,152,151,1,3,0.993421052631579,0.9805194805194806,0.9741935483870968
8,clab-nebula-serf44,5,1.5,3,0,0,0,3,0,0.0,0.0
8,clab-nebula-serf44,10,1.5,10,17,9,8,1,0.5294117647058824,0.9,0.5
8,clab-nebula-serf44,15,1.5,23,18,12,6,11,0.6666666666666666,0.5217391304347826,0.41379310344827586
8,clab-nebula-serf44,20,1.5,47,18,16,2,31,0.8888888888888888,0.3404255319148936,0.32653061224489793
8,clab-nebula-serf44,25,1.5,81,57,53,4,28,0.9298245614035088,0.654320987654321,0.6235294117647059
8,clab-nebula-serf44,30,1.5,99,99,85,14,14,0.8585858585858586,0.8585858585858586,0.7522123893805309
8,clab-nebula-serf44,35,1.5,120,112,101,11,19,0.9017857142857143,0.8416666666666667,0.7709923664122137
8,clab-nebula-serf44,40,1.5,124,112,104,8,20,0.9285714285714286,0.8387096774193549,0.7878787878787878
8,clab-nebula-serf44,45,1.5,127,115,107,8,20,0.9304347826086956,0.84251968503937,0.7925925925925926
8,clab-nebula-serf44,50,1.5,154,152,151,1,3,0.993421052631579,0.9805194805194806,0.9741935483870968
8,clab-nebula-serf44,55,1.5,154,152,151,1,3,0.993421052631579,0.9805194805194806,0.9741935483870968
8,clab-nebula-serf44,60,1.5,156,152,152,0,4,1.0,0.9743589743589743,0.9743589743589743
8,clab-nebula-serf131,5,1.5,0,0,0,0,0,0.0,0.0,0.0
8,clab-nebula-serf131,10,1.5,0,0,0,0,0,0.0,0.0,0.0
8,clab-nebula-serf131,15,1.5,3,1,0,1,3,0.0,0.0,0.0
8,clab-nebula-serf131,20,1.5,14,14,14,0,0,1.0,1.0,1.0
8,clab-nebula-serf131,25,1.5,18,28,18,10,0,0.6428571428571429,1.0,0.6428571428571429
8,clab-nebula-serf131,30,1.5,29,40,26,14,3,0.65,0.896551724137931,0.6046511627906976
8,clab-nebula-serf131,35,1.5,45,40,35,5,10,0.875,0.7777777777777778,0.7
8,clab-nebula-serf131,40,1.5,69,79,59,20,10,0.7468354430379747,0.855072463768116,0.6629213483146067
8,clab-nebula-serf131,45,1.5,95,85,76,9,19,0.8941176470588236,0.8,0.7307692307692307
8,clab-nebula-serf131,50,1.5,122,138,109,29,13,0.7898550724637681,0.8934426229508197,0.7218543046357616
8,clab-nebula-serf131,55,1.5,137,152,136,16,1,0.8947368421052632,0.9927007299270073,0.8888888888888888
8,clab-nebula-serf131,60,1.5,149,152,148,4,1,0.9736842105263158,0.9932885906040269,0.9673202614379085
8,clab-nebula-serf35,5,1.5,0,0,0,0,0,0.0,0.0,0.0
8,clab-nebula-serf35,10,1.5,1,0,0,0,1,0,0.0,0.0
8,clab-nebula-serf35,15,1.5,7,8,4,4,3,0.5,0.5714285714285714,0.36363636363636365
8,clab-nebula-serf35,20,1.5,26,8,6,2,20,0.75,0.23076923076923078,0.21428571428571427
8,clab-nebula-serf35,25,1.5,63,8,8,0,55,1.0,0.12698412698412698,0.12698412698412698
8,clab-nebula-serf35,30,1.5,85,57,54,3,31,0.9473684210526315,0.6352941176470588,0.6136363636363636
8,clab-nebula-serf35,35,1.5,95,62,60,2,35,0.967741935483871,0.631578947368421,0.6185567010309279
8,clab-nebula-serf35,40,1.5,111,112,92,20,19,0.8214285714285714,0.8288288288288288,0.7022900763358778
8,clab-nebula-serf35,45,1.5,121,112,102,10,19,0.9107142857142857,0.8429752066115702,0.7786259541984732
8,clab-nebula-serf35,50,1.5,124,113,104,9,20,0.9203539823008849,0.8387096774193549,0.7819548872180451
8,clab-nebula-serf35,55,1.5,145,152,142,10,3,0.9342105263157895,0.9793103448275862,0.9161290322580645
8,clab-nebula-serf35,60,1.5,154,152,151,1,3,0.993421052631579,0.9805194805194806,0.9741935483870968
8,clab-nebula-serf40,5,1.5,0,0,0,0,0,0.0,0.0,0.0
8,clab-nebula-serf40,10,1.5,1,0,0,0,1,0,0.0,0.0
8,clab-nebula-serf40,15,1.5,11,8,5,3,6,0.625,0.45454545454545453,0.35714285714285715
8,clab-nebula-serf40,20,1.5,35,29,19,10,16,0.6551724137931034,0.5428571428571428,0.4222222222222222
8,clab-nebula-serf40,25,1.5,71,36,30,6,41,0.8333333333333334,0.4225352112676056,0.38961038961038963
8,clab-nebula-serf40,30,1.5,87,57,54,3,33,0.9473684210526315,0.6206896551724138,0.6
8,clab-nebula-serf40,35,1.5,98,61,57,4,41,0.9344262295081968,0.5816326530612245,0.5588235294117647
8,clab-nebula-serf40,40,1.5,118,104,99,5,19,0.9519230769230769,0.8389830508474576,0.8048780487804879
8,clab-nebula-serf40,45,1.5,122,112,103,9,19,0.9196428571428571,0.8442622950819673,0.7862595419847328
8,clab-nebula-serf40,50,1.5,126,113,105,8,21,0.9292035398230089,0.8333333333333334,0.7835820895522388
8,clab-nebula-serf40,55,1.5,153,152,150,2,3,0.9868421052631579,0.9803921568627451,0.967741935483871
8,clab-nebula-serf40,60,1.5,154,152,151,1,3,0.993421052631579,0.9805194805194806,0.9741935483870968
8,clab-nebula-serf144,5,1.5,0,0,0,0,0,0.0,0.0,0.0
8,clab-nebula-serf144,10,1.5,0,0,0,0,0,0.0,0.0,0.0
8,clab-nebula-serf144,15,1.5,7,7,7,0,0,1.0,1.0,1.0
8,clab-nebula-serf144,20,1.5,12,26,12,14,0,0.46153846153846156,1.0,0.46153846153846156
8,clab-nebula-serf144,25,1.5,23,40,21,19,2,0.525,0.9130434782608695,0.5
8,clab-nebula-serf144,30,1.5,55,40,36,4,19,0.9,0.6545454545454545,0.6101694915254238
8,clab-nebula-serf144,35,1.5,60,40,39,1,21,0.975,0.65,0.639344262295082
8,clab-nebula-serf144,40,1.5,95,97,75,22,20,0.7731958762886598,0.7894736842105263,0.6410256410256411
8,clab-nebula-serf144,45,1.5,126,152,125,27,1,0.8223684210526315,0.9920634920634921,0.8169934640522876
8,clab-nebula-serf144,50,1.5,141,152,140,12,1,0.9210526315789473,0.9929078014184397,0.9150326797385621
8,clab-nebula-serf144,55,1.5,151,152,149,3,2,0.9802631578947368,0.9867549668874173,0.9675324675324676
8,clab-nebula-serf144,60,1.5,155,152,152,0,3,1.0,0.9806451612903225,0.9806451612903225
8,clab-nebula-serf152,5,1.5,0,0,0,0,0,0.0,0.0,0.0
8,clab-nebula-serf152,10,1.5,1,9,0,9,1,0.0,0.0,0.0
8,clab-nebula-serf152,15,1.5,11,9,8,1,3,0.8888888888888888,0.7272727272727273,0.6666666666666666
8,clab-nebula-serf152,20,1.5,14,9,9,0,5,1.0,0.6428571428571429,0.6428571428571429
8,clab-nebula-serf152,25,1.5,24,9,9,0,15,1.0,0.375,0.375
8,clab-nebula-serf152,30,1.5,47,9,9,0,38,1.0,0.19148936170212766,0.19148936170212766
8,clab-nebula-serf152,35,1.5,60,9,9,0,51,1.0,0.15,0.15
8,clab-nebula-serf152,40,1.5,89,11,9,2,80,0.8181818181818182,0.10112359550561797,0.0989010989010989
8,clab-nebula-serf152,45,1.5,122,12,11,1,111,0.9166666666666666,0.09016393442622951,0.08943089430894309
8,clab-nebula-serf152,50,1.5,143,152,142,10,1,0.9342105263157895,0.993006993006993,0.9281045751633987
8,clab-nebula-serf152,55,1.5,152,152,149,3,3,0.9802631578947368,0.9802631578947368,0.9612903225806452
8,clab-nebula-serf152,60,1.5,156,152,152,0,4,1.0,0.9743589743589743,0.9743589743589743
8,clab-nebula-serf162,5,1.5,0,0,0,0,0,0.0,0.0,0.0
8,clab-nebula-serf162,10,1.5,0,0,0,0,0,0.0,0.0,0.0
8,clab-nebula-serf162,15,1.5,5,5,5,0,0,1.0,1.0,1.0
8,clab-nebula-serf162,20,1.5,5,5,5,0,0,1.0,1.0,1.0
8,clab-nebula-serf162,25,1.5,5,5,5,0,0,1.0,1.0,1.0
8,clab-nebula-serf162,30,1.5,9,26,9,17,0,0.34615384615384615,1.0,0.34615384615384615
8,clab-nebula-serf162,35,1.5,20,26,15,11,5,0.5769230769230769,0.75,0.4838709677419355
8,clab-nebula-serf162,40,1.5,35,26,25,1,10,0.9615384615384616,0.7142857142857143,0.6944444444444444
8,clab-nebula-serf162,45,1.5,40,40,30,10,10,0.75,0.75,0.6
8,clab-nebula-serf162,50,1.5,54,40,36,4,18,0.9,0.6666666666666666,0.6206896551724138
8,clab-nebula-serf162,55,1.5,74,79,59,20,15,0.7468354430379747,0.7972972972972973,0.6276595744680851
8,clab-nebula-serf162,60,1.5,113,98,80,18,33,0.8163265306122449,0.7079646017699115,0.6106870229007634
8,clab-nebula-serf41,5,1.5,0,0,0,0,0,0.0,0.0,0.0
8,clab-nebula-serf41,10,1.5,0,0,0,0,0,0.0,0.0,0.0
8,clab-nebula-serf41,15,1.5,1,0,0,0,1,0,0.0,0.0
8,clab-nebula-serf41,20,1.5,14,8,5,3,9,0.625,0.35714285714285715,0.29411764705882354
8,clab-nebula-serf41,25,1.5,40,8,7,1,33,0.875,0.175,0.17073170731707318
8,clab-nebula-serf41,30,1.5,74,8,8,0,66,1.0,0.10810810810810811,0.10810810810810811
8,clab-nebula-serf41,35,1.5,89,57,54,3,35,0.9473684210526315,0.6067415730337079,0.5869565217391305
8,clab-nebula-serf41,40,1.5,99,103,87,16,12,0.8446601941747572,0.8787878787878788,0.7565217391304347
8,clab-nebula-serf41,45,1.5,118,104,99,5,19,0.9519230769230769,0.8389830508474576,0.8048780487804879
8,clab-nebula-serf41,50,1.5,121,112,102,10,19,0.9107142857142857,0.8429752066115702,0.7786259541984732
8,clab-nebula-serf41,55,1.5,126,113,105,8,21,0.9292035398230089,0.8333333333333334,0.7835820895522388
8,clab-nebula-serf41,60,1.5,153,152,150,2,3,0.9868421052631579,0.9803921568627451,0.967741935483871
8,clab-nebula-serf72,5,1.5,1,0,0,0,1,0,0.0,0.0
8,clab-nebula-serf72,10,1.5,16,17,12,5,4,0.7058823529411765,0.75,0.5714285714285714
8,clab-nebula-serf72,15,1.5,31,17,17,0,14,1.0,0.5483870967741935,0.5483870967741935
8,clab-nebula-serf72,20,1.5,54,29,19,10,35,0.6551724137931034,0.35185185185185186,0.296875
8,clab-nebula-serf72,25,1.5,84,30,26,4,58,0.8666666666666667,0.30952380952380953,0.29545454545454547
8,clab-nebula-serf72,30,1.5,110,112,93,19,17,0.8303571428571429,0.8454545454545455,0.7209302325581395
8,clab-nebula-serf72,35,1.5,121,113,103,10,18,0.911504424778761,0.8512396694214877,0.7862595419847328
8,clab-nebula-serf72,40,1.5,125,115,104,11,21,0.9043478260869565,0.832,0.7647058823529411
8,clab-nebula-serf72,45,1.5,150,153,147,6,3,0.9607843137254902,0.98,0.9423076923076923
8,clab-nebula-serf72,50,1.5,154,153,151,2,3,0.9869281045751634,0.9805194805194806,0.967948717948718
8,clab-nebula-serf72,55,1.5,158,153,153,0,5,1.0,0.9683544303797469,0.9683544303797469
8,clab-nebula-serf72,60,1.5,161,161,161,0,0,1.0,1.0,1.0
8,clab-nebula-serf141,5,1.5,0,0,0,0,0,0.0,0.0,0.0
8,clab-nebula-serf141,10,1.5,0,0,0,0,0,0.0,0.0,0.0
8,clab-nebula-serf141,15,1.5,0,0,0,0,0,0.0,0.0,0.0
8,clab-nebula-serf141,20,1.5,14,14,14,0,0,1.0,1.0,1.0
8,clab-nebula-serf141,25,1.5,14,14,14,0,0,1.0,1.0,1.0
8,clab-nebula-serf141,30,1.5,26,40,24,16,2,0.6,0.9230769230769231,0.5714285714285714
8,clab-nebula-serf141,35,1.5,43,40,33,7,10,0.825,0.7674418604651163,0.66
8,clab-nebula-serf141,40,1.5,59,75,49,26,10,0.6533333333333333,0.8305084745762712,0.5764705882352941
8,clab-nebula-serf141,45,1.5,90,79,73,6,17,0.9240506329113924,0.8111111111111111,0.7604166666666666
8,clab-nebula-serf141,50,1.5,116,138,104,34,12,0.7536231884057971,0.896551724137931,0.6933333333333334
8,clab-nebula-serf141,55,1.5,137,152,136,16,1,0.8947368421052632,0.9927007299270073,0.8888888888888888
8,clab-nebula-serf141,60,1.5,149,152,148,4,1,0.9736842105263158,0.9932885906040269,0.9673202614379085
8,clab-nebula-serf25,5,1.5,0,0,0,0,0,0.0,0.0,0.0
8,clab-nebula-serf25,10,1.5,4,5,2,3,2,0.4,0.5,0.2857142857142857
8,clab-nebula-serf25,15,1.5,12,17,9,8,3,0.5294117647058824,0.75,0.45
8,clab-nebula-serf25,20,1.5,28,28,21,7,7,0.75,0.75,0.6
8,clab-nebula-serf25,25,1.5,44,28,26,2,18,0.9285714285714286,0.5909090909090909,0.5652173913043478
8,clab-nebula-serf25,30,1.5,81,59,53,6,28,0.8983050847457628,0.654320987654321,0.6091954022988506
8,clab-nebula-serf25,35,1.5,93,103,81,22,12,0.7864077669902912,0.8709677419354839,0.7043478260869566
8,clab-nebula-serf25,40,1.5,102,103,89,14,13,0.8640776699029126,0.8725490196078431,0.7672413793103449
8,clab-nebula-serf25,45,1.5,119,112,100,12,19,0.8928571428571429,0.8403361344537815,0.7633587786259542
8,clab-nebula-serf25,50,1.5,124,112,104,8,20,0.9285714285714286,0.8387096774193549,0.7878787878787878
8,clab-nebula-serf25,55,1.5,127,115,106,9,21,0.9217391304347826,0.8346456692913385,0.7794117647058824
8,clab-nebula-serf25,60,1.5,154,152,151,1,3,0.993421052631579,0.9805194805194806,0.9741935483870968
8,clab-nebula-serf50,5,1.5,3,3,2,1,1,0.6666666666666666,0.6666666666666666,0.5
8,clab-nebula-serf50,10,1.5,8,16,8,8,0,0.5,1.0,0.5
8,clab-nebula-serf50,15,1.5,23,18,12,6,11,0.6666666666666666,0.5217391304347826,0.41379310344827586
8,clab-nebula-serf50,20,1.5,41,18,15,3,26,0.8333333333333334,0.36585365853658536,0.3409090909090909
8,clab-nebula-serf50,25,1.5,81,57,53,4,28,0.9298245614035088,0.654320987654321,0.6235294117647059
8,clab-nebula-serf50,30,1.5,93,99,81,18,12,0.8181818181818182,0.8709677419354839,0.7297297297297297
8,clab-nebula-serf50,35,1.5,118,112,99,13,19,0.8839285714285714,0.8389830508474576,0.7557251908396947
8,clab-nebula-serf50,40,1.5,122,112,102,10,20,0.9107142857142857,0.8360655737704918,0.7727272727272727
8,clab-nebula-serf50,45,1.5,125,113,105,8,20,0.9292035398230089,0.84,0.7894736842105263
8,clab-nebula-serf50,50,1.5,153,152,150,2,3,0.9868421052631579,0.9803921568627451,0.967741935483871
8,clab-nebula-serf50,55,1.5,154,152,151,1,3,0.993421052631579,0.9805194805194806,0.9741935483870968
8,clab-nebula-serf50,60,1.5,156,152,152,0,4,1.0,0.9743589743589743,0.9743589743589743
8,clab-nebula-serf51,5,1.5,1,0,0,0,1,0,0.0,0.0
8,clab-nebula-serf51,10,1.5,9,6,5,1,4,0.8333333333333334,0.5555555555555556,0.5
8,clab-nebula-serf51,15,1.5,24,25,17,8,7,0.68,0.7083333333333334,0.53125
8,clab-nebula-serf51,20,1.5,64,37,30,7,34,0.8108108108108109,0.46875,0.4225352112676056
8,clab-nebula-serf51,25,1.5,83,57,51,6,32,0.8947368421052632,0.6144578313253012,0.5730337078651685
8,clab-nebula-serf51,30,1.5,97,64,59,5,38,0.921875,0.6082474226804123,0.5784313725490197
8,clab-nebula-serf51,35,1.5,118,113,100,13,18,0.8849557522123894,0.847457627118644,0.7633587786259542
8,clab-nebula-serf51,40,1.5,121,113,102,11,19,0.9026548672566371,0.8429752066115702,0.7727272727272727
8,clab-nebula-serf51,45,1.5,126,115,105,10,21,0.9130434782608695,0.8333333333333334,0.7720588235294118
8,clab-nebula-serf51,50,1.5,152,152,149,3,3,0.9802631578947368,0.9802631578947368,0.9612903225806452
8,clab-nebula-serf51,55,1.5,154,152,151,1,3,0.993421052631579,0.9805194805194806,0.9741935483870968
8,clab-nebula-serf51,60,1.5,157,152,152,0,5,1.0,0.9681528662420382,0.9681528662420382
8,clab-nebula-serf66,5,1.5,0,0,0,0,0,0.0,0.0,0.0
8,clab-nebula-serf66,10,1.5,4,4,1,3,3,0.25,0.25,0.14285714285714285
8,clab-nebula-serf66,15,1.5,27,17,17,0,10,1.0,0.6296296296296297,0.6296296296296297
8,clab-nebula-serf66,20,1.5,44,26,19,7,25,0.7307692307692307,0.4318181818181818,0.37254901960784315
8,clab-nebula-serf66,25,1.5,79,30,24,6,55,0.8,0.3037974683544304,0.2823529411764706
8,clab-nebula-serf66,30,1.5,106,104,89,15,17,0.8557692307692307,0.839622641509434,0.7355371900826446
8,clab-nebula-serf66,35,1.5,116,112,99,13,17,0.8839285714285714,0.853448275862069,0.7674418604651163
8,clab-nebula-serf66,40,1.5,123,113,104,9,19,0.9203539823008849,0.8455284552845529,0.7878787878787878
8,clab-nebula-serf66,45,1.5,136,115,105,10,31,0.9130434782608695,0.7720588235294118,0.7191780821917808
8,clab-nebula-serf66,50,1.5,154,153,151,2,3,0.9869281045751634,0.9805194805194806,0.967948717948718
8,clab-nebula-serf66,55,1.5,154,153,151,2,3,0.9869281045751634,0.9805194805194806,0.967948717948718
8,clab-nebula-serf66,60,1.5,158,153,153,0,5,1.0,0.9683544303797469,0.9683544303797469
8,clab-nebula-serf86,5,1.5,3,3,3,0,0,1.0,1.0,1.0
8,clab-nebula-serf86,10,1.5,4,9,4,5,0,0.4444444444444444,1.0,0.4444444444444444
8,clab-nebula-serf86,15,1.5,11,9,8,1,3,0.8888888888888888,0.7272727272727273,0.6666666666666666
8,clab-nebula-serf86,20,1.5,29,9,9,0,20,1.0,0.3103448275862069,0.3103448275862069
8,clab-nebula-serf86,25,1.5,56,9,9,0,47,1.0,0.16071428571428573,0.16071428571428573
8,clab-nebula-serf86,30,1.5,85,12,9,3,76,0.75,0.10588235294117647,0.10227272727272728
8,clab-nebula-serf86,35,1.5,115,12,12,0,103,1.0,0.10434782608695652,0.10434782608695652
8,clab-nebula-serf86,40,1.5,120,12,12,0,108,1.0,0.1,0.1
8,clab-nebula-serf86,45,1.5,134,30,27,3,107,0.9,0.20149253731343283,0.19708029197080293
8,clab-nebula-serf86,50,1.5,145,153,142,11,3,0.9281045751633987,0.9793103448275862,0.9102564102564102
8,clab-nebula-serf86,55,1.5,155,161,155,6,0,0.9627329192546584,1.0,0.9627329192546584
8,clab-nebula-serf86,60,1.5,160,161,160,1,0,0.9937888198757764,1.0,0.9937888198757764
8,clab-nebula-serf90,5,1.5,2,0,0,0,2,0,0.0,0.0
8,clab-nebula-serf90,10,1.5,9,9,4,5,5,0.4444444444444444,0.4444444444444444,0.2857142857142857
8,clab-nebula-serf90,15,1.5,30,17,17,0,13,1.0,0.5666666666666667,0.5666666666666667
8,clab-nebula-serf90,20,1.5,49,17,17,0,32,1.0,0.3469387755102041,0.3469387755102041
8,clab-nebula-serf90,25,1.5,78,30,22,8,56,0.7333333333333333,0.28205128205128205,0.2558139534883721
8,clab-nebula-serf90,30,1.5,101,103,85,18,16,0.8252427184466019,0.8415841584158416,0.7142857142857143
8,clab-nebula-serf90,35,1.5,119,112,101,11,18,0.9017857142857143,0.8487394957983193,0.7769230769230769
8,clab-nebula-serf90,40,1.5,122,112,103,9,19,0.9196428571428571,0.8442622950819673,0.7862595419847328
8,clab-nebula-serf90,45,1.5,137,115,105,10,32,0.9130434782608695,0.7664233576642335,0.7142857142857143
8,clab-nebula-serf90,50,1.5,154,153,151,2,3,0.9869281045751634,0.9805194805194806,0.967948717948718
8,clab-nebula-serf90,55,1.5,155,153,152,1,3,0.9934640522875817,0.9806451612903225,0.9743589743589743
8,clab-nebula-serf90,60,1.5,159,161,159,2,0,0.9875776397515528,1.0,0.9875776397515528
8,clab-nebula-serf143,5,1.5,0,0,0,0,0,0.0,0.0,0.0
8,clab-nebula-serf143,10,1.5,0,0,0,0,0,0.0,0.0,0.0
8,clab-nebula-serf143,15,1.5,1,0,0,0,1,0,0.0,0.0
8,clab-nebula-serf143,20,1.5,2,5,1,4,1,0.2,0.5,0.16666666666666666
8,clab-nebula-serf143,25,1.5,7,7,7,0,0,1.0,1.0,1.0
8,clab-nebula-serf143,30,1.5,13,26,12,14,1,0.46153846153846156,0.9230769230769231,0.4444444444444444
8,clab-nebula-serf143,35,1.5,32,40,28,12,4,0.7,0.875,0.6363636363636364
8,clab-nebula-serf143,40,1.5,56,40,36,4,20,0.9,0.6428571428571429,0.6
8,clab-nebula-serf143,45,1.5,66,76,54,22,12,0.7105263157894737,0.8181818181818182,0.6136363636363636
8,clab-nebula-serf143,50,1.5,103,137,92,45,11,0.6715328467153284,0.8932038834951457,0.6216216216216216
8,clab-nebula-serf143,55,1.5,130,152,129,23,1,0.8486842105263158,0.9923076923076923,0.8431372549019608
8,clab-nebula-serf143,60,1.5,145,152,144,8,1,0.9473684210526315,0.993103448275862,0.9411764705882353
8,clab-nebula-serf7,5,1.5,1,1,1,0,0,1.0,1.0,1.0
8,clab-nebula-serf7,10,1.5,9,9,6,3,3,0.6666666666666666,0.6666666666666666,0.5
8,clab-nebula-serf7,15,1.5,19,32,19,13,0,0.59375,1.0,0.59375
8,clab-nebula-serf7,20,1.5,33,42,30,12,3,0.7142857142857143,0.9090909090909091,0.6666666666666666
8,clab-nebula-serf7,25,1.5,67,62,45,17,22,0.7258064516129032,0.6716417910447762,0.5357142857142857
8,clab-nebula-serf7,30,1.5,86,62,57,5,29,0.9193548387096774,0.6627906976744186,0.6263736263736264
8,clab-nebula-serf7,35,1.5,99,103,87,16,12,0.8446601941747572,0.8787878787878788,0.7565217391304347
8,clab-nebula-serf7,40,1.5,117,115,100,15,17,0.8695652173913043,0.8547008547008547,0.7575757575757576
8,clab-nebula-serf7,45,1.5,120,115,101,14,19,0.8782608695652174,0.8416666666666667,0.753731343283582
8,clab-nebula-serf7,50,1.5,124,152,121,31,3,0.7960526315789473,0.9758064516129032,0.7806451612903226
8,clab-nebula-serf7,55,1.5,151,152,148,4,3,0.9736842105263158,0.9801324503311258,0.9548387096774194
8,clab-nebula-serf7,60,1.5,156,152,151,1,5,0.993421052631579,0.967948717948718,0.9617834394904459
8,clab-nebula-serf37,5,1.5,2,1,0,1,2,0.0,0.0,0.0
8,clab-nebula-serf37,10,1.5,8,8,3,5,5,0.375,0.375,0.23076923076923078
8,clab-nebula-serf37,15,1.5,29,8,7,1,22,0.875,0.2413793103448276,0.23333333333333334
8,clab-nebula-serf37,20,1.5,65,8,8,0,57,1.0,0.12307692307692308,0.12307692307692308
8,clab-nebula-serf37,25,1.5,85,57,54,3,31,0.9473684210526315,0.6352941176470588,0.6136363636363636
8,clab-nebula-serf37,30,1.5,96,103,83,20,13,0.8058252427184466,0.8645833333333334,0.7155172413793104
8,clab-nebula-serf37,35,1.5,111,112,92,20,19,0.8214285714285714,0.8288288288288288,0.7022900763358778
8,clab-nebula-serf37,40,1.5,121,112,102,10,19,0.9107142857142857,0.8429752066115702,0.7786259541984732
8,clab-nebula-serf37,45,1.5,124,113,104,9,20,0.9203539823008849,0.8387096774193549,0.7819548872180451
8,clab-nebula-serf37,50,1.5,146,152,143,9,3,0.9407894736842105,0.9794520547945206,0.9225806451612903
8,clab-nebula-serf37,55,1.5,154,152,151,1,3,0.993421052631579,0.9805194805194806,0.9741935483870968
8,clab-nebula-serf37,60,1.5,156,152,152,0,4,1.0,0.9743589743589743,0.9743589743589743
8,clab-nebula-serf43,5,1.5,0,0,0,0,0,0.0,0.0,0.0
8,clab-nebula-serf43,10,1.5,5,4,4,0,1,1.0,0.8,0.8
8,clab-nebula-serf43,15,1.5,13,17,11,6,2,0.6470588235294118,0.8461538461538461,0.5789473684210527
8,clab-nebula-serf43,20,1.5,27,18,14,4,13,0.7777777777777778,0.5185185185185185,0.45161290322580644
8,clab-nebula-serf43,25,1.5,52,57,43,14,9,0.7543859649122807,0.8269230769230769,0.6515151515151515
8,clab-nebula-serf43,30,1.5,82,57,54,3,28,0.9473684210526315,0.6585365853658537,0.6352941176470588
8,clab-nebula-serf43,35,1.5,98,103,86,17,12,0.8349514563106796,0.8775510204081632,0.7478260869565218
8,clab-nebula-serf43,40,1.5,119,112,100,12,19,0.8928571428571429,0.8403361344537815,0.7633587786259542
8,clab-nebula-serf43,45,1.5,124,112,104,8,20,0.9285714285714286,0.8387096774193549,0.7878787878787878
8,clab-nebula-serf43,50,1.5,126,115,106,9,20,0.9217391304347826,0.8412698412698413,0.7851851851851852
8,clab-nebula-serf43,55,1.5,154,152,151,1,3,0.993421052631579,0.9805194805194806,0.9741935483870968
8,clab-nebula-serf43,60,1.5,154,152,151,1,3,0.993421052631579,0.9805194805194806,0.9741935483870968
8,clab-nebula-serf58,5,1.5,5,5,3,2,2,0.6,0.6,0.42857142857142855
8,clab-nebula-serf58,10,1.5,19,6,5,1,14,0.8333333333333334,0.2631578947368421,0.25
8,clab-nebula-serf58,15,1.5,57,35,24,11,33,0.6857142857142857,0.42105263157894735,0.35294117647058826
8,clab-nebula-serf58,20,1.5,79,36,33,3,46,0.9166666666666666,0.4177215189873418,0.4024390243902439
8,clab-nebula-serf58,25,1.5,93,57,52,5,41,0.9122807017543859,0.5591397849462365,0.5306122448979592
8,clab-nebula-serf58,30,1.5,118,104,100,4,18,0.9615384615384616,0.847457627118644,0.819672131147541
8,clab-nebula-serf58,35,1.5,122,112,103,9,19,0.9196428571428571,0.8442622950819673,0.7862595419847328
8,clab-nebula-serf58,40,1.5,125,113,104,9,21,0.9203539823008849,0.832,0.7761194029850746
8,clab-nebula-serf58,45,1.5,153,152,150,2,3,0.9868421052631579,0.9803921568627451,0.967741935483871
8,clab-nebula-serf58,50,1.5,154,152,151,1,3,0.993421052631579,0.9805194805194806,0.9741935483870968
8,clab-nebula-serf58,55,1.5,156,152,152,0,4,1.0,0.9743589743589743,0.9743589743589743
8,clab-nebula-serf58,60,1.5,160,161,160,1,0,0.9937888198757764,1.0,0.9937888198757764
8,clab-nebula-serf61,5,1.5,5,5,3,2,2,0.6,0.6,0.42857142857142855
8,clab-nebula-serf61,10,1.5,20,19,13,6,7,0.6842105263157895,0.65,0.5
8,clab-nebula-serf61,15,1.5,61,35,27,8,34,0.7714285714285715,0.4426229508196721,0.391304347826087
8,clab-nebula-serf61,20,1.5,79,36,34,2,45,0.9444444444444444,0.43037974683544306,0.41975308641975306
8,clab-nebula-serf61,25,1.5,93,42,38,4,55,0.9047619047619048,0.40860215053763443,0.3917525773195876
8,clab-nebula-serf61,30,1.5,118,112,100,12,18,0.8928571428571429,0.847457627118644,0.7692307692307693
8,clab-nebula-serf61,35,1.5,121,112,102,10,19,0.9107142857142857,0.8429752066115702,0.7786259541984732
8,clab-nebula-serf61,40,1.5,124,113,104,9,20,0.9203539823008849,0.8387096774193549,0.7819548872180451
8,clab-nebula-serf61,45,1.5,149,152,146,6,3,0.9605263157894737,0.9798657718120806,0.9419354838709677
8,clab-nebula-serf61,50,1.5,154,152,151,1,3,0.993421052631579,0.9805194805194806,0.9741935483870968
8,clab-nebula-serf61,55,1.5,156,152,152,0,4,1.0,0.9743589743589743,0.9743589743589743
8,clab-nebula-serf61,60,1.5,158,153,153,0,5,1.0,0.9683544303797469,0.9683544303797469
8,clab-nebula-serf112,5,1.5,0,0,0,0,0,0.0,0.0,0.0
8,clab-nebula-serf112,10,1.5,0,0,0,0,0,0.0,0.0,0.0
8,clab-nebula-serf112,15,1.5,0,0,0,0,0,0.0,0.0,0.0
8,clab-nebula-serf112,20,1.5,0,0,0,0,0,0.0,0.0,0.0
8,clab-nebula-serf112,25,1.5,5,10,3,7,2,0.3,0.6,0.25
8,clab-nebula-serf112,30,1.5,18,11,8,3,10,0.7272727272727273,0.4444444444444444,0.38095238095238093
8,clab-nebula-serf112,35,1.5,34,59,26,33,8,0.4406779661016949,0.7647058823529411,0.3880597014925373
8,clab-nebula-serf112,40,1.5,64,59,43,16,21,0.7288135593220338,0.671875,0.5375
8,clab-nebula-serf112,45,1.5,103,113,88,25,15,0.7787610619469026,0.8543689320388349,0.6875
8,clab-nebula-serf112,50,1.5,136,152,135,17,1,0.8881578947368421,0.9926470588235294,0.8823529411764706
8,clab-nebula-serf112,55,1.5,148,152,146,6,2,0.9605263157894737,0.9864864864864865,0.948051948051948
8,clab-nebula-serf112,60,1.5,159,161,159,2,0,0.9875776397515528,1.0,0.9875776397515528
8,clab-nebula-serf15,5,1.5,1,0,0,0,1,0,0.0,0.0
8,clab-nebula-serf15,10,1.5,14,18,11,7,3,0.6111111111111112,0.7857142857142857,0.5238095238095238
8,clab-nebula-serf15,15,1.5,32,38,25,13,7,0.6578947368421053,0.78125,0.5555555555555556
8,clab-nebula-serf15,20,1.5,68,62,46,16,22,0.7419354838709677,0.6764705882352942,0.5476190476190477
8,clab-nebula-serf15,25,1.5,88,62,57,5,31,0.9193548387096774,0.6477272727272727,0.6129032258064516
8,clab-nebula-serf15,30,1.5,100,103,88,15,12,0.8543689320388349,0.88,0.7652173913043478
8,clab-nebula-serf15,35,1.5,117,113,100,13,17,0.8849557522123894,0.8547008547008547,0.7692307692307693
8,clab-nebula-serf15,40,1.5,121,113,102,11,19,0.9026548672566371,0.8429752066115702,0.7727272727272727
8,clab-nebula-serf15,45,1.5,124,113,104,9,20,0.9203539823008849,0.8387096774193549,0.7819548872180451
8,clab-nebula-serf15,50,1.5,151,152,148,4,3,0.9736842105263158,0.9801324503311258,0.9548387096774194
8,clab-nebula-serf15,55,1.5,154,152,151,1,3,0.993421052631579,0.9805194805194806,0.9741935483870968
8,clab-nebula-serf15,60,1.5,158,152,152,0,6,1.0,0.9620253164556962,0.9620253164556962
8,clab-nebula-serf16,5,1.5,2,0,0,0,2,0,0.0,0.0
8,clab-nebula-serf16,10,1.5,17,18,13,5,4,0.7222222222222222,0.7647058823529411,0.5909090909090909
8,clab-nebula-serf16,15,1.5,33,38,25,13,8,0.6578947368421053,0.7575757575757576,0.5434782608695652
8,clab-nebula-serf16,20,1.5,69,62,47,15,22,0.7580645161290323,0.6811594202898551,0.5595238095238095
8,clab-nebula-serf16,25,1.5,88,62,57,5,31,0.9193548387096774,0.6477272727272727,0.6129032258064516
8,clab-nebula-serf16,30,1.5,101,112,89,23,12,0.7946428571428571,0.8811881188118812,0.717741935483871
8,clab-nebula-serf16,35,1.5,119,113,101,12,18,0.8938053097345132,0.8487394957983193,0.7709923664122137
8,clab-nebula-serf16,40,1.5,121,114,102,12,19,0.8947368421052632,0.8429752066115702,0.7669172932330827
8,clab-nebula-serf16,45,1.5,126,115,105,10,21,0.9130434782608695,0.8333333333333334,0.7720588235294118
8,clab-nebula-serf16,50,1.5,151,152,148,4,3,0.9736842105263158,0.9801324503311258,0.9548387096774194
8,clab-nebula-serf16,55,1.5,155,152,151,1,4,0.993421052631579,0.9741935483870968,0.967948717948718
8,clab-nebula-serf16,60,1.5,158,152,152,0,6,1.0,0.9620253164556962,0.9620253164556962
8,clab-nebula-serf77,5,1.5,3,0,0,0,3,0,0.0,0.0
8,clab-nebula-serf77,10,1.5,24,17,16,1,8,0.9411764705882353,0.6666666666666666,0.64
8,clab-nebula-serf77,15,1.5,38,17,17,0,21,1.0,0.4473684210526316,0.4473684210526316
8,clab-nebula-serf77,20,1.5,67,30,19,11,48,0.6333333333333333,0.2835820895522388,0.24358974358974358
8,clab-nebula-serf77,25,1.5,90,37,26,11,64,0.7027027027027027,0.28888888888888886,0.25742574257425743
8,clab-nebula-serf77,30,1.5,113,112,96,16,17,0.8571428571428571,0.8495575221238938,0.7441860465116279
8,clab-nebula-serf77,35,1.5,121,113,103,10,18,0.911504424778761,0.8512396694214877,0.7862595419847328
8,clab-nebula-serf77,40,1.5,125,115,104,11,21,0.9043478260869565,0.832,0.7647058823529411
8,clab-nebula-serf77,45,1.5,151,153,148,5,3,0.9673202614379085,0.9801324503311258,0.9487179487179487
8,clab-nebula-serf77,50,1.5,154,153,151,2,3,0.9869281045751634,0.9805194805194806,0.967948717948718
8,clab-nebula-serf77,55,1.5,158,153,153,0,5,1.0,0.9683544303797469,0.9683544303797469
8,clab-nebula-serf77,60,1.5,161,161,161,0,0,1.0,1.0,1.0
8,clab-nebula-serf121,5,1.5,0,0,0,0,0,0.0,0.0,0.0
8,clab-nebula-serf121,10,1.5,1,0,0,0,1,0,0.0,0.0
8,clab-nebula-serf121,15,1.5,8,2,2,0,6,1.0,0.25,0.25
8,clab-nebula-serf121,20,1.5,15,2,2,0,13,1.0,0.13333333333333333,0.13333333333333333
8,clab-nebula-serf121,25,1.5,32,23,6,17,26,0.2608695652173913,0.1875,0.12244897959183673
8,clab-nebula-serf121,30,1.5,81,30,20,10,61,0.6666666666666666,0.24691358024691357,0.21978021978021978
8,clab-nebula-serf121,35,1.5,121,152,120,32,1,0.7894736842105263,0.9917355371900827,0.7843137254901961
8,clab-nebula-serf121,40,1.5,138,152,137,15,1,0.9013157894736842,0.9927536231884058,0.8954248366013072
8,clab-nebula-serf121,45,1.5,148,152,145,7,3,0.9539473684210527,0.9797297297297297,0.9354838709677419
8,clab-nebula-serf121,50,1.5,160,152,152,0,8,1.0,0.95,0.95
8,clab-nebula-serf121,55,1.5,161,152,152,0,9,1.0,0.9440993788819876,0.9440993788819876
8,clab-nebula-serf121,60,1.5,161,152,152,0,9,1.0,0.9440993788819876,0.9440993788819876
8,clab-nebula-serf140,5,1.5,0,0,0,0,0,0.0,0.0,0.0
8,clab-nebula-serf140,10,1.5,0,0,0,0,0,0.0,0.0,0.0
8,clab-nebula-serf140,15,1.5,0,0,0,0,0,0.0,0.0,0.0
8,clab-nebula-serf140,20,1.5,13,14,13,1,0,0.9285714285714286,1.0,0.9285714285714286
8,clab-nebula-serf140,25,1.5,14,14,14,0,0,1.0,1.0,1.0
8,clab-nebula-serf140,30,1.5,25,40,24,16,1,0.6,0.96,0.5853658536585366
8,clab-nebula-serf140,35,1.5,39,40,29,11,10,0.725,0.7435897435897436,0.58
8,clab-nebula-serf140,40,1.5,52,40,37,3,15,0.925,0.7115384615384616,0.6727272727272727
8,clab-nebula-serf140,45,1.5,82,79,67,12,15,0.8481012658227848,0.8170731707317073,0.7127659574468085
8,clab-nebula-serf140,50,1.5,108,137,97,40,11,0.708029197080292,0.8981481481481481,0.6554054054054054
8,clab-nebula-serf140,55,1.5,136,152,135,17,1,0.8881578947368421,0.9926470588235294,0.8823529411764706
8,clab-nebula-serf140,60,1.5,145,152,144,8,1,0.9473684210526315,0.993103448275862,0.9411764705882353
8,clab-nebula-serf148,5,1.5,0,0,0,0,0,0.0,0.0,0.0
8,clab-nebula-serf148,10,1.5,0,0,0,0,0,0.0,0.0,0.0
8,clab-nebula-serf148,15,1.5,0,0,0,0,0,0.0,0.0,0.0
8,clab-nebula-serf148,20,1.5,6,0,0,0,6,0,0.0,0.0
8,clab-nebula-serf148,25,1.5,12,9,9,0,3,1.0,0.75,0.75
8,clab-nebula-serf148,30,1.5,22,9,9,0,13,1.0,0.4090909090909091,0.4090909090909091
8,clab-nebula-serf148,35,1.5,38,9,9,0,29,1.0,0.23684210526315788,0.23684210526315788
8,clab-nebula-serf148,40,1.5,52,9,9,0,43,1.0,0.17307692307692307,0.17307692307692307
8,clab-nebula-serf148,45,1.5,68,11,9,2,59,0.8181818181818182,0.1323529411764706,0.12857142857142856
8,clab-nebula-serf148,50,1.5,103,11,9,2,94,0.8181818181818182,0.08737864077669903,0.08571428571428572
8,clab-nebula-serf148,55,1.5,133,152,132,20,1,0.868421052631579,0.9924812030075187,0.8627450980392157
8,clab-nebula-serf148,60,1.5,148,152,145,7,3,0.9539473684210527,0.9797297297297297,0.9354838709677419
8,clab-nebula-serf154,5,1.5,0,0,0,0,0,0.0,0.0,0.0
8,clab-nebula-serf154,10,1.5,0,0,0,0,0,0.0,0.0,0.0
8,clab-nebula-serf154,15,1.5,1,0,0,0,1,0,0.0,0.0
8,clab-nebula-serf154,20,1.5,9,9,6,3,3,0.6666666666666666,0.6666666666666666,0.5
8,clab-nebula-serf154,25,1.5,12,9,9,0,3,1.0,0.75,0.75
8,clab-nebula-serf154,30,1.5,23,9,9,0,14,1.0,0.391304347826087,0.391304347826087
8,clab-nebula-serf154,35,1.5,42,9,9,0,33,1.0,0.21428571428571427,0.21428571428571427
8,clab-nebula-serf154,40,1.5,55,9,9,0,46,1.0,0.16363636363636364,0.16363636363636364
8,clab-nebula-serf154,45,1.5,79,11,9,2,70,0.8181818181818182,0.11392405063291139,0.1111111111111111
8,clab-nebula-serf154,50,1.5,113,12,11,1,102,0.9166666666666666,0.09734513274336283,0.09649122807017543
8,clab-nebula-serf154,55,1.5,137,152,136,16,1,0.8947368421052632,0.9927007299270073,0.8888888888888888
8,clab-nebula-serf154,60,1.5,147,152,145,7,2,0.9539473684210527,0.9863945578231292,0.9415584415584416
8,clab-nebula-serf156,5,1.5,0,0,0,0,0,0.0,0.0,0.0
8,clab-nebula-serf156,10,1.5,0,0,0,0,0,0.0,0.0,0.0
8,clab-nebula-serf156,15,1.5,4,9,1,8,3,0.1111111111111111,0.25,0.08333333333333333
8,clab-nebula-serf156,20,1.5,12,9,9,0,3,1.0,0.75,0.75
8,clab-nebula-serf156,25,1.5,18,9,9,0,9,1.0,0.5,0.5
8,clab-nebula-serf156,30,1.5,33,9,9,0,24,1.0,0.2727272727272727,0.2727272727272727
8,clab-nebula-serf156,35,1.5,49,9,9,0,40,1.0,0.1836734693877551,0.1836734693877551
8,clab-nebula-serf156,40,1.5,61,11,9,2,52,0.8181818181818182,0.14754098360655737,0.14285714285714285
8,clab-nebula-serf156,45,1.5,99,11,9,2,90,0.8181818181818182,0.09090909090909091,0.0891089108910891
8,clab-nebula-serf156,50,1.5,130,12,11,1,119,0.9166666666666666,0.08461538461538462,0.08396946564885496
8,clab-nebula-serf156,55,1.5,145,152,144,8,1,0.9473684210526315,0.993103448275862,0.9411764705882353
8,clab-nebula-serf156,60,1.5,154,152,150,2,4,0.9868421052631579,0.974025974025974,0.9615384615384616
8,clab-nebula-serf23,5,1.5,0,0,0,0,0,0.0,0.0,0.0
8,clab-nebula-serf23,10,1.5,0,0,0,0,0,0.0,0.0,0.0
8,clab-nebula-serf23,15,1.5,4,6,4,2,0,0.6666666666666666,1.0,0.6666666666666666
8,clab-nebula-serf23,20,1.5,11,17,9,8,2,0.5294117647058824,0.8181818181818182,0.47368421052631576
8,clab-nebula-serf23,25,1.5,22,17,15,2,7,0.8823529411764706,0.6818181818181818,0.625
8,clab-nebula-serf23,30,1.5,39,28,26,2,13,0.9285714285714286,0.6666666666666666,0.6341463414634146
8,clab-nebula-serf23,35,1.5,75,57,52,5,23,0.9122807017543859,0.6933333333333334,0.65
8,clab-nebula-serf23,40,1.5,91,103,79,24,12,0.7669902912621359,0.8681318681318682,0.6869565217391305
8,clab-nebula-serf23,45,1.5,99,103,86,17,13,0.8349514563106796,0.8686868686868687,0.7413793103448276
8,clab-nebula-serf23,50,1.5,117,112,98,14,19,0.875,0.8376068376068376,0.7480916030534351
8,clab-nebula-serf23,55,1.5,122,112,102,10,20,0.9107142857142857,0.8360655737704918,0.7727272727272727
8,clab-nebula-serf23,60,1.5,124,112,104,8,20,0.9285714285714286,0.8387096774193549,0.7878787878787878
8,clab-nebula-serf39,5,1.5,2,0,0,0,2,0,0.0,0.0
8,clab-nebula-serf39,10,1.5,15,0,0,0,15,0,0.0,0.0
8,clab-nebula-serf39,15,1.5,53,0,0,0,53,0,0.0,0.0
8,clab-nebula-serf39,20,1.5,81,0,0,0,81,0,0.0,0.0
8,clab-nebula-serf39,25,1.5,90,0,0,0,90,0,0.0,0.0
8,clab-nebula-serf39,30,1.5,106,3,2,1,104,0.6666666666666666,0.018867924528301886,0.018691588785046728
8,clab-nebula-serf39,35,1.5,119,3,2,1,117,0.6666666666666666,0.01680672268907563,0.016666666666666666
8,clab-nebula-serf39,40,1.5,124,3,2,1,122,0.6666666666666666,0.016129032258064516,0.016
8,clab-nebula-serf39,45,1.5,138,3,2,1,136,0.6666666666666666,0.014492753623188406,0.014388489208633094
8,clab-nebula-serf39,50,1.5,154,4,2,2,152,0.5,0.012987012987012988,0.01282051282051282
8,clab-nebula-serf39,55,1.5,155,5,3,2,152,0.6,0.01935483870967742,0.01910828025477707
8,clab-nebula-serf39,60,1.5,158,161,158,3,0,0.9813664596273292,1.0,0.9813664596273292
8,clab-nebula-serf62,5,1.5,0,0,0,0,0,0.0,0.0,0.0
8,clab-nebula-serf62,10,1.5,4,5,3,2,1,0.6,0.75,0.5
8,clab-nebula-serf62,15,1.5,13,6,4,2,9,0.6666666666666666,0.3076923076923077,0.26666666666666666
8,clab-nebula-serf62,20,1.5,48,35,23,12,25,0.6571428571428571,0.4791666666666667,0.38333333333333336
8,clab-nebula-serf62,25,1.5,73,56,46,10,27,0.8214285714285714,0.6301369863013698,0.5542168674698795
8,clab-nebula-serf62,30,1.5,88,37,34,3,54,0.918918918918919,0.38636363636363635,0.37362637362637363
8,clab-nebula-serf62,35,1.5,110,104,93,11,17,0.8942307692307693,0.8454545454545455,0.768595041322314
8,clab-nebula-serf62,40,1.5,120,112,102,10,18,0.9107142857142857,0.85,0.7846153846153846
8,clab-nebula-serf62,45,1.5,124,113,104,9,20,0.9203539823008849,0.8387096774193549,0.7819548872180451
8,clab-nebula-serf62,50,1.5,144,152,141,11,3,0.9276315789473685,0.9791666666666666,0.9096774193548387
8,clab-nebula-serf62,55,1.5,154,152,151,1,3,0.993421052631579,0.9805194805194806,0.9741935483870968
8,clab-nebula-serf62,60,1.5,154,152,151,1,3,0.993421052631579,0.9805194805194806,0.9741935483870968
8,clab-nebula-serf107,5,1.5,0,0,0,0,0,0.0,0.0,0.0
8,clab-nebula-serf107,10,1.5,2,0,0,0,2,0,0.0,0.0
8,clab-nebula-serf107,15,1.5,6,0,0,0,6,0,0.0,0.0
8,clab-nebula-serf107,20,1.5,15,11,10,1,5,0.9090909090909091,0.6666666666666666,0.625
8,clab-nebula-serf107,25,1.5,40,37,27,10,13,0.7297297297297297,0.675,0.54
8,clab-nebula-serf107,30,1.5,71,59,44,15,27,0.7457627118644068,0.6197183098591549,0.5116279069767442
8,clab-nebula-serf107,35,1.5,104,98,82,16,22,0.8367346938775511,0.7884615384615384,0.6833333333333333
8,clab-nebula-serf107,40,1.5,144,152,143,9,1,0.9407894736842105,0.9930555555555556,0.934640522875817
8,clab-nebula-serf107,45,1.5,149,152,148,4,1,0.9736842105263158,0.9932885906040269,0.9673202614379085
8,clab-nebula-serf107,50,1.5,154,152,152,0,2,1.0,0.987012987012987,0.987012987012987
8,clab-nebula-serf107,55,1.5,157,152,152,0,5,1.0,0.9681528662420382,0.9681528662420382
8,clab-nebula-serf107,60,1.5,161,152,152,0,9,1.0,0.9440993788819876,0.9440993788819876
8,clab-nebula-serf115,5,1.5,0,0,0,0,0,0.0,0.0,0.0
8,clab-nebula-serf115,10,1.5,0,0,0,0,0,0.0,0.0,0.0
8,clab-nebula-serf115,15,1.5,0,0,0,0,0,0.0,0.0,0.0
8,clab-nebula-serf115,20,1.5,0,0,0,0,0,0.0,0.0,0.0
8,clab-nebula-serf115,25,1.5,0,0,0,0,0,0.0,0.0,0.0
8,clab-nebula-serf115,30,1.5,0,0,0,0,0,0.0,0.0,0.0
8,clab-nebula-serf115,35,1.5,1,1,1,0,0,1.0,1.0,1.0
8,clab-nebula-serf115,40,1.5,3,1,1,0,2,1.0,0.3333333333333333,0.3333333333333333
8,clab-nebula-serf115,45,1.5,6,1,1,0,5,1.0,0.16666666666666666,0.16666666666666666
8,clab-nebula-serf115,50,1.5,23,1,1,0,22,1.0,0.043478260869565216,0.043478260869565216
8,clab-nebula-serf115,55,1.5,57,2,2,0,55,1.0,0.03508771929824561,0.03508771929824561
8,clab-nebula-serf115,60,1.5,103,7,5,2,98,0.7142857142857143,0.04854368932038835,0.047619047619047616
8,clab-nebula-serf151,5,1.5,0,0,0,0,0,0.0,0.0,0.0
8,clab-nebula-serf151,10,1.5,0,0,0,0,0,0.0,0.0,0.0
8,clab-nebula-serf151,15,1.5,1,3,0,3,1,0.0,0.0,0.0
8,clab-nebula-serf151,20,1.5,11,9,8,1,3,0.8888888888888888,0.7272727272727273,0.6666666666666666
8,clab-nebula-serf151,25,1.5,13,9,9,0,4,1.0,0.6923076923076923,0.6923076923076923
8,clab-nebula-serf151,30,1.5,23,9,9,0,14,1.0,0.391304347826087,0.391304347826087
8,clab-nebula-serf151,35,1.5,43,9,9,0,34,1.0,0.20930232558139536,0.20930232558139536
8,clab-nebula-serf151,40,1.5,55,9,9,0,46,1.0,0.16363636363636364,0.16363636363636364
8,clab-nebula-serf151,45,1.5,81,11,9,2,72,0.8181818181818182,0.1111111111111111,0.10843373493975904
8,clab-nebula-serf151,50,1.5,114,12,11,1,103,0.9166666666666666,0.09649122807017543,0.09565217391304348
8,clab-nebula-serf151,55,1.5,137,152,136,16,1,0.8947368421052632,0.9927007299270073,0.8888888888888888
8,clab-nebula-serf151,60,1.5,148,152,145,7,3,0.9539473684210527,0.9797297297297297,0.9354838709677419
8,clab-nebula-serf158,5,1.5,4,1,1,0,3,1.0,0.25,0.25
8,clab-nebula-serf158,10,1.5,4,1,1,0,3,1.0,0.25,0.25
8,clab-nebula-serf158,15,1.5,5,5,5,0,0,1.0,1.0,1.0
8,clab-nebula-serf158,20,1.5,8,13,8,5,0,0.6153846153846154,1.0,0.6153846153846154
8,clab-nebula-serf158,25,1.5,16,26,12,14,4,0.46153846153846156,0.75,0.4
8,clab-nebula-serf158,30,1.5,34,26,24,2,10,0.9230769230769231,0.7058823529411765,0.6666666666666666
8,clab-nebula-serf158,35,1.5,40,40,30,10,10,0.75,0.75,0.6
8,clab-nebula-serf158,40,1.5,52,40,36,4,16,0.9,0.6923076923076923,0.6428571428571429
8,clab-nebula-serf158,45,1.5,68,79,55,24,13,0.6962025316455697,0.8088235294117647,0.5978260869565217
8,clab-nebula-serf158,50,1.5,103,98,76,22,27,0.7755102040816326,0.7378640776699029,0.608
8,clab-nebula-serf158,55,1.5,136,152,135,17,1,0.8881578947368421,0.9926470588235294,0.8823529411764706
8,clab-nebula-serf158,60,1.5,148,152,147,5,1,0.9671052631578947,0.9932432432432432,0.9607843137254902
8,clab-nebula-serf28,5,1.5,0,0,0,0,0,0.0,0.0,0.0
8,clab-nebula-serf28,10,1.5,1,0,0,0,1,0,0.0,0.0
8,clab-nebula-serf28,15,1.5,2,1,0,1,2,0.0,0.0,0.0
8,clab-nebula-serf28,20,1.5,4,1,1,0,3,1.0,0.25,0.25
8,clab-nebula-serf28,25,1.5,7,2,1,1,6,0.5,0.14285714285714285,0.125
8,clab-nebula-serf28,30,1.5,19,2,2,0,17,1.0,0.10526315789473684,0.10526315789473684
8,clab-nebula-serf28,35,1.5,29,2,2,0,27,1.0,0.06896551724137931,0.06896551724137931
8,clab-nebula-serf28,40,1.5,61,2,2,0,59,1.0,0.03278688524590164,0.03278688524590164
8,clab-nebula-serf28,45,1.5,91,2,2,0,89,1.0,0.02197802197802198,0.02197802197802198
8,clab-nebula-serf28,50,1.5,95,3,2,1,93,0.6666666666666666,0.021052631578947368,0.020833333333333332
8,clab-nebula-serf28,55,1.5,111,7,2,5,109,0.2857142857142857,0.018018018018018018,0.017241379310344827
8,clab-nebula-serf28,60,1.5,121,7,2,5,119,0.2857142857142857,0.01652892561983471,0.015873015873015872
8,clab-nebula-serf29,5,1.5,0,0,0,0,0,0.0,0.0,0.0
8,clab-nebula-serf29,10,1.5,2,0,0,0,2,0,0.0,0.0
8,clab-nebula-serf29,15,1.5,6,0,0,0,6,0,0.0,0.0
8,clab-nebula-serf29,20,1.5,14,2,2,0,12,1.0,0.14285714285714285,0.14285714285714285
8,clab-nebula-serf29,25,1.5,23,2,2,0,21,1.0,0.08695652173913043,0.08695652173913043
8,clab-nebula-serf29,30,1.5,39,2,2,0,37,1.0,0.05128205128205128,0.05128205128205128
8,clab-nebula-serf29,35,1.5,79,2,2,0,77,1.0,0.02531645569620253,0.02531645569620253
8,clab-nebula-serf29,40,1.5,92,2,2,0,90,1.0,0.021739130434782608,0.021739130434782608
8,clab-nebula-serf29,45,1.5,98,2,2,0,96,1.0,0.02040816326530612,0.02040816326530612
8,clab-nebula-serf29,50,1.5,115,4,2,2,113,0.5,0.017391304347826087,0.017094017094017096
8,clab-nebula-serf29,55,1.5,122,4,2,2,120,0.5,0.01639344262295082,0.016129032258064516
8,clab-nebula-serf29,60,1.5,125,4,2,2,123,0.5,0.016,0.015748031496062992
10,clab-nebula-serf130,5,1.5,0,0,0,0,0,0.0,0.0,0.0
10,clab-nebula-serf130,10,1.5,0,0,0,0,0,0.0,0.0,0.0
10,clab-nebula-serf130,15,1.5,0,0,0,0,0,0.0,0.0,0.0
10,clab-nebula-serf130,20,1.5,13,14,13,1,0,0.9285714285714286,1.0,0.9285714285714286
10,clab-nebula-serf130,25,1.5,14,14,14,0,0,1.0,1.0,1.0
10,clab-nebula-serf130,30,1.5,24,40,23,17,1,0.575,0.9583333333333334,0.5609756097560976
10,clab-nebula-serf130,35,1.5,41,40,31,9,10,0.775,0.7560975609756098,0.62
10,clab-nebula-serf130,40,1.5,53,40,38,2,15,0.95,0.7169811320754716,0.6909090909090909
10,clab-nebula-serf130,45,1.5,84,79,69,10,15,0.8734177215189873,0.8214285714285714,0.7340425531914894
10,clab-nebula-serf130,50,1.5,111,137,100,37,11,0.7299270072992701,0.9009009009009009,0.6756756756756757
10,clab-nebula-serf130,55,1.5,136,152,135,17,1,0.8881578947368421,0.9926470588235294,0.8823529411764706
10,clab-nebula-serf130,60,1.5,146,152,145,7,1,0.9539473684210527,0.9931506849315068,0.9477124183006536
10,clab-nebula-serf161,5,1.5,4,1,1,0,3,1.0,0.25,0.25
10,clab-nebula-serf161,10,1.5,4,1,1,0,3,1.0,0.25,0.25
10,clab-nebula-serf161,15,1.5,5,5,5,0,0,1.0,1.0,1.0
10,clab-nebula-serf161,20,1.5,10,25,9,16,1,0.36,0.9,0.34615384615384615
10,clab-nebula-serf161,25,1.5,22,26,16,10,6,0.6153846153846154,0.7272727272727273,0.5
10,clab-nebula-serf161,30,1.5,36,40,26,14,10,0.65,0.7222222222222222,0.52
10,clab-nebula-serf161,35,1.5,42,40,32,8,10,0.8,0.7619047619047619,0.64
10,clab-nebula-serf161,40,1.5,58,40,38,2,20,0.95,0.6551724137931034,0.6333333333333333
10,clab-nebula-serf161,45,1.5,79,77,62,15,17,0.8051948051948052,0.7848101265822784,0.6595744680851063
10,clab-nebula-serf161,50,1.5,117,98,82,16,35,0.8367346938775511,0.7008547008547008,0.6165413533834586
10,clab-nebula-serf161,55,1.5,139,152,138,14,1,0.9078947368421053,0.9928057553956835,0.9019607843137255
10,clab-nebula-serf161,60,1.5,149,152,148,4,1,0.9736842105263158,0.9932885906040269,0.9673202614379085
10,clab-nebula-serf32,5,1.5,3,9,3,6,0,0.3333333333333333,1.0,0.3333333333333333
10,clab-nebula-serf32,10,1.5,19,17,13,4,6,0.7647058823529411,0.6842105263157895,0.5652173913043478
10,clab-nebula-serf32,15,1.5,32,49,29,20,3,0.5918367346938775,0.90625,0.5576923076923077
10,clab-nebula-serf32,20,1.5,59,57,47,10,12,0.8245614035087719,0.7966101694915254,0.6811594202898551
10,clab-nebula-serf32,25,1.5,88,62,58,4,30,0.9354838709677419,0.6590909090909091,0.6304347826086957
10,clab-nebula-serf32,30,1.5,95,102,81,21,14,0.7941176470588235,0.8526315789473684,0.6982758620689655
10,clab-nebula-serf32,35,1.5,108,111,90,21,18,0.8108108108108109,0.8333333333333334,0.6976744186046512
10,clab-nebula-serf32,40,1.5,121,111,101,10,20,0.9099099099099099,0.8347107438016529,0.7709923664122137
10,clab-nebula-serf32,45,1.5,124,112,103,9,21,0.9196428571428571,0.8306451612903226,0.7744360902255639
10,clab-nebula-serf32,50,1.5,137,152,134,18,3,0.881578947368421,0.9781021897810219,0.864516129032258
10,clab-nebula-serf32,55,1.5,154,152,151,1,3,0.993421052631579,0.9805194805194806,0.9741935483870968
10,clab-nebula-serf32,60,1.5,155,152,151,1,4,0.993421052631579,0.9741935483870968,0.967948717948718
10,clab-nebula-serf63,5,1.5,0,0,0,0,0,0.0,0.0,0.0
10,clab-nebula-serf63,10,1.5,0,0,0,0,0,0.0,0.0,0.0
10,clab-nebula-serf63,15,1.5,6,5,4,1,2,0.8,0.6666666666666666,0.5714285714285714
10,clab-nebula-serf63,20,1.5,32,19,16,3,16,0.8421052631578947,0.5,0.45714285714285713
10,clab-nebula-serf63,25,1.5,64,35,29,6,35,0.8285714285714286,0.453125,0.4142857142857143
10,clab-nebula-serf63,30,1.5,84,36,34,2,50,0.9444444444444444,0.40476190476190477,0.3953488372093023
10,clab-nebula-serf63,35,1.5,103,103,87,16,16,0.8446601941747572,0.8446601941747572,0.7310924369747899
10,clab-nebula-serf63,40,1.5,119,111,100,11,19,0.9009009009009009,0.8403361344537815,0.7692307692307693
10,clab-nebula-serf63,45,1.5,124,112,103,9,21,0.9196428571428571,0.8306451612903226,0.7744360902255639
10,clab-nebula-serf63,50,1.5,128,115,105,10,23,0.9130434782608695,0.8203125,0.7608695652173914
10,clab-nebula-serf63,55,1.5,154,152,151,1,3,0.993421052631579,0.9805194805194806,0.9741935483870968
10,clab-nebula-serf63,60,1.5,154,152,151,1,3,0.993421052631579,0.9805194805194806,0.9741935483870968
10,clab-nebula-serf45,5,1.5,2,0,0,0,2,0,0.0,0.0
10,clab-nebula-serf45,10,1.5,8,13,8,5,0,0.6153846153846154,1.0,0.6153846153846154
10,clab-nebula-serf45,15,1.5,22,18,12,6,10,0.6666666666666666,0.5454545454545454,0.42857142857142855
10,clab-nebula-serf45,20,1.5,40,18,16,2,24,0.8888888888888888,0.4,0.38095238095238093
10,clab-nebula-serf45,25,1.5,80,57,53,4,27,0.9298245614035088,0.6625,0.6309523809523809
10,clab-nebula-serf45,30,1.5,90,58,55,3,35,0.9482758620689655,0.6111111111111112,0.5913978494623656
10,clab-nebula-serf45,35,1.5,118,111,98,13,20,0.8828828828828829,0.8305084745762712,0.7480916030534351
10,clab-nebula-serf45,40,1.5,121,111,101,10,20,0.9099099099099099,0.8347107438016529,0.7709923664122137
10,clab-nebula-serf45,45,1.5,124,112,103,9,21,0.9196428571428571,0.8306451612903226,0.7744360902255639
10,clab-nebula-serf45,50,1.5,145,152,142,10,3,0.9342105263157895,0.9793103448275862,0.9161290322580645
10,clab-nebula-serf45,55,1.5,154,152,151,1,3,0.993421052631579,0.9805194805194806,0.9741935483870968
10,clab-nebula-serf45,60,1.5,155,152,152,0,3,1.0,0.9806451612903225,0.9806451612903225
10,clab-nebula-serf49,5,1.5,4,7,4,3,0,0.5714285714285714,1.0,0.5714285714285714
10,clab-nebula-serf49,10,1.5,14,17,11,6,3,0.6470588235294118,0.7857142857142857,0.55
10,clab-nebula-serf49,15,1.5,30,18,15,3,15,0.8333333333333334,0.5,0.45454545454545453
10,clab-nebula-serf49,20,1.5,67,57,50,7,17,0.8771929824561403,0.746268656716418,0.6756756756756757
10,clab-nebula-serf49,25,1.5,84,59,55,4,29,0.9322033898305084,0.6547619047619048,0.625
10,clab-nebula-serf49,30,1.5,106,111,90,21,16,0.8108108108108109,0.8490566037735849,0.7086614173228346
10,clab-nebula-serf49,35,1.5,121,111,101,10,20,0.9099099099099099,0.8347107438016529,0.7709923664122137
10,clab-nebula-serf49,40,1.5,124,111,103,8,21,0.9279279279279279,0.8306451612903226,0.7803030303030303
10,clab-nebula-serf49,45,1.5,135,152,132,20,3,0.868421052631579,0.9777777777777777,0.8516129032258064
10,clab-nebula-serf49,50,1.5,154,152,151,1,3,0.993421052631579,0.9805194805194806,0.9741935483870968
10,clab-nebula-serf49,55,1.5,154,152,151,1,3,0.993421052631579,0.9805194805194806,0.9741935483870968
10,clab-nebula-serf49,60,1.5,157,152,152,0,5,1.0,0.9681528662420382,0.9681528662420382
10,clab-nebula-serf83,5,1.5,0,0,0,0,0,0.0,0.0,0.0
10,clab-nebula-serf83,10,1.5,3,1,1,0,2,1.0,0.3333333333333333,0.3333333333333333
10,clab-nebula-serf83,15,1.5,14,10,9,1,5,0.9,0.6428571428571429,0.6
10,clab-nebula-serf83,20,1.5,33,10,10,0,23,1.0,0.30303030303030304,0.30303030303030304
10,clab-nebula-serf83,25,1.5,50,10,10,0,40,1.0,0.2,0.2
10,clab-nebula-serf83,30,1.5,79,13,10,3,69,0.7692307692307693,0.12658227848101267,0.12195121951219512
10,clab-nebula-serf83,35,1.5,109,13,13,0,96,1.0,0.11926605504587157,0.11926605504587157
10,clab-nebula-serf83,40,1.5,119,14,13,1,106,0.9285714285714286,0.1092436974789916,0.10833333333333334
10,clab-nebula-serf83,45,1.5,128,28,21,7,107,0.75,0.1640625,0.15555555555555556
10,clab-nebula-serf83,50,1.5,140,153,137,16,3,0.8954248366013072,0.9785714285714285,0.8782051282051282
10,clab-nebula-serf83,55,1.5,154,153,151,2,3,0.9869281045751634,0.9805194805194806,0.967948717948718
10,clab-nebula-serf83,60,1.5,156,161,156,5,0,0.968944099378882,1.0,0.968944099378882
10,clab-nebula-serf91,5,1.5,3,1,1,0,2,1.0,0.3333333333333333,0.3333333333333333
10,clab-nebula-serf91,10,1.5,17,8,6,2,11,0.75,0.35294117647058826,0.3157894736842105
10,clab-nebula-serf91,15,1.5,36,10,10,0,26,1.0,0.2777777777777778,0.2777777777777778
10,clab-nebula-serf91,20,1.5,56,13,10,3,46,0.7692307692307693,0.17857142857142858,0.1694915254237288
10,clab-nebula-serf91,25,1.5,81,13,10,3,71,0.7692307692307693,0.12345679012345678,0.11904761904761904
10,clab-nebula-serf91,30,1.5,112,13,13,0,99,1.0,0.11607142857142858,0.11607142857142858
10,clab-nebula-serf91,35,1.5,119,13,13,0,106,1.0,0.1092436974789916,0.1092436974789916
10,clab-nebula-serf91,40,1.5,129,35,22,13,107,0.6285714285714286,0.17054263565891473,0.15492957746478872
10,clab-nebula-serf91,45,1.5,146,152,143,9,3,0.9407894736842105,0.9794520547945206,0.9225806451612903
10,clab-nebula-serf91,50,1.5,154,153,151,2,3,0.9869281045751634,0.9805194805194806,0.967948717948718
10,clab-nebula-serf91,55,1.5,157,161,157,4,0,0.9751552795031055,1.0,0.9751552795031055
10,clab-nebula-serf91,60,1.5,161,161,161,0,0,1.0,1.0,1.0
10,clab-nebula-serf136,5,1.5,0,0,0,0,0,0.0,0.0,0.0
10,clab-nebula-serf136,10,1.5,0,0,0,0,0,0.0,0.0,0.0
10,clab-nebula-serf136,15,1.5,2,3,2,1,0,0.6666666666666666,1.0,0.6666666666666666
10,clab-nebula-serf136,20,1.5,14,14,14,0,0,1.0,1.0,1.0
10,clab-nebula-serf136,25,1.5,18,39,18,21,0,0.46153846153846156,1.0,0.46153846153846156
10,clab-nebula-serf136,30,1.5,28,40,26,14,2,0.65,0.9285714285714286,0.6190476190476191
10,clab-nebula-serf136,35,1.5,45,40,35,5,10,0.875,0.7777777777777778,0.7
10,clab-nebula-serf136,40,1.5,66,79,56,23,10,0.7088607594936709,0.8484848484848485,0.6292134831460674
10,clab-nebula-serf136,45,1.5,95,84,76,8,19,0.9047619047619048,0.8,0.7378640776699029
10,clab-nebula-serf136,50,1.5,124,138,111,27,13,0.8043478260869565,0.8951612903225806,0.7350993377483444
10,clab-nebula-serf136,55,1.5,137,152,136,16,1,0.8947368421052632,0.9927007299270073,0.8888888888888888
10,clab-nebula-serf136,60,1.5,149,152,148,4,1,0.9736842105263158,0.9932885906040269,0.9673202614379085
10,clab-nebula-serf146,5,1.5,0,0,0,0,0,0.0,0.0,0.0
10,clab-nebula-serf146,10,1.5,0,0,0,0,0,0.0,0.0,0.0
10,clab-nebula-serf146,15,1.5,1,0,0,0,1,0,0.0,0.0
10,clab-nebula-serf146,20,1.5,5,7,5,2,0,0.7142857142857143,1.0,0.7142857142857143
10,clab-nebula-serf146,25,1.5,8,23,8,15,0,0.34782608695652173,1.0,0.34782608695652173
10,clab-nebula-serf146,30,1.5,16,40,15,25,1,0.375,0.9375,0.36585365853658536
10,clab-nebula-serf146,35,1.5,44,40,31,9,13,0.775,0.7045454545454546,0.5849056603773585
10,clab-nebula-serf146,40,1.5,58,40,38,2,20,0.95,0.6551724137931034,0.6333333333333333
10,clab-nebula-serf146,45,1.5,78,82,62,20,16,0.7560975609756098,0.7948717948717948,0.6326530612244898
10,clab-nebula-serf146,50,1.5,114,152,113,39,1,0.743421052631579,0.9912280701754386,0.738562091503268
10,clab-nebula-serf146,55,1.5,137,152,136,16,1,0.8947368421052632,0.9927007299270073,0.8888888888888888
10,clab-nebula-serf146,60,1.5,146,152,145,7,1,0.9539473684210527,0.9931506849315068,0.9477124183006536
10,clab-nebula-serf12,5,1.5,0,0,0,0,0,0.0,0.0,0.0
10,clab-nebula-serf12,10,1.5,5,4,4,0,1,1.0,0.8,0.8
10,clab-nebula-serf12,15,1.5,19,18,15,3,4,0.8333333333333334,0.7894736842105263,0.6818181818181818
10,clab-nebula-serf12,20,1.5,38,38,28,10,10,0.7368421052631579,0.7368421052631579,0.5833333333333334
10,clab-nebula-serf12,25,1.5,71,62,49,13,22,0.7903225806451613,0.6901408450704225,0.5833333333333334
10,clab-nebula-serf12,30,1.5,88,62,57,5,31,0.9193548387096774,0.6477272727272727,0.6129032258064516
10,clab-nebula-serf12,35,1.5,102,111,89,22,13,0.8018018018018018,0.8725490196078431,0.717741935483871
10,clab-nebula-serf12,40,1.5,119,113,100,13,19,0.8849557522123894,0.8403361344537815,0.7575757575757576
10,clab-nebula-serf12,45,1.5,121,113,101,12,20,0.8938053097345132,0.8347107438016529,0.7593984962406015
10,clab-nebula-serf12,50,1.5,127,115,105,10,22,0.9130434782608695,0.8267716535433071,0.7664233576642335
10,clab-nebula-serf12,55,1.5,153,152,150,2,3,0.9868421052631579,0.9803921568627451,0.967741935483871
10,clab-nebula-serf12,60,1.5,155,152,151,1,4,0.993421052631579,0.9741935483870968,0.967948717948718
10,clab-nebula-serf19,5,1.5,0,0,0,0,0,0.0,0.0,0.0
10,clab-nebula-serf19,10,1.5,5,1,1,0,4,1.0,0.2,0.2
10,clab-nebula-serf19,15,1.5,23,1,1,0,22,1.0,0.043478260869565216,0.043478260869565216
10,clab-nebula-serf19,20,1.5,44,62,34,28,10,0.5483870967741935,0.7727272727272727,0.4722222222222222
10,clab-nebula-serf19,25,1.5,73,62,50,12,23,0.8064516129032258,0.684931506849315,0.5882352941176471
10,clab-nebula-serf19,30,1.5,90,62,58,4,32,0.9354838709677419,0.6444444444444445,0.6170212765957447
10,clab-nebula-serf19,35,1.5,105,112,90,22,15,0.8035714285714286,0.8571428571428571,0.7086614173228346
10,clab-nebula-serf19,40,1.5,120,115,100,15,20,0.8695652173913043,0.8333333333333334,0.7407407407407407
10,clab-nebula-serf19,45,1.5,123,115,103,12,20,0.8956521739130435,0.8373983739837398,0.762962962962963
10,clab-nebula-serf19,50,1.5,142,152,139,13,3,0.9144736842105263,0.9788732394366197,0.896774193548387
10,clab-nebula-serf19,55,1.5,153,152,150,2,3,0.9868421052631579,0.9803921568627451,0.967741935483871
10,clab-nebula-serf19,60,1.5,157,152,152,0,5,1.0,0.9681528662420382,0.9681528662420382
10,clab-nebula-serf80,5,1.5,0,0,0,0,0,0.0,0.0,0.0
10,clab-nebula-serf80,10,1.5,14,16,9,7,5,0.5625,0.6428571428571429,0.42857142857142855
10,clab-nebula-serf80,15,1.5,32,16,16,0,16,1.0,0.5,0.5
10,clab-nebula-serf80,20,1.5,55,29,19,10,36,0.6551724137931034,0.34545454545454546,0.2923076923076923
10,clab-nebula-serf80,25,1.5,84,36,25,11,59,0.6944444444444444,0.2976190476190476,0.2631578947368421
10,clab-nebula-serf80,30,1.5,110,103,92,11,18,0.8932038834951457,0.8363636363636363,0.7603305785123967
10,clab-nebula-serf80,35,1.5,120,112,101,11,19,0.9017857142857143,0.8416666666666667,0.7709923664122137
10,clab-nebula-serf80,40,1.5,127,115,103,12,24,0.8956521739130435,0.8110236220472441,0.7410071942446043
10,clab-nebula-serf80,45,1.5,152,152,149,3,3,0.9802631578947368,0.9802631578947368,0.9612903225806452
10,clab-nebula-serf80,50,1.5,154,152,151,1,3,0.993421052631579,0.9805194805194806,0.9741935483870968
10,clab-nebula-serf80,55,1.5,156,152,152,0,4,1.0,0.9743589743589743,0.9743589743589743
10,clab-nebula-serf80,60,1.5,159,161,159,2,0,0.9875776397515528,1.0,0.9875776397515528
10,clab-nebula-serf111,5,1.5,1,0,0,0,1,0,0.0,0.0
10,clab-nebula-serf111,10,1.5,7,7,6,1,1,0.8571428571428571,0.8571428571428571,0.75
10,clab-nebula-serf111,15,1.5,17,11,10,1,7,0.9090909090909091,0.5882352941176471,0.5555555555555556
10,clab-nebula-serf111,20,1.5,47,39,33,6,14,0.8461538461538461,0.7021276595744681,0.6226415094339622
10,clab-nebula-serf111,25,1.5,73,58,43,15,30,0.7413793103448276,0.589041095890411,0.48863636363636365
10,clab-nebula-serf111,30,1.5,111,98,81,17,30,0.826530612244898,0.7297297297297297,0.6328125
10,clab-nebula-serf111,35,1.5,145,152,144,8,1,0.9473684210526315,0.993103448275862,0.9411764705882353
10,clab-nebula-serf111,40,1.5,150,152,149,3,1,0.9802631578947368,0.9933333333333333,0.9738562091503268
10,clab-nebula-serf111,45,1.5,154,152,152,0,2,1.0,0.987012987012987,0.987012987012987
10,clab-nebula-serf111,50,1.5,158,152,152,0,6,1.0,0.9620253164556962,0.9620253164556962
10,clab-nebula-serf111,55,1.5,161,152,152,0,9,1.0,0.9440993788819876,0.9440993788819876
10,clab-nebula-serf111,60,1.5,161,152,152,0,9,1.0,0.9440993788819876,0.9440993788819876
10,clab-nebula-serf109,5,1.5,3,3,1,2,2,0.3333333333333333,0.3333333333333333,0.2
10,clab-nebula-serf109,10,1.5,8,10,8,2,0,0.8,1.0,0.8
10,clab-nebula-serf109,15,1.5,26,36,17,19,9,0.4722222222222222,0.6538461538461539,0.37777777777777777
10,clab-nebula-serf109,20,1.5,58,58,37,21,21,0.6379310344827587,0.6379310344827587,0.46835443037974683
10,clab-nebula-serf109,25,1.5,87,58,46,12,41,0.7931034482758621,0.5287356321839081,0.46464646464646464
10,clab-nebula-serf109,30,1.5,130,152,129,23,1,0.8486842105263158,0.9923076923076923,0.8431372549019608
10,clab-nebula-serf109,35,1.5,145,152,144,8,1,0.9473684210526315,0.993103448275862,0.9411764705882353
10,clab-nebula-serf109,40,1.5,153,152,151,1,2,0.993421052631579,0.9869281045751634,0.9805194805194806
10,clab-nebula-serf109,45,1.5,155,152,152,0,3,1.0,0.9806451612903225,0.9806451612903225
10,clab-nebula-serf109,50,1.5,159,152,152,0,7,1.0,0.9559748427672956,0.9559748427672956
10,clab-nebula-serf109,55,1.5,161,152,152,0,9,1.0,0.9440993788819876,0.9440993788819876
10,clab-nebula-serf109,60,1.5,161,152,152,0,9,1.0,0.9440993788819876,0.9440993788819876
10,clab-nebula-serf147,5,1.5,0,0,0,0,0,0.0,0.0,0.0
10,clab-nebula-serf147,10,1.5,0,0,0,0,0,0.0,0.0,0.0
10,clab-nebula-serf147,15,1.5,2,9,1,8,1,0.1111111111111111,0.5,0.1
10,clab-nebula-serf147,20,1.5,12,9,9,0,3,1.0,0.75,0.75
10,clab-nebula-serf147,25,1.5,14,9,9,0,5,1.0,0.6428571428571429,0.6428571428571429
10,clab-nebula-serf147,30,1.5,27,9,9,0,18,1.0,0.3333333333333333,0.3333333333333333
10,clab-nebula-serf147,35,1.5,48,9,9,0,39,1.0,0.1875,0.1875
10,clab-nebula-serf147,40,1.5,59,9,9,0,50,1.0,0.15254237288135594,0.15254237288135594
10,clab-nebula-serf147,45,1.5,87,11,9,2,78,0.8181818181818182,0.10344827586206896,0.10112359550561797
10,clab-nebula-serf147,50,1.5,120,12,11,1,109,0.9166666666666666,0.09166666666666666,0.09090909090909091
10,clab-nebula-serf147,55,1.5,141,152,140,12,1,0.9210526315789473,0.9929078014184397,0.9150326797385621
10,clab-nebula-serf147,60,1.5,152,152,149,3,3,0.9802631578947368,0.9802631578947368,0.9612903225806452
10,clab-nebula-serf4,5,1.5,1,2,1,1,0,0.5,1.0,0.5
10,clab-nebula-serf4,10,1.5,2,9,2,7,0,0.2222222222222222,1.0,0.2222222222222222
10,clab-nebula-serf4,15,1.5,9,13,9,4,0,0.6923076923076923,1.0,0.6923076923076923
10,clab-nebula-serf4,20,1.5,16,13,12,1,4,0.9230769230769231,0.75,0.7058823529411765
10,clab-nebula-serf4,25,1.5,23,25,21,4,2,0.84,0.9130434782608695,0.7777777777777778
10,clab-nebula-serf4,30,1.5,47,62,39,23,8,0.6290322580645161,0.8297872340425532,0.5571428571428572
10,clab-nebula-serf4,35,1.5,82,62,54,8,28,0.8709677419354839,0.6585365853658537,0.6
10,clab-nebula-serf4,40,1.5,92,102,79,23,13,0.7745098039215687,0.8586956521739131,0.6869565217391305
10,clab-nebula-serf4,45,1.5,109,112,95,17,14,0.8482142857142857,0.8715596330275229,0.753968253968254
10,clab-nebula-serf4,50,1.5,120,152,117,35,3,0.7697368421052632,0.975,0.7548387096774194
10,clab-nebula-serf4,55,1.5,123,152,120,32,3,0.7894736842105263,0.975609756097561,0.7741935483870968
10,clab-nebula-serf4,60,1.5,141,152,138,14,3,0.9078947368421053,0.9787234042553191,0.8903225806451613
10,clab-nebula-serf100,5,1.5,6,6,6,0,0,1.0,1.0,1.0
10,clab-nebula-serf100,10,1.5,7,7,7,0,0,1.0,1.0,1.0
10,clab-nebula-serf100,15,1.5,8,8,7,1,1,0.875,0.875,0.7777777777777778
10,clab-nebula-serf100,20,1.5,14,9,9,0,5,1.0,0.6428571428571429,0.6428571428571429
10,clab-nebula-serf100,25,1.5,25,9,9,0,16,1.0,0.36,0.36
10,clab-nebula-serf100,30,1.5,59,44,39,5,20,0.8863636363636364,0.6610169491525424,0.609375
10,clab-nebula-serf100,35,1.5,89,112,72,40,17,0.6428571428571429,0.8089887640449438,0.5581395348837209
10,clab-nebula-serf100,40,1.5,137,152,136,16,1,0.8947368421052632,0.9927007299270073,0.8888888888888888
10,clab-nebula-serf100,45,1.5,150,152,148,4,2,0.9736842105263158,0.9866666666666667,0.961038961038961
10,clab-nebula-serf100,50,1.5,159,152,152,0,7,1.0,0.9559748427672956,0.9559748427672956
10,clab-nebula-serf100,55,1.5,160,161,160,1,0,0.9937888198757764,1.0,0.9937888198757764
10,clab-nebula-serf100,60,1.5,161,161,161,0,0,1.0,1.0,1.0
10,clab-nebula-serf75,5,1.5,0,0,0,0,0,0.0,0.0,0.0
10,clab-nebula-serf75,10,1.5,7,8,4,4,3,0.5,0.5714285714285714,0.36363636363636365
10,clab-nebula-serf75,15,1.5,26,16,16,0,10,1.0,0.6153846153846154,0.6153846153846154
10,clab-nebula-serf75,20,1.5,41,16,16,0,25,1.0,0.3902439024390244,0.3902439024390244
10,clab-nebula-serf75,25,1.5,76,29,21,8,55,0.7241379310344828,0.27631578947368424,0.25
10,clab-nebula-serf75,30,1.5,100,36,28,8,72,0.7777777777777778,0.28,0.25925925925925924
10,clab-nebula-serf75,35,1.5,115,112,97,15,18,0.8660714285714286,0.8434782608695652,0.7461538461538462
10,clab-nebula-serf75,40,1.5,122,112,102,10,20,0.9107142857142857,0.8360655737704918,0.7727272727272727
10,clab-nebula-serf75,45,1.5,135,115,104,11,31,0.9043478260869565,0.7703703703703704,0.7123287671232876
10,clab-nebula-serf75,50,1.5,154,153,151,2,3,0.9869281045751634,0.9805194805194806,0.967948717948718
10,clab-nebula-serf75,55,1.5,155,153,151,2,4,0.9869281045751634,0.9741935483870968,0.9617834394904459
10,clab-nebula-serf75,60,1.5,158,161,158,3,0,0.9813664596273292,1.0,0.9813664596273292
10,clab-nebula-serf89,5,1.5,3,3,3,0,0,1.0,1.0,1.0
10,clab-nebula-serf89,10,1.5,3,3,3,0,0,1.0,1.0,1.0
10,clab-nebula-serf89,15,1.5,8,10,7,3,1,0.7,0.875,0.6363636363636364
10,clab-nebula-serf89,20,1.5,18,10,10,0,8,1.0,0.5555555555555556,0.5555555555555556
10,clab-nebula-serf89,25,1.5,41,10,10,0,31,1.0,0.24390243902439024,0.24390243902439024
10,clab-nebula-serf89,30,1.5,71,13,10,3,61,0.7692307692307693,0.14084507042253522,0.13513513513513514
10,clab-nebula-serf89,35,1.5,97,13,12,1,85,0.9230769230769231,0.12371134020618557,0.12244897959183673
10,clab-nebula-serf89,40,1.5,119,28,16,12,103,0.5714285714285714,0.13445378151260504,0.12213740458015267
10,clab-nebula-serf89,45,1.5,127,152,124,28,3,0.8157894736842105,0.9763779527559056,0.8
10,clab-nebula-serf89,50,1.5,137,153,134,19,3,0.8758169934640523,0.9781021897810219,0.8589743589743589
10,clab-nebula-serf89,55,1.5,154,153,151,2,3,0.9869281045751634,0.9805194805194806,0.967948717948718
10,clab-nebula-serf89,60,1.5,158,161,158,3,0,0.9813664596273292,1.0,0.9813664596273292
10,clab-nebula-serf101,5,1.5,4,5,4,1,0,0.8,1.0,0.8
10,clab-nebula-serf101,10,1.5,7,7,7,0,0,1.0,1.0,1.0
10,clab-nebula-serf101,15,1.5,7,7,7,0,0,1.0,1.0,1.0
10,clab-nebula-serf101,20,1.5,10,9,8,1,2,0.8888888888888888,0.8,0.7272727272727273
10,clab-nebula-serf101,25,1.5,22,9,9,0,13,1.0,0.4090909090909091,0.4090909090909091
10,clab-nebula-serf101,30,1.5,47,39,32,7,15,0.8205128205128205,0.6808510638297872,0.5925925925925926
10,clab-nebula-serf101,35,1.5,79,112,64,48,15,0.5714285714285714,0.810126582278481,0.5039370078740157
10,clab-nebula-serf101,40,1.5,131,152,130,22,1,0.8552631578947368,0.9923664122137404,0.8496732026143791
10,clab-nebula-serf101,45,1.5,148,152,147,5,1,0.9671052631578947,0.9932432432432432,0.9607843137254902
10,clab-nebula-serf101,50,1.5,157,152,152,0,5,1.0,0.9681528662420382,0.9681528662420382
10,clab-nebula-serf101,55,1.5,160,161,160,1,0,0.9937888198757764,1.0,0.9937888198757764
10,clab-nebula-serf101,60,1.5,161,161,161,0,0,1.0,1.0,1.0
10,clab-nebula-serf105,5,1.5,1,0,0,0,1,0,0.0,0.0
10,clab-nebula-serf105,10,1.5,3,3,2,1,1,0.6666666666666666,0.6666666666666666,0.5
10,clab-nebula-serf105,15,1.5,8,7,6,1,2,0.8571428571428571,0.75,0.6666666666666666
10,clab-nebula-serf105,20,1.5,25,36,16,20,9,0.4444444444444444,0.64,0.35555555555555557
10,clab-nebula-serf105,25,1.5,54,39,36,3,18,0.9230769230769231,0.6666666666666666,0.631578947368421
10,clab-nebula-serf105,30,1.5,86,58,46,12,40,0.7931034482758621,0.5348837209302325,0.46938775510204084
10,clab-nebula-serf105,35,1.5,123,97,84,13,39,0.865979381443299,0.6829268292682927,0.6176470588235294
10,clab-nebula-serf105,40,1.5,145,152,144,8,1,0.9473684210526315,0.993103448275862,0.9411764705882353
10,clab-nebula-serf105,45,1.5,153,152,151,1,2,0.993421052631579,0.9869281045751634,0.9805194805194806
10,clab-nebula-serf105,50,1.5,155,152,152,0,3,1.0,0.9806451612903225,0.9806451612903225
10,clab-nebula-serf105,55,1.5,160,152,152,0,8,1.0,0.95,0.95
10,clab-nebula-serf105,60,1.5,161,152,152,0,9,1.0,0.9440993788819876,0.9440993788819876
10,clab-nebula-serf65,5,1.5,0,0,0,0,0,0.0,0.0,0.0
10,clab-nebula-serf65,10,1.5,0,0,0,0,0,0.0,0.0,0.0
10,clab-nebula-serf65,15,1.5,0,0,0,0,0,0.0,0.0,0.0
10,clab-nebula-serf65,20,1.5,23,17,6,11,17,0.35294117647058826,0.2608695652173913,0.17647058823529413
10,clab-nebula-serf65,25,1.5,62,29,19,10,43,0.6551724137931034,0.3064516129032258,0.2638888888888889
10,clab-nebula-serf65,30,1.5,95,97,81,16,14,0.8350515463917526,0.8526315789473684,0.7297297297297297
10,clab-nebula-serf65,35,1.5,115,98,94,4,21,0.9591836734693877,0.8173913043478261,0.7899159663865546
10,clab-nebula-serf65,40,1.5,122,111,101,10,21,0.9099099099099099,0.8278688524590164,0.7651515151515151
10,clab-nebula-serf65,45,1.5,126,112,103,9,23,0.9196428571428571,0.8174603174603174,0.762962962962963
10,clab-nebula-serf65,50,1.5,152,152,149,3,3,0.9802631578947368,0.9802631578947368,0.9612903225806452
10,clab-nebula-serf65,55,1.5,154,152,151,1,3,0.993421052631579,0.9805194805194806,0.9741935483870968
10,clab-nebula-serf65,60,1.5,155,152,152,0,3,1.0,0.9806451612903225,0.9806451612903225
10,clab-nebula-serf68,5,1.5,0,0,0,0,0,0.0,0.0,0.0
10,clab-nebula-serf68,10,1.5,5,4,2,2,3,0.5,0.4,0.2857142857142857
10,clab-nebula-serf68,15,1.5,27,16,16,0,11,1.0,0.5925925925925926,0.5925925925925926
10,clab-nebula-serf68,20,1.5,42,25,18,7,24,0.72,0.42857142857142855,0.3673469387755102
10,clab-nebula-serf68,25,1.5,79,29,23,6,56,0.7931034482758621,0.2911392405063291,0.27058823529411763
10,clab-nebula-serf68,30,1.5,103,102,86,16,17,0.8431372549019608,0.8349514563106796,0.7226890756302521
10,clab-nebula-serf68,35,1.5,116,111,98,13,18,0.8828828828828829,0.8448275862068966,0.7596899224806202
10,clab-nebula-serf68,40,1.5,122,111,102,9,20,0.918918918918919,0.8360655737704918,0.7786259541984732
10,clab-nebula-serf68,45,1.5,135,115,104,11,31,0.9043478260869565,0.7703703703703704,0.7123287671232876
10,clab-nebula-serf68,50,1.5,154,153,151,2,3,0.9869281045751634,0.9805194805194806,0.967948717948718
10,clab-nebula-serf68,55,1.5,154,153,151,2,3,0.9869281045751634,0.9805194805194806,0.967948717948718
10,clab-nebula-serf68,60,1.5,158,153,153,0,5,1.0,0.9683544303797469,0.9683544303797469
10,clab-nebula-serf94,5,1.5,2,0,0,0,2,0,0.0,0.0
10,clab-nebula-serf94,10,1.5,17,6,5,1,12,0.8333333333333334,0.29411764705882354,0.2777777777777778
10,clab-nebula-serf94,15,1.5,36,10,10,0,26,1.0,0.2777777777777778,0.2777777777777778
10,clab-nebula-serf94,20,1.5,57,13,10,3,47,0.7692307692307693,0.17543859649122806,0.16666666666666666
10,clab-nebula-serf94,25,1.5,81,13,10,3,71,0.7692307692307693,0.12345679012345678,0.11904761904761904
10,clab-nebula-serf94,30,1.5,105,13,13,0,92,1.0,0.12380952380952381,0.12380952380952381
10,clab-nebula-serf94,35,1.5,119,14,13,1,106,0.9285714285714286,0.1092436974789916,0.10833333333333334
10,clab-nebula-serf94,40,1.5,129,152,126,26,3,0.8289473684210527,0.9767441860465116,0.8129032258064516
10,clab-nebula-serf94,45,1.5,145,152,142,10,3,0.9342105263157895,0.9793103448275862,0.9161290322580645
10,clab-nebula-serf94,50,1.5,154,152,151,1,3,0.993421052631579,0.9805194805194806,0.9741935483870968
10,clab-nebula-serf94,55,1.5,157,152,152,0,5,1.0,0.9681528662420382,0.9681528662420382
10,clab-nebula-serf94,60,1.5,161,161,161,0,0,1.0,1.0,1.0
10,clab-nebula-serf103,5,1.5,7,7,7,0,0,1.0,1.0,1.0
10,clab-nebula-serf103,10,1.5,7,7,7,0,0,1.0,1.0,1.0
10,clab-nebula-serf103,15,1.5,8,8,7,1,1,0.875,0.875,0.7777777777777778
10,clab-nebula-serf103,20,1.5,16,9,9,0,7,1.0,0.5625,0.5625
10,clab-nebula-serf103,25,1.5,27,39,20,19,7,0.5128205128205128,0.7407407407407407,0.43478260869565216
10,clab-nebula-serf103,30,1.5,63,58,42,16,21,0.7241379310344828,0.6666666666666666,0.5316455696202531
10,clab-nebula-serf103,35,1.5,102,152,101,51,1,0.6644736842105263,0.9901960784313726,0.6601307189542484
10,clab-nebula-serf103,40,1.5,140,152,139,13,1,0.9144736842105263,0.9928571428571429,0.9084967320261438
10,clab-nebula-serf103,45,1.5,150,152,148,4,2,0.9736842105263158,0.9866666666666667,0.961038961038961
10,clab-nebula-serf103,50,1.5,159,152,152,0,7,1.0,0.9559748427672956,0.9559748427672956
10,clab-nebula-serf103,55,1.5,161,161,161,0,0,1.0,1.0,1.0
10,clab-nebula-serf103,60,1.5,161,161,161,0,0,1.0,1.0,1.0
10,clab-nebula-serf117,5,1.5,0,0,0,0,0,0.0,0.0,0.0
10,clab-nebula-serf117,10,1.5,0,0,0,0,0,0.0,0.0,0.0
10,clab-nebula-serf117,15,1.5,0,0,0,0,0,0.0,0.0,0.0
10,clab-nebula-serf117,20,1.5,0,0,0,0,0,0.0,0.0,0.0
10,clab-nebula-serf117,25,1.5,1,3,1,2,0,0.3333333333333333,1.0,0.3333333333333333
10,clab-nebula-serf117,30,1.5,3,3,3,0,0,1.0,1.0,1.0
10,clab-nebula-serf117,35,1.5,3,3,3,0,0,1.0,1.0,1.0
10,clab-nebula-serf117,40,1.5,3,3,3,0,0,1.0,1.0,1.0
10,clab-nebula-serf117,45,1.5,10,3,3,0,7,1.0,0.3,0.3
10,clab-nebula-serf117,50,1.5,21,42,8,34,13,0.19047619047619047,0.38095238095238093,0.14545454545454545
10,clab-nebula-serf117,55,1.5,45,42,18,24,27,0.42857142857142855,0.4,0.2608695652173913
10,clab-nebula-serf117,60,1.5,68,42,22,20,46,0.5238095238095238,0.3235294117647059,0.25
10,clab-nebula-serf127,5,1.5,0,0,0,0,0,0.0,0.0,0.0
10,clab-nebula-serf127,10,1.5,4,15,3,12,1,0.2,0.75,0.1875
10,clab-nebula-serf127,15,1.5,13,22,7,15,6,0.3181818181818182,0.5384615384615384,0.25
10,clab-nebula-serf127,20,1.5,46,40,33,7,13,0.825,0.717391304347826,0.6226415094339622
10,clab-nebula-serf127,25,1.5,60,75,49,26,11,0.6533333333333333,0.8166666666666667,0.5697674418604651
10,clab-nebula-serf127,30,1.5,92,98,72,26,20,0.7346938775510204,0.782608695652174,0.6101694915254238
10,clab-nebula-serf127,35,1.5,122,137,110,27,12,0.8029197080291971,0.9016393442622951,0.738255033557047
10,clab-nebula-serf127,40,1.5,138,152,137,15,1,0.9013157894736842,0.9927536231884058,0.8954248366013072
10,clab-nebula-serf127,45,1.5,146,152,145,7,1,0.9539473684210527,0.9931506849315068,0.9477124183006536
10,clab-nebula-serf127,50,1.5,156,152,152,0,4,1.0,0.9743589743589743,0.9743589743589743
10,clab-nebula-serf127,55,1.5,161,161,161,0,0,1.0,1.0,1.0
10,clab-nebula-serf127,60,1.5,161,161,161,0,0,1.0,1.0,1.0
10,clab-nebula-serf129,5,1.5,0,0,0,0,0,0.0,0.0,0.0
10,clab-nebula-serf129,10,1.5,0,0,0,0,0,0.0,0.0,0.0
10,clab-nebula-serf129,15,1.5,2,1,0,1,2,0.0,0.0,0.0
10,clab-nebula-serf129,20,1.5,7,1,1,0,6,1.0,0.14285714285714285,0.14285714285714285
10,clab-nebula-serf129,25,1.5,17,11,9,2,8,0.8181818181818182,0.5294117647058824,0.47368421052631576
10,clab-nebula-serf129,30,1.5,42,39,30,9,12,0.7692307692307693,0.7142857142857143,0.5882352941176471
10,clab-nebula-serf129,35,1.5,71,61,42,19,29,0.6885245901639344,0.5915492957746479,0.4666666666666667
10,clab-nebula-serf129,40,1.5,123,152,122,30,1,0.8026315789473685,0.991869918699187,0.7973856209150327
10,clab-nebula-serf129,45,1.5,142,152,141,11,1,0.9276315789473685,0.9929577464788732,0.9215686274509803
10,clab-nebula-serf129,50,1.5,149,152,148,4,1,0.9736842105263158,0.9932885906040269,0.9673202614379085
10,clab-nebula-serf129,55,1.5,155,152,152,0,3,1.0,0.9806451612903225,0.9806451612903225
10,clab-nebula-serf129,60,1.5,158,152,152,0,6,1.0,0.9620253164556962,0.9620253164556962
10,clab-nebula-serf155,5,1.5,0,0,0,0,0,0.0,0.0,0.0
10,clab-nebula-serf155,10,1.5,0,0,0,0,0,0.0,0.0,0.0
10,clab-nebula-serf155,15,1.5,1,1,1,0,0,1.0,1.0,1.0
10,clab-nebula-serf155,20,1.5,11,9,8,1,3,0.8888888888888888,0.7272727272727273,0.6666666666666666
10,clab-nebula-serf155,25,1.5,14,9,9,0,5,1.0,0.6428571428571429,0.6428571428571429
10,clab-nebula-serf155,30,1.5,24,9,9,0,15,1.0,0.375,0.375
10,clab-nebula-serf155,35,1.5,43,9,9,0,34,1.0,0.20930232558139536,0.20930232558139536
10,clab-nebula-serf155,40,1.5,56,9,9,0,47,1.0,0.16071428571428573,0.16071428571428573
10,clab-nebula-serf155,45,1.5,82,11,9,2,73,0.8181818181818182,0.10975609756097561,0.10714285714285714
10,clab-nebula-serf155,50,1.5,117,12,11,1,106,0.9166666666666666,0.09401709401709402,0.09322033898305085
10,clab-nebula-serf155,55,1.5,137,152,136,16,1,0.8947368421052632,0.9927007299270073,0.8888888888888888
10,clab-nebula-serf155,60,1.5,150,152,147,5,3,0.9671052631578947,0.98,0.9483870967741935
10,clab-nebula-serf3,5,1.5,0,0,0,0,0,0.0,0.0,0.0
10,clab-nebula-serf3,10,1.5,2,2,2,0,0,1.0,1.0,1.0
10,clab-nebula-serf3,15,1.5,7,13,7,6,0,0.5384615384615384,1.0,0.5384615384615384
10,clab-nebula-serf3,20,1.5,13,32,13,19,0,0.40625,1.0,0.40625
10,clab-nebula-serf3,25,1.5,22,42,21,21,1,0.5,0.9545454545454546,0.4883720930232558
10,clab-nebula-serf3,30,1.5,50,62,39,23,11,0.6290322580645161,0.78,0.5342465753424658
10,clab-nebula-serf3,35,1.5,83,62,55,7,28,0.8870967741935484,0.6626506024096386,0.6111111111111112
10,clab-nebula-serf3,40,1.5,96,115,82,33,14,0.7130434782608696,0.8541666666666666,0.6356589147286822
10,clab-nebula-serf3,45,1.5,109,115,95,20,14,0.8260869565217391,0.8715596330275229,0.7364341085271318
10,clab-nebula-serf3,50,1.5,119,152,116,36,3,0.7631578947368421,0.9747899159663865,0.7483870967741936
10,clab-nebula-serf3,55,1.5,123,152,120,32,3,0.7894736842105263,0.975609756097561,0.7741935483870968
10,clab-nebula-serf3,60,1.5,141,152,138,14,3,0.9078947368421053,0.9787234042553191,0.8903225806451613
10,clab-nebula-serf14,5,1.5,0,0,0,0,0,0.0,0.0,0.0
10,clab-nebula-serf14,10,1.5,4,0,0,0,4,0,0.0,0.0
10,clab-nebula-serf14,15,1.5,18,18,14,4,4,0.7777777777777778,0.7777777777777778,0.6363636363636364
10,clab-nebula-serf14,20,1.5,35,38,26,12,9,0.6842105263157895,0.7428571428571429,0.5531914893617021
10,clab-nebula-serf14,25,1.5,70,62,48,14,22,0.7741935483870968,0.6857142857142857,0.5714285714285714
10,clab-nebula-serf14,30,1.5,88,62,57,5,31,0.9193548387096774,0.6477272727272727,0.6129032258064516
10,clab-nebula-serf14,35,1.5,102,111,89,22,13,0.8018018018018018,0.8725490196078431,0.717741935483871
10,clab-nebula-serf14,40,1.5,119,112,100,12,19,0.8928571428571429,0.8403361344537815,0.7633587786259542
10,clab-nebula-serf14,45,1.5,121,112,101,11,20,0.9017857142857143,0.8347107438016529,0.7651515151515151
10,clab-nebula-serf14,50,1.5,126,115,104,11,22,0.9043478260869565,0.8253968253968254,0.7591240875912408
10,clab-nebula-serf14,55,1.5,151,152,148,4,3,0.9736842105263158,0.9801324503311258,0.9548387096774194
10,clab-nebula-serf14,60,1.5,155,152,151,1,4,0.993421052631579,0.9741935483870968,0.967948717948718
10,clab-nebula-serf142,5,1.5,0,0,0,0,0,0.0,0.0,0.0
10,clab-nebula-serf142,10,1.5,0,0,0,0,0,0.0,0.0,0.0
10,clab-nebula-serf142,15,1.5,1,0,0,0,1,0,0.0,0.0
10,clab-nebula-serf142,20,1.5,1,0,0,0,1,0,0.0,0.0
10,clab-nebula-serf142,25,1.5,7,7,7,0,0,1.0,1.0,1.0
10,clab-nebula-serf142,30,1.5,14,26,13,13,1,0.5,0.9285714285714286,0.48148148148148145
10,clab-nebula-serf142,35,1.5,30,40,26,14,4,0.65,0.8666666666666667,0.5909090909090909
10,clab-nebula-serf142,40,1.5,54,40,36,4,18,0.9,0.6666666666666666,0.6206896551724138
10,clab-nebula-serf142,45,1.5,59,40,39,1,20,0.975,0.6610169491525424,0.65
10,clab-nebula-serf142,50,1.5,95,135,84,51,11,0.6222222222222222,0.8842105263157894,0.5753424657534246
10,clab-nebula-serf142,55,1.5,126,152,125,27,1,0.8223684210526315,0.9920634920634921,0.8169934640522876
10,clab-nebula-serf142,60,1.5,140,152,139,13,1,0.9144736842105263,0.9928571428571429,0.9084967320261438
10,clab-nebula-serf96,5,1.5,4,3,3,0,1,1.0,0.75,0.75
10,clab-nebula-serf96,10,1.5,7,7,7,0,0,1.0,1.0,1.0
10,clab-nebula-serf96,15,1.5,7,7,7,0,0,1.0,1.0,1.0
10,clab-nebula-serf96,20,1.5,9,8,7,1,2,0.875,0.7777777777777778,0.7
10,clab-nebula-serf96,25,1.5,20,9,9,0,11,1.0,0.45,0.45
10,clab-nebula-serf96,30,1.5,41,39,29,10,12,0.7435897435897436,0.7073170731707317,0.5686274509803921
10,clab-nebula-serf96,35,1.5,77,112,62,50,15,0.5535714285714286,0.8051948051948052,0.4881889763779528
10,clab-nebula-serf96,40,1.5,121,152,120,32,1,0.7894736842105263,0.9917355371900827,0.7843137254901961
10,clab-nebula-serf96,45,1.5,147,152,146,6,1,0.9605263157894737,0.9931972789115646,0.954248366013072
10,clab-nebula-serf96,50,1.5,153,152,151,1,2,0.993421052631579,0.9869281045751634,0.9805194805194806
10,clab-nebula-serf96,55,1.5,160,161,160,1,0,0.9937888198757764,1.0,0.9937888198757764
10,clab-nebula-serf96,60,1.5,161,161,161,0,0,1.0,1.0,1.0
10,clab-nebula-serf116,5,1.5,0,0,0,0,0,0.0,0.0,0.0
10,clab-nebula-serf116,10,1.5,0,0,0,0,0,0.0,0.0,0.0
10,clab-nebula-serf116,15,1.5,0,0,0,0,0,0.0,0.0,0.0
10,clab-nebula-serf116,20,1.5,0,0,0,0,0,0.0,0.0,0.0
10,clab-nebula-serf116,25,1.5,0,0,0,0,0,0.0,0.0,0.0
10,clab-nebula-serf116,30,1.5,0,0,0,0,0,0.0,0.0,0.0
10,clab-nebula-serf116,35,1.5,1,1,1,0,0,1.0,1.0,1.0
10,clab-nebula-serf116,40,1.5,1,1,1,0,0,1.0,1.0,1.0
10,clab-nebula-serf116,45,1.5,6,1,1,0,5,1.0,0.16666666666666666,0.16666666666666666
10,clab-nebula-serf116,50,1.5,14,1,1,0,13,1.0,0.07142857142857142,0.07142857142857142
10,clab-nebula-serf116,55,1.5,40,2,1,1,39,0.5,0.025,0.024390243902439025
10,clab-nebula-serf116,60,1.5,88,161,88,73,0,0.546583850931677,1.0,0.546583850931677
10,clab-nebula-serf56,5,1.5,9,6,5,1,4,0.8333333333333334,0.5555555555555556,0.5
10,clab-nebula-serf56,10,1.5,24,25,17,8,7,0.68,0.7083333333333334,0.53125
10,clab-nebula-serf56,15,1.5,64,37,30,7,34,0.8108108108108109,0.46875,0.4225352112676056
10,clab-nebula-serf56,20,1.5,83,57,51,6,32,0.8947368421052632,0.6144578313253012,0.5730337078651685
10,clab-nebula-serf56,25,1.5,97,102,85,17,12,0.8333333333333334,0.8762886597938144,0.7456140350877193
10,clab-nebula-serf56,30,1.5,118,112,99,13,19,0.8839285714285714,0.8389830508474576,0.7557251908396947
10,clab-nebula-serf56,35,1.5,121,112,101,11,20,0.9017857142857143,0.8347107438016529,0.7651515151515151
10,clab-nebula-serf56,40,1.5,125,115,103,12,22,0.8956521739130435,0.824,0.7518248175182481
10,clab-nebula-serf56,45,1.5,151,152,148,4,3,0.9736842105263158,0.9801324503311258,0.9548387096774194
10,clab-nebula-serf56,50,1.5,154,152,151,1,3,0.993421052631579,0.9805194805194806,0.9741935483870968
10,clab-nebula-serf56,55,1.5,157,152,152,0,5,1.0,0.9681528662420382,0.9681528662420382
10,clab-nebula-serf56,60,1.5,158,153,153,0,5,1.0,0.9683544303797469,0.9683544303797469
10,clab-nebula-serf59,5,1.5,5,5,3,2,2,0.6,0.6,0.42857142857142855
10,clab-nebula-serf59,10,1.5,26,19,15,4,11,0.7894736842105263,0.5769230769230769,0.5
10,clab-nebula-serf59,15,1.5,63,35,28,7,35,0.8,0.4444444444444444,0.4
10,clab-nebula-serf59,20,1.5,83,56,50,6,33,0.8928571428571429,0.6024096385542169,0.5617977528089888
10,clab-nebula-serf59,25,1.5,99,102,85,17,14,0.8333333333333334,0.8585858585858586,0.7327586206896551
10,clab-nebula-serf59,30,1.5,119,112,100,12,19,0.8928571428571429,0.8403361344537815,0.7633587786259542
10,clab-nebula-serf59,35,1.5,124,112,103,9,21,0.9196428571428571,0.8306451612903226,0.7744360902255639
10,clab-nebula-serf59,40,1.5,128,115,105,10,23,0.9130434782608695,0.8203125,0.7608695652173914
10,clab-nebula-serf59,45,1.5,153,152,150,2,3,0.9868421052631579,0.9803921568627451,0.967741935483871
10,clab-nebula-serf59,50,1.5,154,152,151,1,3,0.993421052631579,0.9805194805194806,0.9741935483870968
10,clab-nebula-serf59,55,1.5,157,152,152,0,5,1.0,0.9681528662420382,0.9681528662420382
10,clab-nebula-serf59,60,1.5,161,161,161,0,0,1.0,1.0,1.0
10,clab-nebula-serf70,5,1.5,3,0,0,0,3,0,0.0,0.0
10,clab-nebula-serf70,10,1.5,19,6,3,3,16,0.5,0.15789473684210525,0.13636363636363635
10,clab-nebula-serf70,15,1.5,36,19,12,7,24,0.631578947368421,0.3333333333333333,0.27906976744186046
10,clab-nebula-serf70,20,1.5,66,57,33,24,33,0.5789473684210527,0.5,0.36666666666666664
10,clab-nebula-serf70,25,1.5,87,57,47,10,40,0.8245614035087719,0.5402298850574713,0.4845360824742268
10,clab-nebula-serf70,30,1.5,110,111,92,19,18,0.8288288288288288,0.8363636363636363,0.7131782945736435
10,clab-nebula-serf70,35,1.5,119,112,100,12,19,0.8928571428571429,0.8403361344537815,0.7633587786259542
10,clab-nebula-serf70,40,1.5,124,112,103,9,21,0.9196428571428571,0.8306451612903226,0.7744360902255639
10,clab-nebula-serf70,45,1.5,147,153,144,9,3,0.9411764705882353,0.9795918367346939,0.9230769230769231
10,clab-nebula-serf70,50,1.5,154,153,151,2,3,0.9869281045751634,0.9805194805194806,0.967948717948718
10,clab-nebula-serf70,55,1.5,158,153,153,0,5,1.0,0.9683544303797469,0.9683544303797469
10,clab-nebula-serf70,60,1.5,161,161,161,0,0,1.0,1.0,1.0
10,clab-nebula-serf81,5,1.5,1,2,0,2,1,0.0,0.0,0.0
10,clab-nebula-serf81,10,1.5,22,16,15,1,7,0.9375,0.6818181818181818,0.6521739130434783
10,clab-nebula-serf81,15,1.5,39,16,16,0,23,1.0,0.41025641025641024,0.41025641025641024
10,clab-nebula-serf81,20,1.5,68,36,21,15,47,0.5833333333333334,0.3088235294117647,0.25301204819277107
10,clab-nebula-serf81,25,1.5,90,36,27,9,63,0.75,0.3,0.2727272727272727
10,clab-nebula-serf81,30,1.5,114,112,96,16,18,0.8571428571428571,0.8421052631578947,0.7384615384615385
10,clab-nebula-serf81,35,1.5,121,112,102,10,19,0.9107142857142857,0.8429752066115702,0.7786259541984732
10,clab-nebula-serf81,40,1.5,130,115,103,12,27,0.8956521739130435,0.7923076923076923,0.7253521126760564
10,clab-nebula-serf81,45,1.5,153,152,150,2,3,0.9868421052631579,0.9803921568627451,0.967741935483871
10,clab-nebula-serf81,50,1.5,154,153,151,2,3,0.9869281045751634,0.9805194805194806,0.967948717948718
10,clab-nebula-serf81,55,1.5,157,153,153,0,4,1.0,0.9745222929936306,0.9745222929936306
10,clab-nebula-serf81,60,1.5,161,161,161,0,0,1.0,1.0,1.0
10,clab-nebula-serf95,5,1.5,0,0,0,0,0,0.0,0.0,0.0
10,clab-nebula-serf95,10,1.5,10,6,3,3,7,0.5,0.3,0.23076923076923078
10,clab-nebula-serf95,15,1.5,30,8,7,1,23,0.875,0.23333333333333334,0.22580645161290322
10,clab-nebula-serf95,20,1.5,50,12,10,2,40,0.8333333333333334,0.2,0.19230769230769232
10,clab-nebula-serf95,25,1.5,80,13,10,3,70,0.7692307692307693,0.125,0.12048192771084337
10,clab-nebula-serf95,30,1.5,104,13,13,0,91,1.0,0.125,0.125
10,clab-nebula-serf95,35,1.5,119,15,13,2,106,0.8666666666666667,0.1092436974789916,0.10743801652892562
10,clab-nebula-serf95,40,1.5,124,33,18,15,106,0.5454545454545454,0.14516129032258066,0.12949640287769784
10,clab-nebula-serf95,45,1.5,142,152,139,13,3,0.9144736842105263,0.9788732394366197,0.896774193548387
10,clab-nebula-serf95,50,1.5,154,152,151,1,3,0.993421052631579,0.9805194805194806,0.9741935483870968
10,clab-nebula-serf95,55,1.5,154,152,151,1,3,0.993421052631579,0.9805194805194806,0.9741935483870968
10,clab-nebula-serf95,60,1.5,159,161,159,2,0,0.9875776397515528,1.0,0.9875776397515528
10,clab-nebula-serf114,5,1.5,1,1,1,0,0,1.0,1.0,1.0
10,clab-nebula-serf114,10,1.5,1,1,1,0,0,1.0,1.0,1.0
10,clab-nebula-serf114,15,1.5,2,1,1,0,1,1.0,0.5,0.5
10,clab-nebula-serf114,20,1.5,17,9,5,4,12,0.5555555555555556,0.29411764705882354,0.23809523809523808
10,clab-nebula-serf114,25,1.5,25,9,9,0,16,1.0,0.36,0.36
10,clab-nebula-serf114,30,1.5,53,98,43,55,10,0.4387755102040816,0.8113207547169812,0.39814814814814814
10,clab-nebula-serf114,35,1.5,92,115,79,36,13,0.6869565217391305,0.8586956521739131,0.6171875
10,clab-nebula-serf114,40,1.5,134,152,132,20,2,0.868421052631579,0.9850746268656716,0.8571428571428571
10,clab-nebula-serf114,45,1.5,152,152,145,7,7,0.9539473684210527,0.9539473684210527,0.9119496855345912
10,clab-nebula-serf114,50,1.5,158,152,150,2,8,0.9868421052631579,0.9493670886075949,0.9375
10,clab-nebula-serf114,55,1.5,161,161,161,0,0,1.0,1.0,1.0
10,clab-nebula-serf114,60,1.5,161,161,161,0,0,1.0,1.0,1.0
10,clab-nebula-serf9,5,1.5,1,1,1,0,0,1.0,1.0,1.0
10,clab-nebula-serf9,10,1.5,8,6,5,1,3,0.8333333333333334,0.625,0.5555555555555556
10,clab-nebula-serf9,15,1.5,17,28,15,13,2,0.5357142857142857,0.8823529411764706,0.5
10,clab-nebula-serf9,20,1.5,36,42,31,11,5,0.7380952380952381,0.8611111111111112,0.6595744680851063
10,clab-nebula-serf9,25,1.5,71,62,47,15,24,0.7580645161290323,0.6619718309859155,0.5465116279069767
10,clab-nebula-serf9,30,1.5,87,102,76,26,11,0.7450980392156863,0.8735632183908046,0.672566371681416
10,clab-nebula-serf9,35,1.5,101,112,88,24,13,0.7857142857142857,0.8712871287128713,0.704
10,clab-nebula-serf9,40,1.5,116,115,99,16,17,0.8608695652173913,0.853448275862069,0.75
10,clab-nebula-serf9,45,1.5,120,115,100,15,20,0.8695652173913043,0.8333333333333334,0.7407407407407407
10,clab-nebula-serf9,50,1.5,125,115,103,12,22,0.8956521739130435,0.824,0.7518248175182481
10,clab-nebula-serf9,55,1.5,151,152,148,4,3,0.9736842105263158,0.9801324503311258,0.9548387096774194
10,clab-nebula-serf9,60,1.5,154,152,151,1,3,0.993421052631579,0.9805194805194806,0.9741935483870968
10,clab-nebula-serf17,5,1.5,1,0,0,0,1,0,0.0,0.0
10,clab-nebula-serf17,10,1.5,12,18,10,8,2,0.5555555555555556,0.8333333333333334,0.5
10,clab-nebula-serf17,15,1.5,30,27,22,5,8,0.8148148148148148,0.7333333333333333,0.6285714285714286
10,clab-nebula-serf17,20,1.5,66,62,44,18,22,0.7096774193548387,0.6666666666666666,0.5238095238095238
10,clab-nebula-serf17,25,1.5,85,62,56,6,29,0.9032258064516129,0.6588235294117647,0.6153846153846154
10,clab-nebula-serf17,30,1.5,96,62,60,2,36,0.967741935483871,0.625,0.6122448979591837
10,clab-nebula-serf17,35,1.5,116,112,99,13,17,0.8839285714285714,0.853448275862069,0.7674418604651163
10,clab-nebula-serf17,40,1.5,121,112,101,11,20,0.9017857142857143,0.8347107438016529,0.7651515151515151
10,clab-nebula-serf17,45,1.5,124,115,103,12,21,0.8956521739130435,0.8306451612903226,0.7573529411764706
10,clab-nebula-serf17,50,1.5,150,152,147,5,3,0.9671052631578947,0.98,0.9483870967741935
10,clab-nebula-serf17,55,1.5,154,152,151,1,3,0.993421052631579,0.9805194805194806,0.9741935483870968
10,clab-nebula-serf17,60,1.5,157,152,152,0,5,1.0,0.9681528662420382,0.9681528662420382
10,clab-nebula-serf139,5,1.5,0,0,0,0,0,0.0,0.0,0.0
10,clab-nebula-serf139,10,1.5,0,0,0,0,0,0.0,0.0,0.0
10,clab-nebula-serf139,15,1.5,5,12,5,7,0,0.4166666666666667,1.0,0.4166666666666667
10,clab-nebula-serf139,20,1.5,14,14,14,0,0,1.0,1.0,1.0
10,clab-nebula-serf139,25,1.5,21,28,21,7,0,0.75,1.0,0.75
10,clab-nebula-serf139,30,1.5,31,40,26,14,5,0.65,0.8387096774193549,0.5777777777777777
10,clab-nebula-serf139,35,1.5,45,40,35,5,10,0.875,0.7777777777777778,0.7
10,clab-nebula-serf139,40,1.5,65,79,55,24,10,0.6962025316455697,0.8461538461538461,0.6179775280898876
10,clab-nebula-serf139,45,1.5,95,84,76,8,19,0.9047619047619048,0.8,0.7378640776699029
10,clab-nebula-serf139,50,1.5,121,138,108,30,13,0.782608695652174,0.8925619834710744,0.7152317880794702
10,clab-nebula-serf139,55,1.5,137,152,136,16,1,0.8947368421052632,0.9927007299270073,0.8888888888888888
10,clab-nebula-serf139,60,1.5,149,152,148,4,1,0.9736842105263158,0.9932885906040269,0.9673202614379085
10,clab-nebula-serf52,5,1.5,1,0,0,0,1,0,0.0,0.0
10,clab-nebula-serf52,10,1.5,12,11,8,3,4,0.7272727272727273,0.6666666666666666,0.5333333333333333
10,clab-nebula-serf52,15,1.5,38,25,20,5,18,0.8,0.5263157894736842,0.46511627906976744
10,clab-nebula-serf52,20,1.5,69,36,32,4,37,0.8888888888888888,0.463768115942029,0.4383561643835616
10,clab-nebula-serf52,25,1.5,88,62,55,7,33,0.8870967741935484,0.625,0.5789473684210527
10,clab-nebula-serf52,30,1.5,106,111,90,21,16,0.8108108108108109,0.8490566037735849,0.7086614173228346
10,clab-nebula-serf52,35,1.5,119,112,100,12,19,0.8928571428571429,0.8403361344537815,0.7633587786259542
10,clab-nebula-serf52,40,1.5,124,112,103,9,21,0.9196428571428571,0.8306451612903226,0.7744360902255639
10,clab-nebula-serf52,45,1.5,134,152,131,21,3,0.8618421052631579,0.9776119402985075,0.8451612903225807
10,clab-nebula-serf52,50,1.5,154,152,151,1,3,0.993421052631579,0.9805194805194806,0.9741935483870968
10,clab-nebula-serf52,55,1.5,154,152,151,1,3,0.993421052631579,0.9805194805194806,0.9741935483870968
10,clab-nebula-serf52,60,1.5,157,152,152,0,5,1.0,0.9681528662420382,0.9681528662420382
10,clab-nebula-serf71,5,1.5,0,0,0,0,0,0.0,0.0,0.0
10,clab-nebula-serf71,10,1.5,15,16,11,5,4,0.6875,0.7333333333333333,0.55
10,clab-nebula-serf71,15,1.5,33,16,16,0,17,1.0,0.48484848484848486,0.48484848484848486
10,clab-nebula-serf71,20,1.5,57,28,18,10,39,0.6428571428571429,0.3157894736842105,0.26865671641791045
10,clab-nebula-serf71,25,1.5,83,29,25,4,58,0.8620689655172413,0.30120481927710846,0.28735632183908044
10,clab-nebula-serf71,30,1.5,107,36,32,4,75,0.8888888888888888,0.29906542056074764,0.2882882882882883
10,clab-nebula-serf71,35,1.5,119,112,100,12,19,0.8928571428571429,0.8403361344537815,0.7633587786259542
10,clab-nebula-serf71,40,1.5,124,112,103,9,21,0.9196428571428571,0.8306451612903226,0.7744360902255639
10,clab-nebula-serf71,45,1.5,146,152,143,9,3,0.9407894736842105,0.9794520547945206,0.9225806451612903
10,clab-nebula-serf71,50,1.5,154,153,151,2,3,0.9869281045751634,0.9805194805194806,0.967948717948718
10,clab-nebula-serf71,55,1.5,156,153,152,1,4,0.9934640522875817,0.9743589743589743,0.9681528662420382
10,clab-nebula-serf71,60,1.5,161,161,161,0,0,1.0,1.0,1.0
10,clab-nebula-serf26,5,1.5,3,9,3,6,0,0.3333333333333333,1.0,0.3333333333333333
10,clab-nebula-serf26,10,1.5,19,17,13,4,6,0.7647058823529411,0.6842105263157895,0.5652173913043478
10,clab-nebula-serf26,15,1.5,31,28,24,4,7,0.8571428571428571,0.7741935483870968,0.6857142857142857
10,clab-nebula-serf26,20,1.5,58,55,45,10,13,0.8181818181818182,0.7758620689655172,0.6617647058823529
10,clab-nebula-serf26,25,1.5,87,58,55,3,32,0.9482758620689655,0.632183908045977,0.6111111111111112
10,clab-nebula-serf26,30,1.5,94,102,80,22,14,0.7843137254901961,0.851063829787234,0.6896551724137931
10,clab-nebula-serf26,35,1.5,108,111,90,21,18,0.8108108108108109,0.8333333333333334,0.6976744186046512
10,clab-nebula-serf26,40,1.5,121,111,101,10,20,0.9099099099099099,0.8347107438016529,0.7709923664122137
10,clab-nebula-serf26,45,1.5,124,112,103,9,21,0.9196428571428571,0.8306451612903226,0.7744360902255639
10,clab-nebula-serf26,50,1.5,137,152,134,18,3,0.881578947368421,0.9781021897810219,0.864516129032258
10,clab-nebula-serf26,55,1.5,154,152,151,1,3,0.993421052631579,0.9805194805194806,0.9741935483870968
10,clab-nebula-serf26,60,1.5,155,152,151,1,4,0.993421052631579,0.9741935483870968,0.967948717948718
10,clab-nebula-serf34,5,1.5,1,0,0,0,1,0,0.0,0.0
10,clab-nebula-serf34,10,1.5,9,8,3,5,6,0.375,0.3333333333333333,0.21428571428571427
10,clab-nebula-serf34,15,1.5,27,8,6,2,21,0.75,0.2222222222222222,0.20689655172413793
10,clab-nebula-serf34,20,1.5,67,8,8,0,59,1.0,0.11940298507462686,0.11940298507462686
10,clab-nebula-serf34,25,1.5,85,57,54,3,31,0.9473684210526315,0.6352941176470588,0.6136363636363636
10,clab-nebula-serf34,30,1.5,95,62,60,2,35,0.967741935483871,0.631578947368421,0.6185567010309279
10,clab-nebula-serf34,35,1.5,112,111,92,19,20,0.8288288288288288,0.8214285714285714,0.7022900763358778
10,clab-nebula-serf34,40,1.5,121,111,101,10,20,0.9099099099099099,0.8347107438016529,0.7709923664122137
10,clab-nebula-serf34,45,1.5,124,112,103,9,21,0.9196428571428571,0.8306451612903226,0.7744360902255639
10,clab-nebula-serf34,50,1.5,149,152,146,6,3,0.9605263157894737,0.9798657718120806,0.9419354838709677
10,clab-nebula-serf34,55,1.5,154,152,151,1,3,0.993421052631579,0.9805194805194806,0.9741935483870968
10,clab-nebula-serf34,60,1.5,156,152,152,0,4,1.0,0.9743589743589743,0.9743589743589743
10,clab-nebula-serf126,5,1.5,0,0,0,0,0,0.0,0.0,0.0
10,clab-nebula-serf126,10,1.5,3,2,2,0,1,1.0,0.6666666666666666,0.6666666666666666
10,clab-nebula-serf126,15,1.5,15,22,10,12,5,0.45454545454545453,0.6666666666666666,0.37037037037037035
10,clab-nebula-serf126,20,1.5,47,40,34,6,13,0.85,0.723404255319149,0.6415094339622641
10,clab-nebula-serf126,25,1.5,59,40,38,2,21,0.95,0.6440677966101694,0.6229508196721312
10,clab-nebula-serf126,30,1.5,92,98,72,26,20,0.7346938775510204,0.782608695652174,0.6101694915254238
10,clab-nebula-serf126,35,1.5,121,137,110,27,11,0.8029197080291971,0.9090909090909091,0.7432432432432432
10,clab-nebula-serf126,40,1.5,138,152,137,15,1,0.9013157894736842,0.9927536231884058,0.8954248366013072
10,clab-nebula-serf126,45,1.5,146,152,145,7,1,0.9539473684210527,0.9931506849315068,0.9477124183006536
10,clab-nebula-serf126,50,1.5,156,152,152,0,4,1.0,0.9743589743589743,0.9743589743589743
10,clab-nebula-serf126,55,1.5,161,161,161,0,0,1.0,1.0,1.0
10,clab-nebula-serf126,60,1.5,161,161,161,0,0,1.0,1.0,1.0
10,clab-nebula-serf36,5,1.5,0,0,0,0,0,0.0,0.0,0.0
10,clab-nebula-serf36,10,1.5,2,2,0,2,2,0.0,0.0,0.0
10,clab-nebula-serf36,15,1.5,17,8,5,3,12,0.625,0.29411764705882354,0.25
10,clab-nebula-serf36,20,1.5,53,8,7,1,46,0.875,0.1320754716981132,0.12962962962962962
10,clab-nebula-serf36,25,1.5,79,57,50,7,29,0.8771929824561403,0.6329113924050633,0.5813953488372093
10,clab-nebula-serf36,30,1.5,92,57,54,3,38,0.9473684210526315,0.5869565217391305,0.5684210526315789
10,clab-nebula-serf36,35,1.5,108,103,91,12,17,0.883495145631068,0.8425925925925926,0.7583333333333333
10,clab-nebula-serf36,40,1.5,121,111,101,10,20,0.9099099099099099,0.8347107438016529,0.7709923664122137
10,clab-nebula-serf36,45,1.5,124,112,103,9,21,0.9196428571428571,0.8306451612903226,0.7744360902255639
10,clab-nebula-serf36,50,1.5,137,152,134,18,3,0.881578947368421,0.9781021897810219,0.864516129032258
10,clab-nebula-serf36,55,1.5,154,152,151,1,3,0.993421052631579,0.9805194805194806,0.9741935483870968
10,clab-nebula-serf36,60,1.5,154,152,151,1,3,0.993421052631579,0.9805194805194806,0.9741935483870968
10,clab-nebula-serf82,5,1.5,0,0,0,0,0,0.0,0.0,0.0
10,clab-nebula-serf82,10,1.5,0,0,0,0,0,0.0,0.0,0.0
10,clab-nebula-serf82,15,1.5,0,0,0,0,0,0.0,0.0,0.0
10,clab-nebula-serf82,20,1.5,0,0,0,0,0,0.0,0.0,0.0
10,clab-nebula-serf82,25,1.5,0,0,0,0,0,0.0,0.0,0.0
10,clab-nebula-serf82,30,1.5,0,0,0,0,0,0.0,0.0,0.0
10,clab-nebula-serf82,35,1.5,16,29,6,23,10,0.20689655172413793,0.375,0.15384615384615385
10,clab-nebula-serf82,40,1.5,61,35,21,14,40,0.6,0.3442622950819672,0.28
10,clab-nebula-serf82,45,1.5,94,58,45,13,49,0.7758620689655172,0.4787234042553192,0.4205607476635514
10,clab-nebula-serf82,50,1.5,111,97,91,6,20,0.9381443298969072,0.8198198198198198,0.7777777777777778
10,clab-nebula-serf82,55,1.5,121,103,100,3,21,0.970873786407767,0.8264462809917356,0.8064516129032258
10,clab-nebula-serf82,60,1.5,148,152,146,6,2,0.9605263157894737,0.9864864864864865,0.948051948051948
10,clab-nebula-serf85,5,1.5,0,0,0,0,0,0.0,0.0,0.0
10,clab-nebula-serf85,10,1.5,4,6,3,3,1,0.5,0.75,0.42857142857142855
10,clab-nebula-serf85,15,1.5,19,10,10,0,9,1.0,0.5263157894736842,0.5263157894736842
10,clab-nebula-serf85,20,1.5,35,10,10,0,25,1.0,0.2857142857142857,0.2857142857142857
10,clab-nebula-serf85,25,1.5,57,13,10,3,47,0.7692307692307693,0.17543859649122806,0.16666666666666666
10,clab-nebula-serf85,30,1.5,82,13,10,3,72,0.7692307692307693,0.12195121951219512,0.11764705882352941
10,clab-nebula-serf85,35,1.5,111,13,13,0,98,1.0,0.11711711711711711,0.11711711711711711
10,clab-nebula-serf85,40,1.5,119,14,13,1,106,0.9285714285714286,0.1092436974789916,0.10833333333333334
10,clab-nebula-serf85,45,1.5,134,28,26,2,108,0.9285714285714286,0.19402985074626866,0.19117647058823528
10,clab-nebula-serf85,50,1.5,149,153,146,7,3,0.954248366013072,0.9798657718120806,0.9358974358974359
10,clab-nebula-serf85,55,1.5,154,153,151,2,3,0.9869281045751634,0.9805194805194806,0.967948717948718
10,clab-nebula-serf85,60,1.5,157,161,157,4,0,0.9751552795031055,1.0,0.9751552795031055
10,clab-nebula-serf97,5,1.5,5,6,5,1,0,0.8333333333333334,1.0,0.8333333333333334
10,clab-nebula-serf97,10,1.5,7,7,7,0,0,1.0,1.0,1.0
10,clab-nebula-serf97,15,1.5,7,7,7,0,0,1.0,1.0,1.0
10,clab-nebula-serf97,20,1.5,9,9,7,2,2,0.7777777777777778,0.7777777777777778,0.6363636363636364
10,clab-nebula-serf97,25,1.5,17,9,9,0,8,1.0,0.5294117647058824,0.5294117647058824
10,clab-nebula-serf97,30,1.5,41,39,29,10,12,0.7435897435897436,0.7073170731707317,0.5686274509803921
10,clab-nebula-serf97,35,1.5,80,112,65,47,15,0.5803571428571429,0.8125,0.5118110236220472
10,clab-nebula-serf97,40,1.5,126,152,125,27,1,0.8223684210526315,0.9920634920634921,0.8169934640522876
10,clab-nebula-serf97,45,1.5,149,152,147,5,2,0.9671052631578947,0.9865771812080537,0.9545454545454546
10,clab-nebula-serf97,50,1.5,159,152,152,0,7,1.0,0.9559748427672956,0.9559748427672956
10,clab-nebula-serf97,55,1.5,161,161,161,0,0,1.0,1.0,1.0
10,clab-nebula-serf97,60,1.5,161,161,161,0,0,1.0,1.0,1.0
10,clab-nebula-serf99,5,1.5,6,6,6,0,0,1.0,1.0,1.0
10,clab-nebula-serf99,10,1.5,7,7,7,0,0,1.0,1.0,1.0
10,clab-nebula-serf99,15,1.5,7,7,7,0,0,1.0,1.0,1.0
10,clab-nebula-serf99,20,1.5,11,9,9,0,2,1.0,0.8181818181818182,0.8181818181818182
10,clab-nebula-serf99,25,1.5,24,9,9,0,15,1.0,0.375,0.375
10,clab-nebula-serf99,30,1.5,52,39,35,4,17,0.8974358974358975,0.6730769230769231,0.625
10,clab-nebula-serf99,35,1.5,82,112,65,47,17,0.5803571428571429,0.7926829268292683,0.5038759689922481
10,clab-nebula-serf99,40,1.5,137,152,136,16,1,0.8947368421052632,0.9927007299270073,0.8888888888888888
10,clab-nebula-serf99,45,1.5,148,152,147,5,1,0.9671052631578947,0.9932432432432432,0.9607843137254902
10,clab-nebula-serf99,50,1.5,159,152,152,0,7,1.0,0.9559748427672956,0.9559748427672956
10,clab-nebula-serf99,55,1.5,160,161,160,1,0,0.9937888198757764,1.0,0.9937888198757764
10,clab-nebula-serf99,60,1.5,161,161,161,0,0,1.0,1.0,1.0
10,clab-nebula-serf124,5,1.5,0,0,0,0,0,0.0,0.0,0.0
10,clab-nebula-serf124,10,1.5,3,0,0,0,3,0,0.0,0.0
10,clab-nebula-serf124,15,1.5,8,2,2,0,6,1.0,0.25,0.25
10,clab-nebula-serf124,20,1.5,15,2,2,0,13,1.0,0.13333333333333333,0.13333333333333333
10,clab-nebula-serf124,25,1.5,29,24,10,14,19,0.4166666666666667,0.3448275862068966,0.23255813953488372
10,clab-nebula-serf124,30,1.5,81,79,65,14,16,0.8227848101265823,0.8024691358024691,0.6842105263157895
10,clab-nebula-serf124,35,1.5,114,136,103,33,11,0.7573529411764706,0.9035087719298246,0.7006802721088435
10,clab-nebula-serf124,40,1.5,133,137,120,17,13,0.8759124087591241,0.9022556390977443,0.8
10,clab-nebula-serf124,45,1.5,145,138,132,6,13,0.9565217391304348,0.9103448275862069,0.8741721854304636
10,clab-nebula-serf124,50,1.5,156,152,149,3,7,0.9802631578947368,0.9551282051282052,0.9371069182389937
10,clab-nebula-serf124,55,1.5,161,161,161,0,0,1.0,1.0,1.0
10,clab-nebula-serf124,60,1.5,161,161,161,0,0,1.0,1.0,1.0
10,clab-nebula-serf157,5,1.5,4,2,2,0,2,1.0,0.5,0.5
10,clab-nebula-serf157,10,1.5,4,2,2,0,2,1.0,0.5,0.5
10,clab-nebula-serf157,15,1.5,5,5,5,0,0,1.0,1.0,1.0
10,clab-nebula-serf157,20,1.5,9,17,9,8,0,0.5294117647058824,1.0,0.5294117647058824
10,clab-nebula-serf157,25,1.5,16,26,12,14,4,0.46153846153846156,0.75,0.4
10,clab-nebula-serf157,30,1.5,35,26,25,1,10,0.9615384615384616,0.7142857142857143,0.6944444444444444
10,clab-nebula-serf157,35,1.5,40,40,30,10,10,0.75,0.75,0.6
10,clab-nebula-serf157,40,1.5,54,40,36,4,18,0.9,0.6666666666666666,0.6206896551724138
10,clab-nebula-serf157,45,1.5,70,79,56,23,14,0.7088607594936709,0.8,0.6021505376344086
10,clab-nebula-serf157,50,1.5,109,98,79,19,30,0.8061224489795918,0.7247706422018348,0.6171875
10,clab-nebula-serf157,55,1.5,136,152,135,17,1,0.8881578947368421,0.9926470588235294,0.8823529411764706
10,clab-nebula-serf157,60,1.5,148,152,147,5,1,0.9671052631578947,0.9932432432432432,0.9607843137254902
10,clab-nebula-serf159,5,1.5,4,2,2,0,2,1.0,0.5,0.5
10,clab-nebula-serf159,10,1.5,4,2,2,0,2,1.0,0.5,0.5
10,clab-nebula-serf159,15,1.5,5,5,5,0,0,1.0,1.0,1.0
10,clab-nebula-serf159,20,1.5,9,16,9,7,0,0.5625,1.0,0.5625
10,clab-nebula-serf159,25,1.5,16,26,12,14,4,0.46153846153846156,0.75,0.4
10,clab-nebula-serf159,30,1.5,35,26,25,1,10,0.9615384615384616,0.7142857142857143,0.6944444444444444
10,clab-nebula-serf159,35,1.5,40,40,30,10,10,0.75,0.75,0.6
10,clab-nebula-serf159,40,1.5,54,40,36,4,18,0.9,0.6666666666666666,0.6206896551724138
10,clab-nebula-serf159,45,1.5,70,79,56,23,14,0.7088607594936709,0.8,0.6021505376344086
10,clab-nebula-serf159,50,1.5,108,98,79,19,29,0.8061224489795918,0.7314814814814815,0.6220472440944882
10,clab-nebula-serf159,55,1.5,136,152,135,17,1,0.8881578947368421,0.9926470588235294,0.8823529411764706
10,clab-nebula-serf159,60,1.5,148,152,147,5,1,0.9671052631578947,0.9932432432432432,0.9607843137254902
10,clab-nebula-serf1,5,1.5,0,0,0,0,0,0.0,0.0,0.0
10,clab-nebula-serf1,10,1.5,6,10,6,4,0,0.6,1.0,0.6
10,clab-nebula-serf1,15,1.5,12,13,11,2,1,0.8461538461538461,0.9166666666666666,0.7857142857142857
10,clab-nebula-serf1,20,1.5,19,25,19,6,0,0.76,1.0,0.76
10,clab-nebula-serf1,25,1.5,37,62,34,28,3,0.5483870967741935,0.918918918918919,0.5230769230769231
10,clab-nebula-serf1,30,1.5,74,62,48,14,26,0.7741935483870968,0.6486486486486487,0.5454545454545454
10,clab-nebula-serf1,35,1.5,91,111,79,32,12,0.7117117117117117,0.8681318681318682,0.6422764227642277
10,clab-nebula-serf1,40,1.5,107,115,93,22,14,0.808695652173913,0.8691588785046729,0.7209302325581395
10,clab-nebula-serf1,45,1.5,117,153,114,39,3,0.7450980392156863,0.9743589743589743,0.7307692307692307
10,clab-nebula-serf1,50,1.5,121,153,118,35,3,0.7712418300653595,0.9752066115702479,0.7564102564102564
10,clab-nebula-serf1,55,1.5,133,153,130,23,3,0.8496732026143791,0.9774436090225563,0.8333333333333334
10,clab-nebula-serf1,60,1.5,153,153,148,5,5,0.9673202614379085,0.9673202614379085,0.9367088607594937
10,clab-nebula-serf33,5,1.5,3,6,2,4,1,0.3333333333333333,0.6666666666666666,0.2857142857142857
10,clab-nebula-serf33,10,1.5,20,8,6,2,14,0.75,0.3,0.2727272727272727
10,clab-nebula-serf33,15,1.5,53,8,8,0,45,1.0,0.1509433962264151,0.1509433962264151
10,clab-nebula-serf33,20,1.5,78,57,51,6,27,0.8947368421052632,0.6538461538461539,0.6071428571428571
10,clab-nebula-serf33,25,1.5,90,57,54,3,36,0.9473684210526315,0.6,0.5806451612903226
10,clab-nebula-serf33,30,1.5,105,111,88,23,17,0.7927927927927928,0.8380952380952381,0.6875
10,clab-nebula-serf33,35,1.5,119,111,99,12,20,0.8918918918918919,0.8319327731092437,0.7557251908396947
10,clab-nebula-serf33,40,1.5,124,112,103,9,21,0.9196428571428571,0.8306451612903226,0.7744360902255639
10,clab-nebula-serf33,45,1.5,128,112,106,6,22,0.9464285714285714,0.828125,0.7910447761194029
10,clab-nebula-serf33,50,1.5,154,152,151,1,3,0.993421052631579,0.9805194805194806,0.9741935483870968
10,clab-nebula-serf33,55,1.5,154,152,151,1,3,0.993421052631579,0.9805194805194806,0.9741935483870968
10,clab-nebula-serf33,60,1.5,157,152,152,0,5,1.0,0.9681528662420382,0.9681528662420382
10,clab-nebula-serf123,5,1.5,0,0,0,0,0,0.0,0.0,0.0
10,clab-nebula-serf123,10,1.5,2,1,0,1,2,0.0,0.0,0.0
10,clab-nebula-serf123,15,1.5,11,10,5,5,6,0.5,0.45454545454545453,0.3125
10,clab-nebula-serf123,20,1.5,16,11,8,3,8,0.7272727272727273,0.5,0.42105263157894735
10,clab-nebula-serf123,25,1.5,42,36,27,9,15,0.75,0.6428571428571429,0.5294117647058824
10,clab-nebula-serf123,30,1.5,89,61,40,21,49,0.6557377049180327,0.449438202247191,0.36363636363636365
10,clab-nebula-serf123,35,1.5,128,152,127,25,1,0.8355263157894737,0.9921875,0.8300653594771242
10,clab-nebula-serf123,40,1.5,143,152,142,10,1,0.9342105263157895,0.993006993006993,0.9281045751633987
10,clab-nebula-serf123,45,1.5,152,152,149,3,3,0.9802631578947368,0.9802631578947368,0.9612903225806452
10,clab-nebula-serf123,50,1.5,158,153,153,0,5,1.0,0.9683544303797469,0.9683544303797469
10,clab-nebula-serf123,55,1.5,161,152,152,0,9,1.0,0.9440993788819876,0.9440993788819876
10,clab-nebula-serf123,60,1.5,161,152,152,0,9,1.0,0.9440993788819876,0.9440993788819876
10,clab-nebula-serf135,5,1.5,0,0,0,0,0,0.0,0.0,0.0
10,clab-nebula-serf135,10,1.5,0,0,0,0,0,0.0,0.0,0.0
10,clab-nebula-serf135,15,1.5,1,0,0,0,1,0,0.0,0.0
10,clab-nebula-serf135,20,1.5,14,14,14,0,0,1.0,1.0,1.0
10,clab-nebula-serf135,25,1.5,15,14,14,0,1,1.0,0.9333333333333333,0.9333333333333333
10,clab-nebula-serf135,30,1.5,25,40,24,16,1,0.6,0.96,0.5853658536585366
10,clab-nebula-serf135,35,1.5,42,40,32,8,10,0.8,0.7619047619047619,0.64
10,clab-nebula-serf135,40,1.5,54,40,38,2,16,0.95,0.7037037037037037,0.6785714285714286
10,clab-nebula-serf135,45,1.5,91,79,75,4,16,0.9493670886075949,0.8241758241758241,0.7894736842105263
10,clab-nebula-serf135,50,1.5,112,137,101,36,11,0.7372262773722628,0.9017857142857143,0.6824324324324325
10,clab-nebula-serf135,55,1.5,137,152,136,16,1,0.8947368421052632,0.9927007299270073,0.8888888888888888
10,clab-nebula-serf135,60,1.5,146,152,145,7,1,0.9539473684210527,0.9931506849315068,0.9477124183006536
10,clab-nebula-serf13,5,1.5,0,0,0,0,0,0.0,0.0,0.0
10,clab-nebula-serf13,10,1.5,7,10,5,5,2,0.5,0.7142857142857143,0.4166666666666667
10,clab-nebula-serf13,15,1.5,24,18,18,0,6,1.0,0.75,0.75
10,clab-nebula-serf13,20,1.5,50,58,33,25,17,0.5689655172413793,0.66,0.44
10,clab-nebula-serf13,25,1.5,76,62,52,10,24,0.8387096774193549,0.6842105263157895,0.6046511627906976
10,clab-nebula-serf13,30,1.5,92,62,58,4,34,0.9354838709677419,0.6304347826086957,0.6041666666666666
10,clab-nebula-serf13,35,1.5,110,112,94,18,16,0.8392857142857143,0.8545454545454545,0.734375
10,clab-nebula-serf13,40,1.5,120,113,100,13,20,0.8849557522123894,0.8333333333333334,0.7518796992481203
10,clab-nebula-serf13,45,1.5,124,115,103,12,21,0.8956521739130435,0.8306451612903226,0.7573529411764706
10,clab-nebula-serf13,50,1.5,144,152,141,11,3,0.9276315789473685,0.9791666666666666,0.9096774193548387
10,clab-nebula-serf13,55,1.5,154,152,151,1,3,0.993421052631579,0.9805194805194806,0.9741935483870968
10,clab-nebula-serf13,60,1.5,157,152,152,0,5,1.0,0.9681528662420382,0.9681528662420382
10,clab-nebula-serf47,5,1.5,4,5,3,2,1,0.6,0.75,0.5
10,clab-nebula-serf47,10,1.5,12,17,11,6,1,0.6470588235294118,0.9166666666666666,0.6111111111111112
10,clab-nebula-serf47,15,1.5,25,18,14,4,11,0.7777777777777778,0.56,0.4827586206896552
10,clab-nebula-serf47,20,1.5,51,56,42,14,9,0.75,0.8235294117647058,0.6461538461538462
10,clab-nebula-serf47,25,1.5,82,57,54,3,28,0.9473684210526315,0.6585365853658537,0.6352941176470588
10,clab-nebula-serf47,30,1.5,100,102,87,15,13,0.8529411764705882,0.87,0.7565217391304347
10,clab-nebula-serf47,35,1.5,120,111,100,11,20,0.9009009009009009,0.8333333333333334,0.7633587786259542
10,clab-nebula-serf47,40,1.5,124,112,103,9,21,0.9196428571428571,0.8306451612903226,0.7744360902255639
10,clab-nebula-serf47,45,1.5,126,115,105,10,21,0.9130434782608695,0.8333333333333334,0.7720588235294118
10,clab-nebula-serf47,50,1.5,154,152,151,1,3,0.993421052631579,0.9805194805194806,0.9741935483870968
10,clab-nebula-serf47,55,1.5,154,152,151,1,3,0.993421052631579,0.9805194805194806,0.9741935483870968
10,clab-nebula-serf47,60,1.5,156,152,152,0,4,1.0,0.9743589743589743,0.9743589743589743
10,clab-nebula-serf84,5,1.5,0,0,0,0,0,0.0,0.0,0.0
10,clab-nebula-serf84,10,1.5,0,0,0,0,0,0.0,0.0,0.0
10,clab-nebula-serf84,15,1.5,4,3,2,1,2,0.6666666666666666,0.5,0.4
10,clab-nebula-serf84,20,1.5,18,10,10,0,8,1.0,0.5555555555555556,0.5555555555555556
10,clab-nebula-serf84,25,1.5,35,10,10,0,25,1.0,0.2857142857142857,0.2857142857142857
10,clab-nebula-serf84,30,1.5,57,13,10,3,47,0.7692307692307693,0.17543859649122806,0.16666666666666666
10,clab-nebula-serf84,35,1.5,81,13,10,3,71,0.7692307692307693,0.12345679012345678,0.11904761904761904
10,clab-nebula-serf84,40,1.5,110,13,13,0,97,1.0,0.11818181818181818,0.11818181818181818
10,clab-nebula-serf84,45,1.5,119,13,13,0,106,1.0,0.1092436974789916,0.1092436974789916
10,clab-nebula-serf84,50,1.5,128,35,21,14,107,0.6,0.1640625,0.14788732394366197
10,clab-nebula-serf84,55,1.5,142,152,139,13,3,0.9144736842105263,0.9788732394366197,0.896774193548387
10,clab-nebula-serf84,60,1.5,154,153,151,2,3,0.9869281045751634,0.9805194805194806,0.967948717948718
10,clab-nebula-serf92,5,1.5,0,0,0,0,0,0.0,0.0,0.0
10,clab-nebula-serf92,10,1.5,9,12,5,7,4,0.4166666666666667,0.5555555555555556,0.3125
10,clab-nebula-serf92,15,1.5,30,16,16,0,14,1.0,0.5333333333333333,0.5333333333333333
10,clab-nebula-serf92,20,1.5,47,16,16,0,31,1.0,0.3404255319148936,0.3404255319148936
10,clab-nebula-serf92,25,1.5,77,29,21,8,56,0.7241379310344828,0.2727272727272727,0.24705882352941178
10,clab-nebula-serf92,30,1.5,103,36,29,7,74,0.8055555555555556,0.2815533980582524,0.2636363636363636
10,clab-nebula-serf92,35,1.5,118,112,99,13,19,0.8839285714285714,0.8389830508474576,0.7557251908396947
10,clab-nebula-serf92,40,1.5,123,112,102,10,21,0.9107142857142857,0.8292682926829268,0.7669172932330827
10,clab-nebula-serf92,45,1.5,137,115,104,11,33,0.9043478260869565,0.7591240875912408,0.7027027027027027
10,clab-nebula-serf92,50,1.5,154,153,151,2,3,0.9869281045751634,0.9805194805194806,0.967948717948718
10,clab-nebula-serf92,55,1.5,154,153,151,2,3,0.9869281045751634,0.9805194805194806,0.967948717948718
10,clab-nebula-serf92,60,1.5,158,161,158,3,0,0.9813664596273292,1.0,0.9813664596273292
10,clab-nebula-serf106,5,1.5,0,0,0,0,0,0.0,0.0,0.0
10,clab-nebula-serf106,10,1.5,2,1,1,0,1,1.0,0.5,0.5
10,clab-nebula-serf106,15,1.5,4,6,4,2,0,0.6666666666666666,1.0,0.6666666666666666
10,clab-nebula-serf106,20,1.5,8,10,8,2,0,0.8,1.0,0.8
10,clab-nebula-serf106,25,1.5,27,36,18,18,9,0.5,0.6666666666666666,0.4
10,clab-nebula-serf106,30,1.5,55,43,37,6,18,0.8604651162790697,0.6727272727272727,0.6065573770491803
10,clab-nebula-serf106,35,1.5,86,58,46,12,40,0.7931034482758621,0.5348837209302325,0.46938775510204084
10,clab-nebula-serf106,40,1.5,130,152,129,23,1,0.8486842105263158,0.9923076923076923,0.8431372549019608
10,clab-nebula-serf106,45,1.5,145,152,144,8,1,0.9473684210526315,0.993103448275862,0.9411764705882353
10,clab-nebula-serf106,50,1.5,153,152,151,1,2,0.993421052631579,0.9869281045751634,0.9805194805194806
10,clab-nebula-serf106,55,1.5,155,152,152,0,3,1.0,0.9806451612903225,0.9806451612903225
10,clab-nebula-serf106,60,1.5,161,152,152,0,9,1.0,0.9440993788819876,0.9440993788819876
10,clab-nebula-serf108,5,1.5,0,0,0,0,0,0.0,0.0,0.0
10,clab-nebula-serf108,10,1.5,2,2,0,2,2,0.0,0.0,0.0
10,clab-nebula-serf108,15,1.5,7,10,7,3,0,0.7,1.0,0.7
10,clab-nebula-serf108,20,1.5,16,11,10,1,6,0.9090909090909091,0.625,0.5882352941176471
10,clab-nebula-serf108,25,1.5,46,36,30,6,16,0.8333333333333334,0.6521739130434783,0.5769230769230769
10,clab-nebula-serf108,30,1.5,73,61,42,19,31,0.6885245901639344,0.5753424657534246,0.45652173913043476
10,clab-nebula-serf108,35,1.5,122,97,83,14,39,0.8556701030927835,0.680327868852459,0.6102941176470589
10,clab-nebula-serf108,40,1.5,144,152,143,9,1,0.9407894736842105,0.9930555555555556,0.934640522875817
10,clab-nebula-serf108,45,1.5,149,152,148,4,1,0.9736842105263158,0.9932885906040269,0.9673202614379085
10,clab-nebula-serf108,50,1.5,155,152,152,0,3,1.0,0.9806451612903225,0.9806451612903225
10,clab-nebula-serf108,55,1.5,158,152,152,0,6,1.0,0.9620253164556962,0.9620253164556962
10,clab-nebula-serf108,60,1.5,161,152,152,0,9,1.0,0.9440993788819876,0.9440993788819876
10,clab-nebula-serf119,5,1.5,2,2,2,0,0,1.0,1.0,1.0
10,clab-nebula-serf119,10,1.5,2,2,2,0,0,1.0,1.0,1.0
10,clab-nebula-serf119,15,1.5,2,2,2,0,0,1.0,1.0,1.0
10,clab-nebula-serf119,20,1.5,2,2,2,0,0,1.0,1.0,1.0
10,clab-nebula-serf119,25,1.5,3,3,3,0,0,1.0,1.0,1.0
10,clab-nebula-serf119,30,1.5,3,3,3,0,0,1.0,1.0,1.0
10,clab-nebula-serf119,35,1.5,3,3,3,0,0,1.0,1.0,1.0
10,clab-nebula-serf119,40,1.5,4,3,3,0,1,1.0,0.75,0.75
10,clab-nebula-serf119,45,1.5,5,3,3,0,2,1.0,0.6,0.6
10,clab-nebula-serf119,50,1.5,17,3,3,0,14,1.0,0.17647058823529413,0.17647058823529413
10,clab-nebula-serf119,55,1.5,27,3,3,0,24,1.0,0.1111111111111111,0.1111111111111111
10,clab-nebula-serf119,60,1.5,53,103,48,55,5,0.46601941747572817,0.9056603773584906,0.4444444444444444
10,clab-nebula-serf125,5,1.5,0,0,0,0,0,0.0,0.0,0.0
10,clab-nebula-serf125,10,1.5,3,2,2,0,1,1.0,0.6666666666666666,0.6666666666666666
10,clab-nebula-serf125,15,1.5,12,22,7,15,5,0.3181818181818182,0.5833333333333334,0.25925925925925924
10,clab-nebula-serf125,20,1.5,45,40,33,7,12,0.825,0.7333333333333333,0.6346153846153846
10,clab-nebula-serf125,25,1.5,58,40,38,2,20,0.95,0.6551724137931034,0.6333333333333333
10,clab-nebula-serf125,30,1.5,84,79,67,12,17,0.8481012658227848,0.7976190476190477,0.6979166666666666
10,clab-nebula-serf125,35,1.5,112,98,82,16,30,0.8367346938775511,0.7321428571428571,0.640625
10,clab-nebula-serf125,40,1.5,137,152,136,16,1,0.8947368421052632,0.9927007299270073,0.8888888888888888
10,clab-nebula-serf125,45,1.5,146,152,145,7,1,0.9539473684210527,0.9931506849315068,0.9477124183006536
10,clab-nebula-serf125,50,1.5,155,152,151,1,4,0.993421052631579,0.9741935483870968,0.967948717948718
10,clab-nebula-serf125,55,1.5,161,161,161,0,0,1.0,1.0,1.0
10,clab-nebula-serf125,60,1.5,161,161,161,0,0,1.0,1.0,1.0
10,clab-nebula-serf54,5,1.5,1,0,0,0,1,0,0.0,0.0
10,clab-nebula-serf54,10,1.5,11,11,7,4,4,0.6363636363636364,0.6363636363636364,0.4666666666666667
10,clab-nebula-serf54,15,1.5,35,25,19,6,16,0.76,0.5428571428571428,0.4634146341463415
10,clab-nebula-serf54,20,1.5,66,37,32,5,34,0.8648648648648649,0.48484848484848486,0.4507042253521127
10,clab-nebula-serf54,25,1.5,83,57,51,6,32,0.8947368421052632,0.6144578313253012,0.5730337078651685
10,clab-nebula-serf54,30,1.5,99,102,86,16,13,0.8431372549019608,0.8686868686868687,0.7478260869565218
10,clab-nebula-serf54,35,1.5,119,112,100,12,19,0.8928571428571429,0.8403361344537815,0.7633587786259542
10,clab-nebula-serf54,40,1.5,122,112,102,10,20,0.9107142857142857,0.8360655737704918,0.7727272727272727
10,clab-nebula-serf54,45,1.5,126,115,104,11,22,0.9043478260869565,0.8253968253968254,0.7591240875912408
10,clab-nebula-serf54,50,1.5,153,152,150,2,3,0.9868421052631579,0.9803921568627451,0.967741935483871
10,clab-nebula-serf54,55,1.5,154,152,151,1,3,0.993421052631579,0.9805194805194806,0.9741935483870968
10,clab-nebula-serf54,60,1.5,157,152,152,0,5,1.0,0.9681528662420382,0.9681528662420382
10,clab-nebula-serf57,5,1.5,4,5,3,2,1,0.6,0.75,0.5
10,clab-nebula-serf57,10,1.5,13,6,3,3,10,0.5,0.23076923076923078,0.1875
10,clab-nebula-serf57,15,1.5,57,35,24,11,33,0.6857142857142857,0.42105263157894735,0.35294117647058826
10,clab-nebula-serf57,20,1.5,76,36,33,3,43,0.9166666666666666,0.4342105263157895,0.4177215189873418
10,clab-nebula-serf57,25,1.5,90,57,52,5,38,0.9122807017543859,0.5777777777777777,0.5473684210526316
10,clab-nebula-serf57,30,1.5,113,103,94,9,19,0.912621359223301,0.831858407079646,0.7704918032786885
10,clab-nebula-serf57,35,1.5,121,111,101,10,20,0.9099099099099099,0.8347107438016529,0.7709923664122137
10,clab-nebula-serf57,40,1.5,124,112,103,9,21,0.9196428571428571,0.8306451612903226,0.7744360902255639
10,clab-nebula-serf57,45,1.5,144,152,141,11,3,0.9276315789473685,0.9791666666666666,0.9096774193548387
10,clab-nebula-serf57,50,1.5,154,152,151,1,3,0.993421052631579,0.9805194805194806,0.9741935483870968
10,clab-nebula-serf57,55,1.5,155,152,151,1,4,0.993421052631579,0.9741935483870968,0.967948717948718
10,clab-nebula-serf57,60,1.5,158,153,153,0,5,1.0,0.9683544303797469,0.9683544303797469
10,clab-nebula-serf24,5,1.5,0,0,0,0,0,0.0,0.0,0.0
10,clab-nebula-serf24,10,1.5,2,1,1,0,1,1.0,0.5,0.5
10,clab-nebula-serf24,15,1.5,5,7,5,2,0,0.7142857142857143,1.0,0.7142857142857143
10,clab-nebula-serf24,20,1.5,17,17,12,5,5,0.7058823529411765,0.7058823529411765,0.5454545454545454
10,clab-nebula-serf24,25,1.5,29,28,22,6,7,0.7857142857142857,0.7586206896551724,0.6285714285714286
10,clab-nebula-serf24,30,1.5,48,55,41,14,7,0.7454545454545455,0.8541666666666666,0.6612903225806451
10,clab-nebula-serf24,35,1.5,83,59,54,5,29,0.9152542372881356,0.6506024096385542,0.6136363636363636
10,clab-nebula-serf24,40,1.5,93,102,80,22,13,0.7843137254901961,0.8602150537634409,0.6956521739130435
10,clab-nebula-serf24,45,1.5,103,102,89,13,14,0.8725490196078431,0.8640776699029126,0.7672413793103449
10,clab-nebula-serf24,50,1.5,120,111,100,11,20,0.9009009009009009,0.8333333333333334,0.7633587786259542
10,clab-nebula-serf24,55,1.5,124,112,103,9,21,0.9196428571428571,0.8306451612903226,0.7744360902255639
10,clab-nebula-serf24,60,1.5,129,152,126,26,3,0.8289473684210527,0.9767441860465116,0.8129032258064516
10,clab-nebula-serf42,5,1.5,0,0,0,0,0,0.0,0.0,0.0
10,clab-nebula-serf42,10,1.5,0,0,0,0,0,0.0,0.0,0.0
10,clab-nebula-serf42,15,1.5,2,4,1,3,1,0.25,0.5,0.2
10,clab-nebula-serf42,20,1.5,15,8,4,4,11,0.5,0.26666666666666666,0.21052631578947367
10,clab-nebula-serf42,25,1.5,38,8,7,1,31,0.875,0.18421052631578946,0.1794871794871795
10,clab-nebula-serf42,30,1.5,71,8,8,0,63,1.0,0.11267605633802817,0.11267605633802817
10,clab-nebula-serf42,35,1.5,88,58,55,3,33,0.9482758620689655,0.625,0.6043956043956044
10,clab-nebula-serf42,40,1.5,101,111,87,24,14,0.7837837837837838,0.8613861386138614,0.696
10,clab-nebula-serf42,45,1.5,117,111,97,14,20,0.8738738738738738,0.8290598290598291,0.7404580152671756
10,clab-nebula-serf42,50,1.5,123,112,103,9,20,0.9196428571428571,0.8373983739837398,0.7803030303030303
10,clab-nebula-serf42,55,1.5,127,112,105,7,22,0.9375,0.8267716535433071,0.7835820895522388
10,clab-nebula-serf42,60,1.5,153,152,150,2,3,0.9868421052631579,0.9803921568627451,0.967741935483871
10,clab-nebula-serf48,5,1.5,0,0,0,0,0,0.0,0.0,0.0
10,clab-nebula-serf48,10,1.5,5,7,5,2,0,0.7142857142857143,1.0,0.7142857142857143
10,clab-nebula-serf48,15,1.5,21,18,11,7,10,0.6111111111111112,0.5238095238095238,0.39285714285714285
10,clab-nebula-serf48,20,1.5,37,18,15,3,22,0.8333333333333334,0.40540540540540543,0.375
10,clab-nebula-serf48,25,1.5,79,57,52,5,27,0.9122807017543859,0.6582278481012658,0.6190476190476191
10,clab-nebula-serf48,30,1.5,88,62,57,5,31,0.9193548387096774,0.6477272727272727,0.6129032258064516
10,clab-nebula-serf48,35,1.5,114,111,94,17,20,0.8468468468468469,0.8245614035087719,0.7175572519083969
10,clab-nebula-serf48,40,1.5,121,111,101,10,20,0.9099099099099099,0.8347107438016529,0.7709923664122137
10,clab-nebula-serf48,45,1.5,124,111,103,8,21,0.9279279279279279,0.8306451612903226,0.7803030303030303
10,clab-nebula-serf48,50,1.5,141,152,138,14,3,0.9078947368421053,0.9787234042553191,0.8903225806451613
10,clab-nebula-serf48,55,1.5,154,152,151,1,3,0.993421052631579,0.9805194805194806,0.9741935483870968
10,clab-nebula-serf48,60,1.5,155,152,152,0,3,1.0,0.9806451612903225,0.9806451612903225
10,clab-nebula-serf2,5,1.5,0,0,0,0,0,0.0,0.0,0.0
10,clab-nebula-serf2,10,1.5,1,2,1,1,0,0.5,1.0,0.5
10,clab-nebula-serf2,15,1.5,5,13,5,8,0,0.38461538461538464,1.0,0.38461538461538464
10,clab-nebula-serf2,20,1.5,10,13,10,3,0,0.7692307692307693,1.0,0.7692307692307693
10,clab-nebula-serf2,25,1.5,19,25,19,6,0,0.76,1.0,0.76
10,clab-nebula-serf2,30,1.5,32,42,29,13,3,0.6904761904761905,0.90625,0.6444444444444445
10,clab-nebula-serf2,35,1.5,67,62,45,17,22,0.7258064516129032,0.6716417910447762,0.5357142857142857
10,clab-nebula-serf2,40,1.5,84,62,55,7,29,0.8870967741935484,0.6547619047619048,0.6043956043956044
10,clab-nebula-serf2,45,1.5,99,112,86,26,13,0.7678571428571429,0.8686868686868687,0.688
10,clab-nebula-serf2,50,1.5,114,115,97,18,17,0.8434782608695652,0.8508771929824561,0.7348484848484849
10,clab-nebula-serf2,55,1.5,120,152,117,35,3,0.7697368421052632,0.975,0.7548387096774194
10,clab-nebula-serf2,60,1.5,124,152,121,31,3,0.7960526315789473,0.9758064516129032,0.7806451612903226
10,clab-nebula-serf21,5,1.5,2,9,2,7,0,0.2222222222222222,1.0,0.2222222222222222
10,clab-nebula-serf21,10,1.5,4,9,4,5,0,0.4444444444444444,1.0,0.4444444444444444
10,clab-nebula-serf21,15,1.5,16,17,12,5,4,0.7058823529411765,0.75,0.5714285714285714
10,clab-nebula-serf21,20,1.5,32,28,24,4,8,0.8571428571428571,0.75,0.6666666666666666
10,clab-nebula-serf21,25,1.5,56,28,27,1,29,0.9642857142857143,0.48214285714285715,0.47368421052631576
10,clab-nebula-serf21,30,1.5,84,58,55,3,29,0.9482758620689655,0.6547619047619048,0.632183908045977
10,clab-nebula-serf21,35,1.5,94,102,80,22,14,0.7843137254901961,0.851063829787234,0.6896551724137931
10,clab-nebula-serf21,40,1.5,107,111,90,21,17,0.8108108108108109,0.8411214953271028,0.703125
10,clab-nebula-serf21,45,1.5,121,111,101,10,20,0.9099099099099099,0.8347107438016529,0.7709923664122137
10,clab-nebula-serf21,50,1.5,124,111,103,8,21,0.9279279279279279,0.8306451612903226,0.7803030303030303
10,clab-nebula-serf21,55,1.5,133,152,130,22,3,0.8552631578947368,0.9774436090225563,0.8387096774193549
10,clab-nebula-serf21,60,1.5,154,152,151,1,3,0.993421052631579,0.9805194805194806,0.9741935483870968
10,clab-nebula-serf67,5,1.5,0,0,0,0,0,0.0,0.0,0.0
10,clab-nebula-serf67,10,1.5,5,4,2,2,3,0.5,0.4,0.2857142857142857
10,clab-nebula-serf67,15,1.5,26,16,16,0,10,1.0,0.6153846153846154,0.6153846153846154
10,clab-nebula-serf67,20,1.5,41,16,16,0,25,1.0,0.3902439024390244,0.3902439024390244
10,clab-nebula-serf67,25,1.5,76,36,21,15,55,0.5833333333333334,0.27631578947368424,0.23076923076923078
10,clab-nebula-serf67,30,1.5,98,99,80,19,18,0.8080808080808081,0.8163265306122449,0.6837606837606838
10,clab-nebula-serf67,35,1.5,115,111,97,14,18,0.8738738738738738,0.8434782608695652,0.751937984496124
10,clab-nebula-serf67,40,1.5,122,112,102,10,20,0.9107142857142857,0.8360655737704918,0.7727272727272727
10,clab-nebula-serf67,45,1.5,135,115,104,11,31,0.9043478260869565,0.7703703703703704,0.7123287671232876
10,clab-nebula-serf67,50,1.5,154,153,151,2,3,0.9869281045751634,0.9805194805194806,0.967948717948718
10,clab-nebula-serf67,55,1.5,154,153,151,2,3,0.9869281045751634,0.9805194805194806,0.967948717948718
10,clab-nebula-serf67,60,1.5,158,161,158,3,0,0.9813664596273292,1.0,0.9813664596273292
10,clab-nebula-serf102,5,1.5,5,4,4,0,1,1.0,0.8,0.8
10,clab-nebula-serf102,10,1.5,7,7,7,0,0,1.0,1.0,1.0
10,clab-nebula-serf102,15,1.5,7,7,7,0,0,1.0,1.0,1.0
10,clab-nebula-serf102,20,1.5,10,9,8,1,2,0.8888888888888888,0.8,0.7272727272727273
10,clab-nebula-serf102,25,1.5,21,9,9,0,12,1.0,0.42857142857142855,0.42857142857142855
10,clab-nebula-serf102,30,1.5,40,39,28,11,12,0.717948717948718,0.7,0.5490196078431373
10,clab-nebula-serf102,35,1.5,76,112,62,50,14,0.5535714285714286,0.8157894736842105,0.49206349206349204
10,clab-nebula-serf102,40,1.5,124,152,123,29,1,0.8092105263157895,0.9919354838709677,0.803921568627451
10,clab-nebula-serf102,45,1.5,144,152,143,9,1,0.9407894736842105,0.9930555555555556,0.934640522875817
10,clab-nebula-serf102,50,1.5,157,152,152,0,5,1.0,0.9681528662420382,0.9681528662420382
10,clab-nebula-serf102,55,1.5,160,161,160,1,0,0.9937888198757764,1.0,0.9937888198757764
10,clab-nebula-serf102,60,1.5,161,161,161,0,0,1.0,1.0,1.0
10,clab-nebula-serf110,5,1.5,0,0,0,0,0,0.0,0.0,0.0
10,clab-nebula-serf110,10,1.5,0,0,0,0,0,0.0,0.0,0.0
10,clab-nebula-serf110,15,1.5,2,3,2,1,0,0.6666666666666666,1.0,0.6666666666666666
10,clab-nebula-serf110,20,1.5,7,7,6,1,1,0.8571428571428571,0.8571428571428571,0.75
10,clab-nebula-serf110,25,1.5,15,11,9,2,6,0.8181818181818182,0.6,0.5294117647058824
10,clab-nebula-serf110,30,1.5,37,36,23,13,14,0.6388888888888888,0.6216216216216216,0.46
10,clab-nebula-serf110,35,1.5,69,58,42,16,27,0.7241379310344828,0.6086956521739131,0.49411764705882355
10,clab-nebula-serf110,40,1.5,107,100,80,20,27,0.8,0.7476635514018691,0.6299212598425197
10,clab-nebula-serf110,45,1.5,143,152,142,10,1,0.9342105263157895,0.993006993006993,0.9281045751633987
10,clab-nebula-serf110,50,1.5,148,152,147,5,1,0.9671052631578947,0.9932432432432432,0.9607843137254902
10,clab-nebula-serf110,55,1.5,154,152,152,0,2,1.0,0.987012987012987,0.987012987012987
10,clab-nebula-serf110,60,1.5,157,152,152,0,5,1.0,0.9681528662420382,0.9681528662420382
10,clab-nebula-serf132,5,1.5,0,0,0,0,0,0.0,0.0,0.0
10,clab-nebula-serf132,10,1.5,0,0,0,0,0,0.0,0.0,0.0
10,clab-nebula-serf132,15,1.5,11,14,11,3,0,0.7857142857142857,1.0,0.7857142857142857
10,clab-nebula-serf132,20,1.5,14,14,14,0,0,1.0,1.0,1.0
10,clab-nebula-serf132,25,1.5,23,29,22,7,1,0.7586206896551724,0.9565217391304348,0.7333333333333333
10,clab-nebula-serf132,30,1.5,37,40,28,12,9,0.7,0.7567567567567568,0.5714285714285714
10,clab-nebula-serf132,35,1.5,48,40,36,4,12,0.9,0.75,0.6923076923076923
10,clab-nebula-serf132,40,1.5,78,79,64,15,14,0.810126582278481,0.8205128205128205,0.6881720430107527
10,clab-nebula-serf132,45,1.5,104,137,93,44,11,0.6788321167883211,0.8942307692307693,0.6283783783783784
10,clab-nebula-serf132,50,1.5,132,152,131,21,1,0.8618421052631579,0.9924242424242424,0.8562091503267973
10,clab-nebula-serf132,55,1.5,144,152,143,9,1,0.9407894736842105,0.9930555555555556,0.934640522875817
10,clab-nebula-serf132,60,1.5,151,152,149,3,2,0.9802631578947368,0.9867549668874173,0.9675324675324676
10,clab-nebula-serf134,5,1.5,0,0,0,0,0,0.0,0.0,0.0
10,clab-nebula-serf134,10,1.5,0,0,0,0,0,0.0,0.0,0.0
10,clab-nebula-serf134,15,1.5,1,0,0,0,1,0,0.0,0.0
10,clab-nebula-serf134,20,1.5,14,14,14,0,0,1.0,1.0,1.0
10,clab-nebula-serf134,25,1.5,16,30,16,14,0,0.5333333333333333,1.0,0.5333333333333333
10,clab-nebula-serf134,30,1.5,26,40,24,16,2,0.6,0.9230769230769231,0.5714285714285714
10,clab-nebula-serf134,35,1.5,43,40,33,7,10,0.825,0.7674418604651163,0.66
10,clab-nebula-serf134,40,1.5,57,75,47,28,10,0.6266666666666667,0.8245614035087719,0.5529411764705883
10,clab-nebula-serf134,45,1.5,91,84,73,11,18,0.8690476190476191,0.8021978021978022,0.7156862745098039
10,clab-nebula-serf134,50,1.5,116,138,104,34,12,0.7536231884057971,0.896551724137931,0.6933333333333334
10,clab-nebula-serf134,55,1.5,137,152,136,16,1,0.8947368421052632,0.9927007299270073,0.8888888888888888
10,clab-nebula-serf134,60,1.5,147,152,146,6,1,0.9605263157894737,0.9931972789115646,0.954248366013072
10,clab-nebula-serf137,5,1.5,0,0,0,0,0,0.0,0.0,0.0
10,clab-nebula-serf137,10,1.5,0,0,0,0,0,0.0,0.0,0.0
10,clab-nebula-serf137,15,1.5,2,0,0,0,2,0,0.0,0.0
10,clab-nebula-serf137,20,1.5,14,14,14,0,0,1.0,1.0,1.0
10,clab-nebula-serf137,25,1.5,20,29,20,9,0,0.6896551724137931,1.0,0.6896551724137931
10,clab-nebula-serf137,30,1.5,26,40,24,16,2,0.6,0.9230769230769231,0.5714285714285714
10,clab-nebula-serf137,35,1.5,44,40,34,6,10,0.85,0.7727272727272727,0.68
10,clab-nebula-serf137,40,1.5,55,40,38,2,17,0.95,0.6909090909090909,0.6666666666666666
10,clab-nebula-serf137,45,1.5,90,79,73,6,17,0.9240506329113924,0.8111111111111111,0.7604166666666666
10,clab-nebula-serf137,50,1.5,115,138,103,35,12,0.7463768115942029,0.8956521739130435,0.6866666666666666
10,clab-nebula-serf137,55,1.5,137,152,136,16,1,0.8947368421052632,0.9927007299270073,0.8888888888888888
10,clab-nebula-serf137,60,1.5,148,152,147,5,1,0.9671052631578947,0.9932432432432432,0.9607843137254902
10,clab-nebula-serf10,5,1.5,1,0,0,0,1,0,0.0,0.0
10,clab-nebula-serf10,10,1.5,9,6,5,1,4,0.8333333333333334,0.5555555555555556,0.5
10,clab-nebula-serf10,15,1.5,20,21,16,5,4,0.7619047619047619,0.8,0.64
10,clab-nebula-serf10,20,1.5,40,42,32,10,8,0.7619047619047619,0.8,0.64
10,clab-nebula-serf10,25,1.5,71,62,49,13,22,0.7903225806451613,0.6901408450704225,0.5833333333333334
10,clab-nebula-serf10,30,1.5,88,102,77,25,11,0.7549019607843137,0.875,0.6814159292035398
10,clab-nebula-serf10,35,1.5,103,112,90,22,13,0.8035714285714286,0.8737864077669902,0.72
10,clab-nebula-serf10,40,1.5,120,115,100,15,20,0.8695652173913043,0.8333333333333334,0.7407407407407407
10,clab-nebula-serf10,45,1.5,121,115,101,14,20,0.8782608695652174,0.8347107438016529,0.7481481481481481
10,clab-nebula-serf10,50,1.5,129,152,126,26,3,0.8289473684210527,0.9767441860465116,0.8129032258064516
10,clab-nebula-serf10,55,1.5,153,152,150,2,3,0.9868421052631579,0.9803921568627451,0.967741935483871
10,clab-nebula-serf10,60,1.5,156,152,151,1,5,0.993421052631579,0.967948717948718,0.9617834394904459
10,clab-nebula-serf46,5,1.5,0,0,0,0,0,0.0,0.0,0.0
10,clab-nebula-serf46,10,1.5,3,2,1,1,2,0.5,0.3333333333333333,0.25
10,clab-nebula-serf46,15,1.5,11,18,9,9,2,0.5,0.8181818181818182,0.45
10,clab-nebula-serf46,20,1.5,26,18,12,6,14,0.6666666666666666,0.46153846153846156,0.375
10,clab-nebula-serf46,25,1.5,54,18,16,2,38,0.8888888888888888,0.2962962962962963,0.2857142857142857
10,clab-nebula-serf46,30,1.5,81,57,53,4,28,0.9298245614035088,0.654320987654321,0.6235294117647059
10,clab-nebula-serf46,35,1.5,100,102,87,15,13,0.8529411764705882,0.87,0.7565217391304347
10,clab-nebula-serf46,40,1.5,121,111,101,10,20,0.9099099099099099,0.8347107438016529,0.7709923664122137
10,clab-nebula-serf46,45,1.5,124,111,103,8,21,0.9279279279279279,0.8306451612903226,0.7803030303030303
10,clab-nebula-serf46,50,1.5,127,115,106,9,21,0.9217391304347826,0.8346456692913385,0.7794117647058824
10,clab-nebula-serf46,55,1.5,154,152,151,1,3,0.993421052631579,0.9805194805194806,0.9741935483870968
10,clab-nebula-serf46,60,1.5,154,152,151,1,3,0.993421052631579,0.9805194805194806,0.9741935483870968
10,clab-nebula-serf74,5,1.5,0,0,0,0,0,0.0,0.0,0.0
10,clab-nebula-serf74,10,1.5,9,8,6,2,3,0.75,0.6666666666666666,0.5454545454545454
10,clab-nebula-serf74,15,1.5,26,16,16,0,10,1.0,0.6153846153846154,0.6153846153846154
10,clab-nebula-serf74,20,1.5,45,28,18,10,27,0.6428571428571429,0.4,0.32727272727272727
10,clab-nebula-serf74,25,1.5,82,29,25,4,57,0.8620689655172413,0.3048780487804878,0.29069767441860467
10,clab-nebula-serf74,30,1.5,106,111,88,23,18,0.7927927927927928,0.8301886792452831,0.6821705426356589
10,clab-nebula-serf74,35,1.5,117,112,99,13,18,0.8839285714285714,0.8461538461538461,0.7615384615384615
10,clab-nebula-serf74,40,1.5,124,112,103,9,21,0.9196428571428571,0.8306451612903226,0.7744360902255639
10,clab-nebula-serf74,45,1.5,145,152,142,10,3,0.9342105263157895,0.9793103448275862,0.9161290322580645
10,clab-nebula-serf74,50,1.5,154,153,151,2,3,0.9869281045751634,0.9805194805194806,0.967948717948718
10,clab-nebula-serf74,55,1.5,155,153,151,2,4,0.9869281045751634,0.9741935483870968,0.9617834394904459
10,clab-nebula-serf74,60,1.5,159,153,153,0,6,1.0,0.9622641509433962,0.9622641509433962
10,clab-nebula-serf76,5,1.5,2,1,0,1,2,0.0,0.0,0.0
10,clab-nebula-serf76,10,1.5,25,16,16,0,9,1.0,0.64,0.64
10,clab-nebula-serf76,15,1.5,38,16,16,0,22,1.0,0.42105263157894735,0.42105263157894735
10,clab-nebula-serf76,20,1.5,68,29,21,8,47,0.7241379310344828,0.3088235294117647,0.27631578947368424
10,clab-nebula-serf76,25,1.5,89,29,26,3,63,0.896551724137931,0.29213483146067415,0.2826086956521739
10,clab-nebula-serf76,30,1.5,111,103,93,10,18,0.9029126213592233,0.8378378378378378,0.768595041322314
10,clab-nebula-serf76,35,1.5,121,112,102,10,19,0.9107142857142857,0.8429752066115702,0.7786259541984732
10,clab-nebula-serf76,40,1.5,129,115,103,12,26,0.8956521739130435,0.7984496124031008,0.7304964539007093
10,clab-nebula-serf76,45,1.5,153,153,150,3,3,0.9803921568627451,0.9803921568627451,0.9615384615384616
10,clab-nebula-serf76,50,1.5,154,153,151,2,3,0.9869281045751634,0.9805194805194806,0.967948717948718
10,clab-nebula-serf76,55,1.5,158,153,153,0,5,1.0,0.9683544303797469,0.9683544303797469
10,clab-nebula-serf76,60,1.5,161,161,161,0,0,1.0,1.0,1.0
10,clab-nebula-serf149,5,1.5,0,0,0,0,0,0.0,0.0,0.0
10,clab-nebula-serf149,10,1.5,0,0,0,0,0,0.0,0.0,0.0
10,clab-nebula-serf149,15,1.5,1,0,0,0,1,0,0.0,0.0
10,clab-nebula-serf149,20,1.5,11,9,8,1,3,0.8888888888888888,0.7272727272727273,0.6666666666666666
10,clab-nebula-serf149,25,1.5,17,9,9,0,8,1.0,0.5294117647058824,0.5294117647058824
10,clab-nebula-serf149,30,1.5,25,9,9,0,16,1.0,0.36,0.36
10,clab-nebula-serf149,35,1.5,48,9,9,0,39,1.0,0.1875,0.1875
10,clab-nebula-serf149,40,1.5,60,9,9,0,51,1.0,0.15,0.15
10,clab-nebula-serf149,45,1.5,89,11,9,2,80,0.8181818181818182,0.10112359550561797,0.0989010989010989
10,clab-nebula-serf149,50,1.5,124,12,11,1,113,0.9166666666666666,0.08870967741935484,0.088
10,clab-nebula-serf149,55,1.5,143,152,142,10,1,0.9342105263157895,0.993006993006993,0.9281045751633987
10,clab-nebula-serf149,60,1.5,152,152,149,3,3,0.9802631578947368,0.9802631578947368,0.9612903225806452
10,clab-nebula-serf20,5,1.5,2,2,2,0,0,1.0,1.0,1.0
10,clab-nebula-serf20,10,1.5,4,2,2,0,2,1.0,0.5,0.5
10,clab-nebula-serf20,15,1.5,15,17,10,7,5,0.5882352941176471,0.6666666666666666,0.45454545454545453
10,clab-nebula-serf20,20,1.5,26,28,21,7,5,0.75,0.8076923076923077,0.6363636363636364
10,clab-nebula-serf20,25,1.5,46,55,41,14,5,0.7454545454545455,0.8913043478260869,0.6833333333333333
10,clab-nebula-serf20,30,1.5,80,59,53,6,27,0.8983050847457628,0.6625,0.6162790697674418
10,clab-nebula-serf20,35,1.5,93,102,80,22,13,0.7843137254901961,0.8602150537634409,0.6956521739130435
10,clab-nebula-serf20,40,1.5,102,102,88,14,14,0.8627450980392157,0.8627450980392157,0.7586206896551724
10,clab-nebula-serf20,45,1.5,118,111,98,13,20,0.8828828828828829,0.8305084745762712,0.7480916030534351
10,clab-nebula-serf20,50,1.5,124,111,103,8,21,0.9279279279279279,0.8306451612903226,0.7803030303030303
10,clab-nebula-serf20,55,1.5,129,152,126,26,3,0.8289473684210527,0.9767441860465116,0.8129032258064516
10,clab-nebula-serf20,60,1.5,154,152,151,1,3,0.993421052631579,0.9805194805194806,0.9741935483870968
10,clab-nebula-serf22,5,1.5,0,0,0,0,0,0.0,0.0,0.0
10,clab-nebula-serf22,10,1.5,4,0,0,0,4,0,0.0,0.0
10,clab-nebula-serf22,15,1.5,10,17,8,9,2,0.47058823529411764,0.8,0.42105263157894735
10,clab-nebula-serf22,20,1.5,23,28,20,8,3,0.7142857142857143,0.8695652173913043,0.6451612903225806
10,clab-nebula-serf22,25,1.5,41,28,25,3,16,0.8928571428571429,0.6097560975609756,0.5681818181818182
10,clab-nebula-serf22,30,1.5,76,57,52,5,24,0.9122807017543859,0.6842105263157895,0.6419753086419753
10,clab-nebula-serf22,35,1.5,93,102,80,22,13,0.7843137254901961,0.8602150537634409,0.6956521739130435
10,clab-nebula-serf22,40,1.5,98,102,84,18,14,0.8235294117647058,0.8571428571428571,0.7241379310344828
10,clab-nebula-serf22,45,1.5,117,111,97,14,20,0.8738738738738738,0.8290598290598291,0.7404580152671756
10,clab-nebula-serf22,50,1.5,122,111,101,10,21,0.9099099099099099,0.8278688524590164,0.7651515151515151
10,clab-nebula-serf22,55,1.5,125,112,104,8,21,0.9285714285714286,0.832,0.7819548872180451
10,clab-nebula-serf22,60,1.5,153,152,150,2,3,0.9868421052631579,0.9803921568627451,0.967741935483871
10,clab-nebula-serf160,5,1.5,4,1,1,0,3,1.0,0.25,0.25
10,clab-nebula-serf160,10,1.5,4,1,1,0,3,1.0,0.25,0.25
10,clab-nebula-serf160,15,1.5,5,5,5,0,0,1.0,1.0,1.0
10,clab-nebula-serf160,20,1.5,10,25,9,16,1,0.36,0.9,0.34615384615384615
10,clab-nebula-serf160,25,1.5,25,26,18,8,7,0.6923076923076923,0.72,0.5454545454545454
10,clab-nebula-serf160,30,1.5,37,40,27,13,10,0.675,0.7297297297297297,0.54
10,clab-nebula-serf160,35,1.5,43,40,32,8,11,0.8,0.7441860465116279,0.6274509803921569
10,clab-nebula-serf160,40,1.5,58,40,38,2,20,0.95,0.6551724137931034,0.6333333333333333
10,clab-nebula-serf160,45,1.5,82,83,63,20,19,0.7590361445783133,0.7682926829268293,0.6176470588235294
10,clab-nebula-serf160,50,1.5,118,152,117,35,1,0.7697368421052632,0.9915254237288136,0.7647058823529411
10,clab-nebula-serf160,55,1.5,139,152,138,14,1,0.9078947368421053,0.9928057553956835,0.9019607843137255
10,clab-nebula-serf160,60,1.5,149,152,148,4,1,0.9736842105263158,0.9932885906040269,0.9673202614379085
10,clab-nebula-serf31,5,1.5,1,0,0,0,1,0,0.0,0.0
10,clab-nebula-serf31,10,1.5,13,17,9,8,4,0.5294117647058824,0.6923076923076923,0.42857142857142855
10,clab-nebula-serf31,15,1.5,28,28,21,7,7,0.75,0.75,0.6
10,clab-nebula-serf31,20,1.5,45,28,26,2,19,0.9285714285714286,0.5777777777777777,0.5531914893617021
10,clab-nebula-serf31,25,1.5,80,57,52,5,28,0.9122807017543859,0.65,0.611764705882353
10,clab-nebula-serf31,30,1.5,93,102,80,22,13,0.7843137254901961,0.8602150537634409,0.6956521739130435
10,clab-nebula-serf31,35,1.5,102,102,88,14,14,0.8627450980392157,0.8627450980392157,0.7586206896551724
10,clab-nebula-serf31,40,1.5,119,111,99,12,20,0.8918918918918919,0.8319327731092437,0.7557251908396947
10,clab-nebula-serf31,45,1.5,124,111,103,8,21,0.9279279279279279,0.8306451612903226,0.7803030303030303
10,clab-nebula-serf31,50,1.5,129,152,126,26,3,0.8289473684210527,0.9767441860465116,0.8129032258064516
10,clab-nebula-serf31,55,1.5,154,152,151,1,3,0.993421052631579,0.9805194805194806,0.9741935483870968
10,clab-nebula-serf31,60,1.5,154,152,151,1,3,0.993421052631579,0.9805194805194806,0.9741935483870968
10,clab-nebula-serf93,5,1.5,3,0,0,0,3,0,0.0,0.0
10,clab-nebula-serf93,10,1.5,16,16,10,6,6,0.625,0.625,0.45454545454545453
10,clab-nebula-serf93,15,1.5,37,16,16,0,21,1.0,0.43243243243243246,0.43243243243243246
10,clab-nebula-serf93,20,1.5,59,29,19,10,40,0.6551724137931034,0.3220338983050847,0.2753623188405797
10,clab-nebula-serf93,25,1.5,83,29,23,6,60,0.7931034482758621,0.27710843373493976,0.25842696629213485
10,clab-nebula-serf93,30,1.5,110,103,92,11,18,0.8932038834951457,0.8363636363636363,0.7603305785123967
10,clab-nebula-serf93,35,1.5,119,111,100,11,19,0.9009009009009009,0.8403361344537815,0.7692307692307693
10,clab-nebula-serf93,40,1.5,125,115,103,12,22,0.8956521739130435,0.824,0.7518248175182481
10,clab-nebula-serf93,45,1.5,142,152,139,13,3,0.9144736842105263,0.9788732394366197,0.896774193548387
10,clab-nebula-serf93,50,1.5,154,153,151,2,3,0.9869281045751634,0.9805194805194806,0.967948717948718
10,clab-nebula-serf93,55,1.5,156,161,156,5,0,0.968944099378882,1.0,0.968944099378882
10,clab-nebula-serf93,60,1.5,161,161,161,0,0,1.0,1.0,1.0
10,clab-nebula-serf122,5,1.5,0,0,0,0,0,0.0,0.0,0.0
10,clab-nebula-serf122,10,1.5,0,0,0,0,0,0.0,0.0,0.0
10,clab-nebula-serf122,15,1.5,8,2,2,0,6,1.0,0.25,0.25
10,clab-nebula-serf122,20,1.5,15,2,2,0,13,1.0,0.13333333333333333,0.13333333333333333
10,clab-nebula-serf122,25,1.5,22,2,2,0,20,1.0,0.09090909090909091,0.09090909090909091
10,clab-nebula-serf122,30,1.5,61,35,14,21,47,0.4,0.22950819672131148,0.17073170731707318
10,clab-nebula-serf122,35,1.5,106,98,77,21,29,0.7857142857142857,0.7264150943396226,0.6062992125984252
10,clab-nebula-serf122,40,1.5,133,152,132,20,1,0.868421052631579,0.9924812030075187,0.8627450980392157
10,clab-nebula-serf122,45,1.5,144,152,143,9,1,0.9407894736842105,0.9930555555555556,0.934640522875817
10,clab-nebula-serf122,50,1.5,154,152,151,1,3,0.993421052631579,0.9805194805194806,0.9741935483870968
10,clab-nebula-serf122,55,1.5,161,161,161,0,0,1.0,1.0,1.0
10,clab-nebula-serf122,60,1.5,161,161,161,0,0,1.0,1.0,1.0
10,clab-nebula-serf38,5,1.5,0,0,0,0,0,0.0,0.0,0.0
10,clab-nebula-serf38,10,1.5,4,3,2,1,2,0.6666666666666666,0.5,0.4
10,clab-nebula-serf38,15,1.5,24,8,6,2,18,0.75,0.25,0.23076923076923078
10,clab-nebula-serf38,20,1.5,56,8,8,0,48,1.0,0.14285714285714285,0.14285714285714285
10,clab-nebula-serf38,25,1.5,82,57,53,4,29,0.9298245614035088,0.6463414634146342,0.6162790697674418
10,clab-nebula-serf38,30,1.5,92,57,54,3,38,0.9473684210526315,0.5869565217391305,0.5684210526315789
10,clab-nebula-serf38,35,1.5,107,111,90,21,17,0.8108108108108109,0.8411214953271028,0.703125
10,clab-nebula-serf38,40,1.5,121,111,101,10,20,0.9099099099099099,0.8347107438016529,0.7709923664122137
10,clab-nebula-serf38,45,1.5,124,112,103,9,21,0.9196428571428571,0.8306451612903226,0.7744360902255639
10,clab-nebula-serf38,50,1.5,133,152,130,22,3,0.8552631578947368,0.9774436090225563,0.8387096774193549
10,clab-nebula-serf38,55,1.5,154,152,151,1,3,0.993421052631579,0.9805194805194806,0.9741935483870968
10,clab-nebula-serf38,60,1.5,154,152,151,1,3,0.993421052631579,0.9805194805194806,0.9741935483870968
10,clab-nebula-serf55,5,1.5,0,0,0,0,0,0.0,0.0,0.0
10,clab-nebula-serf55,10,1.5,9,6,5,1,4,0.8333333333333334,0.5555555555555556,0.5
10,clab-nebula-serf55,15,1.5,23,19,16,3,7,0.8421052631578947,0.6956521739130435,0.6153846153846154
10,clab-nebula-serf55,20,1.5,64,36,30,6,34,0.8333333333333334,0.46875,0.42857142857142855
10,clab-nebula-serf55,25,1.5,83,57,51,6,32,0.8947368421052632,0.6144578313253012,0.5730337078651685
10,clab-nebula-serf55,30,1.5,96,102,84,18,12,0.8235294117647058,0.875,0.7368421052631579
10,clab-nebula-serf55,35,1.5,119,112,100,12,19,0.8928571428571429,0.8403361344537815,0.7633587786259542
10,clab-nebula-serf55,40,1.5,121,112,101,11,20,0.9017857142857143,0.8347107438016529,0.7651515151515151
10,clab-nebula-serf55,45,1.5,126,115,104,11,22,0.9043478260869565,0.8253968253968254,0.7591240875912408
10,clab-nebula-serf55,50,1.5,153,152,150,2,3,0.9868421052631579,0.9803921568627451,0.967741935483871
10,clab-nebula-serf55,55,1.5,154,152,151,1,3,0.993421052631579,0.9805194805194806,0.9741935483870968
10,clab-nebula-serf55,60,1.5,157,152,152,0,5,1.0,0.9681528662420382,0.9681528662420382
10,clab-nebula-serf79,5,1.5,6,8,3,5,3,0.375,0.5,0.2727272727272727
10,clab-nebula-serf79,10,1.5,26,16,16,0,10,1.0,0.6153846153846154,0.6153846153846154
10,clab-nebula-serf79,15,1.5,41,16,16,0,25,1.0,0.3902439024390244,0.3902439024390244
10,clab-nebula-serf79,20,1.5,76,29,21,8,55,0.7241379310344828,0.27631578947368424,0.25
10,clab-nebula-serf79,25,1.5,96,29,26,3,70,0.896551724137931,0.2708333333333333,0.26262626262626265
10,clab-nebula-serf79,30,1.5,116,112,98,14,18,0.875,0.8448275862068966,0.7538461538461538
10,clab-nebula-serf79,35,1.5,121,112,102,10,19,0.9107142857142857,0.8429752066115702,0.7786259541984732
10,clab-nebula-serf79,40,1.5,135,115,104,11,31,0.9043478260869565,0.7703703703703704,0.7123287671232876
10,clab-nebula-serf79,45,1.5,153,153,150,3,3,0.9803921568627451,0.9803921568627451,0.9615384615384616
10,clab-nebula-serf79,50,1.5,154,153,151,2,3,0.9869281045751634,0.9805194805194806,0.967948717948718
10,clab-nebula-serf79,55,1.5,158,153,153,0,5,1.0,0.9683544303797469,0.9683544303797469
10,clab-nebula-serf79,60,1.5,161,161,161,0,0,1.0,1.0,1.0
10,clab-nebula-serf113,5,1.5,1,1,1,0,0,1.0,1.0,1.0
10,clab-nebula-serf113,10,1.5,1,1,1,0,0,1.0,1.0,1.0
10,clab-nebula-serf113,15,1.5,3,1,1,0,2,1.0,0.3333333333333333,0.3333333333333333
10,clab-nebula-serf113,20,1.5,19,9,7,2,12,0.7777777777777778,0.3684210526315789,0.3333333333333333
10,clab-nebula-serf113,25,1.5,28,58,21,37,7,0.3620689655172414,0.75,0.3230769230769231
10,clab-nebula-serf113,30,1.5,65,98,52,46,13,0.5306122448979592,0.8,0.46846846846846846
10,clab-nebula-serf113,35,1.5,105,113,89,24,16,0.7876106194690266,0.8476190476190476,0.689922480620155
10,clab-nebula-serf113,40,1.5,139,152,137,15,2,0.9013157894736842,0.9856115107913669,0.8896103896103896
10,clab-nebula-serf113,45,1.5,156,152,148,4,8,0.9736842105263158,0.9487179487179487,0.925
10,clab-nebula-serf113,50,1.5,159,152,151,1,8,0.993421052631579,0.949685534591195,0.94375
10,clab-nebula-serf113,55,1.5,161,161,161,0,0,1.0,1.0,1.0
10,clab-nebula-serf113,60,1.5,161,161,161,0,0,1.0,1.0,1.0
10,clab-nebula-serf120,5,1.5,2,2,2,0,0,1.0,1.0,1.0
10,clab-nebula-serf120,10,1.5,2,2,2,0,0,1.0,1.0,1.0
10,clab-nebula-serf120,15,1.5,2,2,2,0,0,1.0,1.0,1.0
10,clab-nebula-serf120,20,1.5,2,2,2,0,0,1.0,1.0,1.0
10,clab-nebula-serf120,25,1.5,2,2,2,0,0,1.0,1.0,1.0
10,clab-nebula-serf120,30,1.5,3,3,3,0,0,1.0,1.0,1.0
10,clab-nebula-serf120,35,1.5,3,3,3,0,0,1.0,1.0,1.0
10,clab-nebula-serf120,40,1.5,3,3,3,0,0,1.0,1.0,1.0
10,clab-nebula-serf120,45,1.5,5,3,3,0,2,1.0,0.6,0.6
10,clab-nebula-serf120,50,1.5,14,3,3,0,11,1.0,0.21428571428571427,0.21428571428571427
10,clab-nebula-serf120,55,1.5,24,3,3,0,21,1.0,0.125,0.125
10,clab-nebula-serf120,60,1.5,48,103,44,59,4,0.42718446601941745,0.9166666666666666,0.411214953271028
10,clab-nebula-serf128,5,1.5,0,0,0,0,0,0.0,0.0,0.0
10,clab-nebula-serf128,10,1.5,2,3,1,2,1,0.3333333333333333,0.5,0.25
10,clab-nebula-serf128,15,1.5,6,4,4,0,2,1.0,0.6666666666666666,0.6666666666666666
10,clab-nebula-serf128,20,1.5,20,11,10,1,10,0.9090909090909091,0.5,0.47619047619047616
10,clab-nebula-serf128,25,1.5,48,39,33,6,15,0.8461538461538461,0.6875,0.6111111111111112
10,clab-nebula-serf128,30,1.5,73,58,43,15,30,0.7413793103448276,0.589041095890411,0.48863636363636365
10,clab-nebula-serf128,35,1.5,111,97,82,15,29,0.845360824742268,0.7387387387387387,0.6507936507936508
10,clab-nebula-serf128,40,1.5,145,152,144,8,1,0.9473684210526315,0.993103448275862,0.9411764705882353
10,clab-nebula-serf128,45,1.5,150,152,149,3,1,0.9802631578947368,0.9933333333333333,0.9738562091503268
10,clab-nebula-serf128,50,1.5,155,152,152,0,3,1.0,0.9806451612903225,0.9806451612903225
10,clab-nebula-serf128,55,1.5,159,152,152,0,7,1.0,0.9559748427672956,0.9559748427672956
10,clab-nebula-serf128,60,1.5,161,152,152,0,9,1.0,0.9440993788819876,0.9440993788819876
10,clab-nebula-serf8,5,1.5,0,0,0,0,0,0.0,0.0,0.0
10,clab-nebula-serf8,10,1.5,5,5,5,0,0,1.0,1.0,1.0
10,clab-nebula-serf8,15,1.5,13,21,11,10,2,0.5238095238095238,0.8461538461538461,0.4782608695652174
10,clab-nebula-serf8,20,1.5,23,42,23,19,0,0.5476190476190477,1.0,0.5476190476190477
10,clab-nebula-serf8,25,1.5,44,62,37,25,7,0.5967741935483871,0.8409090909090909,0.5362318840579711
10,clab-nebula-serf8,30,1.5,76,62,51,11,25,0.8225806451612904,0.6710526315789473,0.5862068965517241
10,clab-nebula-serf8,35,1.5,89,102,78,24,11,0.7647058823529411,0.8764044943820225,0.6902654867256637
10,clab-nebula-serf8,40,1.5,105,112,92,20,13,0.8214285714285714,0.8761904761904762,0.736
10,clab-nebula-serf8,45,1.5,120,115,100,15,20,0.8695652173913043,0.8333333333333334,0.7407407407407407
10,clab-nebula-serf8,50,1.5,122,115,102,13,20,0.8869565217391304,0.8360655737704918,0.7555555555555555
10,clab-nebula-serf8,55,1.5,130,152,127,25,3,0.8355263157894737,0.9769230769230769,0.8193548387096774
10,clab-nebula-serf8,60,1.5,153,152,150,2,3,0.9868421052631579,0.9803921568627451,0.967741935483871
10,clab-nebula-serf27,5,1.5,0,0,0,0,0,0.0,0.0,0.0
10,clab-nebula-serf27,10,1.5,3,0,0,0,3,0,0.0,0.0
10,clab-nebula-serf27,15,1.5,7,0,0,0,7,0,0.0,0.0
10,clab-nebula-serf27,20,1.5,13,9,0,9,13,0.0,0.0,0.0
10,clab-nebula-serf27,25,1.5,24,9,4,5,20,0.4444444444444444,0.16666666666666666,0.13793103448275862
10,clab-nebula-serf27,30,1.5,38,55,34,21,4,0.6181818181818182,0.8947368421052632,0.576271186440678
10,clab-nebula-serf27,35,1.5,75,62,55,7,20,0.8870967741935484,0.7333333333333333,0.6707317073170732
10,clab-nebula-serf27,40,1.5,92,62,60,2,32,0.967741935483871,0.6521739130434783,0.6382978723404256
10,clab-nebula-serf27,45,1.5,98,111,84,27,14,0.7567567567567568,0.8571428571428571,0.672
10,clab-nebula-serf27,50,1.5,117,112,97,15,20,0.8660714285714286,0.8290598290598291,0.7348484848484849
10,clab-nebula-serf27,55,1.5,122,112,101,11,21,0.9017857142857143,0.8278688524590164,0.7593984962406015
10,clab-nebula-serf27,60,1.5,125,115,104,11,21,0.9043478260869565,0.832,0.7647058823529411
10,clab-nebula-serf78,5,1.5,0,0,0,0,0,0.0,0.0,0.0
10,clab-nebula-serf78,10,1.5,9,8,6,2,3,0.75,0.6666666666666666,0.5454545454545454
10,clab-nebula-serf78,15,1.5,27,16,16,0,11,1.0,0.5925925925925926,0.5925925925925926
10,clab-nebula-serf78,20,1.5,48,28,18,10,30,0.6428571428571429,0.375,0.3103448275862069
10,clab-nebula-serf78,25,1.5,80,29,23,6,57,0.7931034482758621,0.2875,0.26744186046511625
10,clab-nebula-serf78,30,1.5,102,36,28,8,74,0.7777777777777778,0.27450980392156865,0.2545454545454545
10,clab-nebula-serf78,35,1.5,118,112,99,13,19,0.8839285714285714,0.8389830508474576,0.7557251908396947
10,clab-nebula-serf78,40,1.5,123,112,103,9,20,0.9196428571428571,0.8373983739837398,0.7803030303030303
10,clab-nebula-serf78,45,1.5,140,115,107,8,33,0.9304347826086956,0.7642857142857142,0.722972972972973
10,clab-nebula-serf78,50,1.5,154,153,151,2,3,0.9869281045751634,0.9805194805194806,0.967948717948718
10,clab-nebula-serf78,55,1.5,155,153,151,2,4,0.9869281045751634,0.9741935483870968,0.9617834394904459
10,clab-nebula-serf78,60,1.5,158,153,153,0,5,1.0,0.9683544303797469,0.9683544303797469
10,clab-nebula-serf104,5,1.5,1,0,0,0,1,0,0.0,0.0
10,clab-nebula-serf104,10,1.5,3,1,1,0,2,1.0,0.3333333333333333,0.3333333333333333
10,clab-nebula-serf104,15,1.5,8,10,8,2,0,0.8,1.0,0.8
10,clab-nebula-serf104,20,1.5,25,36,16,20,9,0.4444444444444444,0.64,0.35555555555555557
10,clab-nebula-serf104,25,1.5,54,39,36,3,18,0.9230769230769231,0.6666666666666666,0.631578947368421
10,clab-nebula-serf104,30,1.5,87,58,46,12,41,0.7931034482758621,0.5287356321839081,0.46464646464646464
10,clab-nebula-serf104,35,1.5,130,152,129,23,1,0.8486842105263158,0.9923076923076923,0.8431372549019608
10,clab-nebula-serf104,40,1.5,145,152,144,8,1,0.9473684210526315,0.993103448275862,0.9411764705882353
10,clab-nebula-serf104,45,1.5,153,152,151,1,2,0.993421052631579,0.9869281045751634,0.9805194805194806
10,clab-nebula-serf104,50,1.5,155,152,152,0,3,1.0,0.9806451612903225,0.9806451612903225
10,clab-nebula-serf104,55,1.5,159,152,152,0,7,1.0,0.9559748427672956,0.9559748427672956
10,clab-nebula-serf104,60,1.5,161,152,152,0,9,1.0,0.9440993788819876,0.9440993788819876
10,clab-nebula-serf133,5,1.5,0,0,0,0,0,0.0,0.0,0.0
10,clab-nebula-serf133,10,1.5,0,0,0,0,0,0.0,0.0,0.0
10,clab-nebula-serf133,15,1.5,1,0,0,0,1,0,0.0,0.0
10,clab-nebula-serf133,20,1.5,14,14,14,0,0,1.0,1.0,1.0
10,clab-nebula-serf133,25,1.5,16,25,16,9,0,0.64,1.0,0.64
10,clab-nebula-serf133,30,1.5,26,40,24,16,2,0.6,0.9230769230769231,0.5714285714285714
10,clab-nebula-serf133,35,1.5,44,40,34,6,10,0.85,0.7727272727272727,0.68
10,clab-nebula-serf133,40,1.5,59,75,49,26,10,0.6533333333333333,0.8305084745762712,0.5764705882352941
10,clab-nebula-serf133,45,1.5,92,79,74,5,18,0.9367088607594937,0.8043478260869565,0.7628865979381443
10,clab-nebula-serf133,50,1.5,117,138,104,34,13,0.7536231884057971,0.8888888888888888,0.6887417218543046
10,clab-nebula-serf133,55,1.5,137,152,136,16,1,0.8947368421052632,0.9927007299270073,0.8888888888888888
10,clab-nebula-serf133,60,1.5,149,152,148,4,1,0.9736842105263158,0.9932885906040269,0.9673202614379085
10,clab-nebula-serf64,5,1.5,0,0,0,0,0,0.0,0.0,0.0
10,clab-nebula-serf64,10,1.5,0,0,0,0,0,0.0,0.0,0.0
10,clab-nebula-serf64,15,1.5,0,0,0,0,0,0.0,0.0,0.0
10,clab-nebula-serf64,20,1.5,7,5,0,5,7,0.0,0.0,0.0
10,clab-nebula-serf64,25,1.5,46,49,24,25,22,0.4897959183673469,0.5217391304347826,0.3380281690140845
10,clab-nebula-serf64,30,1.5,69,55,39,16,30,0.7090909090909091,0.5652173913043478,0.4588235294117647
10,clab-nebula-serf64,35,1.5,100,97,83,14,17,0.8556701030927835,0.83,0.7280701754385965
10,clab-nebula-serf64,40,1.5,116,97,94,3,22,0.9690721649484536,0.8103448275862069,0.7899159663865546
10,clab-nebula-serf64,45,1.5,123,111,102,9,21,0.918918918918919,0.8292682926829268,0.7727272727272727
10,clab-nebula-serf64,50,1.5,128,152,125,27,3,0.8223684210526315,0.9765625,0.8064516129032258
10,clab-nebula-serf64,55,1.5,154,152,151,1,3,0.993421052631579,0.9805194805194806,0.9741935483870968
10,clab-nebula-serf64,60,1.5,154,152,151,1,3,0.993421052631579,0.9805194805194806,0.9741935483870968
10,clab-nebula-serf73,5,1.5,4,0,0,0,4,0,0.0,0.0
10,clab-nebula-serf73,10,1.5,25,16,16,0,9,1.0,0.64,0.64
10,clab-nebula-serf73,15,1.5,39,16,16,0,23,1.0,0.41025641025641024,0.41025641025641024
10,clab-nebula-serf73,20,1.5,69,29,21,8,48,0.7241379310344828,0.30434782608695654,0.2727272727272727
10,clab-nebula-serf73,25,1.5,89,29,26,3,63,0.896551724137931,0.29213483146067415,0.2826086956521739
10,clab-nebula-serf73,30,1.5,113,111,95,16,18,0.8558558558558559,0.8407079646017699,0.7364341085271318
10,clab-nebula-serf73,35,1.5,121,112,102,10,19,0.9107142857142857,0.8429752066115702,0.7786259541984732
10,clab-nebula-serf73,40,1.5,130,115,103,12,27,0.8956521739130435,0.7923076923076923,0.7253521126760564
10,clab-nebula-serf73,45,1.5,151,153,148,5,3,0.9673202614379085,0.9801324503311258,0.9487179487179487
10,clab-nebula-serf73,50,1.5,154,153,151,2,3,0.9869281045751634,0.9805194805194806,0.967948717948718
10,clab-nebula-serf73,55,1.5,158,153,153,0,5,1.0,0.9683544303797469,0.9683544303797469
10,clab-nebula-serf73,60,1.5,161,161,161,0,0,1.0,1.0,1.0
10,clab-nebula-serf118,5,1.5,2,2,2,0,0,1.0,1.0,1.0
10,clab-nebula-serf118,10,1.5,2,2,2,0,0,1.0,1.0,1.0
10,clab-nebula-serf118,15,1.5,2,2,2,0,0,1.0,1.0,1.0
10,clab-nebula-serf118,20,1.5,2,2,2,0,0,1.0,1.0,1.0
10,clab-nebula-serf118,25,1.5,2,2,2,0,0,1.0,1.0,1.0
10,clab-nebula-serf118,30,1.5,3,3,3,0,0,1.0,1.0,1.0
10,clab-nebula-serf118,35,1.5,3,3,3,0,0,1.0,1.0,1.0
10,clab-nebula-serf118,40,1.5,3,3,3,0,0,1.0,1.0,1.0
10,clab-nebula-serf118,45,1.5,5,3,3,0,2,1.0,0.6,0.6
10,clab-nebula-serf118,50,1.5,15,3,3,0,12,1.0,0.2,0.2
10,clab-nebula-serf118,55,1.5,25,3,3,0,22,1.0,0.12,0.12
10,clab-nebula-serf118,60,1.5,48,103,43,60,5,0.4174757281553398,0.8958333333333334,0.39814814814814814
10,clab-nebula-serf5,5,1.5,0,0,0,0,0,0.0,0.0,0.0
10,clab-nebula-serf5,10,1.5,3,4,3,1,0,0.75,1.0,0.75
10,clab-nebula-serf5,15,1.5,7,11,7,4,0,0.6363636363636364,1.0,0.6363636363636364
10,clab-nebula-serf5,20,1.5,14,25,14,11,0,0.56,1.0,0.56
10,clab-nebula-serf5,25,1.5,19,25,19,6,0,0.76,1.0,0.76
10,clab-nebula-serf5,30,1.5,46,62,38,24,8,0.6129032258064516,0.8260869565217391,0.5428571428571428
10,clab-nebula-serf5,35,1.5,80,62,52,10,28,0.8387096774193549,0.65,0.5777777777777777
10,clab-nebula-serf5,40,1.5,92,112,79,33,13,0.7053571428571429,0.8586956521739131,0.632
10,clab-nebula-serf5,45,1.5,108,115,94,21,14,0.8173913043478261,0.8703703703703703,0.7286821705426356
10,clab-nebula-serf5,50,1.5,118,153,115,38,3,0.7516339869281046,0.9745762711864406,0.7371794871794872
10,clab-nebula-serf5,55,1.5,121,153,118,35,3,0.7712418300653595,0.9752066115702479,0.7564102564102564
10,clab-nebula-serf5,60,1.5,143,152,140,12,3,0.9210526315789473,0.9790209790209791,0.9032258064516129
10,clab-nebula-serf87,5,1.5,3,3,3,0,0,1.0,1.0,1.0
10,clab-nebula-serf87,10,1.5,3,3,3,0,0,1.0,1.0,1.0
10,clab-nebula-serf87,15,1.5,11,10,9,1,2,0.9,0.8181818181818182,0.75
10,clab-nebula-serf87,20,1.5,24,10,10,0,14,1.0,0.4166666666666667,0.4166666666666667
10,clab-nebula-serf87,25,1.5,49,10,10,0,39,1.0,0.20408163265306123,0.20408163265306123
10,clab-nebula-serf87,30,1.5,80,13,10,3,70,0.7692307692307693,0.125,0.12048192771084337
10,clab-nebula-serf87,35,1.5,108,15,13,2,95,0.8666666666666667,0.12037037037037036,0.11818181818181818
10,clab-nebula-serf87,40,1.5,120,28,16,12,104,0.5714285714285714,0.13333333333333333,0.12121212121212122
10,clab-nebula-serf87,45,1.5,132,32,28,4,104,0.875,0.21212121212121213,0.20588235294117646
10,clab-nebula-serf87,50,1.5,145,153,142,11,3,0.9281045751633987,0.9793103448275862,0.9102564102564102
10,clab-nebula-serf87,55,1.5,155,153,152,1,3,0.9934640522875817,0.9806451612903225,0.9743589743589743
10,clab-nebula-serf87,60,1.5,158,161,158,3,0,0.9813664596273292,1.0,0.9813664596273292
10,clab-nebula-serf88,5,1.5,3,3,3,0,0,1.0,1.0,1.0
10,clab-nebula-serf88,10,1.5,3,3,3,0,0,1.0,1.0,1.0
10,clab-nebula-serf88,15,1.5,8,10,7,3,1,0.7,0.875,0.6363636363636364
10,clab-nebula-serf88,20,1.5,19,10,10,0,9,1.0,0.5263157894736842,0.5263157894736842
10,clab-nebula-serf88,25,1.5,42,10,10,0,32,1.0,0.23809523809523808,0.23809523809523808
10,clab-nebula-serf88,30,1.5,72,13,10,3,62,0.7692307692307693,0.1388888888888889,0.13333333333333333
10,clab-nebula-serf88,35,1.5,100,13,12,1,88,0.9230769230769231,0.12,0.1188118811881188
10,clab-nebula-serf88,40,1.5,120,14,13,1,107,0.9285714285714286,0.10833333333333334,0.10743801652892562
10,clab-nebula-serf88,45,1.5,127,35,23,12,104,0.6571428571428571,0.18110236220472442,0.16546762589928057
10,clab-nebula-serf88,50,1.5,136,35,29,6,107,0.8285714285714286,0.21323529411764705,0.20422535211267606
10,clab-nebula-serf88,55,1.5,154,161,154,7,0,0.9565217391304348,1.0,0.9565217391304348
10,clab-nebula-serf88,60,1.5,158,161,158,3,0,0.9813664596273292,1.0,0.9813664596273292
10,clab-nebula-serf153,5,1.5,0,0,0,0,0,0.0,0.0,0.0
10,clab-nebula-serf153,10,1.5,0,0,0,0,0,0.0,0.0,0.0
10,clab-nebula-serf153,15,1.5,1,5,1,4,0,0.2,1.0,0.2
10,clab-nebula-serf153,20,1.5,9,9,6,3,3,0.6666666666666666,0.6666666666666666,0.5
10,clab-nebula-serf153,25,1.5,12,9,9,0,3,1.0,0.75,0.75
10,clab-nebula-serf153,30,1.5,24,9,9,0,15,1.0,0.375,0.375
10,clab-nebula-serf153,35,1.5,42,9,9,0,33,1.0,0.21428571428571427,0.21428571428571427
10,clab-nebula-serf153,40,1.5,55,9,9,0,46,1.0,0.16363636363636364,0.16363636363636364
10,clab-nebula-serf153,45,1.5,81,11,9,2,72,0.8181818181818182,0.1111111111111111,0.10843373493975904
10,clab-nebula-serf153,50,1.5,114,12,11,1,103,0.9166666666666666,0.09649122807017543,0.09565217391304348
10,clab-nebula-serf153,55,1.5,137,152,136,16,1,0.8947368421052632,0.9927007299270073,0.8888888888888888
10,clab-nebula-serf153,60,1.5,148,152,145,7,3,0.9539473684210527,0.9797297297297297,0.9354838709677419
10,clab-nebula-serf53,5,1.5,0,0,0,0,0,0.0,0.0,0.0
10,clab-nebula-serf53,10,1.5,8,6,4,2,4,0.6666666666666666,0.5,0.4
10,clab-nebula-serf53,15,1.5,25,25,17,8,8,0.68,0.68,0.5151515151515151
10,clab-nebula-serf53,20,1.5,64,36,30,6,34,0.8333333333333334,0.46875,0.42857142857142855
10,clab-nebula-serf53,25,1.5,81,57,50,7,31,0.8771929824561403,0.6172839506172839,0.5681818181818182
10,clab-nebula-serf53,30,1.5,97,62,59,3,38,0.9516129032258065,0.6082474226804123,0.59
10,clab-nebula-serf53,35,1.5,118,112,99,13,19,0.8839285714285714,0.8389830508474576,0.7557251908396947
10,clab-nebula-serf53,40,1.5,121,112,101,11,20,0.9017857142857143,0.8347107438016529,0.7651515151515151
10,clab-nebula-serf53,45,1.5,125,115,103,12,22,0.8956521739130435,0.824,0.7518248175182481
10,clab-nebula-serf53,50,1.5,151,152,148,4,3,0.9736842105263158,0.9801324503311258,0.9548387096774194
10,clab-nebula-serf53,55,1.5,154,152,151,1,3,0.993421052631579,0.9805194805194806,0.9741935483870968
10,clab-nebula-serf53,60,1.5,157,152,152,0,5,1.0,0.9681528662420382,0.9681528662420382
10,clab-nebula-serf69,5,1.5,0,0,0,0,0,0.0,0.0,0.0
10,clab-nebula-serf69,10,1.5,14,16,11,5,3,0.6875,0.7857142857142857,0.5789473684210527
10,clab-nebula-serf69,15,1.5,31,16,16,0,15,1.0,0.5161290322580645,0.5161290322580645
10,clab-nebula-serf69,20,1.5,54,28,18,10,36,0.6428571428571429,0.3333333333333333,0.28125
10,clab-nebula-serf69,25,1.5,84,29,25,4,59,0.8620689655172413,0.2976190476190476,0.2840909090909091
10,clab-nebula-serf69,30,1.5,107,111,89,22,18,0.8018018018018018,0.8317757009345794,0.689922480620155
10,clab-nebula-serf69,35,1.5,119,112,100,12,19,0.8928571428571429,0.8403361344537815,0.7633587786259542
10,clab-nebula-serf69,40,1.5,125,115,103,12,22,0.8956521739130435,0.824,0.7518248175182481
10,clab-nebula-serf69,45,1.5,147,153,144,9,3,0.9411764705882353,0.9795918367346939,0.9230769230769231
10,clab-nebula-serf69,50,1.5,154,153,151,2,3,0.9869281045751634,0.9805194805194806,0.967948717948718
10,clab-nebula-serf69,55,1.5,158,153,153,0,5,1.0,0.9683544303797469,0.9683544303797469
10,clab-nebula-serf69,60,1.5,161,161,161,0,0,1.0,1.0,1.0
10,clab-nebula-serf60,5,1.5,4,0,0,0,4,0,0.0,0.0
10,clab-nebula-serf60,10,1.5,10,6,5,1,5,0.8333333333333334,0.5,0.45454545454545453
10,clab-nebula-serf60,15,1.5,42,19,17,2,25,0.8947368421052632,0.40476190476190477,0.38636363636363635
10,clab-nebula-serf60,20,1.5,70,36,31,5,39,0.8611111111111112,0.44285714285714284,0.41333333333333333
10,clab-nebula-serf60,25,1.5,87,37,34,3,53,0.918918918918919,0.39080459770114945,0.37777777777777777
10,clab-nebula-serf60,30,1.5,111,103,94,9,17,0.912621359223301,0.8468468468468469,0.7833333333333333
10,clab-nebula-serf60,35,1.5,120,111,101,10,19,0.9099099099099099,0.8416666666666667,0.7769230769230769
10,clab-nebula-serf60,40,1.5,124,112,103,9,21,0.9196428571428571,0.8306451612903226,0.7744360902255639
10,clab-nebula-serf60,45,1.5,143,152,140,12,3,0.9210526315789473,0.9790209790209791,0.9032258064516129
10,clab-nebula-serf60,50,1.5,154,152,151,1,3,0.993421052631579,0.9805194805194806,0.9741935483870968
10,clab-nebula-serf60,55,1.5,154,152,151,1,3,0.993421052631579,0.9805194805194806,0.9741935483870968
10,clab-nebula-serf60,60,1.5,158,153,153,0,5,1.0,0.9683544303797469,0.9683544303797469
10,clab-nebula-serf145,5,1.5,0,0,0,0,0,0.0,0.0,0.0
10,clab-nebula-serf145,10,1.5,0,0,0,0,0,0.0,0.0,0.0
10,clab-nebula-serf145,15,1.5,1,0,0,0,1,0,0.0,0.0
10,clab-nebula-serf145,20,1.5,5,7,5,2,0,0.7142857142857143,1.0,0.7142857142857143
10,clab-nebula-serf145,25,1.5,7,7,7,0,0,1.0,1.0,1.0
10,clab-nebula-serf145,30,1.5,15,26,14,12,1,0.5384615384615384,0.9333333333333333,0.5185185185185185
10,clab-nebula-serf145,35,1.5,37,40,30,10,7,0.75,0.8108108108108109,0.6382978723404256
10,clab-nebula-serf145,40,1.5,56,40,36,4,20,0.9,0.6428571428571429,0.6
10,clab-nebula-serf145,45,1.5,66,79,54,25,12,0.6835443037974683,0.8181818181818182,0.5934065934065934
10,clab-nebula-serf145,50,1.5,104,137,93,44,11,0.6788321167883211,0.8942307692307693,0.6283783783783784
10,clab-nebula-serf145,55,1.5,130,152,129,23,1,0.8486842105263158,0.9923076923076923,0.8431372549019608
10,clab-nebula-serf145,60,1.5,145,152,144,8,1,0.9473684210526315,0.993103448275862,0.9411764705882353
10,clab-nebula-serf6,5,1.5,1,1,1,0,0,1.0,1.0,1.0
10,clab-nebula-serf6,10,1.5,7,9,6,3,1,0.6666666666666666,0.8571428571428571,0.6
10,clab-nebula-serf6,15,1.5,18,42,18,24,0,0.42857142857142855,1.0,0.42857142857142855
10,clab-nebula-serf6,20,1.5,32,42,30,12,2,0.7142857142857143,0.9375,0.6818181818181818
10,clab-nebula-serf6,25,1.5,68,62,46,16,22,0.7419354838709677,0.6764705882352942,0.5476190476190477
10,clab-nebula-serf6,30,1.5,86,62,56,6,30,0.9032258064516129,0.6511627906976745,0.6086956521739131
10,clab-nebula-serf6,35,1.5,98,102,85,17,13,0.8333333333333334,0.8673469387755102,0.7391304347826086
10,clab-nebula-serf6,40,1.5,117,115,99,16,18,0.8608695652173913,0.8461538461538461,0.7443609022556391
10,clab-nebula-serf6,45,1.5,120,115,100,15,20,0.8695652173913043,0.8333333333333334,0.7407407407407407
10,clab-nebula-serf6,50,1.5,124,152,121,31,3,0.7960526315789473,0.9758064516129032,0.7806451612903226
10,clab-nebula-serf6,55,1.5,151,152,148,4,3,0.9736842105263158,0.9801324503311258,0.9548387096774194
10,clab-nebula-serf6,60,1.5,155,152,151,1,4,0.993421052631579,0.9741935483870968,0.967948717948718
10,clab-nebula-serf11,5,1.5,2,2,2,0,0,1.0,1.0,1.0
10,clab-nebula-serf11,10,1.5,14,8,6,2,8,0.75,0.42857142857142855,0.375
10,clab-nebula-serf11,15,1.5,26,42,26,16,0,0.6190476190476191,1.0,0.6190476190476191
10,clab-nebula-serf11,20,1.5,57,62,41,21,16,0.6612903225806451,0.7192982456140351,0.5256410256410257
10,clab-nebula-serf11,25,1.5,82,62,53,9,29,0.8548387096774194,0.6463414634146342,0.5824175824175825
10,clab-nebula-serf11,30,1.5,93,102,81,21,12,0.7941176470588235,0.8709677419354839,0.7105263157894737
10,clab-nebula-serf11,35,1.5,112,112,97,15,15,0.8660714285714286,0.8660714285714286,0.7637795275590551
10,clab-nebula-serf11,40,1.5,120,115,100,15,20,0.8695652173913043,0.8333333333333334,0.7407407407407407
10,clab-nebula-serf11,45,1.5,124,115,103,12,21,0.8956521739130435,0.8306451612903226,0.7573529411764706
10,clab-nebula-serf11,50,1.5,142,152,139,13,3,0.9144736842105263,0.9788732394366197,0.896774193548387
10,clab-nebula-serf11,55,1.5,154,152,151,1,3,0.993421052631579,0.9805194805194806,0.9741935483870968
10,clab-nebula-serf11,60,1.5,157,152,152,0,5,1.0,0.9681528662420382,0.9681528662420382
10,clab-nebula-serf98,5,1.5,1,2,0,2,1,0.0,0.0,0.0
10,clab-nebula-serf98,10,1.5,7,7,7,0,0,1.0,1.0,1.0
10,clab-nebula-serf98,15,1.5,7,7,7,0,0,1.0,1.0,1.0
10,clab-nebula-serf98,20,1.5,8,9,7,2,1,0.7777777777777778,0.875,0.7
10,clab-nebula-serf98,25,1.5,14,9,9,0,5,1.0,0.6428571428571429,0.6428571428571429
10,clab-nebula-serf98,30,1.5,29,39,21,18,8,0.5384615384615384,0.7241379310344828,0.44680851063829785
10,clab-nebula-serf98,35,1.5,71,112,58,54,13,0.5178571428571429,0.8169014084507042,0.464
10,clab-nebula-serf98,40,1.5,121,152,120,32,1,0.7894736842105263,0.9917355371900827,0.7843137254901961
10,clab-nebula-serf98,45,1.5,144,152,142,10,2,0.9342105263157895,0.9861111111111112,0.922077922077922
10,clab-nebula-serf98,50,1.5,156,152,151,1,5,0.993421052631579,0.967948717948718,0.9617834394904459
10,clab-nebula-serf98,55,1.5,160,152,152,0,8,1.0,0.95,0.95
10,clab-nebula-serf98,60,1.5,161,152,152,0,9,1.0,0.9440993788819876,0.9440993788819876
10,clab-nebula-serf138,5,1.5,0,0,0,0,0,0.0,0.0,0.0
10,clab-nebula-serf138,10,1.5,0,0,0,0,0,0.0,0.0,0.0
10,clab-nebula-serf138,15,1.5,1,0,0,0,1,0,0.0,0.0
10,clab-nebula-serf138,20,1.5,14,14,14,0,0,1.0,1.0,1.0
10,clab-nebula-serf138,25,1.5,14,14,14,0,0,1.0,1.0,1.0
10,clab-nebula-serf138,30,1.5,26,40,24,16,2,0.6,0.9230769230769231,0.5714285714285714
10,clab-nebula-serf138,35,1.5,43,40,33,7,10,0.825,0.7674418604651163,0.66
10,clab-nebula-serf138,40,1.5,55,40,38,2,17,0.95,0.6909090909090909,0.6666666666666666
10,clab-nebula-serf138,45,1.5,90,79,73,6,17,0.9240506329113924,0.8111111111111111,0.7604166666666666
10,clab-nebula-serf138,50,1.5,115,137,104,33,11,0.7591240875912408,0.9043478260869565,0.7027027027027027
10,clab-nebula-serf138,55,1.5,137,152,136,16,1,0.8947368421052632,0.9927007299270073,0.8888888888888888
10,clab-nebula-serf138,60,1.5,147,152,146,6,1,0.9605263157894737,0.9931972789115646,0.954248366013072
10,clab-nebula-serf150,5,1.5,0,0,0,0,0,0.0,0.0,0.0
10,clab-nebula-serf150,10,1.5,0,0,0,0,0,0.0,0.0,0.0
10,clab-nebula-serf150,15,1.5,1,0,0,0,1,0,0.0,0.0
10,clab-nebula-serf150,20,1.5,9,9,6,3,3,0.6666666666666666,0.6666666666666666,0.5
10,clab-nebula-serf150,25,1.5,17,9,9,0,8,1.0,0.5294117647058824,0.5294117647058824
10,clab-nebula-serf150,30,1.5,23,9,9,0,14,1.0,0.391304347826087,0.391304347826087
10,clab-nebula-serf150,35,1.5,42,9,9,0,33,1.0,0.21428571428571427,0.21428571428571427
10,clab-nebula-serf150,40,1.5,54,9,9,0,45,1.0,0.16666666666666666,0.16666666666666666
10,clab-nebula-serf150,45,1.5,79,11,9,2,70,0.8181818181818182,0.11392405063291139,0.1111111111111111
10,clab-nebula-serf150,50,1.5,117,12,11,1,106,0.9166666666666666,0.09401709401709402,0.09322033898305085
10,clab-nebula-serf150,55,1.5,141,152,138,14,3,0.9078947368421053,0.9787234042553191,0.8903225806451613
10,clab-nebula-serf150,60,1.5,152,152,149,3,3,0.9802631578947368,0.9802631578947368,0.9612903225806452
10,clab-nebula-serf18,5,1.5,0,0,0,0,0,0.0,0.0,0.0
10,clab-nebula-serf18,10,1.5,5,1,1,0,4,1.0,0.2,0.2
10,clab-nebula-serf18,15,1.5,20,1,1,0,19,1.0,0.05,0.05
10,clab-nebula-serf18,20,1.5,47,62,38,24,9,0.6129032258064516,0.8085106382978723,0.5352112676056338
10,clab-nebula-serf18,25,1.5,75,62,53,9,22,0.8548387096774194,0.7066666666666667,0.6309523809523809
10,clab-nebula-serf18,30,1.5,90,62,59,3,31,0.9516129032258065,0.6555555555555556,0.6344086021505376
10,clab-nebula-serf18,35,1.5,103,112,89,23,14,0.7946428571428571,0.8640776699029126,0.7063492063492064
10,clab-nebula-serf18,40,1.5,120,115,100,15,20,0.8695652173913043,0.8333333333333334,0.7407407407407407
10,clab-nebula-serf18,45,1.5,123,115,103,12,20,0.8956521739130435,0.8373983739837398,0.762962962962963
10,clab-nebula-serf18,50,1.5,140,153,137,16,3,0.8954248366013072,0.9785714285714285,0.8782051282051282
10,clab-nebula-serf18,55,1.5,151,153,148,5,3,0.9673202614379085,0.9801324503311258,0.9487179487179487
10,clab-nebula-serf18,60,1.5,157,153,152,1,5,0.9934640522875817,0.9681528662420382,0.9620253164556962
10,clab-nebula-serf30,5,1.5,1,0,0,0,1,0,0.0,0.0
10,clab-nebula-serf30,10,1.5,13,17,9,8,4,0.5294117647058824,0.6923076923076923,0.42857142857142855
10,clab-nebula-serf30,15,1.5,28,28,21,7,7,0.75,0.75,0.6
10,clab-nebula-serf30,20,1.5,45,28,26,2,19,0.9285714285714286,0.5777777777777777,0.5531914893617021
10,clab-nebula-serf30,25,1.5,81,59,53,6,28,0.8983050847457628,0.654320987654321,0.6091954022988506
10,clab-nebula-serf30,30,1.5,93,102,80,22,13,0.7843137254901961,0.8602150537634409,0.6956521739130435
10,clab-nebula-serf30,35,1.5,102,102,88,14,14,0.8627450980392157,0.8627450980392157,0.7586206896551724
10,clab-nebula-serf30,40,1.5,119,111,99,12,20,0.8918918918918919,0.8319327731092437,0.7557251908396947
10,clab-nebula-serf30,45,1.5,124,111,103,8,21,0.9279279279279279,0.8306451612903226,0.7803030303030303
10,clab-nebula-serf30,50,1.5,128,115,106,9,22,0.9217391304347826,0.828125,0.7737226277372263
10,clab-nebula-serf30,55,1.5,154,152,151,1,3,0.993421052631579,0.9805194805194806,0.9741935483870968
10,clab-nebula-serf30,60,1.5,154,152,151,1,3,0.993421052631579,0.9805194805194806,0.9741935483870968
10,clab-nebula-serf44,5,1.5,3,0,0,0,3,0,0.0,0.0
10,clab-nebula-serf44,10,1.5,10,17,9,8,1,0.5294117647058824,0.9,0.5
10,clab-nebula-serf44,15,1.5,23,18,12,6,11,0.6666666666666666,0.5217391304347826,0.41379310344827586
10,clab-nebula-serf44,20,1.5,47,18,16,2,31,0.8888888888888888,0.3404255319148936,0.32653061224489793
10,clab-nebula-serf44,25,1.5,81,57,53,4,28,0.9298245614035088,0.654320987654321,0.6235294117647059
10,clab-nebula-serf44,30,1.5,99,98,84,14,15,0.8571428571428571,0.8484848484848485,0.7433628318584071
10,clab-nebula-serf44,35,1.5,120,111,100,11,20,0.9009009009009009,0.8333333333333334,0.7633587786259542
10,clab-nebula-serf44,40,1.5,124,111,103,8,21,0.9279279279279279,0.8306451612903226,0.7803030303030303
10,clab-nebula-serf44,45,1.5,127,115,106,9,21,0.9217391304347826,0.8346456692913385,0.7794117647058824
10,clab-nebula-serf44,50,1.5,154,152,151,1,3,0.993421052631579,0.9805194805194806,0.9741935483870968
10,clab-nebula-serf44,55,1.5,154,152,151,1,3,0.993421052631579,0.9805194805194806,0.9741935483870968
10,clab-nebula-serf44,60,1.5,156,152,152,0,4,1.0,0.9743589743589743,0.9743589743589743
10,clab-nebula-serf131,5,1.5,0,0,0,0,0,0.0,0.0,0.0
10,clab-nebula-serf131,10,1.5,0,0,0,0,0,0.0,0.0,0.0
10,clab-nebula-serf131,15,1.5,3,0,0,0,3,0,0.0,0.0
10,clab-nebula-serf131,20,1.5,14,14,14,0,0,1.0,1.0,1.0
10,clab-nebula-serf131,25,1.5,18,28,18,10,0,0.6428571428571429,1.0,0.6428571428571429
10,clab-nebula-serf131,30,1.5,29,40,26,14,3,0.65,0.896551724137931,0.6046511627906976
10,clab-nebula-serf131,35,1.5,45,40,35,5,10,0.875,0.7777777777777778,0.7
10,clab-nebula-serf131,40,1.5,69,79,59,20,10,0.7468354430379747,0.855072463768116,0.6629213483146067
10,clab-nebula-serf131,45,1.5,95,84,76,8,19,0.9047619047619048,0.8,0.7378640776699029
10,clab-nebula-serf131,50,1.5,122,138,109,29,13,0.7898550724637681,0.8934426229508197,0.7218543046357616
10,clab-nebula-serf131,55,1.5,137,152,136,16,1,0.8947368421052632,0.9927007299270073,0.8888888888888888
10,clab-nebula-serf131,60,1.5,149,152,148,4,1,0.9736842105263158,0.9932885906040269,0.9673202614379085
10,clab-nebula-serf35,5,1.5,0,0,0,0,0,0.0,0.0,0.0
10,clab-nebula-serf35,10,1.5,1,1,1,0,0,1.0,1.0,1.0
10,clab-nebula-serf35,15,1.5,7,8,4,4,3,0.5,0.5714285714285714,0.36363636363636365
10,clab-nebula-serf35,20,1.5,26,8,6,2,20,0.75,0.23076923076923078,0.21428571428571427
10,clab-nebula-serf35,25,1.5,63,8,8,0,55,1.0,0.12698412698412698,0.12698412698412698
10,clab-nebula-serf35,30,1.5,85,57,54,3,31,0.9473684210526315,0.6352941176470588,0.6136363636363636
10,clab-nebula-serf35,35,1.5,95,62,60,2,35,0.967741935483871,0.631578947368421,0.6185567010309279
10,clab-nebula-serf35,40,1.5,111,111,91,20,20,0.8198198198198198,0.8198198198198198,0.6946564885496184
10,clab-nebula-serf35,45,1.5,121,111,101,10,20,0.9099099099099099,0.8347107438016529,0.7709923664122137
10,clab-nebula-serf35,50,1.5,124,112,103,9,21,0.9196428571428571,0.8306451612903226,0.7744360902255639
10,clab-nebula-serf35,55,1.5,145,152,142,10,3,0.9342105263157895,0.9793103448275862,0.9161290322580645
10,clab-nebula-serf35,60,1.5,154,152,151,1,3,0.993421052631579,0.9805194805194806,0.9741935483870968
10,clab-nebula-serf40,5,1.5,0,0,0,0,0,0.0,0.0,0.0
10,clab-nebula-serf40,10,1.5,1,0,0,0,1,0,0.0,0.0
10,clab-nebula-serf40,15,1.5,11,8,5,3,6,0.625,0.45454545454545453,0.35714285714285715
10,clab-nebula-serf40,20,1.5,35,29,19,10,16,0.6551724137931034,0.5428571428571428,0.4222222222222222
10,clab-nebula-serf40,25,1.5,71,36,30,6,41,0.8333333333333334,0.4225352112676056,0.38961038961038963
10,clab-nebula-serf40,30,1.5,87,57,54,3,33,0.9473684210526315,0.6206896551724138,0.6
10,clab-nebula-serf40,35,1.5,98,61,57,4,41,0.9344262295081968,0.5816326530612245,0.5588235294117647
10,clab-nebula-serf40,40,1.5,118,111,98,13,20,0.8828828828828829,0.8305084745762712,0.7480916030534351
10,clab-nebula-serf40,45,1.5,122,111,102,9,20,0.918918918918919,0.8360655737704918,0.7786259541984732
10,clab-nebula-serf40,50,1.5,126,112,104,8,22,0.9285714285714286,0.8253968253968254,0.7761194029850746
10,clab-nebula-serf40,55,1.5,153,152,150,2,3,0.9868421052631579,0.9803921568627451,0.967741935483871
10,clab-nebula-serf40,60,1.5,154,152,151,1,3,0.993421052631579,0.9805194805194806,0.9741935483870968
10,clab-nebula-serf144,5,1.5,0,0,0,0,0,0.0,0.0,0.0
10,clab-nebula-serf144,10,1.5,0,0,0,0,0,0.0,0.0,0.0
10,clab-nebula-serf144,15,1.5,7,7,7,0,0,1.0,1.0,1.0
10,clab-nebula-serf144,20,1.5,12,26,12,14,0,0.46153846153846156,1.0,0.46153846153846156
10,clab-nebula-serf144,25,1.5,23,40,21,19,2,0.525,0.9130434782608695,0.5
10,clab-nebula-serf144,30,1.5,55,40,36,4,19,0.9,0.6545454545454545,0.6101694915254238
10,clab-nebula-serf144,35,1.5,60,40,39,1,21,0.975,0.65,0.639344262295082
10,clab-nebula-serf144,40,1.5,95,96,75,21,20,0.78125,0.7894736842105263,0.646551724137931
10,clab-nebula-serf144,45,1.5,126,152,125,27,1,0.8223684210526315,0.9920634920634921,0.8169934640522876
10,clab-nebula-serf144,50,1.5,141,152,140,12,1,0.9210526315789473,0.9929078014184397,0.9150326797385621
10,clab-nebula-serf144,55,1.5,151,152,149,3,2,0.9802631578947368,0.9867549668874173,0.9675324675324676
10,clab-nebula-serf144,60,1.5,155,152,152,0,3,1.0,0.9806451612903225,0.9806451612903225
10,clab-nebula-serf152,5,1.5,0,0,0,0,0,0.0,0.0,0.0
10,clab-nebula-serf152,10,1.5,1,9,0,9,1,0.0,0.0,0.0
10,clab-nebula-serf152,15,1.5,11,9,8,1,3,0.8888888888888888,0.7272727272727273,0.6666666666666666
10,clab-nebula-serf152,20,1.5,14,9,9,0,5,1.0,0.6428571428571429,0.6428571428571429
10,clab-nebula-serf152,25,1.5,24,9,9,0,15,1.0,0.375,0.375
10,clab-nebula-serf152,30,1.5,47,9,9,0,38,1.0,0.19148936170212766,0.19148936170212766
10,clab-nebula-serf152,35,1.5,60,9,9,0,51,1.0,0.15,0.15
10,clab-nebula-serf152,40,1.5,89,11,9,2,80,0.8181818181818182,0.10112359550561797,0.0989010989010989
10,clab-nebula-serf152,45,1.5,122,12,11,1,111,0.9166666666666666,0.09016393442622951,0.08943089430894309
10,clab-nebula-serf152,50,1.5,143,152,142,10,1,0.9342105263157895,0.993006993006993,0.9281045751633987
10,clab-nebula-serf152,55,1.5,152,152,149,3,3,0.9802631578947368,0.9802631578947368,0.9612903225806452
10,clab-nebula-serf152,60,1.5,156,152,152,0,4,1.0,0.9743589743589743,0.9743589743589743
10,clab-nebula-serf162,5,1.5,0,0,0,0,0,0.0,0.0,0.0
10,clab-nebula-serf162,10,1.5,0,0,0,0,0,0.0,0.0,0.0
10,clab-nebula-serf162,15,1.5,5,5,5,0,0,1.0,1.0,1.0
10,clab-nebula-serf162,20,1.5,5,5,5,0,0,1.0,1.0,1.0
10,clab-nebula-serf162,25,1.5,5,5,5,0,0,1.0,1.0,1.0
10,clab-nebula-serf162,30,1.5,9,26,9,17,0,0.34615384615384615,1.0,0.34615384615384615
10,clab-nebula-serf162,35,1.5,20,26,15,11,5,0.5769230769230769,0.75,0.4838709677419355
10,clab-nebula-serf162,40,1.5,35,26,25,1,10,0.9615384615384616,0.7142857142857143,0.6944444444444444
10,clab-nebula-serf162,45,1.5,40,40,30,10,10,0.75,0.75,0.6
10,clab-nebula-serf162,50,1.5,54,40,36,4,18,0.9,0.6666666666666666,0.6206896551724138
10,clab-nebula-serf162,55,1.5,74,79,59,20,15,0.7468354430379747,0.7972972972972973,0.6276595744680851
10,clab-nebula-serf162,60,1.5,113,98,80,18,33,0.8163265306122449,0.7079646017699115,0.6106870229007634
10,clab-nebula-serf41,5,1.5,0,0,0,0,0,0.0,0.0,0.0
10,clab-nebula-serf41,10,1.5,0,0,0,0,0,0.0,0.0,0.0
10,clab-nebula-serf41,15,1.5,1,0,0,0,1,0,0.0,0.0
10,clab-nebula-serf41,20,1.5,14,8,5,3,9,0.625,0.35714285714285715,0.29411764705882354
10,clab-nebula-serf41,25,1.5,40,8,7,1,33,0.875,0.175,0.17073170731707318
10,clab-nebula-serf41,30,1.5,74,8,8,0,66,1.0,0.10810810810810811,0.10810810810810811
10,clab-nebula-serf41,35,1.5,89,57,54,3,35,0.9473684210526315,0.6067415730337079,0.5869565217391305
10,clab-nebula-serf41,40,1.5,99,102,86,16,13,0.8431372549019608,0.8686868686868687,0.7478260869565218
10,clab-nebula-serf41,45,1.5,118,111,98,13,20,0.8828828828828829,0.8305084745762712,0.7480916030534351
10,clab-nebula-serf41,50,1.5,121,111,101,10,20,0.9099099099099099,0.8347107438016529,0.7709923664122137
10,clab-nebula-serf41,55,1.5,126,112,104,8,22,0.9285714285714286,0.8253968253968254,0.7761194029850746
10,clab-nebula-serf41,60,1.5,153,152,150,2,3,0.9868421052631579,0.9803921568627451,0.967741935483871
10,clab-nebula-serf72,5,1.5,1,0,0,0,1,0,0.0,0.0
10,clab-nebula-serf72,10,1.5,16,16,12,4,4,0.75,0.75,0.6
10,clab-nebula-serf72,15,1.5,31,16,16,0,15,1.0,0.5161290322580645,0.5161290322580645
10,clab-nebula-serf72,20,1.5,54,28,18,10,36,0.6428571428571429,0.3333333333333333,0.28125
10,clab-nebula-serf72,25,1.5,84,29,25,4,59,0.8620689655172413,0.2976190476190476,0.2840909090909091
10,clab-nebula-serf72,30,1.5,110,111,92,19,18,0.8288288288288288,0.8363636363636363,0.7131782945736435
10,clab-nebula-serf72,35,1.5,121,112,102,10,19,0.9107142857142857,0.8429752066115702,0.7786259541984732
10,clab-nebula-serf72,40,1.5,125,115,103,12,22,0.8956521739130435,0.824,0.7518248175182481
10,clab-nebula-serf72,45,1.5,150,152,147,5,3,0.9671052631578947,0.98,0.9483870967741935
10,clab-nebula-serf72,50,1.5,154,153,151,2,3,0.9869281045751634,0.9805194805194806,0.967948717948718
10,clab-nebula-serf72,55,1.5,158,153,153,0,5,1.0,0.9683544303797469,0.9683544303797469
10,clab-nebula-serf72,60,1.5,161,161,161,0,0,1.0,1.0,1.0
10,clab-nebula-serf141,5,1.5,0,0,0,0,0,0.0,0.0,0.0
10,clab-nebula-serf141,10,1.5,0,0,0,0,0,0.0,0.0,0.0
10,clab-nebula-serf141,15,1.5,0,0,0,0,0,0.0,0.0,0.0
10,clab-nebula-serf141,20,1.5,14,14,14,0,0,1.0,1.0,1.0
10,clab-nebula-serf141,25,1.5,14,14,14,0,0,1.0,1.0,1.0
10,clab-nebula-serf141,30,1.5,26,40,24,16,2,0.6,0.9230769230769231,0.5714285714285714
10,clab-nebula-serf141,35,1.5,43,40,33,7,10,0.825,0.7674418604651163,0.66
10,clab-nebula-serf141,40,1.5,59,75,49,26,10,0.6533333333333333,0.8305084745762712,0.5764705882352941
10,clab-nebula-serf141,45,1.5,90,79,73,6,17,0.9240506329113924,0.8111111111111111,0.7604166666666666
10,clab-nebula-serf141,50,1.5,116,138,104,34,12,0.7536231884057971,0.896551724137931,0.6933333333333334
10,clab-nebula-serf141,55,1.5,137,152,136,16,1,0.8947368421052632,0.9927007299270073,0.8888888888888888
10,clab-nebula-serf141,60,1.5,149,152,148,4,1,0.9736842105263158,0.9932885906040269,0.9673202614379085
10,clab-nebula-serf25,5,1.5,0,0,0,0,0,0.0,0.0,0.0
10,clab-nebula-serf25,10,1.5,4,4,2,2,2,0.5,0.5,0.3333333333333333
10,clab-nebula-serf25,15,1.5,12,17,9,8,3,0.5294117647058824,0.75,0.45
10,clab-nebula-serf25,20,1.5,28,28,21,7,7,0.75,0.75,0.6
10,clab-nebula-serf25,25,1.5,44,28,26,2,18,0.9285714285714286,0.5909090909090909,0.5652173913043478
10,clab-nebula-serf25,30,1.5,81,59,53,6,28,0.8983050847457628,0.654320987654321,0.6091954022988506
10,clab-nebula-serf25,35,1.5,93,102,80,22,13,0.7843137254901961,0.8602150537634409,0.6956521739130435
10,clab-nebula-serf25,40,1.5,102,102,88,14,14,0.8627450980392157,0.8627450980392157,0.7586206896551724
10,clab-nebula-serf25,45,1.5,119,111,99,12,20,0.8918918918918919,0.8319327731092437,0.7557251908396947
10,clab-nebula-serf25,50,1.5,124,111,103,8,21,0.9279279279279279,0.8306451612903226,0.7803030303030303
10,clab-nebula-serf25,55,1.5,127,115,105,10,22,0.9130434782608695,0.8267716535433071,0.7664233576642335
10,clab-nebula-serf25,60,1.5,154,152,151,1,3,0.993421052631579,0.9805194805194806,0.9741935483870968
10,clab-nebula-serf50,5,1.5,3,0,0,0,3,0,0.0,0.0
10,clab-nebula-serf50,10,1.5,8,13,8,5,0,0.6153846153846154,1.0,0.6153846153846154
10,clab-nebula-serf50,15,1.5,23,18,12,6,11,0.6666666666666666,0.5217391304347826,0.41379310344827586
10,clab-nebula-serf50,20,1.5,41,18,15,3,26,0.8333333333333334,0.36585365853658536,0.3409090909090909
10,clab-nebula-serf50,25,1.5,81,57,53,4,28,0.9298245614035088,0.654320987654321,0.6235294117647059
10,clab-nebula-serf50,30,1.5,93,98,80,18,13,0.8163265306122449,0.8602150537634409,0.7207207207207207
10,clab-nebula-serf50,35,1.5,118,111,98,13,20,0.8828828828828829,0.8305084745762712,0.7480916030534351
10,clab-nebula-serf50,40,1.5,122,111,101,10,21,0.9099099099099099,0.8278688524590164,0.7651515151515151
10,clab-nebula-serf50,45,1.5,125,112,104,8,21,0.9285714285714286,0.832,0.7819548872180451
10,clab-nebula-serf50,50,1.5,153,152,150,2,3,0.9868421052631579,0.9803921568627451,0.967741935483871
10,clab-nebula-serf50,55,1.5,154,152,151,1,3,0.993421052631579,0.9805194805194806,0.9741935483870968
10,clab-nebula-serf50,60,1.5,156,152,152,0,4,1.0,0.9743589743589743,0.9743589743589743
10,clab-nebula-serf51,5,1.5,1,0,0,0,1,0,0.0,0.0
10,clab-nebula-serf51,10,1.5,9,6,5,1,4,0.8333333333333334,0.5555555555555556,0.5
10,clab-nebula-serf51,15,1.5,24,25,17,8,7,0.68,0.7083333333333334,0.53125
10,clab-nebula-serf51,20,1.5,64,37,30,7,34,0.8108108108108109,0.46875,0.4225352112676056
10,clab-nebula-serf51,25,1.5,83,57,51,6,32,0.8947368421052632,0.6144578313253012,0.5730337078651685
10,clab-nebula-serf51,30,1.5,97,64,59,5,38,0.921875,0.6082474226804123,0.5784313725490197
10,clab-nebula-serf51,35,1.5,118,112,99,13,19,0.8839285714285714,0.8389830508474576,0.7557251908396947
10,clab-nebula-serf51,40,1.5,121,112,101,11,20,0.9017857142857143,0.8347107438016529,0.7651515151515151
10,clab-nebula-serf51,45,1.5,126,115,104,11,22,0.9043478260869565,0.8253968253968254,0.7591240875912408
10,clab-nebula-serf51,50,1.5,152,152,149,3,3,0.9802631578947368,0.9802631578947368,0.9612903225806452
10,clab-nebula-serf51,55,1.5,154,152,151,1,3,0.993421052631579,0.9805194805194806,0.9741935483870968
10,clab-nebula-serf51,60,1.5,157,152,152,0,5,1.0,0.9681528662420382,0.9681528662420382
10,clab-nebula-serf66,5,1.5,0,0,0,0,0,0.0,0.0,0.0
10,clab-nebula-serf66,10,1.5,4,4,1,3,3,0.25,0.25,0.14285714285714285
10,clab-nebula-serf66,15,1.5,27,16,16,0,11,1.0,0.5925925925925926,0.5925925925925926
10,clab-nebula-serf66,20,1.5,44,25,18,7,26,0.72,0.4090909090909091,0.35294117647058826
10,clab-nebula-serf66,25,1.5,79,29,23,6,56,0.7931034482758621,0.2911392405063291,0.27058823529411763
10,clab-nebula-serf66,30,1.5,106,103,88,15,18,0.8543689320388349,0.8301886792452831,0.7272727272727273
10,clab-nebula-serf66,35,1.5,116,111,98,13,18,0.8828828828828829,0.8448275862068966,0.7596899224806202
10,clab-nebula-serf66,40,1.5,123,112,103,9,20,0.9196428571428571,0.8373983739837398,0.7803030303030303
10,clab-nebula-serf66,45,1.5,136,115,104,11,32,0.9043478260869565,0.7647058823529411,0.7074829931972789
10,clab-nebula-serf66,50,1.5,154,153,151,2,3,0.9869281045751634,0.9805194805194806,0.967948717948718
10,clab-nebula-serf66,55,1.5,154,153,151,2,3,0.9869281045751634,0.9805194805194806,0.967948717948718
10,clab-nebula-serf66,60,1.5,158,153,153,0,5,1.0,0.9683544303797469,0.9683544303797469
10,clab-nebula-serf86,5,1.5,3,3,3,0,0,1.0,1.0,1.0
10,clab-nebula-serf86,10,1.5,4,10,4,6,0,0.4,1.0,0.4
10,clab-nebula-serf86,15,1.5,11,10,9,1,2,0.9,0.8181818181818182,0.75
10,clab-nebula-serf86,20,1.5,29,10,10,0,19,1.0,0.3448275862068966,0.3448275862068966
10,clab-nebula-serf86,25,1.5,56,10,10,0,46,1.0,0.17857142857142858,0.17857142857142858
10,clab-nebula-serf86,30,1.5,85,13,10,3,75,0.7692307692307693,0.11764705882352941,0.11363636363636363
10,clab-nebula-serf86,35,1.5,115,13,13,0,102,1.0,0.11304347826086956,0.11304347826086956
10,clab-nebula-serf86,40,1.5,120,14,13,1,107,0.9285714285714286,0.10833333333333334,0.10743801652892562
10,clab-nebula-serf86,45,1.5,134,32,29,3,105,0.90625,0.21641791044776118,0.2116788321167883
10,clab-nebula-serf86,50,1.5,145,154,142,12,3,0.922077922077922,0.9793103448275862,0.9044585987261147
10,clab-nebula-serf86,55,1.5,155,161,155,6,0,0.9627329192546584,1.0,0.9627329192546584
10,clab-nebula-serf86,60,1.5,160,161,160,1,0,0.9937888198757764,1.0,0.9937888198757764
10,clab-nebula-serf90,5,1.5,2,1,1,0,1,1.0,0.5,0.5
10,clab-nebula-serf90,10,1.5,9,6,3,3,6,0.5,0.3333333333333333,0.25
10,clab-nebula-serf90,15,1.5,30,8,7,1,23,0.875,0.23333333333333334,0.22580645161290322
10,clab-nebula-serf90,20,1.5,49,10,10,0,39,1.0,0.20408163265306123,0.20408163265306123
10,clab-nebula-serf90,25,1.5,78,13,10,3,68,0.7692307692307693,0.1282051282051282,0.12345679012345678
10,clab-nebula-serf90,30,1.5,101,13,13,0,88,1.0,0.12871287128712872,0.12871287128712872
10,clab-nebula-serf90,35,1.5,119,13,13,0,106,1.0,0.1092436974789916,0.1092436974789916
10,clab-nebula-serf90,40,1.5,122,13,13,0,109,1.0,0.10655737704918032,0.10655737704918032
10,clab-nebula-serf90,45,1.5,137,32,29,3,108,0.90625,0.2116788321167883,0.20714285714285716
10,clab-nebula-serf90,50,1.5,154,153,151,2,3,0.9869281045751634,0.9805194805194806,0.967948717948718
10,clab-nebula-serf90,55,1.5,155,154,152,2,3,0.987012987012987,0.9806451612903225,0.9681528662420382
10,clab-nebula-serf90,60,1.5,159,161,159,2,0,0.9875776397515528,1.0,0.9875776397515528
10,clab-nebula-serf143,5,1.5,0,0,0,0,0,0.0,0.0,0.0
10,clab-nebula-serf143,10,1.5,0,0,0,0,0,0.0,0.0,0.0
10,clab-nebula-serf143,15,1.5,1,1,1,0,0,1.0,1.0,1.0
10,clab-nebula-serf143,20,1.5,2,5,1,4,1,0.2,0.5,0.16666666666666666
10,clab-nebula-serf143,25,1.5,7,7,7,0,0,1.0,1.0,1.0
10,clab-nebula-serf143,30,1.5,13,26,12,14,1,0.46153846153846156,0.9230769230769231,0.4444444444444444
10,clab-nebula-serf143,35,1.5,32,40,28,12,4,0.7,0.875,0.6363636363636364
10,clab-nebula-serf143,40,1.5,56,40,36,4,20,0.9,0.6428571428571429,0.6
10,clab-nebula-serf143,45,1.5,66,76,54,22,12,0.7105263157894737,0.8181818181818182,0.6136363636363636
10,clab-nebula-serf143,50,1.5,103,137,92,45,11,0.6715328467153284,0.8932038834951457,0.6216216216216216
10,clab-nebula-serf143,55,1.5,130,152,129,23,1,0.8486842105263158,0.9923076923076923,0.8431372549019608
10,clab-nebula-serf143,60,1.5,145,152,144,8,1,0.9473684210526315,0.993103448275862,0.9411764705882353
10,clab-nebula-serf7,5,1.5,1,1,1,0,0,1.0,1.0,1.0
10,clab-nebula-serf7,10,1.5,9,9,6,3,3,0.6666666666666666,0.6666666666666666,0.5
10,clab-nebula-serf7,15,1.5,19,32,19,13,0,0.59375,1.0,0.59375
10,clab-nebula-serf7,20,1.5,33,42,30,12,3,0.7142857142857143,0.9090909090909091,0.6666666666666666
10,clab-nebula-serf7,25,1.5,67,62,45,17,22,0.7258064516129032,0.6716417910447762,0.5357142857142857
10,clab-nebula-serf7,30,1.5,86,62,57,5,29,0.9193548387096774,0.6627906976744186,0.6263736263736264
10,clab-nebula-serf7,35,1.5,99,102,86,16,13,0.8431372549019608,0.8686868686868687,0.7478260869565218
10,clab-nebula-serf7,40,1.5,117,115,99,16,18,0.8608695652173913,0.8461538461538461,0.7443609022556391
10,clab-nebula-serf7,45,1.5,120,115,100,15,20,0.8695652173913043,0.8333333333333334,0.7407407407407407
10,clab-nebula-serf7,50,1.5,124,152,121,31,3,0.7960526315789473,0.9758064516129032,0.7806451612903226
10,clab-nebula-serf7,55,1.5,151,152,148,4,3,0.9736842105263158,0.9801324503311258,0.9548387096774194
10,clab-nebula-serf7,60,1.5,156,152,151,1,5,0.993421052631579,0.967948717948718,0.9617834394904459
10,clab-nebula-serf37,5,1.5,2,1,0,1,2,0.0,0.0,0.0
10,clab-nebula-serf37,10,1.5,8,8,3,5,5,0.375,0.375,0.23076923076923078
10,clab-nebula-serf37,15,1.5,29,8,7,1,22,0.875,0.2413793103448276,0.23333333333333334
10,clab-nebula-serf37,20,1.5,65,8,8,0,57,1.0,0.12307692307692308,0.12307692307692308
10,clab-nebula-serf37,25,1.5,85,57,54,3,31,0.9473684210526315,0.6352941176470588,0.6136363636363636
10,clab-nebula-serf37,30,1.5,96,102,82,20,14,0.803921568627451,0.8541666666666666,0.7068965517241379
10,clab-nebula-serf37,35,1.5,111,111,91,20,20,0.8198198198198198,0.8198198198198198,0.6946564885496184
10,clab-nebula-serf37,40,1.5,121,111,101,10,20,0.9099099099099099,0.8347107438016529,0.7709923664122137
10,clab-nebula-serf37,45,1.5,124,112,103,9,21,0.9196428571428571,0.8306451612903226,0.7744360902255639
10,clab-nebula-serf37,50,1.5,146,152,143,9,3,0.9407894736842105,0.9794520547945206,0.9225806451612903
10,clab-nebula-serf37,55,1.5,154,152,151,1,3,0.993421052631579,0.9805194805194806,0.9741935483870968
10,clab-nebula-serf37,60,1.5,156,152,152,0,4,1.0,0.9743589743589743,0.9743589743589743
10,clab-nebula-serf43,5,1.5,0,0,0,0,0,0.0,0.0,0.0
10,clab-nebula-serf43,10,1.5,5,5,4,1,1,0.8,0.8,0.6666666666666666
10,clab-nebula-serf43,15,1.5,13,17,11,6,2,0.6470588235294118,0.8461538461538461,0.5789473684210527
10,clab-nebula-serf43,20,1.5,27,18,14,4,13,0.7777777777777778,0.5185185185185185,0.45161290322580644
10,clab-nebula-serf43,25,1.5,52,57,43,14,9,0.7543859649122807,0.8269230769230769,0.6515151515151515
10,clab-nebula-serf43,30,1.5,82,57,54,3,28,0.9473684210526315,0.6585365853658537,0.6352941176470588
10,clab-nebula-serf43,35,1.5,98,102,85,17,13,0.8333333333333334,0.8673469387755102,0.7391304347826086
10,clab-nebula-serf43,40,1.5,119,111,99,12,20,0.8918918918918919,0.8319327731092437,0.7557251908396947
10,clab-nebula-serf43,45,1.5,124,111,103,8,21,0.9279279279279279,0.8306451612903226,0.7803030303030303
10,clab-nebula-serf43,50,1.5,126,115,105,10,21,0.9130434782608695,0.8333333333333334,0.7720588235294118
10,clab-nebula-serf43,55,1.5,154,152,151,1,3,0.993421052631579,0.9805194805194806,0.9741935483870968
10,clab-nebula-serf43,60,1.5,154,152,151,1,3,0.993421052631579,0.9805194805194806,0.9741935483870968
10,clab-nebula-serf58,5,1.5,5,5,3,2,2,0.6,0.6,0.42857142857142855
10,clab-nebula-serf58,10,1.5,19,7,5,2,14,0.7142857142857143,0.2631578947368421,0.23809523809523808
10,clab-nebula-serf58,15,1.5,57,35,24,11,33,0.6857142857142857,0.42105263157894735,0.35294117647058826
10,clab-nebula-serf58,20,1.5,79,36,33,3,46,0.9166666666666666,0.4177215189873418,0.4024390243902439
10,clab-nebula-serf58,25,1.5,93,57,52,5,41,0.9122807017543859,0.5591397849462365,0.5306122448979592
10,clab-nebula-serf58,30,1.5,118,103,99,4,19,0.9611650485436893,0.8389830508474576,0.8114754098360656
10,clab-nebula-serf58,35,1.5,122,111,102,9,20,0.918918918918919,0.8360655737704918,0.7786259541984732
10,clab-nebula-serf58,40,1.5,125,112,103,9,22,0.9196428571428571,0.824,0.7686567164179104
10,clab-nebula-serf58,45,1.5,153,152,150,2,3,0.9868421052631579,0.9803921568627451,0.967741935483871
10,clab-nebula-serf58,50,1.5,154,152,151,1,3,0.993421052631579,0.9805194805194806,0.9741935483870968
10,clab-nebula-serf58,55,1.5,156,152,152,0,4,1.0,0.9743589743589743,0.9743589743589743
10,clab-nebula-serf58,60,1.5,160,161,160,1,0,0.9937888198757764,1.0,0.9937888198757764
10,clab-nebula-serf61,5,1.5,5,5,3,2,2,0.6,0.6,0.42857142857142855
10,clab-nebula-serf61,10,1.5,20,19,13,6,7,0.6842105263157895,0.65,0.5
10,clab-nebula-serf61,15,1.5,61,35,27,8,34,0.7714285714285715,0.4426229508196721,0.391304347826087
10,clab-nebula-serf61,20,1.5,79,36,34,2,45,0.9444444444444444,0.43037974683544306,0.41975308641975306
10,clab-nebula-serf61,25,1.5,93,42,38,4,55,0.9047619047619048,0.40860215053763443,0.3917525773195876
10,clab-nebula-serf61,30,1.5,118,111,99,12,19,0.8918918918918919,0.8389830508474576,0.7615384615384615
10,clab-nebula-serf61,35,1.5,121,112,101,11,20,0.9017857142857143,0.8347107438016529,0.7651515151515151
10,clab-nebula-serf61,40,1.5,124,112,103,9,21,0.9196428571428571,0.8306451612903226,0.7744360902255639
10,clab-nebula-serf61,45,1.5,149,152,146,6,3,0.9605263157894737,0.9798657718120806,0.9419354838709677
10,clab-nebula-serf61,50,1.5,154,152,151,1,3,0.993421052631579,0.9805194805194806,0.9741935483870968
10,clab-nebula-serf61,55,1.5,156,152,152,0,4,1.0,0.9743589743589743,0.9743589743589743
10,clab-nebula-serf61,60,1.5,158,153,153,0,5,1.0,0.9683544303797469,0.9683544303797469
10,clab-nebula-serf112,5,1.5,0,0,0,0,0,0.0,0.0,0.0
10,clab-nebula-serf112,10,1.5,0,0,0,0,0,0.0,0.0,0.0
10,clab-nebula-serf112,15,1.5,0,0,0,0,0,0.0,0.0,0.0
10,clab-nebula-serf112,20,1.5,0,0,0,0,0,0.0,0.0,0.0
10,clab-nebula-serf112,25,1.5,5,10,3,7,2,0.3,0.6,0.25
10,clab-nebula-serf112,30,1.5,18,11,8,3,10,0.7272727272727273,0.4444444444444444,0.38095238095238093
10,clab-nebula-serf112,35,1.5,34,58,26,32,8,0.4482758620689655,0.7647058823529411,0.3939393939393939
10,clab-nebula-serf112,40,1.5,64,58,42,16,22,0.7241379310344828,0.65625,0.525
10,clab-nebula-serf112,45,1.5,103,112,87,25,16,0.7767857142857143,0.8446601941747572,0.6796875
10,clab-nebula-serf112,50,1.5,136,152,135,17,1,0.8881578947368421,0.9926470588235294,0.8823529411764706
10,clab-nebula-serf112,55,1.5,148,152,146,6,2,0.9605263157894737,0.9864864864864865,0.948051948051948
10,clab-nebula-serf112,60,1.5,159,152,151,1,8,0.993421052631579,0.949685534591195,0.94375
10,clab-nebula-serf15,5,1.5,1,0,0,0,1,0,0.0,0.0
10,clab-nebula-serf15,10,1.5,14,18,11,7,3,0.6111111111111112,0.7857142857142857,0.5238095238095238
10,clab-nebula-serf15,15,1.5,32,38,25,13,7,0.6578947368421053,0.78125,0.5555555555555556
10,clab-nebula-serf15,20,1.5,68,62,46,16,22,0.7419354838709677,0.6764705882352942,0.5476190476190477
10,clab-nebula-serf15,25,1.5,88,62,57,5,31,0.9193548387096774,0.6477272727272727,0.6129032258064516
10,clab-nebula-serf15,30,1.5,100,102,87,15,13,0.8529411764705882,0.87,0.7565217391304347
10,clab-nebula-serf15,35,1.5,117,112,99,13,18,0.8839285714285714,0.8461538461538461,0.7615384615384615
10,clab-nebula-serf15,40,1.5,121,112,101,11,20,0.9017857142857143,0.8347107438016529,0.7651515151515151
10,clab-nebula-serf15,45,1.5,124,112,103,9,21,0.9196428571428571,0.8306451612903226,0.7744360902255639
10,clab-nebula-serf15,50,1.5,151,152,148,4,3,0.9736842105263158,0.9801324503311258,0.9548387096774194
10,clab-nebula-serf15,55,1.5,154,152,151,1,3,0.993421052631579,0.9805194805194806,0.9741935483870968
10,clab-nebula-serf15,60,1.5,158,152,152,0,6,1.0,0.9620253164556962,0.9620253164556962
10,clab-nebula-serf16,5,1.5,2,0,0,0,2,0,0.0,0.0
10,clab-nebula-serf16,10,1.5,17,18,13,5,4,0.7222222222222222,0.7647058823529411,0.5909090909090909
10,clab-nebula-serf16,15,1.5,33,38,25,13,8,0.6578947368421053,0.7575757575757576,0.5434782608695652
10,clab-nebula-serf16,20,1.5,69,62,47,15,22,0.7580645161290323,0.6811594202898551,0.5595238095238095
10,clab-nebula-serf16,25,1.5,88,62,57,5,31,0.9193548387096774,0.6477272727272727,0.6129032258064516
10,clab-nebula-serf16,30,1.5,101,111,88,23,13,0.7927927927927928,0.8712871287128713,0.7096774193548387
10,clab-nebula-serf16,35,1.5,119,112,100,12,19,0.8928571428571429,0.8403361344537815,0.7633587786259542
10,clab-nebula-serf16,40,1.5,121,113,101,12,20,0.8938053097345132,0.8347107438016529,0.7593984962406015
10,clab-nebula-serf16,45,1.5,126,115,104,11,22,0.9043478260869565,0.8253968253968254,0.7591240875912408
10,clab-nebula-serf16,50,1.5,151,152,148,4,3,0.9736842105263158,0.9801324503311258,0.9548387096774194
10,clab-nebula-serf16,55,1.5,155,152,151,1,4,0.993421052631579,0.9741935483870968,0.967948717948718
10,clab-nebula-serf16,60,1.5,158,152,152,0,6,1.0,0.9620253164556962,0.9620253164556962
10,clab-nebula-serf77,5,1.5,3,0,0,0,3,0,0.0,0.0
10,clab-nebula-serf77,10,1.5,24,16,15,1,9,0.9375,0.625,0.6
10,clab-nebula-serf77,15,1.5,38,16,16,0,22,1.0,0.42105263157894735,0.42105263157894735
10,clab-nebula-serf77,20,1.5,67,29,18,11,49,0.6206896551724138,0.26865671641791045,0.23076923076923078
10,clab-nebula-serf77,25,1.5,90,36,25,11,65,0.6944444444444444,0.2777777777777778,0.24752475247524752
10,clab-nebula-serf77,30,1.5,113,111,95,16,18,0.8558558558558559,0.8407079646017699,0.7364341085271318
10,clab-nebula-serf77,35,1.5,121,112,102,10,19,0.9107142857142857,0.8429752066115702,0.7786259541984732
10,clab-nebula-serf77,40,1.5,125,115,103,12,22,0.8956521739130435,0.824,0.7518248175182481
10,clab-nebula-serf77,45,1.5,151,153,148,5,3,0.9673202614379085,0.9801324503311258,0.9487179487179487
10,clab-nebula-serf77,50,1.5,154,153,151,2,3,0.9869281045751634,0.9805194805194806,0.967948717948718
10,clab-nebula-serf77,55,1.5,158,153,153,0,5,1.0,0.9683544303797469,0.9683544303797469
10,clab-nebula-serf77,60,1.5,161,161,161,0,0,1.0,1.0,1.0
10,clab-nebula-serf121,5,1.5,0,0,0,0,0,0.0,0.0,0.0
10,clab-nebula-serf121,10,1.5,1,0,0,0,1,0,0.0,0.0
10,clab-nebula-serf121,15,1.5,8,2,2,0,6,1.0,0.25,0.25
10,clab-nebula-serf121,20,1.5,15,2,2,0,13,1.0,0.13333333333333333,0.13333333333333333
10,clab-nebula-serf121,25,1.5,32,24,6,18,26,0.25,0.1875,0.12
10,clab-nebula-serf121,30,1.5,81,28,21,7,60,0.75,0.25925925925925924,0.23863636363636365
10,clab-nebula-serf121,35,1.5,121,152,120,32,1,0.7894736842105263,0.9917355371900827,0.7843137254901961
10,clab-nebula-serf121,40,1.5,138,152,137,15,1,0.9013157894736842,0.9927536231884058,0.8954248366013072
10,clab-nebula-serf121,45,1.5,148,152,145,7,3,0.9539473684210527,0.9797297297297297,0.9354838709677419
10,clab-nebula-serf121,50,1.5,160,152,152,0,8,1.0,0.95,0.95
10,clab-nebula-serf121,55,1.5,161,152,152,0,9,1.0,0.9440993788819876,0.9440993788819876
10,clab-nebula-serf121,60,1.5,161,152,152,0,9,1.0,0.9440993788819876,0.9440993788819876
10,clab-nebula-serf140,5,1.5,0,0,0,0,0,0.0,0.0,0.0
10,clab-nebula-serf140,10,1.5,0,0,0,0,0,0.0,0.0,0.0
10,clab-nebula-serf140,15,1.5,0,0,0,0,0,0.0,0.0,0.0
10,clab-nebula-serf140,20,1.5,13,14,13,1,0,0.9285714285714286,1.0,0.9285714285714286
10,clab-nebula-serf140,25,1.5,14,14,14,0,0,1.0,1.0,1.0
10,clab-nebula-serf140,30,1.5,25,40,24,16,1,0.6,0.96,0.5853658536585366
10,clab-nebula-serf140,35,1.5,39,40,29,11,10,0.725,0.7435897435897436,0.58
10,clab-nebula-serf140,40,1.5,52,40,37,3,15,0.925,0.7115384615384616,0.6727272727272727
10,clab-nebula-serf140,45,1.5,82,79,67,12,15,0.8481012658227848,0.8170731707317073,0.7127659574468085
10,clab-nebula-serf140,50,1.5,108,137,97,40,11,0.708029197080292,0.8981481481481481,0.6554054054054054
10,clab-nebula-serf140,55,1.5,136,152,135,17,1,0.8881578947368421,0.9926470588235294,0.8823529411764706
10,clab-nebula-serf140,60,1.5,145,152,144,8,1,0.9473684210526315,0.993103448275862,0.9411764705882353
10,clab-nebula-serf148,5,1.5,0,0,0,0,0,0.0,0.0,0.0
10,clab-nebula-serf148,10,1.5,0,0,0,0,0,0.0,0.0,0.0
10,clab-nebula-serf148,15,1.5,0,0,0,0,0,0.0,0.0,0.0
10,clab-nebula-serf148,20,1.5,6,0,0,0,6,0,0.0,0.0
10,clab-nebula-serf148,25,1.5,12,9,9,0,3,1.0,0.75,0.75
10,clab-nebula-serf148,30,1.5,22,9,9,0,13,1.0,0.4090909090909091,0.4090909090909091
10,clab-nebula-serf148,35,1.5,38,9,9,0,29,1.0,0.23684210526315788,0.23684210526315788
10,clab-nebula-serf148,40,1.5,52,9,9,0,43,1.0,0.17307692307692307,0.17307692307692307
10,clab-nebula-serf148,45,1.5,68,11,9,2,59,0.8181818181818182,0.1323529411764706,0.12857142857142856
10,clab-nebula-serf148,50,1.5,103,11,9,2,94,0.8181818181818182,0.08737864077669903,0.08571428571428572
10,clab-nebula-serf148,55,1.5,133,152,132,20,1,0.868421052631579,0.9924812030075187,0.8627450980392157
10,clab-nebula-serf148,60,1.5,148,152,145,7,3,0.9539473684210527,0.9797297297297297,0.9354838709677419
10,clab-nebula-serf154,5,1.5,0,0,0,0,0,0.0,0.0,0.0
10,clab-nebula-serf154,10,1.5,0,0,0,0,0,0.0,0.0,0.0
10,clab-nebula-serf154,15,1.5,1,0,0,0,1,0,0.0,0.0
10,clab-nebula-serf154,20,1.5,9,9,6,3,3,0.6666666666666666,0.6666666666666666,0.5
10,clab-nebula-serf154,25,1.5,12,9,9,0,3,1.0,0.75,0.75
10,clab-nebula-serf154,30,1.5,23,9,9,0,14,1.0,0.391304347826087,0.391304347826087
10,clab-nebula-serf154,35,1.5,42,9,9,0,33,1.0,0.21428571428571427,0.21428571428571427
10,clab-nebula-serf154,40,1.5,55,9,9,0,46,1.0,0.16363636363636364,0.16363636363636364
10,clab-nebula-serf154,45,1.5,79,11,9,2,70,0.8181818181818182,0.11392405063291139,0.1111111111111111
10,clab-nebula-serf154,50,1.5,113,12,11,1,102,0.9166666666666666,0.09734513274336283,0.09649122807017543
10,clab-nebula-serf154,55,1.5,137,152,136,16,1,0.8947368421052632,0.9927007299270073,0.8888888888888888
10,clab-nebula-serf154,60,1.5,147,152,145,7,2,0.9539473684210527,0.9863945578231292,0.9415584415584416
10,clab-nebula-serf156,5,1.5,0,0,0,0,0,0.0,0.0,0.0
10,clab-nebula-serf156,10,1.5,0,0,0,0,0,0.0,0.0,0.0
10,clab-nebula-serf156,15,1.5,4,9,1,8,3,0.1111111111111111,0.25,0.08333333333333333
10,clab-nebula-serf156,20,1.5,12,9,9,0,3,1.0,0.75,0.75
10,clab-nebula-serf156,25,1.5,18,9,9,0,9,1.0,0.5,0.5
10,clab-nebula-serf156,30,1.5,33,9,9,0,24,1.0,0.2727272727272727,0.2727272727272727
10,clab-nebula-serf156,35,1.5,49,9,9,0,40,1.0,0.1836734693877551,0.1836734693877551
10,clab-nebula-serf156,40,1.5,61,11,9,2,52,0.8181818181818182,0.14754098360655737,0.14285714285714285
10,clab-nebula-serf156,45,1.5,99,11,9,2,90,0.8181818181818182,0.09090909090909091,0.0891089108910891
10,clab-nebula-serf156,50,1.5,130,12,11,1,119,0.9166666666666666,0.08461538461538462,0.08396946564885496
10,clab-nebula-serf156,55,1.5,145,152,144,8,1,0.9473684210526315,0.993103448275862,0.9411764705882353
10,clab-nebula-serf156,60,1.5,154,152,150,2,4,0.9868421052631579,0.974025974025974,0.9615384615384616
10,clab-nebula-serf23,5,1.5,0,0,0,0,0,0.0,0.0,0.0
10,clab-nebula-serf23,10,1.5,0,0,0,0,0,0.0,0.0,0.0
10,clab-nebula-serf23,15,1.5,4,9,4,5,0,0.4444444444444444,1.0,0.4444444444444444
10,clab-nebula-serf23,20,1.5,11,17,9,8,2,0.5294117647058824,0.8181818181818182,0.47368421052631576
10,clab-nebula-serf23,25,1.5,22,17,15,2,7,0.8823529411764706,0.6818181818181818,0.625
10,clab-nebula-serf23,30,1.5,39,28,26,2,13,0.9285714285714286,0.6666666666666666,0.6341463414634146
10,clab-nebula-serf23,35,1.5,75,57,52,5,23,0.9122807017543859,0.6933333333333334,0.65
10,clab-nebula-serf23,40,1.5,91,102,78,24,13,0.7647058823529411,0.8571428571428571,0.6782608695652174
10,clab-nebula-serf23,45,1.5,99,102,85,17,14,0.8333333333333334,0.8585858585858586,0.7327586206896551
10,clab-nebula-serf23,50,1.5,117,111,97,14,20,0.8738738738738738,0.8290598290598291,0.7404580152671756
10,clab-nebula-serf23,55,1.5,122,111,101,10,21,0.9099099099099099,0.8278688524590164,0.7651515151515151
10,clab-nebula-serf23,60,1.5,124,111,103,8,21,0.9279279279279279,0.8306451612903226,0.7803030303030303
10,clab-nebula-serf39,5,1.5,2,0,0,0,2,0,0.0,0.0
10,clab-nebula-serf39,10,1.5,15,0,0,0,15,0,0.0,0.0
10,clab-nebula-serf39,15,1.5,53,0,0,0,53,0,0.0,0.0
10,clab-nebula-serf39,20,1.5,81,0,0,0,81,0,0.0,0.0
10,clab-nebula-serf39,25,1.5,90,0,0,0,90,0,0.0,0.0
10,clab-nebula-serf39,30,1.5,106,3,2,1,104,0.6666666666666666,0.018867924528301886,0.018691588785046728
10,clab-nebula-serf39,35,1.5,119,3,2,1,117,0.6666666666666666,0.01680672268907563,0.016666666666666666
10,clab-nebula-serf39,40,1.5,124,3,2,1,122,0.6666666666666666,0.016129032258064516,0.016
10,clab-nebula-serf39,45,1.5,138,3,2,1,136,0.6666666666666666,0.014492753623188406,0.014388489208633094
10,clab-nebula-serf39,50,1.5,154,4,2,2,152,0.5,0.012987012987012988,0.01282051282051282
10,clab-nebula-serf39,55,1.5,155,5,3,2,152,0.6,0.01935483870967742,0.01910828025477707
10,clab-nebula-serf39,60,1.5,158,161,158,3,0,0.9813664596273292,1.0,0.9813664596273292
10,clab-nebula-serf62,5,1.5,0,0,0,0,0,0.0,0.0,0.0
10,clab-nebula-serf62,10,1.5,4,5,3,2,1,0.6,0.75,0.5
10,clab-nebula-serf62,15,1.5,13,6,4,2,9,0.6666666666666666,0.3076923076923077,0.26666666666666666
10,clab-nebula-serf62,20,1.5,48,35,23,12,25,0.6571428571428571,0.4791666666666667,0.38333333333333336
10,clab-nebula-serf62,25,1.5,73,36,33,3,40,0.9166666666666666,0.4520547945205479,0.4342105263157895
10,clab-nebula-serf62,30,1.5,88,37,34,3,54,0.918918918918919,0.38636363636363635,0.37362637362637363
10,clab-nebula-serf62,35,1.5,110,103,92,11,18,0.8932038834951457,0.8363636363636363,0.7603305785123967
10,clab-nebula-serf62,40,1.5,120,111,101,10,19,0.9099099099099099,0.8416666666666667,0.7769230769230769
10,clab-nebula-serf62,45,1.5,124,112,103,9,21,0.9196428571428571,0.8306451612903226,0.7744360902255639
10,clab-nebula-serf62,50,1.5,144,152,141,11,3,0.9276315789473685,0.9791666666666666,0.9096774193548387
10,clab-nebula-serf62,55,1.5,154,152,151,1,3,0.993421052631579,0.9805194805194806,0.9741935483870968
10,clab-nebula-serf62,60,1.5,154,152,151,1,3,0.993421052631579,0.9805194805194806,0.9741935483870968
10,clab-nebula-serf107,5,1.5,0,0,0,0,0,0.0,0.0,0.0
10,clab-nebula-serf107,10,1.5,2,0,0,0,2,0,0.0,0.0
10,clab-nebula-serf107,15,1.5,6,0,0,0,6,0,0.0,0.0
10,clab-nebula-serf107,20,1.5,15,11,10,1,5,0.9090909090909091,0.6666666666666666,0.625
10,clab-nebula-serf107,25,1.5,40,36,27,9,13,0.75,0.675,0.5510204081632653
10,clab-nebula-serf107,30,1.5,71,58,43,15,28,0.7413793103448276,0.6056338028169014,0.5
10,clab-nebula-serf107,35,1.5,104,97,81,16,23,0.8350515463917526,0.7788461538461539,0.675
10,clab-nebula-serf107,40,1.5,144,152,143,9,1,0.9407894736842105,0.9930555555555556,0.934640522875817
10,clab-nebula-serf107,45,1.5,149,152,148,4,1,0.9736842105263158,0.9932885906040269,0.9673202614379085
10,clab-nebula-serf107,50,1.5,154,152,152,0,2,1.0,0.987012987012987,0.987012987012987
10,clab-nebula-serf107,55,1.5,157,152,152,0,5,1.0,0.9681528662420382,0.9681528662420382
10,clab-nebula-serf107,60,1.5,161,152,152,0,9,1.0,0.9440993788819876,0.9440993788819876
10,clab-nebula-serf115,5,1.5,0,0,0,0,0,0.0,0.0,0.0
10,clab-nebula-serf115,10,1.5,0,0,0,0,0,0.0,0.0,0.0
10,clab-nebula-serf115,15,1.5,0,0,0,0,0,0.0,0.0,0.0
10,clab-nebula-serf115,20,1.5,0,0,0,0,0,0.0,0.0,0.0
10,clab-nebula-serf115,25,1.5,0,0,0,0,0,0.0,0.0,0.0
10,clab-nebula-serf115,30,1.5,0,0,0,0,0,0.0,0.0,0.0
10,clab-nebula-serf115,35,1.5,1,1,1,0,0,1.0,1.0,1.0
10,clab-nebula-serf115,40,1.5,3,1,1,0,2,1.0,0.3333333333333333,0.3333333333333333
10,clab-nebula-serf115,45,1.5,6,1,1,0,5,1.0,0.16666666666666666,0.16666666666666666
10,clab-nebula-serf115,50,1.5,23,1,1,0,22,1.0,0.043478260869565216,0.043478260869565216
10,clab-nebula-serf115,55,1.5,57,2,2,0,55,1.0,0.03508771929824561,0.03508771929824561
10,clab-nebula-serf115,60,1.5,103,7,5,2,98,0.7142857142857143,0.04854368932038835,0.047619047619047616
10,clab-nebula-serf151,5,1.5,0,0,0,0,0,0.0,0.0,0.0
10,clab-nebula-serf151,10,1.5,0,0,0,0,0,0.0,0.0,0.0
10,clab-nebula-serf151,15,1.5,1,4,1,3,0,0.25,1.0,0.25
10,clab-nebula-serf151,20,1.5,11,9,8,1,3,0.8888888888888888,0.7272727272727273,0.6666666666666666
10,clab-nebula-serf151,25,1.5,13,9,9,0,4,1.0,0.6923076923076923,0.6923076923076923
10,clab-nebula-serf151,30,1.5,23,9,9,0,14,1.0,0.391304347826087,0.391304347826087
10,clab-nebula-serf151,35,1.5,43,9,9,0,34,1.0,0.20930232558139536,0.20930232558139536
10,clab-nebula-serf151,40,1.5,55,9,9,0,46,1.0,0.16363636363636364,0.16363636363636364
10,clab-nebula-serf151,45,1.5,81,11,9,2,72,0.8181818181818182,0.1111111111111111,0.10843373493975904
10,clab-nebula-serf151,50,1.5,114,12,11,1,103,0.9166666666666666,0.09649122807017543,0.09565217391304348
10,clab-nebula-serf151,55,1.5,137,152,136,16,1,0.8947368421052632,0.9927007299270073,0.8888888888888888
10,clab-nebula-serf151,60,1.5,148,152,145,7,3,0.9539473684210527,0.9797297297297297,0.9354838709677419
10,clab-nebula-serf158,5,1.5,4,2,2,0,2,1.0,0.5,0.5
10,clab-nebula-serf158,10,1.5,4,2,2,0,2,1.0,0.5,0.5
10,clab-nebula-serf158,15,1.5,5,5,5,0,0,1.0,1.0,1.0
10,clab-nebula-serf158,20,1.5,8,13,8,5,0,0.6153846153846154,1.0,0.6153846153846154
10,clab-nebula-serf158,25,1.5,16,26,12,14,4,0.46153846153846156,0.75,0.4
10,clab-nebula-serf158,30,1.5,34,26,24,2,10,0.9230769230769231,0.7058823529411765,0.6666666666666666
10,clab-nebula-serf158,35,1.5,40,40,30,10,10,0.75,0.75,0.6
10,clab-nebula-serf158,40,1.5,52,40,36,4,16,0.9,0.6923076923076923,0.6428571428571429
10,clab-nebula-serf158,45,1.5,68,77,55,22,13,0.7142857142857143,0.8088235294117647,0.6111111111111112
10,clab-nebula-serf158,50,1.5,103,98,76,22,27,0.7755102040816326,0.7378640776699029,0.608
10,clab-nebula-serf158,55,1.5,136,152,135,17,1,0.8881578947368421,0.9926470588235294,0.8823529411764706
10,clab-nebula-serf158,60,1.5,148,152,147,5,1,0.9671052631578947,0.9932432432432432,0.9607843137254902
10,clab-nebula-serf28,5,1.5,0,0,0,0,0,0.0,0.0,0.0
10,clab-nebula-serf28,10,1.5,1,0,0,0,1,0,0.0,0.0
10,clab-nebula-serf28,15,1.5,2,1,0,1,2,0.0,0.0,0.0
10,clab-nebula-serf28,20,1.5,4,1,1,0,3,1.0,0.25,0.25
10,clab-nebula-serf28,25,1.5,7,2,1,1,6,0.5,0.14285714285714285,0.125
10,clab-nebula-serf28,30,1.5,19,2,2,0,17,1.0,0.10526315789473684,0.10526315789473684
10,clab-nebula-serf28,35,1.5,29,2,2,0,27,1.0,0.06896551724137931,0.06896551724137931
10,clab-nebula-serf28,40,1.5,61,2,2,0,59,1.0,0.03278688524590164,0.03278688524590164
10,clab-nebula-serf28,45,1.5,91,2,2,0,89,1.0,0.02197802197802198,0.02197802197802198
10,clab-nebula-serf28,50,1.5,95,3,2,1,93,0.6666666666666666,0.021052631578947368,0.020833333333333332
10,clab-nebula-serf28,55,1.5,111,7,2,5,109,0.2857142857142857,0.018018018018018018,0.017241379310344827
10,clab-nebula-serf28,60,1.5,121,7,2,5,119,0.2857142857142857,0.01652892561983471,0.015873015873015872
10,clab-nebula-serf29,5,1.5,0,0,0,0,0,0.0,0.0,0.0
10,clab-nebula-serf29,10,1.5,2,0,0,0,2,0,0.0,0.0
10,clab-nebula-serf29,15,1.5,6,0,0,0,6,0,0.0,0.0
10,clab-nebula-serf29,20,1.5,14,2,2,0,12,1.0,0.14285714285714285,0.14285714285714285
10,clab-nebula-serf29,25,1.5,23,2,2,0,21,1.0,0.08695652173913043,0.08695652173913043
10,clab-nebula-serf29,30,1.5,39,2,2,0,37,1.0,0.05128205128205128,0.05128205128205128
10,clab-nebula-serf29,35,1.5,79,2,2,0,77,1.0,0.02531645569620253,0.02531645569620253
10,clab-nebula-serf29,40,1.5,92,2,2,0,90,1.0,0.021739130434782608,0.021739130434782608
10,clab-nebula-serf29,45,1.5,98,2,2,0,96,1.0,0.02040816326530612,0.02040816326530612
10,clab-nebula-serf29,50,1.5,115,4,2,2,113,0.5,0.017391304347826087,0.017094017094017096
10,clab-nebula-serf29,55,1.5,122,4,2,2,120,0.5,0.01639344262295082,0.016129032258064516
10,clab-nebula-serf29,60,1.5,125,4,2,2,123,0.5,0.016,0.015748031496062992
