hilbert_order,q_node,t,gt,found,tp,fp,fn,precision,recall,jaccard
2,clab-nebula-serf130,5,0,0,0,0,0,0.0,0.0,0.0
2,clab-nebula-serf130,10,0,0,0,0,0,0.0,0.0,0.0
2,clab-nebula-serf130,15,0,0,0,0,0,0.0,0.0,0.0
2,clab-nebula-serf130,20,13,0,0,0,13,0,0.0,0.0
2,clab-nebula-serf130,25,14,0,0,0,14,0,0.0,0.0
2,clab-nebula-serf130,30,24,0,0,0,24,0,0.0,0.0
2,clab-nebula-serf130,35,41,11,11,0,30,1.0,0.2682926829268293,0.2682926829268293
2,clab-nebula-serf130,40,53,11,11,0,42,1.0,0.20754716981132076,0.20754716981132076
2,clab-nebula-serf130,45,84,11,11,0,73,1.0,0.13095238095238096,0.13095238095238096
2,clab-nebula-serf130,50,111,11,11,0,100,1.0,0.0990990990990991,0.0990990990990991
2,clab-nebula-serf130,55,136,11,11,0,125,1.0,0.08088235294117647,0.08088235294117647
2,clab-nebula-serf130,60,146,11,11,0,135,1.0,0.07534246575342465,0.07534246575342465
2,clab-nebula-serf161,5,4,0,0,0,4,0,0.0,0.0
2,clab-nebula-serf161,10,4,0,0,0,4,0,0.0,0.0
2,clab-nebula-serf161,15,5,0,0,0,5,0,0.0,0.0
2,clab-nebula-serf161,20,10,0,0,0,10,0,0.0,0.0
2,clab-nebula-serf161,25,22,0,0,0,22,0,0.0,0.0
2,clab-nebula-serf161,30,36,0,0,0,36,0,0.0,0.0
2,clab-nebula-serf161,35,42,0,0,0,42,0,0.0,0.0
2,clab-nebula-serf161,40,58,0,0,0,58,0,0.0,0.0
2,clab-nebula-serf161,45,79,0,0,0,79,0,0.0,0.0
2,clab-nebula-serf161,50,117,57,54,3,63,0.9473684210526315,0.46153846153846156,0.45
2,clab-nebula-serf161,55,139,57,56,1,83,0.9824561403508771,0.4028776978417266,0.4
2,clab-nebula-serf161,60,149,57,57,0,92,1.0,0.3825503355704698,0.3825503355704698
2,clab-nebula-serf32,5,3,0,0,0,3,0,0.0,0.0
2,clab-nebula-serf32,10,19,0,0,0,19,0,0.0,0.0
2,clab-nebula-serf32,15,32,0,0,0,32,0,0.0,0.0
2,clab-nebula-serf32,20,59,0,0,0,59,0,0.0,0.0
2,clab-nebula-serf32,25,88,0,0,0,88,0,0.0,0.0
2,clab-nebula-serf32,30,95,0,0,0,95,0,0.0,0.0
2,clab-nebula-serf32,35,108,0,0,0,108,0,0.0,0.0
2,clab-nebula-serf32,40,121,0,0,0,121,0,0.0,0.0
2,clab-nebula-serf32,45,124,0,0,0,124,0,0.0,0.0
2,clab-nebula-serf32,50,137,30,30,0,107,1.0,0.21897810218978103,0.21897810218978103
2,clab-nebula-serf32,55,154,30,30,0,124,1.0,0.19480519480519481,0.19480519480519481
2,clab-nebula-serf32,60,155,30,30,0,125,1.0,0.1935483870967742,0.1935483870967742
2,clab-nebula-serf63,5,0,0,0,0,0,0.0,0.0,0.0
2,clab-nebula-serf63,10,0,0,0,0,0,0.0,0.0,0.0
2,clab-nebula-serf63,15,6,0,0,0,6,0,0.0,0.0
2,clab-nebula-serf63,20,32,0,0,0,32,0,0.0,0.0
2,clab-nebula-serf63,25,64,0,0,0,64,0,0.0,0.0
2,clab-nebula-serf63,30,84,0,0,0,84,0,0.0,0.0
2,clab-nebula-serf63,35,103,0,0,0,103,0,0.0,0.0
2,clab-nebula-serf63,40,119,0,0,0,119,0,0.0,0.0
2,clab-nebula-serf63,45,124,0,0,0,124,0,0.0,0.0
2,clab-nebula-serf63,50,128,30,30,0,98,1.0,0.234375,0.234375
2,clab-nebula-serf63,55,154,30,30,0,124,1.0,0.19480519480519481,0.19480519480519481
2,clab-nebula-serf63,60,154,30,30,0,124,1.0,0.19480519480519481,0.19480519480519481
2,clab-nebula-serf45,5,2,0,0,0,2,0,0.0,0.0
2,clab-nebula-serf45,10,8,0,0,0,8,0,0.0,0.0
2,clab-nebula-serf45,15,22,0,0,0,22,0,0.0,0.0
2,clab-nebula-serf45,20,40,0,0,0,40,0,0.0,0.0
2,clab-nebula-serf45,25,80,0,0,0,80,0,0.0,0.0
2,clab-nebula-serf45,30,90,0,0,0,90,0,0.0,0.0
2,clab-nebula-serf45,35,118,0,0,0,118,0,0.0,0.0
2,clab-nebula-serf45,40,121,0,0,0,121,0,0.0,0.0
2,clab-nebula-serf45,45,124,0,0,0,124,0,0.0,0.0
2,clab-nebula-serf45,50,145,30,30,0,115,1.0,0.20689655172413793,0.20689655172413793
2,clab-nebula-serf45,55,154,30,30,0,124,1.0,0.19480519480519481,0.19480519480519481
2,clab-nebula-serf45,60,155,30,30,0,125,1.0,0.1935483870967742,0.1935483870967742
2,clab-nebula-serf49,5,4,0,0,0,4,0,0.0,0.0
2,clab-nebula-serf49,10,14,0,0,0,14,0,0.0,0.0
2,clab-nebula-serf49,15,30,0,0,0,30,0,0.0,0.0
2,clab-nebula-serf49,20,67,0,0,0,67,0,0.0,0.0
2,clab-nebula-serf49,25,84,0,0,0,84,0,0.0,0.0
2,clab-nebula-serf49,30,106,0,0,0,106,0,0.0,0.0
2,clab-nebula-serf49,35,121,0,0,0,121,0,0.0,0.0
2,clab-nebula-serf49,40,124,0,0,0,124,0,0.0,0.0
2,clab-nebula-serf49,45,135,30,30,0,105,1.0,0.2222222222222222,0.2222222222222222
2,clab-nebula-serf49,50,154,30,30,0,124,1.0,0.19480519480519481,0.19480519480519481
2,clab-nebula-serf49,55,154,30,30,0,124,1.0,0.19480519480519481,0.19480519480519481
2,clab-nebula-serf49,60,157,30,30,0,127,1.0,0.1910828025477707,0.1910828025477707
2,clab-nebula-serf83,5,0,0,0,0,0,0.0,0.0,0.0
2,clab-nebula-serf83,10,3,0,0,0,3,0,0.0,0.0
2,clab-nebula-serf83,15,14,0,0,0,14,0,0.0,0.0
2,clab-nebula-serf83,20,33,0,0,0,33,0,0.0,0.0
2,clab-nebula-serf83,25,50,0,0,0,50,0,0.0,0.0
2,clab-nebula-serf83,30,79,23,22,1,57,0.9565217391304348,0.27848101265822783,0.275
2,clab-nebula-serf83,35,109,23,23,0,86,1.0,0.21100917431192662,0.21100917431192662
2,clab-nebula-serf83,40,119,23,23,0,96,1.0,0.19327731092436976,0.19327731092436976
2,clab-nebula-serf83,45,128,23,23,0,105,1.0,0.1796875,0.1796875
2,clab-nebula-serf83,50,140,23,23,0,117,1.0,0.16428571428571428,0.16428571428571428
2,clab-nebula-serf83,55,154,23,23,0,131,1.0,0.14935064935064934,0.14935064935064934
2,clab-nebula-serf83,60,156,23,23,0,133,1.0,0.14743589743589744,0.14743589743589744
2,clab-nebula-serf91,5,3,0,0,0,3,0,0.0,0.0
2,clab-nebula-serf91,10,17,0,0,0,17,0,0.0,0.0
2,clab-nebula-serf91,15,36,0,0,0,36,0,0.0,0.0
2,clab-nebula-serf91,20,56,0,0,0,56,0,0.0,0.0
2,clab-nebula-serf91,25,81,23,22,1,59,0.9565217391304348,0.2716049382716049,0.2682926829268293
2,clab-nebula-serf91,30,112,23,23,0,89,1.0,0.20535714285714285,0.20535714285714285
2,clab-nebula-serf91,35,119,23,23,0,96,1.0,0.19327731092436976,0.19327731092436976
2,clab-nebula-serf91,40,129,23,23,0,106,1.0,0.17829457364341086,0.17829457364341086
2,clab-nebula-serf91,45,146,23,23,0,123,1.0,0.15753424657534246,0.15753424657534246
2,clab-nebula-serf91,50,154,23,23,0,131,1.0,0.14935064935064934,0.14935064935064934
2,clab-nebula-serf91,55,157,23,23,0,134,1.0,0.1464968152866242,0.1464968152866242
2,clab-nebula-serf91,60,161,23,23,0,138,1.0,0.14285714285714285,0.14285714285714285
2,clab-nebula-serf136,5,0,0,0,0,0,0.0,0.0,0.0
2,clab-nebula-serf136,10,0,0,0,0,0,0.0,0.0,0.0
2,clab-nebula-serf136,15,2,0,0,0,2,0,0.0,0.0
2,clab-nebula-serf136,20,14,0,0,0,14,0,0.0,0.0
2,clab-nebula-serf136,25,18,0,0,0,18,0,0.0,0.0
2,clab-nebula-serf136,30,28,11,11,0,17,1.0,0.39285714285714285,0.39285714285714285
2,clab-nebula-serf136,35,45,11,11,0,34,1.0,0.24444444444444444,0.24444444444444444
2,clab-nebula-serf136,40,66,11,11,0,55,1.0,0.16666666666666666,0.16666666666666666
2,clab-nebula-serf136,45,95,11,11,0,84,1.0,0.11578947368421053,0.11578947368421053
2,clab-nebula-serf136,50,124,11,11,0,113,1.0,0.08870967741935484,0.08870967741935484
2,clab-nebula-serf136,55,137,11,11,0,126,1.0,0.08029197080291971,0.08029197080291971
2,clab-nebula-serf136,60,149,11,11,0,138,1.0,0.0738255033557047,0.0738255033557047
2,clab-nebula-serf146,5,0,0,0,0,0,0.0,0.0,0.0
2,clab-nebula-serf146,10,0,0,0,0,0,0.0,0.0,0.0
2,clab-nebula-serf146,15,1,0,0,0,1,0,0.0,0.0
2,clab-nebula-serf146,20,5,0,0,0,5,0,0.0,0.0
2,clab-nebula-serf146,25,8,0,0,0,8,0,0.0,0.0
2,clab-nebula-serf146,30,16,0,0,0,16,0,0.0,0.0
2,clab-nebula-serf146,35,44,0,0,0,44,0,0.0,0.0
2,clab-nebula-serf146,40,58,0,0,0,58,0,0.0,0.0
2,clab-nebula-serf146,45,78,0,0,0,78,0,0.0,0.0
2,clab-nebula-serf146,50,114,0,0,0,114,0,0.0,0.0
2,clab-nebula-serf146,55,137,0,0,0,137,0,0.0,0.0
2,clab-nebula-serf146,60,146,0,0,0,146,0,0.0,0.0
2,clab-nebula-serf12,5,0,0,0,0,0,0.0,0.0,0.0
2,clab-nebula-serf12,10,5,0,0,0,5,0,0.0,0.0
2,clab-nebula-serf12,15,19,0,0,0,19,0,0.0,0.0
2,clab-nebula-serf12,20,38,0,0,0,38,0,0.0,0.0
2,clab-nebula-serf12,25,71,0,0,0,71,0,0.0,0.0
2,clab-nebula-serf12,30,88,0,0,0,88,0,0.0,0.0
2,clab-nebula-serf12,35,102,0,0,0,102,0,0.0,0.0
2,clab-nebula-serf12,40,119,0,0,0,119,0,0.0,0.0
2,clab-nebula-serf12,45,121,39,39,0,82,1.0,0.32231404958677684,0.32231404958677684
2,clab-nebula-serf12,50,127,0,0,0,127,0,0.0,0.0
2,clab-nebula-serf12,55,153,0,0,0,153,0,0.0,0.0
2,clab-nebula-serf12,60,155,0,0,0,155,0,0.0,0.0
2,clab-nebula-serf19,5,0,0,0,0,0,0.0,0.0,0.0
2,clab-nebula-serf19,10,5,0,0,0,5,0,0.0,0.0
2,clab-nebula-serf19,15,23,0,0,0,23,0,0.0,0.0
2,clab-nebula-serf19,20,44,0,0,0,44,0,0.0,0.0
2,clab-nebula-serf19,25,73,0,0,0,73,0,0.0,0.0
2,clab-nebula-serf19,30,90,0,0,0,90,0,0.0,0.0
2,clab-nebula-serf19,35,105,0,0,0,105,0,0.0,0.0
2,clab-nebula-serf19,40,120,0,0,0,120,0,0.0,0.0
2,clab-nebula-serf19,45,123,0,0,0,123,0,0.0,0.0
2,clab-nebula-serf19,50,142,0,0,0,142,0,0.0,0.0
2,clab-nebula-serf19,55,153,0,0,0,153,0,0.0,0.0
2,clab-nebula-serf19,60,157,0,0,0,157,0,0.0,0.0
2,clab-nebula-serf80,5,0,0,0,0,0,0.0,0.0,0.0
2,clab-nebula-serf80,10,14,0,0,0,14,0,0.0,0.0
2,clab-nebula-serf80,15,32,0,0,0,32,0,0.0,0.0
2,clab-nebula-serf80,20,55,0,0,0,55,0,0.0,0.0
2,clab-nebula-serf80,25,84,0,0,0,84,0,0.0,0.0
2,clab-nebula-serf80,30,110,0,0,0,110,0,0.0,0.0
2,clab-nebula-serf80,35,120,0,0,0,120,0,0.0,0.0
2,clab-nebula-serf80,40,127,0,0,0,127,0,0.0,0.0
2,clab-nebula-serf80,45,152,30,30,0,122,1.0,0.19736842105263158,0.19736842105263158
2,clab-nebula-serf80,50,154,30,30,0,124,1.0,0.19480519480519481,0.19480519480519481
2,clab-nebula-serf80,55,156,30,30,0,126,1.0,0.19230769230769232,0.19230769230769232
2,clab-nebula-serf80,60,159,30,30,0,129,1.0,0.18867924528301888,0.18867924528301888
2,clab-nebula-serf111,5,1,0,0,0,1,0,0.0,0.0
2,clab-nebula-serf111,10,7,0,0,0,7,0,0.0,0.0
2,clab-nebula-serf111,15,17,0,0,0,17,0,0.0,0.0
2,clab-nebula-serf111,20,47,0,0,0,47,0,0.0,0.0
2,clab-nebula-serf111,25,73,30,29,1,44,0.9666666666666667,0.3972602739726027,0.3918918918918919
2,clab-nebula-serf111,30,111,30,30,0,81,1.0,0.2702702702702703,0.2702702702702703
2,clab-nebula-serf111,35,145,30,30,0,115,1.0,0.20689655172413793,0.20689655172413793
2,clab-nebula-serf111,40,150,30,30,0,120,1.0,0.2,0.2
2,clab-nebula-serf111,45,154,30,30,0,124,1.0,0.19480519480519481,0.19480519480519481
2,clab-nebula-serf111,50,158,30,30,0,128,1.0,0.189873417721519,0.189873417721519
2,clab-nebula-serf111,55,161,30,30,0,131,1.0,0.18633540372670807,0.18633540372670807
2,clab-nebula-serf111,60,161,30,30,0,131,1.0,0.18633540372670807,0.18633540372670807
2,clab-nebula-serf109,5,3,0,0,0,3,0,0.0,0.0
2,clab-nebula-serf109,10,8,0,0,0,8,0,0.0,0.0
2,clab-nebula-serf109,15,26,0,0,0,26,0,0.0,0.0
2,clab-nebula-serf109,20,58,0,0,0,58,0,0.0,0.0
2,clab-nebula-serf109,25,87,30,30,0,57,1.0,0.3448275862068966,0.3448275862068966
2,clab-nebula-serf109,30,130,30,30,0,100,1.0,0.23076923076923078,0.23076923076923078
2,clab-nebula-serf109,35,145,30,30,0,115,1.0,0.20689655172413793,0.20689655172413793
2,clab-nebula-serf109,40,153,30,30,0,123,1.0,0.19607843137254902,0.19607843137254902
2,clab-nebula-serf109,45,155,30,30,0,125,1.0,0.1935483870967742,0.1935483870967742
2,clab-nebula-serf109,50,159,30,30,0,129,1.0,0.18867924528301888,0.18867924528301888
2,clab-nebula-serf109,55,161,30,30,0,131,1.0,0.18633540372670807,0.18633540372670807
2,clab-nebula-serf109,60,161,30,30,0,131,1.0,0.18633540372670807,0.18633540372670807
2,clab-nebula-serf147,5,0,0,0,0,0,0.0,0.0,0.0
2,clab-nebula-serf147,10,0,0,0,0,0,0.0,0.0,0.0
2,clab-nebula-serf147,15,2,0,0,0,2,0,0.0,0.0
2,clab-nebula-serf147,20,12,0,0,0,12,0,0.0,0.0
2,clab-nebula-serf147,25,14,0,0,0,14,0,0.0,0.0
2,clab-nebula-serf147,30,27,0,0,0,27,0,0.0,0.0
2,clab-nebula-serf147,35,48,0,0,0,48,0,0.0,0.0
2,clab-nebula-serf147,40,59,0,0,0,59,0,0.0,0.0
2,clab-nebula-serf147,45,87,51,43,8,44,0.8431372549019608,0.4942528735632184,0.45263157894736844
2,clab-nebula-serf147,50,120,51,48,3,72,0.9411764705882353,0.4,0.3902439024390244
2,clab-nebula-serf147,55,141,51,50,1,91,0.9803921568627451,0.3546099290780142,0.352112676056338
2,clab-nebula-serf147,60,152,51,51,0,101,1.0,0.3355263157894737,0.3355263157894737
2,clab-nebula-serf4,5,1,0,0,0,1,0,0.0,0.0
2,clab-nebula-serf4,10,2,0,0,0,2,0,0.0,0.0
2,clab-nebula-serf4,15,9,0,0,0,9,0,0.0,0.0
2,clab-nebula-serf4,20,16,0,0,0,16,0,0.0,0.0
2,clab-nebula-serf4,25,23,0,0,0,23,0,0.0,0.0
2,clab-nebula-serf4,30,47,39,27,12,20,0.6923076923076923,0.574468085106383,0.4576271186440678
2,clab-nebula-serf4,35,82,39,37,2,45,0.9487179487179487,0.45121951219512196,0.44047619047619047
2,clab-nebula-serf4,40,92,39,39,0,53,1.0,0.42391304347826086,0.42391304347826086
2,clab-nebula-serf4,45,109,39,39,0,70,1.0,0.3577981651376147,0.3577981651376147
2,clab-nebula-serf4,50,120,39,39,0,81,1.0,0.325,0.325
2,clab-nebula-serf4,55,123,39,39,0,84,1.0,0.3170731707317073,0.3170731707317073
2,clab-nebula-serf4,60,141,39,39,0,102,1.0,0.2765957446808511,0.2765957446808511
2,clab-nebula-serf100,5,6,0,0,0,6,0,0.0,0.0
2,clab-nebula-serf100,10,7,0,0,0,7,0,0.0,0.0
2,clab-nebula-serf100,15,8,0,0,0,8,0,0.0,0.0
2,clab-nebula-serf100,20,14,0,0,0,14,0,0.0,0.0
2,clab-nebula-serf100,25,25,7,7,0,18,1.0,0.28,0.28
2,clab-nebula-serf100,30,59,9,7,2,52,0.7777777777777778,0.11864406779661017,0.11475409836065574
2,clab-nebula-serf100,35,89,9,9,0,80,1.0,0.10112359550561797,0.10112359550561797
2,clab-nebula-serf100,40,137,9,9,0,128,1.0,0.06569343065693431,0.06569343065693431
2,clab-nebula-serf100,45,150,9,9,0,141,1.0,0.06,0.06
2,clab-nebula-serf100,50,159,9,9,0,150,1.0,0.05660377358490566,0.05660377358490566
2,clab-nebula-serf100,55,160,9,9,0,151,1.0,0.05625,0.05625
2,clab-nebula-serf100,60,161,9,9,0,152,1.0,0.055900621118012424,0.055900621118012424
2,clab-nebula-serf75,5,0,0,0,0,0,0.0,0.0,0.0
2,clab-nebula-serf75,10,7,0,0,0,7,0,0.0,0.0
2,clab-nebula-serf75,15,26,0,0,0,26,0,0.0,0.0
2,clab-nebula-serf75,20,41,0,0,0,41,0,0.0,0.0
2,clab-nebula-serf75,25,76,0,0,0,76,0,0.0,0.0
2,clab-nebula-serf75,30,100,0,0,0,100,0,0.0,0.0
2,clab-nebula-serf75,35,115,0,0,0,115,0,0.0,0.0
2,clab-nebula-serf75,40,122,0,0,0,122,0,0.0,0.0
2,clab-nebula-serf75,45,135,0,0,0,135,0,0.0,0.0
2,clab-nebula-serf75,50,154,30,30,0,124,1.0,0.19480519480519481,0.19480519480519481
2,clab-nebula-serf75,55,155,30,30,0,125,1.0,0.1935483870967742,0.1935483870967742
2,clab-nebula-serf75,60,158,30,30,0,128,1.0,0.189873417721519,0.189873417721519
2,clab-nebula-serf89,5,3,0,0,0,3,0,0.0,0.0
2,clab-nebula-serf89,10,3,0,0,0,3,0,0.0,0.0
2,clab-nebula-serf89,15,8,0,0,0,8,0,0.0,0.0
2,clab-nebula-serf89,20,18,0,0,0,18,0,0.0,0.0
2,clab-nebula-serf89,25,41,0,0,0,41,0,0.0,0.0
2,clab-nebula-serf89,30,71,1,1,0,70,1.0,0.014084507042253521,0.014084507042253521
2,clab-nebula-serf89,35,97,1,1,0,96,1.0,0.010309278350515464,0.010309278350515464
2,clab-nebula-serf89,40,119,1,1,0,118,1.0,0.008403361344537815,0.008403361344537815
2,clab-nebula-serf89,45,127,1,1,0,126,1.0,0.007874015748031496,0.007874015748031496
2,clab-nebula-serf89,50,137,1,1,0,136,1.0,0.0072992700729927005,0.0072992700729927005
2,clab-nebula-serf89,55,154,1,1,0,153,1.0,0.006493506493506494,0.006493506493506494
2,clab-nebula-serf89,60,158,1,1,0,157,1.0,0.006329113924050633,0.006329113924050633
2,clab-nebula-serf101,5,4,0,0,0,4,0,0.0,0.0
2,clab-nebula-serf101,10,7,0,0,0,7,0,0.0,0.0
2,clab-nebula-serf101,15,7,0,0,0,7,0,0.0,0.0
2,clab-nebula-serf101,20,10,0,0,0,10,0,0.0,0.0
2,clab-nebula-serf101,25,22,7,7,0,15,1.0,0.3181818181818182,0.3181818181818182
2,clab-nebula-serf101,30,47,9,7,2,40,0.7777777777777778,0.14893617021276595,0.14285714285714285
2,clab-nebula-serf101,35,79,9,8,1,71,0.8888888888888888,0.10126582278481013,0.1
2,clab-nebula-serf101,40,131,9,9,0,122,1.0,0.06870229007633588,0.06870229007633588
2,clab-nebula-serf101,45,148,9,9,0,139,1.0,0.060810810810810814,0.060810810810810814
2,clab-nebula-serf101,50,157,9,9,0,148,1.0,0.05732484076433121,0.05732484076433121
2,clab-nebula-serf101,55,160,9,9,0,151,1.0,0.05625,0.05625
2,clab-nebula-serf101,60,161,9,9,0,152,1.0,0.055900621118012424,0.055900621118012424
2,clab-nebula-serf105,5,1,0,0,0,1,0,0.0,0.0
2,clab-nebula-serf105,10,3,0,0,0,3,0,0.0,0.0
2,clab-nebula-serf105,15,8,0,0,0,8,0,0.0,0.0
2,clab-nebula-serf105,20,25,0,0,0,25,0,0.0,0.0
2,clab-nebula-serf105,25,54,0,0,0,54,0,0.0,0.0
2,clab-nebula-serf105,30,86,30,30,0,56,1.0,0.3488372093023256,0.3488372093023256
2,clab-nebula-serf105,35,123,30,30,0,93,1.0,0.24390243902439024,0.24390243902439024
2,clab-nebula-serf105,40,145,30,30,0,115,1.0,0.20689655172413793,0.20689655172413793
2,clab-nebula-serf105,45,153,30,30,0,123,1.0,0.19607843137254902,0.19607843137254902
2,clab-nebula-serf105,50,155,30,30,0,125,1.0,0.1935483870967742,0.1935483870967742
2,clab-nebula-serf105,55,160,30,30,0,130,1.0,0.1875,0.1875
2,clab-nebula-serf105,60,161,30,30,0,131,1.0,0.18633540372670807,0.18633540372670807
2,clab-nebula-serf65,5,0,0,0,0,0,0.0,0.0,0.0
2,clab-nebula-serf65,10,0,0,0,0,0,0.0,0.0,0.0
2,clab-nebula-serf65,15,0,0,0,0,0,0.0,0.0,0.0
2,clab-nebula-serf65,20,23,0,0,0,23,0,0.0,0.0
2,clab-nebula-serf65,25,62,0,0,0,62,0,0.0,0.0
2,clab-nebula-serf65,30,95,0,0,0,95,0,0.0,0.0
2,clab-nebula-serf65,35,115,0,0,0,115,0,0.0,0.0
2,clab-nebula-serf65,40,122,0,0,0,122,0,0.0,0.0
2,clab-nebula-serf65,45,126,0,0,0,126,0,0.0,0.0
2,clab-nebula-serf65,50,152,0,0,0,152,0,0.0,0.0
2,clab-nebula-serf65,55,154,0,0,0,154,0,0.0,0.0
2,clab-nebula-serf65,60,155,0,0,0,155,0,0.0,0.0
2,clab-nebula-serf68,5,0,0,0,0,0,0.0,0.0,0.0
2,clab-nebula-serf68,10,5,0,0,0,5,0,0.0,0.0
2,clab-nebula-serf68,15,27,0,0,0,27,0,0.0,0.0
2,clab-nebula-serf68,20,42,0,0,0,42,0,0.0,0.0
2,clab-nebula-serf68,25,79,0,0,0,79,0,0.0,0.0
2,clab-nebula-serf68,30,103,0,0,0,103,0,0.0,0.0
2,clab-nebula-serf68,35,116,0,0,0,116,0,0.0,0.0
2,clab-nebula-serf68,40,122,0,0,0,122,0,0.0,0.0
2,clab-nebula-serf68,45,135,0,0,0,135,0,0.0,0.0
2,clab-nebula-serf68,50,154,30,30,0,124,1.0,0.19480519480519481,0.19480519480519481
2,clab-nebula-serf68,55,154,30,30,0,124,1.0,0.19480519480519481,0.19480519480519481
2,clab-nebula-serf68,60,158,30,30,0,128,1.0,0.189873417721519,0.189873417721519
2,clab-nebula-serf94,5,2,0,0,0,2,0,0.0,0.0
2,clab-nebula-serf94,10,17,0,0,0,17,0,0.0,0.0
2,clab-nebula-serf94,15,36,0,0,0,36,0,0.0,0.0
2,clab-nebula-serf94,20,57,23,21,2,36,0.9130434782608695,0.3684210526315789,0.3559322033898305
2,clab-nebula-serf94,25,81,23,22,1,59,0.9565217391304348,0.2716049382716049,0.2682926829268293
2,clab-nebula-serf94,30,105,23,23,0,82,1.0,0.21904761904761905,0.21904761904761905
2,clab-nebula-serf94,35,119,23,23,0,96,1.0,0.19327731092436976,0.19327731092436976
2,clab-nebula-serf94,40,129,23,23,0,106,1.0,0.17829457364341086,0.17829457364341086
2,clab-nebula-serf94,45,145,23,23,0,122,1.0,0.15862068965517243,0.15862068965517243
2,clab-nebula-serf94,50,154,23,23,0,131,1.0,0.14935064935064934,0.14935064935064934
2,clab-nebula-serf94,55,157,23,23,0,134,1.0,0.1464968152866242,0.1464968152866242
2,clab-nebula-serf94,60,161,23,23,0,138,1.0,0.14285714285714285,0.14285714285714285
2,clab-nebula-serf103,5,7,0,0,0,7,0,0.0,0.0
2,clab-nebula-serf103,10,7,0,0,0,7,0,0.0,0.0
2,clab-nebula-serf103,15,8,0,0,0,8,0,0.0,0.0
2,clab-nebula-serf103,20,16,7,7,0,9,1.0,0.4375,0.4375
2,clab-nebula-serf103,25,27,7,7,0,20,1.0,0.25925925925925924,0.25925925925925924
2,clab-nebula-serf103,30,63,9,7,2,56,0.7777777777777778,0.1111111111111111,0.1076923076923077
2,clab-nebula-serf103,35,102,9,9,0,93,1.0,0.08823529411764706,0.08823529411764706
2,clab-nebula-serf103,40,140,9,9,0,131,1.0,0.06428571428571428,0.06428571428571428
2,clab-nebula-serf103,45,150,9,9,0,141,1.0,0.06,0.06
2,clab-nebula-serf103,50,159,9,9,0,150,1.0,0.05660377358490566,0.05660377358490566
2,clab-nebula-serf103,55,161,9,9,0,152,1.0,0.055900621118012424,0.055900621118012424
2,clab-nebula-serf103,60,161,9,9,0,152,1.0,0.055900621118012424,0.055900621118012424
2,clab-nebula-serf117,5,0,0,0,0,0,0.0,0.0,0.0
2,clab-nebula-serf117,10,0,0,0,0,0,0.0,0.0,0.0
2,clab-nebula-serf117,15,0,0,0,0,0,0.0,0.0,0.0
2,clab-nebula-serf117,20,0,0,0,0,0,0.0,0.0,0.0
2,clab-nebula-serf117,25,1,0,0,0,1,0,0.0,0.0
2,clab-nebula-serf117,30,3,0,0,0,3,0,0.0,0.0
2,clab-nebula-serf117,35,3,0,0,0,3,0,0.0,0.0
2,clab-nebula-serf117,40,3,0,0,0,3,0,0.0,0.0
2,clab-nebula-serf117,45,10,0,0,0,10,0,0.0,0.0
2,clab-nebula-serf117,50,21,0,0,0,21,0,0.0,0.0
2,clab-nebula-serf117,55,45,4,4,0,41,1.0,0.08888888888888889,0.08888888888888889
2,clab-nebula-serf117,60,68,4,4,0,64,1.0,0.058823529411764705,0.058823529411764705
2,clab-nebula-serf127,5,0,0,0,0,0,0.0,0.0,0.0
2,clab-nebula-serf127,10,4,0,0,0,4,0,0.0,0.0
2,clab-nebula-serf127,15,13,0,0,0,13,0,0.0,0.0
2,clab-nebula-serf127,20,46,0,0,0,46,0,0.0,0.0
2,clab-nebula-serf127,25,60,0,0,0,60,0,0.0,0.0
2,clab-nebula-serf127,30,92,0,0,0,92,0,0.0,0.0
2,clab-nebula-serf127,35,122,0,0,0,122,0,0.0,0.0
2,clab-nebula-serf127,40,138,0,0,0,138,0,0.0,0.0
2,clab-nebula-serf127,45,146,0,0,0,146,0,0.0,0.0
2,clab-nebula-serf127,50,156,0,0,0,156,0,0.0,0.0
2,clab-nebula-serf127,55,161,52,52,0,109,1.0,0.32298136645962733,0.32298136645962733
2,clab-nebula-serf127,60,161,52,52,0,109,1.0,0.32298136645962733,0.32298136645962733
2,clab-nebula-serf129,5,0,0,0,0,0,0.0,0.0,0.0
2,clab-nebula-serf129,10,0,0,0,0,0,0.0,0.0,0.0
2,clab-nebula-serf129,15,2,0,0,0,2,0,0.0,0.0
2,clab-nebula-serf129,20,7,0,0,0,7,0,0.0,0.0
2,clab-nebula-serf129,25,17,0,0,0,17,0,0.0,0.0
2,clab-nebula-serf129,30,42,0,0,0,42,0,0.0,0.0
2,clab-nebula-serf129,35,71,30,29,1,42,0.9666666666666667,0.4084507042253521,0.4027777777777778
2,clab-nebula-serf129,40,123,30,30,0,93,1.0,0.24390243902439024,0.24390243902439024
2,clab-nebula-serf129,45,142,30,30,0,112,1.0,0.2112676056338028,0.2112676056338028
2,clab-nebula-serf129,50,149,30,30,0,119,1.0,0.20134228187919462,0.20134228187919462
2,clab-nebula-serf129,55,155,30,30,0,125,1.0,0.1935483870967742,0.1935483870967742
2,clab-nebula-serf129,60,158,30,30,0,128,1.0,0.189873417721519,0.189873417721519
2,clab-nebula-serf155,5,0,0,0,0,0,0.0,0.0,0.0
2,clab-nebula-serf155,10,0,0,0,0,0,0.0,0.0,0.0
2,clab-nebula-serf155,15,1,0,0,0,1,0,0.0,0.0
2,clab-nebula-serf155,20,11,0,0,0,11,0,0.0,0.0
2,clab-nebula-serf155,25,14,0,0,0,14,0,0.0,0.0
2,clab-nebula-serf155,30,24,0,0,0,24,0,0.0,0.0
2,clab-nebula-serf155,35,43,0,0,0,43,0,0.0,0.0
2,clab-nebula-serf155,40,56,0,0,0,56,0,0.0,0.0
2,clab-nebula-serf155,45,82,51,43,8,39,0.8431372549019608,0.524390243902439,0.4777777777777778
2,clab-nebula-serf155,50,117,51,48,3,69,0.9411764705882353,0.41025641025641024,0.4
2,clab-nebula-serf155,55,137,51,50,1,87,0.9803921568627451,0.36496350364963503,0.36231884057971014
2,clab-nebula-serf155,60,150,51,51,0,99,1.0,0.34,0.34
2,clab-nebula-serf3,5,0,0,0,0,0,0.0,0.0,0.0
2,clab-nebula-serf3,10,2,0,0,0,2,0,0.0,0.0
2,clab-nebula-serf3,15,7,0,0,0,7,0,0.0,0.0
2,clab-nebula-serf3,20,13,0,0,0,13,0,0.0,0.0
2,clab-nebula-serf3,25,22,0,0,0,22,0,0.0,0.0
2,clab-nebula-serf3,30,50,39,27,12,23,0.6923076923076923,0.54,0.43548387096774194
2,clab-nebula-serf3,35,83,39,36,3,47,0.9230769230769231,0.43373493975903615,0.4186046511627907
2,clab-nebula-serf3,40,96,39,39,0,57,1.0,0.40625,0.40625
2,clab-nebula-serf3,45,109,39,39,0,70,1.0,0.3577981651376147,0.3577981651376147
2,clab-nebula-serf3,50,119,39,39,0,80,1.0,0.3277310924369748,0.3277310924369748
2,clab-nebula-serf3,55,123,39,39,0,84,1.0,0.3170731707317073,0.3170731707317073
2,clab-nebula-serf3,60,141,39,39,0,102,1.0,0.2765957446808511,0.2765957446808511
2,clab-nebula-serf14,5,0,0,0,0,0,0.0,0.0,0.0
2,clab-nebula-serf14,10,4,0,0,0,4,0,0.0,0.0
2,clab-nebula-serf14,15,18,0,0,0,18,0,0.0,0.0
2,clab-nebula-serf14,20,35,0,0,0,35,0,0.0,0.0
2,clab-nebula-serf14,25,70,0,0,0,70,0,0.0,0.0
2,clab-nebula-serf14,30,88,39,38,1,50,0.9743589743589743,0.4318181818181818,0.42696629213483145
2,clab-nebula-serf14,35,102,39,39,0,63,1.0,0.38235294117647056,0.38235294117647056
2,clab-nebula-serf14,40,119,39,39,0,80,1.0,0.3277310924369748,0.3277310924369748
2,clab-nebula-serf14,45,121,39,39,0,82,1.0,0.32231404958677684,0.32231404958677684
2,clab-nebula-serf14,50,126,39,39,0,87,1.0,0.30952380952380953,0.30952380952380953
2,clab-nebula-serf14,55,151,39,39,0,112,1.0,0.2582781456953642,0.2582781456953642
2,clab-nebula-serf14,60,155,39,39,0,116,1.0,0.25161290322580643,0.25161290322580643
2,clab-nebula-serf142,5,0,0,0,0,0,0.0,0.0,0.0
2,clab-nebula-serf142,10,0,0,0,0,0,0.0,0.0,0.0
2,clab-nebula-serf142,15,1,0,0,0,1,0,0.0,0.0
2,clab-nebula-serf142,20,1,0,0,0,1,0,0.0,0.0
2,clab-nebula-serf142,25,7,0,0,0,7,0,0.0,0.0
2,clab-nebula-serf142,30,14,0,0,0,14,0,0.0,0.0
2,clab-nebula-serf142,35,30,0,0,0,30,0,0.0,0.0
2,clab-nebula-serf142,40,54,0,0,0,54,0,0.0,0.0
2,clab-nebula-serf142,45,59,0,0,0,59,0,0.0,0.0
2,clab-nebula-serf142,50,95,0,0,0,95,0,0.0,0.0
2,clab-nebula-serf142,55,126,0,0,0,126,0,0.0,0.0
2,clab-nebula-serf142,60,140,0,0,0,140,0,0.0,0.0
2,clab-nebula-serf96,5,4,0,0,0,4,0,0.0,0.0
2,clab-nebula-serf96,10,7,0,0,0,7,0,0.0,0.0
2,clab-nebula-serf96,15,7,0,0,0,7,0,0.0,0.0
2,clab-nebula-serf96,20,9,0,0,0,9,0,0.0,0.0
2,clab-nebula-serf96,25,20,7,7,0,13,1.0,0.35,0.35
2,clab-nebula-serf96,30,41,9,7,2,34,0.7777777777777778,0.17073170731707318,0.16279069767441862
2,clab-nebula-serf96,35,77,9,8,1,69,0.8888888888888888,0.1038961038961039,0.10256410256410256
2,clab-nebula-serf96,40,121,9,9,0,112,1.0,0.0743801652892562,0.0743801652892562
2,clab-nebula-serf96,45,147,9,9,0,138,1.0,0.061224489795918366,0.061224489795918366
2,clab-nebula-serf96,50,153,9,9,0,144,1.0,0.058823529411764705,0.058823529411764705
2,clab-nebula-serf96,55,160,9,9,0,151,1.0,0.05625,0.05625
2,clab-nebula-serf96,60,161,9,9,0,152,1.0,0.055900621118012424,0.055900621118012424
2,clab-nebula-serf116,5,0,0,0,0,0,0.0,0.0,0.0
2,clab-nebula-serf116,10,0,0,0,0,0,0.0,0.0,0.0
2,clab-nebula-serf116,15,0,0,0,0,0,0.0,0.0,0.0
2,clab-nebula-serf116,20,0,0,0,0,0,0.0,0.0,0.0
2,clab-nebula-serf116,25,0,0,0,0,0,0.0,0.0,0.0
2,clab-nebula-serf116,30,0,0,0,0,0,0.0,0.0,0.0
2,clab-nebula-serf116,35,1,0,0,0,1,0,0.0,0.0
2,clab-nebula-serf116,40,1,0,0,0,1,0,0.0,0.0
2,clab-nebula-serf116,45,6,0,0,0,6,0,0.0,0.0
2,clab-nebula-serf116,50,14,34,7,27,7,0.20588235294117646,0.5,0.17073170731707318
2,clab-nebula-serf116,55,40,34,20,14,20,0.5882352941176471,0.5,0.37037037037037035
2,clab-nebula-serf116,60,88,34,33,1,55,0.9705882352941176,0.375,0.3707865168539326
2,clab-nebula-serf56,5,9,0,0,0,9,0,0.0,0.0
2,clab-nebula-serf56,10,24,0,0,0,24,0,0.0,0.0
2,clab-nebula-serf56,15,64,23,19,4,45,0.8260869565217391,0.296875,0.27941176470588236
2,clab-nebula-serf56,20,83,23,22,1,61,0.9565217391304348,0.26506024096385544,0.2619047619047619
2,clab-nebula-serf56,25,97,23,23,0,74,1.0,0.23711340206185566,0.23711340206185566
2,clab-nebula-serf56,30,118,23,23,0,95,1.0,0.19491525423728814,0.19491525423728814
2,clab-nebula-serf56,35,121,23,23,0,98,1.0,0.19008264462809918,0.19008264462809918
2,clab-nebula-serf56,40,125,23,23,0,102,1.0,0.184,0.184
2,clab-nebula-serf56,45,151,23,23,0,128,1.0,0.152317880794702,0.152317880794702
2,clab-nebula-serf56,50,154,23,23,0,131,1.0,0.14935064935064934,0.14935064935064934
2,clab-nebula-serf56,55,157,23,23,0,134,1.0,0.1464968152866242,0.1464968152866242
2,clab-nebula-serf56,60,158,23,23,0,135,1.0,0.14556962025316456,0.14556962025316456
2,clab-nebula-serf59,5,5,0,0,0,5,0,0.0,0.0
2,clab-nebula-serf59,10,26,0,0,0,26,0,0.0,0.0
2,clab-nebula-serf59,15,63,0,0,0,63,0,0.0,0.0
2,clab-nebula-serf59,20,83,0,0,0,83,0,0.0,0.0
2,clab-nebula-serf59,25,99,0,0,0,99,0,0.0,0.0
2,clab-nebula-serf59,30,119,0,0,0,119,0,0.0,0.0
2,clab-nebula-serf59,35,124,0,0,0,124,0,0.0,0.0
2,clab-nebula-serf59,40,128,30,30,0,98,1.0,0.234375,0.234375
2,clab-nebula-serf59,45,153,30,30,0,123,1.0,0.19607843137254902,0.19607843137254902
2,clab-nebula-serf59,50,154,30,30,0,124,1.0,0.19480519480519481,0.19480519480519481
2,clab-nebula-serf59,55,157,30,30,0,127,1.0,0.1910828025477707,0.1910828025477707
2,clab-nebula-serf59,60,161,30,30,0,131,1.0,0.18633540372670807,0.18633540372670807
2,clab-nebula-serf70,5,3,0,0,0,3,0,0.0,0.0
2,clab-nebula-serf70,10,19,0,0,0,19,0,0.0,0.0
2,clab-nebula-serf70,15,36,0,0,0,36,0,0.0,0.0
2,clab-nebula-serf70,20,66,0,0,0,66,0,0.0,0.0
2,clab-nebula-serf70,25,87,0,0,0,87,0,0.0,0.0
2,clab-nebula-serf70,30,110,0,0,0,110,0,0.0,0.0
2,clab-nebula-serf70,35,119,0,0,0,119,0,0.0,0.0
2,clab-nebula-serf70,40,124,0,0,0,124,0,0.0,0.0
2,clab-nebula-serf70,45,147,30,30,0,117,1.0,0.20408163265306123,0.20408163265306123
2,clab-nebula-serf70,50,154,30,30,0,124,1.0,0.19480519480519481,0.19480519480519481
2,clab-nebula-serf70,55,158,30,30,0,128,1.0,0.189873417721519,0.189873417721519
2,clab-nebula-serf70,60,161,30,30,0,131,1.0,0.18633540372670807,0.18633540372670807
2,clab-nebula-serf81,5,1,0,0,0,1,0,0.0,0.0
2,clab-nebula-serf81,10,22,0,0,0,22,0,0.0,0.0
2,clab-nebula-serf81,15,39,0,0,0,39,0,0.0,0.0
2,clab-nebula-serf81,20,68,0,0,0,68,0,0.0,0.0
2,clab-nebula-serf81,25,90,0,0,0,90,0,0.0,0.0
2,clab-nebula-serf81,30,114,0,0,0,114,0,0.0,0.0
2,clab-nebula-serf81,35,121,0,0,0,121,0,0.0,0.0
2,clab-nebula-serf81,40,130,0,0,0,130,0,0.0,0.0
2,clab-nebula-serf81,45,153,30,30,0,123,1.0,0.19607843137254902,0.19607843137254902
2,clab-nebula-serf81,50,154,30,30,0,124,1.0,0.19480519480519481,0.19480519480519481
2,clab-nebula-serf81,55,157,30,30,0,127,1.0,0.1910828025477707,0.1910828025477707
2,clab-nebula-serf81,60,161,30,30,0,131,1.0,0.18633540372670807,0.18633540372670807
2,clab-nebula-serf95,5,0,0,0,0,0,0.0,0.0,0.0
2,clab-nebula-serf95,10,10,0,0,0,10,0,0.0,0.0
2,clab-nebula-serf95,15,30,0,0,0,30,0,0.0,0.0
2,clab-nebula-serf95,20,50,0,0,0,50,0,0.0,0.0
2,clab-nebula-serf95,25,80,23,22,1,58,0.9565217391304348,0.275,0.2716049382716049
2,clab-nebula-serf95,30,104,23,23,0,81,1.0,0.22115384615384615,0.22115384615384615
2,clab-nebula-serf95,35,119,23,23,0,96,1.0,0.19327731092436976,0.19327731092436976
2,clab-nebula-serf95,40,124,23,23,0,101,1.0,0.18548387096774194,0.18548387096774194
2,clab-nebula-serf95,45,142,23,23,0,119,1.0,0.1619718309859155,0.1619718309859155
2,clab-nebula-serf95,50,154,23,23,0,131,1.0,0.14935064935064934,0.14935064935064934
2,clab-nebula-serf95,55,154,23,23,0,131,1.0,0.14935064935064934,0.14935064935064934
2,clab-nebula-serf95,60,159,23,23,0,136,1.0,0.14465408805031446,0.14465408805031446
2,clab-nebula-serf114,5,1,0,0,0,1,0,0.0,0.0
2,clab-nebula-serf114,10,1,0,0,0,1,0,0.0,0.0
2,clab-nebula-serf114,15,2,0,0,0,2,0,0.0,0.0
2,clab-nebula-serf114,20,17,0,0,0,17,0,0.0,0.0
2,clab-nebula-serf114,25,25,0,0,0,25,0,0.0,0.0
2,clab-nebula-serf114,30,53,32,27,5,26,0.84375,0.5094339622641509,0.46551724137931033
2,clab-nebula-serf114,35,92,32,31,1,61,0.96875,0.33695652173913043,0.3333333333333333
2,clab-nebula-serf114,40,134,32,32,0,102,1.0,0.23880597014925373,0.23880597014925373
2,clab-nebula-serf114,45,152,33,33,0,119,1.0,0.21710526315789475,0.21710526315789475
2,clab-nebula-serf114,50,158,33,33,0,125,1.0,0.2088607594936709,0.2088607594936709
2,clab-nebula-serf114,55,161,33,33,0,128,1.0,0.20496894409937888,0.20496894409937888
2,clab-nebula-serf114,60,161,33,33,0,128,1.0,0.20496894409937888,0.20496894409937888
2,clab-nebula-serf9,5,1,0,0,0,1,0,0.0,0.0
2,clab-nebula-serf9,10,8,0,0,0,8,0,0.0,0.0
2,clab-nebula-serf9,15,17,0,0,0,17,0,0.0,0.0
2,clab-nebula-serf9,20,36,0,0,0,36,0,0.0,0.0
2,clab-nebula-serf9,25,71,39,34,5,37,0.8717948717948718,0.4788732394366197,0.4473684210526316
2,clab-nebula-serf9,30,87,39,38,1,49,0.9743589743589743,0.4367816091954023,0.4318181818181818
2,clab-nebula-serf9,35,101,39,39,0,62,1.0,0.38613861386138615,0.38613861386138615
2,clab-nebula-serf9,40,116,39,39,0,77,1.0,0.33620689655172414,0.33620689655172414
2,clab-nebula-serf9,45,120,39,39,0,81,1.0,0.325,0.325
2,clab-nebula-serf9,50,125,39,39,0,86,1.0,0.312,0.312
2,clab-nebula-serf9,55,151,39,39,0,112,1.0,0.2582781456953642,0.2582781456953642
2,clab-nebula-serf9,60,154,39,39,0,115,1.0,0.2532467532467532,0.2532467532467532
2,clab-nebula-serf17,5,1,0,0,0,1,0,0.0,0.0
2,clab-nebula-serf17,10,12,0,0,0,12,0,0.0,0.0
2,clab-nebula-serf17,15,30,0,0,0,30,0,0.0,0.0
2,clab-nebula-serf17,20,66,0,0,0,66,0,0.0,0.0
2,clab-nebula-serf17,25,85,0,0,0,85,0,0.0,0.0
2,clab-nebula-serf17,30,96,0,0,0,96,0,0.0,0.0
2,clab-nebula-serf17,35,116,0,0,0,116,0,0.0,0.0
2,clab-nebula-serf17,40,121,0,0,0,121,0,0.0,0.0
2,clab-nebula-serf17,45,124,0,0,0,124,0,0.0,0.0
2,clab-nebula-serf17,50,150,0,0,0,150,0,0.0,0.0
2,clab-nebula-serf17,55,154,0,0,0,154,0,0.0,0.0
2,clab-nebula-serf17,60,157,0,0,0,157,0,0.0,0.0
2,clab-nebula-serf139,5,0,0,0,0,0,0.0,0.0,0.0
2,clab-nebula-serf139,10,0,0,0,0,0,0.0,0.0,0.0
2,clab-nebula-serf139,15,5,0,0,0,5,0,0.0,0.0
2,clab-nebula-serf139,20,14,0,0,0,14,0,0.0,0.0
2,clab-nebula-serf139,25,21,0,0,0,21,0,0.0,0.0
2,clab-nebula-serf139,30,31,0,0,0,31,0,0.0,0.0
2,clab-nebula-serf139,35,45,0,0,0,45,0,0.0,0.0
2,clab-nebula-serf139,40,65,11,11,0,54,1.0,0.16923076923076924,0.16923076923076924
2,clab-nebula-serf139,45,95,11,11,0,84,1.0,0.11578947368421053,0.11578947368421053
2,clab-nebula-serf139,50,121,11,11,0,110,1.0,0.09090909090909091,0.09090909090909091
2,clab-nebula-serf139,55,137,11,11,0,126,1.0,0.08029197080291971,0.08029197080291971
2,clab-nebula-serf139,60,149,11,11,0,138,1.0,0.0738255033557047,0.0738255033557047
2,clab-nebula-serf52,5,1,0,0,0,1,0,0.0,0.0
2,clab-nebula-serf52,10,12,0,0,0,12,0,0.0,0.0
2,clab-nebula-serf52,15,38,0,0,0,38,0,0.0,0.0
2,clab-nebula-serf52,20,69,23,19,4,50,0.8260869565217391,0.2753623188405797,0.2602739726027397
2,clab-nebula-serf52,25,88,23,22,1,66,0.9565217391304348,0.25,0.24719101123595505
2,clab-nebula-serf52,30,106,23,23,0,83,1.0,0.2169811320754717,0.2169811320754717
2,clab-nebula-serf52,35,119,23,23,0,96,1.0,0.19327731092436976,0.19327731092436976
2,clab-nebula-serf52,40,124,23,23,0,101,1.0,0.18548387096774194,0.18548387096774194
2,clab-nebula-serf52,45,134,23,23,0,111,1.0,0.17164179104477612,0.17164179104477612
2,clab-nebula-serf52,50,154,23,23,0,131,1.0,0.14935064935064934,0.14935064935064934
2,clab-nebula-serf52,55,154,23,23,0,131,1.0,0.14935064935064934,0.14935064935064934
2,clab-nebula-serf52,60,157,23,23,0,134,1.0,0.1464968152866242,0.1464968152866242
2,clab-nebula-serf71,5,0,0,0,0,0,0.0,0.0,0.0
2,clab-nebula-serf71,10,15,0,0,0,15,0,0.0,0.0
2,clab-nebula-serf71,15,33,0,0,0,33,0,0.0,0.0
2,clab-nebula-serf71,20,57,0,0,0,57,0,0.0,0.0
2,clab-nebula-serf71,25,83,0,0,0,83,0,0.0,0.0
2,clab-nebula-serf71,30,107,0,0,0,107,0,0.0,0.0
2,clab-nebula-serf71,35,119,0,0,0,119,0,0.0,0.0
2,clab-nebula-serf71,40,124,0,0,0,124,0,0.0,0.0
2,clab-nebula-serf71,45,146,30,30,0,116,1.0,0.2054794520547945,0.2054794520547945
2,clab-nebula-serf71,50,154,30,30,0,124,1.0,0.19480519480519481,0.19480519480519481
2,clab-nebula-serf71,55,156,30,30,0,126,1.0,0.19230769230769232,0.19230769230769232
2,clab-nebula-serf71,60,161,30,30,0,131,1.0,0.18633540372670807,0.18633540372670807
2,clab-nebula-serf26,5,3,0,0,0,3,0,0.0,0.0
2,clab-nebula-serf26,10,19,0,0,0,19,0,0.0,0.0
2,clab-nebula-serf26,15,31,0,0,0,31,0,0.0,0.0
2,clab-nebula-serf26,20,58,0,0,0,58,0,0.0,0.0
2,clab-nebula-serf26,25,87,0,0,0,87,0,0.0,0.0
2,clab-nebula-serf26,30,94,0,0,0,94,0,0.0,0.0
2,clab-nebula-serf26,35,108,0,0,0,108,0,0.0,0.0
2,clab-nebula-serf26,40,121,0,0,0,121,0,0.0,0.0
2,clab-nebula-serf26,45,124,0,0,0,124,0,0.0,0.0
2,clab-nebula-serf26,50,137,30,30,0,107,1.0,0.21897810218978103,0.21897810218978103
2,clab-nebula-serf26,55,154,30,30,0,124,1.0,0.19480519480519481,0.19480519480519481
2,clab-nebula-serf26,60,155,30,30,0,125,1.0,0.1935483870967742,0.1935483870967742
2,clab-nebula-serf34,5,1,0,0,0,1,0,0.0,0.0
2,clab-nebula-serf34,10,9,0,0,0,9,0,0.0,0.0
2,clab-nebula-serf34,15,27,0,0,0,27,0,0.0,0.0
2,clab-nebula-serf34,20,67,0,0,0,67,0,0.0,0.0
2,clab-nebula-serf34,25,85,0,0,0,85,0,0.0,0.0
2,clab-nebula-serf34,30,95,0,0,0,95,0,0.0,0.0
2,clab-nebula-serf34,35,112,29,29,0,83,1.0,0.25892857142857145,0.25892857142857145
2,clab-nebula-serf34,40,121,29,29,0,92,1.0,0.2396694214876033,0.2396694214876033
2,clab-nebula-serf34,45,124,29,29,0,95,1.0,0.23387096774193547,0.23387096774193547
2,clab-nebula-serf34,50,149,29,29,0,120,1.0,0.19463087248322147,0.19463087248322147
2,clab-nebula-serf34,55,154,29,29,0,125,1.0,0.18831168831168832,0.18831168831168832
2,clab-nebula-serf34,60,156,29,29,0,127,1.0,0.1858974358974359,0.1858974358974359
2,clab-nebula-serf126,5,0,0,0,0,0,0.0,0.0,0.0
2,clab-nebula-serf126,10,3,0,0,0,3,0,0.0,0.0
2,clab-nebula-serf126,15,15,0,0,0,15,0,0.0,0.0
2,clab-nebula-serf126,20,47,0,0,0,47,0,0.0,0.0
2,clab-nebula-serf126,25,59,0,0,0,59,0,0.0,0.0
2,clab-nebula-serf126,30,92,0,0,0,92,0,0.0,0.0
2,clab-nebula-serf126,35,121,0,0,0,121,0,0.0,0.0
2,clab-nebula-serf126,40,138,0,0,0,138,0,0.0,0.0
2,clab-nebula-serf126,45,146,0,0,0,146,0,0.0,0.0
2,clab-nebula-serf126,50,156,0,0,0,156,0,0.0,0.0
2,clab-nebula-serf126,55,161,52,52,0,109,1.0,0.32298136645962733,0.32298136645962733
2,clab-nebula-serf126,60,161,52,52,0,109,1.0,0.32298136645962733,0.32298136645962733
2,clab-nebula-serf36,5,0,0,0,0,0,0.0,0.0,0.0
2,clab-nebula-serf36,10,2,0,0,0,2,0,0.0,0.0
2,clab-nebula-serf36,15,17,0,0,0,17,0,0.0,0.0
2,clab-nebula-serf36,20,53,0,0,0,53,0,0.0,0.0
2,clab-nebula-serf36,25,79,0,0,0,79,0,0.0,0.0
2,clab-nebula-serf36,30,92,0,0,0,92,0,0.0,0.0
2,clab-nebula-serf36,35,108,0,0,0,108,0,0.0,0.0
2,clab-nebula-serf36,40,121,23,23,0,98,1.0,0.19008264462809918,0.19008264462809918
2,clab-nebula-serf36,45,124,23,23,0,101,1.0,0.18548387096774194,0.18548387096774194
2,clab-nebula-serf36,50,137,23,23,0,114,1.0,0.1678832116788321,0.1678832116788321
2,clab-nebula-serf36,55,154,23,23,0,131,1.0,0.14935064935064934,0.14935064935064934
2,clab-nebula-serf36,60,154,23,23,0,131,1.0,0.14935064935064934,0.14935064935064934
2,clab-nebula-serf82,5,0,0,0,0,0,0.0,0.0,0.0
2,clab-nebula-serf82,10,0,0,0,0,0,0.0,0.0,0.0
2,clab-nebula-serf82,15,0,0,0,0,0,0.0,0.0,0.0
2,clab-nebula-serf82,20,0,0,0,0,0,0.0,0.0,0.0
2,clab-nebula-serf82,25,0,0,0,0,0,0.0,0.0,0.0
2,clab-nebula-serf82,30,0,0,0,0,0,0.0,0.0,0.0
2,clab-nebula-serf82,35,16,0,0,0,16,0,0.0,0.0
2,clab-nebula-serf82,40,61,0,0,0,61,0,0.0,0.0
2,clab-nebula-serf82,45,94,0,0,0,94,0,0.0,0.0
2,clab-nebula-serf82,50,111,0,0,0,111,0,0.0,0.0
2,clab-nebula-serf82,55,121,0,0,0,121,0,0.0,0.0
2,clab-nebula-serf82,60,148,0,0,0,148,0,0.0,0.0
2,clab-nebula-serf85,5,0,0,0,0,0,0.0,0.0,0.0
2,clab-nebula-serf85,10,4,0,0,0,4,0,0.0,0.0
2,clab-nebula-serf85,15,19,0,0,0,19,0,0.0,0.0
2,clab-nebula-serf85,20,35,0,0,0,35,0,0.0,0.0
2,clab-nebula-serf85,25,57,23,21,2,36,0.9130434782608695,0.3684210526315789,0.3559322033898305
2,clab-nebula-serf85,30,82,23,22,1,60,0.9565217391304348,0.2682926829268293,0.26506024096385544
2,clab-nebula-serf85,35,111,23,23,0,88,1.0,0.2072072072072072,0.2072072072072072
2,clab-nebula-serf85,40,119,23,23,0,96,1.0,0.19327731092436976,0.19327731092436976
2,clab-nebula-serf85,45,134,23,23,0,111,1.0,0.17164179104477612,0.17164179104477612
2,clab-nebula-serf85,50,149,23,23,0,126,1.0,0.15436241610738255,0.15436241610738255
2,clab-nebula-serf85,55,154,23,23,0,131,1.0,0.14935064935064934,0.14935064935064934
2,clab-nebula-serf85,60,157,23,23,0,134,1.0,0.1464968152866242,0.1464968152866242
2,clab-nebula-serf97,5,5,0,0,0,5,0,0.0,0.0
2,clab-nebula-serf97,10,7,0,0,0,7,0,0.0,0.0
2,clab-nebula-serf97,15,7,0,0,0,7,0,0.0,0.0
2,clab-nebula-serf97,20,9,0,0,0,9,0,0.0,0.0
2,clab-nebula-serf97,25,17,7,7,0,10,1.0,0.4117647058823529,0.4117647058823529
2,clab-nebula-serf97,30,41,9,7,2,34,0.7777777777777778,0.17073170731707318,0.16279069767441862
2,clab-nebula-serf97,35,80,9,8,1,72,0.8888888888888888,0.1,0.09876543209876543
2,clab-nebula-serf97,40,126,9,9,0,117,1.0,0.07142857142857142,0.07142857142857142
2,clab-nebula-serf97,45,149,9,9,0,140,1.0,0.06040268456375839,0.06040268456375839
2,clab-nebula-serf97,50,159,9,9,0,150,1.0,0.05660377358490566,0.05660377358490566
2,clab-nebula-serf97,55,161,9,9,0,152,1.0,0.055900621118012424,0.055900621118012424
2,clab-nebula-serf97,60,161,9,9,0,152,1.0,0.055900621118012424,0.055900621118012424
2,clab-nebula-serf99,5,6,0,0,0,6,0,0.0,0.0
2,clab-nebula-serf99,10,7,0,0,0,7,0,0.0,0.0
2,clab-nebula-serf99,15,7,0,0,0,7,0,0.0,0.0
2,clab-nebula-serf99,20,11,0,0,0,11,0,0.0,0.0
2,clab-nebula-serf99,25,24,7,7,0,17,1.0,0.2916666666666667,0.2916666666666667
2,clab-nebula-serf99,30,52,9,7,2,45,0.7777777777777778,0.1346153846153846,0.12962962962962962
2,clab-nebula-serf99,35,82,9,9,0,73,1.0,0.10975609756097561,0.10975609756097561
2,clab-nebula-serf99,40,137,9,9,0,128,1.0,0.06569343065693431,0.06569343065693431
2,clab-nebula-serf99,45,148,9,9,0,139,1.0,0.060810810810810814,0.060810810810810814
2,clab-nebula-serf99,50,159,9,9,0,150,1.0,0.05660377358490566,0.05660377358490566
2,clab-nebula-serf99,55,160,9,9,0,151,1.0,0.05625,0.05625
2,clab-nebula-serf99,60,161,9,9,0,152,1.0,0.055900621118012424,0.055900621118012424
2,clab-nebula-serf124,5,0,0,0,0,0,0.0,0.0,0.0
2,clab-nebula-serf124,10,3,0,0,0,3,0,0.0,0.0
2,clab-nebula-serf124,15,8,0,0,0,8,0,0.0,0.0
2,clab-nebula-serf124,20,15,0,0,0,15,0,0.0,0.0
2,clab-nebula-serf124,25,29,0,0,0,29,0,0.0,0.0
2,clab-nebula-serf124,30,81,0,0,0,81,0,0.0,0.0
2,clab-nebula-serf124,35,114,0,0,0,114,0,0.0,0.0
2,clab-nebula-serf124,40,133,0,0,0,133,0,0.0,0.0
2,clab-nebula-serf124,45,145,38,38,0,107,1.0,0.2620689655172414,0.2620689655172414
2,clab-nebula-serf124,50,156,38,38,0,118,1.0,0.24358974358974358,0.24358974358974358
2,clab-nebula-serf124,55,161,39,39,0,122,1.0,0.2422360248447205,0.2422360248447205
2,clab-nebula-serf124,60,161,39,39,0,122,1.0,0.2422360248447205,0.2422360248447205
2,clab-nebula-serf157,5,4,0,0,0,4,0,0.0,0.0
2,clab-nebula-serf157,10,4,0,0,0,4,0,0.0,0.0
2,clab-nebula-serf157,15,5,0,0,0,5,0,0.0,0.0
2,clab-nebula-serf157,20,9,0,0,0,9,0,0.0,0.0
2,clab-nebula-serf157,25,16,0,0,0,16,0,0.0,0.0
2,clab-nebula-serf157,30,35,0,0,0,35,0,0.0,0.0
2,clab-nebula-serf157,35,40,0,0,0,40,0,0.0,0.0
2,clab-nebula-serf157,40,54,0,0,0,54,0,0.0,0.0
2,clab-nebula-serf157,45,70,0,0,0,70,0,0.0,0.0
2,clab-nebula-serf157,50,109,57,53,4,56,0.9298245614035088,0.48623853211009177,0.4690265486725664
2,clab-nebula-serf157,55,136,57,56,1,80,0.9824561403508771,0.4117647058823529,0.40875912408759124
2,clab-nebula-serf157,60,148,57,56,1,92,0.9824561403508771,0.3783783783783784,0.37583892617449666
2,clab-nebula-serf159,5,4,0,0,0,4,0,0.0,0.0
2,clab-nebula-serf159,10,4,0,0,0,4,0,0.0,0.0
2,clab-nebula-serf159,15,5,0,0,0,5,0,0.0,0.0
2,clab-nebula-serf159,20,9,0,0,0,9,0,0.0,0.0
2,clab-nebula-serf159,25,16,0,0,0,16,0,0.0,0.0
2,clab-nebula-serf159,30,35,0,0,0,35,0,0.0,0.0
2,clab-nebula-serf159,35,40,0,0,0,40,0,0.0,0.0
2,clab-nebula-serf159,40,54,0,0,0,54,0,0.0,0.0
2,clab-nebula-serf159,45,70,0,0,0,70,0,0.0,0.0
2,clab-nebula-serf159,50,108,57,53,4,55,0.9298245614035088,0.49074074074074076,0.4732142857142857
2,clab-nebula-serf159,55,136,57,56,1,80,0.9824561403508771,0.4117647058823529,0.40875912408759124
2,clab-nebula-serf159,60,148,57,56,1,92,0.9824561403508771,0.3783783783783784,0.37583892617449666
2,clab-nebula-serf1,5,0,0,0,0,0,0.0,0.0,0.0
2,clab-nebula-serf1,10,6,0,0,0,6,0,0.0,0.0
2,clab-nebula-serf1,15,12,0,0,0,12,0,0.0,0.0
2,clab-nebula-serf1,20,19,0,0,0,19,0,0.0,0.0
2,clab-nebula-serf1,25,37,0,0,0,37,0,0.0,0.0
2,clab-nebula-serf1,30,74,0,0,0,74,0,0.0,0.0
2,clab-nebula-serf1,35,91,0,0,0,91,0,0.0,0.0
2,clab-nebula-serf1,40,107,0,0,0,107,0,0.0,0.0
2,clab-nebula-serf1,45,117,0,0,0,117,0,0.0,0.0
2,clab-nebula-serf1,50,121,0,0,0,121,0,0.0,0.0
2,clab-nebula-serf1,55,133,0,0,0,133,0,0.0,0.0
2,clab-nebula-serf1,60,153,0,0,0,153,0,0.0,0.0
2,clab-nebula-serf33,5,3,0,0,0,3,0,0.0,0.0
2,clab-nebula-serf33,10,20,0,0,0,20,0,0.0,0.0
2,clab-nebula-serf33,15,53,0,0,0,53,0,0.0,0.0
2,clab-nebula-serf33,20,78,0,0,0,78,0,0.0,0.0
2,clab-nebula-serf33,25,90,0,0,0,90,0,0.0,0.0
2,clab-nebula-serf33,30,105,0,0,0,105,0,0.0,0.0
2,clab-nebula-serf33,35,119,29,29,0,90,1.0,0.24369747899159663,0.24369747899159663
2,clab-nebula-serf33,40,124,29,29,0,95,1.0,0.23387096774193547,0.23387096774193547
2,clab-nebula-serf33,45,128,29,29,0,99,1.0,0.2265625,0.2265625
2,clab-nebula-serf33,50,154,29,29,0,125,1.0,0.18831168831168832,0.18831168831168832
2,clab-nebula-serf33,55,154,29,29,0,125,1.0,0.18831168831168832,0.18831168831168832
2,clab-nebula-serf33,60,157,29,29,0,128,1.0,0.18471337579617833,0.18471337579617833
2,clab-nebula-serf123,5,0,0,0,0,0,0.0,0.0,0.0
2,clab-nebula-serf123,10,2,0,0,0,2,0,0.0,0.0
2,clab-nebula-serf123,15,11,0,0,0,11,0,0.0,0.0
2,clab-nebula-serf123,20,16,0,0,0,16,0,0.0,0.0
2,clab-nebula-serf123,25,42,0,0,0,42,0,0.0,0.0
2,clab-nebula-serf123,30,89,30,29,1,60,0.9666666666666667,0.3258426966292135,0.32222222222222224
2,clab-nebula-serf123,35,128,33,32,1,96,0.9696969696969697,0.25,0.24806201550387597
2,clab-nebula-serf123,40,143,33,32,1,111,0.9696969696969697,0.22377622377622378,0.2222222222222222
2,clab-nebula-serf123,45,152,33,33,0,119,1.0,0.21710526315789475,0.21710526315789475
2,clab-nebula-serf123,50,158,33,33,0,125,1.0,0.2088607594936709,0.2088607594936709
2,clab-nebula-serf123,55,161,33,33,0,128,1.0,0.20496894409937888,0.20496894409937888
2,clab-nebula-serf123,60,161,33,33,0,128,1.0,0.20496894409937888,0.20496894409937888
2,clab-nebula-serf135,5,0,0,0,0,0,0.0,0.0,0.0
2,clab-nebula-serf135,10,0,0,0,0,0,0.0,0.0,0.0
2,clab-nebula-serf135,15,1,0,0,0,1,0,0.0,0.0
2,clab-nebula-serf135,20,14,0,0,0,14,0,0.0,0.0
2,clab-nebula-serf135,25,15,0,0,0,15,0,0.0,0.0
2,clab-nebula-serf135,30,25,11,11,0,14,1.0,0.44,0.44
2,clab-nebula-serf135,35,42,11,11,0,31,1.0,0.2619047619047619,0.2619047619047619
2,clab-nebula-serf135,40,54,11,11,0,43,1.0,0.2037037037037037,0.2037037037037037
2,clab-nebula-serf135,45,91,11,11,0,80,1.0,0.12087912087912088,0.12087912087912088
2,clab-nebula-serf135,50,112,11,11,0,101,1.0,0.09821428571428571,0.09821428571428571
2,clab-nebula-serf135,55,137,11,11,0,126,1.0,0.08029197080291971,0.08029197080291971
2,clab-nebula-serf135,60,146,11,11,0,135,1.0,0.07534246575342465,0.07534246575342465
2,clab-nebula-serf13,5,0,0,0,0,0,0.0,0.0,0.0
2,clab-nebula-serf13,10,7,0,0,0,7,0,0.0,0.0
2,clab-nebula-serf13,15,24,0,0,0,24,0,0.0,0.0
2,clab-nebula-serf13,20,50,0,0,0,50,0,0.0,0.0
2,clab-nebula-serf13,25,76,0,0,0,76,0,0.0,0.0
2,clab-nebula-serf13,30,92,0,0,0,92,0,0.0,0.0
2,clab-nebula-serf13,35,110,0,0,0,110,0,0.0,0.0
2,clab-nebula-serf13,40,120,0,0,0,120,0,0.0,0.0
2,clab-nebula-serf13,45,124,0,0,0,124,0,0.0,0.0
2,clab-nebula-serf13,50,144,0,0,0,144,0,0.0,0.0
2,clab-nebula-serf13,55,154,0,0,0,154,0,0.0,0.0
2,clab-nebula-serf13,60,157,0,0,0,157,0,0.0,0.0
2,clab-nebula-serf47,5,4,0,0,0,4,0,0.0,0.0
2,clab-nebula-serf47,10,12,0,0,0,12,0,0.0,0.0
2,clab-nebula-serf47,15,25,0,0,0,25,0,0.0,0.0
2,clab-nebula-serf47,20,51,0,0,0,51,0,0.0,0.0
2,clab-nebula-serf47,25,82,0,0,0,82,0,0.0,0.0
2,clab-nebula-serf47,30,100,0,0,0,100,0,0.0,0.0
2,clab-nebula-serf47,35,120,0,0,0,120,0,0.0,0.0
2,clab-nebula-serf47,40,124,0,0,0,124,0,0.0,0.0
2,clab-nebula-serf47,45,126,0,0,0,126,0,0.0,0.0
2,clab-nebula-serf47,50,154,0,0,0,154,0,0.0,0.0
2,clab-nebula-serf47,55,154,0,0,0,154,0,0.0,0.0
2,clab-nebula-serf47,60,156,0,0,0,156,0,0.0,0.0
2,clab-nebula-serf84,5,0,0,0,0,0,0.0,0.0,0.0
2,clab-nebula-serf84,10,0,0,0,0,0,0.0,0.0,0.0
2,clab-nebula-serf84,15,4,0,0,0,4,0,0.0,0.0
2,clab-nebula-serf84,20,18,0,0,0,18,0,0.0,0.0
2,clab-nebula-serf84,25,35,0,0,0,35,0,0.0,0.0
2,clab-nebula-serf84,30,57,0,0,0,57,0,0.0,0.0
2,clab-nebula-serf84,35,81,0,0,0,81,0,0.0,0.0
2,clab-nebula-serf84,40,110,23,23,0,87,1.0,0.20909090909090908,0.20909090909090908
2,clab-nebula-serf84,45,119,23,23,0,96,1.0,0.19327731092436976,0.19327731092436976
2,clab-nebula-serf84,50,128,23,23,0,105,1.0,0.1796875,0.1796875
2,clab-nebula-serf84,55,142,23,23,0,119,1.0,0.1619718309859155,0.1619718309859155
2,clab-nebula-serf84,60,154,23,23,0,131,1.0,0.14935064935064934,0.14935064935064934
2,clab-nebula-serf92,5,0,0,0,0,0,0.0,0.0,0.0
2,clab-nebula-serf92,10,9,0,0,0,9,0,0.0,0.0
2,clab-nebula-serf92,15,30,0,0,0,30,0,0.0,0.0
2,clab-nebula-serf92,20,47,0,0,0,47,0,0.0,0.0
2,clab-nebula-serf92,25,77,23,22,1,55,0.9565217391304348,0.2857142857142857,0.28205128205128205
2,clab-nebula-serf92,30,103,23,23,0,80,1.0,0.22330097087378642,0.22330097087378642
2,clab-nebula-serf92,35,118,23,23,0,95,1.0,0.19491525423728814,0.19491525423728814
2,clab-nebula-serf92,40,123,23,23,0,100,1.0,0.18699186991869918,0.18699186991869918
2,clab-nebula-serf92,45,137,23,23,0,114,1.0,0.1678832116788321,0.1678832116788321
2,clab-nebula-serf92,50,154,23,23,0,131,1.0,0.14935064935064934,0.14935064935064934
2,clab-nebula-serf92,55,154,23,23,0,131,1.0,0.14935064935064934,0.14935064935064934
2,clab-nebula-serf92,60,158,23,23,0,135,1.0,0.14556962025316456,0.14556962025316456
2,clab-nebula-serf106,5,0,0,0,0,0,0.0,0.0,0.0
2,clab-nebula-serf106,10,2,0,0,0,2,0,0.0,0.0
2,clab-nebula-serf106,15,4,0,0,0,4,0,0.0,0.0
2,clab-nebula-serf106,20,8,0,0,0,8,0,0.0,0.0
2,clab-nebula-serf106,25,27,0,0,0,27,0,0.0,0.0
2,clab-nebula-serf106,30,55,0,0,0,55,0,0.0,0.0
2,clab-nebula-serf106,35,86,30,30,0,56,1.0,0.3488372093023256,0.3488372093023256
2,clab-nebula-serf106,40,130,30,30,0,100,1.0,0.23076923076923078,0.23076923076923078
2,clab-nebula-serf106,45,145,30,30,0,115,1.0,0.20689655172413793,0.20689655172413793
2,clab-nebula-serf106,50,153,30,30,0,123,1.0,0.19607843137254902,0.19607843137254902
2,clab-nebula-serf106,55,155,30,30,0,125,1.0,0.1935483870967742,0.1935483870967742
2,clab-nebula-serf106,60,161,30,30,0,131,1.0,0.18633540372670807,0.18633540372670807
2,clab-nebula-serf108,5,0,0,0,0,0,0.0,0.0,0.0
2,clab-nebula-serf108,10,2,0,0,0,2,0,0.0,0.0
2,clab-nebula-serf108,15,7,0,0,0,7,0,0.0,0.0
2,clab-nebula-serf108,20,16,0,0,0,16,0,0.0,0.0
2,clab-nebula-serf108,25,46,0,0,0,46,0,0.0,0.0
2,clab-nebula-serf108,30,73,30,29,1,44,0.9666666666666667,0.3972602739726027,0.3918918918918919
2,clab-nebula-serf108,35,122,30,30,0,92,1.0,0.2459016393442623,0.2459016393442623
2,clab-nebula-serf108,40,144,30,30,0,114,1.0,0.20833333333333334,0.20833333333333334
2,clab-nebula-serf108,45,149,30,30,0,119,1.0,0.20134228187919462,0.20134228187919462
2,clab-nebula-serf108,50,155,30,30,0,125,1.0,0.1935483870967742,0.1935483870967742
2,clab-nebula-serf108,55,158,30,30,0,128,1.0,0.189873417721519,0.189873417721519
2,clab-nebula-serf108,60,161,30,30,0,131,1.0,0.18633540372670807,0.18633540372670807
2,clab-nebula-serf119,5,2,0,0,0,2,0,0.0,0.0
2,clab-nebula-serf119,10,2,0,0,0,2,0,0.0,0.0
2,clab-nebula-serf119,15,2,0,0,0,2,0,0.0,0.0
2,clab-nebula-serf119,20,2,0,0,0,2,0,0.0,0.0
2,clab-nebula-serf119,25,3,0,0,0,3,0,0.0,0.0
2,clab-nebula-serf119,30,3,0,0,0,3,0,0.0,0.0
2,clab-nebula-serf119,35,3,0,0,0,3,0,0.0,0.0
2,clab-nebula-serf119,40,4,2,2,0,2,1.0,0.5,0.5
2,clab-nebula-serf119,45,5,2,2,0,3,1.0,0.4,0.4
2,clab-nebula-serf119,50,17,2,2,0,15,1.0,0.11764705882352941,0.11764705882352941
2,clab-nebula-serf119,55,27,2,2,0,25,1.0,0.07407407407407407,0.07407407407407407
2,clab-nebula-serf119,60,53,5,5,0,48,1.0,0.09433962264150944,0.09433962264150944
2,clab-nebula-serf125,5,0,0,0,0,0,0.0,0.0,0.0
2,clab-nebula-serf125,10,3,0,0,0,3,0,0.0,0.0
2,clab-nebula-serf125,15,12,0,0,0,12,0,0.0,0.0
2,clab-nebula-serf125,20,45,0,0,0,45,0,0.0,0.0
2,clab-nebula-serf125,25,58,0,0,0,58,0,0.0,0.0
2,clab-nebula-serf125,30,84,0,0,0,84,0,0.0,0.0
2,clab-nebula-serf125,35,112,0,0,0,112,0,0.0,0.0
2,clab-nebula-serf125,40,137,0,0,0,137,0,0.0,0.0
2,clab-nebula-serf125,45,146,0,0,0,146,0,0.0,0.0
2,clab-nebula-serf125,50,155,0,0,0,155,0,0.0,0.0
2,clab-nebula-serf125,55,161,52,52,0,109,1.0,0.32298136645962733,0.32298136645962733
2,clab-nebula-serf125,60,161,52,52,0,109,1.0,0.32298136645962733,0.32298136645962733
2,clab-nebula-serf54,5,1,0,0,0,1,0,0.0,0.0
2,clab-nebula-serf54,10,11,0,0,0,11,0,0.0,0.0
2,clab-nebula-serf54,15,35,0,0,0,35,0,0.0,0.0
2,clab-nebula-serf54,20,66,23,19,4,47,0.8260869565217391,0.2878787878787879,0.2714285714285714
2,clab-nebula-serf54,25,83,23,22,1,61,0.9565217391304348,0.26506024096385544,0.2619047619047619
2,clab-nebula-serf54,30,99,23,23,0,76,1.0,0.23232323232323232,0.23232323232323232
2,clab-nebula-serf54,35,119,23,23,0,96,1.0,0.19327731092436976,0.19327731092436976
2,clab-nebula-serf54,40,122,23,23,0,99,1.0,0.1885245901639344,0.1885245901639344
2,clab-nebula-serf54,45,126,23,23,0,103,1.0,0.18253968253968253,0.18253968253968253
2,clab-nebula-serf54,50,153,23,23,0,130,1.0,0.1503267973856209,0.1503267973856209
2,clab-nebula-serf54,55,154,23,23,0,131,1.0,0.14935064935064934,0.14935064935064934
2,clab-nebula-serf54,60,157,23,23,0,134,1.0,0.1464968152866242,0.1464968152866242
2,clab-nebula-serf57,5,4,0,0,0,4,0,0.0,0.0
2,clab-nebula-serf57,10,13,0,0,0,13,0,0.0,0.0
2,clab-nebula-serf57,15,57,0,0,0,57,0,0.0,0.0
2,clab-nebula-serf57,20,76,0,0,0,76,0,0.0,0.0
2,clab-nebula-serf57,25,90,0,0,0,90,0,0.0,0.0
2,clab-nebula-serf57,30,113,23,23,0,90,1.0,0.20353982300884957,0.20353982300884957
2,clab-nebula-serf57,35,121,23,23,0,98,1.0,0.19008264462809918,0.19008264462809918
2,clab-nebula-serf57,40,124,23,23,0,101,1.0,0.18548387096774194,0.18548387096774194
2,clab-nebula-serf57,45,144,23,23,0,121,1.0,0.1597222222222222,0.1597222222222222
2,clab-nebula-serf57,50,154,23,23,0,131,1.0,0.14935064935064934,0.14935064935064934
2,clab-nebula-serf57,55,155,23,23,0,132,1.0,0.14838709677419354,0.14838709677419354
2,clab-nebula-serf57,60,158,23,23,0,135,1.0,0.14556962025316456,0.14556962025316456
2,clab-nebula-serf24,5,0,0,0,0,0,0.0,0.0,0.0
2,clab-nebula-serf24,10,2,0,0,0,2,0,0.0,0.0
2,clab-nebula-serf24,15,5,0,0,0,5,0,0.0,0.0
2,clab-nebula-serf24,20,17,0,0,0,17,0,0.0,0.0
2,clab-nebula-serf24,25,29,0,0,0,29,0,0.0,0.0
2,clab-nebula-serf24,30,48,0,0,0,48,0,0.0,0.0
2,clab-nebula-serf24,35,83,0,0,0,83,0,0.0,0.0
2,clab-nebula-serf24,40,93,0,0,0,93,0,0.0,0.0
2,clab-nebula-serf24,45,103,0,0,0,103,0,0.0,0.0
2,clab-nebula-serf24,50,120,0,0,0,120,0,0.0,0.0
2,clab-nebula-serf24,55,124,0,0,0,124,0,0.0,0.0
2,clab-nebula-serf24,60,129,30,30,0,99,1.0,0.23255813953488372,0.23255813953488372
2,clab-nebula-serf42,5,0,0,0,0,0,0.0,0.0,0.0
2,clab-nebula-serf42,10,0,0,0,0,0,0.0,0.0,0.0
2,clab-nebula-serf42,15,2,0,0,0,2,0,0.0,0.0
2,clab-nebula-serf42,20,15,0,0,0,15,0,0.0,0.0
2,clab-nebula-serf42,25,38,0,0,0,38,0,0.0,0.0
2,clab-nebula-serf42,30,71,0,0,0,71,0,0.0,0.0
2,clab-nebula-serf42,35,88,0,0,0,88,0,0.0,0.0
2,clab-nebula-serf42,40,101,0,0,0,101,0,0.0,0.0
2,clab-nebula-serf42,45,117,29,29,0,88,1.0,0.24786324786324787,0.24786324786324787
2,clab-nebula-serf42,50,123,29,29,0,94,1.0,0.23577235772357724,0.23577235772357724
2,clab-nebula-serf42,55,127,29,29,0,98,1.0,0.2283464566929134,0.2283464566929134
2,clab-nebula-serf42,60,153,29,29,0,124,1.0,0.1895424836601307,0.1895424836601307
2,clab-nebula-serf48,5,0,0,0,0,0,0.0,0.0,0.0
2,clab-nebula-serf48,10,5,0,0,0,5,0,0.0,0.0
2,clab-nebula-serf48,15,21,0,0,0,21,0,0.0,0.0
2,clab-nebula-serf48,20,37,0,0,0,37,0,0.0,0.0
2,clab-nebula-serf48,25,79,0,0,0,79,0,0.0,0.0
2,clab-nebula-serf48,30,88,0,0,0,88,0,0.0,0.0
2,clab-nebula-serf48,35,114,0,0,0,114,0,0.0,0.0
2,clab-nebula-serf48,40,121,0,0,0,121,0,0.0,0.0
2,clab-nebula-serf48,45,124,30,30,0,94,1.0,0.24193548387096775,0.24193548387096775
2,clab-nebula-serf48,50,141,30,30,0,111,1.0,0.2127659574468085,0.2127659574468085
2,clab-nebula-serf48,55,154,30,30,0,124,1.0,0.19480519480519481,0.19480519480519481
2,clab-nebula-serf48,60,155,30,30,0,125,1.0,0.1935483870967742,0.1935483870967742
2,clab-nebula-serf2,5,0,0,0,0,0,0.0,0.0,0.0
2,clab-nebula-serf2,10,1,0,0,0,1,0,0.0,0.0
2,clab-nebula-serf2,15,5,0,0,0,5,0,0.0,0.0
2,clab-nebula-serf2,20,10,0,0,0,10,0,0.0,0.0
2,clab-nebula-serf2,25,19,0,0,0,19,0,0.0,0.0
2,clab-nebula-serf2,30,32,1,1,0,31,1.0,0.03125,0.03125
2,clab-nebula-serf2,35,67,39,34,5,33,0.8717948717948718,0.5074626865671642,0.4722222222222222
2,clab-nebula-serf2,40,84,39,37,2,47,0.9487179487179487,0.44047619047619047,0.43023255813953487
2,clab-nebula-serf2,45,99,39,39,0,60,1.0,0.3939393939393939,0.3939393939393939
2,clab-nebula-serf2,50,114,39,39,0,75,1.0,0.34210526315789475,0.34210526315789475
2,clab-nebula-serf2,55,120,39,39,0,81,1.0,0.325,0.325
2,clab-nebula-serf2,60,124,39,39,0,85,1.0,0.31451612903225806,0.31451612903225806
2,clab-nebula-serf21,5,2,0,0,0,2,0,0.0,0.0
2,clab-nebula-serf21,10,4,0,0,0,4,0,0.0,0.0
2,clab-nebula-serf21,15,16,0,0,0,16,0,0.0,0.0
2,clab-nebula-serf21,20,32,0,0,0,32,0,0.0,0.0
2,clab-nebula-serf21,25,56,0,0,0,56,0,0.0,0.0
2,clab-nebula-serf21,30,84,0,0,0,84,0,0.0,0.0
2,clab-nebula-serf21,35,94,0,0,0,94,0,0.0,0.0
2,clab-nebula-serf21,40,107,0,0,0,107,0,0.0,0.0
2,clab-nebula-serf21,45,121,0,0,0,121,0,0.0,0.0
2,clab-nebula-serf21,50,124,30,30,0,94,1.0,0.24193548387096775,0.24193548387096775
2,clab-nebula-serf21,55,133,30,30,0,103,1.0,0.22556390977443608,0.22556390977443608
2,clab-nebula-serf21,60,154,30,30,0,124,1.0,0.19480519480519481,0.19480519480519481
2,clab-nebula-serf67,5,0,0,0,0,0,0.0,0.0,0.0
2,clab-nebula-serf67,10,5,0,0,0,5,0,0.0,0.0
2,clab-nebula-serf67,15,26,0,0,0,26,0,0.0,0.0
2,clab-nebula-serf67,20,41,0,0,0,41,0,0.0,0.0
2,clab-nebula-serf67,25,76,0,0,0,76,0,0.0,0.0
2,clab-nebula-serf67,30,98,0,0,0,98,0,0.0,0.0
2,clab-nebula-serf67,35,115,0,0,0,115,0,0.0,0.0
2,clab-nebula-serf67,40,122,0,0,0,122,0,0.0,0.0
2,clab-nebula-serf67,45,135,0,0,0,135,0,0.0,0.0
2,clab-nebula-serf67,50,154,30,30,0,124,1.0,0.19480519480519481,0.19480519480519481
2,clab-nebula-serf67,55,154,30,30,0,124,1.0,0.19480519480519481,0.19480519480519481
2,clab-nebula-serf67,60,158,30,30,0,128,1.0,0.189873417721519,0.189873417721519
2,clab-nebula-serf102,5,5,0,0,0,5,0,0.0,0.0
2,clab-nebula-serf102,10,7,0,0,0,7,0,0.0,0.0
2,clab-nebula-serf102,15,7,0,0,0,7,0,0.0,0.0
2,clab-nebula-serf102,20,10,0,0,0,10,0,0.0,0.0
2,clab-nebula-serf102,25,21,7,7,0,14,1.0,0.3333333333333333,0.3333333333333333
2,clab-nebula-serf102,30,40,9,7,2,33,0.7777777777777778,0.175,0.16666666666666666
2,clab-nebula-serf102,35,76,9,8,1,68,0.8888888888888888,0.10526315789473684,0.1038961038961039
2,clab-nebula-serf102,40,124,9,9,0,115,1.0,0.07258064516129033,0.07258064516129033
2,clab-nebula-serf102,45,144,9,9,0,135,1.0,0.0625,0.0625
2,clab-nebula-serf102,50,157,9,9,0,148,1.0,0.05732484076433121,0.05732484076433121
2,clab-nebula-serf102,55,160,9,9,0,151,1.0,0.05625,0.05625
2,clab-nebula-serf102,60,161,9,9,0,152,1.0,0.055900621118012424,0.055900621118012424
2,clab-nebula-serf110,5,0,0,0,0,0,0.0,0.0,0.0
2,clab-nebula-serf110,10,0,0,0,0,0,0.0,0.0,0.0
2,clab-nebula-serf110,15,2,0,0,0,2,0,0.0,0.0
2,clab-nebula-serf110,20,7,0,0,0,7,0,0.0,0.0
2,clab-nebula-serf110,25,15,0,0,0,15,0,0.0,0.0
2,clab-nebula-serf110,30,37,0,0,0,37,0,0.0,0.0
2,clab-nebula-serf110,35,69,0,0,0,69,0,0.0,0.0
2,clab-nebula-serf110,40,107,0,0,0,107,0,0.0,0.0
2,clab-nebula-serf110,45,143,0,0,0,143,0,0.0,0.0
2,clab-nebula-serf110,50,148,0,0,0,148,0,0.0,0.0
2,clab-nebula-serf110,55,154,0,0,0,154,0,0.0,0.0
2,clab-nebula-serf110,60,157,0,0,0,157,0,0.0,0.0
2,clab-nebula-serf132,5,0,0,0,0,0,0.0,0.0,0.0
2,clab-nebula-serf132,10,0,0,0,0,0,0.0,0.0,0.0
2,clab-nebula-serf132,15,11,0,0,0,11,0,0.0,0.0
2,clab-nebula-serf132,20,14,0,0,0,14,0,0.0,0.0
2,clab-nebula-serf132,25,23,0,0,0,23,0,0.0,0.0
2,clab-nebula-serf132,30,37,0,0,0,37,0,0.0,0.0
2,clab-nebula-serf132,35,48,11,11,0,37,1.0,0.22916666666666666,0.22916666666666666
2,clab-nebula-serf132,40,78,11,11,0,67,1.0,0.14102564102564102,0.14102564102564102
2,clab-nebula-serf132,45,104,11,11,0,93,1.0,0.10576923076923077,0.10576923076923077
2,clab-nebula-serf132,50,132,11,11,0,121,1.0,0.08333333333333333,0.08333333333333333
2,clab-nebula-serf132,55,144,11,11,0,133,1.0,0.0763888888888889,0.0763888888888889
2,clab-nebula-serf132,60,151,11,11,0,140,1.0,0.0728476821192053,0.0728476821192053
2,clab-nebula-serf134,5,0,0,0,0,0,0.0,0.0,0.0
2,clab-nebula-serf134,10,0,0,0,0,0,0.0,0.0,0.0
2,clab-nebula-serf134,15,1,0,0,0,1,0,0.0,0.0
2,clab-nebula-serf134,20,14,0,0,0,14,0,0.0,0.0
2,clab-nebula-serf134,25,16,0,0,0,16,0,0.0,0.0
2,clab-nebula-serf134,30,26,11,11,0,15,1.0,0.4230769230769231,0.4230769230769231
2,clab-nebula-serf134,35,43,11,11,0,32,1.0,0.2558139534883721,0.2558139534883721
2,clab-nebula-serf134,40,57,11,11,0,46,1.0,0.19298245614035087,0.19298245614035087
2,clab-nebula-serf134,45,91,11,11,0,80,1.0,0.12087912087912088,0.12087912087912088
2,clab-nebula-serf134,50,116,11,11,0,105,1.0,0.09482758620689655,0.09482758620689655
2,clab-nebula-serf134,55,137,11,11,0,126,1.0,0.08029197080291971,0.08029197080291971
2,clab-nebula-serf134,60,147,11,11,0,136,1.0,0.07482993197278912,0.07482993197278912
2,clab-nebula-serf137,5,0,0,0,0,0,0.0,0.0,0.0
2,clab-nebula-serf137,10,0,0,0,0,0,0.0,0.0,0.0
2,clab-nebula-serf137,15,2,0,0,0,2,0,0.0,0.0
2,clab-nebula-serf137,20,14,0,0,0,14,0,0.0,0.0
2,clab-nebula-serf137,25,20,0,0,0,20,0,0.0,0.0
2,clab-nebula-serf137,30,26,0,0,0,26,0,0.0,0.0
2,clab-nebula-serf137,35,44,11,11,0,33,1.0,0.25,0.25
2,clab-nebula-serf137,40,55,11,11,0,44,1.0,0.2,0.2
2,clab-nebula-serf137,45,90,11,11,0,79,1.0,0.12222222222222222,0.12222222222222222
2,clab-nebula-serf137,50,115,11,11,0,104,1.0,0.09565217391304348,0.09565217391304348
2,clab-nebula-serf137,55,137,11,11,0,126,1.0,0.08029197080291971,0.08029197080291971
2,clab-nebula-serf137,60,148,11,11,0,137,1.0,0.07432432432432433,0.07432432432432433
2,clab-nebula-serf10,5,1,0,0,0,1,0,0.0,0.0
2,clab-nebula-serf10,10,9,0,0,0,9,0,0.0,0.0
2,clab-nebula-serf10,15,20,0,0,0,20,0,0.0,0.0
2,clab-nebula-serf10,20,40,1,1,0,39,1.0,0.025,0.025
2,clab-nebula-serf10,25,71,39,35,4,36,0.8974358974358975,0.49295774647887325,0.4666666666666667
2,clab-nebula-serf10,30,88,39,38,1,50,0.9743589743589743,0.4318181818181818,0.42696629213483145
2,clab-nebula-serf10,35,103,39,39,0,64,1.0,0.3786407766990291,0.3786407766990291
2,clab-nebula-serf10,40,120,39,39,0,81,1.0,0.325,0.325
2,clab-nebula-serf10,45,121,39,39,0,82,1.0,0.32231404958677684,0.32231404958677684
2,clab-nebula-serf10,50,129,39,39,0,90,1.0,0.3023255813953488,0.3023255813953488
2,clab-nebula-serf10,55,153,39,39,0,114,1.0,0.2549019607843137,0.2549019607843137
2,clab-nebula-serf10,60,156,39,39,0,117,1.0,0.25,0.25
2,clab-nebula-serf46,5,0,0,0,0,0,0.0,0.0,0.0
2,clab-nebula-serf46,10,3,0,0,0,3,0,0.0,0.0
2,clab-nebula-serf46,15,11,0,0,0,11,0,0.0,0.0
2,clab-nebula-serf46,20,26,0,0,0,26,0,0.0,0.0
2,clab-nebula-serf46,25,54,0,0,0,54,0,0.0,0.0
2,clab-nebula-serf46,30,81,0,0,0,81,0,0.0,0.0
2,clab-nebula-serf46,35,100,0,0,0,100,0,0.0,0.0
2,clab-nebula-serf46,40,121,0,0,0,121,0,0.0,0.0
2,clab-nebula-serf46,45,124,0,0,0,124,0,0.0,0.0
2,clab-nebula-serf46,50,127,30,30,0,97,1.0,0.23622047244094488,0.23622047244094488
2,clab-nebula-serf46,55,154,30,30,0,124,1.0,0.19480519480519481,0.19480519480519481
2,clab-nebula-serf46,60,154,30,30,0,124,1.0,0.19480519480519481,0.19480519480519481
2,clab-nebula-serf74,5,0,0,0,0,0,0.0,0.0,0.0
2,clab-nebula-serf74,10,9,0,0,0,9,0,0.0,0.0
2,clab-nebula-serf74,15,26,0,0,0,26,0,0.0,0.0
2,clab-nebula-serf74,20,45,0,0,0,45,0,0.0,0.0
2,clab-nebula-serf74,25,82,0,0,0,82,0,0.0,0.0
2,clab-nebula-serf74,30,106,0,0,0,106,0,0.0,0.0
2,clab-nebula-serf74,35,117,0,0,0,117,0,0.0,0.0
2,clab-nebula-serf74,40,124,0,0,0,124,0,0.0,0.0
2,clab-nebula-serf74,45,145,30,30,0,115,1.0,0.20689655172413793,0.20689655172413793
2,clab-nebula-serf74,50,154,30,30,0,124,1.0,0.19480519480519481,0.19480519480519481
2,clab-nebula-serf74,55,155,30,30,0,125,1.0,0.1935483870967742,0.1935483870967742
2,clab-nebula-serf74,60,159,30,30,0,129,1.0,0.18867924528301888,0.18867924528301888
2,clab-nebula-serf76,5,2,0,0,0,2,0,0.0,0.0
2,clab-nebula-serf76,10,25,0,0,0,25,0,0.0,0.0
2,clab-nebula-serf76,15,38,0,0,0,38,0,0.0,0.0
2,clab-nebula-serf76,20,68,0,0,0,68,0,0.0,0.0
2,clab-nebula-serf76,25,89,0,0,0,89,0,0.0,0.0
2,clab-nebula-serf76,30,111,0,0,0,111,0,0.0,0.0
2,clab-nebula-serf76,35,121,0,0,0,121,0,0.0,0.0
2,clab-nebula-serf76,40,129,0,0,0,129,0,0.0,0.0
2,clab-nebula-serf76,45,153,30,30,0,123,1.0,0.19607843137254902,0.19607843137254902
2,clab-nebula-serf76,50,154,30,30,0,124,1.0,0.19480519480519481,0.19480519480519481
2,clab-nebula-serf76,55,158,30,30,0,128,1.0,0.189873417721519,0.189873417721519
2,clab-nebula-serf76,60,161,30,30,0,131,1.0,0.18633540372670807,0.18633540372670807
2,clab-nebula-serf149,5,0,0,0,0,0,0.0,0.0,0.0
2,clab-nebula-serf149,10,0,0,0,0,0,0.0,0.0,0.0
2,clab-nebula-serf149,15,1,0,0,0,1,0,0.0,0.0
2,clab-nebula-serf149,20,11,0,0,0,11,0,0.0,0.0
2,clab-nebula-serf149,25,17,0,0,0,17,0,0.0,0.0
2,clab-nebula-serf149,30,25,0,0,0,25,0,0.0,0.0
2,clab-nebula-serf149,35,48,0,0,0,48,0,0.0,0.0
2,clab-nebula-serf149,40,60,0,0,0,60,0,0.0,0.0
2,clab-nebula-serf149,45,89,51,43,8,46,0.8431372549019608,0.48314606741573035,0.44329896907216493
2,clab-nebula-serf149,50,124,51,49,2,75,0.9607843137254902,0.3951612903225806,0.3888888888888889
2,clab-nebula-serf149,55,143,51,50,1,93,0.9803921568627451,0.34965034965034963,0.3472222222222222
2,clab-nebula-serf149,60,152,51,51,0,101,1.0,0.3355263157894737,0.3355263157894737
2,clab-nebula-serf20,5,2,0,0,0,2,0,0.0,0.0
2,clab-nebula-serf20,10,4,0,0,0,4,0,0.0,0.0
2,clab-nebula-serf20,15,15,0,0,0,15,0,0.0,0.0
2,clab-nebula-serf20,20,26,0,0,0,26,0,0.0,0.0
2,clab-nebula-serf20,25,46,0,0,0,46,0,0.0,0.0
2,clab-nebula-serf20,30,80,0,0,0,80,0,0.0,0.0
2,clab-nebula-serf20,35,93,0,0,0,93,0,0.0,0.0
2,clab-nebula-serf20,40,102,0,0,0,102,0,0.0,0.0
2,clab-nebula-serf20,45,118,0,0,0,118,0,0.0,0.0
2,clab-nebula-serf20,50,124,0,0,0,124,0,0.0,0.0
2,clab-nebula-serf20,55,129,30,30,0,99,1.0,0.23255813953488372,0.23255813953488372
2,clab-nebula-serf20,60,154,30,30,0,124,1.0,0.19480519480519481,0.19480519480519481
2,clab-nebula-serf22,5,0,0,0,0,0,0.0,0.0,0.0
2,clab-nebula-serf22,10,4,0,0,0,4,0,0.0,0.0
2,clab-nebula-serf22,15,10,0,0,0,10,0,0.0,0.0
2,clab-nebula-serf22,20,23,0,0,0,23,0,0.0,0.0
2,clab-nebula-serf22,25,41,0,0,0,41,0,0.0,0.0
2,clab-nebula-serf22,30,76,0,0,0,76,0,0.0,0.0
2,clab-nebula-serf22,35,93,0,0,0,93,0,0.0,0.0
2,clab-nebula-serf22,40,98,0,0,0,98,0,0.0,0.0
2,clab-nebula-serf22,45,117,0,0,0,117,0,0.0,0.0
2,clab-nebula-serf22,50,122,0,0,0,122,0,0.0,0.0
2,clab-nebula-serf22,55,125,30,30,0,95,1.0,0.24,0.24
2,clab-nebula-serf22,60,153,30,30,0,123,1.0,0.19607843137254902,0.19607843137254902
2,clab-nebula-serf160,5,4,0,0,0,4,0,0.0,0.0
2,clab-nebula-serf160,10,4,0,0,0,4,0,0.0,0.0
2,clab-nebula-serf160,15,5,0,0,0,5,0,0.0,0.0
2,clab-nebula-serf160,20,10,0,0,0,10,0,0.0,0.0
2,clab-nebula-serf160,25,25,0,0,0,25,0,0.0,0.0
2,clab-nebula-serf160,30,37,0,0,0,37,0,0.0,0.0
2,clab-nebula-serf160,35,43,0,0,0,43,0,0.0,0.0
2,clab-nebula-serf160,40,58,0,0,0,58,0,0.0,0.0
2,clab-nebula-serf160,45,82,0,0,0,82,0,0.0,0.0
2,clab-nebula-serf160,50,118,57,54,3,64,0.9473684210526315,0.4576271186440678,0.4462809917355372
2,clab-nebula-serf160,55,139,57,56,1,83,0.9824561403508771,0.4028776978417266,0.4
2,clab-nebula-serf160,60,149,57,57,0,92,1.0,0.3825503355704698,0.3825503355704698
2,clab-nebula-serf31,5,1,0,0,0,1,0,0.0,0.0
2,clab-nebula-serf31,10,13,0,0,0,13,0,0.0,0.0
2,clab-nebula-serf31,15,28,0,0,0,28,0,0.0,0.0
2,clab-nebula-serf31,20,45,0,0,0,45,0,0.0,0.0
2,clab-nebula-serf31,25,80,0,0,0,80,0,0.0,0.0
2,clab-nebula-serf31,30,93,0,0,0,93,0,0.0,0.0
2,clab-nebula-serf31,35,102,0,0,0,102,0,0.0,0.0
2,clab-nebula-serf31,40,119,0,0,0,119,0,0.0,0.0
2,clab-nebula-serf31,45,124,0,0,0,124,0,0.0,0.0
2,clab-nebula-serf31,50,129,30,30,0,99,1.0,0.23255813953488372,0.23255813953488372
2,clab-nebula-serf31,55,154,30,30,0,124,1.0,0.19480519480519481,0.19480519480519481
2,clab-nebula-serf31,60,154,30,30,0,124,1.0,0.19480519480519481,0.19480519480519481
2,clab-nebula-serf93,5,3,0,0,0,3,0,0.0,0.0
2,clab-nebula-serf93,10,16,0,0,0,16,0,0.0,0.0
2,clab-nebula-serf93,15,37,0,0,0,37,0,0.0,0.0
2,clab-nebula-serf93,20,59,0,0,0,59,0,0.0,0.0
2,clab-nebula-serf93,25,83,23,22,1,61,0.9565217391304348,0.26506024096385544,0.2619047619047619
2,clab-nebula-serf93,30,110,23,23,0,87,1.0,0.20909090909090908,0.20909090909090908
2,clab-nebula-serf93,35,119,23,23,0,96,1.0,0.19327731092436976,0.19327731092436976
2,clab-nebula-serf93,40,125,23,23,0,102,1.0,0.184,0.184
2,clab-nebula-serf93,45,142,23,23,0,119,1.0,0.1619718309859155,0.1619718309859155
2,clab-nebula-serf93,50,154,23,23,0,131,1.0,0.14935064935064934,0.14935064935064934
2,clab-nebula-serf93,55,156,23,23,0,133,1.0,0.14743589743589744,0.14743589743589744
2,clab-nebula-serf93,60,161,23,23,0,138,1.0,0.14285714285714285,0.14285714285714285
2,clab-nebula-serf122,5,0,0,0,0,0,0.0,0.0,0.0
2,clab-nebula-serf122,10,0,0,0,0,0,0.0,0.0,0.0
2,clab-nebula-serf122,15,8,0,0,0,8,0,0.0,0.0
2,clab-nebula-serf122,20,15,0,0,0,15,0,0.0,0.0
2,clab-nebula-serf122,25,22,0,0,0,22,0,0.0,0.0
2,clab-nebula-serf122,30,61,0,0,0,61,0,0.0,0.0
2,clab-nebula-serf122,35,106,0,0,0,106,0,0.0,0.0
2,clab-nebula-serf122,40,133,0,0,0,133,0,0.0,0.0
2,clab-nebula-serf122,45,144,0,0,0,144,0,0.0,0.0
2,clab-nebula-serf122,50,154,0,0,0,154,0,0.0,0.0
2,clab-nebula-serf122,55,161,39,39,0,122,1.0,0.2422360248447205,0.2422360248447205
2,clab-nebula-serf122,60,161,39,39,0,122,1.0,0.2422360248447205,0.2422360248447205
2,clab-nebula-serf38,5,0,0,0,0,0,0.0,0.0,0.0
2,clab-nebula-serf38,10,4,0,0,0,4,0,0.0,0.0
2,clab-nebula-serf38,15,24,0,0,0,24,0,0.0,0.0
2,clab-nebula-serf38,20,56,0,0,0,56,0,0.0,0.0
2,clab-nebula-serf38,25,82,0,0,0,82,0,0.0,0.0
2,clab-nebula-serf38,30,92,0,0,0,92,0,0.0,0.0
2,clab-nebula-serf38,35,107,0,0,0,107,0,0.0,0.0
2,clab-nebula-serf38,40,121,29,29,0,92,1.0,0.2396694214876033,0.2396694214876033
2,clab-nebula-serf38,45,124,29,29,0,95,1.0,0.23387096774193547,0.23387096774193547
2,clab-nebula-serf38,50,133,29,29,0,104,1.0,0.21804511278195488,0.21804511278195488
2,clab-nebula-serf38,55,154,29,29,0,125,1.0,0.18831168831168832,0.18831168831168832
2,clab-nebula-serf38,60,154,29,29,0,125,1.0,0.18831168831168832,0.18831168831168832
2,clab-nebula-serf55,5,0,0,0,0,0,0.0,0.0,0.0
2,clab-nebula-serf55,10,9,0,0,0,9,0,0.0,0.0
2,clab-nebula-serf55,15,23,0,0,0,23,0,0.0,0.0
2,clab-nebula-serf55,20,64,23,19,4,45,0.8260869565217391,0.296875,0.27941176470588236
2,clab-nebula-serf55,25,83,23,22,1,61,0.9565217391304348,0.26506024096385544,0.2619047619047619
2,clab-nebula-serf55,30,96,23,23,0,73,1.0,0.23958333333333334,0.23958333333333334
2,clab-nebula-serf55,35,119,23,23,0,96,1.0,0.19327731092436976,0.19327731092436976
2,clab-nebula-serf55,40,121,23,23,0,98,1.0,0.19008264462809918,0.19008264462809918
2,clab-nebula-serf55,45,126,23,23,0,103,1.0,0.18253968253968253,0.18253968253968253
2,clab-nebula-serf55,50,153,23,23,0,130,1.0,0.1503267973856209,0.1503267973856209
2,clab-nebula-serf55,55,154,23,23,0,131,1.0,0.14935064935064934,0.14935064935064934
2,clab-nebula-serf55,60,157,23,23,0,134,1.0,0.1464968152866242,0.1464968152866242
2,clab-nebula-serf79,5,6,0,0,0,6,0,0.0,0.0
2,clab-nebula-serf79,10,26,0,0,0,26,0,0.0,0.0
2,clab-nebula-serf79,15,41,0,0,0,41,0,0.0,0.0
2,clab-nebula-serf79,20,76,0,0,0,76,0,0.0,0.0
2,clab-nebula-serf79,25,96,0,0,0,96,0,0.0,0.0
2,clab-nebula-serf79,30,116,0,0,0,116,0,0.0,0.0
2,clab-nebula-serf79,35,121,0,0,0,121,0,0.0,0.0
2,clab-nebula-serf79,40,135,0,0,0,135,0,0.0,0.0
2,clab-nebula-serf79,45,153,30,30,0,123,1.0,0.19607843137254902,0.19607843137254902
2,clab-nebula-serf79,50,154,30,30,0,124,1.0,0.19480519480519481,0.19480519480519481
2,clab-nebula-serf79,55,158,30,30,0,128,1.0,0.189873417721519,0.189873417721519
2,clab-nebula-serf79,60,161,30,30,0,131,1.0,0.18633540372670807,0.18633540372670807
2,clab-nebula-serf113,5,1,0,0,0,1,0,0.0,0.0
2,clab-nebula-serf113,10,1,0,0,0,1,0,0.0,0.0
2,clab-nebula-serf113,15,3,0,0,0,3,0,0.0,0.0
2,clab-nebula-serf113,20,19,0,0,0,19,0,0.0,0.0
2,clab-nebula-serf113,25,28,0,0,0,28,0,0.0,0.0
2,clab-nebula-serf113,30,65,32,31,1,34,0.96875,0.47692307692307695,0.4696969696969697
2,clab-nebula-serf113,35,105,32,32,0,73,1.0,0.3047619047619048,0.3047619047619048
2,clab-nebula-serf113,40,139,33,33,0,106,1.0,0.23741007194244604,0.23741007194244604
2,clab-nebula-serf113,45,156,33,33,0,123,1.0,0.21153846153846154,0.21153846153846154
2,clab-nebula-serf113,50,159,33,33,0,126,1.0,0.20754716981132076,0.20754716981132076
2,clab-nebula-serf113,55,161,33,33,0,128,1.0,0.20496894409937888,0.20496894409937888
2,clab-nebula-serf113,60,161,33,33,0,128,1.0,0.20496894409937888,0.20496894409937888
2,clab-nebula-serf120,5,2,0,0,0,2,0,0.0,0.0
2,clab-nebula-serf120,10,2,0,0,0,2,0,0.0,0.0
2,clab-nebula-serf120,15,2,0,0,0,2,0,0.0,0.0
2,clab-nebula-serf120,20,2,0,0,0,2,0,0.0,0.0
2,clab-nebula-serf120,25,2,0,0,0,2,0,0.0,0.0
2,clab-nebula-serf120,30,3,0,0,0,3,0,0.0,0.0
2,clab-nebula-serf120,35,3,0,0,0,3,0,0.0,0.0
2,clab-nebula-serf120,40,3,0,0,0,3,0,0.0,0.0
2,clab-nebula-serf120,45,5,1,1,0,4,1.0,0.2,0.2
2,clab-nebula-serf120,50,14,2,2,0,12,1.0,0.14285714285714285,0.14285714285714285
2,clab-nebula-serf120,55,24,1,1,0,23,1.0,0.041666666666666664,0.041666666666666664
2,clab-nebula-serf120,60,48,4,4,0,44,1.0,0.08333333333333333,0.08333333333333333
2,clab-nebula-serf128,5,0,0,0,0,0,0.0,0.0,0.0
2,clab-nebula-serf128,10,2,0,0,0,2,0,0.0,0.0
2,clab-nebula-serf128,15,6,0,0,0,6,0,0.0,0.0
2,clab-nebula-serf128,20,20,0,0,0,20,0,0.0,0.0
2,clab-nebula-serf128,25,48,0,0,0,48,0,0.0,0.0
2,clab-nebula-serf128,30,73,30,29,1,44,0.9666666666666667,0.3972602739726027,0.3918918918918919
2,clab-nebula-serf128,35,111,30,30,0,81,1.0,0.2702702702702703,0.2702702702702703
2,clab-nebula-serf128,40,145,30,30,0,115,1.0,0.20689655172413793,0.20689655172413793
2,clab-nebula-serf128,45,150,30,30,0,120,1.0,0.2,0.2
2,clab-nebula-serf128,50,155,30,30,0,125,1.0,0.1935483870967742,0.1935483870967742
2,clab-nebula-serf128,55,159,30,30,0,129,1.0,0.18867924528301888,0.18867924528301888
2,clab-nebula-serf128,60,161,30,30,0,131,1.0,0.18633540372670807,0.18633540372670807
2,clab-nebula-serf8,5,0,0,0,0,0,0.0,0.0,0.0
2,clab-nebula-serf8,10,5,0,0,0,5,0,0.0,0.0
2,clab-nebula-serf8,15,13,0,0,0,13,0,0.0,0.0
2,clab-nebula-serf8,20,23,0,0,0,23,0,0.0,0.0
2,clab-nebula-serf8,25,44,39,26,13,18,0.6666666666666666,0.5909090909090909,0.45614035087719296
2,clab-nebula-serf8,30,76,39,36,3,40,0.9230769230769231,0.47368421052631576,0.45569620253164556
2,clab-nebula-serf8,35,89,39,38,1,51,0.9743589743589743,0.42696629213483145,0.4222222222222222
2,clab-nebula-serf8,40,105,39,39,0,66,1.0,0.37142857142857144,0.37142857142857144
2,clab-nebula-serf8,45,120,39,39,0,81,1.0,0.325,0.325
2,clab-nebula-serf8,50,122,39,39,0,83,1.0,0.319672131147541,0.319672131147541
2,clab-nebula-serf8,55,130,39,39,0,91,1.0,0.3,0.3
2,clab-nebula-serf8,60,153,39,39,0,114,1.0,0.2549019607843137,0.2549019607843137
2,clab-nebula-serf27,5,0,0,0,0,0,0.0,0.0,0.0
2,clab-nebula-serf27,10,3,0,0,0,3,0,0.0,0.0
2,clab-nebula-serf27,15,7,0,0,0,7,0,0.0,0.0
2,clab-nebula-serf27,20,13,0,0,0,13,0,0.0,0.0
2,clab-nebula-serf27,25,24,0,0,0,24,0,0.0,0.0
2,clab-nebula-serf27,30,38,0,0,0,38,0,0.0,0.0
2,clab-nebula-serf27,35,75,0,0,0,75,0,0.0,0.0
2,clab-nebula-serf27,40,92,0,0,0,92,0,0.0,0.0
2,clab-nebula-serf27,45,98,0,0,0,98,0,0.0,0.0
2,clab-nebula-serf27,50,117,0,0,0,117,0,0.0,0.0
2,clab-nebula-serf27,55,122,0,0,0,122,0,0.0,0.0
2,clab-nebula-serf27,60,125,48,48,0,77,1.0,0.384,0.384
2,clab-nebula-serf78,5,0,0,0,0,0,0.0,0.0,0.0
2,clab-nebula-serf78,10,9,0,0,0,9,0,0.0,0.0
2,clab-nebula-serf78,15,27,0,0,0,27,0,0.0,0.0
2,clab-nebula-serf78,20,48,0,0,0,48,0,0.0,0.0
2,clab-nebula-serf78,25,80,0,0,0,80,0,0.0,0.0
2,clab-nebula-serf78,30,102,0,0,0,102,0,0.0,0.0
2,clab-nebula-serf78,35,118,0,0,0,118,0,0.0,0.0
2,clab-nebula-serf78,40,123,0,0,0,123,0,0.0,0.0
2,clab-nebula-serf78,45,140,30,30,0,110,1.0,0.21428571428571427,0.21428571428571427
2,clab-nebula-serf78,50,154,30,30,0,124,1.0,0.19480519480519481,0.19480519480519481
2,clab-nebula-serf78,55,155,30,30,0,125,1.0,0.1935483870967742,0.1935483870967742
2,clab-nebula-serf78,60,158,30,30,0,128,1.0,0.189873417721519,0.189873417721519
2,clab-nebula-serf104,5,1,0,0,0,1,0,0.0,0.0
2,clab-nebula-serf104,10,3,0,0,0,3,0,0.0,0.0
2,clab-nebula-serf104,15,8,0,0,0,8,0,0.0,0.0
2,clab-nebula-serf104,20,25,0,0,0,25,0,0.0,0.0
2,clab-nebula-serf104,25,54,0,0,0,54,0,0.0,0.0
2,clab-nebula-serf104,30,87,30,30,0,57,1.0,0.3448275862068966,0.3448275862068966
2,clab-nebula-serf104,35,130,30,30,0,100,1.0,0.23076923076923078,0.23076923076923078
2,clab-nebula-serf104,40,145,30,30,0,115,1.0,0.20689655172413793,0.20689655172413793
2,clab-nebula-serf104,45,153,30,30,0,123,1.0,0.19607843137254902,0.19607843137254902
2,clab-nebula-serf104,50,155,30,30,0,125,1.0,0.1935483870967742,0.1935483870967742
2,clab-nebula-serf104,55,159,30,30,0,129,1.0,0.18867924528301888,0.18867924528301888
2,clab-nebula-serf104,60,161,30,30,0,131,1.0,0.18633540372670807,0.18633540372670807
2,clab-nebula-serf133,5,0,0,0,0,0,0.0,0.0,0.0
2,clab-nebula-serf133,10,0,0,0,0,0,0.0,0.0,0.0
2,clab-nebula-serf133,15,1,0,0,0,1,0,0.0,0.0
2,clab-nebula-serf133,20,14,0,0,0,14,0,0.0,0.0
2,clab-nebula-serf133,25,16,0,0,0,16,0,0.0,0.0
2,clab-nebula-serf133,30,26,0,0,0,26,0,0.0,0.0
2,clab-nebula-serf133,35,44,0,0,0,44,0,0.0,0.0
2,clab-nebula-serf133,40,59,11,11,0,48,1.0,0.1864406779661017,0.1864406779661017
2,clab-nebula-serf133,45,92,11,11,0,81,1.0,0.11956521739130435,0.11956521739130435
2,clab-nebula-serf133,50,117,11,11,0,106,1.0,0.09401709401709402,0.09401709401709402
2,clab-nebula-serf133,55,137,11,11,0,126,1.0,0.08029197080291971,0.08029197080291971
2,clab-nebula-serf133,60,149,11,11,0,138,1.0,0.0738255033557047,0.0738255033557047
2,clab-nebula-serf64,5,0,0,0,0,0,0.0,0.0,0.0
2,clab-nebula-serf64,10,0,0,0,0,0,0.0,0.0,0.0
2,clab-nebula-serf64,15,0,0,0,0,0,0.0,0.0,0.0
2,clab-nebula-serf64,20,7,0,0,0,7,0,0.0,0.0
2,clab-nebula-serf64,25,46,0,0,0,46,0,0.0,0.0
2,clab-nebula-serf64,30,69,0,0,0,69,0,0.0,0.0
2,clab-nebula-serf64,35,100,0,0,0,100,0,0.0,0.0
2,clab-nebula-serf64,40,116,0,0,0,116,0,0.0,0.0
2,clab-nebula-serf64,45,123,0,0,0,123,0,0.0,0.0
2,clab-nebula-serf64,50,128,0,0,0,128,0,0.0,0.0
2,clab-nebula-serf64,55,154,0,0,0,154,0,0.0,0.0
2,clab-nebula-serf64,60,154,0,0,0,154,0,0.0,0.0
2,clab-nebula-serf73,5,4,0,0,0,4,0,0.0,0.0
2,clab-nebula-serf73,10,25,0,0,0,25,0,0.0,0.0
2,clab-nebula-serf73,15,39,0,0,0,39,0,0.0,0.0
2,clab-nebula-serf73,20,69,0,0,0,69,0,0.0,0.0
2,clab-nebula-serf73,25,89,0,0,0,89,0,0.0,0.0
2,clab-nebula-serf73,30,113,0,0,0,113,0,0.0,0.0
2,clab-nebula-serf73,35,121,0,0,0,121,0,0.0,0.0
2,clab-nebula-serf73,40,130,0,0,0,130,0,0.0,0.0
2,clab-nebula-serf73,45,151,30,30,0,121,1.0,0.1986754966887417,0.1986754966887417
2,clab-nebula-serf73,50,154,30,30,0,124,1.0,0.19480519480519481,0.19480519480519481
2,clab-nebula-serf73,55,158,30,30,0,128,1.0,0.189873417721519,0.189873417721519
2,clab-nebula-serf73,60,161,30,30,0,131,1.0,0.18633540372670807,0.18633540372670807
2,clab-nebula-serf118,5,2,0,0,0,2,0,0.0,0.0
2,clab-nebula-serf118,10,2,0,0,0,2,0,0.0,0.0
2,clab-nebula-serf118,15,2,0,0,0,2,0,0.0,0.0
2,clab-nebula-serf118,20,2,0,0,0,2,0,0.0,0.0
2,clab-nebula-serf118,25,2,0,0,0,2,0,0.0,0.0
2,clab-nebula-serf118,30,3,0,0,0,3,0,0.0,0.0
2,clab-nebula-serf118,35,3,0,0,0,3,0,0.0,0.0
2,clab-nebula-serf118,40,3,0,0,0,3,0,0.0,0.0
2,clab-nebula-serf118,45,5,1,1,0,4,1.0,0.2,0.2
2,clab-nebula-serf118,50,15,2,2,0,13,1.0,0.13333333333333333,0.13333333333333333
2,clab-nebula-serf118,55,25,1,1,0,24,1.0,0.04,0.04
2,clab-nebula-serf118,60,48,4,4,0,44,1.0,0.08333333333333333,0.08333333333333333
2,clab-nebula-serf5,5,0,0,0,0,0,0.0,0.0,0.0
2,clab-nebula-serf5,10,3,0,0,0,3,0,0.0,0.0
2,clab-nebula-serf5,15,7,0,0,0,7,0,0.0,0.0
2,clab-nebula-serf5,20,14,0,0,0,14,0,0.0,0.0
2,clab-nebula-serf5,25,19,0,0,0,19,0,0.0,0.0
2,clab-nebula-serf5,30,46,0,0,0,46,0,0.0,0.0
2,clab-nebula-serf5,35,80,0,0,0,80,0,0.0,0.0
2,clab-nebula-serf5,40,92,40,40,0,52,1.0,0.43478260869565216,0.43478260869565216
2,clab-nebula-serf5,45,108,47,47,0,61,1.0,0.4351851851851852,0.4351851851851852
2,clab-nebula-serf5,50,118,47,47,0,71,1.0,0.3983050847457627,0.3983050847457627
2,clab-nebula-serf5,55,121,47,47,0,74,1.0,0.3884297520661157,0.3884297520661157
2,clab-nebula-serf5,60,143,47,47,0,96,1.0,0.32867132867132864,0.32867132867132864
2,clab-nebula-serf87,5,3,0,0,0,3,0,0.0,0.0
2,clab-nebula-serf87,10,3,0,0,0,3,0,0.0,0.0
2,clab-nebula-serf87,15,11,0,0,0,11,0,0.0,0.0
2,clab-nebula-serf87,20,24,0,0,0,24,0,0.0,0.0
2,clab-nebula-serf87,25,49,0,0,0,49,0,0.0,0.0
2,clab-nebula-serf87,30,80,1,1,0,79,1.0,0.0125,0.0125
2,clab-nebula-serf87,35,108,1,1,0,107,1.0,0.009259259259259259,0.009259259259259259
2,clab-nebula-serf87,40,120,1,1,0,119,1.0,0.008333333333333333,0.008333333333333333
2,clab-nebula-serf87,45,132,1,1,0,131,1.0,0.007575757575757576,0.007575757575757576
2,clab-nebula-serf87,50,145,1,1,0,144,1.0,0.006896551724137931,0.006896551724137931
2,clab-nebula-serf87,55,155,1,1,0,154,1.0,0.0064516129032258064,0.0064516129032258064
2,clab-nebula-serf87,60,158,1,1,0,157,1.0,0.006329113924050633,0.006329113924050633
2,clab-nebula-serf88,5,3,0,0,0,3,0,0.0,0.0
2,clab-nebula-serf88,10,3,0,0,0,3,0,0.0,0.0
2,clab-nebula-serf88,15,8,0,0,0,8,0,0.0,0.0
2,clab-nebula-serf88,20,19,0,0,0,19,0,0.0,0.0
2,clab-nebula-serf88,25,42,0,0,0,42,0,0.0,0.0
2,clab-nebula-serf88,30,72,1,1,0,71,1.0,0.013888888888888888,0.013888888888888888
2,clab-nebula-serf88,35,100,1,1,0,99,1.0,0.01,0.01
2,clab-nebula-serf88,40,120,1,1,0,119,1.0,0.008333333333333333,0.008333333333333333
2,clab-nebula-serf88,45,127,1,1,0,126,1.0,0.007874015748031496,0.007874015748031496
2,clab-nebula-serf88,50,136,1,1,0,135,1.0,0.007352941176470588,0.007352941176470588
2,clab-nebula-serf88,55,154,1,1,0,153,1.0,0.006493506493506494,0.006493506493506494
2,clab-nebula-serf88,60,158,1,1,0,157,1.0,0.006329113924050633,0.006329113924050633
2,clab-nebula-serf153,5,0,0,0,0,0,0.0,0.0,0.0
2,clab-nebula-serf153,10,0,0,0,0,0,0.0,0.0,0.0
2,clab-nebula-serf153,15,1,0,0,0,1,0,0.0,0.0
2,clab-nebula-serf153,20,9,0,0,0,9,0,0.0,0.0
2,clab-nebula-serf153,25,12,0,0,0,12,0,0.0,0.0
2,clab-nebula-serf153,30,24,0,0,0,24,0,0.0,0.0
2,clab-nebula-serf153,35,42,0,0,0,42,0,0.0,0.0
2,clab-nebula-serf153,40,55,0,0,0,55,0,0.0,0.0
2,clab-nebula-serf153,45,81,51,42,9,39,0.8235294117647058,0.5185185185185185,0.4666666666666667
2,clab-nebula-serf153,50,114,51,48,3,66,0.9411764705882353,0.42105263157894735,0.41025641025641024
2,clab-nebula-serf153,55,137,51,50,1,87,0.9803921568627451,0.36496350364963503,0.36231884057971014
2,clab-nebula-serf153,60,148,51,51,0,97,1.0,0.34459459459459457,0.34459459459459457
2,clab-nebula-serf53,5,0,0,0,0,0,0.0,0.0,0.0
2,clab-nebula-serf53,10,8,0,0,0,8,0,0.0,0.0
2,clab-nebula-serf53,15,25,0,0,0,25,0,0.0,0.0
2,clab-nebula-serf53,20,64,23,19,4,45,0.8260869565217391,0.296875,0.27941176470588236
2,clab-nebula-serf53,25,81,23,22,1,59,0.9565217391304348,0.2716049382716049,0.2682926829268293
2,clab-nebula-serf53,30,97,23,23,0,74,1.0,0.23711340206185566,0.23711340206185566
2,clab-nebula-serf53,35,118,23,23,0,95,1.0,0.19491525423728814,0.19491525423728814
2,clab-nebula-serf53,40,121,23,23,0,98,1.0,0.19008264462809918,0.19008264462809918
2,clab-nebula-serf53,45,125,23,23,0,102,1.0,0.184,0.184
2,clab-nebula-serf53,50,151,23,23,0,128,1.0,0.152317880794702,0.152317880794702
2,clab-nebula-serf53,55,154,23,23,0,131,1.0,0.14935064935064934,0.14935064935064934
2,clab-nebula-serf53,60,157,23,23,0,134,1.0,0.1464968152866242,0.1464968152866242
2,clab-nebula-serf69,5,0,0,0,0,0,0.0,0.0,0.0
2,clab-nebula-serf69,10,14,0,0,0,14,0,0.0,0.0
2,clab-nebula-serf69,15,31,0,0,0,31,0,0.0,0.0
2,clab-nebula-serf69,20,54,0,0,0,54,0,0.0,0.0
2,clab-nebula-serf69,25,84,0,0,0,84,0,0.0,0.0
2,clab-nebula-serf69,30,107,0,0,0,107,0,0.0,0.0
2,clab-nebula-serf69,35,119,0,0,0,119,0,0.0,0.0
2,clab-nebula-serf69,40,125,0,0,0,125,0,0.0,0.0
2,clab-nebula-serf69,45,147,30,30,0,117,1.0,0.20408163265306123,0.20408163265306123
2,clab-nebula-serf69,50,154,30,30,0,124,1.0,0.19480519480519481,0.19480519480519481
2,clab-nebula-serf69,55,158,30,30,0,128,1.0,0.189873417721519,0.189873417721519
2,clab-nebula-serf69,60,161,30,30,0,131,1.0,0.18633540372670807,0.18633540372670807
2,clab-nebula-serf60,5,4,0,0,0,4,0,0.0,0.0
2,clab-nebula-serf60,10,10,0,0,0,10,0,0.0,0.0
2,clab-nebula-serf60,15,42,0,0,0,42,0,0.0,0.0
2,clab-nebula-serf60,20,70,0,0,0,70,0,0.0,0.0
2,clab-nebula-serf60,25,87,0,0,0,87,0,0.0,0.0
2,clab-nebula-serf60,30,111,23,23,0,88,1.0,0.2072072072072072,0.2072072072072072
2,clab-nebula-serf60,35,120,23,23,0,97,1.0,0.19166666666666668,0.19166666666666668
2,clab-nebula-serf60,40,124,23,23,0,101,1.0,0.18548387096774194,0.18548387096774194
2,clab-nebula-serf60,45,143,23,23,0,120,1.0,0.16083916083916083,0.16083916083916083
2,clab-nebula-serf60,50,154,23,23,0,131,1.0,0.14935064935064934,0.14935064935064934
2,clab-nebula-serf60,55,154,23,23,0,131,1.0,0.14935064935064934,0.14935064935064934
2,clab-nebula-serf60,60,158,23,23,0,135,1.0,0.14556962025316456,0.14556962025316456
2,clab-nebula-serf145,5,0,0,0,0,0,0.0,0.0,0.0
2,clab-nebula-serf145,10,0,0,0,0,0,0.0,0.0,0.0
2,clab-nebula-serf145,15,1,0,0,0,1,0,0.0,0.0
2,clab-nebula-serf145,20,5,0,0,0,5,0,0.0,0.0
2,clab-nebula-serf145,25,7,0,0,0,7,0,0.0,0.0
2,clab-nebula-serf145,30,15,0,0,0,15,0,0.0,0.0
2,clab-nebula-serf145,35,37,0,0,0,37,0,0.0,0.0
2,clab-nebula-serf145,40,56,0,0,0,56,0,0.0,0.0
2,clab-nebula-serf145,45,66,0,0,0,66,0,0.0,0.0
2,clab-nebula-serf145,50,104,0,0,0,104,0,0.0,0.0
2,clab-nebula-serf145,55,130,0,0,0,130,0,0.0,0.0
2,clab-nebula-serf145,60,145,0,0,0,145,0,0.0,0.0
2,clab-nebula-serf6,5,1,0,0,0,1,0,0.0,0.0
2,clab-nebula-serf6,10,7,0,0,0,7,0,0.0,0.0
2,clab-nebula-serf6,15,18,0,0,0,18,0,0.0,0.0
2,clab-nebula-serf6,20,32,1,1,0,31,1.0,0.03125,0.03125
2,clab-nebula-serf6,25,68,39,34,5,34,0.8717948717948718,0.5,0.4657534246575342
2,clab-nebula-serf6,30,86,39,38,1,48,0.9743589743589743,0.4418604651162791,0.4367816091954023
2,clab-nebula-serf6,35,98,39,39,0,59,1.0,0.3979591836734694,0.3979591836734694
2,clab-nebula-serf6,40,117,39,39,0,78,1.0,0.3333333333333333,0.3333333333333333
2,clab-nebula-serf6,45,120,39,39,0,81,1.0,0.325,0.325
2,clab-nebula-serf6,50,124,39,39,0,85,1.0,0.31451612903225806,0.31451612903225806
2,clab-nebula-serf6,55,151,39,39,0,112,1.0,0.2582781456953642,0.2582781456953642
2,clab-nebula-serf6,60,155,39,39,0,116,1.0,0.25161290322580643,0.25161290322580643
2,clab-nebula-serf11,5,2,0,0,0,2,0,0.0,0.0
2,clab-nebula-serf11,10,14,0,0,0,14,0,0.0,0.0
2,clab-nebula-serf11,15,26,0,0,0,26,0,0.0,0.0
2,clab-nebula-serf11,20,57,39,31,8,26,0.7948717948717948,0.543859649122807,0.47692307692307695
2,clab-nebula-serf11,25,82,39,37,2,45,0.9487179487179487,0.45121951219512196,0.44047619047619047
2,clab-nebula-serf11,30,93,39,39,0,54,1.0,0.41935483870967744,0.41935483870967744
2,clab-nebula-serf11,35,112,39,39,0,73,1.0,0.3482142857142857,0.3482142857142857
2,clab-nebula-serf11,40,120,39,39,0,81,1.0,0.325,0.325
2,clab-nebula-serf11,45,124,39,39,0,85,1.0,0.31451612903225806,0.31451612903225806
2,clab-nebula-serf11,50,142,39,39,0,103,1.0,0.2746478873239437,0.2746478873239437
2,clab-nebula-serf11,55,154,39,39,0,115,1.0,0.2532467532467532,0.2532467532467532
2,clab-nebula-serf11,60,157,39,39,0,118,1.0,0.2484076433121019,0.2484076433121019
2,clab-nebula-serf98,5,1,0,0,0,1,0,0.0,0.0
2,clab-nebula-serf98,10,7,0,0,0,7,0,0.0,0.0
2,clab-nebula-serf98,15,7,0,0,0,7,0,0.0,0.0
2,clab-nebula-serf98,20,8,0,0,0,8,0,0.0,0.0
2,clab-nebula-serf98,25,14,7,7,0,7,1.0,0.5,0.5
2,clab-nebula-serf98,30,29,7,7,0,22,1.0,0.2413793103448276,0.2413793103448276
2,clab-nebula-serf98,35,71,9,8,1,63,0.8888888888888888,0.11267605633802817,0.1111111111111111
2,clab-nebula-serf98,40,121,9,9,0,112,1.0,0.0743801652892562,0.0743801652892562
2,clab-nebula-serf98,45,144,9,9,0,135,1.0,0.0625,0.0625
2,clab-nebula-serf98,50,156,9,9,0,147,1.0,0.057692307692307696,0.057692307692307696
2,clab-nebula-serf98,55,160,9,9,0,151,1.0,0.05625,0.05625
2,clab-nebula-serf98,60,161,9,9,0,152,1.0,0.055900621118012424,0.055900621118012424
2,clab-nebula-serf138,5,0,0,0,0,0,0.0,0.0,0.0
2,clab-nebula-serf138,10,0,0,0,0,0,0.0,0.0,0.0
2,clab-nebula-serf138,15,1,0,0,0,1,0,0.0,0.0
2,clab-nebula-serf138,20,14,0,0,0,14,0,0.0,0.0
2,clab-nebula-serf138,25,14,0,0,0,14,0,0.0,0.0
2,clab-nebula-serf138,30,26,0,0,0,26,0,0.0,0.0
2,clab-nebula-serf138,35,43,0,0,0,43,0,0.0,0.0
2,clab-nebula-serf138,40,55,11,11,0,44,1.0,0.2,0.2
2,clab-nebula-serf138,45,90,11,11,0,79,1.0,0.12222222222222222,0.12222222222222222
2,clab-nebula-serf138,50,115,11,11,0,104,1.0,0.09565217391304348,0.09565217391304348
2,clab-nebula-serf138,55,137,11,11,0,126,1.0,0.08029197080291971,0.08029197080291971
2,clab-nebula-serf138,60,147,11,11,0,136,1.0,0.07482993197278912,0.07482993197278912
2,clab-nebula-serf150,5,0,0,0,0,0,0.0,0.0,0.0
2,clab-nebula-serf150,10,0,0,0,0,0,0.0,0.0,0.0
2,clab-nebula-serf150,15,1,0,0,0,1,0,0.0,0.0
2,clab-nebula-serf150,20,9,0,0,0,9,0,0.0,0.0
2,clab-nebula-serf150,25,17,0,0,0,17,0,0.0,0.0
2,clab-nebula-serf150,30,23,0,0,0,23,0,0.0,0.0
2,clab-nebula-serf150,35,42,51,22,29,20,0.43137254901960786,0.5238095238095238,0.30985915492957744
2,clab-nebula-serf150,40,54,51,27,24,27,0.5294117647058824,0.5,0.34615384615384615
2,clab-nebula-serf150,45,79,51,42,9,37,0.8235294117647058,0.5316455696202531,0.4772727272727273
2,clab-nebula-serf150,50,117,51,48,3,69,0.9411764705882353,0.41025641025641024,0.4
2,clab-nebula-serf150,55,141,51,50,1,91,0.9803921568627451,0.3546099290780142,0.352112676056338
2,clab-nebula-serf150,60,152,51,51,0,101,1.0,0.3355263157894737,0.3355263157894737
2,clab-nebula-serf18,5,0,0,0,0,0,0.0,0.0,0.0
2,clab-nebula-serf18,10,5,0,0,0,5,0,0.0,0.0
2,clab-nebula-serf18,15,20,0,0,0,20,0,0.0,0.0
2,clab-nebula-serf18,20,47,24,11,13,36,0.4583333333333333,0.23404255319148937,0.18333333333333332
2,clab-nebula-serf18,25,75,24,20,4,55,0.8333333333333334,0.26666666666666666,0.25316455696202533
2,clab-nebula-serf18,30,90,29,28,1,62,0.9655172413793104,0.3111111111111111,0.3076923076923077
2,clab-nebula-serf18,35,103,29,29,0,74,1.0,0.2815533980582524,0.2815533980582524
2,clab-nebula-serf18,40,120,29,29,0,91,1.0,0.24166666666666667,0.24166666666666667
2,clab-nebula-serf18,45,123,29,29,0,94,1.0,0.23577235772357724,0.23577235772357724
2,clab-nebula-serf18,50,140,29,29,0,111,1.0,0.20714285714285716,0.20714285714285716
2,clab-nebula-serf18,55,151,29,29,0,122,1.0,0.19205298013245034,0.19205298013245034
2,clab-nebula-serf18,60,157,29,29,0,128,1.0,0.18471337579617833,0.18471337579617833
2,clab-nebula-serf30,5,1,0,0,0,1,0,0.0,0.0
2,clab-nebula-serf30,10,13,0,0,0,13,0,0.0,0.0
2,clab-nebula-serf30,15,28,0,0,0,28,0,0.0,0.0
2,clab-nebula-serf30,20,45,0,0,0,45,0,0.0,0.0
2,clab-nebula-serf30,25,81,0,0,0,81,0,0.0,0.0
2,clab-nebula-serf30,30,93,0,0,0,93,0,0.0,0.0
2,clab-nebula-serf30,35,102,0,0,0,102,0,0.0,0.0
2,clab-nebula-serf30,40,119,0,0,0,119,0,0.0,0.0
2,clab-nebula-serf30,45,124,0,0,0,124,0,0.0,0.0
2,clab-nebula-serf30,50,128,30,30,0,98,1.0,0.234375,0.234375
2,clab-nebula-serf30,55,154,30,30,0,124,1.0,0.19480519480519481,0.19480519480519481
2,clab-nebula-serf30,60,154,30,30,0,124,1.0,0.19480519480519481,0.19480519480519481
2,clab-nebula-serf44,5,3,0,0,0,3,0,0.0,0.0
2,clab-nebula-serf44,10,10,0,0,0,10,0,0.0,0.0
2,clab-nebula-serf44,15,23,0,0,0,23,0,0.0,0.0
2,clab-nebula-serf44,20,47,0,0,0,47,0,0.0,0.0
2,clab-nebula-serf44,25,81,0,0,0,81,0,0.0,0.0
2,clab-nebula-serf44,30,99,0,0,0,99,0,0.0,0.0
2,clab-nebula-serf44,35,120,0,0,0,120,0,0.0,0.0
2,clab-nebula-serf44,40,124,0,0,0,124,0,0.0,0.0
2,clab-nebula-serf44,45,127,30,30,0,97,1.0,0.23622047244094488,0.23622047244094488
2,clab-nebula-serf44,50,154,30,30,0,124,1.0,0.19480519480519481,0.19480519480519481
2,clab-nebula-serf44,55,154,30,30,0,124,1.0,0.19480519480519481,0.19480519480519481
2,clab-nebula-serf44,60,156,30,30,0,126,1.0,0.19230769230769232,0.19230769230769232
2,clab-nebula-serf131,5,0,0,0,0,0,0.0,0.0,0.0
2,clab-nebula-serf131,10,0,0,0,0,0,0.0,0.0,0.0
2,clab-nebula-serf131,15,3,0,0,0,3,0,0.0,0.0
2,clab-nebula-serf131,20,14,0,0,0,14,0,0.0,0.0
2,clab-nebula-serf131,25,18,0,0,0,18,0,0.0,0.0
2,clab-nebula-serf131,30,29,0,0,0,29,0,0.0,0.0
2,clab-nebula-serf131,35,45,0,0,0,45,0,0.0,0.0
2,clab-nebula-serf131,40,69,11,11,0,58,1.0,0.15942028985507245,0.15942028985507245
2,clab-nebula-serf131,45,95,11,11,0,84,1.0,0.11578947368421053,0.11578947368421053
2,clab-nebula-serf131,50,122,11,11,0,111,1.0,0.09016393442622951,0.09016393442622951
2,clab-nebula-serf131,55,137,11,11,0,126,1.0,0.08029197080291971,0.08029197080291971
2,clab-nebula-serf131,60,149,11,11,0,138,1.0,0.0738255033557047,0.0738255033557047
2,clab-nebula-serf35,5,0,0,0,0,0,0.0,0.0,0.0
2,clab-nebula-serf35,10,1,0,0,0,1,0,0.0,0.0
2,clab-nebula-serf35,15,7,0,0,0,7,0,0.0,0.0
2,clab-nebula-serf35,20,26,0,0,0,26,0,0.0,0.0
2,clab-nebula-serf35,25,63,0,0,0,63,0,0.0,0.0
2,clab-nebula-serf35,30,85,0,0,0,85,0,0.0,0.0
2,clab-nebula-serf35,35,95,0,0,0,95,0,0.0,0.0
2,clab-nebula-serf35,40,111,24,24,0,87,1.0,0.21621621621621623,0.21621621621621623
2,clab-nebula-serf35,45,121,29,29,0,92,1.0,0.2396694214876033,0.2396694214876033
2,clab-nebula-serf35,50,124,29,29,0,95,1.0,0.23387096774193547,0.23387096774193547
2,clab-nebula-serf35,55,145,29,29,0,116,1.0,0.2,0.2
2,clab-nebula-serf35,60,154,29,29,0,125,1.0,0.18831168831168832,0.18831168831168832
2,clab-nebula-serf40,5,0,0,0,0,0,0.0,0.0,0.0
2,clab-nebula-serf40,10,1,0,0,0,1,0,0.0,0.0
2,clab-nebula-serf40,15,11,0,0,0,11,0,0.0,0.0
2,clab-nebula-serf40,20,35,0,0,0,35,0,0.0,0.0
2,clab-nebula-serf40,25,71,0,0,0,71,0,0.0,0.0
2,clab-nebula-serf40,30,87,0,0,0,87,0,0.0,0.0
2,clab-nebula-serf40,35,98,0,0,0,98,0,0.0,0.0
2,clab-nebula-serf40,40,118,23,23,0,95,1.0,0.19491525423728814,0.19491525423728814
2,clab-nebula-serf40,45,122,23,23,0,99,1.0,0.1885245901639344,0.1885245901639344
2,clab-nebula-serf40,50,126,29,29,0,97,1.0,0.23015873015873015,0.23015873015873015
2,clab-nebula-serf40,55,153,29,29,0,124,1.0,0.1895424836601307,0.1895424836601307
2,clab-nebula-serf40,60,154,29,29,0,125,1.0,0.18831168831168832,0.18831168831168832
2,clab-nebula-serf144,5,0,0,0,0,0,0.0,0.0,0.0
2,clab-nebula-serf144,10,0,0,0,0,0,0.0,0.0,0.0
2,clab-nebula-serf144,15,7,0,0,0,7,0,0.0,0.0
2,clab-nebula-serf144,20,12,0,0,0,12,0,0.0,0.0
2,clab-nebula-serf144,25,23,0,0,0,23,0,0.0,0.0
2,clab-nebula-serf144,30,55,0,0,0,55,0,0.0,0.0
2,clab-nebula-serf144,35,60,0,0,0,60,0,0.0,0.0
2,clab-nebula-serf144,40,95,0,0,0,95,0,0.0,0.0
2,clab-nebula-serf144,45,126,0,0,0,126,0,0.0,0.0
2,clab-nebula-serf144,50,141,0,0,0,141,0,0.0,0.0
2,clab-nebula-serf144,55,151,0,0,0,151,0,0.0,0.0
2,clab-nebula-serf144,60,155,0,0,0,155,0,0.0,0.0
2,clab-nebula-serf152,5,0,0,0,0,0,0.0,0.0,0.0
2,clab-nebula-serf152,10,1,0,0,0,1,0,0.0,0.0
2,clab-nebula-serf152,15,11,0,0,0,11,0,0.0,0.0
2,clab-nebula-serf152,20,14,0,0,0,14,0,0.0,0.0
2,clab-nebula-serf152,25,24,0,0,0,24,0,0.0,0.0
2,clab-nebula-serf152,30,47,0,0,0,47,0,0.0,0.0
2,clab-nebula-serf152,35,60,0,0,0,60,0,0.0,0.0
2,clab-nebula-serf152,40,89,51,44,7,45,0.8627450980392157,0.4943820224719101,0.4583333333333333
2,clab-nebula-serf152,45,122,51,49,2,73,0.9607843137254902,0.4016393442622951,0.3951612903225806
2,clab-nebula-serf152,50,143,51,50,1,93,0.9803921568627451,0.34965034965034963,0.3472222222222222
2,clab-nebula-serf152,55,152,51,51,0,101,1.0,0.3355263157894737,0.3355263157894737
2,clab-nebula-serf152,60,156,51,51,0,105,1.0,0.3269230769230769,0.3269230769230769
2,clab-nebula-serf162,5,0,0,0,0,0,0.0,0.0,0.0
2,clab-nebula-serf162,10,0,0,0,0,0,0.0,0.0,0.0
2,clab-nebula-serf162,15,5,0,0,0,5,0,0.0,0.0
2,clab-nebula-serf162,20,5,0,0,0,5,0,0.0,0.0
2,clab-nebula-serf162,25,5,0,0,0,5,0,0.0,0.0
2,clab-nebula-serf162,30,9,0,0,0,9,0,0.0,0.0
2,clab-nebula-serf162,35,20,0,0,0,20,0,0.0,0.0
2,clab-nebula-serf162,40,35,0,0,0,35,0,0.0,0.0
2,clab-nebula-serf162,45,40,0,0,0,40,0,0.0,0.0
2,clab-nebula-serf162,50,54,0,0,0,54,0,0.0,0.0
2,clab-nebula-serf162,55,74,0,0,0,74,0,0.0,0.0
2,clab-nebula-serf162,60,113,57,53,4,60,0.9298245614035088,0.4690265486725664,0.452991452991453
2,clab-nebula-serf41,5,0,0,0,0,0,0.0,0.0,0.0
2,clab-nebula-serf41,10,0,0,0,0,0,0.0,0.0,0.0
2,clab-nebula-serf41,15,1,0,0,0,1,0,0.0,0.0
2,clab-nebula-serf41,20,14,0,0,0,14,0,0.0,0.0
2,clab-nebula-serf41,25,40,0,0,0,40,0,0.0,0.0
2,clab-nebula-serf41,30,74,0,0,0,74,0,0.0,0.0
2,clab-nebula-serf41,35,89,0,0,0,89,0,0.0,0.0
2,clab-nebula-serf41,40,99,0,0,0,99,0,0.0,0.0
2,clab-nebula-serf41,45,118,23,23,0,95,1.0,0.19491525423728814,0.19491525423728814
2,clab-nebula-serf41,50,121,29,29,0,92,1.0,0.2396694214876033,0.2396694214876033
2,clab-nebula-serf41,55,126,29,29,0,97,1.0,0.23015873015873015,0.23015873015873015
2,clab-nebula-serf41,60,153,29,29,0,124,1.0,0.1895424836601307,0.1895424836601307
2,clab-nebula-serf72,5,1,0,0,0,1,0,0.0,0.0
2,clab-nebula-serf72,10,16,0,0,0,16,0,0.0,0.0
2,clab-nebula-serf72,15,31,0,0,0,31,0,0.0,0.0
2,clab-nebula-serf72,20,54,0,0,0,54,0,0.0,0.0
2,clab-nebula-serf72,25,84,0,0,0,84,0,0.0,0.0
2,clab-nebula-serf72,30,110,0,0,0,110,0,0.0,0.0
2,clab-nebula-serf72,35,121,0,0,0,121,0,0.0,0.0
2,clab-nebula-serf72,40,125,0,0,0,125,0,0.0,0.0
2,clab-nebula-serf72,45,150,30,30,0,120,1.0,0.2,0.2
2,clab-nebula-serf72,50,154,30,30,0,124,1.0,0.19480519480519481,0.19480519480519481
2,clab-nebula-serf72,55,158,30,30,0,128,1.0,0.189873417721519,0.189873417721519
2,clab-nebula-serf72,60,161,30,30,0,131,1.0,0.18633540372670807,0.18633540372670807
2,clab-nebula-serf141,5,0,0,0,0,0,0.0,0.0,0.0
2,clab-nebula-serf141,10,0,0,0,0,0,0.0,0.0,0.0
2,clab-nebula-serf141,15,0,0,0,0,0,0.0,0.0,0.0
2,clab-nebula-serf141,20,14,0,0,0,14,0,0.0,0.0
2,clab-nebula-serf141,25,14,0,0,0,14,0,0.0,0.0
2,clab-nebula-serf141,30,26,0,0,0,26,0,0.0,0.0
2,clab-nebula-serf141,35,43,0,0,0,43,0,0.0,0.0
2,clab-nebula-serf141,40,59,11,11,0,48,1.0,0.1864406779661017,0.1864406779661017
2,clab-nebula-serf141,45,90,11,11,0,79,1.0,0.12222222222222222,0.12222222222222222
2,clab-nebula-serf141,50,116,11,11,0,105,1.0,0.09482758620689655,0.09482758620689655
2,clab-nebula-serf141,55,137,11,11,0,126,1.0,0.08029197080291971,0.08029197080291971
2,clab-nebula-serf141,60,149,11,11,0,138,1.0,0.0738255033557047,0.0738255033557047
2,clab-nebula-serf25,5,0,0,0,0,0,0.0,0.0,0.0
2,clab-nebula-serf25,10,4,0,0,0,4,0,0.0,0.0
2,clab-nebula-serf25,15,12,0,0,0,12,0,0.0,0.0
2,clab-nebula-serf25,20,28,0,0,0,28,0,0.0,0.0
2,clab-nebula-serf25,25,44,0,0,0,44,0,0.0,0.0
2,clab-nebula-serf25,30,81,0,0,0,81,0,0.0,0.0
2,clab-nebula-serf25,35,93,0,0,0,93,0,0.0,0.0
2,clab-nebula-serf25,40,102,0,0,0,102,0,0.0,0.0
2,clab-nebula-serf25,45,119,0,0,0,119,0,0.0,0.0
2,clab-nebula-serf25,50,124,0,0,0,124,0,0.0,0.0
2,clab-nebula-serf25,55,127,30,30,0,97,1.0,0.23622047244094488,0.23622047244094488
2,clab-nebula-serf25,60,154,30,30,0,124,1.0,0.19480519480519481,0.19480519480519481
2,clab-nebula-serf50,5,3,0,0,0,3,0,0.0,0.0
2,clab-nebula-serf50,10,8,0,0,0,8,0,0.0,0.0
2,clab-nebula-serf50,15,23,0,0,0,23,0,0.0,0.0
2,clab-nebula-serf50,20,41,0,0,0,41,0,0.0,0.0
2,clab-nebula-serf50,25,81,0,0,0,81,0,0.0,0.0
2,clab-nebula-serf50,30,93,0,0,0,93,0,0.0,0.0
2,clab-nebula-serf50,35,118,0,0,0,118,0,0.0,0.0
2,clab-nebula-serf50,40,122,0,0,0,122,0,0.0,0.0
2,clab-nebula-serf50,45,125,30,30,0,95,1.0,0.24,0.24
2,clab-nebula-serf50,50,153,30,30,0,123,1.0,0.19607843137254902,0.19607843137254902
2,clab-nebula-serf50,55,154,30,30,0,124,1.0,0.19480519480519481,0.19480519480519481
2,clab-nebula-serf50,60,156,30,30,0,126,1.0,0.19230769230769232,0.19230769230769232
2,clab-nebula-serf51,5,1,0,0,0,1,0,0.0,0.0
2,clab-nebula-serf51,10,9,0,0,0,9,0,0.0,0.0
2,clab-nebula-serf51,15,24,0,0,0,24,0,0.0,0.0
2,clab-nebula-serf51,20,64,23,19,4,45,0.8260869565217391,0.296875,0.27941176470588236
2,clab-nebula-serf51,25,83,23,22,1,61,0.9565217391304348,0.26506024096385544,0.2619047619047619
2,clab-nebula-serf51,30,97,23,23,0,74,1.0,0.23711340206185566,0.23711340206185566
2,clab-nebula-serf51,35,118,23,23,0,95,1.0,0.19491525423728814,0.19491525423728814
2,clab-nebula-serf51,40,121,23,23,0,98,1.0,0.19008264462809918,0.19008264462809918
2,clab-nebula-serf51,45,126,23,23,0,103,1.0,0.18253968253968253,0.18253968253968253
2,clab-nebula-serf51,50,152,23,23,0,129,1.0,0.1513157894736842,0.1513157894736842
2,clab-nebula-serf51,55,154,23,23,0,131,1.0,0.14935064935064934,0.14935064935064934
2,clab-nebula-serf51,60,157,23,23,0,134,1.0,0.1464968152866242,0.1464968152866242
2,clab-nebula-serf66,5,0,0,0,0,0,0.0,0.0,0.0
2,clab-nebula-serf66,10,4,0,0,0,4,0,0.0,0.0
2,clab-nebula-serf66,15,27,0,0,0,27,0,0.0,0.0
2,clab-nebula-serf66,20,44,0,0,0,44,0,0.0,0.0
2,clab-nebula-serf66,25,79,0,0,0,79,0,0.0,0.0
2,clab-nebula-serf66,30,106,0,0,0,106,0,0.0,0.0
2,clab-nebula-serf66,35,116,0,0,0,116,0,0.0,0.0
2,clab-nebula-serf66,40,123,0,0,0,123,0,0.0,0.0
2,clab-nebula-serf66,45,136,0,0,0,136,0,0.0,0.0
2,clab-nebula-serf66,50,154,30,30,0,124,1.0,0.19480519480519481,0.19480519480519481
2,clab-nebula-serf66,55,154,30,30,0,124,1.0,0.19480519480519481,0.19480519480519481
2,clab-nebula-serf66,60,158,30,30,0,128,1.0,0.189873417721519,0.189873417721519
2,clab-nebula-serf86,5,3,0,0,0,3,0,0.0,0.0
2,clab-nebula-serf86,10,4,0,0,0,4,0,0.0,0.0
2,clab-nebula-serf86,15,11,0,0,0,11,0,0.0,0.0
2,clab-nebula-serf86,20,29,0,0,0,29,0,0.0,0.0
2,clab-nebula-serf86,25,56,0,0,0,56,0,0.0,0.0
2,clab-nebula-serf86,30,85,1,1,0,84,1.0,0.011764705882352941,0.011764705882352941
2,clab-nebula-serf86,35,115,1,1,0,114,1.0,0.008695652173913044,0.008695652173913044
2,clab-nebula-serf86,40,120,1,1,0,119,1.0,0.008333333333333333,0.008333333333333333
2,clab-nebula-serf86,45,134,1,1,0,133,1.0,0.007462686567164179,0.007462686567164179
2,clab-nebula-serf86,50,145,1,1,0,144,1.0,0.006896551724137931,0.006896551724137931
2,clab-nebula-serf86,55,155,1,1,0,154,1.0,0.0064516129032258064,0.0064516129032258064
2,clab-nebula-serf86,60,160,1,1,0,159,1.0,0.00625,0.00625
2,clab-nebula-serf90,5,2,0,0,0,2,0,0.0,0.0
2,clab-nebula-serf90,10,9,0,0,0,9,0,0.0,0.0
2,clab-nebula-serf90,15,30,0,0,0,30,0,0.0,0.0
2,clab-nebula-serf90,20,49,0,0,0,49,0,0.0,0.0
2,clab-nebula-serf90,25,78,23,22,1,56,0.9565217391304348,0.28205128205128205,0.27848101265822783
2,clab-nebula-serf90,30,101,23,23,0,78,1.0,0.22772277227722773,0.22772277227722773
2,clab-nebula-serf90,35,119,23,23,0,96,1.0,0.19327731092436976,0.19327731092436976
2,clab-nebula-serf90,40,122,23,23,0,99,1.0,0.1885245901639344,0.1885245901639344
2,clab-nebula-serf90,45,137,23,23,0,114,1.0,0.1678832116788321,0.1678832116788321
2,clab-nebula-serf90,50,154,23,23,0,131,1.0,0.14935064935064934,0.14935064935064934
2,clab-nebula-serf90,55,155,23,23,0,132,1.0,0.14838709677419354,0.14838709677419354
2,clab-nebula-serf90,60,159,23,23,0,136,1.0,0.14465408805031446,0.14465408805031446
2,clab-nebula-serf143,5,0,0,0,0,0,0.0,0.0,0.0
2,clab-nebula-serf143,10,0,0,0,0,0,0.0,0.0,0.0
2,clab-nebula-serf143,15,1,0,0,0,1,0,0.0,0.0
2,clab-nebula-serf143,20,2,0,0,0,2,0,0.0,0.0
2,clab-nebula-serf143,25,7,0,0,0,7,0,0.0,0.0
2,clab-nebula-serf143,30,13,0,0,0,13,0,0.0,0.0
2,clab-nebula-serf143,35,32,0,0,0,32,0,0.0,0.0
2,clab-nebula-serf143,40,56,0,0,0,56,0,0.0,0.0
2,clab-nebula-serf143,45,66,0,0,0,66,0,0.0,0.0
2,clab-nebula-serf143,50,103,0,0,0,103,0,0.0,0.0
2,clab-nebula-serf143,55,130,0,0,0,130,0,0.0,0.0
2,clab-nebula-serf143,60,145,0,0,0,145,0,0.0,0.0
2,clab-nebula-serf7,5,1,0,0,0,1,0,0.0,0.0
2,clab-nebula-serf7,10,9,0,0,0,9,0,0.0,0.0
2,clab-nebula-serf7,15,19,0,0,0,19,0,0.0,0.0
2,clab-nebula-serf7,20,33,1,1,0,32,1.0,0.030303030303030304,0.030303030303030304
2,clab-nebula-serf7,25,67,39,34,5,33,0.8717948717948718,0.5074626865671642,0.4722222222222222
2,clab-nebula-serf7,30,86,39,38,1,48,0.9743589743589743,0.4418604651162791,0.4367816091954023
2,clab-nebula-serf7,35,99,39,39,0,60,1.0,0.3939393939393939,0.3939393939393939
2,clab-nebula-serf7,40,117,39,39,0,78,1.0,0.3333333333333333,0.3333333333333333
2,clab-nebula-serf7,45,120,39,39,0,81,1.0,0.325,0.325
2,clab-nebula-serf7,50,124,39,39,0,85,1.0,0.31451612903225806,0.31451612903225806
2,clab-nebula-serf7,55,151,39,39,0,112,1.0,0.2582781456953642,0.2582781456953642
2,clab-nebula-serf7,60,156,39,39,0,117,1.0,0.25,0.25
2,clab-nebula-serf37,5,2,0,0,0,2,0,0.0,0.0
2,clab-nebula-serf37,10,8,0,0,0,8,0,0.0,0.0
2,clab-nebula-serf37,15,29,0,0,0,29,0,0.0,0.0
2,clab-nebula-serf37,20,65,0,0,0,65,0,0.0,0.0
2,clab-nebula-serf37,25,85,0,0,0,85,0,0.0,0.0
2,clab-nebula-serf37,30,96,0,0,0,96,0,0.0,0.0
2,clab-nebula-serf37,35,111,24,24,0,87,1.0,0.21621621621621623,0.21621621621621623
2,clab-nebula-serf37,40,121,29,29,0,92,1.0,0.2396694214876033,0.2396694214876033
2,clab-nebula-serf37,45,124,29,29,0,95,1.0,0.23387096774193547,0.23387096774193547
2,clab-nebula-serf37,50,146,29,29,0,117,1.0,0.19863013698630136,0.19863013698630136
2,clab-nebula-serf37,55,154,29,29,0,125,1.0,0.18831168831168832,0.18831168831168832
2,clab-nebula-serf37,60,156,29,29,0,127,1.0,0.1858974358974359,0.1858974358974359
2,clab-nebula-serf43,5,0,0,0,0,0,0.0,0.0,0.0
2,clab-nebula-serf43,10,5,0,0,0,5,0,0.0,0.0
2,clab-nebula-serf43,15,13,0,0,0,13,0,0.0,0.0
2,clab-nebula-serf43,20,27,0,0,0,27,0,0.0,0.0
2,clab-nebula-serf43,25,52,0,0,0,52,0,0.0,0.0
2,clab-nebula-serf43,30,82,0,0,0,82,0,0.0,0.0
2,clab-nebula-serf43,35,98,0,0,0,98,0,0.0,0.0
2,clab-nebula-serf43,40,119,0,0,0,119,0,0.0,0.0
2,clab-nebula-serf43,45,124,0,0,0,124,0,0.0,0.0
2,clab-nebula-serf43,50,126,30,30,0,96,1.0,0.23809523809523808,0.23809523809523808
2,clab-nebula-serf43,55,154,30,30,0,124,1.0,0.19480519480519481,0.19480519480519481
2,clab-nebula-serf43,60,154,30,30,0,124,1.0,0.19480519480519481,0.19480519480519481
2,clab-nebula-serf58,5,5,0,0,0,5,0,0.0,0.0
2,clab-nebula-serf58,10,19,0,0,0,19,0,0.0,0.0
2,clab-nebula-serf58,15,57,0,0,0,57,0,0.0,0.0
2,clab-nebula-serf58,20,79,0,0,0,79,0,0.0,0.0
2,clab-nebula-serf58,25,93,0,0,0,93,0,0.0,0.0
2,clab-nebula-serf58,30,118,0,0,0,118,0,0.0,0.0
2,clab-nebula-serf58,35,122,0,0,0,122,0,0.0,0.0
2,clab-nebula-serf58,40,125,0,0,0,125,0,0.0,0.0
2,clab-nebula-serf58,45,153,30,30,0,123,1.0,0.19607843137254902,0.19607843137254902
2,clab-nebula-serf58,50,154,30,30,0,124,1.0,0.19480519480519481,0.19480519480519481
2,clab-nebula-serf58,55,156,30,30,0,126,1.0,0.19230769230769232,0.19230769230769232
2,clab-nebula-serf58,60,160,30,30,0,130,1.0,0.1875,0.1875
2,clab-nebula-serf61,5,5,0,0,0,5,0,0.0,0.0
2,clab-nebula-serf61,10,20,0,0,0,20,0,0.0,0.0
2,clab-nebula-serf61,15,61,23,19,4,42,0.8260869565217391,0.3114754098360656,0.2923076923076923
2,clab-nebula-serf61,20,79,23,22,1,57,0.9565217391304348,0.27848101265822783,0.275
2,clab-nebula-serf61,25,93,23,23,0,70,1.0,0.24731182795698925,0.24731182795698925
2,clab-nebula-serf61,30,118,23,23,0,95,1.0,0.19491525423728814,0.19491525423728814
2,clab-nebula-serf61,35,121,23,23,0,98,1.0,0.19008264462809918,0.19008264462809918
2,clab-nebula-serf61,40,124,23,23,0,101,1.0,0.18548387096774194,0.18548387096774194
2,clab-nebula-serf61,45,149,23,23,0,126,1.0,0.15436241610738255,0.15436241610738255
2,clab-nebula-serf61,50,154,23,23,0,131,1.0,0.14935064935064934,0.14935064935064934
2,clab-nebula-serf61,55,156,23,23,0,133,1.0,0.14743589743589744,0.14743589743589744
2,clab-nebula-serf61,60,158,23,23,0,135,1.0,0.14556962025316456,0.14556962025316456
2,clab-nebula-serf112,5,0,0,0,0,0,0.0,0.0,0.0
2,clab-nebula-serf112,10,0,0,0,0,0,0.0,0.0,0.0
2,clab-nebula-serf112,15,0,0,0,0,0,0.0,0.0,0.0
2,clab-nebula-serf112,20,0,0,0,0,0,0.0,0.0,0.0
2,clab-nebula-serf112,25,5,0,0,0,5,0,0.0,0.0
2,clab-nebula-serf112,30,18,30,9,21,9,0.3,0.5,0.23076923076923078
2,clab-nebula-serf112,35,34,30,19,11,15,0.6333333333333333,0.5588235294117647,0.4222222222222222
2,clab-nebula-serf112,40,64,30,29,1,35,0.9666666666666667,0.453125,0.4461538461538462
2,clab-nebula-serf112,45,103,30,30,0,73,1.0,0.2912621359223301,0.2912621359223301
2,clab-nebula-serf112,50,136,32,32,0,104,1.0,0.23529411764705882,0.23529411764705882
2,clab-nebula-serf112,55,148,33,33,0,115,1.0,0.22297297297297297,0.22297297297297297
2,clab-nebula-serf112,60,159,33,33,0,126,1.0,0.20754716981132076,0.20754716981132076
2,clab-nebula-serf15,5,1,0,0,0,1,0,0.0,0.0
2,clab-nebula-serf15,10,14,0,0,0,14,0,0.0,0.0
2,clab-nebula-serf15,15,32,0,0,0,32,0,0.0,0.0
2,clab-nebula-serf15,20,68,0,0,0,68,0,0.0,0.0
2,clab-nebula-serf15,25,88,0,0,0,88,0,0.0,0.0
2,clab-nebula-serf15,30,100,0,0,0,100,0,0.0,0.0
2,clab-nebula-serf15,35,117,0,0,0,117,0,0.0,0.0
2,clab-nebula-serf15,40,121,0,0,0,121,0,0.0,0.0
2,clab-nebula-serf15,45,124,0,0,0,124,0,0.0,0.0
2,clab-nebula-serf15,50,151,0,0,0,151,0,0.0,0.0
2,clab-nebula-serf15,55,154,0,0,0,154,0,0.0,0.0
2,clab-nebula-serf15,60,158,0,0,0,158,0,0.0,0.0
2,clab-nebula-serf16,5,2,0,0,0,2,0,0.0,0.0
2,clab-nebula-serf16,10,17,0,0,0,17,0,0.0,0.0
2,clab-nebula-serf16,15,33,0,0,0,33,0,0.0,0.0
2,clab-nebula-serf16,20,69,0,0,0,69,0,0.0,0.0
2,clab-nebula-serf16,25,88,0,0,0,88,0,0.0,0.0
2,clab-nebula-serf16,30,101,0,0,0,101,0,0.0,0.0
2,clab-nebula-serf16,35,119,0,0,0,119,0,0.0,0.0
2,clab-nebula-serf16,40,121,0,0,0,121,0,0.0,0.0
2,clab-nebula-serf16,45,126,0,0,0,126,0,0.0,0.0
2,clab-nebula-serf16,50,151,0,0,0,151,0,0.0,0.0
2,clab-nebula-serf16,55,155,0,0,0,155,0,0.0,0.0
2,clab-nebula-serf16,60,158,0,0,0,158,0,0.0,0.0
2,clab-nebula-serf77,5,3,0,0,0,3,0,0.0,0.0
2,clab-nebula-serf77,10,24,0,0,0,24,0,0.0,0.0
2,clab-nebula-serf77,15,38,0,0,0,38,0,0.0,0.0
2,clab-nebula-serf77,20,67,0,0,0,67,0,0.0,0.0
2,clab-nebula-serf77,25,90,0,0,0,90,0,0.0,0.0
2,clab-nebula-serf77,30,113,0,0,0,113,0,0.0,0.0
2,clab-nebula-serf77,35,121,0,0,0,121,0,0.0,0.0
2,clab-nebula-serf77,40,125,0,0,0,125,0,0.0,0.0
2,clab-nebula-serf77,45,151,30,30,0,121,1.0,0.1986754966887417,0.1986754966887417
2,clab-nebula-serf77,50,154,30,30,0,124,1.0,0.19480519480519481,0.19480519480519481
2,clab-nebula-serf77,55,158,30,30,0,128,1.0,0.189873417721519,0.189873417721519
2,clab-nebula-serf77,60,161,30,30,0,131,1.0,0.18633540372670807,0.18633540372670807
2,clab-nebula-serf121,5,0,0,0,0,0,0.0,0.0,0.0
2,clab-nebula-serf121,10,1,0,0,0,1,0,0.0,0.0
2,clab-nebula-serf121,15,8,0,0,0,8,0,0.0,0.0
2,clab-nebula-serf121,20,15,0,0,0,15,0,0.0,0.0
2,clab-nebula-serf121,25,32,0,0,0,32,0,0.0,0.0
2,clab-nebula-serf121,30,81,30,29,1,52,0.9666666666666667,0.35802469135802467,0.35365853658536583
2,clab-nebula-serf121,35,121,32,32,0,89,1.0,0.2644628099173554,0.2644628099173554
2,clab-nebula-serf121,40,138,32,32,0,106,1.0,0.2318840579710145,0.2318840579710145
2,clab-nebula-serf121,45,148,33,33,0,115,1.0,0.22297297297297297,0.22297297297297297
2,clab-nebula-serf121,50,160,33,33,0,127,1.0,0.20625,0.20625
2,clab-nebula-serf121,55,161,33,33,0,128,1.0,0.20496894409937888,0.20496894409937888
2,clab-nebula-serf121,60,161,33,33,0,128,1.0,0.20496894409937888,0.20496894409937888
2,clab-nebula-serf140,5,0,0,0,0,0,0.0,0.0,0.0
2,clab-nebula-serf140,10,0,0,0,0,0,0.0,0.0,0.0
2,clab-nebula-serf140,15,0,0,0,0,0,0.0,0.0,0.0
2,clab-nebula-serf140,20,13,0,0,0,13,0,0.0,0.0
2,clab-nebula-serf140,25,14,0,0,0,14,0,0.0,0.0
2,clab-nebula-serf140,30,25,0,0,0,25,0,0.0,0.0
2,clab-nebula-serf140,35,39,0,0,0,39,0,0.0,0.0
2,clab-nebula-serf140,40,52,11,11,0,41,1.0,0.21153846153846154,0.21153846153846154
2,clab-nebula-serf140,45,82,11,11,0,71,1.0,0.13414634146341464,0.13414634146341464
2,clab-nebula-serf140,50,108,11,11,0,97,1.0,0.10185185185185185,0.10185185185185185
2,clab-nebula-serf140,55,136,11,11,0,125,1.0,0.08088235294117647,0.08088235294117647
2,clab-nebula-serf140,60,145,11,11,0,134,1.0,0.07586206896551724,0.07586206896551724
2,clab-nebula-serf148,5,0,0,0,0,0,0.0,0.0,0.0
2,clab-nebula-serf148,10,0,0,0,0,0,0.0,0.0,0.0
2,clab-nebula-serf148,15,0,0,0,0,0,0.0,0.0,0.0
2,clab-nebula-serf148,20,6,0,0,0,6,0,0.0,0.0
2,clab-nebula-serf148,25,12,0,0,0,12,0,0.0,0.0
2,clab-nebula-serf148,30,22,0,0,0,22,0,0.0,0.0
2,clab-nebula-serf148,35,38,0,0,0,38,0,0.0,0.0
2,clab-nebula-serf148,40,52,0,0,0,52,0,0.0,0.0
2,clab-nebula-serf148,45,68,51,36,15,32,0.7058823529411765,0.5294117647058824,0.43373493975903615
2,clab-nebula-serf148,50,103,51,47,4,56,0.9215686274509803,0.4563106796116505,0.4392523364485981
2,clab-nebula-serf148,55,133,51,50,1,83,0.9803921568627451,0.37593984962406013,0.373134328358209
2,clab-nebula-serf148,60,148,51,51,0,97,1.0,0.34459459459459457,0.34459459459459457
2,clab-nebula-serf154,5,0,0,0,0,0,0.0,0.0,0.0
2,clab-nebula-serf154,10,0,0,0,0,0,0.0,0.0,0.0
2,clab-nebula-serf154,15,1,0,0,0,1,0,0.0,0.0
2,clab-nebula-serf154,20,9,0,0,0,9,0,0.0,0.0
2,clab-nebula-serf154,25,12,0,0,0,12,0,0.0,0.0
2,clab-nebula-serf154,30,23,0,0,0,23,0,0.0,0.0
2,clab-nebula-serf154,35,42,0,0,0,42,0,0.0,0.0
2,clab-nebula-serf154,40,55,0,0,0,55,0,0.0,0.0
2,clab-nebula-serf154,45,79,51,42,9,37,0.8235294117647058,0.5316455696202531,0.4772727272727273
2,clab-nebula-serf154,50,113,51,48,3,65,0.9411764705882353,0.4247787610619469,0.41379310344827586
2,clab-nebula-serf154,55,137,51,50,1,87,0.9803921568627451,0.36496350364963503,0.36231884057971014
2,clab-nebula-serf154,60,147,51,51,0,96,1.0,0.3469387755102041,0.3469387755102041
2,clab-nebula-serf156,5,0,0,0,0,0,0.0,0.0,0.0
2,clab-nebula-serf156,10,0,0,0,0,0,0.0,0.0,0.0
2,clab-nebula-serf156,15,4,0,0,0,4,0,0.0,0.0
2,clab-nebula-serf156,20,12,0,0,0,12,0,0.0,0.0
2,clab-nebula-serf156,25,18,0,0,0,18,0,0.0,0.0
2,clab-nebula-serf156,30,33,0,0,0,33,0,0.0,0.0
2,clab-nebula-serf156,35,49,0,0,0,49,0,0.0,0.0
2,clab-nebula-serf156,40,61,0,0,0,61,0,0.0,0.0
2,clab-nebula-serf156,45,99,51,47,4,52,0.9215686274509803,0.47474747474747475,0.4563106796116505
2,clab-nebula-serf156,50,130,51,50,1,80,0.9803921568627451,0.38461538461538464,0.3816793893129771
2,clab-nebula-serf156,55,145,51,50,1,95,0.9803921568627451,0.3448275862068966,0.3424657534246575
2,clab-nebula-serf156,60,154,51,51,0,103,1.0,0.33116883116883117,0.33116883116883117
2,clab-nebula-serf23,5,0,0,0,0,0,0.0,0.0,0.0
2,clab-nebula-serf23,10,0,0,0,0,0,0.0,0.0,0.0
2,clab-nebula-serf23,15,4,0,0,0,4,0,0.0,0.0
2,clab-nebula-serf23,20,11,0,0,0,11,0,0.0,0.0
2,clab-nebula-serf23,25,22,0,0,0,22,0,0.0,0.0
2,clab-nebula-serf23,30,39,0,0,0,39,0,0.0,0.0
2,clab-nebula-serf23,35,75,0,0,0,75,0,0.0,0.0
2,clab-nebula-serf23,40,91,0,0,0,91,0,0.0,0.0
2,clab-nebula-serf23,45,99,0,0,0,99,0,0.0,0.0
2,clab-nebula-serf23,50,117,0,0,0,117,0,0.0,0.0
2,clab-nebula-serf23,55,122,0,0,0,122,0,0.0,0.0
2,clab-nebula-serf23,60,124,0,0,0,124,0,0.0,0.0
2,clab-nebula-serf39,5,2,0,0,0,2,0,0.0,0.0
2,clab-nebula-serf39,10,15,0,0,0,15,0,0.0,0.0
2,clab-nebula-serf39,15,53,0,0,0,53,0,0.0,0.0
2,clab-nebula-serf39,20,81,0,0,0,81,0,0.0,0.0
2,clab-nebula-serf39,25,90,0,0,0,90,0,0.0,0.0
2,clab-nebula-serf39,30,106,29,29,0,77,1.0,0.27358490566037735,0.27358490566037735
2,clab-nebula-serf39,35,119,29,29,0,90,1.0,0.24369747899159663,0.24369747899159663
2,clab-nebula-serf39,40,124,29,29,0,95,1.0,0.23387096774193547,0.23387096774193547
2,clab-nebula-serf39,45,138,29,29,0,109,1.0,0.21014492753623187,0.21014492753623187
2,clab-nebula-serf39,50,154,29,29,0,125,1.0,0.18831168831168832,0.18831168831168832
2,clab-nebula-serf39,55,155,29,29,0,126,1.0,0.1870967741935484,0.1870967741935484
2,clab-nebula-serf39,60,158,29,29,0,129,1.0,0.18354430379746836,0.18354430379746836
2,clab-nebula-serf62,5,0,0,0,0,0,0.0,0.0,0.0
2,clab-nebula-serf62,10,4,0,0,0,4,0,0.0,0.0
2,clab-nebula-serf62,15,13,0,0,0,13,0,0.0,0.0
2,clab-nebula-serf62,20,48,23,15,8,33,0.6521739130434783,0.3125,0.26785714285714285
2,clab-nebula-serf62,25,73,23,21,2,52,0.9130434782608695,0.2876712328767123,0.28
2,clab-nebula-serf62,30,88,23,23,0,65,1.0,0.26136363636363635,0.26136363636363635
2,clab-nebula-serf62,35,110,23,23,0,87,1.0,0.20909090909090908,0.20909090909090908
2,clab-nebula-serf62,40,120,23,23,0,97,1.0,0.19166666666666668,0.19166666666666668
2,clab-nebula-serf62,45,124,23,23,0,101,1.0,0.18548387096774194,0.18548387096774194
2,clab-nebula-serf62,50,144,23,23,0,121,1.0,0.1597222222222222,0.1597222222222222
2,clab-nebula-serf62,55,154,23,23,0,131,1.0,0.14935064935064934,0.14935064935064934
2,clab-nebula-serf62,60,154,23,23,0,131,1.0,0.14935064935064934,0.14935064935064934
2,clab-nebula-serf107,5,0,0,0,0,0,0.0,0.0,0.0
2,clab-nebula-serf107,10,2,0,0,0,2,0,0.0,0.0
2,clab-nebula-serf107,15,6,0,0,0,6,0,0.0,0.0
2,clab-nebula-serf107,20,15,0,0,0,15,0,0.0,0.0
2,clab-nebula-serf107,25,40,0,0,0,40,0,0.0,0.0
2,clab-nebula-serf107,30,71,30,29,1,42,0.9666666666666667,0.4084507042253521,0.4027777777777778
2,clab-nebula-serf107,35,104,30,30,0,74,1.0,0.28846153846153844,0.28846153846153844
2,clab-nebula-serf107,40,144,30,30,0,114,1.0,0.20833333333333334,0.20833333333333334
2,clab-nebula-serf107,45,149,30,30,0,119,1.0,0.20134228187919462,0.20134228187919462
2,clab-nebula-serf107,50,154,30,30,0,124,1.0,0.19480519480519481,0.19480519480519481
2,clab-nebula-serf107,55,157,30,30,0,127,1.0,0.1910828025477707,0.1910828025477707
2,clab-nebula-serf107,60,161,30,30,0,131,1.0,0.18633540372670807,0.18633540372670807
2,clab-nebula-serf115,5,0,0,0,0,0,0.0,0.0,0.0
2,clab-nebula-serf115,10,0,0,0,0,0,0.0,0.0,0.0
2,clab-nebula-serf115,15,0,0,0,0,0,0.0,0.0,0.0
2,clab-nebula-serf115,20,0,0,0,0,0,0.0,0.0,0.0
2,clab-nebula-serf115,25,0,0,0,0,0,0.0,0.0,0.0
2,clab-nebula-serf115,30,0,0,0,0,0,0.0,0.0,0.0
2,clab-nebula-serf115,35,1,0,0,0,1,0,0.0,0.0
2,clab-nebula-serf115,40,3,0,0,0,3,0,0.0,0.0
2,clab-nebula-serf115,45,6,0,0,0,6,0,0.0,0.0
2,clab-nebula-serf115,50,23,33,10,23,13,0.30303030303030304,0.43478260869565216,0.21739130434782608
2,clab-nebula-serf115,55,57,33,29,4,28,0.8787878787878788,0.5087719298245614,0.47540983606557374
2,clab-nebula-serf115,60,103,33,32,1,71,0.9696969696969697,0.3106796116504854,0.3076923076923077
2,clab-nebula-serf151,5,0,0,0,0,0,0.0,0.0,0.0
2,clab-nebula-serf151,10,0,0,0,0,0,0.0,0.0,0.0
2,clab-nebula-serf151,15,1,0,0,0,1,0,0.0,0.0
2,clab-nebula-serf151,20,11,0,0,0,11,0,0.0,0.0
2,clab-nebula-serf151,25,13,0,0,0,13,0,0.0,0.0
2,clab-nebula-serf151,30,23,0,0,0,23,0,0.0,0.0
2,clab-nebula-serf151,35,43,0,0,0,43,0,0.0,0.0
2,clab-nebula-serf151,40,55,0,0,0,55,0,0.0,0.0
2,clab-nebula-serf151,45,81,51,43,8,38,0.8431372549019608,0.5308641975308642,0.48314606741573035
2,clab-nebula-serf151,50,114,51,48,3,66,0.9411764705882353,0.42105263157894735,0.41025641025641024
2,clab-nebula-serf151,55,137,51,50,1,87,0.9803921568627451,0.36496350364963503,0.36231884057971014
2,clab-nebula-serf151,60,148,51,51,0,97,1.0,0.34459459459459457,0.34459459459459457
2,clab-nebula-serf158,5,4,0,0,0,4,0,0.0,0.0
2,clab-nebula-serf158,10,4,0,0,0,4,0,0.0,0.0
2,clab-nebula-serf158,15,5,0,0,0,5,0,0.0,0.0
2,clab-nebula-serf158,20,8,0,0,0,8,0,0.0,0.0
2,clab-nebula-serf158,25,16,0,0,0,16,0,0.0,0.0
2,clab-nebula-serf158,30,34,0,0,0,34,0,0.0,0.0
2,clab-nebula-serf158,35,40,0,0,0,40,0,0.0,0.0
2,clab-nebula-serf158,40,52,0,0,0,52,0,0.0,0.0
2,clab-nebula-serf158,45,68,0,0,0,68,0,0.0,0.0
2,clab-nebula-serf158,50,103,0,0,0,103,0,0.0,0.0
2,clab-nebula-serf158,55,136,57,56,1,80,0.9824561403508771,0.4117647058823529,0.40875912408759124
2,clab-nebula-serf158,60,148,57,56,1,92,0.9824561403508771,0.3783783783783784,0.37583892617449666
2,clab-nebula-serf28,5,0,0,0,0,0,0.0,0.0,0.0
2,clab-nebula-serf28,10,1,0,0,0,1,0,0.0,0.0
2,clab-nebula-serf28,15,2,0,0,0,2,0,0.0,0.0
2,clab-nebula-serf28,20,4,0,0,0,4,0,0.0,0.0
2,clab-nebula-serf28,25,7,0,0,0,7,0,0.0,0.0
2,clab-nebula-serf28,30,19,0,0,0,19,0,0.0,0.0
2,clab-nebula-serf28,35,29,0,0,0,29,0,0.0,0.0
2,clab-nebula-serf28,40,61,0,0,0,61,0,0.0,0.0
2,clab-nebula-serf28,45,91,0,0,0,91,0,0.0,0.0
2,clab-nebula-serf28,50,95,0,0,0,95,0,0.0,0.0
2,clab-nebula-serf28,55,111,0,0,0,111,0,0.0,0.0
2,clab-nebula-serf28,60,121,0,0,0,121,0,0.0,0.0
2,clab-nebula-serf29,5,0,0,0,0,0,0.0,0.0,0.0
2,clab-nebula-serf29,10,2,0,0,0,2,0,0.0,0.0
2,clab-nebula-serf29,15,6,0,0,0,6,0,0.0,0.0
2,clab-nebula-serf29,20,14,0,0,0,14,0,0.0,0.0
2,clab-nebula-serf29,25,23,0,0,0,23,0,0.0,0.0
2,clab-nebula-serf29,30,39,0,0,0,39,0,0.0,0.0
2,clab-nebula-serf29,35,79,0,0,0,79,0,0.0,0.0
2,clab-nebula-serf29,40,92,0,0,0,92,0,0.0,0.0
2,clab-nebula-serf29,45,98,0,0,0,98,0,0.0,0.0
2,clab-nebula-serf29,50,115,0,0,0,115,0,0.0,0.0
2,clab-nebula-serf29,55,122,0,0,0,122,0,0.0,0.0
2,clab-nebula-serf29,60,125,30,30,0,95,1.0,0.24,0.24
4,clab-nebula-serf130,5,0,0,0,0,0,0.0,0.0,0.0
4,clab-nebula-serf130,10,0,0,0,0,0,0.0,0.0,0.0
4,clab-nebula-serf130,15,0,0,0,0,0,0.0,0.0,0.0
4,clab-nebula-serf130,20,13,0,0,0,13,0,0.0,0.0
4,clab-nebula-serf130,25,14,0,0,0,14,0,0.0,0.0
4,clab-nebula-serf130,30,24,14,14,0,10,1.0,0.5833333333333334,0.5833333333333334
4,clab-nebula-serf130,35,41,20,20,0,21,1.0,0.4878048780487805,0.4878048780487805
4,clab-nebula-serf130,40,53,20,20,0,33,1.0,0.37735849056603776,0.37735849056603776
4,clab-nebula-serf130,45,84,23,20,3,64,0.8695652173913043,0.23809523809523808,0.22988505747126436
4,clab-nebula-serf130,50,111,23,22,1,89,0.9565217391304348,0.1981981981981982,0.19642857142857142
4,clab-nebula-serf130,55,136,23,23,0,113,1.0,0.16911764705882354,0.16911764705882354
4,clab-nebula-serf130,60,146,23,23,0,123,1.0,0.15753424657534246,0.15753424657534246
4,clab-nebula-serf161,5,4,0,0,0,4,0,0.0,0.0
4,clab-nebula-serf161,10,4,0,0,0,4,0,0.0,0.0
4,clab-nebula-serf161,15,5,0,0,0,5,0,0.0,0.0
4,clab-nebula-serf161,20,10,13,9,4,1,0.6923076923076923,0.9,0.6428571428571429
4,clab-nebula-serf161,25,22,24,16,8,6,0.6666666666666666,0.7272727272727273,0.5333333333333333
4,clab-nebula-serf161,30,36,24,24,0,12,1.0,0.6666666666666666,0.6666666666666666
4,clab-nebula-serf161,35,42,35,28,7,14,0.8,0.6666666666666666,0.5714285714285714
4,clab-nebula-serf161,40,58,35,34,1,24,0.9714285714285714,0.5862068965517241,0.576271186440678
4,clab-nebula-serf161,45,79,44,40,4,39,0.9090909090909091,0.5063291139240507,0.4819277108433735
4,clab-nebula-serf161,50,117,44,44,0,73,1.0,0.37606837606837606,0.37606837606837606
4,clab-nebula-serf161,55,139,49,49,0,90,1.0,0.35251798561151076,0.35251798561151076
4,clab-nebula-serf161,60,149,49,49,0,100,1.0,0.3288590604026846,0.3288590604026846
4,clab-nebula-serf32,5,3,0,0,0,3,0,0.0,0.0
4,clab-nebula-serf32,10,19,3,2,1,17,0.6666666666666666,0.10526315789473684,0.1
4,clab-nebula-serf32,15,32,3,3,0,29,1.0,0.09375,0.09375
4,clab-nebula-serf32,20,59,10,10,0,49,1.0,0.1694915254237288,0.1694915254237288
4,clab-nebula-serf32,25,88,10,10,0,78,1.0,0.11363636363636363,0.11363636363636363
4,clab-nebula-serf32,30,95,10,10,0,85,1.0,0.10526315789473684,0.10526315789473684
4,clab-nebula-serf32,35,108,18,18,0,90,1.0,0.16666666666666666,0.16666666666666666
4,clab-nebula-serf32,40,121,18,18,0,103,1.0,0.1487603305785124,0.1487603305785124
4,clab-nebula-serf32,45,124,18,18,0,106,1.0,0.14516129032258066,0.14516129032258066
4,clab-nebula-serf32,50,137,68,68,0,69,1.0,0.49635036496350365,0.49635036496350365
4,clab-nebula-serf32,55,154,68,68,0,86,1.0,0.44155844155844154,0.44155844155844154
4,clab-nebula-serf32,60,155,68,68,0,87,1.0,0.43870967741935485,0.43870967741935485
4,clab-nebula-serf63,5,0,0,0,0,0,0.0,0.0,0.0
4,clab-nebula-serf63,10,0,0,0,0,0,0.0,0.0,0.0
4,clab-nebula-serf63,15,6,0,0,0,6,0,0.0,0.0
4,clab-nebula-serf63,20,32,0,0,0,32,0,0.0,0.0
4,clab-nebula-serf63,25,64,24,24,0,40,1.0,0.375,0.375
4,clab-nebula-serf63,30,84,24,24,0,60,1.0,0.2857142857142857,0.2857142857142857
4,clab-nebula-serf63,35,103,55,54,1,49,0.9818181818181818,0.5242718446601942,0.5192307692307693
4,clab-nebula-serf63,40,119,56,55,1,64,0.9821428571428571,0.46218487394957986,0.4583333333333333
4,clab-nebula-serf63,45,124,57,57,0,67,1.0,0.4596774193548387,0.4596774193548387
4,clab-nebula-serf63,50,128,57,57,0,71,1.0,0.4453125,0.4453125
4,clab-nebula-serf63,55,154,55,55,0,99,1.0,0.35714285714285715,0.35714285714285715
4,clab-nebula-serf63,60,154,55,55,0,99,1.0,0.35714285714285715,0.35714285714285715
4,clab-nebula-serf45,5,2,0,0,0,2,0,0.0,0.0
4,clab-nebula-serf45,10,8,0,0,0,8,0,0.0,0.0
4,clab-nebula-serf45,15,22,5,5,0,17,1.0,0.22727272727272727,0.22727272727272727
4,clab-nebula-serf45,20,40,5,5,0,35,1.0,0.125,0.125
4,clab-nebula-serf45,25,80,10,10,0,70,1.0,0.125,0.125
4,clab-nebula-serf45,30,90,18,18,0,72,1.0,0.2,0.2
4,clab-nebula-serf45,35,118,18,18,0,100,1.0,0.15254237288135594,0.15254237288135594
4,clab-nebula-serf45,40,121,18,18,0,103,1.0,0.1487603305785124,0.1487603305785124
4,clab-nebula-serf45,45,124,18,18,0,106,1.0,0.14516129032258066,0.14516129032258066
4,clab-nebula-serf45,50,145,69,69,0,76,1.0,0.47586206896551725,0.47586206896551725
4,clab-nebula-serf45,55,154,69,69,0,85,1.0,0.44805194805194803,0.44805194805194803
4,clab-nebula-serf45,60,155,69,69,0,86,1.0,0.44516129032258067,0.44516129032258067
4,clab-nebula-serf49,5,4,0,0,0,4,0,0.0,0.0
4,clab-nebula-serf49,10,14,5,5,0,9,1.0,0.35714285714285715,0.35714285714285715
4,clab-nebula-serf49,15,30,5,5,0,25,1.0,0.16666666666666666,0.16666666666666666
4,clab-nebula-serf49,20,67,10,10,0,57,1.0,0.14925373134328357,0.14925373134328357
4,clab-nebula-serf49,25,84,11,11,0,73,1.0,0.13095238095238096,0.13095238095238096
4,clab-nebula-serf49,30,106,18,18,0,88,1.0,0.16981132075471697,0.16981132075471697
4,clab-nebula-serf49,35,121,18,18,0,103,1.0,0.1487603305785124,0.1487603305785124
4,clab-nebula-serf49,40,124,18,18,0,106,1.0,0.14516129032258066,0.14516129032258066
4,clab-nebula-serf49,45,135,69,69,0,66,1.0,0.5111111111111111,0.5111111111111111
4,clab-nebula-serf49,50,154,69,69,0,85,1.0,0.44805194805194803,0.44805194805194803
4,clab-nebula-serf49,55,154,69,69,0,85,1.0,0.44805194805194803,0.44805194805194803
4,clab-nebula-serf49,60,157,69,69,0,88,1.0,0.4394904458598726,0.4394904458598726
4,clab-nebula-serf83,5,0,0,0,0,0,0.0,0.0,0.0
4,clab-nebula-serf83,10,3,0,0,0,3,0,0.0,0.0
4,clab-nebula-serf83,15,14,0,0,0,14,0,0.0,0.0
4,clab-nebula-serf83,20,33,0,0,0,33,0,0.0,0.0
4,clab-nebula-serf83,25,50,6,6,0,44,1.0,0.12,0.12
4,clab-nebula-serf83,30,79,6,6,0,73,1.0,0.0759493670886076,0.0759493670886076
4,clab-nebula-serf83,35,109,6,6,0,103,1.0,0.05504587155963303,0.05504587155963303
4,clab-nebula-serf83,40,119,6,6,0,113,1.0,0.05042016806722689,0.05042016806722689
4,clab-nebula-serf83,45,128,6,6,0,122,1.0,0.046875,0.046875
4,clab-nebula-serf83,50,140,6,6,0,134,1.0,0.04285714285714286,0.04285714285714286
4,clab-nebula-serf83,55,154,7,7,0,147,1.0,0.045454545454545456,0.045454545454545456
4,clab-nebula-serf83,60,156,7,7,0,149,1.0,0.04487179487179487,0.04487179487179487
4,clab-nebula-serf91,5,3,0,0,0,3,0,0.0,0.0
4,clab-nebula-serf91,10,17,0,0,0,17,0,0.0,0.0
4,clab-nebula-serf91,15,36,0,0,0,36,0,0.0,0.0
4,clab-nebula-serf91,20,56,8,8,0,48,1.0,0.14285714285714285,0.14285714285714285
4,clab-nebula-serf91,25,81,8,8,0,73,1.0,0.09876543209876543,0.09876543209876543
4,clab-nebula-serf91,30,112,8,8,0,104,1.0,0.07142857142857142,0.07142857142857142
4,clab-nebula-serf91,35,119,8,8,0,111,1.0,0.06722689075630252,0.06722689075630252
4,clab-nebula-serf91,40,129,8,8,0,121,1.0,0.06201550387596899,0.06201550387596899
4,clab-nebula-serf91,45,146,19,19,0,127,1.0,0.13013698630136986,0.13013698630136986
4,clab-nebula-serf91,50,154,19,19,0,135,1.0,0.12337662337662338,0.12337662337662338
4,clab-nebula-serf91,55,157,19,19,0,138,1.0,0.12101910828025478,0.12101910828025478
4,clab-nebula-serf91,60,161,19,19,0,142,1.0,0.11801242236024845,0.11801242236024845
4,clab-nebula-serf136,5,0,0,0,0,0,0.0,0.0,0.0
4,clab-nebula-serf136,10,0,0,0,0,0,0.0,0.0,0.0
4,clab-nebula-serf136,15,2,0,0,0,2,0,0.0,0.0
4,clab-nebula-serf136,20,14,0,0,0,14,0,0.0,0.0
4,clab-nebula-serf136,25,18,11,11,0,7,1.0,0.6111111111111112,0.6111111111111112
4,clab-nebula-serf136,30,28,14,14,0,14,1.0,0.5,0.5
4,clab-nebula-serf136,35,45,20,20,0,25,1.0,0.4444444444444444,0.4444444444444444
4,clab-nebula-serf136,40,66,20,20,0,46,1.0,0.30303030303030304,0.30303030303030304
4,clab-nebula-serf136,45,95,23,22,1,73,0.9565217391304348,0.23157894736842105,0.22916666666666666
4,clab-nebula-serf136,50,124,23,23,0,101,1.0,0.18548387096774194,0.18548387096774194
4,clab-nebula-serf136,55,137,23,23,0,114,1.0,0.1678832116788321,0.1678832116788321
4,clab-nebula-serf136,60,149,27,27,0,122,1.0,0.18120805369127516,0.18120805369127516
4,clab-nebula-serf146,5,0,0,0,0,0,0.0,0.0,0.0
4,clab-nebula-serf146,10,0,0,0,0,0,0.0,0.0,0.0
4,clab-nebula-serf146,15,1,0,0,0,1,0,0.0,0.0
4,clab-nebula-serf146,20,5,0,0,0,5,0,0.0,0.0
4,clab-nebula-serf146,25,8,3,3,0,5,1.0,0.375,0.375
4,clab-nebula-serf146,30,16,3,3,0,13,1.0,0.1875,0.1875
4,clab-nebula-serf146,35,44,20,20,0,24,1.0,0.45454545454545453,0.45454545454545453
4,clab-nebula-serf146,40,58,18,18,0,40,1.0,0.3103448275862069,0.3103448275862069
4,clab-nebula-serf146,45,78,18,18,0,60,1.0,0.23076923076923078,0.23076923076923078
4,clab-nebula-serf146,50,114,23,22,1,92,0.9565217391304348,0.19298245614035087,0.19130434782608696
4,clab-nebula-serf146,55,137,23,23,0,114,1.0,0.1678832116788321,0.1678832116788321
4,clab-nebula-serf146,60,146,23,23,0,123,1.0,0.15753424657534246,0.15753424657534246
4,clab-nebula-serf12,5,0,0,0,0,0,0.0,0.0,0.0
4,clab-nebula-serf12,10,5,0,0,0,5,0,0.0,0.0
4,clab-nebula-serf12,15,19,0,0,0,19,0,0.0,0.0
4,clab-nebula-serf12,20,38,14,8,6,30,0.5714285714285714,0.21052631578947367,0.18181818181818182
4,clab-nebula-serf12,25,71,14,12,2,59,0.8571428571428571,0.16901408450704225,0.1643835616438356
4,clab-nebula-serf12,30,88,14,14,0,74,1.0,0.1590909090909091,0.1590909090909091
4,clab-nebula-serf12,35,102,14,14,0,88,1.0,0.13725490196078433,0.13725490196078433
4,clab-nebula-serf12,40,119,14,14,0,105,1.0,0.11764705882352941,0.11764705882352941
4,clab-nebula-serf12,45,121,14,14,0,107,1.0,0.11570247933884298,0.11570247933884298
4,clab-nebula-serf12,50,127,59,59,0,68,1.0,0.4645669291338583,0.4645669291338583
4,clab-nebula-serf12,55,153,72,72,0,81,1.0,0.47058823529411764,0.47058823529411764
4,clab-nebula-serf12,60,155,72,72,0,83,1.0,0.4645161290322581,0.4645161290322581
4,clab-nebula-serf19,5,0,0,0,0,0,0.0,0.0,0.0
4,clab-nebula-serf19,10,5,0,0,0,5,0,0.0,0.0
4,clab-nebula-serf19,15,23,4,4,0,19,1.0,0.17391304347826086,0.17391304347826086
4,clab-nebula-serf19,20,44,14,8,6,36,0.5714285714285714,0.18181818181818182,0.16
4,clab-nebula-serf19,25,73,14,12,2,61,0.8571428571428571,0.1643835616438356,0.16
4,clab-nebula-serf19,30,90,14,14,0,76,1.0,0.15555555555555556,0.15555555555555556
4,clab-nebula-serf19,35,105,14,14,0,91,1.0,0.13333333333333333,0.13333333333333333
4,clab-nebula-serf19,40,120,14,14,0,106,1.0,0.11666666666666667,0.11666666666666667
4,clab-nebula-serf19,45,123,57,57,0,66,1.0,0.4634146341463415,0.4634146341463415
4,clab-nebula-serf19,50,142,57,57,0,85,1.0,0.4014084507042254,0.4014084507042254
4,clab-nebula-serf19,55,153,70,70,0,83,1.0,0.45751633986928103,0.45751633986928103
4,clab-nebula-serf19,60,157,70,70,0,87,1.0,0.445859872611465,0.445859872611465
4,clab-nebula-serf80,5,0,0,0,0,0,0.0,0.0,0.0
4,clab-nebula-serf80,10,14,0,0,0,14,0,0.0,0.0
4,clab-nebula-serf80,15,32,0,0,0,32,0,0.0,0.0
4,clab-nebula-serf80,20,55,8,8,0,47,1.0,0.14545454545454545,0.14545454545454545
4,clab-nebula-serf80,25,84,8,8,0,76,1.0,0.09523809523809523,0.09523809523809523
4,clab-nebula-serf80,30,110,8,8,0,102,1.0,0.07272727272727272,0.07272727272727272
4,clab-nebula-serf80,35,120,8,8,0,112,1.0,0.06666666666666667,0.06666666666666667
4,clab-nebula-serf80,40,127,8,8,0,119,1.0,0.06299212598425197,0.06299212598425197
4,clab-nebula-serf80,45,152,19,19,0,133,1.0,0.125,0.125
4,clab-nebula-serf80,50,154,19,19,0,135,1.0,0.12337662337662338,0.12337662337662338
4,clab-nebula-serf80,55,156,19,19,0,137,1.0,0.12179487179487179,0.12179487179487179
4,clab-nebula-serf80,60,159,19,19,0,140,1.0,0.11949685534591195,0.11949685534591195
4,clab-nebula-serf111,5,1,0,0,0,1,0,0.0,0.0
4,clab-nebula-serf111,10,7,0,0,0,7,0,0.0,0.0
4,clab-nebula-serf111,15,17,10,10,0,7,1.0,0.5882352941176471,0.5882352941176471
4,clab-nebula-serf111,20,47,19,17,2,30,0.8947368421052632,0.3617021276595745,0.3469387755102041
4,clab-nebula-serf111,25,73,19,19,0,54,1.0,0.2602739726027397,0.2602739726027397
4,clab-nebula-serf111,30,111,19,19,0,92,1.0,0.17117117117117117,0.17117117117117117
4,clab-nebula-serf111,35,145,19,19,0,126,1.0,0.1310344827586207,0.1310344827586207
4,clab-nebula-serf111,40,150,19,19,0,131,1.0,0.12666666666666668,0.12666666666666668
4,clab-nebula-serf111,45,154,19,19,0,135,1.0,0.12337662337662338,0.12337662337662338
4,clab-nebula-serf111,50,158,19,19,0,139,1.0,0.12025316455696203,0.12025316455696203
4,clab-nebula-serf111,55,161,19,19,0,142,1.0,0.11801242236024845,0.11801242236024845
4,clab-nebula-serf111,60,161,19,19,0,142,1.0,0.11801242236024845,0.11801242236024845
4,clab-nebula-serf109,5,3,0,0,0,3,0,0.0,0.0
4,clab-nebula-serf109,10,8,0,0,0,8,0,0.0,0.0
4,clab-nebula-serf109,15,26,12,10,2,16,0.8333333333333334,0.38461538461538464,0.35714285714285715
4,clab-nebula-serf109,20,58,19,19,0,39,1.0,0.3275862068965517,0.3275862068965517
4,clab-nebula-serf109,25,87,19,19,0,68,1.0,0.21839080459770116,0.21839080459770116
4,clab-nebula-serf109,30,130,19,19,0,111,1.0,0.14615384615384616,0.14615384615384616
4,clab-nebula-serf109,35,145,19,19,0,126,1.0,0.1310344827586207,0.1310344827586207
4,clab-nebula-serf109,40,153,19,19,0,134,1.0,0.12418300653594772,0.12418300653594772
4,clab-nebula-serf109,45,155,19,19,0,136,1.0,0.12258064516129032,0.12258064516129032
4,clab-nebula-serf109,50,159,19,19,0,140,1.0,0.11949685534591195,0.11949685534591195
4,clab-nebula-serf109,55,161,19,19,0,142,1.0,0.11801242236024845,0.11801242236024845
4,clab-nebula-serf109,60,161,19,19,0,142,1.0,0.11801242236024845,0.11801242236024845
4,clab-nebula-serf147,5,0,0,0,0,0,0.0,0.0,0.0
4,clab-nebula-serf147,10,0,0,0,0,0,0.0,0.0,0.0
4,clab-nebula-serf147,15,2,0,0,0,2,0,0.0,0.0
4,clab-nebula-serf147,20,12,0,0,0,12,0,0.0,0.0
4,clab-nebula-serf147,25,14,7,7,0,7,1.0,0.5,0.5
4,clab-nebula-serf147,30,27,11,11,0,16,1.0,0.4074074074074074,0.4074074074074074
4,clab-nebula-serf147,35,48,11,11,0,37,1.0,0.22916666666666666,0.22916666666666666
4,clab-nebula-serf147,40,59,12,11,1,48,0.9166666666666666,0.1864406779661017,0.18333333333333332
4,clab-nebula-serf147,45,87,12,12,0,75,1.0,0.13793103448275862,0.13793103448275862
4,clab-nebula-serf147,50,120,12,12,0,108,1.0,0.1,0.1
4,clab-nebula-serf147,55,141,12,12,0,129,1.0,0.0851063829787234,0.0851063829787234
4,clab-nebula-serf147,60,152,16,16,0,136,1.0,0.10526315789473684,0.10526315789473684
4,clab-nebula-serf4,5,1,0,0,0,1,0,0.0,0.0
4,clab-nebula-serf4,10,2,0,0,0,2,0,0.0,0.0
4,clab-nebula-serf4,15,9,1,1,0,8,1.0,0.1111111111111111,0.1111111111111111
4,clab-nebula-serf4,20,16,1,1,0,15,1.0,0.0625,0.0625
4,clab-nebula-serf4,25,23,4,4,0,19,1.0,0.17391304347826086,0.17391304347826086
4,clab-nebula-serf4,30,47,14,14,0,33,1.0,0.2978723404255319,0.2978723404255319
4,clab-nebula-serf4,35,82,14,14,0,68,1.0,0.17073170731707318,0.17073170731707318
4,clab-nebula-serf4,40,92,14,14,0,78,1.0,0.15217391304347827,0.15217391304347827
4,clab-nebula-serf4,45,109,14,14,0,95,1.0,0.12844036697247707,0.12844036697247707
4,clab-nebula-serf4,50,120,14,14,0,106,1.0,0.11666666666666667,0.11666666666666667
4,clab-nebula-serf4,55,123,64,64,0,59,1.0,0.5203252032520326,0.5203252032520326
4,clab-nebula-serf4,60,141,80,80,0,61,1.0,0.5673758865248227,0.5673758865248227
4,clab-nebula-serf100,5,6,0,0,0,6,0,0.0,0.0
4,clab-nebula-serf100,10,7,0,0,0,7,0,0.0,0.0
4,clab-nebula-serf100,15,8,0,0,0,8,0,0.0,0.0
4,clab-nebula-serf100,20,14,0,0,0,14,0,0.0,0.0
4,clab-nebula-serf100,25,25,7,7,0,18,1.0,0.28,0.28
4,clab-nebula-serf100,30,59,29,29,0,30,1.0,0.4915254237288136,0.4915254237288136
4,clab-nebula-serf100,35,89,29,29,0,60,1.0,0.3258426966292135,0.3258426966292135
4,clab-nebula-serf100,40,137,29,29,0,108,1.0,0.2116788321167883,0.2116788321167883
4,clab-nebula-serf100,45,150,29,29,0,121,1.0,0.19333333333333333,0.19333333333333333
4,clab-nebula-serf100,50,159,29,29,0,130,1.0,0.18238993710691823,0.18238993710691823
4,clab-nebula-serf100,55,160,29,29,0,131,1.0,0.18125,0.18125
4,clab-nebula-serf100,60,161,29,29,0,132,1.0,0.18012422360248448,0.18012422360248448
4,clab-nebula-serf75,5,0,0,0,0,0,0.0,0.0,0.0
4,clab-nebula-serf75,10,7,0,0,0,7,0,0.0,0.0
4,clab-nebula-serf75,15,26,0,0,0,26,0,0.0,0.0
4,clab-nebula-serf75,20,41,19,19,0,22,1.0,0.4634146341463415,0.4634146341463415
4,clab-nebula-serf75,25,76,24,24,0,52,1.0,0.3157894736842105,0.3157894736842105
4,clab-nebula-serf75,30,100,24,24,0,76,1.0,0.24,0.24
4,clab-nebula-serf75,35,115,49,48,1,67,0.9795918367346939,0.41739130434782606,0.41379310344827586
4,clab-nebula-serf75,40,122,49,49,0,73,1.0,0.4016393442622951,0.4016393442622951
4,clab-nebula-serf75,45,135,49,49,0,86,1.0,0.362962962962963,0.362962962962963
4,clab-nebula-serf75,50,154,49,49,0,105,1.0,0.3181818181818182,0.3181818181818182
4,clab-nebula-serf75,55,155,49,49,0,106,1.0,0.3161290322580645,0.3161290322580645
4,clab-nebula-serf75,60,158,49,49,0,109,1.0,0.310126582278481,0.310126582278481
4,clab-nebula-serf89,5,3,0,0,0,3,0,0.0,0.0
4,clab-nebula-serf89,10,3,0,0,0,3,0,0.0,0.0
4,clab-nebula-serf89,15,8,0,0,0,8,0,0.0,0.0
4,clab-nebula-serf89,20,18,0,0,0,18,0,0.0,0.0
4,clab-nebula-serf89,25,41,6,6,0,35,1.0,0.14634146341463414,0.14634146341463414
4,clab-nebula-serf89,30,71,6,6,0,65,1.0,0.08450704225352113,0.08450704225352113
4,clab-nebula-serf89,35,97,6,6,0,91,1.0,0.061855670103092786,0.061855670103092786
4,clab-nebula-serf89,40,119,6,6,0,113,1.0,0.05042016806722689,0.05042016806722689
4,clab-nebula-serf89,45,127,6,6,0,121,1.0,0.047244094488188976,0.047244094488188976
4,clab-nebula-serf89,50,137,6,6,0,131,1.0,0.043795620437956206,0.043795620437956206
4,clab-nebula-serf89,55,154,7,7,0,147,1.0,0.045454545454545456,0.045454545454545456
4,clab-nebula-serf89,60,158,8,8,0,150,1.0,0.05063291139240506,0.05063291139240506
4,clab-nebula-serf101,5,4,0,0,0,4,0,0.0,0.0
4,clab-nebula-serf101,10,7,0,0,0,7,0,0.0,0.0
4,clab-nebula-serf101,15,7,0,0,0,7,0,0.0,0.0
4,clab-nebula-serf101,20,10,0,0,0,10,0,0.0,0.0
4,clab-nebula-serf101,25,22,7,7,0,15,1.0,0.3181818181818182,0.3181818181818182
4,clab-nebula-serf101,30,47,29,26,3,21,0.896551724137931,0.5531914893617021,0.52
4,clab-nebula-serf101,35,79,29,29,0,50,1.0,0.3670886075949367,0.3670886075949367
4,clab-nebula-serf101,40,131,29,29,0,102,1.0,0.22137404580152673,0.22137404580152673
4,clab-nebula-serf101,45,148,29,29,0,119,1.0,0.19594594594594594,0.19594594594594594
4,clab-nebula-serf101,50,157,29,29,0,128,1.0,0.18471337579617833,0.18471337579617833
4,clab-nebula-serf101,55,160,29,29,0,131,1.0,0.18125,0.18125
4,clab-nebula-serf101,60,161,29,29,0,132,1.0,0.18012422360248448,0.18012422360248448
4,clab-nebula-serf105,5,1,0,0,0,1,0,0.0,0.0
4,clab-nebula-serf105,10,3,0,0,0,3,0,0.0,0.0
4,clab-nebula-serf105,15,8,0,0,0,8,0,0.0,0.0
4,clab-nebula-serf105,20,25,12,10,2,15,0.8333333333333334,0.4,0.37037037037037035
4,clab-nebula-serf105,25,54,19,19,0,35,1.0,0.35185185185185186,0.35185185185185186
4,clab-nebula-serf105,30,86,19,19,0,67,1.0,0.22093023255813954,0.22093023255813954
4,clab-nebula-serf105,35,123,19,19,0,104,1.0,0.15447154471544716,0.15447154471544716
4,clab-nebula-serf105,40,145,19,19,0,126,1.0,0.1310344827586207,0.1310344827586207
4,clab-nebula-serf105,45,153,19,19,0,134,1.0,0.12418300653594772,0.12418300653594772
4,clab-nebula-serf105,50,155,19,19,0,136,1.0,0.12258064516129032,0.12258064516129032
4,clab-nebula-serf105,55,160,19,19,0,141,1.0,0.11875,0.11875
4,clab-nebula-serf105,60,161,19,19,0,142,1.0,0.11801242236024845,0.11801242236024845
4,clab-nebula-serf65,5,0,0,0,0,0,0.0,0.0,0.0
4,clab-nebula-serf65,10,0,0,0,0,0,0.0,0.0,0.0
4,clab-nebula-serf65,15,0,0,0,0,0,0.0,0.0,0.0
4,clab-nebula-serf65,20,23,0,0,0,23,0,0.0,0.0
4,clab-nebula-serf65,25,62,0,0,0,62,0,0.0,0.0
4,clab-nebula-serf65,30,95,6,6,0,89,1.0,0.06315789473684211,0.06315789473684211
4,clab-nebula-serf65,35,115,6,6,0,109,1.0,0.05217391304347826,0.05217391304347826
4,clab-nebula-serf65,40,122,6,6,0,116,1.0,0.04918032786885246,0.04918032786885246
4,clab-nebula-serf65,45,126,6,6,0,120,1.0,0.047619047619047616,0.047619047619047616
4,clab-nebula-serf65,50,152,6,6,0,146,1.0,0.039473684210526314,0.039473684210526314
4,clab-nebula-serf65,55,154,6,6,0,148,1.0,0.03896103896103896,0.03896103896103896
4,clab-nebula-serf65,60,155,6,6,0,149,1.0,0.03870967741935484,0.03870967741935484
4,clab-nebula-serf68,5,0,0,0,0,0,0.0,0.0,0.0
4,clab-nebula-serf68,10,5,0,0,0,5,0,0.0,0.0
4,clab-nebula-serf68,15,27,0,0,0,27,0,0.0,0.0
4,clab-nebula-serf68,20,42,0,0,0,42,0,0.0,0.0
4,clab-nebula-serf68,25,79,8,8,0,71,1.0,0.10126582278481013,0.10126582278481013
4,clab-nebula-serf68,30,103,8,8,0,95,1.0,0.07766990291262135,0.07766990291262135
4,clab-nebula-serf68,35,116,8,8,0,108,1.0,0.06896551724137931,0.06896551724137931
4,clab-nebula-serf68,40,122,8,8,0,114,1.0,0.06557377049180328,0.06557377049180328
4,clab-nebula-serf68,45,135,8,8,0,127,1.0,0.05925925925925926,0.05925925925925926
4,clab-nebula-serf68,50,154,19,19,0,135,1.0,0.12337662337662338,0.12337662337662338
4,clab-nebula-serf68,55,154,19,19,0,135,1.0,0.12337662337662338,0.12337662337662338
4,clab-nebula-serf68,60,158,19,19,0,139,1.0,0.12025316455696203,0.12025316455696203
4,clab-nebula-serf94,5,2,0,0,0,2,0,0.0,0.0
4,clab-nebula-serf94,10,17,0,0,0,17,0,0.0,0.0
4,clab-nebula-serf94,15,36,0,0,0,36,0,0.0,0.0
4,clab-nebula-serf94,20,57,8,8,0,49,1.0,0.14035087719298245,0.14035087719298245
4,clab-nebula-serf94,25,81,8,8,0,73,1.0,0.09876543209876543,0.09876543209876543
4,clab-nebula-serf94,30,105,8,8,0,97,1.0,0.0761904761904762,0.0761904761904762
4,clab-nebula-serf94,35,119,8,8,0,111,1.0,0.06722689075630252,0.06722689075630252
4,clab-nebula-serf94,40,129,8,8,0,121,1.0,0.06201550387596899,0.06201550387596899
4,clab-nebula-serf94,45,145,19,19,0,126,1.0,0.1310344827586207,0.1310344827586207
4,clab-nebula-serf94,50,154,19,19,0,135,1.0,0.12337662337662338,0.12337662337662338
4,clab-nebula-serf94,55,157,19,19,0,138,1.0,0.12101910828025478,0.12101910828025478
4,clab-nebula-serf94,60,161,19,19,0,142,1.0,0.11801242236024845,0.11801242236024845
4,clab-nebula-serf103,5,7,0,0,0,7,0,0.0,0.0
4,clab-nebula-serf103,10,7,0,0,0,7,0,0.0,0.0
4,clab-nebula-serf103,15,8,0,0,0,8,0,0.0,0.0
4,clab-nebula-serf103,20,16,7,7,0,9,1.0,0.4375,0.4375
4,clab-nebula-serf103,25,27,7,7,0,20,1.0,0.25925925925925924,0.25925925925925924
4,clab-nebula-serf103,30,63,29,29,0,34,1.0,0.4603174603174603,0.4603174603174603
4,clab-nebula-serf103,35,102,29,29,0,73,1.0,0.28431372549019607,0.28431372549019607
4,clab-nebula-serf103,40,140,29,29,0,111,1.0,0.20714285714285716,0.20714285714285716
4,clab-nebula-serf103,45,150,29,29,0,121,1.0,0.19333333333333333,0.19333333333333333
4,clab-nebula-serf103,50,159,29,29,0,130,1.0,0.18238993710691823,0.18238993710691823
4,clab-nebula-serf103,55,161,29,29,0,132,1.0,0.18012422360248448,0.18012422360248448
4,clab-nebula-serf103,60,161,29,29,0,132,1.0,0.18012422360248448,0.18012422360248448
4,clab-nebula-serf117,5,0,0,0,0,0,0.0,0.0,0.0
4,clab-nebula-serf117,10,0,0,0,0,0,0.0,0.0,0.0
4,clab-nebula-serf117,15,0,0,0,0,0,0.0,0.0,0.0
4,clab-nebula-serf117,20,0,0,0,0,0,0.0,0.0,0.0
4,clab-nebula-serf117,25,1,0,0,0,1,0,0.0,0.0
4,clab-nebula-serf117,30,3,0,0,0,3,0,0.0,0.0
4,clab-nebula-serf117,35,3,0,0,0,3,0,0.0,0.0
4,clab-nebula-serf117,40,3,0,0,0,3,0,0.0,0.0
4,clab-nebula-serf117,45,10,3,3,0,7,1.0,0.3,0.3
4,clab-nebula-serf117,50,21,3,3,0,18,1.0,0.14285714285714285,0.14285714285714285
4,clab-nebula-serf117,55,45,10,7,3,38,0.7,0.15555555555555556,0.14583333333333334
4,clab-nebula-serf117,60,68,3,3,0,65,1.0,0.04411764705882353,0.04411764705882353
4,clab-nebula-serf127,5,0,0,0,0,0,0.0,0.0,0.0
4,clab-nebula-serf127,10,4,0,0,0,4,0,0.0,0.0
4,clab-nebula-serf127,15,13,2,2,0,11,1.0,0.15384615384615385,0.15384615384615385
4,clab-nebula-serf127,20,46,15,15,0,31,1.0,0.32608695652173914,0.32608695652173914
4,clab-nebula-serf127,25,60,15,15,0,45,1.0,0.25,0.25
4,clab-nebula-serf127,30,92,23,20,3,72,0.8695652173913043,0.21739130434782608,0.21052631578947367
4,clab-nebula-serf127,35,122,23,22,1,100,0.9565217391304348,0.18032786885245902,0.17886178861788618
4,clab-nebula-serf127,40,138,23,23,0,115,1.0,0.16666666666666666,0.16666666666666666
4,clab-nebula-serf127,45,146,23,23,0,123,1.0,0.15753424657534246,0.15753424657534246
4,clab-nebula-serf127,50,156,27,27,0,129,1.0,0.17307692307692307,0.17307692307692307
4,clab-nebula-serf127,55,161,53,53,0,108,1.0,0.32919254658385094,0.32919254658385094
4,clab-nebula-serf127,60,161,53,53,0,108,1.0,0.32919254658385094,0.32919254658385094
4,clab-nebula-serf129,5,0,0,0,0,0,0.0,0.0,0.0
4,clab-nebula-serf129,10,0,0,0,0,0,0.0,0.0,0.0
4,clab-nebula-serf129,15,2,0,0,0,2,0,0.0,0.0
4,clab-nebula-serf129,20,7,0,0,0,7,0,0.0,0.0
4,clab-nebula-serf129,25,17,10,9,1,8,0.9,0.5294117647058824,0.5
4,clab-nebula-serf129,30,42,19,12,7,30,0.631578947368421,0.2857142857142857,0.24489795918367346
4,clab-nebula-serf129,35,71,19,19,0,52,1.0,0.2676056338028169,0.2676056338028169
4,clab-nebula-serf129,40,123,19,19,0,104,1.0,0.15447154471544716,0.15447154471544716
4,clab-nebula-serf129,45,142,19,19,0,123,1.0,0.13380281690140844,0.13380281690140844
4,clab-nebula-serf129,50,149,19,19,0,130,1.0,0.12751677852348994,0.12751677852348994
4,clab-nebula-serf129,55,155,19,19,0,136,1.0,0.12258064516129032,0.12258064516129032
4,clab-nebula-serf129,60,158,19,19,0,139,1.0,0.12025316455696203,0.12025316455696203
4,clab-nebula-serf155,5,0,0,0,0,0,0.0,0.0,0.0
4,clab-nebula-serf155,10,0,0,0,0,0,0.0,0.0,0.0
4,clab-nebula-serf155,15,1,0,0,0,1,0,0.0,0.0
4,clab-nebula-serf155,20,11,0,0,0,11,0,0.0,0.0
4,clab-nebula-serf155,25,14,7,7,0,7,1.0,0.5,0.5
4,clab-nebula-serf155,30,24,11,11,0,13,1.0,0.4583333333333333,0.4583333333333333
4,clab-nebula-serf155,35,43,11,11,0,32,1.0,0.2558139534883721,0.2558139534883721
4,clab-nebula-serf155,40,56,12,11,1,45,0.9166666666666666,0.19642857142857142,0.19298245614035087
4,clab-nebula-serf155,45,82,12,12,0,70,1.0,0.14634146341463414,0.14634146341463414
4,clab-nebula-serf155,50,117,12,12,0,105,1.0,0.10256410256410256,0.10256410256410256
4,clab-nebula-serf155,55,137,12,12,0,125,1.0,0.08759124087591241,0.08759124087591241
4,clab-nebula-serf155,60,150,16,16,0,134,1.0,0.10666666666666667,0.10666666666666667
4,clab-nebula-serf3,5,0,0,0,0,0,0.0,0.0,0.0
4,clab-nebula-serf3,10,2,0,0,0,2,0,0.0,0.0
4,clab-nebula-serf3,15,7,0,0,0,7,0,0.0,0.0
4,clab-nebula-serf3,20,13,3,3,0,10,1.0,0.23076923076923078,0.23076923076923078
4,clab-nebula-serf3,25,22,3,3,0,19,1.0,0.13636363636363635,0.13636363636363635
4,clab-nebula-serf3,30,50,14,14,0,36,1.0,0.28,0.28
4,clab-nebula-serf3,35,83,14,14,0,69,1.0,0.1686746987951807,0.1686746987951807
4,clab-nebula-serf3,40,96,14,14,0,82,1.0,0.14583333333333334,0.14583333333333334
4,clab-nebula-serf3,45,109,14,14,0,95,1.0,0.12844036697247707,0.12844036697247707
4,clab-nebula-serf3,50,119,14,14,0,105,1.0,0.11764705882352941,0.11764705882352941
4,clab-nebula-serf3,55,123,64,64,0,59,1.0,0.5203252032520326,0.5203252032520326
4,clab-nebula-serf3,60,141,80,80,0,61,1.0,0.5673758865248227,0.5673758865248227
4,clab-nebula-serf14,5,0,0,0,0,0,0.0,0.0,0.0
4,clab-nebula-serf14,10,4,0,0,0,4,0,0.0,0.0
4,clab-nebula-serf14,15,18,1,1,0,17,1.0,0.05555555555555555,0.05555555555555555
4,clab-nebula-serf14,20,35,2,2,0,33,1.0,0.05714285714285714,0.05714285714285714
4,clab-nebula-serf14,25,70,8,8,0,62,1.0,0.11428571428571428,0.11428571428571428
4,clab-nebula-serf14,30,88,8,8,0,80,1.0,0.09090909090909091,0.09090909090909091
4,clab-nebula-serf14,35,102,14,14,0,88,1.0,0.13725490196078433,0.13725490196078433
4,clab-nebula-serf14,40,119,14,14,0,105,1.0,0.11764705882352941,0.11764705882352941
4,clab-nebula-serf14,45,121,14,14,0,107,1.0,0.11570247933884298,0.11570247933884298
4,clab-nebula-serf14,50,126,64,64,0,62,1.0,0.5079365079365079,0.5079365079365079
4,clab-nebula-serf14,55,151,80,80,0,71,1.0,0.5298013245033113,0.5298013245033113
4,clab-nebula-serf14,60,155,80,80,0,75,1.0,0.5161290322580645,0.5161290322580645
4,clab-nebula-serf142,5,0,0,0,0,0,0.0,0.0,0.0
4,clab-nebula-serf142,10,0,0,0,0,0,0.0,0.0,0.0
4,clab-nebula-serf142,15,1,0,0,0,1,0,0.0,0.0
4,clab-nebula-serf142,20,1,0,0,0,1,0,0.0,0.0
4,clab-nebula-serf142,25,7,0,0,0,7,0,0.0,0.0
4,clab-nebula-serf142,30,14,4,4,0,10,1.0,0.2857142857142857,0.2857142857142857
4,clab-nebula-serf142,35,30,18,17,1,13,0.9444444444444444,0.5666666666666667,0.5483870967741935
4,clab-nebula-serf142,40,54,20,20,0,34,1.0,0.37037037037037035,0.37037037037037035
4,clab-nebula-serf142,45,59,18,18,0,41,1.0,0.3050847457627119,0.3050847457627119
4,clab-nebula-serf142,50,95,18,18,0,77,1.0,0.18947368421052632,0.18947368421052632
4,clab-nebula-serf142,55,126,23,22,1,104,0.9565217391304348,0.1746031746031746,0.1732283464566929
4,clab-nebula-serf142,60,140,23,23,0,117,1.0,0.16428571428571428,0.16428571428571428
4,clab-nebula-serf96,5,4,0,0,0,4,0,0.0,0.0
4,clab-nebula-serf96,10,7,0,0,0,7,0,0.0,0.0
4,clab-nebula-serf96,15,7,0,0,0,7,0,0.0,0.0
4,clab-nebula-serf96,20,9,0,0,0,9,0,0.0,0.0
4,clab-nebula-serf96,25,20,7,7,0,13,1.0,0.35,0.35
4,clab-nebula-serf96,30,41,29,23,6,18,0.7931034482758621,0.5609756097560976,0.48936170212765956
4,clab-nebula-serf96,35,77,29,29,0,48,1.0,0.37662337662337664,0.37662337662337664
4,clab-nebula-serf96,40,121,29,29,0,92,1.0,0.2396694214876033,0.2396694214876033
4,clab-nebula-serf96,45,147,29,29,0,118,1.0,0.19727891156462585,0.19727891156462585
4,clab-nebula-serf96,50,153,29,29,0,124,1.0,0.1895424836601307,0.1895424836601307
4,clab-nebula-serf96,55,160,29,29,0,131,1.0,0.18125,0.18125
4,clab-nebula-serf96,60,161,29,29,0,132,1.0,0.18012422360248448,0.18012422360248448
4,clab-nebula-serf116,5,0,0,0,0,0,0.0,0.0,0.0
4,clab-nebula-serf116,10,0,0,0,0,0,0.0,0.0,0.0
4,clab-nebula-serf116,15,0,0,0,0,0,0.0,0.0,0.0
4,clab-nebula-serf116,20,0,0,0,0,0,0.0,0.0,0.0
4,clab-nebula-serf116,25,0,0,0,0,0,0.0,0.0,0.0
4,clab-nebula-serf116,30,0,0,0,0,0,0.0,0.0,0.0
4,clab-nebula-serf116,35,1,0,0,0,1,0,0.0,0.0
4,clab-nebula-serf116,40,1,0,0,0,1,0,0.0,0.0
4,clab-nebula-serf116,45,6,1,1,0,5,1.0,0.16666666666666666,0.16666666666666666
4,clab-nebula-serf116,50,14,1,1,0,13,1.0,0.07142857142857142,0.07142857142857142
4,clab-nebula-serf116,55,40,1,1,0,39,1.0,0.025,0.025
4,clab-nebula-serf116,60,88,1,1,0,87,1.0,0.011363636363636364,0.011363636363636364
4,clab-nebula-serf56,5,9,5,4,1,5,0.8,0.4444444444444444,0.4
4,clab-nebula-serf56,10,24,5,5,0,19,1.0,0.20833333333333334,0.20833333333333334
4,clab-nebula-serf56,15,64,24,24,0,40,1.0,0.375,0.375
4,clab-nebula-serf56,20,83,24,24,0,59,1.0,0.2891566265060241,0.2891566265060241
4,clab-nebula-serf56,25,97,24,24,0,73,1.0,0.24742268041237114,0.24742268041237114
4,clab-nebula-serf56,30,118,57,56,1,62,0.9824561403508771,0.4745762711864407,0.47058823529411764
4,clab-nebula-serf56,35,121,57,57,0,64,1.0,0.47107438016528924,0.47107438016528924
4,clab-nebula-serf56,40,125,57,57,0,68,1.0,0.456,0.456
4,clab-nebula-serf56,45,151,57,57,0,94,1.0,0.37748344370860926,0.37748344370860926
4,clab-nebula-serf56,50,154,57,57,0,97,1.0,0.37012987012987014,0.37012987012987014
4,clab-nebula-serf56,55,157,57,57,0,100,1.0,0.3630573248407643,0.3630573248407643
4,clab-nebula-serf56,60,158,57,57,0,101,1.0,0.36075949367088606,0.36075949367088606
4,clab-nebula-serf59,5,5,0,0,0,5,0,0.0,0.0
4,clab-nebula-serf59,10,26,9,9,0,17,1.0,0.34615384615384615,0.34615384615384615
4,clab-nebula-serf59,15,63,24,24,0,39,1.0,0.38095238095238093,0.38095238095238093
4,clab-nebula-serf59,20,83,24,24,0,59,1.0,0.2891566265060241,0.2891566265060241
4,clab-nebula-serf59,25,99,24,24,0,75,1.0,0.24242424242424243,0.24242424242424243
4,clab-nebula-serf59,30,119,57,56,1,63,0.9824561403508771,0.47058823529411764,0.4666666666666667
4,clab-nebula-serf59,35,124,57,57,0,67,1.0,0.4596774193548387,0.4596774193548387
4,clab-nebula-serf59,40,128,57,57,0,71,1.0,0.4453125,0.4453125
4,clab-nebula-serf59,45,153,57,57,0,96,1.0,0.37254901960784315,0.37254901960784315
4,clab-nebula-serf59,50,154,57,57,0,97,1.0,0.37012987012987014,0.37012987012987014
4,clab-nebula-serf59,55,157,57,57,0,100,1.0,0.3630573248407643,0.3630573248407643
4,clab-nebula-serf59,60,161,57,57,0,104,1.0,0.35403726708074534,0.35403726708074534
4,clab-nebula-serf70,5,3,0,0,0,3,0,0.0,0.0
4,clab-nebula-serf70,10,19,0,0,0,19,0,0.0,0.0
4,clab-nebula-serf70,15,36,12,12,0,24,1.0,0.3333333333333333,0.3333333333333333
4,clab-nebula-serf70,20,66,24,24,0,42,1.0,0.36363636363636365,0.36363636363636365
4,clab-nebula-serf70,25,87,24,24,0,63,1.0,0.27586206896551724,0.27586206896551724
4,clab-nebula-serf70,30,110,49,48,1,62,0.9795918367346939,0.43636363636363634,0.43243243243243246
4,clab-nebula-serf70,35,119,49,48,1,71,0.9795918367346939,0.40336134453781514,0.4
4,clab-nebula-serf70,40,124,49,49,0,75,1.0,0.3951612903225806,0.3951612903225806
4,clab-nebula-serf70,45,147,49,49,0,98,1.0,0.3333333333333333,0.3333333333333333
4,clab-nebula-serf70,50,154,49,49,0,105,1.0,0.3181818181818182,0.3181818181818182
4,clab-nebula-serf70,55,158,49,49,0,109,1.0,0.310126582278481,0.310126582278481
4,clab-nebula-serf70,60,161,49,49,0,112,1.0,0.30434782608695654,0.30434782608695654
4,clab-nebula-serf81,5,1,0,0,0,1,0,0.0,0.0
4,clab-nebula-serf81,10,22,0,0,0,22,0,0.0,0.0
4,clab-nebula-serf81,15,39,19,19,0,20,1.0,0.48717948717948717,0.48717948717948717
4,clab-nebula-serf81,20,68,24,24,0,44,1.0,0.35294117647058826,0.35294117647058826
4,clab-nebula-serf81,25,90,24,24,0,66,1.0,0.26666666666666666,0.26666666666666666
4,clab-nebula-serf81,30,114,49,48,1,66,0.9795918367346939,0.42105263157894735,0.41739130434782606
4,clab-nebula-serf81,35,121,49,49,0,72,1.0,0.4049586776859504,0.4049586776859504
4,clab-nebula-serf81,40,130,49,49,0,81,1.0,0.3769230769230769,0.3769230769230769
4,clab-nebula-serf81,45,153,49,49,0,104,1.0,0.3202614379084967,0.3202614379084967
4,clab-nebula-serf81,50,154,49,49,0,105,1.0,0.3181818181818182,0.3181818181818182
4,clab-nebula-serf81,55,157,49,49,0,108,1.0,0.31210191082802546,0.31210191082802546
4,clab-nebula-serf81,60,161,51,51,0,110,1.0,0.3167701863354037,0.3167701863354037
4,clab-nebula-serf95,5,0,0,0,0,0,0.0,0.0,0.0
4,clab-nebula-serf95,10,10,0,0,0,10,0,0.0,0.0
4,clab-nebula-serf95,15,30,0,0,0,30,0,0.0,0.0
4,clab-nebula-serf95,20,50,8,8,0,42,1.0,0.16,0.16
4,clab-nebula-serf95,25,80,8,8,0,72,1.0,0.1,0.1
4,clab-nebula-serf95,30,104,8,8,0,96,1.0,0.07692307692307693,0.07692307692307693
4,clab-nebula-serf95,35,119,8,8,0,111,1.0,0.06722689075630252,0.06722689075630252
4,clab-nebula-serf95,40,124,8,8,0,116,1.0,0.06451612903225806,0.06451612903225806
4,clab-nebula-serf95,45,142,19,19,0,123,1.0,0.13380281690140844,0.13380281690140844
4,clab-nebula-serf95,50,154,19,19,0,135,1.0,0.12337662337662338,0.12337662337662338
4,clab-nebula-serf95,55,154,19,19,0,135,1.0,0.12337662337662338,0.12337662337662338
4,clab-nebula-serf95,60,159,19,19,0,140,1.0,0.11949685534591195,0.11949685534591195
4,clab-nebula-serf114,5,1,0,0,0,1,0,0.0,0.0
4,clab-nebula-serf114,10,1,0,0,0,1,0,0.0,0.0
4,clab-nebula-serf114,15,2,0,0,0,2,0,0.0,0.0
4,clab-nebula-serf114,20,17,1,1,0,16,1.0,0.058823529411764705,0.058823529411764705
4,clab-nebula-serf114,25,25,7,7,0,18,1.0,0.28,0.28
4,clab-nebula-serf114,30,53,1,1,0,52,1.0,0.018867924528301886,0.018867924528301886
4,clab-nebula-serf114,35,92,1,1,0,91,1.0,0.010869565217391304,0.010869565217391304
4,clab-nebula-serf114,40,134,1,1,0,133,1.0,0.007462686567164179,0.007462686567164179
4,clab-nebula-serf114,45,152,1,1,0,151,1.0,0.006578947368421052,0.006578947368421052
4,clab-nebula-serf114,50,158,1,1,0,157,1.0,0.006329113924050633,0.006329113924050633
4,clab-nebula-serf114,55,161,1,1,0,160,1.0,0.006211180124223602,0.006211180124223602
4,clab-nebula-serf114,60,161,1,1,0,160,1.0,0.006211180124223602,0.006211180124223602
4,clab-nebula-serf9,5,1,0,0,0,1,0,0.0,0.0
4,clab-nebula-serf9,10,8,0,0,0,8,0,0.0,0.0
4,clab-nebula-serf9,15,17,0,0,0,17,0,0.0,0.0
4,clab-nebula-serf9,20,36,7,7,0,29,1.0,0.19444444444444445,0.19444444444444445
4,clab-nebula-serf9,25,71,9,9,0,62,1.0,0.1267605633802817,0.1267605633802817
4,clab-nebula-serf9,30,87,9,9,0,78,1.0,0.10344827586206896,0.10344827586206896
4,clab-nebula-serf9,35,101,14,14,0,87,1.0,0.13861386138613863,0.13861386138613863
4,clab-nebula-serf9,40,116,14,14,0,102,1.0,0.1206896551724138,0.1206896551724138
4,clab-nebula-serf9,45,120,14,14,0,106,1.0,0.11666666666666667,0.11666666666666667
4,clab-nebula-serf9,50,125,64,64,0,61,1.0,0.512,0.512
4,clab-nebula-serf9,55,151,67,67,0,84,1.0,0.44370860927152317,0.44370860927152317
4,clab-nebula-serf9,60,154,67,67,0,87,1.0,0.43506493506493504,0.43506493506493504
4,clab-nebula-serf17,5,1,0,0,0,1,0,0.0,0.0
4,clab-nebula-serf17,10,12,0,0,0,12,0,0.0,0.0
4,clab-nebula-serf17,15,30,0,0,0,30,0,0.0,0.0
4,clab-nebula-serf17,20,66,14,10,4,56,0.7142857142857143,0.15151515151515152,0.14285714285714285
4,clab-nebula-serf17,25,85,14,13,1,72,0.9285714285714286,0.15294117647058825,0.1511627906976744
4,clab-nebula-serf17,30,96,14,14,0,82,1.0,0.14583333333333334,0.14583333333333334
4,clab-nebula-serf17,35,116,14,14,0,102,1.0,0.1206896551724138,0.1206896551724138
4,clab-nebula-serf17,40,121,59,59,0,62,1.0,0.48760330578512395,0.48760330578512395
4,clab-nebula-serf17,45,124,59,59,0,65,1.0,0.47580645161290325,0.47580645161290325
4,clab-nebula-serf17,50,150,59,59,0,91,1.0,0.3933333333333333,0.3933333333333333
4,clab-nebula-serf17,55,154,59,59,0,95,1.0,0.38311688311688313,0.38311688311688313
4,clab-nebula-serf17,60,157,59,59,0,98,1.0,0.37579617834394907,0.37579617834394907
4,clab-nebula-serf139,5,0,0,0,0,0,0.0,0.0,0.0
4,clab-nebula-serf139,10,0,0,0,0,0,0.0,0.0,0.0
4,clab-nebula-serf139,15,5,0,0,0,5,0,0.0,0.0
4,clab-nebula-serf139,20,14,0,0,0,14,0,0.0,0.0
4,clab-nebula-serf139,25,21,11,11,0,10,1.0,0.5238095238095238,0.5238095238095238
4,clab-nebula-serf139,30,31,15,15,0,16,1.0,0.4838709677419355,0.4838709677419355
4,clab-nebula-serf139,35,45,15,15,0,30,1.0,0.3333333333333333,0.3333333333333333
4,clab-nebula-serf139,40,65,20,20,0,45,1.0,0.3076923076923077,0.3076923076923077
4,clab-nebula-serf139,45,95,23,22,1,73,0.9565217391304348,0.23157894736842105,0.22916666666666666
4,clab-nebula-serf139,50,121,23,23,0,98,1.0,0.19008264462809918,0.19008264462809918
4,clab-nebula-serf139,55,137,23,23,0,114,1.0,0.1678832116788321,0.1678832116788321
4,clab-nebula-serf139,60,149,27,27,0,122,1.0,0.18120805369127516,0.18120805369127516
4,clab-nebula-serf52,5,1,0,0,0,1,0,0.0,0.0
4,clab-nebula-serf52,10,12,5,5,0,7,1.0,0.4166666666666667,0.4166666666666667
4,clab-nebula-serf52,15,38,8,8,0,30,1.0,0.21052631578947367,0.21052631578947367
4,clab-nebula-serf52,20,69,24,24,0,45,1.0,0.34782608695652173,0.34782608695652173
4,clab-nebula-serf52,25,88,24,24,0,64,1.0,0.2727272727272727,0.2727272727272727
4,clab-nebula-serf52,30,106,57,56,1,50,0.9824561403508771,0.5283018867924528,0.5233644859813084
4,clab-nebula-serf52,35,119,57,56,1,63,0.9824561403508771,0.47058823529411764,0.4666666666666667
4,clab-nebula-serf52,40,124,57,57,0,67,1.0,0.4596774193548387,0.4596774193548387
4,clab-nebula-serf52,45,134,57,57,0,77,1.0,0.4253731343283582,0.4253731343283582
4,clab-nebula-serf52,50,154,57,57,0,97,1.0,0.37012987012987014,0.37012987012987014
4,clab-nebula-serf52,55,154,57,57,0,97,1.0,0.37012987012987014,0.37012987012987014
4,clab-nebula-serf52,60,157,57,57,0,100,1.0,0.3630573248407643,0.3630573248407643
4,clab-nebula-serf71,5,0,0,0,0,0,0.0,0.0,0.0
4,clab-nebula-serf71,10,15,0,0,0,15,0,0.0,0.0
4,clab-nebula-serf71,15,33,12,12,0,21,1.0,0.36363636363636365,0.36363636363636365
4,clab-nebula-serf71,20,57,19,19,0,38,1.0,0.3333333333333333,0.3333333333333333
4,clab-nebula-serf71,25,83,24,24,0,59,1.0,0.2891566265060241,0.2891566265060241
4,clab-nebula-serf71,30,107,24,24,0,83,1.0,0.22429906542056074,0.22429906542056074
4,clab-nebula-serf71,35,119,49,48,1,71,0.9795918367346939,0.40336134453781514,0.4
4,clab-nebula-serf71,40,124,49,49,0,75,1.0,0.3951612903225806,0.3951612903225806
4,clab-nebula-serf71,45,146,49,49,0,97,1.0,0.3356164383561644,0.3356164383561644
4,clab-nebula-serf71,50,154,49,49,0,105,1.0,0.3181818181818182,0.3181818181818182
4,clab-nebula-serf71,55,156,49,49,0,107,1.0,0.3141025641025641,0.3141025641025641
4,clab-nebula-serf71,60,161,49,49,0,112,1.0,0.30434782608695654,0.30434782608695654
4,clab-nebula-serf26,5,3,0,0,0,3,0,0.0,0.0
4,clab-nebula-serf26,10,19,3,2,1,17,0.6666666666666666,0.10526315789473684,0.1
4,clab-nebula-serf26,15,31,3,3,0,28,1.0,0.0967741935483871,0.0967741935483871
4,clab-nebula-serf26,20,58,10,10,0,48,1.0,0.1724137931034483,0.1724137931034483
4,clab-nebula-serf26,25,87,10,10,0,77,1.0,0.11494252873563218,0.11494252873563218
4,clab-nebula-serf26,30,94,10,10,0,84,1.0,0.10638297872340426,0.10638297872340426
4,clab-nebula-serf26,35,108,18,18,0,90,1.0,0.16666666666666666,0.16666666666666666
4,clab-nebula-serf26,40,121,18,18,0,103,1.0,0.1487603305785124,0.1487603305785124
4,clab-nebula-serf26,45,124,18,18,0,106,1.0,0.14516129032258066,0.14516129032258066
4,clab-nebula-serf26,50,137,68,68,0,69,1.0,0.49635036496350365,0.49635036496350365
4,clab-nebula-serf26,55,154,68,68,0,86,1.0,0.44155844155844154,0.44155844155844154
4,clab-nebula-serf26,60,155,68,68,0,87,1.0,0.43870967741935485,0.43870967741935485
4,clab-nebula-serf34,5,1,0,0,0,1,0,0.0,0.0
4,clab-nebula-serf34,10,9,9,4,5,5,0.4444444444444444,0.4444444444444444,0.2857142857142857
4,clab-nebula-serf34,15,27,9,7,2,20,0.7777777777777778,0.25925925925925924,0.2413793103448276
4,clab-nebula-serf34,20,67,9,9,0,58,1.0,0.13432835820895522,0.13432835820895522
4,clab-nebula-serf34,25,85,9,9,0,76,1.0,0.10588235294117647,0.10588235294117647
4,clab-nebula-serf34,30,95,41,40,1,55,0.975609756097561,0.42105263157894735,0.4166666666666667
4,clab-nebula-serf34,35,112,68,67,1,45,0.9852941176470589,0.5982142857142857,0.5929203539823009
4,clab-nebula-serf34,40,121,68,68,0,53,1.0,0.5619834710743802,0.5619834710743802
4,clab-nebula-serf34,45,124,68,68,0,56,1.0,0.5483870967741935,0.5483870967741935
4,clab-nebula-serf34,50,149,68,68,0,81,1.0,0.4563758389261745,0.4563758389261745
4,clab-nebula-serf34,55,154,68,68,0,86,1.0,0.44155844155844154,0.44155844155844154
4,clab-nebula-serf34,60,156,68,68,0,88,1.0,0.4358974358974359,0.4358974358974359
4,clab-nebula-serf126,5,0,0,0,0,0,0.0,0.0,0.0
4,clab-nebula-serf126,10,3,0,0,0,3,0,0.0,0.0
4,clab-nebula-serf126,15,15,2,2,0,13,1.0,0.13333333333333333,0.13333333333333333
4,clab-nebula-serf126,20,47,15,15,0,32,1.0,0.3191489361702128,0.3191489361702128
4,clab-nebula-serf126,25,59,15,15,0,44,1.0,0.2542372881355932,0.2542372881355932
4,clab-nebula-serf126,30,92,23,20,3,72,0.8695652173913043,0.21739130434782608,0.21052631578947367
4,clab-nebula-serf126,35,121,23,22,1,99,0.9565217391304348,0.18181818181818182,0.18032786885245902
4,clab-nebula-serf126,40,138,23,23,0,115,1.0,0.16666666666666666,0.16666666666666666
4,clab-nebula-serf126,45,146,23,23,0,123,1.0,0.15753424657534246,0.15753424657534246
4,clab-nebula-serf126,50,156,27,27,0,129,1.0,0.17307692307692307,0.17307692307692307
4,clab-nebula-serf126,55,161,27,27,0,134,1.0,0.16770186335403728,0.16770186335403728
4,clab-nebula-serf126,60,161,27,27,0,134,1.0,0.16770186335403728,0.16770186335403728
4,clab-nebula-serf36,5,0,0,0,0,0,0.0,0.0,0.0
4,clab-nebula-serf36,10,2,0,0,0,2,0,0.0,0.0
4,clab-nebula-serf36,15,17,9,6,3,11,0.6666666666666666,0.35294117647058826,0.3
4,clab-nebula-serf36,20,53,9,8,1,45,0.8888888888888888,0.1509433962264151,0.14814814814814814
4,clab-nebula-serf36,25,79,9,9,0,70,1.0,0.11392405063291139,0.11392405063291139
4,clab-nebula-serf36,30,92,35,35,0,57,1.0,0.3804347826086957,0.3804347826086957
4,clab-nebula-serf36,35,108,41,40,1,68,0.975609756097561,0.37037037037037035,0.3669724770642202
4,clab-nebula-serf36,40,121,68,68,0,53,1.0,0.5619834710743802,0.5619834710743802
4,clab-nebula-serf36,45,124,68,68,0,56,1.0,0.5483870967741935,0.5483870967741935
4,clab-nebula-serf36,50,137,68,68,0,69,1.0,0.49635036496350365,0.49635036496350365
4,clab-nebula-serf36,55,154,68,68,0,86,1.0,0.44155844155844154,0.44155844155844154
4,clab-nebula-serf36,60,154,68,68,0,86,1.0,0.44155844155844154,0.44155844155844154
4,clab-nebula-serf82,5,0,0,0,0,0,0.0,0.0,0.0
4,clab-nebula-serf82,10,0,0,0,0,0,0.0,0.0,0.0
4,clab-nebula-serf82,15,0,0,0,0,0,0.0,0.0,0.0
4,clab-nebula-serf82,20,0,0,0,0,0,0.0,0.0,0.0
4,clab-nebula-serf82,25,0,0,0,0,0,0.0,0.0,0.0
4,clab-nebula-serf82,30,0,0,0,0,0,0.0,0.0,0.0
4,clab-nebula-serf82,35,16,0,0,0,16,0,0.0,0.0
4,clab-nebula-serf82,40,61,31,28,3,33,0.9032258064516129,0.45901639344262296,0.4375
4,clab-nebula-serf82,45,94,41,39,2,55,0.9512195121951219,0.4148936170212766,0.40625
4,clab-nebula-serf82,50,111,41,41,0,70,1.0,0.36936936936936937,0.36936936936936937
4,clab-nebula-serf82,55,121,56,55,1,66,0.9821428571428571,0.45454545454545453,0.45081967213114754
4,clab-nebula-serf82,60,148,57,57,0,91,1.0,0.38513513513513514,0.38513513513513514
4,clab-nebula-serf85,5,0,0,0,0,0,0.0,0.0,0.0
4,clab-nebula-serf85,10,4,0,0,0,4,0,0.0,0.0
4,clab-nebula-serf85,15,19,0,0,0,19,0,0.0,0.0
4,clab-nebula-serf85,20,35,0,0,0,35,0,0.0,0.0
4,clab-nebula-serf85,25,57,6,6,0,51,1.0,0.10526315789473684,0.10526315789473684
4,clab-nebula-serf85,30,82,6,6,0,76,1.0,0.07317073170731707,0.07317073170731707
4,clab-nebula-serf85,35,111,6,6,0,105,1.0,0.05405405405405406,0.05405405405405406
4,clab-nebula-serf85,40,119,6,6,0,113,1.0,0.05042016806722689,0.05042016806722689
4,clab-nebula-serf85,45,134,6,6,0,128,1.0,0.04477611940298507,0.04477611940298507
4,clab-nebula-serf85,50,149,7,7,0,142,1.0,0.04697986577181208,0.04697986577181208
4,clab-nebula-serf85,55,154,7,7,0,147,1.0,0.045454545454545456,0.045454545454545456
4,clab-nebula-serf85,60,157,7,7,0,150,1.0,0.044585987261146494,0.044585987261146494
4,clab-nebula-serf97,5,5,0,0,0,5,0,0.0,0.0
4,clab-nebula-serf97,10,7,0,0,0,7,0,0.0,0.0
4,clab-nebula-serf97,15,7,0,0,0,7,0,0.0,0.0
4,clab-nebula-serf97,20,9,0,0,0,9,0,0.0,0.0
4,clab-nebula-serf97,25,17,7,7,0,10,1.0,0.4117647058823529,0.4117647058823529
4,clab-nebula-serf97,30,41,29,23,6,18,0.7931034482758621,0.5609756097560976,0.48936170212765956
4,clab-nebula-serf97,35,80,29,29,0,51,1.0,0.3625,0.3625
4,clab-nebula-serf97,40,126,29,29,0,97,1.0,0.23015873015873015,0.23015873015873015
4,clab-nebula-serf97,45,149,29,29,0,120,1.0,0.19463087248322147,0.19463087248322147
4,clab-nebula-serf97,50,159,29,29,0,130,1.0,0.18238993710691823,0.18238993710691823
4,clab-nebula-serf97,55,161,29,29,0,132,1.0,0.18012422360248448,0.18012422360248448
4,clab-nebula-serf97,60,161,29,29,0,132,1.0,0.18012422360248448,0.18012422360248448
4,clab-nebula-serf99,5,6,0,0,0,6,0,0.0,0.0
4,clab-nebula-serf99,10,7,0,0,0,7,0,0.0,0.0
4,clab-nebula-serf99,15,7,0,0,0,7,0,0.0,0.0
4,clab-nebula-serf99,20,11,0,0,0,11,0,0.0,0.0
4,clab-nebula-serf99,25,24,7,7,0,17,1.0,0.2916666666666667,0.2916666666666667
4,clab-nebula-serf99,30,52,29,28,1,24,0.9655172413793104,0.5384615384615384,0.5283018867924528
4,clab-nebula-serf99,35,82,29,29,0,53,1.0,0.35365853658536583,0.35365853658536583
4,clab-nebula-serf99,40,137,29,29,0,108,1.0,0.2116788321167883,0.2116788321167883
4,clab-nebula-serf99,45,148,29,29,0,119,1.0,0.19594594594594594,0.19594594594594594
4,clab-nebula-serf99,50,159,29,29,0,130,1.0,0.18238993710691823,0.18238993710691823
4,clab-nebula-serf99,55,160,29,29,0,131,1.0,0.18125,0.18125
4,clab-nebula-serf99,60,161,29,29,0,132,1.0,0.18012422360248448,0.18012422360248448
4,clab-nebula-serf124,5,0,0,0,0,0,0.0,0.0,0.0
4,clab-nebula-serf124,10,3,0,0,0,3,0,0.0,0.0
4,clab-nebula-serf124,15,8,0,0,0,8,0,0.0,0.0
4,clab-nebula-serf124,20,15,0,0,0,15,0,0.0,0.0
4,clab-nebula-serf124,25,29,0,0,0,29,0,0.0,0.0
4,clab-nebula-serf124,30,81,3,0,3,81,0.0,0.0,0.0
4,clab-nebula-serf124,35,114,4,3,1,111,0.75,0.02631578947368421,0.02608695652173913
4,clab-nebula-serf124,40,133,3,3,0,130,1.0,0.022556390977443608,0.022556390977443608
4,clab-nebula-serf124,45,145,3,3,0,142,1.0,0.020689655172413793,0.020689655172413793
4,clab-nebula-serf124,50,156,27,27,0,129,1.0,0.17307692307692307,0.17307692307692307
4,clab-nebula-serf124,55,161,27,27,0,134,1.0,0.16770186335403728,0.16770186335403728
4,clab-nebula-serf124,60,161,27,27,0,134,1.0,0.16770186335403728,0.16770186335403728
4,clab-nebula-serf157,5,4,0,0,0,4,0,0.0,0.0
4,clab-nebula-serf157,10,4,0,0,0,4,0,0.0,0.0
4,clab-nebula-serf157,15,5,0,0,0,5,0,0.0,0.0
4,clab-nebula-serf157,20,9,10,6,4,3,0.6,0.6666666666666666,0.46153846153846156
4,clab-nebula-serf157,25,16,24,12,12,4,0.5,0.75,0.42857142857142855
4,clab-nebula-serf157,30,35,10,10,0,25,1.0,0.2857142857142857,0.2857142857142857
4,clab-nebula-serf157,35,40,24,24,0,16,1.0,0.6,0.6
4,clab-nebula-serf157,40,54,35,32,3,22,0.9142857142857143,0.5925925925925926,0.5614035087719298
4,clab-nebula-serf157,45,70,37,35,2,35,0.9459459459459459,0.5,0.4861111111111111
4,clab-nebula-serf157,50,109,44,44,0,65,1.0,0.4036697247706422,0.4036697247706422
4,clab-nebula-serf157,55,136,49,48,1,88,0.9795918367346939,0.35294117647058826,0.35036496350364965
4,clab-nebula-serf157,60,148,49,49,0,99,1.0,0.3310810810810811,0.3310810810810811
4,clab-nebula-serf159,5,4,0,0,0,4,0,0.0,0.0
4,clab-nebula-serf159,10,4,0,0,0,4,0,0.0,0.0
4,clab-nebula-serf159,15,5,0,0,0,5,0,0.0,0.0
4,clab-nebula-serf159,20,9,10,6,4,3,0.6,0.6666666666666666,0.46153846153846156
4,clab-nebula-serf159,25,16,24,12,12,4,0.5,0.75,0.42857142857142855
4,clab-nebula-serf159,30,35,10,10,0,25,1.0,0.2857142857142857,0.2857142857142857
4,clab-nebula-serf159,35,40,24,24,0,16,1.0,0.6,0.6
4,clab-nebula-serf159,40,54,35,32,3,22,0.9142857142857143,0.5925925925925926,0.5614035087719298
4,clab-nebula-serf159,45,70,37,35,2,35,0.9459459459459459,0.5,0.4861111111111111
4,clab-nebula-serf159,50,108,44,44,0,64,1.0,0.4074074074074074,0.4074074074074074
4,clab-nebula-serf159,55,136,49,48,1,88,0.9795918367346939,0.35294117647058826,0.35036496350364965
4,clab-nebula-serf159,60,148,49,49,0,99,1.0,0.3310810810810811,0.3310810810810811
4,clab-nebula-serf1,5,0,0,0,0,0,0.0,0.0,0.0
4,clab-nebula-serf1,10,6,0,0,0,6,0,0.0,0.0
4,clab-nebula-serf1,15,12,0,0,0,12,0,0.0,0.0
4,clab-nebula-serf1,20,19,7,7,0,12,1.0,0.3684210526315789,0.3684210526315789
4,clab-nebula-serf1,25,37,14,14,0,23,1.0,0.3783783783783784,0.3783783783783784
4,clab-nebula-serf1,30,74,14,14,0,60,1.0,0.1891891891891892,0.1891891891891892
4,clab-nebula-serf1,35,91,14,14,0,77,1.0,0.15384615384615385,0.15384615384615385
4,clab-nebula-serf1,40,107,14,14,0,93,1.0,0.1308411214953271,0.1308411214953271
4,clab-nebula-serf1,45,117,14,14,0,103,1.0,0.11965811965811966,0.11965811965811966
4,clab-nebula-serf1,50,121,64,63,1,58,0.984375,0.5206611570247934,0.5163934426229508
4,clab-nebula-serf1,55,133,80,80,0,53,1.0,0.6015037593984962,0.6015037593984962
4,clab-nebula-serf1,60,153,80,80,0,73,1.0,0.5228758169934641,0.5228758169934641
4,clab-nebula-serf33,5,3,0,0,0,3,0,0.0,0.0
4,clab-nebula-serf33,10,20,9,7,2,13,0.7777777777777778,0.35,0.3181818181818182
4,clab-nebula-serf33,15,53,9,9,0,44,1.0,0.16981132075471697,0.16981132075471697
4,clab-nebula-serf33,20,78,9,9,0,69,1.0,0.11538461538461539,0.11538461538461539
4,clab-nebula-serf33,25,90,35,35,0,55,1.0,0.3888888888888889,0.3888888888888889
4,clab-nebula-serf33,30,105,41,40,1,65,0.975609756097561,0.38095238095238093,0.37735849056603776
4,clab-nebula-serf33,35,119,68,67,1,52,0.9852941176470589,0.5630252100840336,0.5583333333333333
4,clab-nebula-serf33,40,124,68,68,0,56,1.0,0.5483870967741935,0.5483870967741935
4,clab-nebula-serf33,45,128,68,68,0,60,1.0,0.53125,0.53125
4,clab-nebula-serf33,50,154,68,68,0,86,1.0,0.44155844155844154,0.44155844155844154
4,clab-nebula-serf33,55,154,68,68,0,86,1.0,0.44155844155844154,0.44155844155844154
4,clab-nebula-serf33,60,157,68,68,0,89,1.0,0.43312101910828027,0.43312101910828027
4,clab-nebula-serf123,5,0,0,0,0,0,0.0,0.0,0.0
4,clab-nebula-serf123,10,2,0,0,0,2,0,0.0,0.0
4,clab-nebula-serf123,15,11,1,1,0,10,1.0,0.09090909090909091,0.09090909090909091
4,clab-nebula-serf123,20,16,2,1,1,15,0.5,0.0625,0.058823529411764705
4,clab-nebula-serf123,25,42,2,2,0,40,1.0,0.047619047619047616,0.047619047619047616
4,clab-nebula-serf123,30,89,2,2,0,87,1.0,0.02247191011235955,0.02247191011235955
4,clab-nebula-serf123,35,128,12,12,0,116,1.0,0.09375,0.09375
4,clab-nebula-serf123,40,143,16,16,0,127,1.0,0.11188811188811189,0.11188811188811189
4,clab-nebula-serf123,45,152,16,16,0,136,1.0,0.10526315789473684,0.10526315789473684
4,clab-nebula-serf123,50,158,16,16,0,142,1.0,0.10126582278481013,0.10126582278481013
4,clab-nebula-serf123,55,161,16,16,0,145,1.0,0.09937888198757763,0.09937888198757763
4,clab-nebula-serf123,60,161,16,16,0,145,1.0,0.09937888198757763,0.09937888198757763
4,clab-nebula-serf135,5,0,0,0,0,0,0.0,0.0,0.0
4,clab-nebula-serf135,10,0,0,0,0,0,0.0,0.0,0.0
4,clab-nebula-serf135,15,1,0,0,0,1,0,0.0,0.0
4,clab-nebula-serf135,20,14,0,0,0,14,0,0.0,0.0
4,clab-nebula-serf135,25,15,11,11,0,4,1.0,0.7333333333333333,0.7333333333333333
4,clab-nebula-serf135,30,25,14,14,0,11,1.0,0.56,0.56
4,clab-nebula-serf135,35,42,20,20,0,22,1.0,0.47619047619047616,0.47619047619047616
4,clab-nebula-serf135,40,54,20,20,0,34,1.0,0.37037037037037035,0.37037037037037035
4,clab-nebula-serf135,45,91,23,21,2,70,0.9130434782608695,0.23076923076923078,0.22580645161290322
4,clab-nebula-serf135,50,112,23,22,1,90,0.9565217391304348,0.19642857142857142,0.19469026548672566
4,clab-nebula-serf135,55,137,23,23,0,114,1.0,0.1678832116788321,0.1678832116788321
4,clab-nebula-serf135,60,146,23,23,0,123,1.0,0.15753424657534246,0.15753424657534246
4,clab-nebula-serf13,5,0,0,0,0,0,0.0,0.0,0.0
4,clab-nebula-serf13,10,7,0,0,0,7,0,0.0,0.0
4,clab-nebula-serf13,15,24,0,0,0,24,0,0.0,0.0
4,clab-nebula-serf13,20,50,14,9,5,41,0.6428571428571429,0.18,0.16363636363636364
4,clab-nebula-serf13,25,76,14,12,2,64,0.8571428571428571,0.15789473684210525,0.15384615384615385
4,clab-nebula-serf13,30,92,14,14,0,78,1.0,0.15217391304347827,0.15217391304347827
4,clab-nebula-serf13,35,110,14,14,0,96,1.0,0.12727272727272726,0.12727272727272726
4,clab-nebula-serf13,40,120,59,58,1,62,0.9830508474576272,0.48333333333333334,0.4793388429752066
4,clab-nebula-serf13,45,124,59,59,0,65,1.0,0.47580645161290325,0.47580645161290325
4,clab-nebula-serf13,50,144,59,59,0,85,1.0,0.4097222222222222,0.4097222222222222
4,clab-nebula-serf13,55,154,59,59,0,95,1.0,0.38311688311688313,0.38311688311688313
4,clab-nebula-serf13,60,157,59,59,0,98,1.0,0.37579617834394907,0.37579617834394907
4,clab-nebula-serf47,5,4,0,0,0,4,0,0.0,0.0
4,clab-nebula-serf47,10,12,5,5,0,7,1.0,0.4166666666666667,0.4166666666666667
4,clab-nebula-serf47,15,25,5,5,0,20,1.0,0.2,0.2
4,clab-nebula-serf47,20,51,10,9,1,42,0.9,0.17647058823529413,0.17307692307692307
4,clab-nebula-serf47,25,82,10,10,0,72,1.0,0.12195121951219512,0.12195121951219512
4,clab-nebula-serf47,30,100,18,18,0,82,1.0,0.18,0.18
4,clab-nebula-serf47,35,120,18,18,0,102,1.0,0.15,0.15
4,clab-nebula-serf47,40,124,18,18,0,106,1.0,0.14516129032258066,0.14516129032258066
4,clab-nebula-serf47,45,126,69,69,0,57,1.0,0.5476190476190477,0.5476190476190477
4,clab-nebula-serf47,50,154,69,69,0,85,1.0,0.44805194805194803,0.44805194805194803
4,clab-nebula-serf47,55,154,69,69,0,85,1.0,0.44805194805194803,0.44805194805194803
4,clab-nebula-serf47,60,156,69,69,0,87,1.0,0.4423076923076923,0.4423076923076923
4,clab-nebula-serf84,5,0,0,0,0,0,0.0,0.0,0.0
4,clab-nebula-serf84,10,0,0,0,0,0,0.0,0.0,0.0
4,clab-nebula-serf84,15,4,0,0,0,4,0,0.0,0.0
4,clab-nebula-serf84,20,18,0,0,0,18,0,0.0,0.0
4,clab-nebula-serf84,25,35,0,0,0,35,0,0.0,0.0
4,clab-nebula-serf84,30,57,6,6,0,51,1.0,0.10526315789473684,0.10526315789473684
4,clab-nebula-serf84,35,81,6,6,0,75,1.0,0.07407407407407407,0.07407407407407407
4,clab-nebula-serf84,40,110,6,6,0,104,1.0,0.05454545454545454,0.05454545454545454
4,clab-nebula-serf84,45,119,6,6,0,113,1.0,0.05042016806722689,0.05042016806722689
4,clab-nebula-serf84,50,128,6,6,0,122,1.0,0.046875,0.046875
4,clab-nebula-serf84,55,142,7,7,0,135,1.0,0.04929577464788732,0.04929577464788732
4,clab-nebula-serf84,60,154,7,7,0,147,1.0,0.045454545454545456,0.045454545454545456
4,clab-nebula-serf92,5,0,0,0,0,0,0.0,0.0,0.0
4,clab-nebula-serf92,10,9,0,0,0,9,0,0.0,0.0
4,clab-nebula-serf92,15,30,0,0,0,30,0,0.0,0.0
4,clab-nebula-serf92,20,47,6,6,0,41,1.0,0.1276595744680851,0.1276595744680851
4,clab-nebula-serf92,25,77,8,8,0,69,1.0,0.1038961038961039,0.1038961038961039
4,clab-nebula-serf92,30,103,8,8,0,95,1.0,0.07766990291262135,0.07766990291262135
4,clab-nebula-serf92,35,118,8,8,0,110,1.0,0.06779661016949153,0.06779661016949153
4,clab-nebula-serf92,40,123,8,8,0,115,1.0,0.06504065040650407,0.06504065040650407
4,clab-nebula-serf92,45,137,8,8,0,129,1.0,0.058394160583941604,0.058394160583941604
4,clab-nebula-serf92,50,154,19,19,0,135,1.0,0.12337662337662338,0.12337662337662338
4,clab-nebula-serf92,55,154,19,19,0,135,1.0,0.12337662337662338,0.12337662337662338
4,clab-nebula-serf92,60,158,19,19,0,139,1.0,0.12025316455696203,0.12025316455696203
4,clab-nebula-serf106,5,0,0,0,0,0,0.0,0.0,0.0
4,clab-nebula-serf106,10,2,0,0,0,2,0,0.0,0.0
4,clab-nebula-serf106,15,4,0,0,0,4,0,0.0,0.0
4,clab-nebula-serf106,20,8,0,0,0,8,0,0.0,0.0
4,clab-nebula-serf106,25,27,12,10,2,17,0.8333333333333334,0.37037037037037035,0.3448275862068966
4,clab-nebula-serf106,30,55,19,19,0,36,1.0,0.34545454545454546,0.34545454545454546
4,clab-nebula-serf106,35,86,19,19,0,67,1.0,0.22093023255813954,0.22093023255813954
4,clab-nebula-serf106,40,130,19,19,0,111,1.0,0.14615384615384616,0.14615384615384616
4,clab-nebula-serf106,45,145,19,19,0,126,1.0,0.1310344827586207,0.1310344827586207
4,clab-nebula-serf106,50,153,19,19,0,134,1.0,0.12418300653594772,0.12418300653594772
4,clab-nebula-serf106,55,155,19,19,0,136,1.0,0.12258064516129032,0.12258064516129032
4,clab-nebula-serf106,60,161,19,19,0,142,1.0,0.11801242236024845,0.11801242236024845
4,clab-nebula-serf108,5,0,0,0,0,0,0.0,0.0,0.0
4,clab-nebula-serf108,10,2,0,0,0,2,0,0.0,0.0
4,clab-nebula-serf108,15,7,0,0,0,7,0,0.0,0.0
4,clab-nebula-serf108,20,16,10,10,0,6,1.0,0.625,0.625
4,clab-nebula-serf108,25,46,19,17,2,29,0.8947368421052632,0.3695652173913043,0.3541666666666667
4,clab-nebula-serf108,30,73,19,19,0,54,1.0,0.2602739726027397,0.2602739726027397
4,clab-nebula-serf108,35,122,19,19,0,103,1.0,0.1557377049180328,0.1557377049180328
4,clab-nebula-serf108,40,144,19,19,0,125,1.0,0.13194444444444445,0.13194444444444445
4,clab-nebula-serf108,45,149,19,19,0,130,1.0,0.12751677852348994,0.12751677852348994
4,clab-nebula-serf108,50,155,19,19,0,136,1.0,0.12258064516129032,0.12258064516129032
4,clab-nebula-serf108,55,158,19,19,0,139,1.0,0.12025316455696203,0.12025316455696203
4,clab-nebula-serf108,60,161,19,19,0,142,1.0,0.11801242236024845,0.11801242236024845
4,clab-nebula-serf119,5,2,0,0,0,2,0,0.0,0.0
4,clab-nebula-serf119,10,2,0,0,0,2,0,0.0,0.0
4,clab-nebula-serf119,15,2,0,0,0,2,0,0.0,0.0
4,clab-nebula-serf119,20,2,0,0,0,2,0,0.0,0.0
4,clab-nebula-serf119,25,3,2,2,0,1,1.0,0.6666666666666666,0.6666666666666666
4,clab-nebula-serf119,30,3,2,2,0,1,1.0,0.6666666666666666,0.6666666666666666
4,clab-nebula-serf119,35,3,2,2,0,1,1.0,0.6666666666666666,0.6666666666666666
4,clab-nebula-serf119,40,4,3,3,0,1,1.0,0.75,0.75
4,clab-nebula-serf119,45,5,3,3,0,2,1.0,0.6,0.6
4,clab-nebula-serf119,50,17,3,3,0,14,1.0,0.17647058823529413,0.17647058823529413
4,clab-nebula-serf119,55,27,3,3,0,24,1.0,0.1111111111111111,0.1111111111111111
4,clab-nebula-serf119,60,53,2,2,0,51,1.0,0.03773584905660377,0.03773584905660377
4,clab-nebula-serf125,5,0,0,0,0,0,0.0,0.0,0.0
4,clab-nebula-serf125,10,3,0,0,0,3,0,0.0,0.0
4,clab-nebula-serf125,15,12,2,2,0,10,1.0,0.16666666666666666,0.16666666666666666
4,clab-nebula-serf125,20,45,15,15,0,30,1.0,0.3333333333333333,0.3333333333333333
4,clab-nebula-serf125,25,58,15,15,0,43,1.0,0.25862068965517243,0.25862068965517243
4,clab-nebula-serf125,30,84,23,20,3,64,0.8695652173913043,0.23809523809523808,0.22988505747126436
4,clab-nebula-serf125,35,112,23,22,1,90,0.9565217391304348,0.19642857142857142,0.19469026548672566
4,clab-nebula-serf125,40,137,23,23,0,114,1.0,0.1678832116788321,0.1678832116788321
4,clab-nebula-serf125,45,146,23,23,0,123,1.0,0.15753424657534246,0.15753424657534246
4,clab-nebula-serf125,50,155,27,27,0,128,1.0,0.17419354838709677,0.17419354838709677
4,clab-nebula-serf125,55,161,27,27,0,134,1.0,0.16770186335403728,0.16770186335403728
4,clab-nebula-serf125,60,161,27,27,0,134,1.0,0.16770186335403728,0.16770186335403728
4,clab-nebula-serf54,5,1,0,0,0,1,0,0.0,0.0
4,clab-nebula-serf54,10,11,5,5,0,6,1.0,0.45454545454545453,0.45454545454545453
4,clab-nebula-serf54,15,35,8,8,0,27,1.0,0.22857142857142856,0.22857142857142856
4,clab-nebula-serf54,20,66,24,24,0,42,1.0,0.36363636363636365,0.36363636363636365
4,clab-nebula-serf54,25,83,24,24,0,59,1.0,0.2891566265060241,0.2891566265060241
4,clab-nebula-serf54,30,99,24,24,0,75,1.0,0.24242424242424243,0.24242424242424243
4,clab-nebula-serf54,35,119,57,56,1,63,0.9824561403508771,0.47058823529411764,0.4666666666666667
4,clab-nebula-serf54,40,122,57,57,0,65,1.0,0.4672131147540984,0.4672131147540984
4,clab-nebula-serf54,45,126,57,57,0,69,1.0,0.4523809523809524,0.4523809523809524
4,clab-nebula-serf54,50,153,57,57,0,96,1.0,0.37254901960784315,0.37254901960784315
4,clab-nebula-serf54,55,154,57,57,0,97,1.0,0.37012987012987014,0.37012987012987014
4,clab-nebula-serf54,60,157,57,57,0,100,1.0,0.3630573248407643,0.3630573248407643
4,clab-nebula-serf57,5,4,0,0,0,4,0,0.0,0.0
4,clab-nebula-serf57,10,13,0,0,0,13,0,0.0,0.0
4,clab-nebula-serf57,15,57,24,24,0,33,1.0,0.42105263157894735,0.42105263157894735
4,clab-nebula-serf57,20,76,24,24,0,52,1.0,0.3157894736842105,0.3157894736842105
4,clab-nebula-serf57,25,90,41,40,1,50,0.975609756097561,0.4444444444444444,0.43956043956043955
4,clab-nebula-serf57,30,113,56,55,1,58,0.9821428571428571,0.48672566371681414,0.4824561403508772
4,clab-nebula-serf57,35,121,56,56,0,65,1.0,0.4628099173553719,0.4628099173553719
4,clab-nebula-serf57,40,124,57,57,0,67,1.0,0.4596774193548387,0.4596774193548387
4,clab-nebula-serf57,45,144,57,57,0,87,1.0,0.3958333333333333,0.3958333333333333
4,clab-nebula-serf57,50,154,57,57,0,97,1.0,0.37012987012987014,0.37012987012987014
4,clab-nebula-serf57,55,155,57,57,0,98,1.0,0.36774193548387096,0.36774193548387096
4,clab-nebula-serf57,60,158,57,57,0,101,1.0,0.36075949367088606,0.36075949367088606
4,clab-nebula-serf24,5,0,0,0,0,0,0.0,0.0,0.0
4,clab-nebula-serf24,10,2,0,0,0,2,0,0.0,0.0
4,clab-nebula-serf24,15,5,0,0,0,5,0,0.0,0.0
4,clab-nebula-serf24,20,17,0,0,0,17,0,0.0,0.0
4,clab-nebula-serf24,25,29,3,3,0,26,1.0,0.10344827586206896,0.10344827586206896
4,clab-nebula-serf24,30,48,10,10,0,38,1.0,0.20833333333333334,0.20833333333333334
4,clab-nebula-serf24,35,83,10,10,0,73,1.0,0.12048192771084337,0.12048192771084337
4,clab-nebula-serf24,40,93,10,10,0,83,1.0,0.10752688172043011,0.10752688172043011
4,clab-nebula-serf24,45,103,18,18,0,85,1.0,0.17475728155339806,0.17475728155339806
4,clab-nebula-serf24,50,120,18,18,0,102,1.0,0.15,0.15
4,clab-nebula-serf24,55,124,18,18,0,106,1.0,0.14516129032258066,0.14516129032258066
4,clab-nebula-serf24,60,129,68,68,0,61,1.0,0.5271317829457365,0.5271317829457365
4,clab-nebula-serf42,5,0,0,0,0,0,0.0,0.0,0.0
4,clab-nebula-serf42,10,0,0,0,0,0,0.0,0.0,0.0
4,clab-nebula-serf42,15,2,0,0,0,2,0,0.0,0.0
4,clab-nebula-serf42,20,15,9,5,4,10,0.5555555555555556,0.3333333333333333,0.2631578947368421
4,clab-nebula-serf42,25,38,9,8,1,30,0.8888888888888888,0.21052631578947367,0.20512820512820512
4,clab-nebula-serf42,30,71,9,9,0,62,1.0,0.1267605633802817,0.1267605633802817
4,clab-nebula-serf42,35,88,35,35,0,53,1.0,0.3977272727272727,0.3977272727272727
4,clab-nebula-serf42,40,101,41,40,1,61,0.975609756097561,0.39603960396039606,0.39215686274509803
4,clab-nebula-serf42,45,117,68,67,1,50,0.9852941176470589,0.5726495726495726,0.5677966101694916
4,clab-nebula-serf42,50,123,68,68,0,55,1.0,0.5528455284552846,0.5528455284552846
4,clab-nebula-serf42,55,127,68,68,0,59,1.0,0.5354330708661418,0.5354330708661418
4,clab-nebula-serf42,60,153,68,68,0,85,1.0,0.4444444444444444,0.4444444444444444
4,clab-nebula-serf48,5,0,0,0,0,0,0.0,0.0,0.0
4,clab-nebula-serf48,10,5,0,0,0,5,0,0.0,0.0
4,clab-nebula-serf48,15,21,1,1,0,20,1.0,0.047619047619047616,0.047619047619047616
4,clab-nebula-serf48,20,37,1,1,0,36,1.0,0.02702702702702703,0.02702702702702703
4,clab-nebula-serf48,25,79,4,4,0,75,1.0,0.05063291139240506,0.05063291139240506
4,clab-nebula-serf48,30,88,41,40,1,48,0.975609756097561,0.45454545454545453,0.449438202247191
4,clab-nebula-serf48,35,114,41,40,1,74,0.975609756097561,0.3508771929824561,0.34782608695652173
4,clab-nebula-serf48,40,121,41,41,0,80,1.0,0.33884297520661155,0.33884297520661155
4,clab-nebula-serf48,45,124,69,69,0,55,1.0,0.5564516129032258,0.5564516129032258
4,clab-nebula-serf48,50,141,69,69,0,72,1.0,0.48936170212765956,0.48936170212765956
4,clab-nebula-serf48,55,154,69,69,0,85,1.0,0.44805194805194803,0.44805194805194803
4,clab-nebula-serf48,60,155,69,69,0,86,1.0,0.44516129032258067,0.44516129032258067
4,clab-nebula-serf2,5,0,0,0,0,0,0.0,0.0,0.0
4,clab-nebula-serf2,10,1,1,0,1,1,0.0,0.0,0.0
4,clab-nebula-serf2,15,5,1,1,0,4,1.0,0.2,0.2
4,clab-nebula-serf2,20,10,1,1,0,9,1.0,0.1,0.1
4,clab-nebula-serf2,25,19,1,1,0,18,1.0,0.05263157894736842,0.05263157894736842
4,clab-nebula-serf2,30,32,7,7,0,25,1.0,0.21875,0.21875
4,clab-nebula-serf2,35,67,14,14,0,53,1.0,0.208955223880597,0.208955223880597
4,clab-nebula-serf2,40,84,14,14,0,70,1.0,0.16666666666666666,0.16666666666666666
4,clab-nebula-serf2,45,99,14,14,0,85,1.0,0.1414141414141414,0.1414141414141414
4,clab-nebula-serf2,50,114,14,14,0,100,1.0,0.12280701754385964,0.12280701754385964
4,clab-nebula-serf2,55,120,14,14,0,106,1.0,0.11666666666666667,0.11666666666666667
4,clab-nebula-serf2,60,124,64,64,0,60,1.0,0.5161290322580645,0.5161290322580645
4,clab-nebula-serf21,5,2,0,0,0,2,0,0.0,0.0
4,clab-nebula-serf21,10,4,0,0,0,4,0,0.0,0.0
4,clab-nebula-serf21,15,16,0,0,0,16,0,0.0,0.0
4,clab-nebula-serf21,20,32,5,5,0,27,1.0,0.15625,0.15625
4,clab-nebula-serf21,25,56,10,10,0,46,1.0,0.17857142857142858,0.17857142857142858
4,clab-nebula-serf21,30,84,10,10,0,74,1.0,0.11904761904761904,0.11904761904761904
4,clab-nebula-serf21,35,94,10,10,0,84,1.0,0.10638297872340426,0.10638297872340426
4,clab-nebula-serf21,40,107,18,18,0,89,1.0,0.16822429906542055,0.16822429906542055
4,clab-nebula-serf21,45,121,18,18,0,103,1.0,0.1487603305785124,0.1487603305785124
4,clab-nebula-serf21,50,124,68,68,0,56,1.0,0.5483870967741935,0.5483870967741935
4,clab-nebula-serf21,55,133,68,68,0,65,1.0,0.5112781954887218,0.5112781954887218
4,clab-nebula-serf21,60,154,68,68,0,86,1.0,0.44155844155844154,0.44155844155844154
4,clab-nebula-serf67,5,0,0,0,0,0,0.0,0.0,0.0
4,clab-nebula-serf67,10,5,0,0,0,5,0,0.0,0.0
4,clab-nebula-serf67,15,26,0,0,0,26,0,0.0,0.0
4,clab-nebula-serf67,20,41,19,19,0,22,1.0,0.4634146341463415,0.4634146341463415
4,clab-nebula-serf67,25,76,24,24,0,52,1.0,0.3157894736842105,0.3157894736842105
4,clab-nebula-serf67,30,98,24,24,0,74,1.0,0.24489795918367346,0.24489795918367346
4,clab-nebula-serf67,35,115,49,48,1,67,0.9795918367346939,0.41739130434782606,0.41379310344827586
4,clab-nebula-serf67,40,122,49,49,0,73,1.0,0.4016393442622951,0.4016393442622951
4,clab-nebula-serf67,45,135,49,49,0,86,1.0,0.362962962962963,0.362962962962963
4,clab-nebula-serf67,50,154,49,49,0,105,1.0,0.3181818181818182,0.3181818181818182
4,clab-nebula-serf67,55,154,49,49,0,105,1.0,0.3181818181818182,0.3181818181818182
4,clab-nebula-serf67,60,158,49,49,0,109,1.0,0.310126582278481,0.310126582278481
4,clab-nebula-serf102,5,5,0,0,0,5,0,0.0,0.0
4,clab-nebula-serf102,10,7,0,0,0,7,0,0.0,0.0
4,clab-nebula-serf102,15,7,0,0,0,7,0,0.0,0.0
4,clab-nebula-serf102,20,10,0,0,0,10,0,0.0,0.0
4,clab-nebula-serf102,25,21,7,7,0,14,1.0,0.3333333333333333,0.3333333333333333
4,clab-nebula-serf102,30,40,29,22,7,18,0.7586206896551724,0.55,0.46808510638297873
4,clab-nebula-serf102,35,76,29,29,0,47,1.0,0.3815789473684211,0.3815789473684211
4,clab-nebula-serf102,40,124,29,29,0,95,1.0,0.23387096774193547,0.23387096774193547
4,clab-nebula-serf102,45,144,29,29,0,115,1.0,0.2013888888888889,0.2013888888888889
4,clab-nebula-serf102,50,157,29,29,0,128,1.0,0.18471337579617833,0.18471337579617833
4,clab-nebula-serf102,55,160,29,29,0,131,1.0,0.18125,0.18125
4,clab-nebula-serf102,60,161,29,29,0,132,1.0,0.18012422360248448,0.18012422360248448
4,clab-nebula-serf110,5,0,0,0,0,0,0.0,0.0,0.0
4,clab-nebula-serf110,10,0,0,0,0,0,0.0,0.0,0.0
4,clab-nebula-serf110,15,2,0,0,0,2,0,0.0,0.0
4,clab-nebula-serf110,20,7,0,0,0,7,0,0.0,0.0
4,clab-nebula-serf110,25,15,10,9,1,6,0.9,0.6,0.5625
4,clab-nebula-serf110,30,37,19,12,7,25,0.631578947368421,0.32432432432432434,0.2727272727272727
4,clab-nebula-serf110,35,69,19,19,0,50,1.0,0.2753623188405797,0.2753623188405797
4,clab-nebula-serf110,40,107,19,19,0,88,1.0,0.17757009345794392,0.17757009345794392
4,clab-nebula-serf110,45,143,19,19,0,124,1.0,0.13286713286713286,0.13286713286713286
4,clab-nebula-serf110,50,148,19,19,0,129,1.0,0.12837837837837837,0.12837837837837837
4,clab-nebula-serf110,55,154,19,19,0,135,1.0,0.12337662337662338,0.12337662337662338
4,clab-nebula-serf110,60,157,19,19,0,138,1.0,0.12101910828025478,0.12101910828025478
4,clab-nebula-serf132,5,0,0,0,0,0,0.0,0.0,0.0
4,clab-nebula-serf132,10,0,0,0,0,0,0.0,0.0,0.0
4,clab-nebula-serf132,15,11,0,0,0,11,0,0.0,0.0
4,clab-nebula-serf132,20,14,0,0,0,14,0,0.0,0.0
4,clab-nebula-serf132,25,23,13,13,0,10,1.0,0.5652173913043478,0.5652173913043478
4,clab-nebula-serf132,30,37,15,15,0,22,1.0,0.40540540540540543,0.40540540540540543
4,clab-nebula-serf132,35,48,20,20,0,28,1.0,0.4166666666666667,0.4166666666666667
4,clab-nebula-serf132,40,78,23,20,3,58,0.8695652173913043,0.2564102564102564,0.24691358024691357
4,clab-nebula-serf132,45,104,23,22,1,82,0.9565217391304348,0.21153846153846154,0.20952380952380953
4,clab-nebula-serf132,50,132,23,23,0,109,1.0,0.17424242424242425,0.17424242424242425
4,clab-nebula-serf132,55,144,23,23,0,121,1.0,0.1597222222222222,0.1597222222222222
4,clab-nebula-serf132,60,151,27,27,0,124,1.0,0.17880794701986755,0.17880794701986755
4,clab-nebula-serf134,5,0,0,0,0,0,0.0,0.0,0.0
4,clab-nebula-serf134,10,0,0,0,0,0,0.0,0.0,0.0
4,clab-nebula-serf134,15,1,0,0,0,1,0,0.0,0.0
4,clab-nebula-serf134,20,14,11,11,0,3,1.0,0.7857142857142857,0.7857142857142857
4,clab-nebula-serf134,25,16,11,11,0,5,1.0,0.6875,0.6875
4,clab-nebula-serf134,30,26,13,13,0,13,1.0,0.5,0.5
4,clab-nebula-serf134,35,43,20,20,0,23,1.0,0.46511627906976744,0.46511627906976744
4,clab-nebula-serf134,40,57,20,20,0,37,1.0,0.3508771929824561,0.3508771929824561
4,clab-nebula-serf134,45,91,23,21,2,70,0.9130434782608695,0.23076923076923078,0.22580645161290322
4,clab-nebula-serf134,50,116,23,22,1,94,0.9565217391304348,0.1896551724137931,0.18803418803418803
4,clab-nebula-serf134,55,137,23,23,0,114,1.0,0.1678832116788321,0.1678832116788321
4,clab-nebula-serf134,60,147,23,23,0,124,1.0,0.1564625850340136,0.1564625850340136
4,clab-nebula-serf137,5,0,0,0,0,0,0.0,0.0,0.0
4,clab-nebula-serf137,10,0,0,0,0,0,0.0,0.0,0.0
4,clab-nebula-serf137,15,2,0,0,0,2,0,0.0,0.0
4,clab-nebula-serf137,20,14,0,0,0,14,0,0.0,0.0
4,clab-nebula-serf137,25,20,11,11,0,9,1.0,0.55,0.55
4,clab-nebula-serf137,30,26,13,13,0,13,1.0,0.5,0.5
4,clab-nebula-serf137,35,44,20,20,0,24,1.0,0.45454545454545453,0.45454545454545453
4,clab-nebula-serf137,40,55,20,20,0,35,1.0,0.36363636363636365,0.36363636363636365
4,clab-nebula-serf137,45,90,23,21,2,69,0.9130434782608695,0.23333333333333334,0.22826086956521738
4,clab-nebula-serf137,50,115,23,22,1,93,0.9565217391304348,0.19130434782608696,0.1896551724137931
4,clab-nebula-serf137,55,137,23,23,0,114,1.0,0.1678832116788321,0.1678832116788321
4,clab-nebula-serf137,60,148,23,23,0,125,1.0,0.1554054054054054,0.1554054054054054
4,clab-nebula-serf10,5,1,0,0,0,1,0,0.0,0.0
4,clab-nebula-serf10,10,9,0,0,0,9,0,0.0,0.0
4,clab-nebula-serf10,15,20,7,6,1,14,0.8571428571428571,0.3,0.2857142857142857
4,clab-nebula-serf10,20,40,7,7,0,33,1.0,0.175,0.175
4,clab-nebula-serf10,25,71,9,9,0,62,1.0,0.1267605633802817,0.1267605633802817
4,clab-nebula-serf10,30,88,9,9,0,79,1.0,0.10227272727272728,0.10227272727272728
4,clab-nebula-serf10,35,103,14,14,0,89,1.0,0.13592233009708737,0.13592233009708737
4,clab-nebula-serf10,40,120,14,14,0,106,1.0,0.11666666666666667,0.11666666666666667
4,clab-nebula-serf10,45,121,14,14,0,107,1.0,0.11570247933884298,0.11570247933884298
4,clab-nebula-serf10,50,129,67,67,0,62,1.0,0.5193798449612403,0.5193798449612403
4,clab-nebula-serf10,55,153,80,80,0,73,1.0,0.5228758169934641,0.5228758169934641
4,clab-nebula-serf10,60,156,80,80,0,76,1.0,0.5128205128205128,0.5128205128205128
4,clab-nebula-serf46,5,0,0,0,0,0,0.0,0.0,0.0
4,clab-nebula-serf46,10,3,0,0,0,3,0,0.0,0.0
4,clab-nebula-serf46,15,11,1,1,0,10,1.0,0.09090909090909091,0.09090909090909091
4,clab-nebula-serf46,20,26,1,1,0,25,1.0,0.038461538461538464,0.038461538461538464
4,clab-nebula-serf46,25,54,4,3,1,51,0.75,0.05555555555555555,0.05454545454545454
4,clab-nebula-serf46,30,81,4,4,0,77,1.0,0.04938271604938271,0.04938271604938271
4,clab-nebula-serf46,35,100,41,40,1,60,0.975609756097561,0.4,0.39603960396039606
4,clab-nebula-serf46,40,121,41,41,0,80,1.0,0.33884297520661155,0.33884297520661155
4,clab-nebula-serf46,45,124,41,41,0,83,1.0,0.33064516129032256,0.33064516129032256
4,clab-nebula-serf46,50,127,69,69,0,58,1.0,0.5433070866141733,0.5433070866141733
4,clab-nebula-serf46,55,154,69,69,0,85,1.0,0.44805194805194803,0.44805194805194803
4,clab-nebula-serf46,60,154,69,69,0,85,1.0,0.44805194805194803,0.44805194805194803
4,clab-nebula-serf74,5,0,0,0,0,0,0.0,0.0,0.0
4,clab-nebula-serf74,10,9,0,0,0,9,0,0.0,0.0
4,clab-nebula-serf74,15,26,12,12,0,14,1.0,0.46153846153846156,0.46153846153846156
4,clab-nebula-serf74,20,45,19,19,0,26,1.0,0.4222222222222222,0.4222222222222222
4,clab-nebula-serf74,25,82,24,24,0,58,1.0,0.2926829268292683,0.2926829268292683
4,clab-nebula-serf74,30,106,24,24,0,82,1.0,0.22641509433962265,0.22641509433962265
4,clab-nebula-serf74,35,117,49,48,1,69,0.9795918367346939,0.41025641025641024,0.4067796610169492
4,clab-nebula-serf74,40,124,49,49,0,75,1.0,0.3951612903225806,0.3951612903225806
4,clab-nebula-serf74,45,145,49,49,0,96,1.0,0.33793103448275863,0.33793103448275863
4,clab-nebula-serf74,50,154,49,49,0,105,1.0,0.3181818181818182,0.3181818181818182
4,clab-nebula-serf74,55,155,49,49,0,106,1.0,0.3161290322580645,0.3161290322580645
4,clab-nebula-serf74,60,159,49,49,0,110,1.0,0.3081761006289308,0.3081761006289308
4,clab-nebula-serf76,5,2,0,0,0,2,0,0.0,0.0
4,clab-nebula-serf76,10,25,0,0,0,25,0,0.0,0.0
4,clab-nebula-serf76,15,38,12,12,0,26,1.0,0.3157894736842105,0.3157894736842105
4,clab-nebula-serf76,20,68,24,24,0,44,1.0,0.35294117647058826,0.35294117647058826
4,clab-nebula-serf76,25,89,24,24,0,65,1.0,0.2696629213483146,0.2696629213483146
4,clab-nebula-serf76,30,111,24,24,0,87,1.0,0.21621621621621623,0.21621621621621623
4,clab-nebula-serf76,35,121,49,49,0,72,1.0,0.4049586776859504,0.4049586776859504
4,clab-nebula-serf76,40,129,49,49,0,80,1.0,0.3798449612403101,0.3798449612403101
4,clab-nebula-serf76,45,153,49,49,0,104,1.0,0.3202614379084967,0.3202614379084967
4,clab-nebula-serf76,50,154,49,49,0,105,1.0,0.3181818181818182,0.3181818181818182
4,clab-nebula-serf76,55,158,49,49,0,109,1.0,0.310126582278481,0.310126582278481
4,clab-nebula-serf76,60,161,49,49,0,112,1.0,0.30434782608695654,0.30434782608695654
4,clab-nebula-serf149,5,0,0,0,0,0,0.0,0.0,0.0
4,clab-nebula-serf149,10,0,0,0,0,0,0.0,0.0,0.0
4,clab-nebula-serf149,15,1,0,0,0,1,0,0.0,0.0
4,clab-nebula-serf149,20,11,0,0,0,11,0,0.0,0.0
4,clab-nebula-serf149,25,17,7,7,0,10,1.0,0.4117647058823529,0.4117647058823529
4,clab-nebula-serf149,30,25,11,11,0,14,1.0,0.44,0.44
4,clab-nebula-serf149,35,48,11,11,0,37,1.0,0.22916666666666666,0.22916666666666666
4,clab-nebula-serf149,40,60,12,11,1,49,0.9166666666666666,0.18333333333333332,0.18032786885245902
4,clab-nebula-serf149,45,89,12,12,0,77,1.0,0.1348314606741573,0.1348314606741573
4,clab-nebula-serf149,50,124,12,12,0,112,1.0,0.0967741935483871,0.0967741935483871
4,clab-nebula-serf149,55,143,12,12,0,131,1.0,0.08391608391608392,0.08391608391608392
4,clab-nebula-serf149,60,152,16,16,0,136,1.0,0.10526315789473684,0.10526315789473684
4,clab-nebula-serf20,5,2,0,0,0,2,0,0.0,0.0
4,clab-nebula-serf20,10,4,0,0,0,4,0,0.0,0.0
4,clab-nebula-serf20,15,15,5,5,0,10,1.0,0.3333333333333333,0.3333333333333333
4,clab-nebula-serf20,20,26,5,5,0,21,1.0,0.19230769230769232,0.19230769230769232
4,clab-nebula-serf20,25,46,10,10,0,36,1.0,0.21739130434782608,0.21739130434782608
4,clab-nebula-serf20,30,80,10,10,0,70,1.0,0.125,0.125
4,clab-nebula-serf20,35,93,10,10,0,83,1.0,0.10752688172043011,0.10752688172043011
4,clab-nebula-serf20,40,102,18,18,0,84,1.0,0.17647058823529413,0.17647058823529413
4,clab-nebula-serf20,45,118,18,18,0,100,1.0,0.15254237288135594,0.15254237288135594
4,clab-nebula-serf20,50,124,18,18,0,106,1.0,0.14516129032258066,0.14516129032258066
4,clab-nebula-serf20,55,129,68,68,0,61,1.0,0.5271317829457365,0.5271317829457365
4,clab-nebula-serf20,60,154,68,68,0,86,1.0,0.44155844155844154,0.44155844155844154
4,clab-nebula-serf22,5,0,0,0,0,0,0.0,0.0,0.0
4,clab-nebula-serf22,10,4,0,0,0,4,0,0.0,0.0
4,clab-nebula-serf22,15,10,5,5,0,5,1.0,0.5,0.5
4,clab-nebula-serf22,20,23,5,5,0,18,1.0,0.21739130434782608,0.21739130434782608
4,clab-nebula-serf22,25,41,5,5,0,36,1.0,0.12195121951219512,0.12195121951219512
4,clab-nebula-serf22,30,76,10,10,0,66,1.0,0.13157894736842105,0.13157894736842105
4,clab-nebula-serf22,35,93,10,10,0,83,1.0,0.10752688172043011,0.10752688172043011
4,clab-nebula-serf22,40,98,18,18,0,80,1.0,0.1836734693877551,0.1836734693877551
4,clab-nebula-serf22,45,117,18,18,0,99,1.0,0.15384615384615385,0.15384615384615385
4,clab-nebula-serf22,50,122,18,18,0,104,1.0,0.14754098360655737,0.14754098360655737
4,clab-nebula-serf22,55,125,68,68,0,57,1.0,0.544,0.544
4,clab-nebula-serf22,60,153,68,68,0,85,1.0,0.4444444444444444,0.4444444444444444
4,clab-nebula-serf160,5,4,0,0,0,4,0,0.0,0.0
4,clab-nebula-serf160,10,4,0,0,0,4,0,0.0,0.0
4,clab-nebula-serf160,15,5,0,0,0,5,0,0.0,0.0
4,clab-nebula-serf160,20,10,13,9,4,1,0.6923076923076923,0.9,0.6428571428571429
4,clab-nebula-serf160,25,25,24,17,7,8,0.7083333333333334,0.68,0.53125
4,clab-nebula-serf160,30,37,24,24,0,13,1.0,0.6486486486486487,0.6486486486486487
4,clab-nebula-serf160,35,43,35,28,7,15,0.8,0.6511627906976745,0.56
4,clab-nebula-serf160,40,58,35,34,1,24,0.9714285714285714,0.5862068965517241,0.576271186440678
4,clab-nebula-serf160,45,82,44,40,4,42,0.9090909090909091,0.4878048780487805,0.46511627906976744
4,clab-nebula-serf160,50,118,44,44,0,74,1.0,0.3728813559322034,0.3728813559322034
4,clab-nebula-serf160,55,139,49,49,0,90,1.0,0.35251798561151076,0.35251798561151076
4,clab-nebula-serf160,60,149,49,49,0,100,1.0,0.3288590604026846,0.3288590604026846
4,clab-nebula-serf31,5,1,0,0,0,1,0,0.0,0.0
4,clab-nebula-serf31,10,13,5,5,0,8,1.0,0.38461538461538464,0.38461538461538464
4,clab-nebula-serf31,15,28,5,5,0,23,1.0,0.17857142857142858,0.17857142857142858
4,clab-nebula-serf31,20,45,5,5,0,40,1.0,0.1111111111111111,0.1111111111111111
4,clab-nebula-serf31,25,80,10,10,0,70,1.0,0.125,0.125
4,clab-nebula-serf31,30,93,10,10,0,83,1.0,0.10752688172043011,0.10752688172043011
4,clab-nebula-serf31,35,102,18,18,0,84,1.0,0.17647058823529413,0.17647058823529413
4,clab-nebula-serf31,40,119,18,18,0,101,1.0,0.15126050420168066,0.15126050420168066
4,clab-nebula-serf31,45,124,18,18,0,106,1.0,0.14516129032258066,0.14516129032258066
4,clab-nebula-serf31,50,129,68,68,0,61,1.0,0.5271317829457365,0.5271317829457365
4,clab-nebula-serf31,55,154,68,68,0,86,1.0,0.44155844155844154,0.44155844155844154
4,clab-nebula-serf31,60,154,68,68,0,86,1.0,0.44155844155844154,0.44155844155844154
4,clab-nebula-serf93,5,3,0,0,0,3,0,0.0,0.0
4,clab-nebula-serf93,10,16,0,0,0,16,0,0.0,0.0
4,clab-nebula-serf93,15,37,0,0,0,37,0,0.0,0.0
4,clab-nebula-serf93,20,59,8,8,0,51,1.0,0.13559322033898305,0.13559322033898305
4,clab-nebula-serf93,25,83,8,8,0,75,1.0,0.0963855421686747,0.0963855421686747
4,clab-nebula-serf93,30,110,8,8,0,102,1.0,0.07272727272727272,0.07272727272727272
4,clab-nebula-serf93,35,119,8,8,0,111,1.0,0.06722689075630252,0.06722689075630252
4,clab-nebula-serf93,40,125,8,8,0,117,1.0,0.064,0.064
4,clab-nebula-serf93,45,142,19,19,0,123,1.0,0.13380281690140844,0.13380281690140844
4,clab-nebula-serf93,50,154,19,19,0,135,1.0,0.12337662337662338,0.12337662337662338
4,clab-nebula-serf93,55,156,19,19,0,137,1.0,0.12179487179487179,0.12179487179487179
4,clab-nebula-serf93,60,161,19,19,0,142,1.0,0.11801242236024845,0.11801242236024845
4,clab-nebula-serf122,5,0,0,0,0,0,0.0,0.0,0.0
4,clab-nebula-serf122,10,0,0,0,0,0,0.0,0.0,0.0
4,clab-nebula-serf122,15,8,2,0,2,8,0.0,0.0,0.0
4,clab-nebula-serf122,20,15,2,2,0,13,1.0,0.13333333333333333,0.13333333333333333
4,clab-nebula-serf122,25,22,10,10,0,12,1.0,0.45454545454545453,0.45454545454545453
4,clab-nebula-serf122,30,61,19,19,0,42,1.0,0.3114754098360656,0.3114754098360656
4,clab-nebula-serf122,35,106,19,19,0,87,1.0,0.1792452830188679,0.1792452830188679
4,clab-nebula-serf122,40,133,19,19,0,114,1.0,0.14285714285714285,0.14285714285714285
4,clab-nebula-serf122,45,144,19,19,0,125,1.0,0.13194444444444445,0.13194444444444445
4,clab-nebula-serf122,50,154,19,19,0,135,1.0,0.12337662337662338,0.12337662337662338
4,clab-nebula-serf122,55,161,19,19,0,142,1.0,0.11801242236024845,0.11801242236024845
4,clab-nebula-serf122,60,161,19,19,0,142,1.0,0.11801242236024845,0.11801242236024845
4,clab-nebula-serf38,5,0,0,0,0,0,0.0,0.0,0.0
4,clab-nebula-serf38,10,4,0,0,0,4,0,0.0,0.0
4,clab-nebula-serf38,15,24,1,1,0,23,1.0,0.041666666666666664,0.041666666666666664
4,clab-nebula-serf38,20,56,9,9,0,47,1.0,0.16071428571428573,0.16071428571428573
4,clab-nebula-serf38,25,82,9,9,0,73,1.0,0.10975609756097561,0.10975609756097561
4,clab-nebula-serf38,30,92,35,35,0,57,1.0,0.3804347826086957,0.3804347826086957
4,clab-nebula-serf38,35,107,41,40,1,67,0.975609756097561,0.37383177570093457,0.37037037037037035
4,clab-nebula-serf38,40,121,68,68,0,53,1.0,0.5619834710743802,0.5619834710743802
4,clab-nebula-serf38,45,124,68,68,0,56,1.0,0.5483870967741935,0.5483870967741935
4,clab-nebula-serf38,50,133,68,68,0,65,1.0,0.5112781954887218,0.5112781954887218
4,clab-nebula-serf38,55,154,68,68,0,86,1.0,0.44155844155844154,0.44155844155844154
4,clab-nebula-serf38,60,154,68,68,0,86,1.0,0.44155844155844154,0.44155844155844154
4,clab-nebula-serf55,5,0,0,0,0,0,0.0,0.0,0.0
4,clab-nebula-serf55,10,9,5,4,1,5,0.8,0.4444444444444444,0.4
4,clab-nebula-serf55,15,23,5,5,0,18,1.0,0.21739130434782608,0.21739130434782608
4,clab-nebula-serf55,20,64,24,24,0,40,1.0,0.375,0.375
4,clab-nebula-serf55,25,83,24,24,0,59,1.0,0.2891566265060241,0.2891566265060241
4,clab-nebula-serf55,30,96,24,24,0,72,1.0,0.25,0.25
4,clab-nebula-serf55,35,119,57,56,1,63,0.9824561403508771,0.47058823529411764,0.4666666666666667
4,clab-nebula-serf55,40,121,57,57,0,64,1.0,0.47107438016528924,0.47107438016528924
4,clab-nebula-serf55,45,126,57,57,0,69,1.0,0.4523809523809524,0.4523809523809524
4,clab-nebula-serf55,50,153,57,57,0,96,1.0,0.37254901960784315,0.37254901960784315
4,clab-nebula-serf55,55,154,57,57,0,97,1.0,0.37012987012987014,0.37012987012987014
4,clab-nebula-serf55,60,157,57,57,0,100,1.0,0.3630573248407643,0.3630573248407643
4,clab-nebula-serf79,5,6,0,0,0,6,0,0.0,0.0
4,clab-nebula-serf79,10,26,0,0,0,26,0,0.0,0.0
4,clab-nebula-serf79,15,41,19,19,0,22,1.0,0.4634146341463415,0.4634146341463415
4,clab-nebula-serf79,20,76,24,24,0,52,1.0,0.3157894736842105,0.3157894736842105
4,clab-nebula-serf79,25,96,24,24,0,72,1.0,0.25,0.25
4,clab-nebula-serf79,30,116,49,48,1,68,0.9795918367346939,0.41379310344827586,0.41025641025641024
4,clab-nebula-serf79,35,121,49,49,0,72,1.0,0.4049586776859504,0.4049586776859504
4,clab-nebula-serf79,40,135,49,49,0,86,1.0,0.362962962962963,0.362962962962963
4,clab-nebula-serf79,45,153,49,49,0,104,1.0,0.3202614379084967,0.3202614379084967
4,clab-nebula-serf79,50,154,49,49,0,105,1.0,0.3181818181818182,0.3181818181818182
4,clab-nebula-serf79,55,158,49,49,0,109,1.0,0.310126582278481,0.310126582278481
4,clab-nebula-serf79,60,161,49,49,0,112,1.0,0.30434782608695654,0.30434782608695654
4,clab-nebula-serf113,5,1,0,0,0,1,0,0.0,0.0
4,clab-nebula-serf113,10,1,0,0,0,1,0,0.0,0.0
4,clab-nebula-serf113,15,3,0,0,0,3,0,0.0,0.0
4,clab-nebula-serf113,20,19,1,1,0,18,1.0,0.05263157894736842,0.05263157894736842
4,clab-nebula-serf113,25,28,7,7,0,21,1.0,0.25,0.25
4,clab-nebula-serf113,30,65,1,1,0,64,1.0,0.015384615384615385,0.015384615384615385
4,clab-nebula-serf113,35,105,1,1,0,104,1.0,0.009523809523809525,0.009523809523809525
4,clab-nebula-serf113,40,139,1,1,0,138,1.0,0.007194244604316547,0.007194244604316547
4,clab-nebula-serf113,45,156,1,1,0,155,1.0,0.00641025641025641,0.00641025641025641
4,clab-nebula-serf113,50,159,1,1,0,158,1.0,0.006289308176100629,0.006289308176100629
4,clab-nebula-serf113,55,161,1,1,0,160,1.0,0.006211180124223602,0.006211180124223602
4,clab-nebula-serf113,60,161,1,1,0,160,1.0,0.006211180124223602,0.006211180124223602
4,clab-nebula-serf120,5,2,0,0,0,2,0,0.0,0.0
4,clab-nebula-serf120,10,2,0,0,0,2,0,0.0,0.0
4,clab-nebula-serf120,15,2,0,0,0,2,0,0.0,0.0
4,clab-nebula-serf120,20,2,0,0,0,2,0,0.0,0.0
4,clab-nebula-serf120,25,2,0,0,0,2,0,0.0,0.0
4,clab-nebula-serf120,30,3,2,2,0,1,1.0,0.6666666666666666,0.6666666666666666
4,clab-nebula-serf120,35,3,2,2,0,1,1.0,0.6666666666666666,0.6666666666666666
4,clab-nebula-serf120,40,3,2,2,0,1,1.0,0.6666666666666666,0.6666666666666666
4,clab-nebula-serf120,45,5,3,3,0,2,1.0,0.6,0.6
4,clab-nebula-serf120,50,14,3,3,0,11,1.0,0.21428571428571427,0.21428571428571427
4,clab-nebula-serf120,55,24,3,3,0,21,1.0,0.125,0.125
4,clab-nebula-serf120,60,48,10,7,3,41,0.7,0.14583333333333334,0.13725490196078433
4,clab-nebula-serf128,5,0,0,0,0,0,0.0,0.0,0.0
4,clab-nebula-serf128,10,2,0,0,0,2,0,0.0,0.0
4,clab-nebula-serf128,15,6,0,0,0,6,0,0.0,0.0
4,clab-nebula-serf128,20,20,10,10,0,10,1.0,0.5,0.5
4,clab-nebula-serf128,25,48,19,17,2,31,0.8947368421052632,0.3541666666666667,0.34
4,clab-nebula-serf128,30,73,19,19,0,54,1.0,0.2602739726027397,0.2602739726027397
4,clab-nebula-serf128,35,111,19,19,0,92,1.0,0.17117117117117117,0.17117117117117117
4,clab-nebula-serf128,40,145,19,19,0,126,1.0,0.1310344827586207,0.1310344827586207
4,clab-nebula-serf128,45,150,19,19,0,131,1.0,0.12666666666666668,0.12666666666666668
4,clab-nebula-serf128,50,155,19,19,0,136,1.0,0.12258064516129032,0.12258064516129032
4,clab-nebula-serf128,55,159,19,19,0,140,1.0,0.11949685534591195,0.11949685534591195
4,clab-nebula-serf128,60,161,19,19,0,142,1.0,0.11801242236024845,0.11801242236024845
4,clab-nebula-serf8,5,0,0,0,0,0,0.0,0.0,0.0
4,clab-nebula-serf8,10,5,0,0,0,5,0,0.0,0.0
4,clab-nebula-serf8,15,13,0,0,0,13,0,0.0,0.0
4,clab-nebula-serf8,20,23,2,2,0,21,1.0,0.08695652173913043,0.08695652173913043
4,clab-nebula-serf8,25,44,3,3,0,41,1.0,0.06818181818181818,0.06818181818181818
4,clab-nebula-serf8,30,76,3,3,0,73,1.0,0.039473684210526314,0.039473684210526314
4,clab-nebula-serf8,35,89,3,3,0,86,1.0,0.033707865168539325,0.033707865168539325
4,clab-nebula-serf8,40,105,14,14,0,91,1.0,0.13333333333333333,0.13333333333333333
4,clab-nebula-serf8,45,120,14,14,0,106,1.0,0.11666666666666667,0.11666666666666667
4,clab-nebula-serf8,50,122,64,64,0,58,1.0,0.5245901639344263,0.5245901639344263
4,clab-nebula-serf8,55,130,67,67,0,63,1.0,0.5153846153846153,0.5153846153846153
4,clab-nebula-serf8,60,153,80,80,0,73,1.0,0.5228758169934641,0.5228758169934641
4,clab-nebula-serf27,5,0,0,0,0,0,0.0,0.0,0.0
4,clab-nebula-serf27,10,3,0,0,0,3,0,0.0,0.0
4,clab-nebula-serf27,15,7,0,0,0,7,0,0.0,0.0
4,clab-nebula-serf27,20,13,4,2,2,11,0.5,0.15384615384615385,0.13333333333333333
4,clab-nebula-serf27,25,24,4,4,0,20,1.0,0.16666666666666666,0.16666666666666666
4,clab-nebula-serf27,30,38,10,10,0,28,1.0,0.2631578947368421,0.2631578947368421
4,clab-nebula-serf27,35,75,10,10,0,65,1.0,0.13333333333333333,0.13333333333333333
4,clab-nebula-serf27,40,92,10,10,0,82,1.0,0.10869565217391304,0.10869565217391304
4,clab-nebula-serf27,45,98,10,10,0,88,1.0,0.10204081632653061,0.10204081632653061
4,clab-nebula-serf27,50,117,18,18,0,99,1.0,0.15384615384615385,0.15384615384615385
4,clab-nebula-serf27,55,122,18,18,0,104,1.0,0.14754098360655737,0.14754098360655737
4,clab-nebula-serf27,60,125,68,68,0,57,1.0,0.544,0.544
4,clab-nebula-serf78,5,0,0,0,0,0,0.0,0.0,0.0
4,clab-nebula-serf78,10,9,0,0,0,9,0,0.0,0.0
4,clab-nebula-serf78,15,27,0,0,0,27,0,0.0,0.0
4,clab-nebula-serf78,20,48,19,19,0,29,1.0,0.3958333333333333,0.3958333333333333
4,clab-nebula-serf78,25,80,24,24,0,56,1.0,0.3,0.3
4,clab-nebula-serf78,30,102,24,24,0,78,1.0,0.23529411764705882,0.23529411764705882
4,clab-nebula-serf78,35,118,49,48,1,70,0.9795918367346939,0.4067796610169492,0.40336134453781514
4,clab-nebula-serf78,40,123,49,49,0,74,1.0,0.3983739837398374,0.3983739837398374
4,clab-nebula-serf78,45,140,49,49,0,91,1.0,0.35,0.35
4,clab-nebula-serf78,50,154,49,49,0,105,1.0,0.3181818181818182,0.3181818181818182
4,clab-nebula-serf78,55,155,49,49,0,106,1.0,0.3161290322580645,0.3161290322580645
4,clab-nebula-serf78,60,158,49,49,0,109,1.0,0.310126582278481,0.310126582278481
4,clab-nebula-serf104,5,1,0,0,0,1,0,0.0,0.0
4,clab-nebula-serf104,10,3,0,0,0,3,0,0.0,0.0
4,clab-nebula-serf104,15,8,0,0,0,8,0,0.0,0.0
4,clab-nebula-serf104,20,25,12,10,2,15,0.8333333333333334,0.4,0.37037037037037035
4,clab-nebula-serf104,25,54,19,19,0,35,1.0,0.35185185185185186,0.35185185185185186
4,clab-nebula-serf104,30,87,19,19,0,68,1.0,0.21839080459770116,0.21839080459770116
4,clab-nebula-serf104,35,130,19,19,0,111,1.0,0.14615384615384616,0.14615384615384616
4,clab-nebula-serf104,40,145,19,19,0,126,1.0,0.1310344827586207,0.1310344827586207
4,clab-nebula-serf104,45,153,19,19,0,134,1.0,0.12418300653594772,0.12418300653594772
4,clab-nebula-serf104,50,155,19,19,0,136,1.0,0.12258064516129032,0.12258064516129032
4,clab-nebula-serf104,55,159,19,19,0,140,1.0,0.11949685534591195,0.11949685534591195
4,clab-nebula-serf104,60,161,19,19,0,142,1.0,0.11801242236024845,0.11801242236024845
4,clab-nebula-serf133,5,0,0,0,0,0,0.0,0.0,0.0
4,clab-nebula-serf133,10,0,0,0,0,0,0.0,0.0,0.0
4,clab-nebula-serf133,15,1,0,0,0,1,0,0.0,0.0
4,clab-nebula-serf133,20,14,0,0,0,14,0,0.0,0.0
4,clab-nebula-serf133,25,16,11,11,0,5,1.0,0.6875,0.6875
4,clab-nebula-serf133,30,26,13,13,0,13,1.0,0.5,0.5
4,clab-nebula-serf133,35,44,15,15,0,29,1.0,0.3409090909090909,0.3409090909090909
4,clab-nebula-serf133,40,59,20,20,0,39,1.0,0.3389830508474576,0.3389830508474576
4,clab-nebula-serf133,45,92,23,21,2,71,0.9130434782608695,0.22826086956521738,0.22340425531914893
4,clab-nebula-serf133,50,117,23,22,1,95,0.9565217391304348,0.18803418803418803,0.1864406779661017
4,clab-nebula-serf133,55,137,23,23,0,114,1.0,0.1678832116788321,0.1678832116788321
4,clab-nebula-serf133,60,149,27,27,0,122,1.0,0.18120805369127516,0.18120805369127516
4,clab-nebula-serf64,5,0,0,0,0,0,0.0,0.0,0.0
4,clab-nebula-serf64,10,0,0,0,0,0,0.0,0.0,0.0
4,clab-nebula-serf64,15,0,0,0,0,0,0.0,0.0,0.0
4,clab-nebula-serf64,20,7,0,0,0,7,0,0.0,0.0
4,clab-nebula-serf64,25,46,0,0,0,46,0,0.0,0.0
4,clab-nebula-serf64,30,69,0,0,0,69,0,0.0,0.0
4,clab-nebula-serf64,35,100,41,40,1,60,0.975609756097561,0.4,0.39603960396039606
4,clab-nebula-serf64,40,116,41,41,0,75,1.0,0.35344827586206895,0.35344827586206895
4,clab-nebula-serf64,45,123,41,41,0,82,1.0,0.3333333333333333,0.3333333333333333
4,clab-nebula-serf64,50,128,55,55,0,73,1.0,0.4296875,0.4296875
4,clab-nebula-serf64,55,154,55,55,0,99,1.0,0.35714285714285715,0.35714285714285715
4,clab-nebula-serf64,60,154,55,55,0,99,1.0,0.35714285714285715,0.35714285714285715
4,clab-nebula-serf73,5,4,0,0,0,4,0,0.0,0.0
4,clab-nebula-serf73,10,25,12,12,0,13,1.0,0.48,0.48
4,clab-nebula-serf73,15,39,12,12,0,27,1.0,0.3076923076923077,0.3076923076923077
4,clab-nebula-serf73,20,69,24,24,0,45,1.0,0.34782608695652173,0.34782608695652173
4,clab-nebula-serf73,25,89,24,24,0,65,1.0,0.2696629213483146,0.2696629213483146
4,clab-nebula-serf73,30,113,49,48,1,65,0.9795918367346939,0.4247787610619469,0.42105263157894735
4,clab-nebula-serf73,35,121,49,49,0,72,1.0,0.4049586776859504,0.4049586776859504
4,clab-nebula-serf73,40,130,49,49,0,81,1.0,0.3769230769230769,0.3769230769230769
4,clab-nebula-serf73,45,151,49,49,0,102,1.0,0.32450331125827814,0.32450331125827814
4,clab-nebula-serf73,50,154,49,49,0,105,1.0,0.3181818181818182,0.3181818181818182
4,clab-nebula-serf73,55,158,49,49,0,109,1.0,0.310126582278481,0.310126582278481
4,clab-nebula-serf73,60,161,49,49,0,112,1.0,0.30434782608695654,0.30434782608695654
4,clab-nebula-serf118,5,2,0,0,0,2,0,0.0,0.0
4,clab-nebula-serf118,10,2,0,0,0,2,0,0.0,0.0
4,clab-nebula-serf118,15,2,0,0,0,2,0,0.0,0.0
4,clab-nebula-serf118,20,2,0,0,0,2,0,0.0,0.0
4,clab-nebula-serf118,25,2,0,0,0,2,0,0.0,0.0
4,clab-nebula-serf118,30,3,2,2,0,1,1.0,0.6666666666666666,0.6666666666666666
4,clab-nebula-serf118,35,3,2,2,0,1,1.0,0.6666666666666666,0.6666666666666666
4,clab-nebula-serf118,40,3,2,2,0,1,1.0,0.6666666666666666,0.6666666666666666
4,clab-nebula-serf118,45,5,3,3,0,2,1.0,0.6,0.6
4,clab-nebula-serf118,50,15,3,3,0,12,1.0,0.2,0.2
4,clab-nebula-serf118,55,25,3,3,0,22,1.0,0.12,0.12
4,clab-nebula-serf118,60,48,3,3,0,45,1.0,0.0625,0.0625
4,clab-nebula-serf5,5,0,0,0,0,0,0.0,0.0,0.0
4,clab-nebula-serf5,10,3,1,1,0,2,1.0,0.3333333333333333,0.3333333333333333
4,clab-nebula-serf5,15,7,1,1,0,6,1.0,0.14285714285714285,0.14285714285714285
4,clab-nebula-serf5,20,14,7,7,0,7,1.0,0.5,0.5
4,clab-nebula-serf5,25,19,7,7,0,12,1.0,0.3684210526315789,0.3684210526315789
4,clab-nebula-serf5,30,46,14,14,0,32,1.0,0.30434782608695654,0.30434782608695654
4,clab-nebula-serf5,35,80,14,14,0,66,1.0,0.175,0.175
4,clab-nebula-serf5,40,92,14,14,0,78,1.0,0.15217391304347827,0.15217391304347827
4,clab-nebula-serf5,45,108,14,14,0,94,1.0,0.12962962962962962,0.12962962962962962
4,clab-nebula-serf5,50,118,14,14,0,104,1.0,0.11864406779661017,0.11864406779661017
4,clab-nebula-serf5,55,121,64,63,1,58,0.984375,0.5206611570247934,0.5163934426229508
4,clab-nebula-serf5,60,143,67,67,0,76,1.0,0.46853146853146854,0.46853146853146854
4,clab-nebula-serf87,5,3,0,0,0,3,0,0.0,0.0
4,clab-nebula-serf87,10,3,0,0,0,3,0,0.0,0.0
4,clab-nebula-serf87,15,11,3,3,0,8,1.0,0.2727272727272727,0.2727272727272727
4,clab-nebula-serf87,20,24,6,6,0,18,1.0,0.25,0.25
4,clab-nebula-serf87,25,49,6,6,0,43,1.0,0.12244897959183673,0.12244897959183673
4,clab-nebula-serf87,30,80,6,6,0,74,1.0,0.075,0.075
4,clab-nebula-serf87,35,108,6,6,0,102,1.0,0.05555555555555555,0.05555555555555555
4,clab-nebula-serf87,40,120,6,6,0,114,1.0,0.05,0.05
4,clab-nebula-serf87,45,132,6,6,0,126,1.0,0.045454545454545456,0.045454545454545456
4,clab-nebula-serf87,50,145,7,7,0,138,1.0,0.04827586206896552,0.04827586206896552
4,clab-nebula-serf87,55,155,7,7,0,148,1.0,0.04516129032258064,0.04516129032258064
4,clab-nebula-serf87,60,158,8,8,0,150,1.0,0.05063291139240506,0.05063291139240506
4,clab-nebula-serf88,5,3,0,0,0,3,0,0.0,0.0
4,clab-nebula-serf88,10,3,0,0,0,3,0,0.0,0.0
4,clab-nebula-serf88,15,8,0,0,0,8,0,0.0,0.0
4,clab-nebula-serf88,20,19,0,0,0,19,0,0.0,0.0
4,clab-nebula-serf88,25,42,6,6,0,36,1.0,0.14285714285714285,0.14285714285714285
4,clab-nebula-serf88,30,72,6,6,0,66,1.0,0.08333333333333333,0.08333333333333333
4,clab-nebula-serf88,35,100,6,6,0,94,1.0,0.06,0.06
4,clab-nebula-serf88,40,120,6,6,0,114,1.0,0.05,0.05
4,clab-nebula-serf88,45,127,6,6,0,121,1.0,0.047244094488188976,0.047244094488188976
4,clab-nebula-serf88,50,136,6,6,0,130,1.0,0.04411764705882353,0.04411764705882353
4,clab-nebula-serf88,55,154,7,7,0,147,1.0,0.045454545454545456,0.045454545454545456
4,clab-nebula-serf88,60,158,8,8,0,150,1.0,0.05063291139240506,0.05063291139240506
4,clab-nebula-serf153,5,0,0,0,0,0,0.0,0.0,0.0
4,clab-nebula-serf153,10,0,0,0,0,0,0.0,0.0,0.0
4,clab-nebula-serf153,15,1,0,0,0,1,0,0.0,0.0
4,clab-nebula-serf153,20,9,0,0,0,9,0,0.0,0.0
4,clab-nebula-serf153,25,12,0,0,0,12,0,0.0,0.0
4,clab-nebula-serf153,30,24,11,11,0,13,1.0,0.4583333333333333,0.4583333333333333
4,clab-nebula-serf153,35,42,11,11,0,31,1.0,0.2619047619047619,0.2619047619047619
4,clab-nebula-serf153,40,55,12,11,1,44,0.9166666666666666,0.2,0.19642857142857142
4,clab-nebula-serf153,45,81,12,12,0,69,1.0,0.14814814814814814,0.14814814814814814
4,clab-nebula-serf153,50,114,12,12,0,102,1.0,0.10526315789473684,0.10526315789473684
4,clab-nebula-serf153,55,137,12,12,0,125,1.0,0.08759124087591241,0.08759124087591241
4,clab-nebula-serf153,60,148,12,12,0,136,1.0,0.08108108108108109,0.08108108108108109
4,clab-nebula-serf53,5,0,0,0,0,0,0.0,0.0,0.0
4,clab-nebula-serf53,10,8,0,0,0,8,0,0.0,0.0
4,clab-nebula-serf53,15,25,2,1,1,24,0.5,0.04,0.038461538461538464
4,clab-nebula-serf53,20,64,5,5,0,59,1.0,0.078125,0.078125
4,clab-nebula-serf53,25,81,5,5,0,76,1.0,0.06172839506172839,0.06172839506172839
4,clab-nebula-serf53,30,97,6,6,0,91,1.0,0.061855670103092786,0.061855670103092786
4,clab-nebula-serf53,35,118,57,56,1,62,0.9824561403508771,0.4745762711864407,0.47058823529411764
4,clab-nebula-serf53,40,121,57,57,0,64,1.0,0.47107438016528924,0.47107438016528924
4,clab-nebula-serf53,45,125,57,57,0,68,1.0,0.456,0.456
4,clab-nebula-serf53,50,151,70,70,0,81,1.0,0.46357615894039733,0.46357615894039733
4,clab-nebula-serf53,55,154,70,70,0,84,1.0,0.45454545454545453,0.45454545454545453
4,clab-nebula-serf53,60,157,70,70,0,87,1.0,0.445859872611465,0.445859872611465
4,clab-nebula-serf69,5,0,0,0,0,0,0.0,0.0,0.0
4,clab-nebula-serf69,10,14,0,0,0,14,0,0.0,0.0
4,clab-nebula-serf69,15,31,12,12,0,19,1.0,0.3870967741935484,0.3870967741935484
4,clab-nebula-serf69,20,54,19,19,0,35,1.0,0.35185185185185186,0.35185185185185186
4,clab-nebula-serf69,25,84,24,24,0,60,1.0,0.2857142857142857,0.2857142857142857
4,clab-nebula-serf69,30,107,24,24,0,83,1.0,0.22429906542056074,0.22429906542056074
4,clab-nebula-serf69,35,119,49,48,1,71,0.9795918367346939,0.40336134453781514,0.4
4,clab-nebula-serf69,40,125,49,49,0,76,1.0,0.392,0.392
4,clab-nebula-serf69,45,147,49,49,0,98,1.0,0.3333333333333333,0.3333333333333333
4,clab-nebula-serf69,50,154,49,49,0,105,1.0,0.3181818181818182,0.3181818181818182
4,clab-nebula-serf69,55,158,49,49,0,109,1.0,0.310126582278481,0.310126582278481
4,clab-nebula-serf69,60,161,49,49,0,112,1.0,0.30434782608695654,0.30434782608695654
4,clab-nebula-serf60,5,4,0,0,0,4,0,0.0,0.0
4,clab-nebula-serf60,10,10,0,0,0,10,0,0.0,0.0
4,clab-nebula-serf60,15,42,8,8,0,34,1.0,0.19047619047619047,0.19047619047619047
4,clab-nebula-serf60,20,70,35,32,3,38,0.9142857142857143,0.45714285714285713,0.4383561643835616
4,clab-nebula-serf60,25,87,41,40,1,47,0.975609756097561,0.45977011494252873,0.45454545454545453
4,clab-nebula-serf60,30,111,56,55,1,56,0.9821428571428571,0.4954954954954955,0.49107142857142855
4,clab-nebula-serf60,35,120,56,56,0,64,1.0,0.4666666666666667,0.4666666666666667
4,clab-nebula-serf60,40,124,56,56,0,68,1.0,0.45161290322580644,0.45161290322580644
4,clab-nebula-serf60,45,143,57,57,0,86,1.0,0.3986013986013986,0.3986013986013986
4,clab-nebula-serf60,50,154,57,57,0,97,1.0,0.37012987012987014,0.37012987012987014
4,clab-nebula-serf60,55,154,57,57,0,97,1.0,0.37012987012987014,0.37012987012987014
4,clab-nebula-serf60,60,158,57,57,0,101,1.0,0.36075949367088606,0.36075949367088606
4,clab-nebula-serf145,5,0,0,0,0,0,0.0,0.0,0.0
4,clab-nebula-serf145,10,0,0,0,0,0,0.0,0.0,0.0
4,clab-nebula-serf145,15,1,0,0,0,1,0,0.0,0.0
4,clab-nebula-serf145,20,5,0,0,0,5,0,0.0,0.0
4,clab-nebula-serf145,25,7,0,0,0,7,0,0.0,0.0
4,clab-nebula-serf145,30,15,3,3,0,12,1.0,0.2,0.2
4,clab-nebula-serf145,35,37,18,18,0,19,1.0,0.4864864864864865,0.4864864864864865
4,clab-nebula-serf145,40,56,20,20,0,36,1.0,0.35714285714285715,0.35714285714285715
4,clab-nebula-serf145,45,66,20,20,0,46,1.0,0.30303030303030304,0.30303030303030304
4,clab-nebula-serf145,50,104,23,21,2,83,0.9130434782608695,0.20192307692307693,0.19811320754716982
4,clab-nebula-serf145,55,130,23,22,1,108,0.9565217391304348,0.16923076923076924,0.16793893129770993
4,clab-nebula-serf145,60,145,17,17,0,128,1.0,0.11724137931034483,0.11724137931034483
4,clab-nebula-serf6,5,1,0,0,0,1,0,0.0,0.0
4,clab-nebula-serf6,10,7,0,0,0,7,0,0.0,0.0
4,clab-nebula-serf6,15,18,2,2,0,16,1.0,0.1111111111111111,0.1111111111111111
4,clab-nebula-serf6,20,32,2,2,0,30,1.0,0.0625,0.0625
4,clab-nebula-serf6,25,68,3,3,0,65,1.0,0.04411764705882353,0.04411764705882353
4,clab-nebula-serf6,30,86,3,3,0,83,1.0,0.03488372093023256,0.03488372093023256
4,clab-nebula-serf6,35,98,14,14,0,84,1.0,0.14285714285714285,0.14285714285714285
4,clab-nebula-serf6,40,117,14,14,0,103,1.0,0.11965811965811966,0.11965811965811966
4,clab-nebula-serf6,45,120,14,14,0,106,1.0,0.11666666666666667,0.11666666666666667
4,clab-nebula-serf6,50,124,64,64,0,60,1.0,0.5161290322580645,0.5161290322580645
4,clab-nebula-serf6,55,151,80,80,0,71,1.0,0.5298013245033113,0.5298013245033113
4,clab-nebula-serf6,60,155,80,80,0,75,1.0,0.5161290322580645,0.5161290322580645
4,clab-nebula-serf11,5,2,0,0,0,2,0,0.0,0.0
4,clab-nebula-serf11,10,14,0,0,0,14,0,0.0,0.0
4,clab-nebula-serf11,15,26,7,6,1,20,0.8571428571428571,0.23076923076923078,0.2222222222222222
4,clab-nebula-serf11,20,57,9,9,0,48,1.0,0.15789473684210525,0.15789473684210525
4,clab-nebula-serf11,25,82,9,9,0,73,1.0,0.10975609756097561,0.10975609756097561
4,clab-nebula-serf11,30,93,9,9,0,84,1.0,0.0967741935483871,0.0967741935483871
4,clab-nebula-serf11,35,112,14,14,0,98,1.0,0.125,0.125
4,clab-nebula-serf11,40,120,14,14,0,106,1.0,0.11666666666666667,0.11666666666666667
4,clab-nebula-serf11,45,124,64,64,0,60,1.0,0.5161290322580645,0.5161290322580645
4,clab-nebula-serf11,50,142,67,67,0,75,1.0,0.47183098591549294,0.47183098591549294
4,clab-nebula-serf11,55,154,67,67,0,87,1.0,0.43506493506493504,0.43506493506493504
4,clab-nebula-serf11,60,157,67,67,0,90,1.0,0.4267515923566879,0.4267515923566879
4,clab-nebula-serf98,5,1,0,0,0,1,0,0.0,0.0
4,clab-nebula-serf98,10,7,0,0,0,7,0,0.0,0.0
4,clab-nebula-serf98,15,7,0,0,0,7,0,0.0,0.0
4,clab-nebula-serf98,20,8,7,7,0,1,1.0,0.875,0.875
4,clab-nebula-serf98,25,14,7,7,0,7,1.0,0.5,0.5
4,clab-nebula-serf98,30,29,8,7,1,22,0.875,0.2413793103448276,0.23333333333333334
4,clab-nebula-serf98,35,71,29,29,0,42,1.0,0.4084507042253521,0.4084507042253521
4,clab-nebula-serf98,40,121,29,29,0,92,1.0,0.2396694214876033,0.2396694214876033
4,clab-nebula-serf98,45,144,29,29,0,115,1.0,0.2013888888888889,0.2013888888888889
4,clab-nebula-serf98,50,156,29,29,0,127,1.0,0.1858974358974359,0.1858974358974359
4,clab-nebula-serf98,55,160,29,29,0,131,1.0,0.18125,0.18125
4,clab-nebula-serf98,60,161,29,29,0,132,1.0,0.18012422360248448,0.18012422360248448
4,clab-nebula-serf138,5,0,0,0,0,0,0.0,0.0,0.0
4,clab-nebula-serf138,10,0,0,0,0,0,0.0,0.0,0.0
4,clab-nebula-serf138,15,1,0,0,0,1,0,0.0,0.0
4,clab-nebula-serf138,20,14,0,0,0,14,0,0.0,0.0
4,clab-nebula-serf138,25,14,0,0,0,14,0,0.0,0.0
4,clab-nebula-serf138,30,26,13,13,0,13,1.0,0.5,0.5
4,clab-nebula-serf138,35,43,15,15,0,28,1.0,0.3488372093023256,0.3488372093023256
4,clab-nebula-serf138,40,55,20,20,0,35,1.0,0.36363636363636365,0.36363636363636365
4,clab-nebula-serf138,45,90,23,21,2,69,0.9130434782608695,0.23333333333333334,0.22826086956521738
4,clab-nebula-serf138,50,115,23,22,1,93,0.9565217391304348,0.19130434782608696,0.1896551724137931
4,clab-nebula-serf138,55,137,23,23,0,114,1.0,0.1678832116788321,0.1678832116788321
4,clab-nebula-serf138,60,147,23,23,0,124,1.0,0.1564625850340136,0.1564625850340136
4,clab-nebula-serf150,5,0,0,0,0,0,0.0,0.0,0.0
4,clab-nebula-serf150,10,0,0,0,0,0,0.0,0.0,0.0
4,clab-nebula-serf150,15,1,0,0,0,1,0,0.0,0.0
4,clab-nebula-serf150,20,9,0,0,0,9,0,0.0,0.0
4,clab-nebula-serf150,25,17,9,9,0,8,1.0,0.5294117647058824,0.5294117647058824
4,clab-nebula-serf150,30,23,11,11,0,12,1.0,0.4782608695652174,0.4782608695652174
4,clab-nebula-serf150,35,42,11,11,0,31,1.0,0.2619047619047619,0.2619047619047619
4,clab-nebula-serf150,40,54,12,11,1,43,0.9166666666666666,0.2037037037037037,0.2
4,clab-nebula-serf150,45,79,12,12,0,67,1.0,0.1518987341772152,0.1518987341772152
4,clab-nebula-serf150,50,117,12,12,0,105,1.0,0.10256410256410256,0.10256410256410256
4,clab-nebula-serf150,55,141,12,12,0,129,1.0,0.0851063829787234,0.0851063829787234
4,clab-nebula-serf150,60,152,16,16,0,136,1.0,0.10526315789473684,0.10526315789473684
4,clab-nebula-serf18,5,0,0,0,0,0,0.0,0.0,0.0
4,clab-nebula-serf18,10,5,0,0,0,5,0,0.0,0.0
4,clab-nebula-serf18,15,20,3,3,0,17,1.0,0.15,0.15
4,clab-nebula-serf18,20,47,3,3,0,44,1.0,0.06382978723404255,0.06382978723404255
4,clab-nebula-serf18,25,75,3,3,0,72,1.0,0.04,0.04
4,clab-nebula-serf18,30,90,3,3,0,87,1.0,0.03333333333333333,0.03333333333333333
4,clab-nebula-serf18,35,103,3,3,0,100,1.0,0.02912621359223301,0.02912621359223301
4,clab-nebula-serf18,40,120,3,3,0,117,1.0,0.025,0.025
4,clab-nebula-serf18,45,123,3,3,0,120,1.0,0.024390243902439025,0.024390243902439025
4,clab-nebula-serf18,50,140,6,6,0,134,1.0,0.04285714285714286,0.04285714285714286
4,clab-nebula-serf18,55,151,6,6,0,145,1.0,0.039735099337748346,0.039735099337748346
4,clab-nebula-serf18,60,157,6,6,0,151,1.0,0.03821656050955414,0.03821656050955414
4,clab-nebula-serf30,5,1,0,0,0,1,0,0.0,0.0
4,clab-nebula-serf30,10,13,5,5,0,8,1.0,0.38461538461538464,0.38461538461538464
4,clab-nebula-serf30,15,28,5,5,0,23,1.0,0.17857142857142858,0.17857142857142858
4,clab-nebula-serf30,20,45,5,5,0,40,1.0,0.1111111111111111,0.1111111111111111
4,clab-nebula-serf30,25,81,10,10,0,71,1.0,0.12345679012345678,0.12345679012345678
4,clab-nebula-serf30,30,93,10,10,0,83,1.0,0.10752688172043011,0.10752688172043011
4,clab-nebula-serf30,35,102,18,18,0,84,1.0,0.17647058823529413,0.17647058823529413
4,clab-nebula-serf30,40,119,18,18,0,101,1.0,0.15126050420168066,0.15126050420168066
4,clab-nebula-serf30,45,124,18,18,0,106,1.0,0.14516129032258066,0.14516129032258066
4,clab-nebula-serf30,50,128,68,68,0,60,1.0,0.53125,0.53125
4,clab-nebula-serf30,55,154,68,68,0,86,1.0,0.44155844155844154,0.44155844155844154
4,clab-nebula-serf30,60,154,68,68,0,86,1.0,0.44155844155844154,0.44155844155844154
4,clab-nebula-serf44,5,3,0,0,0,3,0,0.0,0.0
4,clab-nebula-serf44,10,10,5,5,0,5,1.0,0.5,0.5
4,clab-nebula-serf44,15,23,5,5,0,18,1.0,0.21739130434782608,0.21739130434782608
4,clab-nebula-serf44,20,47,10,9,1,38,0.9,0.19148936170212766,0.1875
4,clab-nebula-serf44,25,81,10,10,0,71,1.0,0.12345679012345678,0.12345679012345678
4,clab-nebula-serf44,30,99,18,18,0,81,1.0,0.18181818181818182,0.18181818181818182
4,clab-nebula-serf44,35,120,18,18,0,102,1.0,0.15,0.15
4,clab-nebula-serf44,40,124,18,18,0,106,1.0,0.14516129032258066,0.14516129032258066
4,clab-nebula-serf44,45,127,69,69,0,58,1.0,0.5433070866141733,0.5433070866141733
4,clab-nebula-serf44,50,154,69,69,0,85,1.0,0.44805194805194803,0.44805194805194803
4,clab-nebula-serf44,55,154,69,69,0,85,1.0,0.44805194805194803,0.44805194805194803
4,clab-nebula-serf44,60,156,69,69,0,87,1.0,0.4423076923076923,0.4423076923076923
4,clab-nebula-serf131,5,0,0,0,0,0,0.0,0.0,0.0
4,clab-nebula-serf131,10,0,0,0,0,0,0.0,0.0,0.0
4,clab-nebula-serf131,15,3,0,0,0,3,0,0.0,0.0
4,clab-nebula-serf131,20,14,0,0,0,14,0,0.0,0.0
4,clab-nebula-serf131,25,18,11,11,0,7,1.0,0.6111111111111112,0.6111111111111112
4,clab-nebula-serf131,30,29,15,15,0,14,1.0,0.5172413793103449,0.5172413793103449
4,clab-nebula-serf131,35,45,15,15,0,30,1.0,0.3333333333333333,0.3333333333333333
4,clab-nebula-serf131,40,69,20,20,0,49,1.0,0.2898550724637681,0.2898550724637681
4,clab-nebula-serf131,45,95,23,22,1,73,0.9565217391304348,0.23157894736842105,0.22916666666666666
4,clab-nebula-serf131,50,122,23,23,0,99,1.0,0.1885245901639344,0.1885245901639344
4,clab-nebula-serf131,55,137,23,23,0,114,1.0,0.1678832116788321,0.1678832116788321
4,clab-nebula-serf131,60,149,27,27,0,122,1.0,0.18120805369127516,0.18120805369127516
4,clab-nebula-serf35,5,0,0,0,0,0,0.0,0.0,0.0
4,clab-nebula-serf35,10,1,0,0,0,1,0,0.0,0.0
4,clab-nebula-serf35,15,7,2,2,0,5,1.0,0.2857142857142857,0.2857142857142857
4,clab-nebula-serf35,20,26,9,7,2,19,0.7777777777777778,0.2692307692307692,0.25
4,clab-nebula-serf35,25,63,9,9,0,54,1.0,0.14285714285714285,0.14285714285714285
4,clab-nebula-serf35,30,85,9,9,0,76,1.0,0.10588235294117647,0.10588235294117647
4,clab-nebula-serf35,35,95,41,40,1,55,0.975609756097561,0.42105263157894735,0.4166666666666667
4,clab-nebula-serf35,40,111,68,67,1,44,0.9852941176470589,0.6036036036036037,0.5982142857142857
4,clab-nebula-serf35,45,121,68,68,0,53,1.0,0.5619834710743802,0.5619834710743802
4,clab-nebula-serf35,50,124,68,68,0,56,1.0,0.5483870967741935,0.5483870967741935
4,clab-nebula-serf35,55,145,68,68,0,77,1.0,0.4689655172413793,0.4689655172413793
4,clab-nebula-serf35,60,154,68,68,0,86,1.0,0.44155844155844154,0.44155844155844154
4,clab-nebula-serf40,5,0,0,0,0,0,0.0,0.0,0.0
4,clab-nebula-serf40,10,1,0,0,0,1,0,0.0,0.0
4,clab-nebula-serf40,15,11,0,0,0,11,0,0.0,0.0
4,clab-nebula-serf40,20,35,9,7,2,28,0.7777777777777778,0.2,0.1891891891891892
4,clab-nebula-serf40,25,71,9,9,0,62,1.0,0.1267605633802817,0.1267605633802817
4,clab-nebula-serf40,30,87,35,35,0,52,1.0,0.40229885057471265,0.40229885057471265
4,clab-nebula-serf40,35,98,41,40,1,58,0.975609756097561,0.40816326530612246,0.40404040404040403
4,clab-nebula-serf40,40,118,68,67,1,51,0.9852941176470589,0.5677966101694916,0.5630252100840336
4,clab-nebula-serf40,45,122,68,68,0,54,1.0,0.5573770491803278,0.5573770491803278
4,clab-nebula-serf40,50,126,68,68,0,58,1.0,0.5396825396825397,0.5396825396825397
4,clab-nebula-serf40,55,153,68,68,0,85,1.0,0.4444444444444444,0.4444444444444444
4,clab-nebula-serf40,60,154,68,68,0,86,1.0,0.44155844155844154,0.44155844155844154
4,clab-nebula-serf144,5,0,0,0,0,0,0.0,0.0,0.0
4,clab-nebula-serf144,10,0,0,0,0,0,0.0,0.0,0.0
4,clab-nebula-serf144,15,7,0,0,0,7,0,0.0,0.0
4,clab-nebula-serf144,20,12,3,3,0,9,1.0,0.25,0.25
4,clab-nebula-serf144,25,23,18,13,5,10,0.7222222222222222,0.5652173913043478,0.4642857142857143
4,clab-nebula-serf144,30,55,20,20,0,35,1.0,0.36363636363636365,0.36363636363636365
4,clab-nebula-serf144,35,60,20,20,0,40,1.0,0.3333333333333333,0.3333333333333333
4,clab-nebula-serf144,40,95,18,18,0,77,1.0,0.18947368421052632,0.18947368421052632
4,clab-nebula-serf144,45,126,23,22,1,104,0.9565217391304348,0.1746031746031746,0.1732283464566929
4,clab-nebula-serf144,50,141,23,23,0,118,1.0,0.16312056737588654,0.16312056737588654
4,clab-nebula-serf144,55,151,23,23,0,128,1.0,0.152317880794702,0.152317880794702
4,clab-nebula-serf144,60,155,23,23,0,132,1.0,0.14838709677419354,0.14838709677419354
4,clab-nebula-serf152,5,0,0,0,0,0,0.0,0.0,0.0
4,clab-nebula-serf152,10,1,0,0,0,1,0,0.0,0.0
4,clab-nebula-serf152,15,11,0,0,0,11,0,0.0,0.0
4,clab-nebula-serf152,20,14,7,7,0,7,1.0,0.5,0.5
4,clab-nebula-serf152,25,24,11,11,0,13,1.0,0.4583333333333333,0.4583333333333333
4,clab-nebula-serf152,30,47,11,11,0,36,1.0,0.23404255319148937,0.23404255319148937
4,clab-nebula-serf152,35,60,12,11,1,49,0.9166666666666666,0.18333333333333332,0.18032786885245902
4,clab-nebula-serf152,40,89,12,12,0,77,1.0,0.1348314606741573,0.1348314606741573
4,clab-nebula-serf152,45,122,12,12,0,110,1.0,0.09836065573770492,0.09836065573770492
4,clab-nebula-serf152,50,143,12,12,0,131,1.0,0.08391608391608392,0.08391608391608392
4,clab-nebula-serf152,55,152,16,16,0,136,1.0,0.10526315789473684,0.10526315789473684
4,clab-nebula-serf152,60,156,16,16,0,140,1.0,0.10256410256410256,0.10256410256410256
4,clab-nebula-serf162,5,0,0,0,0,0,0.0,0.0,0.0
4,clab-nebula-serf162,10,0,0,0,0,0,0.0,0.0,0.0
4,clab-nebula-serf162,15,5,0,0,0,5,0,0.0,0.0
4,clab-nebula-serf162,20,5,0,0,0,5,0,0.0,0.0
4,clab-nebula-serf162,25,5,0,0,0,5,0,0.0,0.0
4,clab-nebula-serf162,30,9,10,6,4,3,0.6,0.6666666666666666,0.46153846153846156
4,clab-nebula-serf162,35,20,24,15,9,5,0.625,0.75,0.5172413793103449
4,clab-nebula-serf162,40,35,10,10,0,25,1.0,0.2857142857142857,0.2857142857142857
4,clab-nebula-serf162,45,40,24,24,0,16,1.0,0.6,0.6
4,clab-nebula-serf162,50,54,35,32,3,22,0.9142857142857143,0.5925925925925926,0.5614035087719298
4,clab-nebula-serf162,55,74,37,35,2,39,0.9459459459459459,0.47297297297297297,0.4605263157894737
4,clab-nebula-serf162,60,113,44,44,0,69,1.0,0.3893805309734513,0.3893805309734513
4,clab-nebula-serf41,5,0,0,0,0,0,0.0,0.0,0.0
4,clab-nebula-serf41,10,0,0,0,0,0,0.0,0.0,0.0
4,clab-nebula-serf41,15,1,0,0,0,1,0,0.0,0.0
4,clab-nebula-serf41,20,14,9,6,3,8,0.6666666666666666,0.42857142857142855,0.35294117647058826
4,clab-nebula-serf41,25,40,9,8,1,32,0.8888888888888888,0.2,0.1951219512195122
4,clab-nebula-serf41,30,74,9,9,0,65,1.0,0.12162162162162163,0.12162162162162163
4,clab-nebula-serf41,35,89,35,35,0,54,1.0,0.39325842696629215,0.39325842696629215
4,clab-nebula-serf41,40,99,41,40,1,59,0.975609756097561,0.40404040404040403,0.4
4,clab-nebula-serf41,45,118,68,67,1,51,0.9852941176470589,0.5677966101694916,0.5630252100840336
4,clab-nebula-serf41,50,121,68,68,0,53,1.0,0.5619834710743802,0.5619834710743802
4,clab-nebula-serf41,55,126,68,68,0,58,1.0,0.5396825396825397,0.5396825396825397
4,clab-nebula-serf41,60,153,68,68,0,85,1.0,0.4444444444444444,0.4444444444444444
4,clab-nebula-serf72,5,1,0,0,0,1,0,0.0,0.0
4,clab-nebula-serf72,10,16,6,6,0,10,1.0,0.375,0.375
4,clab-nebula-serf72,15,31,12,12,0,19,1.0,0.3870967741935484,0.3870967741935484
4,clab-nebula-serf72,20,54,24,24,0,30,1.0,0.4444444444444444,0.4444444444444444
4,clab-nebula-serf72,25,84,24,24,0,60,1.0,0.2857142857142857,0.2857142857142857
4,clab-nebula-serf72,30,110,24,24,0,86,1.0,0.21818181818181817,0.21818181818181817
4,clab-nebula-serf72,35,121,49,49,0,72,1.0,0.4049586776859504,0.4049586776859504
4,clab-nebula-serf72,40,125,49,49,0,76,1.0,0.392,0.392
4,clab-nebula-serf72,45,150,49,49,0,101,1.0,0.32666666666666666,0.32666666666666666
4,clab-nebula-serf72,50,154,49,49,0,105,1.0,0.3181818181818182,0.3181818181818182
4,clab-nebula-serf72,55,158,49,49,0,109,1.0,0.310126582278481,0.310126582278481
4,clab-nebula-serf72,60,161,49,49,0,112,1.0,0.30434782608695654,0.30434782608695654
4,clab-nebula-serf141,5,0,0,0,0,0,0.0,0.0,0.0
4,clab-nebula-serf141,10,0,0,0,0,0,0.0,0.0,0.0
4,clab-nebula-serf141,15,0,0,0,0,0,0.0,0.0,0.0
4,clab-nebula-serf141,20,14,0,0,0,14,0,0.0,0.0
4,clab-nebula-serf141,25,14,0,0,0,14,0,0.0,0.0
4,clab-nebula-serf141,30,26,13,13,0,13,1.0,0.5,0.5
4,clab-nebula-serf141,35,43,15,15,0,28,1.0,0.3488372093023256,0.3488372093023256
4,clab-nebula-serf141,40,59,20,20,0,39,1.0,0.3389830508474576,0.3389830508474576
4,clab-nebula-serf141,45,90,23,21,2,69,0.9130434782608695,0.23333333333333334,0.22826086956521738
4,clab-nebula-serf141,50,116,23,22,1,94,0.9565217391304348,0.1896551724137931,0.18803418803418803
4,clab-nebula-serf141,55,137,23,23,0,114,1.0,0.1678832116788321,0.1678832116788321
4,clab-nebula-serf141,60,149,27,27,0,122,1.0,0.18120805369127516,0.18120805369127516
4,clab-nebula-serf25,5,0,0,0,0,0,0.0,0.0,0.0
4,clab-nebula-serf25,10,4,0,0,0,4,0,0.0,0.0
4,clab-nebula-serf25,15,12,5,5,0,7,1.0,0.4166666666666667,0.4166666666666667
4,clab-nebula-serf25,20,28,5,5,0,23,1.0,0.17857142857142858,0.17857142857142858
4,clab-nebula-serf25,25,44,5,5,0,39,1.0,0.11363636363636363,0.11363636363636363
4,clab-nebula-serf25,30,81,10,10,0,71,1.0,0.12345679012345678,0.12345679012345678
4,clab-nebula-serf25,35,93,10,10,0,83,1.0,0.10752688172043011,0.10752688172043011
4,clab-nebula-serf25,40,102,18,18,0,84,1.0,0.17647058823529413,0.17647058823529413
4,clab-nebula-serf25,45,119,18,18,0,101,1.0,0.15126050420168066,0.15126050420168066
4,clab-nebula-serf25,50,124,18,18,0,106,1.0,0.14516129032258066,0.14516129032258066
4,clab-nebula-serf25,55,127,68,68,0,59,1.0,0.5354330708661418,0.5354330708661418
4,clab-nebula-serf25,60,154,68,68,0,86,1.0,0.44155844155844154,0.44155844155844154
4,clab-nebula-serf50,5,3,0,0,0,3,0,0.0,0.0
4,clab-nebula-serf50,10,8,0,0,0,8,0,0.0,0.0
4,clab-nebula-serf50,15,23,5,5,0,18,1.0,0.21739130434782608,0.21739130434782608
4,clab-nebula-serf50,20,41,10,8,2,33,0.8,0.1951219512195122,0.18604651162790697
4,clab-nebula-serf50,25,81,10,10,0,71,1.0,0.12345679012345678,0.12345679012345678
4,clab-nebula-serf50,30,93,18,18,0,75,1.0,0.1935483870967742,0.1935483870967742
4,clab-nebula-serf50,35,118,18,18,0,100,1.0,0.15254237288135594,0.15254237288135594
4,clab-nebula-serf50,40,122,18,18,0,104,1.0,0.14754098360655737,0.14754098360655737
4,clab-nebula-serf50,45,125,69,69,0,56,1.0,0.552,0.552
4,clab-nebula-serf50,50,153,69,69,0,84,1.0,0.45098039215686275,0.45098039215686275
4,clab-nebula-serf50,55,154,69,69,0,85,1.0,0.44805194805194803,0.44805194805194803
4,clab-nebula-serf50,60,156,69,69,0,87,1.0,0.4423076923076923,0.4423076923076923
4,clab-nebula-serf51,5,1,0,0,0,1,0,0.0,0.0
4,clab-nebula-serf51,10,9,5,4,1,5,0.8,0.4444444444444444,0.4
4,clab-nebula-serf51,15,24,5,5,0,19,1.0,0.20833333333333334,0.20833333333333334
4,clab-nebula-serf51,20,64,24,24,0,40,1.0,0.375,0.375
4,clab-nebula-serf51,25,83,24,24,0,59,1.0,0.2891566265060241,0.2891566265060241
4,clab-nebula-serf51,30,97,24,24,0,73,1.0,0.24742268041237114,0.24742268041237114
4,clab-nebula-serf51,35,118,57,56,1,62,0.9824561403508771,0.4745762711864407,0.47058823529411764
4,clab-nebula-serf51,40,121,57,57,0,64,1.0,0.47107438016528924,0.47107438016528924
4,clab-nebula-serf51,45,126,57,57,0,69,1.0,0.4523809523809524,0.4523809523809524
4,clab-nebula-serf51,50,152,57,57,0,95,1.0,0.375,0.375
4,clab-nebula-serf51,55,154,57,57,0,97,1.0,0.37012987012987014,0.37012987012987014
4,clab-nebula-serf51,60,157,57,57,0,100,1.0,0.3630573248407643,0.3630573248407643
4,clab-nebula-serf66,5,0,0,0,0,0,0.0,0.0,0.0
4,clab-nebula-serf66,10,4,0,0,0,4,0,0.0,0.0
4,clab-nebula-serf66,15,27,0,0,0,27,0,0.0,0.0
4,clab-nebula-serf66,20,44,6,6,0,38,1.0,0.13636363636363635,0.13636363636363635
4,clab-nebula-serf66,25,79,8,8,0,71,1.0,0.10126582278481013,0.10126582278481013
4,clab-nebula-serf66,30,106,8,8,0,98,1.0,0.07547169811320754,0.07547169811320754
4,clab-nebula-serf66,35,116,8,8,0,108,1.0,0.06896551724137931,0.06896551724137931
4,clab-nebula-serf66,40,123,8,8,0,115,1.0,0.06504065040650407,0.06504065040650407
4,clab-nebula-serf66,45,136,8,8,0,128,1.0,0.058823529411764705,0.058823529411764705
4,clab-nebula-serf66,50,154,19,19,0,135,1.0,0.12337662337662338,0.12337662337662338
4,clab-nebula-serf66,55,154,19,19,0,135,1.0,0.12337662337662338,0.12337662337662338
4,clab-nebula-serf66,60,158,19,19,0,139,1.0,0.12025316455696203,0.12025316455696203
4,clab-nebula-serf86,5,3,0,0,0,3,0,0.0,0.0
4,clab-nebula-serf86,10,4,0,0,0,4,0,0.0,0.0
4,clab-nebula-serf86,15,11,0,0,0,11,0,0.0,0.0
4,clab-nebula-serf86,20,29,0,0,0,29,0,0.0,0.0
4,clab-nebula-serf86,25,56,6,6,0,50,1.0,0.10714285714285714,0.10714285714285714
4,clab-nebula-serf86,30,85,6,6,0,79,1.0,0.07058823529411765,0.07058823529411765
4,clab-nebula-serf86,35,115,6,6,0,109,1.0,0.05217391304347826,0.05217391304347826
4,clab-nebula-serf86,40,120,6,6,0,114,1.0,0.05,0.05
4,clab-nebula-serf86,45,134,6,6,0,128,1.0,0.04477611940298507,0.04477611940298507
4,clab-nebula-serf86,50,145,7,7,0,138,1.0,0.04827586206896552,0.04827586206896552
4,clab-nebula-serf86,55,155,7,7,0,148,1.0,0.04516129032258064,0.04516129032258064
4,clab-nebula-serf86,60,160,21,21,0,139,1.0,0.13125,0.13125
4,clab-nebula-serf90,5,2,0,0,0,2,0,0.0,0.0
4,clab-nebula-serf90,10,9,0,0,0,9,0,0.0,0.0
4,clab-nebula-serf90,15,30,0,0,0,30,0,0.0,0.0
4,clab-nebula-serf90,20,49,0,0,0,49,0,0.0,0.0
4,clab-nebula-serf90,25,78,8,8,0,70,1.0,0.10256410256410256,0.10256410256410256
4,clab-nebula-serf90,30,101,8,8,0,93,1.0,0.07920792079207921,0.07920792079207921
4,clab-nebula-serf90,35,119,8,8,0,111,1.0,0.06722689075630252,0.06722689075630252
4,clab-nebula-serf90,40,122,8,8,0,114,1.0,0.06557377049180328,0.06557377049180328
4,clab-nebula-serf90,45,137,8,8,0,129,1.0,0.058394160583941604,0.058394160583941604
4,clab-nebula-serf90,50,154,19,19,0,135,1.0,0.12337662337662338,0.12337662337662338
4,clab-nebula-serf90,55,155,19,19,0,136,1.0,0.12258064516129032,0.12258064516129032
4,clab-nebula-serf90,60,159,19,19,0,140,1.0,0.11949685534591195,0.11949685534591195
4,clab-nebula-serf143,5,0,0,0,0,0,0.0,0.0,0.0
4,clab-nebula-serf143,10,0,0,0,0,0,0.0,0.0,0.0
4,clab-nebula-serf143,15,1,0,0,0,1,0,0.0,0.0
4,clab-nebula-serf143,20,2,0,0,0,2,0,0.0,0.0
4,clab-nebula-serf143,25,7,0,0,0,7,0,0.0,0.0
4,clab-nebula-serf143,30,13,3,3,0,10,1.0,0.23076923076923078,0.23076923076923078
4,clab-nebula-serf143,35,32,20,19,1,13,0.95,0.59375,0.5757575757575758
4,clab-nebula-serf143,40,56,20,20,0,36,1.0,0.35714285714285715,0.35714285714285715
4,clab-nebula-serf143,45,66,20,20,0,46,1.0,0.30303030303030304,0.30303030303030304
4,clab-nebula-serf143,50,103,23,21,2,82,0.9130434782608695,0.20388349514563106,0.2
4,clab-nebula-serf143,55,130,23,22,1,108,0.9565217391304348,0.16923076923076924,0.16793893129770993
4,clab-nebula-serf143,60,145,17,17,0,128,1.0,0.11724137931034483,0.11724137931034483
4,clab-nebula-serf7,5,1,0,0,0,1,0,0.0,0.0
4,clab-nebula-serf7,10,9,2,2,0,7,1.0,0.2222222222222222,0.2222222222222222
4,clab-nebula-serf7,15,19,2,2,0,17,1.0,0.10526315789473684,0.10526315789473684
4,clab-nebula-serf7,20,33,2,2,0,31,1.0,0.06060606060606061,0.06060606060606061
4,clab-nebula-serf7,25,67,3,3,0,64,1.0,0.04477611940298507,0.04477611940298507
4,clab-nebula-serf7,30,86,3,3,0,83,1.0,0.03488372093023256,0.03488372093023256
4,clab-nebula-serf7,35,99,14,14,0,85,1.0,0.1414141414141414,0.1414141414141414
4,clab-nebula-serf7,40,117,14,14,0,103,1.0,0.11965811965811966,0.11965811965811966
4,clab-nebula-serf7,45,120,14,14,0,106,1.0,0.11666666666666667,0.11666666666666667
4,clab-nebula-serf7,50,124,64,64,0,60,1.0,0.5161290322580645,0.5161290322580645
4,clab-nebula-serf7,55,151,80,80,0,71,1.0,0.5298013245033113,0.5298013245033113
4,clab-nebula-serf7,60,156,80,80,0,76,1.0,0.5128205128205128,0.5128205128205128
4,clab-nebula-serf37,5,2,0,0,0,2,0,0.0,0.0
4,clab-nebula-serf37,10,8,1,1,0,7,1.0,0.125,0.125
4,clab-nebula-serf37,15,29,9,8,1,21,0.8888888888888888,0.27586206896551724,0.26666666666666666
4,clab-nebula-serf37,20,65,9,9,0,56,1.0,0.13846153846153847,0.13846153846153847
4,clab-nebula-serf37,25,85,9,9,0,76,1.0,0.10588235294117647,0.10588235294117647
4,clab-nebula-serf37,30,96,41,40,1,56,0.975609756097561,0.4166666666666667,0.41237113402061853
4,clab-nebula-serf37,35,111,68,67,1,44,0.9852941176470589,0.6036036036036037,0.5982142857142857
4,clab-nebula-serf37,40,121,68,68,0,53,1.0,0.5619834710743802,0.5619834710743802
4,clab-nebula-serf37,45,124,68,68,0,56,1.0,0.5483870967741935,0.5483870967741935
4,clab-nebula-serf37,50,146,68,68,0,78,1.0,0.4657534246575342,0.4657534246575342
4,clab-nebula-serf37,55,154,68,68,0,86,1.0,0.44155844155844154,0.44155844155844154
4,clab-nebula-serf37,60,156,68,68,0,88,1.0,0.4358974358974359,0.4358974358974359
4,clab-nebula-serf43,5,0,0,0,0,0,0.0,0.0,0.0
4,clab-nebula-serf43,10,5,0,0,0,5,0,0.0,0.0
4,clab-nebula-serf43,15,13,5,5,0,8,1.0,0.38461538461538464,0.38461538461538464
4,clab-nebula-serf43,20,27,5,5,0,22,1.0,0.18518518518518517,0.18518518518518517
4,clab-nebula-serf43,25,52,10,9,1,43,0.9,0.17307692307692307,0.16981132075471697
4,clab-nebula-serf43,30,82,10,10,0,72,1.0,0.12195121951219512,0.12195121951219512
4,clab-nebula-serf43,35,98,18,18,0,80,1.0,0.1836734693877551,0.1836734693877551
4,clab-nebula-serf43,40,119,18,18,0,101,1.0,0.15126050420168066,0.15126050420168066
4,clab-nebula-serf43,45,124,18,18,0,106,1.0,0.14516129032258066,0.14516129032258066
4,clab-nebula-serf43,50,126,69,69,0,57,1.0,0.5476190476190477,0.5476190476190477
4,clab-nebula-serf43,55,154,69,69,0,85,1.0,0.44805194805194803,0.44805194805194803
4,clab-nebula-serf43,60,154,69,69,0,85,1.0,0.44805194805194803,0.44805194805194803
4,clab-nebula-serf58,5,5,0,0,0,5,0,0.0,0.0
4,clab-nebula-serf58,10,19,0,0,0,19,0,0.0,0.0
4,clab-nebula-serf58,15,57,24,24,0,33,1.0,0.42105263157894735,0.42105263157894735
4,clab-nebula-serf58,20,79,35,35,0,44,1.0,0.4430379746835443,0.4430379746835443
4,clab-nebula-serf58,25,93,41,40,1,53,0.975609756097561,0.43010752688172044,0.425531914893617
4,clab-nebula-serf58,30,118,56,55,1,63,0.9821428571428571,0.4661016949152542,0.46218487394957986
4,clab-nebula-serf58,35,122,56,56,0,66,1.0,0.45901639344262296,0.45901639344262296
4,clab-nebula-serf58,40,125,56,56,0,69,1.0,0.448,0.448
4,clab-nebula-serf58,45,153,57,57,0,96,1.0,0.37254901960784315,0.37254901960784315
4,clab-nebula-serf58,50,154,57,57,0,97,1.0,0.37012987012987014,0.37012987012987014
4,clab-nebula-serf58,55,156,57,57,0,99,1.0,0.36538461538461536,0.36538461538461536
4,clab-nebula-serf58,60,160,57,57,0,103,1.0,0.35625,0.35625
4,clab-nebula-serf61,5,5,0,0,0,5,0,0.0,0.0
4,clab-nebula-serf61,10,20,0,0,0,20,0,0.0,0.0
4,clab-nebula-serf61,15,61,24,24,0,37,1.0,0.39344262295081966,0.39344262295081966
4,clab-nebula-serf61,20,79,24,24,0,55,1.0,0.3037974683544304,0.3037974683544304
4,clab-nebula-serf61,25,93,24,24,0,69,1.0,0.25806451612903225,0.25806451612903225
4,clab-nebula-serf61,30,118,56,55,1,63,0.9821428571428571,0.4661016949152542,0.46218487394957986
4,clab-nebula-serf61,35,121,57,57,0,64,1.0,0.47107438016528924,0.47107438016528924
4,clab-nebula-serf61,40,124,57,57,0,67,1.0,0.4596774193548387,0.4596774193548387
4,clab-nebula-serf61,45,149,57,57,0,92,1.0,0.3825503355704698,0.3825503355704698
4,clab-nebula-serf61,50,154,57,57,0,97,1.0,0.37012987012987014,0.37012987012987014
4,clab-nebula-serf61,55,156,57,57,0,99,1.0,0.36538461538461536,0.36538461538461536
4,clab-nebula-serf61,60,158,57,57,0,101,1.0,0.36075949367088606,0.36075949367088606
4,clab-nebula-serf112,5,0,0,0,0,0,0.0,0.0,0.0
4,clab-nebula-serf112,10,0,0,0,0,0,0.0,0.0,0.0
4,clab-nebula-serf112,15,0,0,0,0,0,0.0,0.0,0.0
4,clab-nebula-serf112,20,0,0,0,0,0,0.0,0.0,0.0
4,clab-nebula-serf112,25,5,0,0,0,5,0,0.0,0.0
4,clab-nebula-serf112,30,18,2,2,0,16,1.0,0.1111111111111111,0.1111111111111111
4,clab-nebula-serf112,35,34,2,2,0,32,1.0,0.058823529411764705,0.058823529411764705
4,clab-nebula-serf112,40,64,2,2,0,62,1.0,0.03125,0.03125
4,clab-nebula-serf112,45,103,6,3,3,100,0.5,0.02912621359223301,0.02830188679245283
4,clab-nebula-serf112,50,136,6,5,1,131,0.8333333333333334,0.03676470588235294,0.0364963503649635
4,clab-nebula-serf112,55,148,12,12,0,136,1.0,0.08108108108108109,0.08108108108108109
4,clab-nebula-serf112,60,159,16,16,0,143,1.0,0.10062893081761007,0.10062893081761007
4,clab-nebula-serf15,5,1,0,0,0,1,0,0.0,0.0
4,clab-nebula-serf15,10,14,1,1,0,13,1.0,0.07142857142857142,0.07142857142857142
4,clab-nebula-serf15,15,32,2,2,0,30,1.0,0.0625,0.0625
4,clab-nebula-serf15,20,68,7,6,1,62,0.8571428571428571,0.08823529411764706,0.08695652173913043
4,clab-nebula-serf15,25,88,7,7,0,81,1.0,0.07954545454545454,0.07954545454545454
4,clab-nebula-serf15,30,100,9,9,0,91,1.0,0.09,0.09
4,clab-nebula-serf15,35,117,9,9,0,108,1.0,0.07692307692307693,0.07692307692307693
4,clab-nebula-serf15,40,121,59,59,0,62,1.0,0.48760330578512395,0.48760330578512395
4,clab-nebula-serf15,45,124,59,59,0,65,1.0,0.47580645161290325,0.47580645161290325
4,clab-nebula-serf15,50,151,72,72,0,79,1.0,0.4768211920529801,0.4768211920529801
4,clab-nebula-serf15,55,154,72,72,0,82,1.0,0.4675324675324675,0.4675324675324675
4,clab-nebula-serf15,60,158,72,72,0,86,1.0,0.45569620253164556,0.45569620253164556
4,clab-nebula-serf16,5,2,0,0,0,2,0,0.0,0.0
4,clab-nebula-serf16,10,17,0,0,0,17,0,0.0,0.0
4,clab-nebula-serf16,15,33,0,0,0,33,0,0.0,0.0
4,clab-nebula-serf16,20,69,14,11,3,58,0.7857142857142857,0.15942028985507245,0.1527777777777778
4,clab-nebula-serf16,25,88,14,14,0,74,1.0,0.1590909090909091,0.1590909090909091
4,clab-nebula-serf16,30,101,14,14,0,87,1.0,0.13861386138613863,0.13861386138613863
4,clab-nebula-serf16,35,119,14,14,0,105,1.0,0.11764705882352941,0.11764705882352941
4,clab-nebula-serf16,40,121,14,14,0,107,1.0,0.11570247933884298,0.11570247933884298
4,clab-nebula-serf16,45,126,59,59,0,67,1.0,0.46825396825396826,0.46825396825396826
4,clab-nebula-serf16,50,151,72,72,0,79,1.0,0.4768211920529801,0.4768211920529801
4,clab-nebula-serf16,55,155,72,72,0,83,1.0,0.4645161290322581,0.4645161290322581
4,clab-nebula-serf16,60,158,72,72,0,86,1.0,0.45569620253164556,0.45569620253164556
4,clab-nebula-serf77,5,3,0,0,0,3,0,0.0,0.0
4,clab-nebula-serf77,10,24,0,0,0,24,0,0.0,0.0
4,clab-nebula-serf77,15,38,19,19,0,19,1.0,0.5,0.5
4,clab-nebula-serf77,20,67,24,24,0,43,1.0,0.3582089552238806,0.3582089552238806
4,clab-nebula-serf77,25,90,24,24,0,66,1.0,0.26666666666666666,0.26666666666666666
4,clab-nebula-serf77,30,113,49,48,1,65,0.9795918367346939,0.4247787610619469,0.42105263157894735
4,clab-nebula-serf77,35,121,49,49,0,72,1.0,0.4049586776859504,0.4049586776859504
4,clab-nebula-serf77,40,125,49,49,0,76,1.0,0.392,0.392
4,clab-nebula-serf77,45,151,49,49,0,102,1.0,0.32450331125827814,0.32450331125827814
4,clab-nebula-serf77,50,154,49,49,0,105,1.0,0.3181818181818182,0.3181818181818182
4,clab-nebula-serf77,55,158,49,49,0,109,1.0,0.310126582278481,0.310126582278481
4,clab-nebula-serf77,60,161,49,49,0,112,1.0,0.30434782608695654,0.30434782608695654
4,clab-nebula-serf121,5,0,0,0,0,0,0.0,0.0,0.0
4,clab-nebula-serf121,10,1,0,0,0,1,0,0.0,0.0
4,clab-nebula-serf121,15,8,1,1,0,7,1.0,0.125,0.125
4,clab-nebula-serf121,20,15,2,1,1,14,0.5,0.06666666666666667,0.0625
4,clab-nebula-serf121,25,32,2,1,1,31,0.5,0.03125,0.030303030303030304
4,clab-nebula-serf121,30,81,2,2,0,79,1.0,0.024691358024691357,0.024691358024691357
4,clab-nebula-serf121,35,121,12,12,0,109,1.0,0.09917355371900827,0.09917355371900827
4,clab-nebula-serf121,40,138,12,12,0,126,1.0,0.08695652173913043,0.08695652173913043
4,clab-nebula-serf121,45,148,16,16,0,132,1.0,0.10810810810810811,0.10810810810810811
4,clab-nebula-serf121,50,160,16,16,0,144,1.0,0.1,0.1
4,clab-nebula-serf121,55,161,16,16,0,145,1.0,0.09937888198757763,0.09937888198757763
4,clab-nebula-serf121,60,161,16,16,0,145,1.0,0.09937888198757763,0.09937888198757763
4,clab-nebula-serf140,5,0,0,0,0,0,0.0,0.0,0.0
4,clab-nebula-serf140,10,0,0,0,0,0,0.0,0.0,0.0
4,clab-nebula-serf140,15,0,0,0,0,0,0.0,0.0,0.0
4,clab-nebula-serf140,20,13,0,0,0,13,0,0.0,0.0
4,clab-nebula-serf140,25,14,0,0,0,14,0,0.0,0.0
4,clab-nebula-serf140,30,25,14,14,0,11,1.0,0.56,0.56
4,clab-nebula-serf140,35,39,15,15,0,24,1.0,0.38461538461538464,0.38461538461538464
4,clab-nebula-serf140,40,52,20,20,0,32,1.0,0.38461538461538464,0.38461538461538464
4,clab-nebula-serf140,45,82,23,20,3,62,0.8695652173913043,0.24390243902439024,0.23529411764705882
4,clab-nebula-serf140,50,108,23,22,1,86,0.9565217391304348,0.2037037037037037,0.2018348623853211
4,clab-nebula-serf140,55,136,23,23,0,113,1.0,0.16911764705882354,0.16911764705882354
4,clab-nebula-serf140,60,145,23,23,0,122,1.0,0.15862068965517243,0.15862068965517243
4,clab-nebula-serf148,5,0,0,0,0,0,0.0,0.0,0.0
4,clab-nebula-serf148,10,0,0,0,0,0,0.0,0.0,0.0
4,clab-nebula-serf148,15,0,0,0,0,0,0.0,0.0,0.0
4,clab-nebula-serf148,20,6,0,0,0,6,0,0.0,0.0
4,clab-nebula-serf148,25,12,0,0,0,12,0,0.0,0.0
4,clab-nebula-serf148,30,22,11,11,0,11,1.0,0.5,0.5
4,clab-nebula-serf148,35,38,11,11,0,27,1.0,0.2894736842105263,0.2894736842105263
4,clab-nebula-serf148,40,52,12,11,1,41,0.9166666666666666,0.21153846153846154,0.20754716981132076
4,clab-nebula-serf148,45,68,12,11,1,57,0.9166666666666666,0.16176470588235295,0.15942028985507245
4,clab-nebula-serf148,50,103,12,12,0,91,1.0,0.11650485436893204,0.11650485436893204
4,clab-nebula-serf148,55,133,12,12,0,121,1.0,0.09022556390977443,0.09022556390977443
4,clab-nebula-serf148,60,148,12,12,0,136,1.0,0.08108108108108109,0.08108108108108109
4,clab-nebula-serf154,5,0,0,0,0,0,0.0,0.0,0.0
4,clab-nebula-serf154,10,0,0,0,0,0,0.0,0.0,0.0
4,clab-nebula-serf154,15,1,0,0,0,1,0,0.0,0.0
4,clab-nebula-serf154,20,9,0,0,0,9,0,0.0,0.0
4,clab-nebula-serf154,25,12,0,0,0,12,0,0.0,0.0
4,clab-nebula-serf154,30,23,11,11,0,12,1.0,0.4782608695652174,0.4782608695652174
4,clab-nebula-serf154,35,42,11,11,0,31,1.0,0.2619047619047619,0.2619047619047619
4,clab-nebula-serf154,40,55,12,11,1,44,0.9166666666666666,0.2,0.19642857142857142
4,clab-nebula-serf154,45,79,12,11,1,68,0.9166666666666666,0.13924050632911392,0.1375
4,clab-nebula-serf154,50,113,12,12,0,101,1.0,0.10619469026548672,0.10619469026548672
4,clab-nebula-serf154,55,137,12,12,0,125,1.0,0.08759124087591241,0.08759124087591241
4,clab-nebula-serf154,60,147,12,12,0,135,1.0,0.08163265306122448,0.08163265306122448
4,clab-nebula-serf156,5,0,0,0,0,0,0.0,0.0,0.0
4,clab-nebula-serf156,10,0,0,0,0,0,0.0,0.0,0.0
4,clab-nebula-serf156,15,4,0,0,0,4,0,0.0,0.0
4,clab-nebula-serf156,20,12,0,0,0,12,0,0.0,0.0
4,clab-nebula-serf156,25,18,7,7,0,11,1.0,0.3888888888888889,0.3888888888888889
4,clab-nebula-serf156,30,33,11,11,0,22,1.0,0.3333333333333333,0.3333333333333333
4,clab-nebula-serf156,35,49,12,11,1,38,0.9166666666666666,0.22448979591836735,0.22
4,clab-nebula-serf156,40,61,12,11,1,50,0.9166666666666666,0.18032786885245902,0.1774193548387097
4,clab-nebula-serf156,45,99,12,12,0,87,1.0,0.12121212121212122,0.12121212121212122
4,clab-nebula-serf156,50,130,12,12,0,118,1.0,0.09230769230769231,0.09230769230769231
4,clab-nebula-serf156,55,145,12,12,0,133,1.0,0.08275862068965517,0.08275862068965517
4,clab-nebula-serf156,60,154,16,16,0,138,1.0,0.1038961038961039,0.1038961038961039
4,clab-nebula-serf23,5,0,0,0,0,0,0.0,0.0,0.0
4,clab-nebula-serf23,10,0,0,0,0,0,0.0,0.0,0.0
4,clab-nebula-serf23,15,4,0,0,0,4,0,0.0,0.0
4,clab-nebula-serf23,20,11,0,0,0,11,0,0.0,0.0
4,clab-nebula-serf23,25,22,0,0,0,22,0,0.0,0.0
4,clab-nebula-serf23,30,39,3,3,0,36,1.0,0.07692307692307693,0.07692307692307693
4,clab-nebula-serf23,35,75,10,10,0,65,1.0,0.13333333333333333,0.13333333333333333
4,clab-nebula-serf23,40,91,10,10,0,81,1.0,0.10989010989010989,0.10989010989010989
4,clab-nebula-serf23,45,99,18,18,0,81,1.0,0.18181818181818182,0.18181818181818182
4,clab-nebula-serf23,50,117,18,18,0,99,1.0,0.15384615384615385,0.15384615384615385
4,clab-nebula-serf23,55,122,18,18,0,104,1.0,0.14754098360655737,0.14754098360655737
4,clab-nebula-serf23,60,124,18,18,0,106,1.0,0.14516129032258066,0.14516129032258066
4,clab-nebula-serf39,5,2,0,0,0,2,0,0.0,0.0
4,clab-nebula-serf39,10,15,9,5,4,10,0.5555555555555556,0.3333333333333333,0.2631578947368421
4,clab-nebula-serf39,15,53,9,8,1,45,0.8888888888888888,0.1509433962264151,0.14814814814814814
4,clab-nebula-serf39,20,81,9,9,0,72,1.0,0.1111111111111111,0.1111111111111111
4,clab-nebula-serf39,25,90,35,35,0,55,1.0,0.3888888888888889,0.3888888888888889
4,clab-nebula-serf39,30,106,52,51,1,55,0.9807692307692307,0.4811320754716981,0.4766355140186916
4,clab-nebula-serf39,35,119,68,67,1,52,0.9852941176470589,0.5630252100840336,0.5583333333333333
4,clab-nebula-serf39,40,124,68,68,0,56,1.0,0.5483870967741935,0.5483870967741935
4,clab-nebula-serf39,45,138,68,68,0,70,1.0,0.4927536231884058,0.4927536231884058
4,clab-nebula-serf39,50,154,68,68,0,86,1.0,0.44155844155844154,0.44155844155844154
4,clab-nebula-serf39,55,155,68,68,0,87,1.0,0.43870967741935485,0.43870967741935485
4,clab-nebula-serf39,60,158,68,68,0,90,1.0,0.43037974683544306,0.43037974683544306
4,clab-nebula-serf62,5,0,0,0,0,0,0.0,0.0,0.0
4,clab-nebula-serf62,10,4,0,0,0,4,0,0.0,0.0
4,clab-nebula-serf62,15,13,0,0,0,13,0,0.0,0.0
4,clab-nebula-serf62,20,48,24,24,0,24,1.0,0.5,0.5
4,clab-nebula-serf62,25,73,40,39,1,34,0.975,0.5342465753424658,0.527027027027027
4,clab-nebula-serf62,30,88,55,54,1,34,0.9818181818181818,0.6136363636363636,0.6067415730337079
4,clab-nebula-serf62,35,110,56,55,1,55,0.9821428571428571,0.5,0.4954954954954955
4,clab-nebula-serf62,40,120,56,56,0,64,1.0,0.4666666666666667,0.4666666666666667
4,clab-nebula-serf62,45,124,57,57,0,67,1.0,0.4596774193548387,0.4596774193548387
4,clab-nebula-serf62,50,144,57,57,0,87,1.0,0.3958333333333333,0.3958333333333333
4,clab-nebula-serf62,55,154,57,57,0,97,1.0,0.37012987012987014,0.37012987012987014
4,clab-nebula-serf62,60,154,57,57,0,97,1.0,0.37012987012987014,0.37012987012987014
4,clab-nebula-serf107,5,0,0,0,0,0,0.0,0.0,0.0
4,clab-nebula-serf107,10,2,0,0,0,2,0,0.0,0.0
4,clab-nebula-serf107,15,6,0,0,0,6,0,0.0,0.0
4,clab-nebula-serf107,20,15,10,10,0,5,1.0,0.6666666666666666,0.6666666666666666
4,clab-nebula-serf107,25,40,12,10,2,30,0.8333333333333334,0.25,0.23809523809523808
4,clab-nebula-serf107,30,71,19,19,0,52,1.0,0.2676056338028169,0.2676056338028169
4,clab-nebula-serf107,35,104,19,19,0,85,1.0,0.18269230769230768,0.18269230769230768
4,clab-nebula-serf107,40,144,19,19,0,125,1.0,0.13194444444444445,0.13194444444444445
4,clab-nebula-serf107,45,149,19,19,0,130,1.0,0.12751677852348994,0.12751677852348994
4,clab-nebula-serf107,50,154,19,19,0,135,1.0,0.12337662337662338,0.12337662337662338
4,clab-nebula-serf107,55,157,19,19,0,138,1.0,0.12101910828025478,0.12101910828025478
4,clab-nebula-serf107,60,161,19,19,0,142,1.0,0.11801242236024845,0.11801242236024845
4,clab-nebula-serf115,5,0,0,0,0,0,0.0,0.0,0.0
4,clab-nebula-serf115,10,0,0,0,0,0,0.0,0.0,0.0
4,clab-nebula-serf115,15,0,0,0,0,0,0.0,0.0,0.0
4,clab-nebula-serf115,20,0,0,0,0,0,0.0,0.0,0.0
4,clab-nebula-serf115,25,0,0,0,0,0,0.0,0.0,0.0
4,clab-nebula-serf115,30,0,0,0,0,0,0.0,0.0,0.0
4,clab-nebula-serf115,35,1,0,0,0,1,0,0.0,0.0
4,clab-nebula-serf115,40,3,0,0,0,3,0,0.0,0.0
4,clab-nebula-serf115,45,6,1,1,0,5,1.0,0.16666666666666666,0.16666666666666666
4,clab-nebula-serf115,50,23,1,1,0,22,1.0,0.043478260869565216,0.043478260869565216
4,clab-nebula-serf115,55,57,1,1,0,56,1.0,0.017543859649122806,0.017543859649122806
4,clab-nebula-serf115,60,103,1,1,0,102,1.0,0.009708737864077669,0.009708737864077669
4,clab-nebula-serf151,5,0,0,0,0,0,0.0,0.0,0.0
4,clab-nebula-serf151,10,0,0,0,0,0,0.0,0.0,0.0
4,clab-nebula-serf151,15,1,0,0,0,1,0,0.0,0.0
4,clab-nebula-serf151,20,11,0,0,0,11,0,0.0,0.0
4,clab-nebula-serf151,25,13,7,7,0,6,1.0,0.5384615384615384,0.5384615384615384
4,clab-nebula-serf151,30,23,11,11,0,12,1.0,0.4782608695652174,0.4782608695652174
4,clab-nebula-serf151,35,43,11,11,0,32,1.0,0.2558139534883721,0.2558139534883721
4,clab-nebula-serf151,40,55,12,11,1,44,0.9166666666666666,0.2,0.19642857142857142
4,clab-nebula-serf151,45,81,12,12,0,69,1.0,0.14814814814814814,0.14814814814814814
4,clab-nebula-serf151,50,114,12,12,0,102,1.0,0.10526315789473684,0.10526315789473684
4,clab-nebula-serf151,55,137,12,12,0,125,1.0,0.08759124087591241,0.08759124087591241
4,clab-nebula-serf151,60,148,12,12,0,136,1.0,0.08108108108108109,0.08108108108108109
4,clab-nebula-serf158,5,4,0,0,0,4,0,0.0,0.0
4,clab-nebula-serf158,10,4,0,0,0,4,0,0.0,0.0
4,clab-nebula-serf158,15,5,0,0,0,5,0,0.0,0.0
4,clab-nebula-serf158,20,8,10,5,5,3,0.5,0.625,0.38461538461538464
4,clab-nebula-serf158,25,16,24,12,12,4,0.5,0.75,0.42857142857142855
4,clab-nebula-serf158,30,34,10,9,1,25,0.9,0.2647058823529412,0.2571428571428571
4,clab-nebula-serf158,35,40,24,24,0,16,1.0,0.6,0.6
4,clab-nebula-serf158,40,52,35,32,3,20,0.9142857142857143,0.6153846153846154,0.5818181818181818
4,clab-nebula-serf158,45,68,37,35,2,33,0.9459459459459459,0.5147058823529411,0.5
4,clab-nebula-serf158,50,103,44,44,0,59,1.0,0.42718446601941745,0.42718446601941745
4,clab-nebula-serf158,55,136,49,48,1,88,0.9795918367346939,0.35294117647058826,0.35036496350364965
4,clab-nebula-serf158,60,148,49,49,0,99,1.0,0.3310810810810811,0.3310810810810811
4,clab-nebula-serf28,5,0,0,0,0,0,0.0,0.0,0.0
4,clab-nebula-serf28,10,1,0,0,0,1,0,0.0,0.0
4,clab-nebula-serf28,15,2,0,0,0,2,0,0.0,0.0
4,clab-nebula-serf28,20,4,0,0,0,4,0,0.0,0.0
4,clab-nebula-serf28,25,7,0,0,0,7,0,0.0,0.0
4,clab-nebula-serf28,30,19,0,0,0,19,0,0.0,0.0
4,clab-nebula-serf28,35,29,0,0,0,29,0,0.0,0.0
4,clab-nebula-serf28,40,61,0,0,0,61,0,0.0,0.0
4,clab-nebula-serf28,45,91,0,0,0,91,0,0.0,0.0
4,clab-nebula-serf28,50,95,0,0,0,95,0,0.0,0.0
4,clab-nebula-serf28,55,111,0,0,0,111,0,0.0,0.0
4,clab-nebula-serf28,60,121,0,0,0,121,0,0.0,0.0
4,clab-nebula-serf29,5,0,0,0,0,0,0.0,0.0,0.0
4,clab-nebula-serf29,10,2,0,0,0,2,0,0.0,0.0
4,clab-nebula-serf29,15,6,0,0,0,6,0,0.0,0.0
4,clab-nebula-serf29,20,14,0,0,0,14,0,0.0,0.0
4,clab-nebula-serf29,25,23,0,0,0,23,0,0.0,0.0
4,clab-nebula-serf29,30,39,0,0,0,39,0,0.0,0.0
4,clab-nebula-serf29,35,79,6,6,0,73,1.0,0.0759493670886076,0.0759493670886076
4,clab-nebula-serf29,40,92,6,6,0,86,1.0,0.06521739130434782,0.06521739130434782
4,clab-nebula-serf29,45,98,6,6,0,92,1.0,0.061224489795918366,0.061224489795918366
4,clab-nebula-serf29,50,115,18,18,0,97,1.0,0.1565217391304348,0.1565217391304348
4,clab-nebula-serf29,55,122,18,18,0,104,1.0,0.14754098360655737,0.14754098360655737
4,clab-nebula-serf29,60,125,68,68,0,57,1.0,0.544,0.544
6,clab-nebula-serf130,5,0,0,0,0,0,0.0,0.0,0.0
6,clab-nebula-serf130,10,0,0,0,0,0,0.0,0.0,0.0
6,clab-nebula-serf130,15,0,0,0,0,0,0.0,0.0,0.0
6,clab-nebula-serf130,20,13,11,10,1,3,0.9090909090909091,0.7692307692307693,0.7142857142857143
6,clab-nebula-serf130,25,14,11,11,0,3,1.0,0.7857142857142857,0.7857142857142857
6,clab-nebula-serf130,30,24,19,16,3,8,0.8421052631578947,0.6666666666666666,0.5925925925925926
6,clab-nebula-serf130,35,41,23,23,0,18,1.0,0.5609756097560976,0.5609756097560976
6,clab-nebula-serf130,40,53,26,26,0,27,1.0,0.49056603773584906,0.49056603773584906
6,clab-nebula-serf130,45,84,26,26,0,58,1.0,0.30952380952380953,0.30952380952380953
6,clab-nebula-serf130,50,111,31,30,1,81,0.967741935483871,0.2702702702702703,0.26785714285714285
6,clab-nebula-serf130,55,136,31,31,0,105,1.0,0.22794117647058823,0.22794117647058823
6,clab-nebula-serf130,60,146,31,31,0,115,1.0,0.21232876712328766,0.21232876712328766
6,clab-nebula-serf161,5,4,0,0,0,4,0,0.0,0.0
6,clab-nebula-serf161,10,4,0,0,0,4,0,0.0,0.0
6,clab-nebula-serf161,15,5,1,1,0,4,1.0,0.2,0.2
6,clab-nebula-serf161,20,10,5,5,0,5,1.0,0.5,0.5
6,clab-nebula-serf161,25,22,5,5,0,17,1.0,0.22727272727272727,0.22727272727272727
6,clab-nebula-serf161,30,36,24,24,0,12,1.0,0.6666666666666666,0.6666666666666666
6,clab-nebula-serf161,35,42,25,25,0,17,1.0,0.5952380952380952,0.5952380952380952
6,clab-nebula-serf161,40,58,36,35,1,23,0.9722222222222222,0.603448275862069,0.5932203389830508
6,clab-nebula-serf161,45,79,43,40,3,39,0.9302325581395349,0.5063291139240507,0.4878048780487805
6,clab-nebula-serf161,50,117,53,53,0,64,1.0,0.452991452991453,0.452991452991453
6,clab-nebula-serf161,55,139,53,53,0,86,1.0,0.381294964028777,0.381294964028777
6,clab-nebula-serf161,60,149,53,53,0,96,1.0,0.35570469798657717,0.35570469798657717
6,clab-nebula-serf32,5,3,1,0,1,3,0.0,0.0,0.0
6,clab-nebula-serf32,10,19,11,9,2,10,0.8181818181818182,0.47368421052631576,0.42857142857142855
6,clab-nebula-serf32,15,32,14,14,0,18,1.0,0.4375,0.4375
6,clab-nebula-serf32,20,59,17,17,0,42,1.0,0.288135593220339,0.288135593220339
6,clab-nebula-serf32,25,88,17,17,0,71,1.0,0.19318181818181818,0.19318181818181818
6,clab-nebula-serf32,30,95,29,29,0,66,1.0,0.30526315789473685,0.30526315789473685
6,clab-nebula-serf32,35,108,56,55,1,53,0.9821428571428571,0.5092592592592593,0.5045871559633027
6,clab-nebula-serf32,40,121,55,55,0,66,1.0,0.45454545454545453,0.45454545454545453
6,clab-nebula-serf32,45,124,56,56,0,68,1.0,0.45161290322580644,0.45161290322580644
6,clab-nebula-serf32,50,137,58,58,0,79,1.0,0.4233576642335766,0.4233576642335766
6,clab-nebula-serf32,55,154,58,58,0,96,1.0,0.37662337662337664,0.37662337662337664
6,clab-nebula-serf32,60,155,58,58,0,97,1.0,0.3741935483870968,0.3741935483870968
6,clab-nebula-serf63,5,0,0,0,0,0,0.0,0.0,0.0
6,clab-nebula-serf63,10,0,0,0,0,0,0.0,0.0,0.0
6,clab-nebula-serf63,15,6,1,1,0,5,1.0,0.16666666666666666,0.16666666666666666
6,clab-nebula-serf63,20,32,6,6,0,26,1.0,0.1875,0.1875
6,clab-nebula-serf63,25,64,9,9,0,55,1.0,0.140625,0.140625
6,clab-nebula-serf63,30,84,33,32,1,52,0.9696969696969697,0.38095238095238093,0.3764705882352941
6,clab-nebula-serf63,35,103,37,35,2,68,0.9459459459459459,0.33980582524271846,0.3333333333333333
6,clab-nebula-serf63,40,119,37,36,1,83,0.972972972972973,0.3025210084033613,0.3
6,clab-nebula-serf63,45,124,37,37,0,87,1.0,0.29838709677419356,0.29838709677419356
6,clab-nebula-serf63,50,128,58,58,0,70,1.0,0.453125,0.453125
6,clab-nebula-serf63,55,154,58,58,0,96,1.0,0.37662337662337664,0.37662337662337664
6,clab-nebula-serf63,60,154,58,58,0,96,1.0,0.37662337662337664,0.37662337662337664
6,clab-nebula-serf45,5,2,0,0,0,2,0,0.0,0.0
6,clab-nebula-serf45,10,8,3,3,0,5,1.0,0.375,0.375
6,clab-nebula-serf45,15,22,9,7,2,15,0.7777777777777778,0.3181818181818182,0.2916666666666667
6,clab-nebula-serf45,20,40,9,9,0,31,1.0,0.225,0.225
6,clab-nebula-serf45,25,80,10,10,0,70,1.0,0.125,0.125
6,clab-nebula-serf45,30,90,53,52,1,38,0.9811320754716981,0.5777777777777777,0.5714285714285714
6,clab-nebula-serf45,35,118,56,55,1,63,0.9821428571428571,0.4661016949152542,0.46218487394957986
6,clab-nebula-serf45,40,121,55,55,0,66,1.0,0.45454545454545453,0.45454545454545453
6,clab-nebula-serf45,45,124,56,56,0,68,1.0,0.45161290322580644,0.45161290322580644
6,clab-nebula-serf45,50,145,58,58,0,87,1.0,0.4,0.4
6,clab-nebula-serf45,55,154,58,58,0,96,1.0,0.37662337662337664,0.37662337662337664
6,clab-nebula-serf45,60,155,58,58,0,97,1.0,0.3741935483870968,0.3741935483870968
6,clab-nebula-serf49,5,4,1,0,1,4,0.0,0.0,0.0
6,clab-nebula-serf49,10,14,9,7,2,7,0.7777777777777778,0.5,0.4375
6,clab-nebula-serf49,15,30,9,9,0,21,1.0,0.3,0.3
6,clab-nebula-serf49,20,67,10,10,0,57,1.0,0.14925373134328357,0.14925373134328357
6,clab-nebula-serf49,25,84,18,18,0,66,1.0,0.21428571428571427,0.21428571428571427
6,clab-nebula-serf49,30,106,55,54,1,52,0.9818181818181818,0.5094339622641509,0.5046728971962616
6,clab-nebula-serf49,35,121,55,55,0,66,1.0,0.45454545454545453,0.45454545454545453
6,clab-nebula-serf49,40,124,56,56,0,68,1.0,0.45161290322580644,0.45161290322580644
6,clab-nebula-serf49,45,135,58,58,0,77,1.0,0.42962962962962964,0.42962962962962964
6,clab-nebula-serf49,50,154,58,58,0,96,1.0,0.37662337662337664,0.37662337662337664
6,clab-nebula-serf49,55,154,58,58,0,96,1.0,0.37662337662337664,0.37662337662337664
6,clab-nebula-serf49,60,157,58,58,0,99,1.0,0.36942675159235666,0.36942675159235666
6,clab-nebula-serf83,5,0,0,0,0,0,0.0,0.0,0.0
6,clab-nebula-serf83,10,3,0,0,0,3,0,0.0,0.0
6,clab-nebula-serf83,15,14,6,5,1,9,0.8333333333333334,0.35714285714285715,0.3333333333333333
6,clab-nebula-serf83,20,33,6,6,0,27,1.0,0.18181818181818182,0.18181818181818182
6,clab-nebula-serf83,25,50,6,6,0,44,1.0,0.12,0.12
6,clab-nebula-serf83,30,79,8,8,0,71,1.0,0.10126582278481013,0.10126582278481013
6,clab-nebula-serf83,35,109,9,9,0,100,1.0,0.08256880733944955,0.08256880733944955
6,clab-nebula-serf83,40,119,9,9,0,110,1.0,0.07563025210084033,0.07563025210084033
6,clab-nebula-serf83,45,128,11,11,0,117,1.0,0.0859375,0.0859375
6,clab-nebula-serf83,50,140,11,11,0,129,1.0,0.07857142857142857,0.07857142857142857
6,clab-nebula-serf83,55,154,11,11,0,143,1.0,0.07142857142857142,0.07142857142857142
6,clab-nebula-serf83,60,156,11,11,0,145,1.0,0.07051282051282051,0.07051282051282051
6,clab-nebula-serf91,5,3,0,0,0,3,0,0.0,0.0
6,clab-nebula-serf91,10,17,4,3,1,14,0.75,0.17647058823529413,0.16666666666666666
6,clab-nebula-serf91,15,36,4,4,0,32,1.0,0.1111111111111111,0.1111111111111111
6,clab-nebula-serf91,20,56,8,8,0,48,1.0,0.14285714285714285,0.14285714285714285
6,clab-nebula-serf91,25,81,8,8,0,73,1.0,0.09876543209876543,0.09876543209876543
6,clab-nebula-serf91,30,112,9,9,0,103,1.0,0.08035714285714286,0.08035714285714286
6,clab-nebula-serf91,35,119,9,9,0,110,1.0,0.07563025210084033,0.07563025210084033
6,clab-nebula-serf91,40,129,11,11,0,118,1.0,0.08527131782945736,0.08527131782945736
6,clab-nebula-serf91,45,146,11,11,0,135,1.0,0.07534246575342465,0.07534246575342465
6,clab-nebula-serf91,50,154,11,11,0,143,1.0,0.07142857142857142,0.07142857142857142
6,clab-nebula-serf91,55,157,11,11,0,146,1.0,0.07006369426751592,0.07006369426751592
6,clab-nebula-serf91,60,161,26,26,0,135,1.0,0.16149068322981366,0.16149068322981366
6,clab-nebula-serf136,5,0,0,0,0,0,0.0,0.0,0.0
6,clab-nebula-serf136,10,0,0,0,0,0,0.0,0.0,0.0
6,clab-nebula-serf136,15,2,0,0,0,2,0,0.0,0.0
6,clab-nebula-serf136,20,14,11,11,0,3,1.0,0.7857142857142857,0.7857142857142857
6,clab-nebula-serf136,25,18,11,11,0,7,1.0,0.6111111111111112,0.6111111111111112
6,clab-nebula-serf136,30,28,23,19,4,9,0.8260869565217391,0.6785714285714286,0.59375
6,clab-nebula-serf136,35,45,23,23,0,22,1.0,0.5111111111111111,0.5111111111111111
6,clab-nebula-serf136,40,66,26,26,0,40,1.0,0.3939393939393939,0.3939393939393939
6,clab-nebula-serf136,45,95,31,30,1,65,0.967741935483871,0.3157894736842105,0.3125
6,clab-nebula-serf136,50,124,31,31,0,93,1.0,0.25,0.25
6,clab-nebula-serf136,55,137,30,30,0,107,1.0,0.21897810218978103,0.21897810218978103
6,clab-nebula-serf136,60,149,31,31,0,118,1.0,0.2080536912751678,0.2080536912751678
6,clab-nebula-serf146,5,0,0,0,0,0,0.0,0.0,0.0
6,clab-nebula-serf146,10,0,0,0,0,0,0.0,0.0,0.0
6,clab-nebula-serf146,15,1,0,0,0,1,0,0.0,0.0
6,clab-nebula-serf146,20,5,2,2,0,3,1.0,0.4,0.4
6,clab-nebula-serf146,25,8,4,4,0,4,1.0,0.5,0.5
6,clab-nebula-serf146,30,16,18,8,10,8,0.4444444444444444,0.5,0.3076923076923077
6,clab-nebula-serf146,35,44,19,19,0,25,1.0,0.4318181818181818,0.4318181818181818
6,clab-nebula-serf146,40,58,19,19,0,39,1.0,0.3275862068965517,0.3275862068965517
6,clab-nebula-serf146,45,78,19,19,0,59,1.0,0.24358974358974358,0.24358974358974358
6,clab-nebula-serf146,50,114,19,19,0,95,1.0,0.16666666666666666,0.16666666666666666
6,clab-nebula-serf146,55,137,19,19,0,118,1.0,0.1386861313868613,0.1386861313868613
6,clab-nebula-serf146,60,146,19,19,0,127,1.0,0.13013698630136986,0.13013698630136986
6,clab-nebula-serf12,5,0,0,0,0,0,0.0,0.0,0.0
6,clab-nebula-serf12,10,5,3,3,0,2,1.0,0.6,0.6
6,clab-nebula-serf12,15,19,4,4,0,15,1.0,0.21052631578947367,0.21052631578947367
6,clab-nebula-serf12,20,38,16,16,0,22,1.0,0.42105263157894735,0.42105263157894735
6,clab-nebula-serf12,25,71,16,16,0,55,1.0,0.22535211267605634,0.22535211267605634
6,clab-nebula-serf12,30,88,28,28,0,60,1.0,0.3181818181818182,0.3181818181818182
6,clab-nebula-serf12,35,102,40,39,1,63,0.975,0.38235294117647056,0.3786407766990291
6,clab-nebula-serf12,40,119,40,39,1,80,0.975,0.3277310924369748,0.325
6,clab-nebula-serf12,45,121,46,45,1,76,0.9782608695652174,0.371900826446281,0.36885245901639346
6,clab-nebula-serf12,50,127,40,40,0,87,1.0,0.31496062992125984,0.31496062992125984
6,clab-nebula-serf12,55,153,62,62,0,91,1.0,0.40522875816993464,0.40522875816993464
6,clab-nebula-serf12,60,155,62,62,0,93,1.0,0.4,0.4
6,clab-nebula-serf19,5,0,0,0,0,0,0.0,0.0,0.0
6,clab-nebula-serf19,10,5,1,1,0,4,1.0,0.2,0.2
6,clab-nebula-serf19,15,23,3,3,0,20,1.0,0.13043478260869565,0.13043478260869565
6,clab-nebula-serf19,20,44,3,3,0,41,1.0,0.06818181818181818,0.06818181818181818
6,clab-nebula-serf19,25,73,3,3,0,70,1.0,0.0410958904109589,0.0410958904109589
6,clab-nebula-serf19,30,90,3,3,0,87,1.0,0.03333333333333333,0.03333333333333333
6,clab-nebula-serf19,35,105,3,3,0,102,1.0,0.02857142857142857,0.02857142857142857
6,clab-nebula-serf19,40,120,4,3,1,117,0.75,0.025,0.024793388429752067
6,clab-nebula-serf19,45,123,4,4,0,119,1.0,0.032520325203252036,0.032520325203252036
6,clab-nebula-serf19,50,142,4,4,0,138,1.0,0.028169014084507043,0.028169014084507043
6,clab-nebula-serf19,55,153,4,4,0,149,1.0,0.026143790849673203,0.026143790849673203
6,clab-nebula-serf19,60,157,4,4,0,153,1.0,0.025477707006369428,0.025477707006369428
6,clab-nebula-serf80,5,0,0,0,0,0,0.0,0.0,0.0
6,clab-nebula-serf80,10,14,4,1,3,13,0.25,0.07142857142857142,0.058823529411764705
6,clab-nebula-serf80,15,32,4,4,0,28,1.0,0.125,0.125
6,clab-nebula-serf80,20,55,16,16,0,39,1.0,0.2909090909090909,0.2909090909090909
6,clab-nebula-serf80,25,84,16,16,0,68,1.0,0.19047619047619047,0.19047619047619047
6,clab-nebula-serf80,30,110,27,27,0,83,1.0,0.24545454545454545,0.24545454545454545
6,clab-nebula-serf80,35,120,28,28,0,92,1.0,0.23333333333333334,0.23333333333333334
6,clab-nebula-serf80,40,127,28,28,0,99,1.0,0.2204724409448819,0.2204724409448819
6,clab-nebula-serf80,45,152,28,28,0,124,1.0,0.18421052631578946,0.18421052631578946
6,clab-nebula-serf80,50,154,28,28,0,126,1.0,0.18181818181818182,0.18181818181818182
6,clab-nebula-serf80,55,156,28,28,0,128,1.0,0.1794871794871795,0.1794871794871795
6,clab-nebula-serf80,60,159,28,28,0,131,1.0,0.1761006289308176,0.1761006289308176
6,clab-nebula-serf111,5,1,0,0,0,1,0,0.0,0.0
6,clab-nebula-serf111,10,7,0,0,0,7,0,0.0,0.0
6,clab-nebula-serf111,15,17,10,10,0,7,1.0,0.5882352941176471,0.5882352941176471
6,clab-nebula-serf111,20,47,27,23,4,24,0.8518518518518519,0.48936170212765956,0.45098039215686275
6,clab-nebula-serf111,25,73,28,28,0,45,1.0,0.3835616438356164,0.3835616438356164
6,clab-nebula-serf111,30,111,28,28,0,83,1.0,0.25225225225225223,0.25225225225225223
6,clab-nebula-serf111,35,145,28,28,0,117,1.0,0.19310344827586207,0.19310344827586207
6,clab-nebula-serf111,40,150,28,28,0,122,1.0,0.18666666666666668,0.18666666666666668
6,clab-nebula-serf111,45,154,28,28,0,126,1.0,0.18181818181818182,0.18181818181818182
6,clab-nebula-serf111,50,158,28,28,0,130,1.0,0.17721518987341772,0.17721518987341772
6,clab-nebula-serf111,55,161,28,28,0,133,1.0,0.17391304347826086,0.17391304347826086
6,clab-nebula-serf111,60,161,28,28,0,133,1.0,0.17391304347826086,0.17391304347826086
6,clab-nebula-serf109,5,3,0,0,0,3,0,0.0,0.0
6,clab-nebula-serf109,10,8,7,6,1,2,0.8571428571428571,0.75,0.6666666666666666
6,clab-nebula-serf109,15,26,17,13,4,13,0.7647058823529411,0.5,0.43333333333333335
6,clab-nebula-serf109,20,58,27,27,0,31,1.0,0.46551724137931033,0.46551724137931033
6,clab-nebula-serf109,25,87,27,27,0,60,1.0,0.3103448275862069,0.3103448275862069
6,clab-nebula-serf109,30,130,28,28,0,102,1.0,0.2153846153846154,0.2153846153846154
6,clab-nebula-serf109,35,145,28,28,0,117,1.0,0.19310344827586207,0.19310344827586207
6,clab-nebula-serf109,40,153,28,28,0,125,1.0,0.1830065359477124,0.1830065359477124
6,clab-nebula-serf109,45,155,28,28,0,127,1.0,0.18064516129032257,0.18064516129032257
6,clab-nebula-serf109,50,159,28,28,0,131,1.0,0.1761006289308176,0.1761006289308176
6,clab-nebula-serf109,55,161,28,28,0,133,1.0,0.17391304347826086,0.17391304347826086
6,clab-nebula-serf109,60,161,28,28,0,133,1.0,0.17391304347826086,0.17391304347826086
6,clab-nebula-serf147,5,0,0,0,0,0,0.0,0.0,0.0
6,clab-nebula-serf147,10,0,0,0,0,0,0.0,0.0,0.0
6,clab-nebula-serf147,15,2,5,1,4,1,0.2,0.5,0.16666666666666666
6,clab-nebula-serf147,20,12,5,5,0,7,1.0,0.4166666666666667,0.4166666666666667
6,clab-nebula-serf147,25,14,8,8,0,6,1.0,0.5714285714285714,0.5714285714285714
6,clab-nebula-serf147,30,27,9,9,0,18,1.0,0.3333333333333333,0.3333333333333333
6,clab-nebula-serf147,35,48,9,9,0,39,1.0,0.1875,0.1875
6,clab-nebula-serf147,40,59,10,9,1,50,0.9,0.15254237288135594,0.15
6,clab-nebula-serf147,45,87,10,10,0,77,1.0,0.11494252873563218,0.11494252873563218
6,clab-nebula-serf147,50,120,10,10,0,110,1.0,0.08333333333333333,0.08333333333333333
6,clab-nebula-serf147,55,141,11,11,0,130,1.0,0.07801418439716312,0.07801418439716312
6,clab-nebula-serf147,60,152,14,14,0,138,1.0,0.09210526315789473,0.09210526315789473
6,clab-nebula-serf4,5,1,1,0,1,1,0.0,0.0,0.0
6,clab-nebula-serf4,10,2,1,0,1,2,0.0,0.0,0.0
6,clab-nebula-serf4,15,9,5,4,1,5,0.8,0.4444444444444444,0.4
6,clab-nebula-serf4,20,16,6,5,1,11,0.8333333333333334,0.3125,0.29411764705882354
6,clab-nebula-serf4,25,23,6,6,0,17,1.0,0.2608695652173913,0.2608695652173913
6,clab-nebula-serf4,30,47,25,25,0,22,1.0,0.5319148936170213,0.5319148936170213
6,clab-nebula-serf4,35,82,25,25,0,57,1.0,0.3048780487804878,0.3048780487804878
6,clab-nebula-serf4,40,92,25,25,0,67,1.0,0.2717391304347826,0.2717391304347826
6,clab-nebula-serf4,45,109,45,44,1,65,0.9777777777777777,0.4036697247706422,0.4
6,clab-nebula-serf4,50,120,46,44,2,76,0.9565217391304348,0.36666666666666664,0.36065573770491804
6,clab-nebula-serf4,55,123,46,46,0,77,1.0,0.37398373983739835,0.37398373983739835
6,clab-nebula-serf4,60,141,68,68,0,73,1.0,0.48226950354609927,0.48226950354609927
6,clab-nebula-serf100,5,6,3,3,0,3,1.0,0.5,0.5
6,clab-nebula-serf100,10,7,3,3,0,4,1.0,0.42857142857142855,0.42857142857142855
6,clab-nebula-serf100,15,8,6,6,0,2,1.0,0.75,0.75
6,clab-nebula-serf100,20,14,7,7,0,7,1.0,0.5,0.5
6,clab-nebula-serf100,25,25,7,7,0,18,1.0,0.28,0.28
6,clab-nebula-serf100,30,59,38,38,0,21,1.0,0.6440677966101694,0.6440677966101694
6,clab-nebula-serf100,35,89,38,38,0,51,1.0,0.42696629213483145,0.42696629213483145
6,clab-nebula-serf100,40,137,38,38,0,99,1.0,0.2773722627737226,0.2773722627737226
6,clab-nebula-serf100,45,150,38,38,0,112,1.0,0.25333333333333335,0.25333333333333335
6,clab-nebula-serf100,50,159,38,38,0,121,1.0,0.2389937106918239,0.2389937106918239
6,clab-nebula-serf100,55,160,38,38,0,122,1.0,0.2375,0.2375
6,clab-nebula-serf100,60,161,38,38,0,123,1.0,0.2360248447204969,0.2360248447204969
6,clab-nebula-serf75,5,0,0,0,0,0,0.0,0.0,0.0
6,clab-nebula-serf75,10,7,2,2,0,5,1.0,0.2857142857142857,0.2857142857142857
6,clab-nebula-serf75,15,26,5,5,0,21,1.0,0.19230769230769232,0.19230769230769232
6,clab-nebula-serf75,20,41,5,5,0,36,1.0,0.12195121951219512,0.12195121951219512
6,clab-nebula-serf75,25,76,16,16,0,60,1.0,0.21052631578947367,0.21052631578947367
6,clab-nebula-serf75,30,100,24,23,1,77,0.9583333333333334,0.23,0.22772277227722773
6,clab-nebula-serf75,35,115,27,27,0,88,1.0,0.23478260869565218,0.23478260869565218
6,clab-nebula-serf75,40,122,27,27,0,95,1.0,0.22131147540983606,0.22131147540983606
6,clab-nebula-serf75,45,135,28,28,0,107,1.0,0.2074074074074074,0.2074074074074074
6,clab-nebula-serf75,50,154,28,28,0,126,1.0,0.18181818181818182,0.18181818181818182
6,clab-nebula-serf75,55,155,28,28,0,127,1.0,0.18064516129032257,0.18064516129032257
6,clab-nebula-serf75,60,158,28,28,0,130,1.0,0.17721518987341772,0.17721518987341772
6,clab-nebula-serf89,5,3,0,0,0,3,0,0.0,0.0
6,clab-nebula-serf89,10,3,0,0,0,3,0,0.0,0.0
6,clab-nebula-serf89,15,8,0,0,0,8,0,0.0,0.0
6,clab-nebula-serf89,20,18,0,0,0,18,0,0.0,0.0
6,clab-nebula-serf89,25,41,8,8,0,33,1.0,0.1951219512195122,0.1951219512195122
6,clab-nebula-serf89,30,71,8,8,0,63,1.0,0.11267605633802817,0.11267605633802817
6,clab-nebula-serf89,35,97,8,8,0,89,1.0,0.08247422680412371,0.08247422680412371
6,clab-nebula-serf89,40,119,9,9,0,110,1.0,0.07563025210084033,0.07563025210084033
6,clab-nebula-serf89,45,127,11,11,0,116,1.0,0.08661417322834646,0.08661417322834646
6,clab-nebula-serf89,50,137,11,11,0,126,1.0,0.08029197080291971,0.08029197080291971
6,clab-nebula-serf89,55,154,11,11,0,143,1.0,0.07142857142857142,0.07142857142857142
6,clab-nebula-serf89,60,158,12,12,0,146,1.0,0.0759493670886076,0.0759493670886076
6,clab-nebula-serf101,5,4,1,0,1,4,0.0,0.0,0.0
6,clab-nebula-serf101,10,7,3,3,0,4,1.0,0.42857142857142855,0.42857142857142855
6,clab-nebula-serf101,15,7,3,3,0,4,1.0,0.42857142857142855,0.42857142857142855
6,clab-nebula-serf101,20,10,7,7,0,3,1.0,0.7,0.7
6,clab-nebula-serf101,25,22,7,7,0,15,1.0,0.3181818181818182,0.3181818181818182
6,clab-nebula-serf101,30,47,38,31,7,16,0.8157894736842105,0.6595744680851063,0.5740740740740741
6,clab-nebula-serf101,35,79,38,38,0,41,1.0,0.4810126582278481,0.4810126582278481
6,clab-nebula-serf101,40,131,38,38,0,93,1.0,0.2900763358778626,0.2900763358778626
6,clab-nebula-serf101,45,148,38,38,0,110,1.0,0.25675675675675674,0.25675675675675674
6,clab-nebula-serf101,50,157,38,38,0,119,1.0,0.24203821656050956,0.24203821656050956
6,clab-nebula-serf101,55,160,38,38,0,122,1.0,0.2375,0.2375
6,clab-nebula-serf101,60,161,38,38,0,123,1.0,0.2360248447204969,0.2360248447204969
6,clab-nebula-serf105,5,1,0,0,0,1,0,0.0,0.0
6,clab-nebula-serf105,10,3,0,0,0,3,0,0.0,0.0
6,clab-nebula-serf105,15,8,0,0,0,8,0,0.0,0.0
6,clab-nebula-serf105,20,25,17,13,4,12,0.7647058823529411,0.52,0.4482758620689655
6,clab-nebula-serf105,25,54,27,27,0,27,1.0,0.5,0.5
6,clab-nebula-serf105,30,86,27,27,0,59,1.0,0.313953488372093,0.313953488372093
6,clab-nebula-serf105,35,123,28,28,0,95,1.0,0.22764227642276422,0.22764227642276422
6,clab-nebula-serf105,40,145,28,28,0,117,1.0,0.19310344827586207,0.19310344827586207
6,clab-nebula-serf105,45,153,28,28,0,125,1.0,0.1830065359477124,0.1830065359477124
6,clab-nebula-serf105,50,155,28,28,0,127,1.0,0.18064516129032257,0.18064516129032257
6,clab-nebula-serf105,55,160,28,28,0,132,1.0,0.175,0.175
6,clab-nebula-serf105,60,161,28,28,0,133,1.0,0.17391304347826086,0.17391304347826086
6,clab-nebula-serf65,5,0,0,0,0,0,0.0,0.0,0.0
6,clab-nebula-serf65,10,0,0,0,0,0,0.0,0.0,0.0
6,clab-nebula-serf65,15,0,0,0,0,0,0.0,0.0,0.0
6,clab-nebula-serf65,20,23,3,0,3,23,0.0,0.0,0.0
6,clab-nebula-serf65,25,62,10,10,0,52,1.0,0.16129032258064516,0.16129032258064516
6,clab-nebula-serf65,30,95,22,21,1,74,0.9545454545454546,0.22105263157894736,0.21875
6,clab-nebula-serf65,35,115,25,25,0,90,1.0,0.21739130434782608,0.21739130434782608
6,clab-nebula-serf65,40,122,28,28,0,94,1.0,0.22950819672131148,0.22950819672131148
6,clab-nebula-serf65,45,126,28,28,0,98,1.0,0.2222222222222222,0.2222222222222222
6,clab-nebula-serf65,50,152,28,28,0,124,1.0,0.18421052631578946,0.18421052631578946
6,clab-nebula-serf65,55,154,28,28,0,126,1.0,0.18181818181818182,0.18181818181818182
6,clab-nebula-serf65,60,155,28,28,0,127,1.0,0.18064516129032257,0.18064516129032257
6,clab-nebula-serf68,5,0,0,0,0,0,0.0,0.0,0.0
6,clab-nebula-serf68,10,5,0,0,0,5,0,0.0,0.0
6,clab-nebula-serf68,15,27,9,9,0,18,1.0,0.3333333333333333,0.3333333333333333
6,clab-nebula-serf68,20,42,9,9,0,33,1.0,0.21428571428571427,0.21428571428571427
6,clab-nebula-serf68,25,79,16,16,0,63,1.0,0.20253164556962025,0.20253164556962025
6,clab-nebula-serf68,30,103,24,23,1,80,0.9583333333333334,0.22330097087378642,0.22115384615384615
6,clab-nebula-serf68,35,116,28,28,0,88,1.0,0.2413793103448276,0.2413793103448276
6,clab-nebula-serf68,40,122,28,28,0,94,1.0,0.22950819672131148,0.22950819672131148
6,clab-nebula-serf68,45,135,28,28,0,107,1.0,0.2074074074074074,0.2074074074074074
6,clab-nebula-serf68,50,154,28,28,0,126,1.0,0.18181818181818182,0.18181818181818182
6,clab-nebula-serf68,55,154,28,28,0,126,1.0,0.18181818181818182,0.18181818181818182
6,clab-nebula-serf68,60,158,28,28,0,130,1.0,0.17721518987341772,0.17721518987341772
6,clab-nebula-serf94,5,2,1,1,0,1,1.0,0.5,0.5
6,clab-nebula-serf94,10,17,4,3,1,14,0.75,0.17647058823529413,0.16666666666666666
6,clab-nebula-serf94,15,36,4,4,0,32,1.0,0.1111111111111111,0.1111111111111111
6,clab-nebula-serf94,20,57,8,8,0,49,1.0,0.14035087719298245,0.14035087719298245
6,clab-nebula-serf94,25,81,8,8,0,73,1.0,0.09876543209876543,0.09876543209876543
6,clab-nebula-serf94,30,105,9,9,0,96,1.0,0.08571428571428572,0.08571428571428572
6,clab-nebula-serf94,35,119,9,9,0,110,1.0,0.07563025210084033,0.07563025210084033
6,clab-nebula-serf94,40,129,11,11,0,118,1.0,0.08527131782945736,0.08527131782945736
6,clab-nebula-serf94,45,145,11,11,0,134,1.0,0.07586206896551724,0.07586206896551724
6,clab-nebula-serf94,50,154,11,11,0,143,1.0,0.07142857142857142,0.07142857142857142
6,clab-nebula-serf94,55,157,11,11,0,146,1.0,0.07006369426751592,0.07006369426751592
6,clab-nebula-serf94,60,161,26,26,0,135,1.0,0.16149068322981366,0.16149068322981366
6,clab-nebula-serf103,5,7,5,5,0,2,1.0,0.7142857142857143,0.7142857142857143
6,clab-nebula-serf103,10,7,5,5,0,2,1.0,0.7142857142857143,0.7142857142857143
6,clab-nebula-serf103,15,8,7,7,0,1,1.0,0.875,0.875
6,clab-nebula-serf103,20,16,7,7,0,9,1.0,0.4375,0.4375
6,clab-nebula-serf103,25,27,7,7,0,20,1.0,0.25925925925925924,0.25925925925925924
6,clab-nebula-serf103,30,63,38,38,0,25,1.0,0.6031746031746031,0.6031746031746031
6,clab-nebula-serf103,35,102,38,38,0,64,1.0,0.37254901960784315,0.37254901960784315
6,clab-nebula-serf103,40,140,38,38,0,102,1.0,0.2714285714285714,0.2714285714285714
6,clab-nebula-serf103,45,150,38,38,0,112,1.0,0.25333333333333335,0.25333333333333335
6,clab-nebula-serf103,50,159,38,38,0,121,1.0,0.2389937106918239,0.2389937106918239
6,clab-nebula-serf103,55,161,38,38,0,123,1.0,0.2360248447204969,0.2360248447204969
6,clab-nebula-serf103,60,161,38,38,0,123,1.0,0.2360248447204969,0.2360248447204969
6,clab-nebula-serf117,5,0,0,0,0,0,0.0,0.0,0.0
6,clab-nebula-serf117,10,0,0,0,0,0,0.0,0.0,0.0
6,clab-nebula-serf117,15,0,0,0,0,0,0.0,0.0,0.0
6,clab-nebula-serf117,20,0,0,0,0,0,0.0,0.0,0.0
6,clab-nebula-serf117,25,1,0,0,0,1,0,0.0,0.0
6,clab-nebula-serf117,30,3,0,0,0,3,0,0.0,0.0
6,clab-nebula-serf117,35,3,0,0,0,3,0,0.0,0.0
6,clab-nebula-serf117,40,3,0,0,0,3,0,0.0,0.0
6,clab-nebula-serf117,45,10,3,3,0,7,1.0,0.3,0.3
6,clab-nebula-serf117,50,21,3,3,0,18,1.0,0.14285714285714285,0.14285714285714285
6,clab-nebula-serf117,55,45,15,12,3,33,0.8,0.26666666666666666,0.25
6,clab-nebula-serf117,60,68,3,3,0,65,1.0,0.04411764705882353,0.04411764705882353
6,clab-nebula-serf127,5,0,0,0,0,0,0.0,0.0,0.0
6,clab-nebula-serf127,10,4,2,2,0,2,1.0,0.5,0.5
6,clab-nebula-serf127,15,13,4,2,2,11,0.5,0.15384615384615385,0.13333333333333333
6,clab-nebula-serf127,20,46,9,8,1,38,0.8888888888888888,0.17391304347826086,0.1702127659574468
6,clab-nebula-serf127,25,60,21,21,0,39,1.0,0.35,0.35
6,clab-nebula-serf127,30,92,26,26,0,66,1.0,0.2826086956521739,0.2826086956521739
6,clab-nebula-serf127,35,122,31,30,1,92,0.967741935483871,0.2459016393442623,0.24390243902439024
6,clab-nebula-serf127,40,138,31,31,0,107,1.0,0.2246376811594203,0.2246376811594203
6,clab-nebula-serf127,45,146,31,31,0,115,1.0,0.21232876712328766,0.21232876712328766
6,clab-nebula-serf127,50,156,31,31,0,125,1.0,0.1987179487179487,0.1987179487179487
6,clab-nebula-serf127,55,161,66,66,0,95,1.0,0.40993788819875776,0.40993788819875776
6,clab-nebula-serf127,60,161,66,66,0,95,1.0,0.40993788819875776,0.40993788819875776
6,clab-nebula-serf129,5,0,0,0,0,0,0.0,0.0,0.0
6,clab-nebula-serf129,10,0,0,0,0,0,0.0,0.0,0.0
6,clab-nebula-serf129,15,2,0,0,0,2,0,0.0,0.0
6,clab-nebula-serf129,20,7,0,0,0,7,0,0.0,0.0
6,clab-nebula-serf129,25,17,10,9,1,8,0.9,0.5294117647058824,0.5
6,clab-nebula-serf129,30,42,17,15,2,27,0.8823529411764706,0.35714285714285715,0.3409090909090909
6,clab-nebula-serf129,35,71,28,28,0,43,1.0,0.39436619718309857,0.39436619718309857
6,clab-nebula-serf129,40,123,28,28,0,95,1.0,0.22764227642276422,0.22764227642276422
6,clab-nebula-serf129,45,142,28,28,0,114,1.0,0.19718309859154928,0.19718309859154928
6,clab-nebula-serf129,50,149,28,28,0,121,1.0,0.18791946308724833,0.18791946308724833
6,clab-nebula-serf129,55,155,28,28,0,127,1.0,0.18064516129032257,0.18064516129032257
6,clab-nebula-serf129,60,158,28,28,0,130,1.0,0.17721518987341772,0.17721518987341772
6,clab-nebula-serf155,5,0,0,0,0,0,0.0,0.0,0.0
6,clab-nebula-serf155,10,0,0,0,0,0,0.0,0.0,0.0
6,clab-nebula-serf155,15,1,0,0,0,1,0,0.0,0.0
6,clab-nebula-serf155,20,11,8,7,1,4,0.875,0.6363636363636364,0.5833333333333334
6,clab-nebula-serf155,25,14,8,8,0,6,1.0,0.5714285714285714,0.5714285714285714
6,clab-nebula-serf155,30,24,9,9,0,15,1.0,0.375,0.375
6,clab-nebula-serf155,35,43,9,9,0,34,1.0,0.20930232558139536,0.20930232558139536
6,clab-nebula-serf155,40,56,10,9,1,47,0.9,0.16071428571428573,0.15789473684210525
6,clab-nebula-serf155,45,82,10,10,0,72,1.0,0.12195121951219512,0.12195121951219512
6,clab-nebula-serf155,50,117,10,10,0,107,1.0,0.08547008547008547,0.08547008547008547
6,clab-nebula-serf155,55,137,10,10,0,127,1.0,0.072992700729927,0.072992700729927
6,clab-nebula-serf155,60,150,14,14,0,136,1.0,0.09333333333333334,0.09333333333333334
6,clab-nebula-serf3,5,0,0,0,0,0,0.0,0.0,0.0
6,clab-nebula-serf3,10,2,0,0,0,2,0,0.0,0.0
6,clab-nebula-serf3,15,7,0,0,0,7,0,0.0,0.0
6,clab-nebula-serf3,20,13,2,2,0,11,1.0,0.15384615384615385,0.15384615384615385
6,clab-nebula-serf3,25,22,2,2,0,20,1.0,0.09090909090909091,0.09090909090909091
6,clab-nebula-serf3,30,50,25,25,0,25,1.0,0.5,0.5
6,clab-nebula-serf3,35,83,25,25,0,58,1.0,0.30120481927710846,0.30120481927710846
6,clab-nebula-serf3,40,96,25,25,0,71,1.0,0.2604166666666667,0.2604166666666667
6,clab-nebula-serf3,45,109,45,44,1,65,0.9777777777777777,0.4036697247706422,0.4
6,clab-nebula-serf3,50,119,46,44,2,75,0.9565217391304348,0.3697478991596639,0.36363636363636365
6,clab-nebula-serf3,55,123,46,45,1,78,0.9782608695652174,0.36585365853658536,0.3629032258064516
6,clab-nebula-serf3,60,141,68,68,0,73,1.0,0.48226950354609927,0.48226950354609927
6,clab-nebula-serf14,5,0,0,0,0,0,0.0,0.0,0.0
6,clab-nebula-serf14,10,4,0,0,0,4,0,0.0,0.0
6,clab-nebula-serf14,15,18,4,3,1,15,0.75,0.16666666666666666,0.15789473684210525
6,clab-nebula-serf14,20,35,16,16,0,19,1.0,0.45714285714285713,0.45714285714285713
6,clab-nebula-serf14,25,70,25,25,0,45,1.0,0.35714285714285715,0.35714285714285715
6,clab-nebula-serf14,30,88,28,28,0,60,1.0,0.3181818181818182,0.3181818181818182
6,clab-nebula-serf14,35,102,45,44,1,58,0.9777777777777777,0.43137254901960786,0.42718446601941745
6,clab-nebula-serf14,40,119,46,44,2,75,0.9565217391304348,0.3697478991596639,0.36363636363636365
6,clab-nebula-serf14,45,121,46,45,1,76,0.9782608695652174,0.371900826446281,0.36885245901639346
6,clab-nebula-serf14,50,126,46,46,0,80,1.0,0.36507936507936506,0.36507936507936506
6,clab-nebula-serf14,55,151,68,68,0,83,1.0,0.4503311258278146,0.4503311258278146
6,clab-nebula-serf14,60,155,68,68,0,87,1.0,0.43870967741935485,0.43870967741935485
6,clab-nebula-serf142,5,0,0,0,0,0,0.0,0.0,0.0
6,clab-nebula-serf142,10,0,0,0,0,0,0.0,0.0,0.0
6,clab-nebula-serf142,15,1,0,0,0,1,0,0.0,0.0
6,clab-nebula-serf142,20,1,0,0,0,1,0,0.0,0.0
6,clab-nebula-serf142,25,7,3,3,0,4,1.0,0.42857142857142855,0.42857142857142855
6,clab-nebula-serf142,30,14,8,7,1,7,0.875,0.5,0.4666666666666667
6,clab-nebula-serf142,35,30,18,17,1,13,0.9444444444444444,0.5666666666666667,0.5483870967741935
6,clab-nebula-serf142,40,54,23,23,0,31,1.0,0.42592592592592593,0.42592592592592593
6,clab-nebula-serf142,45,59,19,19,0,40,1.0,0.3220338983050847,0.3220338983050847
6,clab-nebula-serf142,50,95,19,19,0,76,1.0,0.2,0.2
6,clab-nebula-serf142,55,126,19,19,0,107,1.0,0.15079365079365079,0.15079365079365079
6,clab-nebula-serf142,60,140,19,19,0,121,1.0,0.1357142857142857,0.1357142857142857
6,clab-nebula-serf96,5,4,0,0,0,4,0,0.0,0.0
6,clab-nebula-serf96,10,7,3,3,0,4,1.0,0.42857142857142855,0.42857142857142855
6,clab-nebula-serf96,15,7,3,3,0,4,1.0,0.42857142857142855,0.42857142857142855
6,clab-nebula-serf96,20,9,7,7,0,2,1.0,0.7777777777777778,0.7777777777777778
6,clab-nebula-serf96,25,20,7,7,0,13,1.0,0.35,0.35
6,clab-nebula-serf96,30,41,38,29,9,12,0.7631578947368421,0.7073170731707317,0.58
6,clab-nebula-serf96,35,77,38,38,0,39,1.0,0.4935064935064935,0.4935064935064935
6,clab-nebula-serf96,40,121,38,38,0,83,1.0,0.3140495867768595,0.3140495867768595
6,clab-nebula-serf96,45,147,38,38,0,109,1.0,0.2585034013605442,0.2585034013605442
6,clab-nebula-serf96,50,153,38,38,0,115,1.0,0.24836601307189543,0.24836601307189543
6,clab-nebula-serf96,55,160,38,38,0,122,1.0,0.2375,0.2375
6,clab-nebula-serf96,60,161,38,38,0,123,1.0,0.2360248447204969,0.2360248447204969
6,clab-nebula-serf116,5,0,0,0,0,0,0.0,0.0,0.0
6,clab-nebula-serf116,10,0,0,0,0,0,0.0,0.0,0.0
6,clab-nebula-serf116,15,0,0,0,0,0,0.0,0.0,0.0
6,clab-nebula-serf116,20,0,0,0,0,0,0.0,0.0,0.0
6,clab-nebula-serf116,25,0,0,0,0,0,0.0,0.0,0.0
6,clab-nebula-serf116,30,0,0,0,0,0,0.0,0.0,0.0
6,clab-nebula-serf116,35,1,0,0,0,1,0,0.0,0.0
6,clab-nebula-serf116,40,1,0,0,0,1,0,0.0,0.0
6,clab-nebula-serf116,45,6,1,1,0,5,1.0,0.16666666666666666,0.16666666666666666
6,clab-nebula-serf116,50,14,1,1,0,13,1.0,0.07142857142857142,0.07142857142857142
6,clab-nebula-serf116,55,40,1,1,0,39,1.0,0.025,0.025
6,clab-nebula-serf116,60,88,1,1,0,87,1.0,0.011363636363636364,0.011363636363636364
6,clab-nebula-serf56,5,9,2,1,1,8,0.5,0.1111111111111111,0.1
6,clab-nebula-serf56,10,24,8,8,0,16,1.0,0.3333333333333333,0.3333333333333333
6,clab-nebula-serf56,15,64,22,22,0,42,1.0,0.34375,0.34375
6,clab-nebula-serf56,20,83,25,25,0,58,1.0,0.30120481927710846,0.30120481927710846
6,clab-nebula-serf56,25,97,36,35,1,62,0.9722222222222222,0.36082474226804123,0.35714285714285715
6,clab-nebula-serf56,30,118,38,37,1,81,0.9736842105263158,0.3135593220338983,0.31092436974789917
6,clab-nebula-serf56,35,121,38,38,0,83,1.0,0.3140495867768595,0.3140495867768595
6,clab-nebula-serf56,40,125,38,38,0,87,1.0,0.304,0.304
6,clab-nebula-serf56,45,151,38,38,0,113,1.0,0.25165562913907286,0.25165562913907286
6,clab-nebula-serf56,50,154,38,38,0,116,1.0,0.24675324675324675,0.24675324675324675
6,clab-nebula-serf56,55,157,38,38,0,119,1.0,0.24203821656050956,0.24203821656050956
6,clab-nebula-serf56,60,158,38,38,0,120,1.0,0.24050632911392406,0.24050632911392406
6,clab-nebula-serf59,5,5,0,0,0,5,0,0.0,0.0
6,clab-nebula-serf59,10,26,6,5,1,21,0.8333333333333334,0.19230769230769232,0.18518518518518517
6,clab-nebula-serf59,15,63,32,28,4,35,0.875,0.4444444444444444,0.417910447761194
6,clab-nebula-serf59,20,83,33,32,1,51,0.9696969696969697,0.3855421686746988,0.38095238095238093
6,clab-nebula-serf59,25,99,35,34,1,65,0.9714285714285714,0.3434343434343434,0.34
6,clab-nebula-serf59,30,119,37,36,1,83,0.972972972972973,0.3025210084033613,0.3
6,clab-nebula-serf59,35,124,38,38,0,86,1.0,0.3064516129032258,0.3064516129032258
6,clab-nebula-serf59,40,128,38,38,0,90,1.0,0.296875,0.296875
6,clab-nebula-serf59,45,153,38,38,0,115,1.0,0.24836601307189543,0.24836601307189543
6,clab-nebula-serf59,50,154,38,38,0,116,1.0,0.24675324675324675,0.24675324675324675
6,clab-nebula-serf59,55,157,38,38,0,119,1.0,0.24203821656050956,0.24203821656050956
6,clab-nebula-serf59,60,161,40,40,0,121,1.0,0.2484472049689441,0.2484472049689441
6,clab-nebula-serf70,5,3,0,0,0,3,0,0.0,0.0
6,clab-nebula-serf70,10,19,2,2,0,17,1.0,0.10526315789473684,0.10526315789473684
6,clab-nebula-serf70,15,36,5,4,1,32,0.8,0.1111111111111111,0.10810810810810811
6,clab-nebula-serf70,20,66,32,28,4,38,0.875,0.42424242424242425,0.4
6,clab-nebula-serf70,25,87,32,30,2,57,0.9375,0.3448275862068966,0.33707865168539325
6,clab-nebula-serf70,30,110,36,35,1,75,0.9722222222222222,0.3181818181818182,0.3153153153153153
6,clab-nebula-serf70,35,119,36,35,1,84,0.9722222222222222,0.29411764705882354,0.2916666666666667
6,clab-nebula-serf70,40,124,36,36,0,88,1.0,0.2903225806451613,0.2903225806451613
6,clab-nebula-serf70,45,147,36,36,0,111,1.0,0.24489795918367346,0.24489795918367346
6,clab-nebula-serf70,50,154,36,36,0,118,1.0,0.23376623376623376,0.23376623376623376
6,clab-nebula-serf70,55,158,36,36,0,122,1.0,0.22784810126582278,0.22784810126582278
6,clab-nebula-serf70,60,161,36,36,0,125,1.0,0.2236024844720497,0.2236024844720497
6,clab-nebula-serf81,5,1,0,0,0,1,0,0.0,0.0
6,clab-nebula-serf81,10,22,4,4,0,18,1.0,0.18181818181818182,0.18181818181818182
6,clab-nebula-serf81,15,39,16,16,0,23,1.0,0.41025641025641024,0.41025641025641024
6,clab-nebula-serf81,20,68,16,16,0,52,1.0,0.23529411764705882,0.23529411764705882
6,clab-nebula-serf81,25,90,16,16,0,74,1.0,0.17777777777777778,0.17777777777777778
6,clab-nebula-serf81,30,114,27,27,0,87,1.0,0.23684210526315788,0.23684210526315788
6,clab-nebula-serf81,35,121,27,27,0,94,1.0,0.2231404958677686,0.2231404958677686
6,clab-nebula-serf81,40,130,28,28,0,102,1.0,0.2153846153846154,0.2153846153846154
6,clab-nebula-serf81,45,153,28,28,0,125,1.0,0.1830065359477124,0.1830065359477124
6,clab-nebula-serf81,50,154,28,28,0,126,1.0,0.18181818181818182,0.18181818181818182
6,clab-nebula-serf81,55,157,28,28,0,129,1.0,0.17834394904458598,0.17834394904458598
6,clab-nebula-serf81,60,161,28,28,0,133,1.0,0.17391304347826086,0.17391304347826086
6,clab-nebula-serf95,5,0,0,0,0,0,0.0,0.0,0.0
6,clab-nebula-serf95,10,10,3,3,0,7,1.0,0.3,0.3
6,clab-nebula-serf95,15,30,3,3,0,27,1.0,0.1,0.1
6,clab-nebula-serf95,20,50,16,16,0,34,1.0,0.32,0.32
6,clab-nebula-serf95,25,80,16,16,0,64,1.0,0.2,0.2
6,clab-nebula-serf95,30,104,27,25,2,79,0.9259259259259259,0.2403846153846154,0.2358490566037736
6,clab-nebula-serf95,35,119,28,28,0,91,1.0,0.23529411764705882,0.23529411764705882
6,clab-nebula-serf95,40,124,28,28,0,96,1.0,0.22580645161290322,0.22580645161290322
6,clab-nebula-serf95,45,142,28,28,0,114,1.0,0.19718309859154928,0.19718309859154928
6,clab-nebula-serf95,50,154,28,28,0,126,1.0,0.18181818181818182,0.18181818181818182
6,clab-nebula-serf95,55,154,28,28,0,126,1.0,0.18181818181818182,0.18181818181818182
6,clab-nebula-serf95,60,159,28,28,0,131,1.0,0.1761006289308176,0.1761006289308176
6,clab-nebula-serf114,5,1,0,0,0,1,0,0.0,0.0
6,clab-nebula-serf114,10,1,0,0,0,1,0,0.0,0.0
6,clab-nebula-serf114,15,2,1,1,0,1,1.0,0.5,0.5
6,clab-nebula-serf114,20,17,1,1,0,16,1.0,0.058823529411764705,0.058823529411764705
6,clab-nebula-serf114,25,25,1,1,0,24,1.0,0.04,0.04
6,clab-nebula-serf114,30,53,1,1,0,52,1.0,0.018867924528301886,0.018867924528301886
6,clab-nebula-serf114,35,92,1,1,0,91,1.0,0.010869565217391304,0.010869565217391304
6,clab-nebula-serf114,40,134,2,2,0,132,1.0,0.014925373134328358,0.014925373134328358
6,clab-nebula-serf114,45,152,3,3,0,149,1.0,0.019736842105263157,0.019736842105263157
6,clab-nebula-serf114,50,158,8,8,0,150,1.0,0.05063291139240506,0.05063291139240506
6,clab-nebula-serf114,55,161,8,8,0,153,1.0,0.049689440993788817,0.049689440993788817
6,clab-nebula-serf114,60,161,8,8,0,153,1.0,0.049689440993788817,0.049689440993788817
6,clab-nebula-serf9,5,1,0,0,0,1,0,0.0,0.0
6,clab-nebula-serf9,10,8,0,0,0,8,0,0.0,0.0
6,clab-nebula-serf9,15,17,6,5,1,12,0.8333333333333334,0.29411764705882354,0.2777777777777778
6,clab-nebula-serf9,20,36,18,18,0,18,1.0,0.5,0.5
6,clab-nebula-serf9,25,71,19,19,0,52,1.0,0.2676056338028169,0.2676056338028169
6,clab-nebula-serf9,30,87,19,19,0,68,1.0,0.21839080459770116,0.21839080459770116
6,clab-nebula-serf9,35,101,45,44,1,57,0.9777777777777777,0.43564356435643564,0.43137254901960786
6,clab-nebula-serf9,40,116,46,44,2,72,0.9565217391304348,0.3793103448275862,0.3728813559322034
6,clab-nebula-serf9,45,120,46,44,2,76,0.9565217391304348,0.36666666666666664,0.36065573770491804
6,clab-nebula-serf9,50,125,46,46,0,79,1.0,0.368,0.368
6,clab-nebula-serf9,55,151,68,68,0,83,1.0,0.4503311258278146,0.4503311258278146
6,clab-nebula-serf9,60,154,68,68,0,86,1.0,0.44155844155844154,0.44155844155844154
6,clab-nebula-serf17,5,1,0,0,0,1,0,0.0,0.0
6,clab-nebula-serf17,10,12,4,4,0,8,1.0,0.3333333333333333,0.3333333333333333
6,clab-nebula-serf17,15,30,16,16,0,14,1.0,0.5333333333333333,0.5333333333333333
6,clab-nebula-serf17,20,66,16,16,0,50,1.0,0.24242424242424243,0.24242424242424243
6,clab-nebula-serf17,25,85,27,27,0,58,1.0,0.3176470588235294,0.3176470588235294
6,clab-nebula-serf17,30,96,38,37,1,59,0.9736842105263158,0.3854166666666667,0.38144329896907214
6,clab-nebula-serf17,35,116,39,38,1,78,0.9743589743589743,0.3275862068965517,0.3247863247863248
6,clab-nebula-serf17,40,121,40,40,0,81,1.0,0.3305785123966942,0.3305785123966942
6,clab-nebula-serf17,45,124,40,40,0,84,1.0,0.3225806451612903,0.3225806451612903
6,clab-nebula-serf17,50,150,62,62,0,88,1.0,0.41333333333333333,0.41333333333333333
6,clab-nebula-serf17,55,154,62,62,0,92,1.0,0.4025974025974026,0.4025974025974026
6,clab-nebula-serf17,60,157,62,62,0,95,1.0,0.39490445859872614,0.39490445859872614
6,clab-nebula-serf139,5,0,0,0,0,0,0.0,0.0,0.0
6,clab-nebula-serf139,10,0,0,0,0,0,0.0,0.0,0.0
6,clab-nebula-serf139,15,5,5,2,3,3,0.4,0.4,0.25
6,clab-nebula-serf139,20,14,11,11,0,3,1.0,0.7857142857142857,0.7857142857142857
6,clab-nebula-serf139,25,21,11,11,0,10,1.0,0.5238095238095238,0.5238095238095238
6,clab-nebula-serf139,30,31,21,18,3,13,0.8571428571428571,0.5806451612903226,0.5294117647058824
6,clab-nebula-serf139,35,45,21,21,0,24,1.0,0.4666666666666667,0.4666666666666667
6,clab-nebula-serf139,40,65,26,26,0,39,1.0,0.4,0.4
6,clab-nebula-serf139,45,95,31,30,1,65,0.967741935483871,0.3157894736842105,0.3125
6,clab-nebula-serf139,50,121,31,31,0,90,1.0,0.256198347107438,0.256198347107438
6,clab-nebula-serf139,55,137,30,30,0,107,1.0,0.21897810218978103,0.21897810218978103
6,clab-nebula-serf139,60,149,31,31,0,118,1.0,0.2080536912751678,0.2080536912751678
6,clab-nebula-serf52,5,1,0,0,0,1,0,0.0,0.0
6,clab-nebula-serf52,10,12,2,2,0,10,1.0,0.16666666666666666,0.16666666666666666
6,clab-nebula-serf52,15,38,12,12,0,26,1.0,0.3157894736842105,0.3157894736842105
6,clab-nebula-serf52,20,69,24,24,0,45,1.0,0.34782608695652173,0.34782608695652173
6,clab-nebula-serf52,25,88,35,34,1,54,0.9714285714285714,0.38636363636363635,0.38202247191011235
6,clab-nebula-serf52,30,106,37,36,1,70,0.972972972972973,0.33962264150943394,0.3364485981308411
6,clab-nebula-serf52,35,119,37,36,1,83,0.972972972972973,0.3025210084033613,0.3
6,clab-nebula-serf52,40,124,38,38,0,86,1.0,0.3064516129032258,0.3064516129032258
6,clab-nebula-serf52,45,134,38,38,0,96,1.0,0.2835820895522388,0.2835820895522388
6,clab-nebula-serf52,50,154,38,38,0,116,1.0,0.24675324675324675,0.24675324675324675
6,clab-nebula-serf52,55,154,38,38,0,116,1.0,0.24675324675324675,0.24675324675324675
6,clab-nebula-serf52,60,157,38,38,0,119,1.0,0.24203821656050956,0.24203821656050956
6,clab-nebula-serf71,5,0,0,0,0,0,0.0,0.0,0.0
6,clab-nebula-serf71,10,15,0,0,0,15,0,0.0,0.0
6,clab-nebula-serf71,15,33,5,4,1,29,0.8,0.12121212121212122,0.11764705882352941
6,clab-nebula-serf71,20,57,8,8,0,49,1.0,0.14035087719298245,0.14035087719298245
6,clab-nebula-serf71,25,83,32,29,3,54,0.90625,0.3493975903614458,0.3372093023255814
6,clab-nebula-serf71,30,107,33,32,1,75,0.9696969696969697,0.29906542056074764,0.2962962962962963
6,clab-nebula-serf71,35,119,36,35,1,84,0.9722222222222222,0.29411764705882354,0.2916666666666667
6,clab-nebula-serf71,40,124,36,36,0,88,1.0,0.2903225806451613,0.2903225806451613
6,clab-nebula-serf71,45,146,36,36,0,110,1.0,0.2465753424657534,0.2465753424657534
6,clab-nebula-serf71,50,154,36,36,0,118,1.0,0.23376623376623376,0.23376623376623376
6,clab-nebula-serf71,55,156,36,36,0,120,1.0,0.23076923076923078,0.23076923076923078
6,clab-nebula-serf71,60,161,36,36,0,125,1.0,0.2236024844720497,0.2236024844720497
6,clab-nebula-serf26,5,3,0,0,0,3,0,0.0,0.0
6,clab-nebula-serf26,10,19,11,9,2,10,0.8181818181818182,0.47368421052631576,0.42857142857142855
6,clab-nebula-serf26,15,31,14,14,0,17,1.0,0.45161290322580644,0.45161290322580644
6,clab-nebula-serf26,20,58,17,17,0,41,1.0,0.29310344827586204,0.29310344827586204
6,clab-nebula-serf26,25,87,17,17,0,70,1.0,0.19540229885057472,0.19540229885057472
6,clab-nebula-serf26,30,94,29,29,0,65,1.0,0.30851063829787234,0.30851063829787234
6,clab-nebula-serf26,35,108,56,55,1,53,0.9821428571428571,0.5092592592592593,0.5045871559633027
6,clab-nebula-serf26,40,121,55,55,0,66,1.0,0.45454545454545453,0.45454545454545453
6,clab-nebula-serf26,45,124,56,56,0,68,1.0,0.45161290322580644,0.45161290322580644
6,clab-nebula-serf26,50,137,58,58,0,79,1.0,0.4233576642335766,0.4233576642335766
6,clab-nebula-serf26,55,154,58,58,0,96,1.0,0.37662337662337664,0.37662337662337664
6,clab-nebula-serf26,60,155,58,58,0,97,1.0,0.3741935483870968,0.3741935483870968
6,clab-nebula-serf34,5,1,0,0,0,1,0,0.0,0.0
6,clab-nebula-serf34,10,9,9,4,5,5,0.4444444444444444,0.4444444444444444,0.2857142857142857
6,clab-nebula-serf34,15,27,9,7,2,20,0.7777777777777778,0.25925925925925924,0.2413793103448276
6,clab-nebula-serf34,20,67,9,9,0,58,1.0,0.13432835820895522,0.13432835820895522
6,clab-nebula-serf34,25,85,9,9,0,76,1.0,0.10588235294117647,0.10588235294117647
6,clab-nebula-serf34,30,95,36,35,1,60,0.9722222222222222,0.3684210526315789,0.3645833333333333
6,clab-nebula-serf34,35,112,56,55,1,57,0.9821428571428571,0.49107142857142855,0.48672566371681414
6,clab-nebula-serf34,40,121,56,56,0,65,1.0,0.4628099173553719,0.4628099173553719
6,clab-nebula-serf34,45,124,56,56,0,68,1.0,0.45161290322580644,0.45161290322580644
6,clab-nebula-serf34,50,149,58,58,0,91,1.0,0.38926174496644295,0.38926174496644295
6,clab-nebula-serf34,55,154,58,58,0,96,1.0,0.37662337662337664,0.37662337662337664
6,clab-nebula-serf34,60,156,58,58,0,98,1.0,0.3717948717948718,0.3717948717948718
6,clab-nebula-serf126,5,0,0,0,0,0,0.0,0.0,0.0
6,clab-nebula-serf126,10,3,1,1,0,2,1.0,0.3333333333333333,0.3333333333333333
6,clab-nebula-serf126,15,15,8,4,4,11,0.5,0.26666666666666666,0.21052631578947367
6,clab-nebula-serf126,20,47,21,20,1,27,0.9523809523809523,0.425531914893617,0.4166666666666667
6,clab-nebula-serf126,25,59,21,21,0,38,1.0,0.3559322033898305,0.3559322033898305
6,clab-nebula-serf126,30,92,26,26,0,66,1.0,0.2826086956521739,0.2826086956521739
6,clab-nebula-serf126,35,121,31,30,1,91,0.967741935483871,0.24793388429752067,0.2459016393442623
6,clab-nebula-serf126,40,138,31,31,0,107,1.0,0.2246376811594203,0.2246376811594203
6,clab-nebula-serf126,45,146,31,31,0,115,1.0,0.21232876712328766,0.21232876712328766
6,clab-nebula-serf126,50,156,35,35,0,121,1.0,0.22435897435897437,0.22435897435897437
6,clab-nebula-serf126,55,161,66,66,0,95,1.0,0.40993788819875776,0.40993788819875776
6,clab-nebula-serf126,60,161,66,66,0,95,1.0,0.40993788819875776,0.40993788819875776
6,clab-nebula-serf36,5,0,0,0,0,0,0.0,0.0,0.0
6,clab-nebula-serf36,10,2,1,1,0,1,1.0,0.5,0.5
6,clab-nebula-serf36,15,17,9,6,3,11,0.6666666666666666,0.35294117647058826,0.3
6,clab-nebula-serf36,20,53,9,8,1,45,0.8888888888888888,0.1509433962264151,0.14814814814814814
6,clab-nebula-serf36,25,79,9,9,0,70,1.0,0.11392405063291139,0.11392405063291139
6,clab-nebula-serf36,30,92,33,32,1,60,0.9696969696969697,0.34782608695652173,0.34408602150537637
6,clab-nebula-serf36,35,108,36,35,1,73,0.9722222222222222,0.32407407407407407,0.3211009174311927
6,clab-nebula-serf36,40,121,56,56,0,65,1.0,0.4628099173553719,0.4628099173553719
6,clab-nebula-serf36,45,124,56,56,0,68,1.0,0.45161290322580644,0.45161290322580644
6,clab-nebula-serf36,50,137,56,56,0,81,1.0,0.40875912408759124,0.40875912408759124
6,clab-nebula-serf36,55,154,58,58,0,96,1.0,0.37662337662337664,0.37662337662337664
6,clab-nebula-serf36,60,154,58,58,0,96,1.0,0.37662337662337664,0.37662337662337664
6,clab-nebula-serf82,5,0,0,0,0,0,0.0,0.0,0.0
6,clab-nebula-serf82,10,0,0,0,0,0,0.0,0.0,0.0
6,clab-nebula-serf82,15,0,0,0,0,0,0.0,0.0,0.0
6,clab-nebula-serf82,20,0,0,0,0,0,0.0,0.0,0.0
6,clab-nebula-serf82,25,0,0,0,0,0,0.0,0.0,0.0
6,clab-nebula-serf82,30,0,0,0,0,0,0.0,0.0,0.0
6,clab-nebula-serf82,35,16,6,4,2,12,0.6666666666666666,0.25,0.2222222222222222
6,clab-nebula-serf82,40,61,19,14,5,47,0.7368421052631579,0.22950819672131148,0.21212121212121213
6,clab-nebula-serf82,45,94,32,30,2,64,0.9375,0.3191489361702128,0.3125
6,clab-nebula-serf82,50,111,32,32,0,79,1.0,0.2882882882882883,0.2882882882882883
6,clab-nebula-serf82,55,121,35,35,0,86,1.0,0.2892561983471074,0.2892561983471074
6,clab-nebula-serf82,60,148,37,37,0,111,1.0,0.25,0.25
6,clab-nebula-serf85,5,0,0,0,0,0,0.0,0.0,0.0
6,clab-nebula-serf85,10,4,1,1,0,3,1.0,0.25,0.25
6,clab-nebula-serf85,15,19,4,4,0,15,1.0,0.21052631578947367,0.21052631578947367
6,clab-nebula-serf85,20,35,6,6,0,29,1.0,0.17142857142857143,0.17142857142857143
6,clab-nebula-serf85,25,57,8,8,0,49,1.0,0.14035087719298245,0.14035087719298245
6,clab-nebula-serf85,30,82,8,8,0,74,1.0,0.0975609756097561,0.0975609756097561
6,clab-nebula-serf85,35,111,9,9,0,102,1.0,0.08108108108108109,0.08108108108108109
6,clab-nebula-serf85,40,119,9,9,0,110,1.0,0.07563025210084033,0.07563025210084033
6,clab-nebula-serf85,45,134,11,11,0,123,1.0,0.08208955223880597,0.08208955223880597
6,clab-nebula-serf85,50,149,11,11,0,138,1.0,0.0738255033557047,0.0738255033557047
6,clab-nebula-serf85,55,154,11,11,0,143,1.0,0.07142857142857142,0.07142857142857142
6,clab-nebula-serf85,60,157,11,11,0,146,1.0,0.07006369426751592,0.07006369426751592
6,clab-nebula-serf97,5,5,0,0,0,5,0,0.0,0.0
6,clab-nebula-serf97,10,7,0,0,0,7,0,0.0,0.0
6,clab-nebula-serf97,15,7,0,0,0,7,0,0.0,0.0
6,clab-nebula-serf97,20,9,7,7,0,2,1.0,0.7777777777777778,0.7777777777777778
6,clab-nebula-serf97,25,17,7,7,0,10,1.0,0.4117647058823529,0.4117647058823529
6,clab-nebula-serf97,30,41,38,29,9,12,0.7631578947368421,0.7073170731707317,0.58
6,clab-nebula-serf97,35,80,38,38,0,42,1.0,0.475,0.475
6,clab-nebula-serf97,40,126,38,38,0,88,1.0,0.30158730158730157,0.30158730158730157
6,clab-nebula-serf97,45,149,38,38,0,111,1.0,0.2550335570469799,0.2550335570469799
6,clab-nebula-serf97,50,159,38,38,0,121,1.0,0.2389937106918239,0.2389937106918239
6,clab-nebula-serf97,55,161,38,38,0,123,1.0,0.2360248447204969,0.2360248447204969
6,clab-nebula-serf97,60,161,38,38,0,123,1.0,0.2360248447204969,0.2360248447204969
6,clab-nebula-serf99,5,6,1,1,0,5,1.0,0.16666666666666666,0.16666666666666666
6,clab-nebula-serf99,10,7,5,5,0,2,1.0,0.7142857142857143,0.7142857142857143
6,clab-nebula-serf99,15,7,5,5,0,2,1.0,0.7142857142857143,0.7142857142857143
6,clab-nebula-serf99,20,11,7,7,0,4,1.0,0.6363636363636364,0.6363636363636364
6,clab-nebula-serf99,25,24,7,7,0,17,1.0,0.2916666666666667,0.2916666666666667
6,clab-nebula-serf99,30,52,38,34,4,18,0.8947368421052632,0.6538461538461539,0.6071428571428571
6,clab-nebula-serf99,35,82,38,38,0,44,1.0,0.4634146341463415,0.4634146341463415
6,clab-nebula-serf99,40,137,38,38,0,99,1.0,0.2773722627737226,0.2773722627737226
6,clab-nebula-serf99,45,148,38,38,0,110,1.0,0.25675675675675674,0.25675675675675674
6,clab-nebula-serf99,50,159,38,38,0,121,1.0,0.2389937106918239,0.2389937106918239
6,clab-nebula-serf99,55,160,38,38,0,122,1.0,0.2375,0.2375
6,clab-nebula-serf99,60,161,38,38,0,123,1.0,0.2360248447204969,0.2360248447204969
6,clab-nebula-serf124,5,0,0,0,0,0,0.0,0.0,0.0
6,clab-nebula-serf124,10,3,0,0,0,3,0,0.0,0.0
6,clab-nebula-serf124,15,8,2,2,0,6,1.0,0.25,0.25
6,clab-nebula-serf124,20,15,2,2,0,13,1.0,0.13333333333333333,0.13333333333333333
6,clab-nebula-serf124,25,29,2,2,0,27,1.0,0.06896551724137931,0.06896551724137931
6,clab-nebula-serf124,30,81,2,2,0,79,1.0,0.024691358024691357,0.024691358024691357
6,clab-nebula-serf124,35,114,7,6,1,108,0.8571428571428571,0.05263157894736842,0.05217391304347826
6,clab-nebula-serf124,40,133,7,7,0,126,1.0,0.05263157894736842,0.05263157894736842
6,clab-nebula-serf124,45,145,7,7,0,138,1.0,0.04827586206896552,0.04827586206896552
6,clab-nebula-serf124,50,156,27,27,0,129,1.0,0.17307692307692307,0.17307692307692307
6,clab-nebula-serf124,55,161,31,31,0,130,1.0,0.19254658385093168,0.19254658385093168
6,clab-nebula-serf124,60,161,31,31,0,130,1.0,0.19254658385093168,0.19254658385093168
6,clab-nebula-serf157,5,4,1,1,0,3,1.0,0.25,0.25
6,clab-nebula-serf157,10,4,1,1,0,3,1.0,0.25,0.25
6,clab-nebula-serf157,15,5,1,1,0,4,1.0,0.2,0.2
6,clab-nebula-serf157,20,9,5,5,0,4,1.0,0.5555555555555556,0.5555555555555556
6,clab-nebula-serf157,25,16,5,5,0,11,1.0,0.3125,0.3125
6,clab-nebula-serf157,30,35,24,24,0,11,1.0,0.6857142857142857,0.6857142857142857
6,clab-nebula-serf157,35,40,25,25,0,15,1.0,0.625,0.625
6,clab-nebula-serf157,40,54,36,33,3,21,0.9166666666666666,0.6111111111111112,0.5789473684210527
6,clab-nebula-serf157,45,70,36,36,0,34,1.0,0.5142857142857142,0.5142857142857142
6,clab-nebula-serf157,50,109,53,53,0,56,1.0,0.48623853211009177,0.48623853211009177
6,clab-nebula-serf157,55,136,53,53,0,83,1.0,0.3897058823529412,0.3897058823529412
6,clab-nebula-serf157,60,148,53,53,0,95,1.0,0.3581081081081081,0.3581081081081081
6,clab-nebula-serf159,5,4,0,0,0,4,0,0.0,0.0
6,clab-nebula-serf159,10,4,0,0,0,4,0,0.0,0.0
6,clab-nebula-serf159,15,5,0,0,0,5,0,0.0,0.0
6,clab-nebula-serf159,20,9,5,5,0,4,1.0,0.5555555555555556,0.5555555555555556
6,clab-nebula-serf159,25,16,5,5,0,11,1.0,0.3125,0.3125
6,clab-nebula-serf159,30,35,24,24,0,11,1.0,0.6857142857142857,0.6857142857142857
6,clab-nebula-serf159,35,40,25,25,0,15,1.0,0.625,0.625
6,clab-nebula-serf159,40,54,36,33,3,21,0.9166666666666666,0.6111111111111112,0.5789473684210527
6,clab-nebula-serf159,45,70,36,36,0,34,1.0,0.5142857142857142,0.5142857142857142
6,clab-nebula-serf159,50,108,47,47,0,61,1.0,0.4351851851851852,0.4351851851851852
6,clab-nebula-serf159,55,136,53,53,0,83,1.0,0.3897058823529412,0.3897058823529412
6,clab-nebula-serf159,60,148,53,53,0,95,1.0,0.3581081081081081,0.3581081081081081
6,clab-nebula-serf1,5,0,0,0,0,0,0.0,0.0,0.0
6,clab-nebula-serf1,10,6,2,2,0,4,1.0,0.3333333333333333,0.3333333333333333
6,clab-nebula-serf1,15,12,6,6,0,6,1.0,0.5,0.5
6,clab-nebula-serf1,20,19,13,13,0,6,1.0,0.6842105263157895,0.6842105263157895
6,clab-nebula-serf1,25,37,25,25,0,12,1.0,0.6756756756756757,0.6756756756756757
6,clab-nebula-serf1,30,74,25,25,0,49,1.0,0.33783783783783783,0.33783783783783783
6,clab-nebula-serf1,35,91,25,25,0,66,1.0,0.27472527472527475,0.27472527472527475
6,clab-nebula-serf1,40,107,45,44,1,63,0.9777777777777777,0.411214953271028,0.4074074074074074
6,clab-nebula-serf1,45,117,46,44,2,73,0.9565217391304348,0.37606837606837606,0.3697478991596639
6,clab-nebula-serf1,50,121,46,44,2,77,0.9565217391304348,0.36363636363636365,0.35772357723577236
6,clab-nebula-serf1,55,133,46,46,0,87,1.0,0.3458646616541353,0.3458646616541353
6,clab-nebula-serf1,60,153,46,46,0,107,1.0,0.3006535947712418,0.3006535947712418
6,clab-nebula-serf33,5,3,0,0,0,3,0,0.0,0.0
6,clab-nebula-serf33,10,20,9,7,2,13,0.7777777777777778,0.35,0.3181818181818182
6,clab-nebula-serf33,15,53,9,9,0,44,1.0,0.16981132075471697,0.16981132075471697
6,clab-nebula-serf33,20,78,9,9,0,69,1.0,0.11538461538461539,0.11538461538461539
6,clab-nebula-serf33,25,90,9,9,0,81,1.0,0.1,0.1
6,clab-nebula-serf33,30,105,36,35,1,70,0.9722222222222222,0.3333333333333333,0.330188679245283
6,clab-nebula-serf33,35,119,56,55,1,64,0.9821428571428571,0.46218487394957986,0.4583333333333333
6,clab-nebula-serf33,40,124,56,56,0,68,1.0,0.45161290322580644,0.45161290322580644
6,clab-nebula-serf33,45,128,56,56,0,72,1.0,0.4375,0.4375
6,clab-nebula-serf33,50,154,58,58,0,96,1.0,0.37662337662337664,0.37662337662337664
6,clab-nebula-serf33,55,154,58,58,0,96,1.0,0.37662337662337664,0.37662337662337664
6,clab-nebula-serf33,60,157,58,58,0,99,1.0,0.36942675159235666,0.36942675159235666
6,clab-nebula-serf123,5,0,0,0,0,0,0.0,0.0,0.0
6,clab-nebula-serf123,10,2,0,0,0,2,0,0.0,0.0
6,clab-nebula-serf123,15,11,0,0,0,11,0,0.0,0.0
6,clab-nebula-serf123,20,16,8,7,1,9,0.875,0.4375,0.4117647058823529
6,clab-nebula-serf123,25,42,17,15,2,27,0.8823529411764706,0.35714285714285715,0.3409090909090909
6,clab-nebula-serf123,30,89,27,27,0,62,1.0,0.30337078651685395,0.30337078651685395
6,clab-nebula-serf123,35,128,28,28,0,100,1.0,0.21875,0.21875
6,clab-nebula-serf123,40,143,28,28,0,115,1.0,0.1958041958041958,0.1958041958041958
6,clab-nebula-serf123,45,152,28,28,0,124,1.0,0.18421052631578946,0.18421052631578946
6,clab-nebula-serf123,50,158,28,28,0,130,1.0,0.17721518987341772,0.17721518987341772
6,clab-nebula-serf123,55,161,28,28,0,133,1.0,0.17391304347826086,0.17391304347826086
6,clab-nebula-serf123,60,161,28,28,0,133,1.0,0.17391304347826086,0.17391304347826086
6,clab-nebula-serf135,5,0,0,0,0,0,0.0,0.0,0.0
6,clab-nebula-serf135,10,0,0,0,0,0,0.0,0.0,0.0
6,clab-nebula-serf135,15,1,0,0,0,1,0,0.0,0.0
6,clab-nebula-serf135,20,14,11,11,0,3,1.0,0.7857142857142857,0.7857142857142857
6,clab-nebula-serf135,25,15,11,11,0,4,1.0,0.7333333333333333,0.7333333333333333
6,clab-nebula-serf135,30,25,23,18,5,7,0.782608695652174,0.72,0.6
6,clab-nebula-serf135,35,42,23,23,0,19,1.0,0.5476190476190477,0.5476190476190477
6,clab-nebula-serf135,40,54,26,26,0,28,1.0,0.48148148148148145,0.48148148148148145
6,clab-nebula-serf135,45,91,26,26,0,65,1.0,0.2857142857142857,0.2857142857142857
6,clab-nebula-serf135,50,112,31,30,1,82,0.967741935483871,0.26785714285714285,0.26548672566371684
6,clab-nebula-serf135,55,137,30,30,0,107,1.0,0.21897810218978103,0.21897810218978103
6,clab-nebula-serf135,60,146,31,31,0,115,1.0,0.21232876712328766,0.21232876712328766
6,clab-nebula-serf13,5,0,0,0,0,0,0.0,0.0,0.0
6,clab-nebula-serf13,10,7,0,0,0,7,0,0.0,0.0
6,clab-nebula-serf13,15,24,10,10,0,14,1.0,0.4166666666666667,0.4166666666666667
6,clab-nebula-serf13,20,50,16,16,0,34,1.0,0.32,0.32
6,clab-nebula-serf13,25,76,27,27,0,49,1.0,0.35526315789473684,0.35526315789473684
6,clab-nebula-serf13,30,92,38,37,1,55,0.9736842105263158,0.40217391304347827,0.3978494623655914
6,clab-nebula-serf13,35,110,39,38,1,72,0.9743589743589743,0.34545454545454546,0.34234234234234234
6,clab-nebula-serf13,40,120,40,39,1,81,0.975,0.325,0.32231404958677684
6,clab-nebula-serf13,45,124,40,40,0,84,1.0,0.3225806451612903,0.3225806451612903
6,clab-nebula-serf13,50,144,62,62,0,82,1.0,0.4305555555555556,0.4305555555555556
6,clab-nebula-serf13,55,154,62,62,0,92,1.0,0.4025974025974026,0.4025974025974026
6,clab-nebula-serf13,60,157,62,62,0,95,1.0,0.39490445859872614,0.39490445859872614
6,clab-nebula-serf47,5,4,0,0,0,4,0,0.0,0.0
6,clab-nebula-serf47,10,12,9,7,2,5,0.7777777777777778,0.5833333333333334,0.5
6,clab-nebula-serf47,15,25,9,8,1,17,0.8888888888888888,0.32,0.3076923076923077
6,clab-nebula-serf47,20,51,10,9,1,42,0.9,0.17647058823529413,0.17307692307692307
6,clab-nebula-serf47,25,82,18,18,0,64,1.0,0.21951219512195122,0.21951219512195122
6,clab-nebula-serf47,30,100,53,52,1,48,0.9811320754716981,0.52,0.5148514851485149
6,clab-nebula-serf47,35,120,55,54,1,66,0.9818181818181818,0.45,0.4462809917355372
6,clab-nebula-serf47,40,124,56,56,0,68,1.0,0.45161290322580644,0.45161290322580644
6,clab-nebula-serf47,45,126,56,56,0,70,1.0,0.4444444444444444,0.4444444444444444
6,clab-nebula-serf47,50,154,58,58,0,96,1.0,0.37662337662337664,0.37662337662337664
6,clab-nebula-serf47,55,154,58,58,0,96,1.0,0.37662337662337664,0.37662337662337664
6,clab-nebula-serf47,60,156,58,58,0,98,1.0,0.3717948717948718,0.3717948717948718
6,clab-nebula-serf84,5,0,0,0,0,0,0.0,0.0,0.0
6,clab-nebula-serf84,10,0,0,0,0,0,0.0,0.0,0.0
6,clab-nebula-serf84,15,4,0,0,0,4,0,0.0,0.0
6,clab-nebula-serf84,20,18,4,4,0,14,1.0,0.2222222222222222,0.2222222222222222
6,clab-nebula-serf84,25,35,6,6,0,29,1.0,0.17142857142857143,0.17142857142857143
6,clab-nebula-serf84,30,57,8,8,0,49,1.0,0.14035087719298245,0.14035087719298245
6,clab-nebula-serf84,35,81,8,8,0,73,1.0,0.09876543209876543,0.09876543209876543
6,clab-nebula-serf84,40,110,9,9,0,101,1.0,0.08181818181818182,0.08181818181818182
6,clab-nebula-serf84,45,119,9,9,0,110,1.0,0.07563025210084033,0.07563025210084033
6,clab-nebula-serf84,50,128,11,11,0,117,1.0,0.0859375,0.0859375
6,clab-nebula-serf84,55,142,11,11,0,131,1.0,0.07746478873239436,0.07746478873239436
6,clab-nebula-serf84,60,154,11,11,0,143,1.0,0.07142857142857142,0.07142857142857142
6,clab-nebula-serf92,5,0,0,0,0,0,0.0,0.0,0.0
6,clab-nebula-serf92,10,9,3,3,0,6,1.0,0.3333333333333333,0.3333333333333333
6,clab-nebula-serf92,15,30,3,3,0,27,1.0,0.1,0.1
6,clab-nebula-serf92,20,47,16,16,0,31,1.0,0.3404255319148936,0.3404255319148936
6,clab-nebula-serf92,25,77,16,16,0,61,1.0,0.2077922077922078,0.2077922077922078
6,clab-nebula-serf92,30,103,27,25,2,78,0.9259259259259259,0.24271844660194175,0.23809523809523808
6,clab-nebula-serf92,35,118,27,27,0,91,1.0,0.2288135593220339,0.2288135593220339
6,clab-nebula-serf92,40,123,28,28,0,95,1.0,0.22764227642276422,0.22764227642276422
6,clab-nebula-serf92,45,137,28,28,0,109,1.0,0.20437956204379562,0.20437956204379562
6,clab-nebula-serf92,50,154,28,28,0,126,1.0,0.18181818181818182,0.18181818181818182
6,clab-nebula-serf92,55,154,28,28,0,126,1.0,0.18181818181818182,0.18181818181818182
6,clab-nebula-serf92,60,158,28,28,0,130,1.0,0.17721518987341772,0.17721518987341772
6,clab-nebula-serf106,5,0,0,0,0,0,0.0,0.0,0.0
6,clab-nebula-serf106,10,2,0,0,0,2,0,0.0,0.0
6,clab-nebula-serf106,15,4,0,0,0,4,0,0.0,0.0
6,clab-nebula-serf106,20,8,6,5,1,3,0.8333333333333334,0.625,0.5555555555555556
6,clab-nebula-serf106,25,27,17,13,4,14,0.7647058823529411,0.48148148148148145,0.41935483870967744
6,clab-nebula-serf106,30,55,27,27,0,28,1.0,0.4909090909090909,0.4909090909090909
6,clab-nebula-serf106,35,86,27,27,0,59,1.0,0.313953488372093,0.313953488372093
6,clab-nebula-serf106,40,130,28,28,0,102,1.0,0.2153846153846154,0.2153846153846154
6,clab-nebula-serf106,45,145,28,28,0,117,1.0,0.19310344827586207,0.19310344827586207
6,clab-nebula-serf106,50,153,28,28,0,125,1.0,0.1830065359477124,0.1830065359477124
6,clab-nebula-serf106,55,155,28,28,0,127,1.0,0.18064516129032257,0.18064516129032257
6,clab-nebula-serf106,60,161,28,28,0,133,1.0,0.17391304347826086,0.17391304347826086
6,clab-nebula-serf108,5,0,0,0,0,0,0.0,0.0,0.0
6,clab-nebula-serf108,10,2,0,0,0,2,0,0.0,0.0
6,clab-nebula-serf108,15,7,2,2,0,5,1.0,0.2857142857142857,0.2857142857142857
6,clab-nebula-serf108,20,16,7,7,0,9,1.0,0.4375,0.4375
6,clab-nebula-serf108,25,46,27,23,4,23,0.8518518518518519,0.5,0.46
6,clab-nebula-serf108,30,73,27,27,0,46,1.0,0.3698630136986301,0.3698630136986301
6,clab-nebula-serf108,35,122,28,28,0,94,1.0,0.22950819672131148,0.22950819672131148
6,clab-nebula-serf108,40,144,28,28,0,116,1.0,0.19444444444444445,0.19444444444444445
6,clab-nebula-serf108,45,149,28,28,0,121,1.0,0.18791946308724833,0.18791946308724833
6,clab-nebula-serf108,50,155,28,28,0,127,1.0,0.18064516129032257,0.18064516129032257
6,clab-nebula-serf108,55,158,28,28,0,130,1.0,0.17721518987341772,0.17721518987341772
6,clab-nebula-serf108,60,161,28,28,0,133,1.0,0.17391304347826086,0.17391304347826086
6,clab-nebula-serf119,5,2,0,0,0,2,0,0.0,0.0
6,clab-nebula-serf119,10,2,0,0,0,2,0,0.0,0.0
6,clab-nebula-serf119,15,2,0,0,0,2,0,0.0,0.0
6,clab-nebula-serf119,20,2,0,0,0,2,0,0.0,0.0
6,clab-nebula-serf119,25,3,2,2,0,1,1.0,0.6666666666666666,0.6666666666666666
6,clab-nebula-serf119,30,3,2,2,0,1,1.0,0.6666666666666666,0.6666666666666666
6,clab-nebula-serf119,35,3,2,2,0,1,1.0,0.6666666666666666,0.6666666666666666
6,clab-nebula-serf119,40,4,2,2,0,2,1.0,0.5,0.5
6,clab-nebula-serf119,45,5,2,2,0,3,1.0,0.4,0.4
6,clab-nebula-serf119,50,17,3,3,0,14,1.0,0.17647058823529413,0.17647058823529413
6,clab-nebula-serf119,55,27,3,3,0,24,1.0,0.1111111111111111,0.1111111111111111
6,clab-nebula-serf119,60,53,2,2,0,51,1.0,0.03773584905660377,0.03773584905660377
6,clab-nebula-serf125,5,0,0,0,0,0,0.0,0.0,0.0
6,clab-nebula-serf125,10,3,1,1,0,2,1.0,0.3333333333333333,0.3333333333333333
6,clab-nebula-serf125,15,12,3,2,1,10,0.6666666666666666,0.16666666666666666,0.15384615384615385
6,clab-nebula-serf125,20,45,18,17,1,28,0.9444444444444444,0.37777777777777777,0.3695652173913043
6,clab-nebula-serf125,25,58,21,21,0,37,1.0,0.3620689655172414,0.3620689655172414
6,clab-nebula-serf125,30,84,26,26,0,58,1.0,0.30952380952380953,0.30952380952380953
6,clab-nebula-serf125,35,112,31,30,1,82,0.967741935483871,0.26785714285714285,0.26548672566371684
6,clab-nebula-serf125,40,137,31,31,0,106,1.0,0.22627737226277372,0.22627737226277372
6,clab-nebula-serf125,45,146,31,31,0,115,1.0,0.21232876712328766,0.21232876712328766
6,clab-nebula-serf125,50,155,31,31,0,124,1.0,0.2,0.2
6,clab-nebula-serf125,55,161,66,66,0,95,1.0,0.40993788819875776,0.40993788819875776
6,clab-nebula-serf125,60,161,66,66,0,95,1.0,0.40993788819875776,0.40993788819875776
6,clab-nebula-serf54,5,1,0,0,0,1,0,0.0,0.0
6,clab-nebula-serf54,10,11,2,2,0,9,1.0,0.18181818181818182,0.18181818181818182
6,clab-nebula-serf54,15,35,12,12,0,23,1.0,0.34285714285714286,0.34285714285714286
6,clab-nebula-serf54,20,66,22,22,0,44,1.0,0.3333333333333333,0.3333333333333333
6,clab-nebula-serf54,25,83,25,25,0,58,1.0,0.30120481927710846,0.30120481927710846
6,clab-nebula-serf54,30,99,36,35,1,64,0.9722222222222222,0.35353535353535354,0.35
6,clab-nebula-serf54,35,119,38,37,1,82,0.9736842105263158,0.31092436974789917,0.30833333333333335
6,clab-nebula-serf54,40,122,38,38,0,84,1.0,0.3114754098360656,0.3114754098360656
6,clab-nebula-serf54,45,126,59,59,0,67,1.0,0.46825396825396826,0.46825396825396826
6,clab-nebula-serf54,50,153,60,60,0,93,1.0,0.39215686274509803,0.39215686274509803
6,clab-nebula-serf54,55,154,60,60,0,94,1.0,0.38961038961038963,0.38961038961038963
6,clab-nebula-serf54,60,157,60,60,0,97,1.0,0.3821656050955414,0.3821656050955414
6,clab-nebula-serf57,5,4,2,1,1,3,0.5,0.25,0.2
6,clab-nebula-serf57,10,13,5,3,2,10,0.6,0.23076923076923078,0.2
6,clab-nebula-serf57,15,57,21,19,2,38,0.9047619047619048,0.3333333333333333,0.3220338983050847
6,clab-nebula-serf57,20,76,21,21,0,55,1.0,0.27631578947368424,0.27631578947368424
6,clab-nebula-serf57,25,90,35,34,1,56,0.9714285714285714,0.37777777777777777,0.37362637362637363
6,clab-nebula-serf57,30,113,37,36,1,77,0.972972972972973,0.3185840707964602,0.3157894736842105
6,clab-nebula-serf57,35,121,37,37,0,84,1.0,0.30578512396694213,0.30578512396694213
6,clab-nebula-serf57,40,124,57,57,0,67,1.0,0.4596774193548387,0.4596774193548387
6,clab-nebula-serf57,45,144,38,38,0,106,1.0,0.2638888888888889,0.2638888888888889
6,clab-nebula-serf57,50,154,38,38,0,116,1.0,0.24675324675324675,0.24675324675324675
6,clab-nebula-serf57,55,155,38,38,0,117,1.0,0.24516129032258063,0.24516129032258063
6,clab-nebula-serf57,60,158,60,60,0,98,1.0,0.379746835443038,0.379746835443038
6,clab-nebula-serf24,5,0,0,0,0,0,0.0,0.0,0.0
6,clab-nebula-serf24,10,2,0,0,0,2,0,0.0,0.0
6,clab-nebula-serf24,15,5,0,0,0,5,0,0.0,0.0
6,clab-nebula-serf24,20,17,9,8,1,9,0.8888888888888888,0.47058823529411764,0.4444444444444444
6,clab-nebula-serf24,25,29,14,14,0,15,1.0,0.4827586206896552,0.4827586206896552
6,clab-nebula-serf24,30,48,17,17,0,31,1.0,0.3541666666666667,0.3541666666666667
6,clab-nebula-serf24,35,83,17,17,0,66,1.0,0.20481927710843373,0.20481927710843373
6,clab-nebula-serf24,40,93,29,29,0,64,1.0,0.3118279569892473,0.3118279569892473
6,clab-nebula-serf24,45,103,53,52,1,51,0.9811320754716981,0.5048543689320388,0.5
6,clab-nebula-serf24,50,120,55,54,1,66,0.9818181818181818,0.45,0.4462809917355372
6,clab-nebula-serf24,55,124,56,56,0,68,1.0,0.45161290322580644,0.45161290322580644
6,clab-nebula-serf24,60,129,56,56,0,73,1.0,0.43410852713178294,0.43410852713178294
6,clab-nebula-serf42,5,0,0,0,0,0,0.0,0.0,0.0
6,clab-nebula-serf42,10,0,0,0,0,0,0.0,0.0,0.0
6,clab-nebula-serf42,15,2,3,1,2,1,0.3333333333333333,0.5,0.25
6,clab-nebula-serf42,20,15,9,5,4,10,0.5555555555555556,0.3333333333333333,0.2631578947368421
6,clab-nebula-serf42,25,38,9,8,1,30,0.8888888888888888,0.21052631578947367,0.20512820512820512
6,clab-nebula-serf42,30,71,9,9,0,62,1.0,0.1267605633802817,0.1267605633802817
6,clab-nebula-serf42,35,88,9,9,0,79,1.0,0.10227272727272728,0.10227272727272728
6,clab-nebula-serf42,40,101,33,32,1,69,0.9696969696969697,0.31683168316831684,0.3137254901960784
6,clab-nebula-serf42,45,117,56,55,1,62,0.9821428571428571,0.4700854700854701,0.4661016949152542
6,clab-nebula-serf42,50,123,56,56,0,67,1.0,0.45528455284552843,0.45528455284552843
6,clab-nebula-serf42,55,127,56,56,0,71,1.0,0.4409448818897638,0.4409448818897638
6,clab-nebula-serf42,60,153,58,58,0,95,1.0,0.3790849673202614,0.3790849673202614
6,clab-nebula-serf48,5,0,0,0,0,0,0.0,0.0,0.0
6,clab-nebula-serf48,10,5,0,0,0,5,0,0.0,0.0
6,clab-nebula-serf48,15,21,9,7,2,14,0.7777777777777778,0.3333333333333333,0.30434782608695654
6,clab-nebula-serf48,20,37,9,9,0,28,1.0,0.24324324324324326,0.24324324324324326
6,clab-nebula-serf48,25,79,10,10,0,69,1.0,0.12658227848101267,0.12658227848101267
6,clab-nebula-serf48,30,88,53,52,1,36,0.9811320754716981,0.5909090909090909,0.5842696629213483
6,clab-nebula-serf48,35,114,55,54,1,60,0.9818181818181818,0.47368421052631576,0.46956521739130436
6,clab-nebula-serf48,40,121,55,55,0,66,1.0,0.45454545454545453,0.45454545454545453
6,clab-nebula-serf48,45,124,56,56,0,68,1.0,0.45161290322580644,0.45161290322580644
6,clab-nebula-serf48,50,141,58,58,0,83,1.0,0.41134751773049644,0.41134751773049644
6,clab-nebula-serf48,55,154,58,58,0,96,1.0,0.37662337662337664,0.37662337662337664
6,clab-nebula-serf48,60,155,58,58,0,97,1.0,0.3741935483870968,0.3741935483870968
6,clab-nebula-serf2,5,0,0,0,0,0,0.0,0.0,0.0
6,clab-nebula-serf2,10,1,1,0,1,1,0.0,0.0,0.0
6,clab-nebula-serf2,15,5,5,2,3,3,0.4,0.4,0.25
6,clab-nebula-serf2,20,10,5,5,0,5,1.0,0.5,0.5
6,clab-nebula-serf2,25,19,6,6,0,13,1.0,0.3157894736842105,0.3157894736842105
6,clab-nebula-serf2,30,32,25,24,1,8,0.96,0.75,0.7272727272727273
6,clab-nebula-serf2,35,67,25,25,0,42,1.0,0.373134328358209,0.373134328358209
6,clab-nebula-serf2,40,84,25,25,0,59,1.0,0.2976190476190476,0.2976190476190476
6,clab-nebula-serf2,45,99,45,44,1,55,0.9777777777777777,0.4444444444444444,0.44
6,clab-nebula-serf2,50,114,46,44,2,70,0.9565217391304348,0.38596491228070173,0.3793103448275862
6,clab-nebula-serf2,55,120,46,44,2,76,0.9565217391304348,0.36666666666666664,0.36065573770491804
6,clab-nebula-serf2,60,124,46,46,0,78,1.0,0.3709677419354839,0.3709677419354839
6,clab-nebula-serf21,5,2,0,0,0,2,0,0.0,0.0
6,clab-nebula-serf21,10,4,0,0,0,4,0,0.0,0.0
6,clab-nebula-serf21,15,16,9,7,2,9,0.7777777777777778,0.4375,0.3888888888888889
6,clab-nebula-serf21,20,32,14,14,0,18,1.0,0.4375,0.4375
6,clab-nebula-serf21,25,56,17,17,0,39,1.0,0.30357142857142855,0.30357142857142855
6,clab-nebula-serf21,30,84,17,17,0,67,1.0,0.20238095238095238,0.20238095238095238
6,clab-nebula-serf21,35,94,29,29,0,65,1.0,0.30851063829787234,0.30851063829787234
6,clab-nebula-serf21,40,107,56,55,1,52,0.9821428571428571,0.514018691588785,0.5092592592592593
6,clab-nebula-serf21,45,121,55,55,0,66,1.0,0.45454545454545453,0.45454545454545453
6,clab-nebula-serf21,50,124,56,56,0,68,1.0,0.45161290322580644,0.45161290322580644
6,clab-nebula-serf21,55,133,58,58,0,75,1.0,0.43609022556390975,0.43609022556390975
6,clab-nebula-serf21,60,154,58,58,0,96,1.0,0.37662337662337664,0.37662337662337664
6,clab-nebula-serf67,5,0,0,0,0,0,0.0,0.0,0.0
6,clab-nebula-serf67,10,5,2,0,2,5,0.0,0.0,0.0
6,clab-nebula-serf67,15,26,3,3,0,23,1.0,0.11538461538461539,0.11538461538461539
6,clab-nebula-serf67,20,41,9,9,0,32,1.0,0.21951219512195122,0.21951219512195122
6,clab-nebula-serf67,25,76,16,16,0,60,1.0,0.21052631578947367,0.21052631578947367
6,clab-nebula-serf67,30,98,24,23,1,75,0.9583333333333334,0.23469387755102042,0.23232323232323232
6,clab-nebula-serf67,35,115,28,28,0,87,1.0,0.24347826086956523,0.24347826086956523
6,clab-nebula-serf67,40,122,28,28,0,94,1.0,0.22950819672131148,0.22950819672131148
6,clab-nebula-serf67,45,135,28,28,0,107,1.0,0.2074074074074074,0.2074074074074074
6,clab-nebula-serf67,50,154,28,28,0,126,1.0,0.18181818181818182,0.18181818181818182
6,clab-nebula-serf67,55,154,28,28,0,126,1.0,0.18181818181818182,0.18181818181818182
6,clab-nebula-serf67,60,158,28,28,0,130,1.0,0.17721518987341772,0.17721518987341772
6,clab-nebula-serf102,5,5,1,1,0,4,1.0,0.2,0.2
6,clab-nebula-serf102,10,7,3,3,0,4,1.0,0.42857142857142855,0.42857142857142855
6,clab-nebula-serf102,15,7,3,3,0,4,1.0,0.42857142857142855,0.42857142857142855
6,clab-nebula-serf102,20,10,7,7,0,3,1.0,0.7,0.7
6,clab-nebula-serf102,25,21,7,7,0,14,1.0,0.3333333333333333,0.3333333333333333
6,clab-nebula-serf102,30,40,18,14,4,26,0.7777777777777778,0.35,0.3181818181818182
6,clab-nebula-serf102,35,76,38,38,0,38,1.0,0.5,0.5
6,clab-nebula-serf102,40,124,38,38,0,86,1.0,0.3064516129032258,0.3064516129032258
6,clab-nebula-serf102,45,144,38,38,0,106,1.0,0.2638888888888889,0.2638888888888889
6,clab-nebula-serf102,50,157,38,38,0,119,1.0,0.24203821656050956,0.24203821656050956
6,clab-nebula-serf102,55,160,38,38,0,122,1.0,0.2375,0.2375
6,clab-nebula-serf102,60,161,38,38,0,123,1.0,0.2360248447204969,0.2360248447204969
6,clab-nebula-serf110,5,0,0,0,0,0,0.0,0.0,0.0
6,clab-nebula-serf110,10,0,0,0,0,0,0.0,0.0,0.0
6,clab-nebula-serf110,15,2,0,0,0,2,0,0.0,0.0
6,clab-nebula-serf110,20,7,0,0,0,7,0,0.0,0.0
6,clab-nebula-serf110,25,15,10,9,1,6,0.9,0.6,0.5625
6,clab-nebula-serf110,30,37,17,14,3,23,0.8235294117647058,0.3783783783783784,0.35
6,clab-nebula-serf110,35,69,28,28,0,41,1.0,0.4057971014492754,0.4057971014492754
6,clab-nebula-serf110,40,107,28,28,0,79,1.0,0.2616822429906542,0.2616822429906542
6,clab-nebula-serf110,45,143,28,28,0,115,1.0,0.1958041958041958,0.1958041958041958
6,clab-nebula-serf110,50,148,28,28,0,120,1.0,0.1891891891891892,0.1891891891891892
6,clab-nebula-serf110,55,154,28,28,0,126,1.0,0.18181818181818182,0.18181818181818182
6,clab-nebula-serf110,60,157,28,28,0,129,1.0,0.17834394904458598,0.17834394904458598
6,clab-nebula-serf132,5,0,0,0,0,0,0.0,0.0,0.0
6,clab-nebula-serf132,10,0,0,0,0,0,0.0,0.0,0.0
6,clab-nebula-serf132,15,11,11,8,3,3,0.7272727272727273,0.7272727272727273,0.5714285714285714
6,clab-nebula-serf132,20,14,11,11,0,3,1.0,0.7857142857142857,0.7857142857142857
6,clab-nebula-serf132,25,23,15,14,1,9,0.9333333333333333,0.6086956521739131,0.5833333333333334
6,clab-nebula-serf132,30,37,19,17,2,20,0.8947368421052632,0.4594594594594595,0.4358974358974359
6,clab-nebula-serf132,35,48,25,25,0,23,1.0,0.5208333333333334,0.5208333333333334
6,clab-nebula-serf132,40,78,26,26,0,52,1.0,0.3333333333333333,0.3333333333333333
6,clab-nebula-serf132,45,104,31,30,1,74,0.967741935483871,0.28846153846153844,0.2857142857142857
6,clab-nebula-serf132,50,132,31,31,0,101,1.0,0.23484848484848486,0.23484848484848486
6,clab-nebula-serf132,55,144,31,31,0,113,1.0,0.2152777777777778,0.2152777777777778
6,clab-nebula-serf132,60,151,31,31,0,120,1.0,0.2052980132450331,0.2052980132450331
6,clab-nebula-serf134,5,0,0,0,0,0,0.0,0.0,0.0
6,clab-nebula-serf134,10,0,0,0,0,0,0.0,0.0,0.0
6,clab-nebula-serf134,15,1,0,0,0,1,0,0.0,0.0
6,clab-nebula-serf134,20,14,11,11,0,3,1.0,0.7857142857142857,0.7857142857142857
6,clab-nebula-serf134,25,16,11,11,0,5,1.0,0.6875,0.6875
6,clab-nebula-serf134,30,26,23,18,5,8,0.782608695652174,0.6923076923076923,0.5806451612903226
6,clab-nebula-serf134,35,43,23,23,0,20,1.0,0.5348837209302325,0.5348837209302325
6,clab-nebula-serf134,40,57,25,25,0,32,1.0,0.43859649122807015,0.43859649122807015
6,clab-nebula-serf134,45,91,26,26,0,65,1.0,0.2857142857142857,0.2857142857142857
6,clab-nebula-serf134,50,116,31,30,1,86,0.967741935483871,0.25862068965517243,0.2564102564102564
6,clab-nebula-serf134,55,137,30,30,0,107,1.0,0.21897810218978103,0.21897810218978103
6,clab-nebula-serf134,60,147,31,31,0,116,1.0,0.2108843537414966,0.2108843537414966
6,clab-nebula-serf137,5,0,0,0,0,0,0.0,0.0,0.0
6,clab-nebula-serf137,10,0,0,0,0,0,0.0,0.0,0.0
6,clab-nebula-serf137,15,2,0,0,0,2,0,0.0,0.0
6,clab-nebula-serf137,20,14,11,11,0,3,1.0,0.7857142857142857,0.7857142857142857
6,clab-nebula-serf137,25,20,11,11,0,9,1.0,0.55,0.55
6,clab-nebula-serf137,30,26,21,17,4,9,0.8095238095238095,0.6538461538461539,0.5666666666666667
6,clab-nebula-serf137,35,44,23,23,0,21,1.0,0.5227272727272727,0.5227272727272727
6,clab-nebula-serf137,40,55,26,26,0,29,1.0,0.4727272727272727,0.4727272727272727
6,clab-nebula-serf137,45,90,26,26,0,64,1.0,0.28888888888888886,0.28888888888888886
6,clab-nebula-serf137,50,115,31,30,1,85,0.967741935483871,0.2608695652173913,0.25862068965517243
6,clab-nebula-serf137,55,137,30,30,0,107,1.0,0.21897810218978103,0.21897810218978103
6,clab-nebula-serf137,60,148,31,31,0,117,1.0,0.20945945945945946,0.20945945945945946
6,clab-nebula-serf10,5,1,0,0,0,1,0,0.0,0.0
6,clab-nebula-serf10,10,9,1,1,0,8,1.0,0.1111111111111111,0.1111111111111111
6,clab-nebula-serf10,15,20,1,1,0,19,1.0,0.05,0.05
6,clab-nebula-serf10,20,40,3,3,0,37,1.0,0.075,0.075
6,clab-nebula-serf10,25,71,3,3,0,68,1.0,0.04225352112676056,0.04225352112676056
6,clab-nebula-serf10,30,88,3,3,0,85,1.0,0.03409090909090909,0.03409090909090909
6,clab-nebula-serf10,35,103,45,44,1,59,0.9777777777777777,0.42718446601941745,0.4230769230769231
6,clab-nebula-serf10,40,120,46,44,2,76,0.9565217391304348,0.36666666666666664,0.36065573770491804
6,clab-nebula-serf10,45,121,46,45,1,76,0.9782608695652174,0.371900826446281,0.36885245901639346
6,clab-nebula-serf10,50,129,46,46,0,83,1.0,0.35658914728682173,0.35658914728682173
6,clab-nebula-serf10,55,153,68,68,0,85,1.0,0.4444444444444444,0.4444444444444444
6,clab-nebula-serf10,60,156,68,68,0,88,1.0,0.4358974358974359,0.4358974358974359
6,clab-nebula-serf46,5,0,0,0,0,0,0.0,0.0,0.0
6,clab-nebula-serf46,10,3,0,0,0,3,0,0.0,0.0
6,clab-nebula-serf46,15,11,9,7,2,4,0.7777777777777778,0.6363636363636364,0.5384615384615384
6,clab-nebula-serf46,20,26,9,7,2,19,0.7777777777777778,0.2692307692307692,0.25
6,clab-nebula-serf46,25,54,10,9,1,45,0.9,0.16666666666666666,0.16363636363636364
6,clab-nebula-serf46,30,81,18,18,0,63,1.0,0.2222222222222222,0.2222222222222222
6,clab-nebula-serf46,35,100,53,52,1,48,0.9811320754716981,0.52,0.5148514851485149
6,clab-nebula-serf46,40,121,55,55,0,66,1.0,0.45454545454545453,0.45454545454545453
6,clab-nebula-serf46,45,124,56,56,0,68,1.0,0.45161290322580644,0.45161290322580644
6,clab-nebula-serf46,50,127,56,56,0,71,1.0,0.4409448818897638,0.4409448818897638
6,clab-nebula-serf46,55,154,59,59,0,95,1.0,0.38311688311688313,0.38311688311688313
6,clab-nebula-serf46,60,154,59,59,0,95,1.0,0.38311688311688313,0.38311688311688313
6,clab-nebula-serf74,5,0,0,0,0,0,0.0,0.0,0.0
6,clab-nebula-serf74,10,9,0,0,0,9,0,0.0,0.0
6,clab-nebula-serf74,15,26,9,9,0,17,1.0,0.34615384615384615,0.34615384615384615
6,clab-nebula-serf74,20,45,16,16,0,29,1.0,0.35555555555555557,0.35555555555555557
6,clab-nebula-serf74,25,82,16,16,0,66,1.0,0.1951219512195122,0.1951219512195122
6,clab-nebula-serf74,30,106,27,26,1,80,0.9629629629629629,0.24528301886792453,0.24299065420560748
6,clab-nebula-serf74,35,117,27,27,0,90,1.0,0.23076923076923078,0.23076923076923078
6,clab-nebula-serf74,40,124,28,28,0,96,1.0,0.22580645161290322,0.22580645161290322
6,clab-nebula-serf74,45,145,28,28,0,117,1.0,0.19310344827586207,0.19310344827586207
6,clab-nebula-serf74,50,154,28,28,0,126,1.0,0.18181818181818182,0.18181818181818182
6,clab-nebula-serf74,55,155,28,28,0,127,1.0,0.18064516129032257,0.18064516129032257
6,clab-nebula-serf74,60,159,28,28,0,131,1.0,0.1761006289308176,0.1761006289308176
6,clab-nebula-serf76,5,2,0,0,0,2,0,0.0,0.0
6,clab-nebula-serf76,10,25,5,5,0,20,1.0,0.2,0.2
6,clab-nebula-serf76,15,38,16,16,0,22,1.0,0.42105263157894735,0.42105263157894735
6,clab-nebula-serf76,20,68,16,16,0,52,1.0,0.23529411764705882,0.23529411764705882
6,clab-nebula-serf76,25,89,24,23,1,66,0.9583333333333334,0.25842696629213485,0.25555555555555554
6,clab-nebula-serf76,30,111,27,27,0,84,1.0,0.24324324324324326,0.24324324324324326
6,clab-nebula-serf76,35,121,27,27,0,94,1.0,0.2231404958677686,0.2231404958677686
6,clab-nebula-serf76,40,129,28,28,0,101,1.0,0.21705426356589147,0.21705426356589147
6,clab-nebula-serf76,45,153,28,28,0,125,1.0,0.1830065359477124,0.1830065359477124
6,clab-nebula-serf76,50,154,28,28,0,126,1.0,0.18181818181818182,0.18181818181818182
6,clab-nebula-serf76,55,158,28,28,0,130,1.0,0.17721518987341772,0.17721518987341772
6,clab-nebula-serf76,60,161,28,28,0,133,1.0,0.17391304347826086,0.17391304347826086
6,clab-nebula-serf149,5,0,0,0,0,0,0.0,0.0,0.0
6,clab-nebula-serf149,10,0,0,0,0,0,0.0,0.0,0.0
6,clab-nebula-serf149,15,1,1,1,0,0,1.0,1.0,1.0
6,clab-nebula-serf149,20,11,8,7,1,4,0.875,0.6363636363636364,0.5833333333333334
6,clab-nebula-serf149,25,17,8,8,0,9,1.0,0.47058823529411764,0.47058823529411764
6,clab-nebula-serf149,30,25,9,9,0,16,1.0,0.36,0.36
6,clab-nebula-serf149,35,48,9,9,0,39,1.0,0.1875,0.1875
6,clab-nebula-serf149,40,60,10,9,1,51,0.9,0.15,0.14754098360655737
6,clab-nebula-serf149,45,89,10,10,0,79,1.0,0.11235955056179775,0.11235955056179775
6,clab-nebula-serf149,50,124,10,10,0,114,1.0,0.08064516129032258,0.08064516129032258
6,clab-nebula-serf149,55,143,11,11,0,132,1.0,0.07692307692307693,0.07692307692307693
6,clab-nebula-serf149,60,152,14,14,0,138,1.0,0.09210526315789473,0.09210526315789473
6,clab-nebula-serf20,5,2,0,0,0,2,0,0.0,0.0
6,clab-nebula-serf20,10,4,0,0,0,4,0,0.0,0.0
6,clab-nebula-serf20,15,15,9,8,1,7,0.8888888888888888,0.5333333333333333,0.5
6,clab-nebula-serf20,20,26,14,13,1,13,0.9285714285714286,0.5,0.48148148148148145
6,clab-nebula-serf20,25,46,17,17,0,29,1.0,0.3695652173913043,0.3695652173913043
6,clab-nebula-serf20,30,80,17,17,0,63,1.0,0.2125,0.2125
6,clab-nebula-serf20,35,93,29,29,0,64,1.0,0.3118279569892473,0.3118279569892473
6,clab-nebula-serf20,40,102,53,52,1,50,0.9811320754716981,0.5098039215686274,0.5048543689320388
6,clab-nebula-serf20,45,118,56,55,1,63,0.9821428571428571,0.4661016949152542,0.46218487394957986
6,clab-nebula-serf20,50,124,56,56,0,68,1.0,0.45161290322580644,0.45161290322580644
6,clab-nebula-serf20,55,129,56,56,0,73,1.0,0.43410852713178294,0.43410852713178294
6,clab-nebula-serf20,60,154,58,58,0,96,1.0,0.37662337662337664,0.37662337662337664
6,clab-nebula-serf22,5,0,0,0,0,0,0.0,0.0,0.0
6,clab-nebula-serf22,10,4,0,0,0,4,0,0.0,0.0
6,clab-nebula-serf22,15,10,1,1,0,9,1.0,0.1,0.1
6,clab-nebula-serf22,20,23,11,10,1,13,0.9090909090909091,0.43478260869565216,0.4166666666666667
6,clab-nebula-serf22,25,41,11,11,0,30,1.0,0.2682926829268293,0.2682926829268293
6,clab-nebula-serf22,30,76,17,17,0,59,1.0,0.2236842105263158,0.2236842105263158
6,clab-nebula-serf22,35,93,29,29,0,64,1.0,0.3118279569892473,0.3118279569892473
6,clab-nebula-serf22,40,98,56,55,1,43,0.9821428571428571,0.5612244897959183,0.5555555555555556
6,clab-nebula-serf22,45,117,56,55,1,62,0.9821428571428571,0.4700854700854701,0.4661016949152542
6,clab-nebula-serf22,50,122,56,56,0,66,1.0,0.45901639344262296,0.45901639344262296
6,clab-nebula-serf22,55,125,56,56,0,69,1.0,0.448,0.448
6,clab-nebula-serf22,60,153,58,58,0,95,1.0,0.3790849673202614,0.3790849673202614
6,clab-nebula-serf160,5,4,0,0,0,4,0,0.0,0.0
6,clab-nebula-serf160,10,4,0,0,0,4,0,0.0,0.0
6,clab-nebula-serf160,15,5,2,2,0,3,1.0,0.4,0.4
6,clab-nebula-serf160,20,10,5,5,0,5,1.0,0.5,0.5
6,clab-nebula-serf160,25,25,5,5,0,20,1.0,0.2,0.2
6,clab-nebula-serf160,30,37,24,24,0,13,1.0,0.6486486486486487,0.6486486486486487
6,clab-nebula-serf160,35,43,25,25,0,18,1.0,0.5813953488372093,0.5813953488372093
6,clab-nebula-serf160,40,58,36,35,1,23,0.9722222222222222,0.603448275862069,0.5932203389830508
6,clab-nebula-serf160,45,82,46,42,4,40,0.9130434782608695,0.5121951219512195,0.4883720930232558
6,clab-nebula-serf160,50,118,53,53,0,65,1.0,0.4491525423728814,0.4491525423728814
6,clab-nebula-serf160,55,139,53,53,0,86,1.0,0.381294964028777,0.381294964028777
6,clab-nebula-serf160,60,149,53,53,0,96,1.0,0.35570469798657717,0.35570469798657717
6,clab-nebula-serf31,5,1,0,0,0,1,0,0.0,0.0
6,clab-nebula-serf31,10,13,9,7,2,6,0.7777777777777778,0.5384615384615384,0.4666666666666667
6,clab-nebula-serf31,15,28,14,13,1,15,0.9285714285714286,0.4642857142857143,0.4482758620689655
6,clab-nebula-serf31,20,45,17,17,0,28,1.0,0.37777777777777777,0.37777777777777777
6,clab-nebula-serf31,25,80,17,17,0,63,1.0,0.2125,0.2125
6,clab-nebula-serf31,30,93,29,29,0,64,1.0,0.3118279569892473,0.3118279569892473
6,clab-nebula-serf31,35,102,56,55,1,47,0.9821428571428571,0.5392156862745098,0.5339805825242718
6,clab-nebula-serf31,40,119,55,54,1,65,0.9818181818181818,0.453781512605042,0.45
6,clab-nebula-serf31,45,124,56,56,0,68,1.0,0.45161290322580644,0.45161290322580644
6,clab-nebula-serf31,50,129,56,56,0,73,1.0,0.43410852713178294,0.43410852713178294
6,clab-nebula-serf31,55,154,58,58,0,96,1.0,0.37662337662337664,0.37662337662337664
6,clab-nebula-serf31,60,154,58,58,0,96,1.0,0.37662337662337664,0.37662337662337664
6,clab-nebula-serf93,5,3,0,0,0,3,0,0.0,0.0
6,clab-nebula-serf93,10,16,3,3,0,13,1.0,0.1875,0.1875
6,clab-nebula-serf93,15,37,9,9,0,28,1.0,0.24324324324324326,0.24324324324324326
6,clab-nebula-serf93,20,59,16,16,0,43,1.0,0.2711864406779661,0.2711864406779661
6,clab-nebula-serf93,25,83,16,16,0,67,1.0,0.1927710843373494,0.1927710843373494
6,clab-nebula-serf93,30,110,28,26,2,84,0.9285714285714286,0.23636363636363636,0.23214285714285715
6,clab-nebula-serf93,35,119,28,28,0,91,1.0,0.23529411764705882,0.23529411764705882
6,clab-nebula-serf93,40,125,28,28,0,97,1.0,0.224,0.224
6,clab-nebula-serf93,45,142,28,28,0,114,1.0,0.19718309859154928,0.19718309859154928
6,clab-nebula-serf93,50,154,28,28,0,126,1.0,0.18181818181818182,0.18181818181818182
6,clab-nebula-serf93,55,156,28,28,0,128,1.0,0.1794871794871795,0.1794871794871795
6,clab-nebula-serf93,60,161,28,28,0,133,1.0,0.17391304347826086,0.17391304347826086
6,clab-nebula-serf122,5,0,0,0,0,0,0.0,0.0,0.0
6,clab-nebula-serf122,10,0,0,0,0,0,0.0,0.0,0.0
6,clab-nebula-serf122,15,8,2,2,0,6,1.0,0.25,0.25
6,clab-nebula-serf122,20,15,2,2,0,13,1.0,0.13333333333333333,0.13333333333333333
6,clab-nebula-serf122,25,22,2,2,0,20,1.0,0.09090909090909091,0.09090909090909091
6,clab-nebula-serf122,30,61,2,2,0,59,1.0,0.03278688524590164,0.03278688524590164
6,clab-nebula-serf122,35,106,7,6,1,100,0.8571428571428571,0.05660377358490566,0.056074766355140186
6,clab-nebula-serf122,40,133,7,7,0,126,1.0,0.05263157894736842,0.05263157894736842
6,clab-nebula-serf122,45,144,7,7,0,137,1.0,0.04861111111111111,0.04861111111111111
6,clab-nebula-serf122,50,154,7,7,0,147,1.0,0.045454545454545456,0.045454545454545456
6,clab-nebula-serf122,55,161,31,31,0,130,1.0,0.19254658385093168,0.19254658385093168
6,clab-nebula-serf122,60,161,31,31,0,130,1.0,0.19254658385093168,0.19254658385093168
6,clab-nebula-serf38,5,0,0,0,0,0,0.0,0.0,0.0
6,clab-nebula-serf38,10,4,0,0,0,4,0,0.0,0.0
6,clab-nebula-serf38,15,24,9,7,2,17,0.7777777777777778,0.2916666666666667,0.2692307692307692
6,clab-nebula-serf38,20,56,9,9,0,47,1.0,0.16071428571428573,0.16071428571428573
6,clab-nebula-serf38,25,82,9,9,0,73,1.0,0.10975609756097561,0.10975609756097561
6,clab-nebula-serf38,30,92,9,9,0,83,1.0,0.09782608695652174,0.09782608695652174
6,clab-nebula-serf38,35,107,56,55,1,52,0.9821428571428571,0.514018691588785,0.5092592592592593
6,clab-nebula-serf38,40,121,56,56,0,65,1.0,0.4628099173553719,0.4628099173553719
6,clab-nebula-serf38,45,124,56,56,0,68,1.0,0.45161290322580644,0.45161290322580644
6,clab-nebula-serf38,50,133,56,56,0,77,1.0,0.42105263157894735,0.42105263157894735
6,clab-nebula-serf38,55,154,58,58,0,96,1.0,0.37662337662337664,0.37662337662337664
6,clab-nebula-serf38,60,154,58,58,0,96,1.0,0.37662337662337664,0.37662337662337664
6,clab-nebula-serf55,5,0,0,0,0,0,0.0,0.0,0.0
6,clab-nebula-serf55,10,9,2,2,0,7,1.0,0.2222222222222222,0.2222222222222222
6,clab-nebula-serf55,15,23,8,8,0,15,1.0,0.34782608695652173,0.34782608695652173
6,clab-nebula-serf55,20,64,22,22,0,42,1.0,0.34375,0.34375
6,clab-nebula-serf55,25,83,35,34,1,49,0.9714285714285714,0.40963855421686746,0.40476190476190477
6,clab-nebula-serf55,30,96,36,35,1,61,0.9722222222222222,0.3645833333333333,0.36082474226804123
6,clab-nebula-serf55,35,119,38,37,1,82,0.9736842105263158,0.31092436974789917,0.30833333333333335
6,clab-nebula-serf55,40,121,38,38,0,83,1.0,0.3140495867768595,0.3140495867768595
6,clab-nebula-serf55,45,126,38,38,0,88,1.0,0.30158730158730157,0.30158730158730157
6,clab-nebula-serf55,50,153,38,38,0,115,1.0,0.24836601307189543,0.24836601307189543
6,clab-nebula-serf55,55,154,38,38,0,116,1.0,0.24675324675324675,0.24675324675324675
6,clab-nebula-serf55,60,157,38,38,0,119,1.0,0.24203821656050956,0.24203821656050956
6,clab-nebula-serf79,5,6,1,1,0,5,1.0,0.16666666666666666,0.16666666666666666
6,clab-nebula-serf79,10,26,9,9,0,17,1.0,0.34615384615384615,0.34615384615384615
6,clab-nebula-serf79,15,41,16,16,0,25,1.0,0.3902439024390244,0.3902439024390244
6,clab-nebula-serf79,20,76,16,16,0,60,1.0,0.21052631578947367,0.21052631578947367
6,clab-nebula-serf79,25,96,24,23,1,73,0.9583333333333334,0.23958333333333334,0.23711340206185566
6,clab-nebula-serf79,30,116,27,27,0,89,1.0,0.23275862068965517,0.23275862068965517
6,clab-nebula-serf79,35,121,27,27,0,94,1.0,0.2231404958677686,0.2231404958677686
6,clab-nebula-serf79,40,135,28,28,0,107,1.0,0.2074074074074074,0.2074074074074074
6,clab-nebula-serf79,45,153,28,28,0,125,1.0,0.1830065359477124,0.1830065359477124
6,clab-nebula-serf79,50,154,28,28,0,126,1.0,0.18181818181818182,0.18181818181818182
6,clab-nebula-serf79,55,158,28,28,0,130,1.0,0.17721518987341772,0.17721518987341772
6,clab-nebula-serf79,60,161,28,28,0,133,1.0,0.17391304347826086,0.17391304347826086
6,clab-nebula-serf113,5,1,0,0,0,1,0,0.0,0.0
6,clab-nebula-serf113,10,1,0,0,0,1,0,0.0,0.0
6,clab-nebula-serf113,15,3,1,1,0,2,1.0,0.3333333333333333,0.3333333333333333
6,clab-nebula-serf113,20,19,1,1,0,18,1.0,0.05263157894736842,0.05263157894736842
6,clab-nebula-serf113,25,28,1,1,0,27,1.0,0.03571428571428571,0.03571428571428571
6,clab-nebula-serf113,30,65,1,1,0,64,1.0,0.015384615384615385,0.015384615384615385
6,clab-nebula-serf113,35,105,1,1,0,104,1.0,0.009523809523809525,0.009523809523809525
6,clab-nebula-serf113,40,139,2,2,0,137,1.0,0.014388489208633094,0.014388489208633094
6,clab-nebula-serf113,45,156,3,3,0,153,1.0,0.019230769230769232,0.019230769230769232
6,clab-nebula-serf113,50,159,3,3,0,156,1.0,0.018867924528301886,0.018867924528301886
6,clab-nebula-serf113,55,161,3,3,0,158,1.0,0.018633540372670808,0.018633540372670808
6,clab-nebula-serf113,60,161,3,3,0,158,1.0,0.018633540372670808,0.018633540372670808
6,clab-nebula-serf120,5,2,0,0,0,2,0,0.0,0.0
6,clab-nebula-serf120,10,2,0,0,0,2,0,0.0,0.0
6,clab-nebula-serf120,15,2,0,0,0,2,0,0.0,0.0
6,clab-nebula-serf120,20,2,0,0,0,2,0,0.0,0.0
6,clab-nebula-serf120,25,2,0,0,0,2,0,0.0,0.0
6,clab-nebula-serf120,30,3,2,2,0,1,1.0,0.6666666666666666,0.6666666666666666
6,clab-nebula-serf120,35,3,2,2,0,1,1.0,0.6666666666666666,0.6666666666666666
6,clab-nebula-serf120,40,3,2,2,0,1,1.0,0.6666666666666666,0.6666666666666666
6,clab-nebula-serf120,45,5,2,2,0,3,1.0,0.4,0.4
6,clab-nebula-serf120,50,14,3,3,0,11,1.0,0.21428571428571427,0.21428571428571427
6,clab-nebula-serf120,55,24,3,3,0,21,1.0,0.125,0.125
6,clab-nebula-serf120,60,48,2,2,0,46,1.0,0.041666666666666664,0.041666666666666664
6,clab-nebula-serf128,5,0,0,0,0,0,0.0,0.0,0.0
6,clab-nebula-serf128,10,2,0,0,0,2,0,0.0,0.0
6,clab-nebula-serf128,15,6,1,1,0,5,1.0,0.16666666666666666,0.16666666666666666
6,clab-nebula-serf128,20,20,10,10,0,10,1.0,0.5,0.5
6,clab-nebula-serf128,25,48,28,23,5,25,0.8214285714285714,0.4791666666666667,0.4339622641509434
6,clab-nebula-serf128,30,73,28,28,0,45,1.0,0.3835616438356164,0.3835616438356164
6,clab-nebula-serf128,35,111,28,28,0,83,1.0,0.25225225225225223,0.25225225225225223
6,clab-nebula-serf128,40,145,28,28,0,117,1.0,0.19310344827586207,0.19310344827586207
6,clab-nebula-serf128,45,150,28,28,0,122,1.0,0.18666666666666668,0.18666666666666668
6,clab-nebula-serf128,50,155,28,28,0,127,1.0,0.18064516129032257,0.18064516129032257
6,clab-nebula-serf128,55,159,28,28,0,131,1.0,0.1761006289308176,0.1761006289308176
6,clab-nebula-serf128,60,161,28,28,0,133,1.0,0.17391304347826086,0.17391304347826086
6,clab-nebula-serf8,5,0,0,0,0,0,0.0,0.0,0.0
6,clab-nebula-serf8,10,5,0,0,0,5,0,0.0,0.0
6,clab-nebula-serf8,15,13,6,3,3,10,0.5,0.23076923076923078,0.1875
6,clab-nebula-serf8,20,23,6,6,0,17,1.0,0.2608695652173913,0.2608695652173913
6,clab-nebula-serf8,25,44,19,19,0,25,1.0,0.4318181818181818,0.4318181818181818
6,clab-nebula-serf8,30,76,19,19,0,57,1.0,0.25,0.25
6,clab-nebula-serf8,35,89,19,19,0,70,1.0,0.21348314606741572,0.21348314606741572
6,clab-nebula-serf8,40,105,45,44,1,61,0.9777777777777777,0.41904761904761906,0.41509433962264153
6,clab-nebula-serf8,45,120,46,44,2,76,0.9565217391304348,0.36666666666666664,0.36065573770491804
6,clab-nebula-serf8,50,122,46,45,1,77,0.9782608695652174,0.36885245901639346,0.36585365853658536
6,clab-nebula-serf8,55,130,46,46,0,84,1.0,0.35384615384615387,0.35384615384615387
6,clab-nebula-serf8,60,153,68,68,0,85,1.0,0.4444444444444444,0.4444444444444444
6,clab-nebula-serf27,5,0,0,0,0,0,0.0,0.0,0.0
6,clab-nebula-serf27,10,3,0,0,0,3,0,0.0,0.0
6,clab-nebula-serf27,15,7,0,0,0,7,0,0.0,0.0
6,clab-nebula-serf27,20,13,0,0,0,13,0,0.0,0.0
6,clab-nebula-serf27,25,24,0,0,0,24,0,0.0,0.0
6,clab-nebula-serf27,30,38,10,8,2,30,0.8,0.21052631578947367,0.2
6,clab-nebula-serf27,35,75,10,10,0,65,1.0,0.13333333333333333,0.13333333333333333
6,clab-nebula-serf27,40,92,10,10,0,82,1.0,0.10869565217391304,0.10869565217391304
6,clab-nebula-serf27,45,98,29,29,0,69,1.0,0.29591836734693877,0.29591836734693877
6,clab-nebula-serf27,50,117,56,55,1,62,0.9821428571428571,0.4700854700854701,0.4661016949152542
6,clab-nebula-serf27,55,122,55,55,0,67,1.0,0.45081967213114754,0.45081967213114754
6,clab-nebula-serf27,60,125,55,55,0,70,1.0,0.44,0.44
6,clab-nebula-serf78,5,0,0,0,0,0,0.0,0.0,0.0
6,clab-nebula-serf78,10,9,0,0,0,9,0,0.0,0.0
6,clab-nebula-serf78,15,27,16,16,0,11,1.0,0.5925925925925926,0.5925925925925926
6,clab-nebula-serf78,20,48,16,16,0,32,1.0,0.3333333333333333,0.3333333333333333
6,clab-nebula-serf78,25,80,16,16,0,64,1.0,0.2,0.2
6,clab-nebula-serf78,30,102,27,25,2,77,0.9259259259259259,0.24509803921568626,0.2403846153846154
6,clab-nebula-serf78,35,118,27,27,0,91,1.0,0.2288135593220339,0.2288135593220339
6,clab-nebula-serf78,40,123,27,27,0,96,1.0,0.21951219512195122,0.21951219512195122
6,clab-nebula-serf78,45,140,28,28,0,112,1.0,0.2,0.2
6,clab-nebula-serf78,50,154,28,28,0,126,1.0,0.18181818181818182,0.18181818181818182
6,clab-nebula-serf78,55,155,28,28,0,127,1.0,0.18064516129032257,0.18064516129032257
6,clab-nebula-serf78,60,158,28,28,0,130,1.0,0.17721518987341772,0.17721518987341772
6,clab-nebula-serf104,5,1,0,0,0,1,0,0.0,0.0
6,clab-nebula-serf104,10,3,0,0,0,3,0,0.0,0.0
6,clab-nebula-serf104,15,8,2,2,0,6,1.0,0.25,0.25
6,clab-nebula-serf104,20,25,17,13,4,12,0.7647058823529411,0.52,0.4482758620689655
6,clab-nebula-serf104,25,54,27,27,0,27,1.0,0.5,0.5
6,clab-nebula-serf104,30,87,27,27,0,60,1.0,0.3103448275862069,0.3103448275862069
6,clab-nebula-serf104,35,130,28,28,0,102,1.0,0.2153846153846154,0.2153846153846154
6,clab-nebula-serf104,40,145,28,28,0,117,1.0,0.19310344827586207,0.19310344827586207
6,clab-nebula-serf104,45,153,28,28,0,125,1.0,0.1830065359477124,0.1830065359477124
6,clab-nebula-serf104,50,155,28,28,0,127,1.0,0.18064516129032257,0.18064516129032257
6,clab-nebula-serf104,55,159,28,28,0,131,1.0,0.1761006289308176,0.1761006289308176
6,clab-nebula-serf104,60,161,28,28,0,133,1.0,0.17391304347826086,0.17391304347826086
6,clab-nebula-serf133,5,0,0,0,0,0,0.0,0.0,0.0
6,clab-nebula-serf133,10,0,0,0,0,0,0.0,0.0,0.0
6,clab-nebula-serf133,15,1,0,0,0,1,0,0.0,0.0
6,clab-nebula-serf133,20,14,0,0,0,14,0,0.0,0.0
6,clab-nebula-serf133,25,16,11,11,0,5,1.0,0.6875,0.6875
6,clab-nebula-serf133,30,26,18,16,2,10,0.8888888888888888,0.6153846153846154,0.5714285714285714
6,clab-nebula-serf133,35,44,21,21,0,23,1.0,0.4772727272727273,0.4772727272727273
6,clab-nebula-serf133,40,59,26,26,0,33,1.0,0.4406779661016949,0.4406779661016949
6,clab-nebula-serf133,45,92,26,26,0,66,1.0,0.2826086956521739,0.2826086956521739
6,clab-nebula-serf133,50,117,31,30,1,87,0.967741935483871,0.2564102564102564,0.2542372881355932
6,clab-nebula-serf133,55,137,30,30,0,107,1.0,0.21897810218978103,0.21897810218978103
6,clab-nebula-serf133,60,149,31,31,0,118,1.0,0.2080536912751678,0.2080536912751678
6,clab-nebula-serf64,5,0,0,0,0,0,0.0,0.0,0.0
6,clab-nebula-serf64,10,0,0,0,0,0,0.0,0.0,0.0
6,clab-nebula-serf64,15,0,0,0,0,0,0.0,0.0,0.0
6,clab-nebula-serf64,20,7,0,0,0,7,0,0.0,0.0
6,clab-nebula-serf64,25,46,0,0,0,46,0,0.0,0.0
6,clab-nebula-serf64,30,69,10,8,2,61,0.8,0.11594202898550725,0.11267605633802817
6,clab-nebula-serf64,35,100,10,10,0,90,1.0,0.1,0.1
6,clab-nebula-serf64,40,116,10,10,0,106,1.0,0.08620689655172414,0.08620689655172414
6,clab-nebula-serf64,45,123,10,10,0,113,1.0,0.08130081300813008,0.08130081300813008
6,clab-nebula-serf64,50,128,10,10,0,118,1.0,0.078125,0.078125
6,clab-nebula-serf64,55,154,10,10,0,144,1.0,0.06493506493506493,0.06493506493506493
6,clab-nebula-serf64,60,154,10,10,0,144,1.0,0.06493506493506493,0.06493506493506493
6,clab-nebula-serf73,5,4,0,0,0,4,0,0.0,0.0
6,clab-nebula-serf73,10,25,5,5,0,20,1.0,0.2,0.2
6,clab-nebula-serf73,15,39,16,16,0,23,1.0,0.41025641025641024,0.41025641025641024
6,clab-nebula-serf73,20,69,16,16,0,53,1.0,0.2318840579710145,0.2318840579710145
6,clab-nebula-serf73,25,89,16,16,0,73,1.0,0.1797752808988764,0.1797752808988764
6,clab-nebula-serf73,30,113,27,27,0,86,1.0,0.23893805309734514,0.23893805309734514
6,clab-nebula-serf73,35,121,27,27,0,94,1.0,0.2231404958677686,0.2231404958677686
6,clab-nebula-serf73,40,130,28,28,0,102,1.0,0.2153846153846154,0.2153846153846154
6,clab-nebula-serf73,45,151,28,28,0,123,1.0,0.18543046357615894,0.18543046357615894
6,clab-nebula-serf73,50,154,28,28,0,126,1.0,0.18181818181818182,0.18181818181818182
6,clab-nebula-serf73,55,158,28,28,0,130,1.0,0.17721518987341772,0.17721518987341772
6,clab-nebula-serf73,60,161,28,28,0,133,1.0,0.17391304347826086,0.17391304347826086
6,clab-nebula-serf118,5,2,0,0,0,2,0,0.0,0.0
6,clab-nebula-serf118,10,2,0,0,0,2,0,0.0,0.0
6,clab-nebula-serf118,15,2,0,0,0,2,0,0.0,0.0
6,clab-nebula-serf118,20,2,0,0,0,2,0,0.0,0.0
6,clab-nebula-serf118,25,2,0,0,0,2,0,0.0,0.0
6,clab-nebula-serf118,30,3,2,2,0,1,1.0,0.6666666666666666,0.6666666666666666
6,clab-nebula-serf118,35,3,2,2,0,1,1.0,0.6666666666666666,0.6666666666666666
6,clab-nebula-serf118,40,3,2,2,0,1,1.0,0.6666666666666666,0.6666666666666666
6,clab-nebula-serf118,45,5,2,2,0,3,1.0,0.4,0.4
6,clab-nebula-serf118,50,15,3,3,0,12,1.0,0.2,0.2
6,clab-nebula-serf118,55,25,3,3,0,22,1.0,0.12,0.12
6,clab-nebula-serf118,60,48,2,2,0,46,1.0,0.041666666666666664,0.041666666666666664
6,clab-nebula-serf5,5,0,0,0,0,0,0.0,0.0,0.0
6,clab-nebula-serf5,10,3,2,2,0,1,1.0,0.6666666666666666,0.6666666666666666
6,clab-nebula-serf5,15,7,8,6,2,1,0.75,0.8571428571428571,0.6666666666666666
6,clab-nebula-serf5,20,14,11,10,1,4,0.9090909090909091,0.7142857142857143,0.6666666666666666
6,clab-nebula-serf5,25,19,13,13,0,6,1.0,0.6842105263157895,0.6842105263157895
6,clab-nebula-serf5,30,46,25,25,0,21,1.0,0.5434782608695652,0.5434782608695652
6,clab-nebula-serf5,35,80,25,25,0,55,1.0,0.3125,0.3125
6,clab-nebula-serf5,40,92,25,25,0,67,1.0,0.2717391304347826,0.2717391304347826
6,clab-nebula-serf5,45,108,45,44,1,64,0.9777777777777777,0.4074074074074074,0.4036697247706422
6,clab-nebula-serf5,50,118,46,44,2,74,0.9565217391304348,0.3728813559322034,0.36666666666666664
6,clab-nebula-serf5,55,121,46,44,2,77,0.9565217391304348,0.36363636363636365,0.35772357723577236
6,clab-nebula-serf5,60,143,46,46,0,97,1.0,0.32167832167832167,0.32167832167832167
6,clab-nebula-serf87,5,3,0,0,0,3,0,0.0,0.0
6,clab-nebula-serf87,10,3,0,0,0,3,0,0.0,0.0
6,clab-nebula-serf87,15,11,5,5,0,6,1.0,0.45454545454545453,0.45454545454545453
6,clab-nebula-serf87,20,24,5,5,0,19,1.0,0.20833333333333334,0.20833333333333334
6,clab-nebula-serf87,25,49,8,8,0,41,1.0,0.16326530612244897,0.16326530612244897
6,clab-nebula-serf87,30,80,8,8,0,72,1.0,0.1,0.1
6,clab-nebula-serf87,35,108,8,8,0,100,1.0,0.07407407407407407,0.07407407407407407
6,clab-nebula-serf87,40,120,9,9,0,111,1.0,0.075,0.075
6,clab-nebula-serf87,45,132,11,11,0,121,1.0,0.08333333333333333,0.08333333333333333
6,clab-nebula-serf87,50,145,11,11,0,134,1.0,0.07586206896551724,0.07586206896551724
6,clab-nebula-serf87,55,155,11,11,0,144,1.0,0.07096774193548387,0.07096774193548387
6,clab-nebula-serf87,60,158,26,26,0,132,1.0,0.16455696202531644,0.16455696202531644
6,clab-nebula-serf88,5,3,0,0,0,3,0,0.0,0.0
6,clab-nebula-serf88,10,3,0,0,0,3,0,0.0,0.0
6,clab-nebula-serf88,15,8,3,3,0,5,1.0,0.375,0.375
6,clab-nebula-serf88,20,19,3,3,0,16,1.0,0.15789473684210525,0.15789473684210525
6,clab-nebula-serf88,25,42,8,8,0,34,1.0,0.19047619047619047,0.19047619047619047
6,clab-nebula-serf88,30,72,8,8,0,64,1.0,0.1111111111111111,0.1111111111111111
6,clab-nebula-serf88,35,100,8,8,0,92,1.0,0.08,0.08
6,clab-nebula-serf88,40,120,9,9,0,111,1.0,0.075,0.075
6,clab-nebula-serf88,45,127,11,11,0,116,1.0,0.08661417322834646,0.08661417322834646
6,clab-nebula-serf88,50,136,11,11,0,125,1.0,0.08088235294117647,0.08088235294117647
6,clab-nebula-serf88,55,154,11,11,0,143,1.0,0.07142857142857142,0.07142857142857142
6,clab-nebula-serf88,60,158,12,12,0,146,1.0,0.0759493670886076,0.0759493670886076
6,clab-nebula-serf153,5,0,0,0,0,0,0.0,0.0,0.0
6,clab-nebula-serf153,10,0,0,0,0,0,0.0,0.0,0.0
6,clab-nebula-serf153,15,1,0,0,0,1,0,0.0,0.0
6,clab-nebula-serf153,20,9,1,0,1,9,0.0,0.0,0.0
6,clab-nebula-serf153,25,12,1,1,0,11,1.0,0.08333333333333333,0.08333333333333333
6,clab-nebula-serf153,30,24,9,9,0,15,1.0,0.375,0.375
6,clab-nebula-serf153,35,42,9,9,0,33,1.0,0.21428571428571427,0.21428571428571427
6,clab-nebula-serf153,40,55,10,9,1,46,0.9,0.16363636363636364,0.16071428571428573
6,clab-nebula-serf153,45,81,10,10,0,71,1.0,0.12345679012345678,0.12345679012345678
6,clab-nebula-serf153,50,114,10,10,0,104,1.0,0.08771929824561403,0.08771929824561403
6,clab-nebula-serf153,55,137,10,10,0,127,1.0,0.072992700729927,0.072992700729927
6,clab-nebula-serf153,60,148,11,11,0,137,1.0,0.07432432432432433,0.07432432432432433
6,clab-nebula-serf53,5,0,0,0,0,0,0.0,0.0,0.0
6,clab-nebula-serf53,10,8,5,4,1,4,0.8,0.5,0.4444444444444444
6,clab-nebula-serf53,15,25,12,11,1,14,0.9166666666666666,0.44,0.4230769230769231
6,clab-nebula-serf53,20,64,25,24,1,40,0.96,0.375,0.36923076923076925
6,clab-nebula-serf53,25,81,25,25,0,56,1.0,0.30864197530864196,0.30864197530864196
6,clab-nebula-serf53,30,97,36,35,1,62,0.9722222222222222,0.36082474226804123,0.35714285714285715
6,clab-nebula-serf53,35,118,38,37,1,81,0.9736842105263158,0.3135593220338983,0.31092436974789917
6,clab-nebula-serf53,40,121,38,38,0,83,1.0,0.3140495867768595,0.3140495867768595
6,clab-nebula-serf53,45,125,38,38,0,87,1.0,0.304,0.304
6,clab-nebula-serf53,50,151,60,60,0,91,1.0,0.3973509933774834,0.3973509933774834
6,clab-nebula-serf53,55,154,60,60,0,94,1.0,0.38961038961038963,0.38961038961038963
6,clab-nebula-serf53,60,157,60,60,0,97,1.0,0.3821656050955414,0.3821656050955414
6,clab-nebula-serf69,5,0,0,0,0,0,0.0,0.0,0.0
6,clab-nebula-serf69,10,14,2,2,0,12,1.0,0.14285714285714285,0.14285714285714285
6,clab-nebula-serf69,15,31,5,4,1,27,0.8,0.12903225806451613,0.125
6,clab-nebula-serf69,20,54,8,8,0,46,1.0,0.14814814814814814,0.14814814814814814
6,clab-nebula-serf69,25,84,32,29,3,55,0.90625,0.34523809523809523,0.3333333333333333
6,clab-nebula-serf69,30,107,33,32,1,75,0.9696969696969697,0.29906542056074764,0.2962962962962963
6,clab-nebula-serf69,35,119,36,35,1,84,0.9722222222222222,0.29411764705882354,0.2916666666666667
6,clab-nebula-serf69,40,125,36,36,0,89,1.0,0.288,0.288
6,clab-nebula-serf69,45,147,36,36,0,111,1.0,0.24489795918367346,0.24489795918367346
6,clab-nebula-serf69,50,154,36,36,0,118,1.0,0.23376623376623376,0.23376623376623376
6,clab-nebula-serf69,55,158,36,36,0,122,1.0,0.22784810126582278,0.22784810126582278
6,clab-nebula-serf69,60,161,36,36,0,125,1.0,0.2236024844720497,0.2236024844720497
6,clab-nebula-serf60,5,4,0,0,0,4,0,0.0,0.0
6,clab-nebula-serf60,10,10,0,0,0,10,0,0.0,0.0
6,clab-nebula-serf60,15,42,9,9,0,33,1.0,0.21428571428571427,0.21428571428571427
6,clab-nebula-serf60,20,70,21,21,0,49,1.0,0.3,0.3
6,clab-nebula-serf60,25,87,35,34,1,53,0.9714285714285714,0.39080459770114945,0.38636363636363635
6,clab-nebula-serf60,30,111,36,35,1,76,0.9722222222222222,0.3153153153153153,0.3125
6,clab-nebula-serf60,35,120,36,36,0,84,1.0,0.3,0.3
6,clab-nebula-serf60,40,124,37,37,0,87,1.0,0.29838709677419356,0.29838709677419356
6,clab-nebula-serf60,45,143,37,37,0,106,1.0,0.25874125874125875,0.25874125874125875
6,clab-nebula-serf60,50,154,38,38,0,116,1.0,0.24675324675324675,0.24675324675324675
6,clab-nebula-serf60,55,154,38,38,0,116,1.0,0.24675324675324675,0.24675324675324675
6,clab-nebula-serf60,60,158,38,38,0,120,1.0,0.24050632911392406,0.24050632911392406
6,clab-nebula-serf145,5,0,0,0,0,0,0.0,0.0,0.0
6,clab-nebula-serf145,10,0,0,0,0,0,0.0,0.0,0.0
6,clab-nebula-serf145,15,1,0,0,0,1,0,0.0,0.0
6,clab-nebula-serf145,20,5,2,2,0,3,1.0,0.4,0.4
6,clab-nebula-serf145,25,7,2,2,0,5,1.0,0.2857142857142857,0.2857142857142857
6,clab-nebula-serf145,30,15,18,8,10,7,0.4444444444444444,0.5333333333333333,0.32
6,clab-nebula-serf145,35,37,19,19,0,18,1.0,0.5135135135135135,0.5135135135135135
6,clab-nebula-serf145,40,56,19,19,0,37,1.0,0.3392857142857143,0.3392857142857143
6,clab-nebula-serf145,45,66,19,19,0,47,1.0,0.2878787878787879,0.2878787878787879
6,clab-nebula-serf145,50,104,19,19,0,85,1.0,0.18269230769230768,0.18269230769230768
6,clab-nebula-serf145,55,130,19,19,0,111,1.0,0.14615384615384616,0.14615384615384616
6,clab-nebula-serf145,60,145,19,19,0,126,1.0,0.1310344827586207,0.1310344827586207
6,clab-nebula-serf6,5,1,0,0,0,1,0,0.0,0.0
6,clab-nebula-serf6,10,7,6,3,3,4,0.5,0.42857142857142855,0.3
6,clab-nebula-serf6,15,18,6,5,1,13,0.8333333333333334,0.2777777777777778,0.2631578947368421
6,clab-nebula-serf6,20,32,18,18,0,14,1.0,0.5625,0.5625
6,clab-nebula-serf6,25,68,19,19,0,49,1.0,0.27941176470588236,0.27941176470588236
6,clab-nebula-serf6,30,86,19,19,0,67,1.0,0.22093023255813954,0.22093023255813954
6,clab-nebula-serf6,35,98,45,44,1,54,0.9777777777777777,0.4489795918367347,0.4444444444444444
6,clab-nebula-serf6,40,117,46,44,2,73,0.9565217391304348,0.37606837606837606,0.3697478991596639
6,clab-nebula-serf6,45,120,46,44,2,76,0.9565217391304348,0.36666666666666664,0.36065573770491804
6,clab-nebula-serf6,50,124,46,46,0,78,1.0,0.3709677419354839,0.3709677419354839
6,clab-nebula-serf6,55,151,68,68,0,83,1.0,0.4503311258278146,0.4503311258278146
6,clab-nebula-serf6,60,155,68,68,0,87,1.0,0.43870967741935485,0.43870967741935485
6,clab-nebula-serf11,5,2,0,0,0,2,0,0.0,0.0
6,clab-nebula-serf11,10,14,1,1,0,13,1.0,0.07142857142857142,0.07142857142857142
6,clab-nebula-serf11,15,26,1,1,0,25,1.0,0.038461538461538464,0.038461538461538464
6,clab-nebula-serf11,20,57,3,3,0,54,1.0,0.05263157894736842,0.05263157894736842
6,clab-nebula-serf11,25,82,3,3,0,79,1.0,0.036585365853658534,0.036585365853658534
6,clab-nebula-serf11,30,93,34,34,0,59,1.0,0.3655913978494624,0.3655913978494624
6,clab-nebula-serf11,35,112,46,44,2,68,0.9565217391304348,0.39285714285714285,0.38596491228070173
6,clab-nebula-serf11,40,120,46,44,2,76,0.9565217391304348,0.36666666666666664,0.36065573770491804
6,clab-nebula-serf11,45,124,46,46,0,78,1.0,0.3709677419354839,0.3709677419354839
6,clab-nebula-serf11,50,142,68,68,0,74,1.0,0.4788732394366197,0.4788732394366197
6,clab-nebula-serf11,55,154,68,68,0,86,1.0,0.44155844155844154,0.44155844155844154
6,clab-nebula-serf11,60,157,68,68,0,89,1.0,0.43312101910828027,0.43312101910828027
6,clab-nebula-serf98,5,1,0,0,0,1,0,0.0,0.0
6,clab-nebula-serf98,10,7,1,1,0,6,1.0,0.14285714285714285,0.14285714285714285
6,clab-nebula-serf98,15,7,1,1,0,6,1.0,0.14285714285714285,0.14285714285714285
6,clab-nebula-serf98,20,8,7,7,0,1,1.0,0.875,0.875
6,clab-nebula-serf98,25,14,7,7,0,7,1.0,0.5,0.5
6,clab-nebula-serf98,30,29,14,8,6,21,0.5714285714285714,0.27586206896551724,0.22857142857142856
6,clab-nebula-serf98,35,71,38,38,0,33,1.0,0.5352112676056338,0.5352112676056338
6,clab-nebula-serf98,40,121,38,38,0,83,1.0,0.3140495867768595,0.3140495867768595
6,clab-nebula-serf98,45,144,38,38,0,106,1.0,0.2638888888888889,0.2638888888888889
6,clab-nebula-serf98,50,156,38,38,0,118,1.0,0.24358974358974358,0.24358974358974358
6,clab-nebula-serf98,55,160,38,38,0,122,1.0,0.2375,0.2375
6,clab-nebula-serf98,60,161,38,38,0,123,1.0,0.2360248447204969,0.2360248447204969
6,clab-nebula-serf138,5,0,0,0,0,0,0.0,0.0,0.0
6,clab-nebula-serf138,10,0,0,0,0,0,0.0,0.0,0.0
6,clab-nebula-serf138,15,1,0,0,0,1,0,0.0,0.0
6,clab-nebula-serf138,20,14,5,5,0,9,1.0,0.35714285714285715,0.35714285714285715
6,clab-nebula-serf138,25,14,5,5,0,9,1.0,0.35714285714285715,0.35714285714285715
6,clab-nebula-serf138,30,26,18,16,2,10,0.8888888888888888,0.6153846153846154,0.5714285714285714
6,clab-nebula-serf138,35,43,18,18,0,25,1.0,0.4186046511627907,0.4186046511627907
6,clab-nebula-serf138,40,55,26,26,0,29,1.0,0.4727272727272727,0.4727272727272727
6,clab-nebula-serf138,45,90,26,26,0,64,1.0,0.28888888888888886,0.28888888888888886
6,clab-nebula-serf138,50,115,31,30,1,85,0.967741935483871,0.2608695652173913,0.25862068965517243
6,clab-nebula-serf138,55,137,30,30,0,107,1.0,0.21897810218978103,0.21897810218978103
6,clab-nebula-serf138,60,147,31,31,0,116,1.0,0.2108843537414966,0.2108843537414966
6,clab-nebula-serf150,5,0,0,0,0,0,0.0,0.0,0.0
6,clab-nebula-serf150,10,0,0,0,0,0,0.0,0.0,0.0
6,clab-nebula-serf150,15,1,0,0,0,1,0,0.0,0.0
6,clab-nebula-serf150,20,9,9,6,3,3,0.6666666666666666,0.6666666666666666,0.5
6,clab-nebula-serf150,25,17,9,9,0,8,1.0,0.5294117647058824,0.5294117647058824
6,clab-nebula-serf150,30,23,9,9,0,14,1.0,0.391304347826087,0.391304347826087
6,clab-nebula-serf150,35,42,9,9,0,33,1.0,0.21428571428571427,0.21428571428571427
6,clab-nebula-serf150,40,54,10,9,1,45,0.9,0.16666666666666666,0.16363636363636364
6,clab-nebula-serf150,45,79,10,10,0,69,1.0,0.12658227848101267,0.12658227848101267
6,clab-nebula-serf150,50,117,10,10,0,107,1.0,0.08547008547008547,0.08547008547008547
6,clab-nebula-serf150,55,141,11,11,0,130,1.0,0.07801418439716312,0.07801418439716312
6,clab-nebula-serf150,60,152,14,14,0,138,1.0,0.09210526315789473,0.09210526315789473
6,clab-nebula-serf18,5,0,0,0,0,0,0.0,0.0,0.0
6,clab-nebula-serf18,10,5,2,2,0,3,1.0,0.4,0.4
6,clab-nebula-serf18,15,20,3,3,0,17,1.0,0.15,0.15
6,clab-nebula-serf18,20,47,3,3,0,44,1.0,0.06382978723404255,0.06382978723404255
6,clab-nebula-serf18,25,75,3,3,0,72,1.0,0.04,0.04
6,clab-nebula-serf18,30,90,3,3,0,87,1.0,0.03333333333333333,0.03333333333333333
6,clab-nebula-serf18,35,103,3,3,0,100,1.0,0.02912621359223301,0.02912621359223301
6,clab-nebula-serf18,40,120,4,3,1,117,0.75,0.025,0.024793388429752067
6,clab-nebula-serf18,45,123,4,4,0,119,1.0,0.032520325203252036,0.032520325203252036
6,clab-nebula-serf18,50,140,4,4,0,136,1.0,0.02857142857142857,0.02857142857142857
6,clab-nebula-serf18,55,151,4,4,0,147,1.0,0.026490066225165563,0.026490066225165563
6,clab-nebula-serf18,60,157,4,4,0,153,1.0,0.025477707006369428,0.025477707006369428
6,clab-nebula-serf30,5,1,0,0,0,1,0,0.0,0.0
6,clab-nebula-serf30,10,13,9,7,2,6,0.7777777777777778,0.5384615384615384,0.4666666666666667
6,clab-nebula-serf30,15,28,14,13,1,15,0.9285714285714286,0.4642857142857143,0.4482758620689655
6,clab-nebula-serf30,20,45,17,17,0,28,1.0,0.37777777777777777,0.37777777777777777
6,clab-nebula-serf30,25,81,17,17,0,64,1.0,0.20987654320987653,0.20987654320987653
6,clab-nebula-serf30,30,93,29,29,0,64,1.0,0.3118279569892473,0.3118279569892473
6,clab-nebula-serf30,35,102,56,55,1,47,0.9821428571428571,0.5392156862745098,0.5339805825242718
6,clab-nebula-serf30,40,119,55,54,1,65,0.9818181818181818,0.453781512605042,0.45
6,clab-nebula-serf30,45,124,56,56,0,68,1.0,0.45161290322580644,0.45161290322580644
6,clab-nebula-serf30,50,128,56,56,0,72,1.0,0.4375,0.4375
6,clab-nebula-serf30,55,154,58,58,0,96,1.0,0.37662337662337664,0.37662337662337664
6,clab-nebula-serf30,60,154,58,58,0,96,1.0,0.37662337662337664,0.37662337662337664
6,clab-nebula-serf44,5,3,0,0,0,3,0,0.0,0.0
6,clab-nebula-serf44,10,10,9,7,2,3,0.7777777777777778,0.7,0.5833333333333334
6,clab-nebula-serf44,15,23,9,7,2,16,0.7777777777777778,0.30434782608695654,0.28
6,clab-nebula-serf44,20,47,10,9,1,38,0.9,0.19148936170212766,0.1875
6,clab-nebula-serf44,25,81,18,18,0,63,1.0,0.2222222222222222,0.2222222222222222
6,clab-nebula-serf44,30,99,53,52,1,47,0.9811320754716981,0.5252525252525253,0.52
6,clab-nebula-serf44,35,120,55,54,1,66,0.9818181818181818,0.45,0.4462809917355372
6,clab-nebula-serf44,40,124,56,56,0,68,1.0,0.45161290322580644,0.45161290322580644
6,clab-nebula-serf44,45,127,56,56,0,71,1.0,0.4409448818897638,0.4409448818897638
6,clab-nebula-serf44,50,154,58,58,0,96,1.0,0.37662337662337664,0.37662337662337664
6,clab-nebula-serf44,55,154,58,58,0,96,1.0,0.37662337662337664,0.37662337662337664
6,clab-nebula-serf44,60,156,58,58,0,98,1.0,0.3717948717948718,0.3717948717948718
6,clab-nebula-serf131,5,0,0,0,0,0,0.0,0.0,0.0
6,clab-nebula-serf131,10,0,0,0,0,0,0.0,0.0,0.0
6,clab-nebula-serf131,15,3,0,0,0,3,0,0.0,0.0
6,clab-nebula-serf131,20,14,5,5,0,9,1.0,0.35714285714285715,0.35714285714285715
6,clab-nebula-serf131,25,18,11,11,0,7,1.0,0.6111111111111112,0.6111111111111112
6,clab-nebula-serf131,30,29,18,17,1,12,0.9444444444444444,0.5862068965517241,0.5666666666666667
6,clab-nebula-serf131,35,45,21,21,0,24,1.0,0.4666666666666667,0.4666666666666667
6,clab-nebula-serf131,40,69,26,26,0,43,1.0,0.37681159420289856,0.37681159420289856
6,clab-nebula-serf131,45,95,31,30,1,65,0.967741935483871,0.3157894736842105,0.3125
6,clab-nebula-serf131,50,122,31,31,0,91,1.0,0.2540983606557377,0.2540983606557377
6,clab-nebula-serf131,55,137,30,30,0,107,1.0,0.21897810218978103,0.21897810218978103
6,clab-nebula-serf131,60,149,31,31,0,118,1.0,0.2080536912751678,0.2080536912751678
6,clab-nebula-serf35,5,0,0,0,0,0,0.0,0.0,0.0
6,clab-nebula-serf35,10,1,0,0,0,1,0,0.0,0.0
6,clab-nebula-serf35,15,7,9,5,4,2,0.5555555555555556,0.7142857142857143,0.45454545454545453
6,clab-nebula-serf35,20,26,9,7,2,19,0.7777777777777778,0.2692307692307692,0.25
6,clab-nebula-serf35,25,63,9,9,0,54,1.0,0.14285714285714285,0.14285714285714285
6,clab-nebula-serf35,30,85,9,9,0,76,1.0,0.10588235294117647,0.10588235294117647
6,clab-nebula-serf35,35,95,33,32,1,63,0.9696969696969697,0.3368421052631579,0.3333333333333333
6,clab-nebula-serf35,40,111,36,35,1,76,0.9722222222222222,0.3153153153153153,0.3125
6,clab-nebula-serf35,45,121,56,56,0,65,1.0,0.4628099173553719,0.4628099173553719
6,clab-nebula-serf35,50,124,56,56,0,68,1.0,0.45161290322580644,0.45161290322580644
6,clab-nebula-serf35,55,145,58,58,0,87,1.0,0.4,0.4
6,clab-nebula-serf35,60,154,58,58,0,96,1.0,0.37662337662337664,0.37662337662337664
6,clab-nebula-serf40,5,0,0,0,0,0,0.0,0.0,0.0
6,clab-nebula-serf40,10,1,0,0,0,1,0,0.0,0.0
6,clab-nebula-serf40,15,11,9,6,3,5,0.6666666666666666,0.5454545454545454,0.42857142857142855
6,clab-nebula-serf40,20,35,9,7,2,28,0.7777777777777778,0.2,0.1891891891891892
6,clab-nebula-serf40,25,71,9,9,0,62,1.0,0.1267605633802817,0.1267605633802817
6,clab-nebula-serf40,30,87,32,31,1,56,0.96875,0.3563218390804598,0.3522727272727273
6,clab-nebula-serf40,35,98,33,32,1,66,0.9696969696969697,0.32653061224489793,0.32323232323232326
6,clab-nebula-serf40,40,118,56,55,1,63,0.9821428571428571,0.4661016949152542,0.46218487394957986
6,clab-nebula-serf40,45,122,56,56,0,66,1.0,0.45901639344262296,0.45901639344262296
6,clab-nebula-serf40,50,126,56,56,0,70,1.0,0.4444444444444444,0.4444444444444444
6,clab-nebula-serf40,55,153,58,58,0,95,1.0,0.3790849673202614,0.3790849673202614
6,clab-nebula-serf40,60,154,58,58,0,96,1.0,0.37662337662337664,0.37662337662337664
6,clab-nebula-serf144,5,0,0,0,0,0,0.0,0.0,0.0
6,clab-nebula-serf144,10,0,0,0,0,0,0.0,0.0,0.0
6,clab-nebula-serf144,15,7,2,2,0,5,1.0,0.2857142857142857,0.2857142857142857
6,clab-nebula-serf144,20,12,4,4,0,8,1.0,0.3333333333333333,0.3333333333333333
6,clab-nebula-serf144,25,23,18,13,5,10,0.7222222222222222,0.5652173913043478,0.4642857142857143
6,clab-nebula-serf144,30,55,19,19,0,36,1.0,0.34545454545454546,0.34545454545454546
6,clab-nebula-serf144,35,60,19,19,0,41,1.0,0.31666666666666665,0.31666666666666665
6,clab-nebula-serf144,40,95,19,19,0,76,1.0,0.2,0.2
6,clab-nebula-serf144,45,126,19,19,0,107,1.0,0.15079365079365079,0.15079365079365079
6,clab-nebula-serf144,50,141,19,19,0,122,1.0,0.1347517730496454,0.1347517730496454
6,clab-nebula-serf144,55,151,19,19,0,132,1.0,0.12582781456953643,0.12582781456953643
6,clab-nebula-serf144,60,155,19,19,0,136,1.0,0.12258064516129032,0.12258064516129032
6,clab-nebula-serf152,5,0,0,0,0,0,0.0,0.0,0.0
6,clab-nebula-serf152,10,1,5,0,5,1,0.0,0.0,0.0
6,clab-nebula-serf152,15,11,5,5,0,6,1.0,0.45454545454545453,0.45454545454545453
6,clab-nebula-serf152,20,14,8,8,0,6,1.0,0.5714285714285714,0.5714285714285714
6,clab-nebula-serf152,25,24,9,9,0,15,1.0,0.375,0.375
6,clab-nebula-serf152,30,47,9,9,0,38,1.0,0.19148936170212766,0.19148936170212766
6,clab-nebula-serf152,35,60,10,9,1,51,0.9,0.15,0.14754098360655737
6,clab-nebula-serf152,40,89,10,10,0,79,1.0,0.11235955056179775,0.11235955056179775
6,clab-nebula-serf152,45,122,10,10,0,112,1.0,0.08196721311475409,0.08196721311475409
6,clab-nebula-serf152,50,143,11,11,0,132,1.0,0.07692307692307693,0.07692307692307693
6,clab-nebula-serf152,55,152,14,14,0,138,1.0,0.09210526315789473,0.09210526315789473
6,clab-nebula-serf152,60,156,14,14,0,142,1.0,0.08974358974358974,0.08974358974358974
6,clab-nebula-serf162,5,0,0,0,0,0,0.0,0.0,0.0
6,clab-nebula-serf162,10,0,0,0,0,0,0.0,0.0,0.0
6,clab-nebula-serf162,15,5,4,4,0,1,1.0,0.8,0.8
6,clab-nebula-serf162,20,5,4,4,0,1,1.0,0.8,0.8
6,clab-nebula-serf162,25,5,4,4,0,1,1.0,0.8,0.8
6,clab-nebula-serf162,30,9,5,5,0,4,1.0,0.5555555555555556,0.5555555555555556
6,clab-nebula-serf162,35,20,5,5,0,15,1.0,0.25,0.25
6,clab-nebula-serf162,40,35,24,24,0,11,1.0,0.6857142857142857,0.6857142857142857
6,clab-nebula-serf162,45,40,25,25,0,15,1.0,0.625,0.625
6,clab-nebula-serf162,50,54,36,33,3,21,0.9166666666666666,0.6111111111111112,0.5789473684210527
6,clab-nebula-serf162,55,74,43,40,3,34,0.9302325581395349,0.5405405405405406,0.5194805194805194
6,clab-nebula-serf162,60,113,53,53,0,60,1.0,0.4690265486725664,0.4690265486725664
6,clab-nebula-serf41,5,0,0,0,0,0,0.0,0.0,0.0
6,clab-nebula-serf41,10,0,0,0,0,0,0.0,0.0,0.0
6,clab-nebula-serf41,15,1,0,0,0,1,0,0.0,0.0
6,clab-nebula-serf41,20,14,9,6,3,8,0.6666666666666666,0.42857142857142855,0.35294117647058826
6,clab-nebula-serf41,25,40,9,8,1,32,0.8888888888888888,0.2,0.1951219512195122
6,clab-nebula-serf41,30,74,9,9,0,65,1.0,0.12162162162162163,0.12162162162162163
6,clab-nebula-serf41,35,89,9,9,0,80,1.0,0.10112359550561797,0.10112359550561797
6,clab-nebula-serf41,40,99,35,34,1,65,0.9714285714285714,0.3434343434343434,0.34
6,clab-nebula-serf41,45,118,36,35,1,83,0.9722222222222222,0.2966101694915254,0.29411764705882354
6,clab-nebula-serf41,50,121,36,36,0,85,1.0,0.2975206611570248,0.2975206611570248
6,clab-nebula-serf41,55,126,56,56,0,70,1.0,0.4444444444444444,0.4444444444444444
6,clab-nebula-serf41,60,153,58,58,0,95,1.0,0.3790849673202614,0.3790849673202614
6,clab-nebula-serf72,5,1,0,0,0,1,0,0.0,0.0
6,clab-nebula-serf72,10,16,9,7,2,9,0.7777777777777778,0.4375,0.3888888888888889
6,clab-nebula-serf72,15,31,16,16,0,15,1.0,0.5161290322580645,0.5161290322580645
6,clab-nebula-serf72,20,54,16,16,0,38,1.0,0.2962962962962963,0.2962962962962963
6,clab-nebula-serf72,25,84,24,22,2,62,0.9166666666666666,0.2619047619047619,0.2558139534883721
6,clab-nebula-serf72,30,110,27,27,0,83,1.0,0.24545454545454545,0.24545454545454545
6,clab-nebula-serf72,35,121,27,27,0,94,1.0,0.2231404958677686,0.2231404958677686
6,clab-nebula-serf72,40,125,28,28,0,97,1.0,0.224,0.224
6,clab-nebula-serf72,45,150,28,28,0,122,1.0,0.18666666666666668,0.18666666666666668
6,clab-nebula-serf72,50,154,28,28,0,126,1.0,0.18181818181818182,0.18181818181818182
6,clab-nebula-serf72,55,158,28,28,0,130,1.0,0.17721518987341772,0.17721518987341772
6,clab-nebula-serf72,60,161,28,28,0,133,1.0,0.17391304347826086,0.17391304347826086
6,clab-nebula-serf141,5,0,0,0,0,0,0.0,0.0,0.0
6,clab-nebula-serf141,10,0,0,0,0,0,0.0,0.0,0.0
6,clab-nebula-serf141,15,0,0,0,0,0,0.0,0.0,0.0
6,clab-nebula-serf141,20,14,5,5,0,9,1.0,0.35714285714285715,0.35714285714285715
6,clab-nebula-serf141,25,14,5,5,0,9,1.0,0.35714285714285715,0.35714285714285715
6,clab-nebula-serf141,30,26,18,16,2,10,0.8888888888888888,0.6153846153846154,0.5714285714285714
6,clab-nebula-serf141,35,43,18,18,0,25,1.0,0.4186046511627907,0.4186046511627907
6,clab-nebula-serf141,40,59,26,26,0,33,1.0,0.4406779661016949,0.4406779661016949
6,clab-nebula-serf141,45,90,26,26,0,64,1.0,0.28888888888888886,0.28888888888888886
6,clab-nebula-serf141,50,116,31,30,1,86,0.967741935483871,0.25862068965517243,0.2564102564102564
6,clab-nebula-serf141,55,137,30,30,0,107,1.0,0.21897810218978103,0.21897810218978103
6,clab-nebula-serf141,60,149,31,31,0,118,1.0,0.2080536912751678,0.2080536912751678
6,clab-nebula-serf25,5,0,0,0,0,0,0.0,0.0,0.0
6,clab-nebula-serf25,10,4,0,0,0,4,0,0.0,0.0
6,clab-nebula-serf25,15,12,1,1,0,11,1.0,0.08333333333333333,0.08333333333333333
6,clab-nebula-serf25,20,28,14,13,1,15,0.9285714285714286,0.4642857142857143,0.4482758620689655
6,clab-nebula-serf25,25,44,17,17,0,27,1.0,0.38636363636363635,0.38636363636363635
6,clab-nebula-serf25,30,81,17,17,0,64,1.0,0.20987654320987653,0.20987654320987653
6,clab-nebula-serf25,35,93,29,29,0,64,1.0,0.3118279569892473,0.3118279569892473
6,clab-nebula-serf25,40,102,56,55,1,47,0.9821428571428571,0.5392156862745098,0.5339805825242718
6,clab-nebula-serf25,45,119,55,54,1,65,0.9818181818181818,0.453781512605042,0.45
6,clab-nebula-serf25,50,124,56,56,0,68,1.0,0.45161290322580644,0.45161290322580644
6,clab-nebula-serf25,55,127,56,56,0,71,1.0,0.4409448818897638,0.4409448818897638
6,clab-nebula-serf25,60,154,58,58,0,96,1.0,0.37662337662337664,0.37662337662337664
6,clab-nebula-serf50,5,3,0,0,0,3,0,0.0,0.0
6,clab-nebula-serf50,10,8,1,1,0,7,1.0,0.125,0.125
6,clab-nebula-serf50,15,23,9,7,2,16,0.7777777777777778,0.30434782608695654,0.28
6,clab-nebula-serf50,20,41,10,9,1,32,0.9,0.21951219512195122,0.21428571428571427
6,clab-nebula-serf50,25,81,18,18,0,63,1.0,0.2222222222222222,0.2222222222222222
6,clab-nebula-serf50,30,93,53,52,1,41,0.9811320754716981,0.5591397849462365,0.5531914893617021
6,clab-nebula-serf50,35,118,56,55,1,63,0.9821428571428571,0.4661016949152542,0.46218487394957986
6,clab-nebula-serf50,40,122,56,56,0,66,1.0,0.45901639344262296,0.45901639344262296
6,clab-nebula-serf50,45,125,56,56,0,69,1.0,0.448,0.448
6,clab-nebula-serf50,50,153,58,58,0,95,1.0,0.3790849673202614,0.3790849673202614
6,clab-nebula-serf50,55,154,58,58,0,96,1.0,0.37662337662337664,0.37662337662337664
6,clab-nebula-serf50,60,156,58,58,0,98,1.0,0.3717948717948718,0.3717948717948718
6,clab-nebula-serf51,5,1,0,0,0,1,0,0.0,0.0
6,clab-nebula-serf51,10,9,1,1,0,8,1.0,0.1111111111111111,0.1111111111111111
6,clab-nebula-serf51,15,24,8,8,0,16,1.0,0.3333333333333333,0.3333333333333333
6,clab-nebula-serf51,20,64,22,22,0,42,1.0,0.34375,0.34375
6,clab-nebula-serf51,25,83,36,35,1,48,0.9722222222222222,0.42168674698795183,0.4166666666666667
6,clab-nebula-serf51,30,97,36,35,1,62,0.9722222222222222,0.36082474226804123,0.35714285714285715
6,clab-nebula-serf51,35,118,38,37,1,81,0.9736842105263158,0.3135593220338983,0.31092436974789917
6,clab-nebula-serf51,40,121,38,38,0,83,1.0,0.3140495867768595,0.3140495867768595
6,clab-nebula-serf51,45,126,38,38,0,88,1.0,0.30158730158730157,0.30158730158730157
6,clab-nebula-serf51,50,152,60,60,0,92,1.0,0.39473684210526316,0.39473684210526316
6,clab-nebula-serf51,55,154,60,60,0,94,1.0,0.38961038961038963,0.38961038961038963
6,clab-nebula-serf51,60,157,60,60,0,97,1.0,0.3821656050955414,0.3821656050955414
6,clab-nebula-serf66,5,0,0,0,0,0,0.0,0.0,0.0
6,clab-nebula-serf66,10,4,0,0,0,4,0,0.0,0.0
6,clab-nebula-serf66,15,27,9,9,0,18,1.0,0.3333333333333333,0.3333333333333333
6,clab-nebula-serf66,20,44,9,9,0,35,1.0,0.20454545454545456,0.20454545454545456
6,clab-nebula-serf66,25,79,16,16,0,63,1.0,0.20253164556962025,0.20253164556962025
6,clab-nebula-serf66,30,106,27,25,2,81,0.9259259259259259,0.2358490566037736,0.23148148148148148
6,clab-nebula-serf66,35,116,28,28,0,88,1.0,0.2413793103448276,0.2413793103448276
6,clab-nebula-serf66,40,123,28,28,0,95,1.0,0.22764227642276422,0.22764227642276422
6,clab-nebula-serf66,45,136,28,28,0,108,1.0,0.20588235294117646,0.20588235294117646
6,clab-nebula-serf66,50,154,28,28,0,126,1.0,0.18181818181818182,0.18181818181818182
6,clab-nebula-serf66,55,154,28,28,0,126,1.0,0.18181818181818182,0.18181818181818182
6,clab-nebula-serf66,60,158,28,28,0,130,1.0,0.17721518987341772,0.17721518987341772
6,clab-nebula-serf86,5,3,1,1,0,2,1.0,0.3333333333333333,0.3333333333333333
6,clab-nebula-serf86,10,4,1,1,0,3,1.0,0.25,0.25
6,clab-nebula-serf86,15,11,3,3,0,8,1.0,0.2727272727272727,0.2727272727272727
6,clab-nebula-serf86,20,29,6,6,0,23,1.0,0.20689655172413793,0.20689655172413793
6,clab-nebula-serf86,25,56,8,8,0,48,1.0,0.14285714285714285,0.14285714285714285
6,clab-nebula-serf86,30,85,8,8,0,77,1.0,0.09411764705882353,0.09411764705882353
6,clab-nebula-serf86,35,115,8,8,0,107,1.0,0.06956521739130435,0.06956521739130435
6,clab-nebula-serf86,40,120,9,9,0,111,1.0,0.075,0.075
6,clab-nebula-serf86,45,134,11,11,0,123,1.0,0.08208955223880597,0.08208955223880597
6,clab-nebula-serf86,50,145,11,11,0,134,1.0,0.07586206896551724,0.07586206896551724
6,clab-nebula-serf86,55,155,11,11,0,144,1.0,0.07096774193548387,0.07096774193548387
6,clab-nebula-serf86,60,160,26,26,0,134,1.0,0.1625,0.1625
6,clab-nebula-serf90,5,2,0,0,0,2,0,0.0,0.0
6,clab-nebula-serf90,10,9,3,3,0,6,1.0,0.3333333333333333,0.3333333333333333
6,clab-nebula-serf90,15,30,9,9,0,21,1.0,0.3,0.3
6,clab-nebula-serf90,20,49,9,9,0,40,1.0,0.1836734693877551,0.1836734693877551
6,clab-nebula-serf90,25,78,16,16,0,62,1.0,0.20512820512820512,0.20512820512820512
6,clab-nebula-serf90,30,101,24,23,1,78,0.9583333333333334,0.22772277227722773,0.22549019607843138
6,clab-nebula-serf90,35,119,28,28,0,91,1.0,0.23529411764705882,0.23529411764705882
6,clab-nebula-serf90,40,122,28,28,0,94,1.0,0.22950819672131148,0.22950819672131148
6,clab-nebula-serf90,45,137,28,28,0,109,1.0,0.20437956204379562,0.20437956204379562
6,clab-nebula-serf90,50,154,28,28,0,126,1.0,0.18181818181818182,0.18181818181818182
6,clab-nebula-serf90,55,155,28,28,0,127,1.0,0.18064516129032257,0.18064516129032257
6,clab-nebula-serf90,60,159,28,28,0,131,1.0,0.1761006289308176,0.1761006289308176
6,clab-nebula-serf143,5,0,0,0,0,0,0.0,0.0,0.0
6,clab-nebula-serf143,10,0,0,0,0,0,0.0,0.0,0.0
6,clab-nebula-serf143,15,1,0,0,0,1,0,0.0,0.0
6,clab-nebula-serf143,20,2,0,0,0,2,0,0.0,0.0
6,clab-nebula-serf143,25,7,0,0,0,7,0,0.0,0.0
6,clab-nebula-serf143,30,13,18,7,11,6,0.3888888888888889,0.5384615384615384,0.2916666666666667
6,clab-nebula-serf143,35,32,19,18,1,14,0.9473684210526315,0.5625,0.5454545454545454
6,clab-nebula-serf143,40,56,19,19,0,37,1.0,0.3392857142857143,0.3392857142857143
6,clab-nebula-serf143,45,66,19,19,0,47,1.0,0.2878787878787879,0.2878787878787879
6,clab-nebula-serf143,50,103,19,19,0,84,1.0,0.18446601941747573,0.18446601941747573
6,clab-nebula-serf143,55,130,19,19,0,111,1.0,0.14615384615384616,0.14615384615384616
6,clab-nebula-serf143,60,145,19,19,0,126,1.0,0.1310344827586207,0.1310344827586207
6,clab-nebula-serf7,5,1,0,0,0,1,0,0.0,0.0
6,clab-nebula-serf7,10,9,6,3,3,6,0.5,0.3333333333333333,0.25
6,clab-nebula-serf7,15,19,6,6,0,13,1.0,0.3157894736842105,0.3157894736842105
6,clab-nebula-serf7,20,33,7,7,0,26,1.0,0.21212121212121213,0.21212121212121213
6,clab-nebula-serf7,25,67,19,19,0,48,1.0,0.2835820895522388,0.2835820895522388
6,clab-nebula-serf7,30,86,19,19,0,67,1.0,0.22093023255813954,0.22093023255813954
6,clab-nebula-serf7,35,99,45,44,1,55,0.9777777777777777,0.4444444444444444,0.44
6,clab-nebula-serf7,40,117,46,44,2,73,0.9565217391304348,0.37606837606837606,0.3697478991596639
6,clab-nebula-serf7,45,120,46,44,2,76,0.9565217391304348,0.36666666666666664,0.36065573770491804
6,clab-nebula-serf7,50,124,46,46,0,78,1.0,0.3709677419354839,0.3709677419354839
6,clab-nebula-serf7,55,151,68,68,0,83,1.0,0.4503311258278146,0.4503311258278146
6,clab-nebula-serf7,60,156,68,68,0,88,1.0,0.4358974358974359,0.4358974358974359
6,clab-nebula-serf37,5,2,2,1,1,1,0.5,0.5,0.3333333333333333
6,clab-nebula-serf37,10,8,7,3,4,5,0.42857142857142855,0.375,0.25
6,clab-nebula-serf37,15,29,9,8,1,21,0.8888888888888888,0.27586206896551724,0.26666666666666666
6,clab-nebula-serf37,20,65,9,9,0,56,1.0,0.13846153846153847,0.13846153846153847
6,clab-nebula-serf37,25,85,9,9,0,76,1.0,0.10588235294117647,0.10588235294117647
6,clab-nebula-serf37,30,96,33,32,1,64,0.9696969696969697,0.3333333333333333,0.32989690721649484
6,clab-nebula-serf37,35,111,36,35,1,76,0.9722222222222222,0.3153153153153153,0.3125
6,clab-nebula-serf37,40,121,56,56,0,65,1.0,0.4628099173553719,0.4628099173553719
6,clab-nebula-serf37,45,124,56,56,0,68,1.0,0.45161290322580644,0.45161290322580644
6,clab-nebula-serf37,50,146,58,58,0,88,1.0,0.3972602739726027,0.3972602739726027
6,clab-nebula-serf37,55,154,58,58,0,96,1.0,0.37662337662337664,0.37662337662337664
6,clab-nebula-serf37,60,156,58,58,0,98,1.0,0.3717948717948718,0.3717948717948718
6,clab-nebula-serf43,5,0,0,0,0,0,0.0,0.0,0.0
6,clab-nebula-serf43,10,5,0,0,0,5,0,0.0,0.0
6,clab-nebula-serf43,15,13,9,7,2,6,0.7777777777777778,0.5384615384615384,0.4666666666666667
6,clab-nebula-serf43,20,27,9,8,1,19,0.8888888888888888,0.2962962962962963,0.2857142857142857
6,clab-nebula-serf43,25,52,10,9,1,43,0.9,0.17307692307692307,0.16981132075471697
6,clab-nebula-serf43,30,82,18,18,0,64,1.0,0.21951219512195122,0.21951219512195122
6,clab-nebula-serf43,35,98,53,52,1,46,0.9811320754716981,0.5306122448979592,0.5252525252525253
6,clab-nebula-serf43,40,119,55,54,1,65,0.9818181818181818,0.453781512605042,0.45
6,clab-nebula-serf43,45,124,56,56,0,68,1.0,0.45161290322580644,0.45161290322580644
6,clab-nebula-serf43,50,126,56,56,0,70,1.0,0.4444444444444444,0.4444444444444444
6,clab-nebula-serf43,55,154,58,58,0,96,1.0,0.37662337662337664,0.37662337662337664
6,clab-nebula-serf43,60,154,58,58,0,96,1.0,0.37662337662337664,0.37662337662337664
6,clab-nebula-serf58,5,5,0,0,0,5,0,0.0,0.0
6,clab-nebula-serf58,10,19,5,4,1,15,0.8,0.21052631578947367,0.2
6,clab-nebula-serf58,15,57,20,16,4,41,0.8,0.2807017543859649,0.26229508196721313
6,clab-nebula-serf58,20,79,32,31,1,48,0.96875,0.3924050632911392,0.3875
6,clab-nebula-serf58,25,93,35,34,1,59,0.9714285714285714,0.3655913978494624,0.3617021276595745
6,clab-nebula-serf58,30,118,36,35,1,83,0.9722222222222222,0.2966101694915254,0.29411764705882354
6,clab-nebula-serf58,35,122,36,36,0,86,1.0,0.29508196721311475,0.29508196721311475
6,clab-nebula-serf58,40,125,37,37,0,88,1.0,0.296,0.296
6,clab-nebula-serf58,45,153,38,38,0,115,1.0,0.24836601307189543,0.24836601307189543
6,clab-nebula-serf58,50,154,38,38,0,116,1.0,0.24675324675324675,0.24675324675324675
6,clab-nebula-serf58,55,156,38,38,0,118,1.0,0.24358974358974358,0.24358974358974358
6,clab-nebula-serf58,60,160,38,38,0,122,1.0,0.2375,0.2375
6,clab-nebula-serf61,5,5,0,0,0,5,0,0.0,0.0
6,clab-nebula-serf61,10,20,5,4,1,16,0.8,0.2,0.19047619047619047
6,clab-nebula-serf61,15,61,21,21,0,40,1.0,0.3442622950819672,0.3442622950819672
6,clab-nebula-serf61,20,79,22,22,0,57,1.0,0.27848101265822783,0.27848101265822783
6,clab-nebula-serf61,25,93,35,34,1,59,0.9714285714285714,0.3655913978494624,0.3617021276595745
6,clab-nebula-serf61,30,118,37,36,1,82,0.972972972972973,0.3050847457627119,0.3025210084033613
6,clab-nebula-serf61,35,121,37,37,0,84,1.0,0.30578512396694213,0.30578512396694213
6,clab-nebula-serf61,40,124,37,37,0,87,1.0,0.29838709677419356,0.29838709677419356
6,clab-nebula-serf61,45,149,38,38,0,111,1.0,0.2550335570469799,0.2550335570469799
6,clab-nebula-serf61,50,154,38,38,0,116,1.0,0.24675324675324675,0.24675324675324675
6,clab-nebula-serf61,55,156,38,38,0,118,1.0,0.24358974358974358,0.24358974358974358
6,clab-nebula-serf61,60,158,38,38,0,120,1.0,0.24050632911392406,0.24050632911392406
6,clab-nebula-serf112,5,0,0,0,0,0,0.0,0.0,0.0
6,clab-nebula-serf112,10,0,0,0,0,0,0.0,0.0,0.0
6,clab-nebula-serf112,15,0,0,0,0,0,0.0,0.0,0.0
6,clab-nebula-serf112,20,0,0,0,0,0,0.0,0.0,0.0
6,clab-nebula-serf112,25,5,0,0,0,5,0,0.0,0.0
6,clab-nebula-serf112,30,18,0,0,0,18,0,0.0,0.0
6,clab-nebula-serf112,35,34,0,0,0,34,0,0.0,0.0
6,clab-nebula-serf112,40,64,0,0,0,64,0,0.0,0.0
6,clab-nebula-serf112,45,103,4,3,1,100,0.75,0.02912621359223301,0.028846153846153848
6,clab-nebula-serf112,50,136,6,6,0,130,1.0,0.04411764705882353,0.04411764705882353
6,clab-nebula-serf112,55,148,14,14,0,134,1.0,0.0945945945945946,0.0945945945945946
6,clab-nebula-serf112,60,159,14,14,0,145,1.0,0.0880503144654088,0.0880503144654088
6,clab-nebula-serf15,5,1,0,0,0,1,0,0.0,0.0
6,clab-nebula-serf15,10,14,4,4,0,10,1.0,0.2857142857142857,0.2857142857142857
6,clab-nebula-serf15,15,32,16,16,0,16,1.0,0.5,0.5
6,clab-nebula-serf15,20,68,25,25,0,43,1.0,0.36764705882352944,0.36764705882352944
6,clab-nebula-serf15,25,88,27,27,0,61,1.0,0.3068181818181818,0.3068181818181818
6,clab-nebula-serf15,30,100,39,38,1,62,0.9743589743589743,0.38,0.37623762376237624
6,clab-nebula-serf15,35,117,39,38,1,79,0.9743589743589743,0.3247863247863248,0.3220338983050847
6,clab-nebula-serf15,40,121,40,40,0,81,1.0,0.3305785123966942,0.3305785123966942
6,clab-nebula-serf15,45,124,40,40,0,84,1.0,0.3225806451612903,0.3225806451612903
6,clab-nebula-serf15,50,151,62,62,0,89,1.0,0.4105960264900662,0.4105960264900662
6,clab-nebula-serf15,55,154,62,62,0,92,1.0,0.4025974025974026,0.4025974025974026
6,clab-nebula-serf15,60,158,62,62,0,96,1.0,0.3924050632911392,0.3924050632911392
6,clab-nebula-serf16,5,2,0,0,0,2,0,0.0,0.0
6,clab-nebula-serf16,10,17,4,4,0,13,1.0,0.23529411764705882,0.23529411764705882
6,clab-nebula-serf16,15,33,16,16,0,17,1.0,0.48484848484848486,0.48484848484848486
6,clab-nebula-serf16,20,69,25,25,0,44,1.0,0.36231884057971014,0.36231884057971014
6,clab-nebula-serf16,25,88,28,28,0,60,1.0,0.3181818181818182,0.3181818181818182
6,clab-nebula-serf16,30,101,39,38,1,63,0.9743589743589743,0.37623762376237624,0.37254901960784315
6,clab-nebula-serf16,35,119,40,39,1,80,0.975,0.3277310924369748,0.325
6,clab-nebula-serf16,40,121,40,40,0,81,1.0,0.3305785123966942,0.3305785123966942
6,clab-nebula-serf16,45,126,40,40,0,86,1.0,0.31746031746031744,0.31746031746031744
6,clab-nebula-serf16,50,151,62,62,0,89,1.0,0.4105960264900662,0.4105960264900662
6,clab-nebula-serf16,55,155,62,62,0,93,1.0,0.4,0.4
6,clab-nebula-serf16,60,158,62,62,0,96,1.0,0.3924050632911392,0.3924050632911392
6,clab-nebula-serf77,5,3,0,0,0,3,0,0.0,0.0
6,clab-nebula-serf77,10,24,0,0,0,24,0,0.0,0.0
6,clab-nebula-serf77,15,38,16,16,0,22,1.0,0.42105263157894735,0.42105263157894735
6,clab-nebula-serf77,20,67,16,16,0,51,1.0,0.23880597014925373,0.23880597014925373
6,clab-nebula-serf77,25,90,16,16,0,74,1.0,0.17777777777777778,0.17777777777777778
6,clab-nebula-serf77,30,113,27,27,0,86,1.0,0.23893805309734514,0.23893805309734514
6,clab-nebula-serf77,35,121,27,27,0,94,1.0,0.2231404958677686,0.2231404958677686
6,clab-nebula-serf77,40,125,28,28,0,97,1.0,0.224,0.224
6,clab-nebula-serf77,45,151,28,28,0,123,1.0,0.18543046357615894,0.18543046357615894
6,clab-nebula-serf77,50,154,28,28,0,126,1.0,0.18181818181818182,0.18181818181818182
6,clab-nebula-serf77,55,158,28,28,0,130,1.0,0.17721518987341772,0.17721518987341772
6,clab-nebula-serf77,60,161,28,28,0,133,1.0,0.17391304347826086,0.17391304347826086
6,clab-nebula-serf121,5,0,0,0,0,0,0.0,0.0,0.0
6,clab-nebula-serf121,10,1,0,0,0,1,0,0.0,0.0
6,clab-nebula-serf121,15,8,2,2,0,6,1.0,0.25,0.25
6,clab-nebula-serf121,20,15,2,2,0,13,1.0,0.13333333333333333,0.13333333333333333
6,clab-nebula-serf121,25,32,2,2,0,30,1.0,0.0625,0.0625
6,clab-nebula-serf121,30,81,2,2,0,79,1.0,0.024691358024691357,0.024691358024691357
6,clab-nebula-serf121,35,121,22,21,1,100,0.9545454545454546,0.17355371900826447,0.1721311475409836
6,clab-nebula-serf121,40,138,8,8,0,130,1.0,0.057971014492753624,0.057971014492753624
6,clab-nebula-serf121,45,148,22,22,0,126,1.0,0.14864864864864866,0.14864864864864866
6,clab-nebula-serf121,50,160,26,26,0,134,1.0,0.1625,0.1625
6,clab-nebula-serf121,55,161,26,26,0,135,1.0,0.16149068322981366,0.16149068322981366
6,clab-nebula-serf121,60,161,26,26,0,135,1.0,0.16149068322981366,0.16149068322981366
6,clab-nebula-serf140,5,0,0,0,0,0,0.0,0.0,0.0
6,clab-nebula-serf140,10,0,0,0,0,0,0.0,0.0,0.0
6,clab-nebula-serf140,15,0,0,0,0,0,0.0,0.0,0.0
6,clab-nebula-serf140,20,13,5,5,0,8,1.0,0.38461538461538464,0.38461538461538464
6,clab-nebula-serf140,25,14,5,5,0,9,1.0,0.35714285714285715,0.35714285714285715
6,clab-nebula-serf140,30,25,18,16,2,9,0.8888888888888888,0.64,0.5925925925925926
6,clab-nebula-serf140,35,39,18,17,1,22,0.9444444444444444,0.4358974358974359,0.425
6,clab-nebula-serf140,40,52,26,26,0,26,1.0,0.5,0.5
6,clab-nebula-serf140,45,82,26,26,0,56,1.0,0.3170731707317073,0.3170731707317073
6,clab-nebula-serf140,50,108,31,30,1,78,0.967741935483871,0.2777777777777778,0.27522935779816515
6,clab-nebula-serf140,55,136,31,31,0,105,1.0,0.22794117647058823,0.22794117647058823
6,clab-nebula-serf140,60,145,31,31,0,114,1.0,0.21379310344827587,0.21379310344827587
6,clab-nebula-serf148,5,0,0,0,0,0,0.0,0.0,0.0
6,clab-nebula-serf148,10,0,0,0,0,0,0.0,0.0,0.0
6,clab-nebula-serf148,15,0,0,0,0,0,0.0,0.0,0.0
6,clab-nebula-serf148,20,6,1,0,1,6,0.0,0.0,0.0
6,clab-nebula-serf148,25,12,1,1,0,11,1.0,0.08333333333333333,0.08333333333333333
6,clab-nebula-serf148,30,22,9,9,0,13,1.0,0.4090909090909091,0.4090909090909091
6,clab-nebula-serf148,35,38,9,9,0,29,1.0,0.23684210526315788,0.23684210526315788
6,clab-nebula-serf148,40,52,10,9,1,43,0.9,0.17307692307692307,0.16981132075471697
6,clab-nebula-serf148,45,68,10,9,1,59,0.9,0.1323529411764706,0.13043478260869565
6,clab-nebula-serf148,50,103,10,10,0,93,1.0,0.0970873786407767,0.0970873786407767
6,clab-nebula-serf148,55,133,10,10,0,123,1.0,0.07518796992481203,0.07518796992481203
6,clab-nebula-serf148,60,148,11,11,0,137,1.0,0.07432432432432433,0.07432432432432433
6,clab-nebula-serf154,5,0,0,0,0,0,0.0,0.0,0.0
6,clab-nebula-serf154,10,0,0,0,0,0,0.0,0.0,0.0
6,clab-nebula-serf154,15,1,0,0,0,1,0,0.0,0.0
6,clab-nebula-serf154,20,9,8,6,2,3,0.75,0.6666666666666666,0.5454545454545454
6,clab-nebula-serf154,25,12,8,8,0,4,1.0,0.6666666666666666,0.6666666666666666
6,clab-nebula-serf154,30,23,9,9,0,14,1.0,0.391304347826087,0.391304347826087
6,clab-nebula-serf154,35,42,9,9,0,33,1.0,0.21428571428571427,0.21428571428571427
6,clab-nebula-serf154,40,55,10,9,1,46,0.9,0.16363636363636364,0.16071428571428573
6,clab-nebula-serf154,45,79,10,9,1,70,0.9,0.11392405063291139,0.1125
6,clab-nebula-serf154,50,113,10,10,0,103,1.0,0.08849557522123894,0.08849557522123894
6,clab-nebula-serf154,55,137,10,10,0,127,1.0,0.072992700729927,0.072992700729927
6,clab-nebula-serf154,60,147,11,11,0,136,1.0,0.07482993197278912,0.07482993197278912
6,clab-nebula-serf156,5,0,0,0,0,0,0.0,0.0,0.0
6,clab-nebula-serf156,10,0,0,0,0,0,0.0,0.0,0.0
6,clab-nebula-serf156,15,4,5,1,4,3,0.2,0.25,0.125
6,clab-nebula-serf156,20,12,5,5,0,7,1.0,0.4166666666666667,0.4166666666666667
6,clab-nebula-serf156,25,18,8,8,0,10,1.0,0.4444444444444444,0.4444444444444444
6,clab-nebula-serf156,30,33,9,9,0,24,1.0,0.2727272727272727,0.2727272727272727
6,clab-nebula-serf156,35,49,9,9,0,40,1.0,0.1836734693877551,0.1836734693877551
6,clab-nebula-serf156,40,61,10,9,1,52,0.9,0.14754098360655737,0.14516129032258066
6,clab-nebula-serf156,45,99,10,10,0,89,1.0,0.10101010101010101,0.10101010101010101
6,clab-nebula-serf156,50,130,10,10,0,120,1.0,0.07692307692307693,0.07692307692307693
6,clab-nebula-serf156,55,145,11,11,0,134,1.0,0.07586206896551724,0.07586206896551724
6,clab-nebula-serf156,60,154,14,14,0,140,1.0,0.09090909090909091,0.09090909090909091
6,clab-nebula-serf23,5,0,0,0,0,0,0.0,0.0,0.0
6,clab-nebula-serf23,10,0,0,0,0,0,0.0,0.0,0.0
6,clab-nebula-serf23,15,4,0,0,0,4,0,0.0,0.0
6,clab-nebula-serf23,20,11,9,8,1,3,0.8888888888888888,0.7272727272727273,0.6666666666666666
6,clab-nebula-serf23,25,22,11,10,1,12,0.9090909090909091,0.45454545454545453,0.43478260869565216
6,clab-nebula-serf23,30,39,17,17,0,22,1.0,0.4358974358974359,0.4358974358974359
6,clab-nebula-serf23,35,75,17,17,0,58,1.0,0.22666666666666666,0.22666666666666666
6,clab-nebula-serf23,40,91,29,29,0,62,1.0,0.31868131868131866,0.31868131868131866
6,clab-nebula-serf23,45,99,56,55,1,44,0.9821428571428571,0.5555555555555556,0.55
6,clab-nebula-serf23,50,117,56,55,1,62,0.9821428571428571,0.4700854700854701,0.4661016949152542
6,clab-nebula-serf23,55,122,56,56,0,66,1.0,0.45901639344262296,0.45901639344262296
6,clab-nebula-serf23,60,124,56,56,0,68,1.0,0.45161290322580644,0.45161290322580644
6,clab-nebula-serf39,5,2,0,0,0,2,0,0.0,0.0
6,clab-nebula-serf39,10,15,9,5,4,10,0.5555555555555556,0.3333333333333333,0.2631578947368421
6,clab-nebula-serf39,15,53,9,8,1,45,0.8888888888888888,0.1509433962264151,0.14814814814814814
6,clab-nebula-serf39,20,81,9,9,0,72,1.0,0.1111111111111111,0.1111111111111111
6,clab-nebula-serf39,25,90,9,9,0,81,1.0,0.1,0.1
6,clab-nebula-serf39,30,106,33,32,1,74,0.9696969696969697,0.3018867924528302,0.29906542056074764
6,clab-nebula-serf39,35,119,36,35,1,84,0.9722222222222222,0.29411764705882354,0.2916666666666667
6,clab-nebula-serf39,40,124,36,36,0,88,1.0,0.2903225806451613,0.2903225806451613
6,clab-nebula-serf39,45,138,58,58,0,80,1.0,0.42028985507246375,0.42028985507246375
6,clab-nebula-serf39,50,154,58,58,0,96,1.0,0.37662337662337664,0.37662337662337664
6,clab-nebula-serf39,55,155,58,58,0,97,1.0,0.3741935483870968,0.3741935483870968
6,clab-nebula-serf39,60,158,58,58,0,100,1.0,0.3670886075949367,0.3670886075949367
6,clab-nebula-serf62,5,0,0,0,0,0,0.0,0.0,0.0
6,clab-nebula-serf62,10,4,2,1,1,3,0.5,0.25,0.2
6,clab-nebula-serf62,15,13,5,4,1,9,0.8,0.3076923076923077,0.2857142857142857
6,clab-nebula-serf62,20,48,21,19,2,29,0.9047619047619048,0.3958333333333333,0.38
6,clab-nebula-serf62,25,73,21,21,0,52,1.0,0.2876712328767123,0.2876712328767123
6,clab-nebula-serf62,30,88,35,34,1,54,0.9714285714285714,0.38636363636363635,0.38202247191011235
6,clab-nebula-serf62,35,110,37,36,1,74,0.972972972972973,0.32727272727272727,0.32432432432432434
6,clab-nebula-serf62,40,120,36,36,0,84,1.0,0.3,0.3
6,clab-nebula-serf62,45,124,37,37,0,87,1.0,0.29838709677419356,0.29838709677419356
6,clab-nebula-serf62,50,144,38,38,0,106,1.0,0.2638888888888889,0.2638888888888889
6,clab-nebula-serf62,55,154,38,38,0,116,1.0,0.24675324675324675,0.24675324675324675
6,clab-nebula-serf62,60,154,38,38,0,116,1.0,0.24675324675324675,0.24675324675324675
6,clab-nebula-serf107,5,0,0,0,0,0,0.0,0.0,0.0
6,clab-nebula-serf107,10,2,0,0,0,2,0,0.0,0.0
6,clab-nebula-serf107,15,6,0,0,0,6,0,0.0,0.0
6,clab-nebula-serf107,20,15,10,10,0,5,1.0,0.6666666666666666,0.6666666666666666
6,clab-nebula-serf107,25,40,17,16,1,24,0.9411764705882353,0.4,0.3902439024390244
6,clab-nebula-serf107,30,71,28,28,0,43,1.0,0.39436619718309857,0.39436619718309857
6,clab-nebula-serf107,35,104,28,28,0,76,1.0,0.2692307692307692,0.2692307692307692
6,clab-nebula-serf107,40,144,28,28,0,116,1.0,0.19444444444444445,0.19444444444444445
6,clab-nebula-serf107,45,149,28,28,0,121,1.0,0.18791946308724833,0.18791946308724833
6,clab-nebula-serf107,50,154,28,28,0,126,1.0,0.18181818181818182,0.18181818181818182
6,clab-nebula-serf107,55,157,28,28,0,129,1.0,0.17834394904458598,0.17834394904458598
6,clab-nebula-serf107,60,161,28,28,0,133,1.0,0.17391304347826086,0.17391304347826086
6,clab-nebula-serf115,5,0,0,0,0,0,0.0,0.0,0.0
6,clab-nebula-serf115,10,0,0,0,0,0,0.0,0.0,0.0
6,clab-nebula-serf115,15,0,0,0,0,0,0.0,0.0,0.0
6,clab-nebula-serf115,20,0,0,0,0,0,0.0,0.0,0.0
6,clab-nebula-serf115,25,0,0,0,0,0,0.0,0.0,0.0
6,clab-nebula-serf115,30,0,0,0,0,0,0.0,0.0,0.0
6,clab-nebula-serf115,35,1,0,0,0,1,0,0.0,0.0
6,clab-nebula-serf115,40,3,0,0,0,3,0,0.0,0.0
6,clab-nebula-serf115,45,6,1,1,0,5,1.0,0.16666666666666666,0.16666666666666666
6,clab-nebula-serf115,50,23,1,1,0,22,1.0,0.043478260869565216,0.043478260869565216
6,clab-nebula-serf115,55,57,1,1,0,56,1.0,0.017543859649122806,0.017543859649122806
6,clab-nebula-serf115,60,103,1,1,0,102,1.0,0.009708737864077669,0.009708737864077669
6,clab-nebula-serf151,5,0,0,0,0,0,0.0,0.0,0.0
6,clab-nebula-serf151,10,0,0,0,0,0,0.0,0.0,0.0
6,clab-nebula-serf151,15,1,0,0,0,1,0,0.0,0.0
6,clab-nebula-serf151,20,11,8,7,1,4,0.875,0.6363636363636364,0.5833333333333334
6,clab-nebula-serf151,25,13,8,8,0,5,1.0,0.6153846153846154,0.6153846153846154
6,clab-nebula-serf151,30,23,9,9,0,14,1.0,0.391304347826087,0.391304347826087
6,clab-nebula-serf151,35,43,9,9,0,34,1.0,0.20930232558139536,0.20930232558139536
6,clab-nebula-serf151,40,55,10,9,1,46,0.9,0.16363636363636364,0.16071428571428573
6,clab-nebula-serf151,45,81,10,10,0,71,1.0,0.12345679012345678,0.12345679012345678
6,clab-nebula-serf151,50,114,10,10,0,104,1.0,0.08771929824561403,0.08771929824561403
6,clab-nebula-serf151,55,137,10,10,0,127,1.0,0.072992700729927,0.072992700729927
6,clab-nebula-serf151,60,148,11,11,0,137,1.0,0.07432432432432433,0.07432432432432433
6,clab-nebula-serf158,5,4,0,0,0,4,0,0.0,0.0
6,clab-nebula-serf158,10,4,0,0,0,4,0,0.0,0.0
6,clab-nebula-serf158,15,5,0,0,0,5,0,0.0,0.0
6,clab-nebula-serf158,20,8,5,5,0,3,1.0,0.625,0.625
6,clab-nebula-serf158,25,16,5,5,0,11,1.0,0.3125,0.3125
6,clab-nebula-serf158,30,34,24,23,1,11,0.9583333333333334,0.6764705882352942,0.6571428571428571
6,clab-nebula-serf158,35,40,25,25,0,15,1.0,0.625,0.625
6,clab-nebula-serf158,40,52,36,33,3,19,0.9166666666666666,0.6346153846153846,0.6
6,clab-nebula-serf158,45,68,36,35,1,33,0.9722222222222222,0.5147058823529411,0.5072463768115942
6,clab-nebula-serf158,50,103,47,47,0,56,1.0,0.4563106796116505,0.4563106796116505
6,clab-nebula-serf158,55,136,53,53,0,83,1.0,0.3897058823529412,0.3897058823529412
6,clab-nebula-serf158,60,148,53,53,0,95,1.0,0.3581081081081081,0.3581081081081081
6,clab-nebula-serf28,5,0,0,0,0,0,0.0,0.0,0.0
6,clab-nebula-serf28,10,1,0,0,0,1,0,0.0,0.0
6,clab-nebula-serf28,15,2,1,0,1,2,0.0,0.0,0.0
6,clab-nebula-serf28,20,4,1,1,0,3,1.0,0.25,0.25
6,clab-nebula-serf28,25,7,1,1,0,6,1.0,0.14285714285714285,0.14285714285714285
6,clab-nebula-serf28,30,19,1,1,0,18,1.0,0.05263157894736842,0.05263157894736842
6,clab-nebula-serf28,35,29,1,1,0,28,1.0,0.034482758620689655,0.034482758620689655
6,clab-nebula-serf28,40,61,1,1,0,60,1.0,0.01639344262295082,0.01639344262295082
6,clab-nebula-serf28,45,91,1,1,0,90,1.0,0.01098901098901099,0.01098901098901099
6,clab-nebula-serf28,50,95,1,1,0,94,1.0,0.010526315789473684,0.010526315789473684
6,clab-nebula-serf28,55,111,1,1,0,110,1.0,0.009009009009009009,0.009009009009009009
6,clab-nebula-serf28,60,121,1,1,0,120,1.0,0.008264462809917356,0.008264462809917356
6,clab-nebula-serf29,5,0,0,0,0,0,0.0,0.0,0.0
6,clab-nebula-serf29,10,2,0,0,0,2,0,0.0,0.0
6,clab-nebula-serf29,15,6,0,0,0,6,0,0.0,0.0
6,clab-nebula-serf29,20,14,0,0,0,14,0,0.0,0.0
6,clab-nebula-serf29,25,23,0,0,0,23,0,0.0,0.0
6,clab-nebula-serf29,30,39,1,1,0,38,1.0,0.02564102564102564,0.02564102564102564
6,clab-nebula-serf29,35,79,1,1,0,78,1.0,0.012658227848101266,0.012658227848101266
6,clab-nebula-serf29,40,92,1,1,0,91,1.0,0.010869565217391304,0.010869565217391304
6,clab-nebula-serf29,45,98,1,1,0,97,1.0,0.01020408163265306,0.01020408163265306
6,clab-nebula-serf29,50,115,1,1,0,114,1.0,0.008695652173913044,0.008695652173913044
6,clab-nebula-serf29,55,122,1,1,0,121,1.0,0.00819672131147541,0.00819672131147541
6,clab-nebula-serf29,60,125,1,1,0,124,1.0,0.008,0.008
8,clab-nebula-serf130,5,0,0,0,0,0,0.0,0.0,0.0
8,clab-nebula-serf130,10,0,0,0,0,0,0.0,0.0,0.0
8,clab-nebula-serf130,15,0,0,0,0,0,0.0,0.0,0.0
8,clab-nebula-serf130,20,13,12,11,1,2,0.9166666666666666,0.8461538461538461,0.7857142857142857
8,clab-nebula-serf130,25,14,11,11,0,3,1.0,0.7857142857142857,0.7857142857142857
8,clab-nebula-serf130,30,24,19,15,4,9,0.7894736842105263,0.625,0.5357142857142857
8,clab-nebula-serf130,35,41,20,20,0,21,1.0,0.4878048780487805,0.4878048780487805
8,clab-nebula-serf130,40,53,25,25,0,28,1.0,0.4716981132075472,0.4716981132075472
8,clab-nebula-serf130,45,84,26,26,0,58,1.0,0.30952380952380953,0.30952380952380953
8,clab-nebula-serf130,50,111,31,30,1,81,0.967741935483871,0.2702702702702703,0.26785714285714285
8,clab-nebula-serf130,55,136,31,31,0,105,1.0,0.22794117647058823,0.22794117647058823
8,clab-nebula-serf130,60,146,31,31,0,115,1.0,0.21232876712328766,0.21232876712328766
8,clab-nebula-serf161,5,4,0,0,0,4,0,0.0,0.0
8,clab-nebula-serf161,10,4,0,0,0,4,0,0.0,0.0
8,clab-nebula-serf161,15,5,1,1,0,4,1.0,0.2,0.2
8,clab-nebula-serf161,20,10,5,5,0,5,1.0,0.5,0.5
8,clab-nebula-serf161,25,22,5,5,0,17,1.0,0.22727272727272727,0.22727272727272727
8,clab-nebula-serf161,30,36,6,6,0,30,1.0,0.16666666666666666,0.16666666666666666
8,clab-nebula-serf161,35,42,24,24,0,18,1.0,0.5714285714285714,0.5714285714285714
8,clab-nebula-serf161,40,58,32,32,0,26,1.0,0.5517241379310345,0.5517241379310345
8,clab-nebula-serf161,45,79,36,35,1,44,0.9722222222222222,0.4430379746835443,0.4375
8,clab-nebula-serf161,50,117,54,54,0,63,1.0,0.46153846153846156,0.46153846153846156
8,clab-nebula-serf161,55,139,55,55,0,84,1.0,0.39568345323741005,0.39568345323741005
8,clab-nebula-serf161,60,149,55,55,0,94,1.0,0.3691275167785235,0.3691275167785235
8,clab-nebula-serf32,5,3,3,2,1,1,0.6666666666666666,0.6666666666666666,0.5
8,clab-nebula-serf32,10,19,9,8,1,11,0.8888888888888888,0.42105263157894735,0.4
8,clab-nebula-serf32,15,32,9,9,0,23,1.0,0.28125,0.28125
8,clab-nebula-serf32,20,59,17,17,0,42,1.0,0.288135593220339,0.288135593220339
8,clab-nebula-serf32,25,88,17,17,0,71,1.0,0.19318181818181818,0.19318181818181818
8,clab-nebula-serf32,30,95,28,28,0,67,1.0,0.29473684210526313,0.29473684210526313
8,clab-nebula-serf32,35,108,53,52,1,56,0.9811320754716981,0.48148148148148145,0.47706422018348627
8,clab-nebula-serf32,40,121,53,53,0,68,1.0,0.4380165289256198,0.4380165289256198
8,clab-nebula-serf32,45,124,55,55,0,69,1.0,0.4435483870967742,0.4435483870967742
8,clab-nebula-serf32,50,137,57,57,0,80,1.0,0.41605839416058393,0.41605839416058393
8,clab-nebula-serf32,55,154,57,57,0,97,1.0,0.37012987012987014,0.37012987012987014
8,clab-nebula-serf32,60,155,57,57,0,98,1.0,0.36774193548387096,0.36774193548387096
8,clab-nebula-serf63,5,0,0,0,0,0,0.0,0.0,0.0
8,clab-nebula-serf63,10,0,0,0,0,0,0.0,0.0,0.0
8,clab-nebula-serf63,15,6,5,4,1,2,0.8,0.6666666666666666,0.5714285714285714
8,clab-nebula-serf63,20,32,6,6,0,26,1.0,0.1875,0.1875
8,clab-nebula-serf63,25,64,28,25,3,39,0.8928571428571429,0.390625,0.373134328358209
8,clab-nebula-serf63,30,84,29,28,1,56,0.9655172413793104,0.3333333333333333,0.32941176470588235
8,clab-nebula-serf63,35,103,35,34,1,69,0.9714285714285714,0.3300970873786408,0.3269230769230769
8,clab-nebula-serf63,40,119,36,35,1,84,0.9722222222222222,0.29411764705882354,0.2916666666666667
8,clab-nebula-serf63,45,124,36,36,0,88,1.0,0.2903225806451613,0.2903225806451613
8,clab-nebula-serf63,50,128,57,57,0,71,1.0,0.4453125,0.4453125
8,clab-nebula-serf63,55,154,59,59,0,95,1.0,0.38311688311688313,0.38311688311688313
8,clab-nebula-serf63,60,154,59,59,0,95,1.0,0.38311688311688313,0.38311688311688313
8,clab-nebula-serf45,5,2,0,0,0,2,0,0.0,0.0
8,clab-nebula-serf45,10,8,5,4,1,4,0.8,0.5,0.4444444444444444
8,clab-nebula-serf45,15,22,9,7,2,15,0.7777777777777778,0.3181818181818182,0.2916666666666667
8,clab-nebula-serf45,20,40,9,9,0,31,1.0,0.225,0.225
8,clab-nebula-serf45,25,80,11,11,0,69,1.0,0.1375,0.1375
8,clab-nebula-serf45,30,90,49,48,1,42,0.9795918367346939,0.5333333333333333,0.5274725274725275
8,clab-nebula-serf45,35,118,53,52,1,66,0.9811320754716981,0.4406779661016949,0.4369747899159664
8,clab-nebula-serf45,40,121,53,53,0,68,1.0,0.4380165289256198,0.4380165289256198
8,clab-nebula-serf45,45,124,55,55,0,69,1.0,0.4435483870967742,0.4435483870967742
8,clab-nebula-serf45,50,145,57,57,0,88,1.0,0.3931034482758621,0.3931034482758621
8,clab-nebula-serf45,55,154,57,57,0,97,1.0,0.37012987012987014,0.37012987012987014
8,clab-nebula-serf45,60,155,57,57,0,98,1.0,0.36774193548387096,0.36774193548387096
8,clab-nebula-serf49,5,4,2,1,1,3,0.5,0.25,0.2
8,clab-nebula-serf49,10,14,9,7,2,7,0.7777777777777778,0.5,0.4375
8,clab-nebula-serf49,15,30,9,9,0,21,1.0,0.3,0.3
8,clab-nebula-serf49,20,67,10,10,0,57,1.0,0.14925373134328357,0.14925373134328357
8,clab-nebula-serf49,25,84,18,18,0,66,1.0,0.21428571428571427,0.21428571428571427
8,clab-nebula-serf49,30,106,53,52,1,54,0.9811320754716981,0.49056603773584906,0.48598130841121495
8,clab-nebula-serf49,35,121,53,53,0,68,1.0,0.4380165289256198,0.4380165289256198
8,clab-nebula-serf49,40,124,55,55,0,69,1.0,0.4435483870967742,0.4435483870967742
8,clab-nebula-serf49,45,135,55,55,0,80,1.0,0.4074074074074074,0.4074074074074074
8,clab-nebula-serf49,50,154,57,57,0,97,1.0,0.37012987012987014,0.37012987012987014
8,clab-nebula-serf49,55,154,57,57,0,97,1.0,0.37012987012987014,0.37012987012987014
8,clab-nebula-serf49,60,157,57,57,0,100,1.0,0.3630573248407643,0.3630573248407643
8,clab-nebula-serf83,5,0,0,0,0,0,0.0,0.0,0.0
8,clab-nebula-serf83,10,3,0,0,0,3,0,0.0,0.0
8,clab-nebula-serf83,15,14,6,5,1,9,0.8333333333333334,0.35714285714285715,0.3333333333333333
8,clab-nebula-serf83,20,33,6,6,0,27,1.0,0.18181818181818182,0.18181818181818182
8,clab-nebula-serf83,25,50,6,6,0,44,1.0,0.12,0.12
8,clab-nebula-serf83,30,79,9,9,0,70,1.0,0.11392405063291139,0.11392405063291139
8,clab-nebula-serf83,35,109,10,10,0,99,1.0,0.09174311926605505,0.09174311926605505
8,clab-nebula-serf83,40,119,10,10,0,109,1.0,0.08403361344537816,0.08403361344537816
8,clab-nebula-serf83,45,128,12,12,0,116,1.0,0.09375,0.09375
8,clab-nebula-serf83,50,140,12,12,0,128,1.0,0.08571428571428572,0.08571428571428572
8,clab-nebula-serf83,55,154,12,12,0,142,1.0,0.07792207792207792,0.07792207792207792
8,clab-nebula-serf83,60,156,12,12,0,144,1.0,0.07692307692307693,0.07692307692307693
8,clab-nebula-serf91,5,3,0,0,0,3,0,0.0,0.0
8,clab-nebula-serf91,10,17,5,4,1,13,0.8,0.23529411764705882,0.2222222222222222
8,clab-nebula-serf91,15,36,6,6,0,30,1.0,0.16666666666666666,0.16666666666666666
8,clab-nebula-serf91,20,56,6,6,0,50,1.0,0.10714285714285714,0.10714285714285714
8,clab-nebula-serf91,25,81,9,9,0,72,1.0,0.1111111111111111,0.1111111111111111
8,clab-nebula-serf91,30,112,10,10,0,102,1.0,0.08928571428571429,0.08928571428571429
8,clab-nebula-serf91,35,119,10,10,0,109,1.0,0.08403361344537816,0.08403361344537816
8,clab-nebula-serf91,40,129,12,12,0,117,1.0,0.09302325581395349,0.09302325581395349
8,clab-nebula-serf91,45,146,12,12,0,134,1.0,0.0821917808219178,0.0821917808219178
8,clab-nebula-serf91,50,154,12,12,0,142,1.0,0.07792207792207792,0.07792207792207792
8,clab-nebula-serf91,55,157,12,12,0,145,1.0,0.07643312101910828,0.07643312101910828
8,clab-nebula-serf91,60,161,27,27,0,134,1.0,0.16770186335403728,0.16770186335403728
8,clab-nebula-serf136,5,0,0,0,0,0,0.0,0.0,0.0
8,clab-nebula-serf136,10,0,0,0,0,0,0.0,0.0,0.0
8,clab-nebula-serf136,15,2,0,0,0,2,0,0.0,0.0
8,clab-nebula-serf136,20,14,12,12,0,2,1.0,0.8571428571428571,0.8571428571428571
8,clab-nebula-serf136,25,18,13,13,0,5,1.0,0.7222222222222222,0.7222222222222222
8,clab-nebula-serf136,30,28,20,16,4,12,0.8,0.5714285714285714,0.5
8,clab-nebula-serf136,35,45,22,22,0,23,1.0,0.4888888888888889,0.4888888888888889
8,clab-nebula-serf136,40,66,40,39,1,27,0.975,0.5909090909090909,0.582089552238806
8,clab-nebula-serf136,45,95,31,30,1,65,0.967741935483871,0.3157894736842105,0.3125
8,clab-nebula-serf136,50,124,31,31,0,93,1.0,0.25,0.25
8,clab-nebula-serf136,55,137,31,31,0,106,1.0,0.22627737226277372,0.22627737226277372
8,clab-nebula-serf136,60,149,64,64,0,85,1.0,0.42953020134228187,0.42953020134228187
8,clab-nebula-serf146,5,0,0,0,0,0,0.0,0.0,0.0
8,clab-nebula-serf146,10,0,0,0,0,0,0.0,0.0,0.0
8,clab-nebula-serf146,15,1,0,0,0,1,0,0.0,0.0
8,clab-nebula-serf146,20,5,4,2,2,3,0.5,0.4,0.2857142857142857
8,clab-nebula-serf146,25,8,4,4,0,4,1.0,0.5,0.5
8,clab-nebula-serf146,30,16,20,10,10,6,0.5,0.625,0.38461538461538464
8,clab-nebula-serf146,35,44,20,20,0,24,1.0,0.45454545454545453,0.45454545454545453
8,clab-nebula-serf146,40,58,21,21,0,37,1.0,0.3620689655172414,0.3620689655172414
8,clab-nebula-serf146,45,78,20,20,0,58,1.0,0.2564102564102564,0.2564102564102564
8,clab-nebula-serf146,50,114,21,21,0,93,1.0,0.18421052631578946,0.18421052631578946
8,clab-nebula-serf146,55,137,19,19,0,118,1.0,0.1386861313868613,0.1386861313868613
8,clab-nebula-serf146,60,146,19,19,0,127,1.0,0.13013698630136986,0.13013698630136986
8,clab-nebula-serf12,5,0,0,0,0,0,0.0,0.0,0.0
8,clab-nebula-serf12,10,5,1,1,0,4,1.0,0.2,0.2
8,clab-nebula-serf12,15,19,10,8,2,11,0.8,0.42105263157894735,0.38095238095238093
8,clab-nebula-serf12,20,38,25,23,2,15,0.92,0.6052631578947368,0.575
8,clab-nebula-serf12,25,71,25,25,0,46,1.0,0.352112676056338,0.352112676056338
8,clab-nebula-serf12,30,88,27,27,0,61,1.0,0.3068181818181818,0.3068181818181818
8,clab-nebula-serf12,35,102,39,38,1,64,0.9743589743589743,0.37254901960784315,0.36893203883495146
8,clab-nebula-serf12,40,119,39,38,1,81,0.9743589743589743,0.31932773109243695,0.31666666666666665
8,clab-nebula-serf12,45,121,42,42,0,79,1.0,0.34710743801652894,0.34710743801652894
8,clab-nebula-serf12,50,127,39,39,0,88,1.0,0.30708661417322836,0.30708661417322836
8,clab-nebula-serf12,55,153,61,61,0,92,1.0,0.39869281045751637,0.39869281045751637
8,clab-nebula-serf12,60,155,61,61,0,94,1.0,0.3935483870967742,0.3935483870967742
8,clab-nebula-serf19,5,0,0,0,0,0,0.0,0.0,0.0
8,clab-nebula-serf19,10,5,1,1,0,4,1.0,0.2,0.2
8,clab-nebula-serf19,15,23,1,1,0,22,1.0,0.043478260869565216,0.043478260869565216
8,clab-nebula-serf19,20,44,1,1,0,43,1.0,0.022727272727272728,0.022727272727272728
8,clab-nebula-serf19,25,73,1,1,0,72,1.0,0.0136986301369863,0.0136986301369863
8,clab-nebula-serf19,30,90,1,1,0,89,1.0,0.011111111111111112,0.011111111111111112
8,clab-nebula-serf19,35,105,1,1,0,104,1.0,0.009523809523809525,0.009523809523809525
8,clab-nebula-serf19,40,120,1,1,0,119,1.0,0.008333333333333333,0.008333333333333333
8,clab-nebula-serf19,45,123,1,1,0,122,1.0,0.008130081300813009,0.008130081300813009
8,clab-nebula-serf19,50,142,1,1,0,141,1.0,0.007042253521126761,0.007042253521126761
8,clab-nebula-serf19,55,153,1,1,0,152,1.0,0.006535947712418301,0.006535947712418301
8,clab-nebula-serf19,60,157,1,1,0,156,1.0,0.006369426751592357,0.006369426751592357
8,clab-nebula-serf80,5,0,0,0,0,0,0.0,0.0,0.0
8,clab-nebula-serf80,10,14,3,2,1,12,0.6666666666666666,0.14285714285714285,0.13333333333333333
8,clab-nebula-serf80,15,32,10,10,0,22,1.0,0.3125,0.3125
8,clab-nebula-serf80,20,55,17,17,0,38,1.0,0.3090909090909091,0.3090909090909091
8,clab-nebula-serf80,25,84,17,17,0,67,1.0,0.20238095238095238,0.20238095238095238
8,clab-nebula-serf80,30,110,29,28,1,82,0.9655172413793104,0.2545454545454545,0.25225225225225223
8,clab-nebula-serf80,35,120,29,28,1,92,0.9655172413793104,0.23333333333333334,0.23140495867768596
8,clab-nebula-serf80,40,127,30,30,0,97,1.0,0.23622047244094488,0.23622047244094488
8,clab-nebula-serf80,45,152,30,30,0,122,1.0,0.19736842105263158,0.19736842105263158
8,clab-nebula-serf80,50,154,30,30,0,124,1.0,0.19480519480519481,0.19480519480519481
8,clab-nebula-serf80,55,156,30,30,0,126,1.0,0.19230769230769232,0.19230769230769232
8,clab-nebula-serf80,60,159,30,30,0,129,1.0,0.18867924528301888,0.18867924528301888
8,clab-nebula-serf111,5,1,0,0,0,1,0,0.0,0.0
8,clab-nebula-serf111,10,7,0,0,0,7,0,0.0,0.0
8,clab-nebula-serf111,15,17,11,10,1,7,0.9090909090909091,0.5882352941176471,0.5555555555555556
8,clab-nebula-serf111,20,47,29,24,5,23,0.8275862068965517,0.5106382978723404,0.46153846153846156
8,clab-nebula-serf111,25,73,30,30,0,43,1.0,0.410958904109589,0.410958904109589
8,clab-nebula-serf111,30,111,30,30,0,81,1.0,0.2702702702702703,0.2702702702702703
8,clab-nebula-serf111,35,145,30,30,0,115,1.0,0.20689655172413793,0.20689655172413793
8,clab-nebula-serf111,40,150,30,30,0,120,1.0,0.2,0.2
8,clab-nebula-serf111,45,154,30,30,0,124,1.0,0.19480519480519481,0.19480519480519481
8,clab-nebula-serf111,50,158,30,30,0,128,1.0,0.189873417721519,0.189873417721519
8,clab-nebula-serf111,55,161,30,30,0,131,1.0,0.18633540372670807,0.18633540372670807
8,clab-nebula-serf111,60,161,30,30,0,131,1.0,0.18633540372670807,0.18633540372670807
8,clab-nebula-serf109,5,3,2,1,1,2,0.5,0.3333333333333333,0.25
8,clab-nebula-serf109,10,8,7,6,1,2,0.8571428571428571,0.75,0.6666666666666666
8,clab-nebula-serf109,15,26,11,10,1,16,0.9090909090909091,0.38461538461538464,0.37037037037037035
8,clab-nebula-serf109,20,58,29,28,1,30,0.9655172413793104,0.4827586206896552,0.4745762711864407
8,clab-nebula-serf109,25,87,29,29,0,58,1.0,0.3333333333333333,0.3333333333333333
8,clab-nebula-serf109,30,130,30,30,0,100,1.0,0.23076923076923078,0.23076923076923078
8,clab-nebula-serf109,35,145,30,30,0,115,1.0,0.20689655172413793,0.20689655172413793
8,clab-nebula-serf109,40,153,30,30,0,123,1.0,0.19607843137254902,0.19607843137254902
8,clab-nebula-serf109,45,155,30,30,0,125,1.0,0.1935483870967742,0.1935483870967742
8,clab-nebula-serf109,50,159,30,30,0,129,1.0,0.18867924528301888,0.18867924528301888
8,clab-nebula-serf109,55,161,30,30,0,131,1.0,0.18633540372670807,0.18633540372670807
8,clab-nebula-serf109,60,161,30,30,0,131,1.0,0.18633540372670807,0.18633540372670807
8,clab-nebula-serf147,5,0,0,0,0,0,0.0,0.0,0.0
8,clab-nebula-serf147,10,0,0,0,0,0,0.0,0.0,0.0
8,clab-nebula-serf147,15,2,9,1,8,1,0.1111111111111111,0.5,0.1
8,clab-nebula-serf147,20,12,9,9,0,3,1.0,0.75,0.75
8,clab-nebula-serf147,25,14,9,9,0,5,1.0,0.6428571428571429,0.6428571428571429
8,clab-nebula-serf147,30,27,9,9,0,18,1.0,0.3333333333333333,0.3333333333333333
8,clab-nebula-serf147,35,48,9,9,0,39,1.0,0.1875,0.1875
8,clab-nebula-serf147,40,59,9,9,0,50,1.0,0.15254237288135594,0.15254237288135594
8,clab-nebula-serf147,45,87,9,9,0,78,1.0,0.10344827586206896,0.10344827586206896
8,clab-nebula-serf147,50,120,9,9,0,111,1.0,0.075,0.075
8,clab-nebula-serf147,55,141,10,10,0,131,1.0,0.07092198581560284,0.07092198581560284
8,clab-nebula-serf147,60,152,11,11,0,141,1.0,0.07236842105263158,0.07236842105263158
8,clab-nebula-serf4,5,1,1,0,1,1,0.0,0.0,0.0
8,clab-nebula-serf4,10,2,1,0,1,2,0.0,0.0,0.0
8,clab-nebula-serf4,15,9,4,4,0,5,1.0,0.4444444444444444,0.4444444444444444
8,clab-nebula-serf4,20,16,8,7,1,9,0.875,0.4375,0.4117647058823529
8,clab-nebula-serf4,25,23,8,8,0,15,1.0,0.34782608695652173,0.34782608695652173
8,clab-nebula-serf4,30,47,32,30,2,17,0.9375,0.6382978723404256,0.6122448979591837
8,clab-nebula-serf4,35,82,32,32,0,50,1.0,0.3902439024390244,0.3902439024390244
8,clab-nebula-serf4,40,92,32,32,0,60,1.0,0.34782608695652173,0.34782608695652173
8,clab-nebula-serf4,45,109,42,41,1,68,0.9761904761904762,0.3761467889908257,0.37272727272727274
8,clab-nebula-serf4,50,120,42,41,1,79,0.9761904761904762,0.3416666666666667,0.33884297520661155
8,clab-nebula-serf4,55,123,42,42,0,81,1.0,0.34146341463414637,0.34146341463414637
8,clab-nebula-serf4,60,141,64,64,0,77,1.0,0.45390070921985815,0.45390070921985815
8,clab-nebula-serf100,5,6,3,3,0,3,1.0,0.5,0.5
8,clab-nebula-serf100,10,7,6,6,0,1,1.0,0.8571428571428571,0.8571428571428571
8,clab-nebula-serf100,15,8,7,7,0,1,1.0,0.875,0.875
8,clab-nebula-serf100,20,14,7,7,0,7,1.0,0.5,0.5
8,clab-nebula-serf100,25,25,7,7,0,18,1.0,0.28,0.28
8,clab-nebula-serf100,30,59,40,40,0,19,1.0,0.6779661016949152,0.6779661016949152
8,clab-nebula-serf100,35,89,40,40,0,49,1.0,0.449438202247191,0.449438202247191
8,clab-nebula-serf100,40,137,40,40,0,97,1.0,0.291970802919708,0.291970802919708
8,clab-nebula-serf100,45,150,40,40,0,110,1.0,0.26666666666666666,0.26666666666666666
8,clab-nebula-serf100,50,159,40,40,0,119,1.0,0.25157232704402516,0.25157232704402516
8,clab-nebula-serf100,55,160,40,40,0,120,1.0,0.25,0.25
8,clab-nebula-serf100,60,161,40,40,0,121,1.0,0.2484472049689441,0.2484472049689441
8,clab-nebula-serf75,5,0,0,0,0,0,0.0,0.0,0.0
8,clab-nebula-serf75,10,7,1,1,0,6,1.0,0.14285714285714285,0.14285714285714285
8,clab-nebula-serf75,15,26,9,9,0,17,1.0,0.34615384615384615,0.34615384615384615
8,clab-nebula-serf75,20,41,17,17,0,24,1.0,0.4146341463414634,0.4146341463414634
8,clab-nebula-serf75,25,76,17,17,0,59,1.0,0.2236842105263158,0.2236842105263158
8,clab-nebula-serf75,30,100,26,24,2,76,0.9230769230769231,0.24,0.23529411764705882
8,clab-nebula-serf75,35,115,29,28,1,87,0.9655172413793104,0.24347826086956523,0.2413793103448276
8,clab-nebula-serf75,40,122,29,29,0,93,1.0,0.23770491803278687,0.23770491803278687
8,clab-nebula-serf75,45,135,30,30,0,105,1.0,0.2222222222222222,0.2222222222222222
8,clab-nebula-serf75,50,154,30,30,0,124,1.0,0.19480519480519481,0.19480519480519481
8,clab-nebula-serf75,55,155,30,30,0,125,1.0,0.1935483870967742,0.1935483870967742
8,clab-nebula-serf75,60,158,30,30,0,128,1.0,0.189873417721519,0.189873417721519
8,clab-nebula-serf89,5,3,0,0,0,3,0,0.0,0.0
8,clab-nebula-serf89,10,3,0,0,0,3,0,0.0,0.0
8,clab-nebula-serf89,15,8,0,0,0,8,0,0.0,0.0
8,clab-nebula-serf89,20,18,0,0,0,18,0,0.0,0.0
8,clab-nebula-serf89,25,41,9,9,0,32,1.0,0.21951219512195122,0.21951219512195122
8,clab-nebula-serf89,30,71,9,9,0,62,1.0,0.1267605633802817,0.1267605633802817
8,clab-nebula-serf89,35,97,9,9,0,88,1.0,0.09278350515463918,0.09278350515463918
8,clab-nebula-serf89,40,119,10,10,0,109,1.0,0.08403361344537816,0.08403361344537816
8,clab-nebula-serf89,45,127,12,12,0,115,1.0,0.09448818897637795,0.09448818897637795
8,clab-nebula-serf89,50,137,12,12,0,125,1.0,0.08759124087591241,0.08759124087591241
8,clab-nebula-serf89,55,154,12,12,0,142,1.0,0.07792207792207792,0.07792207792207792
8,clab-nebula-serf89,60,158,27,27,0,131,1.0,0.17088607594936708,0.17088607594936708
8,clab-nebula-serf101,5,4,2,1,1,3,0.5,0.25,0.2
8,clab-nebula-serf101,10,7,6,6,0,1,1.0,0.8571428571428571,0.8571428571428571
8,clab-nebula-serf101,15,7,6,6,0,1,1.0,0.8571428571428571,0.8571428571428571
8,clab-nebula-serf101,20,10,7,7,0,3,1.0,0.7,0.7
8,clab-nebula-serf101,25,22,7,7,0,15,1.0,0.3181818181818182,0.3181818181818182
8,clab-nebula-serf101,30,47,40,32,8,15,0.8,0.6808510638297872,0.5818181818181818
8,clab-nebula-serf101,35,79,40,40,0,39,1.0,0.5063291139240507,0.5063291139240507
8,clab-nebula-serf101,40,131,40,40,0,91,1.0,0.3053435114503817,0.3053435114503817
8,clab-nebula-serf101,45,148,40,40,0,108,1.0,0.2702702702702703,0.2702702702702703
8,clab-nebula-serf101,50,157,40,40,0,117,1.0,0.25477707006369427,0.25477707006369427
8,clab-nebula-serf101,55,160,40,40,0,120,1.0,0.25,0.25
8,clab-nebula-serf101,60,161,40,40,0,121,1.0,0.2484472049689441,0.2484472049689441
8,clab-nebula-serf105,5,1,0,0,0,1,0,0.0,0.0
8,clab-nebula-serf105,10,3,0,0,0,3,0,0.0,0.0
8,clab-nebula-serf105,15,8,3,3,0,5,1.0,0.375,0.375
8,clab-nebula-serf105,20,25,11,10,1,15,0.9090909090909091,0.4,0.38461538461538464
8,clab-nebula-serf105,25,54,29,28,1,26,0.9655172413793104,0.5185185185185185,0.509090909090909
8,clab-nebula-serf105,30,86,29,29,0,57,1.0,0.3372093023255814,0.3372093023255814
8,clab-nebula-serf105,35,123,30,30,0,93,1.0,0.24390243902439024,0.24390243902439024
8,clab-nebula-serf105,40,145,30,30,0,115,1.0,0.20689655172413793,0.20689655172413793
8,clab-nebula-serf105,45,153,30,30,0,123,1.0,0.19607843137254902,0.19607843137254902
8,clab-nebula-serf105,50,155,30,30,0,125,1.0,0.1935483870967742,0.1935483870967742
8,clab-nebula-serf105,55,160,30,30,0,130,1.0,0.1875,0.1875
8,clab-nebula-serf105,60,161,30,30,0,131,1.0,0.18633540372670807,0.18633540372670807
8,clab-nebula-serf65,5,0,0,0,0,0,0.0,0.0,0.0
8,clab-nebula-serf65,10,0,0,0,0,0,0.0,0.0,0.0
8,clab-nebula-serf65,15,0,0,0,0,0,0.0,0.0,0.0
8,clab-nebula-serf65,20,23,4,1,3,22,0.25,0.043478260869565216,0.038461538461538464
8,clab-nebula-serf65,25,62,6,6,0,56,1.0,0.0967741935483871,0.0967741935483871
8,clab-nebula-serf65,30,95,18,18,0,77,1.0,0.18947368421052632,0.18947368421052632
8,clab-nebula-serf65,35,115,27,26,1,89,0.9629629629629629,0.22608695652173913,0.22413793103448276
8,clab-nebula-serf65,40,122,30,30,0,92,1.0,0.2459016393442623,0.2459016393442623
8,clab-nebula-serf65,45,126,30,30,0,96,1.0,0.23809523809523808,0.23809523809523808
8,clab-nebula-serf65,50,152,30,30,0,122,1.0,0.19736842105263158,0.19736842105263158
8,clab-nebula-serf65,55,154,30,30,0,124,1.0,0.19480519480519481,0.19480519480519481
8,clab-nebula-serf65,60,155,30,30,0,125,1.0,0.1935483870967742,0.1935483870967742
8,clab-nebula-serf68,5,0,0,0,0,0,0.0,0.0,0.0
8,clab-nebula-serf68,10,5,2,1,1,4,0.5,0.2,0.16666666666666666
8,clab-nebula-serf68,15,27,5,5,0,22,1.0,0.18518518518518517,0.18518518518518517
8,clab-nebula-serf68,20,42,5,5,0,37,1.0,0.11904761904761904,0.11904761904761904
8,clab-nebula-serf68,25,79,17,17,0,62,1.0,0.21518987341772153,0.21518987341772153
8,clab-nebula-serf68,30,103,26,24,2,79,0.9230769230769231,0.23300970873786409,0.22857142857142856
8,clab-nebula-serf68,35,116,30,29,1,87,0.9666666666666667,0.25,0.24786324786324787
8,clab-nebula-serf68,40,122,30,30,0,92,1.0,0.2459016393442623,0.2459016393442623
8,clab-nebula-serf68,45,135,30,30,0,105,1.0,0.2222222222222222,0.2222222222222222
8,clab-nebula-serf68,50,154,30,30,0,124,1.0,0.19480519480519481,0.19480519480519481
8,clab-nebula-serf68,55,154,30,30,0,124,1.0,0.19480519480519481,0.19480519480519481
8,clab-nebula-serf68,60,158,30,30,0,128,1.0,0.189873417721519,0.189873417721519
8,clab-nebula-serf94,5,2,0,0,0,2,0,0.0,0.0
8,clab-nebula-serf94,10,17,5,4,1,13,0.8,0.23529411764705882,0.2222222222222222
8,clab-nebula-serf94,15,36,6,6,0,30,1.0,0.16666666666666666,0.16666666666666666
8,clab-nebula-serf94,20,57,6,6,0,51,1.0,0.10526315789473684,0.10526315789473684
8,clab-nebula-serf94,25,81,9,9,0,72,1.0,0.1111111111111111,0.1111111111111111
8,clab-nebula-serf94,30,105,10,10,0,95,1.0,0.09523809523809523,0.09523809523809523
8,clab-nebula-serf94,35,119,10,10,0,109,1.0,0.08403361344537816,0.08403361344537816
8,clab-nebula-serf94,40,129,12,12,0,117,1.0,0.09302325581395349,0.09302325581395349
8,clab-nebula-serf94,45,145,12,12,0,133,1.0,0.08275862068965517,0.08275862068965517
8,clab-nebula-serf94,50,154,12,12,0,142,1.0,0.07792207792207792,0.07792207792207792
8,clab-nebula-serf94,55,157,12,12,0,145,1.0,0.07643312101910828,0.07643312101910828
8,clab-nebula-serf94,60,161,27,27,0,134,1.0,0.16770186335403728,0.16770186335403728
8,clab-nebula-serf103,5,7,6,6,0,1,1.0,0.8571428571428571,0.8571428571428571
8,clab-nebula-serf103,10,7,6,6,0,1,1.0,0.8571428571428571,0.8571428571428571
8,clab-nebula-serf103,15,8,7,7,0,1,1.0,0.875,0.875
8,clab-nebula-serf103,20,16,7,7,0,9,1.0,0.4375,0.4375
8,clab-nebula-serf103,25,27,8,8,0,19,1.0,0.2962962962962963,0.2962962962962963
8,clab-nebula-serf103,30,63,40,40,0,23,1.0,0.6349206349206349,0.6349206349206349
8,clab-nebula-serf103,35,102,40,40,0,62,1.0,0.39215686274509803,0.39215686274509803
8,clab-nebula-serf103,40,140,40,40,0,100,1.0,0.2857142857142857,0.2857142857142857
8,clab-nebula-serf103,45,150,40,40,0,110,1.0,0.26666666666666666,0.26666666666666666
8,clab-nebula-serf103,50,159,40,40,0,119,1.0,0.25157232704402516,0.25157232704402516
8,clab-nebula-serf103,55,161,40,40,0,121,1.0,0.2484472049689441,0.2484472049689441
8,clab-nebula-serf103,60,161,40,40,0,121,1.0,0.2484472049689441,0.2484472049689441
8,clab-nebula-serf117,5,0,0,0,0,0,0.0,0.0,0.0
8,clab-nebula-serf117,10,0,0,0,0,0,0.0,0.0,0.0
8,clab-nebula-serf117,15,0,0,0,0,0,0.0,0.0,0.0
8,clab-nebula-serf117,20,0,0,0,0,0,0.0,0.0,0.0
8,clab-nebula-serf117,25,1,0,0,0,1,0,0.0,0.0
8,clab-nebula-serf117,30,3,0,0,0,3,0,0.0,0.0
8,clab-nebula-serf117,35,3,0,0,0,3,0,0.0,0.0
8,clab-nebula-serf117,40,3,0,0,0,3,0,0.0,0.0
8,clab-nebula-serf117,45,10,3,3,0,7,1.0,0.3,0.3
8,clab-nebula-serf117,50,21,3,3,0,18,1.0,0.14285714285714285,0.14285714285714285
8,clab-nebula-serf117,55,45,3,3,0,42,1.0,0.06666666666666667,0.06666666666666667
8,clab-nebula-serf117,60,68,3,3,0,65,1.0,0.04411764705882353,0.04411764705882353
8,clab-nebula-serf127,5,0,0,0,0,0,0.0,0.0,0.0
8,clab-nebula-serf127,10,4,2,2,0,2,1.0,0.5,0.5
8,clab-nebula-serf127,15,13,3,2,1,11,0.6666666666666666,0.15384615384615385,0.14285714285714285
8,clab-nebula-serf127,20,46,9,7,2,39,0.7777777777777778,0.15217391304347827,0.14583333333333334
8,clab-nebula-serf127,25,60,25,25,0,35,1.0,0.4166666666666667,0.4166666666666667
8,clab-nebula-serf127,30,92,26,26,0,66,1.0,0.2826086956521739,0.2826086956521739
8,clab-nebula-serf127,35,122,31,30,1,92,0.967741935483871,0.2459016393442623,0.24390243902439024
8,clab-nebula-serf127,40,138,31,31,0,107,1.0,0.2246376811594203,0.2246376811594203
8,clab-nebula-serf127,45,146,31,31,0,115,1.0,0.21232876712328766,0.21232876712328766
8,clab-nebula-serf127,50,156,32,32,0,124,1.0,0.20512820512820512,0.20512820512820512
8,clab-nebula-serf127,55,161,66,66,0,95,1.0,0.40993788819875776,0.40993788819875776
8,clab-nebula-serf127,60,161,66,66,0,95,1.0,0.40993788819875776,0.40993788819875776
8,clab-nebula-serf129,5,0,0,0,0,0,0.0,0.0,0.0
8,clab-nebula-serf129,10,0,0,0,0,0,0.0,0.0,0.0
8,clab-nebula-serf129,15,2,0,0,0,2,0,0.0,0.0
8,clab-nebula-serf129,20,7,0,0,0,7,0,0.0,0.0
8,clab-nebula-serf129,25,17,11,9,2,8,0.8181818181818182,0.5294117647058824,0.47368421052631576
8,clab-nebula-serf129,30,42,11,10,1,32,0.9090909090909091,0.23809523809523808,0.23255813953488372
8,clab-nebula-serf129,35,71,30,30,0,41,1.0,0.4225352112676056,0.4225352112676056
8,clab-nebula-serf129,40,123,30,30,0,93,1.0,0.24390243902439024,0.24390243902439024
8,clab-nebula-serf129,45,142,30,30,0,112,1.0,0.2112676056338028,0.2112676056338028
8,clab-nebula-serf129,50,149,30,30,0,119,1.0,0.20134228187919462,0.20134228187919462
8,clab-nebula-serf129,55,155,30,30,0,125,1.0,0.1935483870967742,0.1935483870967742
8,clab-nebula-serf129,60,158,30,30,0,128,1.0,0.189873417721519,0.189873417721519
8,clab-nebula-serf155,5,0,0,0,0,0,0.0,0.0,0.0
8,clab-nebula-serf155,10,0,0,0,0,0,0.0,0.0,0.0
8,clab-nebula-serf155,15,1,0,0,0,1,0,0.0,0.0
8,clab-nebula-serf155,20,11,8,7,1,4,0.875,0.6363636363636364,0.5833333333333334
8,clab-nebula-serf155,25,14,8,8,0,6,1.0,0.5714285714285714,0.5714285714285714
8,clab-nebula-serf155,30,24,9,9,0,15,1.0,0.375,0.375
8,clab-nebula-serf155,35,43,9,9,0,34,1.0,0.20930232558139536,0.20930232558139536
8,clab-nebula-serf155,40,56,9,9,0,47,1.0,0.16071428571428573,0.16071428571428573
8,clab-nebula-serf155,45,82,9,9,0,73,1.0,0.10975609756097561,0.10975609756097561
8,clab-nebula-serf155,50,117,9,9,0,108,1.0,0.07692307692307693,0.07692307692307693
8,clab-nebula-serf155,55,137,9,9,0,128,1.0,0.06569343065693431,0.06569343065693431
8,clab-nebula-serf155,60,150,10,10,0,140,1.0,0.06666666666666667,0.06666666666666667
8,clab-nebula-serf3,5,0,0,0,0,0,0.0,0.0,0.0
8,clab-nebula-serf3,10,2,0,0,0,2,0,0.0,0.0
8,clab-nebula-serf3,15,7,0,0,0,7,0,0.0,0.0
8,clab-nebula-serf3,20,13,0,0,0,13,0,0.0,0.0
8,clab-nebula-serf3,25,22,0,0,0,22,0,0.0,0.0
8,clab-nebula-serf3,30,50,25,25,0,25,1.0,0.5,0.5
8,clab-nebula-serf3,35,83,32,32,0,51,1.0,0.3855421686746988,0.3855421686746988
8,clab-nebula-serf3,40,96,32,32,0,64,1.0,0.3333333333333333,0.3333333333333333
8,clab-nebula-serf3,45,109,42,41,1,68,0.9761904761904762,0.3761467889908257,0.37272727272727274
8,clab-nebula-serf3,50,119,42,41,1,78,0.9761904761904762,0.3445378151260504,0.3416666666666667
8,clab-nebula-serf3,55,123,42,42,0,81,1.0,0.34146341463414637,0.34146341463414637
8,clab-nebula-serf3,60,141,64,64,0,77,1.0,0.45390070921985815,0.45390070921985815
8,clab-nebula-serf14,5,0,0,0,0,0,0.0,0.0,0.0
8,clab-nebula-serf14,10,4,0,0,0,4,0,0.0,0.0
8,clab-nebula-serf14,15,18,6,5,1,13,0.8333333333333334,0.2777777777777778,0.2631578947368421
8,clab-nebula-serf14,20,35,25,23,2,12,0.92,0.6571428571428571,0.6216216216216216
8,clab-nebula-serf14,25,70,25,25,0,45,1.0,0.35714285714285715,0.35714285714285715
8,clab-nebula-serf14,30,88,27,27,0,61,1.0,0.3068181818181818,0.3068181818181818
8,clab-nebula-serf14,35,102,42,41,1,61,0.9761904761904762,0.4019607843137255,0.39805825242718446
8,clab-nebula-serf14,40,119,42,41,1,78,0.9761904761904762,0.3445378151260504,0.3416666666666667
8,clab-nebula-serf14,45,121,42,42,0,79,1.0,0.34710743801652894,0.34710743801652894
8,clab-nebula-serf14,50,126,42,42,0,84,1.0,0.3333333333333333,0.3333333333333333
8,clab-nebula-serf14,55,151,64,64,0,87,1.0,0.423841059602649,0.423841059602649
8,clab-nebula-serf14,60,155,64,64,0,91,1.0,0.4129032258064516,0.4129032258064516
8,clab-nebula-serf142,5,0,0,0,0,0,0.0,0.0,0.0
8,clab-nebula-serf142,10,0,0,0,0,0,0.0,0.0,0.0
8,clab-nebula-serf142,15,1,0,0,0,1,0,0.0,0.0
8,clab-nebula-serf142,20,1,0,0,0,1,0,0.0,0.0
8,clab-nebula-serf142,25,7,3,3,0,4,1.0,0.42857142857142855,0.42857142857142855
8,clab-nebula-serf142,30,14,8,7,1,7,0.875,0.5,0.4666666666666667
8,clab-nebula-serf142,35,30,20,19,1,11,0.95,0.6333333333333333,0.6129032258064516
8,clab-nebula-serf142,40,54,21,21,0,33,1.0,0.3888888888888889,0.3888888888888889
8,clab-nebula-serf142,45,59,21,21,0,38,1.0,0.3559322033898305,0.3559322033898305
8,clab-nebula-serf142,50,95,20,20,0,75,1.0,0.21052631578947367,0.21052631578947367
8,clab-nebula-serf142,55,126,21,21,0,105,1.0,0.16666666666666666,0.16666666666666666
8,clab-nebula-serf142,60,140,21,21,0,119,1.0,0.15,0.15
8,clab-nebula-serf96,5,4,0,0,0,4,0,0.0,0.0
8,clab-nebula-serf96,10,7,6,6,0,1,1.0,0.8571428571428571,0.8571428571428571
8,clab-nebula-serf96,15,7,6,6,0,1,1.0,0.8571428571428571,0.8571428571428571
8,clab-nebula-serf96,20,9,7,7,0,2,1.0,0.7777777777777778,0.7777777777777778
8,clab-nebula-serf96,25,20,8,8,0,12,1.0,0.4,0.4
8,clab-nebula-serf96,30,41,40,29,11,12,0.725,0.7073170731707317,0.5576923076923077
8,clab-nebula-serf96,35,77,40,40,0,37,1.0,0.5194805194805194,0.5194805194805194
8,clab-nebula-serf96,40,121,40,40,0,81,1.0,0.3305785123966942,0.3305785123966942
8,clab-nebula-serf96,45,147,40,40,0,107,1.0,0.272108843537415,0.272108843537415
8,clab-nebula-serf96,50,153,40,40,0,113,1.0,0.26143790849673204,0.26143790849673204
8,clab-nebula-serf96,55,160,40,40,0,120,1.0,0.25,0.25
8,clab-nebula-serf96,60,161,40,40,0,121,1.0,0.2484472049689441,0.2484472049689441
8,clab-nebula-serf116,5,0,0,0,0,0,0.0,0.0,0.0
8,clab-nebula-serf116,10,0,0,0,0,0,0.0,0.0,0.0
8,clab-nebula-serf116,15,0,0,0,0,0,0.0,0.0,0.0
8,clab-nebula-serf116,20,0,0,0,0,0,0.0,0.0,0.0
8,clab-nebula-serf116,25,0,0,0,0,0,0.0,0.0,0.0
8,clab-nebula-serf116,30,0,0,0,0,0,0.0,0.0,0.0
8,clab-nebula-serf116,35,1,0,0,0,1,0,0.0,0.0
8,clab-nebula-serf116,40,1,0,0,0,1,0,0.0,0.0
8,clab-nebula-serf116,45,6,1,1,0,5,1.0,0.16666666666666666,0.16666666666666666
8,clab-nebula-serf116,50,14,1,1,0,13,1.0,0.07142857142857142,0.07142857142857142
8,clab-nebula-serf116,55,40,1,1,0,39,1.0,0.025,0.025
8,clab-nebula-serf116,60,88,2,2,0,86,1.0,0.022727272727272728,0.022727272727272728
8,clab-nebula-serf56,5,9,2,1,1,8,0.5,0.1111111111111111,0.1
8,clab-nebula-serf56,10,24,6,6,0,18,1.0,0.25,0.25
8,clab-nebula-serf56,15,64,24,23,1,41,0.9583333333333334,0.359375,0.35384615384615387
8,clab-nebula-serf56,20,83,35,34,1,49,0.9714285714285714,0.40963855421686746,0.40476190476190477
8,clab-nebula-serf56,25,97,35,34,1,63,0.9714285714285714,0.35051546391752575,0.3469387755102041
8,clab-nebula-serf56,30,118,37,36,1,82,0.972972972972973,0.3050847457627119,0.3025210084033613
8,clab-nebula-serf56,35,121,37,37,0,84,1.0,0.30578512396694213,0.30578512396694213
8,clab-nebula-serf56,40,125,37,37,0,88,1.0,0.296,0.296
8,clab-nebula-serf56,45,151,38,38,0,113,1.0,0.25165562913907286,0.25165562913907286
8,clab-nebula-serf56,50,154,38,38,0,116,1.0,0.24675324675324675,0.24675324675324675
8,clab-nebula-serf56,55,157,37,37,0,120,1.0,0.2356687898089172,0.2356687898089172
8,clab-nebula-serf56,60,158,38,38,0,120,1.0,0.24050632911392406,0.24050632911392406
8,clab-nebula-serf59,5,5,0,0,0,5,0,0.0,0.0
8,clab-nebula-serf59,10,26,6,5,1,21,0.8333333333333334,0.19230769230769232,0.18518518518518517
8,clab-nebula-serf59,15,63,29,25,4,38,0.8620689655172413,0.3968253968253968,0.373134328358209
8,clab-nebula-serf59,20,83,29,28,1,55,0.9655172413793104,0.3373493975903614,0.3333333333333333
8,clab-nebula-serf59,25,99,33,32,1,67,0.9696969696969697,0.32323232323232326,0.32
8,clab-nebula-serf59,30,119,36,35,1,84,0.9722222222222222,0.29411764705882354,0.2916666666666667
8,clab-nebula-serf59,35,124,37,37,0,87,1.0,0.29838709677419356,0.29838709677419356
8,clab-nebula-serf59,40,128,57,57,0,71,1.0,0.4453125,0.4453125
8,clab-nebula-serf59,45,153,37,37,0,116,1.0,0.24183006535947713,0.24183006535947713
8,clab-nebula-serf59,50,154,37,37,0,117,1.0,0.24025974025974026,0.24025974025974026
8,clab-nebula-serf59,55,157,37,37,0,120,1.0,0.2356687898089172,0.2356687898089172
8,clab-nebula-serf59,60,161,39,39,0,122,1.0,0.2422360248447205,0.2422360248447205
8,clab-nebula-serf70,5,3,0,0,0,3,0,0.0,0.0
8,clab-nebula-serf70,10,19,1,1,0,18,1.0,0.05263157894736842,0.05263157894736842
8,clab-nebula-serf70,15,36,4,3,1,33,0.75,0.08333333333333333,0.08108108108108109
8,clab-nebula-serf70,20,66,29,25,4,41,0.8620689655172413,0.3787878787878788,0.35714285714285715
8,clab-nebula-serf70,25,87,29,27,2,60,0.9310344827586207,0.3103448275862069,0.30337078651685395
8,clab-nebula-serf70,30,110,35,34,1,76,0.9714285714285714,0.3090909090909091,0.3063063063063063
8,clab-nebula-serf70,35,119,35,34,1,85,0.9714285714285714,0.2857142857142857,0.2833333333333333
8,clab-nebula-serf70,40,124,35,35,0,89,1.0,0.28225806451612906,0.28225806451612906
8,clab-nebula-serf70,45,147,35,35,0,112,1.0,0.23809523809523808,0.23809523809523808
8,clab-nebula-serf70,50,154,35,35,0,119,1.0,0.22727272727272727,0.22727272727272727
8,clab-nebula-serf70,55,158,35,35,0,123,1.0,0.22151898734177214,0.22151898734177214
8,clab-nebula-serf70,60,161,35,35,0,126,1.0,0.21739130434782608,0.21739130434782608
8,clab-nebula-serf81,5,1,1,0,1,1,0.0,0.0,0.0
8,clab-nebula-serf81,10,22,3,3,0,19,1.0,0.13636363636363635,0.13636363636363635
8,clab-nebula-serf81,15,39,17,17,0,22,1.0,0.4358974358974359,0.4358974358974359
8,clab-nebula-serf81,20,68,17,17,0,51,1.0,0.25,0.25
8,clab-nebula-serf81,25,90,17,17,0,73,1.0,0.18888888888888888,0.18888888888888888
8,clab-nebula-serf81,30,114,29,28,1,86,0.9655172413793104,0.24561403508771928,0.24347826086956523
8,clab-nebula-serf81,35,121,29,29,0,92,1.0,0.2396694214876033,0.2396694214876033
8,clab-nebula-serf81,40,130,30,30,0,100,1.0,0.23076923076923078,0.23076923076923078
8,clab-nebula-serf81,45,153,30,30,0,123,1.0,0.19607843137254902,0.19607843137254902
8,clab-nebula-serf81,50,154,30,30,0,124,1.0,0.19480519480519481,0.19480519480519481
8,clab-nebula-serf81,55,157,30,30,0,127,1.0,0.1910828025477707,0.1910828025477707
8,clab-nebula-serf81,60,161,30,30,0,131,1.0,0.18633540372670807,0.18633540372670807
8,clab-nebula-serf95,5,0,0,0,0,0,0.0,0.0,0.0
8,clab-nebula-serf95,10,10,3,2,1,8,0.6666666666666666,0.2,0.18181818181818182
8,clab-nebula-serf95,15,30,5,4,1,26,0.8,0.13333333333333333,0.12903225806451613
8,clab-nebula-serf95,20,50,8,8,0,42,1.0,0.16,0.16
8,clab-nebula-serf95,25,80,9,9,0,71,1.0,0.1125,0.1125
8,clab-nebula-serf95,30,104,10,10,0,94,1.0,0.09615384615384616,0.09615384615384616
8,clab-nebula-serf95,35,119,10,10,0,109,1.0,0.08403361344537816,0.08403361344537816
8,clab-nebula-serf95,40,124,12,12,0,112,1.0,0.0967741935483871,0.0967741935483871
8,clab-nebula-serf95,45,142,12,12,0,130,1.0,0.08450704225352113,0.08450704225352113
8,clab-nebula-serf95,50,154,12,12,0,142,1.0,0.07792207792207792,0.07792207792207792
8,clab-nebula-serf95,55,154,12,12,0,142,1.0,0.07792207792207792,0.07792207792207792
8,clab-nebula-serf95,60,159,12,12,0,147,1.0,0.07547169811320754,0.07547169811320754
8,clab-nebula-serf114,5,1,0,0,0,1,0,0.0,0.0
8,clab-nebula-serf114,10,1,0,0,0,1,0,0.0,0.0
8,clab-nebula-serf114,15,2,1,1,0,1,1.0,0.5,0.5
8,clab-nebula-serf114,20,17,1,1,0,16,1.0,0.058823529411764705,0.058823529411764705
8,clab-nebula-serf114,25,25,1,1,0,24,1.0,0.04,0.04
8,clab-nebula-serf114,30,53,1,1,0,52,1.0,0.018867924528301886,0.018867924528301886
8,clab-nebula-serf114,35,92,1,1,0,91,1.0,0.010869565217391304,0.010869565217391304
8,clab-nebula-serf114,40,134,5,4,1,130,0.8,0.029850746268656716,0.02962962962962963
8,clab-nebula-serf114,45,152,7,6,1,146,0.8571428571428571,0.039473684210526314,0.0392156862745098
8,clab-nebula-serf114,50,158,7,7,0,151,1.0,0.04430379746835443,0.04430379746835443
8,clab-nebula-serf114,55,161,20,20,0,141,1.0,0.12422360248447205,0.12422360248447205
8,clab-nebula-serf114,60,161,20,20,0,141,1.0,0.12422360248447205,0.12422360248447205
8,clab-nebula-serf9,5,1,0,0,0,1,0,0.0,0.0
8,clab-nebula-serf9,10,8,2,2,0,6,1.0,0.25,0.25
8,clab-nebula-serf9,15,17,8,7,1,10,0.875,0.4117647058823529,0.3888888888888889
8,clab-nebula-serf9,20,36,28,26,2,10,0.9285714285714286,0.7222222222222222,0.6842105263157895
8,clab-nebula-serf9,25,71,28,28,0,43,1.0,0.39436619718309857,0.39436619718309857
8,clab-nebula-serf9,30,87,28,28,0,59,1.0,0.3218390804597701,0.3218390804597701
8,clab-nebula-serf9,35,101,42,41,1,60,0.9761904761904762,0.40594059405940597,0.4019607843137255
8,clab-nebula-serf9,40,116,42,41,1,75,0.9761904761904762,0.35344827586206895,0.3504273504273504
8,clab-nebula-serf9,45,120,42,41,1,79,0.9761904761904762,0.3416666666666667,0.33884297520661155
8,clab-nebula-serf9,50,125,42,42,0,83,1.0,0.336,0.336
8,clab-nebula-serf9,55,151,64,64,0,87,1.0,0.423841059602649,0.423841059602649
8,clab-nebula-serf9,60,154,64,64,0,90,1.0,0.4155844155844156,0.4155844155844156
8,clab-nebula-serf17,5,1,0,0,0,1,0,0.0,0.0
8,clab-nebula-serf17,10,12,4,4,0,8,1.0,0.3333333333333333,0.3333333333333333
8,clab-nebula-serf17,15,30,18,18,0,12,1.0,0.6,0.6
8,clab-nebula-serf17,20,66,25,25,0,41,1.0,0.3787878787878788,0.3787878787878788
8,clab-nebula-serf17,25,85,27,27,0,58,1.0,0.3176470588235294,0.3176470588235294
8,clab-nebula-serf17,30,96,37,36,1,60,0.972972972972973,0.375,0.3711340206185567
8,clab-nebula-serf17,35,116,38,37,1,79,0.9736842105263158,0.31896551724137934,0.3162393162393162
8,clab-nebula-serf17,40,121,39,39,0,82,1.0,0.32231404958677684,0.32231404958677684
8,clab-nebula-serf17,45,124,39,39,0,85,1.0,0.31451612903225806,0.31451612903225806
8,clab-nebula-serf17,50,150,61,61,0,89,1.0,0.4066666666666667,0.4066666666666667
8,clab-nebula-serf17,55,154,61,61,0,93,1.0,0.3961038961038961,0.3961038961038961
8,clab-nebula-serf17,60,157,61,61,0,96,1.0,0.3885350318471338,0.3885350318471338
8,clab-nebula-serf139,5,0,0,0,0,0,0.0,0.0,0.0
8,clab-nebula-serf139,10,0,0,0,0,0,0.0,0.0,0.0
8,clab-nebula-serf139,15,5,2,0,2,5,0.0,0.0,0.0
8,clab-nebula-serf139,20,14,12,12,0,2,1.0,0.8571428571428571,0.8571428571428571
8,clab-nebula-serf139,25,21,11,11,0,10,1.0,0.5238095238095238,0.5238095238095238
8,clab-nebula-serf139,30,31,20,16,4,15,0.8,0.5161290322580645,0.45714285714285713
8,clab-nebula-serf139,35,45,22,22,0,23,1.0,0.4888888888888889,0.4888888888888889
8,clab-nebula-serf139,40,65,40,39,1,26,0.975,0.6,0.5909090909090909
8,clab-nebula-serf139,45,95,31,30,1,65,0.967741935483871,0.3157894736842105,0.3125
8,clab-nebula-serf139,50,121,31,31,0,90,1.0,0.256198347107438,0.256198347107438
8,clab-nebula-serf139,55,137,31,31,0,106,1.0,0.22627737226277372,0.22627737226277372
8,clab-nebula-serf139,60,149,64,64,0,85,1.0,0.42953020134228187,0.42953020134228187
8,clab-nebula-serf52,5,1,0,0,0,1,0,0.0,0.0
8,clab-nebula-serf52,10,12,2,2,0,10,1.0,0.16666666666666666,0.16666666666666666
8,clab-nebula-serf52,15,38,19,18,1,20,0.9473684210526315,0.47368421052631576,0.46153846153846156
8,clab-nebula-serf52,20,69,19,19,0,50,1.0,0.2753623188405797,0.2753623188405797
8,clab-nebula-serf52,25,88,33,32,1,56,0.9696969696969697,0.36363636363636365,0.3595505617977528
8,clab-nebula-serf52,30,106,36,35,1,71,0.9722222222222222,0.330188679245283,0.32710280373831774
8,clab-nebula-serf52,35,119,36,35,1,84,0.9722222222222222,0.29411764705882354,0.2916666666666667
8,clab-nebula-serf52,40,124,37,37,0,87,1.0,0.29838709677419356,0.29838709677419356
8,clab-nebula-serf52,45,134,57,57,0,77,1.0,0.4253731343283582,0.4253731343283582
8,clab-nebula-serf52,50,154,60,60,0,94,1.0,0.38961038961038963,0.38961038961038963
8,clab-nebula-serf52,55,154,60,60,0,94,1.0,0.38961038961038963,0.38961038961038963
8,clab-nebula-serf52,60,157,59,59,0,98,1.0,0.37579617834394907,0.37579617834394907
8,clab-nebula-serf71,5,0,0,0,0,0,0.0,0.0,0.0
8,clab-nebula-serf71,10,15,9,7,2,8,0.7777777777777778,0.4666666666666667,0.4117647058823529
8,clab-nebula-serf71,15,33,17,17,0,16,1.0,0.5151515151515151,0.5151515151515151
8,clab-nebula-serf71,20,57,17,17,0,40,1.0,0.2982456140350877,0.2982456140350877
8,clab-nebula-serf71,25,83,17,17,0,66,1.0,0.20481927710843373,0.20481927710843373
8,clab-nebula-serf71,30,107,29,28,1,79,0.9655172413793104,0.2616822429906542,0.25925925925925924
8,clab-nebula-serf71,35,119,29,28,1,91,0.9655172413793104,0.23529411764705882,0.23333333333333334
8,clab-nebula-serf71,40,124,30,30,0,94,1.0,0.24193548387096775,0.24193548387096775
8,clab-nebula-serf71,45,146,30,30,0,116,1.0,0.2054794520547945,0.2054794520547945
8,clab-nebula-serf71,50,154,30,30,0,124,1.0,0.19480519480519481,0.19480519480519481
8,clab-nebula-serf71,55,156,30,30,0,126,1.0,0.19230769230769232,0.19230769230769232
8,clab-nebula-serf71,60,161,30,30,0,131,1.0,0.18633540372670807,0.18633540372670807
8,clab-nebula-serf26,5,3,1,0,1,3,0.0,0.0,0.0
8,clab-nebula-serf26,10,19,9,8,1,11,0.8888888888888888,0.42105263157894735,0.4
8,clab-nebula-serf26,15,31,9,9,0,22,1.0,0.2903225806451613,0.2903225806451613
8,clab-nebula-serf26,20,58,17,17,0,41,1.0,0.29310344827586204,0.29310344827586204
8,clab-nebula-serf26,25,87,17,17,0,70,1.0,0.19540229885057472,0.19540229885057472
8,clab-nebula-serf26,30,94,28,28,0,66,1.0,0.2978723404255319,0.2978723404255319
8,clab-nebula-serf26,35,108,53,52,1,56,0.9811320754716981,0.48148148148148145,0.47706422018348627
8,clab-nebula-serf26,40,121,53,53,0,68,1.0,0.4380165289256198,0.4380165289256198
8,clab-nebula-serf26,45,124,55,55,0,69,1.0,0.4435483870967742,0.4435483870967742
8,clab-nebula-serf26,50,137,57,57,0,80,1.0,0.41605839416058393,0.41605839416058393
8,clab-nebula-serf26,55,154,57,57,0,97,1.0,0.37012987012987014,0.37012987012987014
8,clab-nebula-serf26,60,155,57,57,0,98,1.0,0.36774193548387096,0.36774193548387096
8,clab-nebula-serf34,5,1,0,0,0,1,0,0.0,0.0
8,clab-nebula-serf34,10,9,8,3,5,6,0.375,0.3333333333333333,0.21428571428571427
8,clab-nebula-serf34,15,27,8,6,2,21,0.75,0.2222222222222222,0.20689655172413793
8,clab-nebula-serf34,20,67,8,8,0,59,1.0,0.11940298507462686,0.11940298507462686
8,clab-nebula-serf34,25,85,8,8,0,77,1.0,0.09411764705882353,0.09411764705882353
8,clab-nebula-serf34,30,95,33,32,1,63,0.9696969696969697,0.3368421052631579,0.3333333333333333
8,clab-nebula-serf34,35,112,33,32,1,80,0.9696969696969697,0.2857142857142857,0.2831858407079646
8,clab-nebula-serf34,40,121,53,53,0,68,1.0,0.4380165289256198,0.4380165289256198
8,clab-nebula-serf34,45,124,55,55,0,69,1.0,0.4435483870967742,0.4435483870967742
8,clab-nebula-serf34,50,149,57,57,0,92,1.0,0.3825503355704698,0.3825503355704698
8,clab-nebula-serf34,55,154,57,57,0,97,1.0,0.37012987012987014,0.37012987012987014
8,clab-nebula-serf34,60,156,57,57,0,99,1.0,0.36538461538461536,0.36538461538461536
8,clab-nebula-serf126,5,0,0,0,0,0,0.0,0.0,0.0
8,clab-nebula-serf126,10,3,2,2,0,1,1.0,0.6666666666666666,0.6666666666666666
8,clab-nebula-serf126,15,15,6,2,4,13,0.3333333333333333,0.13333333333333333,0.10526315789473684
8,clab-nebula-serf126,20,47,21,20,1,27,0.9523809523809523,0.425531914893617,0.4166666666666667
8,clab-nebula-serf126,25,59,25,25,0,34,1.0,0.423728813559322,0.423728813559322
8,clab-nebula-serf126,30,92,26,26,0,66,1.0,0.2826086956521739,0.2826086956521739
8,clab-nebula-serf126,35,121,31,30,1,91,0.967741935483871,0.24793388429752067,0.2459016393442623
8,clab-nebula-serf126,40,138,31,31,0,107,1.0,0.2246376811594203,0.2246376811594203
8,clab-nebula-serf126,45,146,31,31,0,115,1.0,0.21232876712328766,0.21232876712328766
8,clab-nebula-serf126,50,156,32,32,0,124,1.0,0.20512820512820512,0.20512820512820512
8,clab-nebula-serf126,55,161,66,66,0,95,1.0,0.40993788819875776,0.40993788819875776
8,clab-nebula-serf126,60,161,66,66,0,95,1.0,0.40993788819875776,0.40993788819875776
8,clab-nebula-serf36,5,0,0,0,0,0,0.0,0.0,0.0
8,clab-nebula-serf36,10,2,0,0,0,2,0,0.0,0.0
8,clab-nebula-serf36,15,17,8,5,3,12,0.625,0.29411764705882354,0.25
8,clab-nebula-serf36,20,53,8,7,1,46,0.875,0.1320754716981132,0.12962962962962962
8,clab-nebula-serf36,25,79,8,8,0,71,1.0,0.10126582278481013,0.10126582278481013
8,clab-nebula-serf36,30,92,29,28,1,64,0.9655172413793104,0.30434782608695654,0.3010752688172043
8,clab-nebula-serf36,35,108,33,32,1,76,0.9696969696969697,0.2962962962962963,0.29357798165137616
8,clab-nebula-serf36,40,121,55,55,0,66,1.0,0.45454545454545453,0.45454545454545453
8,clab-nebula-serf36,45,124,55,55,0,69,1.0,0.4435483870967742,0.4435483870967742
8,clab-nebula-serf36,50,137,55,55,0,82,1.0,0.40145985401459855,0.40145985401459855
8,clab-nebula-serf36,55,154,57,57,0,97,1.0,0.37012987012987014,0.37012987012987014
8,clab-nebula-serf36,60,154,57,57,0,97,1.0,0.37012987012987014,0.37012987012987014
8,clab-nebula-serf82,5,0,0,0,0,0,0.0,0.0,0.0
8,clab-nebula-serf82,10,0,0,0,0,0,0.0,0.0,0.0
8,clab-nebula-serf82,15,0,0,0,0,0,0.0,0.0,0.0
8,clab-nebula-serf82,20,0,0,0,0,0,0.0,0.0,0.0
8,clab-nebula-serf82,25,0,0,0,0,0,0.0,0.0,0.0
8,clab-nebula-serf82,30,0,0,0,0,0,0.0,0.0,0.0
8,clab-nebula-serf82,35,16,6,4,2,12,0.6666666666666666,0.25,0.2222222222222222
8,clab-nebula-serf82,40,61,10,7,3,54,0.7,0.11475409836065574,0.109375
8,clab-nebula-serf82,45,94,29,27,2,67,0.9310344827586207,0.2872340425531915,0.28125
8,clab-nebula-serf82,50,111,29,29,0,82,1.0,0.26126126126126126,0.26126126126126126
8,clab-nebula-serf82,55,121,33,33,0,88,1.0,0.2727272727272727,0.2727272727272727
8,clab-nebula-serf82,60,148,36,36,0,112,1.0,0.24324324324324326,0.24324324324324326
8,clab-nebula-serf85,5,0,0,0,0,0,0.0,0.0,0.0
8,clab-nebula-serf85,10,4,1,1,0,3,1.0,0.25,0.25
8,clab-nebula-serf85,15,19,6,6,0,13,1.0,0.3157894736842105,0.3157894736842105
8,clab-nebula-serf85,20,35,6,6,0,29,1.0,0.17142857142857143,0.17142857142857143
8,clab-nebula-serf85,25,57,6,6,0,51,1.0,0.10526315789473684,0.10526315789473684
8,clab-nebula-serf85,30,82,9,9,0,73,1.0,0.10975609756097561,0.10975609756097561
8,clab-nebula-serf85,35,111,10,10,0,101,1.0,0.09009009009009009,0.09009009009009009
8,clab-nebula-serf85,40,119,10,10,0,109,1.0,0.08403361344537816,0.08403361344537816
8,clab-nebula-serf85,45,134,12,12,0,122,1.0,0.08955223880597014,0.08955223880597014
8,clab-nebula-serf85,50,149,12,12,0,137,1.0,0.08053691275167785,0.08053691275167785
8,clab-nebula-serf85,55,154,12,12,0,142,1.0,0.07792207792207792,0.07792207792207792
8,clab-nebula-serf85,60,157,12,12,0,145,1.0,0.07643312101910828,0.07643312101910828
8,clab-nebula-serf97,5,5,0,0,0,5,0,0.0,0.0
8,clab-nebula-serf97,10,7,1,1,0,6,1.0,0.14285714285714285,0.14285714285714285
8,clab-nebula-serf97,15,7,1,1,0,6,1.0,0.14285714285714285,0.14285714285714285
8,clab-nebula-serf97,20,9,7,7,0,2,1.0,0.7777777777777778,0.7777777777777778
8,clab-nebula-serf97,25,17,7,7,0,10,1.0,0.4117647058823529,0.4117647058823529
8,clab-nebula-serf97,30,41,40,29,11,12,0.725,0.7073170731707317,0.5576923076923077
8,clab-nebula-serf97,35,80,40,40,0,40,1.0,0.5,0.5
8,clab-nebula-serf97,40,126,40,40,0,86,1.0,0.31746031746031744,0.31746031746031744
8,clab-nebula-serf97,45,149,40,40,0,109,1.0,0.2684563758389262,0.2684563758389262
8,clab-nebula-serf97,50,159,40,40,0,119,1.0,0.25157232704402516,0.25157232704402516
8,clab-nebula-serf97,55,161,40,40,0,121,1.0,0.2484472049689441,0.2484472049689441
8,clab-nebula-serf97,60,161,40,40,0,121,1.0,0.2484472049689441,0.2484472049689441
8,clab-nebula-serf99,5,6,5,5,0,1,1.0,0.8333333333333334,0.8333333333333334
8,clab-nebula-serf99,10,7,6,6,0,1,1.0,0.8571428571428571,0.8571428571428571
8,clab-nebula-serf99,15,7,6,6,0,1,1.0,0.8571428571428571,0.8571428571428571
8,clab-nebula-serf99,20,11,7,7,0,4,1.0,0.6363636363636364,0.6363636363636364
8,clab-nebula-serf99,25,24,7,7,0,17,1.0,0.2916666666666667,0.2916666666666667
8,clab-nebula-serf99,30,52,40,35,5,17,0.875,0.6730769230769231,0.6140350877192983
8,clab-nebula-serf99,35,82,40,40,0,42,1.0,0.4878048780487805,0.4878048780487805
8,clab-nebula-serf99,40,137,40,40,0,97,1.0,0.291970802919708,0.291970802919708
8,clab-nebula-serf99,45,148,40,40,0,108,1.0,0.2702702702702703,0.2702702702702703
8,clab-nebula-serf99,50,159,40,40,0,119,1.0,0.25157232704402516,0.25157232704402516
8,clab-nebula-serf99,55,160,40,40,0,120,1.0,0.25,0.25
8,clab-nebula-serf99,60,161,40,40,0,121,1.0,0.2484472049689441,0.2484472049689441
8,clab-nebula-serf124,5,0,0,0,0,0,0.0,0.0,0.0
8,clab-nebula-serf124,10,3,0,0,0,3,0,0.0,0.0
8,clab-nebula-serf124,15,8,2,2,0,6,1.0,0.25,0.25
8,clab-nebula-serf124,20,15,2,2,0,13,1.0,0.13333333333333333,0.13333333333333333
8,clab-nebula-serf124,25,29,2,2,0,27,1.0,0.06896551724137931,0.06896551724137931
8,clab-nebula-serf124,30,81,2,2,0,79,1.0,0.024691358024691357,0.024691358024691357
8,clab-nebula-serf124,35,114,10,9,1,105,0.9,0.07894736842105263,0.0782608695652174
8,clab-nebula-serf124,40,133,8,8,0,125,1.0,0.06015037593984962,0.06015037593984962
8,clab-nebula-serf124,45,145,8,8,0,137,1.0,0.05517241379310345,0.05517241379310345
8,clab-nebula-serf124,50,156,28,28,0,128,1.0,0.1794871794871795,0.1794871794871795
8,clab-nebula-serf124,55,161,29,29,0,132,1.0,0.18012422360248448,0.18012422360248448
8,clab-nebula-serf124,60,161,29,29,0,132,1.0,0.18012422360248448,0.18012422360248448
8,clab-nebula-serf157,5,4,1,1,0,3,1.0,0.25,0.25
8,clab-nebula-serf157,10,4,1,1,0,3,1.0,0.25,0.25
8,clab-nebula-serf157,15,5,2,2,0,3,1.0,0.4,0.4
8,clab-nebula-serf157,20,9,5,5,0,4,1.0,0.5555555555555556,0.5555555555555556
8,clab-nebula-serf157,25,16,5,5,0,11,1.0,0.3125,0.3125
8,clab-nebula-serf157,30,35,6,6,0,29,1.0,0.17142857142857143,0.17142857142857143
8,clab-nebula-serf157,35,40,24,24,0,16,1.0,0.6,0.6
8,clab-nebula-serf157,40,54,32,31,1,23,0.96875,0.5740740740740741,0.5636363636363636
8,clab-nebula-serf157,45,70,36,35,1,35,0.9722222222222222,0.5,0.49295774647887325
8,clab-nebula-serf157,50,109,49,48,1,61,0.9795918367346939,0.44036697247706424,0.43636363636363634
8,clab-nebula-serf157,55,136,55,55,0,81,1.0,0.40441176470588236,0.40441176470588236
8,clab-nebula-serf157,60,148,55,55,0,93,1.0,0.3716216216216216,0.3716216216216216
8,clab-nebula-serf159,5,4,1,1,0,3,1.0,0.25,0.25
8,clab-nebula-serf159,10,4,1,1,0,3,1.0,0.25,0.25
8,clab-nebula-serf159,15,5,1,1,0,4,1.0,0.2,0.2
8,clab-nebula-serf159,20,9,5,5,0,4,1.0,0.5555555555555556,0.5555555555555556
8,clab-nebula-serf159,25,16,5,5,0,11,1.0,0.3125,0.3125
8,clab-nebula-serf159,30,35,6,6,0,29,1.0,0.17142857142857143,0.17142857142857143
8,clab-nebula-serf159,35,40,24,24,0,16,1.0,0.6,0.6
8,clab-nebula-serf159,40,54,32,31,1,23,0.96875,0.5740740740740741,0.5636363636363636
8,clab-nebula-serf159,45,70,36,35,1,35,0.9722222222222222,0.5,0.49295774647887325
8,clab-nebula-serf159,50,108,49,48,1,60,0.9795918367346939,0.4444444444444444,0.44036697247706424
8,clab-nebula-serf159,55,136,55,55,0,81,1.0,0.40441176470588236,0.40441176470588236
8,clab-nebula-serf159,60,148,55,55,0,93,1.0,0.3716216216216216,0.3716216216216216
8,clab-nebula-serf1,5,0,0,0,0,0,0.0,0.0,0.0
8,clab-nebula-serf1,10,6,2,2,0,4,1.0,0.3333333333333333,0.3333333333333333
8,clab-nebula-serf1,15,12,8,8,0,4,1.0,0.6666666666666666,0.6666666666666666
8,clab-nebula-serf1,20,19,13,13,0,6,1.0,0.6842105263157895,0.6842105263157895
8,clab-nebula-serf1,25,37,25,25,0,12,1.0,0.6756756756756757,0.6756756756756757
8,clab-nebula-serf1,30,74,32,31,1,43,0.96875,0.4189189189189189,0.41333333333333333
8,clab-nebula-serf1,35,91,32,32,0,59,1.0,0.3516483516483517,0.3516483516483517
8,clab-nebula-serf1,40,107,42,41,1,66,0.9761904761904762,0.38317757009345793,0.37962962962962965
8,clab-nebula-serf1,45,117,42,41,1,76,0.9761904761904762,0.3504273504273504,0.3474576271186441
8,clab-nebula-serf1,50,121,42,41,1,80,0.9761904761904762,0.33884297520661155,0.3360655737704918
8,clab-nebula-serf1,55,133,42,42,0,91,1.0,0.3157894736842105,0.3157894736842105
8,clab-nebula-serf1,60,153,42,42,0,111,1.0,0.27450980392156865,0.27450980392156865
8,clab-nebula-serf33,5,3,1,0,1,3,0.0,0.0,0.0
8,clab-nebula-serf33,10,20,8,6,2,14,0.75,0.3,0.2727272727272727
8,clab-nebula-serf33,15,53,8,8,0,45,1.0,0.1509433962264151,0.1509433962264151
8,clab-nebula-serf33,20,78,8,8,0,70,1.0,0.10256410256410256,0.10256410256410256
8,clab-nebula-serf33,25,90,8,8,0,82,1.0,0.08888888888888889,0.08888888888888889
8,clab-nebula-serf33,30,105,35,34,1,71,0.9714285714285714,0.3238095238095238,0.32075471698113206
8,clab-nebula-serf33,35,119,55,54,1,65,0.9818181818181818,0.453781512605042,0.45
8,clab-nebula-serf33,40,124,55,55,0,69,1.0,0.4435483870967742,0.4435483870967742
8,clab-nebula-serf33,45,128,55,55,0,73,1.0,0.4296875,0.4296875
8,clab-nebula-serf33,50,154,57,57,0,97,1.0,0.37012987012987014,0.37012987012987014
8,clab-nebula-serf33,55,154,57,57,0,97,1.0,0.37012987012987014,0.37012987012987014
8,clab-nebula-serf33,60,157,57,57,0,100,1.0,0.3630573248407643,0.3630573248407643
8,clab-nebula-serf123,5,0,0,0,0,0,0.0,0.0,0.0
8,clab-nebula-serf123,10,2,0,0,0,2,0,0.0,0.0
8,clab-nebula-serf123,15,11,3,3,0,8,1.0,0.2727272727272727,0.2727272727272727
8,clab-nebula-serf123,20,16,9,7,2,9,0.7777777777777778,0.4375,0.3888888888888889
8,clab-nebula-serf123,25,42,11,11,0,31,1.0,0.2619047619047619,0.2619047619047619
8,clab-nebula-serf123,30,89,29,29,0,60,1.0,0.3258426966292135,0.3258426966292135
8,clab-nebula-serf123,35,128,30,30,0,98,1.0,0.234375,0.234375
8,clab-nebula-serf123,40,143,30,30,0,113,1.0,0.2097902097902098,0.2097902097902098
8,clab-nebula-serf123,45,152,30,30,0,122,1.0,0.19736842105263158,0.19736842105263158
8,clab-nebula-serf123,50,158,30,30,0,128,1.0,0.189873417721519,0.189873417721519
8,clab-nebula-serf123,55,161,30,30,0,131,1.0,0.18633540372670807,0.18633540372670807
8,clab-nebula-serf123,60,161,30,30,0,131,1.0,0.18633540372670807,0.18633540372670807
8,clab-nebula-serf135,5,0,0,0,0,0,0.0,0.0,0.0
8,clab-nebula-serf135,10,0,0,0,0,0,0.0,0.0,0.0
8,clab-nebula-serf135,15,1,0,0,0,1,0,0.0,0.0
8,clab-nebula-serf135,20,14,12,12,0,2,1.0,0.8571428571428571,0.8571428571428571
8,clab-nebula-serf135,25,15,13,13,0,2,1.0,0.8666666666666667,0.8666666666666667
8,clab-nebula-serf135,30,25,19,15,4,10,0.7894736842105263,0.6,0.5172413793103449
8,clab-nebula-serf135,35,42,19,19,0,23,1.0,0.4523809523809524,0.4523809523809524
8,clab-nebula-serf135,40,54,25,25,0,29,1.0,0.46296296296296297,0.46296296296296297
8,clab-nebula-serf135,45,91,26,26,0,65,1.0,0.2857142857142857,0.2857142857142857
8,clab-nebula-serf135,50,112,31,30,1,82,0.967741935483871,0.26785714285714285,0.26548672566371684
8,clab-nebula-serf135,55,137,31,31,0,106,1.0,0.22627737226277372,0.22627737226277372
8,clab-nebula-serf135,60,146,31,31,0,115,1.0,0.21232876712328766,0.21232876712328766
8,clab-nebula-serf13,5,0,0,0,0,0,0.0,0.0,0.0
8,clab-nebula-serf13,10,7,4,4,0,3,1.0,0.5714285714285714,0.5714285714285714
8,clab-nebula-serf13,15,24,10,10,0,14,1.0,0.4166666666666667,0.4166666666666667
8,clab-nebula-serf13,20,50,25,24,1,26,0.96,0.48,0.47058823529411764
8,clab-nebula-serf13,25,76,27,27,0,49,1.0,0.35526315789473684,0.35526315789473684
8,clab-nebula-serf13,30,92,37,36,1,56,0.972972972972973,0.391304347826087,0.3870967741935484
8,clab-nebula-serf13,35,110,38,37,1,73,0.9736842105263158,0.33636363636363636,0.3333333333333333
8,clab-nebula-serf13,40,120,39,38,1,82,0.9743589743589743,0.31666666666666665,0.3140495867768595
8,clab-nebula-serf13,45,124,39,39,0,85,1.0,0.31451612903225806,0.31451612903225806
8,clab-nebula-serf13,50,144,61,61,0,83,1.0,0.4236111111111111,0.4236111111111111
8,clab-nebula-serf13,55,154,61,61,0,93,1.0,0.3961038961038961,0.3961038961038961
8,clab-nebula-serf13,60,157,61,61,0,96,1.0,0.3885350318471338,0.3885350318471338
8,clab-nebula-serf47,5,4,0,0,0,4,0,0.0,0.0
8,clab-nebula-serf47,10,12,9,7,2,5,0.7777777777777778,0.5833333333333334,0.5
8,clab-nebula-serf47,15,25,9,8,1,17,0.8888888888888888,0.32,0.3076923076923077
8,clab-nebula-serf47,20,51,10,9,1,42,0.9,0.17647058823529413,0.17307692307692307
8,clab-nebula-serf47,25,82,11,11,0,71,1.0,0.13414634146341464,0.13414634146341464
8,clab-nebula-serf47,30,100,53,52,1,48,0.9811320754716981,0.52,0.5148514851485149
8,clab-nebula-serf47,35,120,53,52,1,68,0.9811320754716981,0.43333333333333335,0.4297520661157025
8,clab-nebula-serf47,40,124,55,55,0,69,1.0,0.4435483870967742,0.4435483870967742
8,clab-nebula-serf47,45,126,55,55,0,71,1.0,0.4365079365079365,0.4365079365079365
8,clab-nebula-serf47,50,154,57,57,0,97,1.0,0.37012987012987014,0.37012987012987014
8,clab-nebula-serf47,55,154,57,57,0,97,1.0,0.37012987012987014,0.37012987012987014
8,clab-nebula-serf47,60,156,57,57,0,99,1.0,0.36538461538461536,0.36538461538461536
8,clab-nebula-serf84,5,0,0,0,0,0,0.0,0.0,0.0
8,clab-nebula-serf84,10,0,0,0,0,0,0.0,0.0,0.0
8,clab-nebula-serf84,15,4,1,1,0,3,1.0,0.25,0.25
8,clab-nebula-serf84,20,18,6,6,0,12,1.0,0.3333333333333333,0.3333333333333333
8,clab-nebula-serf84,25,35,6,6,0,29,1.0,0.17142857142857143,0.17142857142857143
8,clab-nebula-serf84,30,57,6,6,0,51,1.0,0.10526315789473684,0.10526315789473684
8,clab-nebula-serf84,35,81,9,9,0,72,1.0,0.1111111111111111,0.1111111111111111
8,clab-nebula-serf84,40,110,10,10,0,100,1.0,0.09090909090909091,0.09090909090909091
8,clab-nebula-serf84,45,119,10,10,0,109,1.0,0.08403361344537816,0.08403361344537816
8,clab-nebula-serf84,50,128,12,12,0,116,1.0,0.09375,0.09375
8,clab-nebula-serf84,55,142,12,12,0,130,1.0,0.08450704225352113,0.08450704225352113
8,clab-nebula-serf84,60,154,12,12,0,142,1.0,0.07792207792207792,0.07792207792207792
8,clab-nebula-serf92,5,0,0,0,0,0,0.0,0.0,0.0
8,clab-nebula-serf92,10,9,0,0,0,9,0,0.0,0.0
8,clab-nebula-serf92,15,30,0,0,0,30,0,0.0,0.0
8,clab-nebula-serf92,20,47,17,17,0,30,1.0,0.3617021276595745,0.3617021276595745
8,clab-nebula-serf92,25,77,17,17,0,60,1.0,0.22077922077922077,0.22077922077922077
8,clab-nebula-serf92,30,103,29,26,3,77,0.896551724137931,0.2524271844660194,0.24528301886792453
8,clab-nebula-serf92,35,118,29,28,1,90,0.9655172413793104,0.23728813559322035,0.23529411764705882
8,clab-nebula-serf92,40,123,30,30,0,93,1.0,0.24390243902439024,0.24390243902439024
8,clab-nebula-serf92,45,137,30,30,0,107,1.0,0.21897810218978103,0.21897810218978103
8,clab-nebula-serf92,50,154,30,30,0,124,1.0,0.19480519480519481,0.19480519480519481
8,clab-nebula-serf92,55,154,30,30,0,124,1.0,0.19480519480519481,0.19480519480519481
8,clab-nebula-serf92,60,158,30,30,0,128,1.0,0.189873417721519,0.189873417721519
8,clab-nebula-serf106,5,0,0,0,0,0,0.0,0.0,0.0
8,clab-nebula-serf106,10,2,0,0,0,2,0,0.0,0.0
8,clab-nebula-serf106,15,4,3,2,1,2,0.6666666666666666,0.5,0.4
8,clab-nebula-serf106,20,8,7,6,1,2,0.8571428571428571,0.75,0.6666666666666666
8,clab-nebula-serf106,25,27,11,10,1,17,0.9090909090909091,0.37037037037037035,0.35714285714285715
8,clab-nebula-serf106,30,55,29,28,1,27,0.9655172413793104,0.509090909090909,0.5
8,clab-nebula-serf106,35,86,29,29,0,57,1.0,0.3372093023255814,0.3372093023255814
8,clab-nebula-serf106,40,130,30,30,0,100,1.0,0.23076923076923078,0.23076923076923078
8,clab-nebula-serf106,45,145,30,30,0,115,1.0,0.20689655172413793,0.20689655172413793
8,clab-nebula-serf106,50,153,30,30,0,123,1.0,0.19607843137254902,0.19607843137254902
8,clab-nebula-serf106,55,155,30,30,0,125,1.0,0.1935483870967742,0.1935483870967742
8,clab-nebula-serf106,60,161,30,30,0,131,1.0,0.18633540372670807,0.18633540372670807
8,clab-nebula-serf108,5,0,0,0,0,0,0.0,0.0,0.0
8,clab-nebula-serf108,10,2,0,0,0,2,0,0.0,0.0
8,clab-nebula-serf108,15,7,2,2,0,5,1.0,0.2857142857142857,0.2857142857142857
8,clab-nebula-serf108,20,16,10,10,0,6,1.0,0.625,0.625
8,clab-nebula-serf108,25,46,29,24,5,22,0.8275862068965517,0.5217391304347826,0.47058823529411764
8,clab-nebula-serf108,30,73,29,29,0,44,1.0,0.3972602739726027,0.3972602739726027
8,clab-nebula-serf108,35,122,30,30,0,92,1.0,0.2459016393442623,0.2459016393442623
8,clab-nebula-serf108,40,144,30,30,0,114,1.0,0.20833333333333334,0.20833333333333334
8,clab-nebula-serf108,45,149,30,30,0,119,1.0,0.20134228187919462,0.20134228187919462
8,clab-nebula-serf108,50,155,30,30,0,125,1.0,0.1935483870967742,0.1935483870967742
8,clab-nebula-serf108,55,158,30,30,0,128,1.0,0.189873417721519,0.189873417721519
8,clab-nebula-serf108,60,161,30,30,0,131,1.0,0.18633540372670807,0.18633540372670807
8,clab-nebula-serf119,5,2,0,0,0,2,0,0.0,0.0
8,clab-nebula-serf119,10,2,0,0,0,2,0,0.0,0.0
8,clab-nebula-serf119,15,2,0,0,0,2,0,0.0,0.0
8,clab-nebula-serf119,20,2,0,0,0,2,0,0.0,0.0
8,clab-nebula-serf119,25,3,2,2,0,1,1.0,0.6666666666666666,0.6666666666666666
8,clab-nebula-serf119,30,3,2,2,0,1,1.0,0.6666666666666666,0.6666666666666666
8,clab-nebula-serf119,35,3,2,2,0,1,1.0,0.6666666666666666,0.6666666666666666
8,clab-nebula-serf119,40,4,2,2,0,2,1.0,0.5,0.5
8,clab-nebula-serf119,45,5,2,2,0,3,1.0,0.4,0.4
8,clab-nebula-serf119,50,17,3,3,0,14,1.0,0.17647058823529413,0.17647058823529413
8,clab-nebula-serf119,55,27,2,2,0,25,1.0,0.07407407407407407,0.07407407407407407
8,clab-nebula-serf119,60,53,2,2,0,51,1.0,0.03773584905660377,0.03773584905660377
8,clab-nebula-serf125,5,0,0,0,0,0,0.0,0.0,0.0
8,clab-nebula-serf125,10,3,2,2,0,1,1.0,0.6666666666666666,0.6666666666666666
8,clab-nebula-serf125,15,12,4,2,2,10,0.5,0.16666666666666666,0.14285714285714285
8,clab-nebula-serf125,20,45,21,19,2,26,0.9047619047619048,0.4222222222222222,0.40425531914893614
8,clab-nebula-serf125,25,58,25,25,0,33,1.0,0.43103448275862066,0.43103448275862066
8,clab-nebula-serf125,30,84,25,25,0,59,1.0,0.2976190476190476,0.2976190476190476
8,clab-nebula-serf125,35,112,31,30,1,82,0.967741935483871,0.26785714285714285,0.26548672566371684
8,clab-nebula-serf125,40,137,31,31,0,106,1.0,0.22627737226277372,0.22627737226277372
8,clab-nebula-serf125,45,146,31,31,0,115,1.0,0.21232876712328766,0.21232876712328766
8,clab-nebula-serf125,50,155,32,32,0,123,1.0,0.2064516129032258,0.2064516129032258
8,clab-nebula-serf125,55,161,66,66,0,95,1.0,0.40993788819875776,0.40993788819875776
8,clab-nebula-serf125,60,161,66,66,0,95,1.0,0.40993788819875776,0.40993788819875776
8,clab-nebula-serf54,5,1,0,0,0,1,0,0.0,0.0
8,clab-nebula-serf54,10,11,6,6,0,5,1.0,0.5454545454545454,0.5454545454545454
8,clab-nebula-serf54,15,35,19,18,1,17,0.9473684210526315,0.5142857142857142,0.5
8,clab-nebula-serf54,20,66,19,19,0,47,1.0,0.2878787878787879,0.2878787878787879
8,clab-nebula-serf54,25,83,35,34,1,49,0.9714285714285714,0.40963855421686746,0.40476190476190477
8,clab-nebula-serf54,30,99,35,34,1,65,0.9714285714285714,0.3434343434343434,0.34
8,clab-nebula-serf54,35,119,37,36,1,83,0.972972972972973,0.3025210084033613,0.3
8,clab-nebula-serf54,40,122,37,37,0,85,1.0,0.30327868852459017,0.30327868852459017
8,clab-nebula-serf54,45,126,38,38,0,88,1.0,0.30158730158730157,0.30158730158730157
8,clab-nebula-serf54,50,153,60,60,0,93,1.0,0.39215686274509803,0.39215686274509803
8,clab-nebula-serf54,55,154,60,60,0,94,1.0,0.38961038961038963,0.38961038961038963
8,clab-nebula-serf54,60,157,59,59,0,98,1.0,0.37579617834394907,0.37579617834394907
8,clab-nebula-serf57,5,4,2,1,1,3,0.5,0.25,0.2
8,clab-nebula-serf57,10,13,5,3,2,10,0.6,0.23076923076923078,0.2
8,clab-nebula-serf57,15,57,19,17,2,40,0.8947368421052632,0.2982456140350877,0.288135593220339
8,clab-nebula-serf57,20,76,19,19,0,57,1.0,0.25,0.25
8,clab-nebula-serf57,25,90,29,28,1,62,0.9655172413793104,0.3111111111111111,0.3076923076923077
8,clab-nebula-serf57,30,113,35,34,1,79,0.9714285714285714,0.3008849557522124,0.2982456140350877
8,clab-nebula-serf57,35,121,35,35,0,86,1.0,0.2892561983471074,0.2892561983471074
8,clab-nebula-serf57,40,124,36,36,0,88,1.0,0.2903225806451613,0.2903225806451613
8,clab-nebula-serf57,45,144,59,59,0,85,1.0,0.4097222222222222,0.4097222222222222
8,clab-nebula-serf57,50,154,59,59,0,95,1.0,0.38311688311688313,0.38311688311688313
8,clab-nebula-serf57,55,155,59,59,0,96,1.0,0.38064516129032255,0.38064516129032255
8,clab-nebula-serf57,60,158,59,59,0,99,1.0,0.37341772151898733,0.37341772151898733
8,clab-nebula-serf24,5,0,0,0,0,0,0.0,0.0,0.0
8,clab-nebula-serf24,10,2,0,0,0,2,0,0.0,0.0
8,clab-nebula-serf24,15,5,2,1,1,4,0.5,0.2,0.16666666666666666
8,clab-nebula-serf24,20,17,9,8,1,9,0.8888888888888888,0.47058823529411764,0.4444444444444444
8,clab-nebula-serf24,25,29,9,9,0,20,1.0,0.3103448275862069,0.3103448275862069
8,clab-nebula-serf24,30,48,17,17,0,31,1.0,0.3541666666666667,0.3541666666666667
8,clab-nebula-serf24,35,83,17,17,0,66,1.0,0.20481927710843373,0.20481927710843373
8,clab-nebula-serf24,40,93,28,28,0,65,1.0,0.3010752688172043,0.3010752688172043
8,clab-nebula-serf24,45,103,54,53,1,50,0.9814814814814815,0.5145631067961165,0.5096153846153846
8,clab-nebula-serf24,50,120,53,52,1,68,0.9811320754716981,0.43333333333333335,0.4297520661157025
8,clab-nebula-serf24,55,124,55,55,0,69,1.0,0.4435483870967742,0.4435483870967742
8,clab-nebula-serf24,60,129,53,53,0,76,1.0,0.4108527131782946,0.4108527131782946
8,clab-nebula-serf42,5,0,0,0,0,0,0.0,0.0,0.0
8,clab-nebula-serf42,10,0,0,0,0,0,0.0,0.0,0.0
8,clab-nebula-serf42,15,2,2,1,1,1,0.5,0.5,0.3333333333333333
8,clab-nebula-serf42,20,15,8,4,4,11,0.5,0.26666666666666666,0.21052631578947367
8,clab-nebula-serf42,25,38,8,7,1,31,0.875,0.18421052631578946,0.1794871794871795
8,clab-nebula-serf42,30,71,8,8,0,63,1.0,0.11267605633802817,0.11267605633802817
8,clab-nebula-serf42,35,88,8,8,0,80,1.0,0.09090909090909091,0.09090909090909091
8,clab-nebula-serf42,40,101,34,33,1,68,0.9705882352941176,0.32673267326732675,0.3235294117647059
8,clab-nebula-serf42,45,117,55,54,1,63,0.9818181818181818,0.46153846153846156,0.4576271186440678
8,clab-nebula-serf42,50,123,55,55,0,68,1.0,0.44715447154471544,0.44715447154471544
8,clab-nebula-serf42,55,127,55,55,0,72,1.0,0.4330708661417323,0.4330708661417323
8,clab-nebula-serf42,60,153,57,57,0,96,1.0,0.37254901960784315,0.37254901960784315
8,clab-nebula-serf48,5,0,0,0,0,0,0.0,0.0,0.0
8,clab-nebula-serf48,10,5,1,0,1,5,0.0,0.0,0.0
8,clab-nebula-serf48,15,21,9,7,2,14,0.7777777777777778,0.3333333333333333,0.30434782608695654
8,clab-nebula-serf48,20,37,9,9,0,28,1.0,0.24324324324324326,0.24324324324324326
8,clab-nebula-serf48,25,79,11,11,0,68,1.0,0.13924050632911392,0.13924050632911392
8,clab-nebula-serf48,30,88,18,18,0,70,1.0,0.20454545454545456,0.20454545454545456
8,clab-nebula-serf48,35,114,53,52,1,62,0.9811320754716981,0.45614035087719296,0.45217391304347826
8,clab-nebula-serf48,40,121,53,53,0,68,1.0,0.4380165289256198,0.4380165289256198
8,clab-nebula-serf48,45,124,55,55,0,69,1.0,0.4435483870967742,0.4435483870967742
8,clab-nebula-serf48,50,141,57,57,0,84,1.0,0.40425531914893614,0.40425531914893614
8,clab-nebula-serf48,55,154,57,57,0,97,1.0,0.37012987012987014,0.37012987012987014
8,clab-nebula-serf48,60,155,57,57,0,98,1.0,0.36774193548387096,0.36774193548387096
8,clab-nebula-serf2,5,0,0,0,0,0,0.0,0.0,0.0
8,clab-nebula-serf2,10,1,1,0,1,1,0.0,0.0,0.0
8,clab-nebula-serf2,15,5,7,2,5,3,0.2857142857142857,0.4,0.2
8,clab-nebula-serf2,20,10,7,7,0,3,1.0,0.7,0.7
8,clab-nebula-serf2,25,19,8,8,0,11,1.0,0.42105263157894735,0.42105263157894735
8,clab-nebula-serf2,30,32,25,24,1,8,0.96,0.75,0.7272727272727273
8,clab-nebula-serf2,35,67,32,31,1,36,0.96875,0.4626865671641791,0.45588235294117646
8,clab-nebula-serf2,40,84,32,32,0,52,1.0,0.38095238095238093,0.38095238095238093
8,clab-nebula-serf2,45,99,42,41,1,58,0.9761904761904762,0.41414141414141414,0.41
8,clab-nebula-serf2,50,114,42,41,1,73,0.9761904761904762,0.35964912280701755,0.3565217391304348
8,clab-nebula-serf2,55,120,42,41,1,79,0.9761904761904762,0.3416666666666667,0.33884297520661155
8,clab-nebula-serf2,60,124,42,42,0,82,1.0,0.3387096774193548,0.3387096774193548
8,clab-nebula-serf21,5,2,0,0,0,2,0,0.0,0.0
8,clab-nebula-serf21,10,4,0,0,0,4,0,0.0,0.0
8,clab-nebula-serf21,15,16,9,7,2,9,0.7777777777777778,0.4375,0.3888888888888889
8,clab-nebula-serf21,20,32,9,9,0,23,1.0,0.28125,0.28125
8,clab-nebula-serf21,25,56,17,17,0,39,1.0,0.30357142857142855,0.30357142857142855
8,clab-nebula-serf21,30,84,17,17,0,67,1.0,0.20238095238095238,0.20238095238095238
8,clab-nebula-serf21,35,94,28,28,0,66,1.0,0.2978723404255319,0.2978723404255319
8,clab-nebula-serf21,40,107,55,54,1,53,0.9818181818181818,0.5046728971962616,0.5
8,clab-nebula-serf21,45,121,53,53,0,68,1.0,0.4380165289256198,0.4380165289256198
8,clab-nebula-serf21,50,124,55,55,0,69,1.0,0.4435483870967742,0.4435483870967742
8,clab-nebula-serf21,55,133,55,55,0,78,1.0,0.41353383458646614,0.41353383458646614
8,clab-nebula-serf21,60,154,57,57,0,97,1.0,0.37012987012987014,0.37012987012987014
8,clab-nebula-serf67,5,0,0,0,0,0,0.0,0.0,0.0
8,clab-nebula-serf67,10,5,3,1,2,4,0.3333333333333333,0.2,0.14285714285714285
8,clab-nebula-serf67,15,26,5,5,0,21,1.0,0.19230769230769232,0.19230769230769232
8,clab-nebula-serf67,20,41,17,17,0,24,1.0,0.4146341463414634,0.4146341463414634
8,clab-nebula-serf67,25,76,17,17,0,59,1.0,0.2236842105263158,0.2236842105263158
8,clab-nebula-serf67,30,98,26,24,2,74,0.9230769230769231,0.24489795918367346,0.24
8,clab-nebula-serf67,35,115,30,29,1,86,0.9666666666666667,0.25217391304347825,0.25
8,clab-nebula-serf67,40,122,30,30,0,92,1.0,0.2459016393442623,0.2459016393442623
8,clab-nebula-serf67,45,135,30,30,0,105,1.0,0.2222222222222222,0.2222222222222222
8,clab-nebula-serf67,50,154,30,30,0,124,1.0,0.19480519480519481,0.19480519480519481
8,clab-nebula-serf67,55,154,30,30,0,124,1.0,0.19480519480519481,0.19480519480519481
8,clab-nebula-serf67,60,158,30,30,0,128,1.0,0.189873417721519,0.189873417721519
8,clab-nebula-serf102,5,5,2,2,0,3,1.0,0.4,0.4
8,clab-nebula-serf102,10,7,6,6,0,1,1.0,0.8571428571428571,0.8571428571428571
8,clab-nebula-serf102,15,7,6,6,0,1,1.0,0.8571428571428571,0.8571428571428571
8,clab-nebula-serf102,20,10,7,7,0,3,1.0,0.7,0.7
8,clab-nebula-serf102,25,21,7,7,0,14,1.0,0.3333333333333333,0.3333333333333333
8,clab-nebula-serf102,30,40,26,18,8,22,0.6923076923076923,0.45,0.375
8,clab-nebula-serf102,35,76,40,40,0,36,1.0,0.5263157894736842,0.5263157894736842
8,clab-nebula-serf102,40,124,40,40,0,84,1.0,0.3225806451612903,0.3225806451612903
8,clab-nebula-serf102,45,144,40,40,0,104,1.0,0.2777777777777778,0.2777777777777778
8,clab-nebula-serf102,50,157,40,40,0,117,1.0,0.25477707006369427,0.25477707006369427
8,clab-nebula-serf102,55,160,40,40,0,120,1.0,0.25,0.25
8,clab-nebula-serf102,60,161,40,40,0,121,1.0,0.2484472049689441,0.2484472049689441
8,clab-nebula-serf110,5,0,0,0,0,0,0.0,0.0,0.0
8,clab-nebula-serf110,10,0,0,0,0,0,0.0,0.0,0.0
8,clab-nebula-serf110,15,2,0,0,0,2,0,0.0,0.0
8,clab-nebula-serf110,20,7,3,2,1,5,0.6666666666666666,0.2857142857142857,0.25
8,clab-nebula-serf110,25,15,11,9,2,6,0.8181818181818182,0.6,0.5294117647058824
8,clab-nebula-serf110,30,37,11,10,1,27,0.9090909090909091,0.2702702702702703,0.2631578947368421
8,clab-nebula-serf110,35,69,30,30,0,39,1.0,0.43478260869565216,0.43478260869565216
8,clab-nebula-serf110,40,107,30,30,0,77,1.0,0.2803738317757009,0.2803738317757009
8,clab-nebula-serf110,45,143,30,30,0,113,1.0,0.2097902097902098,0.2097902097902098
8,clab-nebula-serf110,50,148,30,30,0,118,1.0,0.20270270270270271,0.20270270270270271
8,clab-nebula-serf110,55,154,30,30,0,124,1.0,0.19480519480519481,0.19480519480519481
8,clab-nebula-serf110,60,157,30,30,0,127,1.0,0.1910828025477707,0.1910828025477707
8,clab-nebula-serf132,5,0,0,0,0,0,0.0,0.0,0.0
8,clab-nebula-serf132,10,0,0,0,0,0,0.0,0.0,0.0
8,clab-nebula-serf132,15,11,12,9,3,2,0.75,0.8181818181818182,0.6428571428571429
8,clab-nebula-serf132,20,14,12,12,0,2,1.0,0.8571428571428571,0.8571428571428571
8,clab-nebula-serf132,25,23,15,14,1,9,0.9333333333333333,0.6086956521739131,0.5833333333333334
8,clab-nebula-serf132,30,37,20,18,2,19,0.9,0.4864864864864865,0.46153846153846156
8,clab-nebula-serf132,35,48,24,24,0,24,1.0,0.5,0.5
8,clab-nebula-serf132,40,78,40,39,1,39,0.975,0.5,0.4936708860759494
8,clab-nebula-serf132,45,104,31,30,1,74,0.967741935483871,0.28846153846153844,0.2857142857142857
8,clab-nebula-serf132,50,132,31,31,0,101,1.0,0.23484848484848486,0.23484848484848486
8,clab-nebula-serf132,55,144,31,31,0,113,1.0,0.2152777777777778,0.2152777777777778
8,clab-nebula-serf132,60,151,64,64,0,87,1.0,0.423841059602649,0.423841059602649
8,clab-nebula-serf134,5,0,0,0,0,0,0.0,0.0,0.0
8,clab-nebula-serf134,10,0,0,0,0,0,0.0,0.0,0.0
8,clab-nebula-serf134,15,1,0,0,0,1,0,0.0,0.0
8,clab-nebula-serf134,20,14,12,12,0,2,1.0,0.8571428571428571,0.8571428571428571
8,clab-nebula-serf134,25,16,13,13,0,3,1.0,0.8125,0.8125
8,clab-nebula-serf134,30,26,19,15,4,11,0.7894736842105263,0.5769230769230769,0.5
8,clab-nebula-serf134,35,43,22,22,0,21,1.0,0.5116279069767442,0.5116279069767442
8,clab-nebula-serf134,40,57,25,25,0,32,1.0,0.43859649122807015,0.43859649122807015
8,clab-nebula-serf134,45,91,26,26,0,65,1.0,0.2857142857142857,0.2857142857142857
8,clab-nebula-serf134,50,116,31,30,1,86,0.967741935483871,0.25862068965517243,0.2564102564102564
8,clab-nebula-serf134,55,137,31,31,0,106,1.0,0.22627737226277372,0.22627737226277372
8,clab-nebula-serf134,60,147,31,31,0,116,1.0,0.2108843537414966,0.2108843537414966
8,clab-nebula-serf137,5,0,0,0,0,0,0.0,0.0,0.0
8,clab-nebula-serf137,10,0,0,0,0,0,0.0,0.0,0.0
8,clab-nebula-serf137,15,2,0,0,0,2,0,0.0,0.0
8,clab-nebula-serf137,20,14,11,11,0,3,1.0,0.7857142857142857,0.7857142857142857
8,clab-nebula-serf137,25,20,13,13,0,7,1.0,0.65,0.65
8,clab-nebula-serf137,30,26,19,15,4,11,0.7894736842105263,0.5769230769230769,0.5
8,clab-nebula-serf137,35,44,22,22,0,22,1.0,0.5,0.5
8,clab-nebula-serf137,40,55,25,25,0,30,1.0,0.45454545454545453,0.45454545454545453
8,clab-nebula-serf137,45,90,26,26,0,64,1.0,0.28888888888888886,0.28888888888888886
8,clab-nebula-serf137,50,115,31,30,1,85,0.967741935483871,0.2608695652173913,0.25862068965517243
8,clab-nebula-serf137,55,137,31,31,0,106,1.0,0.22627737226277372,0.22627737226277372
8,clab-nebula-serf137,60,148,31,31,0,117,1.0,0.20945945945945946,0.20945945945945946
8,clab-nebula-serf10,5,1,0,0,0,1,0,0.0,0.0
8,clab-nebula-serf10,10,9,3,3,0,6,1.0,0.3333333333333333,0.3333333333333333
8,clab-nebula-serf10,15,20,8,7,1,13,0.875,0.35,0.3333333333333333
8,clab-nebula-serf10,20,40,28,26,2,14,0.9285714285714286,0.65,0.6190476190476191
8,clab-nebula-serf10,25,71,28,28,0,43,1.0,0.39436619718309857,0.39436619718309857
8,clab-nebula-serf10,30,88,28,28,0,60,1.0,0.3181818181818182,0.3181818181818182
8,clab-nebula-serf10,35,103,42,41,1,62,0.9761904761904762,0.39805825242718446,0.3942307692307692
8,clab-nebula-serf10,40,120,42,41,1,79,0.9761904761904762,0.3416666666666667,0.33884297520661155
8,clab-nebula-serf10,45,121,42,42,0,79,1.0,0.34710743801652894,0.34710743801652894
8,clab-nebula-serf10,50,129,42,42,0,87,1.0,0.32558139534883723,0.32558139534883723
8,clab-nebula-serf10,55,153,64,64,0,89,1.0,0.41830065359477125,0.41830065359477125
8,clab-nebula-serf10,60,156,64,64,0,92,1.0,0.41025641025641024,0.41025641025641024
8,clab-nebula-serf46,5,0,0,0,0,0,0.0,0.0,0.0
8,clab-nebula-serf46,10,3,1,0,1,3,0.0,0.0,0.0
8,clab-nebula-serf46,15,11,9,7,2,4,0.7777777777777778,0.6363636363636364,0.5384615384615384
8,clab-nebula-serf46,20,26,9,7,2,19,0.7777777777777778,0.2692307692307692,0.25
8,clab-nebula-serf46,25,54,10,9,1,45,0.9,0.16666666666666666,0.16363636363636364
8,clab-nebula-serf46,30,81,18,18,0,63,1.0,0.2222222222222222,0.2222222222222222
8,clab-nebula-serf46,35,100,53,52,1,48,0.9811320754716981,0.52,0.5148514851485149
8,clab-nebula-serf46,40,121,53,53,0,68,1.0,0.4380165289256198,0.4380165289256198
8,clab-nebula-serf46,45,124,55,55,0,69,1.0,0.4435483870967742,0.4435483870967742
8,clab-nebula-serf46,50,127,55,55,0,72,1.0,0.4330708661417323,0.4330708661417323
8,clab-nebula-serf46,55,154,57,57,0,97,1.0,0.37012987012987014,0.37012987012987014
8,clab-nebula-serf46,60,154,57,57,0,97,1.0,0.37012987012987014,0.37012987012987014
8,clab-nebula-serf74,5,0,0,0,0,0,0.0,0.0,0.0
8,clab-nebula-serf74,10,9,6,6,0,3,1.0,0.6666666666666666,0.6666666666666666
8,clab-nebula-serf74,15,26,9,9,0,17,1.0,0.34615384615384615,0.34615384615384615
8,clab-nebula-serf74,20,45,17,17,0,28,1.0,0.37777777777777777,0.37777777777777777
8,clab-nebula-serf74,25,82,17,17,0,65,1.0,0.2073170731707317,0.2073170731707317
8,clab-nebula-serf74,30,106,29,27,2,79,0.9310344827586207,0.25471698113207547,0.25
8,clab-nebula-serf74,35,117,29,28,1,89,0.9655172413793104,0.23931623931623933,0.23728813559322035
8,clab-nebula-serf74,40,124,30,30,0,94,1.0,0.24193548387096775,0.24193548387096775
8,clab-nebula-serf74,45,145,30,30,0,115,1.0,0.20689655172413793,0.20689655172413793
8,clab-nebula-serf74,50,154,30,30,0,124,1.0,0.19480519480519481,0.19480519480519481
8,clab-nebula-serf74,55,155,30,30,0,125,1.0,0.1935483870967742,0.1935483870967742
8,clab-nebula-serf74,60,159,30,30,0,129,1.0,0.18867924528301888,0.18867924528301888
8,clab-nebula-serf76,5,2,0,0,0,2,0,0.0,0.0
8,clab-nebula-serf76,10,25,9,9,0,16,1.0,0.36,0.36
8,clab-nebula-serf76,15,38,17,17,0,21,1.0,0.4473684210526316,0.4473684210526316
8,clab-nebula-serf76,20,68,17,17,0,51,1.0,0.25,0.25
8,clab-nebula-serf76,25,89,17,17,0,72,1.0,0.19101123595505617,0.19101123595505617
8,clab-nebula-serf76,30,111,29,28,1,83,0.9655172413793104,0.25225225225225223,0.25
8,clab-nebula-serf76,35,121,29,29,0,92,1.0,0.2396694214876033,0.2396694214876033
8,clab-nebula-serf76,40,129,30,30,0,99,1.0,0.23255813953488372,0.23255813953488372
8,clab-nebula-serf76,45,153,30,30,0,123,1.0,0.19607843137254902,0.19607843137254902
8,clab-nebula-serf76,50,154,30,30,0,124,1.0,0.19480519480519481,0.19480519480519481
8,clab-nebula-serf76,55,158,30,30,0,128,1.0,0.189873417721519,0.189873417721519
8,clab-nebula-serf76,60,161,30,30,0,131,1.0,0.18633540372670807,0.18633540372670807
8,clab-nebula-serf149,5,0,0,0,0,0,0.0,0.0,0.0
8,clab-nebula-serf149,10,0,0,0,0,0,0.0,0.0,0.0
8,clab-nebula-serf149,15,1,0,0,0,1,0,0.0,0.0
8,clab-nebula-serf149,20,11,9,8,1,3,0.8888888888888888,0.7272727272727273,0.6666666666666666
8,clab-nebula-serf149,25,17,9,9,0,8,1.0,0.5294117647058824,0.5294117647058824
8,clab-nebula-serf149,30,25,9,9,0,16,1.0,0.36,0.36
8,clab-nebula-serf149,35,48,9,9,0,39,1.0,0.1875,0.1875
8,clab-nebula-serf149,40,60,9,9,0,51,1.0,0.15,0.15
8,clab-nebula-serf149,45,89,9,9,0,80,1.0,0.10112359550561797,0.10112359550561797
8,clab-nebula-serf149,50,124,9,9,0,115,1.0,0.07258064516129033,0.07258064516129033
8,clab-nebula-serf149,55,143,10,10,0,133,1.0,0.06993006993006994,0.06993006993006994
8,clab-nebula-serf149,60,152,11,11,0,141,1.0,0.07236842105263158,0.07236842105263158
8,clab-nebula-serf20,5,2,0,0,0,2,0,0.0,0.0
8,clab-nebula-serf20,10,4,2,2,0,2,1.0,0.5,0.5
8,clab-nebula-serf20,15,15,9,8,1,7,0.8888888888888888,0.5333333333333333,0.5
8,clab-nebula-serf20,20,26,9,9,0,17,1.0,0.34615384615384615,0.34615384615384615
8,clab-nebula-serf20,25,46,17,17,0,29,1.0,0.3695652173913043,0.3695652173913043
8,clab-nebula-serf20,30,80,17,17,0,63,1.0,0.2125,0.2125
8,clab-nebula-serf20,35,93,28,28,0,65,1.0,0.3010752688172043,0.3010752688172043
8,clab-nebula-serf20,40,102,54,53,1,49,0.9814814814814815,0.5196078431372549,0.5145631067961165
8,clab-nebula-serf20,45,118,53,52,1,66,0.9811320754716981,0.4406779661016949,0.4369747899159664
8,clab-nebula-serf20,50,124,55,55,0,69,1.0,0.4435483870967742,0.4435483870967742
8,clab-nebula-serf20,55,129,53,53,0,76,1.0,0.4108527131782946,0.4108527131782946
8,clab-nebula-serf20,60,154,57,57,0,97,1.0,0.37012987012987014,0.37012987012987014
8,clab-nebula-serf22,5,0,0,0,0,0,0.0,0.0,0.0
8,clab-nebula-serf22,10,4,0,0,0,4,0,0.0,0.0
8,clab-nebula-serf22,15,10,9,7,2,3,0.7777777777777778,0.7,0.5833333333333334
8,clab-nebula-serf22,20,23,9,9,0,14,1.0,0.391304347826087,0.391304347826087
8,clab-nebula-serf22,25,41,13,13,0,28,1.0,0.3170731707317073,0.3170731707317073
8,clab-nebula-serf22,30,76,17,17,0,59,1.0,0.2236842105263158,0.2236842105263158
8,clab-nebula-serf22,35,93,28,28,0,65,1.0,0.3010752688172043,0.3010752688172043
8,clab-nebula-serf22,40,98,55,54,1,44,0.9818181818181818,0.5510204081632653,0.5454545454545454
8,clab-nebula-serf22,45,117,53,52,1,65,0.9811320754716981,0.4444444444444444,0.4406779661016949
8,clab-nebula-serf22,50,122,55,55,0,67,1.0,0.45081967213114754,0.45081967213114754
8,clab-nebula-serf22,55,125,55,55,0,70,1.0,0.44,0.44
8,clab-nebula-serf22,60,153,57,57,0,96,1.0,0.37254901960784315,0.37254901960784315
8,clab-nebula-serf160,5,4,0,0,0,4,0,0.0,0.0
8,clab-nebula-serf160,10,4,0,0,0,4,0,0.0,0.0
8,clab-nebula-serf160,15,5,0,0,0,5,0,0.0,0.0
8,clab-nebula-serf160,20,10,5,5,0,5,1.0,0.5,0.5
8,clab-nebula-serf160,25,25,5,5,0,20,1.0,0.2,0.2
8,clab-nebula-serf160,30,37,24,24,0,13,1.0,0.6486486486486487,0.6486486486486487
8,clab-nebula-serf160,35,43,25,24,1,19,0.96,0.5581395348837209,0.5454545454545454
8,clab-nebula-serf160,40,58,32,32,0,26,1.0,0.5517241379310345,0.5517241379310345
8,clab-nebula-serf160,45,82,44,42,2,40,0.9545454545454546,0.5121951219512195,0.5
8,clab-nebula-serf160,50,118,54,54,0,64,1.0,0.4576271186440678,0.4576271186440678
8,clab-nebula-serf160,55,139,55,55,0,84,1.0,0.39568345323741005,0.39568345323741005
8,clab-nebula-serf160,60,149,55,55,0,94,1.0,0.3691275167785235,0.3691275167785235
8,clab-nebula-serf31,5,1,0,0,0,1,0,0.0,0.0
8,clab-nebula-serf31,10,13,9,7,2,6,0.7777777777777778,0.5384615384615384,0.4666666666666667
8,clab-nebula-serf31,15,28,9,9,0,19,1.0,0.32142857142857145,0.32142857142857145
8,clab-nebula-serf31,20,45,17,17,0,28,1.0,0.37777777777777777,0.37777777777777777
8,clab-nebula-serf31,25,80,17,17,0,63,1.0,0.2125,0.2125
8,clab-nebula-serf31,30,93,28,28,0,65,1.0,0.3010752688172043,0.3010752688172043
8,clab-nebula-serf31,35,102,55,54,1,48,0.9818181818181818,0.5294117647058824,0.5242718446601942
8,clab-nebula-serf31,40,119,53,52,1,67,0.9811320754716981,0.4369747899159664,0.43333333333333335
8,clab-nebula-serf31,45,124,55,55,0,69,1.0,0.4435483870967742,0.4435483870967742
8,clab-nebula-serf31,50,129,53,53,0,76,1.0,0.4108527131782946,0.4108527131782946
8,clab-nebula-serf31,55,154,57,57,0,97,1.0,0.37012987012987014,0.37012987012987014
8,clab-nebula-serf31,60,154,57,57,0,97,1.0,0.37012987012987014,0.37012987012987014
8,clab-nebula-serf93,5,3,1,1,0,2,1.0,0.3333333333333333,0.3333333333333333
8,clab-nebula-serf93,10,16,1,1,0,15,1.0,0.0625,0.0625
8,clab-nebula-serf93,15,37,5,5,0,32,1.0,0.13513513513513514,0.13513513513513514
8,clab-nebula-serf93,20,59,17,17,0,42,1.0,0.288135593220339,0.288135593220339
8,clab-nebula-serf93,25,83,17,17,0,66,1.0,0.20481927710843373,0.20481927710843373
8,clab-nebula-serf93,30,110,30,27,3,83,0.9,0.24545454545454545,0.23893805309734514
8,clab-nebula-serf93,35,119,30,29,1,90,0.9666666666666667,0.24369747899159663,0.24166666666666667
8,clab-nebula-serf93,40,125,30,30,0,95,1.0,0.24,0.24
8,clab-nebula-serf93,45,142,30,30,0,112,1.0,0.2112676056338028,0.2112676056338028
8,clab-nebula-serf93,50,154,30,30,0,124,1.0,0.19480519480519481,0.19480519480519481
8,clab-nebula-serf93,55,156,30,30,0,126,1.0,0.19230769230769232,0.19230769230769232
8,clab-nebula-serf93,60,161,30,30,0,131,1.0,0.18633540372670807,0.18633540372670807
8,clab-nebula-serf122,5,0,0,0,0,0,0.0,0.0,0.0
8,clab-nebula-serf122,10,0,0,0,0,0,0.0,0.0,0.0
8,clab-nebula-serf122,15,8,2,2,0,6,1.0,0.25,0.25
8,clab-nebula-serf122,20,15,2,2,0,13,1.0,0.13333333333333333,0.13333333333333333
8,clab-nebula-serf122,25,22,2,2,0,20,1.0,0.09090909090909091,0.09090909090909091
8,clab-nebula-serf122,30,61,3,3,0,58,1.0,0.04918032786885246,0.04918032786885246
8,clab-nebula-serf122,35,106,8,7,1,99,0.875,0.0660377358490566,0.06542056074766354
8,clab-nebula-serf122,40,133,8,8,0,125,1.0,0.06015037593984962,0.06015037593984962
8,clab-nebula-serf122,45,144,8,8,0,136,1.0,0.05555555555555555,0.05555555555555555
8,clab-nebula-serf122,50,154,9,9,0,145,1.0,0.05844155844155844,0.05844155844155844
8,clab-nebula-serf122,55,161,29,29,0,132,1.0,0.18012422360248448,0.18012422360248448
8,clab-nebula-serf122,60,161,29,29,0,132,1.0,0.18012422360248448,0.18012422360248448
8,clab-nebula-serf38,5,0,0,0,0,0,0.0,0.0,0.0
8,clab-nebula-serf38,10,4,2,2,0,2,1.0,0.5,0.5
8,clab-nebula-serf38,15,24,8,6,2,18,0.75,0.25,0.23076923076923078
8,clab-nebula-serf38,20,56,8,8,0,48,1.0,0.14285714285714285,0.14285714285714285
8,clab-nebula-serf38,25,82,8,8,0,74,1.0,0.0975609756097561,0.0975609756097561
8,clab-nebula-serf38,30,92,8,8,0,84,1.0,0.08695652173913043,0.08695652173913043
8,clab-nebula-serf38,35,107,35,34,1,73,0.9714285714285714,0.3177570093457944,0.3148148148148148
8,clab-nebula-serf38,40,121,55,55,0,66,1.0,0.45454545454545453,0.45454545454545453
8,clab-nebula-serf38,45,124,55,55,0,69,1.0,0.4435483870967742,0.4435483870967742
8,clab-nebula-serf38,50,133,55,55,0,78,1.0,0.41353383458646614,0.41353383458646614
8,clab-nebula-serf38,55,154,57,57,0,97,1.0,0.37012987012987014,0.37012987012987014
8,clab-nebula-serf38,60,154,57,57,0,97,1.0,0.37012987012987014,0.37012987012987014
8,clab-nebula-serf55,5,0,0,0,0,0,0.0,0.0,0.0
8,clab-nebula-serf55,10,9,2,2,0,7,1.0,0.2222222222222222,0.2222222222222222
8,clab-nebula-serf55,15,23,6,6,0,17,1.0,0.2608695652173913,0.2608695652173913
8,clab-nebula-serf55,20,64,23,22,1,42,0.9565217391304348,0.34375,0.3384615384615385
8,clab-nebula-serf55,25,83,33,32,1,51,0.9696969696969697,0.3855421686746988,0.38095238095238093
8,clab-nebula-serf55,30,96,33,32,1,64,0.9696969696969697,0.3333333333333333,0.32989690721649484
8,clab-nebula-serf55,35,119,37,36,1,83,0.972972972972973,0.3025210084033613,0.3
8,clab-nebula-serf55,40,121,37,37,0,84,1.0,0.30578512396694213,0.30578512396694213
8,clab-nebula-serf55,45,126,37,37,0,89,1.0,0.29365079365079366,0.29365079365079366
8,clab-nebula-serf55,50,153,38,38,0,115,1.0,0.24836601307189543,0.24836601307189543
8,clab-nebula-serf55,55,154,38,38,0,116,1.0,0.24675324675324675,0.24675324675324675
8,clab-nebula-serf55,60,157,37,37,0,120,1.0,0.2356687898089172,0.2356687898089172
8,clab-nebula-serf79,5,6,1,0,1,6,0.0,0.0,0.0
8,clab-nebula-serf79,10,26,9,9,0,17,1.0,0.34615384615384615,0.34615384615384615
8,clab-nebula-serf79,15,41,17,17,0,24,1.0,0.4146341463414634,0.4146341463414634
8,clab-nebula-serf79,20,76,17,17,0,59,1.0,0.2236842105263158,0.2236842105263158
8,clab-nebula-serf79,25,96,17,17,0,79,1.0,0.17708333333333334,0.17708333333333334
8,clab-nebula-serf79,30,116,29,28,1,88,0.9655172413793104,0.2413793103448276,0.23931623931623933
8,clab-nebula-serf79,35,121,29,29,0,92,1.0,0.2396694214876033,0.2396694214876033
8,clab-nebula-serf79,40,135,30,30,0,105,1.0,0.2222222222222222,0.2222222222222222
8,clab-nebula-serf79,45,153,30,30,0,123,1.0,0.19607843137254902,0.19607843137254902
8,clab-nebula-serf79,50,154,30,30,0,124,1.0,0.19480519480519481,0.19480519480519481
8,clab-nebula-serf79,55,158,30,30,0,128,1.0,0.189873417721519,0.189873417721519
8,clab-nebula-serf79,60,161,30,30,0,131,1.0,0.18633540372670807,0.18633540372670807
8,clab-nebula-serf113,5,1,0,0,0,1,0,0.0,0.0
8,clab-nebula-serf113,10,1,0,0,0,1,0,0.0,0.0
8,clab-nebula-serf113,15,3,1,1,0,2,1.0,0.3333333333333333,0.3333333333333333
8,clab-nebula-serf113,20,19,1,1,0,18,1.0,0.05263157894736842,0.05263157894736842
8,clab-nebula-serf113,25,28,1,1,0,27,1.0,0.03571428571428571,0.03571428571428571
8,clab-nebula-serf113,30,65,1,1,0,64,1.0,0.015384615384615385,0.015384615384615385
8,clab-nebula-serf113,35,105,1,1,0,104,1.0,0.009523809523809525,0.009523809523809525
8,clab-nebula-serf113,40,139,6,4,2,135,0.6666666666666666,0.02877697841726619,0.028368794326241134
8,clab-nebula-serf113,45,156,7,7,0,149,1.0,0.04487179487179487,0.04487179487179487
8,clab-nebula-serf113,50,159,7,7,0,152,1.0,0.0440251572327044,0.0440251572327044
8,clab-nebula-serf113,55,161,7,7,0,154,1.0,0.043478260869565216,0.043478260869565216
8,clab-nebula-serf113,60,161,7,7,0,154,1.0,0.043478260869565216,0.043478260869565216
8,clab-nebula-serf120,5,2,0,0,0,2,0,0.0,0.0
8,clab-nebula-serf120,10,2,0,0,0,2,0,0.0,0.0
8,clab-nebula-serf120,15,2,0,0,0,2,0,0.0,0.0
8,clab-nebula-serf120,20,2,0,0,0,2,0,0.0,0.0
8,clab-nebula-serf120,25,2,0,0,0,2,0,0.0,0.0
8,clab-nebula-serf120,30,3,2,2,0,1,1.0,0.6666666666666666,0.6666666666666666
8,clab-nebula-serf120,35,3,2,2,0,1,1.0,0.6666666666666666,0.6666666666666666
8,clab-nebula-serf120,40,3,2,2,0,1,1.0,0.6666666666666666,0.6666666666666666
8,clab-nebula-serf120,45,5,2,2,0,3,1.0,0.4,0.4
8,clab-nebula-serf120,50,14,3,3,0,11,1.0,0.21428571428571427,0.21428571428571427
8,clab-nebula-serf120,55,24,3,3,0,21,1.0,0.125,0.125
8,clab-nebula-serf120,60,48,2,2,0,46,1.0,0.041666666666666664,0.041666666666666664
8,clab-nebula-serf128,5,0,0,0,0,0,0.0,0.0,0.0
8,clab-nebula-serf128,10,2,1,1,0,1,1.0,0.5,0.5
8,clab-nebula-serf128,15,6,1,1,0,5,1.0,0.16666666666666666,0.16666666666666666
8,clab-nebula-serf128,20,20,11,10,1,10,0.9090909090909091,0.5,0.47619047619047616
8,clab-nebula-serf128,25,48,30,24,6,24,0.8,0.5,0.4444444444444444
8,clab-nebula-serf128,30,73,30,30,0,43,1.0,0.410958904109589,0.410958904109589
8,clab-nebula-serf128,35,111,30,30,0,81,1.0,0.2702702702702703,0.2702702702702703
8,clab-nebula-serf128,40,145,30,30,0,115,1.0,0.20689655172413793,0.20689655172413793
8,clab-nebula-serf128,45,150,30,30,0,120,1.0,0.2,0.2
8,clab-nebula-serf128,50,155,30,30,0,125,1.0,0.1935483870967742,0.1935483870967742
8,clab-nebula-serf128,55,159,30,30,0,129,1.0,0.18867924528301888,0.18867924528301888
8,clab-nebula-serf128,60,161,30,30,0,131,1.0,0.18633540372670807,0.18633540372670807
8,clab-nebula-serf8,5,0,0,0,0,0,0.0,0.0,0.0
8,clab-nebula-serf8,10,5,0,0,0,5,0,0.0,0.0
8,clab-nebula-serf8,15,13,8,5,3,8,0.625,0.38461538461538464,0.3125
8,clab-nebula-serf8,20,23,8,8,0,15,1.0,0.34782608695652173,0.34782608695652173
8,clab-nebula-serf8,25,44,28,26,2,18,0.9285714285714286,0.5909090909090909,0.5652173913043478
8,clab-nebula-serf8,30,76,28,28,0,48,1.0,0.3684210526315789,0.3684210526315789
8,clab-nebula-serf8,35,89,28,28,0,61,1.0,0.3146067415730337,0.3146067415730337
8,clab-nebula-serf8,40,105,42,41,1,64,0.9761904761904762,0.3904761904761905,0.3867924528301887
8,clab-nebula-serf8,45,120,42,41,1,79,0.9761904761904762,0.3416666666666667,0.33884297520661155
8,clab-nebula-serf8,50,122,42,42,0,80,1.0,0.3442622950819672,0.3442622950819672
8,clab-nebula-serf8,55,130,42,42,0,88,1.0,0.3230769230769231,0.3230769230769231
8,clab-nebula-serf8,60,153,64,64,0,89,1.0,0.41830065359477125,0.41830065359477125
8,clab-nebula-serf27,5,0,0,0,0,0,0.0,0.0,0.0
8,clab-nebula-serf27,10,3,0,0,0,3,0,0.0,0.0
8,clab-nebula-serf27,15,7,0,0,0,7,0,0.0,0.0
8,clab-nebula-serf27,20,13,0,0,0,13,0,0.0,0.0
8,clab-nebula-serf27,25,24,0,0,0,24,0,0.0,0.0
8,clab-nebula-serf27,30,38,9,7,2,31,0.7777777777777778,0.18421052631578946,0.175
8,clab-nebula-serf27,35,75,9,9,0,66,1.0,0.12,0.12
8,clab-nebula-serf27,40,92,9,9,0,83,1.0,0.09782608695652174,0.09782608695652174
8,clab-nebula-serf27,45,98,28,28,0,70,1.0,0.2857142857142857,0.2857142857142857
8,clab-nebula-serf27,50,117,53,52,1,65,0.9811320754716981,0.4444444444444444,0.4406779661016949
8,clab-nebula-serf27,55,122,53,53,0,69,1.0,0.4344262295081967,0.4344262295081967
8,clab-nebula-serf27,60,125,53,53,0,72,1.0,0.424,0.424
8,clab-nebula-serf78,5,0,0,0,0,0,0.0,0.0,0.0
8,clab-nebula-serf78,10,9,0,0,0,9,0,0.0,0.0
8,clab-nebula-serf78,15,27,17,17,0,10,1.0,0.6296296296296297,0.6296296296296297
8,clab-nebula-serf78,20,48,17,17,0,31,1.0,0.3541666666666667,0.3541666666666667
8,clab-nebula-serf78,25,80,17,17,0,63,1.0,0.2125,0.2125
8,clab-nebula-serf78,30,102,29,26,3,76,0.896551724137931,0.2549019607843137,0.24761904761904763
8,clab-nebula-serf78,35,118,29,28,1,90,0.9655172413793104,0.23728813559322035,0.23529411764705882
8,clab-nebula-serf78,40,123,29,29,0,94,1.0,0.23577235772357724,0.23577235772357724
8,clab-nebula-serf78,45,140,30,30,0,110,1.0,0.21428571428571427,0.21428571428571427
8,clab-nebula-serf78,50,154,30,30,0,124,1.0,0.19480519480519481,0.19480519480519481
8,clab-nebula-serf78,55,155,30,30,0,125,1.0,0.1935483870967742,0.1935483870967742
8,clab-nebula-serf78,60,158,30,30,0,128,1.0,0.189873417721519,0.189873417721519
8,clab-nebula-serf104,5,1,0,0,0,1,0,0.0,0.0
8,clab-nebula-serf104,10,3,0,0,0,3,0,0.0,0.0
8,clab-nebula-serf104,15,8,4,4,0,4,1.0,0.5,0.5
8,clab-nebula-serf104,20,25,11,10,1,15,0.9090909090909091,0.4,0.38461538461538464
8,clab-nebula-serf104,25,54,29,28,1,26,0.9655172413793104,0.5185185185185185,0.509090909090909
8,clab-nebula-serf104,30,87,29,29,0,58,1.0,0.3333333333333333,0.3333333333333333
8,clab-nebula-serf104,35,130,30,30,0,100,1.0,0.23076923076923078,0.23076923076923078
8,clab-nebula-serf104,40,145,30,30,0,115,1.0,0.20689655172413793,0.20689655172413793
8,clab-nebula-serf104,45,153,30,30,0,123,1.0,0.19607843137254902,0.19607843137254902
8,clab-nebula-serf104,50,155,30,30,0,125,1.0,0.1935483870967742,0.1935483870967742
8,clab-nebula-serf104,55,159,30,30,0,129,1.0,0.18867924528301888,0.18867924528301888
8,clab-nebula-serf104,60,161,30,30,0,131,1.0,0.18633540372670807,0.18633540372670807
8,clab-nebula-serf133,5,0,0,0,0,0,0.0,0.0,0.0
8,clab-nebula-serf133,10,0,0,0,0,0,0.0,0.0,0.0
8,clab-nebula-serf133,15,1,0,0,0,1,0,0.0,0.0
8,clab-nebula-serf133,20,14,5,5,0,9,1.0,0.35714285714285715,0.35714285714285715
8,clab-nebula-serf133,25,16,13,13,0,3,1.0,0.8125,0.8125
8,clab-nebula-serf133,30,26,18,15,3,11,0.8333333333333334,0.5769230769230769,0.5172413793103449
8,clab-nebula-serf133,35,44,21,21,0,23,1.0,0.4772727272727273,0.4772727272727273
8,clab-nebula-serf133,40,59,25,25,0,34,1.0,0.423728813559322,0.423728813559322
8,clab-nebula-serf133,45,92,26,26,0,66,1.0,0.2826086956521739,0.2826086956521739
8,clab-nebula-serf133,50,117,31,30,1,87,0.967741935483871,0.2564102564102564,0.2542372881355932
8,clab-nebula-serf133,55,137,31,31,0,106,1.0,0.22627737226277372,0.22627737226277372
8,clab-nebula-serf133,60,149,64,64,0,85,1.0,0.42953020134228187,0.42953020134228187
8,clab-nebula-serf64,5,0,0,0,0,0,0.0,0.0,0.0
8,clab-nebula-serf64,10,0,0,0,0,0,0.0,0.0,0.0
8,clab-nebula-serf64,15,0,0,0,0,0,0.0,0.0,0.0
8,clab-nebula-serf64,20,7,0,0,0,7,0,0.0,0.0
8,clab-nebula-serf64,25,46,4,3,1,43,0.75,0.06521739130434782,0.06382978723404255
8,clab-nebula-serf64,30,69,10,8,2,61,0.8,0.11594202898550725,0.11267605633802817
8,clab-nebula-serf64,35,100,10,10,0,90,1.0,0.1,0.1
8,clab-nebula-serf64,40,116,18,18,0,98,1.0,0.15517241379310345,0.15517241379310345
8,clab-nebula-serf64,45,123,18,18,0,105,1.0,0.14634146341463414,0.14634146341463414
8,clab-nebula-serf64,50,128,18,18,0,110,1.0,0.140625,0.140625
8,clab-nebula-serf64,55,154,20,20,0,134,1.0,0.12987012987012986,0.12987012987012986
8,clab-nebula-serf64,60,154,20,20,0,134,1.0,0.12987012987012986,0.12987012987012986
8,clab-nebula-serf73,5,4,0,0,0,4,0,0.0,0.0
8,clab-nebula-serf73,10,25,9,9,0,16,1.0,0.36,0.36
8,clab-nebula-serf73,15,39,17,17,0,22,1.0,0.4358974358974359,0.4358974358974359
8,clab-nebula-serf73,20,69,17,17,0,52,1.0,0.2463768115942029,0.2463768115942029
8,clab-nebula-serf73,25,89,17,17,0,72,1.0,0.19101123595505617,0.19101123595505617
8,clab-nebula-serf73,30,113,29,28,1,85,0.9655172413793104,0.24778761061946902,0.24561403508771928
8,clab-nebula-serf73,35,121,29,29,0,92,1.0,0.2396694214876033,0.2396694214876033
8,clab-nebula-serf73,40,130,30,30,0,100,1.0,0.23076923076923078,0.23076923076923078
8,clab-nebula-serf73,45,151,30,30,0,121,1.0,0.1986754966887417,0.1986754966887417
8,clab-nebula-serf73,50,154,30,30,0,124,1.0,0.19480519480519481,0.19480519480519481
8,clab-nebula-serf73,55,158,30,30,0,128,1.0,0.189873417721519,0.189873417721519
8,clab-nebula-serf73,60,161,30,30,0,131,1.0,0.18633540372670807,0.18633540372670807
8,clab-nebula-serf118,5,2,1,1,0,1,1.0,0.5,0.5
8,clab-nebula-serf118,10,2,1,1,0,1,1.0,0.5,0.5
8,clab-nebula-serf118,15,2,1,1,0,1,1.0,0.5,0.5
8,clab-nebula-serf118,20,2,1,1,0,1,1.0,0.5,0.5
8,clab-nebula-serf118,25,2,1,1,0,1,1.0,0.5,0.5
8,clab-nebula-serf118,30,3,2,2,0,1,1.0,0.6666666666666666,0.6666666666666666
8,clab-nebula-serf118,35,3,2,2,0,1,1.0,0.6666666666666666,0.6666666666666666
8,clab-nebula-serf118,40,3,2,2,0,1,1.0,0.6666666666666666,0.6666666666666666
8,clab-nebula-serf118,45,5,2,2,0,3,1.0,0.4,0.4
8,clab-nebula-serf118,50,15,3,3,0,12,1.0,0.2,0.2
8,clab-nebula-serf118,55,25,2,2,0,23,1.0,0.08,0.08
8,clab-nebula-serf118,60,48,2,2,0,46,1.0,0.041666666666666664,0.041666666666666664
8,clab-nebula-serf5,5,0,0,0,0,0,0.0,0.0,0.0
8,clab-nebula-serf5,10,3,1,1,0,2,1.0,0.3333333333333333,0.3333333333333333
8,clab-nebula-serf5,15,7,6,6,0,1,1.0,0.8571428571428571,0.8571428571428571
8,clab-nebula-serf5,20,14,8,8,0,6,1.0,0.5714285714285714,0.5714285714285714
8,clab-nebula-serf5,25,19,13,13,0,6,1.0,0.6842105263157895,0.6842105263157895
8,clab-nebula-serf5,30,46,25,25,0,21,1.0,0.5434782608695652,0.5434782608695652
8,clab-nebula-serf5,35,80,32,32,0,48,1.0,0.4,0.4
8,clab-nebula-serf5,40,92,32,32,0,60,1.0,0.34782608695652173,0.34782608695652173
8,clab-nebula-serf5,45,108,42,41,1,67,0.9761904761904762,0.37962962962962965,0.3761467889908257
8,clab-nebula-serf5,50,118,42,41,1,77,0.9761904761904762,0.3474576271186441,0.3445378151260504
8,clab-nebula-serf5,55,121,42,41,1,80,0.9761904761904762,0.33884297520661155,0.3360655737704918
8,clab-nebula-serf5,60,143,42,42,0,101,1.0,0.2937062937062937,0.2937062937062937
8,clab-nebula-serf87,5,3,1,1,0,2,1.0,0.3333333333333333,0.3333333333333333
8,clab-nebula-serf87,10,3,1,1,0,2,1.0,0.3333333333333333,0.3333333333333333
8,clab-nebula-serf87,15,11,5,5,0,6,1.0,0.45454545454545453,0.45454545454545453
8,clab-nebula-serf87,20,24,5,5,0,19,1.0,0.20833333333333334,0.20833333333333334
8,clab-nebula-serf87,25,49,9,9,0,40,1.0,0.1836734693877551,0.1836734693877551
8,clab-nebula-serf87,30,80,9,9,0,71,1.0,0.1125,0.1125
8,clab-nebula-serf87,35,108,10,10,0,98,1.0,0.09259259259259259,0.09259259259259259
8,clab-nebula-serf87,40,120,10,10,0,110,1.0,0.08333333333333333,0.08333333333333333
8,clab-nebula-serf87,45,132,12,12,0,120,1.0,0.09090909090909091,0.09090909090909091
8,clab-nebula-serf87,50,145,12,12,0,133,1.0,0.08275862068965517,0.08275862068965517
8,clab-nebula-serf87,55,155,12,12,0,143,1.0,0.07741935483870968,0.07741935483870968
8,clab-nebula-serf87,60,158,27,27,0,131,1.0,0.17088607594936708,0.17088607594936708
8,clab-nebula-serf88,5,3,0,0,0,3,0,0.0,0.0
8,clab-nebula-serf88,10,3,0,0,0,3,0,0.0,0.0
8,clab-nebula-serf88,15,8,3,3,0,5,1.0,0.375,0.375
8,clab-nebula-serf88,20,19,3,3,0,16,1.0,0.15789473684210525,0.15789473684210525
8,clab-nebula-serf88,25,42,9,9,0,33,1.0,0.21428571428571427,0.21428571428571427
8,clab-nebula-serf88,30,72,9,9,0,63,1.0,0.125,0.125
8,clab-nebula-serf88,35,100,9,9,0,91,1.0,0.09,0.09
8,clab-nebula-serf88,40,120,10,10,0,110,1.0,0.08333333333333333,0.08333333333333333
8,clab-nebula-serf88,45,127,12,12,0,115,1.0,0.09448818897637795,0.09448818897637795
8,clab-nebula-serf88,50,136,12,12,0,124,1.0,0.08823529411764706,0.08823529411764706
8,clab-nebula-serf88,55,154,12,12,0,142,1.0,0.07792207792207792,0.07792207792207792
8,clab-nebula-serf88,60,158,27,27,0,131,1.0,0.17088607594936708,0.17088607594936708
8,clab-nebula-serf153,5,0,0,0,0,0,0.0,0.0,0.0
8,clab-nebula-serf153,10,0,0,0,0,0,0.0,0.0,0.0
8,clab-nebula-serf153,15,1,0,0,0,1,0,0.0,0.0
8,clab-nebula-serf153,20,9,6,4,2,5,0.6666666666666666,0.4444444444444444,0.36363636363636365
8,clab-nebula-serf153,25,12,6,6,0,6,1.0,0.5,0.5
8,clab-nebula-serf153,30,24,9,9,0,15,1.0,0.375,0.375
8,clab-nebula-serf153,35,42,9,9,0,33,1.0,0.21428571428571427,0.21428571428571427
8,clab-nebula-serf153,40,55,9,9,0,46,1.0,0.16363636363636364,0.16363636363636364
8,clab-nebula-serf153,45,81,9,9,0,72,1.0,0.1111111111111111,0.1111111111111111
8,clab-nebula-serf153,50,114,9,9,0,105,1.0,0.07894736842105263,0.07894736842105263
8,clab-nebula-serf153,55,137,9,9,0,128,1.0,0.06569343065693431,0.06569343065693431
8,clab-nebula-serf153,60,148,10,10,0,138,1.0,0.06756756756756757,0.06756756756756757
8,clab-nebula-serf53,5,0,0,0,0,0,0.0,0.0,0.0
8,clab-nebula-serf53,10,8,5,4,1,4,0.8,0.5,0.4444444444444444
8,clab-nebula-serf53,15,25,19,16,3,9,0.8421052631578947,0.64,0.5714285714285714
8,clab-nebula-serf53,20,64,25,24,1,40,0.96,0.375,0.36923076923076925
8,clab-nebula-serf53,25,81,25,25,0,56,1.0,0.30864197530864196,0.30864197530864196
8,clab-nebula-serf53,30,97,35,34,1,63,0.9714285714285714,0.35051546391752575,0.3469387755102041
8,clab-nebula-serf53,35,118,37,36,1,82,0.972972972972973,0.3050847457627119,0.3025210084033613
8,clab-nebula-serf53,40,121,37,37,0,84,1.0,0.30578512396694213,0.30578512396694213
8,clab-nebula-serf53,45,125,37,37,0,88,1.0,0.296,0.296
8,clab-nebula-serf53,50,151,60,60,0,91,1.0,0.3973509933774834,0.3973509933774834
8,clab-nebula-serf53,55,154,60,60,0,94,1.0,0.38961038961038963,0.38961038961038963
8,clab-nebula-serf53,60,157,59,59,0,98,1.0,0.37579617834394907,0.37579617834394907
8,clab-nebula-serf69,5,0,0,0,0,0,0.0,0.0,0.0
8,clab-nebula-serf69,10,14,7,6,1,8,0.8571428571428571,0.42857142857142855,0.4
8,clab-nebula-serf69,15,31,17,17,0,14,1.0,0.5483870967741935,0.5483870967741935
8,clab-nebula-serf69,20,54,17,17,0,37,1.0,0.3148148148148148,0.3148148148148148
8,clab-nebula-serf69,25,84,17,17,0,67,1.0,0.20238095238095238,0.20238095238095238
8,clab-nebula-serf69,30,107,29,28,1,79,0.9655172413793104,0.2616822429906542,0.25925925925925924
8,clab-nebula-serf69,35,119,29,28,1,91,0.9655172413793104,0.23529411764705882,0.23333333333333334
8,clab-nebula-serf69,40,125,30,30,0,95,1.0,0.24,0.24
8,clab-nebula-serf69,45,147,30,30,0,117,1.0,0.20408163265306123,0.20408163265306123
8,clab-nebula-serf69,50,154,30,30,0,124,1.0,0.19480519480519481,0.19480519480519481
8,clab-nebula-serf69,55,158,30,30,0,128,1.0,0.189873417721519,0.189873417721519
8,clab-nebula-serf69,60,161,30,30,0,131,1.0,0.18633540372670807,0.18633540372670807
8,clab-nebula-serf60,5,4,0,0,0,4,0,0.0,0.0
8,clab-nebula-serf60,10,10,0,0,0,10,0,0.0,0.0
8,clab-nebula-serf60,15,42,6,6,0,36,1.0,0.14285714285714285,0.14285714285714285
8,clab-nebula-serf60,20,70,19,19,0,51,1.0,0.2714285714285714,0.2714285714285714
8,clab-nebula-serf60,25,87,29,28,1,59,0.9655172413793104,0.3218390804597701,0.3181818181818182
8,clab-nebula-serf60,30,111,35,34,1,77,0.9714285714285714,0.3063063063063063,0.30357142857142855
8,clab-nebula-serf60,35,120,35,35,0,85,1.0,0.2916666666666667,0.2916666666666667
8,clab-nebula-serf60,40,124,36,36,0,88,1.0,0.2903225806451613,0.2903225806451613
8,clab-nebula-serf60,45,143,36,36,0,107,1.0,0.2517482517482518,0.2517482517482518
8,clab-nebula-serf60,50,154,37,37,0,117,1.0,0.24025974025974026,0.24025974025974026
8,clab-nebula-serf60,55,154,37,37,0,117,1.0,0.24025974025974026,0.24025974025974026
8,clab-nebula-serf60,60,158,60,60,0,98,1.0,0.379746835443038,0.379746835443038
8,clab-nebula-serf145,5,0,0,0,0,0,0.0,0.0,0.0
8,clab-nebula-serf145,10,0,0,0,0,0,0.0,0.0,0.0
8,clab-nebula-serf145,15,1,0,0,0,1,0,0.0,0.0
8,clab-nebula-serf145,20,5,4,2,2,3,0.5,0.4,0.2857142857142857
8,clab-nebula-serf145,25,7,4,4,0,3,1.0,0.5714285714285714,0.5714285714285714
8,clab-nebula-serf145,30,15,18,8,10,7,0.4444444444444444,0.5333333333333333,0.32
8,clab-nebula-serf145,35,37,20,20,0,17,1.0,0.5405405405405406,0.5405405405405406
8,clab-nebula-serf145,40,56,22,22,0,34,1.0,0.39285714285714285,0.39285714285714285
8,clab-nebula-serf145,45,66,21,21,0,45,1.0,0.3181818181818182,0.3181818181818182
8,clab-nebula-serf145,50,104,21,21,0,83,1.0,0.20192307692307693,0.20192307692307693
8,clab-nebula-serf145,55,130,19,19,0,111,1.0,0.14615384615384616,0.14615384615384616
8,clab-nebula-serf145,60,145,19,19,0,126,1.0,0.1310344827586207,0.1310344827586207
8,clab-nebula-serf6,5,1,0,0,0,1,0,0.0,0.0
8,clab-nebula-serf6,10,7,8,5,3,2,0.625,0.7142857142857143,0.5
8,clab-nebula-serf6,15,18,8,7,1,11,0.875,0.3888888888888889,0.3684210526315789
8,clab-nebula-serf6,20,32,21,21,0,11,1.0,0.65625,0.65625
8,clab-nebula-serf6,25,68,28,27,1,41,0.9642857142857143,0.39705882352941174,0.391304347826087
8,clab-nebula-serf6,30,86,28,28,0,58,1.0,0.32558139534883723,0.32558139534883723
8,clab-nebula-serf6,35,98,42,41,1,57,0.9761904761904762,0.41836734693877553,0.41414141414141414
8,clab-nebula-serf6,40,117,42,41,1,76,0.9761904761904762,0.3504273504273504,0.3474576271186441
8,clab-nebula-serf6,45,120,42,41,1,79,0.9761904761904762,0.3416666666666667,0.33884297520661155
8,clab-nebula-serf6,50,124,42,42,0,82,1.0,0.3387096774193548,0.3387096774193548
8,clab-nebula-serf6,55,151,64,64,0,87,1.0,0.423841059602649,0.423841059602649
8,clab-nebula-serf6,60,155,64,64,0,91,1.0,0.4129032258064516,0.4129032258064516
8,clab-nebula-serf11,5,2,1,1,0,1,1.0,0.5,0.5
8,clab-nebula-serf11,10,14,6,6,0,8,1.0,0.42857142857142855,0.42857142857142855
8,clab-nebula-serf11,15,26,20,17,3,9,0.85,0.6538461538461539,0.5862068965517241
8,clab-nebula-serf11,20,57,28,27,1,30,0.9642857142857143,0.47368421052631576,0.46551724137931033
8,clab-nebula-serf11,25,82,28,28,0,54,1.0,0.34146341463414637,0.34146341463414637
8,clab-nebula-serf11,30,93,29,29,0,64,1.0,0.3118279569892473,0.3118279569892473
8,clab-nebula-serf11,35,112,42,41,1,71,0.9761904761904762,0.36607142857142855,0.36283185840707965
8,clab-nebula-serf11,40,120,42,41,1,79,0.9761904761904762,0.3416666666666667,0.33884297520661155
8,clab-nebula-serf11,45,124,42,42,0,82,1.0,0.3387096774193548,0.3387096774193548
8,clab-nebula-serf11,50,142,64,64,0,78,1.0,0.4507042253521127,0.4507042253521127
8,clab-nebula-serf11,55,154,64,64,0,90,1.0,0.4155844155844156,0.4155844155844156
8,clab-nebula-serf11,60,157,64,64,0,93,1.0,0.40764331210191085,0.40764331210191085
8,clab-nebula-serf98,5,1,0,0,0,1,0,0.0,0.0
8,clab-nebula-serf98,10,7,2,2,0,5,1.0,0.2857142857142857,0.2857142857142857
8,clab-nebula-serf98,15,7,2,2,0,5,1.0,0.2857142857142857,0.2857142857142857
8,clab-nebula-serf98,20,8,7,7,0,1,1.0,0.875,0.875
8,clab-nebula-serf98,25,14,7,7,0,7,1.0,0.5,0.5
8,clab-nebula-serf98,30,29,8,8,0,21,1.0,0.27586206896551724,0.27586206896551724
8,clab-nebula-serf98,35,71,40,39,1,32,0.975,0.5492957746478874,0.5416666666666666
8,clab-nebula-serf98,40,121,40,40,0,81,1.0,0.3305785123966942,0.3305785123966942
8,clab-nebula-serf98,45,144,40,40,0,104,1.0,0.2777777777777778,0.2777777777777778
8,clab-nebula-serf98,50,156,40,40,0,116,1.0,0.2564102564102564,0.2564102564102564
8,clab-nebula-serf98,55,160,40,40,0,120,1.0,0.25,0.25
8,clab-nebula-serf98,60,161,40,40,0,121,1.0,0.2484472049689441,0.2484472049689441
8,clab-nebula-serf138,5,0,0,0,0,0,0.0,0.0,0.0
8,clab-nebula-serf138,10,0,0,0,0,0,0.0,0.0,0.0
8,clab-nebula-serf138,15,1,0,0,0,1,0,0.0,0.0
8,clab-nebula-serf138,20,14,4,4,0,10,1.0,0.2857142857142857,0.2857142857142857
8,clab-nebula-serf138,25,14,4,4,0,10,1.0,0.2857142857142857,0.2857142857142857
8,clab-nebula-serf138,30,26,17,14,3,12,0.8235294117647058,0.5384615384615384,0.4827586206896552
8,clab-nebula-serf138,35,43,20,20,0,23,1.0,0.46511627906976744,0.46511627906976744
8,clab-nebula-serf138,40,55,25,25,0,30,1.0,0.45454545454545453,0.45454545454545453
8,clab-nebula-serf138,45,90,26,26,0,64,1.0,0.28888888888888886,0.28888888888888886
8,clab-nebula-serf138,50,115,31,30,1,85,0.967741935483871,0.2608695652173913,0.25862068965517243
8,clab-nebula-serf138,55,137,31,31,0,106,1.0,0.22627737226277372,0.22627737226277372
8,clab-nebula-serf138,60,147,31,31,0,116,1.0,0.2108843537414966,0.2108843537414966
8,clab-nebula-serf150,5,0,0,0,0,0,0.0,0.0,0.0
8,clab-nebula-serf150,10,0,0,0,0,0,0.0,0.0,0.0
8,clab-nebula-serf150,15,1,0,0,0,1,0,0.0,0.0
8,clab-nebula-serf150,20,9,9,6,3,3,0.6666666666666666,0.6666666666666666,0.5
8,clab-nebula-serf150,25,17,9,9,0,8,1.0,0.5294117647058824,0.5294117647058824
8,clab-nebula-serf150,30,23,9,9,0,14,1.0,0.391304347826087,0.391304347826087
8,clab-nebula-serf150,35,42,9,9,0,33,1.0,0.21428571428571427,0.21428571428571427
8,clab-nebula-serf150,40,54,9,9,0,45,1.0,0.16666666666666666,0.16666666666666666
8,clab-nebula-serf150,45,79,9,9,0,70,1.0,0.11392405063291139,0.11392405063291139
8,clab-nebula-serf150,50,117,9,9,0,108,1.0,0.07692307692307693,0.07692307692307693
8,clab-nebula-serf150,55,141,10,10,0,131,1.0,0.07092198581560284,0.07092198581560284
8,clab-nebula-serf150,60,152,11,11,0,141,1.0,0.07236842105263158,0.07236842105263158
8,clab-nebula-serf18,5,0,0,0,0,0,0.0,0.0,0.0
8,clab-nebula-serf18,10,5,1,1,0,4,1.0,0.2,0.2
8,clab-nebula-serf18,15,20,1,1,0,19,1.0,0.05,0.05
8,clab-nebula-serf18,20,47,1,1,0,46,1.0,0.02127659574468085,0.02127659574468085
8,clab-nebula-serf18,25,75,1,1,0,74,1.0,0.013333333333333334,0.013333333333333334
8,clab-nebula-serf18,30,90,1,1,0,89,1.0,0.011111111111111112,0.011111111111111112
8,clab-nebula-serf18,35,103,1,1,0,102,1.0,0.009708737864077669,0.009708737864077669
8,clab-nebula-serf18,40,120,1,1,0,119,1.0,0.008333333333333333,0.008333333333333333
8,clab-nebula-serf18,45,123,1,1,0,122,1.0,0.008130081300813009,0.008130081300813009
8,clab-nebula-serf18,50,140,1,1,0,139,1.0,0.007142857142857143,0.007142857142857143
8,clab-nebula-serf18,55,151,1,1,0,150,1.0,0.006622516556291391,0.006622516556291391
8,clab-nebula-serf18,60,157,1,1,0,156,1.0,0.006369426751592357,0.006369426751592357
8,clab-nebula-serf30,5,1,0,0,0,1,0,0.0,0.0
8,clab-nebula-serf30,10,13,9,7,2,6,0.7777777777777778,0.5384615384615384,0.4666666666666667
8,clab-nebula-serf30,15,28,9,9,0,19,1.0,0.32142857142857145,0.32142857142857145
8,clab-nebula-serf30,20,45,17,17,0,28,1.0,0.37777777777777777,0.37777777777777777
8,clab-nebula-serf30,25,81,17,17,0,64,1.0,0.20987654320987653,0.20987654320987653
8,clab-nebula-serf30,30,93,28,28,0,65,1.0,0.3010752688172043,0.3010752688172043
8,clab-nebula-serf30,35,102,55,54,1,48,0.9818181818181818,0.5294117647058824,0.5242718446601942
8,clab-nebula-serf30,40,119,53,52,1,67,0.9811320754716981,0.4369747899159664,0.43333333333333335
8,clab-nebula-serf30,45,124,55,55,0,69,1.0,0.4435483870967742,0.4435483870967742
8,clab-nebula-serf30,50,128,53,53,0,75,1.0,0.4140625,0.4140625
8,clab-nebula-serf30,55,154,57,57,0,97,1.0,0.37012987012987014,0.37012987012987014
8,clab-nebula-serf30,60,154,57,57,0,97,1.0,0.37012987012987014,0.37012987012987014
8,clab-nebula-serf44,5,3,0,0,0,3,0,0.0,0.0
8,clab-nebula-serf44,10,10,9,7,2,3,0.7777777777777778,0.7,0.5833333333333334
8,clab-nebula-serf44,15,23,9,7,2,16,0.7777777777777778,0.30434782608695654,0.28
8,clab-nebula-serf44,20,47,10,9,1,38,0.9,0.19148936170212766,0.1875
8,clab-nebula-serf44,25,81,18,18,0,63,1.0,0.2222222222222222,0.2222222222222222
8,clab-nebula-serf44,30,99,49,48,1,51,0.9795918367346939,0.48484848484848486,0.48
8,clab-nebula-serf44,35,120,53,52,1,68,0.9811320754716981,0.43333333333333335,0.4297520661157025
8,clab-nebula-serf44,40,124,55,55,0,69,1.0,0.4435483870967742,0.4435483870967742
8,clab-nebula-serf44,45,127,55,55,0,72,1.0,0.4330708661417323,0.4330708661417323
8,clab-nebula-serf44,50,154,57,57,0,97,1.0,0.37012987012987014,0.37012987012987014
8,clab-nebula-serf44,55,154,57,57,0,97,1.0,0.37012987012987014,0.37012987012987014
8,clab-nebula-serf44,60,156,57,57,0,99,1.0,0.36538461538461536,0.36538461538461536
8,clab-nebula-serf131,5,0,0,0,0,0,0.0,0.0,0.0
8,clab-nebula-serf131,10,0,0,0,0,0,0.0,0.0,0.0
8,clab-nebula-serf131,15,3,0,0,0,3,0,0.0,0.0
8,clab-nebula-serf131,20,14,5,5,0,9,1.0,0.35714285714285715,0.35714285714285715
8,clab-nebula-serf131,25,18,13,13,0,5,1.0,0.7222222222222222,0.7222222222222222
8,clab-nebula-serf131,30,29,21,18,3,11,0.8571428571428571,0.6206896551724138,0.5625
8,clab-nebula-serf131,35,45,21,21,0,24,1.0,0.4666666666666667,0.4666666666666667
8,clab-nebula-serf131,40,69,40,39,1,30,0.975,0.5652173913043478,0.5571428571428572
8,clab-nebula-serf131,45,95,31,30,1,65,0.967741935483871,0.3157894736842105,0.3125
8,clab-nebula-serf131,50,122,31,31,0,91,1.0,0.2540983606557377,0.2540983606557377
8,clab-nebula-serf131,55,137,31,31,0,106,1.0,0.22627737226277372,0.22627737226277372
8,clab-nebula-serf131,60,149,64,64,0,85,1.0,0.42953020134228187,0.42953020134228187
8,clab-nebula-serf35,5,0,0,0,0,0,0.0,0.0,0.0
8,clab-nebula-serf35,10,1,0,0,0,1,0,0.0,0.0
8,clab-nebula-serf35,15,7,8,4,4,3,0.5,0.5714285714285714,0.36363636363636365
8,clab-nebula-serf35,20,26,8,6,2,20,0.75,0.23076923076923078,0.21428571428571427
8,clab-nebula-serf35,25,63,8,8,0,55,1.0,0.12698412698412698,0.12698412698412698
8,clab-nebula-serf35,30,85,8,8,0,77,1.0,0.09411764705882353,0.09411764705882353
8,clab-nebula-serf35,35,95,33,32,1,63,0.9696969696969697,0.3368421052631579,0.3333333333333333
8,clab-nebula-serf35,40,111,35,34,1,77,0.9714285714285714,0.3063063063063063,0.30357142857142855
8,clab-nebula-serf35,45,121,55,55,0,66,1.0,0.45454545454545453,0.45454545454545453
8,clab-nebula-serf35,50,124,55,55,0,69,1.0,0.4435483870967742,0.4435483870967742
8,clab-nebula-serf35,55,145,57,57,0,88,1.0,0.3931034482758621,0.3931034482758621
8,clab-nebula-serf35,60,154,57,57,0,97,1.0,0.37012987012987014,0.37012987012987014
8,clab-nebula-serf40,5,0,0,0,0,0,0.0,0.0,0.0
8,clab-nebula-serf40,10,1,0,0,0,1,0,0.0,0.0
8,clab-nebula-serf40,15,11,8,5,3,6,0.625,0.45454545454545453,0.35714285714285715
8,clab-nebula-serf40,20,35,8,6,2,29,0.75,0.17142857142857143,0.16216216216216217
8,clab-nebula-serf40,25,71,8,8,0,63,1.0,0.11267605633802817,0.11267605633802817
8,clab-nebula-serf40,30,87,29,28,1,59,0.9655172413793104,0.3218390804597701,0.3181818181818182
8,clab-nebula-serf40,35,98,29,28,1,70,0.9655172413793104,0.2857142857142857,0.2828282828282828
8,clab-nebula-serf40,40,118,35,34,1,84,0.9714285714285714,0.288135593220339,0.2857142857142857
8,clab-nebula-serf40,45,122,35,35,0,87,1.0,0.28688524590163933,0.28688524590163933
8,clab-nebula-serf40,50,126,55,55,0,71,1.0,0.4365079365079365,0.4365079365079365
8,clab-nebula-serf40,55,153,57,57,0,96,1.0,0.37254901960784315,0.37254901960784315
8,clab-nebula-serf40,60,154,57,57,0,97,1.0,0.37012987012987014,0.37012987012987014
8,clab-nebula-serf144,5,0,0,0,0,0,0.0,0.0,0.0
8,clab-nebula-serf144,10,0,0,0,0,0,0.0,0.0,0.0
8,clab-nebula-serf144,15,7,4,4,0,3,1.0,0.5714285714285714,0.5714285714285714
8,clab-nebula-serf144,20,12,4,4,0,8,1.0,0.3333333333333333,0.3333333333333333
8,clab-nebula-serf144,25,23,20,15,5,8,0.75,0.6521739130434783,0.5357142857142857
8,clab-nebula-serf144,30,55,22,22,0,33,1.0,0.4,0.4
8,clab-nebula-serf144,35,60,22,22,0,38,1.0,0.36666666666666664,0.36666666666666664
8,clab-nebula-serf144,40,95,20,20,0,75,1.0,0.21052631578947367,0.21052631578947367
8,clab-nebula-serf144,45,126,19,19,0,107,1.0,0.15079365079365079,0.15079365079365079
8,clab-nebula-serf144,50,141,19,19,0,122,1.0,0.1347517730496454,0.1347517730496454
8,clab-nebula-serf144,55,151,19,19,0,132,1.0,0.12582781456953643,0.12582781456953643
8,clab-nebula-serf144,60,155,21,21,0,134,1.0,0.13548387096774195,0.13548387096774195
8,clab-nebula-serf152,5,0,0,0,0,0,0.0,0.0,0.0
8,clab-nebula-serf152,10,1,8,0,8,1,0.0,0.0,0.0
8,clab-nebula-serf152,15,11,8,7,1,4,0.875,0.6363636363636364,0.5833333333333334
8,clab-nebula-serf152,20,14,8,8,0,6,1.0,0.5714285714285714,0.5714285714285714
8,clab-nebula-serf152,25,24,9,9,0,15,1.0,0.375,0.375
8,clab-nebula-serf152,30,47,9,9,0,38,1.0,0.19148936170212766,0.19148936170212766
8,clab-nebula-serf152,35,60,9,9,0,51,1.0,0.15,0.15
8,clab-nebula-serf152,40,89,9,9,0,80,1.0,0.10112359550561797,0.10112359550561797
8,clab-nebula-serf152,45,122,9,9,0,113,1.0,0.07377049180327869,0.07377049180327869
8,clab-nebula-serf152,50,143,10,10,0,133,1.0,0.06993006993006994,0.06993006993006994
8,clab-nebula-serf152,55,152,11,11,0,141,1.0,0.07236842105263158,0.07236842105263158
8,clab-nebula-serf152,60,156,11,11,0,145,1.0,0.07051282051282051,0.07051282051282051
8,clab-nebula-serf162,5,0,0,0,0,0,0.0,0.0,0.0
8,clab-nebula-serf162,10,0,0,0,0,0,0.0,0.0,0.0
8,clab-nebula-serf162,15,5,2,2,0,3,1.0,0.4,0.4
8,clab-nebula-serf162,20,5,2,2,0,3,1.0,0.4,0.4
8,clab-nebula-serf162,25,5,2,2,0,3,1.0,0.4,0.4
8,clab-nebula-serf162,30,9,5,5,0,4,1.0,0.5555555555555556,0.5555555555555556
8,clab-nebula-serf162,35,20,5,5,0,15,1.0,0.25,0.25
8,clab-nebula-serf162,40,35,6,6,0,29,1.0,0.17142857142857143,0.17142857142857143
8,clab-nebula-serf162,45,40,24,24,0,16,1.0,0.6,0.6
8,clab-nebula-serf162,50,54,32,31,1,23,0.96875,0.5740740740740741,0.5636363636363636
8,clab-nebula-serf162,55,74,36,35,1,39,0.9722222222222222,0.47297297297297297,0.4666666666666667
8,clab-nebula-serf162,60,113,54,53,1,60,0.9814814814814815,0.4690265486725664,0.4649122807017544
8,clab-nebula-serf41,5,0,0,0,0,0,0.0,0.0,0.0
8,clab-nebula-serf41,10,0,0,0,0,0,0.0,0.0,0.0
8,clab-nebula-serf41,15,1,0,0,0,1,0,0.0,0.0
8,clab-nebula-serf41,20,14,8,5,3,9,0.625,0.35714285714285715,0.29411764705882354
8,clab-nebula-serf41,25,40,8,7,1,33,0.875,0.175,0.17073170731707318
8,clab-nebula-serf41,30,74,8,8,0,66,1.0,0.10810810810810811,0.10810810810810811
8,clab-nebula-serf41,35,89,8,8,0,81,1.0,0.0898876404494382,0.0898876404494382
8,clab-nebula-serf41,40,99,33,32,1,67,0.9696969696969697,0.32323232323232326,0.32
8,clab-nebula-serf41,45,118,35,34,1,84,0.9714285714285714,0.288135593220339,0.2857142857142857
8,clab-nebula-serf41,50,121,35,35,0,86,1.0,0.2892561983471074,0.2892561983471074
8,clab-nebula-serf41,55,126,55,55,0,71,1.0,0.4365079365079365,0.4365079365079365
8,clab-nebula-serf41,60,153,57,57,0,96,1.0,0.37254901960784315,0.37254901960784315
8,clab-nebula-serf72,5,1,0,0,0,1,0,0.0,0.0
8,clab-nebula-serf72,10,16,9,8,1,8,0.8888888888888888,0.5,0.47058823529411764
8,clab-nebula-serf72,15,31,17,17,0,14,1.0,0.5483870967741935,0.5483870967741935
8,clab-nebula-serf72,20,54,17,17,0,37,1.0,0.3148148148148148,0.3148148148148148
8,clab-nebula-serf72,25,84,17,17,0,67,1.0,0.20238095238095238,0.20238095238095238
8,clab-nebula-serf72,30,110,29,28,1,82,0.9655172413793104,0.2545454545454545,0.25225225225225223
8,clab-nebula-serf72,35,121,29,29,0,92,1.0,0.2396694214876033,0.2396694214876033
8,clab-nebula-serf72,40,125,30,30,0,95,1.0,0.24,0.24
8,clab-nebula-serf72,45,150,30,30,0,120,1.0,0.2,0.2
8,clab-nebula-serf72,50,154,30,30,0,124,1.0,0.19480519480519481,0.19480519480519481
8,clab-nebula-serf72,55,158,30,30,0,128,1.0,0.189873417721519,0.189873417721519
8,clab-nebula-serf72,60,161,30,30,0,131,1.0,0.18633540372670807,0.18633540372670807
8,clab-nebula-serf141,5,0,0,0,0,0,0.0,0.0,0.0
8,clab-nebula-serf141,10,0,0,0,0,0,0.0,0.0,0.0
8,clab-nebula-serf141,15,0,0,0,0,0,0.0,0.0,0.0
8,clab-nebula-serf141,20,14,4,4,0,10,1.0,0.2857142857142857,0.2857142857142857
8,clab-nebula-serf141,25,14,4,4,0,10,1.0,0.2857142857142857,0.2857142857142857
8,clab-nebula-serf141,30,26,15,14,1,12,0.9333333333333333,0.5384615384615384,0.5185185185185185
8,clab-nebula-serf141,35,43,20,20,0,23,1.0,0.46511627906976744,0.46511627906976744
8,clab-nebula-serf141,40,59,25,25,0,34,1.0,0.423728813559322,0.423728813559322
8,clab-nebula-serf141,45,90,26,26,0,64,1.0,0.28888888888888886,0.28888888888888886
8,clab-nebula-serf141,50,116,31,30,1,86,0.967741935483871,0.25862068965517243,0.2564102564102564
8,clab-nebula-serf141,55,137,31,31,0,106,1.0,0.22627737226277372,0.22627737226277372
8,clab-nebula-serf141,60,149,64,64,0,85,1.0,0.42953020134228187,0.42953020134228187
8,clab-nebula-serf25,5,0,0,0,0,0,0.0,0.0,0.0
8,clab-nebula-serf25,10,4,0,0,0,4,0,0.0,0.0
8,clab-nebula-serf25,15,12,9,7,2,5,0.7777777777777778,0.5833333333333334,0.5
8,clab-nebula-serf25,20,28,9,9,0,19,1.0,0.32142857142857145,0.32142857142857145
8,clab-nebula-serf25,25,44,17,17,0,27,1.0,0.38636363636363635,0.38636363636363635
8,clab-nebula-serf25,30,81,17,17,0,64,1.0,0.20987654320987653,0.20987654320987653
8,clab-nebula-serf25,35,93,28,28,0,65,1.0,0.3010752688172043,0.3010752688172043
8,clab-nebula-serf25,40,102,55,54,1,48,0.9818181818181818,0.5294117647058824,0.5242718446601942
8,clab-nebula-serf25,45,119,53,52,1,67,0.9811320754716981,0.4369747899159664,0.43333333333333335
8,clab-nebula-serf25,50,124,55,55,0,69,1.0,0.4435483870967742,0.4435483870967742
8,clab-nebula-serf25,55,127,55,55,0,72,1.0,0.4330708661417323,0.4330708661417323
8,clab-nebula-serf25,60,154,57,57,0,97,1.0,0.37012987012987014,0.37012987012987014
8,clab-nebula-serf50,5,3,0,0,0,3,0,0.0,0.0
8,clab-nebula-serf50,10,8,0,0,0,8,0,0.0,0.0
8,clab-nebula-serf50,15,23,9,7,2,16,0.7777777777777778,0.30434782608695654,0.28
8,clab-nebula-serf50,20,41,10,9,1,32,0.9,0.21951219512195122,0.21428571428571427
8,clab-nebula-serf50,25,81,18,18,0,63,1.0,0.2222222222222222,0.2222222222222222
8,clab-nebula-serf50,30,93,49,48,1,45,0.9795918367346939,0.5161290322580645,0.5106382978723404
8,clab-nebula-serf50,35,118,53,52,1,66,0.9811320754716981,0.4406779661016949,0.4369747899159664
8,clab-nebula-serf50,40,122,55,55,0,67,1.0,0.45081967213114754,0.45081967213114754
8,clab-nebula-serf50,45,125,55,55,0,70,1.0,0.44,0.44
8,clab-nebula-serf50,50,153,57,57,0,96,1.0,0.37254901960784315,0.37254901960784315
8,clab-nebula-serf50,55,154,57,57,0,97,1.0,0.37012987012987014,0.37012987012987014
8,clab-nebula-serf50,60,156,57,57,0,99,1.0,0.36538461538461536,0.36538461538461536
8,clab-nebula-serf51,5,1,0,0,0,1,0,0.0,0.0
8,clab-nebula-serf51,10,9,1,1,0,8,1.0,0.1111111111111111,0.1111111111111111
8,clab-nebula-serf51,15,24,10,10,0,14,1.0,0.4166666666666667,0.4166666666666667
8,clab-nebula-serf51,20,64,24,23,1,41,0.9583333333333334,0.359375,0.35384615384615387
8,clab-nebula-serf51,25,83,35,34,1,49,0.9714285714285714,0.40963855421686746,0.40476190476190477
8,clab-nebula-serf51,30,97,35,34,1,63,0.9714285714285714,0.35051546391752575,0.3469387755102041
8,clab-nebula-serf51,35,118,37,36,1,82,0.972972972972973,0.3050847457627119,0.3025210084033613
8,clab-nebula-serf51,40,121,37,37,0,84,1.0,0.30578512396694213,0.30578512396694213
8,clab-nebula-serf51,45,126,37,37,0,89,1.0,0.29365079365079366,0.29365079365079366
8,clab-nebula-serf51,50,152,60,60,0,92,1.0,0.39473684210526316,0.39473684210526316
8,clab-nebula-serf51,55,154,60,60,0,94,1.0,0.38961038961038963,0.38961038961038963
8,clab-nebula-serf51,60,157,59,59,0,98,1.0,0.37579617834394907,0.37579617834394907
8,clab-nebula-serf66,5,0,0,0,0,0,0.0,0.0,0.0
8,clab-nebula-serf66,10,4,1,0,1,4,0.0,0.0,0.0
8,clab-nebula-serf66,15,27,5,5,0,22,1.0,0.18518518518518517,0.18518518518518517
8,clab-nebula-serf66,20,44,17,17,0,27,1.0,0.38636363636363635,0.38636363636363635
8,clab-nebula-serf66,25,79,17,17,0,62,1.0,0.21518987341772153,0.21518987341772153
8,clab-nebula-serf66,30,106,29,26,3,80,0.896551724137931,0.24528301886792453,0.23853211009174313
8,clab-nebula-serf66,35,116,30,29,1,87,0.9666666666666667,0.25,0.24786324786324787
8,clab-nebula-serf66,40,123,30,30,0,93,1.0,0.24390243902439024,0.24390243902439024
8,clab-nebula-serf66,45,136,30,30,0,106,1.0,0.22058823529411764,0.22058823529411764
8,clab-nebula-serf66,50,154,30,30,0,124,1.0,0.19480519480519481,0.19480519480519481
8,clab-nebula-serf66,55,154,30,30,0,124,1.0,0.19480519480519481,0.19480519480519481
8,clab-nebula-serf66,60,158,30,30,0,128,1.0,0.189873417721519,0.189873417721519
8,clab-nebula-serf86,5,3,1,1,0,2,1.0,0.3333333333333333,0.3333333333333333
8,clab-nebula-serf86,10,4,3,1,2,3,0.3333333333333333,0.25,0.16666666666666666
8,clab-nebula-serf86,15,11,3,3,0,8,1.0,0.2727272727272727,0.2727272727272727
8,clab-nebula-serf86,20,29,7,7,0,22,1.0,0.2413793103448276,0.2413793103448276
8,clab-nebula-serf86,25,56,9,9,0,47,1.0,0.16071428571428573,0.16071428571428573
8,clab-nebula-serf86,30,85,9,9,0,76,1.0,0.10588235294117647,0.10588235294117647
8,clab-nebula-serf86,35,115,10,10,0,105,1.0,0.08695652173913043,0.08695652173913043
8,clab-nebula-serf86,40,120,10,10,0,110,1.0,0.08333333333333333,0.08333333333333333
8,clab-nebula-serf86,45,134,12,12,0,122,1.0,0.08955223880597014,0.08955223880597014
8,clab-nebula-serf86,50,145,12,12,0,133,1.0,0.08275862068965517,0.08275862068965517
8,clab-nebula-serf86,55,155,12,12,0,143,1.0,0.07741935483870968,0.07741935483870968
8,clab-nebula-serf86,60,160,27,27,0,133,1.0,0.16875,0.16875
8,clab-nebula-serf90,5,2,0,0,0,2,0,0.0,0.0
8,clab-nebula-serf90,10,9,1,1,0,8,1.0,0.1111111111111111,0.1111111111111111
8,clab-nebula-serf90,15,30,5,5,0,25,1.0,0.16666666666666666,0.16666666666666666
8,clab-nebula-serf90,20,49,17,17,0,32,1.0,0.3469387755102041,0.3469387755102041
8,clab-nebula-serf90,25,78,17,17,0,61,1.0,0.21794871794871795,0.21794871794871795
8,clab-nebula-serf90,30,101,26,24,2,77,0.9230769230769231,0.2376237623762376,0.23300970873786409
8,clab-nebula-serf90,35,119,30,29,1,90,0.9666666666666667,0.24369747899159663,0.24166666666666667
8,clab-nebula-serf90,40,122,30,30,0,92,1.0,0.2459016393442623,0.2459016393442623
8,clab-nebula-serf90,45,137,30,30,0,107,1.0,0.21897810218978103,0.21897810218978103
8,clab-nebula-serf90,50,154,30,30,0,124,1.0,0.19480519480519481,0.19480519480519481
8,clab-nebula-serf90,55,155,30,30,0,125,1.0,0.1935483870967742,0.1935483870967742
8,clab-nebula-serf90,60,159,30,30,0,129,1.0,0.18867924528301888,0.18867924528301888
8,clab-nebula-serf143,5,0,0,0,0,0,0.0,0.0,0.0
8,clab-nebula-serf143,10,0,0,0,0,0,0.0,0.0,0.0
8,clab-nebula-serf143,15,1,0,0,0,1,0,0.0,0.0
8,clab-nebula-serf143,20,2,0,0,0,2,0,0.0,0.0
8,clab-nebula-serf143,25,7,4,4,0,3,1.0,0.5714285714285714,0.5714285714285714
8,clab-nebula-serf143,30,13,17,7,10,6,0.4117647058823529,0.5384615384615384,0.30434782608695654
8,clab-nebula-serf143,35,32,20,19,1,13,0.95,0.59375,0.5757575757575758
8,clab-nebula-serf143,40,56,22,22,0,34,1.0,0.39285714285714285,0.39285714285714285
8,clab-nebula-serf143,45,66,21,21,0,45,1.0,0.3181818181818182,0.3181818181818182
8,clab-nebula-serf143,50,103,21,21,0,82,1.0,0.20388349514563106,0.20388349514563106
8,clab-nebula-serf143,55,130,19,19,0,111,1.0,0.14615384615384616,0.14615384615384616
8,clab-nebula-serf143,60,145,19,19,0,126,1.0,0.1310344827586207,0.1310344827586207
8,clab-nebula-serf7,5,1,0,0,0,1,0,0.0,0.0
8,clab-nebula-serf7,10,9,8,5,3,4,0.625,0.5555555555555556,0.4166666666666667
8,clab-nebula-serf7,15,19,8,8,0,11,1.0,0.42105263157894735,0.42105263157894735
8,clab-nebula-serf7,20,33,21,21,0,12,1.0,0.6363636363636364,0.6363636363636364
8,clab-nebula-serf7,25,67,28,27,1,40,0.9642857142857143,0.40298507462686567,0.39705882352941174
8,clab-nebula-serf7,30,86,28,28,0,58,1.0,0.32558139534883723,0.32558139534883723
8,clab-nebula-serf7,35,99,42,41,1,58,0.9761904761904762,0.41414141414141414,0.41
8,clab-nebula-serf7,40,117,42,41,1,76,0.9761904761904762,0.3504273504273504,0.3474576271186441
8,clab-nebula-serf7,45,120,42,41,1,79,0.9761904761904762,0.3416666666666667,0.33884297520661155
8,clab-nebula-serf7,50,124,42,42,0,82,1.0,0.3387096774193548,0.3387096774193548
8,clab-nebula-serf7,55,151,64,64,0,87,1.0,0.423841059602649,0.423841059602649
8,clab-nebula-serf7,60,156,64,64,0,92,1.0,0.41025641025641024,0.41025641025641024
8,clab-nebula-serf37,5,2,1,0,1,2,0.0,0.0,0.0
8,clab-nebula-serf37,10,8,8,3,5,5,0.375,0.375,0.23076923076923078
8,clab-nebula-serf37,15,29,8,7,1,22,0.875,0.2413793103448276,0.23333333333333334
8,clab-nebula-serf37,20,65,8,8,0,57,1.0,0.12307692307692308,0.12307692307692308
8,clab-nebula-serf37,25,85,8,8,0,77,1.0,0.09411764705882353,0.09411764705882353
8,clab-nebula-serf37,30,96,34,33,1,63,0.9705882352941176,0.34375,0.3402061855670103
8,clab-nebula-serf37,35,111,35,34,1,77,0.9714285714285714,0.3063063063063063,0.30357142857142855
8,clab-nebula-serf37,40,121,55,55,0,66,1.0,0.45454545454545453,0.45454545454545453
8,clab-nebula-serf37,45,124,55,55,0,69,1.0,0.4435483870967742,0.4435483870967742
8,clab-nebula-serf37,50,146,57,57,0,89,1.0,0.3904109589041096,0.3904109589041096
8,clab-nebula-serf37,55,154,57,57,0,97,1.0,0.37012987012987014,0.37012987012987014
8,clab-nebula-serf37,60,156,57,57,0,99,1.0,0.36538461538461536,0.36538461538461536
8,clab-nebula-serf43,5,0,0,0,0,0,0.0,0.0,0.0
8,clab-nebula-serf43,10,5,0,0,0,5,0,0.0,0.0
8,clab-nebula-serf43,15,13,9,7,2,6,0.7777777777777778,0.5384615384615384,0.4666666666666667
8,clab-nebula-serf43,20,27,9,8,1,19,0.8888888888888888,0.2962962962962963,0.2857142857142857
8,clab-nebula-serf43,25,52,10,9,1,43,0.9,0.17307692307692307,0.16981132075471697
8,clab-nebula-serf43,30,82,11,11,0,71,1.0,0.13414634146341464,0.13414634146341464
8,clab-nebula-serf43,35,98,53,52,1,46,0.9811320754716981,0.5306122448979592,0.5252525252525253
8,clab-nebula-serf43,40,119,53,52,1,67,0.9811320754716981,0.4369747899159664,0.43333333333333335
8,clab-nebula-serf43,45,124,55,55,0,69,1.0,0.4435483870967742,0.4435483870967742
8,clab-nebula-serf43,50,126,55,55,0,71,1.0,0.4365079365079365,0.4365079365079365
8,clab-nebula-serf43,55,154,57,57,0,97,1.0,0.37012987012987014,0.37012987012987014
8,clab-nebula-serf43,60,154,57,57,0,97,1.0,0.37012987012987014,0.37012987012987014
8,clab-nebula-serf58,5,5,1,1,0,4,1.0,0.2,0.2
8,clab-nebula-serf58,10,19,5,4,1,15,0.8,0.21052631578947367,0.2
8,clab-nebula-serf58,15,57,16,12,4,45,0.75,0.21052631578947367,0.19672131147540983
8,clab-nebula-serf58,20,79,29,28,1,51,0.9655172413793104,0.35443037974683544,0.35
8,clab-nebula-serf58,25,93,29,28,1,65,0.9655172413793104,0.3010752688172043,0.2978723404255319
8,clab-nebula-serf58,30,118,35,34,1,84,0.9714285714285714,0.288135593220339,0.2857142857142857
8,clab-nebula-serf58,35,122,35,35,0,87,1.0,0.28688524590163933,0.28688524590163933
8,clab-nebula-serf58,40,125,56,56,0,69,1.0,0.448,0.448
8,clab-nebula-serf58,45,153,37,37,0,116,1.0,0.24183006535947713,0.24183006535947713
8,clab-nebula-serf58,50,154,37,37,0,117,1.0,0.24025974025974026,0.24025974025974026
8,clab-nebula-serf58,55,156,37,37,0,119,1.0,0.23717948717948717,0.23717948717948717
8,clab-nebula-serf58,60,160,37,37,0,123,1.0,0.23125,0.23125
8,clab-nebula-serf61,5,5,0,0,0,5,0,0.0,0.0
8,clab-nebula-serf61,10,20,6,5,1,15,0.8333333333333334,0.25,0.23809523809523808
8,clab-nebula-serf61,15,61,19,19,0,42,1.0,0.3114754098360656,0.3114754098360656
8,clab-nebula-serf61,20,79,19,19,0,60,1.0,0.24050632911392406,0.24050632911392406
8,clab-nebula-serf61,25,93,33,32,1,61,0.9696969696969697,0.34408602150537637,0.3404255319148936
8,clab-nebula-serf61,30,118,36,35,1,83,0.9722222222222222,0.2966101694915254,0.29411764705882354
8,clab-nebula-serf61,35,121,36,36,0,85,1.0,0.2975206611570248,0.2975206611570248
8,clab-nebula-serf61,40,124,36,36,0,88,1.0,0.2903225806451613,0.2903225806451613
8,clab-nebula-serf61,45,149,37,37,0,112,1.0,0.2483221476510067,0.2483221476510067
8,clab-nebula-serf61,50,154,37,37,0,117,1.0,0.24025974025974026,0.24025974025974026
8,clab-nebula-serf61,55,156,37,37,0,119,1.0,0.23717948717948717,0.23717948717948717
8,clab-nebula-serf61,60,158,37,37,0,121,1.0,0.23417721518987342,0.23417721518987342
8,clab-nebula-serf112,5,0,0,0,0,0,0.0,0.0,0.0
8,clab-nebula-serf112,10,0,0,0,0,0,0.0,0.0,0.0
8,clab-nebula-serf112,15,0,0,0,0,0,0.0,0.0,0.0
8,clab-nebula-serf112,20,0,0,0,0,0,0.0,0.0,0.0
8,clab-nebula-serf112,25,5,0,0,0,5,0,0.0,0.0
8,clab-nebula-serf112,30,18,1,0,1,18,0.0,0.0,0.0
8,clab-nebula-serf112,35,34,11,11,0,23,1.0,0.3235294117647059,0.3235294117647059
8,clab-nebula-serf112,40,64,30,30,0,34,1.0,0.46875,0.46875
8,clab-nebula-serf112,45,103,30,30,0,73,1.0,0.2912621359223301,0.2912621359223301
8,clab-nebula-serf112,50,136,30,30,0,106,1.0,0.22058823529411764,0.22058823529411764
8,clab-nebula-serf112,55,148,30,30,0,118,1.0,0.20270270270270271,0.20270270270270271
8,clab-nebula-serf112,60,159,30,30,0,129,1.0,0.18867924528301888,0.18867924528301888
8,clab-nebula-serf15,5,1,0,0,0,1,0,0.0,0.0
8,clab-nebula-serf15,10,14,10,6,4,8,0.6,0.42857142857142855,0.3333333333333333
8,clab-nebula-serf15,15,32,25,23,2,9,0.92,0.71875,0.6764705882352942
8,clab-nebula-serf15,20,68,25,25,0,43,1.0,0.36764705882352944,0.36764705882352944
8,clab-nebula-serf15,25,88,27,27,0,61,1.0,0.3068181818181818,0.3068181818181818
8,clab-nebula-serf15,30,100,38,37,1,63,0.9736842105263158,0.37,0.36633663366336633
8,clab-nebula-serf15,35,117,38,37,1,80,0.9736842105263158,0.3162393162393162,0.3135593220338983
8,clab-nebula-serf15,40,121,39,39,0,82,1.0,0.32231404958677684,0.32231404958677684
8,clab-nebula-serf15,45,124,39,39,0,85,1.0,0.31451612903225806,0.31451612903225806
8,clab-nebula-serf15,50,151,61,61,0,90,1.0,0.40397350993377484,0.40397350993377484
8,clab-nebula-serf15,55,154,61,61,0,93,1.0,0.3961038961038961,0.3961038961038961
8,clab-nebula-serf15,60,158,61,61,0,97,1.0,0.3860759493670886,0.3860759493670886
8,clab-nebula-serf16,5,2,0,0,0,2,0,0.0,0.0
8,clab-nebula-serf16,10,17,10,7,3,10,0.7,0.4117647058823529,0.35
8,clab-nebula-serf16,15,33,25,23,2,10,0.92,0.696969696969697,0.6571428571428571
8,clab-nebula-serf16,20,69,25,25,0,44,1.0,0.36231884057971014,0.36231884057971014
8,clab-nebula-serf16,25,88,27,27,0,61,1.0,0.3068181818181818,0.3068181818181818
8,clab-nebula-serf16,30,101,38,37,1,64,0.9736842105263158,0.36633663366336633,0.3627450980392157
8,clab-nebula-serf16,35,119,39,38,1,81,0.9743589743589743,0.31932773109243695,0.31666666666666665
8,clab-nebula-serf16,40,121,39,39,0,82,1.0,0.32231404958677684,0.32231404958677684
8,clab-nebula-serf16,45,126,39,39,0,87,1.0,0.30952380952380953,0.30952380952380953
8,clab-nebula-serf16,50,151,61,61,0,90,1.0,0.40397350993377484,0.40397350993377484
8,clab-nebula-serf16,55,155,61,61,0,94,1.0,0.3935483870967742,0.3935483870967742
8,clab-nebula-serf16,60,158,61,61,0,97,1.0,0.3860759493670886,0.3860759493670886
8,clab-nebula-serf77,5,3,0,0,0,3,0,0.0,0.0
8,clab-nebula-serf77,10,24,6,5,1,19,0.8333333333333334,0.20833333333333334,0.2
8,clab-nebula-serf77,15,38,17,17,0,21,1.0,0.4473684210526316,0.4473684210526316
8,clab-nebula-serf77,20,67,17,17,0,50,1.0,0.2537313432835821,0.2537313432835821
8,clab-nebula-serf77,25,90,17,17,0,73,1.0,0.18888888888888888,0.18888888888888888
8,clab-nebula-serf77,30,113,29,28,1,85,0.9655172413793104,0.24778761061946902,0.24561403508771928
8,clab-nebula-serf77,35,121,29,29,0,92,1.0,0.2396694214876033,0.2396694214876033
8,clab-nebula-serf77,40,125,30,30,0,95,1.0,0.24,0.24
8,clab-nebula-serf77,45,151,30,30,0,121,1.0,0.1986754966887417,0.1986754966887417
8,clab-nebula-serf77,50,154,30,30,0,124,1.0,0.19480519480519481,0.19480519480519481
8,clab-nebula-serf77,55,158,30,30,0,128,1.0,0.189873417721519,0.189873417721519
8,clab-nebula-serf77,60,161,30,30,0,131,1.0,0.18633540372670807,0.18633540372670807
8,clab-nebula-serf121,5,0,0,0,0,0,0.0,0.0,0.0
8,clab-nebula-serf121,10,1,0,0,0,1,0,0.0,0.0
8,clab-nebula-serf121,15,8,1,1,0,7,1.0,0.125,0.125
8,clab-nebula-serf121,20,15,1,1,0,14,1.0,0.06666666666666667,0.06666666666666667
8,clab-nebula-serf121,25,32,2,2,0,30,1.0,0.0625,0.0625
8,clab-nebula-serf121,30,81,3,3,0,78,1.0,0.037037037037037035,0.037037037037037035
8,clab-nebula-serf121,35,121,23,22,1,99,0.9565217391304348,0.18181818181818182,0.18032786885245902
8,clab-nebula-serf121,40,138,23,23,0,115,1.0,0.16666666666666666,0.16666666666666666
8,clab-nebula-serf121,45,148,23,23,0,125,1.0,0.1554054054054054,0.1554054054054054
8,clab-nebula-serf121,50,160,24,24,0,136,1.0,0.15,0.15
8,clab-nebula-serf121,55,161,24,24,0,137,1.0,0.14906832298136646,0.14906832298136646
8,clab-nebula-serf121,60,161,24,24,0,137,1.0,0.14906832298136646,0.14906832298136646
8,clab-nebula-serf140,5,0,0,0,0,0,0.0,0.0,0.0
8,clab-nebula-serf140,10,0,0,0,0,0,0.0,0.0,0.0
8,clab-nebula-serf140,15,0,0,0,0,0,0.0,0.0,0.0
8,clab-nebula-serf140,20,13,4,4,0,9,1.0,0.3076923076923077,0.3076923076923077
8,clab-nebula-serf140,25,14,4,4,0,10,1.0,0.2857142857142857,0.2857142857142857
8,clab-nebula-serf140,30,25,17,14,3,11,0.8235294117647058,0.56,0.5
8,clab-nebula-serf140,35,39,20,18,2,21,0.9,0.46153846153846156,0.43902439024390244
8,clab-nebula-serf140,40,52,25,25,0,27,1.0,0.4807692307692308,0.4807692307692308
8,clab-nebula-serf140,45,82,26,26,0,56,1.0,0.3170731707317073,0.3170731707317073
8,clab-nebula-serf140,50,108,31,30,1,78,0.967741935483871,0.2777777777777778,0.27522935779816515
8,clab-nebula-serf140,55,136,31,31,0,105,1.0,0.22794117647058823,0.22794117647058823
8,clab-nebula-serf140,60,145,31,31,0,114,1.0,0.21379310344827587,0.21379310344827587
8,clab-nebula-serf148,5,0,0,0,0,0,0.0,0.0,0.0
8,clab-nebula-serf148,10,0,0,0,0,0,0.0,0.0,0.0
8,clab-nebula-serf148,15,0,0,0,0,0,0.0,0.0,0.0
8,clab-nebula-serf148,20,6,0,0,0,6,0,0.0,0.0
8,clab-nebula-serf148,25,12,0,0,0,12,0,0.0,0.0
8,clab-nebula-serf148,30,22,9,9,0,13,1.0,0.4090909090909091,0.4090909090909091
8,clab-nebula-serf148,35,38,9,9,0,29,1.0,0.23684210526315788,0.23684210526315788
8,clab-nebula-serf148,40,52,9,9,0,43,1.0,0.17307692307692307,0.17307692307692307
8,clab-nebula-serf148,45,68,9,9,0,59,1.0,0.1323529411764706,0.1323529411764706
8,clab-nebula-serf148,50,103,9,9,0,94,1.0,0.08737864077669903,0.08737864077669903
8,clab-nebula-serf148,55,133,9,9,0,124,1.0,0.06766917293233082,0.06766917293233082
8,clab-nebula-serf148,60,148,10,10,0,138,1.0,0.06756756756756757,0.06756756756756757
8,clab-nebula-serf154,5,0,0,0,0,0,0.0,0.0,0.0
8,clab-nebula-serf154,10,0,0,0,0,0,0.0,0.0,0.0
8,clab-nebula-serf154,15,1,0,0,0,1,0,0.0,0.0
8,clab-nebula-serf154,20,9,8,6,2,3,0.75,0.6666666666666666,0.5454545454545454
8,clab-nebula-serf154,25,12,8,8,0,4,1.0,0.6666666666666666,0.6666666666666666
8,clab-nebula-serf154,30,23,9,9,0,14,1.0,0.391304347826087,0.391304347826087
8,clab-nebula-serf154,35,42,9,9,0,33,1.0,0.21428571428571427,0.21428571428571427
8,clab-nebula-serf154,40,55,9,9,0,46,1.0,0.16363636363636364,0.16363636363636364
8,clab-nebula-serf154,45,79,9,9,0,70,1.0,0.11392405063291139,0.11392405063291139
8,clab-nebula-serf154,50,113,9,9,0,104,1.0,0.07964601769911504,0.07964601769911504
8,clab-nebula-serf154,55,137,9,9,0,128,1.0,0.06569343065693431,0.06569343065693431
8,clab-nebula-serf154,60,147,10,10,0,137,1.0,0.06802721088435375,0.06802721088435375
8,clab-nebula-serf156,5,0,0,0,0,0,0.0,0.0,0.0
8,clab-nebula-serf156,10,0,0,0,0,0,0.0,0.0,0.0
8,clab-nebula-serf156,15,4,8,1,7,3,0.125,0.25,0.09090909090909091
8,clab-nebula-serf156,20,12,8,8,0,4,1.0,0.6666666666666666,0.6666666666666666
8,clab-nebula-serf156,25,18,8,8,0,10,1.0,0.4444444444444444,0.4444444444444444
8,clab-nebula-serf156,30,33,9,9,0,24,1.0,0.2727272727272727,0.2727272727272727
8,clab-nebula-serf156,35,49,9,9,0,40,1.0,0.1836734693877551,0.1836734693877551
8,clab-nebula-serf156,40,61,9,9,0,52,1.0,0.14754098360655737,0.14754098360655737
8,clab-nebula-serf156,45,99,9,9,0,90,1.0,0.09090909090909091,0.09090909090909091
8,clab-nebula-serf156,50,130,9,9,0,121,1.0,0.06923076923076923,0.06923076923076923
8,clab-nebula-serf156,55,145,10,10,0,135,1.0,0.06896551724137931,0.06896551724137931
8,clab-nebula-serf156,60,154,11,11,0,143,1.0,0.07142857142857142,0.07142857142857142
8,clab-nebula-serf23,5,0,0,0,0,0,0.0,0.0,0.0
8,clab-nebula-serf23,10,0,0,0,0,0,0.0,0.0,0.0
8,clab-nebula-serf23,15,4,2,1,1,3,0.5,0.25,0.2
8,clab-nebula-serf23,20,11,9,8,1,3,0.8888888888888888,0.7272727272727273,0.6666666666666666
8,clab-nebula-serf23,25,22,9,9,0,13,1.0,0.4090909090909091,0.4090909090909091
8,clab-nebula-serf23,30,39,17,17,0,22,1.0,0.4358974358974359,0.4358974358974359
8,clab-nebula-serf23,35,75,17,17,0,58,1.0,0.22666666666666666,0.22666666666666666
8,clab-nebula-serf23,40,91,28,28,0,63,1.0,0.3076923076923077,0.3076923076923077
8,clab-nebula-serf23,45,99,55,54,1,45,0.9818181818181818,0.5454545454545454,0.54
8,clab-nebula-serf23,50,117,53,52,1,65,0.9811320754716981,0.4444444444444444,0.4406779661016949
8,clab-nebula-serf23,55,122,55,55,0,67,1.0,0.45081967213114754,0.45081967213114754
8,clab-nebula-serf23,60,124,55,55,0,69,1.0,0.4435483870967742,0.4435483870967742
8,clab-nebula-serf39,5,2,0,0,0,2,0,0.0,0.0
8,clab-nebula-serf39,10,15,0,0,0,15,0,0.0,0.0
8,clab-nebula-serf39,15,53,0,0,0,53,0,0.0,0.0
8,clab-nebula-serf39,20,81,0,0,0,81,0,0.0,0.0
8,clab-nebula-serf39,25,90,0,0,0,90,0,0.0,0.0
8,clab-nebula-serf39,30,106,0,0,0,106,0,0.0,0.0
8,clab-nebula-serf39,35,119,0,0,0,119,0,0.0,0.0
8,clab-nebula-serf39,40,124,0,0,0,124,0,0.0,0.0
8,clab-nebula-serf39,45,138,0,0,0,138,0,0.0,0.0
8,clab-nebula-serf39,50,154,2,2,0,152,1.0,0.012987012987012988,0.012987012987012988
8,clab-nebula-serf39,55,155,2,2,0,153,1.0,0.012903225806451613,0.012903225806451613
8,clab-nebula-serf39,60,158,2,2,0,156,1.0,0.012658227848101266,0.012658227848101266
8,clab-nebula-serf62,5,0,0,0,0,0,0.0,0.0,0.0
8,clab-nebula-serf62,10,4,5,3,2,1,0.6,0.75,0.5
8,clab-nebula-serf62,15,13,5,4,1,9,0.8,0.3076923076923077,0.2857142857142857
8,clab-nebula-serf62,20,48,19,17,2,31,0.8947368421052632,0.3541666666666667,0.34
8,clab-nebula-serf62,25,73,19,19,0,54,1.0,0.2602739726027397,0.2602739726027397
8,clab-nebula-serf62,30,88,29,28,1,60,0.9655172413793104,0.3181818181818182,0.3146067415730337
8,clab-nebula-serf62,35,110,35,34,1,76,0.9714285714285714,0.3090909090909091,0.3063063063063063
8,clab-nebula-serf62,40,120,35,35,0,85,1.0,0.2916666666666667,0.2916666666666667
8,clab-nebula-serf62,45,124,36,36,0,88,1.0,0.2903225806451613,0.2903225806451613
8,clab-nebula-serf62,50,144,59,59,0,85,1.0,0.4097222222222222,0.4097222222222222
8,clab-nebula-serf62,55,154,59,59,0,95,1.0,0.38311688311688313,0.38311688311688313
8,clab-nebula-serf62,60,154,59,59,0,95,1.0,0.38311688311688313,0.38311688311688313
8,clab-nebula-serf107,5,0,0,0,0,0,0.0,0.0,0.0
8,clab-nebula-serf107,10,2,0,0,0,2,0,0.0,0.0
8,clab-nebula-serf107,15,6,0,0,0,6,0,0.0,0.0
8,clab-nebula-serf107,20,15,11,10,1,5,0.9090909090909091,0.6666666666666666,0.625
8,clab-nebula-serf107,25,40,11,10,1,30,0.9090909090909091,0.25,0.24390243902439024
8,clab-nebula-serf107,30,71,30,30,0,41,1.0,0.4225352112676056,0.4225352112676056
8,clab-nebula-serf107,35,104,30,30,0,74,1.0,0.28846153846153844,0.28846153846153844
8,clab-nebula-serf107,40,144,30,30,0,114,1.0,0.20833333333333334,0.20833333333333334
8,clab-nebula-serf107,45,149,30,30,0,119,1.0,0.20134228187919462,0.20134228187919462
8,clab-nebula-serf107,50,154,30,30,0,124,1.0,0.19480519480519481,0.19480519480519481
8,clab-nebula-serf107,55,157,30,30,0,127,1.0,0.1910828025477707,0.1910828025477707
8,clab-nebula-serf107,60,161,30,30,0,131,1.0,0.18633540372670807,0.18633540372670807
8,clab-nebula-serf115,5,0,0,0,0,0,0.0,0.0,0.0
8,clab-nebula-serf115,10,0,0,0,0,0,0.0,0.0,0.0
8,clab-nebula-serf115,15,0,0,0,0,0,0.0,0.0,0.0
8,clab-nebula-serf115,20,0,0,0,0,0,0.0,0.0,0.0
8,clab-nebula-serf115,25,0,0,0,0,0,0.0,0.0,0.0
8,clab-nebula-serf115,30,0,0,0,0,0,0.0,0.0,0.0
8,clab-nebula-serf115,35,1,0,0,0,1,0,0.0,0.0
8,clab-nebula-serf115,40,3,0,0,0,3,0,0.0,0.0
8,clab-nebula-serf115,45,6,1,1,0,5,1.0,0.16666666666666666,0.16666666666666666
8,clab-nebula-serf115,50,23,1,1,0,22,1.0,0.043478260869565216,0.043478260869565216
8,clab-nebula-serf115,55,57,1,1,0,56,1.0,0.017543859649122806,0.017543859649122806
8,clab-nebula-serf115,60,103,2,2,0,101,1.0,0.019417475728155338,0.019417475728155338
8,clab-nebula-serf151,5,0,0,0,0,0,0.0,0.0,0.0
8,clab-nebula-serf151,10,0,0,0,0,0,0.0,0.0,0.0
8,clab-nebula-serf151,15,1,3,0,3,1,0.0,0.0,0.0
8,clab-nebula-serf151,20,11,9,8,1,3,0.8888888888888888,0.7272727272727273,0.6666666666666666
8,clab-nebula-serf151,25,13,9,9,0,4,1.0,0.6923076923076923,0.6923076923076923
8,clab-nebula-serf151,30,23,9,9,0,14,1.0,0.391304347826087,0.391304347826087
8,clab-nebula-serf151,35,43,9,9,0,34,1.0,0.20930232558139536,0.20930232558139536
8,clab-nebula-serf151,40,55,9,9,0,46,1.0,0.16363636363636364,0.16363636363636364
8,clab-nebula-serf151,45,81,9,9,0,72,1.0,0.1111111111111111,0.1111111111111111
8,clab-nebula-serf151,50,114,9,9,0,105,1.0,0.07894736842105263,0.07894736842105263
8,clab-nebula-serf151,55,137,9,9,0,128,1.0,0.06569343065693431,0.06569343065693431
8,clab-nebula-serf151,60,148,10,10,0,138,1.0,0.06756756756756757,0.06756756756756757
8,clab-nebula-serf158,5,4,1,1,0,3,1.0,0.25,0.25
8,clab-nebula-serf158,10,4,1,1,0,3,1.0,0.25,0.25
8,clab-nebula-serf158,15,5,1,1,0,4,1.0,0.2,0.2
8,clab-nebula-serf158,20,8,5,5,0,3,1.0,0.625,0.625
8,clab-nebula-serf158,25,16,5,5,0,11,1.0,0.3125,0.3125
8,clab-nebula-serf158,30,34,5,5,0,29,1.0,0.14705882352941177,0.14705882352941177
8,clab-nebula-serf158,35,40,24,24,0,16,1.0,0.6,0.6
8,clab-nebula-serf158,40,52,32,31,1,21,0.96875,0.5961538461538461,0.5849056603773585
8,clab-nebula-serf158,45,68,36,35,1,33,0.9722222222222222,0.5147058823529411,0.5072463768115942
8,clab-nebula-serf158,50,103,49,48,1,55,0.9795918367346939,0.46601941747572817,0.46153846153846156
8,clab-nebula-serf158,55,136,55,55,0,81,1.0,0.40441176470588236,0.40441176470588236
8,clab-nebula-serf158,60,148,55,55,0,93,1.0,0.3716216216216216,0.3716216216216216
8,clab-nebula-serf28,5,0,0,0,0,0,0.0,0.0,0.0
8,clab-nebula-serf28,10,1,0,0,0,1,0,0.0,0.0
8,clab-nebula-serf28,15,2,1,0,1,2,0.0,0.0,0.0
8,clab-nebula-serf28,20,4,1,1,0,3,1.0,0.25,0.25
8,clab-nebula-serf28,25,7,1,1,0,6,1.0,0.14285714285714285,0.14285714285714285
8,clab-nebula-serf28,30,19,1,1,0,18,1.0,0.05263157894736842,0.05263157894736842
8,clab-nebula-serf28,35,29,2,2,0,27,1.0,0.06896551724137931,0.06896551724137931
8,clab-nebula-serf28,40,61,2,2,0,59,1.0,0.03278688524590164,0.03278688524590164
8,clab-nebula-serf28,45,91,2,2,0,89,1.0,0.02197802197802198,0.02197802197802198
8,clab-nebula-serf28,50,95,2,2,0,93,1.0,0.021052631578947368,0.021052631578947368
8,clab-nebula-serf28,55,111,2,2,0,109,1.0,0.018018018018018018,0.018018018018018018
8,clab-nebula-serf28,60,121,2,2,0,119,1.0,0.01652892561983471,0.01652892561983471
8,clab-nebula-serf29,5,0,0,0,0,0,0.0,0.0,0.0
8,clab-nebula-serf29,10,2,0,0,0,2,0,0.0,0.0
8,clab-nebula-serf29,15,6,0,0,0,6,0,0.0,0.0
8,clab-nebula-serf29,20,14,0,0,0,14,0,0.0,0.0
8,clab-nebula-serf29,25,23,0,0,0,23,0,0.0,0.0
8,clab-nebula-serf29,30,39,2,2,0,37,1.0,0.05128205128205128,0.05128205128205128
8,clab-nebula-serf29,35,79,2,2,0,77,1.0,0.02531645569620253,0.02531645569620253
8,clab-nebula-serf29,40,92,2,2,0,90,1.0,0.021739130434782608,0.021739130434782608
8,clab-nebula-serf29,45,98,2,2,0,96,1.0,0.02040816326530612,0.02040816326530612
8,clab-nebula-serf29,50,115,2,2,0,113,1.0,0.017391304347826087,0.017391304347826087
8,clab-nebula-serf29,55,122,2,2,0,120,1.0,0.01639344262295082,0.01639344262295082
8,clab-nebula-serf29,60,125,2,2,0,123,1.0,0.016,0.016
10,clab-nebula-serf130,5,0,0,0,0,0,0.0,0.0,0.0
10,clab-nebula-serf130,10,0,0,0,0,0,0.0,0.0,0.0
10,clab-nebula-serf130,15,0,0,0,0,0,0.0,0.0,0.0
10,clab-nebula-serf130,20,13,10,9,1,4,0.9,0.6923076923076923,0.6428571428571429
10,clab-nebula-serf130,25,14,10,10,0,4,1.0,0.7142857142857143,0.7142857142857143
10,clab-nebula-serf130,30,24,19,15,4,9,0.7894736842105263,0.625,0.5357142857142857
10,clab-nebula-serf130,35,41,20,20,0,21,1.0,0.4878048780487805,0.4878048780487805
10,clab-nebula-serf130,40,53,24,24,0,29,1.0,0.4528301886792453,0.4528301886792453
10,clab-nebula-serf130,45,84,26,26,0,58,1.0,0.30952380952380953,0.30952380952380953
10,clab-nebula-serf130,50,111,31,30,1,81,0.967741935483871,0.2702702702702703,0.26785714285714285
10,clab-nebula-serf130,55,136,31,31,0,105,1.0,0.22794117647058823,0.22794117647058823
10,clab-nebula-serf130,60,146,31,31,0,115,1.0,0.21232876712328766,0.21232876712328766
10,clab-nebula-serf161,5,4,0,0,0,4,0,0.0,0.0
10,clab-nebula-serf161,10,4,0,0,0,4,0,0.0,0.0
10,clab-nebula-serf161,15,5,1,1,0,4,1.0,0.2,0.2
10,clab-nebula-serf161,20,10,5,5,0,5,1.0,0.5,0.5
10,clab-nebula-serf161,25,22,5,5,0,17,1.0,0.22727272727272727,0.22727272727272727
10,clab-nebula-serf161,30,36,9,9,0,27,1.0,0.25,0.25
10,clab-nebula-serf161,35,42,23,23,0,19,1.0,0.5476190476190477,0.5476190476190477
10,clab-nebula-serf161,40,58,24,24,0,34,1.0,0.41379310344827586,0.41379310344827586
10,clab-nebula-serf161,45,79,35,34,1,45,0.9714285714285714,0.43037974683544306,0.425
10,clab-nebula-serf161,50,117,52,52,0,65,1.0,0.4444444444444444,0.4444444444444444
10,clab-nebula-serf161,55,139,54,54,0,85,1.0,0.38848920863309355,0.38848920863309355
10,clab-nebula-serf161,60,149,54,54,0,95,1.0,0.3624161073825503,0.3624161073825503
10,clab-nebula-serf32,5,3,3,2,1,1,0.6666666666666666,0.6666666666666666,0.5
10,clab-nebula-serf32,10,19,11,9,2,10,0.8181818181818182,0.47368421052631576,0.42857142857142855
10,clab-nebula-serf32,15,32,11,11,0,21,1.0,0.34375,0.34375
10,clab-nebula-serf32,20,59,17,17,0,42,1.0,0.288135593220339,0.288135593220339
10,clab-nebula-serf32,25,88,28,28,0,60,1.0,0.3181818181818182,0.3181818181818182
10,clab-nebula-serf32,30,95,28,28,0,67,1.0,0.29473684210526313,0.29473684210526313
10,clab-nebula-serf32,35,108,53,52,1,56,0.9811320754716981,0.48148148148148145,0.47706422018348627
10,clab-nebula-serf32,40,121,53,53,0,68,1.0,0.4380165289256198,0.4380165289256198
10,clab-nebula-serf32,45,124,53,53,0,71,1.0,0.4274193548387097,0.4274193548387097
10,clab-nebula-serf32,50,137,57,57,0,80,1.0,0.41605839416058393,0.41605839416058393
10,clab-nebula-serf32,55,154,57,57,0,97,1.0,0.37012987012987014,0.37012987012987014
10,clab-nebula-serf32,60,155,57,57,0,98,1.0,0.36774193548387096,0.36774193548387096
10,clab-nebula-serf63,5,0,0,0,0,0,0.0,0.0,0.0
10,clab-nebula-serf63,10,0,0,0,0,0,0.0,0.0,0.0
10,clab-nebula-serf63,15,6,1,1,0,5,1.0,0.16666666666666666,0.16666666666666666
10,clab-nebula-serf63,20,32,6,6,0,26,1.0,0.1875,0.1875
10,clab-nebula-serf63,25,64,28,25,3,39,0.8928571428571429,0.390625,0.373134328358209
10,clab-nebula-serf63,30,84,29,28,1,56,0.9655172413793104,0.3333333333333333,0.32941176470588235
10,clab-nebula-serf63,35,103,35,34,1,69,0.9714285714285714,0.3300970873786408,0.3269230769230769
10,clab-nebula-serf63,40,119,36,35,1,84,0.9722222222222222,0.29411764705882354,0.2916666666666667
10,clab-nebula-serf63,45,124,36,36,0,88,1.0,0.2903225806451613,0.2903225806451613
10,clab-nebula-serf63,50,128,57,57,0,71,1.0,0.4453125,0.4453125
10,clab-nebula-serf63,55,154,59,59,0,95,1.0,0.38311688311688313,0.38311688311688313
10,clab-nebula-serf63,60,154,59,59,0,95,1.0,0.38311688311688313,0.38311688311688313
10,clab-nebula-serf45,5,2,0,0,0,2,0,0.0,0.0
10,clab-nebula-serf45,10,8,3,2,1,6,0.6666666666666666,0.25,0.2222222222222222
10,clab-nebula-serf45,15,22,10,8,2,14,0.8,0.36363636363636365,0.3333333333333333
10,clab-nebula-serf45,20,40,10,10,0,30,1.0,0.25,0.25
10,clab-nebula-serf45,25,80,12,12,0,68,1.0,0.15,0.15
10,clab-nebula-serf45,30,90,49,48,1,42,0.9795918367346939,0.5333333333333333,0.5274725274725275
10,clab-nebula-serf45,35,118,53,52,1,66,0.9811320754716981,0.4406779661016949,0.4369747899159664
10,clab-nebula-serf45,40,121,53,53,0,68,1.0,0.4380165289256198,0.4380165289256198
10,clab-nebula-serf45,45,124,53,53,0,71,1.0,0.4274193548387097,0.4274193548387097
10,clab-nebula-serf45,50,145,57,57,0,88,1.0,0.3931034482758621,0.3931034482758621
10,clab-nebula-serf45,55,154,57,57,0,97,1.0,0.37012987012987014,0.37012987012987014
10,clab-nebula-serf45,60,155,57,57,0,98,1.0,0.36774193548387096,0.36774193548387096
10,clab-nebula-serf49,5,4,1,0,1,4,0.0,0.0,0.0
10,clab-nebula-serf49,10,14,10,8,2,6,0.8,0.5714285714285714,0.5
10,clab-nebula-serf49,15,30,10,10,0,20,1.0,0.3333333333333333,0.3333333333333333
10,clab-nebula-serf49,20,67,11,11,0,56,1.0,0.16417910447761194,0.16417910447761194
10,clab-nebula-serf49,25,84,18,18,0,66,1.0,0.21428571428571427,0.21428571428571427
10,clab-nebula-serf49,30,106,53,52,1,54,0.9811320754716981,0.49056603773584906,0.48598130841121495
10,clab-nebula-serf49,35,121,53,53,0,68,1.0,0.4380165289256198,0.4380165289256198
10,clab-nebula-serf49,40,124,53,53,0,71,1.0,0.4274193548387097,0.4274193548387097
10,clab-nebula-serf49,45,135,55,55,0,80,1.0,0.4074074074074074,0.4074074074074074
10,clab-nebula-serf49,50,154,57,57,0,97,1.0,0.37012987012987014,0.37012987012987014
10,clab-nebula-serf49,55,154,57,57,0,97,1.0,0.37012987012987014,0.37012987012987014
10,clab-nebula-serf49,60,157,57,57,0,100,1.0,0.3630573248407643,0.3630573248407643
10,clab-nebula-serf83,5,0,0,0,0,0,0.0,0.0,0.0
10,clab-nebula-serf83,10,3,0,0,0,3,0,0.0,0.0
10,clab-nebula-serf83,15,14,7,6,1,8,0.8571428571428571,0.42857142857142855,0.4
10,clab-nebula-serf83,20,33,7,7,0,26,1.0,0.21212121212121213,0.21212121212121213
10,clab-nebula-serf83,25,50,9,9,0,41,1.0,0.18,0.18
10,clab-nebula-serf83,30,79,10,10,0,69,1.0,0.12658227848101267,0.12658227848101267
10,clab-nebula-serf83,35,109,11,11,0,98,1.0,0.10091743119266056,0.10091743119266056
10,clab-nebula-serf83,40,119,11,11,0,108,1.0,0.09243697478991597,0.09243697478991597
10,clab-nebula-serf83,45,128,13,13,0,115,1.0,0.1015625,0.1015625
10,clab-nebula-serf83,50,140,14,14,0,126,1.0,0.1,0.1
10,clab-nebula-serf83,55,154,14,14,0,140,1.0,0.09090909090909091,0.09090909090909091
10,clab-nebula-serf83,60,156,14,14,0,142,1.0,0.08974358974358974,0.08974358974358974
10,clab-nebula-serf91,5,3,1,1,0,2,1.0,0.3333333333333333,0.3333333333333333
10,clab-nebula-serf91,10,17,6,5,1,12,0.8333333333333334,0.29411764705882354,0.2777777777777778
10,clab-nebula-serf91,15,36,7,7,0,29,1.0,0.19444444444444445,0.19444444444444445
10,clab-nebula-serf91,20,56,9,9,0,47,1.0,0.16071428571428573,0.16071428571428573
10,clab-nebula-serf91,25,81,10,10,0,71,1.0,0.12345679012345678,0.12345679012345678
10,clab-nebula-serf91,30,112,11,11,0,101,1.0,0.09821428571428571,0.09821428571428571
10,clab-nebula-serf91,35,119,11,11,0,108,1.0,0.09243697478991597,0.09243697478991597
10,clab-nebula-serf91,40,129,13,13,0,116,1.0,0.10077519379844961,0.10077519379844961
10,clab-nebula-serf91,45,146,14,14,0,132,1.0,0.0958904109589041,0.0958904109589041
10,clab-nebula-serf91,50,154,14,14,0,140,1.0,0.09090909090909091,0.09090909090909091
10,clab-nebula-serf91,55,157,14,14,0,143,1.0,0.08917197452229299,0.08917197452229299
10,clab-nebula-serf91,60,161,28,28,0,133,1.0,0.17391304347826086,0.17391304347826086
10,clab-nebula-serf136,5,0,0,0,0,0,0.0,0.0,0.0
10,clab-nebula-serf136,10,0,0,0,0,0,0.0,0.0,0.0
10,clab-nebula-serf136,15,2,0,0,0,2,0,0.0,0.0
10,clab-nebula-serf136,20,14,12,12,0,2,1.0,0.8571428571428571,0.8571428571428571
10,clab-nebula-serf136,25,18,13,13,0,5,1.0,0.7222222222222222,0.7222222222222222
10,clab-nebula-serf136,30,28,20,16,4,12,0.8,0.5714285714285714,0.5
10,clab-nebula-serf136,35,45,22,22,0,23,1.0,0.4888888888888889,0.4888888888888889
10,clab-nebula-serf136,40,66,40,39,1,27,0.975,0.5909090909090909,0.582089552238806
10,clab-nebula-serf136,45,95,30,29,1,66,0.9666666666666667,0.30526315789473685,0.3020833333333333
10,clab-nebula-serf136,50,124,31,31,0,93,1.0,0.25,0.25
10,clab-nebula-serf136,55,137,31,31,0,106,1.0,0.22627737226277372,0.22627737226277372
10,clab-nebula-serf136,60,149,64,64,0,85,1.0,0.42953020134228187,0.42953020134228187
10,clab-nebula-serf146,5,0,0,0,0,0,0.0,0.0,0.0
10,clab-nebula-serf146,10,0,0,0,0,0,0.0,0.0,0.0
10,clab-nebula-serf146,15,1,0,0,0,1,0,0.0,0.0
10,clab-nebula-serf146,20,5,4,2,2,3,0.5,0.4,0.2857142857142857
10,clab-nebula-serf146,25,8,4,4,0,4,1.0,0.5,0.5
10,clab-nebula-serf146,30,16,19,10,9,6,0.5263157894736842,0.625,0.4
10,clab-nebula-serf146,35,44,19,19,0,25,1.0,0.4318181818181818,0.4318181818181818
10,clab-nebula-serf146,40,58,19,19,0,39,1.0,0.3275862068965517,0.3275862068965517
10,clab-nebula-serf146,45,78,19,19,0,59,1.0,0.24358974358974358,0.24358974358974358
10,clab-nebula-serf146,50,114,21,21,0,93,1.0,0.18421052631578946,0.18421052631578946
10,clab-nebula-serf146,55,137,19,19,0,118,1.0,0.1386861313868613,0.1386861313868613
10,clab-nebula-serf146,60,146,19,19,0,127,1.0,0.13013698630136986,0.13013698630136986
10,clab-nebula-serf12,5,0,0,0,0,0,0.0,0.0,0.0
10,clab-nebula-serf12,10,5,1,1,0,4,1.0,0.2,0.2
10,clab-nebula-serf12,15,19,10,8,2,11,0.8,0.42105263157894735,0.38095238095238093
10,clab-nebula-serf12,20,38,25,23,2,15,0.92,0.6052631578947368,0.575
10,clab-nebula-serf12,25,71,25,25,0,46,1.0,0.352112676056338,0.352112676056338
10,clab-nebula-serf12,30,88,27,27,0,61,1.0,0.3068181818181818,0.3068181818181818
10,clab-nebula-serf12,35,102,38,37,1,65,0.9736842105263158,0.3627450980392157,0.3592233009708738
10,clab-nebula-serf12,40,119,39,38,1,81,0.9743589743589743,0.31932773109243695,0.31666666666666665
10,clab-nebula-serf12,45,121,42,42,0,79,1.0,0.34710743801652894,0.34710743801652894
10,clab-nebula-serf12,50,127,39,39,0,88,1.0,0.30708661417322836,0.30708661417322836
10,clab-nebula-serf12,55,153,61,61,0,92,1.0,0.39869281045751637,0.39869281045751637
10,clab-nebula-serf12,60,155,61,61,0,94,1.0,0.3935483870967742,0.3935483870967742
10,clab-nebula-serf19,5,0,0,0,0,0,0.0,0.0,0.0
10,clab-nebula-serf19,10,5,1,1,0,4,1.0,0.2,0.2
10,clab-nebula-serf19,15,23,1,1,0,22,1.0,0.043478260869565216,0.043478260869565216
10,clab-nebula-serf19,20,44,1,1,0,43,1.0,0.022727272727272728,0.022727272727272728
10,clab-nebula-serf19,25,73,1,1,0,72,1.0,0.0136986301369863,0.0136986301369863
10,clab-nebula-serf19,30,90,1,1,0,89,1.0,0.011111111111111112,0.011111111111111112
10,clab-nebula-serf19,35,105,1,1,0,104,1.0,0.009523809523809525,0.009523809523809525
10,clab-nebula-serf19,40,120,1,1,0,119,1.0,0.008333333333333333,0.008333333333333333
10,clab-nebula-serf19,45,123,1,1,0,122,1.0,0.008130081300813009,0.008130081300813009
10,clab-nebula-serf19,50,142,1,1,0,141,1.0,0.007042253521126761,0.007042253521126761
10,clab-nebula-serf19,55,153,1,1,0,152,1.0,0.006535947712418301,0.006535947712418301
10,clab-nebula-serf19,60,157,1,1,0,156,1.0,0.006369426751592357,0.006369426751592357
10,clab-nebula-serf80,5,0,0,0,0,0,0.0,0.0,0.0
10,clab-nebula-serf80,10,14,1,0,1,14,0.0,0.0,0.0
10,clab-nebula-serf80,15,32,11,11,0,21,1.0,0.34375,0.34375
10,clab-nebula-serf80,20,55,16,16,0,39,1.0,0.2909090909090909,0.2909090909090909
10,clab-nebula-serf80,25,84,16,16,0,68,1.0,0.19047619047619047,0.19047619047619047
10,clab-nebula-serf80,30,110,28,27,1,83,0.9642857142857143,0.24545454545454545,0.24324324324324326
10,clab-nebula-serf80,35,120,28,27,1,93,0.9642857142857143,0.225,0.2231404958677686
10,clab-nebula-serf80,40,127,29,29,0,98,1.0,0.2283464566929134,0.2283464566929134
10,clab-nebula-serf80,45,152,29,29,0,123,1.0,0.19078947368421054,0.19078947368421054
10,clab-nebula-serf80,50,154,29,29,0,125,1.0,0.18831168831168832,0.18831168831168832
10,clab-nebula-serf80,55,156,29,29,0,127,1.0,0.1858974358974359,0.1858974358974359
10,clab-nebula-serf80,60,159,29,29,0,130,1.0,0.18238993710691823,0.18238993710691823
10,clab-nebula-serf111,5,1,0,0,0,1,0,0.0,0.0
10,clab-nebula-serf111,10,7,3,2,1,5,0.6666666666666666,0.2857142857142857,0.25
10,clab-nebula-serf111,15,17,11,10,1,7,0.9090909090909091,0.5882352941176471,0.5555555555555556
10,clab-nebula-serf111,20,47,11,10,1,37,0.9090909090909091,0.2127659574468085,0.20833333333333334
10,clab-nebula-serf111,25,73,28,28,0,45,1.0,0.3835616438356164,0.3835616438356164
10,clab-nebula-serf111,30,111,29,29,0,82,1.0,0.26126126126126126,0.26126126126126126
10,clab-nebula-serf111,35,145,29,29,0,116,1.0,0.2,0.2
10,clab-nebula-serf111,40,150,29,29,0,121,1.0,0.19333333333333333,0.19333333333333333
10,clab-nebula-serf111,45,154,29,29,0,125,1.0,0.18831168831168832,0.18831168831168832
10,clab-nebula-serf111,50,158,29,29,0,129,1.0,0.18354430379746836,0.18354430379746836
10,clab-nebula-serf111,55,161,29,29,0,132,1.0,0.18012422360248448,0.18012422360248448
10,clab-nebula-serf111,60,161,29,29,0,132,1.0,0.18012422360248448,0.18012422360248448
10,clab-nebula-serf109,5,3,1,0,1,3,0.0,0.0,0.0
10,clab-nebula-serf109,10,8,7,6,1,2,0.8571428571428571,0.75,0.6666666666666666
10,clab-nebula-serf109,15,26,11,10,1,16,0.9090909090909091,0.38461538461538464,0.37037037037037035
10,clab-nebula-serf109,20,58,28,27,1,31,0.9642857142857143,0.46551724137931033,0.4576271186440678
10,clab-nebula-serf109,25,87,28,28,0,59,1.0,0.3218390804597701,0.3218390804597701
10,clab-nebula-serf109,30,130,29,29,0,101,1.0,0.2230769230769231,0.2230769230769231
10,clab-nebula-serf109,35,145,29,29,0,116,1.0,0.2,0.2
10,clab-nebula-serf109,40,153,29,29,0,124,1.0,0.1895424836601307,0.1895424836601307
10,clab-nebula-serf109,45,155,29,29,0,126,1.0,0.1870967741935484,0.1870967741935484
10,clab-nebula-serf109,50,159,29,29,0,130,1.0,0.18238993710691823,0.18238993710691823
10,clab-nebula-serf109,55,161,29,29,0,132,1.0,0.18012422360248448,0.18012422360248448
10,clab-nebula-serf109,60,161,29,29,0,132,1.0,0.18012422360248448,0.18012422360248448
10,clab-nebula-serf147,5,0,0,0,0,0,0.0,0.0,0.0
10,clab-nebula-serf147,10,0,0,0,0,0,0.0,0.0,0.0
10,clab-nebula-serf147,15,2,9,1,8,1,0.1111111111111111,0.5,0.1
10,clab-nebula-serf147,20,12,9,9,0,3,1.0,0.75,0.75
10,clab-nebula-serf147,25,14,9,9,0,5,1.0,0.6428571428571429,0.6428571428571429
10,clab-nebula-serf147,30,27,9,9,0,18,1.0,0.3333333333333333,0.3333333333333333
10,clab-nebula-serf147,35,48,9,9,0,39,1.0,0.1875,0.1875
10,clab-nebula-serf147,40,59,9,9,0,50,1.0,0.15254237288135594,0.15254237288135594
10,clab-nebula-serf147,45,87,9,9,0,78,1.0,0.10344827586206896,0.10344827586206896
10,clab-nebula-serf147,50,120,9,9,0,111,1.0,0.075,0.075
10,clab-nebula-serf147,55,141,10,10,0,131,1.0,0.07092198581560284,0.07092198581560284
10,clab-nebula-serf147,60,152,10,10,0,142,1.0,0.06578947368421052,0.06578947368421052
10,clab-nebula-serf4,5,1,1,0,1,1,0.0,0.0,0.0
10,clab-nebula-serf4,10,2,1,0,1,2,0.0,0.0,0.0
10,clab-nebula-serf4,15,9,3,3,0,6,1.0,0.3333333333333333,0.3333333333333333
10,clab-nebula-serf4,20,16,9,8,1,8,0.8888888888888888,0.5,0.47058823529411764
10,clab-nebula-serf4,25,23,8,8,0,15,1.0,0.34782608695652173,0.34782608695652173
10,clab-nebula-serf4,30,47,32,30,2,17,0.9375,0.6382978723404256,0.6122448979591837
10,clab-nebula-serf4,35,82,32,32,0,50,1.0,0.3902439024390244,0.3902439024390244
10,clab-nebula-serf4,40,92,32,32,0,60,1.0,0.34782608695652173,0.34782608695652173
10,clab-nebula-serf4,45,109,42,41,1,68,0.9761904761904762,0.3761467889908257,0.37272727272727274
10,clab-nebula-serf4,50,120,42,41,1,79,0.9761904761904762,0.3416666666666667,0.33884297520661155
10,clab-nebula-serf4,55,123,42,42,0,81,1.0,0.34146341463414637,0.34146341463414637
10,clab-nebula-serf4,60,141,64,64,0,77,1.0,0.45390070921985815,0.45390070921985815
10,clab-nebula-serf100,5,6,4,4,0,2,1.0,0.6666666666666666,0.6666666666666666
10,clab-nebula-serf100,10,7,6,6,0,1,1.0,0.8571428571428571,0.8571428571428571
10,clab-nebula-serf100,15,8,7,7,0,1,1.0,0.875,0.875
10,clab-nebula-serf100,20,14,7,7,0,7,1.0,0.5,0.5
10,clab-nebula-serf100,25,25,7,7,0,18,1.0,0.28,0.28
10,clab-nebula-serf100,30,59,39,39,0,20,1.0,0.6610169491525424,0.6610169491525424
10,clab-nebula-serf100,35,89,39,39,0,50,1.0,0.43820224719101125,0.43820224719101125
10,clab-nebula-serf100,40,137,39,39,0,98,1.0,0.2846715328467153,0.2846715328467153
10,clab-nebula-serf100,45,150,39,39,0,111,1.0,0.26,0.26
10,clab-nebula-serf100,50,159,39,39,0,120,1.0,0.24528301886792453,0.24528301886792453
10,clab-nebula-serf100,55,160,39,39,0,121,1.0,0.24375,0.24375
10,clab-nebula-serf100,60,161,39,39,0,122,1.0,0.2422360248447205,0.2422360248447205
10,clab-nebula-serf75,5,0,0,0,0,0,0.0,0.0,0.0
10,clab-nebula-serf75,10,7,4,2,2,5,0.5,0.2857142857142857,0.2222222222222222
10,clab-nebula-serf75,15,26,16,16,0,10,1.0,0.6153846153846154,0.6153846153846154
10,clab-nebula-serf75,20,41,16,16,0,25,1.0,0.3902439024390244,0.3902439024390244
10,clab-nebula-serf75,25,76,16,16,0,60,1.0,0.21052631578947367,0.21052631578947367
10,clab-nebula-serf75,30,100,28,25,3,75,0.8928571428571429,0.25,0.24271844660194175
10,clab-nebula-serf75,35,115,28,27,1,88,0.9642857142857143,0.23478260869565218,0.23275862068965517
10,clab-nebula-serf75,40,122,28,28,0,94,1.0,0.22950819672131148,0.22950819672131148
10,clab-nebula-serf75,45,135,29,29,0,106,1.0,0.21481481481481482,0.21481481481481482
10,clab-nebula-serf75,50,154,29,29,0,125,1.0,0.18831168831168832,0.18831168831168832
10,clab-nebula-serf75,55,155,29,29,0,126,1.0,0.1870967741935484,0.1870967741935484
10,clab-nebula-serf75,60,158,29,29,0,129,1.0,0.18354430379746836,0.18354430379746836
10,clab-nebula-serf89,5,3,0,0,0,3,0,0.0,0.0
10,clab-nebula-serf89,10,3,0,0,0,3,0,0.0,0.0
10,clab-nebula-serf89,15,8,1,1,0,7,1.0,0.125,0.125
10,clab-nebula-serf89,20,18,1,1,0,17,1.0,0.05555555555555555,0.05555555555555555
10,clab-nebula-serf89,25,41,10,10,0,31,1.0,0.24390243902439024,0.24390243902439024
10,clab-nebula-serf89,30,71,10,10,0,61,1.0,0.14084507042253522,0.14084507042253522
10,clab-nebula-serf89,35,97,10,10,0,87,1.0,0.10309278350515463,0.10309278350515463
10,clab-nebula-serf89,40,119,11,11,0,108,1.0,0.09243697478991597,0.09243697478991597
10,clab-nebula-serf89,45,127,13,13,0,114,1.0,0.10236220472440945,0.10236220472440945
10,clab-nebula-serf89,50,137,13,13,0,124,1.0,0.0948905109489051,0.0948905109489051
10,clab-nebula-serf89,55,154,14,14,0,140,1.0,0.09090909090909091,0.09090909090909091
10,clab-nebula-serf89,60,158,28,28,0,130,1.0,0.17721518987341772,0.17721518987341772
10,clab-nebula-serf101,5,4,0,0,0,4,0,0.0,0.0
10,clab-nebula-serf101,10,7,6,6,0,1,1.0,0.8571428571428571,0.8571428571428571
10,clab-nebula-serf101,15,7,6,6,0,1,1.0,0.8571428571428571,0.8571428571428571
10,clab-nebula-serf101,20,10,7,7,0,3,1.0,0.7,0.7
10,clab-nebula-serf101,25,22,7,7,0,15,1.0,0.3181818181818182,0.3181818181818182
10,clab-nebula-serf101,30,47,26,20,6,27,0.7692307692307693,0.425531914893617,0.37735849056603776
10,clab-nebula-serf101,35,79,39,39,0,40,1.0,0.4936708860759494,0.4936708860759494
10,clab-nebula-serf101,40,131,39,39,0,92,1.0,0.29770992366412213,0.29770992366412213
10,clab-nebula-serf101,45,148,39,39,0,109,1.0,0.2635135135135135,0.2635135135135135
10,clab-nebula-serf101,50,157,39,39,0,118,1.0,0.2484076433121019,0.2484076433121019
10,clab-nebula-serf101,55,160,39,39,0,121,1.0,0.24375,0.24375
10,clab-nebula-serf101,60,161,39,39,0,122,1.0,0.2422360248447205,0.2422360248447205
10,clab-nebula-serf105,5,1,0,0,0,1,0,0.0,0.0
10,clab-nebula-serf105,10,3,0,0,0,3,0,0.0,0.0
10,clab-nebula-serf105,15,8,3,3,0,5,1.0,0.375,0.375
10,clab-nebula-serf105,20,25,11,10,1,15,0.9090909090909091,0.4,0.38461538461538464
10,clab-nebula-serf105,25,54,11,10,1,44,0.9090909090909091,0.18518518518518517,0.18181818181818182
10,clab-nebula-serf105,30,86,28,28,0,58,1.0,0.32558139534883723,0.32558139534883723
10,clab-nebula-serf105,35,123,29,29,0,94,1.0,0.23577235772357724,0.23577235772357724
10,clab-nebula-serf105,40,145,29,29,0,116,1.0,0.2,0.2
10,clab-nebula-serf105,45,153,29,29,0,124,1.0,0.1895424836601307,0.1895424836601307
10,clab-nebula-serf105,50,155,29,29,0,126,1.0,0.1870967741935484,0.1870967741935484
10,clab-nebula-serf105,55,160,29,29,0,131,1.0,0.18125,0.18125
10,clab-nebula-serf105,60,161,29,29,0,132,1.0,0.18012422360248448,0.18012422360248448
10,clab-nebula-serf65,5,0,0,0,0,0,0.0,0.0,0.0
10,clab-nebula-serf65,10,0,0,0,0,0,0.0,0.0,0.0
10,clab-nebula-serf65,15,0,0,0,0,0,0.0,0.0,0.0
10,clab-nebula-serf65,20,23,4,1,3,22,0.25,0.043478260869565216,0.038461538461538464
10,clab-nebula-serf65,25,62,7,7,0,55,1.0,0.11290322580645161,0.11290322580645161
10,clab-nebula-serf65,30,95,17,17,0,78,1.0,0.17894736842105263,0.17894736842105263
10,clab-nebula-serf65,35,115,29,28,1,87,0.9655172413793104,0.24347826086956523,0.2413793103448276
10,clab-nebula-serf65,40,122,29,29,0,93,1.0,0.23770491803278687,0.23770491803278687
10,clab-nebula-serf65,45,126,29,29,0,97,1.0,0.23015873015873015,0.23015873015873015
10,clab-nebula-serf65,50,152,29,29,0,123,1.0,0.19078947368421054,0.19078947368421054
10,clab-nebula-serf65,55,154,29,29,0,125,1.0,0.18831168831168832,0.18831168831168832
10,clab-nebula-serf65,60,155,29,29,0,126,1.0,0.1870967741935484,0.1870967741935484
10,clab-nebula-serf68,5,0,0,0,0,0,0.0,0.0,0.0
10,clab-nebula-serf68,10,5,2,1,1,4,0.5,0.2,0.16666666666666666
10,clab-nebula-serf68,15,27,6,6,0,21,1.0,0.2222222222222222,0.2222222222222222
10,clab-nebula-serf68,20,42,16,16,0,26,1.0,0.38095238095238093,0.38095238095238093
10,clab-nebula-serf68,25,79,16,16,0,63,1.0,0.20253164556962025,0.20253164556962025
10,clab-nebula-serf68,30,103,25,23,2,80,0.92,0.22330097087378642,0.21904761904761905
10,clab-nebula-serf68,35,116,29,28,1,88,0.9655172413793104,0.2413793103448276,0.23931623931623933
10,clab-nebula-serf68,40,122,29,29,0,93,1.0,0.23770491803278687,0.23770491803278687
10,clab-nebula-serf68,45,135,29,29,0,106,1.0,0.21481481481481482,0.21481481481481482
10,clab-nebula-serf68,50,154,29,29,0,125,1.0,0.18831168831168832,0.18831168831168832
10,clab-nebula-serf68,55,154,29,29,0,125,1.0,0.18831168831168832,0.18831168831168832
10,clab-nebula-serf68,60,158,29,29,0,129,1.0,0.18354430379746836,0.18354430379746836
10,clab-nebula-serf94,5,2,0,0,0,2,0,0.0,0.0
10,clab-nebula-serf94,10,17,6,5,1,12,0.8333333333333334,0.29411764705882354,0.2777777777777778
10,clab-nebula-serf94,15,36,7,7,0,29,1.0,0.19444444444444445,0.19444444444444445
10,clab-nebula-serf94,20,57,9,9,0,48,1.0,0.15789473684210525,0.15789473684210525
10,clab-nebula-serf94,25,81,10,10,0,71,1.0,0.12345679012345678,0.12345679012345678
10,clab-nebula-serf94,30,105,11,11,0,94,1.0,0.10476190476190476,0.10476190476190476
10,clab-nebula-serf94,35,119,11,11,0,108,1.0,0.09243697478991597,0.09243697478991597
10,clab-nebula-serf94,40,129,13,13,0,116,1.0,0.10077519379844961,0.10077519379844961
10,clab-nebula-serf94,45,145,14,14,0,131,1.0,0.09655172413793103,0.09655172413793103
10,clab-nebula-serf94,50,154,14,14,0,140,1.0,0.09090909090909091,0.09090909090909091
10,clab-nebula-serf94,55,157,14,14,0,143,1.0,0.08917197452229299,0.08917197452229299
10,clab-nebula-serf94,60,161,28,28,0,133,1.0,0.17391304347826086,0.17391304347826086
10,clab-nebula-serf103,5,7,6,6,0,1,1.0,0.8571428571428571,0.8571428571428571
10,clab-nebula-serf103,10,7,6,6,0,1,1.0,0.8571428571428571,0.8571428571428571
10,clab-nebula-serf103,15,8,7,7,0,1,1.0,0.875,0.875
10,clab-nebula-serf103,20,16,7,7,0,9,1.0,0.4375,0.4375
10,clab-nebula-serf103,25,27,8,8,0,19,1.0,0.2962962962962963,0.2962962962962963
10,clab-nebula-serf103,30,63,39,39,0,24,1.0,0.6190476190476191,0.6190476190476191
10,clab-nebula-serf103,35,102,39,39,0,63,1.0,0.38235294117647056,0.38235294117647056
10,clab-nebula-serf103,40,140,39,39,0,101,1.0,0.2785714285714286,0.2785714285714286
10,clab-nebula-serf103,45,150,39,39,0,111,1.0,0.26,0.26
10,clab-nebula-serf103,50,159,39,39,0,120,1.0,0.24528301886792453,0.24528301886792453
10,clab-nebula-serf103,55,161,39,39,0,122,1.0,0.2422360248447205,0.2422360248447205
10,clab-nebula-serf103,60,161,39,39,0,122,1.0,0.2422360248447205,0.2422360248447205
10,clab-nebula-serf117,5,0,0,0,0,0,0.0,0.0,0.0
10,clab-nebula-serf117,10,0,0,0,0,0,0.0,0.0,0.0
10,clab-nebula-serf117,15,0,0,0,0,0,0.0,0.0,0.0
10,clab-nebula-serf117,20,0,0,0,0,0,0.0,0.0,0.0
10,clab-nebula-serf117,25,1,0,0,0,1,0,0.0,0.0
10,clab-nebula-serf117,30,3,0,0,0,3,0,0.0,0.0
10,clab-nebula-serf117,35,3,0,0,0,3,0,0.0,0.0
10,clab-nebula-serf117,40,3,0,0,0,3,0,0.0,0.0
10,clab-nebula-serf117,45,10,0,0,0,10,0,0.0,0.0
10,clab-nebula-serf117,50,21,0,0,0,21,0,0.0,0.0
10,clab-nebula-serf117,55,45,0,0,0,45,0,0.0,0.0
10,clab-nebula-serf117,60,68,0,0,0,68,0,0.0,0.0
10,clab-nebula-serf127,5,0,0,0,0,0,0.0,0.0,0.0
10,clab-nebula-serf127,10,4,2,2,0,2,1.0,0.5,0.5
10,clab-nebula-serf127,15,13,2,2,0,11,1.0,0.15384615384615385,0.15384615384615385
10,clab-nebula-serf127,20,46,10,8,2,38,0.8,0.17391304347826086,0.16666666666666666
10,clab-nebula-serf127,25,60,24,24,0,36,1.0,0.4,0.4
10,clab-nebula-serf127,30,92,26,26,0,66,1.0,0.2826086956521739,0.2826086956521739
10,clab-nebula-serf127,35,122,31,30,1,92,0.967741935483871,0.2459016393442623,0.24390243902439024
10,clab-nebula-serf127,40,138,31,31,0,107,1.0,0.2246376811594203,0.2246376811594203
10,clab-nebula-serf127,45,146,31,31,0,115,1.0,0.21232876712328766,0.21232876712328766
10,clab-nebula-serf127,50,156,32,32,0,124,1.0,0.20512820512820512,0.20512820512820512
10,clab-nebula-serf127,55,161,66,66,0,95,1.0,0.40993788819875776,0.40993788819875776
10,clab-nebula-serf127,60,161,66,66,0,95,1.0,0.40993788819875776,0.40993788819875776
10,clab-nebula-serf129,5,0,0,0,0,0,0.0,0.0,0.0
10,clab-nebula-serf129,10,0,0,0,0,0,0.0,0.0,0.0
10,clab-nebula-serf129,15,2,0,0,0,2,0,0.0,0.0
10,clab-nebula-serf129,20,7,0,0,0,7,0,0.0,0.0
10,clab-nebula-serf129,25,17,11,9,2,8,0.8181818181818182,0.5294117647058824,0.47368421052631576
10,clab-nebula-serf129,30,42,11,10,1,32,0.9090909090909091,0.23809523809523808,0.23255813953488372
10,clab-nebula-serf129,35,71,28,28,0,43,1.0,0.39436619718309857,0.39436619718309857
10,clab-nebula-serf129,40,123,29,29,0,94,1.0,0.23577235772357724,0.23577235772357724
10,clab-nebula-serf129,45,142,29,29,0,113,1.0,0.20422535211267606,0.20422535211267606
10,clab-nebula-serf129,50,149,29,29,0,120,1.0,0.19463087248322147,0.19463087248322147
10,clab-nebula-serf129,55,155,29,29,0,126,1.0,0.1870967741935484,0.1870967741935484
10,clab-nebula-serf129,60,158,29,29,0,129,1.0,0.18354430379746836,0.18354430379746836
10,clab-nebula-serf155,5,0,0,0,0,0,0.0,0.0,0.0
10,clab-nebula-serf155,10,0,0,0,0,0,0.0,0.0,0.0
10,clab-nebula-serf155,15,1,0,0,0,1,0,0.0,0.0
10,clab-nebula-serf155,20,11,9,8,1,3,0.8888888888888888,0.7272727272727273,0.6666666666666666
10,clab-nebula-serf155,25,14,9,9,0,5,1.0,0.6428571428571429,0.6428571428571429
10,clab-nebula-serf155,30,24,9,9,0,15,1.0,0.375,0.375
10,clab-nebula-serf155,35,43,9,9,0,34,1.0,0.20930232558139536,0.20930232558139536
10,clab-nebula-serf155,40,56,9,9,0,47,1.0,0.16071428571428573,0.16071428571428573
10,clab-nebula-serf155,45,82,9,9,0,73,1.0,0.10975609756097561,0.10975609756097561
10,clab-nebula-serf155,50,117,9,9,0,108,1.0,0.07692307692307693,0.07692307692307693
10,clab-nebula-serf155,55,137,9,9,0,128,1.0,0.06569343065693431,0.06569343065693431
10,clab-nebula-serf155,60,150,10,10,0,140,1.0,0.06666666666666667,0.06666666666666667
10,clab-nebula-serf3,5,0,0,0,0,0,0.0,0.0,0.0
10,clab-nebula-serf3,10,2,0,0,0,2,0,0.0,0.0
10,clab-nebula-serf3,15,7,0,0,0,7,0,0.0,0.0
10,clab-nebula-serf3,20,13,0,0,0,13,0,0.0,0.0
10,clab-nebula-serf3,25,22,0,0,0,22,0,0.0,0.0
10,clab-nebula-serf3,30,50,32,30,2,20,0.9375,0.6,0.5769230769230769
10,clab-nebula-serf3,35,83,32,32,0,51,1.0,0.3855421686746988,0.3855421686746988
10,clab-nebula-serf3,40,96,32,32,0,64,1.0,0.3333333333333333,0.3333333333333333
10,clab-nebula-serf3,45,109,42,41,1,68,0.9761904761904762,0.3761467889908257,0.37272727272727274
10,clab-nebula-serf3,50,119,42,41,1,78,0.9761904761904762,0.3445378151260504,0.3416666666666667
10,clab-nebula-serf3,55,123,42,42,0,81,1.0,0.34146341463414637,0.34146341463414637
10,clab-nebula-serf3,60,141,64,64,0,77,1.0,0.45390070921985815,0.45390070921985815
10,clab-nebula-serf14,5,0,0,0,0,0,0.0,0.0,0.0
10,clab-nebula-serf14,10,4,0,0,0,4,0,0.0,0.0
10,clab-nebula-serf14,15,18,5,4,1,14,0.8,0.2222222222222222,0.21052631578947367
10,clab-nebula-serf14,20,35,25,23,2,12,0.92,0.6571428571428571,0.6216216216216216
10,clab-nebula-serf14,25,70,25,25,0,45,1.0,0.35714285714285715,0.35714285714285715
10,clab-nebula-serf14,30,88,27,27,0,61,1.0,0.3068181818181818,0.3068181818181818
10,clab-nebula-serf14,35,102,38,37,1,65,0.9736842105263158,0.3627450980392157,0.3592233009708738
10,clab-nebula-serf14,40,119,42,41,1,78,0.9761904761904762,0.3445378151260504,0.3416666666666667
10,clab-nebula-serf14,45,121,42,42,0,79,1.0,0.34710743801652894,0.34710743801652894
10,clab-nebula-serf14,50,126,42,42,0,84,1.0,0.3333333333333333,0.3333333333333333
10,clab-nebula-serf14,55,151,64,64,0,87,1.0,0.423841059602649,0.423841059602649
10,clab-nebula-serf14,60,155,64,64,0,91,1.0,0.4129032258064516,0.4129032258064516
10,clab-nebula-serf142,5,0,0,0,0,0,0.0,0.0,0.0
10,clab-nebula-serf142,10,0,0,0,0,0,0.0,0.0,0.0
10,clab-nebula-serf142,15,1,0,0,0,1,0,0.0,0.0
10,clab-nebula-serf142,20,1,0,0,0,1,0,0.0,0.0
10,clab-nebula-serf142,25,7,2,2,0,5,1.0,0.2857142857142857,0.2857142857142857
10,clab-nebula-serf142,30,14,10,9,1,5,0.9,0.6428571428571429,0.6
10,clab-nebula-serf142,35,30,19,18,1,12,0.9473684210526315,0.6,0.5806451612903226
10,clab-nebula-serf142,40,54,19,19,0,35,1.0,0.35185185185185186,0.35185185185185186
10,clab-nebula-serf142,45,59,19,19,0,40,1.0,0.3220338983050847,0.3220338983050847
10,clab-nebula-serf142,50,95,19,19,0,76,1.0,0.2,0.2
10,clab-nebula-serf142,55,126,21,21,0,105,1.0,0.16666666666666666,0.16666666666666666
10,clab-nebula-serf142,60,140,21,21,0,119,1.0,0.15,0.15
10,clab-nebula-serf96,5,4,0,0,0,4,0,0.0,0.0
10,clab-nebula-serf96,10,7,6,6,0,1,1.0,0.8571428571428571,0.8571428571428571
10,clab-nebula-serf96,15,7,6,6,0,1,1.0,0.8571428571428571,0.8571428571428571
10,clab-nebula-serf96,20,9,7,7,0,2,1.0,0.7777777777777778,0.7777777777777778
10,clab-nebula-serf96,25,20,8,8,0,12,1.0,0.4,0.4
10,clab-nebula-serf96,30,41,26,18,8,23,0.6923076923076923,0.43902439024390244,0.3673469387755102
10,clab-nebula-serf96,35,77,39,39,0,38,1.0,0.5064935064935064,0.5064935064935064
10,clab-nebula-serf96,40,121,39,39,0,82,1.0,0.32231404958677684,0.32231404958677684
10,clab-nebula-serf96,45,147,39,39,0,108,1.0,0.2653061224489796,0.2653061224489796
10,clab-nebula-serf96,50,153,39,39,0,114,1.0,0.2549019607843137,0.2549019607843137
10,clab-nebula-serf96,55,160,39,39,0,121,1.0,0.24375,0.24375
10,clab-nebula-serf96,60,161,39,39,0,122,1.0,0.2422360248447205,0.2422360248447205
10,clab-nebula-serf116,5,0,0,0,0,0,0.0,0.0,0.0
10,clab-nebula-serf116,10,0,0,0,0,0,0.0,0.0,0.0
10,clab-nebula-serf116,15,0,0,0,0,0,0.0,0.0,0.0
10,clab-nebula-serf116,20,0,0,0,0,0,0.0,0.0,0.0
10,clab-nebula-serf116,25,0,0,0,0,0,0.0,0.0,0.0
10,clab-nebula-serf116,30,0,0,0,0,0,0.0,0.0,0.0
10,clab-nebula-serf116,35,1,0,0,0,1,0,0.0,0.0
10,clab-nebula-serf116,40,1,0,0,0,1,0,0.0,0.0
10,clab-nebula-serf116,45,6,1,1,0,5,1.0,0.16666666666666666,0.16666666666666666
10,clab-nebula-serf116,50,14,1,1,0,13,1.0,0.07142857142857142,0.07142857142857142
10,clab-nebula-serf116,55,40,1,1,0,39,1.0,0.025,0.025
10,clab-nebula-serf116,60,88,2,2,0,86,1.0,0.022727272727272728,0.022727272727272728
10,clab-nebula-serf56,5,9,4,3,1,6,0.75,0.3333333333333333,0.3
10,clab-nebula-serf56,10,24,6,6,0,18,1.0,0.25,0.25
10,clab-nebula-serf56,15,64,23,22,1,42,0.9565217391304348,0.34375,0.3384615384615385
10,clab-nebula-serf56,20,83,33,32,1,51,0.9696969696969697,0.3855421686746988,0.38095238095238093
10,clab-nebula-serf56,25,97,35,34,1,63,0.9714285714285714,0.35051546391752575,0.3469387755102041
10,clab-nebula-serf56,30,118,37,36,1,82,0.972972972972973,0.3050847457627119,0.3025210084033613
10,clab-nebula-serf56,35,121,37,37,0,84,1.0,0.30578512396694213,0.30578512396694213
10,clab-nebula-serf56,40,125,37,37,0,88,1.0,0.296,0.296
10,clab-nebula-serf56,45,151,60,60,0,91,1.0,0.3973509933774834,0.3973509933774834
10,clab-nebula-serf56,50,154,60,60,0,94,1.0,0.38961038961038963,0.38961038961038963
10,clab-nebula-serf56,55,157,60,60,0,97,1.0,0.3821656050955414,0.3821656050955414
10,clab-nebula-serf56,60,158,61,61,0,97,1.0,0.3860759493670886,0.3860759493670886
10,clab-nebula-serf59,5,5,2,1,1,4,0.5,0.2,0.16666666666666666
10,clab-nebula-serf59,10,26,6,5,1,21,0.8333333333333334,0.19230769230769232,0.18518518518518517
10,clab-nebula-serf59,15,63,29,25,4,38,0.8620689655172413,0.3968253968253968,0.373134328358209
10,clab-nebula-serf59,20,83,29,28,1,55,0.9655172413793104,0.3373493975903614,0.3333333333333333
10,clab-nebula-serf59,25,99,33,32,1,67,0.9696969696969697,0.32323232323232326,0.32
10,clab-nebula-serf59,30,119,36,35,1,84,0.9722222222222222,0.29411764705882354,0.2916666666666667
10,clab-nebula-serf59,35,124,36,36,0,88,1.0,0.2903225806451613,0.2903225806451613
10,clab-nebula-serf59,40,128,57,57,0,71,1.0,0.4453125,0.4453125
10,clab-nebula-serf59,45,153,59,59,0,94,1.0,0.38562091503267976,0.38562091503267976
10,clab-nebula-serf59,50,154,59,59,0,95,1.0,0.38311688311688313,0.38311688311688313
10,clab-nebula-serf59,55,157,59,59,0,98,1.0,0.37579617834394907,0.37579617834394907
10,clab-nebula-serf59,60,161,61,61,0,100,1.0,0.37888198757763975,0.37888198757763975
10,clab-nebula-serf70,5,3,0,0,0,3,0,0.0,0.0
10,clab-nebula-serf70,10,19,1,1,0,18,1.0,0.05263157894736842,0.05263157894736842
10,clab-nebula-serf70,15,36,3,2,1,34,0.6666666666666666,0.05555555555555555,0.05405405405405406
10,clab-nebula-serf70,20,66,29,25,4,41,0.8620689655172413,0.3787878787878788,0.35714285714285715
10,clab-nebula-serf70,25,87,29,27,2,60,0.9310344827586207,0.3103448275862069,0.30337078651685395
10,clab-nebula-serf70,30,110,35,34,1,76,0.9714285714285714,0.3090909090909091,0.3063063063063063
10,clab-nebula-serf70,35,119,35,34,1,85,0.9714285714285714,0.2857142857142857,0.2833333333333333
10,clab-nebula-serf70,40,124,35,35,0,89,1.0,0.28225806451612906,0.28225806451612906
10,clab-nebula-serf70,45,147,35,35,0,112,1.0,0.23809523809523808,0.23809523809523808
10,clab-nebula-serf70,50,154,35,35,0,119,1.0,0.22727272727272727,0.22727272727272727
10,clab-nebula-serf70,55,158,35,35,0,123,1.0,0.22151898734177214,0.22151898734177214
10,clab-nebula-serf70,60,161,35,35,0,126,1.0,0.21739130434782608,0.21739130434782608
10,clab-nebula-serf81,5,1,0,0,0,1,0,0.0,0.0
10,clab-nebula-serf81,10,22,3,3,0,19,1.0,0.13636363636363635,0.13636363636363635
10,clab-nebula-serf81,15,39,16,16,0,23,1.0,0.41025641025641024,0.41025641025641024
10,clab-nebula-serf81,20,68,16,16,0,52,1.0,0.23529411764705882,0.23529411764705882
10,clab-nebula-serf81,25,90,16,16,0,74,1.0,0.17777777777777778,0.17777777777777778
10,clab-nebula-serf81,30,114,28,27,1,87,0.9642857142857143,0.23684210526315788,0.23478260869565218
10,clab-nebula-serf81,35,121,28,28,0,93,1.0,0.23140495867768596,0.23140495867768596
10,clab-nebula-serf81,40,130,29,29,0,101,1.0,0.2230769230769231,0.2230769230769231
10,clab-nebula-serf81,45,153,29,29,0,124,1.0,0.1895424836601307,0.1895424836601307
10,clab-nebula-serf81,50,154,29,29,0,125,1.0,0.18831168831168832,0.18831168831168832
10,clab-nebula-serf81,55,157,29,29,0,128,1.0,0.18471337579617833,0.18471337579617833
10,clab-nebula-serf81,60,161,29,29,0,132,1.0,0.18012422360248448,0.18012422360248448
10,clab-nebula-serf95,5,0,0,0,0,0,0.0,0.0,0.0
10,clab-nebula-serf95,10,10,5,3,2,7,0.6,0.3,0.25
10,clab-nebula-serf95,15,30,6,5,1,25,0.8333333333333334,0.16666666666666666,0.16129032258064516
10,clab-nebula-serf95,20,50,8,8,0,42,1.0,0.16,0.16
10,clab-nebula-serf95,25,80,10,10,0,70,1.0,0.125,0.125
10,clab-nebula-serf95,30,104,11,11,0,93,1.0,0.10576923076923077,0.10576923076923077
10,clab-nebula-serf95,35,119,11,11,0,108,1.0,0.09243697478991597,0.09243697478991597
10,clab-nebula-serf95,40,124,13,13,0,111,1.0,0.10483870967741936,0.10483870967741936
10,clab-nebula-serf95,45,142,14,14,0,128,1.0,0.09859154929577464,0.09859154929577464
10,clab-nebula-serf95,50,154,14,14,0,140,1.0,0.09090909090909091,0.09090909090909091
10,clab-nebula-serf95,55,154,14,14,0,140,1.0,0.09090909090909091,0.09090909090909091
10,clab-nebula-serf95,60,159,15,15,0,144,1.0,0.09433962264150944,0.09433962264150944
10,clab-nebula-serf114,5,1,0,0,0,1,0,0.0,0.0
10,clab-nebula-serf114,10,1,0,0,0,1,0,0.0,0.0
10,clab-nebula-serf114,15,2,1,1,0,1,1.0,0.5,0.5
10,clab-nebula-serf114,20,17,1,1,0,16,1.0,0.058823529411764705,0.058823529411764705
10,clab-nebula-serf114,25,25,1,1,0,24,1.0,0.04,0.04
10,clab-nebula-serf114,30,53,1,1,0,52,1.0,0.018867924528301886,0.018867924528301886
10,clab-nebula-serf114,35,92,1,1,0,91,1.0,0.010869565217391304,0.010869565217391304
10,clab-nebula-serf114,40,134,5,4,1,130,0.8,0.029850746268656716,0.02962962962962963
10,clab-nebula-serf114,45,152,6,5,1,147,0.8333333333333334,0.03289473684210526,0.032679738562091505
10,clab-nebula-serf114,50,158,20,20,0,138,1.0,0.12658227848101267,0.12658227848101267
10,clab-nebula-serf114,55,161,20,20,0,141,1.0,0.12422360248447205,0.12422360248447205
10,clab-nebula-serf114,60,161,20,20,0,141,1.0,0.12422360248447205,0.12422360248447205
10,clab-nebula-serf9,5,1,0,0,0,1,0,0.0,0.0
10,clab-nebula-serf9,10,8,2,2,0,6,1.0,0.25,0.25
10,clab-nebula-serf9,15,17,8,7,1,10,0.875,0.4117647058823529,0.3888888888888889
10,clab-nebula-serf9,20,36,28,26,2,10,0.9285714285714286,0.7222222222222222,0.6842105263157895
10,clab-nebula-serf9,25,71,28,28,0,43,1.0,0.39436619718309857,0.39436619718309857
10,clab-nebula-serf9,30,87,28,28,0,59,1.0,0.3218390804597701,0.3218390804597701
10,clab-nebula-serf9,35,101,42,41,1,60,0.9761904761904762,0.40594059405940597,0.4019607843137255
10,clab-nebula-serf9,40,116,42,41,1,75,0.9761904761904762,0.35344827586206895,0.3504273504273504
10,clab-nebula-serf9,45,120,42,41,1,79,0.9761904761904762,0.3416666666666667,0.33884297520661155
10,clab-nebula-serf9,50,125,42,42,0,83,1.0,0.336,0.336
10,clab-nebula-serf9,55,151,64,64,0,87,1.0,0.423841059602649,0.423841059602649
10,clab-nebula-serf9,60,154,64,64,0,90,1.0,0.4155844155844156,0.4155844155844156
10,clab-nebula-serf17,5,1,0,0,0,1,0,0.0,0.0
10,clab-nebula-serf17,10,12,4,4,0,8,1.0,0.3333333333333333,0.3333333333333333
10,clab-nebula-serf17,15,30,18,18,0,12,1.0,0.6,0.6
10,clab-nebula-serf17,20,66,25,25,0,41,1.0,0.3787878787878788,0.3787878787878788
10,clab-nebula-serf17,25,85,27,27,0,58,1.0,0.3176470588235294,0.3176470588235294
10,clab-nebula-serf17,30,96,37,36,1,60,0.972972972972973,0.375,0.3711340206185567
10,clab-nebula-serf17,35,116,38,37,1,79,0.9736842105263158,0.31896551724137934,0.3162393162393162
10,clab-nebula-serf17,40,121,39,39,0,82,1.0,0.32231404958677684,0.32231404958677684
10,clab-nebula-serf17,45,124,39,39,0,85,1.0,0.31451612903225806,0.31451612903225806
10,clab-nebula-serf17,50,150,61,61,0,89,1.0,0.4066666666666667,0.4066666666666667
10,clab-nebula-serf17,55,154,61,61,0,93,1.0,0.3961038961038961,0.3961038961038961
10,clab-nebula-serf17,60,157,61,61,0,96,1.0,0.3885350318471338,0.3885350318471338
10,clab-nebula-serf139,5,0,0,0,0,0,0.0,0.0,0.0
10,clab-nebula-serf139,10,0,0,0,0,0,0.0,0.0,0.0
10,clab-nebula-serf139,15,5,2,0,2,5,0.0,0.0,0.0
10,clab-nebula-serf139,20,14,12,12,0,2,1.0,0.8571428571428571,0.8571428571428571
10,clab-nebula-serf139,25,21,11,11,0,10,1.0,0.5238095238095238,0.5238095238095238
10,clab-nebula-serf139,30,31,20,16,4,15,0.8,0.5161290322580645,0.45714285714285713
10,clab-nebula-serf139,35,45,22,22,0,23,1.0,0.4888888888888889,0.4888888888888889
10,clab-nebula-serf139,40,65,40,39,1,26,0.975,0.6,0.5909090909090909
10,clab-nebula-serf139,45,95,30,29,1,66,0.9666666666666667,0.30526315789473685,0.3020833333333333
10,clab-nebula-serf139,50,121,31,31,0,90,1.0,0.256198347107438,0.256198347107438
10,clab-nebula-serf139,55,137,31,31,0,106,1.0,0.22627737226277372,0.22627737226277372
10,clab-nebula-serf139,60,149,64,64,0,85,1.0,0.42953020134228187,0.42953020134228187
10,clab-nebula-serf52,5,1,0,0,0,1,0,0.0,0.0
10,clab-nebula-serf52,10,12,4,4,0,8,1.0,0.3333333333333333,0.3333333333333333
10,clab-nebula-serf52,15,38,19,18,1,20,0.9473684210526315,0.47368421052631576,0.46153846153846156
10,clab-nebula-serf52,20,69,19,19,0,50,1.0,0.2753623188405797,0.2753623188405797
10,clab-nebula-serf52,25,88,33,32,1,56,0.9696969696969697,0.36363636363636365,0.3595505617977528
10,clab-nebula-serf52,30,106,36,35,1,71,0.9722222222222222,0.330188679245283,0.32710280373831774
10,clab-nebula-serf52,35,119,36,35,1,84,0.9722222222222222,0.29411764705882354,0.2916666666666667
10,clab-nebula-serf52,40,124,37,37,0,87,1.0,0.29838709677419356,0.29838709677419356
10,clab-nebula-serf52,45,134,57,57,0,77,1.0,0.4253731343283582,0.4253731343283582
10,clab-nebula-serf52,50,154,60,60,0,94,1.0,0.38961038961038963,0.38961038961038963
10,clab-nebula-serf52,55,154,60,60,0,94,1.0,0.38961038961038963,0.38961038961038963
10,clab-nebula-serf52,60,157,60,60,0,97,1.0,0.3821656050955414,0.3821656050955414
10,clab-nebula-serf71,5,0,0,0,0,0,0.0,0.0,0.0
10,clab-nebula-serf71,10,15,8,7,1,8,0.875,0.4666666666666667,0.4375
10,clab-nebula-serf71,15,33,16,16,0,17,1.0,0.48484848484848486,0.48484848484848486
10,clab-nebula-serf71,20,57,16,16,0,41,1.0,0.2807017543859649,0.2807017543859649
10,clab-nebula-serf71,25,83,16,16,0,67,1.0,0.1927710843373494,0.1927710843373494
10,clab-nebula-serf71,30,107,28,27,1,80,0.9642857142857143,0.2523364485981308,0.25
10,clab-nebula-serf71,35,119,28,27,1,92,0.9642857142857143,0.226890756302521,0.225
10,clab-nebula-serf71,40,124,28,28,0,96,1.0,0.22580645161290322,0.22580645161290322
10,clab-nebula-serf71,45,146,29,29,0,117,1.0,0.19863013698630136,0.19863013698630136
10,clab-nebula-serf71,50,154,29,29,0,125,1.0,0.18831168831168832,0.18831168831168832
10,clab-nebula-serf71,55,156,29,29,0,127,1.0,0.1858974358974359,0.1858974358974359
10,clab-nebula-serf71,60,161,29,29,0,132,1.0,0.18012422360248448,0.18012422360248448
10,clab-nebula-serf26,5,3,1,1,0,2,1.0,0.3333333333333333,0.3333333333333333
10,clab-nebula-serf26,10,19,11,9,2,10,0.8181818181818182,0.47368421052631576,0.42857142857142855
10,clab-nebula-serf26,15,31,11,11,0,20,1.0,0.3548387096774194,0.3548387096774194
10,clab-nebula-serf26,20,58,17,17,0,41,1.0,0.29310344827586204,0.29310344827586204
10,clab-nebula-serf26,25,87,28,28,0,59,1.0,0.3218390804597701,0.3218390804597701
10,clab-nebula-serf26,30,94,28,28,0,66,1.0,0.2978723404255319,0.2978723404255319
10,clab-nebula-serf26,35,108,53,52,1,56,0.9811320754716981,0.48148148148148145,0.47706422018348627
10,clab-nebula-serf26,40,121,53,53,0,68,1.0,0.4380165289256198,0.4380165289256198
10,clab-nebula-serf26,45,124,53,53,0,71,1.0,0.4274193548387097,0.4274193548387097
10,clab-nebula-serf26,50,137,57,57,0,80,1.0,0.41605839416058393,0.41605839416058393
10,clab-nebula-serf26,55,154,57,57,0,97,1.0,0.37012987012987014,0.37012987012987014
10,clab-nebula-serf26,60,155,57,57,0,98,1.0,0.36774193548387096,0.36774193548387096
10,clab-nebula-serf34,5,1,0,0,0,1,0,0.0,0.0
10,clab-nebula-serf34,10,9,8,3,5,6,0.375,0.3333333333333333,0.21428571428571427
10,clab-nebula-serf34,15,27,8,6,2,21,0.75,0.2222222222222222,0.20689655172413793
10,clab-nebula-serf34,20,67,8,8,0,59,1.0,0.11940298507462686,0.11940298507462686
10,clab-nebula-serf34,25,85,8,8,0,77,1.0,0.09411764705882353,0.09411764705882353
10,clab-nebula-serf34,30,95,33,32,1,63,0.9696969696969697,0.3368421052631579,0.3333333333333333
10,clab-nebula-serf34,35,112,33,32,1,80,0.9696969696969697,0.2857142857142857,0.2831858407079646
10,clab-nebula-serf34,40,121,53,53,0,68,1.0,0.4380165289256198,0.4380165289256198
10,clab-nebula-serf34,45,124,53,53,0,71,1.0,0.4274193548387097,0.4274193548387097
10,clab-nebula-serf34,50,149,57,57,0,92,1.0,0.3825503355704698,0.3825503355704698
10,clab-nebula-serf34,55,154,57,57,0,97,1.0,0.37012987012987014,0.37012987012987014
10,clab-nebula-serf34,60,156,57,57,0,99,1.0,0.36538461538461536,0.36538461538461536
10,clab-nebula-serf126,5,0,0,0,0,0,0.0,0.0,0.0
10,clab-nebula-serf126,10,3,2,2,0,1,1.0,0.6666666666666666,0.6666666666666666
10,clab-nebula-serf126,15,15,6,3,3,12,0.5,0.2,0.16666666666666666
10,clab-nebula-serf126,20,47,21,20,1,27,0.9523809523809523,0.425531914893617,0.4166666666666667
10,clab-nebula-serf126,25,59,24,24,0,35,1.0,0.4067796610169492,0.4067796610169492
10,clab-nebula-serf126,30,92,26,26,0,66,1.0,0.2826086956521739,0.2826086956521739
10,clab-nebula-serf126,35,121,31,30,1,91,0.967741935483871,0.24793388429752067,0.2459016393442623
10,clab-nebula-serf126,40,138,31,31,0,107,1.0,0.2246376811594203,0.2246376811594203
10,clab-nebula-serf126,45,146,31,31,0,115,1.0,0.21232876712328766,0.21232876712328766
10,clab-nebula-serf126,50,156,32,32,0,124,1.0,0.20512820512820512,0.20512820512820512
10,clab-nebula-serf126,55,161,66,66,0,95,1.0,0.40993788819875776,0.40993788819875776
10,clab-nebula-serf126,60,161,66,66,0,95,1.0,0.40993788819875776,0.40993788819875776
10,clab-nebula-serf36,5,0,0,0,0,0,0.0,0.0,0.0
10,clab-nebula-serf36,10,2,1,0,1,2,0.0,0.0,0.0
10,clab-nebula-serf36,15,17,8,5,3,12,0.625,0.29411764705882354,0.25
10,clab-nebula-serf36,20,53,8,7,1,46,0.875,0.1320754716981132,0.12962962962962962
10,clab-nebula-serf36,25,79,8,8,0,71,1.0,0.10126582278481013,0.10126582278481013
10,clab-nebula-serf36,30,92,29,28,1,64,0.9655172413793104,0.30434782608695654,0.3010752688172043
10,clab-nebula-serf36,35,108,33,32,1,76,0.9696969696969697,0.2962962962962963,0.29357798165137616
10,clab-nebula-serf36,40,121,55,55,0,66,1.0,0.45454545454545453,0.45454545454545453
10,clab-nebula-serf36,45,124,55,55,0,69,1.0,0.4435483870967742,0.4435483870967742
10,clab-nebula-serf36,50,137,55,55,0,82,1.0,0.40145985401459855,0.40145985401459855
10,clab-nebula-serf36,55,154,57,57,0,97,1.0,0.37012987012987014,0.37012987012987014
10,clab-nebula-serf36,60,154,57,57,0,97,1.0,0.37012987012987014,0.37012987012987014
10,clab-nebula-serf82,5,0,0,0,0,0,0.0,0.0,0.0
10,clab-nebula-serf82,10,0,0,0,0,0,0.0,0.0,0.0
10,clab-nebula-serf82,15,0,0,0,0,0,0.0,0.0,0.0
10,clab-nebula-serf82,20,0,0,0,0,0,0.0,0.0,0.0
10,clab-nebula-serf82,25,0,0,0,0,0,0.0,0.0,0.0
10,clab-nebula-serf82,30,0,0,0,0,0,0.0,0.0,0.0
10,clab-nebula-serf82,35,16,6,4,2,12,0.6666666666666666,0.25,0.2222222222222222
10,clab-nebula-serf82,40,61,10,7,3,54,0.7,0.11475409836065574,0.109375
10,clab-nebula-serf82,45,94,29,27,2,67,0.9310344827586207,0.2872340425531915,0.28125
10,clab-nebula-serf82,50,111,29,29,0,82,1.0,0.26126126126126126,0.26126126126126126
10,clab-nebula-serf82,55,121,33,33,0,88,1.0,0.2727272727272727,0.2727272727272727
10,clab-nebula-serf82,60,148,36,36,0,112,1.0,0.24324324324324326,0.24324324324324326
10,clab-nebula-serf85,5,0,0,0,0,0,0.0,0.0,0.0
10,clab-nebula-serf85,10,4,1,1,0,3,1.0,0.25,0.25
10,clab-nebula-serf85,15,19,7,7,0,12,1.0,0.3684210526315789,0.3684210526315789
10,clab-nebula-serf85,20,35,7,7,0,28,1.0,0.2,0.2
10,clab-nebula-serf85,25,57,9,9,0,48,1.0,0.15789473684210525,0.15789473684210525
10,clab-nebula-serf85,30,82,10,10,0,72,1.0,0.12195121951219512,0.12195121951219512
10,clab-nebula-serf85,35,111,11,11,0,100,1.0,0.0990990990990991,0.0990990990990991
10,clab-nebula-serf85,40,119,11,11,0,108,1.0,0.09243697478991597,0.09243697478991597
10,clab-nebula-serf85,45,134,13,13,0,121,1.0,0.09701492537313433,0.09701492537313433
10,clab-nebula-serf85,50,149,14,14,0,135,1.0,0.09395973154362416,0.09395973154362416
10,clab-nebula-serf85,55,154,14,14,0,140,1.0,0.09090909090909091,0.09090909090909091
10,clab-nebula-serf85,60,157,14,14,0,143,1.0,0.08917197452229299,0.08917197452229299
10,clab-nebula-serf97,5,5,0,0,0,5,0,0.0,0.0
10,clab-nebula-serf97,10,7,0,0,0,7,0,0.0,0.0
10,clab-nebula-serf97,15,7,0,0,0,7,0,0.0,0.0
10,clab-nebula-serf97,20,9,7,7,0,2,1.0,0.7777777777777778,0.7777777777777778
10,clab-nebula-serf97,25,17,7,7,0,10,1.0,0.4117647058823529,0.4117647058823529
10,clab-nebula-serf97,30,41,26,18,8,23,0.6923076923076923,0.43902439024390244,0.3673469387755102
10,clab-nebula-serf97,35,80,39,39,0,41,1.0,0.4875,0.4875
10,clab-nebula-serf97,40,126,39,39,0,87,1.0,0.30952380952380953,0.30952380952380953
10,clab-nebula-serf97,45,149,39,39,0,110,1.0,0.26174496644295303,0.26174496644295303
10,clab-nebula-serf97,50,159,39,39,0,120,1.0,0.24528301886792453,0.24528301886792453
10,clab-nebula-serf97,55,161,39,39,0,122,1.0,0.2422360248447205,0.2422360248447205
10,clab-nebula-serf97,60,161,39,39,0,122,1.0,0.2422360248447205,0.2422360248447205
10,clab-nebula-serf99,5,6,5,5,0,1,1.0,0.8333333333333334,0.8333333333333334
10,clab-nebula-serf99,10,7,6,6,0,1,1.0,0.8571428571428571,0.8571428571428571
10,clab-nebula-serf99,15,7,6,6,0,1,1.0,0.8571428571428571,0.8571428571428571
10,clab-nebula-serf99,20,11,7,7,0,4,1.0,0.6363636363636364,0.6363636363636364
10,clab-nebula-serf99,25,24,7,7,0,17,1.0,0.2916666666666667,0.2916666666666667
10,clab-nebula-serf99,30,52,26,23,3,29,0.8846153846153846,0.4423076923076923,0.41818181818181815
10,clab-nebula-serf99,35,82,39,39,0,43,1.0,0.47560975609756095,0.47560975609756095
10,clab-nebula-serf99,40,137,39,39,0,98,1.0,0.2846715328467153,0.2846715328467153
10,clab-nebula-serf99,45,148,39,39,0,109,1.0,0.2635135135135135,0.2635135135135135
10,clab-nebula-serf99,50,159,39,39,0,120,1.0,0.24528301886792453,0.24528301886792453
10,clab-nebula-serf99,55,160,39,39,0,121,1.0,0.24375,0.24375
10,clab-nebula-serf99,60,161,39,39,0,122,1.0,0.2422360248447205,0.2422360248447205
10,clab-nebula-serf124,5,0,0,0,0,0,0.0,0.0,0.0
10,clab-nebula-serf124,10,3,0,0,0,3,0,0.0,0.0
10,clab-nebula-serf124,15,8,2,2,0,6,1.0,0.25,0.25
10,clab-nebula-serf124,20,15,2,2,0,13,1.0,0.13333333333333333,0.13333333333333333
10,clab-nebula-serf124,25,29,2,2,0,27,1.0,0.06896551724137931,0.06896551724137931
10,clab-nebula-serf124,30,81,3,3,0,78,1.0,0.037037037037037035,0.037037037037037035
10,clab-nebula-serf124,35,114,11,10,1,104,0.9090909090909091,0.08771929824561403,0.08695652173913043
10,clab-nebula-serf124,40,133,10,10,0,123,1.0,0.07518796992481203,0.07518796992481203
10,clab-nebula-serf124,45,145,10,10,0,135,1.0,0.06896551724137931,0.06896551724137931
10,clab-nebula-serf124,50,156,29,29,0,127,1.0,0.1858974358974359,0.1858974358974359
10,clab-nebula-serf124,55,161,30,30,0,131,1.0,0.18633540372670807,0.18633540372670807
10,clab-nebula-serf124,60,161,30,30,0,131,1.0,0.18633540372670807,0.18633540372670807
10,clab-nebula-serf157,5,4,1,1,0,3,1.0,0.25,0.25
10,clab-nebula-serf157,10,4,1,1,0,3,1.0,0.25,0.25
10,clab-nebula-serf157,15,5,1,1,0,4,1.0,0.2,0.2
10,clab-nebula-serf157,20,9,5,5,0,4,1.0,0.5555555555555556,0.5555555555555556
10,clab-nebula-serf157,25,16,5,5,0,11,1.0,0.3125,0.3125
10,clab-nebula-serf157,30,35,5,5,0,30,1.0,0.14285714285714285,0.14285714285714285
10,clab-nebula-serf157,35,40,23,23,0,17,1.0,0.575,0.575
10,clab-nebula-serf157,40,54,26,25,1,29,0.9615384615384616,0.46296296296296297,0.45454545454545453
10,clab-nebula-serf157,45,70,35,34,1,36,0.9714285714285714,0.4857142857142857,0.4788732394366197
10,clab-nebula-serf157,50,109,47,46,1,63,0.9787234042553191,0.42201834862385323,0.41818181818181815
10,clab-nebula-serf157,55,136,54,54,0,82,1.0,0.39705882352941174,0.39705882352941174
10,clab-nebula-serf157,60,148,54,54,0,94,1.0,0.36486486486486486,0.36486486486486486
10,clab-nebula-serf159,5,4,0,0,0,4,0,0.0,0.0
10,clab-nebula-serf159,10,4,0,0,0,4,0,0.0,0.0
10,clab-nebula-serf159,15,5,2,2,0,3,1.0,0.4,0.4
10,clab-nebula-serf159,20,9,5,5,0,4,1.0,0.5555555555555556,0.5555555555555556
10,clab-nebula-serf159,25,16,5,5,0,11,1.0,0.3125,0.3125
10,clab-nebula-serf159,30,35,5,5,0,30,1.0,0.14285714285714285,0.14285714285714285
10,clab-nebula-serf159,35,40,23,23,0,17,1.0,0.575,0.575
10,clab-nebula-serf159,40,54,26,25,1,29,0.9615384615384616,0.46296296296296297,0.45454545454545453
10,clab-nebula-serf159,45,70,35,34,1,36,0.9714285714285714,0.4857142857142857,0.4788732394366197
10,clab-nebula-serf159,50,108,47,46,1,62,0.9787234042553191,0.42592592592592593,0.42201834862385323
10,clab-nebula-serf159,55,136,54,54,0,82,1.0,0.39705882352941174,0.39705882352941174
10,clab-nebula-serf159,60,148,54,54,0,94,1.0,0.36486486486486486,0.36486486486486486
10,clab-nebula-serf1,5,0,0,0,0,0,0.0,0.0,0.0
10,clab-nebula-serf1,10,6,2,2,0,4,1.0,0.3333333333333333,0.3333333333333333
10,clab-nebula-serf1,15,12,8,8,0,4,1.0,0.6666666666666666,0.6666666666666666
10,clab-nebula-serf1,20,19,13,13,0,6,1.0,0.6842105263157895,0.6842105263157895
10,clab-nebula-serf1,25,37,25,25,0,12,1.0,0.6756756756756757,0.6756756756756757
10,clab-nebula-serf1,30,74,32,31,1,43,0.96875,0.4189189189189189,0.41333333333333333
10,clab-nebula-serf1,35,91,32,32,0,59,1.0,0.3516483516483517,0.3516483516483517
10,clab-nebula-serf1,40,107,42,41,1,66,0.9761904761904762,0.38317757009345793,0.37962962962962965
10,clab-nebula-serf1,45,117,42,41,1,76,0.9761904761904762,0.3504273504273504,0.3474576271186441
10,clab-nebula-serf1,50,121,42,41,1,80,0.9761904761904762,0.33884297520661155,0.3360655737704918
10,clab-nebula-serf1,55,133,42,42,0,91,1.0,0.3157894736842105,0.3157894736842105
10,clab-nebula-serf1,60,153,42,42,0,111,1.0,0.27450980392156865,0.27450980392156865
10,clab-nebula-serf33,5,3,2,0,2,3,0.0,0.0,0.0
10,clab-nebula-serf33,10,20,8,6,2,14,0.75,0.3,0.2727272727272727
10,clab-nebula-serf33,15,53,8,8,0,45,1.0,0.1509433962264151,0.1509433962264151
10,clab-nebula-serf33,20,78,8,8,0,70,1.0,0.10256410256410256,0.10256410256410256
10,clab-nebula-serf33,25,90,8,8,0,82,1.0,0.08888888888888889,0.08888888888888889
10,clab-nebula-serf33,30,105,35,34,1,71,0.9714285714285714,0.3238095238095238,0.32075471698113206
10,clab-nebula-serf33,35,119,55,54,1,65,0.9818181818181818,0.453781512605042,0.45
10,clab-nebula-serf33,40,124,55,55,0,69,1.0,0.4435483870967742,0.4435483870967742
10,clab-nebula-serf33,45,128,55,55,0,73,1.0,0.4296875,0.4296875
10,clab-nebula-serf33,50,154,57,57,0,97,1.0,0.37012987012987014,0.37012987012987014
10,clab-nebula-serf33,55,154,57,57,0,97,1.0,0.37012987012987014,0.37012987012987014
10,clab-nebula-serf33,60,157,57,57,0,100,1.0,0.3630573248407643,0.3630573248407643
10,clab-nebula-serf123,5,0,0,0,0,0,0.0,0.0,0.0
10,clab-nebula-serf123,10,2,0,0,0,2,0,0.0,0.0
10,clab-nebula-serf123,15,11,3,3,0,8,1.0,0.2727272727272727,0.2727272727272727
10,clab-nebula-serf123,20,16,6,5,1,11,0.8333333333333334,0.3125,0.29411764705882354
10,clab-nebula-serf123,25,42,11,11,0,31,1.0,0.2619047619047619,0.2619047619047619
10,clab-nebula-serf123,30,89,28,28,0,61,1.0,0.3146067415730337,0.3146067415730337
10,clab-nebula-serf123,35,128,29,29,0,99,1.0,0.2265625,0.2265625
10,clab-nebula-serf123,40,143,29,29,0,114,1.0,0.20279720279720279,0.20279720279720279
10,clab-nebula-serf123,45,152,29,29,0,123,1.0,0.19078947368421054,0.19078947368421054
10,clab-nebula-serf123,50,158,29,29,0,129,1.0,0.18354430379746836,0.18354430379746836
10,clab-nebula-serf123,55,161,29,29,0,132,1.0,0.18012422360248448,0.18012422360248448
10,clab-nebula-serf123,60,161,29,29,0,132,1.0,0.18012422360248448,0.18012422360248448
10,clab-nebula-serf135,5,0,0,0,0,0,0.0,0.0,0.0
10,clab-nebula-serf135,10,0,0,0,0,0,0.0,0.0,0.0
10,clab-nebula-serf135,15,1,0,0,0,1,0,0.0,0.0
10,clab-nebula-serf135,20,14,12,12,0,2,1.0,0.8571428571428571,0.8571428571428571
10,clab-nebula-serf135,25,15,13,13,0,2,1.0,0.8666666666666667,0.8666666666666667
10,clab-nebula-serf135,30,25,19,15,4,10,0.7894736842105263,0.6,0.5172413793103449
10,clab-nebula-serf135,35,42,20,20,0,22,1.0,0.47619047619047616,0.47619047619047616
10,clab-nebula-serf135,40,54,24,24,0,30,1.0,0.4444444444444444,0.4444444444444444
10,clab-nebula-serf135,45,91,26,26,0,65,1.0,0.2857142857142857,0.2857142857142857
10,clab-nebula-serf135,50,112,31,30,1,82,0.967741935483871,0.26785714285714285,0.26548672566371684
10,clab-nebula-serf135,55,137,31,31,0,106,1.0,0.22627737226277372,0.22627737226277372
10,clab-nebula-serf135,60,146,31,31,0,115,1.0,0.21232876712328766,0.21232876712328766
10,clab-nebula-serf13,5,0,0,0,0,0,0.0,0.0,0.0
10,clab-nebula-serf13,10,7,4,4,0,3,1.0,0.5714285714285714,0.5714285714285714
10,clab-nebula-serf13,15,24,10,10,0,14,1.0,0.4166666666666667,0.4166666666666667
10,clab-nebula-serf13,20,50,25,24,1,26,0.96,0.48,0.47058823529411764
10,clab-nebula-serf13,25,76,27,27,0,49,1.0,0.35526315789473684,0.35526315789473684
10,clab-nebula-serf13,30,92,37,36,1,56,0.972972972972973,0.391304347826087,0.3870967741935484
10,clab-nebula-serf13,35,110,38,37,1,73,0.9736842105263158,0.33636363636363636,0.3333333333333333
10,clab-nebula-serf13,40,120,39,38,1,82,0.9743589743589743,0.31666666666666665,0.3140495867768595
10,clab-nebula-serf13,45,124,39,39,0,85,1.0,0.31451612903225806,0.31451612903225806
10,clab-nebula-serf13,50,144,61,61,0,83,1.0,0.4236111111111111,0.4236111111111111
10,clab-nebula-serf13,55,154,61,61,0,93,1.0,0.3961038961038961,0.3961038961038961
10,clab-nebula-serf13,60,157,61,61,0,96,1.0,0.3885350318471338,0.3885350318471338
10,clab-nebula-serf47,5,4,0,0,0,4,0,0.0,0.0
10,clab-nebula-serf47,10,12,9,7,2,5,0.7777777777777778,0.5833333333333334,0.5
10,clab-nebula-serf47,15,25,10,9,1,16,0.9,0.36,0.34615384615384615
10,clab-nebula-serf47,20,51,11,10,1,41,0.9090909090909091,0.19607843137254902,0.19230769230769232
10,clab-nebula-serf47,25,82,18,18,0,64,1.0,0.21951219512195122,0.21951219512195122
10,clab-nebula-serf47,30,100,53,52,1,48,0.9811320754716981,0.52,0.5148514851485149
10,clab-nebula-serf47,35,120,53,52,1,68,0.9811320754716981,0.43333333333333335,0.4297520661157025
10,clab-nebula-serf47,40,124,53,53,0,71,1.0,0.4274193548387097,0.4274193548387097
10,clab-nebula-serf47,45,126,53,53,0,73,1.0,0.42063492063492064,0.42063492063492064
10,clab-nebula-serf47,50,154,57,57,0,97,1.0,0.37012987012987014,0.37012987012987014
10,clab-nebula-serf47,55,154,57,57,0,97,1.0,0.37012987012987014,0.37012987012987014
10,clab-nebula-serf47,60,156,57,57,0,99,1.0,0.36538461538461536,0.36538461538461536
10,clab-nebula-serf84,5,0,0,0,0,0,0.0,0.0,0.0
10,clab-nebula-serf84,10,0,0,0,0,0,0.0,0.0,0.0
10,clab-nebula-serf84,15,4,0,0,0,4,0,0.0,0.0
10,clab-nebula-serf84,20,18,7,7,0,11,1.0,0.3888888888888889,0.3888888888888889
10,clab-nebula-serf84,25,35,7,7,0,28,1.0,0.2,0.2
10,clab-nebula-serf84,30,57,9,9,0,48,1.0,0.15789473684210525,0.15789473684210525
10,clab-nebula-serf84,35,81,10,10,0,71,1.0,0.12345679012345678,0.12345679012345678
10,clab-nebula-serf84,40,110,11,11,0,99,1.0,0.1,0.1
10,clab-nebula-serf84,45,119,11,11,0,108,1.0,0.09243697478991597,0.09243697478991597
10,clab-nebula-serf84,50,128,13,13,0,115,1.0,0.1015625,0.1015625
10,clab-nebula-serf84,55,142,14,14,0,128,1.0,0.09859154929577464,0.09859154929577464
10,clab-nebula-serf84,60,154,14,14,0,140,1.0,0.09090909090909091,0.09090909090909091
10,clab-nebula-serf92,5,0,0,0,0,0,0.0,0.0,0.0
10,clab-nebula-serf92,10,9,0,0,0,9,0,0.0,0.0
10,clab-nebula-serf92,15,30,11,11,0,19,1.0,0.36666666666666664,0.36666666666666664
10,clab-nebula-serf92,20,47,16,16,0,31,1.0,0.3404255319148936,0.3404255319148936
10,clab-nebula-serf92,25,77,16,16,0,61,1.0,0.2077922077922078,0.2077922077922078
10,clab-nebula-serf92,30,103,28,25,3,78,0.8928571428571429,0.24271844660194175,0.2358490566037736
10,clab-nebula-serf92,35,118,28,27,1,91,0.9642857142857143,0.2288135593220339,0.226890756302521
10,clab-nebula-serf92,40,123,28,28,0,95,1.0,0.22764227642276422,0.22764227642276422
10,clab-nebula-serf92,45,137,29,29,0,108,1.0,0.2116788321167883,0.2116788321167883
10,clab-nebula-serf92,50,154,29,29,0,125,1.0,0.18831168831168832,0.18831168831168832
10,clab-nebula-serf92,55,154,29,29,0,125,1.0,0.18831168831168832,0.18831168831168832
10,clab-nebula-serf92,60,158,29,29,0,129,1.0,0.18354430379746836,0.18354430379746836
10,clab-nebula-serf106,5,0,0,0,0,0,0.0,0.0,0.0
10,clab-nebula-serf106,10,2,0,0,0,2,0,0.0,0.0
10,clab-nebula-serf106,15,4,3,2,1,2,0.6666666666666666,0.5,0.4
10,clab-nebula-serf106,20,8,7,6,1,2,0.8571428571428571,0.75,0.6666666666666666
10,clab-nebula-serf106,25,27,11,10,1,17,0.9090909090909091,0.37037037037037035,0.35714285714285715
10,clab-nebula-serf106,30,55,11,10,1,45,0.9090909090909091,0.18181818181818182,0.17857142857142858
10,clab-nebula-serf106,35,86,28,28,0,58,1.0,0.32558139534883723,0.32558139534883723
10,clab-nebula-serf106,40,130,29,29,0,101,1.0,0.2230769230769231,0.2230769230769231
10,clab-nebula-serf106,45,145,29,29,0,116,1.0,0.2,0.2
10,clab-nebula-serf106,50,153,29,29,0,124,1.0,0.1895424836601307,0.1895424836601307
10,clab-nebula-serf106,55,155,29,29,0,126,1.0,0.1870967741935484,0.1870967741935484
10,clab-nebula-serf106,60,161,29,29,0,132,1.0,0.18012422360248448,0.18012422360248448
10,clab-nebula-serf108,5,0,0,0,0,0,0.0,0.0,0.0
10,clab-nebula-serf108,10,2,0,0,0,2,0,0.0,0.0
10,clab-nebula-serf108,15,7,2,2,0,5,1.0,0.2857142857142857,0.2857142857142857
10,clab-nebula-serf108,20,16,10,10,0,6,1.0,0.625,0.625
10,clab-nebula-serf108,25,46,11,10,1,36,0.9090909090909091,0.21739130434782608,0.2127659574468085
10,clab-nebula-serf108,30,73,28,28,0,45,1.0,0.3835616438356164,0.3835616438356164
10,clab-nebula-serf108,35,122,29,29,0,93,1.0,0.23770491803278687,0.23770491803278687
10,clab-nebula-serf108,40,144,29,29,0,115,1.0,0.2013888888888889,0.2013888888888889
10,clab-nebula-serf108,45,149,29,29,0,120,1.0,0.19463087248322147,0.19463087248322147
10,clab-nebula-serf108,50,155,29,29,0,126,1.0,0.1870967741935484,0.1870967741935484
10,clab-nebula-serf108,55,158,29,29,0,129,1.0,0.18354430379746836,0.18354430379746836
10,clab-nebula-serf108,60,161,29,29,0,132,1.0,0.18012422360248448,0.18012422360248448
10,clab-nebula-serf119,5,2,0,0,0,2,0,0.0,0.0
10,clab-nebula-serf119,10,2,0,0,0,2,0,0.0,0.0
10,clab-nebula-serf119,15,2,0,0,0,2,0,0.0,0.0
10,clab-nebula-serf119,20,2,0,0,0,2,0,0.0,0.0
10,clab-nebula-serf119,25,3,2,2,0,1,1.0,0.6666666666666666,0.6666666666666666
10,clab-nebula-serf119,30,3,2,2,0,1,1.0,0.6666666666666666,0.6666666666666666
10,clab-nebula-serf119,35,3,2,2,0,1,1.0,0.6666666666666666,0.6666666666666666
10,clab-nebula-serf119,40,4,2,2,0,2,1.0,0.5,0.5
10,clab-nebula-serf119,45,5,2,2,0,3,1.0,0.4,0.4
10,clab-nebula-serf119,50,17,3,3,0,14,1.0,0.17647058823529413,0.17647058823529413
10,clab-nebula-serf119,55,27,2,2,0,25,1.0,0.07407407407407407,0.07407407407407407
10,clab-nebula-serf119,60,53,2,2,0,51,1.0,0.03773584905660377,0.03773584905660377
10,clab-nebula-serf125,5,0,0,0,0,0,0.0,0.0,0.0
10,clab-nebula-serf125,10,3,2,2,0,1,1.0,0.6666666666666666,0.6666666666666666
10,clab-nebula-serf125,15,12,3,2,1,10,0.6666666666666666,0.16666666666666666,0.15384615384615385
10,clab-nebula-serf125,20,45,21,19,2,26,0.9047619047619048,0.4222222222222222,0.40425531914893614
10,clab-nebula-serf125,25,58,24,24,0,34,1.0,0.41379310344827586,0.41379310344827586
10,clab-nebula-serf125,30,84,24,24,0,60,1.0,0.2857142857142857,0.2857142857142857
10,clab-nebula-serf125,35,112,31,30,1,82,0.967741935483871,0.26785714285714285,0.26548672566371684
10,clab-nebula-serf125,40,137,31,31,0,106,1.0,0.22627737226277372,0.22627737226277372
10,clab-nebula-serf125,45,146,31,31,0,115,1.0,0.21232876712328766,0.21232876712328766
10,clab-nebula-serf125,50,155,32,32,0,123,1.0,0.2064516129032258,0.2064516129032258
10,clab-nebula-serf125,55,161,66,66,0,95,1.0,0.40993788819875776,0.40993788819875776
10,clab-nebula-serf125,60,161,66,66,0,95,1.0,0.40993788819875776,0.40993788819875776
10,clab-nebula-serf54,5,1,0,0,0,1,0,0.0,0.0
10,clab-nebula-serf54,10,11,6,6,0,5,1.0,0.5454545454545454,0.5454545454545454
10,clab-nebula-serf54,15,35,19,18,1,17,0.9473684210526315,0.5142857142857142,0.5
10,clab-nebula-serf54,20,66,19,19,0,47,1.0,0.2878787878787879,0.2878787878787879
10,clab-nebula-serf54,25,83,35,34,1,49,0.9714285714285714,0.40963855421686746,0.40476190476190477
10,clab-nebula-serf54,30,99,35,34,1,65,0.9714285714285714,0.3434343434343434,0.34
10,clab-nebula-serf54,35,119,37,36,1,83,0.972972972972973,0.3025210084033613,0.3
10,clab-nebula-serf54,40,122,37,37,0,85,1.0,0.30327868852459017,0.30327868852459017
10,clab-nebula-serf54,45,126,37,37,0,89,1.0,0.29365079365079366,0.29365079365079366
10,clab-nebula-serf54,50,153,60,60,0,93,1.0,0.39215686274509803,0.39215686274509803
10,clab-nebula-serf54,55,154,60,60,0,94,1.0,0.38961038961038963,0.38961038961038963
10,clab-nebula-serf54,60,157,60,60,0,97,1.0,0.3821656050955414,0.3821656050955414
10,clab-nebula-serf57,5,4,1,0,1,4,0.0,0.0,0.0
10,clab-nebula-serf57,10,13,5,3,2,10,0.6,0.23076923076923078,0.2
10,clab-nebula-serf57,15,57,19,17,2,40,0.8947368421052632,0.2982456140350877,0.288135593220339
10,clab-nebula-serf57,20,76,19,19,0,57,1.0,0.25,0.25
10,clab-nebula-serf57,25,90,29,28,1,62,0.9655172413793104,0.3111111111111111,0.3076923076923077
10,clab-nebula-serf57,30,113,35,34,1,79,0.9714285714285714,0.3008849557522124,0.2982456140350877
10,clab-nebula-serf57,35,121,35,35,0,86,1.0,0.2892561983471074,0.2892561983471074
10,clab-nebula-serf57,40,124,36,36,0,88,1.0,0.2903225806451613,0.2903225806451613
10,clab-nebula-serf57,45,144,59,59,0,85,1.0,0.4097222222222222,0.4097222222222222
10,clab-nebula-serf57,50,154,59,59,0,95,1.0,0.38311688311688313,0.38311688311688313
10,clab-nebula-serf57,55,155,59,59,0,96,1.0,0.38064516129032255,0.38064516129032255
10,clab-nebula-serf57,60,158,59,59,0,99,1.0,0.37341772151898733,0.37341772151898733
10,clab-nebula-serf24,5,0,0,0,0,0,0.0,0.0,0.0
10,clab-nebula-serf24,10,2,0,0,0,2,0,0.0,0.0
10,clab-nebula-serf24,15,5,1,0,1,5,0.0,0.0,0.0
10,clab-nebula-serf24,20,17,11,9,2,8,0.8181818181818182,0.5294117647058824,0.47368421052631576
10,clab-nebula-serf24,25,29,11,11,0,18,1.0,0.3793103448275862,0.3793103448275862
10,clab-nebula-serf24,30,48,17,17,0,31,1.0,0.3541666666666667,0.3541666666666667
10,clab-nebula-serf24,35,83,28,27,1,56,0.9642857142857143,0.3253012048192771,0.32142857142857145
10,clab-nebula-serf24,40,93,28,28,0,65,1.0,0.3010752688172043,0.3010752688172043
10,clab-nebula-serf24,45,103,53,52,1,51,0.9811320754716981,0.5048543689320388,0.5
10,clab-nebula-serf24,50,120,53,52,1,68,0.9811320754716981,0.43333333333333335,0.4297520661157025
10,clab-nebula-serf24,55,124,53,53,0,71,1.0,0.4274193548387097,0.4274193548387097
10,clab-nebula-serf24,60,129,53,53,0,76,1.0,0.4108527131782946,0.4108527131782946
10,clab-nebula-serf42,5,0,0,0,0,0,0.0,0.0,0.0
10,clab-nebula-serf42,10,0,0,0,0,0,0.0,0.0,0.0
10,clab-nebula-serf42,15,2,1,0,1,2,0.0,0.0,0.0
10,clab-nebula-serf42,20,15,8,4,4,11,0.5,0.26666666666666666,0.21052631578947367
10,clab-nebula-serf42,25,38,8,7,1,31,0.875,0.18421052631578946,0.1794871794871795
10,clab-nebula-serf42,30,71,8,8,0,63,1.0,0.11267605633802817,0.11267605633802817
10,clab-nebula-serf42,35,88,8,8,0,80,1.0,0.09090909090909091,0.09090909090909091
10,clab-nebula-serf42,40,101,34,33,1,68,0.9705882352941176,0.32673267326732675,0.3235294117647059
10,clab-nebula-serf42,45,117,55,54,1,63,0.9818181818181818,0.46153846153846156,0.4576271186440678
10,clab-nebula-serf42,50,123,53,53,0,70,1.0,0.43089430894308944,0.43089430894308944
10,clab-nebula-serf42,55,127,55,55,0,72,1.0,0.4330708661417323,0.4330708661417323
10,clab-nebula-serf42,60,153,57,57,0,96,1.0,0.37254901960784315,0.37254901960784315
10,clab-nebula-serf48,5,0,0,0,0,0,0.0,0.0,0.0
10,clab-nebula-serf48,10,5,0,0,0,5,0,0.0,0.0
10,clab-nebula-serf48,15,21,10,8,2,13,0.8,0.38095238095238093,0.34782608695652173
10,clab-nebula-serf48,20,37,10,10,0,27,1.0,0.2702702702702703,0.2702702702702703
10,clab-nebula-serf48,25,79,12,12,0,67,1.0,0.1518987341772152,0.1518987341772152
10,clab-nebula-serf48,30,88,18,18,0,70,1.0,0.20454545454545456,0.20454545454545456
10,clab-nebula-serf48,35,114,53,52,1,62,0.9811320754716981,0.45614035087719296,0.45217391304347826
10,clab-nebula-serf48,40,121,53,53,0,68,1.0,0.4380165289256198,0.4380165289256198
10,clab-nebula-serf48,45,124,53,53,0,71,1.0,0.4274193548387097,0.4274193548387097
10,clab-nebula-serf48,50,141,57,57,0,84,1.0,0.40425531914893614,0.40425531914893614
10,clab-nebula-serf48,55,154,57,57,0,97,1.0,0.37012987012987014,0.37012987012987014
10,clab-nebula-serf48,60,155,57,57,0,98,1.0,0.36774193548387096,0.36774193548387096
10,clab-nebula-serf2,5,0,0,0,0,0,0.0,0.0,0.0
10,clab-nebula-serf2,10,1,1,0,1,1,0.0,0.0,0.0
10,clab-nebula-serf2,15,5,7,2,5,3,0.2857142857142857,0.4,0.2
10,clab-nebula-serf2,20,10,7,7,0,3,1.0,0.7,0.7
10,clab-nebula-serf2,25,19,9,9,0,10,1.0,0.47368421052631576,0.47368421052631576
10,clab-nebula-serf2,30,32,25,24,1,8,0.96,0.75,0.7272727272727273
10,clab-nebula-serf2,35,67,32,31,1,36,0.96875,0.4626865671641791,0.45588235294117646
10,clab-nebula-serf2,40,84,32,32,0,52,1.0,0.38095238095238093,0.38095238095238093
10,clab-nebula-serf2,45,99,42,41,1,58,0.9761904761904762,0.41414141414141414,0.41
10,clab-nebula-serf2,50,114,42,41,1,73,0.9761904761904762,0.35964912280701755,0.3565217391304348
10,clab-nebula-serf2,55,120,42,41,1,79,0.9761904761904762,0.3416666666666667,0.33884297520661155
10,clab-nebula-serf2,60,124,42,42,0,82,1.0,0.3387096774193548,0.3387096774193548
10,clab-nebula-serf21,5,2,0,0,0,2,0,0.0,0.0
10,clab-nebula-serf21,10,4,0,0,0,4,0,0.0,0.0
10,clab-nebula-serf21,15,16,10,7,3,9,0.7,0.4375,0.3684210526315789
10,clab-nebula-serf21,20,32,11,11,0,21,1.0,0.34375,0.34375
10,clab-nebula-serf21,25,56,17,17,0,39,1.0,0.30357142857142855,0.30357142857142855
10,clab-nebula-serf21,30,84,28,28,0,56,1.0,0.3333333333333333,0.3333333333333333
10,clab-nebula-serf21,35,94,28,28,0,66,1.0,0.2978723404255319,0.2978723404255319
10,clab-nebula-serf21,40,107,53,52,1,55,0.9811320754716981,0.48598130841121495,0.48148148148148145
10,clab-nebula-serf21,45,121,53,53,0,68,1.0,0.4380165289256198,0.4380165289256198
10,clab-nebula-serf21,50,124,53,53,0,71,1.0,0.4274193548387097,0.4274193548387097
10,clab-nebula-serf21,55,133,55,55,0,78,1.0,0.41353383458646614,0.41353383458646614
10,clab-nebula-serf21,60,154,57,57,0,97,1.0,0.37012987012987014,0.37012987012987014
10,clab-nebula-serf67,5,0,0,0,0,0,0.0,0.0,0.0
10,clab-nebula-serf67,10,5,3,1,2,4,0.3333333333333333,0.2,0.14285714285714285
10,clab-nebula-serf67,15,26,6,6,0,20,1.0,0.23076923076923078,0.23076923076923078
10,clab-nebula-serf67,20,41,16,16,0,25,1.0,0.3902439024390244,0.3902439024390244
10,clab-nebula-serf67,25,76,16,16,0,60,1.0,0.21052631578947367,0.21052631578947367
10,clab-nebula-serf67,30,98,25,23,2,75,0.92,0.23469387755102042,0.23
10,clab-nebula-serf67,35,115,28,27,1,88,0.9642857142857143,0.23478260869565218,0.23275862068965517
10,clab-nebula-serf67,40,122,29,29,0,93,1.0,0.23770491803278687,0.23770491803278687
10,clab-nebula-serf67,45,135,29,29,0,106,1.0,0.21481481481481482,0.21481481481481482
10,clab-nebula-serf67,50,154,29,29,0,125,1.0,0.18831168831168832,0.18831168831168832
10,clab-nebula-serf67,55,154,29,29,0,125,1.0,0.18831168831168832,0.18831168831168832
10,clab-nebula-serf67,60,158,29,29,0,129,1.0,0.18354430379746836,0.18354430379746836
10,clab-nebula-serf102,5,5,4,4,0,1,1.0,0.8,0.8
10,clab-nebula-serf102,10,7,4,4,0,3,1.0,0.5714285714285714,0.5714285714285714
10,clab-nebula-serf102,15,7,4,4,0,3,1.0,0.5714285714285714,0.5714285714285714
10,clab-nebula-serf102,20,10,7,7,0,3,1.0,0.7,0.7
10,clab-nebula-serf102,25,21,7,7,0,14,1.0,0.3333333333333333,0.3333333333333333
10,clab-nebula-serf102,30,40,15,13,2,27,0.8666666666666667,0.325,0.30952380952380953
10,clab-nebula-serf102,35,76,39,39,0,37,1.0,0.5131578947368421,0.5131578947368421
10,clab-nebula-serf102,40,124,39,39,0,85,1.0,0.31451612903225806,0.31451612903225806
10,clab-nebula-serf102,45,144,39,39,0,105,1.0,0.2708333333333333,0.2708333333333333
10,clab-nebula-serf102,50,157,39,39,0,118,1.0,0.2484076433121019,0.2484076433121019
10,clab-nebula-serf102,55,160,39,39,0,121,1.0,0.24375,0.24375
10,clab-nebula-serf102,60,161,39,39,0,122,1.0,0.2422360248447205,0.2422360248447205
10,clab-nebula-serf110,5,0,0,0,0,0,0.0,0.0,0.0
10,clab-nebula-serf110,10,0,0,0,0,0,0.0,0.0,0.0
10,clab-nebula-serf110,15,2,0,0,0,2,0,0.0,0.0
10,clab-nebula-serf110,20,7,3,2,1,5,0.6666666666666666,0.2857142857142857,0.25
10,clab-nebula-serf110,25,15,11,9,2,6,0.8181818181818182,0.6,0.5294117647058824
10,clab-nebula-serf110,30,37,11,10,1,27,0.9090909090909091,0.2702702702702703,0.2631578947368421
10,clab-nebula-serf110,35,69,28,28,0,41,1.0,0.4057971014492754,0.4057971014492754
10,clab-nebula-serf110,40,107,29,29,0,78,1.0,0.27102803738317754,0.27102803738317754
10,clab-nebula-serf110,45,143,29,29,0,114,1.0,0.20279720279720279,0.20279720279720279
10,clab-nebula-serf110,50,148,29,29,0,119,1.0,0.19594594594594594,0.19594594594594594
10,clab-nebula-serf110,55,154,29,29,0,125,1.0,0.18831168831168832,0.18831168831168832
10,clab-nebula-serf110,60,157,29,29,0,128,1.0,0.18471337579617833,0.18471337579617833
10,clab-nebula-serf132,5,0,0,0,0,0,0.0,0.0,0.0
10,clab-nebula-serf132,10,0,0,0,0,0,0.0,0.0,0.0
10,clab-nebula-serf132,15,11,12,9,3,2,0.75,0.8181818181818182,0.6428571428571429
10,clab-nebula-serf132,20,14,12,12,0,2,1.0,0.8571428571428571,0.8571428571428571
10,clab-nebula-serf132,25,23,14,14,0,9,1.0,0.6086956521739131,0.6086956521739131
10,clab-nebula-serf132,30,37,20,18,2,19,0.9,0.4864864864864865,0.46153846153846156
10,clab-nebula-serf132,35,48,24,24,0,24,1.0,0.5,0.5
10,clab-nebula-serf132,40,78,24,24,0,54,1.0,0.3076923076923077,0.3076923076923077
10,clab-nebula-serf132,45,104,31,30,1,74,0.967741935483871,0.28846153846153844,0.2857142857142857
10,clab-nebula-serf132,50,132,31,31,0,101,1.0,0.23484848484848486,0.23484848484848486
10,clab-nebula-serf132,55,144,31,31,0,113,1.0,0.2152777777777778,0.2152777777777778
10,clab-nebula-serf132,60,151,64,64,0,87,1.0,0.423841059602649,0.423841059602649
10,clab-nebula-serf134,5,0,0,0,0,0,0.0,0.0,0.0
10,clab-nebula-serf134,10,0,0,0,0,0,0.0,0.0,0.0
10,clab-nebula-serf134,15,1,0,0,0,1,0,0.0,0.0
10,clab-nebula-serf134,20,14,12,12,0,2,1.0,0.8571428571428571,0.8571428571428571
10,clab-nebula-serf134,25,16,13,13,0,3,1.0,0.8125,0.8125
10,clab-nebula-serf134,30,26,19,15,4,11,0.7894736842105263,0.5769230769230769,0.5
10,clab-nebula-serf134,35,43,22,22,0,21,1.0,0.5116279069767442,0.5116279069767442
10,clab-nebula-serf134,40,57,24,24,0,33,1.0,0.42105263157894735,0.42105263157894735
10,clab-nebula-serf134,45,91,26,26,0,65,1.0,0.2857142857142857,0.2857142857142857
10,clab-nebula-serf134,50,116,31,30,1,86,0.967741935483871,0.25862068965517243,0.2564102564102564
10,clab-nebula-serf134,55,137,31,31,0,106,1.0,0.22627737226277372,0.22627737226277372
10,clab-nebula-serf134,60,147,31,31,0,116,1.0,0.2108843537414966,0.2108843537414966
10,clab-nebula-serf137,5,0,0,0,0,0,0.0,0.0,0.0
10,clab-nebula-serf137,10,0,0,0,0,0,0.0,0.0,0.0
10,clab-nebula-serf137,15,2,0,0,0,2,0,0.0,0.0
10,clab-nebula-serf137,20,14,10,10,0,4,1.0,0.7142857142857143,0.7142857142857143
10,clab-nebula-serf137,25,20,13,13,0,7,1.0,0.65,0.65
10,clab-nebula-serf137,30,26,19,15,4,11,0.7894736842105263,0.5769230769230769,0.5
10,clab-nebula-serf137,35,44,22,22,0,22,1.0,0.5,0.5
10,clab-nebula-serf137,40,55,24,24,0,31,1.0,0.43636363636363634,0.43636363636363634
10,clab-nebula-serf137,45,90,26,26,0,64,1.0,0.28888888888888886,0.28888888888888886
10,clab-nebula-serf137,50,115,31,30,1,85,0.967741935483871,0.2608695652173913,0.25862068965517243
10,clab-nebula-serf137,55,137,31,31,0,106,1.0,0.22627737226277372,0.22627737226277372
10,clab-nebula-serf137,60,148,31,31,0,117,1.0,0.20945945945945946,0.20945945945945946
10,clab-nebula-serf10,5,1,0,0,0,1,0,0.0,0.0
10,clab-nebula-serf10,10,9,3,3,0,6,1.0,0.3333333333333333,0.3333333333333333
10,clab-nebula-serf10,15,20,8,7,1,13,0.875,0.35,0.3333333333333333
10,clab-nebula-serf10,20,40,28,26,2,14,0.9285714285714286,0.65,0.6190476190476191
10,clab-nebula-serf10,25,71,28,28,0,43,1.0,0.39436619718309857,0.39436619718309857
10,clab-nebula-serf10,30,88,28,28,0,60,1.0,0.3181818181818182,0.3181818181818182
10,clab-nebula-serf10,35,103,42,41,1,62,0.9761904761904762,0.39805825242718446,0.3942307692307692
10,clab-nebula-serf10,40,120,42,41,1,79,0.9761904761904762,0.3416666666666667,0.33884297520661155
10,clab-nebula-serf10,45,121,42,42,0,79,1.0,0.34710743801652894,0.34710743801652894
10,clab-nebula-serf10,50,129,42,42,0,87,1.0,0.32558139534883723,0.32558139534883723
10,clab-nebula-serf10,55,153,64,64,0,89,1.0,0.41830065359477125,0.41830065359477125
10,clab-nebula-serf10,60,156,64,64,0,92,1.0,0.41025641025641024,0.41025641025641024
10,clab-nebula-serf46,5,0,0,0,0,0,0.0,0.0,0.0
10,clab-nebula-serf46,10,3,0,0,0,3,0,0.0,0.0
10,clab-nebula-serf46,15,11,10,8,2,3,0.8,0.7272727272727273,0.6153846153846154
10,clab-nebula-serf46,20,26,9,7,2,19,0.7777777777777778,0.2692307692307692,0.25
10,clab-nebula-serf46,25,54,10,9,1,45,0.9,0.16666666666666666,0.16363636363636364
10,clab-nebula-serf46,30,81,18,18,0,63,1.0,0.2222222222222222,0.2222222222222222
10,clab-nebula-serf46,35,100,53,52,1,48,0.9811320754716981,0.52,0.5148514851485149
10,clab-nebula-serf46,40,121,53,53,0,68,1.0,0.4380165289256198,0.4380165289256198
10,clab-nebula-serf46,45,124,53,53,0,71,1.0,0.4274193548387097,0.4274193548387097
10,clab-nebula-serf46,50,127,53,53,0,74,1.0,0.41732283464566927,0.41732283464566927
10,clab-nebula-serf46,55,154,57,57,0,97,1.0,0.37012987012987014,0.37012987012987014
10,clab-nebula-serf46,60,154,57,57,0,97,1.0,0.37012987012987014,0.37012987012987014
10,clab-nebula-serf74,5,0,0,0,0,0,0.0,0.0,0.0
10,clab-nebula-serf74,10,9,5,5,0,4,1.0,0.5555555555555556,0.5555555555555556
10,clab-nebula-serf74,15,26,16,16,0,10,1.0,0.6153846153846154,0.6153846153846154
10,clab-nebula-serf74,20,45,16,16,0,29,1.0,0.35555555555555557,0.35555555555555557
10,clab-nebula-serf74,25,82,16,16,0,66,1.0,0.1951219512195122,0.1951219512195122
10,clab-nebula-serf74,30,106,28,26,2,80,0.9285714285714286,0.24528301886792453,0.24074074074074073
10,clab-nebula-serf74,35,117,28,27,1,90,0.9642857142857143,0.23076923076923078,0.2288135593220339
10,clab-nebula-serf74,40,124,28,28,0,96,1.0,0.22580645161290322,0.22580645161290322
10,clab-nebula-serf74,45,145,29,29,0,116,1.0,0.2,0.2
10,clab-nebula-serf74,50,154,29,29,0,125,1.0,0.18831168831168832,0.18831168831168832
10,clab-nebula-serf74,55,155,29,29,0,126,1.0,0.1870967741935484,0.1870967741935484
10,clab-nebula-serf74,60,159,29,29,0,130,1.0,0.18238993710691823,0.18238993710691823
10,clab-nebula-serf76,5,2,1,0,1,2,0.0,0.0,0.0
10,clab-nebula-serf76,10,25,14,14,0,11,1.0,0.56,0.56
10,clab-nebula-serf76,15,38,16,16,0,22,1.0,0.42105263157894735,0.42105263157894735
10,clab-nebula-serf76,20,68,16,16,0,52,1.0,0.23529411764705882,0.23529411764705882
10,clab-nebula-serf76,25,89,16,16,0,73,1.0,0.1797752808988764,0.1797752808988764
10,clab-nebula-serf76,30,111,28,27,1,84,0.9642857142857143,0.24324324324324326,0.24107142857142858
10,clab-nebula-serf76,35,121,28,28,0,93,1.0,0.23140495867768596,0.23140495867768596
10,clab-nebula-serf76,40,129,29,29,0,100,1.0,0.2248062015503876,0.2248062015503876
10,clab-nebula-serf76,45,153,29,29,0,124,1.0,0.1895424836601307,0.1895424836601307
10,clab-nebula-serf76,50,154,29,29,0,125,1.0,0.18831168831168832,0.18831168831168832
10,clab-nebula-serf76,55,158,29,29,0,129,1.0,0.18354430379746836,0.18354430379746836
10,clab-nebula-serf76,60,161,29,29,0,132,1.0,0.18012422360248448,0.18012422360248448
10,clab-nebula-serf149,5,0,0,0,0,0,0.0,0.0,0.0
10,clab-nebula-serf149,10,0,0,0,0,0,0.0,0.0,0.0
10,clab-nebula-serf149,15,1,0,0,0,1,0,0.0,0.0
10,clab-nebula-serf149,20,11,9,8,1,3,0.8888888888888888,0.7272727272727273,0.6666666666666666
10,clab-nebula-serf149,25,17,9,9,0,8,1.0,0.5294117647058824,0.5294117647058824
10,clab-nebula-serf149,30,25,9,9,0,16,1.0,0.36,0.36
10,clab-nebula-serf149,35,48,9,9,0,39,1.0,0.1875,0.1875
10,clab-nebula-serf149,40,60,9,9,0,51,1.0,0.15,0.15
10,clab-nebula-serf149,45,89,9,9,0,80,1.0,0.10112359550561797,0.10112359550561797
10,clab-nebula-serf149,50,124,9,9,0,115,1.0,0.07258064516129033,0.07258064516129033
10,clab-nebula-serf149,55,143,10,10,0,133,1.0,0.06993006993006994,0.06993006993006994
10,clab-nebula-serf149,60,152,10,10,0,142,1.0,0.06578947368421052,0.06578947368421052
10,clab-nebula-serf20,5,2,0,0,0,2,0,0.0,0.0
10,clab-nebula-serf20,10,4,1,1,0,3,1.0,0.25,0.25
10,clab-nebula-serf20,15,15,9,8,1,7,0.8888888888888888,0.5333333333333333,0.5
10,clab-nebula-serf20,20,26,11,11,0,15,1.0,0.4230769230769231,0.4230769230769231
10,clab-nebula-serf20,25,46,17,17,0,29,1.0,0.3695652173913043,0.3695652173913043
10,clab-nebula-serf20,30,80,28,27,1,53,0.9642857142857143,0.3375,0.3333333333333333
10,clab-nebula-serf20,35,93,28,28,0,65,1.0,0.3010752688172043,0.3010752688172043
10,clab-nebula-serf20,40,102,53,52,1,50,0.9811320754716981,0.5098039215686274,0.5048543689320388
10,clab-nebula-serf20,45,118,53,52,1,66,0.9811320754716981,0.4406779661016949,0.4369747899159664
10,clab-nebula-serf20,50,124,53,53,0,71,1.0,0.4274193548387097,0.4274193548387097
10,clab-nebula-serf20,55,129,53,53,0,76,1.0,0.4108527131782946,0.4108527131782946
10,clab-nebula-serf20,60,154,57,57,0,97,1.0,0.37012987012987014,0.37012987012987014
10,clab-nebula-serf22,5,0,0,0,0,0,0.0,0.0,0.0
10,clab-nebula-serf22,10,4,0,0,0,4,0,0.0,0.0
10,clab-nebula-serf22,15,10,9,7,2,3,0.7777777777777778,0.7,0.5833333333333334
10,clab-nebula-serf22,20,23,11,10,1,13,0.9090909090909091,0.43478260869565216,0.4166666666666667
10,clab-nebula-serf22,25,41,17,17,0,24,1.0,0.4146341463414634,0.4146341463414634
10,clab-nebula-serf22,30,76,28,27,1,49,0.9642857142857143,0.35526315789473684,0.35064935064935066
10,clab-nebula-serf22,35,93,28,28,0,65,1.0,0.3010752688172043,0.3010752688172043
10,clab-nebula-serf22,40,98,55,54,1,44,0.9818181818181818,0.5510204081632653,0.5454545454545454
10,clab-nebula-serf22,45,117,53,52,1,65,0.9811320754716981,0.4444444444444444,0.4406779661016949
10,clab-nebula-serf22,50,122,53,53,0,69,1.0,0.4344262295081967,0.4344262295081967
10,clab-nebula-serf22,55,125,53,53,0,72,1.0,0.424,0.424
10,clab-nebula-serf22,60,153,57,57,0,96,1.0,0.37254901960784315,0.37254901960784315
10,clab-nebula-serf160,5,4,0,0,0,4,0,0.0,0.0
10,clab-nebula-serf160,10,4,0,0,0,4,0,0.0,0.0
10,clab-nebula-serf160,15,5,0,0,0,5,0,0.0,0.0
10,clab-nebula-serf160,20,10,5,5,0,5,1.0,0.5,0.5
10,clab-nebula-serf160,25,25,5,5,0,20,1.0,0.2,0.2
10,clab-nebula-serf160,30,37,19,19,0,18,1.0,0.5135135135135135,0.5135135135135135
10,clab-nebula-serf160,35,43,23,23,0,20,1.0,0.5348837209302325,0.5348837209302325
10,clab-nebula-serf160,40,58,24,24,0,34,1.0,0.41379310344827586,0.41379310344827586
10,clab-nebula-serf160,45,82,35,34,1,48,0.9714285714285714,0.4146341463414634,0.40963855421686746
10,clab-nebula-serf160,50,118,52,52,0,66,1.0,0.4406779661016949,0.4406779661016949
10,clab-nebula-serf160,55,139,54,54,0,85,1.0,0.38848920863309355,0.38848920863309355
10,clab-nebula-serf160,60,149,54,54,0,95,1.0,0.3624161073825503,0.3624161073825503
10,clab-nebula-serf31,5,1,0,0,0,1,0,0.0,0.0
10,clab-nebula-serf31,10,13,9,7,2,6,0.7777777777777778,0.5384615384615384,0.4666666666666667
10,clab-nebula-serf31,15,28,11,11,0,17,1.0,0.39285714285714285,0.39285714285714285
10,clab-nebula-serf31,20,45,17,17,0,28,1.0,0.37777777777777777,0.37777777777777777
10,clab-nebula-serf31,25,80,28,27,1,53,0.9642857142857143,0.3375,0.3333333333333333
10,clab-nebula-serf31,30,93,28,28,0,65,1.0,0.3010752688172043,0.3010752688172043
10,clab-nebula-serf31,35,102,53,52,1,50,0.9811320754716981,0.5098039215686274,0.5048543689320388
10,clab-nebula-serf31,40,119,53,52,1,67,0.9811320754716981,0.4369747899159664,0.43333333333333335
10,clab-nebula-serf31,45,124,53,53,0,71,1.0,0.4274193548387097,0.4274193548387097
10,clab-nebula-serf31,50,129,53,53,0,76,1.0,0.4108527131782946,0.4108527131782946
10,clab-nebula-serf31,55,154,57,57,0,97,1.0,0.37012987012987014,0.37012987012987014
10,clab-nebula-serf31,60,154,57,57,0,97,1.0,0.37012987012987014,0.37012987012987014
10,clab-nebula-serf93,5,3,0,0,0,3,0,0.0,0.0
10,clab-nebula-serf93,10,16,1,1,0,15,1.0,0.0625,0.0625
10,clab-nebula-serf93,15,37,8,8,0,29,1.0,0.21621621621621623,0.21621621621621623
10,clab-nebula-serf93,20,59,16,16,0,43,1.0,0.2711864406779661,0.2711864406779661
10,clab-nebula-serf93,25,83,16,16,0,67,1.0,0.1927710843373494,0.1927710843373494
10,clab-nebula-serf93,30,110,28,25,3,85,0.8928571428571429,0.22727272727272727,0.22123893805309736
10,clab-nebula-serf93,35,119,29,28,1,91,0.9655172413793104,0.23529411764705882,0.23333333333333334
10,clab-nebula-serf93,40,125,29,29,0,96,1.0,0.232,0.232
10,clab-nebula-serf93,45,142,29,29,0,113,1.0,0.20422535211267606,0.20422535211267606
10,clab-nebula-serf93,50,154,29,29,0,125,1.0,0.18831168831168832,0.18831168831168832
10,clab-nebula-serf93,55,156,29,29,0,127,1.0,0.1858974358974359,0.1858974358974359
10,clab-nebula-serf93,60,161,29,29,0,132,1.0,0.18012422360248448,0.18012422360248448
10,clab-nebula-serf122,5,0,0,0,0,0,0.0,0.0,0.0
10,clab-nebula-serf122,10,0,0,0,0,0,0.0,0.0,0.0
10,clab-nebula-serf122,15,8,2,2,0,6,1.0,0.25,0.25
10,clab-nebula-serf122,20,15,2,2,0,13,1.0,0.13333333333333333,0.13333333333333333
10,clab-nebula-serf122,25,22,2,2,0,20,1.0,0.09090909090909091,0.09090909090909091
10,clab-nebula-serf122,30,61,4,4,0,57,1.0,0.06557377049180328,0.06557377049180328
10,clab-nebula-serf122,35,106,10,9,1,97,0.9,0.08490566037735849,0.08411214953271028
10,clab-nebula-serf122,40,133,10,10,0,123,1.0,0.07518796992481203,0.07518796992481203
10,clab-nebula-serf122,45,144,10,10,0,134,1.0,0.06944444444444445,0.06944444444444445
10,clab-nebula-serf122,50,154,11,11,0,143,1.0,0.07142857142857142,0.07142857142857142
10,clab-nebula-serf122,55,161,30,30,0,131,1.0,0.18633540372670807,0.18633540372670807
10,clab-nebula-serf122,60,161,30,30,0,131,1.0,0.18633540372670807,0.18633540372670807
10,clab-nebula-serf38,5,0,0,0,0,0,0.0,0.0,0.0
10,clab-nebula-serf38,10,4,3,2,1,2,0.6666666666666666,0.5,0.4
10,clab-nebula-serf38,15,24,8,6,2,18,0.75,0.25,0.23076923076923078
10,clab-nebula-serf38,20,56,8,8,0,48,1.0,0.14285714285714285,0.14285714285714285
10,clab-nebula-serf38,25,82,8,8,0,74,1.0,0.0975609756097561,0.0975609756097561
10,clab-nebula-serf38,30,92,8,8,0,84,1.0,0.08695652173913043,0.08695652173913043
10,clab-nebula-serf38,35,107,35,34,1,73,0.9714285714285714,0.3177570093457944,0.3148148148148148
10,clab-nebula-serf38,40,121,55,55,0,66,1.0,0.45454545454545453,0.45454545454545453
10,clab-nebula-serf38,45,124,55,55,0,69,1.0,0.4435483870967742,0.4435483870967742
10,clab-nebula-serf38,50,133,55,55,0,78,1.0,0.41353383458646614,0.41353383458646614
10,clab-nebula-serf38,55,154,57,57,0,97,1.0,0.37012987012987014,0.37012987012987014
10,clab-nebula-serf38,60,154,57,57,0,97,1.0,0.37012987012987014,0.37012987012987014
10,clab-nebula-serf55,5,0,0,0,0,0,0.0,0.0,0.0
10,clab-nebula-serf55,10,9,4,3,1,6,0.75,0.3333333333333333,0.3
10,clab-nebula-serf55,15,23,6,6,0,17,1.0,0.2608695652173913,0.2608695652173913
10,clab-nebula-serf55,20,64,23,22,1,42,0.9565217391304348,0.34375,0.3384615384615385
10,clab-nebula-serf55,25,83,33,32,1,51,0.9696969696969697,0.3855421686746988,0.38095238095238093
10,clab-nebula-serf55,30,96,33,32,1,64,0.9696969696969697,0.3333333333333333,0.32989690721649484
10,clab-nebula-serf55,35,119,37,36,1,83,0.972972972972973,0.3025210084033613,0.3
10,clab-nebula-serf55,40,121,37,37,0,84,1.0,0.30578512396694213,0.30578512396694213
10,clab-nebula-serf55,45,126,37,37,0,89,1.0,0.29365079365079366,0.29365079365079366
10,clab-nebula-serf55,50,153,60,60,0,93,1.0,0.39215686274509803,0.39215686274509803
10,clab-nebula-serf55,55,154,60,60,0,94,1.0,0.38961038961038963,0.38961038961038963
10,clab-nebula-serf55,60,157,60,60,0,97,1.0,0.3821656050955414,0.3821656050955414
10,clab-nebula-serf79,5,6,1,0,1,6,0.0,0.0,0.0
10,clab-nebula-serf79,10,26,16,16,0,10,1.0,0.6153846153846154,0.6153846153846154
10,clab-nebula-serf79,15,41,16,16,0,25,1.0,0.3902439024390244,0.3902439024390244
10,clab-nebula-serf79,20,76,16,16,0,60,1.0,0.21052631578947367,0.21052631578947367
10,clab-nebula-serf79,25,96,16,16,0,80,1.0,0.16666666666666666,0.16666666666666666
10,clab-nebula-serf79,30,116,28,27,1,89,0.9642857142857143,0.23275862068965517,0.23076923076923078
10,clab-nebula-serf79,35,121,28,28,0,93,1.0,0.23140495867768596,0.23140495867768596
10,clab-nebula-serf79,40,135,29,29,0,106,1.0,0.21481481481481482,0.21481481481481482
10,clab-nebula-serf79,45,153,29,29,0,124,1.0,0.1895424836601307,0.1895424836601307
10,clab-nebula-serf79,50,154,29,29,0,125,1.0,0.18831168831168832,0.18831168831168832
10,clab-nebula-serf79,55,158,29,29,0,129,1.0,0.18354430379746836,0.18354430379746836
10,clab-nebula-serf79,60,161,29,29,0,132,1.0,0.18012422360248448,0.18012422360248448
10,clab-nebula-serf113,5,1,0,0,0,1,0,0.0,0.0
10,clab-nebula-serf113,10,1,0,0,0,1,0,0.0,0.0
10,clab-nebula-serf113,15,3,1,1,0,2,1.0,0.3333333333333333,0.3333333333333333
10,clab-nebula-serf113,20,19,1,1,0,18,1.0,0.05263157894736842,0.05263157894736842
10,clab-nebula-serf113,25,28,1,1,0,27,1.0,0.03571428571428571,0.03571428571428571
10,clab-nebula-serf113,30,65,1,1,0,64,1.0,0.015384615384615385,0.015384615384615385
10,clab-nebula-serf113,35,105,1,1,0,104,1.0,0.009523809523809525,0.009523809523809525
10,clab-nebula-serf113,40,139,6,4,2,135,0.6666666666666666,0.02877697841726619,0.028368794326241134
10,clab-nebula-serf113,45,156,6,6,0,150,1.0,0.038461538461538464,0.038461538461538464
10,clab-nebula-serf113,50,159,6,6,0,153,1.0,0.03773584905660377,0.03773584905660377
10,clab-nebula-serf113,55,161,6,6,0,155,1.0,0.037267080745341616,0.037267080745341616
10,clab-nebula-serf113,60,161,6,6,0,155,1.0,0.037267080745341616,0.037267080745341616
10,clab-nebula-serf120,5,2,0,0,0,2,0,0.0,0.0
10,clab-nebula-serf120,10,2,0,0,0,2,0,0.0,0.0
10,clab-nebula-serf120,15,2,0,0,0,2,0,0.0,0.0
10,clab-nebula-serf120,20,2,0,0,0,2,0,0.0,0.0
10,clab-nebula-serf120,25,2,0,0,0,2,0,0.0,0.0
10,clab-nebula-serf120,30,3,2,2,0,1,1.0,0.6666666666666666,0.6666666666666666
10,clab-nebula-serf120,35,3,2,2,0,1,1.0,0.6666666666666666,0.6666666666666666
10,clab-nebula-serf120,40,3,2,2,0,1,1.0,0.6666666666666666,0.6666666666666666
10,clab-nebula-serf120,45,5,2,2,0,3,1.0,0.4,0.4
10,clab-nebula-serf120,50,14,3,3,0,11,1.0,0.21428571428571427,0.21428571428571427
10,clab-nebula-serf120,55,24,2,2,0,22,1.0,0.08333333333333333,0.08333333333333333
10,clab-nebula-serf120,60,48,2,2,0,46,1.0,0.041666666666666664,0.041666666666666664
10,clab-nebula-serf128,5,0,0,0,0,0,0.0,0.0,0.0
10,clab-nebula-serf128,10,2,1,1,0,1,1.0,0.5,0.5
10,clab-nebula-serf128,15,6,1,1,0,5,1.0,0.16666666666666666,0.16666666666666666
10,clab-nebula-serf128,20,20,11,10,1,10,0.9090909090909091,0.5,0.47619047619047616
10,clab-nebula-serf128,25,48,11,10,1,38,0.9090909090909091,0.20833333333333334,0.20408163265306123
10,clab-nebula-serf128,30,73,29,29,0,44,1.0,0.3972602739726027,0.3972602739726027
10,clab-nebula-serf128,35,111,29,29,0,82,1.0,0.26126126126126126,0.26126126126126126
10,clab-nebula-serf128,40,145,29,29,0,116,1.0,0.2,0.2
10,clab-nebula-serf128,45,150,29,29,0,121,1.0,0.19333333333333333,0.19333333333333333
10,clab-nebula-serf128,50,155,29,29,0,126,1.0,0.1870967741935484,0.1870967741935484
10,clab-nebula-serf128,55,159,29,29,0,130,1.0,0.18238993710691823,0.18238993710691823
10,clab-nebula-serf128,60,161,29,29,0,132,1.0,0.18012422360248448,0.18012422360248448
10,clab-nebula-serf8,5,0,0,0,0,0,0.0,0.0,0.0
10,clab-nebula-serf8,10,5,0,0,0,5,0,0.0,0.0
10,clab-nebula-serf8,15,13,8,5,3,8,0.625,0.38461538461538464,0.3125
10,clab-nebula-serf8,20,23,8,8,0,15,1.0,0.34782608695652173,0.34782608695652173
10,clab-nebula-serf8,25,44,28,26,2,18,0.9285714285714286,0.5909090909090909,0.5652173913043478
10,clab-nebula-serf8,30,76,28,28,0,48,1.0,0.3684210526315789,0.3684210526315789
10,clab-nebula-serf8,35,89,28,28,0,61,1.0,0.3146067415730337,0.3146067415730337
10,clab-nebula-serf8,40,105,42,41,1,64,0.9761904761904762,0.3904761904761905,0.3867924528301887
10,clab-nebula-serf8,45,120,42,41,1,79,0.9761904761904762,0.3416666666666667,0.33884297520661155
10,clab-nebula-serf8,50,122,42,42,0,80,1.0,0.3442622950819672,0.3442622950819672
10,clab-nebula-serf8,55,130,42,42,0,88,1.0,0.3230769230769231,0.3230769230769231
10,clab-nebula-serf8,60,153,64,64,0,89,1.0,0.41830065359477125,0.41830065359477125
10,clab-nebula-serf27,5,0,0,0,0,0,0.0,0.0,0.0
10,clab-nebula-serf27,10,3,0,0,0,3,0,0.0,0.0
10,clab-nebula-serf27,15,7,0,0,0,7,0,0.0,0.0
10,clab-nebula-serf27,20,13,0,0,0,13,0,0.0,0.0
10,clab-nebula-serf27,25,24,0,0,0,24,0,0.0,0.0
10,clab-nebula-serf27,30,38,9,7,2,31,0.7777777777777778,0.18421052631578946,0.175
10,clab-nebula-serf27,35,75,9,9,0,66,1.0,0.12,0.12
10,clab-nebula-serf27,40,92,28,28,0,64,1.0,0.30434782608695654,0.30434782608695654
10,clab-nebula-serf27,45,98,28,28,0,70,1.0,0.2857142857142857,0.2857142857142857
10,clab-nebula-serf27,50,117,53,52,1,65,0.9811320754716981,0.4444444444444444,0.4406779661016949
10,clab-nebula-serf27,55,122,53,53,0,69,1.0,0.4344262295081967,0.4344262295081967
10,clab-nebula-serf27,60,125,53,53,0,72,1.0,0.424,0.424
10,clab-nebula-serf78,5,0,0,0,0,0,0.0,0.0,0.0
10,clab-nebula-serf78,10,9,1,1,0,8,1.0,0.1111111111111111,0.1111111111111111
10,clab-nebula-serf78,15,27,16,16,0,11,1.0,0.5925925925925926,0.5925925925925926
10,clab-nebula-serf78,20,48,16,16,0,32,1.0,0.3333333333333333,0.3333333333333333
10,clab-nebula-serf78,25,80,16,16,0,64,1.0,0.2,0.2
10,clab-nebula-serf78,30,102,28,25,3,77,0.8928571428571429,0.24509803921568626,0.23809523809523808
10,clab-nebula-serf78,35,118,28,27,1,91,0.9642857142857143,0.2288135593220339,0.226890756302521
10,clab-nebula-serf78,40,123,28,28,0,95,1.0,0.22764227642276422,0.22764227642276422
10,clab-nebula-serf78,45,140,29,29,0,111,1.0,0.20714285714285716,0.20714285714285716
10,clab-nebula-serf78,50,154,29,29,0,125,1.0,0.18831168831168832,0.18831168831168832
10,clab-nebula-serf78,55,155,29,29,0,126,1.0,0.1870967741935484,0.1870967741935484
10,clab-nebula-serf78,60,158,29,29,0,129,1.0,0.18354430379746836,0.18354430379746836
10,clab-nebula-serf104,5,1,0,0,0,1,0,0.0,0.0
10,clab-nebula-serf104,10,3,1,1,0,2,1.0,0.3333333333333333,0.3333333333333333
10,clab-nebula-serf104,15,8,3,3,0,5,1.0,0.375,0.375
10,clab-nebula-serf104,20,25,11,10,1,15,0.9090909090909091,0.4,0.38461538461538464
10,clab-nebula-serf104,25,54,11,10,1,44,0.9090909090909091,0.18518518518518517,0.18181818181818182
10,clab-nebula-serf104,30,87,28,28,0,59,1.0,0.3218390804597701,0.3218390804597701
10,clab-nebula-serf104,35,130,29,29,0,101,1.0,0.2230769230769231,0.2230769230769231
10,clab-nebula-serf104,40,145,29,29,0,116,1.0,0.2,0.2
10,clab-nebula-serf104,45,153,29,29,0,124,1.0,0.1895424836601307,0.1895424836601307
10,clab-nebula-serf104,50,155,29,29,0,126,1.0,0.1870967741935484,0.1870967741935484
10,clab-nebula-serf104,55,159,29,29,0,130,1.0,0.18238993710691823,0.18238993710691823
10,clab-nebula-serf104,60,161,29,29,0,132,1.0,0.18012422360248448,0.18012422360248448
10,clab-nebula-serf133,5,0,0,0,0,0,0.0,0.0,0.0
10,clab-nebula-serf133,10,0,0,0,0,0,0.0,0.0,0.0
10,clab-nebula-serf133,15,1,0,0,0,1,0,0.0,0.0
10,clab-nebula-serf133,20,14,6,6,0,8,1.0,0.42857142857142855,0.42857142857142855
10,clab-nebula-serf133,25,16,13,13,0,3,1.0,0.8125,0.8125
10,clab-nebula-serf133,30,26,18,15,3,11,0.8333333333333334,0.5769230769230769,0.5172413793103449
10,clab-nebula-serf133,35,44,22,22,0,22,1.0,0.5,0.5
10,clab-nebula-serf133,40,59,24,24,0,35,1.0,0.4067796610169492,0.4067796610169492
10,clab-nebula-serf133,45,92,26,26,0,66,1.0,0.2826086956521739,0.2826086956521739
10,clab-nebula-serf133,50,117,31,30,1,87,0.967741935483871,0.2564102564102564,0.2542372881355932
10,clab-nebula-serf133,55,137,31,31,0,106,1.0,0.22627737226277372,0.22627737226277372
10,clab-nebula-serf133,60,149,64,64,0,85,1.0,0.42953020134228187,0.42953020134228187
10,clab-nebula-serf64,5,0,0,0,0,0,0.0,0.0,0.0
10,clab-nebula-serf64,10,0,0,0,0,0,0.0,0.0,0.0
10,clab-nebula-serf64,15,0,0,0,0,0,0.0,0.0,0.0
10,clab-nebula-serf64,20,7,0,0,0,7,0,0.0,0.0
10,clab-nebula-serf64,25,46,3,2,1,44,0.6666666666666666,0.043478260869565216,0.0425531914893617
10,clab-nebula-serf64,30,69,10,8,2,61,0.8,0.11594202898550725,0.11267605633802817
10,clab-nebula-serf64,35,100,12,12,0,88,1.0,0.12,0.12
10,clab-nebula-serf64,40,116,18,18,0,98,1.0,0.15517241379310345,0.15517241379310345
10,clab-nebula-serf64,45,123,18,18,0,105,1.0,0.14634146341463414,0.14634146341463414
10,clab-nebula-serf64,50,128,18,18,0,110,1.0,0.140625,0.140625
10,clab-nebula-serf64,55,154,20,20,0,134,1.0,0.12987012987012986,0.12987012987012986
10,clab-nebula-serf64,60,154,20,20,0,134,1.0,0.12987012987012986,0.12987012987012986
10,clab-nebula-serf73,5,4,0,0,0,4,0,0.0,0.0
10,clab-nebula-serf73,10,25,14,14,0,11,1.0,0.56,0.56
10,clab-nebula-serf73,15,39,16,16,0,23,1.0,0.41025641025641024,0.41025641025641024
10,clab-nebula-serf73,20,69,16,16,0,53,1.0,0.2318840579710145,0.2318840579710145
10,clab-nebula-serf73,25,89,16,16,0,73,1.0,0.1797752808988764,0.1797752808988764
10,clab-nebula-serf73,30,113,28,27,1,86,0.9642857142857143,0.23893805309734514,0.23684210526315788
10,clab-nebula-serf73,35,121,28,28,0,93,1.0,0.23140495867768596,0.23140495867768596
10,clab-nebula-serf73,40,130,29,29,0,101,1.0,0.2230769230769231,0.2230769230769231
10,clab-nebula-serf73,45,151,29,29,0,122,1.0,0.19205298013245034,0.19205298013245034
10,clab-nebula-serf73,50,154,29,29,0,125,1.0,0.18831168831168832,0.18831168831168832
10,clab-nebula-serf73,55,158,29,29,0,129,1.0,0.18354430379746836,0.18354430379746836
10,clab-nebula-serf73,60,161,29,29,0,132,1.0,0.18012422360248448,0.18012422360248448
10,clab-nebula-serf118,5,2,0,0,0,2,0,0.0,0.0
10,clab-nebula-serf118,10,2,0,0,0,2,0,0.0,0.0
10,clab-nebula-serf118,15,2,0,0,0,2,0,0.0,0.0
10,clab-nebula-serf118,20,2,0,0,0,2,0,0.0,0.0
10,clab-nebula-serf118,25,2,0,0,0,2,0,0.0,0.0
10,clab-nebula-serf118,30,3,2,2,0,1,1.0,0.6666666666666666,0.6666666666666666
10,clab-nebula-serf118,35,3,2,2,0,1,1.0,0.6666666666666666,0.6666666666666666
10,clab-nebula-serf118,40,3,2,2,0,1,1.0,0.6666666666666666,0.6666666666666666
10,clab-nebula-serf118,45,5,2,2,0,3,1.0,0.4,0.4
10,clab-nebula-serf118,50,15,3,3,0,12,1.0,0.2,0.2
10,clab-nebula-serf118,55,25,2,2,0,23,1.0,0.08,0.08
10,clab-nebula-serf118,60,48,2,2,0,46,1.0,0.041666666666666664,0.041666666666666664
10,clab-nebula-serf5,5,0,0,0,0,0,0.0,0.0,0.0
10,clab-nebula-serf5,10,3,1,1,0,2,1.0,0.3333333333333333,0.3333333333333333
10,clab-nebula-serf5,15,7,6,6,0,1,1.0,0.8571428571428571,0.8571428571428571
10,clab-nebula-serf5,20,14,8,8,0,6,1.0,0.5714285714285714,0.5714285714285714
10,clab-nebula-serf5,25,19,13,13,0,6,1.0,0.6842105263157895,0.6842105263157895
10,clab-nebula-serf5,30,46,32,30,2,16,0.9375,0.6521739130434783,0.625
10,clab-nebula-serf5,35,80,32,32,0,48,1.0,0.4,0.4
10,clab-nebula-serf5,40,92,32,32,0,60,1.0,0.34782608695652173,0.34782608695652173
10,clab-nebula-serf5,45,108,42,41,1,67,0.9761904761904762,0.37962962962962965,0.3761467889908257
10,clab-nebula-serf5,50,118,42,41,1,77,0.9761904761904762,0.3474576271186441,0.3445378151260504
10,clab-nebula-serf5,55,121,42,41,1,80,0.9761904761904762,0.33884297520661155,0.3360655737704918
10,clab-nebula-serf5,60,143,42,42,0,101,1.0,0.2937062937062937,0.2937062937062937
10,clab-nebula-serf87,5,3,0,0,0,3,0,0.0,0.0
10,clab-nebula-serf87,10,3,0,0,0,3,0,0.0,0.0
10,clab-nebula-serf87,15,11,5,5,0,6,1.0,0.45454545454545453,0.45454545454545453
10,clab-nebula-serf87,20,24,5,5,0,19,1.0,0.20833333333333334,0.20833333333333334
10,clab-nebula-serf87,25,49,10,10,0,39,1.0,0.20408163265306123,0.20408163265306123
10,clab-nebula-serf87,30,80,10,10,0,70,1.0,0.125,0.125
10,clab-nebula-serf87,35,108,11,11,0,97,1.0,0.10185185185185185,0.10185185185185185
10,clab-nebula-serf87,40,120,11,11,0,109,1.0,0.09166666666666666,0.09166666666666666
10,clab-nebula-serf87,45,132,13,13,0,119,1.0,0.09848484848484848,0.09848484848484848
10,clab-nebula-serf87,50,145,14,14,0,131,1.0,0.09655172413793103,0.09655172413793103
10,clab-nebula-serf87,55,155,14,14,0,141,1.0,0.09032258064516129,0.09032258064516129
10,clab-nebula-serf87,60,158,28,28,0,130,1.0,0.17721518987341772,0.17721518987341772
10,clab-nebula-serf88,5,3,1,1,0,2,1.0,0.3333333333333333,0.3333333333333333
10,clab-nebula-serf88,10,3,1,1,0,2,1.0,0.3333333333333333,0.3333333333333333
10,clab-nebula-serf88,15,8,1,1,0,7,1.0,0.125,0.125
10,clab-nebula-serf88,20,19,1,1,0,18,1.0,0.05263157894736842,0.05263157894736842
10,clab-nebula-serf88,25,42,10,10,0,32,1.0,0.23809523809523808,0.23809523809523808
10,clab-nebula-serf88,30,72,10,10,0,62,1.0,0.1388888888888889,0.1388888888888889
10,clab-nebula-serf88,35,100,10,10,0,90,1.0,0.1,0.1
10,clab-nebula-serf88,40,120,11,11,0,109,1.0,0.09166666666666666,0.09166666666666666
10,clab-nebula-serf88,45,127,13,13,0,114,1.0,0.10236220472440945,0.10236220472440945
10,clab-nebula-serf88,50,136,13,13,0,123,1.0,0.09558823529411764,0.09558823529411764
10,clab-nebula-serf88,55,154,14,14,0,140,1.0,0.09090909090909091,0.09090909090909091
10,clab-nebula-serf88,60,158,28,28,0,130,1.0,0.17721518987341772,0.17721518987341772
10,clab-nebula-serf153,5,0,0,0,0,0,0.0,0.0,0.0
10,clab-nebula-serf153,10,0,0,0,0,0,0.0,0.0,0.0
10,clab-nebula-serf153,15,1,0,0,0,1,0,0.0,0.0
10,clab-nebula-serf153,20,9,7,5,2,4,0.7142857142857143,0.5555555555555556,0.45454545454545453
10,clab-nebula-serf153,25,12,7,7,0,5,1.0,0.5833333333333334,0.5833333333333334
10,clab-nebula-serf153,30,24,9,9,0,15,1.0,0.375,0.375
10,clab-nebula-serf153,35,42,9,9,0,33,1.0,0.21428571428571427,0.21428571428571427
10,clab-nebula-serf153,40,55,9,9,0,46,1.0,0.16363636363636364,0.16363636363636364
10,clab-nebula-serf153,45,81,9,9,0,72,1.0,0.1111111111111111,0.1111111111111111
10,clab-nebula-serf153,50,114,9,9,0,105,1.0,0.07894736842105263,0.07894736842105263
10,clab-nebula-serf153,55,137,9,9,0,128,1.0,0.06569343065693431,0.06569343065693431
10,clab-nebula-serf153,60,148,10,10,0,138,1.0,0.06756756756756757,0.06756756756756757
10,clab-nebula-serf53,5,0,0,0,0,0,0.0,0.0,0.0
10,clab-nebula-serf53,10,8,5,4,1,4,0.8,0.5,0.4444444444444444
10,clab-nebula-serf53,15,25,19,16,3,9,0.8421052631578947,0.64,0.5714285714285714
10,clab-nebula-serf53,20,64,23,22,1,42,0.9565217391304348,0.34375,0.3384615384615385
10,clab-nebula-serf53,25,81,23,23,0,58,1.0,0.2839506172839506,0.2839506172839506
10,clab-nebula-serf53,30,97,35,34,1,63,0.9714285714285714,0.35051546391752575,0.3469387755102041
10,clab-nebula-serf53,35,118,37,36,1,82,0.972972972972973,0.3050847457627119,0.3025210084033613
10,clab-nebula-serf53,40,121,37,37,0,84,1.0,0.30578512396694213,0.30578512396694213
10,clab-nebula-serf53,45,125,37,37,0,88,1.0,0.296,0.296
10,clab-nebula-serf53,50,151,60,60,0,91,1.0,0.3973509933774834,0.3973509933774834
10,clab-nebula-serf53,55,154,60,60,0,94,1.0,0.38961038961038963,0.38961038961038963
10,clab-nebula-serf53,60,157,60,60,0,97,1.0,0.3821656050955414,0.3821656050955414
10,clab-nebula-serf69,5,0,0,0,0,0,0.0,0.0,0.0
10,clab-nebula-serf69,10,14,8,7,1,7,0.875,0.5,0.4666666666666667
10,clab-nebula-serf69,15,31,16,16,0,15,1.0,0.5161290322580645,0.5161290322580645
10,clab-nebula-serf69,20,54,16,16,0,38,1.0,0.2962962962962963,0.2962962962962963
10,clab-nebula-serf69,25,84,16,16,0,68,1.0,0.19047619047619047,0.19047619047619047
10,clab-nebula-serf69,30,107,28,27,1,80,0.9642857142857143,0.2523364485981308,0.25
10,clab-nebula-serf69,35,119,28,27,1,92,0.9642857142857143,0.226890756302521,0.225
10,clab-nebula-serf69,40,125,29,29,0,96,1.0,0.232,0.232
10,clab-nebula-serf69,45,147,29,29,0,118,1.0,0.19727891156462585,0.19727891156462585
10,clab-nebula-serf69,50,154,29,29,0,125,1.0,0.18831168831168832,0.18831168831168832
10,clab-nebula-serf69,55,158,29,29,0,129,1.0,0.18354430379746836,0.18354430379746836
10,clab-nebula-serf69,60,161,29,29,0,132,1.0,0.18012422360248448,0.18012422360248448
10,clab-nebula-serf60,5,4,0,0,0,4,0,0.0,0.0
10,clab-nebula-serf60,10,10,1,0,1,10,0.0,0.0,0.0
10,clab-nebula-serf60,15,42,6,6,0,36,1.0,0.14285714285714285,0.14285714285714285
10,clab-nebula-serf60,20,70,19,19,0,51,1.0,0.2714285714285714,0.2714285714285714
10,clab-nebula-serf60,25,87,29,28,1,59,0.9655172413793104,0.3218390804597701,0.3181818181818182
10,clab-nebula-serf60,30,111,35,34,1,77,0.9714285714285714,0.3063063063063063,0.30357142857142855
10,clab-nebula-serf60,35,120,35,35,0,85,1.0,0.2916666666666667,0.2916666666666667
10,clab-nebula-serf60,40,124,35,35,0,89,1.0,0.28225806451612906,0.28225806451612906
10,clab-nebula-serf60,45,143,58,58,0,85,1.0,0.40559440559440557,0.40559440559440557
10,clab-nebula-serf60,50,154,60,60,0,94,1.0,0.38961038961038963,0.38961038961038963
10,clab-nebula-serf60,55,154,60,60,0,94,1.0,0.38961038961038963,0.38961038961038963
10,clab-nebula-serf60,60,158,60,60,0,98,1.0,0.379746835443038,0.379746835443038
10,clab-nebula-serf145,5,0,0,0,0,0,0.0,0.0,0.0
10,clab-nebula-serf145,10,0,0,0,0,0,0.0,0.0,0.0
10,clab-nebula-serf145,15,1,0,0,0,1,0,0.0,0.0
10,clab-nebula-serf145,20,5,4,2,2,3,0.5,0.4,0.2857142857142857
10,clab-nebula-serf145,25,7,4,4,0,3,1.0,0.5714285714285714,0.5714285714285714
10,clab-nebula-serf145,30,15,19,10,9,5,0.5263157894736842,0.6666666666666666,0.4166666666666667
10,clab-nebula-serf145,35,37,19,19,0,18,1.0,0.5135135135135135,0.5135135135135135
10,clab-nebula-serf145,40,56,21,21,0,35,1.0,0.375,0.375
10,clab-nebula-serf145,45,66,19,19,0,47,1.0,0.2878787878787879,0.2878787878787879
10,clab-nebula-serf145,50,104,21,21,0,83,1.0,0.20192307692307693,0.20192307692307693
10,clab-nebula-serf145,55,130,20,20,0,110,1.0,0.15384615384615385,0.15384615384615385
10,clab-nebula-serf145,60,145,19,19,0,126,1.0,0.1310344827586207,0.1310344827586207
10,clab-nebula-serf6,5,1,0,0,0,1,0,0.0,0.0
10,clab-nebula-serf6,10,7,8,5,3,2,0.625,0.7142857142857143,0.5
10,clab-nebula-serf6,15,18,9,8,1,10,0.8888888888888888,0.4444444444444444,0.42105263157894735
10,clab-nebula-serf6,20,32,21,21,0,11,1.0,0.65625,0.65625
10,clab-nebula-serf6,25,68,28,27,1,41,0.9642857142857143,0.39705882352941174,0.391304347826087
10,clab-nebula-serf6,30,86,28,28,0,58,1.0,0.32558139534883723,0.32558139534883723
10,clab-nebula-serf6,35,98,42,41,1,57,0.9761904761904762,0.41836734693877553,0.41414141414141414
10,clab-nebula-serf6,40,117,42,41,1,76,0.9761904761904762,0.3504273504273504,0.3474576271186441
10,clab-nebula-serf6,45,120,42,41,1,79,0.9761904761904762,0.3416666666666667,0.33884297520661155
10,clab-nebula-serf6,50,124,42,42,0,82,1.0,0.3387096774193548,0.3387096774193548
10,clab-nebula-serf6,55,151,64,64,0,87,1.0,0.423841059602649,0.423841059602649
10,clab-nebula-serf6,60,155,64,64,0,91,1.0,0.4129032258064516,0.4129032258064516
10,clab-nebula-serf11,5,2,1,1,0,1,1.0,0.5,0.5
10,clab-nebula-serf11,10,14,6,6,0,8,1.0,0.42857142857142855,0.42857142857142855
10,clab-nebula-serf11,15,26,20,17,3,9,0.85,0.6538461538461539,0.5862068965517241
10,clab-nebula-serf11,20,57,28,27,1,30,0.9642857142857143,0.47368421052631576,0.46551724137931033
10,clab-nebula-serf11,25,82,28,28,0,54,1.0,0.34146341463414637,0.34146341463414637
10,clab-nebula-serf11,30,93,29,29,0,64,1.0,0.3118279569892473,0.3118279569892473
10,clab-nebula-serf11,35,112,42,41,1,71,0.9761904761904762,0.36607142857142855,0.36283185840707965
10,clab-nebula-serf11,40,120,42,41,1,79,0.9761904761904762,0.3416666666666667,0.33884297520661155
10,clab-nebula-serf11,45,124,42,42,0,82,1.0,0.3387096774193548,0.3387096774193548
10,clab-nebula-serf11,50,142,64,64,0,78,1.0,0.4507042253521127,0.4507042253521127
10,clab-nebula-serf11,55,154,64,64,0,90,1.0,0.4155844155844156,0.4155844155844156
10,clab-nebula-serf11,60,157,64,64,0,93,1.0,0.40764331210191085,0.40764331210191085
10,clab-nebula-serf98,5,1,0,0,0,1,0,0.0,0.0
10,clab-nebula-serf98,10,7,2,2,0,5,1.0,0.2857142857142857,0.2857142857142857
10,clab-nebula-serf98,15,7,2,2,0,5,1.0,0.2857142857142857,0.2857142857142857
10,clab-nebula-serf98,20,8,7,7,0,1,1.0,0.875,0.875
10,clab-nebula-serf98,25,14,7,7,0,7,1.0,0.5,0.5
10,clab-nebula-serf98,30,29,8,8,0,21,1.0,0.27586206896551724,0.27586206896551724
10,clab-nebula-serf98,35,71,39,38,1,33,0.9743589743589743,0.5352112676056338,0.5277777777777778
10,clab-nebula-serf98,40,121,39,39,0,82,1.0,0.32231404958677684,0.32231404958677684
10,clab-nebula-serf98,45,144,39,39,0,105,1.0,0.2708333333333333,0.2708333333333333
10,clab-nebula-serf98,50,156,39,39,0,117,1.0,0.25,0.25
10,clab-nebula-serf98,55,160,39,39,0,121,1.0,0.24375,0.24375
10,clab-nebula-serf98,60,161,39,39,0,122,1.0,0.2422360248447205,0.2422360248447205
10,clab-nebula-serf138,5,0,0,0,0,0,0.0,0.0,0.0
10,clab-nebula-serf138,10,0,0,0,0,0,0.0,0.0,0.0
10,clab-nebula-serf138,15,1,0,0,0,1,0,0.0,0.0
10,clab-nebula-serf138,20,14,4,4,0,10,1.0,0.2857142857142857,0.2857142857142857
10,clab-nebula-serf138,25,14,4,4,0,10,1.0,0.2857142857142857,0.2857142857142857
10,clab-nebula-serf138,30,26,14,14,0,12,1.0,0.5384615384615384,0.5384615384615384
10,clab-nebula-serf138,35,43,21,21,0,22,1.0,0.4883720930232558,0.4883720930232558
10,clab-nebula-serf138,40,55,24,24,0,31,1.0,0.43636363636363634,0.43636363636363634
10,clab-nebula-serf138,45,90,26,26,0,64,1.0,0.28888888888888886,0.28888888888888886
10,clab-nebula-serf138,50,115,31,30,1,85,0.967741935483871,0.2608695652173913,0.25862068965517243
10,clab-nebula-serf138,55,137,31,31,0,106,1.0,0.22627737226277372,0.22627737226277372
10,clab-nebula-serf138,60,147,31,31,0,116,1.0,0.2108843537414966,0.2108843537414966
10,clab-nebula-serf150,5,0,0,0,0,0,0.0,0.0,0.0
10,clab-nebula-serf150,10,0,0,0,0,0,0.0,0.0,0.0
10,clab-nebula-serf150,15,1,0,0,0,1,0,0.0,0.0
10,clab-nebula-serf150,20,9,9,6,3,3,0.6666666666666666,0.6666666666666666,0.5
10,clab-nebula-serf150,25,17,9,9,0,8,1.0,0.5294117647058824,0.5294117647058824
10,clab-nebula-serf150,30,23,9,9,0,14,1.0,0.391304347826087,0.391304347826087
10,clab-nebula-serf150,35,42,9,9,0,33,1.0,0.21428571428571427,0.21428571428571427
10,clab-nebula-serf150,40,54,9,9,0,45,1.0,0.16666666666666666,0.16666666666666666
10,clab-nebula-serf150,45,79,9,9,0,70,1.0,0.11392405063291139,0.11392405063291139
10,clab-nebula-serf150,50,117,9,9,0,108,1.0,0.07692307692307693,0.07692307692307693
10,clab-nebula-serf150,55,141,10,10,0,131,1.0,0.07092198581560284,0.07092198581560284
10,clab-nebula-serf150,60,152,10,10,0,142,1.0,0.06578947368421052,0.06578947368421052
10,clab-nebula-serf18,5,0,0,0,0,0,0.0,0.0,0.0
10,clab-nebula-serf18,10,5,1,1,0,4,1.0,0.2,0.2
10,clab-nebula-serf18,15,20,1,1,0,19,1.0,0.05,0.05
10,clab-nebula-serf18,20,47,1,1,0,46,1.0,0.02127659574468085,0.02127659574468085
10,clab-nebula-serf18,25,75,1,1,0,74,1.0,0.013333333333333334,0.013333333333333334
10,clab-nebula-serf18,30,90,1,1,0,89,1.0,0.011111111111111112,0.011111111111111112
10,clab-nebula-serf18,35,103,1,1,0,102,1.0,0.009708737864077669,0.009708737864077669
10,clab-nebula-serf18,40,120,1,1,0,119,1.0,0.008333333333333333,0.008333333333333333
10,clab-nebula-serf18,45,123,1,1,0,122,1.0,0.008130081300813009,0.008130081300813009
10,clab-nebula-serf18,50,140,1,1,0,139,1.0,0.007142857142857143,0.007142857142857143
10,clab-nebula-serf18,55,151,1,1,0,150,1.0,0.006622516556291391,0.006622516556291391
10,clab-nebula-serf18,60,157,1,1,0,156,1.0,0.006369426751592357,0.006369426751592357
10,clab-nebula-serf30,5,1,0,0,0,1,0,0.0,0.0
10,clab-nebula-serf30,10,13,9,7,2,6,0.7777777777777778,0.5384615384615384,0.4666666666666667
10,clab-nebula-serf30,15,28,11,11,0,17,1.0,0.39285714285714285,0.39285714285714285
10,clab-nebula-serf30,20,45,17,17,0,28,1.0,0.37777777777777777,0.37777777777777777
10,clab-nebula-serf30,25,81,28,27,1,54,0.9642857142857143,0.3333333333333333,0.32926829268292684
10,clab-nebula-serf30,30,93,28,28,0,65,1.0,0.3010752688172043,0.3010752688172043
10,clab-nebula-serf30,35,102,53,52,1,50,0.9811320754716981,0.5098039215686274,0.5048543689320388
10,clab-nebula-serf30,40,119,53,52,1,67,0.9811320754716981,0.4369747899159664,0.43333333333333335
10,clab-nebula-serf30,45,124,53,53,0,71,1.0,0.4274193548387097,0.4274193548387097
10,clab-nebula-serf30,50,128,53,53,0,75,1.0,0.4140625,0.4140625
10,clab-nebula-serf30,55,154,57,57,0,97,1.0,0.37012987012987014,0.37012987012987014
10,clab-nebula-serf30,60,154,57,57,0,97,1.0,0.37012987012987014,0.37012987012987014
10,clab-nebula-serf44,5,3,0,0,0,3,0,0.0,0.0
10,clab-nebula-serf44,10,10,9,7,2,3,0.7777777777777778,0.7,0.5833333333333334
10,clab-nebula-serf44,15,23,9,7,2,16,0.7777777777777778,0.30434782608695654,0.28
10,clab-nebula-serf44,20,47,10,9,1,38,0.9,0.19148936170212766,0.1875
10,clab-nebula-serf44,25,81,18,18,0,63,1.0,0.2222222222222222,0.2222222222222222
10,clab-nebula-serf44,30,99,49,48,1,51,0.9795918367346939,0.48484848484848486,0.48
10,clab-nebula-serf44,35,120,53,52,1,68,0.9811320754716981,0.43333333333333335,0.4297520661157025
10,clab-nebula-serf44,40,124,53,53,0,71,1.0,0.4274193548387097,0.4274193548387097
10,clab-nebula-serf44,45,127,53,53,0,74,1.0,0.41732283464566927,0.41732283464566927
10,clab-nebula-serf44,50,154,57,57,0,97,1.0,0.37012987012987014,0.37012987012987014
10,clab-nebula-serf44,55,154,57,57,0,97,1.0,0.37012987012987014,0.37012987012987014
10,clab-nebula-serf44,60,156,57,57,0,99,1.0,0.36538461538461536,0.36538461538461536
10,clab-nebula-serf131,5,0,0,0,0,0,0.0,0.0,0.0
10,clab-nebula-serf131,10,0,0,0,0,0,0.0,0.0,0.0
10,clab-nebula-serf131,15,3,0,0,0,3,0,0.0,0.0
10,clab-nebula-serf131,20,14,6,6,0,8,1.0,0.42857142857142855,0.42857142857142855
10,clab-nebula-serf131,25,18,13,13,0,5,1.0,0.7222222222222222,0.7222222222222222
10,clab-nebula-serf131,30,29,19,16,3,13,0.8421052631578947,0.5517241379310345,0.5
10,clab-nebula-serf131,35,45,22,22,0,23,1.0,0.4888888888888889,0.4888888888888889
10,clab-nebula-serf131,40,69,40,39,1,30,0.975,0.5652173913043478,0.5571428571428572
10,clab-nebula-serf131,45,95,30,29,1,66,0.9666666666666667,0.30526315789473685,0.3020833333333333
10,clab-nebula-serf131,50,122,31,31,0,91,1.0,0.2540983606557377,0.2540983606557377
10,clab-nebula-serf131,55,137,31,31,0,106,1.0,0.22627737226277372,0.22627737226277372
10,clab-nebula-serf131,60,149,64,64,0,85,1.0,0.42953020134228187,0.42953020134228187
10,clab-nebula-serf35,5,0,0,0,0,0,0.0,0.0,0.0
10,clab-nebula-serf35,10,1,0,0,0,1,0,0.0,0.0
10,clab-nebula-serf35,15,7,8,4,4,3,0.5,0.5714285714285714,0.36363636363636365
10,clab-nebula-serf35,20,26,8,6,2,20,0.75,0.23076923076923078,0.21428571428571427
10,clab-nebula-serf35,25,63,8,8,0,55,1.0,0.12698412698412698,0.12698412698412698
10,clab-nebula-serf35,30,85,8,8,0,77,1.0,0.09411764705882353,0.09411764705882353
10,clab-nebula-serf35,35,95,33,32,1,63,0.9696969696969697,0.3368421052631579,0.3333333333333333
10,clab-nebula-serf35,40,111,35,34,1,77,0.9714285714285714,0.3063063063063063,0.30357142857142855
10,clab-nebula-serf35,45,121,55,55,0,66,1.0,0.45454545454545453,0.45454545454545453
10,clab-nebula-serf35,50,124,55,55,0,69,1.0,0.4435483870967742,0.4435483870967742
10,clab-nebula-serf35,55,145,57,57,0,88,1.0,0.3931034482758621,0.3931034482758621
10,clab-nebula-serf35,60,154,57,57,0,97,1.0,0.37012987012987014,0.37012987012987014
10,clab-nebula-serf40,5,0,0,0,0,0,0.0,0.0,0.0
10,clab-nebula-serf40,10,1,0,0,0,1,0,0.0,0.0
10,clab-nebula-serf40,15,11,8,5,3,6,0.625,0.45454545454545453,0.35714285714285715
10,clab-nebula-serf40,20,35,8,6,2,29,0.75,0.17142857142857143,0.16216216216216217
10,clab-nebula-serf40,25,71,8,8,0,63,1.0,0.11267605633802817,0.11267605633802817
10,clab-nebula-serf40,30,87,29,28,1,59,0.9655172413793104,0.3218390804597701,0.3181818181818182
10,clab-nebula-serf40,35,98,29,28,1,70,0.9655172413793104,0.2857142857142857,0.2828282828282828
10,clab-nebula-serf40,40,118,35,34,1,84,0.9714285714285714,0.288135593220339,0.2857142857142857
10,clab-nebula-serf40,45,122,33,33,0,89,1.0,0.27049180327868855,0.27049180327868855
10,clab-nebula-serf40,50,126,55,55,0,71,1.0,0.4365079365079365,0.4365079365079365
10,clab-nebula-serf40,55,153,57,57,0,96,1.0,0.37254901960784315,0.37254901960784315
10,clab-nebula-serf40,60,154,57,57,0,97,1.0,0.37012987012987014,0.37012987012987014
10,clab-nebula-serf144,5,0,0,0,0,0,0.0,0.0,0.0
10,clab-nebula-serf144,10,0,0,0,0,0,0.0,0.0,0.0
10,clab-nebula-serf144,15,7,4,4,0,3,1.0,0.5714285714285714,0.5714285714285714
10,clab-nebula-serf144,20,12,4,4,0,8,1.0,0.3333333333333333,0.3333333333333333
10,clab-nebula-serf144,25,23,19,14,5,9,0.7368421052631579,0.6086956521739131,0.5
10,clab-nebula-serf144,30,55,21,21,0,34,1.0,0.38181818181818183,0.38181818181818183
10,clab-nebula-serf144,35,60,21,21,0,39,1.0,0.35,0.35
10,clab-nebula-serf144,40,95,19,19,0,76,1.0,0.2,0.2
10,clab-nebula-serf144,45,126,20,20,0,106,1.0,0.15873015873015872,0.15873015873015872
10,clab-nebula-serf144,50,141,19,19,0,122,1.0,0.1347517730496454,0.1347517730496454
10,clab-nebula-serf144,55,151,20,20,0,131,1.0,0.13245033112582782,0.13245033112582782
10,clab-nebula-serf144,60,155,21,21,0,134,1.0,0.13548387096774195,0.13548387096774195
10,clab-nebula-serf152,5,0,0,0,0,0,0.0,0.0,0.0
10,clab-nebula-serf152,10,1,8,0,8,1,0.0,0.0,0.0
10,clab-nebula-serf152,15,11,8,7,1,4,0.875,0.6363636363636364,0.5833333333333334
10,clab-nebula-serf152,20,14,8,8,0,6,1.0,0.5714285714285714,0.5714285714285714
10,clab-nebula-serf152,25,24,9,9,0,15,1.0,0.375,0.375
10,clab-nebula-serf152,30,47,9,9,0,38,1.0,0.19148936170212766,0.19148936170212766
10,clab-nebula-serf152,35,60,9,9,0,51,1.0,0.15,0.15
10,clab-nebula-serf152,40,89,9,9,0,80,1.0,0.10112359550561797,0.10112359550561797
10,clab-nebula-serf152,45,122,9,9,0,113,1.0,0.07377049180327869,0.07377049180327869
10,clab-nebula-serf152,50,143,10,10,0,133,1.0,0.06993006993006994,0.06993006993006994
10,clab-nebula-serf152,55,152,10,10,0,142,1.0,0.06578947368421052,0.06578947368421052
10,clab-nebula-serf152,60,156,11,11,0,145,1.0,0.07051282051282051,0.07051282051282051
10,clab-nebula-serf162,5,0,0,0,0,0,0.0,0.0,0.0
10,clab-nebula-serf162,10,0,0,0,0,0,0.0,0.0,0.0
10,clab-nebula-serf162,15,5,2,2,0,3,1.0,0.4,0.4
10,clab-nebula-serf162,20,5,2,2,0,3,1.0,0.4,0.4
10,clab-nebula-serf162,25,5,2,2,0,3,1.0,0.4,0.4
10,clab-nebula-serf162,30,9,5,5,0,4,1.0,0.5555555555555556,0.5555555555555556
10,clab-nebula-serf162,35,20,5,5,0,15,1.0,0.25,0.25
10,clab-nebula-serf162,40,35,5,5,0,30,1.0,0.14285714285714285,0.14285714285714285
10,clab-nebula-serf162,45,40,23,23,0,17,1.0,0.575,0.575
10,clab-nebula-serf162,50,54,26,25,1,29,0.9615384615384616,0.46296296296296297,0.45454545454545453
10,clab-nebula-serf162,55,74,35,34,1,40,0.9714285714285714,0.4594594594594595,0.4533333333333333
10,clab-nebula-serf162,60,113,52,51,1,62,0.9807692307692307,0.45132743362831856,0.4473684210526316
10,clab-nebula-serf41,5,0,0,0,0,0,0.0,0.0,0.0
10,clab-nebula-serf41,10,0,0,0,0,0,0.0,0.0,0.0
10,clab-nebula-serf41,15,1,0,0,0,1,0,0.0,0.0
10,clab-nebula-serf41,20,14,8,5,3,9,0.625,0.35714285714285715,0.29411764705882354
10,clab-nebula-serf41,25,40,8,7,1,33,0.875,0.175,0.17073170731707318
10,clab-nebula-serf41,30,74,8,8,0,66,1.0,0.10810810810810811,0.10810810810810811
10,clab-nebula-serf41,35,89,8,8,0,81,1.0,0.0898876404494382,0.0898876404494382
10,clab-nebula-serf41,40,99,33,32,1,67,0.9696969696969697,0.32323232323232326,0.32
10,clab-nebula-serf41,45,118,35,34,1,84,0.9714285714285714,0.288135593220339,0.2857142857142857
10,clab-nebula-serf41,50,121,35,35,0,86,1.0,0.2892561983471074,0.2892561983471074
10,clab-nebula-serf41,55,126,55,55,0,71,1.0,0.4365079365079365,0.4365079365079365
10,clab-nebula-serf41,60,153,57,57,0,96,1.0,0.37254901960784315,0.37254901960784315
10,clab-nebula-serf72,5,1,0,0,0,1,0,0.0,0.0
10,clab-nebula-serf72,10,16,8,8,0,8,1.0,0.5,0.5
10,clab-nebula-serf72,15,31,16,16,0,15,1.0,0.5161290322580645,0.5161290322580645
10,clab-nebula-serf72,20,54,16,16,0,38,1.0,0.2962962962962963,0.2962962962962963
10,clab-nebula-serf72,25,84,16,16,0,68,1.0,0.19047619047619047,0.19047619047619047
10,clab-nebula-serf72,30,110,28,27,1,83,0.9642857142857143,0.24545454545454545,0.24324324324324326
10,clab-nebula-serf72,35,121,28,28,0,93,1.0,0.23140495867768596,0.23140495867768596
10,clab-nebula-serf72,40,125,29,29,0,96,1.0,0.232,0.232
10,clab-nebula-serf72,45,150,29,29,0,121,1.0,0.19333333333333333,0.19333333333333333
10,clab-nebula-serf72,50,154,29,29,0,125,1.0,0.18831168831168832,0.18831168831168832
10,clab-nebula-serf72,55,158,29,29,0,129,1.0,0.18354430379746836,0.18354430379746836
10,clab-nebula-serf72,60,161,29,29,0,132,1.0,0.18012422360248448,0.18012422360248448
10,clab-nebula-serf141,5,0,0,0,0,0,0.0,0.0,0.0
10,clab-nebula-serf141,10,0,0,0,0,0,0.0,0.0,0.0
10,clab-nebula-serf141,15,0,0,0,0,0,0.0,0.0,0.0
10,clab-nebula-serf141,20,14,4,4,0,10,1.0,0.2857142857142857,0.2857142857142857
10,clab-nebula-serf141,25,14,4,4,0,10,1.0,0.2857142857142857,0.2857142857142857
10,clab-nebula-serf141,30,26,14,14,0,12,1.0,0.5384615384615384,0.5384615384615384
10,clab-nebula-serf141,35,43,17,17,0,26,1.0,0.3953488372093023,0.3953488372093023
10,clab-nebula-serf141,40,59,24,24,0,35,1.0,0.4067796610169492,0.4067796610169492
10,clab-nebula-serf141,45,90,26,26,0,64,1.0,0.28888888888888886,0.28888888888888886
10,clab-nebula-serf141,50,116,31,30,1,86,0.967741935483871,0.25862068965517243,0.2564102564102564
10,clab-nebula-serf141,55,137,31,31,0,106,1.0,0.22627737226277372,0.22627737226277372
10,clab-nebula-serf141,60,149,64,64,0,85,1.0,0.42953020134228187,0.42953020134228187
10,clab-nebula-serf25,5,0,0,0,0,0,0.0,0.0,0.0
10,clab-nebula-serf25,10,4,0,0,0,4,0,0.0,0.0
10,clab-nebula-serf25,15,12,9,7,2,5,0.7777777777777778,0.5833333333333334,0.5
10,clab-nebula-serf25,20,28,11,11,0,17,1.0,0.39285714285714285,0.39285714285714285
10,clab-nebula-serf25,25,44,17,17,0,27,1.0,0.38636363636363635,0.38636363636363635
10,clab-nebula-serf25,30,81,28,27,1,54,0.9642857142857143,0.3333333333333333,0.32926829268292684
10,clab-nebula-serf25,35,93,28,28,0,65,1.0,0.3010752688172043,0.3010752688172043
10,clab-nebula-serf25,40,102,53,52,1,50,0.9811320754716981,0.5098039215686274,0.5048543689320388
10,clab-nebula-serf25,45,119,53,52,1,67,0.9811320754716981,0.4369747899159664,0.43333333333333335
10,clab-nebula-serf25,50,124,53,53,0,71,1.0,0.4274193548387097,0.4274193548387097
10,clab-nebula-serf25,55,127,53,53,0,74,1.0,0.41732283464566927,0.41732283464566927
10,clab-nebula-serf25,60,154,57,57,0,97,1.0,0.37012987012987014,0.37012987012987014
10,clab-nebula-serf50,5,3,0,0,0,3,0,0.0,0.0
10,clab-nebula-serf50,10,8,3,2,1,6,0.6666666666666666,0.25,0.2222222222222222
10,clab-nebula-serf50,15,23,9,7,2,16,0.7777777777777778,0.30434782608695654,0.28
10,clab-nebula-serf50,20,41,11,10,1,31,0.9090909090909091,0.24390243902439024,0.23809523809523808
10,clab-nebula-serf50,25,81,18,18,0,63,1.0,0.2222222222222222,0.2222222222222222
10,clab-nebula-serf50,30,93,49,48,1,45,0.9795918367346939,0.5161290322580645,0.5106382978723404
10,clab-nebula-serf50,35,118,53,52,1,66,0.9811320754716981,0.4406779661016949,0.4369747899159664
10,clab-nebula-serf50,40,122,53,53,0,69,1.0,0.4344262295081967,0.4344262295081967
10,clab-nebula-serf50,45,125,53,53,0,72,1.0,0.424,0.424
10,clab-nebula-serf50,50,153,57,57,0,96,1.0,0.37254901960784315,0.37254901960784315
10,clab-nebula-serf50,55,154,57,57,0,97,1.0,0.37012987012987014,0.37012987012987014
10,clab-nebula-serf50,60,156,57,57,0,99,1.0,0.36538461538461536,0.36538461538461536
10,clab-nebula-serf51,5,1,0,0,0,1,0,0.0,0.0
10,clab-nebula-serf51,10,9,4,3,1,6,0.75,0.3333333333333333,0.3
10,clab-nebula-serf51,15,24,6,6,0,18,1.0,0.25,0.25
10,clab-nebula-serf51,20,64,23,22,1,42,0.9565217391304348,0.34375,0.3384615384615385
10,clab-nebula-serf51,25,83,33,32,1,51,0.9696969696969697,0.3855421686746988,0.38095238095238093
10,clab-nebula-serf51,30,97,35,34,1,63,0.9714285714285714,0.35051546391752575,0.3469387755102041
10,clab-nebula-serf51,35,118,37,36,1,82,0.972972972972973,0.3050847457627119,0.3025210084033613
10,clab-nebula-serf51,40,121,37,37,0,84,1.0,0.30578512396694213,0.30578512396694213
10,clab-nebula-serf51,45,126,37,37,0,89,1.0,0.29365079365079366,0.29365079365079366
10,clab-nebula-serf51,50,152,60,60,0,92,1.0,0.39473684210526316,0.39473684210526316
10,clab-nebula-serf51,55,154,60,60,0,94,1.0,0.38961038961038963,0.38961038961038963
10,clab-nebula-serf51,60,157,60,60,0,97,1.0,0.3821656050955414,0.3821656050955414
10,clab-nebula-serf66,5,0,0,0,0,0,0.0,0.0,0.0
10,clab-nebula-serf66,10,4,1,0,1,4,0.0,0.0,0.0
10,clab-nebula-serf66,15,27,6,6,0,21,1.0,0.2222222222222222,0.2222222222222222
10,clab-nebula-serf66,20,44,16,16,0,28,1.0,0.36363636363636365,0.36363636363636365
10,clab-nebula-serf66,25,79,16,16,0,63,1.0,0.20253164556962025,0.20253164556962025
10,clab-nebula-serf66,30,106,28,25,3,81,0.8928571428571429,0.2358490566037736,0.22935779816513763
10,clab-nebula-serf66,35,116,29,28,1,88,0.9655172413793104,0.2413793103448276,0.23931623931623933
10,clab-nebula-serf66,40,123,29,29,0,94,1.0,0.23577235772357724,0.23577235772357724
10,clab-nebula-serf66,45,136,29,29,0,107,1.0,0.21323529411764705,0.21323529411764705
10,clab-nebula-serf66,50,154,29,29,0,125,1.0,0.18831168831168832,0.18831168831168832
10,clab-nebula-serf66,55,154,29,29,0,125,1.0,0.18831168831168832,0.18831168831168832
10,clab-nebula-serf66,60,158,29,29,0,129,1.0,0.18354430379746836,0.18354430379746836
10,clab-nebula-serf86,5,3,0,0,0,3,0,0.0,0.0
10,clab-nebula-serf86,10,4,2,0,2,4,0.0,0.0,0.0
10,clab-nebula-serf86,15,11,2,2,0,9,1.0,0.18181818181818182,0.18181818181818182
10,clab-nebula-serf86,20,29,10,10,0,19,1.0,0.3448275862068966,0.3448275862068966
10,clab-nebula-serf86,25,56,10,10,0,46,1.0,0.17857142857142858,0.17857142857142858
10,clab-nebula-serf86,30,85,10,10,0,75,1.0,0.11764705882352941,0.11764705882352941
10,clab-nebula-serf86,35,115,11,11,0,104,1.0,0.09565217391304348,0.09565217391304348
10,clab-nebula-serf86,40,120,11,11,0,109,1.0,0.09166666666666666,0.09166666666666666
10,clab-nebula-serf86,45,134,13,13,0,121,1.0,0.09701492537313433,0.09701492537313433
10,clab-nebula-serf86,50,145,14,14,0,131,1.0,0.09655172413793103,0.09655172413793103
10,clab-nebula-serf86,55,155,14,14,0,141,1.0,0.09032258064516129,0.09032258064516129
10,clab-nebula-serf86,60,160,28,28,0,132,1.0,0.175,0.175
10,clab-nebula-serf90,5,2,0,0,0,2,0,0.0,0.0
10,clab-nebula-serf90,10,9,1,1,0,8,1.0,0.1111111111111111,0.1111111111111111
10,clab-nebula-serf90,15,30,6,5,1,25,0.8333333333333334,0.16666666666666666,0.16129032258064516
10,clab-nebula-serf90,20,49,8,8,0,41,1.0,0.16326530612244897,0.16326530612244897
10,clab-nebula-serf90,25,78,10,10,0,68,1.0,0.1282051282051282,0.1282051282051282
10,clab-nebula-serf90,30,101,11,11,0,90,1.0,0.10891089108910891,0.10891089108910891
10,clab-nebula-serf90,35,119,11,11,0,108,1.0,0.09243697478991597,0.09243697478991597
10,clab-nebula-serf90,40,122,11,11,0,111,1.0,0.09016393442622951,0.09016393442622951
10,clab-nebula-serf90,45,137,13,13,0,124,1.0,0.0948905109489051,0.0948905109489051
10,clab-nebula-serf90,50,154,14,14,0,140,1.0,0.09090909090909091,0.09090909090909091
10,clab-nebula-serf90,55,155,14,14,0,141,1.0,0.09032258064516129,0.09032258064516129
10,clab-nebula-serf90,60,159,15,15,0,144,1.0,0.09433962264150944,0.09433962264150944
10,clab-nebula-serf143,5,0,0,0,0,0,0.0,0.0,0.0
10,clab-nebula-serf143,10,0,0,0,0,0,0.0,0.0,0.0
10,clab-nebula-serf143,15,1,0,0,0,1,0,0.0,0.0
10,clab-nebula-serf143,20,2,1,1,0,1,1.0,0.5,0.5
10,clab-nebula-serf143,25,7,4,4,0,3,1.0,0.5714285714285714,0.5714285714285714
10,clab-nebula-serf143,30,13,19,9,10,4,0.47368421052631576,0.6923076923076923,0.391304347826087
10,clab-nebula-serf143,35,32,19,18,1,14,0.9473684210526315,0.5625,0.5454545454545454
10,clab-nebula-serf143,40,56,21,21,0,35,1.0,0.375,0.375
10,clab-nebula-serf143,45,66,19,19,0,47,1.0,0.2878787878787879,0.2878787878787879
10,clab-nebula-serf143,50,103,21,21,0,82,1.0,0.20388349514563106,0.20388349514563106
10,clab-nebula-serf143,55,130,20,20,0,110,1.0,0.15384615384615385,0.15384615384615385
10,clab-nebula-serf143,60,145,19,19,0,126,1.0,0.1310344827586207,0.1310344827586207
10,clab-nebula-serf7,5,1,0,0,0,1,0,0.0,0.0
10,clab-nebula-serf7,10,9,7,5,2,4,0.7142857142857143,0.5555555555555556,0.45454545454545453
10,clab-nebula-serf7,15,19,9,9,0,10,1.0,0.47368421052631576,0.47368421052631576
10,clab-nebula-serf7,20,33,21,21,0,12,1.0,0.6363636363636364,0.6363636363636364
10,clab-nebula-serf7,25,67,28,27,1,40,0.9642857142857143,0.40298507462686567,0.39705882352941174
10,clab-nebula-serf7,30,86,28,28,0,58,1.0,0.32558139534883723,0.32558139534883723
10,clab-nebula-serf7,35,99,42,41,1,58,0.9761904761904762,0.41414141414141414,0.41
10,clab-nebula-serf7,40,117,42,41,1,76,0.9761904761904762,0.3504273504273504,0.3474576271186441
10,clab-nebula-serf7,45,120,42,41,1,79,0.9761904761904762,0.3416666666666667,0.33884297520661155
10,clab-nebula-serf7,50,124,42,42,0,82,1.0,0.3387096774193548,0.3387096774193548
10,clab-nebula-serf7,55,151,64,64,0,87,1.0,0.423841059602649,0.423841059602649
10,clab-nebula-serf7,60,156,64,64,0,92,1.0,0.41025641025641024,0.41025641025641024
10,clab-nebula-serf37,5,2,0,0,0,2,0,0.0,0.0
10,clab-nebula-serf37,10,8,8,3,5,5,0.375,0.375,0.23076923076923078
10,clab-nebula-serf37,15,29,8,7,1,22,0.875,0.2413793103448276,0.23333333333333334
10,clab-nebula-serf37,20,65,8,8,0,57,1.0,0.12307692307692308,0.12307692307692308
10,clab-nebula-serf37,25,85,8,8,0,77,1.0,0.09411764705882353,0.09411764705882353
10,clab-nebula-serf37,30,96,34,33,1,63,0.9705882352941176,0.34375,0.3402061855670103
10,clab-nebula-serf37,35,111,35,34,1,77,0.9714285714285714,0.3063063063063063,0.30357142857142855
10,clab-nebula-serf37,40,121,55,55,0,66,1.0,0.45454545454545453,0.45454545454545453
10,clab-nebula-serf37,45,124,55,55,0,69,1.0,0.4435483870967742,0.4435483870967742
10,clab-nebula-serf37,50,146,57,57,0,89,1.0,0.3904109589041096,0.3904109589041096
10,clab-nebula-serf37,55,154,57,57,0,97,1.0,0.37012987012987014,0.37012987012987014
10,clab-nebula-serf37,60,156,57,57,0,99,1.0,0.36538461538461536,0.36538461538461536
10,clab-nebula-serf43,5,0,0,0,0,0,0.0,0.0,0.0
10,clab-nebula-serf43,10,5,0,0,0,5,0,0.0,0.0
10,clab-nebula-serf43,15,13,10,8,2,5,0.8,0.6153846153846154,0.5333333333333333
10,clab-nebula-serf43,20,27,10,9,1,18,0.9,0.3333333333333333,0.32142857142857145
10,clab-nebula-serf43,25,52,11,10,1,42,0.9090909090909091,0.19230769230769232,0.18867924528301888
10,clab-nebula-serf43,30,82,18,18,0,64,1.0,0.21951219512195122,0.21951219512195122
10,clab-nebula-serf43,35,98,53,52,1,46,0.9811320754716981,0.5306122448979592,0.5252525252525253
10,clab-nebula-serf43,40,119,53,52,1,67,0.9811320754716981,0.4369747899159664,0.43333333333333335
10,clab-nebula-serf43,45,124,53,53,0,71,1.0,0.4274193548387097,0.4274193548387097
10,clab-nebula-serf43,50,126,53,53,0,73,1.0,0.42063492063492064,0.42063492063492064
10,clab-nebula-serf43,55,154,57,57,0,97,1.0,0.37012987012987014,0.37012987012987014
10,clab-nebula-serf43,60,154,57,57,0,97,1.0,0.37012987012987014,0.37012987012987014
10,clab-nebula-serf58,5,5,1,0,1,5,0.0,0.0,0.0
10,clab-nebula-serf58,10,19,5,4,1,15,0.8,0.21052631578947367,0.2
10,clab-nebula-serf58,15,57,17,13,4,44,0.7647058823529411,0.22807017543859648,0.21311475409836064
10,clab-nebula-serf58,20,79,29,28,1,51,0.9655172413793104,0.35443037974683544,0.35
10,clab-nebula-serf58,25,93,29,28,1,65,0.9655172413793104,0.3010752688172043,0.2978723404255319
10,clab-nebula-serf58,30,118,35,34,1,84,0.9714285714285714,0.288135593220339,0.2857142857142857
10,clab-nebula-serf58,35,122,35,35,0,87,1.0,0.28688524590163933,0.28688524590163933
10,clab-nebula-serf58,40,125,35,35,0,90,1.0,0.28,0.28
10,clab-nebula-serf58,45,153,37,37,0,116,1.0,0.24183006535947713,0.24183006535947713
10,clab-nebula-serf58,50,154,37,37,0,117,1.0,0.24025974025974026,0.24025974025974026
10,clab-nebula-serf58,55,156,37,37,0,119,1.0,0.23717948717948717,0.23717948717948717
10,clab-nebula-serf58,60,160,59,59,0,101,1.0,0.36875,0.36875
10,clab-nebula-serf61,5,5,0,0,0,5,0,0.0,0.0
10,clab-nebula-serf61,10,20,5,4,1,16,0.8,0.2,0.19047619047619047
10,clab-nebula-serf61,15,61,19,19,0,42,1.0,0.3114754098360656,0.3114754098360656
10,clab-nebula-serf61,20,79,19,19,0,60,1.0,0.24050632911392406,0.24050632911392406
10,clab-nebula-serf61,25,93,33,32,1,61,0.9696969696969697,0.34408602150537637,0.3404255319148936
10,clab-nebula-serf61,30,118,36,35,1,83,0.9722222222222222,0.2966101694915254,0.29411764705882354
10,clab-nebula-serf61,35,121,36,36,0,85,1.0,0.2975206611570248,0.2975206611570248
10,clab-nebula-serf61,40,124,36,36,0,88,1.0,0.2903225806451613,0.2903225806451613
10,clab-nebula-serf61,45,149,59,59,0,90,1.0,0.3959731543624161,0.3959731543624161
10,clab-nebula-serf61,50,154,59,59,0,95,1.0,0.38311688311688313,0.38311688311688313
10,clab-nebula-serf61,55,156,59,59,0,97,1.0,0.3782051282051282,0.3782051282051282
10,clab-nebula-serf61,60,158,59,59,0,99,1.0,0.37341772151898733,0.37341772151898733
10,clab-nebula-serf112,5,0,0,0,0,0,0.0,0.0,0.0
10,clab-nebula-serf112,10,0,0,0,0,0,0.0,0.0,0.0
10,clab-nebula-serf112,15,0,0,0,0,0,0.0,0.0,0.0
10,clab-nebula-serf112,20,0,0,0,0,0,0.0,0.0,0.0
10,clab-nebula-serf112,25,5,0,0,0,5,0,0.0,0.0
10,clab-nebula-serf112,30,18,1,0,1,18,0.0,0.0,0.0
10,clab-nebula-serf112,35,34,11,11,0,23,1.0,0.3235294117647059,0.3235294117647059
10,clab-nebula-serf112,40,64,29,29,0,35,1.0,0.453125,0.453125
10,clab-nebula-serf112,45,103,29,29,0,74,1.0,0.2815533980582524,0.2815533980582524
10,clab-nebula-serf112,50,136,29,29,0,107,1.0,0.21323529411764705,0.21323529411764705
10,clab-nebula-serf112,55,148,29,29,0,119,1.0,0.19594594594594594,0.19594594594594594
10,clab-nebula-serf112,60,159,29,29,0,130,1.0,0.18238993710691823,0.18238993710691823
10,clab-nebula-serf15,5,1,0,0,0,1,0,0.0,0.0
10,clab-nebula-serf15,10,14,10,6,4,8,0.6,0.42857142857142855,0.3333333333333333
10,clab-nebula-serf15,15,32,25,23,2,9,0.92,0.71875,0.6764705882352942
10,clab-nebula-serf15,20,68,25,25,0,43,1.0,0.36764705882352944,0.36764705882352944
10,clab-nebula-serf15,25,88,27,27,0,61,1.0,0.3068181818181818,0.3068181818181818
10,clab-nebula-serf15,30,100,38,37,1,63,0.9736842105263158,0.37,0.36633663366336633
10,clab-nebula-serf15,35,117,38,37,1,80,0.9736842105263158,0.3162393162393162,0.3135593220338983
10,clab-nebula-serf15,40,121,39,39,0,82,1.0,0.32231404958677684,0.32231404958677684
10,clab-nebula-serf15,45,124,39,39,0,85,1.0,0.31451612903225806,0.31451612903225806
10,clab-nebula-serf15,50,151,61,61,0,90,1.0,0.40397350993377484,0.40397350993377484
10,clab-nebula-serf15,55,154,61,61,0,93,1.0,0.3961038961038961,0.3961038961038961
10,clab-nebula-serf15,60,158,61,61,0,97,1.0,0.3860759493670886,0.3860759493670886
10,clab-nebula-serf16,5,2,0,0,0,2,0,0.0,0.0
10,clab-nebula-serf16,10,17,10,7,3,10,0.7,0.4117647058823529,0.35
10,clab-nebula-serf16,15,33,25,23,2,10,0.92,0.696969696969697,0.6571428571428571
10,clab-nebula-serf16,20,69,25,25,0,44,1.0,0.36231884057971014,0.36231884057971014
10,clab-nebula-serf16,25,88,27,27,0,61,1.0,0.3068181818181818,0.3068181818181818
10,clab-nebula-serf16,30,101,38,37,1,64,0.9736842105263158,0.36633663366336633,0.3627450980392157
10,clab-nebula-serf16,35,119,39,38,1,81,0.9743589743589743,0.31932773109243695,0.31666666666666665
10,clab-nebula-serf16,40,121,39,39,0,82,1.0,0.32231404958677684,0.32231404958677684
10,clab-nebula-serf16,45,126,39,39,0,87,1.0,0.30952380952380953,0.30952380952380953
10,clab-nebula-serf16,50,151,61,61,0,90,1.0,0.40397350993377484,0.40397350993377484
10,clab-nebula-serf16,55,155,61,61,0,94,1.0,0.3935483870967742,0.3935483870967742
10,clab-nebula-serf16,60,158,61,61,0,97,1.0,0.3860759493670886,0.3860759493670886
10,clab-nebula-serf77,5,3,0,0,0,3,0,0.0,0.0
10,clab-nebula-serf77,10,24,14,14,0,10,1.0,0.5833333333333334,0.5833333333333334
10,clab-nebula-serf77,15,38,16,16,0,22,1.0,0.42105263157894735,0.42105263157894735
10,clab-nebula-serf77,20,67,16,16,0,51,1.0,0.23880597014925373,0.23880597014925373
10,clab-nebula-serf77,25,90,16,16,0,74,1.0,0.17777777777777778,0.17777777777777778
10,clab-nebula-serf77,30,113,28,27,1,86,0.9642857142857143,0.23893805309734514,0.23684210526315788
10,clab-nebula-serf77,35,121,28,28,0,93,1.0,0.23140495867768596,0.23140495867768596
10,clab-nebula-serf77,40,125,29,29,0,96,1.0,0.232,0.232
10,clab-nebula-serf77,45,151,29,29,0,122,1.0,0.19205298013245034,0.19205298013245034
10,clab-nebula-serf77,50,154,29,29,0,125,1.0,0.18831168831168832,0.18831168831168832
10,clab-nebula-serf77,55,158,29,29,0,129,1.0,0.18354430379746836,0.18354430379746836
10,clab-nebula-serf77,60,161,29,29,0,132,1.0,0.18012422360248448,0.18012422360248448
10,clab-nebula-serf121,5,0,0,0,0,0,0.0,0.0,0.0
10,clab-nebula-serf121,10,1,0,0,0,1,0,0.0,0.0
10,clab-nebula-serf121,15,8,1,1,0,7,1.0,0.125,0.125
10,clab-nebula-serf121,20,15,1,1,0,14,1.0,0.06666666666666667,0.06666666666666667
10,clab-nebula-serf121,25,32,2,2,0,30,1.0,0.0625,0.0625
10,clab-nebula-serf121,30,81,5,5,0,76,1.0,0.06172839506172839,0.06172839506172839
10,clab-nebula-serf121,35,121,24,23,1,98,0.9583333333333334,0.19008264462809918,0.1885245901639344
10,clab-nebula-serf121,40,138,24,24,0,114,1.0,0.17391304347826086,0.17391304347826086
10,clab-nebula-serf121,45,148,24,24,0,124,1.0,0.16216216216216217,0.16216216216216217
10,clab-nebula-serf121,50,160,25,25,0,135,1.0,0.15625,0.15625
10,clab-nebula-serf121,55,161,25,25,0,136,1.0,0.15527950310559005,0.15527950310559005
10,clab-nebula-serf121,60,161,25,25,0,136,1.0,0.15527950310559005,0.15527950310559005
10,clab-nebula-serf140,5,0,0,0,0,0,0.0,0.0,0.0
10,clab-nebula-serf140,10,0,0,0,0,0,0.0,0.0,0.0
10,clab-nebula-serf140,15,0,0,0,0,0,0.0,0.0,0.0
10,clab-nebula-serf140,20,13,4,4,0,9,1.0,0.3076923076923077,0.3076923076923077
10,clab-nebula-serf140,25,14,4,4,0,10,1.0,0.2857142857142857,0.2857142857142857
10,clab-nebula-serf140,30,25,18,15,3,10,0.8333333333333334,0.6,0.5357142857142857
10,clab-nebula-serf140,35,39,21,19,2,20,0.9047619047619048,0.48717948717948717,0.4634146341463415
10,clab-nebula-serf140,40,52,24,24,0,28,1.0,0.46153846153846156,0.46153846153846156
10,clab-nebula-serf140,45,82,26,26,0,56,1.0,0.3170731707317073,0.3170731707317073
10,clab-nebula-serf140,50,108,31,30,1,78,0.967741935483871,0.2777777777777778,0.27522935779816515
10,clab-nebula-serf140,55,136,31,31,0,105,1.0,0.22794117647058823,0.22794117647058823
10,clab-nebula-serf140,60,145,31,31,0,114,1.0,0.21379310344827587,0.21379310344827587
10,clab-nebula-serf148,5,0,0,0,0,0,0.0,0.0,0.0
10,clab-nebula-serf148,10,0,0,0,0,0,0.0,0.0,0.0
10,clab-nebula-serf148,15,0,0,0,0,0,0.0,0.0,0.0
10,clab-nebula-serf148,20,6,0,0,0,6,0,0.0,0.0
10,clab-nebula-serf148,25,12,0,0,0,12,0,0.0,0.0
10,clab-nebula-serf148,30,22,9,9,0,13,1.0,0.4090909090909091,0.4090909090909091
10,clab-nebula-serf148,35,38,9,9,0,29,1.0,0.23684210526315788,0.23684210526315788
10,clab-nebula-serf148,40,52,9,9,0,43,1.0,0.17307692307692307,0.17307692307692307
10,clab-nebula-serf148,45,68,9,9,0,59,1.0,0.1323529411764706,0.1323529411764706
10,clab-nebula-serf148,50,103,9,9,0,94,1.0,0.08737864077669903,0.08737864077669903
10,clab-nebula-serf148,55,133,9,9,0,124,1.0,0.06766917293233082,0.06766917293233082
10,clab-nebula-serf148,60,148,10,10,0,138,1.0,0.06756756756756757,0.06756756756756757
10,clab-nebula-serf154,5,0,0,0,0,0,0.0,0.0,0.0
10,clab-nebula-serf154,10,0,0,0,0,0,0.0,0.0,0.0
10,clab-nebula-serf154,15,1,0,0,0,1,0,0.0,0.0
10,clab-nebula-serf154,20,9,8,6,2,3,0.75,0.6666666666666666,0.5454545454545454
10,clab-nebula-serf154,25,12,8,8,0,4,1.0,0.6666666666666666,0.6666666666666666
10,clab-nebula-serf154,30,23,9,9,0,14,1.0,0.391304347826087,0.391304347826087
10,clab-nebula-serf154,35,42,9,9,0,33,1.0,0.21428571428571427,0.21428571428571427
10,clab-nebula-serf154,40,55,9,9,0,46,1.0,0.16363636363636364,0.16363636363636364
10,clab-nebula-serf154,45,79,9,9,0,70,1.0,0.11392405063291139,0.11392405063291139
10,clab-nebula-serf154,50,113,9,9,0,104,1.0,0.07964601769911504,0.07964601769911504
10,clab-nebula-serf154,55,137,9,9,0,128,1.0,0.06569343065693431,0.06569343065693431
10,clab-nebula-serf154,60,147,10,10,0,137,1.0,0.06802721088435375,0.06802721088435375
10,clab-nebula-serf156,5,0,0,0,0,0,0.0,0.0,0.0
10,clab-nebula-serf156,10,0,0,0,0,0,0.0,0.0,0.0
10,clab-nebula-serf156,15,4,8,1,7,3,0.125,0.25,0.09090909090909091
10,clab-nebula-serf156,20,12,9,9,0,3,1.0,0.75,0.75
10,clab-nebula-serf156,25,18,9,9,0,9,1.0,0.5,0.5
10,clab-nebula-serf156,30,33,9,9,0,24,1.0,0.2727272727272727,0.2727272727272727
10,clab-nebula-serf156,35,49,9,9,0,40,1.0,0.1836734693877551,0.1836734693877551
10,clab-nebula-serf156,40,61,9,9,0,52,1.0,0.14754098360655737,0.14754098360655737
10,clab-nebula-serf156,45,99,9,9,0,90,1.0,0.09090909090909091,0.09090909090909091
10,clab-nebula-serf156,50,130,9,9,0,121,1.0,0.06923076923076923,0.06923076923076923
10,clab-nebula-serf156,55,145,10,10,0,135,1.0,0.06896551724137931,0.06896551724137931
10,clab-nebula-serf156,60,154,10,10,0,144,1.0,0.06493506493506493,0.06493506493506493
10,clab-nebula-serf23,5,0,0,0,0,0,0.0,0.0,0.0
10,clab-nebula-serf23,10,0,0,0,0,0,0.0,0.0,0.0
10,clab-nebula-serf23,15,4,1,1,0,3,1.0,0.25,0.25
10,clab-nebula-serf23,20,11,9,8,1,3,0.8888888888888888,0.7272727272727273,0.6666666666666666
10,clab-nebula-serf23,25,22,11,10,1,12,0.9090909090909091,0.45454545454545453,0.43478260869565216
10,clab-nebula-serf23,30,39,17,17,0,22,1.0,0.4358974358974359,0.4358974358974359
10,clab-nebula-serf23,35,75,28,27,1,48,0.9642857142857143,0.36,0.35526315789473684
10,clab-nebula-serf23,40,91,28,28,0,63,1.0,0.3076923076923077,0.3076923076923077
10,clab-nebula-serf23,45,99,55,54,1,45,0.9818181818181818,0.5454545454545454,0.54
10,clab-nebula-serf23,50,117,53,52,1,65,0.9811320754716981,0.4444444444444444,0.4406779661016949
10,clab-nebula-serf23,55,122,53,53,0,69,1.0,0.4344262295081967,0.4344262295081967
10,clab-nebula-serf23,60,124,53,53,0,71,1.0,0.4274193548387097,0.4274193548387097
10,clab-nebula-serf39,5,2,0,0,0,2,0,0.0,0.0
10,clab-nebula-serf39,10,15,0,0,0,15,0,0.0,0.0
10,clab-nebula-serf39,15,53,0,0,0,53,0,0.0,0.0
10,clab-nebula-serf39,20,81,0,0,0,81,0,0.0,0.0
10,clab-nebula-serf39,25,90,0,0,0,90,0,0.0,0.0
10,clab-nebula-serf39,30,106,0,0,0,106,0,0.0,0.0
10,clab-nebula-serf39,35,119,0,0,0,119,0,0.0,0.0
10,clab-nebula-serf39,40,124,0,0,0,124,0,0.0,0.0
10,clab-nebula-serf39,45,138,0,0,0,138,0,0.0,0.0
10,clab-nebula-serf39,50,154,2,2,0,152,1.0,0.012987012987012988,0.012987012987012988
10,clab-nebula-serf39,55,155,2,2,0,153,1.0,0.012903225806451613,0.012903225806451613
10,clab-nebula-serf39,60,158,2,2,0,156,1.0,0.012658227848101266,0.012658227848101266
10,clab-nebula-serf62,5,0,0,0,0,0,0.0,0.0,0.0
10,clab-nebula-serf62,10,4,2,1,1,3,0.5,0.25,0.2
10,clab-nebula-serf62,15,13,5,4,1,9,0.8,0.3076923076923077,0.2857142857142857
10,clab-nebula-serf62,20,48,7,7,0,41,1.0,0.14583333333333334,0.14583333333333334
10,clab-nebula-serf62,25,73,19,19,0,54,1.0,0.2602739726027397,0.2602739726027397
10,clab-nebula-serf62,30,88,29,28,1,60,0.9655172413793104,0.3181818181818182,0.3146067415730337
10,clab-nebula-serf62,35,110,35,34,1,76,0.9714285714285714,0.3090909090909091,0.3063063063063063
10,clab-nebula-serf62,40,120,35,35,0,85,1.0,0.2916666666666667,0.2916666666666667
10,clab-nebula-serf62,45,124,36,36,0,88,1.0,0.2903225806451613,0.2903225806451613
10,clab-nebula-serf62,50,144,59,59,0,85,1.0,0.4097222222222222,0.4097222222222222
10,clab-nebula-serf62,55,154,59,59,0,95,1.0,0.38311688311688313,0.38311688311688313
10,clab-nebula-serf62,60,154,59,59,0,95,1.0,0.38311688311688313,0.38311688311688313
10,clab-nebula-serf107,5,0,0,0,0,0,0.0,0.0,0.0
10,clab-nebula-serf107,10,2,0,0,0,2,0,0.0,0.0
10,clab-nebula-serf107,15,6,0,0,0,6,0,0.0,0.0
10,clab-nebula-serf107,20,15,11,10,1,5,0.9090909090909091,0.6666666666666666,0.625
10,clab-nebula-serf107,25,40,11,10,1,30,0.9090909090909091,0.25,0.24390243902439024
10,clab-nebula-serf107,30,71,28,28,0,43,1.0,0.39436619718309857,0.39436619718309857
10,clab-nebula-serf107,35,104,29,29,0,75,1.0,0.27884615384615385,0.27884615384615385
10,clab-nebula-serf107,40,144,29,29,0,115,1.0,0.2013888888888889,0.2013888888888889
10,clab-nebula-serf107,45,149,29,29,0,120,1.0,0.19463087248322147,0.19463087248322147
10,clab-nebula-serf107,50,154,29,29,0,125,1.0,0.18831168831168832,0.18831168831168832
10,clab-nebula-serf107,55,157,29,29,0,128,1.0,0.18471337579617833,0.18471337579617833
10,clab-nebula-serf107,60,161,29,29,0,132,1.0,0.18012422360248448,0.18012422360248448
10,clab-nebula-serf115,5,0,0,0,0,0,0.0,0.0,0.0
10,clab-nebula-serf115,10,0,0,0,0,0,0.0,0.0,0.0
10,clab-nebula-serf115,15,0,0,0,0,0,0.0,0.0,0.0
10,clab-nebula-serf115,20,0,0,0,0,0,0.0,0.0,0.0
10,clab-nebula-serf115,25,0,0,0,0,0,0.0,0.0,0.0
10,clab-nebula-serf115,30,0,0,0,0,0,0.0,0.0,0.0
10,clab-nebula-serf115,35,1,0,0,0,1,0,0.0,0.0
10,clab-nebula-serf115,40,3,0,0,0,3,0,0.0,0.0
10,clab-nebula-serf115,45,6,1,1,0,5,1.0,0.16666666666666666,0.16666666666666666
10,clab-nebula-serf115,50,23,1,1,0,22,1.0,0.043478260869565216,0.043478260869565216
10,clab-nebula-serf115,55,57,1,1,0,56,1.0,0.017543859649122806,0.017543859649122806
10,clab-nebula-serf115,60,103,2,2,0,101,1.0,0.019417475728155338,0.019417475728155338
10,clab-nebula-serf151,5,0,0,0,0,0,0.0,0.0,0.0
10,clab-nebula-serf151,10,0,0,0,0,0,0.0,0.0,0.0
10,clab-nebula-serf151,15,1,1,0,1,1,0.0,0.0,0.0
10,clab-nebula-serf151,20,11,9,8,1,3,0.8888888888888888,0.7272727272727273,0.6666666666666666
10,clab-nebula-serf151,25,13,9,9,0,4,1.0,0.6923076923076923,0.6923076923076923
10,clab-nebula-serf151,30,23,9,9,0,14,1.0,0.391304347826087,0.391304347826087
10,clab-nebula-serf151,35,43,9,9,0,34,1.0,0.20930232558139536,0.20930232558139536
10,clab-nebula-serf151,40,55,9,9,0,46,1.0,0.16363636363636364,0.16363636363636364
10,clab-nebula-serf151,45,81,9,9,0,72,1.0,0.1111111111111111,0.1111111111111111
10,clab-nebula-serf151,50,114,9,9,0,105,1.0,0.07894736842105263,0.07894736842105263
10,clab-nebula-serf151,55,137,9,9,0,128,1.0,0.06569343065693431,0.06569343065693431
10,clab-nebula-serf151,60,148,10,10,0,138,1.0,0.06756756756756757,0.06756756756756757
10,clab-nebula-serf158,5,4,0,0,0,4,0,0.0,0.0
10,clab-nebula-serf158,10,4,0,0,0,4,0,0.0,0.0
10,clab-nebula-serf158,15,5,2,2,0,3,1.0,0.4,0.4
10,clab-nebula-serf158,20,8,5,5,0,3,1.0,0.625,0.625
10,clab-nebula-serf158,25,16,5,5,0,11,1.0,0.3125,0.3125
10,clab-nebula-serf158,30,34,5,5,0,29,1.0,0.14705882352941177,0.14705882352941177
10,clab-nebula-serf158,35,40,23,23,0,17,1.0,0.575,0.575
10,clab-nebula-serf158,40,52,26,25,1,27,0.9615384615384616,0.4807692307692308,0.4716981132075472
10,clab-nebula-serf158,45,68,35,34,1,34,0.9714285714285714,0.5,0.4927536231884058
10,clab-nebula-serf158,50,103,47,46,1,57,0.9787234042553191,0.44660194174757284,0.4423076923076923
10,clab-nebula-serf158,55,136,54,54,0,82,1.0,0.39705882352941174,0.39705882352941174
10,clab-nebula-serf158,60,148,54,54,0,94,1.0,0.36486486486486486,0.36486486486486486
10,clab-nebula-serf28,5,0,0,0,0,0,0.0,0.0,0.0
10,clab-nebula-serf28,10,1,0,0,0,1,0,0.0,0.0
10,clab-nebula-serf28,15,2,1,0,1,2,0.0,0.0,0.0
10,clab-nebula-serf28,20,4,1,1,0,3,1.0,0.25,0.25
10,clab-nebula-serf28,25,7,1,1,0,6,1.0,0.14285714285714285,0.14285714285714285
10,clab-nebula-serf28,30,19,1,1,0,18,1.0,0.05263157894736842,0.05263157894736842
10,clab-nebula-serf28,35,29,2,2,0,27,1.0,0.06896551724137931,0.06896551724137931
10,clab-nebula-serf28,40,61,2,2,0,59,1.0,0.03278688524590164,0.03278688524590164
10,clab-nebula-serf28,45,91,2,2,0,89,1.0,0.02197802197802198,0.02197802197802198
10,clab-nebula-serf28,50,95,2,2,0,93,1.0,0.021052631578947368,0.021052631578947368
10,clab-nebula-serf28,55,111,2,2,0,109,1.0,0.018018018018018018,0.018018018018018018
10,clab-nebula-serf28,60,121,2,2,0,119,1.0,0.01652892561983471,0.01652892561983471
10,clab-nebula-serf29,5,0,0,0,0,0,0.0,0.0,0.0
10,clab-nebula-serf29,10,2,0,0,0,2,0,0.0,0.0
10,clab-nebula-serf29,15,6,0,0,0,6,0,0.0,0.0
10,clab-nebula-serf29,20,14,0,0,0,14,0,0.0,0.0
10,clab-nebula-serf29,25,23,0,0,0,23,0,0.0,0.0
10,clab-nebula-serf29,30,39,2,2,0,37,1.0,0.05128205128205128,0.05128205128205128
10,clab-nebula-serf29,35,79,2,2,0,77,1.0,0.02531645569620253,0.02531645569620253
10,clab-nebula-serf29,40,92,2,2,0,90,1.0,0.021739130434782608,0.021739130434782608
10,clab-nebula-serf29,45,98,2,2,0,96,1.0,0.02040816326530612,0.02040816326530612
10,clab-nebula-serf29,50,115,2,2,0,113,1.0,0.017391304347826087,0.017391304347826087
10,clab-nebula-serf29,55,122,2,2,0,120,1.0,0.01639344262295082,0.01639344262295082
10,clab-nebula-serf29,60,125,2,2,0,123,1.0,0.016,0.016
