hilbert_order,q_node,t,gt,found,tp,fp,fn,precision,recall,jaccard
2,clab-nebula-serf130,5,0,0,0,0,0,0,0,0
2,clab-nebula-serf130,10,0,0,0,0,0,0,0,0
2,clab-nebula-serf130,15,0,0,0,0,0,0,0,0
2,clab-nebula-serf130,20,13,0,0,0,13,0,0.0,0.0
2,clab-nebula-serf130,25,14,11,11,0,3,1.0,0.7857142857142857,0.7857142857142857
2,clab-nebula-serf130,30,24,11,11,0,13,1.0,0.4583333333333333,0.4583333333333333
2,clab-nebula-serf130,35,41,50,20,30,21,0.4,0.4878048780487805,0.28169014084507044
2,clab-nebula-serf130,40,53,101,34,67,19,0.33663366336633666,0.6415094339622641,0.2833333333333333
2,clab-nebula-serf130,45,84,106,60,46,24,0.5660377358490566,0.7142857142857143,0.46153846153846156
2,clab-nebula-serf130,50,111,134,87,47,24,0.6492537313432836,0.7837837837837838,0.5506329113924051
2,clab-nebula-serf130,55,136,134,112,22,24,0.835820895522388,0.8235294117647058,0.7088607594936709
2,clab-nebula-serf130,60,146,66,59,7,87,0.8939393939393939,0.4041095890410959,0.38562091503267976
2,clab-nebula-serf161,5,4,0,0,0,4,0,0,0
2,clab-nebula-serf161,10,4,0,0,0,4,0,0.0,0.0
2,clab-nebula-serf161,15,5,12,0,12,5,0.0,0.0,0.0
2,clab-nebula-serf161,20,10,16,1,15,9,0.0625,0.1,0.04
2,clab-nebula-serf161,25,22,63,10,53,12,0.15873015873015872,0.45454545454545453,0.13333333333333333
2,clab-nebula-serf161,30,36,57,19,38,17,0.3333333333333333,0.5277777777777778,0.25675675675675674
2,clab-nebula-serf161,35,42,100,25,75,17,0.25,0.5952380952380952,0.21367521367521367
2,clab-nebula-serf161,40,58,126,33,93,25,0.2619047619047619,0.5689655172413793,0.2185430463576159
2,clab-nebula-serf161,45,79,133,54,79,25,0.40601503759398494,0.6835443037974683,0.34177215189873417
2,clab-nebula-serf161,50,117,133,92,41,25,0.6917293233082706,0.7863247863247863,0.5822784810126582
2,clab-nebula-serf161,55,139,65,57,8,82,0.8769230769230769,0.41007194244604317,0.3877551020408163
2,clab-nebula-serf161,60,149,65,60,5,89,0.9230769230769231,0.40268456375838924,0.38961038961038963
2,clab-nebula-serf32,5,3,0,0,0,3,0,0.0,0.0
2,clab-nebula-serf32,10,19,0,0,0,19,0,0.0,0.0
2,clab-nebula-serf32,15,32,30,10,20,22,0.3333333333333333,0.3125,0.19230769230769232
2,clab-nebula-serf32,20,59,49,42,7,17,0.8571428571428571,0.711864406779661,0.6363636363636364
2,clab-nebula-serf32,25,88,70,66,4,22,0.9428571428571428,0.75,0.717391304347826
2,clab-nebula-serf32,30,95,70,70,0,25,1.0,0.7368421052631579,0.7368421052631579
2,clab-nebula-serf32,35,108,71,42,29,66,0.5915492957746479,0.3888888888888889,0.30656934306569344
2,clab-nebula-serf32,40,121,71,54,17,67,0.7605633802816901,0.4462809917355372,0.391304347826087
2,clab-nebula-serf32,45,124,66,51,15,73,0.7727272727272727,0.4112903225806452,0.3669064748201439
2,clab-nebula-serf32,50,137,66,55,11,82,0.8333333333333334,0.40145985401459855,0.3716216216216216
2,clab-nebula-serf32,55,154,66,66,0,88,1.0,0.42857142857142855,0.42857142857142855
2,clab-nebula-serf32,60,155,161,155,6,0,0.9627329192546584,1.0,0.9627329192546584
2,clab-nebula-serf63,5,0,0,0,0,0,0,0,0
2,clab-nebula-serf63,10,0,0,0,0,0,0,0,0
2,clab-nebula-serf63,15,6,0,0,0,6,0,0,0
2,clab-nebula-serf63,20,32,0,0,0,32,0,0.0,0.0
2,clab-nebula-serf63,25,64,24,20,4,44,0.8333333333333334,0.3125,0.29411764705882354
2,clab-nebula-serf63,30,84,28,25,3,59,0.8928571428571429,0.2976190476190476,0.28735632183908044
2,clab-nebula-serf63,35,103,44,43,1,60,0.9772727272727273,0.4174757281553398,0.41346153846153844
2,clab-nebula-serf63,40,119,115,112,3,7,0.9739130434782609,0.9411764705882353,0.9180327868852459
2,clab-nebula-serf63,45,124,66,51,15,73,0.7727272727272727,0.4112903225806452,0.3669064748201439
2,clab-nebula-serf63,50,128,66,53,13,75,0.803030303030303,0.4140625,0.375886524822695
2,clab-nebula-serf63,55,154,65,65,0,89,1.0,0.42207792207792205,0.42207792207792205
2,clab-nebula-serf63,60,154,65,65,0,89,1.0,0.42207792207792205,0.42207792207792205
2,clab-nebula-serf45,5,2,0,0,0,2,0,0,0
2,clab-nebula-serf45,10,8,0,0,0,8,0,0.0,0.0
2,clab-nebula-serf45,15,22,0,0,0,22,0,0.0,0.0
2,clab-nebula-serf45,20,40,24,13,11,27,0.5416666666666666,0.325,0.2549019607843137
2,clab-nebula-serf45,25,80,64,58,6,22,0.90625,0.725,0.6744186046511628
2,clab-nebula-serf45,30,90,70,64,6,26,0.9142857142857143,0.7111111111111111,0.6666666666666666
2,clab-nebula-serf45,35,118,115,111,4,7,0.9652173913043478,0.940677966101695,0.9098360655737705
2,clab-nebula-serf45,40,121,71,54,17,67,0.7605633802816901,0.4462809917355372,0.391304347826087
2,clab-nebula-serf45,45,124,67,52,15,72,0.7761194029850746,0.41935483870967744,0.37410071942446044
2,clab-nebula-serf45,50,145,66,59,7,86,0.8939393939393939,0.4068965517241379,0.3881578947368421
2,clab-nebula-serf45,55,154,161,154,7,0,0.9565217391304348,1.0,0.9565217391304348
2,clab-nebula-serf45,60,155,161,155,6,0,0.9627329192546584,1.0,0.9627329192546584
2,clab-nebula-serf49,5,4,0,0,0,4,0,0.0,0.0
2,clab-nebula-serf49,10,14,0,0,0,14,0,0.0,0.0
2,clab-nebula-serf49,15,30,0,0,0,30,0,0.0,0.0
2,clab-nebula-serf49,20,67,30,24,6,43,0.8,0.3582089552238806,0.3287671232876712
2,clab-nebula-serf49,25,84,68,60,8,24,0.8823529411764706,0.7142857142857143,0.6521739130434783
2,clab-nebula-serf49,30,106,115,100,15,6,0.8695652173913043,0.9433962264150944,0.8264462809917356
2,clab-nebula-serf49,35,121,115,114,1,7,0.991304347826087,0.9421487603305785,0.9344262295081968
2,clab-nebula-serf49,40,124,67,52,15,72,0.7761194029850746,0.41935483870967744,0.37410071942446044
2,clab-nebula-serf49,45,135,67,54,13,81,0.8059701492537313,0.4,0.36486486486486486
2,clab-nebula-serf49,50,154,66,66,0,88,1.0,0.42857142857142855,0.42857142857142855
2,clab-nebula-serf49,55,154,161,154,7,0,0.9565217391304348,1.0,0.9565217391304348
2,clab-nebula-serf49,60,157,161,157,4,0,0.9751552795031055,1.0,0.9751552795031055
2,clab-nebula-serf83,5,0,0,0,0,0,0,0,0
2,clab-nebula-serf83,10,3,0,0,0,3,0,0.0,0.0
2,clab-nebula-serf83,15,14,0,0,0,14,0,0.0,0.0
2,clab-nebula-serf83,20,33,4,4,0,29,1.0,0.12121212121212122,0.12121212121212122
2,clab-nebula-serf83,25,50,27,23,4,27,0.8518518518518519,0.46,0.42592592592592593
2,clab-nebula-serf83,30,79,27,26,1,53,0.9629629629629629,0.3291139240506329,0.325
2,clab-nebula-serf83,35,109,103,80,23,29,0.7766990291262136,0.7339449541284404,0.6060606060606061
2,clab-nebula-serf83,40,119,103,85,18,34,0.8252427184466019,0.7142857142857143,0.6204379562043796
2,clab-nebula-serf83,45,128,66,56,10,72,0.8484848484848485,0.4375,0.4057971014492754
2,clab-nebula-serf83,50,140,66,64,2,76,0.9696969696969697,0.45714285714285713,0.4507042253521127
2,clab-nebula-serf83,55,154,66,66,0,88,1.0,0.42857142857142855,0.42857142857142855
2,clab-nebula-serf83,60,156,161,156,5,0,0.968944099378882,1.0,0.968944099378882
2,clab-nebula-serf91,5,3,0,0,0,3,0,0,0
2,clab-nebula-serf91,10,17,0,0,0,17,0,0.0,0.0
2,clab-nebula-serf91,15,36,4,4,0,32,1.0,0.1111111111111111,0.1111111111111111
2,clab-nebula-serf91,20,56,27,25,2,31,0.9259259259259259,0.44642857142857145,0.43103448275862066
2,clab-nebula-serf91,25,81,27,26,1,55,0.9629629629629629,0.32098765432098764,0.3170731707317073
2,clab-nebula-serf91,30,112,88,84,4,28,0.9545454545454546,0.75,0.7241379310344828
2,clab-nebula-serf91,35,119,103,85,18,34,0.8252427184466019,0.7142857142857143,0.6204379562043796
2,clab-nebula-serf91,40,129,66,56,10,73,0.8484848484848485,0.43410852713178294,0.4028776978417266
2,clab-nebula-serf91,45,146,66,66,0,80,1.0,0.4520547945205479,0.4520547945205479
2,clab-nebula-serf91,50,154,66,66,0,88,1.0,0.42857142857142855,0.42857142857142855
2,clab-nebula-serf91,55,157,161,157,4,0,0.9751552795031055,1.0,0.9751552795031055
2,clab-nebula-serf91,60,161,161,161,0,0,1.0,1.0,1.0
2,clab-nebula-serf136,5,0,0,0,0,0,0,0,0
2,clab-nebula-serf136,10,0,0,0,0,0,0,0,0
2,clab-nebula-serf136,15,2,0,0,0,2,0,0.0,0.0
2,clab-nebula-serf136,20,14,0,0,0,14,0,0.0,0.0
2,clab-nebula-serf136,25,18,11,11,0,7,1.0,0.6111111111111112,0.6111111111111112
2,clab-nebula-serf136,30,28,11,11,0,17,1.0,0.39285714285714285,0.39285714285714285
2,clab-nebula-serf136,35,45,105,27,78,18,0.2571428571428571,0.6,0.21951219512195122
2,clab-nebula-serf136,40,66,101,42,59,24,0.4158415841584158,0.6363636363636364,0.336
2,clab-nebula-serf136,45,95,106,70,36,25,0.660377358490566,0.7368421052631579,0.5343511450381679
2,clab-nebula-serf136,50,124,134,100,34,24,0.746268656716418,0.8064516129032258,0.6329113924050633
2,clab-nebula-serf136,55,137,134,113,21,24,0.8432835820895522,0.8248175182481752,0.7151898734177216
2,clab-nebula-serf136,60,149,66,61,5,88,0.9242424242424242,0.40939597315436244,0.3961038961038961
2,clab-nebula-serf146,5,0,0,0,0,0,0,0,0
2,clab-nebula-serf146,10,0,0,0,0,0,0,0,0
2,clab-nebula-serf146,15,1,0,0,0,1,0,0.0,0.0
2,clab-nebula-serf146,20,5,0,0,0,5,0,0.0,0.0
2,clab-nebula-serf146,25,8,0,0,0,8,0,0.0,0.0
2,clab-nebula-serf146,30,16,0,0,0,16,0,0.0,0.0
2,clab-nebula-serf146,35,44,62,28,34,16,0.45161290322580644,0.6363636363636364,0.358974358974359
2,clab-nebula-serf146,40,58,101,34,67,24,0.33663366336633666,0.5862068965517241,0.272
2,clab-nebula-serf146,45,78,101,53,48,25,0.5247524752475248,0.6794871794871795,0.42063492063492064
2,clab-nebula-serf146,50,114,127,90,37,24,0.7086614173228346,0.7894736842105263,0.5960264900662252
2,clab-nebula-serf146,55,137,135,113,22,24,0.837037037037037,0.8248175182481752,0.710691823899371
2,clab-nebula-serf146,60,146,67,59,8,87,0.8805970149253731,0.4041095890410959,0.38311688311688313
2,clab-nebula-serf12,5,0,0,0,0,0,0,0,0
2,clab-nebula-serf12,10,5,0,0,0,5,0,0.0,0.0
2,clab-nebula-serf12,15,19,0,0,0,19,0,0.0,0.0
2,clab-nebula-serf12,20,38,24,10,14,28,0.4166666666666667,0.2631578947368421,0.19230769230769232
2,clab-nebula-serf12,25,71,41,35,6,36,0.8536585365853658,0.49295774647887325,0.45454545454545453
2,clab-nebula-serf12,30,88,49,48,1,40,0.9795918367346939,0.5454545454545454,0.5393258426966292
2,clab-nebula-serf12,35,102,51,51,0,51,1.0,0.5,0.5
2,clab-nebula-serf12,40,119,68,49,19,70,0.7205882352941176,0.4117647058823529,0.35507246376811596
2,clab-nebula-serf12,45,121,66,49,17,72,0.7424242424242424,0.4049586776859504,0.35507246376811596
2,clab-nebula-serf12,50,127,66,52,14,75,0.7878787878787878,0.4094488188976378,0.36879432624113473
2,clab-nebula-serf12,55,153,66,66,0,87,1.0,0.43137254901960786,0.43137254901960786
2,clab-nebula-serf12,60,155,161,155,6,0,0.9627329192546584,1.0,0.9627329192546584
2,clab-nebula-serf19,5,0,0,0,0,0,0,0,0
2,clab-nebula-serf19,10,5,0,0,0,5,0,0.0,0.0
2,clab-nebula-serf19,15,23,0,0,0,23,0,0.0,0.0
2,clab-nebula-serf19,20,44,24,11,13,33,0.4583333333333333,0.25,0.19298245614035087
2,clab-nebula-serf19,25,73,43,35,8,38,0.813953488372093,0.4794520547945205,0.43209876543209874
2,clab-nebula-serf19,30,90,51,50,1,40,0.9803921568627451,0.5555555555555556,0.5494505494505495
2,clab-nebula-serf19,35,105,90,81,9,24,0.9,0.7714285714285715,0.7105263157894737
2,clab-nebula-serf19,40,120,70,52,18,68,0.7428571428571429,0.43333333333333335,0.37681159420289856
2,clab-nebula-serf19,45,123,66,50,16,73,0.7575757575757576,0.4065040650406504,0.3597122302158273
2,clab-nebula-serf19,50,142,66,59,7,83,0.8939393939393939,0.4154929577464789,0.3959731543624161
2,clab-nebula-serf19,55,153,66,66,0,87,1.0,0.43137254901960786,0.43137254901960786
2,clab-nebula-serf19,60,157,161,157,4,0,0.9751552795031055,1.0,0.9751552795031055
2,clab-nebula-serf80,5,0,0,0,0,0,0,0,0
2,clab-nebula-serf80,10,14,0,0,0,14,0,0.0,0.0
2,clab-nebula-serf80,15,32,2,0,2,32,0.0,0.0,0.0
2,clab-nebula-serf80,20,55,28,23,5,32,0.8214285714285714,0.41818181818181815,0.38333333333333336
2,clab-nebula-serf80,25,84,28,27,1,57,0.9642857142857143,0.32142857142857145,0.3176470588235294
2,clab-nebula-serf80,30,110,82,77,5,33,0.9390243902439024,0.7,0.6695652173913044
2,clab-nebula-serf80,35,120,66,48,18,72,0.7272727272727273,0.4,0.34782608695652173
2,clab-nebula-serf80,40,127,66,54,12,73,0.8181818181818182,0.4251968503937008,0.38848920863309355
2,clab-nebula-serf80,45,152,65,65,0,87,1.0,0.4276315789473684,0.4276315789473684
2,clab-nebula-serf80,50,154,65,65,0,89,1.0,0.42207792207792205,0.42207792207792205
2,clab-nebula-serf80,55,156,161,156,5,0,0.968944099378882,1.0,0.968944099378882
2,clab-nebula-serf80,60,159,161,159,2,0,0.9875776397515528,1.0,0.9875776397515528
2,clab-nebula-serf111,5,1,0,0,0,1,0,0,0
2,clab-nebula-serf111,10,7,0,0,0,7,0,0.0,0.0
2,clab-nebula-serf111,15,17,0,0,0,17,0,0.0,0.0
2,clab-nebula-serf111,20,47,30,26,4,21,0.8666666666666667,0.5531914893617021,0.5098039215686274
2,clab-nebula-serf111,25,73,81,57,24,16,0.7037037037037037,0.7808219178082192,0.5876288659793815
2,clab-nebula-serf111,30,111,88,80,8,31,0.9090909090909091,0.7207207207207207,0.6722689075630253
2,clab-nebula-serf111,35,145,134,126,8,19,0.9402985074626866,0.8689655172413793,0.8235294117647058
2,clab-nebula-serf111,40,150,133,125,8,25,0.9398496240601504,0.8333333333333334,0.7911392405063291
2,clab-nebula-serf111,45,154,66,60,6,94,0.9090909090909091,0.38961038961038963,0.375
2,clab-nebula-serf111,50,158,161,158,3,0,0.9813664596273292,1.0,0.9813664596273292
2,clab-nebula-serf111,55,161,161,161,0,0,1.0,1.0,1.0
2,clab-nebula-serf111,60,161,161,161,0,0,1.0,1.0,1.0
2,clab-nebula-serf109,5,3,0,0,0,3,0,0,0
2,clab-nebula-serf109,10,8,0,0,0,8,0,0.0,0.0
2,clab-nebula-serf109,15,26,0,0,0,26,0,0.0,0.0
2,clab-nebula-serf109,20,58,58,41,17,17,0.7068965517241379,0.7068965517241379,0.5466666666666666
2,clab-nebula-serf109,25,87,82,66,16,21,0.8048780487804879,0.7586206896551724,0.6407766990291263
2,clab-nebula-serf109,30,130,107,98,9,32,0.9158878504672897,0.7538461538461538,0.7050359712230215
2,clab-nebula-serf109,35,145,134,126,8,19,0.9402985074626866,0.8689655172413793,0.8235294117647058
2,clab-nebula-serf109,40,153,134,128,6,25,0.9552238805970149,0.8366013071895425,0.8050314465408805
2,clab-nebula-serf109,45,155,161,155,6,0,0.9627329192546584,1.0,0.9627329192546584
2,clab-nebula-serf109,50,159,161,159,2,0,0.9875776397515528,1.0,0.9875776397515528
2,clab-nebula-serf109,55,161,161,161,0,0,1.0,1.0,1.0
2,clab-nebula-serf109,60,161,161,161,0,0,1.0,1.0,1.0
2,clab-nebula-serf147,5,0,0,0,0,0,0,0,0
2,clab-nebula-serf147,10,0,0,0,0,0,0,0,0
2,clab-nebula-serf147,15,2,0,0,0,2,0,0.0,0.0
2,clab-nebula-serf147,20,12,0,0,0,12,0,0.0,0.0
2,clab-nebula-serf147,25,14,51,2,49,12,0.0392156862745098,0.14285714285714285,0.031746031746031744
2,clab-nebula-serf147,30,27,63,12,51,15,0.19047619047619047,0.4444444444444444,0.15384615384615385
2,clab-nebula-serf147,35,48,82,48,34,0,0.5853658536585366,1.0,0.5853658536585366
2,clab-nebula-serf147,40,59,126,34,92,25,0.2698412698412698,0.576271186440678,0.2251655629139073
2,clab-nebula-serf147,45,87,133,62,71,25,0.46616541353383456,0.7126436781609196,0.3924050632911392
2,clab-nebula-serf147,50,120,133,95,38,25,0.7142857142857143,0.7916666666666666,0.6012658227848101
2,clab-nebula-serf147,55,141,133,116,17,25,0.8721804511278195,0.8226950354609929,0.7341772151898734
2,clab-nebula-serf147,60,152,134,127,7,25,0.9477611940298507,0.8355263157894737,0.7987421383647799
2,clab-nebula-serf4,5,1,0,0,0,1,0,0,0
2,clab-nebula-serf4,10,2,0,0,0,2,0,0.0,0.0
2,clab-nebula-serf4,15,9,0,0,0,9,0,0.0,0.0
2,clab-nebula-serf4,20,16,1,1,0,15,1.0,0.0625,0.0625
2,clab-nebula-serf4,25,23,1,1,0,22,1.0,0.043478260869565216,0.043478260869565216
2,clab-nebula-serf4,30,47,47,31,16,16,0.6595744680851063,0.6595744680851063,0.49206349206349204
2,clab-nebula-serf4,35,82,50,47,3,35,0.94,0.573170731707317,0.5529411764705883
2,clab-nebula-serf4,40,92,50,50,0,42,1.0,0.5434782608695652,0.5434782608695652
2,clab-nebula-serf4,45,109,89,85,4,24,0.9550561797752809,0.7798165137614679,0.7522123893805309
2,clab-nebula-serf4,50,120,66,48,18,72,0.7272727272727273,0.4,0.34782608695652173
2,clab-nebula-serf4,55,123,66,50,16,73,0.7575757575757576,0.4065040650406504,0.3597122302158273
2,clab-nebula-serf4,60,141,66,58,8,83,0.8787878787878788,0.41134751773049644,0.38926174496644295
2,clab-nebula-serf100,5,6,0,0,0,6,0,0,0
2,clab-nebula-serf100,10,7,0,0,0,7,0,0.0,0.0
2,clab-nebula-serf100,15,8,0,0,0,8,0,0.0,0.0
2,clab-nebula-serf100,20,14,7,7,0,7,1.0,0.5,0.5
2,clab-nebula-serf100,25,25,80,18,62,7,0.225,0.72,0.20689655172413793
2,clab-nebula-serf100,30,59,88,52,36,7,0.5909090909090909,0.8813559322033898,0.5473684210526316
2,clab-nebula-serf100,35,89,93,75,18,14,0.8064516129032258,0.8426966292134831,0.7009345794392523
2,clab-nebula-serf100,40,137,134,113,21,24,0.8432835820895522,0.8248175182481752,0.7151898734177216
2,clab-nebula-serf100,45,150,134,126,8,24,0.9402985074626866,0.84,0.7974683544303798
2,clab-nebula-serf100,50,159,161,159,2,0,0.9875776397515528,1.0,0.9875776397515528
2,clab-nebula-serf100,55,160,161,160,1,0,0.9937888198757764,1.0,0.9937888198757764
2,clab-nebula-serf100,60,161,161,161,0,0,1.0,1.0,1.0
2,clab-nebula-serf75,5,0,0,0,0,0,0,0,0
2,clab-nebula-serf75,10,7,0,0,0,7,0,0,0
2,clab-nebula-serf75,15,26,0,0,0,26,0,0.0,0.0
2,clab-nebula-serf75,20,41,4,0,4,41,0.0,0.0,0.0
2,clab-nebula-serf75,25,76,28,27,1,49,0.9642857142857143,0.35526315789473684,0.35064935064935066
2,clab-nebula-serf75,30,100,28,28,0,72,1.0,0.28,0.28
2,clab-nebula-serf75,35,115,82,80,2,35,0.975609756097561,0.6956521739130435,0.6837606837606838
2,clab-nebula-serf75,40,122,66,50,16,72,0.7575757575757576,0.4098360655737705,0.36231884057971014
2,clab-nebula-serf75,45,135,65,60,5,75,0.9230769230769231,0.4444444444444444,0.42857142857142855
2,clab-nebula-serf75,50,154,65,65,0,89,1.0,0.42207792207792205,0.42207792207792205
2,clab-nebula-serf75,55,155,161,155,6,0,0.9627329192546584,1.0,0.9627329192546584
2,clab-nebula-serf75,60,158,161,158,3,0,0.9813664596273292,1.0,0.9813664596273292
2,clab-nebula-serf89,5,3,0,0,0,3,0,0.0,0.0
2,clab-nebula-serf89,10,3,0,0,0,3,0,0.0,0.0
2,clab-nebula-serf89,15,8,1,1,0,7,1.0,0.125,0.125
2,clab-nebula-serf89,20,18,3,3,0,15,1.0,0.16666666666666666,0.16666666666666666
2,clab-nebula-serf89,25,41,27,18,9,23,0.6666666666666666,0.43902439024390244,0.36
2,clab-nebula-serf89,30,71,26,24,2,47,0.9230769230769231,0.3380281690140845,0.3287671232876712
2,clab-nebula-serf89,35,97,104,71,33,26,0.6826923076923077,0.7319587628865979,0.5461538461538461
2,clab-nebula-serf89,40,119,66,47,19,72,0.7121212121212122,0.3949579831932773,0.34057971014492755
2,clab-nebula-serf89,45,127,66,55,11,72,0.8333333333333334,0.4330708661417323,0.39855072463768115
2,clab-nebula-serf89,50,137,66,63,3,74,0.9545454545454546,0.45985401459854014,0.45
2,clab-nebula-serf89,55,154,66,66,0,88,1.0,0.42857142857142855,0.42857142857142855
2,clab-nebula-serf89,60,158,161,158,3,0,0.9813664596273292,1.0,0.9813664596273292
2,clab-nebula-serf101,5,4,0,0,0,4,0,0,0
2,clab-nebula-serf101,10,7,0,0,0,7,0,0.0,0.0
2,clab-nebula-serf101,15,7,0,0,0,7,0,0.0,0.0
2,clab-nebula-serf101,20,10,7,7,0,3,1.0,0.7,0.7
2,clab-nebula-serf101,25,22,38,16,22,6,0.42105263157894735,0.7272727272727273,0.36363636363636365
2,clab-nebula-serf101,30,47,88,41,47,6,0.4659090909090909,0.8723404255319149,0.43617021276595747
2,clab-nebula-serf101,35,79,93,67,26,12,0.7204301075268817,0.8481012658227848,0.638095238095238
2,clab-nebula-serf101,40,131,106,94,12,37,0.8867924528301887,0.7175572519083969,0.6573426573426573
2,clab-nebula-serf101,45,148,134,124,10,24,0.9253731343283582,0.8378378378378378,0.7848101265822784
2,clab-nebula-serf101,50,157,161,157,4,0,0.9751552795031055,1.0,0.9751552795031055
2,clab-nebula-serf101,55,160,161,160,1,0,0.9937888198757764,1.0,0.9937888198757764
2,clab-nebula-serf101,60,161,161,161,0,0,1.0,1.0,1.0
2,clab-nebula-serf105,5,1,0,0,0,1,0,0,0
2,clab-nebula-serf105,10,3,0,0,0,3,0,0,0
2,clab-nebula-serf105,15,8,0,0,0,8,0,0.0,0.0
2,clab-nebula-serf105,20,25,0,0,0,25,0,0.0,0.0
2,clab-nebula-serf105,25,54,30,28,2,26,0.9333333333333333,0.5185185185185185,0.5
2,clab-nebula-serf105,30,86,82,65,17,21,0.7926829268292683,0.7558139534883721,0.6310679611650486
2,clab-nebula-serf105,35,123,88,82,6,41,0.9318181818181818,0.6666666666666666,0.6356589147286822
2,clab-nebula-serf105,40,145,134,126,8,19,0.9402985074626866,0.8689655172413793,0.8235294117647058
2,clab-nebula-serf105,45,153,134,128,6,25,0.9552238805970149,0.8366013071895425,0.8050314465408805
2,clab-nebula-serf105,50,155,161,155,6,0,0.9627329192546584,1.0,0.9627329192546584
2,clab-nebula-serf105,55,160,161,160,1,0,0.9937888198757764,1.0,0.9937888198757764
2,clab-nebula-serf105,60,161,161,161,0,0,1.0,1.0,1.0
2,clab-nebula-serf65,5,0,0,0,0,0,0,0,0
2,clab-nebula-serf65,10,0,0,0,0,0,0,0,0
2,clab-nebula-serf65,15,0,0,0,0,0,0,0,0
2,clab-nebula-serf65,20,23,0,0,0,23,0,0.0,0.0
2,clab-nebula-serf65,25,62,28,23,5,39,0.8214285714285714,0.3709677419354839,0.34328358208955223
2,clab-nebula-serf65,30,95,43,39,4,56,0.9069767441860465,0.4105263157894737,0.3939393939393939
2,clab-nebula-serf65,35,115,88,83,5,32,0.9431818181818182,0.7217391304347827,0.6916666666666667
2,clab-nebula-serf65,40,122,115,114,1,8,0.991304347826087,0.9344262295081968,0.926829268292683
2,clab-nebula-serf65,45,126,66,53,13,73,0.803030303030303,0.42063492063492064,0.381294964028777
2,clab-nebula-serf65,50,152,66,66,0,86,1.0,0.4342105263157895,0.4342105263157895
2,clab-nebula-serf65,55,154,161,154,7,0,0.9565217391304348,1.0,0.9565217391304348
2,clab-nebula-serf65,60,155,161,155,6,0,0.9627329192546584,1.0,0.9627329192546584
2,clab-nebula-serf68,5,0,0,0,0,0,0,0,0
2,clab-nebula-serf68,10,5,0,0,0,5,0,0,0
2,clab-nebula-serf68,15,27,0,0,0,27,0,0.0,0.0
2,clab-nebula-serf68,20,42,2,0,2,42,0.0,0.0,0.0
2,clab-nebula-serf68,25,79,28,27,1,52,0.9642857142857143,0.34177215189873417,0.3375
2,clab-nebula-serf68,30,103,44,41,3,62,0.9318181818181818,0.39805825242718446,0.3867924528301887
2,clab-nebula-serf68,35,116,82,81,1,35,0.9878048780487805,0.6982758620689655,0.6923076923076923
2,clab-nebula-serf68,40,122,66,50,16,72,0.7575757575757576,0.4098360655737705,0.36231884057971014
2,clab-nebula-serf68,45,135,65,60,5,75,0.9230769230769231,0.4444444444444444,0.42857142857142855
2,clab-nebula-serf68,50,154,65,65,0,89,1.0,0.42207792207792205,0.42207792207792205
2,clab-nebula-serf68,55,154,161,154,7,0,0.9565217391304348,1.0,0.9565217391304348
2,clab-nebula-serf68,60,158,161,158,3,0,0.9813664596273292,1.0,0.9813664596273292
2,clab-nebula-serf94,5,2,0,0,0,2,0,0,0
2,clab-nebula-serf94,10,17,0,0,0,17,0,0.0,0.0
2,clab-nebula-serf94,15,36,4,4,0,32,1.0,0.1111111111111111,0.1111111111111111
2,clab-nebula-serf94,20,57,27,25,2,32,0.9259259259259259,0.43859649122807015,0.423728813559322
2,clab-nebula-serf94,25,81,27,26,1,55,0.9629629629629629,0.32098765432098764,0.3170731707317073
2,clab-nebula-serf94,30,105,43,40,3,65,0.9302325581395349,0.38095238095238093,0.37037037037037035
2,clab-nebula-serf94,35,119,103,85,18,34,0.8252427184466019,0.7142857142857143,0.6204379562043796
2,clab-nebula-serf94,40,129,67,57,10,72,0.8507462686567164,0.4418604651162791,0.41007194244604317
2,clab-nebula-serf94,45,145,66,64,2,81,0.9696969696969697,0.4413793103448276,0.43537414965986393
2,clab-nebula-serf94,50,154,66,66,0,88,1.0,0.42857142857142855,0.42857142857142855
2,clab-nebula-serf94,55,157,161,157,4,0,0.9751552795031055,1.0,0.9751552795031055
2,clab-nebula-serf94,60,161,161,161,0,0,1.0,1.0,1.0
2,clab-nebula-serf103,5,7,0,0,0,7,0,0.0,0.0
2,clab-nebula-serf103,10,7,0,0,0,7,0,0.0,0.0
2,clab-nebula-serf103,15,8,0,0,0,8,0,0.0,0.0
2,clab-nebula-serf103,20,16,7,7,0,9,1.0,0.4375,0.4375
2,clab-nebula-serf103,25,27,80,20,60,7,0.25,0.7407407407407407,0.22988505747126436
2,clab-nebula-serf103,30,63,88,54,34,9,0.6136363636363636,0.8571428571428571,0.5567010309278351
2,clab-nebula-serf103,35,102,93,79,14,23,0.8494623655913979,0.7745098039215687,0.6810344827586207
2,clab-nebula-serf103,40,140,134,116,18,24,0.8656716417910447,0.8285714285714286,0.7341772151898734
2,clab-nebula-serf103,45,150,134,126,8,24,0.9402985074626866,0.84,0.7974683544303798
2,clab-nebula-serf103,50,159,161,159,2,0,0.9875776397515528,1.0,0.9875776397515528
2,clab-nebula-serf103,55,161,161,161,0,0,1.0,1.0,1.0
2,clab-nebula-serf103,60,161,161,161,0,0,1.0,1.0,1.0
2,clab-nebula-serf117,5,0,0,0,0,0,0,0,0
2,clab-nebula-serf117,10,0,0,0,0,0,0,0,0
2,clab-nebula-serf117,15,0,0,0,0,0,0,0,0
2,clab-nebula-serf117,20,0,1,0,1,0,0.0,0,0.0
2,clab-nebula-serf117,25,1,0,0,0,1,0,0.0,0.0
2,clab-nebula-serf117,30,3,0,0,0,3,0,0.0,0.0
2,clab-nebula-serf117,35,3,2,1,1,2,0.5,0.3333333333333333,0.25
2,clab-nebula-serf117,40,3,88,1,87,2,0.011363636363636364,0.3333333333333333,0.011111111111111112
2,clab-nebula-serf117,45,10,88,7,81,3,0.07954545454545454,0.7,0.07692307692307693
2,clab-nebula-serf117,50,21,96,18,78,3,0.1875,0.8571428571428571,0.18181818181818182
2,clab-nebula-serf117,55,45,96,38,58,7,0.3958333333333333,0.8444444444444444,0.36893203883495146
2,clab-nebula-serf117,60,68,161,68,93,0,0.422360248447205,1.0,0.422360248447205
2,clab-nebula-serf127,5,0,0,0,0,0,0,0,0
2,clab-nebula-serf127,10,4,0,0,0,4,0,0.0,0.0
2,clab-nebula-serf127,15,13,0,0,0,13,0,0.0,0.0
2,clab-nebula-serf127,20,46,50,24,26,22,0.48,0.5217391304347826,0.3333333333333333
2,clab-nebula-serf127,25,60,62,41,21,19,0.6612903225806451,0.6833333333333333,0.5061728395061729
2,clab-nebula-serf127,30,92,105,65,40,27,0.6190476190476191,0.7065217391304348,0.49242424242424243
2,clab-nebula-serf127,35,122,133,97,36,25,0.7293233082706767,0.7950819672131147,0.6139240506329114
2,clab-nebula-serf127,40,138,133,113,20,25,0.849624060150376,0.8188405797101449,0.7151898734177216
2,clab-nebula-serf127,45,146,134,121,13,25,0.9029850746268657,0.8287671232876712,0.7610062893081762
2,clab-nebula-serf127,50,156,161,156,5,0,0.968944099378882,1.0,0.968944099378882
2,clab-nebula-serf127,55,161,161,161,0,0,1.0,1.0,1.0
2,clab-nebula-serf127,60,161,161,161,0,0,1.0,1.0,1.0
2,clab-nebula-serf129,5,0,0,0,0,0,0,0,0
2,clab-nebula-serf129,10,0,0,0,0,0,0,0,0
2,clab-nebula-serf129,15,2,0,0,0,2,0,0,0
2,clab-nebula-serf129,20,7,0,0,0,7,0,0.0,0.0
2,clab-nebula-serf129,25,17,0,0,0,17,0,0.0,0.0
2,clab-nebula-serf129,30,42,30,23,7,19,0.7666666666666667,0.5476190476190477,0.46938775510204084
2,clab-nebula-serf129,35,71,82,56,26,15,0.6829268292682927,0.7887323943661971,0.5773195876288659
2,clab-nebula-serf129,40,123,107,96,11,27,0.897196261682243,0.7804878048780488,0.7164179104477612
2,clab-nebula-serf129,45,142,134,123,11,19,0.917910447761194,0.8661971830985915,0.803921568627451
2,clab-nebula-serf129,50,149,133,124,9,25,0.9323308270676691,0.8322147651006712,0.7848101265822784
2,clab-nebula-serf129,55,155,161,155,6,0,0.9627329192546584,1.0,0.9627329192546584
2,clab-nebula-serf129,60,158,161,158,3,0,0.9813664596273292,1.0,0.9813664596273292
2,clab-nebula-serf155,5,0,0,0,0,0,0,0,0
2,clab-nebula-serf155,10,0,0,0,0,0,0,0,0
2,clab-nebula-serf155,15,1,0,0,0,1,0,0.0,0.0
2,clab-nebula-serf155,20,11,0,0,0,11,0,0.0,0.0
2,clab-nebula-serf155,25,14,51,2,49,12,0.0392156862745098,0.14285714285714285,0.031746031746031744
2,clab-nebula-serf155,30,24,63,9,54,15,0.14285714285714285,0.375,0.11538461538461539
2,clab-nebula-serf155,35,43,82,43,39,0,0.524390243902439,1.0,0.524390243902439
2,clab-nebula-serf155,40,56,126,33,93,23,0.2619047619047619,0.5892857142857143,0.2214765100671141
2,clab-nebula-serf155,45,82,133,57,76,25,0.42857142857142855,0.6951219512195121,0.36075949367088606
2,clab-nebula-serf155,50,117,133,92,41,25,0.6917293233082706,0.7863247863247863,0.5822784810126582
2,clab-nebula-serf155,55,137,133,112,21,25,0.8421052631578947,0.8175182481751825,0.7088607594936709
2,clab-nebula-serf155,60,150,134,125,9,25,0.9328358208955224,0.8333333333333334,0.7861635220125787
2,clab-nebula-serf3,5,0,0,0,0,0,0,0,0
2,clab-nebula-serf3,10,2,0,0,0,2,0,0.0,0.0
2,clab-nebula-serf3,15,7,0,0,0,7,0,0.0,0.0
2,clab-nebula-serf3,20,13,47,11,36,2,0.23404255319148937,0.8461538461538461,0.22448979591836735
2,clab-nebula-serf3,25,22,49,20,29,2,0.40816326530612246,0.9090909090909091,0.39215686274509803
2,clab-nebula-serf3,30,50,51,37,14,13,0.7254901960784313,0.74,0.578125
2,clab-nebula-serf3,35,83,51,47,4,36,0.9215686274509803,0.5662650602409639,0.5402298850574713
2,clab-nebula-serf3,40,96,5,5,0,91,1.0,0.052083333333333336,0.052083333333333336
2,clab-nebula-serf3,45,109,66,40,26,69,0.6060606060606061,0.3669724770642202,0.2962962962962963
2,clab-nebula-serf3,50,119,66,47,19,72,0.7121212121212122,0.3949579831932773,0.34057971014492755
2,clab-nebula-serf3,55,123,66,50,16,73,0.7575757575757576,0.4065040650406504,0.3597122302158273
2,clab-nebula-serf3,60,141,66,59,7,82,0.8939393939393939,0.41843971631205673,0.39864864864864863
2,clab-nebula-serf14,5,0,0,0,0,0,0,0,0
2,clab-nebula-serf14,10,4,0,0,0,4,0,0,0
2,clab-nebula-serf14,15,18,0,0,0,18,0,0.0,0.0
2,clab-nebula-serf14,20,35,24,10,14,25,0.4166666666666667,0.2857142857142857,0.20408163265306123
2,clab-nebula-serf14,25,70,41,35,6,35,0.8536585365853658,0.5,0.4605263157894737
2,clab-nebula-serf14,30,88,49,48,1,40,0.9795918367346939,0.5454545454545454,0.5393258426966292
2,clab-nebula-serf14,35,102,51,51,0,51,1.0,0.5,0.5
2,clab-nebula-serf14,40,119,70,51,19,68,0.7285714285714285,0.42857142857142855,0.3695652173913043
2,clab-nebula-serf14,45,121,66,49,17,72,0.7424242424242424,0.4049586776859504,0.35507246376811596
2,clab-nebula-serf14,50,126,66,52,14,74,0.7878787878787878,0.4126984126984127,0.37142857142857144
2,clab-nebula-serf14,55,151,66,64,2,87,0.9696969696969697,0.423841059602649,0.41830065359477125
2,clab-nebula-serf14,60,155,161,155,6,0,0.9627329192546584,1.0,0.9627329192546584
2,clab-nebula-serf142,5,0,0,0,0,0,0,0,0
2,clab-nebula-serf142,10,0,0,0,0,0,0,0,0
2,clab-nebula-serf142,15,1,0,0,0,1,0,0.0,0.0
2,clab-nebula-serf142,20,1,0,0,0,1,0,0.0,0.0
2,clab-nebula-serf142,25,7,0,0,0,7,0,0.0,0.0
2,clab-nebula-serf142,30,14,0,0,0,14,0,0.0,0.0
2,clab-nebula-serf142,35,30,63,20,43,10,0.31746031746031744,0.6666666666666666,0.273972602739726
2,clab-nebula-serf142,40,54,101,30,71,24,0.297029702970297,0.5555555555555556,0.24
2,clab-nebula-serf142,45,59,101,35,66,24,0.3465346534653465,0.5932203389830508,0.28
2,clab-nebula-serf142,50,95,127,71,56,24,0.5590551181102362,0.7473684210526316,0.47019867549668876
2,clab-nebula-serf142,55,126,135,102,33,24,0.7555555555555555,0.8095238095238095,0.6415094339622641
2,clab-nebula-serf142,60,140,135,116,19,24,0.8592592592592593,0.8285714285714286,0.7295597484276729
2,clab-nebula-serf96,5,4,0,0,0,4,0,0,0
2,clab-nebula-serf96,10,7,0,0,0,7,0,0.0,0.0
2,clab-nebula-serf96,15,7,0,0,0,7,0,0.0,0.0
2,clab-nebula-serf96,20,9,0,0,0,9,0,0.0,0.0
2,clab-nebula-serf96,25,20,7,7,0,13,1.0,0.35,0.35
2,clab-nebula-serf96,30,41,88,35,53,6,0.3977272727272727,0.8536585365853658,0.3723404255319149
2,clab-nebula-serf96,35,77,93,66,27,11,0.7096774193548387,0.8571428571428571,0.6346153846153846
2,clab-nebula-serf96,40,121,106,88,18,33,0.8301886792452831,0.7272727272727273,0.6330935251798561
2,clab-nebula-serf96,45,147,134,123,11,24,0.917910447761194,0.8367346938775511,0.7784810126582279
2,clab-nebula-serf96,50,153,161,153,8,0,0.9503105590062112,1.0,0.9503105590062112
2,clab-nebula-serf96,55,160,161,160,1,0,0.9937888198757764,1.0,0.9937888198757764
2,clab-nebula-serf96,60,161,161,161,0,0,1.0,1.0,1.0
2,clab-nebula-serf116,5,0,0,0,0,0,0,0,0
2,clab-nebula-serf116,10,0,0,0,0,0,0,0,0
2,clab-nebula-serf116,15,0,0,0,0,0,0,0,0
2,clab-nebula-serf116,20,0,0,0,0,0,0,0,0
2,clab-nebula-serf116,25,0,1,0,1,0,0.0,0,0.0
2,clab-nebula-serf116,30,0,2,0,2,0,0.0,0,0.0
2,clab-nebula-serf116,35,1,3,1,2,0,0.3333333333333333,1.0,0.3333333333333333
2,clab-nebula-serf116,40,1,3,1,2,0,0.3333333333333333,1.0,0.3333333333333333
2,clab-nebula-serf116,45,6,44,5,39,1,0.11363636363636363,0.8333333333333334,0.1111111111111111
2,clab-nebula-serf116,50,14,96,9,87,5,0.09375,0.6428571428571429,0.0891089108910891
2,clab-nebula-serf116,55,40,96,31,65,9,0.3229166666666667,0.775,0.29523809523809524
2,clab-nebula-serf116,60,88,96,70,26,18,0.7291666666666666,0.7954545454545454,0.6140350877192983
2,clab-nebula-serf56,5,9,0,0,0,9,0,0,0
2,clab-nebula-serf56,10,24,0,0,0,24,0,0.0,0.0
2,clab-nebula-serf56,15,64,23,19,4,45,0.8260869565217391,0.296875,0.27941176470588236
2,clab-nebula-serf56,20,83,27,24,3,59,0.8888888888888888,0.2891566265060241,0.27906976744186046
2,clab-nebula-serf56,25,97,43,43,0,54,1.0,0.44329896907216493,0.44329896907216493
2,clab-nebula-serf56,30,118,71,51,20,67,0.7183098591549296,0.4322033898305085,0.3695652173913043
2,clab-nebula-serf56,35,121,67,50,17,71,0.746268656716418,0.4132231404958678,0.36231884057971014
2,clab-nebula-serf56,40,125,66,52,14,73,0.7878787878787878,0.416,0.37410071942446044
2,clab-nebula-serf56,45,151,66,64,2,87,0.9696969696969697,0.423841059602649,0.41830065359477125
2,clab-nebula-serf56,50,154,66,66,0,88,1.0,0.42857142857142855,0.42857142857142855
2,clab-nebula-serf56,55,157,161,157,4,0,0.9751552795031055,1.0,0.9751552795031055
2,clab-nebula-serf56,60,158,161,158,3,0,0.9813664596273292,1.0,0.9813664596273292
2,clab-nebula-serf59,5,5,0,0,0,5,0,0,0
2,clab-nebula-serf59,10,26,0,0,0,26,0,0.0,0.0
2,clab-nebula-serf59,15,63,24,20,4,43,0.8333333333333334,0.31746031746031744,0.29850746268656714
2,clab-nebula-serf59,20,83,28,25,3,58,0.8928571428571429,0.30120481927710846,0.29069767441860467
2,clab-nebula-serf59,25,99,44,43,1,56,0.9772727272727273,0.43434343434343436,0.43
2,clab-nebula-serf59,30,119,115,112,3,7,0.9739130434782609,0.9411764705882353,0.9180327868852459
2,clab-nebula-serf59,35,124,70,55,15,69,0.7857142857142857,0.4435483870967742,0.39568345323741005
2,clab-nebula-serf59,40,128,66,53,13,75,0.803030303030303,0.4140625,0.375886524822695
2,clab-nebula-serf59,45,153,65,65,0,88,1.0,0.42483660130718953,0.42483660130718953
2,clab-nebula-serf59,50,154,65,65,0,89,1.0,0.42207792207792205,0.42207792207792205
2,clab-nebula-serf59,55,157,161,157,4,0,0.9751552795031055,1.0,0.9751552795031055
2,clab-nebula-serf59,60,161,161,161,0,0,1.0,1.0,1.0
2,clab-nebula-serf70,5,3,0,0,0,3,0,0,0
2,clab-nebula-serf70,10,19,0,0,0,19,0,0.0,0.0
2,clab-nebula-serf70,15,36,0,0,0,36,0,0.0,0.0
2,clab-nebula-serf70,20,66,28,27,1,39,0.9642857142857143,0.4090909090909091,0.40298507462686567
2,clab-nebula-serf70,25,87,28,28,0,59,1.0,0.3218390804597701,0.3218390804597701
2,clab-nebula-serf70,30,110,82,76,6,34,0.926829268292683,0.6909090909090909,0.6551724137931034
2,clab-nebula-serf70,35,119,66,47,19,72,0.7121212121212122,0.3949579831932773,0.34057971014492755
2,clab-nebula-serf70,40,124,66,51,15,73,0.7727272727272727,0.4112903225806452,0.3669064748201439
2,clab-nebula-serf70,45,147,65,63,2,84,0.9692307692307692,0.42857142857142855,0.4228187919463087
2,clab-nebula-serf70,50,154,65,65,0,89,1.0,0.42207792207792205,0.42207792207792205
2,clab-nebula-serf70,55,158,161,158,3,0,0.9813664596273292,1.0,0.9813664596273292
2,clab-nebula-serf70,60,161,161,161,0,0,1.0,1.0,1.0
2,clab-nebula-serf81,5,1,0,0,0,1,0,0,0
2,clab-nebula-serf81,10,22,0,0,0,22,0,0.0,0.0
2,clab-nebula-serf81,15,39,2,0,2,39,0.0,0.0,0.0
2,clab-nebula-serf81,20,68,28,25,3,43,0.8928571428571429,0.36764705882352944,0.352112676056338
2,clab-nebula-serf81,25,90,28,28,0,62,1.0,0.3111111111111111,0.3111111111111111
2,clab-nebula-serf81,30,114,82,80,2,34,0.975609756097561,0.7017543859649122,0.6896551724137931
2,clab-nebula-serf81,35,121,66,49,17,72,0.7424242424242424,0.4049586776859504,0.35507246376811596
2,clab-nebula-serf81,40,130,66,57,9,73,0.8636363636363636,0.43846153846153846,0.41007194244604317
2,clab-nebula-serf81,45,153,65,65,0,88,1.0,0.42483660130718953,0.42483660130718953
2,clab-nebula-serf81,50,154,65,65,0,89,1.0,0.42207792207792205,0.42207792207792205
2,clab-nebula-serf81,55,157,161,157,4,0,0.9751552795031055,1.0,0.9751552795031055
2,clab-nebula-serf81,60,161,161,161,0,0,1.0,1.0,1.0
2,clab-nebula-serf95,5,0,0,0,0,0,0,0,0
2,clab-nebula-serf95,10,10,0,0,0,10,0,0.0,0.0
2,clab-nebula-serf95,15,30,2,0,2,30,0.0,0.0,0.0
2,clab-nebula-serf95,20,50,4,4,0,46,1.0,0.08,0.08
2,clab-nebula-serf95,25,80,27,26,1,54,0.9629629629629629,0.325,0.32098765432098764
2,clab-nebula-serf95,30,104,27,27,0,77,1.0,0.25961538461538464,0.25961538461538464
2,clab-nebula-serf95,35,119,103,85,18,34,0.8252427184466019,0.7142857142857143,0.6204379562043796
2,clab-nebula-serf95,40,124,67,52,15,72,0.7761194029850746,0.41935483870967744,0.37410071942446044
2,clab-nebula-serf95,45,142,66,64,2,78,0.9696969696969697,0.4507042253521127,0.4444444444444444
2,clab-nebula-serf95,50,154,66,66,0,88,1.0,0.42857142857142855,0.42857142857142855
2,clab-nebula-serf95,55,154,161,154,7,0,0.9565217391304348,1.0,0.9565217391304348
2,clab-nebula-serf95,60,159,161,159,2,0,0.9875776397515528,1.0,0.9875776397515528
2,clab-nebula-serf114,5,1,0,0,0,1,0,0,0
2,clab-nebula-serf114,10,1,0,0,0,1,0,0.0,0.0
2,clab-nebula-serf114,15,2,0,0,0,2,0,0.0,0.0
2,clab-nebula-serf114,20,17,31,7,24,10,0.22580645161290322,0.4117647058823529,0.17073170731707318
2,clab-nebula-serf114,25,25,31,11,20,14,0.3548387096774194,0.44,0.24444444444444444
2,clab-nebula-serf114,30,53,120,49,71,4,0.4083333333333333,0.9245283018867925,0.3951612903225806
2,clab-nebula-serf114,35,92,121,79,42,13,0.6528925619834711,0.8586956521739131,0.5895522388059702
2,clab-nebula-serf114,40,134,134,110,24,24,0.8208955223880597,0.8208955223880597,0.6962025316455697
2,clab-nebula-serf114,45,152,133,125,8,27,0.9398496240601504,0.8223684210526315,0.78125
2,clab-nebula-serf114,50,158,133,131,2,27,0.9849624060150376,0.8291139240506329,0.81875
2,clab-nebula-serf114,55,161,161,161,0,0,1.0,1.0,1.0
2,clab-nebula-serf114,60,161,161,161,0,0,1.0,1.0,1.0
2,clab-nebula-serf9,5,1,0,0,0,1,0,0,0
2,clab-nebula-serf9,10,8,0,0,0,8,0,0.0,0.0
2,clab-nebula-serf9,15,17,0,0,0,17,0,0.0,0.0
2,clab-nebula-serf9,20,36,39,25,14,11,0.6410256410256411,0.6944444444444444,0.5
2,clab-nebula-serf9,25,71,41,36,5,35,0.8780487804878049,0.5070422535211268,0.47368421052631576
2,clab-nebula-serf9,30,87,49,47,2,40,0.9591836734693877,0.5402298850574713,0.5280898876404494
2,clab-nebula-serf9,35,101,51,51,0,50,1.0,0.504950495049505,0.504950495049505
2,clab-nebula-serf9,40,116,68,46,22,70,0.6764705882352942,0.39655172413793105,0.3333333333333333
2,clab-nebula-serf9,45,120,66,48,18,72,0.7272727272727273,0.4,0.34782608695652173
2,clab-nebula-serf9,50,125,66,52,14,73,0.7878787878787878,0.416,0.37410071942446044
2,clab-nebula-serf9,55,151,66,64,2,87,0.9696969696969697,0.423841059602649,0.41830065359477125
2,clab-nebula-serf9,60,154,66,66,0,88,1.0,0.42857142857142855,0.42857142857142855
2,clab-nebula-serf17,5,1,0,0,0,1,0,0,0
2,clab-nebula-serf17,10,12,0,0,0,12,0,0.0,0.0
2,clab-nebula-serf17,15,30,0,0,0,30,0,0.0,0.0
2,clab-nebula-serf17,20,66,24,19,5,47,0.7916666666666666,0.2878787878787879,0.2676056338028169
2,clab-nebula-serf17,25,85,43,40,3,45,0.9302325581395349,0.47058823529411764,0.45454545454545453
2,clab-nebula-serf17,30,96,49,49,0,47,1.0,0.5104166666666666,0.5104166666666666
2,clab-nebula-serf17,35,116,90,89,1,27,0.9888888888888889,0.7672413793103449,0.7606837606837606
2,clab-nebula-serf17,40,121,66,49,17,72,0.7424242424242424,0.4049586776859504,0.35507246376811596
2,clab-nebula-serf17,45,124,66,51,15,73,0.7727272727272727,0.4112903225806452,0.3669064748201439
2,clab-nebula-serf17,50,150,66,64,2,86,0.9696969696969697,0.4266666666666667,0.42105263157894735
2,clab-nebula-serf17,55,154,66,66,0,88,1.0,0.42857142857142855,0.42857142857142855
2,clab-nebula-serf17,60,157,161,157,4,0,0.9751552795031055,1.0,0.9751552795031055
2,clab-nebula-serf139,5,0,0,0,0,0,0,0,0
2,clab-nebula-serf139,10,0,0,0,0,0,0,0,0
2,clab-nebula-serf139,15,5,0,0,0,5,0,0.0,0.0
2,clab-nebula-serf139,20,14,0,0,0,14,0,0.0,0.0
2,clab-nebula-serf139,25,21,11,11,0,10,1.0,0.5238095238095238,0.5238095238095238
2,clab-nebula-serf139,30,31,11,11,0,20,1.0,0.3548387096774194,0.3548387096774194
2,clab-nebula-serf139,35,45,101,29,72,16,0.2871287128712871,0.6444444444444445,0.24786324786324787
2,clab-nebula-serf139,40,65,104,41,63,24,0.3942307692307692,0.6307692307692307,0.3203125
2,clab-nebula-serf139,45,95,106,70,36,25,0.660377358490566,0.7368421052631579,0.5343511450381679
2,clab-nebula-serf139,50,121,134,97,37,24,0.7238805970149254,0.8016528925619835,0.6139240506329114
2,clab-nebula-serf139,55,137,134,113,21,24,0.8432835820895522,0.8248175182481752,0.7151898734177216
2,clab-nebula-serf139,60,149,66,60,6,89,0.9090909090909091,0.40268456375838924,0.3870967741935484
2,clab-nebula-serf52,5,1,0,0,0,1,0,0,0
2,clab-nebula-serf52,10,12,0,0,0,12,0,0.0,0.0
2,clab-nebula-serf52,15,38,23,12,11,26,0.5217391304347826,0.3157894736842105,0.24489795918367346
2,clab-nebula-serf52,20,69,23,19,4,50,0.8260869565217391,0.2753623188405797,0.2602739726027397
2,clab-nebula-serf52,25,88,43,40,3,48,0.9302325581395349,0.45454545454545453,0.43956043956043955
2,clab-nebula-serf52,30,106,49,49,0,57,1.0,0.46226415094339623,0.46226415094339623
2,clab-nebula-serf52,35,119,71,52,19,67,0.7323943661971831,0.4369747899159664,0.37681159420289856
2,clab-nebula-serf52,40,124,67,52,15,72,0.7761194029850746,0.41935483870967744,0.37410071942446044
2,clab-nebula-serf52,45,134,66,57,9,77,0.8636363636363636,0.4253731343283582,0.3986013986013986
2,clab-nebula-serf52,50,154,66,66,0,88,1.0,0.42857142857142855,0.42857142857142855
2,clab-nebula-serf52,55,154,66,66,0,88,1.0,0.42857142857142855,0.42857142857142855
2,clab-nebula-serf52,60,157,161,157,4,0,0.9751552795031055,1.0,0.9751552795031055
2,clab-nebula-serf71,5,0,0,0,0,0,0,0,0
2,clab-nebula-serf71,10,15,0,0,0,15,0,0.0,0.0
2,clab-nebula-serf71,15,33,0,0,0,33,0,0.0,0.0
2,clab-nebula-serf71,20,57,28,26,2,31,0.9285714285714286,0.45614035087719296,0.4406779661016949
2,clab-nebula-serf71,25,83,28,27,1,56,0.9642857142857143,0.3253012048192771,0.32142857142857145
2,clab-nebula-serf71,30,107,82,74,8,33,0.9024390243902439,0.6915887850467289,0.6434782608695652
2,clab-nebula-serf71,35,119,66,47,19,72,0.7121212121212122,0.3949579831932773,0.34057971014492755
2,clab-nebula-serf71,40,124,66,51,15,73,0.7727272727272727,0.4112903225806452,0.3669064748201439
2,clab-nebula-serf71,45,146,65,62,3,84,0.9538461538461539,0.4246575342465753,0.4161073825503356
2,clab-nebula-serf71,50,154,65,65,0,89,1.0,0.42207792207792205,0.42207792207792205
2,clab-nebula-serf71,55,156,161,156,5,0,0.968944099378882,1.0,0.968944099378882
2,clab-nebula-serf71,60,161,161,161,0,0,1.0,1.0,1.0
2,clab-nebula-serf26,5,3,0,0,0,3,0,0.0,0.0
2,clab-nebula-serf26,10,19,0,0,0,19,0,0.0,0.0
2,clab-nebula-serf26,15,31,30,10,20,21,0.3333333333333333,0.3225806451612903,0.19607843137254902
2,clab-nebula-serf26,20,58,49,43,6,15,0.8775510204081632,0.7413793103448276,0.671875
2,clab-nebula-serf26,25,87,70,65,5,22,0.9285714285714286,0.7471264367816092,0.7065217391304348
2,clab-nebula-serf26,30,94,70,69,1,25,0.9857142857142858,0.7340425531914894,0.7263157894736842
2,clab-nebula-serf26,35,108,71,42,29,66,0.5915492957746479,0.3888888888888889,0.30656934306569344
2,clab-nebula-serf26,40,121,71,54,17,67,0.7605633802816901,0.4462809917355372,0.391304347826087
2,clab-nebula-serf26,45,124,66,51,15,73,0.7727272727272727,0.4112903225806452,0.3669064748201439
2,clab-nebula-serf26,50,137,66,56,10,81,0.8484848484848485,0.40875912408759124,0.38095238095238093
2,clab-nebula-serf26,55,154,66,66,0,88,1.0,0.42857142857142855,0.42857142857142855
2,clab-nebula-serf26,60,155,161,155,6,0,0.9627329192546584,1.0,0.9627329192546584
2,clab-nebula-serf34,5,1,0,0,0,1,0,0,0
2,clab-nebula-serf34,10,9,0,0,0,9,0,0.0,0.0
2,clab-nebula-serf34,15,27,0,0,0,27,0,0.0,0.0
2,clab-nebula-serf34,20,67,24,21,3,46,0.875,0.31343283582089554,0.3
2,clab-nebula-serf34,25,85,29,28,1,57,0.9655172413793104,0.32941176470588235,0.32558139534883723
2,clab-nebula-serf34,30,95,70,68,2,27,0.9714285714285714,0.7157894736842105,0.7010309278350515
2,clab-nebula-serf34,35,112,115,105,10,7,0.9130434782608695,0.9375,0.860655737704918
2,clab-nebula-serf34,40,121,71,54,17,67,0.7605633802816901,0.4462809917355372,0.391304347826087
2,clab-nebula-serf34,45,124,67,52,15,72,0.7761194029850746,0.41935483870967744,0.37410071942446044
2,clab-nebula-serf34,50,149,66,63,3,86,0.9545454545454546,0.4228187919463087,0.4144736842105263
2,clab-nebula-serf34,55,154,66,66,0,88,1.0,0.42857142857142855,0.42857142857142855
2,clab-nebula-serf34,60,156,161,156,5,0,0.968944099378882,1.0,0.968944099378882
2,clab-nebula-serf126,5,0,0,0,0,0,0,0,0
2,clab-nebula-serf126,10,3,0,0,0,3,0,0.0,0.0
2,clab-nebula-serf126,15,15,0,0,0,15,0,0.0,0.0
2,clab-nebula-serf126,20,47,50,24,26,23,0.48,0.5106382978723404,0.3287671232876712
2,clab-nebula-serf126,25,59,105,40,65,19,0.38095238095238093,0.6779661016949152,0.3225806451612903
2,clab-nebula-serf126,30,92,105,65,40,27,0.6190476190476191,0.7065217391304348,0.49242424242424243
2,clab-nebula-serf126,35,121,133,96,37,25,0.7218045112781954,0.7933884297520661,0.6075949367088608
2,clab-nebula-serf126,40,138,133,113,20,25,0.849624060150376,0.8188405797101449,0.7151898734177216
2,clab-nebula-serf126,45,146,134,121,13,25,0.9029850746268657,0.8287671232876712,0.7610062893081762
2,clab-nebula-serf126,50,156,161,156,5,0,0.968944099378882,1.0,0.968944099378882
2,clab-nebula-serf126,55,161,161,161,0,0,1.0,1.0,1.0
2,clab-nebula-serf126,60,161,161,161,0,0,1.0,1.0,1.0
2,clab-nebula-serf36,5,0,0,0,0,0,0,0,0
2,clab-nebula-serf36,10,2,0,0,0,2,0,0,0
2,clab-nebula-serf36,15,17,0,0,0,17,0,0.0,0.0
2,clab-nebula-serf36,20,53,23,19,4,34,0.8260869565217391,0.3584905660377358,0.3333333333333333
2,clab-nebula-serf36,25,79,23,22,1,57,0.9565217391304348,0.27848101265822783,0.275
2,clab-nebula-serf36,30,92,27,27,0,65,1.0,0.29347826086956524,0.29347826086956524
2,clab-nebula-serf36,35,108,70,69,1,39,0.9857142857142858,0.6388888888888888,0.6330275229357798
2,clab-nebula-serf36,40,121,71,54,17,67,0.7605633802816901,0.4462809917355372,0.391304347826087
2,clab-nebula-serf36,45,124,67,52,15,72,0.7761194029850746,0.41935483870967744,0.37410071942446044
2,clab-nebula-serf36,50,137,66,59,7,78,0.8939393939393939,0.4306569343065693,0.4097222222222222
2,clab-nebula-serf36,55,154,66,66,0,88,1.0,0.42857142857142855,0.42857142857142855
2,clab-nebula-serf36,60,154,66,66,0,88,1.0,0.42857142857142855,0.42857142857142855
2,clab-nebula-serf82,5,0,0,0,0,0,0,0,0
2,clab-nebula-serf82,10,0,0,0,0,0,0,0,0
2,clab-nebula-serf82,15,0,0,0,0,0,0,0,0
2,clab-nebula-serf82,20,0,0,0,0,0,0,0,0
2,clab-nebula-serf82,25,0,0,0,0,0,0,0,0
2,clab-nebula-serf82,30,0,0,0,0,0,0,0,0
2,clab-nebula-serf82,35,16,0,0,0,16,0,0.0,0.0
2,clab-nebula-serf82,40,61,26,19,7,42,0.7307692307692307,0.3114754098360656,0.27941176470588236
2,clab-nebula-serf82,45,94,82,66,16,28,0.8048780487804879,0.7021276595744681,0.6
2,clab-nebula-serf82,50,111,88,84,4,27,0.9545454545454546,0.7567567567567568,0.7304347826086957
2,clab-nebula-serf82,55,121,114,113,1,8,0.9912280701754386,0.9338842975206612,0.9262295081967213
2,clab-nebula-serf82,60,148,66,64,2,84,0.9696969696969697,0.43243243243243246,0.4266666666666667
2,clab-nebula-serf85,5,0,0,0,0,0,0,0,0
2,clab-nebula-serf85,10,4,0,0,0,4,0,0.0,0.0
2,clab-nebula-serf85,15,19,2,2,0,17,1.0,0.10526315789473684,0.10526315789473684
2,clab-nebula-serf85,20,35,4,4,0,31,1.0,0.11428571428571428,0.11428571428571428
2,clab-nebula-serf85,25,57,27,25,2,32,0.9259259259259259,0.43859649122807015,0.423728813559322
2,clab-nebula-serf85,30,82,27,26,1,56,0.9629629629629629,0.3170731707317073,0.3132530120481928
2,clab-nebula-serf85,35,111,103,81,22,30,0.7864077669902912,0.7297297297297297,0.6090225563909775
2,clab-nebula-serf85,40,119,103,85,18,34,0.8252427184466019,0.7142857142857143,0.6204379562043796
2,clab-nebula-serf85,45,134,66,61,5,73,0.9242424242424242,0.4552238805970149,0.43884892086330934
2,clab-nebula-serf85,50,149,66,66,0,83,1.0,0.4429530201342282,0.4429530201342282
2,clab-nebula-serf85,55,154,66,66,0,88,1.0,0.42857142857142855,0.42857142857142855
2,clab-nebula-serf85,60,157,161,157,4,0,0.9751552795031055,1.0,0.9751552795031055
2,clab-nebula-serf97,5,5,0,0,0,5,0,0.0,0.0
2,clab-nebula-serf97,10,7,0,0,0,7,0,0.0,0.0
2,clab-nebula-serf97,15,7,0,0,0,7,0,0.0,0.0
2,clab-nebula-serf97,20,9,7,7,0,2,1.0,0.7777777777777778,0.7777777777777778
2,clab-nebula-serf97,25,17,86,12,74,5,0.13953488372093023,0.7058823529411765,0.13186813186813187
2,clab-nebula-serf97,30,41,93,37,56,4,0.3978494623655914,0.9024390243902439,0.38144329896907214
2,clab-nebula-serf97,35,80,93,68,25,12,0.7311827956989247,0.85,0.6476190476190476
2,clab-nebula-serf97,40,126,135,109,26,17,0.8074074074074075,0.8650793650793651,0.7171052631578947
2,clab-nebula-serf97,45,149,161,149,12,0,0.9254658385093167,1.0,0.9254658385093167
2,clab-nebula-serf97,50,159,161,159,2,0,0.9875776397515528,1.0,0.9875776397515528
2,clab-nebula-serf97,55,161,161,161,0,0,1.0,1.0,1.0
2,clab-nebula-serf97,60,161,161,161,0,0,1.0,1.0,1.0
2,clab-nebula-serf99,5,6,0,0,0,6,0,0,0
2,clab-nebula-serf99,10,7,0,0,0,7,0,0.0,0.0
2,clab-nebula-serf99,15,7,0,0,0,7,0,0.0,0.0
2,clab-nebula-serf99,20,11,7,7,0,4,1.0,0.6363636363636364,0.6363636363636364
2,clab-nebula-serf99,25,24,80,17,63,7,0.2125,0.7083333333333334,0.19540229885057472
2,clab-nebula-serf99,30,52,88,46,42,6,0.5227272727272727,0.8846153846153846,0.48936170212765956
2,clab-nebula-serf99,35,82,93,69,24,13,0.7419354838709677,0.8414634146341463,0.6509433962264151
2,clab-nebula-serf99,40,137,106,96,10,41,0.9056603773584906,0.7007299270072993,0.6530612244897959
2,clab-nebula-serf99,45,148,134,124,10,24,0.9253731343283582,0.8378378378378378,0.7848101265822784
2,clab-nebula-serf99,50,159,161,159,2,0,0.9875776397515528,1.0,0.9875776397515528
2,clab-nebula-serf99,55,160,161,160,1,0,0.9937888198757764,1.0,0.9937888198757764
2,clab-nebula-serf99,60,161,161,161,0,0,1.0,1.0,1.0
2,clab-nebula-serf124,5,0,0,0,0,0,0,0,0
2,clab-nebula-serf124,10,3,0,0,0,3,0,0.0,0.0
2,clab-nebula-serf124,15,8,0,0,0,8,0,0.0,0.0
2,clab-nebula-serf124,20,15,31,8,23,7,0.25806451612903225,0.5333333333333333,0.21052631578947367
2,clab-nebula-serf124,25,29,36,13,23,16,0.3611111111111111,0.4482758620689655,0.25
2,clab-nebula-serf124,30,81,78,54,24,27,0.6923076923076923,0.6666666666666666,0.5142857142857142
2,clab-nebula-serf124,35,114,105,78,27,36,0.7428571428571429,0.6842105263157895,0.5531914893617021
2,clab-nebula-serf124,40,133,134,108,26,25,0.8059701492537313,0.8120300751879699,0.6792452830188679
2,clab-nebula-serf124,45,145,134,120,14,25,0.8955223880597015,0.8275862068965517,0.7547169811320755
2,clab-nebula-serf124,50,156,133,129,4,27,0.9699248120300752,0.8269230769230769,0.80625
2,clab-nebula-serf124,55,161,161,161,0,0,1.0,1.0,1.0
2,clab-nebula-serf124,60,161,161,161,0,0,1.0,1.0,1.0
2,clab-nebula-serf157,5,4,0,0,0,4,0,0,0
2,clab-nebula-serf157,10,4,0,0,0,4,0,0.0,0.0
2,clab-nebula-serf157,15,5,16,0,16,5,0.0,0.0,0.0
2,clab-nebula-serf157,20,9,16,1,15,8,0.0625,0.1111111111111111,0.041666666666666664
2,clab-nebula-serf157,25,16,63,6,57,10,0.09523809523809523,0.375,0.0821917808219178
2,clab-nebula-serf157,30,35,57,18,39,17,0.3157894736842105,0.5142857142857142,0.24324324324324326
2,clab-nebula-serf157,35,40,100,23,77,17,0.23,0.575,0.19658119658119658
2,clab-nebula-serf157,40,54,126,29,97,25,0.23015873015873015,0.5370370370370371,0.19205298013245034
2,clab-nebula-serf157,45,70,133,45,88,25,0.3383458646616541,0.6428571428571429,0.2848101265822785
2,clab-nebula-serf157,50,109,133,84,49,25,0.631578947368421,0.7706422018348624,0.5316455696202531
2,clab-nebula-serf157,55,136,65,57,8,79,0.8769230769230769,0.41911764705882354,0.3958333333333333
2,clab-nebula-serf157,60,148,65,59,6,89,0.9076923076923077,0.39864864864864863,0.38311688311688313
2,clab-nebula-serf159,5,4,0,0,0,4,0,0,0
2,clab-nebula-serf159,10,4,0,0,0,4,0,0.0,0.0
2,clab-nebula-serf159,15,5,12,0,12,5,0.0,0.0,0.0
2,clab-nebula-serf159,20,9,16,1,15,8,0.0625,0.1111111111111111,0.041666666666666664
2,clab-nebula-serf159,25,16,63,6,57,10,0.09523809523809523,0.375,0.0821917808219178
2,clab-nebula-serf159,30,35,57,18,39,17,0.3157894736842105,0.5142857142857142,0.24324324324324326
2,clab-nebula-serf159,35,40,100,23,77,17,0.23,0.575,0.19658119658119658
2,clab-nebula-serf159,40,54,126,29,97,25,0.23015873015873015,0.5370370370370371,0.19205298013245034
2,clab-nebula-serf159,45,70,133,45,88,25,0.3383458646616541,0.6428571428571429,0.2848101265822785
2,clab-nebula-serf159,50,108,133,83,50,25,0.6240601503759399,0.7685185185185185,0.5253164556962026
2,clab-nebula-serf159,55,136,133,111,22,25,0.8345864661654135,0.8161764705882353,0.7025316455696202
2,clab-nebula-serf159,60,148,65,59,6,89,0.9076923076923077,0.39864864864864863,0.38311688311688313
2,clab-nebula-serf1,5,0,0,0,0,0,0,0,0
2,clab-nebula-serf1,10,6,0,0,0,6,0,0.0,0.0
2,clab-nebula-serf1,15,12,1,1,0,11,1.0,0.08333333333333333,0.08333333333333333
2,clab-nebula-serf1,20,19,48,18,30,1,0.375,0.9473684210526315,0.3673469387755102
2,clab-nebula-serf1,25,37,48,28,20,9,0.5833333333333334,0.7567567567567568,0.49122807017543857
2,clab-nebula-serf1,30,74,50,43,7,31,0.86,0.581081081081081,0.5308641975308642
2,clab-nebula-serf1,35,91,50,49,1,42,0.98,0.5384615384615384,0.532608695652174
2,clab-nebula-serf1,40,107,67,39,28,68,0.582089552238806,0.3644859813084112,0.28888888888888886
2,clab-nebula-serf1,45,117,65,44,21,73,0.676923076923077,0.37606837606837606,0.3188405797101449
2,clab-nebula-serf1,50,121,65,47,18,74,0.7230769230769231,0.3884297520661157,0.3381294964028777
2,clab-nebula-serf1,55,133,65,51,14,82,0.7846153846153846,0.38345864661654133,0.3469387755102041
2,clab-nebula-serf1,60,153,161,153,8,0,0.9503105590062112,1.0,0.9503105590062112
2,clab-nebula-serf33,5,3,0,0,0,3,0,0,0
2,clab-nebula-serf33,10,20,0,0,0,20,0,0.0,0.0
2,clab-nebula-serf33,15,53,23,17,6,36,0.7391304347826086,0.32075471698113206,0.288135593220339
2,clab-nebula-serf33,20,78,23,21,2,57,0.9130434782608695,0.2692307692307692,0.2625
2,clab-nebula-serf33,25,90,33,33,0,57,1.0,0.36666666666666664,0.36666666666666664
2,clab-nebula-serf33,30,105,70,70,0,35,1.0,0.6666666666666666,0.6666666666666666
2,clab-nebula-serf33,35,119,71,52,19,67,0.7323943661971831,0.4369747899159664,0.37681159420289856
2,clab-nebula-serf33,40,124,67,52,15,72,0.7761194029850746,0.41935483870967744,0.37410071942446044
2,clab-nebula-serf33,45,128,66,52,14,76,0.7878787878787878,0.40625,0.36619718309859156
2,clab-nebula-serf33,50,154,66,66,0,88,1.0,0.42857142857142855,0.42857142857142855
2,clab-nebula-serf33,55,154,66,66,0,88,1.0,0.42857142857142855,0.42857142857142855
2,clab-nebula-serf33,60,157,161,157,4,0,0.9751552795031055,1.0,0.9751552795031055
2,clab-nebula-serf123,5,0,0,0,0,0,0,0,0
2,clab-nebula-serf123,10,2,0,0,0,2,0,0.0,0.0
2,clab-nebula-serf123,15,11,0,0,0,11,0,0.0,0.0
2,clab-nebula-serf123,20,16,30,9,21,7,0.3,0.5625,0.24324324324324326
2,clab-nebula-serf123,25,42,30,24,6,18,0.8,0.5714285714285714,0.5
2,clab-nebula-serf123,30,89,107,73,34,16,0.6822429906542056,0.8202247191011236,0.5934959349593496
2,clab-nebula-serf123,35,128,133,105,28,23,0.7894736842105263,0.8203125,0.6730769230769231
2,clab-nebula-serf123,40,143,133,118,15,25,0.8872180451127819,0.8251748251748252,0.7468354430379747
2,clab-nebula-serf123,45,152,133,127,6,25,0.9548872180451128,0.8355263157894737,0.8037974683544303
2,clab-nebula-serf123,50,158,161,158,3,0,0.9813664596273292,1.0,0.9813664596273292
2,clab-nebula-serf123,55,161,161,161,0,0,1.0,1.0,1.0
2,clab-nebula-serf123,60,161,161,161,0,0,1.0,1.0,1.0
2,clab-nebula-serf135,5,0,0,0,0,0,0,0,0
2,clab-nebula-serf135,10,0,0,0,0,0,0,0,0
2,clab-nebula-serf135,15,1,0,0,0,1,0,0.0,0.0
2,clab-nebula-serf135,20,14,0,0,0,14,0,0.0,0.0
2,clab-nebula-serf135,25,15,11,11,0,4,1.0,0.7333333333333333,0.7333333333333333
2,clab-nebula-serf135,30,25,11,11,0,14,1.0,0.44,0.44
2,clab-nebula-serf135,35,42,78,21,57,21,0.2692307692307692,0.5,0.21212121212121213
2,clab-nebula-serf135,40,54,101,35,66,19,0.3465346534653465,0.6481481481481481,0.2916666666666667
2,clab-nebula-serf135,45,91,106,67,39,24,0.6320754716981132,0.7362637362637363,0.5153846153846153
2,clab-nebula-serf135,50,112,134,88,46,24,0.6567164179104478,0.7857142857142857,0.5569620253164557
2,clab-nebula-serf135,55,137,134,113,21,24,0.8432835820895522,0.8248175182481752,0.7151898734177216
2,clab-nebula-serf135,60,146,66,59,7,87,0.8939393939393939,0.4041095890410959,0.38562091503267976
2,clab-nebula-serf13,5,0,0,0,0,0,0,0,0
2,clab-nebula-serf13,10,7,0,0,0,7,0,0.0,0.0
2,clab-nebula-serf13,15,24,0,0,0,24,0,0.0,0.0
2,clab-nebula-serf13,20,50,24,15,9,35,0.625,0.3,0.2542372881355932
2,clab-nebula-serf13,25,76,41,36,5,40,0.8780487804878049,0.47368421052631576,0.4444444444444444
2,clab-nebula-serf13,30,92,49,49,0,43,1.0,0.532608695652174,0.532608695652174
2,clab-nebula-serf13,35,110,51,51,0,59,1.0,0.4636363636363636,0.4636363636363636
2,clab-nebula-serf13,40,120,68,50,18,70,0.7352941176470589,0.4166666666666667,0.36231884057971014
2,clab-nebula-serf13,45,124,66,51,15,73,0.7727272727272727,0.4112903225806452,0.3669064748201439
2,clab-nebula-serf13,50,144,66,60,6,84,0.9090909090909091,0.4166666666666667,0.4
2,clab-nebula-serf13,55,154,66,66,0,88,1.0,0.42857142857142855,0.42857142857142855
2,clab-nebula-serf13,60,157,161,157,4,0,0.9751552795031055,1.0,0.9751552795031055
2,clab-nebula-serf47,5,4,0,0,0,4,0,0,0
2,clab-nebula-serf47,10,12,0,0,0,12,0,0.0,0.0
2,clab-nebula-serf47,15,25,0,0,0,25,0,0.0,0.0
2,clab-nebula-serf47,20,51,45,23,22,28,0.5111111111111111,0.45098039215686275,0.3150684931506849
2,clab-nebula-serf47,25,82,68,59,9,23,0.8676470588235294,0.7195121951219512,0.6483516483516484
2,clab-nebula-serf47,30,100,115,97,18,3,0.8434782608695652,0.97,0.8220338983050848
2,clab-nebula-serf47,35,120,115,113,2,7,0.9826086956521739,0.9416666666666667,0.9262295081967213
2,clab-nebula-serf47,40,124,71,56,15,68,0.7887323943661971,0.45161290322580644,0.4028776978417266
2,clab-nebula-serf47,45,126,67,52,15,74,0.7761194029850746,0.4126984126984127,0.36879432624113473
2,clab-nebula-serf47,50,154,66,66,0,88,1.0,0.42857142857142855,0.42857142857142855
2,clab-nebula-serf47,55,154,161,154,7,0,0.9565217391304348,1.0,0.9565217391304348
2,clab-nebula-serf47,60,156,161,156,5,0,0.968944099378882,1.0,0.968944099378882
2,clab-nebula-serf84,5,0,0,0,0,0,0,0,0
2,clab-nebula-serf84,10,0,0,0,0,0,0,0,0
2,clab-nebula-serf84,15,4,0,0,0,4,0,0.0,0.0
2,clab-nebula-serf84,20,18,0,0,0,18,0,0.0,0.0
2,clab-nebula-serf84,25,35,4,4,0,31,1.0,0.11428571428571428,0.11428571428571428
2,clab-nebula-serf84,30,57,27,25,2,32,0.9259259259259259,0.43859649122807015,0.423728813559322
2,clab-nebula-serf84,35,81,27,26,1,55,0.9629629629629629,0.32098765432098764,0.3170731707317073
2,clab-nebula-serf84,40,110,88,81,7,29,0.9204545454545454,0.7363636363636363,0.6923076923076923
2,clab-nebula-serf84,45,119,103,85,18,34,0.8252427184466019,0.7142857142857143,0.6204379562043796
2,clab-nebula-serf84,50,128,66,55,11,73,0.8333333333333334,0.4296875,0.39568345323741005
2,clab-nebula-serf84,55,142,66,64,2,78,0.9696969696969697,0.4507042253521127,0.4444444444444444
2,clab-nebula-serf84,60,154,66,66,0,88,1.0,0.42857142857142855,0.42857142857142855
2,clab-nebula-serf92,5,0,0,0,0,0,0,0,0
2,clab-nebula-serf92,10,9,0,0,0,9,0,0.0,0.0
2,clab-nebula-serf92,15,30,0,0,0,30,0,0.0,0.0
2,clab-nebula-serf92,20,47,4,4,0,43,1.0,0.0851063829787234,0.0851063829787234
2,clab-nebula-serf92,25,77,27,26,1,51,0.9629629629629629,0.33766233766233766,0.3333333333333333
2,clab-nebula-serf92,30,103,27,27,0,76,1.0,0.2621359223300971,0.2621359223300971
2,clab-nebula-serf92,35,118,103,85,18,33,0.8252427184466019,0.7203389830508474,0.625
2,clab-nebula-serf92,40,123,67,52,15,71,0.7761194029850746,0.42276422764227645,0.37681159420289856
2,clab-nebula-serf92,45,137,66,63,3,74,0.9545454545454546,0.45985401459854014,0.45
2,clab-nebula-serf92,50,154,66,66,0,88,1.0,0.42857142857142855,0.42857142857142855
2,clab-nebula-serf92,55,154,161,154,7,0,0.9565217391304348,1.0,0.9565217391304348
2,clab-nebula-serf92,60,158,161,158,3,0,0.9813664596273292,1.0,0.9813664596273292
2,clab-nebula-serf106,5,0,0,0,0,0,0,0,0
2,clab-nebula-serf106,10,2,0,0,0,2,0,0,0
2,clab-nebula-serf106,15,4,0,0,0,4,0,0.0,0.0
2,clab-nebula-serf106,20,8,0,0,0,8,0,0.0,0.0
2,clab-nebula-serf106,25,27,0,0,0,27,0,0.0,0.0
2,clab-nebula-serf106,30,55,58,39,19,16,0.6724137931034483,0.7090909090909091,0.527027027027027
2,clab-nebula-serf106,35,86,88,70,18,16,0.7954545454545454,0.813953488372093,0.6730769230769231
2,clab-nebula-serf106,40,130,107,98,9,32,0.9158878504672897,0.7538461538461538,0.7050359712230215
2,clab-nebula-serf106,45,145,134,126,8,19,0.9402985074626866,0.8689655172413793,0.8235294117647058
2,clab-nebula-serf106,50,153,134,128,6,25,0.9552238805970149,0.8366013071895425,0.8050314465408805
2,clab-nebula-serf106,55,155,161,155,6,0,0.9627329192546584,1.0,0.9627329192546584
2,clab-nebula-serf106,60,161,161,161,0,0,1.0,1.0,1.0
2,clab-nebula-serf108,5,0,0,0,0,0,0,0,0
2,clab-nebula-serf108,10,2,0,0,0,2,0,0,0
2,clab-nebula-serf108,15,7,0,0,0,7,0,0.0,0.0
2,clab-nebula-serf108,20,16,0,0,0,16,0,0.0,0.0
2,clab-nebula-serf108,25,46,30,26,4,20,0.8666666666666667,0.5652173913043478,0.52
2,clab-nebula-serf108,30,73,58,47,11,26,0.8103448275862069,0.6438356164383562,0.5595238095238095
2,clab-nebula-serf108,35,122,88,82,6,40,0.9318181818181818,0.6721311475409836,0.640625
2,clab-nebula-serf108,40,144,107,103,4,41,0.9626168224299065,0.7152777777777778,0.6959459459459459
2,clab-nebula-serf108,45,149,133,124,9,25,0.9323308270676691,0.8322147651006712,0.7848101265822784
2,clab-nebula-serf108,50,155,134,130,4,25,0.9701492537313433,0.8387096774193549,0.8176100628930818
2,clab-nebula-serf108,55,158,161,158,3,0,0.9813664596273292,1.0,0.9813664596273292
2,clab-nebula-serf108,60,161,161,161,0,0,1.0,1.0,1.0
2,clab-nebula-serf119,5,2,1,1,0,1,1.0,0.5,0.5
2,clab-nebula-serf119,10,2,1,1,0,1,1.0,0.5,0.5
2,clab-nebula-serf119,15,2,1,1,0,1,1.0,0.5,0.5
2,clab-nebula-serf119,20,2,2,2,0,0,1.0,1.0,1.0
2,clab-nebula-serf119,25,3,0,0,0,3,0,0.0,0.0
2,clab-nebula-serf119,30,3,0,0,0,3,0,0.0,0.0
2,clab-nebula-serf119,35,3,0,0,0,3,0,0.0,0.0
2,clab-nebula-serf119,40,4,42,2,40,2,0.047619047619047616,0.5,0.045454545454545456
2,clab-nebula-serf119,45,5,50,3,47,2,0.06,0.6,0.057692307692307696
2,clab-nebula-serf119,50,17,120,15,105,2,0.125,0.8823529411764706,0.12295081967213115
2,clab-nebula-serf119,55,27,120,22,98,5,0.18333333333333332,0.8148148148148148,0.176
2,clab-nebula-serf119,60,53,133,43,90,10,0.3233082706766917,0.8113207547169812,0.3006993006993007
2,clab-nebula-serf125,5,0,0,0,0,0,0,0,0
2,clab-nebula-serf125,10,3,0,0,0,3,0,0.0,0.0
2,clab-nebula-serf125,15,12,0,0,0,12,0,0.0,0.0
2,clab-nebula-serf125,20,45,51,25,26,20,0.49019607843137253,0.5555555555555556,0.352112676056338
2,clab-nebula-serf125,25,58,57,33,24,25,0.5789473684210527,0.5689655172413793,0.4024390243902439
2,clab-nebula-serf125,30,84,105,59,46,25,0.5619047619047619,0.7023809523809523,0.45384615384615384
2,clab-nebula-serf125,35,112,133,87,46,25,0.6541353383458647,0.7767857142857143,0.5506329113924051
2,clab-nebula-serf125,40,137,133,112,21,25,0.8421052631578947,0.8175182481751825,0.7088607594936709
2,clab-nebula-serf125,45,146,134,121,13,25,0.9029850746268657,0.8287671232876712,0.7610062893081762
2,clab-nebula-serf125,50,155,161,155,6,0,0.9627329192546584,1.0,0.9627329192546584
2,clab-nebula-serf125,55,161,161,161,0,0,1.0,1.0,1.0
2,clab-nebula-serf125,60,161,161,161,0,0,1.0,1.0,1.0
2,clab-nebula-serf54,5,1,0,0,0,1,0,0,0
2,clab-nebula-serf54,10,11,0,0,0,11,0,0.0,0.0
2,clab-nebula-serf54,15,35,23,10,13,25,0.43478260869565216,0.2857142857142857,0.20833333333333334
2,clab-nebula-serf54,20,66,23,19,4,47,0.8260869565217391,0.2878787878787879,0.2714285714285714
2,clab-nebula-serf54,25,83,27,24,3,59,0.8888888888888888,0.2891566265060241,0.27906976744186046
2,clab-nebula-serf54,30,99,49,49,0,50,1.0,0.494949494949495,0.494949494949495
2,clab-nebula-serf54,35,119,71,52,19,67,0.7323943661971831,0.4369747899159664,0.37681159420289856
2,clab-nebula-serf54,40,122,67,51,16,71,0.7611940298507462,0.4180327868852459,0.3695652173913043
2,clab-nebula-serf54,45,126,66,52,14,74,0.7878787878787878,0.4126984126984127,0.37142857142857144
2,clab-nebula-serf54,50,153,66,66,0,87,1.0,0.43137254901960786,0.43137254901960786
2,clab-nebula-serf54,55,154,66,66,0,88,1.0,0.42857142857142855,0.42857142857142855
2,clab-nebula-serf54,60,157,161,157,4,0,0.9751552795031055,1.0,0.9751552795031055
2,clab-nebula-serf57,5,4,0,0,0,4,0,0,0
2,clab-nebula-serf57,10,13,0,0,0,13,0,0.0,0.0
2,clab-nebula-serf57,15,57,23,19,4,38,0.8260869565217391,0.3333333333333333,0.3114754098360656
2,clab-nebula-serf57,20,76,23,22,1,54,0.9565217391304348,0.2894736842105263,0.2857142857142857
2,clab-nebula-serf57,25,90,43,40,3,50,0.9302325581395349,0.4444444444444444,0.43010752688172044
2,clab-nebula-serf57,30,113,49,49,0,64,1.0,0.4336283185840708,0.4336283185840708
2,clab-nebula-serf57,35,121,71,54,17,67,0.7605633802816901,0.4462809917355372,0.391304347826087
2,clab-nebula-serf57,40,124,67,52,15,72,0.7761194029850746,0.41935483870967744,0.37410071942446044
2,clab-nebula-serf57,45,144,66,61,5,83,0.9242424242424242,0.4236111111111111,0.40939597315436244
2,clab-nebula-serf57,50,154,66,66,0,88,1.0,0.42857142857142855,0.42857142857142855
2,clab-nebula-serf57,55,155,161,155,6,0,0.9627329192546584,1.0,0.9627329192546584
2,clab-nebula-serf57,60,158,161,158,3,0,0.9813664596273292,1.0,0.9813664596273292
2,clab-nebula-serf24,5,0,0,0,0,0,0,0,0
2,clab-nebula-serf24,10,2,0,0,0,2,0,0,0
2,clab-nebula-serf24,15,5,0,0,0,5,0,0.0,0.0
2,clab-nebula-serf24,20,17,0,0,0,17,0,0.0,0.0
2,clab-nebula-serf24,25,29,0,0,0,29,0,0.0,0.0
2,clab-nebula-serf24,30,48,30,19,11,29,0.6333333333333333,0.3958333333333333,0.3220338983050847
2,clab-nebula-serf24,35,83,66,60,6,23,0.9090909090909091,0.7228915662650602,0.6741573033707865
2,clab-nebula-serf24,40,93,70,68,2,25,0.9714285714285714,0.7311827956989247,0.7157894736842105
2,clab-nebula-serf24,45,103,115,99,16,4,0.8608695652173913,0.9611650485436893,0.8319327731092437
2,clab-nebula-serf24,50,120,71,53,18,67,0.7464788732394366,0.44166666666666665,0.38405797101449274
2,clab-nebula-serf24,55,124,66,51,15,73,0.7727272727272727,0.4112903225806452,0.3669064748201439
2,clab-nebula-serf24,60,129,66,52,14,77,0.7878787878787878,0.40310077519379844,0.36363636363636365
2,clab-nebula-serf42,5,0,0,0,0,0,0,0,0
2,clab-nebula-serf42,10,0,0,0,0,0,0,0,0
2,clab-nebula-serf42,15,2,0,0,0,2,0,0,0
2,clab-nebula-serf42,20,15,0,0,0,15,0,0.0,0.0
2,clab-nebula-serf42,25,38,24,13,11,25,0.5416666666666666,0.34210526315789475,0.2653061224489796
2,clab-nebula-serf42,30,71,24,21,3,50,0.875,0.29577464788732394,0.28378378378378377
2,clab-nebula-serf42,35,88,33,31,2,57,0.9393939393939394,0.3522727272727273,0.34444444444444444
2,clab-nebula-serf42,40,101,70,69,1,32,0.9857142857142858,0.6831683168316832,0.6764705882352942
2,clab-nebula-serf42,45,117,71,50,21,67,0.704225352112676,0.42735042735042733,0.36231884057971014
2,clab-nebula-serf42,50,123,71,55,16,68,0.7746478873239436,0.44715447154471544,0.39568345323741005
2,clab-nebula-serf42,55,127,66,52,14,75,0.7878787878787878,0.4094488188976378,0.36879432624113473
2,clab-nebula-serf42,60,153,66,66,0,87,1.0,0.43137254901960786,0.43137254901960786
2,clab-nebula-serf48,5,0,0,0,0,0,0,0,0
2,clab-nebula-serf48,10,5,0,0,0,5,0,0.0,0.0
2,clab-nebula-serf48,15,21,0,0,0,21,0,0.0,0.0
2,clab-nebula-serf48,20,37,0,0,0,37,0,0.0,0.0
2,clab-nebula-serf48,25,79,30,27,3,52,0.9,0.34177215189873417,0.32926829268292684
2,clab-nebula-serf48,30,88,68,62,6,26,0.9117647058823529,0.7045454545454546,0.6595744680851063
2,clab-nebula-serf48,35,114,115,107,8,7,0.9304347826086956,0.9385964912280702,0.8770491803278688
2,clab-nebula-serf48,40,121,71,54,17,67,0.7605633802816901,0.4462809917355372,0.391304347826087
2,clab-nebula-serf48,45,124,67,52,15,72,0.7761194029850746,0.41935483870967744,0.37410071942446044
2,clab-nebula-serf48,50,141,66,58,8,83,0.8787878787878788,0.41134751773049644,0.38926174496644295
2,clab-nebula-serf48,55,154,66,66,0,88,1.0,0.42857142857142855,0.42857142857142855
2,clab-nebula-serf48,60,155,161,155,6,0,0.9627329192546584,1.0,0.9627329192546584
2,clab-nebula-serf2,5,0,0,0,0,0,0,0,0
2,clab-nebula-serf2,10,1,0,0,0,1,0,0,0
2,clab-nebula-serf2,15,5,0,0,0,5,0,0.0,0.0
2,clab-nebula-serf2,20,10,0,0,0,10,0,0.0,0.0
2,clab-nebula-serf2,25,19,1,1,0,18,1.0,0.05263157894736842,0.05263157894736842
2,clab-nebula-serf2,30,32,41,24,17,8,0.5853658536585366,0.75,0.4897959183673469
2,clab-nebula-serf2,35,67,51,42,9,25,0.8235294117647058,0.6268656716417911,0.5526315789473685
2,clab-nebula-serf2,40,84,50,47,3,37,0.94,0.5595238095238095,0.5402298850574713
2,clab-nebula-serf2,45,99,50,50,0,49,1.0,0.5050505050505051,0.5050505050505051
2,clab-nebula-serf2,50,114,66,44,22,70,0.6666666666666666,0.38596491228070173,0.3235294117647059
2,clab-nebula-serf2,55,120,66,48,18,72,0.7272727272727273,0.4,0.34782608695652173
2,clab-nebula-serf2,60,124,66,51,15,73,0.7727272727272727,0.4112903225806452,0.3669064748201439
2,clab-nebula-serf21,5,2,0,0,0,2,0,0,0
2,clab-nebula-serf21,10,4,0,0,0,4,0,0.0,0.0
2,clab-nebula-serf21,15,16,0,0,0,16,0,0.0,0.0
2,clab-nebula-serf21,20,32,0,0,0,32,0,0.0,0.0
2,clab-nebula-serf21,25,56,30,22,8,34,0.7333333333333333,0.39285714285714285,0.34375
2,clab-nebula-serf21,30,84,66,60,6,24,0.9090909090909091,0.7142857142857143,0.6666666666666666
2,clab-nebula-serf21,35,94,70,69,1,25,0.9857142857142858,0.7340425531914894,0.7263157894736842
2,clab-nebula-serf21,40,107,115,101,14,6,0.8782608695652174,0.9439252336448598,0.8347107438016529
2,clab-nebula-serf21,45,121,71,54,17,67,0.7605633802816901,0.4462809917355372,0.391304347826087
2,clab-nebula-serf21,50,124,66,51,15,73,0.7727272727272727,0.4112903225806452,0.3669064748201439
2,clab-nebula-serf21,55,133,66,52,14,81,0.7878787878787878,0.39097744360902253,0.35374149659863946
2,clab-nebula-serf21,60,154,66,66,0,88,1.0,0.42857142857142855,0.42857142857142855
2,clab-nebula-serf67,5,0,0,0,0,0,0,0,0
2,clab-nebula-serf67,10,5,0,0,0,5,0,0,0
2,clab-nebula-serf67,15,26,0,0,0,26,0,0.0,0.0
2,clab-nebula-serf67,20,41,2,0,2,41,0.0,0.0,0.0
2,clab-nebula-serf67,25,76,28,27,1,49,0.9642857142857143,0.35526315789473684,0.35064935064935066
2,clab-nebula-serf67,30,98,28,28,0,70,1.0,0.2857142857142857,0.2857142857142857
2,clab-nebula-serf67,35,115,82,80,2,35,0.975609756097561,0.6956521739130435,0.6837606837606838
2,clab-nebula-serf67,40,122,66,50,16,72,0.7575757575757576,0.4098360655737705,0.36231884057971014
2,clab-nebula-serf67,45,135,65,60,5,75,0.9230769230769231,0.4444444444444444,0.42857142857142855
2,clab-nebula-serf67,50,154,65,65,0,89,1.0,0.42207792207792205,0.42207792207792205
2,clab-nebula-serf67,55,154,161,154,7,0,0.9565217391304348,1.0,0.9565217391304348
2,clab-nebula-serf67,60,158,161,158,3,0,0.9813664596273292,1.0,0.9813664596273292
2,clab-nebula-serf102,5,5,0,0,0,5,0,0,0
2,clab-nebula-serf102,10,7,0,0,0,7,0,0.0,0.0
2,clab-nebula-serf102,15,7,0,0,0,7,0,0.0,0.0
2,clab-nebula-serf102,20,10,7,7,0,3,1.0,0.7,0.7
2,clab-nebula-serf102,25,21,38,15,23,6,0.39473684210526316,0.7142857142857143,0.3409090909090909
2,clab-nebula-serf102,30,40,88,34,54,6,0.38636363636363635,0.85,0.3617021276595745
2,clab-nebula-serf102,35,76,93,65,28,11,0.6989247311827957,0.8552631578947368,0.625
2,clab-nebula-serf102,40,124,106,90,16,34,0.8490566037735849,0.7258064516129032,0.6428571428571429
2,clab-nebula-serf102,45,144,134,120,14,24,0.8955223880597015,0.8333333333333334,0.759493670886076
2,clab-nebula-serf102,50,157,161,157,4,0,0.9751552795031055,1.0,0.9751552795031055
2,clab-nebula-serf102,55,160,161,160,1,0,0.9937888198757764,1.0,0.9937888198757764
2,clab-nebula-serf102,60,161,161,161,0,0,1.0,1.0,1.0
2,clab-nebula-serf110,5,0,0,0,0,0,0,0,0
2,clab-nebula-serf110,10,0,0,0,0,0,0,0,0
2,clab-nebula-serf110,15,2,0,0,0,2,0,0,0
2,clab-nebula-serf110,20,7,0,0,0,7,0,0.0,0.0
2,clab-nebula-serf110,25,15,0,0,0,15,0,0.0,0.0
2,clab-nebula-serf110,30,37,31,23,8,14,0.7419354838709677,0.6216216216216216,0.5111111111111111
2,clab-nebula-serf110,35,69,59,46,13,23,0.7796610169491526,0.6666666666666666,0.5609756097560976
2,clab-nebula-serf110,40,107,88,77,11,30,0.875,0.719626168224299,0.652542372881356
2,clab-nebula-serf110,45,143,107,103,4,40,0.9626168224299065,0.7202797202797203,0.7006802721088435
2,clab-nebula-serf110,50,148,133,123,10,25,0.924812030075188,0.831081081081081,0.7784810126582279
2,clab-nebula-serf110,55,154,134,129,5,25,0.9626865671641791,0.8376623376623377,0.8113207547169812
2,clab-nebula-serf110,60,157,161,157,4,0,0.9751552795031055,1.0,0.9751552795031055
2,clab-nebula-serf132,5,0,0,0,0,0,0,0,0
2,clab-nebula-serf132,10,0,0,0,0,0,0,0,0
2,clab-nebula-serf132,15,11,0,0,0,11,0,0.0,0.0
2,clab-nebula-serf132,20,14,0,0,0,14,0,0.0,0.0
2,clab-nebula-serf132,25,23,11,11,0,12,1.0,0.4782608695652174,0.4782608695652174
2,clab-nebula-serf132,30,37,50,19,31,18,0.38,0.5135135135135135,0.27941176470588236
2,clab-nebula-serf132,35,48,101,31,70,17,0.3069306930693069,0.6458333333333334,0.2627118644067797
2,clab-nebula-serf132,40,78,106,54,52,24,0.5094339622641509,0.6923076923076923,0.4153846153846154
2,clab-nebula-serf132,45,104,106,78,28,26,0.7358490566037735,0.75,0.5909090909090909
2,clab-nebula-serf132,50,132,134,108,26,24,0.8059701492537313,0.8181818181818182,0.6835443037974683
2,clab-nebula-serf132,55,144,66,58,8,86,0.8787878787878788,0.4027777777777778,0.3815789473684211
2,clab-nebula-serf132,60,151,161,151,10,0,0.937888198757764,1.0,0.937888198757764
2,clab-nebula-serf134,5,0,0,0,0,0,0,0,0
2,clab-nebula-serf134,10,0,0,0,0,0,0,0,0
2,clab-nebula-serf134,15,1,0,0,0,1,0,0.0,0.0
2,clab-nebula-serf134,20,14,11,11,0,3,1.0,0.7857142857142857,0.7857142857142857
2,clab-nebula-serf134,25,16,11,11,0,5,1.0,0.6875,0.6875
2,clab-nebula-serf134,30,26,11,11,0,15,1.0,0.4230769230769231,0.4230769230769231
2,clab-nebula-serf134,35,43,101,27,74,16,0.26732673267326734,0.627906976744186,0.23076923076923078
2,clab-nebula-serf134,40,57,104,37,67,20,0.3557692307692308,0.6491228070175439,0.29838709677419356
2,clab-nebula-serf134,45,91,106,66,40,25,0.6226415094339622,0.7252747252747253,0.5038167938931297
2,clab-nebula-serf134,50,116,134,92,42,24,0.6865671641791045,0.7931034482758621,0.5822784810126582
2,clab-nebula-serf134,55,137,66,57,9,80,0.8636363636363636,0.41605839416058393,0.3904109589041096
2,clab-nebula-serf134,60,147,66,60,6,87,0.9090909090909091,0.40816326530612246,0.39215686274509803
2,clab-nebula-serf137,5,0,0,0,0,0,0,0,0
2,clab-nebula-serf137,10,0,0,0,0,0,0,0,0
2,clab-nebula-serf137,15,2,0,0,0,2,0,0.0,0.0
2,clab-nebula-serf137,20,14,0,0,0,14,0,0.0,0.0
2,clab-nebula-serf137,25,20,11,11,0,9,1.0,0.55,0.55
2,clab-nebula-serf137,30,26,11,11,0,15,1.0,0.4230769230769231,0.4230769230769231
2,clab-nebula-serf137,35,44,105,26,79,18,0.24761904761904763,0.5909090909090909,0.21138211382113822
2,clab-nebula-serf137,40,55,104,35,69,20,0.33653846153846156,0.6363636363636364,0.28225806451612906
2,clab-nebula-serf137,45,90,106,66,40,24,0.6226415094339622,0.7333333333333333,0.5076923076923077
2,clab-nebula-serf137,50,115,134,91,43,24,0.6791044776119403,0.7913043478260869,0.5759493670886076
2,clab-nebula-serf137,55,137,134,113,21,24,0.8432835820895522,0.8248175182481752,0.7151898734177216
2,clab-nebula-serf137,60,148,66,60,6,88,0.9090909090909091,0.40540540540540543,0.38961038961038963
2,clab-nebula-serf10,5,1,0,0,0,1,0,0,0
2,clab-nebula-serf10,10,9,0,0,0,9,0,0.0,0.0
2,clab-nebula-serf10,15,20,0,0,0,20,0,0.0,0.0
2,clab-nebula-serf10,20,40,39,25,14,15,0.6410256410256411,0.625,0.46296296296296297
2,clab-nebula-serf10,25,71,41,35,6,36,0.8536585365853658,0.49295774647887325,0.45454545454545453
2,clab-nebula-serf10,30,88,51,50,1,38,0.9803921568627451,0.5681818181818182,0.5617977528089888
2,clab-nebula-serf10,35,103,51,51,0,52,1.0,0.49514563106796117,0.49514563106796117
2,clab-nebula-serf10,40,120,68,50,18,70,0.7352941176470589,0.4166666666666667,0.36231884057971014
2,clab-nebula-serf10,45,121,66,49,17,72,0.7424242424242424,0.4049586776859504,0.35507246376811596
2,clab-nebula-serf10,50,129,66,52,14,77,0.7878787878787878,0.40310077519379844,0.36363636363636365
2,clab-nebula-serf10,55,153,66,66,0,87,1.0,0.43137254901960786,0.43137254901960786
2,clab-nebula-serf10,60,156,161,156,5,0,0.968944099378882,1.0,0.968944099378882
2,clab-nebula-serf46,5,0,0,0,0,0,0,0,0
2,clab-nebula-serf46,10,3,0,0,0,3,0,0,0
2,clab-nebula-serf46,15,11,0,0,0,11,0,0.0,0.0
2,clab-nebula-serf46,20,26,0,0,0,26,0,0.0,0.0
2,clab-nebula-serf46,25,54,24,15,9,39,0.625,0.2777777777777778,0.23809523809523808
2,clab-nebula-serf46,30,81,45,39,6,42,0.8666666666666667,0.48148148148148145,0.4482758620689655
2,clab-nebula-serf46,35,100,70,67,3,33,0.9571428571428572,0.67,0.6504854368932039
2,clab-nebula-serf46,40,121,115,114,1,7,0.991304347826087,0.9421487603305785,0.9344262295081968
2,clab-nebula-serf46,45,124,71,56,15,68,0.7887323943661971,0.45161290322580644,0.4028776978417266
2,clab-nebula-serf46,50,127,67,52,15,75,0.7761194029850746,0.4094488188976378,0.36619718309859156
2,clab-nebula-serf46,55,154,66,66,0,88,1.0,0.42857142857142855,0.42857142857142855
2,clab-nebula-serf46,60,154,161,154,7,0,0.9565217391304348,1.0,0.9565217391304348
2,clab-nebula-serf74,5,0,0,0,0,0,0,0,0
2,clab-nebula-serf74,10,9,0,0,0,9,0,0.0,0.0
2,clab-nebula-serf74,15,26,0,0,0,26,0,0.0,0.0
2,clab-nebula-serf74,20,45,28,20,8,25,0.7142857142857143,0.4444444444444444,0.37735849056603776
2,clab-nebula-serf74,25,82,28,27,1,55,0.9642857142857143,0.32926829268292684,0.3253012048192771
2,clab-nebula-serf74,30,106,28,28,0,78,1.0,0.2641509433962264,0.2641509433962264
2,clab-nebula-serf74,35,117,103,85,18,32,0.8252427184466019,0.7264957264957265,0.6296296296296297
2,clab-nebula-serf74,40,124,66,51,15,73,0.7727272727272727,0.4112903225806452,0.3669064748201439
2,clab-nebula-serf74,45,145,65,62,3,83,0.9538461538461539,0.42758620689655175,0.4189189189189189
2,clab-nebula-serf74,50,154,65,65,0,89,1.0,0.42207792207792205,0.42207792207792205
2,clab-nebula-serf74,55,155,161,155,6,0,0.9627329192546584,1.0,0.9627329192546584
2,clab-nebula-serf74,60,159,161,159,2,0,0.9875776397515528,1.0,0.9875776397515528
2,clab-nebula-serf76,5,2,0,0,0,2,0,0,0
2,clab-nebula-serf76,10,25,0,0,0,25,0,0.0,0.0
2,clab-nebula-serf76,15,38,2,0,2,38,0.0,0.0,0.0
2,clab-nebula-serf76,20,68,28,27,1,41,0.9642857142857143,0.39705882352941174,0.391304347826087
2,clab-nebula-serf76,25,89,28,28,0,61,1.0,0.3146067415730337,0.3146067415730337
2,clab-nebula-serf76,30,111,82,78,4,33,0.9512195121951219,0.7027027027027027,0.6782608695652174
2,clab-nebula-serf76,35,121,66,49,17,72,0.7424242424242424,0.4049586776859504,0.35507246376811596
2,clab-nebula-serf76,40,129,66,56,10,73,0.8484848484848485,0.43410852713178294,0.4028776978417266
2,clab-nebula-serf76,45,153,65,65,0,88,1.0,0.42483660130718953,0.42483660130718953
2,clab-nebula-serf76,50,154,65,65,0,89,1.0,0.42207792207792205,0.42207792207792205
2,clab-nebula-serf76,55,158,161,158,3,0,0.9813664596273292,1.0,0.9813664596273292
2,clab-nebula-serf76,60,161,161,161,0,0,1.0,1.0,1.0
2,clab-nebula-serf149,5,0,0,0,0,0,0,0,0
2,clab-nebula-serf149,10,0,0,0,0,0,0,0,0
2,clab-nebula-serf149,15,1,0,0,0,1,0,0.0,0.0
2,clab-nebula-serf149,20,11,0,0,0,11,0,0.0,0.0
2,clab-nebula-serf149,25,17,51,2,49,15,0.0392156862745098,0.11764705882352941,0.030303030303030304
2,clab-nebula-serf149,30,25,63,10,53,15,0.15873015873015872,0.4,0.1282051282051282
2,clab-nebula-serf149,35,48,82,48,34,0,0.5853658536585366,1.0,0.5853658536585366
2,clab-nebula-serf149,40,60,126,35,91,25,0.2777777777777778,0.5833333333333334,0.23178807947019867
2,clab-nebula-serf149,45,89,133,64,69,25,0.48120300751879697,0.7191011235955056,0.4050632911392405
2,clab-nebula-serf149,50,124,133,99,34,25,0.7443609022556391,0.7983870967741935,0.6265822784810127
2,clab-nebula-serf149,55,143,133,118,15,25,0.8872180451127819,0.8251748251748252,0.7468354430379747
2,clab-nebula-serf149,60,152,133,127,6,25,0.9548872180451128,0.8355263157894737,0.8037974683544303
2,clab-nebula-serf20,5,2,0,0,0,2,0,0,0
2,clab-nebula-serf20,10,4,0,0,0,4,0,0.0,0.0
2,clab-nebula-serf20,15,15,0,0,0,15,0,0.0,0.0
2,clab-nebula-serf20,20,26,30,6,24,20,0.2,0.23076923076923078,0.12
2,clab-nebula-serf20,25,46,30,19,11,27,0.6333333333333333,0.41304347826086957,0.3333333333333333
2,clab-nebula-serf20,30,80,66,59,7,21,0.8939393939393939,0.7375,0.6781609195402298
2,clab-nebula-serf20,35,93,70,68,2,25,0.9714285714285714,0.7311827956989247,0.7157894736842105
2,clab-nebula-serf20,40,102,71,37,34,65,0.5211267605633803,0.3627450980392157,0.27205882352941174
2,clab-nebula-serf20,45,118,71,51,20,67,0.7183098591549296,0.4322033898305085,0.3695652173913043
2,clab-nebula-serf20,50,124,66,51,15,73,0.7727272727272727,0.4112903225806452,0.3669064748201439
2,clab-nebula-serf20,55,129,66,52,14,77,0.7878787878787878,0.40310077519379844,0.36363636363636365
2,clab-nebula-serf20,60,154,66,66,0,88,1.0,0.42857142857142855,0.42857142857142855
2,clab-nebula-serf22,5,0,0,0,0,0,0,0,0
2,clab-nebula-serf22,10,4,0,0,0,4,0,0,0
2,clab-nebula-serf22,15,10,0,0,0,10,0,0.0,0.0
2,clab-nebula-serf22,20,23,0,0,0,23,0,0.0,0.0
2,clab-nebula-serf22,25,41,30,17,13,24,0.5666666666666667,0.4146341463414634,0.3148148148148148
2,clab-nebula-serf22,30,76,30,27,3,49,0.9,0.35526315789473684,0.34177215189873417
2,clab-nebula-serf22,35,93,70,68,2,25,0.9714285714285714,0.7311827956989247,0.7157894736842105
2,clab-nebula-serf22,40,98,70,70,0,28,1.0,0.7142857142857143,0.7142857142857143
2,clab-nebula-serf22,45,117,71,50,21,67,0.704225352112676,0.42735042735042733,0.36231884057971014
2,clab-nebula-serf22,50,122,67,51,16,71,0.7611940298507462,0.4180327868852459,0.3695652173913043
2,clab-nebula-serf22,55,125,66,51,15,74,0.7727272727272727,0.408,0.36428571428571427
2,clab-nebula-serf22,60,153,66,66,0,87,1.0,0.43137254901960786,0.43137254901960786
2,clab-nebula-serf160,5,4,0,0,0,4,0,0,0
2,clab-nebula-serf160,10,4,0,0,0,4,0,0.0,0.0
2,clab-nebula-serf160,15,5,16,0,16,5,0.0,0.0,0.0
2,clab-nebula-serf160,20,10,16,1,15,9,0.0625,0.1,0.04
2,clab-nebula-serf160,25,25,57,15,42,10,0.2631578947368421,0.6,0.22388059701492538
2,clab-nebula-serf160,30,37,57,20,37,17,0.3508771929824561,0.5405405405405406,0.2702702702702703
2,clab-nebula-serf160,35,43,100,25,75,18,0.25,0.5813953488372093,0.211864406779661
2,clab-nebula-serf160,40,58,126,33,93,25,0.2619047619047619,0.5689655172413793,0.2185430463576159
2,clab-nebula-serf160,45,82,133,57,76,25,0.42857142857142855,0.6951219512195121,0.36075949367088606
2,clab-nebula-serf160,50,118,133,93,40,25,0.6992481203007519,0.788135593220339,0.5886075949367089
2,clab-nebula-serf160,55,139,65,57,8,82,0.8769230769230769,0.41007194244604317,0.3877551020408163
2,clab-nebula-serf160,60,149,161,149,12,0,0.9254658385093167,1.0,0.9254658385093167
2,clab-nebula-serf31,5,1,0,0,0,1,0,0,0
2,clab-nebula-serf31,10,13,0,0,0,13,0,0.0,0.0
2,clab-nebula-serf31,15,28,0,0,0,28,0,0.0,0.0
2,clab-nebula-serf31,20,45,30,19,11,26,0.6333333333333333,0.4222222222222222,0.3392857142857143
2,clab-nebula-serf31,25,80,49,46,3,34,0.9387755102040817,0.575,0.5542168674698795
2,clab-nebula-serf31,30,93,70,68,2,25,0.9714285714285714,0.7311827956989247,0.7157894736842105
2,clab-nebula-serf31,35,102,70,70,0,32,1.0,0.6862745098039216,0.6862745098039216
2,clab-nebula-serf31,40,119,71,52,19,67,0.7323943661971831,0.4369747899159664,0.37681159420289856
2,clab-nebula-serf31,45,124,66,51,15,73,0.7727272727272727,0.4112903225806452,0.3669064748201439
2,clab-nebula-serf31,50,129,66,52,14,77,0.7878787878787878,0.40310077519379844,0.36363636363636365
2,clab-nebula-serf31,55,154,66,66,0,88,1.0,0.42857142857142855,0.42857142857142855
2,clab-nebula-serf31,60,154,161,154,7,0,0.9565217391304348,1.0,0.9565217391304348
2,clab-nebula-serf93,5,3,0,0,0,3,0,0,0
2,clab-nebula-serf93,10,16,0,0,0,16,0,0.0,0.0
2,clab-nebula-serf93,15,37,4,4,0,33,1.0,0.10810810810810811,0.10810810810810811
2,clab-nebula-serf93,20,59,27,25,2,34,0.9259259259259259,0.423728813559322,0.4098360655737705
2,clab-nebula-serf93,25,83,27,26,1,57,0.9629629629629629,0.3132530120481928,0.30952380952380953
2,clab-nebula-serf93,30,110,43,42,1,68,0.9767441860465116,0.38181818181818183,0.3783783783783784
2,clab-nebula-serf93,35,119,103,85,18,34,0.8252427184466019,0.7142857142857143,0.6204379562043796
2,clab-nebula-serf93,40,125,67,53,14,72,0.7910447761194029,0.424,0.381294964028777
2,clab-nebula-serf93,45,142,66,64,2,78,0.9696969696969697,0.4507042253521127,0.4444444444444444
2,clab-nebula-serf93,50,154,66,66,0,88,1.0,0.42857142857142855,0.42857142857142855
2,clab-nebula-serf93,55,156,161,156,5,0,0.968944099378882,1.0,0.968944099378882
2,clab-nebula-serf93,60,161,161,161,0,0,1.0,1.0,1.0
2,clab-nebula-serf122,5,0,0,0,0,0,0,0,0
2,clab-nebula-serf122,10,0,0,0,0,0,0,0,0
2,clab-nebula-serf122,15,8,0,0,0,8,0,0.0,0.0
2,clab-nebula-serf122,20,15,0,0,0,15,0,0.0,0.0
2,clab-nebula-serf122,25,22,31,11,20,11,0.3548387096774194,0.5,0.2619047619047619
2,clab-nebula-serf122,30,61,64,41,23,20,0.640625,0.6721311475409836,0.4880952380952381
2,clab-nebula-serf122,35,106,107,82,25,24,0.7663551401869159,0.7735849056603774,0.6259541984732825
2,clab-nebula-serf122,40,133,133,108,25,25,0.8120300751879699,0.8120300751879699,0.6835443037974683
2,clab-nebula-serf122,45,144,134,119,15,25,0.8880597014925373,0.8263888888888888,0.7484276729559748
2,clab-nebula-serf122,50,154,133,129,4,25,0.9699248120300752,0.8376623376623377,0.8164556962025317
2,clab-nebula-serf122,55,161,161,161,0,0,1.0,1.0,1.0
2,clab-nebula-serf122,60,161,161,161,0,0,1.0,1.0,1.0
2,clab-nebula-serf38,5,0,0,0,0,0,0,0,0
2,clab-nebula-serf38,10,4,0,0,0,4,0,0,0
2,clab-nebula-serf38,15,24,0,0,0,24,0,0.0,0.0
2,clab-nebula-serf38,20,56,23,17,6,39,0.7391304347826086,0.30357142857142855,0.27419354838709675
2,clab-nebula-serf38,25,82,23,21,2,61,0.9130434782608695,0.25609756097560976,0.25
2,clab-nebula-serf38,30,92,33,33,0,59,1.0,0.358695652173913,0.358695652173913
2,clab-nebula-serf38,35,107,70,70,0,37,1.0,0.6542056074766355,0.6542056074766355
2,clab-nebula-serf38,40,121,71,54,17,67,0.7605633802816901,0.4462809917355372,0.391304347826087
2,clab-nebula-serf38,45,124,67,52,15,72,0.7761194029850746,0.41935483870967744,0.37410071942446044
2,clab-nebula-serf38,50,133,66,55,11,78,0.8333333333333334,0.41353383458646614,0.3819444444444444
2,clab-nebula-serf38,55,154,66,66,0,88,1.0,0.42857142857142855,0.42857142857142855
2,clab-nebula-serf38,60,154,66,66,0,88,1.0,0.42857142857142855,0.42857142857142855
2,clab-nebula-serf55,5,0,0,0,0,0,0,0,0
2,clab-nebula-serf55,10,9,0,0,0,9,0,0,0
2,clab-nebula-serf55,15,23,0,0,0,23,0,0.0,0.0
2,clab-nebula-serf55,20,64,23,19,4,45,0.8260869565217391,0.296875,0.27941176470588236
2,clab-nebula-serf55,25,83,27,24,3,59,0.8888888888888888,0.2891566265060241,0.27906976744186046
2,clab-nebula-serf55,30,96,43,42,1,54,0.9767441860465116,0.4375,0.4329896907216495
2,clab-nebula-serf55,35,119,115,112,3,7,0.9739130434782609,0.9411764705882353,0.9180327868852459
2,clab-nebula-serf55,40,121,67,50,17,71,0.746268656716418,0.4132231404958678,0.36231884057971014
2,clab-nebula-serf55,45,126,66,52,14,74,0.7878787878787878,0.4126984126984127,0.37142857142857144
2,clab-nebula-serf55,50,153,66,66,0,87,1.0,0.43137254901960786,0.43137254901960786
2,clab-nebula-serf55,55,154,66,66,0,88,1.0,0.42857142857142855,0.42857142857142855
2,clab-nebula-serf55,60,157,161,157,4,0,0.9751552795031055,1.0,0.9751552795031055
2,clab-nebula-serf79,5,6,0,0,0,6,0,0,0
2,clab-nebula-serf79,10,26,0,0,0,26,0,0.0,0.0
2,clab-nebula-serf79,15,41,28,19,9,22,0.6785714285714286,0.4634146341463415,0.38
2,clab-nebula-serf79,20,76,28,27,1,49,0.9642857142857143,0.35526315789473684,0.35064935064935066
2,clab-nebula-serf79,25,96,28,28,0,68,1.0,0.2916666666666667,0.2916666666666667
2,clab-nebula-serf79,30,116,83,82,1,34,0.9879518072289156,0.7068965517241379,0.7008547008547008
2,clab-nebula-serf79,35,121,66,49,17,72,0.7424242424242424,0.4049586776859504,0.35507246376811596
2,clab-nebula-serf79,40,135,65,60,5,75,0.9230769230769231,0.4444444444444444,0.42857142857142855
2,clab-nebula-serf79,45,153,65,65,0,88,1.0,0.42483660130718953,0.42483660130718953
2,clab-nebula-serf79,50,154,161,154,7,0,0.9565217391304348,1.0,0.9565217391304348
2,clab-nebula-serf79,55,158,161,158,3,0,0.9813664596273292,1.0,0.9813664596273292
2,clab-nebula-serf79,60,161,161,161,0,0,1.0,1.0,1.0
2,clab-nebula-serf113,5,1,0,0,0,1,0,0,0
2,clab-nebula-serf113,10,1,0,0,0,1,0,0.0,0.0
2,clab-nebula-serf113,15,3,0,0,0,3,0,0.0,0.0
2,clab-nebula-serf113,20,19,31,7,24,12,0.22580645161290322,0.3684210526315789,0.16279069767441862
2,clab-nebula-serf113,25,28,31,14,17,14,0.45161290322580644,0.5,0.3111111111111111
2,clab-nebula-serf113,30,65,120,60,60,5,0.5,0.9230769230769231,0.48
2,clab-nebula-serf113,35,105,121,90,31,15,0.743801652892562,0.8571428571428571,0.6617647058823529
2,clab-nebula-serf113,40,139,133,114,19,25,0.8571428571428571,0.8201438848920863,0.7215189873417721
2,clab-nebula-serf113,45,156,133,129,4,27,0.9699248120300752,0.8269230769230769,0.80625
2,clab-nebula-serf113,50,159,133,132,1,27,0.9924812030075187,0.8301886792452831,0.825
2,clab-nebula-serf113,55,161,161,161,0,0,1.0,1.0,1.0
2,clab-nebula-serf113,60,161,161,161,0,0,1.0,1.0,1.0
2,clab-nebula-serf120,5,2,0,0,0,2,0,0.0,0.0
2,clab-nebula-serf120,10,2,0,0,0,2,0,0.0,0.0
2,clab-nebula-serf120,15,2,0,0,0,2,0,0.0,0.0
2,clab-nebula-serf120,20,2,2,2,0,0,1.0,1.0,1.0
2,clab-nebula-serf120,25,2,1,1,0,1,1.0,0.5,0.5
2,clab-nebula-serf120,30,3,1,1,0,2,1.0,0.3333333333333333,0.3333333333333333
2,clab-nebula-serf120,35,3,1,1,0,2,1.0,0.3333333333333333,0.3333333333333333
2,clab-nebula-serf120,40,3,43,2,41,1,0.046511627906976744,0.6666666666666666,0.045454545454545456
2,clab-nebula-serf120,45,5,121,4,117,1,0.03305785123966942,0.8,0.03278688524590164
2,clab-nebula-serf120,50,14,121,13,108,1,0.10743801652892562,0.9285714285714286,0.10655737704918032
2,clab-nebula-serf120,55,24,121,20,101,4,0.1652892561983471,0.8333333333333334,0.16
2,clab-nebula-serf120,60,48,134,39,95,9,0.291044776119403,0.8125,0.2727272727272727
2,clab-nebula-serf128,5,0,0,0,0,0,0,0,0
2,clab-nebula-serf128,10,2,0,0,0,2,0,0,0
2,clab-nebula-serf128,15,6,0,0,0,6,0,0.0,0.0
2,clab-nebula-serf128,20,20,0,0,0,20,0,0.0,0.0
2,clab-nebula-serf128,25,48,30,26,4,22,0.8666666666666667,0.5416666666666666,0.5
2,clab-nebula-serf128,30,73,82,57,25,16,0.6951219512195121,0.7808219178082192,0.5816326530612245
2,clab-nebula-serf128,35,111,88,81,7,30,0.9204545454545454,0.7297297297297297,0.6864406779661016
2,clab-nebula-serf128,40,145,134,126,8,19,0.9402985074626866,0.8689655172413793,0.8235294117647058
2,clab-nebula-serf128,45,150,134,125,9,25,0.9328358208955224,0.8333333333333334,0.7861635220125787
2,clab-nebula-serf128,50,155,161,155,6,0,0.9627329192546584,1.0,0.9627329192546584
2,clab-nebula-serf128,55,159,161,159,2,0,0.9875776397515528,1.0,0.9875776397515528
2,clab-nebula-serf128,60,161,161,161,0,0,1.0,1.0,1.0
2,clab-nebula-serf8,5,0,0,0,0,0,0,0,0
2,clab-nebula-serf8,10,5,0,0,0,5,0,0.0,0.0
2,clab-nebula-serf8,15,13,0,0,0,13,0,0.0,0.0
2,clab-nebula-serf8,20,23,1,1,0,22,1.0,0.043478260869565216,0.043478260869565216
2,clab-nebula-serf8,25,44,41,26,15,18,0.6341463414634146,0.5909090909090909,0.4406779661016949
2,clab-nebula-serf8,30,76,49,43,6,33,0.8775510204081632,0.5657894736842105,0.524390243902439
2,clab-nebula-serf8,35,89,51,50,1,39,0.9803921568627451,0.5617977528089888,0.5555555555555556
2,clab-nebula-serf8,40,105,89,82,7,23,0.9213483146067416,0.780952380952381,0.7321428571428571
2,clab-nebula-serf8,45,120,66,48,18,72,0.7272727272727273,0.4,0.34782608695652173
2,clab-nebula-serf8,50,122,66,49,17,73,0.7424242424242424,0.4016393442622951,0.35251798561151076
2,clab-nebula-serf8,55,130,66,52,14,78,0.7878787878787878,0.4,0.3611111111111111
2,clab-nebula-serf8,60,153,66,66,0,87,1.0,0.43137254901960786,0.43137254901960786
2,clab-nebula-serf27,5,0,0,0,0,0,0,0,0
2,clab-nebula-serf27,10,3,0,0,0,3,0,0.0,0.0
2,clab-nebula-serf27,15,7,0,0,0,7,0,0.0,0.0
2,clab-nebula-serf27,20,13,1,1,0,12,1.0,0.07692307692307693,0.07692307692307693
2,clab-nebula-serf27,25,24,49,23,26,1,0.46938775510204084,0.9583333333333334,0.46
2,clab-nebula-serf27,30,38,66,36,30,2,0.5454545454545454,0.9473684210526315,0.5294117647058824
2,clab-nebula-serf27,35,75,70,61,9,14,0.8714285714285714,0.8133333333333334,0.7261904761904762
2,clab-nebula-serf27,40,92,70,68,2,24,0.9714285714285714,0.7391304347826086,0.723404255319149
2,clab-nebula-serf27,45,98,71,33,38,65,0.4647887323943662,0.336734693877551,0.2426470588235294
2,clab-nebula-serf27,50,117,70,49,21,68,0.7,0.4188034188034188,0.35507246376811596
2,clab-nebula-serf27,55,122,66,50,16,72,0.7575757575757576,0.4098360655737705,0.36231884057971014
2,clab-nebula-serf27,60,125,66,51,15,74,0.7727272727272727,0.408,0.36428571428571427
2,clab-nebula-serf78,5,0,0,0,0,0,0,0,0
2,clab-nebula-serf78,10,9,0,0,0,9,0,0.0,0.0
2,clab-nebula-serf78,15,27,0,0,0,27,0,0.0,0.0
2,clab-nebula-serf78,20,48,28,21,7,27,0.75,0.4375,0.38181818181818183
2,clab-nebula-serf78,25,80,28,27,1,53,0.9642857142857143,0.3375,0.3333333333333333
2,clab-nebula-serf78,30,102,28,28,0,74,1.0,0.27450980392156865,0.27450980392156865
2,clab-nebula-serf78,35,118,103,85,18,33,0.8252427184466019,0.7203389830508474,0.625
2,clab-nebula-serf78,40,123,66,50,16,73,0.7575757575757576,0.4065040650406504,0.3597122302158273
2,clab-nebula-serf78,45,140,65,62,3,78,0.9538461538461539,0.44285714285714284,0.43356643356643354
2,clab-nebula-serf78,50,154,65,65,0,89,1.0,0.42207792207792205,0.42207792207792205
2,clab-nebula-serf78,55,155,161,155,6,0,0.9627329192546584,1.0,0.9627329192546584
2,clab-nebula-serf78,60,158,161,158,3,0,0.9813664596273292,1.0,0.9813664596273292
2,clab-nebula-serf104,5,1,0,0,0,1,0,0,0
2,clab-nebula-serf104,10,3,0,0,0,3,0,0.0,0.0
2,clab-nebula-serf104,15,8,0,0,0,8,0,0.0,0.0
2,clab-nebula-serf104,20,25,0,0,0,25,0,0.0,0.0
2,clab-nebula-serf104,25,54,58,39,19,15,0.6724137931034483,0.7222222222222222,0.5342465753424658
2,clab-nebula-serf104,30,87,82,66,16,21,0.8048780487804879,0.7586206896551724,0.6407766990291263
2,clab-nebula-serf104,35,130,107,98,9,32,0.9158878504672897,0.7538461538461538,0.7050359712230215
2,clab-nebula-serf104,40,145,134,126,8,19,0.9402985074626866,0.8689655172413793,0.8235294117647058
2,clab-nebula-serf104,45,153,134,128,6,25,0.9552238805970149,0.8366013071895425,0.8050314465408805
2,clab-nebula-serf104,50,155,161,155,6,0,0.9627329192546584,1.0,0.9627329192546584
2,clab-nebula-serf104,55,159,161,159,2,0,0.9875776397515528,1.0,0.9875776397515528
2,clab-nebula-serf104,60,161,161,161,0,0,1.0,1.0,1.0
2,clab-nebula-serf133,5,0,0,0,0,0,0,0,0
2,clab-nebula-serf133,10,0,0,0,0,0,0,0,0
2,clab-nebula-serf133,15,1,0,0,0,1,0,0.0,0.0
2,clab-nebula-serf133,20,14,0,0,0,14,0,0.0,0.0
2,clab-nebula-serf133,25,16,11,11,0,5,1.0,0.6875,0.6875
2,clab-nebula-serf133,30,26,11,11,0,15,1.0,0.4230769230769231,0.4230769230769231
2,clab-nebula-serf133,35,44,105,26,79,18,0.24761904761904763,0.5909090909090909,0.21138211382113822
2,clab-nebula-serf133,40,59,101,38,63,21,0.37623762376237624,0.6440677966101694,0.3114754098360656
2,clab-nebula-serf133,45,92,106,68,38,24,0.6415094339622641,0.7391304347826086,0.5230769230769231
2,clab-nebula-serf133,50,117,134,93,41,24,0.6940298507462687,0.7948717948717948,0.5886075949367089
2,clab-nebula-serf133,55,137,134,113,21,24,0.8432835820895522,0.8248175182481752,0.7151898734177216
2,clab-nebula-serf133,60,149,66,61,5,88,0.9242424242424242,0.40939597315436244,0.3961038961038961
2,clab-nebula-serf64,5,0,0,0,0,0,0,0,0
2,clab-nebula-serf64,10,0,0,0,0,0,0,0,0
2,clab-nebula-serf64,15,0,0,0,0,0,0,0,0
2,clab-nebula-serf64,20,7,0,0,0,7,0,0.0,0.0
2,clab-nebula-serf64,25,46,0,0,0,46,0,0.0,0.0
2,clab-nebula-serf64,30,69,28,23,5,46,0.8214285714285714,0.3333333333333333,0.3108108108108108
2,clab-nebula-serf64,35,100,43,40,3,60,0.9302325581395349,0.4,0.3883495145631068
2,clab-nebula-serf64,40,116,114,110,4,6,0.9649122807017544,0.9482758620689655,0.9166666666666666
2,clab-nebula-serf64,45,123,115,115,0,8,1.0,0.9349593495934959,0.9349593495934959
2,clab-nebula-serf64,50,128,66,54,12,74,0.8181818181818182,0.421875,0.38571428571428573
2,clab-nebula-serf64,55,154,66,66,0,88,1.0,0.42857142857142855,0.42857142857142855
2,clab-nebula-serf64,60,154,161,154,7,0,0.9565217391304348,1.0,0.9565217391304348
2,clab-nebula-serf73,5,4,0,0,0,4,0,0,0
2,clab-nebula-serf73,10,25,0,0,0,25,0,0.0,0.0
2,clab-nebula-serf73,15,39,28,18,10,21,0.6428571428571429,0.46153846153846156,0.3673469387755102
2,clab-nebula-serf73,20,69,28,27,1,42,0.9642857142857143,0.391304347826087,0.38571428571428573
2,clab-nebula-serf73,25,89,28,28,0,61,1.0,0.3146067415730337,0.3146067415730337
2,clab-nebula-serf73,30,113,82,79,3,34,0.9634146341463414,0.6991150442477876,0.6810344827586207
2,clab-nebula-serf73,35,121,66,49,17,72,0.7424242424242424,0.4049586776859504,0.35507246376811596
2,clab-nebula-serf73,40,130,65,56,9,74,0.8615384615384616,0.4307692307692308,0.4028776978417266
2,clab-nebula-serf73,45,151,65,63,2,88,0.9692307692307692,0.41721854304635764,0.4117647058823529
2,clab-nebula-serf73,50,154,65,65,0,89,1.0,0.42207792207792205,0.42207792207792205
2,clab-nebula-serf73,55,158,161,158,3,0,0.9813664596273292,1.0,0.9813664596273292
2,clab-nebula-serf73,60,161,161,161,0,0,1.0,1.0,1.0
2,clab-nebula-serf118,5,2,1,1,0,1,1.0,0.5,0.5
2,clab-nebula-serf118,10,2,1,1,0,1,1.0,0.5,0.5
2,clab-nebula-serf118,15,2,1,1,0,1,1.0,0.5,0.5
2,clab-nebula-serf118,20,2,2,2,0,0,1.0,1.0,1.0
2,clab-nebula-serf118,25,2,1,1,0,1,1.0,0.5,0.5
2,clab-nebula-serf118,30,3,1,1,0,2,1.0,0.3333333333333333,0.3333333333333333
2,clab-nebula-serf118,35,3,1,1,0,2,1.0,0.3333333333333333,0.3333333333333333
2,clab-nebula-serf118,40,3,43,2,41,1,0.046511627906976744,0.6666666666666666,0.045454545454545456
2,clab-nebula-serf118,45,5,51,4,47,1,0.0784313725490196,0.8,0.07692307692307693
2,clab-nebula-serf118,50,15,121,14,107,1,0.11570247933884298,0.9333333333333333,0.11475409836065574
2,clab-nebula-serf118,55,25,121,21,100,4,0.17355371900826447,0.84,0.168
2,clab-nebula-serf118,60,48,134,39,95,9,0.291044776119403,0.8125,0.2727272727272727
2,clab-nebula-serf5,5,0,0,0,0,0,0,0,0
2,clab-nebula-serf5,10,3,0,0,0,3,0,0.0,0.0
2,clab-nebula-serf5,15,7,0,0,0,7,0,0.0,0.0
2,clab-nebula-serf5,20,14,1,1,0,13,1.0,0.07142857142857142,0.07142857142857142
2,clab-nebula-serf5,25,19,48,18,30,1,0.375,0.9473684210526315,0.3673469387755102
2,clab-nebula-serf5,30,46,50,33,17,13,0.66,0.717391304347826,0.5238095238095238
2,clab-nebula-serf5,35,80,50,46,4,34,0.92,0.575,0.5476190476190477
2,clab-nebula-serf5,40,92,50,50,0,42,1.0,0.5434782608695652,0.5434782608695652
2,clab-nebula-serf5,45,108,65,38,27,70,0.5846153846153846,0.35185185185185186,0.2814814814814815
2,clab-nebula-serf5,50,118,65,45,20,73,0.6923076923076923,0.3813559322033898,0.32608695652173914
2,clab-nebula-serf5,55,121,65,47,18,74,0.7230769230769231,0.3884297520661157,0.3381294964028777
2,clab-nebula-serf5,60,143,65,59,6,84,0.9076923076923077,0.4125874125874126,0.3959731543624161
2,clab-nebula-serf87,5,3,0,0,0,3,0,0.0,0.0
2,clab-nebula-serf87,10,3,0,0,0,3,0,0.0,0.0
2,clab-nebula-serf87,15,11,3,3,0,8,1.0,0.2727272727272727,0.2727272727272727
2,clab-nebula-serf87,20,24,3,3,0,21,1.0,0.125,0.125
2,clab-nebula-serf87,25,49,27,21,6,28,0.7777777777777778,0.42857142857142855,0.38181818181818183
2,clab-nebula-serf87,30,80,41,38,3,42,0.926829268292683,0.475,0.4578313253012048
2,clab-nebula-serf87,35,108,104,78,26,30,0.75,0.7222222222222222,0.582089552238806
2,clab-nebula-serf87,40,120,66,48,18,72,0.7272727272727273,0.4,0.34782608695652173
2,clab-nebula-serf87,45,132,66,60,6,72,0.9090909090909091,0.45454545454545453,0.43478260869565216
2,clab-nebula-serf87,50,145,66,66,0,79,1.0,0.45517241379310347,0.45517241379310347
2,clab-nebula-serf87,55,155,66,66,0,89,1.0,0.4258064516129032,0.4258064516129032
2,clab-nebula-serf87,60,158,161,158,3,0,0.9813664596273292,1.0,0.9813664596273292
2,clab-nebula-serf88,5,3,0,0,0,3,0,0.0,0.0
2,clab-nebula-serf88,10,3,0,0,0,3,0,0.0,0.0
2,clab-nebula-serf88,15,8,1,1,0,7,1.0,0.125,0.125
2,clab-nebula-serf88,20,19,3,3,0,16,1.0,0.15789473684210525,0.15789473684210525
2,clab-nebula-serf88,25,42,27,18,9,24,0.6666666666666666,0.42857142857142855,0.35294117647058826
2,clab-nebula-serf88,30,72,26,25,1,47,0.9615384615384616,0.3472222222222222,0.3424657534246575
2,clab-nebula-serf88,35,100,104,73,31,27,0.7019230769230769,0.73,0.5572519083969466
2,clab-nebula-serf88,40,120,66,48,18,72,0.7272727272727273,0.4,0.34782608695652173
2,clab-nebula-serf88,45,127,66,55,11,72,0.8333333333333334,0.4330708661417323,0.39855072463768115
2,clab-nebula-serf88,50,136,66,63,3,73,0.9545454545454546,0.4632352941176471,0.45323741007194246
2,clab-nebula-serf88,55,154,66,66,0,88,1.0,0.42857142857142855,0.42857142857142855
2,clab-nebula-serf88,60,158,161,158,3,0,0.9813664596273292,1.0,0.9813664596273292
2,clab-nebula-serf153,5,0,0,0,0,0,0,0,0
2,clab-nebula-serf153,10,0,0,0,0,0,0,0,0
2,clab-nebula-serf153,15,1,0,0,0,1,0,0.0,0.0
2,clab-nebula-serf153,20,9,0,0,0,9,0,0.0,0.0
2,clab-nebula-serf153,25,12,31,0,31,12,0.0,0.0,0.0
2,clab-nebula-serf153,30,24,51,8,43,16,0.1568627450980392,0.3333333333333333,0.11940298507462686
2,clab-nebula-serf153,35,42,82,42,40,0,0.5121951219512195,1.0,0.5121951219512195
2,clab-nebula-serf153,40,55,57,33,24,22,0.5789473684210527,0.6,0.4177215189873418
2,clab-nebula-serf153,45,81,133,56,77,25,0.42105263157894735,0.691358024691358,0.35443037974683544
2,clab-nebula-serf153,50,114,133,89,44,25,0.6691729323308271,0.7807017543859649,0.5632911392405063
2,clab-nebula-serf153,55,137,133,112,21,25,0.8421052631578947,0.8175182481751825,0.7088607594936709
2,clab-nebula-serf153,60,148,133,123,10,25,0.924812030075188,0.831081081081081,0.7784810126582279
2,clab-nebula-serf53,5,0,0,0,0,0,0,0,0
2,clab-nebula-serf53,10,8,0,0,0,8,0,0.0,0.0
2,clab-nebula-serf53,15,25,23,9,14,16,0.391304347826087,0.36,0.23076923076923078
2,clab-nebula-serf53,20,64,23,19,4,45,0.8260869565217391,0.296875,0.27941176470588236
2,clab-nebula-serf53,25,81,43,36,7,45,0.8372093023255814,0.4444444444444444,0.4090909090909091
2,clab-nebula-serf53,30,97,49,49,0,48,1.0,0.5051546391752577,0.5051546391752577
2,clab-nebula-serf53,35,118,71,51,20,67,0.7183098591549296,0.4322033898305085,0.3695652173913043
2,clab-nebula-serf53,40,121,67,50,17,71,0.746268656716418,0.4132231404958678,0.36231884057971014
2,clab-nebula-serf53,45,125,66,52,14,73,0.7878787878787878,0.416,0.37410071942446044
2,clab-nebula-serf53,50,151,66,64,2,87,0.9696969696969697,0.423841059602649,0.41830065359477125
2,clab-nebula-serf53,55,154,66,66,0,88,1.0,0.42857142857142855,0.42857142857142855
2,clab-nebula-serf53,60,157,161,157,4,0,0.9751552795031055,1.0,0.9751552795031055
2,clab-nebula-serf69,5,0,0,0,0,0,0,0,0
2,clab-nebula-serf69,10,14,0,0,0,14,0,0.0,0.0
2,clab-nebula-serf69,15,31,0,0,0,31,0,0.0,0.0
2,clab-nebula-serf69,20,54,28,23,5,31,0.8214285714285714,0.42592592592592593,0.3898305084745763
2,clab-nebula-serf69,25,84,28,27,1,57,0.9642857142857143,0.32142857142857145,0.3176470588235294
2,clab-nebula-serf69,30,107,82,74,8,33,0.9024390243902439,0.6915887850467289,0.6434782608695652
2,clab-nebula-serf69,35,119,66,47,19,72,0.7121212121212122,0.3949579831932773,0.34057971014492755
2,clab-nebula-serf69,40,125,66,52,14,73,0.7878787878787878,0.416,0.37410071942446044
2,clab-nebula-serf69,45,147,65,63,2,84,0.9692307692307692,0.42857142857142855,0.4228187919463087
2,clab-nebula-serf69,50,154,65,65,0,89,1.0,0.42207792207792205,0.42207792207792205
2,clab-nebula-serf69,55,158,161,158,3,0,0.9813664596273292,1.0,0.9813664596273292
2,clab-nebula-serf69,60,161,161,161,0,0,1.0,1.0,1.0
2,clab-nebula-serf60,5,4,0,0,0,4,0,0,0
2,clab-nebula-serf60,10,10,0,0,0,10,0,0.0,0.0
2,clab-nebula-serf60,15,42,0,0,0,42,0,0.0,0.0
2,clab-nebula-serf60,20,70,23,19,4,51,0.8260869565217391,0.2714285714285714,0.25675675675675674
2,clab-nebula-serf60,25,87,27,26,1,61,0.9629629629629629,0.2988505747126437,0.29545454545454547
2,clab-nebula-serf60,30,111,49,49,0,62,1.0,0.44144144144144143,0.44144144144144143
2,clab-nebula-serf60,35,120,71,53,18,67,0.7464788732394366,0.44166666666666665,0.38405797101449274
2,clab-nebula-serf60,40,124,67,52,15,72,0.7761194029850746,0.41935483870967744,0.37410071942446044
2,clab-nebula-serf60,45,143,66,60,6,83,0.9090909090909091,0.4195804195804196,0.40268456375838924
2,clab-nebula-serf60,50,154,66,66,0,88,1.0,0.42857142857142855,0.42857142857142855
2,clab-nebula-serf60,55,154,161,154,7,0,0.9565217391304348,1.0,0.9565217391304348
2,clab-nebula-serf60,60,158,161,158,3,0,0.9813664596273292,1.0,0.9813664596273292
2,clab-nebula-serf145,5,0,0,0,0,0,0,0,0
2,clab-nebula-serf145,10,0,0,0,0,0,0,0,0
2,clab-nebula-serf145,15,1,0,0,0,1,0,0.0,0.0
2,clab-nebula-serf145,20,5,0,0,0,5,0,0.0,0.0
2,clab-nebula-serf145,25,7,0,0,0,7,0,0.0,0.0
2,clab-nebula-serf145,30,15,0,0,0,15,0,0.0,0.0
2,clab-nebula-serf145,35,37,62,24,38,13,0.3870967741935484,0.6486486486486487,0.32
2,clab-nebula-serf145,40,56,101,32,69,24,0.31683168316831684,0.5714285714285714,0.256
2,clab-nebula-serf145,45,66,101,42,59,24,0.4158415841584158,0.6363636363636364,0.336
2,clab-nebula-serf145,50,104,127,80,47,24,0.6299212598425197,0.7692307692307693,0.5298013245033113
2,clab-nebula-serf145,55,130,135,106,29,24,0.7851851851851852,0.8153846153846154,0.6666666666666666
2,clab-nebula-serf145,60,145,67,58,9,87,0.8656716417910447,0.4,0.37662337662337664
2,clab-nebula-serf6,5,1,0,0,0,1,0,0,0
2,clab-nebula-serf6,10,7,0,0,0,7,0,0.0,0.0
2,clab-nebula-serf6,15,18,0,0,0,18,0,0.0,0.0
2,clab-nebula-serf6,20,32,39,25,14,7,0.6410256410256411,0.78125,0.5434782608695652
2,clab-nebula-serf6,25,68,41,34,7,34,0.8292682926829268,0.5,0.4533333333333333
2,clab-nebula-serf6,30,86,51,49,2,37,0.9607843137254902,0.5697674418604651,0.5568181818181818
2,clab-nebula-serf6,35,98,50,50,0,48,1.0,0.5102040816326531,0.5102040816326531
2,clab-nebula-serf6,40,117,68,47,21,70,0.6911764705882353,0.4017094017094017,0.34057971014492755
2,clab-nebula-serf6,45,120,66,48,18,72,0.7272727272727273,0.4,0.34782608695652173
2,clab-nebula-serf6,50,124,66,51,15,73,0.7727272727272727,0.4112903225806452,0.3669064748201439
2,clab-nebula-serf6,55,151,66,64,2,87,0.9696969696969697,0.423841059602649,0.41830065359477125
2,clab-nebula-serf6,60,155,66,66,0,89,1.0,0.4258064516129032,0.4258064516129032
2,clab-nebula-serf11,5,2,0,0,0,2,0,0,0
2,clab-nebula-serf11,10,14,0,0,0,14,0,0.0,0.0
2,clab-nebula-serf11,15,26,0,0,0,26,0,0.0,0.0
2,clab-nebula-serf11,20,57,41,31,10,26,0.7560975609756098,0.543859649122807,0.4626865671641791
2,clab-nebula-serf11,25,82,43,41,2,41,0.9534883720930233,0.5,0.4880952380952381
2,clab-nebula-serf11,30,93,51,51,0,42,1.0,0.5483870967741935,0.5483870967741935
2,clab-nebula-serf11,35,112,89,87,2,25,0.9775280898876404,0.7767857142857143,0.7631578947368421
2,clab-nebula-serf11,40,120,66,48,18,72,0.7272727272727273,0.4,0.34782608695652173
2,clab-nebula-serf11,45,124,66,51,15,73,0.7727272727272727,0.4112903225806452,0.3669064748201439
2,clab-nebula-serf11,50,142,66,60,6,82,0.9090909090909091,0.4225352112676056,0.40540540540540543
2,clab-nebula-serf11,55,154,66,66,0,88,1.0,0.42857142857142855,0.42857142857142855
2,clab-nebula-serf11,60,157,161,157,4,0,0.9751552795031055,1.0,0.9751552795031055
2,clab-nebula-serf98,5,1,0,0,0,1,0,0.0,0.0
2,clab-nebula-serf98,10,7,0,0,0,7,0,0.0,0.0
2,clab-nebula-serf98,15,7,0,0,0,7,0,0.0,0.0
2,clab-nebula-serf98,20,8,7,7,0,1,1.0,0.875,0.875
2,clab-nebula-serf98,25,14,86,9,77,5,0.10465116279069768,0.6428571428571429,0.0989010989010989
2,clab-nebula-serf98,30,29,93,25,68,4,0.26881720430107525,0.8620689655172413,0.25773195876288657
2,clab-nebula-serf98,35,71,93,60,33,11,0.6451612903225806,0.8450704225352113,0.5769230769230769
2,clab-nebula-serf98,40,121,135,104,31,17,0.7703703703703704,0.859504132231405,0.6842105263157895
2,clab-nebula-serf98,45,144,161,144,17,0,0.8944099378881988,1.0,0.8944099378881988
2,clab-nebula-serf98,50,156,161,156,5,0,0.968944099378882,1.0,0.968944099378882
2,clab-nebula-serf98,55,160,161,160,1,0,0.9937888198757764,1.0,0.9937888198757764
2,clab-nebula-serf98,60,161,161,161,0,0,1.0,1.0,1.0
2,clab-nebula-serf138,5,0,0,0,0,0,0,0,0
2,clab-nebula-serf138,10,0,0,0,0,0,0,0,0
2,clab-nebula-serf138,15,1,0,0,0,1,0,0.0,0.0
2,clab-nebula-serf138,20,14,0,0,0,14,0,0.0,0.0
2,clab-nebula-serf138,25,14,11,11,0,3,1.0,0.7857142857142857,0.7857142857142857
2,clab-nebula-serf138,30,26,11,11,0,15,1.0,0.4230769230769231,0.4230769230769231
2,clab-nebula-serf138,35,43,50,22,28,21,0.44,0.5116279069767442,0.30985915492957744
2,clab-nebula-serf138,40,55,101,35,66,20,0.3465346534653465,0.6363636363636364,0.2892561983471074
2,clab-nebula-serf138,45,90,106,66,40,24,0.6226415094339622,0.7333333333333333,0.5076923076923077
2,clab-nebula-serf138,50,115,134,91,43,24,0.6791044776119403,0.7913043478260869,0.5759493670886076
2,clab-nebula-serf138,55,137,134,113,21,24,0.8432835820895522,0.8248175182481752,0.7151898734177216
2,clab-nebula-serf138,60,147,66,60,6,87,0.9090909090909091,0.40816326530612246,0.39215686274509803
2,clab-nebula-serf150,5,0,0,0,0,0,0,0,0
2,clab-nebula-serf150,10,0,0,0,0,0,0,0,0
2,clab-nebula-serf150,15,1,0,0,0,1,0,0.0,0.0
2,clab-nebula-serf150,20,9,39,2,37,7,0.05128205128205128,0.2222222222222222,0.043478260869565216
2,clab-nebula-serf150,25,17,63,12,51,5,0.19047619047619047,0.7058823529411765,0.17647058823529413
2,clab-nebula-serf150,30,23,82,23,59,0,0.2804878048780488,1.0,0.2804878048780488
2,clab-nebula-serf150,35,42,82,42,40,0,0.5121951219512195,1.0,0.5121951219512195
2,clab-nebula-serf150,40,54,133,33,100,21,0.24812030075187969,0.6111111111111112,0.21428571428571427
2,clab-nebula-serf150,45,79,133,54,79,25,0.40601503759398494,0.6835443037974683,0.34177215189873417
2,clab-nebula-serf150,50,117,133,92,41,25,0.6917293233082706,0.7863247863247863,0.5822784810126582
2,clab-nebula-serf150,55,141,133,116,17,25,0.8721804511278195,0.8226950354609929,0.7341772151898734
2,clab-nebula-serf150,60,152,133,127,6,25,0.9548872180451128,0.8355263157894737,0.8037974683544303
2,clab-nebula-serf18,5,0,0,0,0,0,0,0,0
2,clab-nebula-serf18,10,5,0,0,0,5,0,0.0,0.0
2,clab-nebula-serf18,15,20,0,0,0,20,0,0.0,0.0
2,clab-nebula-serf18,20,47,24,11,13,36,0.4583333333333333,0.23404255319148937,0.18333333333333332
2,clab-nebula-serf18,25,75,49,40,9,35,0.8163265306122449,0.5333333333333333,0.47619047619047616
2,clab-nebula-serf18,30,90,51,50,1,40,0.9803921568627451,0.5555555555555556,0.5494505494505495
2,clab-nebula-serf18,35,103,89,79,10,24,0.8876404494382022,0.7669902912621359,0.6991150442477876
2,clab-nebula-serf18,40,120,70,52,18,68,0.7428571428571429,0.43333333333333335,0.37681159420289856
2,clab-nebula-serf18,45,123,66,50,16,73,0.7575757575757576,0.4065040650406504,0.3597122302158273
2,clab-nebula-serf18,50,140,66,57,9,83,0.8636363636363636,0.40714285714285714,0.3825503355704698
2,clab-nebula-serf18,55,151,66,64,2,87,0.9696969696969697,0.423841059602649,0.41830065359477125
2,clab-nebula-serf18,60,157,161,157,4,0,0.9751552795031055,1.0,0.9751552795031055
2,clab-nebula-serf30,5,1,0,0,0,1,0,0,0
2,clab-nebula-serf30,10,13,0,0,0,13,0,0.0,0.0
2,clab-nebula-serf30,15,28,0,0,0,28,0,0.0,0.0
2,clab-nebula-serf30,20,45,30,19,11,26,0.6333333333333333,0.4222222222222222,0.3392857142857143
2,clab-nebula-serf30,25,81,49,46,3,35,0.9387755102040817,0.5679012345679012,0.5476190476190477
2,clab-nebula-serf30,30,93,70,68,2,25,0.9714285714285714,0.7311827956989247,0.7157894736842105
2,clab-nebula-serf30,35,102,70,70,0,32,1.0,0.6862745098039216,0.6862745098039216
2,clab-nebula-serf30,40,119,71,52,19,67,0.7323943661971831,0.4369747899159664,0.37681159420289856
2,clab-nebula-serf30,45,124,66,51,15,73,0.7727272727272727,0.4112903225806452,0.3669064748201439
2,clab-nebula-serf30,50,128,66,52,14,76,0.7878787878787878,0.40625,0.36619718309859156
2,clab-nebula-serf30,55,154,66,66,0,88,1.0,0.42857142857142855,0.42857142857142855
2,clab-nebula-serf30,60,154,161,154,7,0,0.9565217391304348,1.0,0.9565217391304348
2,clab-nebula-serf44,5,3,0,0,0,3,0,0,0
2,clab-nebula-serf44,10,10,0,0,0,10,0,0.0,0.0
2,clab-nebula-serf44,15,23,0,0,0,23,0,0.0,0.0
2,clab-nebula-serf44,20,47,24,14,10,33,0.5833333333333334,0.2978723404255319,0.24561403508771928
2,clab-nebula-serf44,25,81,64,58,6,23,0.90625,0.7160493827160493,0.6666666666666666
2,clab-nebula-serf44,30,99,70,66,4,33,0.9428571428571428,0.6666666666666666,0.6407766990291263
2,clab-nebula-serf44,35,120,115,113,2,7,0.9826086956521739,0.9416666666666667,0.9262295081967213
2,clab-nebula-serf44,40,124,71,56,15,68,0.7887323943661971,0.45161290322580644,0.4028776978417266
2,clab-nebula-serf44,45,127,67,52,15,75,0.7761194029850746,0.4094488188976378,0.36619718309859156
2,clab-nebula-serf44,50,154,66,66,0,88,1.0,0.42857142857142855,0.42857142857142855
2,clab-nebula-serf44,55,154,161,154,7,0,0.9565217391304348,1.0,0.9565217391304348
2,clab-nebula-serf44,60,156,161,156,5,0,0.968944099378882,1.0,0.968944099378882
2,clab-nebula-serf131,5,0,0,0,0,0,0,0,0
2,clab-nebula-serf131,10,0,0,0,0,0,0,0,0
2,clab-nebula-serf131,15,3,0,0,0,3,0,0.0,0.0
2,clab-nebula-serf131,20,14,0,0,0,14,0,0.0,0.0
2,clab-nebula-serf131,25,18,11,11,0,7,1.0,0.6111111111111112,0.6111111111111112
2,clab-nebula-serf131,30,29,11,11,0,18,1.0,0.3793103448275862,0.3793103448275862
2,clab-nebula-serf131,35,45,101,29,72,16,0.2871287128712871,0.6444444444444445,0.24786324786324787
2,clab-nebula-serf131,40,69,104,45,59,24,0.4326923076923077,0.6521739130434783,0.3515625
2,clab-nebula-serf131,45,95,106,70,36,25,0.660377358490566,0.7368421052631579,0.5343511450381679
2,clab-nebula-serf131,50,122,134,98,36,24,0.7313432835820896,0.8032786885245902,0.620253164556962
2,clab-nebula-serf131,55,137,134,113,21,24,0.8432835820895522,0.8248175182481752,0.7151898734177216
2,clab-nebula-serf131,60,149,66,60,6,89,0.9090909090909091,0.40268456375838924,0.3870967741935484
2,clab-nebula-serf35,5,0,0,0,0,0,0,0,0
2,clab-nebula-serf35,10,1,0,0,0,1,0,0,0
2,clab-nebula-serf35,15,7,0,0,0,7,0,0.0,0.0
2,clab-nebula-serf35,20,26,0,0,0,26,0,0.0,0.0
2,clab-nebula-serf35,25,63,24,20,4,43,0.8333333333333334,0.31746031746031744,0.29850746268656714
2,clab-nebula-serf35,30,85,24,23,1,62,0.9583333333333334,0.27058823529411763,0.26744186046511625
2,clab-nebula-serf35,35,95,70,68,2,27,0.9714285714285714,0.7157894736842105,0.7010309278350515
2,clab-nebula-serf35,40,111,70,70,0,41,1.0,0.6306306306306306,0.6306306306306306
2,clab-nebula-serf35,45,121,71,54,17,67,0.7605633802816901,0.4462809917355372,0.391304347826087
2,clab-nebula-serf35,50,124,67,52,15,72,0.7761194029850746,0.41935483870967744,0.37410071942446044
2,clab-nebula-serf35,55,145,66,62,4,83,0.9393939393939394,0.42758620689655175,0.4161073825503356
2,clab-nebula-serf35,60,154,66,66,0,88,1.0,0.42857142857142855,0.42857142857142855
2,clab-nebula-serf40,5,0,0,0,0,0,0,0,0
2,clab-nebula-serf40,10,1,0,0,0,1,0,0,0
2,clab-nebula-serf40,15,11,0,0,0,11,0,0.0,0.0
2,clab-nebula-serf40,20,35,0,0,0,35,0,0.0,0.0
2,clab-nebula-serf40,25,71,23,20,3,51,0.8695652173913043,0.28169014084507044,0.2702702702702703
2,clab-nebula-serf40,30,87,27,25,2,62,0.9259259259259259,0.28735632183908044,0.2808988764044944
2,clab-nebula-serf40,35,98,69,67,2,31,0.9710144927536232,0.6836734693877551,0.67
2,clab-nebula-serf40,40,118,115,111,4,7,0.9652173913043478,0.940677966101695,0.9098360655737705
2,clab-nebula-serf40,45,122,71,55,16,67,0.7746478873239436,0.45081967213114754,0.39855072463768115
2,clab-nebula-serf40,50,126,67,53,14,73,0.7910447761194029,0.42063492063492064,0.37857142857142856
2,clab-nebula-serf40,55,153,66,66,0,87,1.0,0.43137254901960786,0.43137254901960786
2,clab-nebula-serf40,60,154,66,66,0,88,1.0,0.42857142857142855,0.42857142857142855
2,clab-nebula-serf144,5,0,0,0,0,0,0,0,0
2,clab-nebula-serf144,10,0,0,0,0,0,0,0,0
2,clab-nebula-serf144,15,7,0,0,0,7,0,0.0,0.0
2,clab-nebula-serf144,20,12,0,0,0,12,0,0.0,0.0
2,clab-nebula-serf144,25,23,45,3,42,20,0.06666666666666667,0.13043478260869565,0.046153846153846156
2,clab-nebula-serf144,30,55,101,31,70,24,0.3069306930693069,0.5636363636363636,0.248
2,clab-nebula-serf144,35,60,101,36,65,24,0.3564356435643564,0.6,0.288
2,clab-nebula-serf144,40,95,127,71,56,24,0.5590551181102362,0.7473684210526316,0.47019867549668876
2,clab-nebula-serf144,45,126,135,102,33,24,0.7555555555555555,0.8095238095238095,0.6415094339622641
2,clab-nebula-serf144,50,141,135,117,18,24,0.8666666666666667,0.8297872340425532,0.7358490566037735
2,clab-nebula-serf144,55,151,67,60,7,91,0.8955223880597015,0.3973509933774834,0.379746835443038
2,clab-nebula-serf144,60,155,67,62,5,93,0.9253731343283582,0.4,0.3875
2,clab-nebula-serf152,5,0,0,0,0,0,0,0,0
2,clab-nebula-serf152,10,1,0,0,0,1,0,0.0,0.0
2,clab-nebula-serf152,15,11,0,0,0,11,0,0.0,0.0
2,clab-nebula-serf152,20,14,37,0,37,14,0.0,0.0,0.0
2,clab-nebula-serf152,25,24,63,9,54,15,0.14285714285714285,0.375,0.11538461538461539
2,clab-nebula-serf152,30,47,82,47,35,0,0.573170731707317,1.0,0.573170731707317
2,clab-nebula-serf152,35,60,126,35,91,25,0.2777777777777778,0.5833333333333334,0.23178807947019867
2,clab-nebula-serf152,40,89,133,64,69,25,0.48120300751879697,0.7191011235955056,0.4050632911392405
2,clab-nebula-serf152,45,122,133,97,36,25,0.7293233082706767,0.7950819672131147,0.6139240506329114
2,clab-nebula-serf152,50,143,133,118,15,25,0.8872180451127819,0.8251748251748252,0.7468354430379747
2,clab-nebula-serf152,55,152,134,127,7,25,0.9477611940298507,0.8355263157894737,0.7987421383647799
2,clab-nebula-serf152,60,156,161,156,5,0,0.968944099378882,1.0,0.968944099378882
2,clab-nebula-serf162,5,0,0,0,0,0,0,0,0
2,clab-nebula-serf162,10,0,0,0,0,0,0,0,0
2,clab-nebula-serf162,15,5,0,0,0,5,0,0.0,0.0
2,clab-nebula-serf162,20,5,16,0,16,5,0.0,0.0,0.0
2,clab-nebula-serf162,25,5,16,0,16,5,0.0,0.0,0.0
2,clab-nebula-serf162,30,9,18,3,15,6,0.16666666666666666,0.3333333333333333,0.125
2,clab-nebula-serf162,35,20,57,13,44,7,0.22807017543859648,0.65,0.203125
2,clab-nebula-serf162,40,35,100,18,82,17,0.18,0.5142857142857142,0.15384615384615385
2,clab-nebula-serf162,45,40,126,23,103,17,0.18253968253968253,0.575,0.16083916083916083
2,clab-nebula-serf162,50,54,126,29,97,25,0.23015873015873015,0.5370370370370371,0.19205298013245034
2,clab-nebula-serf162,55,74,133,49,84,25,0.3684210526315789,0.6621621621621622,0.310126582278481
2,clab-nebula-serf162,60,113,133,88,45,25,0.6616541353383458,0.7787610619469026,0.5569620253164557
2,clab-nebula-serf41,5,0,0,0,0,0,0,0,0
2,clab-nebula-serf41,10,0,0,0,0,0,0,0,0
2,clab-nebula-serf41,15,1,0,0,0,1,0,0,0
2,clab-nebula-serf41,20,14,0,0,0,14,0,0.0,0.0
2,clab-nebula-serf41,25,40,0,0,0,40,0,0.0,0.0
2,clab-nebula-serf41,30,74,23,20,3,54,0.8695652173913043,0.2702702702702703,0.2597402597402597
2,clab-nebula-serf41,35,89,27,26,1,63,0.9629629629629629,0.29213483146067415,0.28888888888888886
2,clab-nebula-serf41,40,99,70,68,2,31,0.9714285714285714,0.6868686868686869,0.6732673267326733
2,clab-nebula-serf41,45,118,71,51,20,67,0.7183098591549296,0.4322033898305085,0.3695652173913043
2,clab-nebula-serf41,50,121,67,50,17,71,0.746268656716418,0.4132231404958678,0.36231884057971014
2,clab-nebula-serf41,55,126,67,53,14,73,0.7910447761194029,0.42063492063492064,0.37857142857142856
2,clab-nebula-serf41,60,153,66,66,0,87,1.0,0.43137254901960786,0.43137254901960786
2,clab-nebula-serf72,5,1,0,0,0,1,0,0,0
2,clab-nebula-serf72,10,16,0,0,0,16,0,0.0,0.0
2,clab-nebula-serf72,15,31,0,0,0,31,0,0.0,0.0
2,clab-nebula-serf72,20,54,28,23,5,31,0.8214285714285714,0.42592592592592593,0.3898305084745763
2,clab-nebula-serf72,25,84,28,27,1,57,0.9642857142857143,0.32142857142857145,0.3176470588235294
2,clab-nebula-serf72,30,110,82,77,5,33,0.9390243902439024,0.7,0.6695652173913044
2,clab-nebula-serf72,35,121,66,49,17,72,0.7424242424242424,0.4049586776859504,0.35507246376811596
2,clab-nebula-serf72,40,125,66,52,14,73,0.7878787878787878,0.416,0.37410071942446044
2,clab-nebula-serf72,45,150,65,63,2,87,0.9692307692307692,0.42,0.4144736842105263
2,clab-nebula-serf72,50,154,65,65,0,89,1.0,0.42207792207792205,0.42207792207792205
2,clab-nebula-serf72,55,158,161,158,3,0,0.9813664596273292,1.0,0.9813664596273292
2,clab-nebula-serf72,60,161,161,161,0,0,1.0,1.0,1.0
2,clab-nebula-serf141,5,0,0,0,0,0,0,0,0
2,clab-nebula-serf141,10,0,0,0,0,0,0,0,0
2,clab-nebula-serf141,15,0,0,0,0,0,0,0,0
2,clab-nebula-serf141,20,14,0,0,0,14,0,0.0,0.0
2,clab-nebula-serf141,25,14,11,11,0,3,1.0,0.7857142857142857,0.7857142857142857
2,clab-nebula-serf141,30,26,11,11,0,15,1.0,0.4230769230769231,0.4230769230769231
2,clab-nebula-serf141,35,43,105,26,79,17,0.24761904761904763,0.6046511627906976,0.21311475409836064
2,clab-nebula-serf141,40,59,101,38,63,21,0.37623762376237624,0.6440677966101694,0.3114754098360656
2,clab-nebula-serf141,45,90,106,66,40,24,0.6226415094339622,0.7333333333333333,0.5076923076923077
2,clab-nebula-serf141,50,116,134,92,42,24,0.6865671641791045,0.7931034482758621,0.5822784810126582
2,clab-nebula-serf141,55,137,134,113,21,24,0.8432835820895522,0.8248175182481752,0.7151898734177216
2,clab-nebula-serf141,60,149,66,61,5,88,0.9242424242424242,0.40939597315436244,0.3961038961038961
2,clab-nebula-serf25,5,0,0,0,0,0,0,0,0
2,clab-nebula-serf25,10,4,0,0,0,4,0,0,0
2,clab-nebula-serf25,15,12,0,0,0,12,0,0.0,0.0
2,clab-nebula-serf25,20,28,0,0,0,28,0,0.0,0.0
2,clab-nebula-serf25,25,44,30,19,11,25,0.6333333333333333,0.4318181818181818,0.34545454545454546
2,clab-nebula-serf25,30,81,49,46,3,35,0.9387755102040817,0.5679012345679012,0.5476190476190477
2,clab-nebula-serf25,35,93,70,68,2,25,0.9714285714285714,0.7311827956989247,0.7157894736842105
2,clab-nebula-serf25,40,102,70,70,0,32,1.0,0.6862745098039216,0.6862745098039216
2,clab-nebula-serf25,45,119,71,52,19,67,0.7323943661971831,0.4369747899159664,0.37681159420289856
2,clab-nebula-serf25,50,124,67,52,15,72,0.7761194029850746,0.41935483870967744,0.37410071942446044
2,clab-nebula-serf25,55,127,66,52,14,75,0.7878787878787878,0.4094488188976378,0.36879432624113473
2,clab-nebula-serf25,60,154,66,66,0,88,1.0,0.42857142857142855,0.42857142857142855
2,clab-nebula-serf50,5,3,0,0,0,3,0,0,0
2,clab-nebula-serf50,10,8,0,0,0,8,0,0.0,0.0
2,clab-nebula-serf50,15,23,0,0,0,23,0,0.0,0.0
2,clab-nebula-serf50,20,41,24,14,10,27,0.5833333333333334,0.34146341463414637,0.27450980392156865
2,clab-nebula-serf50,25,81,64,58,6,23,0.90625,0.7160493827160493,0.6666666666666666
2,clab-nebula-serf50,30,93,70,64,6,29,0.9142857142857143,0.6881720430107527,0.6464646464646465
2,clab-nebula-serf50,35,118,115,111,4,7,0.9652173913043478,0.940677966101695,0.9098360655737705
2,clab-nebula-serf50,40,122,71,55,16,67,0.7746478873239436,0.45081967213114754,0.39855072463768115
2,clab-nebula-serf50,45,125,67,52,15,73,0.7761194029850746,0.416,0.37142857142857144
2,clab-nebula-serf50,50,153,66,65,1,88,0.9848484848484849,0.42483660130718953,0.42207792207792205
2,clab-nebula-serf50,55,154,161,154,7,0,0.9565217391304348,1.0,0.9565217391304348
2,clab-nebula-serf50,60,156,161,156,5,0,0.968944099378882,1.0,0.968944099378882
2,clab-nebula-serf51,5,1,0,0,0,1,0,0,0
2,clab-nebula-serf51,10,9,0,0,0,9,0,0,0
2,clab-nebula-serf51,15,24,0,0,0,24,0,0.0,0.0
2,clab-nebula-serf51,20,64,23,19,4,45,0.8260869565217391,0.296875,0.27941176470588236
2,clab-nebula-serf51,25,83,27,24,3,59,0.8888888888888888,0.2891566265060241,0.27906976744186046
2,clab-nebula-serf51,30,97,43,43,0,54,1.0,0.44329896907216493,0.44329896907216493
2,clab-nebula-serf51,35,118,71,51,20,67,0.7183098591549296,0.4322033898305085,0.3695652173913043
2,clab-nebula-serf51,40,121,67,50,17,71,0.746268656716418,0.4132231404958678,0.36231884057971014
2,clab-nebula-serf51,45,126,66,52,14,74,0.7878787878787878,0.4126984126984127,0.37142857142857144
2,clab-nebula-serf51,50,152,66,65,1,87,0.9848484848484849,0.4276315789473684,0.42483660130718953
2,clab-nebula-serf51,55,154,66,66,0,88,1.0,0.42857142857142855,0.42857142857142855
2,clab-nebula-serf51,60,157,161,157,4,0,0.9751552795031055,1.0,0.9751552795031055
2,clab-nebula-serf66,5,0,0,0,0,0,0,0,0
2,clab-nebula-serf66,10,4,0,0,0,4,0,0,0
2,clab-nebula-serf66,15,27,0,0,0,27,0,0.0,0.0
2,clab-nebula-serf66,20,44,2,0,2,44,0.0,0.0,0.0
2,clab-nebula-serf66,25,79,28,27,1,52,0.9642857142857143,0.34177215189873417,0.3375
2,clab-nebula-serf66,30,106,44,41,3,65,0.9318181818181818,0.3867924528301887,0.3761467889908257
2,clab-nebula-serf66,35,116,82,81,1,35,0.9878048780487805,0.6982758620689655,0.6923076923076923
2,clab-nebula-serf66,40,123,66,50,16,73,0.7575757575757576,0.4065040650406504,0.3597122302158273
2,clab-nebula-serf66,45,136,65,61,4,75,0.9384615384615385,0.4485294117647059,0.4357142857142857
2,clab-nebula-serf66,50,154,65,65,0,89,1.0,0.42207792207792205,0.42207792207792205
2,clab-nebula-serf66,55,154,161,154,7,0,0.9565217391304348,1.0,0.9565217391304348
2,clab-nebula-serf66,60,158,161,158,3,0,0.9813664596273292,1.0,0.9813664596273292
2,clab-nebula-serf86,5,3,0,0,0,3,0,0.0,0.0
2,clab-nebula-serf86,10,4,0,0,0,4,0,0.0,0.0
2,clab-nebula-serf86,15,11,3,3,0,8,1.0,0.2727272727272727,0.2727272727272727
2,clab-nebula-serf86,20,29,3,3,0,26,1.0,0.10344827586206896,0.10344827586206896
2,clab-nebula-serf86,25,56,27,24,3,32,0.8888888888888888,0.42857142857142855,0.4067796610169492
2,clab-nebula-serf86,30,85,41,38,3,47,0.926829268292683,0.4470588235294118,0.4318181818181818
2,clab-nebula-serf86,35,115,104,84,20,31,0.8076923076923077,0.7304347826086957,0.6222222222222222
2,clab-nebula-serf86,40,120,66,48,18,72,0.7272727272727273,0.4,0.34782608695652173
2,clab-nebula-serf86,45,134,66,62,4,72,0.9393939393939394,0.4626865671641791,0.4492753623188406
2,clab-nebula-serf86,50,145,66,66,0,79,1.0,0.45517241379310347,0.45517241379310347
2,clab-nebula-serf86,55,155,66,66,0,89,1.0,0.4258064516129032,0.4258064516129032
2,clab-nebula-serf86,60,160,161,160,1,0,0.9937888198757764,1.0,0.9937888198757764
2,clab-nebula-serf90,5,2,0,0,0,2,0,0,0
2,clab-nebula-serf90,10,9,0,0,0,9,0,0.0,0.0
2,clab-nebula-serf90,15,30,4,2,2,28,0.5,0.06666666666666667,0.0625
2,clab-nebula-serf90,20,49,4,4,0,45,1.0,0.08163265306122448,0.08163265306122448
2,clab-nebula-serf90,25,78,27,26,1,52,0.9629629629629629,0.3333333333333333,0.3291139240506329
2,clab-nebula-serf90,30,101,43,40,3,61,0.9302325581395349,0.39603960396039606,0.38461538461538464
2,clab-nebula-serf90,35,119,103,85,18,34,0.8252427184466019,0.7142857142857143,0.6204379562043796
2,clab-nebula-serf90,40,122,67,51,16,71,0.7611940298507462,0.4180327868852459,0.3695652173913043
2,clab-nebula-serf90,45,137,66,63,3,74,0.9545454545454546,0.45985401459854014,0.45
2,clab-nebula-serf90,50,154,66,66,0,88,1.0,0.42857142857142855,0.42857142857142855
2,clab-nebula-serf90,55,155,161,155,6,0,0.9627329192546584,1.0,0.9627329192546584
2,clab-nebula-serf90,60,159,161,159,2,0,0.9875776397515528,1.0,0.9875776397515528
2,clab-nebula-serf143,5,0,0,0,0,0,0,0,0
2,clab-nebula-serf143,10,0,0,0,0,0,0,0,0
2,clab-nebula-serf143,15,1,0,0,0,1,0,0,0
2,clab-nebula-serf143,20,2,0,0,0,2,0,0.0,0.0
2,clab-nebula-serf143,25,7,0,0,0,7,0,0.0,0.0
2,clab-nebula-serf143,30,13,0,0,0,13,0,0.0,0.0
2,clab-nebula-serf143,35,32,62,21,41,11,0.3387096774193548,0.65625,0.2876712328767123
2,clab-nebula-serf143,40,56,101,32,69,24,0.31683168316831684,0.5714285714285714,0.256
2,clab-nebula-serf143,45,66,101,42,59,24,0.4158415841584158,0.6363636363636364,0.336
2,clab-nebula-serf143,50,103,127,79,48,24,0.6220472440944882,0.7669902912621359,0.5231788079470199
2,clab-nebula-serf143,55,130,135,106,29,24,0.7851851851851852,0.8153846153846154,0.6666666666666666
2,clab-nebula-serf143,60,145,135,121,14,24,0.8962962962962963,0.8344827586206897,0.7610062893081762
2,clab-nebula-serf7,5,1,0,0,0,1,0,0,0
2,clab-nebula-serf7,10,9,0,0,0,9,0,0.0,0.0
2,clab-nebula-serf7,15,19,0,0,0,19,0,0.0,0.0
2,clab-nebula-serf7,20,33,39,25,14,8,0.6410256410256411,0.7575757575757576,0.5319148936170213
2,clab-nebula-serf7,25,67,41,34,7,33,0.8292682926829268,0.5074626865671642,0.4594594594594595
2,clab-nebula-serf7,30,86,51,50,1,36,0.9803921568627451,0.5813953488372093,0.5747126436781609
2,clab-nebula-serf7,35,99,50,50,0,49,1.0,0.5050505050505051,0.5050505050505051
2,clab-nebula-serf7,40,117,68,47,21,70,0.6911764705882353,0.4017094017094017,0.34057971014492755
2,clab-nebula-serf7,45,120,66,48,18,72,0.7272727272727273,0.4,0.34782608695652173
2,clab-nebula-serf7,50,124,66,51,15,73,0.7727272727272727,0.4112903225806452,0.3669064748201439
2,clab-nebula-serf7,55,151,66,64,2,87,0.9696969696969697,0.423841059602649,0.41830065359477125
2,clab-nebula-serf7,60,156,161,156,5,0,0.968944099378882,1.0,0.968944099378882
2,clab-nebula-serf37,5,2,0,0,0,2,0,0,0
2,clab-nebula-serf37,10,8,0,0,0,8,0,0.0,0.0
2,clab-nebula-serf37,15,29,0,0,0,29,0,0.0,0.0
2,clab-nebula-serf37,20,65,24,21,3,44,0.875,0.3230769230769231,0.3088235294117647
2,clab-nebula-serf37,25,85,29,28,1,57,0.9655172413793104,0.32941176470588235,0.32558139534883723
2,clab-nebula-serf37,30,96,70,69,1,27,0.9857142857142858,0.71875,0.711340206185567
2,clab-nebula-serf37,35,111,70,70,0,41,1.0,0.6306306306306306,0.6306306306306306
2,clab-nebula-serf37,40,121,71,54,17,67,0.7605633802816901,0.4462809917355372,0.391304347826087
2,clab-nebula-serf37,45,124,67,52,15,72,0.7761194029850746,0.41935483870967744,0.37410071942446044
2,clab-nebula-serf37,50,146,66,63,3,83,0.9545454545454546,0.4315068493150685,0.4228187919463087
2,clab-nebula-serf37,55,154,66,66,0,88,1.0,0.42857142857142855,0.42857142857142855
2,clab-nebula-serf37,60,156,161,156,5,0,0.968944099378882,1.0,0.968944099378882
2,clab-nebula-serf43,5,0,0,0,0,0,0,0,0
2,clab-nebula-serf43,10,5,0,0,0,5,0,0,0
2,clab-nebula-serf43,15,13,0,0,0,13,0,0.0,0.0
2,clab-nebula-serf43,20,27,0,0,0,27,0,0.0,0.0
2,clab-nebula-serf43,25,52,24,14,10,38,0.5833333333333334,0.2692307692307692,0.22580645161290322
2,clab-nebula-serf43,30,82,64,59,5,23,0.921875,0.7195121951219512,0.6781609195402298
2,clab-nebula-serf43,35,98,70,68,2,30,0.9714285714285714,0.6938775510204082,0.68
2,clab-nebula-serf43,40,119,115,112,3,7,0.9739130434782609,0.9411764705882353,0.9180327868852459
2,clab-nebula-serf43,45,124,71,56,15,68,0.7887323943661971,0.45161290322580644,0.4028776978417266
2,clab-nebula-serf43,50,126,67,52,15,74,0.7761194029850746,0.4126984126984127,0.36879432624113473
2,clab-nebula-serf43,55,154,66,66,0,88,1.0,0.42857142857142855,0.42857142857142855
2,clab-nebula-serf43,60,154,161,154,7,0,0.9565217391304348,1.0,0.9565217391304348
2,clab-nebula-serf58,5,5,0,0,0,5,0,0,0
2,clab-nebula-serf58,10,19,0,0,0,19,0,0.0,0.0
2,clab-nebula-serf58,15,57,24,20,4,37,0.8333333333333334,0.3508771929824561,0.32786885245901637
2,clab-nebula-serf58,20,79,28,24,4,55,0.8571428571428571,0.3037974683544304,0.2891566265060241
2,clab-nebula-serf58,25,93,44,41,3,52,0.9318181818181818,0.44086021505376344,0.4270833333333333
2,clab-nebula-serf58,30,118,115,111,4,7,0.9652173913043478,0.940677966101695,0.9098360655737705
2,clab-nebula-serf58,35,122,70,54,16,68,0.7714285714285715,0.4426229508196721,0.391304347826087
2,clab-nebula-serf58,40,125,66,52,14,73,0.7878787878787878,0.416,0.37410071942446044
2,clab-nebula-serf58,45,153,65,65,0,88,1.0,0.42483660130718953,0.42483660130718953
2,clab-nebula-serf58,50,154,65,65,0,89,1.0,0.42207792207792205,0.42207792207792205
2,clab-nebula-serf58,55,156,161,156,5,0,0.968944099378882,1.0,0.968944099378882
2,clab-nebula-serf58,60,160,161,160,1,0,0.9937888198757764,1.0,0.9937888198757764
2,clab-nebula-serf61,5,5,0,0,0,5,0,0,0
2,clab-nebula-serf61,10,20,0,0,0,20,0,0.0,0.0
2,clab-nebula-serf61,15,61,23,19,4,42,0.8260869565217391,0.3114754098360656,0.2923076923076923
2,clab-nebula-serf61,20,79,27,23,4,56,0.8518518518518519,0.2911392405063291,0.27710843373493976
2,clab-nebula-serf61,25,93,43,41,2,52,0.9534883720930233,0.44086021505376344,0.43157894736842106
2,clab-nebula-serf61,30,118,49,49,0,69,1.0,0.4152542372881356,0.4152542372881356
2,clab-nebula-serf61,35,121,71,54,17,67,0.7605633802816901,0.4462809917355372,0.391304347826087
2,clab-nebula-serf61,40,124,67,52,15,72,0.7761194029850746,0.41935483870967744,0.37410071942446044
2,clab-nebula-serf61,45,149,66,64,2,85,0.9696969696969697,0.42953020134228187,0.423841059602649
2,clab-nebula-serf61,50,154,66,66,0,88,1.0,0.42857142857142855,0.42857142857142855
2,clab-nebula-serf61,55,156,161,156,5,0,0.968944099378882,1.0,0.968944099378882
2,clab-nebula-serf61,60,158,161,158,3,0,0.9813664596273292,1.0,0.9813664596273292
2,clab-nebula-serf112,5,0,0,0,0,0,0,0,0
2,clab-nebula-serf112,10,0,0,0,0,0,0,0,0
2,clab-nebula-serf112,15,0,0,0,0,0,0,0,0
2,clab-nebula-serf112,20,0,0,0,0,0,0,0,0
2,clab-nebula-serf112,25,5,0,0,0,5,0,0.0,0.0
2,clab-nebula-serf112,30,18,30,9,21,9,0.3,0.5,0.23076923076923078
2,clab-nebula-serf112,35,34,30,19,11,15,0.6333333333333333,0.5588235294117647,0.4222222222222222
2,clab-nebula-serf112,40,64,82,50,32,14,0.6097560975609756,0.78125,0.5208333333333334
2,clab-nebula-serf112,45,103,114,88,26,15,0.7719298245614035,0.8543689320388349,0.6821705426356589
2,clab-nebula-serf112,50,136,134,112,22,24,0.835820895522388,0.8235294117647058,0.7088607594936709
2,clab-nebula-serf112,55,148,133,123,10,25,0.924812030075188,0.831081081081081,0.7784810126582279
2,clab-nebula-serf112,60,159,133,132,1,27,0.9924812030075187,0.8301886792452831,0.825
2,clab-nebula-serf15,5,1,0,0,0,1,0,0,0
2,clab-nebula-serf15,10,14,0,0,0,14,0,0.0,0.0
2,clab-nebula-serf15,15,32,0,0,0,32,0,0.0,0.0
2,clab-nebula-serf15,20,68,24,19,5,49,0.7916666666666666,0.27941176470588236,0.2602739726027397
2,clab-nebula-serf15,25,88,43,42,1,46,0.9767441860465116,0.4772727272727273,0.47191011235955055
2,clab-nebula-serf15,30,100,49,49,0,51,1.0,0.49,0.49
2,clab-nebula-serf15,35,117,90,89,1,28,0.9888888888888889,0.7606837606837606,0.7542372881355932
2,clab-nebula-serf15,40,121,66,49,17,72,0.7424242424242424,0.4049586776859504,0.35507246376811596
2,clab-nebula-serf15,45,124,66,51,15,73,0.7727272727272727,0.4112903225806452,0.3669064748201439
2,clab-nebula-serf15,50,151,66,64,2,87,0.9696969696969697,0.423841059602649,0.41830065359477125
2,clab-nebula-serf15,55,154,66,66,0,88,1.0,0.42857142857142855,0.42857142857142855
2,clab-nebula-serf15,60,158,161,158,3,0,0.9813664596273292,1.0,0.9813664596273292
2,clab-nebula-serf16,5,2,0,0,0,2,0,0,0
2,clab-nebula-serf16,10,17,0,0,0,17,0,0.0,0.0
2,clab-nebula-serf16,15,33,0,0,0,33,0,0.0,0.0
2,clab-nebula-serf16,20,69,41,34,7,35,0.8292682926829268,0.4927536231884058,0.4473684210526316
2,clab-nebula-serf16,25,88,43,42,1,46,0.9767441860465116,0.4772727272727273,0.47191011235955055
2,clab-nebula-serf16,30,101,51,51,0,50,1.0,0.504950495049505,0.504950495049505
2,clab-nebula-serf16,35,119,71,52,19,67,0.7323943661971831,0.4369747899159664,0.37681159420289856
2,clab-nebula-serf16,40,121,66,49,17,72,0.7424242424242424,0.4049586776859504,0.35507246376811596
2,clab-nebula-serf16,45,126,66,52,14,74,0.7878787878787878,0.4126984126984127,0.37142857142857144
2,clab-nebula-serf16,50,151,66,64,2,87,0.9696969696969697,0.423841059602649,0.41830065359477125
2,clab-nebula-serf16,55,155,66,66,0,89,1.0,0.4258064516129032,0.4258064516129032
2,clab-nebula-serf16,60,158,161,158,3,0,0.9813664596273292,1.0,0.9813664596273292
2,clab-nebula-serf77,5,3,0,0,0,3,0,0,0
2,clab-nebula-serf77,10,24,0,0,0,24,0,0.0,0.0
2,clab-nebula-serf77,15,38,2,0,2,38,0.0,0.0,0.0
2,clab-nebula-serf77,20,67,28,27,1,40,0.9642857142857143,0.40298507462686567,0.39705882352941174
2,clab-nebula-serf77,25,90,28,28,0,62,1.0,0.3111111111111111,0.3111111111111111
2,clab-nebula-serf77,30,113,82,79,3,34,0.9634146341463414,0.6991150442477876,0.6810344827586207
2,clab-nebula-serf77,35,121,66,49,17,72,0.7424242424242424,0.4049586776859504,0.35507246376811596
2,clab-nebula-serf77,40,125,65,51,14,74,0.7846153846153846,0.408,0.3669064748201439
2,clab-nebula-serf77,45,151,65,63,2,88,0.9692307692307692,0.41721854304635764,0.4117647058823529
2,clab-nebula-serf77,50,154,65,65,0,89,1.0,0.42207792207792205,0.42207792207792205
2,clab-nebula-serf77,55,158,161,158,3,0,0.9813664596273292,1.0,0.9813664596273292
2,clab-nebula-serf77,60,161,161,161,0,0,1.0,1.0,1.0
2,clab-nebula-serf121,5,0,0,0,0,0,0,0,0
2,clab-nebula-serf121,10,1,0,0,0,1,0,0.0,0.0
2,clab-nebula-serf121,15,8,0,0,0,8,0,0.0,0.0
2,clab-nebula-serf121,20,15,30,8,22,7,0.26666666666666666,0.5333333333333333,0.21621621621621623
2,clab-nebula-serf121,25,32,30,18,12,14,0.6,0.5625,0.4090909090909091
2,clab-nebula-serf121,30,81,78,58,20,23,0.7435897435897436,0.7160493827160493,0.5742574257425742
2,clab-nebula-serf121,35,121,133,97,36,24,0.7293233082706767,0.8016528925619835,0.6178343949044586
2,clab-nebula-serf121,40,138,133,113,20,25,0.849624060150376,0.8188405797101449,0.7151898734177216
2,clab-nebula-serf121,45,148,133,123,10,25,0.924812030075188,0.831081081081081,0.7784810126582279
2,clab-nebula-serf121,50,160,133,133,0,27,1.0,0.83125,0.83125
2,clab-nebula-serf121,55,161,161,161,0,0,1.0,1.0,1.0
2,clab-nebula-serf121,60,161,161,161,0,0,1.0,1.0,1.0
2,clab-nebula-serf140,5,0,0,0,0,0,0,0,0
2,clab-nebula-serf140,10,0,0,0,0,0,0,0,0
2,clab-nebula-serf140,15,0,0,0,0,0,0,0,0
2,clab-nebula-serf140,20,13,0,0,0,13,0,0.0,0.0
2,clab-nebula-serf140,25,14,11,11,0,3,1.0,0.7857142857142857,0.7857142857142857
2,clab-nebula-serf140,30,25,11,11,0,14,1.0,0.44,0.44
2,clab-nebula-serf140,35,39,50,20,30,19,0.4,0.5128205128205128,0.2898550724637681
2,clab-nebula-serf140,40,52,101,33,68,19,0.32673267326732675,0.6346153846153846,0.275
2,clab-nebula-serf140,45,82,106,58,48,24,0.5471698113207547,0.7073170731707317,0.4461538461538462
2,clab-nebula-serf140,50,108,134,84,50,24,0.6268656716417911,0.7777777777777778,0.5316455696202531
2,clab-nebula-serf140,55,136,134,112,22,24,0.835820895522388,0.8235294117647058,0.7088607594936709
2,clab-nebula-serf140,60,145,66,58,8,87,0.8787878787878788,0.4,0.3790849673202614
2,clab-nebula-serf148,5,0,0,0,0,0,0,0,0
2,clab-nebula-serf148,10,0,0,0,0,0,0,0,0
2,clab-nebula-serf148,15,0,0,0,0,0,0,0,0
2,clab-nebula-serf148,20,6,0,0,0,6,0,0.0,0.0
2,clab-nebula-serf148,25,12,31,0,31,12,0.0,0.0,0.0
2,clab-nebula-serf148,30,22,51,6,45,16,0.11764705882352941,0.2727272727272727,0.08955223880597014
2,clab-nebula-serf148,35,38,82,38,44,0,0.4634146341463415,1.0,0.4634146341463415
2,clab-nebula-serf148,40,52,82,52,30,0,0.6341463414634146,1.0,0.6341463414634146
2,clab-nebula-serf148,45,68,133,43,90,25,0.3233082706766917,0.6323529411764706,0.2721518987341772
2,clab-nebula-serf148,50,103,133,78,55,25,0.5864661654135338,0.7572815533980582,0.4936708860759494
2,clab-nebula-serf148,55,133,133,108,25,25,0.8120300751879699,0.8120300751879699,0.6835443037974683
2,clab-nebula-serf148,60,148,133,123,10,25,0.924812030075188,0.831081081081081,0.7784810126582279
2,clab-nebula-serf154,5,0,0,0,0,0,0,0,0
2,clab-nebula-serf154,10,0,0,0,0,0,0,0,0
2,clab-nebula-serf154,15,1,0,0,0,1,0,0.0,0.0
2,clab-nebula-serf154,20,9,0,0,0,9,0,0.0,0.0
2,clab-nebula-serf154,25,12,37,0,37,12,0.0,0.0,0.0
2,clab-nebula-serf154,30,23,51,7,44,16,0.13725490196078433,0.30434782608695654,0.1044776119402985
2,clab-nebula-serf154,35,42,82,42,40,0,0.5121951219512195,1.0,0.5121951219512195
2,clab-nebula-serf154,40,55,82,55,27,0,0.6707317073170732,1.0,0.6707317073170732
2,clab-nebula-serf154,45,79,133,54,79,25,0.40601503759398494,0.6835443037974683,0.34177215189873417
2,clab-nebula-serf154,50,113,133,88,45,25,0.6616541353383458,0.7787610619469026,0.5569620253164557
2,clab-nebula-serf154,55,137,133,112,21,25,0.8421052631578947,0.8175182481751825,0.7088607594936709
2,clab-nebula-serf154,60,147,133,122,11,25,0.9172932330827067,0.8299319727891157,0.7721518987341772
2,clab-nebula-serf156,5,0,0,0,0,0,0,0,0
2,clab-nebula-serf156,10,0,0,0,0,0,0,0,0
2,clab-nebula-serf156,15,4,0,0,0,4,0,0.0,0.0
2,clab-nebula-serf156,20,12,0,0,0,12,0,0.0,0.0
2,clab-nebula-serf156,25,18,51,2,49,16,0.0392156862745098,0.1111111111111111,0.029850746268656716
2,clab-nebula-serf156,30,33,63,18,45,15,0.2857142857142857,0.5454545454545454,0.23076923076923078
2,clab-nebula-serf156,35,49,82,49,33,0,0.5975609756097561,1.0,0.5975609756097561
2,clab-nebula-serf156,40,61,126,36,90,25,0.2857142857142857,0.5901639344262295,0.23841059602649006
2,clab-nebula-serf156,45,99,133,74,59,25,0.556390977443609,0.7474747474747475,0.46835443037974683
2,clab-nebula-serf156,50,130,133,105,28,25,0.7894736842105263,0.8076923076923077,0.6645569620253164
2,clab-nebula-serf156,55,145,133,120,13,25,0.9022556390977443,0.8275862068965517,0.759493670886076
2,clab-nebula-serf156,60,154,133,129,4,25,0.9699248120300752,0.8376623376623377,0.8164556962025317
2,clab-nebula-serf23,5,0,0,0,0,0,0,0,0
2,clab-nebula-serf23,10,0,0,0,0,0,0,0,0
2,clab-nebula-serf23,15,4,0,0,0,4,0,0,0
2,clab-nebula-serf23,20,11,0,0,0,11,0,0.0,0.0
2,clab-nebula-serf23,25,22,0,0,0,22,0,0.0,0.0
2,clab-nebula-serf23,30,39,30,15,15,24,0.5,0.38461538461538464,0.2777777777777778
2,clab-nebula-serf23,35,75,30,27,3,48,0.9,0.36,0.34615384615384615
2,clab-nebula-serf23,40,91,70,67,3,24,0.9571428571428572,0.7362637362637363,0.7127659574468085
2,clab-nebula-serf23,45,99,70,70,0,29,1.0,0.7070707070707071,0.7070707070707071
2,clab-nebula-serf23,50,117,71,50,21,67,0.704225352112676,0.42735042735042733,0.36231884057971014
2,clab-nebula-serf23,55,122,67,51,16,71,0.7611940298507462,0.4180327868852459,0.3695652173913043
2,clab-nebula-serf23,60,124,66,51,15,73,0.7727272727272727,0.4112903225806452,0.3669064748201439
2,clab-nebula-serf39,5,2,0,0,0,2,0,0.0,0.0
2,clab-nebula-serf39,10,15,0,0,0,15,0,0.0,0.0
2,clab-nebula-serf39,15,53,24,17,7,36,0.7083333333333334,0.32075471698113206,0.2833333333333333
2,clab-nebula-serf39,20,81,29,27,2,54,0.9310344827586207,0.3333333333333333,0.3253012048192771
2,clab-nebula-serf39,25,90,33,33,0,57,1.0,0.36666666666666664,0.36666666666666664
2,clab-nebula-serf39,30,106,70,70,0,36,1.0,0.660377358490566,0.660377358490566
2,clab-nebula-serf39,35,119,71,52,19,67,0.7323943661971831,0.4369747899159664,0.37681159420289856
2,clab-nebula-serf39,40,124,67,52,15,72,0.7761194029850746,0.41935483870967744,0.37410071942446044
2,clab-nebula-serf39,45,138,66,57,9,81,0.8636363636363636,0.41304347826086957,0.3877551020408163
2,clab-nebula-serf39,50,154,66,66,0,88,1.0,0.42857142857142855,0.42857142857142855
2,clab-nebula-serf39,55,155,161,155,6,0,0.9627329192546584,1.0,0.9627329192546584
2,clab-nebula-serf39,60,158,161,158,3,0,0.9813664596273292,1.0,0.9813664596273292
2,clab-nebula-serf62,5,0,0,0,0,0,0,0,0
2,clab-nebula-serf62,10,4,0,0,0,4,0,0,0
2,clab-nebula-serf62,15,13,0,0,0,13,0,0.0,0.0
2,clab-nebula-serf62,20,48,23,15,8,33,0.6521739130434783,0.3125,0.26785714285714285
2,clab-nebula-serf62,25,73,23,21,2,52,0.9130434782608695,0.2876712328767123,0.28
2,clab-nebula-serf62,30,88,27,27,0,61,1.0,0.3068181818181818,0.3068181818181818
2,clab-nebula-serf62,35,110,49,49,0,61,1.0,0.44545454545454544,0.44545454545454544
2,clab-nebula-serf62,40,120,71,53,18,67,0.7464788732394366,0.44166666666666665,0.38405797101449274
2,clab-nebula-serf62,45,124,67,52,15,72,0.7761194029850746,0.41935483870967744,0.37410071942446044
2,clab-nebula-serf62,50,144,66,61,5,83,0.9242424242424242,0.4236111111111111,0.40939597315436244
2,clab-nebula-serf62,55,154,66,66,0,88,1.0,0.42857142857142855,0.42857142857142855
2,clab-nebula-serf62,60,154,161,154,7,0,0.9565217391304348,1.0,0.9565217391304348
2,clab-nebula-serf107,5,0,0,0,0,0,0,0,0
2,clab-nebula-serf107,10,2,0,0,0,2,0,0,0
2,clab-nebula-serf107,15,6,0,0,0,6,0,0.0,0.0
2,clab-nebula-serf107,20,15,0,0,0,15,0,0.0,0.0
2,clab-nebula-serf107,25,40,30,24,6,16,0.8,0.6,0.5217391304347826
2,clab-nebula-serf107,30,71,81,55,26,16,0.6790123456790124,0.7746478873239436,0.5670103092783505
2,clab-nebula-serf107,35,104,88,77,11,27,0.875,0.7403846153846154,0.6695652173913044
2,clab-nebula-serf107,40,144,134,125,9,19,0.9328358208955224,0.8680555555555556,0.8169934640522876
2,clab-nebula-serf107,45,149,133,124,9,25,0.9323308270676691,0.8322147651006712,0.7848101265822784
2,clab-nebula-serf107,50,154,134,129,5,25,0.9626865671641791,0.8376623376623377,0.8113207547169812
2,clab-nebula-serf107,55,157,161,157,4,0,0.9751552795031055,1.0,0.9751552795031055
2,clab-nebula-serf107,60,161,161,161,0,0,1.0,1.0,1.0
2,clab-nebula-serf115,5,0,0,0,0,0,0,0,0
2,clab-nebula-serf115,10,0,0,0,0,0,0,0,0
2,clab-nebula-serf115,15,0,0,0,0,0,0,0,0
2,clab-nebula-serf115,20,0,0,0,0,0,0,0,0
2,clab-nebula-serf115,25,0,0,0,0,0,0,0,0
2,clab-nebula-serf115,30,0,0,0,0,0,0,0,0
2,clab-nebula-serf115,35,1,2,0,2,1,0.0,0.0,0.0
2,clab-nebula-serf115,40,3,3,1,2,2,0.3333333333333333,0.3333333333333333,0.2
2,clab-nebula-serf115,45,6,44,6,38,0,0.13636363636363635,1.0,0.13636363636363635
2,clab-nebula-serf115,50,23,44,17,27,6,0.38636363636363635,0.7391304347826086,0.34
2,clab-nebula-serf115,55,57,96,48,48,9,0.5,0.8421052631578947,0.45714285714285713
2,clab-nebula-serf115,60,103,96,78,18,25,0.8125,0.7572815533980582,0.6446280991735537
2,clab-nebula-serf151,5,0,0,0,0,0,0,0,0
2,clab-nebula-serf151,10,0,0,0,0,0,0,0,0
2,clab-nebula-serf151,15,1,0,0,0,1,0,0.0,0.0
2,clab-nebula-serf151,20,11,0,0,0,11,0,0.0,0.0
2,clab-nebula-serf151,25,13,37,0,37,13,0.0,0.0,0.0
2,clab-nebula-serf151,30,23,51,7,44,16,0.13725490196078433,0.30434782608695654,0.1044776119402985
2,clab-nebula-serf151,35,43,82,43,39,0,0.524390243902439,1.0,0.524390243902439
2,clab-nebula-serf151,40,55,82,55,27,0,0.6707317073170732,1.0,0.6707317073170732
2,clab-nebula-serf151,45,81,133,56,77,25,0.42105263157894735,0.691358024691358,0.35443037974683544
2,clab-nebula-serf151,50,114,133,89,44,25,0.6691729323308271,0.7807017543859649,0.5632911392405063
2,clab-nebula-serf151,55,137,133,112,21,25,0.8421052631578947,0.8175182481751825,0.7088607594936709
2,clab-nebula-serf151,60,148,133,123,10,25,0.924812030075188,0.831081081081081,0.7784810126582279
2,clab-nebula-serf158,5,4,0,0,0,4,0,0,0
2,clab-nebula-serf158,10,4,0,0,0,4,0,0.0,0.0
2,clab-nebula-serf158,15,5,12,0,12,5,0.0,0.0,0.0
2,clab-nebula-serf158,20,8,16,0,16,8,0.0,0.0,0.0
2,clab-nebula-serf158,25,16,63,6,57,10,0.09523809523809523,0.375,0.0821917808219178
2,clab-nebula-serf158,30,34,57,18,39,16,0.3157894736842105,0.5294117647058824,0.2465753424657534
2,clab-nebula-serf158,35,40,100,23,77,17,0.23,0.575,0.19658119658119658
2,clab-nebula-serf158,40,52,126,29,97,23,0.23015873015873015,0.5576923076923077,0.19463087248322147
2,clab-nebula-serf158,45,68,133,43,90,25,0.3233082706766917,0.6323529411764706,0.2721518987341772
2,clab-nebula-serf158,50,103,133,78,55,25,0.5864661654135338,0.7572815533980582,0.4936708860759494
2,clab-nebula-serf158,55,136,133,111,22,25,0.8345864661654135,0.8161764705882353,0.7025316455696202
2,clab-nebula-serf158,60,148,65,59,6,89,0.9076923076923077,0.39864864864864863,0.38311688311688313
2,clab-nebula-serf28,5,0,0,0,0,0,0,0,0
2,clab-nebula-serf28,10,1,0,0,0,1,0,0.0,0.0
2,clab-nebula-serf28,15,2,0,0,0,2,0,0.0,0.0
2,clab-nebula-serf28,20,4,0,0,0,4,0,0.0,0.0
2,clab-nebula-serf28,25,7,49,7,42,0,0.14285714285714285,1.0,0.14285714285714285
2,clab-nebula-serf28,30,19,66,19,47,0,0.2878787878787879,1.0,0.2878787878787879
2,clab-nebula-serf28,35,29,70,28,42,1,0.4,0.9655172413793104,0.39436619718309857
2,clab-nebula-serf28,40,61,70,56,14,5,0.8,0.9180327868852459,0.7466666666666667
2,clab-nebula-serf28,45,91,7,7,0,84,1.0,0.07692307692307693,0.07692307692307693
2,clab-nebula-serf28,50,95,65,25,40,70,0.38461538461538464,0.2631578947368421,0.18518518518518517
2,clab-nebula-serf28,55,111,65,38,27,73,0.5846153846153846,0.34234234234234234,0.2753623188405797
2,clab-nebula-serf28,60,121,65,48,17,73,0.7384615384615385,0.39669421487603307,0.34782608695652173
2,clab-nebula-serf29,5,0,0,0,0,0,0,0,0
2,clab-nebula-serf29,10,2,0,0,0,2,0,0.0,0.0
2,clab-nebula-serf29,15,6,0,0,0,6,0,0.0,0.0
2,clab-nebula-serf29,20,14,0,0,0,14,0,0.0,0.0
2,clab-nebula-serf29,25,23,30,5,25,18,0.16666666666666666,0.21739130434782608,0.10416666666666667
2,clab-nebula-serf29,30,39,49,34,15,5,0.6938775510204082,0.8717948717948718,0.6296296296296297
2,clab-nebula-serf29,35,79,70,63,7,16,0.9,0.7974683544303798,0.7325581395348837
2,clab-nebula-serf29,40,92,70,68,2,24,0.9714285714285714,0.7391304347826086,0.723404255319149
2,clab-nebula-serf29,45,98,71,33,38,65,0.4647887323943662,0.336734693877551,0.2426470588235294
2,clab-nebula-serf29,50,115,71,48,23,67,0.676056338028169,0.41739130434782606,0.34782608695652173
2,clab-nebula-serf29,55,122,66,50,16,72,0.7575757575757576,0.4098360655737705,0.36231884057971014
2,clab-nebula-serf29,60,125,66,51,15,74,0.7727272727272727,0.408,0.36428571428571427
4,clab-nebula-serf130,5,0,0,0,0,0,0,0,0
4,clab-nebula-serf130,10,0,0,0,0,0,0,0,0
4,clab-nebula-serf130,15,0,0,0,0,0,0,0,0
4,clab-nebula-serf130,20,13,11,10,1,3,0.9090909090909091,0.7692307692307693,0.7142857142857143
4,clab-nebula-serf130,25,14,2,2,0,12,1.0,0.14285714285714285,0.14285714285714285
4,clab-nebula-serf130,30,24,14,5,9,19,0.35714285714285715,0.20833333333333334,0.15151515151515152
4,clab-nebula-serf130,35,41,20,12,8,29,0.6,0.2926829268292683,0.24489795918367346
4,clab-nebula-serf130,40,53,21,5,16,48,0.23809523809523808,0.09433962264150944,0.07246376811594203
4,clab-nebula-serf130,45,84,31,9,22,75,0.2903225806451613,0.10714285714285714,0.08490566037735849
4,clab-nebula-serf130,50,111,33,19,14,92,0.5757575757575758,0.17117117117117117,0.152
4,clab-nebula-serf130,55,136,34,25,9,111,0.7352941176470589,0.18382352941176472,0.1724137931034483
4,clab-nebula-serf130,60,146,28,22,6,124,0.7857142857142857,0.1506849315068493,0.14473684210526316
4,clab-nebula-serf161,5,4,0,0,0,4,0,0,0
4,clab-nebula-serf161,10,4,5,4,1,0,0.8,1.0,0.8
4,clab-nebula-serf161,15,5,7,0,7,5,0.0,0.0,0.0
4,clab-nebula-serf161,20,10,8,4,4,6,0.5,0.4,0.2857142857142857
4,clab-nebula-serf161,25,22,4,2,2,20,0.5,0.09090909090909091,0.08333333333333333
4,clab-nebula-serf161,30,36,12,0,12,36,0.0,0.0,0.0
4,clab-nebula-serf161,35,42,66,3,63,39,0.045454545454545456,0.07142857142857142,0.02857142857142857
4,clab-nebula-serf161,40,58,31,14,17,44,0.45161290322580644,0.2413793103448276,0.18666666666666668
4,clab-nebula-serf161,45,79,41,17,24,62,0.4146341463414634,0.21518987341772153,0.1650485436893204
4,clab-nebula-serf161,50,117,35,19,16,98,0.5428571428571428,0.1623931623931624,0.14285714285714285
4,clab-nebula-serf161,55,139,26,22,4,117,0.8461538461538461,0.15827338129496402,0.15384615384615385
4,clab-nebula-serf161,60,149,28,22,6,127,0.7857142857142857,0.1476510067114094,0.14193548387096774
4,clab-nebula-serf32,5,3,4,1,3,2,0.25,0.3333333333333333,0.16666666666666666
4,clab-nebula-serf32,10,19,10,9,1,10,0.9,0.47368421052631576,0.45
4,clab-nebula-serf32,15,32,49,15,34,17,0.30612244897959184,0.46875,0.22727272727272727
4,clab-nebula-serf32,20,59,24,13,11,46,0.5416666666666666,0.22033898305084745,0.18571428571428572
4,clab-nebula-serf32,25,88,22,20,2,68,0.9090909090909091,0.22727272727272727,0.2222222222222222
4,clab-nebula-serf32,30,95,28,27,1,68,0.9642857142857143,0.28421052631578947,0.28125
4,clab-nebula-serf32,35,108,53,27,26,81,0.5094339622641509,0.25,0.20149253731343283
4,clab-nebula-serf32,40,121,34,28,6,93,0.8235294117647058,0.23140495867768596,0.2204724409448819
4,clab-nebula-serf32,45,124,28,21,7,103,0.75,0.1693548387096774,0.16030534351145037
4,clab-nebula-serf32,50,137,27,22,5,115,0.8148148148148148,0.16058394160583941,0.15492957746478872
4,clab-nebula-serf32,55,154,28,25,3,129,0.8928571428571429,0.16233766233766234,0.1592356687898089
4,clab-nebula-serf32,60,155,161,155,6,0,0.9627329192546584,1.0,0.9627329192546584
4,clab-nebula-serf63,5,0,0,0,0,0,0,0,0
4,clab-nebula-serf63,10,0,0,0,0,0,0,0,0
4,clab-nebula-serf63,15,6,0,0,0,6,0,0,0
4,clab-nebula-serf63,20,32,30,23,7,9,0.7666666666666667,0.71875,0.5897435897435898
4,clab-nebula-serf63,25,64,38,31,7,33,0.8157894736842105,0.484375,0.43661971830985913
4,clab-nebula-serf63,30,84,24,21,3,63,0.875,0.25,0.2413793103448276
4,clab-nebula-serf63,35,103,19,17,2,86,0.8947368421052632,0.1650485436893204,0.1619047619047619
4,clab-nebula-serf63,40,119,53,36,17,83,0.6792452830188679,0.3025210084033613,0.2647058823529412
4,clab-nebula-serf63,45,124,22,18,4,106,0.8181818181818182,0.14516129032258066,0.140625
4,clab-nebula-serf63,50,128,32,25,7,103,0.78125,0.1953125,0.18518518518518517
4,clab-nebula-serf63,55,154,28,26,2,128,0.9285714285714286,0.16883116883116883,0.16666666666666666
4,clab-nebula-serf63,60,154,29,26,3,128,0.896551724137931,0.16883116883116883,0.16560509554140126
4,clab-nebula-serf45,5,2,0,0,0,2,0,0,0
4,clab-nebula-serf45,10,8,4,4,0,4,1.0,0.5,0.5
4,clab-nebula-serf45,15,22,17,11,6,11,0.6470588235294118,0.5,0.39285714285714285
4,clab-nebula-serf45,20,40,45,21,24,19,0.4666666666666667,0.525,0.328125
4,clab-nebula-serf45,25,80,22,18,4,62,0.8181818181818182,0.225,0.21428571428571427
4,clab-nebula-serf45,30,90,25,20,5,70,0.8,0.2222222222222222,0.21052631578947367
4,clab-nebula-serf45,35,118,58,41,17,77,0.7068965517241379,0.3474576271186441,0.3037037037037037
4,clab-nebula-serf45,40,121,34,28,6,93,0.8235294117647058,0.23140495867768596,0.2204724409448819
4,clab-nebula-serf45,45,124,31,24,7,100,0.7741935483870968,0.1935483870967742,0.183206106870229
4,clab-nebula-serf45,50,145,28,24,4,121,0.8571428571428571,0.16551724137931034,0.1610738255033557
4,clab-nebula-serf45,55,154,161,154,7,0,0.9565217391304348,1.0,0.9565217391304348
4,clab-nebula-serf45,60,155,161,155,6,0,0.9627329192546584,1.0,0.9627329192546584
4,clab-nebula-serf49,5,4,0,0,0,4,0,0.0,0.0
4,clab-nebula-serf49,10,14,16,7,9,7,0.4375,0.5,0.30434782608695654
4,clab-nebula-serf49,15,30,38,16,22,14,0.42105263157894735,0.5333333333333333,0.3076923076923077
4,clab-nebula-serf49,20,67,49,38,11,29,0.7755102040816326,0.5671641791044776,0.48717948717948717
4,clab-nebula-serf49,25,84,23,20,3,64,0.8695652173913043,0.23809523809523808,0.22988505747126436
4,clab-nebula-serf49,30,106,55,29,26,77,0.5272727272727272,0.27358490566037735,0.2196969696969697
4,clab-nebula-serf49,35,121,41,34,7,87,0.8292682926829268,0.2809917355371901,0.265625
4,clab-nebula-serf49,40,124,31,24,7,100,0.7741935483870968,0.1935483870967742,0.183206106870229
4,clab-nebula-serf49,45,135,29,25,4,110,0.8620689655172413,0.18518518518518517,0.17985611510791366
4,clab-nebula-serf49,50,154,28,25,3,129,0.8928571428571429,0.16233766233766234,0.1592356687898089
4,clab-nebula-serf49,55,154,161,154,7,0,0.9565217391304348,1.0,0.9565217391304348
4,clab-nebula-serf49,60,157,161,157,4,0,0.9751552795031055,1.0,0.9751552795031055
4,clab-nebula-serf83,5,0,0,0,0,0,0,0,0
4,clab-nebula-serf83,10,3,0,0,0,3,0,0.0,0.0
4,clab-nebula-serf83,15,14,12,11,1,3,0.9166666666666666,0.7857142857142857,0.7333333333333333
4,clab-nebula-serf83,20,33,25,23,2,10,0.92,0.696969696969697,0.6571428571428571
4,clab-nebula-serf83,25,50,37,25,12,25,0.6756756756756757,0.5,0.4032258064516129
4,clab-nebula-serf83,30,79,12,11,1,68,0.9166666666666666,0.13924050632911392,0.1375
4,clab-nebula-serf83,35,109,46,24,22,85,0.5217391304347826,0.22018348623853212,0.183206106870229
4,clab-nebula-serf83,40,119,28,22,6,97,0.7857142857142857,0.18487394957983194,0.176
4,clab-nebula-serf83,45,128,29,22,7,106,0.7586206896551724,0.171875,0.16296296296296298
4,clab-nebula-serf83,50,140,28,23,5,117,0.8214285714285714,0.16428571428571428,0.15862068965517243
4,clab-nebula-serf83,55,154,29,26,3,128,0.896551724137931,0.16883116883116883,0.16560509554140126
4,clab-nebula-serf83,60,156,161,156,5,0,0.968944099378882,1.0,0.968944099378882
4,clab-nebula-serf91,5,3,0,0,0,3,0,0,0
4,clab-nebula-serf91,10,17,7,6,1,11,0.8571428571428571,0.35294117647058826,0.3333333333333333
4,clab-nebula-serf91,15,36,29,27,2,9,0.9310344827586207,0.75,0.7105263157894737
4,clab-nebula-serf91,20,56,37,27,10,29,0.7297297297297297,0.48214285714285715,0.4090909090909091
4,clab-nebula-serf91,25,81,8,7,1,74,0.875,0.08641975308641975,0.08536585365853659
4,clab-nebula-serf91,30,112,52,32,20,80,0.6153846153846154,0.2857142857142857,0.24242424242424243
4,clab-nebula-serf91,35,119,28,22,6,97,0.7857142857142857,0.18487394957983194,0.176
4,clab-nebula-serf91,40,129,29,22,7,107,0.7586206896551724,0.17054263565891473,0.16176470588235295
4,clab-nebula-serf91,45,146,28,25,3,121,0.8928571428571429,0.17123287671232876,0.16778523489932887
4,clab-nebula-serf91,50,154,29,26,3,128,0.896551724137931,0.16883116883116883,0.16560509554140126
4,clab-nebula-serf91,55,157,161,157,4,0,0.9751552795031055,1.0,0.9751552795031055
4,clab-nebula-serf91,60,161,161,161,0,0,1.0,1.0,1.0
4,clab-nebula-serf136,5,0,0,0,0,0,0,0,0
4,clab-nebula-serf136,10,0,0,0,0,0,0,0,0
4,clab-nebula-serf136,15,2,0,0,0,2,0,0.0,0.0
4,clab-nebula-serf136,20,14,1,1,0,13,1.0,0.07142857142857142,0.07142857142857142
4,clab-nebula-serf136,25,18,4,3,1,15,0.75,0.16666666666666666,0.15789473684210525
4,clab-nebula-serf136,30,28,33,8,25,20,0.24242424242424243,0.2857142857142857,0.1509433962264151
4,clab-nebula-serf136,35,45,60,12,48,33,0.2,0.26666666666666666,0.12903225806451613
4,clab-nebula-serf136,40,66,21,6,15,60,0.2857142857142857,0.09090909090909091,0.07407407407407407
4,clab-nebula-serf136,45,95,31,11,20,84,0.3548387096774194,0.11578947368421053,0.09565217391304348
4,clab-nebula-serf136,50,124,34,21,13,103,0.6176470588235294,0.1693548387096774,0.15328467153284672
4,clab-nebula-serf136,55,137,34,25,9,112,0.7352941176470589,0.18248175182481752,0.17123287671232876
4,clab-nebula-serf136,60,149,28,22,6,127,0.7857142857142857,0.1476510067114094,0.14193548387096774
4,clab-nebula-serf146,5,0,0,0,0,0,0,0,0
4,clab-nebula-serf146,10,0,0,0,0,0,0,0,0
4,clab-nebula-serf146,15,1,0,0,0,1,0,0.0,0.0
4,clab-nebula-serf146,20,5,0,0,0,5,0,0.0,0.0
4,clab-nebula-serf146,25,8,16,7,9,1,0.4375,0.875,0.4117647058823529
4,clab-nebula-serf146,30,16,11,7,4,9,0.6363636363636364,0.4375,0.35
4,clab-nebula-serf146,35,44,32,11,21,33,0.34375,0.25,0.16923076923076924
4,clab-nebula-serf146,40,58,58,4,54,54,0.06896551724137931,0.06896551724137931,0.03571428571428571
4,clab-nebula-serf146,45,78,29,8,21,70,0.27586206896551724,0.10256410256410256,0.08080808080808081
4,clab-nebula-serf146,50,114,32,21,11,93,0.65625,0.18421052631578946,0.168
4,clab-nebula-serf146,55,137,33,24,9,113,0.7272727272727273,0.17518248175182483,0.1643835616438356
4,clab-nebula-serf146,60,146,33,27,6,119,0.8181818181818182,0.18493150684931506,0.17763157894736842
4,clab-nebula-serf12,5,0,0,0,0,0,0,0,0
4,clab-nebula-serf12,10,5,0,0,0,5,0,0.0,0.0
4,clab-nebula-serf12,15,19,19,17,2,2,0.8947368421052632,0.8947368421052632,0.8095238095238095
4,clab-nebula-serf12,20,38,53,28,25,10,0.5283018867924528,0.7368421052631579,0.4444444444444444
4,clab-nebula-serf12,25,71,23,13,10,58,0.5652173913043478,0.18309859154929578,0.16049382716049382
4,clab-nebula-serf12,30,88,21,18,3,70,0.8571428571428571,0.20454545454545456,0.1978021978021978
4,clab-nebula-serf12,35,102,22,20,2,82,0.9090909090909091,0.19607843137254902,0.19230769230769232
4,clab-nebula-serf12,40,119,42,25,17,94,0.5952380952380952,0.21008403361344538,0.18382352941176472
4,clab-nebula-serf12,45,121,26,20,6,101,0.7692307692307693,0.1652892561983471,0.15748031496062992
4,clab-nebula-serf12,50,127,28,22,6,105,0.7857142857142857,0.1732283464566929,0.16541353383458646
4,clab-nebula-serf12,55,153,29,25,4,128,0.8620689655172413,0.16339869281045752,0.1592356687898089
4,clab-nebula-serf12,60,155,161,155,6,0,0.9627329192546584,1.0,0.9627329192546584
4,clab-nebula-serf19,5,0,0,0,0,0,0,0,0
4,clab-nebula-serf19,10,5,0,0,0,5,0,0.0,0.0
4,clab-nebula-serf19,15,23,14,12,2,11,0.8571428571428571,0.5217391304347826,0.48
4,clab-nebula-serf19,20,44,52,33,19,11,0.6346153846153846,0.75,0.5238095238095238
4,clab-nebula-serf19,25,73,23,14,9,59,0.6086956521739131,0.1917808219178082,0.17073170731707318
4,clab-nebula-serf19,30,90,22,19,3,71,0.8636363636363636,0.2111111111111111,0.20430107526881722
4,clab-nebula-serf19,35,105,49,25,24,80,0.5102040816326531,0.23809523809523808,0.1937984496124031
4,clab-nebula-serf19,40,120,25,19,6,101,0.76,0.15833333333333333,0.15079365079365079
4,clab-nebula-serf19,45,123,29,21,8,102,0.7241379310344828,0.17073170731707318,0.16030534351145037
4,clab-nebula-serf19,50,142,28,22,6,120,0.7857142857142857,0.15492957746478872,0.14864864864864866
4,clab-nebula-serf19,55,153,29,25,4,128,0.8620689655172413,0.16339869281045752,0.1592356687898089
4,clab-nebula-serf19,60,157,161,157,4,0,0.9751552795031055,1.0,0.9751552795031055
4,clab-nebula-serf80,5,0,0,0,0,0,0,0,0
4,clab-nebula-serf80,10,14,0,0,0,14,0,0.0,0.0
4,clab-nebula-serf80,15,32,36,29,7,3,0.8055555555555556,0.90625,0.7435897435897436
4,clab-nebula-serf80,20,55,43,30,13,25,0.6976744186046512,0.5454545454545454,0.4411764705882353
4,clab-nebula-serf80,25,84,19,9,10,75,0.47368421052631576,0.10714285714285714,0.09574468085106383
4,clab-nebula-serf80,30,110,44,27,17,83,0.6136363636363636,0.24545454545454545,0.2125984251968504
4,clab-nebula-serf80,35,120,22,16,6,104,0.7272727272727273,0.13333333333333333,0.12698412698412698
4,clab-nebula-serf80,40,127,25,18,7,109,0.72,0.14173228346456693,0.13432835820895522
4,clab-nebula-serf80,45,152,28,25,3,127,0.8928571428571429,0.16447368421052633,0.16129032258064516
4,clab-nebula-serf80,50,154,29,26,3,128,0.896551724137931,0.16883116883116883,0.16560509554140126
4,clab-nebula-serf80,55,156,161,156,5,0,0.968944099378882,1.0,0.968944099378882
4,clab-nebula-serf80,60,159,161,159,2,0,0.9875776397515528,1.0,0.9875776397515528
4,clab-nebula-serf111,5,1,0,0,0,1,0,0,0
4,clab-nebula-serf111,10,7,0,0,0,7,0,0.0,0.0
4,clab-nebula-serf111,15,17,4,3,1,14,0.75,0.17647058823529413,0.16666666666666666
4,clab-nebula-serf111,20,47,23,21,2,26,0.9130434782608695,0.44680851063829785,0.42857142857142855
4,clab-nebula-serf111,25,73,62,40,22,33,0.6451612903225806,0.547945205479452,0.42105263157894735
4,clab-nebula-serf111,30,111,31,16,15,95,0.5161290322580645,0.14414414414414414,0.12698412698412698
4,clab-nebula-serf111,35,145,39,32,7,113,0.8205128205128205,0.2206896551724138,0.21052631578947367
4,clab-nebula-serf111,40,150,35,32,3,118,0.9142857142857143,0.21333333333333335,0.20915032679738563
4,clab-nebula-serf111,45,154,32,31,1,123,0.96875,0.2012987012987013,0.2
4,clab-nebula-serf111,50,158,161,158,3,0,0.9813664596273292,1.0,0.9813664596273292
4,clab-nebula-serf111,55,161,161,161,0,0,1.0,1.0,1.0
4,clab-nebula-serf111,60,161,161,161,0,0,1.0,1.0,1.0
4,clab-nebula-serf109,5,3,0,0,0,3,0,0,0
4,clab-nebula-serf109,10,8,8,6,2,2,0.75,0.75,0.6
4,clab-nebula-serf109,15,26,8,6,2,20,0.75,0.23076923076923078,0.21428571428571427
4,clab-nebula-serf109,20,58,67,28,39,30,0.417910447761194,0.4827586206896552,0.28865979381443296
4,clab-nebula-serf109,25,87,24,9,15,78,0.375,0.10344827586206896,0.08823529411764706
4,clab-nebula-serf109,30,130,38,23,15,107,0.6052631578947368,0.17692307692307693,0.15862068965517243
4,clab-nebula-serf109,35,145,31,27,4,118,0.8709677419354839,0.18620689655172415,0.18120805369127516
4,clab-nebula-serf109,40,153,33,32,1,121,0.9696969696969697,0.20915032679738563,0.2077922077922078
4,clab-nebula-serf109,45,155,161,155,6,0,0.9627329192546584,1.0,0.9627329192546584
4,clab-nebula-serf109,50,159,161,159,2,0,0.9875776397515528,1.0,0.9875776397515528
4,clab-nebula-serf109,55,161,161,161,0,0,1.0,1.0,1.0
4,clab-nebula-serf109,60,161,161,161,0,0,1.0,1.0,1.0
4,clab-nebula-serf147,5,0,0,0,0,0,0,0,0
4,clab-nebula-serf147,10,0,0,0,0,0,0,0,0
4,clab-nebula-serf147,15,2,0,0,0,2,0,0.0,0.0
4,clab-nebula-serf147,20,12,5,5,0,7,1.0,0.4166666666666667,0.4166666666666667
4,clab-nebula-serf147,25,14,33,2,31,12,0.06060606060606061,0.14285714285714285,0.044444444444444446
4,clab-nebula-serf147,30,27,12,7,5,20,0.5833333333333334,0.25925925925925924,0.21875
4,clab-nebula-serf147,35,48,21,13,8,35,0.6190476190476191,0.2708333333333333,0.23214285714285715
4,clab-nebula-serf147,40,59,68,13,55,46,0.19117647058823528,0.22033898305084745,0.11403508771929824
4,clab-nebula-serf147,45,87,32,17,15,70,0.53125,0.19540229885057472,0.16666666666666666
4,clab-nebula-serf147,50,120,41,22,19,98,0.5365853658536586,0.18333333333333332,0.15827338129496402
4,clab-nebula-serf147,55,141,34,27,7,114,0.7941176470588235,0.19148936170212766,0.18243243243243243
4,clab-nebula-serf147,60,152,32,31,1,121,0.96875,0.20394736842105263,0.20261437908496732
4,clab-nebula-serf4,5,1,0,0,0,1,0,0,0
4,clab-nebula-serf4,10,2,0,0,0,2,0,0.0,0.0
4,clab-nebula-serf4,15,9,2,2,0,7,1.0,0.2222222222222222,0.2222222222222222
4,clab-nebula-serf4,20,16,14,12,2,4,0.8571428571428571,0.75,0.6666666666666666
4,clab-nebula-serf4,25,23,35,12,23,11,0.34285714285714286,0.5217391304347826,0.2608695652173913
4,clab-nebula-serf4,30,47,19,7,12,40,0.3684210526315789,0.14893617021276595,0.11864406779661017
4,clab-nebula-serf4,35,82,18,14,4,68,0.7777777777777778,0.17073170731707318,0.16279069767441862
4,clab-nebula-serf4,40,92,19,16,3,76,0.8421052631578947,0.17391304347826086,0.16842105263157894
4,clab-nebula-serf4,45,109,46,27,19,82,0.5869565217391305,0.24770642201834864,0.2109375
4,clab-nebula-serf4,50,120,26,20,6,100,0.7692307692307693,0.16666666666666666,0.15873015873015872
4,clab-nebula-serf4,55,123,29,21,8,102,0.7241379310344828,0.17073170731707318,0.16030534351145037
4,clab-nebula-serf4,60,141,28,22,6,119,0.7857142857142857,0.15602836879432624,0.14965986394557823
4,clab-nebula-serf100,5,6,0,0,0,6,0,0,0
4,clab-nebula-serf100,10,7,6,6,0,1,1.0,0.8571428571428571,0.8571428571428571
4,clab-nebula-serf100,15,8,2,0,2,8,0.0,0.0,0.0
4,clab-nebula-serf100,20,14,16,1,15,13,0.0625,0.07142857142857142,0.034482758620689655
4,clab-nebula-serf100,25,25,46,5,41,20,0.10869565217391304,0.2,0.07575757575757576
4,clab-nebula-serf100,30,59,30,12,18,47,0.4,0.2033898305084746,0.15584415584415584
4,clab-nebula-serf100,35,89,39,15,24,74,0.38461538461538464,0.16853932584269662,0.13274336283185842
4,clab-nebula-serf100,40,137,33,24,9,113,0.7272727272727273,0.17518248175182483,0.1643835616438356
4,clab-nebula-serf100,45,150,32,30,2,120,0.9375,0.2,0.19736842105263158
4,clab-nebula-serf100,50,159,161,159,2,0,0.9875776397515528,1.0,0.9875776397515528
4,clab-nebula-serf100,55,160,161,160,1,0,0.9937888198757764,1.0,0.9937888198757764
4,clab-nebula-serf100,60,161,161,161,0,0,1.0,1.0,1.0
4,clab-nebula-serf75,5,0,0,0,0,0,0,0,0
4,clab-nebula-serf75,10,7,0,0,0,7,0,0,0
4,clab-nebula-serf75,15,26,18,18,0,8,1.0,0.6923076923076923,0.6923076923076923
4,clab-nebula-serf75,20,41,30,27,3,14,0.9,0.6585365853658537,0.6136363636363636
4,clab-nebula-serf75,25,76,13,12,1,64,0.9230769230769231,0.15789473684210525,0.15584415584415584
4,clab-nebula-serf75,30,100,20,15,5,85,0.75,0.15,0.14285714285714285
4,clab-nebula-serf75,35,115,46,31,15,84,0.6739130434782609,0.26956521739130435,0.23846153846153847
4,clab-nebula-serf75,40,122,22,18,4,104,0.8181818181818182,0.14754098360655737,0.14285714285714285
4,clab-nebula-serf75,45,135,29,22,7,113,0.7586206896551724,0.16296296296296298,0.15492957746478872
4,clab-nebula-serf75,50,154,28,26,2,128,0.9285714285714286,0.16883116883116883,0.16666666666666666
4,clab-nebula-serf75,55,155,161,155,6,0,0.9627329192546584,1.0,0.9627329192546584
4,clab-nebula-serf75,60,158,161,158,3,0,0.9813664596273292,1.0,0.9813664596273292
4,clab-nebula-serf89,5,3,0,0,0,3,0,0.0,0.0
4,clab-nebula-serf89,10,3,0,0,0,3,0,0.0,0.0
4,clab-nebula-serf89,15,8,11,8,3,0,0.7272727272727273,1.0,0.7272727272727273
4,clab-nebula-serf89,20,18,41,17,24,1,0.4146341463414634,0.9444444444444444,0.40476190476190477
4,clab-nebula-serf89,25,41,40,21,19,20,0.525,0.5121951219512195,0.35
4,clab-nebula-serf89,30,71,20,11,9,60,0.55,0.15492957746478872,0.1375
4,clab-nebula-serf89,35,97,46,16,30,81,0.34782608695652173,0.16494845360824742,0.12598425196850394
4,clab-nebula-serf89,40,119,26,20,6,99,0.7692307692307693,0.16806722689075632,0.16
4,clab-nebula-serf89,45,127,29,21,8,106,0.7241379310344828,0.16535433070866143,0.15555555555555556
4,clab-nebula-serf89,50,137,28,23,5,114,0.8214285714285714,0.1678832116788321,0.1619718309859155
4,clab-nebula-serf89,55,154,29,27,2,127,0.9310344827586207,0.17532467532467533,0.17307692307692307
4,clab-nebula-serf89,60,158,161,158,3,0,0.9813664596273292,1.0,0.9813664596273292
4,clab-nebula-serf101,5,4,0,0,0,4,0,0,0
4,clab-nebula-serf101,10,7,0,0,0,7,0,0.0,0.0
4,clab-nebula-serf101,15,7,7,7,0,0,1.0,1.0,1.0
4,clab-nebula-serf101,20,10,9,1,8,9,0.1111111111111111,0.1,0.05555555555555555
4,clab-nebula-serf101,25,22,16,5,11,17,0.3125,0.22727272727272727,0.15151515151515152
4,clab-nebula-serf101,30,47,74,20,54,27,0.2702702702702703,0.425531914893617,0.19801980198019803
4,clab-nebula-serf101,35,79,38,13,25,66,0.34210526315789475,0.16455696202531644,0.125
4,clab-nebula-serf101,40,131,23,15,8,116,0.6521739130434783,0.11450381679389313,0.1079136690647482
4,clab-nebula-serf101,45,148,32,30,2,118,0.9375,0.20270270270270271,0.2
4,clab-nebula-serf101,50,157,161,157,4,0,0.9751552795031055,1.0,0.9751552795031055
4,clab-nebula-serf101,55,160,161,160,1,0,0.9937888198757764,1.0,0.9937888198757764
4,clab-nebula-serf101,60,161,161,161,0,0,1.0,1.0,1.0
4,clab-nebula-serf105,5,1,0,0,0,1,0,0,0
4,clab-nebula-serf105,10,3,0,0,0,3,0,0,0
4,clab-nebula-serf105,15,8,6,6,0,2,1.0,0.75,0.75
4,clab-nebula-serf105,20,25,6,4,2,21,0.6666666666666666,0.16,0.14814814814814814
4,clab-nebula-serf105,25,54,21,13,8,41,0.6190476190476191,0.24074074074074073,0.20967741935483872
4,clab-nebula-serf105,30,86,63,49,14,37,0.7777777777777778,0.5697674418604651,0.49
4,clab-nebula-serf105,35,123,31,19,12,104,0.6129032258064516,0.15447154471544716,0.14074074074074075
4,clab-nebula-serf105,40,145,31,27,4,118,0.8709677419354839,0.18620689655172415,0.18120805369127516
4,clab-nebula-serf105,45,153,33,32,1,121,0.9696969696969697,0.20915032679738563,0.2077922077922078
4,clab-nebula-serf105,50,155,161,155,6,0,0.9627329192546584,1.0,0.9627329192546584
4,clab-nebula-serf105,55,160,161,160,1,0,0.9937888198757764,1.0,0.9937888198757764
4,clab-nebula-serf105,60,161,161,161,0,0,1.0,1.0,1.0
4,clab-nebula-serf65,5,0,0,0,0,0,0,0,0
4,clab-nebula-serf65,10,0,0,0,0,0,0,0,0
4,clab-nebula-serf65,15,0,0,0,0,0,0,0,0
4,clab-nebula-serf65,20,23,4,2,2,21,0.5,0.08695652173913043,0.08
4,clab-nebula-serf65,25,62,42,27,15,35,0.6428571428571429,0.43548387096774194,0.35064935064935066
4,clab-nebula-serf65,30,95,16,11,5,84,0.6875,0.11578947368421053,0.11
4,clab-nebula-serf65,35,115,43,36,7,79,0.8372093023255814,0.3130434782608696,0.29508196721311475
4,clab-nebula-serf65,40,122,41,36,5,86,0.8780487804878049,0.29508196721311475,0.28346456692913385
4,clab-nebula-serf65,45,126,31,25,6,101,0.8064516129032258,0.1984126984126984,0.1893939393939394
4,clab-nebula-serf65,50,152,29,28,1,124,0.9655172413793104,0.18421052631578946,0.1830065359477124
4,clab-nebula-serf65,55,154,161,154,7,0,0.9565217391304348,1.0,0.9565217391304348
4,clab-nebula-serf65,60,155,161,155,6,0,0.9627329192546584,1.0,0.9627329192546584
4,clab-nebula-serf68,5,0,0,0,0,0,0,0,0
4,clab-nebula-serf68,10,5,0,0,0,5,0,0,0
4,clab-nebula-serf68,15,27,22,19,3,8,0.8636363636363636,0.7037037037037037,0.6333333333333333
4,clab-nebula-serf68,20,42,28,25,3,17,0.8928571428571429,0.5952380952380952,0.5555555555555556
4,clab-nebula-serf68,25,79,14,11,3,68,0.7857142857142857,0.13924050632911392,0.13414634146341464
4,clab-nebula-serf68,30,103,16,13,3,90,0.8125,0.1262135922330097,0.12264150943396226
4,clab-nebula-serf68,35,116,49,34,15,82,0.6938775510204082,0.29310344827586204,0.2595419847328244
4,clab-nebula-serf68,40,122,22,18,4,104,0.8181818181818182,0.14754098360655737,0.14285714285714285
4,clab-nebula-serf68,45,135,29,22,7,113,0.7586206896551724,0.16296296296296298,0.15492957746478872
4,clab-nebula-serf68,50,154,29,26,3,128,0.896551724137931,0.16883116883116883,0.16560509554140126
4,clab-nebula-serf68,55,154,161,154,7,0,0.9565217391304348,1.0,0.9565217391304348
4,clab-nebula-serf68,60,158,161,158,3,0,0.9813664596273292,1.0,0.9813664596273292
4,clab-nebula-serf94,5,2,0,0,0,2,0,0,0
4,clab-nebula-serf94,10,17,7,6,1,11,0.8571428571428571,0.35294117647058826,0.3333333333333333
4,clab-nebula-serf94,15,36,29,27,2,9,0.9310344827586207,0.75,0.7105263157894737
4,clab-nebula-serf94,20,57,31,26,5,31,0.8387096774193549,0.45614035087719296,0.41935483870967744
4,clab-nebula-serf94,25,81,8,7,1,74,0.875,0.08641975308641975,0.08536585365853659
4,clab-nebula-serf94,30,105,21,18,3,87,0.8571428571428571,0.17142857142857143,0.16666666666666666
4,clab-nebula-serf94,35,119,28,22,6,97,0.7857142857142857,0.18487394957983194,0.176
4,clab-nebula-serf94,40,129,32,25,7,104,0.78125,0.1937984496124031,0.18382352941176472
4,clab-nebula-serf94,45,145,28,23,5,122,0.8214285714285714,0.15862068965517243,0.15333333333333332
4,clab-nebula-serf94,50,154,29,26,3,128,0.896551724137931,0.16883116883116883,0.16560509554140126
4,clab-nebula-serf94,55,157,161,157,4,0,0.9751552795031055,1.0,0.9751552795031055
4,clab-nebula-serf94,60,161,161,161,0,0,1.0,1.0,1.0
4,clab-nebula-serf103,5,7,0,0,0,7,0,0.0,0.0
4,clab-nebula-serf103,10,7,6,6,0,1,1.0,0.8571428571428571,0.8571428571428571
4,clab-nebula-serf103,15,8,5,0,5,8,0.0,0.0,0.0
4,clab-nebula-serf103,20,16,16,1,15,15,0.0625,0.0625,0.03225806451612903
4,clab-nebula-serf103,25,27,61,5,56,22,0.08196721311475409,0.18518518518518517,0.060240963855421686
4,clab-nebula-serf103,30,63,30,12,18,51,0.4,0.19047619047619047,0.14814814814814814
4,clab-nebula-serf103,35,102,39,21,18,81,0.5384615384615384,0.20588235294117646,0.175
4,clab-nebula-serf103,40,140,33,25,8,115,0.7575757575757576,0.17857142857142858,0.16891891891891891
4,clab-nebula-serf103,45,150,32,30,2,120,0.9375,0.2,0.19736842105263158
4,clab-nebula-serf103,50,159,161,159,2,0,0.9875776397515528,1.0,0.9875776397515528
4,clab-nebula-serf103,55,161,161,161,0,0,1.0,1.0,1.0
4,clab-nebula-serf103,60,161,161,161,0,0,1.0,1.0,1.0
4,clab-nebula-serf117,5,0,0,0,0,0,0,0,0
4,clab-nebula-serf117,10,0,0,0,0,0,0,0,0
4,clab-nebula-serf117,15,0,0,0,0,0,0,0,0
4,clab-nebula-serf117,20,0,2,0,2,0,0.0,0,0.0
4,clab-nebula-serf117,25,1,1,1,0,0,1.0,1.0,1.0
4,clab-nebula-serf117,30,3,0,0,0,3,0,0.0,0.0
4,clab-nebula-serf117,35,3,8,0,8,3,0.0,0.0,0.0
4,clab-nebula-serf117,40,3,69,0,69,3,0.0,0.0,0.0
4,clab-nebula-serf117,45,10,21,1,20,9,0.047619047619047616,0.1,0.03333333333333333
4,clab-nebula-serf117,50,21,31,5,26,16,0.16129032258064516,0.23809523809523808,0.10638297872340426
4,clab-nebula-serf117,55,45,23,5,18,40,0.21739130434782608,0.1111111111111111,0.07936507936507936
4,clab-nebula-serf117,60,68,161,68,93,0,0.422360248447205,1.0,0.422360248447205
4,clab-nebula-serf127,5,0,0,0,0,0,0,0,0
4,clab-nebula-serf127,10,4,9,3,6,1,0.3333333333333333,0.75,0.3
4,clab-nebula-serf127,15,13,12,6,6,7,0.5,0.46153846153846156,0.3157894736842105
4,clab-nebula-serf127,20,46,20,11,9,35,0.55,0.2391304347826087,0.2
4,clab-nebula-serf127,25,60,21,11,10,49,0.5238095238095238,0.18333333333333332,0.15714285714285714
4,clab-nebula-serf127,30,92,23,8,15,84,0.34782608695652173,0.08695652173913043,0.07476635514018691
4,clab-nebula-serf127,35,122,41,24,17,98,0.5853658536585366,0.19672131147540983,0.17266187050359713
4,clab-nebula-serf127,40,138,36,26,10,112,0.7222222222222222,0.18840579710144928,0.17567567567567569
4,clab-nebula-serf127,45,146,33,29,4,117,0.8787878787878788,0.19863013698630136,0.19333333333333333
4,clab-nebula-serf127,50,156,161,156,5,0,0.968944099378882,1.0,0.968944099378882
4,clab-nebula-serf127,55,161,161,161,0,0,1.0,1.0,1.0
4,clab-nebula-serf127,60,161,161,161,0,0,1.0,1.0,1.0
4,clab-nebula-serf129,5,0,0,0,0,0,0,0,0
4,clab-nebula-serf129,10,0,0,0,0,0,0,0,0
4,clab-nebula-serf129,15,2,0,0,0,2,0,0,0
4,clab-nebula-serf129,20,7,8,7,1,0,0.875,1.0,0.875
4,clab-nebula-serf129,25,17,6,3,3,14,0.5,0.17647058823529413,0.15
4,clab-nebula-serf129,30,42,21,14,7,28,0.6666666666666666,0.3333333333333333,0.2857142857142857
4,clab-nebula-serf129,35,71,64,38,26,33,0.59375,0.5352112676056338,0.3917525773195876
4,clab-nebula-serf129,40,123,30,17,13,106,0.5666666666666667,0.13821138211382114,0.125
4,clab-nebula-serf129,45,142,39,29,10,113,0.7435897435897436,0.20422535211267606,0.19078947368421054
4,clab-nebula-serf129,50,149,36,32,4,117,0.8888888888888888,0.21476510067114093,0.20915032679738563
4,clab-nebula-serf129,55,155,161,155,6,0,0.9627329192546584,1.0,0.9627329192546584
4,clab-nebula-serf129,60,158,161,158,3,0,0.9813664596273292,1.0,0.9813664596273292
4,clab-nebula-serf155,5,0,0,0,0,0,0,0,0
4,clab-nebula-serf155,10,0,0,0,0,0,0,0,0
4,clab-nebula-serf155,15,1,0,0,0,1,0,0.0,0.0
4,clab-nebula-serf155,20,11,5,4,1,7,0.8,0.36363636363636365,0.3333333333333333
4,clab-nebula-serf155,25,14,33,2,31,12,0.06060606060606061,0.14285714285714285,0.044444444444444446
4,clab-nebula-serf155,30,24,13,7,6,17,0.5384615384615384,0.2916666666666667,0.23333333333333334
4,clab-nebula-serf155,35,43,21,11,10,32,0.5238095238095238,0.2558139534883721,0.20754716981132076
4,clab-nebula-serf155,40,56,68,13,55,43,0.19117647058823528,0.23214285714285715,0.11711711711711711
4,clab-nebula-serf155,45,82,32,16,16,66,0.5,0.1951219512195122,0.16326530612244897
4,clab-nebula-serf155,50,117,41,20,21,97,0.4878048780487805,0.17094017094017094,0.14492753623188406
4,clab-nebula-serf155,55,137,32,25,7,112,0.78125,0.18248175182481752,0.1736111111111111
4,clab-nebula-serf155,60,150,32,29,3,121,0.90625,0.19333333333333333,0.1895424836601307
4,clab-nebula-serf3,5,0,0,0,0,0,0,0,0
4,clab-nebula-serf3,10,2,0,0,0,2,0,0.0,0.0
4,clab-nebula-serf3,15,7,6,3,3,4,0.5,0.42857142857142855,0.3
4,clab-nebula-serf3,20,13,25,6,19,7,0.24,0.46153846153846156,0.1875
4,clab-nebula-serf3,25,22,56,11,45,11,0.19642857142857142,0.5,0.16417910447761194
4,clab-nebula-serf3,30,50,19,6,13,44,0.3157894736842105,0.12,0.09523809523809523
4,clab-nebula-serf3,35,83,18,14,4,69,0.7777777777777778,0.1686746987951807,0.16091954022988506
4,clab-nebula-serf3,40,96,18,17,1,79,0.9444444444444444,0.17708333333333334,0.17525773195876287
4,clab-nebula-serf3,45,109,45,22,23,87,0.4888888888888889,0.2018348623853211,0.16666666666666666
4,clab-nebula-serf3,50,119,26,19,7,100,0.7307692307692307,0.15966386554621848,0.15079365079365079
4,clab-nebula-serf3,55,123,29,21,8,102,0.7241379310344828,0.17073170731707318,0.16030534351145037
4,clab-nebula-serf3,60,141,29,22,7,119,0.7586206896551724,0.15602836879432624,0.14864864864864866
4,clab-nebula-serf14,5,0,0,0,0,0,0,0,0
4,clab-nebula-serf14,10,4,0,0,0,4,0,0,0
4,clab-nebula-serf14,15,18,12,11,1,7,0.9166666666666666,0.6111111111111112,0.5789473684210527
4,clab-nebula-serf14,20,35,53,27,26,8,0.5094339622641509,0.7714285714285715,0.4426229508196721
4,clab-nebula-serf14,25,70,22,12,10,58,0.5454545454545454,0.17142857142857143,0.15
4,clab-nebula-serf14,30,88,22,18,4,70,0.8181818181818182,0.20454545454545456,0.1956521739130435
4,clab-nebula-serf14,35,102,22,20,2,82,0.9090909090909091,0.19607843137254902,0.19230769230769232
4,clab-nebula-serf14,40,119,44,27,17,92,0.6136363636363636,0.226890756302521,0.19852941176470587
4,clab-nebula-serf14,45,121,26,20,6,101,0.7692307692307693,0.1652892561983471,0.15748031496062992
4,clab-nebula-serf14,50,126,29,22,7,104,0.7586206896551724,0.1746031746031746,0.16541353383458646
4,clab-nebula-serf14,55,151,29,23,6,128,0.7931034482758621,0.152317880794702,0.1464968152866242
4,clab-nebula-serf14,60,155,161,155,6,0,0.9627329192546584,1.0,0.9627329192546584
4,clab-nebula-serf142,5,0,0,0,0,0,0,0,0
4,clab-nebula-serf142,10,0,0,0,0,0,0,0,0
4,clab-nebula-serf142,15,1,0,0,0,1,0,0.0,0.0
4,clab-nebula-serf142,20,1,0,0,0,1,0,0.0,0.0
4,clab-nebula-serf142,25,7,7,7,0,0,1.0,1.0,1.0
4,clab-nebula-serf142,30,14,11,7,4,7,0.6363636363636364,0.5,0.3888888888888889
4,clab-nebula-serf142,35,30,16,8,8,22,0.5,0.26666666666666666,0.21052631578947367
4,clab-nebula-serf142,40,54,69,11,58,43,0.15942028985507245,0.2037037037037037,0.09821428571428571
4,clab-nebula-serf142,45,59,22,4,18,55,0.18181818181818182,0.06779661016949153,0.05194805194805195
4,clab-nebula-serf142,50,95,39,18,21,77,0.46153846153846156,0.18947368421052632,0.15517241379310345
4,clab-nebula-serf142,55,126,37,22,15,104,0.5945945945945946,0.1746031746031746,0.15602836879432624
4,clab-nebula-serf142,60,140,34,27,7,113,0.7941176470588235,0.19285714285714287,0.1836734693877551
4,clab-nebula-serf96,5,4,0,0,0,4,0,0,0
4,clab-nebula-serf96,10,7,0,0,0,7,0,0.0,0.0
4,clab-nebula-serf96,15,7,7,7,0,0,1.0,1.0,1.0
4,clab-nebula-serf96,20,9,5,0,5,9,0.0,0.0,0.0
4,clab-nebula-serf96,25,20,15,4,11,16,0.26666666666666666,0.2,0.12903225806451613
4,clab-nebula-serf96,30,41,74,16,58,25,0.21621621621621623,0.3902439024390244,0.16161616161616163
4,clab-nebula-serf96,35,77,37,13,24,64,0.35135135135135137,0.16883116883116883,0.12871287128712872
4,clab-nebula-serf96,40,121,23,14,9,107,0.6086956521739131,0.11570247933884298,0.1076923076923077
4,clab-nebula-serf96,45,147,32,30,2,117,0.9375,0.20408163265306123,0.20134228187919462
4,clab-nebula-serf96,50,153,161,153,8,0,0.9503105590062112,1.0,0.9503105590062112
4,clab-nebula-serf96,55,160,161,160,1,0,0.9937888198757764,1.0,0.9937888198757764
4,clab-nebula-serf96,60,161,161,161,0,0,1.0,1.0,1.0
4,clab-nebula-serf116,5,0,0,0,0,0,0,0,0
4,clab-nebula-serf116,10,0,0,0,0,0,0,0,0
4,clab-nebula-serf116,15,0,0,0,0,0,0,0,0
4,clab-nebula-serf116,20,0,0,0,0,0,0,0,0
4,clab-nebula-serf116,25,0,1,0,1,0,0.0,0,0.0
4,clab-nebula-serf116,30,0,1,0,1,0,0.0,0,0.0
4,clab-nebula-serf116,35,1,1,1,0,0,1.0,1.0,1.0
4,clab-nebula-serf116,40,1,0,0,0,1,0,0.0,0.0
4,clab-nebula-serf116,45,6,33,3,30,3,0.09090909090909091,0.5,0.08333333333333333
4,clab-nebula-serf116,50,14,61,5,56,9,0.08196721311475409,0.35714285714285715,0.07142857142857142
4,clab-nebula-serf116,55,40,22,5,17,35,0.22727272727272727,0.125,0.08771929824561403
4,clab-nebula-serf116,60,88,30,10,20,78,0.3333333333333333,0.11363636363636363,0.09259259259259259
4,clab-nebula-serf56,5,9,0,0,0,9,0,0,0
4,clab-nebula-serf56,10,24,8,7,1,17,0.875,0.2916666666666667,0.28
4,clab-nebula-serf56,15,64,53,46,7,18,0.8679245283018868,0.71875,0.647887323943662
4,clab-nebula-serf56,20,83,26,22,4,61,0.8461538461538461,0.26506024096385544,0.25287356321839083
4,clab-nebula-serf56,25,97,19,16,3,81,0.8421052631578947,0.16494845360824742,0.16
4,clab-nebula-serf56,30,118,47,29,18,89,0.6170212765957447,0.2457627118644068,0.21323529411764705
4,clab-nebula-serf56,35,121,22,16,6,105,0.7272727272727273,0.1322314049586777,0.12598425196850394
4,clab-nebula-serf56,40,125,29,22,7,103,0.7586206896551724,0.176,0.16666666666666666
4,clab-nebula-serf56,45,151,28,23,5,128,0.8214285714285714,0.152317880794702,0.14743589743589744
4,clab-nebula-serf56,50,154,29,26,3,128,0.896551724137931,0.16883116883116883,0.16560509554140126
4,clab-nebula-serf56,55,157,161,157,4,0,0.9751552795031055,1.0,0.9751552795031055
4,clab-nebula-serf56,60,158,161,158,3,0,0.9813664596273292,1.0,0.9813664596273292
4,clab-nebula-serf59,5,5,0,0,0,5,0,0,0
4,clab-nebula-serf59,10,26,6,6,0,20,1.0,0.23076923076923078,0.23076923076923078
4,clab-nebula-serf59,15,63,52,46,6,17,0.8846153846153846,0.7301587301587301,0.6666666666666666
4,clab-nebula-serf59,20,83,25,19,6,64,0.76,0.2289156626506024,0.21348314606741572
4,clab-nebula-serf59,25,99,20,16,4,83,0.8,0.16161616161616163,0.1553398058252427
4,clab-nebula-serf59,30,119,53,36,17,83,0.6792452830188679,0.3025210084033613,0.2647058823529412
4,clab-nebula-serf59,35,124,28,24,4,100,0.8571428571428571,0.1935483870967742,0.1875
4,clab-nebula-serf59,40,128,32,25,7,103,0.78125,0.1953125,0.18518518518518517
4,clab-nebula-serf59,45,153,28,25,3,128,0.8928571428571429,0.16339869281045752,0.16025641025641027
4,clab-nebula-serf59,50,154,29,26,3,128,0.896551724137931,0.16883116883116883,0.16560509554140126
4,clab-nebula-serf59,55,157,161,157,4,0,0.9751552795031055,1.0,0.9751552795031055
4,clab-nebula-serf59,60,161,161,161,0,0,1.0,1.0,1.0
4,clab-nebula-serf70,5,3,0,0,0,3,0,0,0
4,clab-nebula-serf70,10,19,0,0,0,19,0,0.0,0.0
4,clab-nebula-serf70,15,36,36,32,4,4,0.8888888888888888,0.8888888888888888,0.8
4,clab-nebula-serf70,20,66,13,9,4,57,0.6923076923076923,0.13636363636363635,0.12857142857142856
4,clab-nebula-serf70,25,87,18,12,6,75,0.6666666666666666,0.13793103448275862,0.12903225806451613
4,clab-nebula-serf70,30,110,46,26,20,84,0.5652173913043478,0.23636363636363636,0.2
4,clab-nebula-serf70,35,119,22,16,6,103,0.7272727272727273,0.13445378151260504,0.128
4,clab-nebula-serf70,40,124,25,18,7,106,0.72,0.14516129032258066,0.13740458015267176
4,clab-nebula-serf70,45,147,28,23,5,124,0.8214285714285714,0.1564625850340136,0.1513157894736842
4,clab-nebula-serf70,50,154,29,26,3,128,0.896551724137931,0.16883116883116883,0.16560509554140126
4,clab-nebula-serf70,55,158,161,158,3,0,0.9813664596273292,1.0,0.9813664596273292
4,clab-nebula-serf70,60,161,161,161,0,0,1.0,1.0,1.0
4,clab-nebula-serf81,5,1,0,0,0,1,0,0,0
4,clab-nebula-serf81,10,22,4,2,2,20,0.5,0.09090909090909091,0.08333333333333333
4,clab-nebula-serf81,15,39,30,25,5,14,0.8333333333333334,0.6410256410256411,0.5681818181818182
4,clab-nebula-serf81,20,68,44,38,6,30,0.8636363636363636,0.5588235294117647,0.5135135135135135
4,clab-nebula-serf81,25,90,20,12,8,78,0.6,0.13333333333333333,0.12244897959183673
4,clab-nebula-serf81,30,114,45,30,15,84,0.6666666666666666,0.2631578947368421,0.23255813953488372
4,clab-nebula-serf81,35,121,22,17,5,104,0.7727272727272727,0.14049586776859505,0.1349206349206349
4,clab-nebula-serf81,40,130,25,18,7,112,0.72,0.13846153846153847,0.13138686131386862
4,clab-nebula-serf81,45,153,28,25,3,128,0.8928571428571429,0.16339869281045752,0.16025641025641027
4,clab-nebula-serf81,50,154,29,26,3,128,0.896551724137931,0.16883116883116883,0.16560509554140126
4,clab-nebula-serf81,55,157,161,157,4,0,0.9751552795031055,1.0,0.9751552795031055
4,clab-nebula-serf81,60,161,161,161,0,0,1.0,1.0,1.0
4,clab-nebula-serf95,5,0,0,0,0,0,0,0,0
4,clab-nebula-serf95,10,10,4,1,3,9,0.25,0.1,0.07692307692307693
4,clab-nebula-serf95,15,30,24,23,1,7,0.9583333333333334,0.7666666666666667,0.7419354838709677
4,clab-nebula-serf95,20,50,23,22,1,28,0.9565217391304348,0.44,0.43137254901960786
4,clab-nebula-serf95,25,80,7,6,1,74,0.8571428571428571,0.075,0.07407407407407407
4,clab-nebula-serf95,30,104,19,15,4,89,0.7894736842105263,0.14423076923076922,0.1388888888888889
4,clab-nebula-serf95,35,119,47,30,17,89,0.6382978723404256,0.25210084033613445,0.22058823529411764
4,clab-nebula-serf95,40,124,22,18,4,106,0.8181818181818182,0.14516129032258066,0.140625
4,clab-nebula-serf95,45,142,28,23,5,119,0.8214285714285714,0.1619718309859155,0.1564625850340136
4,clab-nebula-serf95,50,154,29,26,3,128,0.896551724137931,0.16883116883116883,0.16560509554140126
4,clab-nebula-serf95,55,154,161,154,7,0,0.9565217391304348,1.0,0.9565217391304348
4,clab-nebula-serf95,60,159,161,159,2,0,0.9875776397515528,1.0,0.9875776397515528
4,clab-nebula-serf114,5,1,0,0,0,1,0,0,0
4,clab-nebula-serf114,10,1,1,1,0,0,1.0,1.0,1.0
4,clab-nebula-serf114,15,2,9,1,8,1,0.1111111111111111,0.5,0.1
4,clab-nebula-serf114,20,17,7,4,3,13,0.5714285714285714,0.23529411764705882,0.2
4,clab-nebula-serf114,25,25,8,6,2,19,0.75,0.24,0.2222222222222222
4,clab-nebula-serf114,30,53,77,27,50,26,0.35064935064935066,0.5094339622641509,0.2621359223300971
4,clab-nebula-serf114,35,92,30,13,17,79,0.43333333333333335,0.14130434782608695,0.11926605504587157
4,clab-nebula-serf114,40,134,40,30,10,104,0.75,0.22388059701492538,0.20833333333333334
4,clab-nebula-serf114,45,152,31,30,1,122,0.967741935483871,0.19736842105263158,0.19607843137254902
4,clab-nebula-serf114,50,158,32,32,0,126,1.0,0.20253164556962025,0.20253164556962025
4,clab-nebula-serf114,55,161,161,161,0,0,1.0,1.0,1.0
4,clab-nebula-serf114,60,161,161,161,0,0,1.0,1.0,1.0
4,clab-nebula-serf9,5,1,0,0,0,1,0,0,0
4,clab-nebula-serf9,10,8,0,0,0,8,0,0.0,0.0
4,clab-nebula-serf9,15,17,13,8,5,9,0.6153846153846154,0.47058823529411764,0.36363636363636365
4,clab-nebula-serf9,20,36,52,25,27,11,0.4807692307692308,0.6944444444444444,0.3968253968253968
4,clab-nebula-serf9,25,71,19,9,10,62,0.47368421052631576,0.1267605633802817,0.1111111111111111
4,clab-nebula-serf9,30,87,21,18,3,69,0.8571428571428571,0.20689655172413793,0.2
4,clab-nebula-serf9,35,101,22,20,2,81,0.9090909090909091,0.19801980198019803,0.1941747572815534
4,clab-nebula-serf9,40,116,42,22,20,94,0.5238095238095238,0.1896551724137931,0.16176470588235295
4,clab-nebula-serf9,45,120,26,20,6,100,0.7692307692307693,0.16666666666666666,0.15873015873015872
4,clab-nebula-serf9,50,125,29,22,7,103,0.7586206896551724,0.176,0.16666666666666666
4,clab-nebula-serf9,55,151,28,23,5,128,0.8214285714285714,0.152317880794702,0.14743589743589744
4,clab-nebula-serf9,60,154,29,26,3,128,0.896551724137931,0.16883116883116883,0.16560509554140126
4,clab-nebula-serf17,5,1,0,0,0,1,0,0,0
4,clab-nebula-serf17,10,12,0,0,0,12,0,0.0,0.0
4,clab-nebula-serf17,15,30,19,17,2,13,0.8947368421052632,0.5666666666666667,0.53125
4,clab-nebula-serf17,20,66,57,45,12,21,0.7894736842105263,0.6818181818181818,0.5769230769230769
4,clab-nebula-serf17,25,85,23,17,6,68,0.7391304347826086,0.2,0.18681318681318682
4,clab-nebula-serf17,30,96,22,20,2,76,0.9090909090909091,0.20833333333333334,0.20408163265306123
4,clab-nebula-serf17,35,116,49,32,17,84,0.6530612244897959,0.27586206896551724,0.24060150375939848
4,clab-nebula-serf17,40,121,19,13,6,108,0.6842105263157895,0.10743801652892562,0.10236220472440945
4,clab-nebula-serf17,45,124,29,22,7,102,0.7586206896551724,0.1774193548387097,0.16793893129770993
4,clab-nebula-serf17,50,150,28,23,5,127,0.8214285714285714,0.15333333333333332,0.14838709677419354
4,clab-nebula-serf17,55,154,29,26,3,128,0.896551724137931,0.16883116883116883,0.16560509554140126
4,clab-nebula-serf17,60,157,161,157,4,0,0.9751552795031055,1.0,0.9751552795031055
4,clab-nebula-serf139,5,0,0,0,0,0,0,0,0
4,clab-nebula-serf139,10,0,0,0,0,0,0,0,0
4,clab-nebula-serf139,15,5,10,3,7,2,0.3,0.6,0.25
4,clab-nebula-serf139,20,14,0,0,0,14,0,0.0,0.0
4,clab-nebula-serf139,25,21,13,4,9,17,0.3076923076923077,0.19047619047619047,0.13333333333333333
4,clab-nebula-serf139,30,31,19,7,12,24,0.3684210526315789,0.22580645161290322,0.16279069767441862
4,clab-nebula-serf139,35,45,67,4,63,41,0.05970149253731343,0.08888888888888889,0.037037037037037035
4,clab-nebula-serf139,40,65,22,5,17,60,0.22727272727272727,0.07692307692307693,0.06097560975609756
4,clab-nebula-serf139,45,95,31,11,20,84,0.3548387096774194,0.11578947368421053,0.09565217391304348
4,clab-nebula-serf139,50,121,34,19,15,102,0.5588235294117647,0.15702479338842976,0.13970588235294118
4,clab-nebula-serf139,55,137,34,25,9,112,0.7352941176470589,0.18248175182481752,0.17123287671232876
4,clab-nebula-serf139,60,149,25,19,6,130,0.76,0.12751677852348994,0.12258064516129032
4,clab-nebula-serf52,5,1,0,0,0,1,0,0,0
4,clab-nebula-serf52,10,12,5,5,0,7,1.0,0.4166666666666667,0.4166666666666667
4,clab-nebula-serf52,15,38,48,33,15,5,0.6875,0.868421052631579,0.6226415094339622
4,clab-nebula-serf52,20,69,25,13,12,56,0.52,0.18840579710144928,0.16049382716049382
4,clab-nebula-serf52,25,88,23,19,4,69,0.8260869565217391,0.2159090909090909,0.20652173913043478
4,clab-nebula-serf52,30,106,18,17,1,89,0.9444444444444444,0.16037735849056603,0.1588785046728972
4,clab-nebula-serf52,35,119,47,30,17,89,0.6382978723404256,0.25210084033613445,0.22058823529411764
4,clab-nebula-serf52,40,124,22,18,4,106,0.8181818181818182,0.14516129032258066,0.140625
4,clab-nebula-serf52,45,134,29,22,7,112,0.7586206896551724,0.16417910447761194,0.15602836879432624
4,clab-nebula-serf52,50,154,28,26,2,128,0.9285714285714286,0.16883116883116883,0.16666666666666666
4,clab-nebula-serf52,55,154,29,26,3,128,0.896551724137931,0.16883116883116883,0.16560509554140126
4,clab-nebula-serf52,60,157,161,157,4,0,0.9751552795031055,1.0,0.9751552795031055
4,clab-nebula-serf71,5,0,0,0,0,0,0,0,0
4,clab-nebula-serf71,10,15,4,2,2,13,0.5,0.13333333333333333,0.11764705882352941
4,clab-nebula-serf71,15,33,25,22,3,11,0.88,0.6666666666666666,0.6111111111111112
4,clab-nebula-serf71,20,57,7,6,1,51,0.8571428571428571,0.10526315789473684,0.10344827586206896
4,clab-nebula-serf71,25,83,18,10,8,73,0.5555555555555556,0.12048192771084337,0.10989010989010989
4,clab-nebula-serf71,30,107,46,25,21,82,0.5434782608695652,0.2336448598130841,0.1953125
4,clab-nebula-serf71,35,119,22,16,6,103,0.7272727272727273,0.13445378151260504,0.128
4,clab-nebula-serf71,40,124,25,18,7,106,0.72,0.14516129032258066,0.13740458015267176
4,clab-nebula-serf71,45,146,28,22,6,124,0.7857142857142857,0.1506849315068493,0.14473684210526316
4,clab-nebula-serf71,50,154,29,26,3,128,0.896551724137931,0.16883116883116883,0.16560509554140126
4,clab-nebula-serf71,55,156,161,156,5,0,0.968944099378882,1.0,0.968944099378882
4,clab-nebula-serf71,60,161,161,161,0,0,1.0,1.0,1.0
4,clab-nebula-serf26,5,3,0,0,0,3,0,0.0,0.0
4,clab-nebula-serf26,10,19,22,16,6,3,0.7272727272727273,0.8421052631578947,0.64
4,clab-nebula-serf26,15,31,48,14,34,17,0.2916666666666667,0.45161290322580644,0.2153846153846154
4,clab-nebula-serf26,20,58,24,13,11,45,0.5416666666666666,0.22413793103448276,0.18840579710144928
4,clab-nebula-serf26,25,87,25,21,4,66,0.84,0.2413793103448276,0.23076923076923078
4,clab-nebula-serf26,30,94,28,27,1,67,0.9642857142857143,0.2872340425531915,0.28421052631578947
4,clab-nebula-serf26,35,108,53,27,26,81,0.5094339622641509,0.25,0.20149253731343283
4,clab-nebula-serf26,40,121,34,28,6,93,0.8235294117647058,0.23140495867768596,0.2204724409448819
4,clab-nebula-serf26,45,124,28,21,7,103,0.75,0.1693548387096774,0.16030534351145037
4,clab-nebula-serf26,50,137,27,22,5,115,0.8148148148148148,0.16058394160583941,0.15492957746478872
4,clab-nebula-serf26,55,154,28,25,3,129,0.8928571428571429,0.16233766233766234,0.1592356687898089
4,clab-nebula-serf26,60,155,161,155,6,0,0.9627329192546584,1.0,0.9627329192546584
4,clab-nebula-serf34,5,1,0,0,0,1,0,0,0
4,clab-nebula-serf34,10,9,0,0,0,9,0,0.0,0.0
4,clab-nebula-serf34,15,27,26,16,10,11,0.6153846153846154,0.5925925925925926,0.43243243243243246
4,clab-nebula-serf34,20,67,57,46,11,21,0.8070175438596491,0.6865671641791045,0.5897435897435898
4,clab-nebula-serf34,25,85,24,23,1,62,0.9583333333333334,0.27058823529411763,0.26744186046511625
4,clab-nebula-serf34,30,95,25,24,1,71,0.96,0.25263157894736843,0.25
4,clab-nebula-serf34,35,112,53,29,24,83,0.5471698113207547,0.25892857142857145,0.21323529411764705
4,clab-nebula-serf34,40,121,35,29,6,92,0.8285714285714286,0.2396694214876033,0.2283464566929134
4,clab-nebula-serf34,45,124,32,25,7,99,0.78125,0.20161290322580644,0.19083969465648856
4,clab-nebula-serf34,50,149,28,23,5,126,0.8214285714285714,0.15436241610738255,0.14935064935064934
4,clab-nebula-serf34,55,154,29,26,3,128,0.896551724137931,0.16883116883116883,0.16560509554140126
4,clab-nebula-serf34,60,156,161,156,5,0,0.968944099378882,1.0,0.968944099378882
4,clab-nebula-serf126,5,0,0,0,0,0,0,0,0
4,clab-nebula-serf126,10,3,21,3,18,0,0.14285714285714285,1.0,0.14285714285714285
4,clab-nebula-serf126,15,15,12,6,6,9,0.5,0.4,0.2857142857142857
4,clab-nebula-serf126,20,47,14,10,4,37,0.7142857142857143,0.2127659574468085,0.19607843137254902
4,clab-nebula-serf126,25,59,66,11,55,48,0.16666666666666666,0.1864406779661017,0.09649122807017543
4,clab-nebula-serf126,30,92,23,8,15,84,0.34782608695652173,0.08695652173913043,0.07476635514018691
4,clab-nebula-serf126,35,121,41,25,16,96,0.6097560975609756,0.2066115702479339,0.18248175182481752
4,clab-nebula-serf126,40,138,36,26,10,112,0.7222222222222222,0.18840579710144928,0.17567567567567569
4,clab-nebula-serf126,45,146,33,29,4,117,0.8787878787878788,0.19863013698630136,0.19333333333333333
4,clab-nebula-serf126,50,156,161,156,5,0,0.968944099378882,1.0,0.968944099378882
4,clab-nebula-serf126,55,161,161,161,0,0,1.0,1.0,1.0
4,clab-nebula-serf126,60,161,161,161,0,0,1.0,1.0,1.0
4,clab-nebula-serf36,5,0,0,0,0,0,0,0,0
4,clab-nebula-serf36,10,2,0,0,0,2,0,0,0
4,clab-nebula-serf36,15,17,2,2,0,15,1.0,0.11764705882352941,0.11764705882352941
4,clab-nebula-serf36,20,53,40,29,11,24,0.725,0.5471698113207547,0.453125
4,clab-nebula-serf36,25,79,26,22,4,57,0.8461538461538461,0.27848101265822783,0.26506024096385544
4,clab-nebula-serf36,30,92,21,20,1,72,0.9523809523809523,0.21739130434782608,0.21505376344086022
4,clab-nebula-serf36,35,108,22,21,1,87,0.9545454545454546,0.19444444444444445,0.1926605504587156
4,clab-nebula-serf36,40,121,47,30,17,91,0.6382978723404256,0.24793388429752067,0.21739130434782608
4,clab-nebula-serf36,45,124,29,25,4,99,0.8620689655172413,0.20161290322580644,0.1953125
4,clab-nebula-serf36,50,137,29,23,6,114,0.7931034482758621,0.1678832116788321,0.16083916083916083
4,clab-nebula-serf36,55,154,28,26,2,128,0.9285714285714286,0.16883116883116883,0.16666666666666666
4,clab-nebula-serf36,60,154,29,26,3,128,0.896551724137931,0.16883116883116883,0.16560509554140126
4,clab-nebula-serf82,5,0,0,0,0,0,0,0,0
4,clab-nebula-serf82,10,0,0,0,0,0,0,0,0
4,clab-nebula-serf82,15,0,0,0,0,0,0,0,0
4,clab-nebula-serf82,20,0,0,0,0,0,0,0,0
4,clab-nebula-serf82,25,0,0,0,0,0,0,0,0
4,clab-nebula-serf82,30,0,0,0,0,0,0,0,0
4,clab-nebula-serf82,35,16,19,9,10,7,0.47368421052631576,0.5625,0.34615384615384615
4,clab-nebula-serf82,40,61,16,6,10,55,0.375,0.09836065573770492,0.08450704225352113
4,clab-nebula-serf82,45,94,39,20,19,74,0.5128205128205128,0.2127659574468085,0.17699115044247787
4,clab-nebula-serf82,50,111,32,21,11,90,0.65625,0.1891891891891892,0.1721311475409836
4,clab-nebula-serf82,55,121,34,26,8,95,0.7647058823529411,0.21487603305785125,0.20155038759689922
4,clab-nebula-serf82,60,148,30,28,2,120,0.9333333333333333,0.1891891891891892,0.18666666666666668
4,clab-nebula-serf85,5,0,0,0,0,0,0,0,0
4,clab-nebula-serf85,10,4,0,0,0,4,0,0.0,0.0
4,clab-nebula-serf85,15,19,8,8,0,11,1.0,0.42105263157894735,0.42105263157894735
4,clab-nebula-serf85,20,35,29,27,2,8,0.9310344827586207,0.7714285714285715,0.7297297297297297
4,clab-nebula-serf85,25,57,37,27,10,30,0.7297297297297297,0.47368421052631576,0.40298507462686567
4,clab-nebula-serf85,30,82,13,12,1,70,0.9230769230769231,0.14634146341463414,0.14457831325301204
4,clab-nebula-serf85,35,111,46,25,21,86,0.5434782608695652,0.22522522522522523,0.1893939393939394
4,clab-nebula-serf85,40,119,28,22,6,97,0.7857142857142857,0.18487394957983194,0.176
4,clab-nebula-serf85,45,134,29,22,7,112,0.7586206896551724,0.16417910447761194,0.15602836879432624
4,clab-nebula-serf85,50,149,28,25,3,124,0.8928571428571429,0.16778523489932887,0.16447368421052633
4,clab-nebula-serf85,55,154,29,26,3,128,0.896551724137931,0.16883116883116883,0.16560509554140126
4,clab-nebula-serf85,60,157,161,157,4,0,0.9751552795031055,1.0,0.9751552795031055
4,clab-nebula-serf97,5,5,0,0,0,5,0,0.0,0.0
4,clab-nebula-serf97,10,7,0,0,0,7,0,0.0,0.0
4,clab-nebula-serf97,15,7,0,0,0,7,0,0.0,0.0
4,clab-nebula-serf97,20,9,16,0,16,9,0.0,0.0,0.0
4,clab-nebula-serf97,25,17,53,4,49,13,0.07547169811320754,0.23529411764705882,0.06060606060606061
4,clab-nebula-serf97,30,41,38,9,29,32,0.23684210526315788,0.21951219512195122,0.12857142857142856
4,clab-nebula-serf97,35,80,39,13,26,67,0.3333333333333333,0.1625,0.12264150943396226
4,clab-nebula-serf97,40,126,35,20,15,106,0.5714285714285714,0.15873015873015872,0.14184397163120568
4,clab-nebula-serf97,45,149,161,149,12,0,0.9254658385093167,1.0,0.9254658385093167
4,clab-nebula-serf97,50,159,161,159,2,0,0.9875776397515528,1.0,0.9875776397515528
4,clab-nebula-serf97,55,161,161,161,0,0,1.0,1.0,1.0
4,clab-nebula-serf97,60,161,161,161,0,0,1.0,1.0,1.0
4,clab-nebula-serf99,5,6,0,0,0,6,0,0,0
4,clab-nebula-serf99,10,7,6,6,0,1,1.0,0.8571428571428571,0.8571428571428571
4,clab-nebula-serf99,15,7,1,0,1,7,0.0,0.0,0.0
4,clab-nebula-serf99,20,11,24,2,22,9,0.08333333333333333,0.18181818181818182,0.06060606060606061
4,clab-nebula-serf99,25,24,46,5,41,19,0.10869565217391304,0.20833333333333334,0.07692307692307693
4,clab-nebula-serf99,30,52,28,11,17,41,0.39285714285714285,0.21153846153846154,0.15942028985507245
4,clab-nebula-serf99,35,82,39,15,24,67,0.38461538461538464,0.18292682926829268,0.14150943396226415
4,clab-nebula-serf99,40,137,25,15,10,122,0.6,0.10948905109489052,0.10204081632653061
4,clab-nebula-serf99,45,148,32,30,2,118,0.9375,0.20270270270270271,0.2
4,clab-nebula-serf99,50,159,161,159,2,0,0.9875776397515528,1.0,0.9875776397515528
4,clab-nebula-serf99,55,160,161,160,1,0,0.9937888198757764,1.0,0.9937888198757764
4,clab-nebula-serf99,60,161,161,161,0,0,1.0,1.0,1.0
4,clab-nebula-serf124,5,0,0,0,0,0,0,0,0
4,clab-nebula-serf124,10,3,0,0,0,3,0,0.0,0.0
4,clab-nebula-serf124,15,8,8,5,3,3,0.625,0.625,0.45454545454545453
4,clab-nebula-serf124,20,15,13,5,8,10,0.38461538461538464,0.3333333333333333,0.21739130434782608
4,clab-nebula-serf124,25,29,21,7,14,22,0.3333333333333333,0.2413793103448276,0.16279069767441862
4,clab-nebula-serf124,30,81,67,30,37,51,0.44776119402985076,0.37037037037037035,0.2542372881355932
4,clab-nebula-serf124,35,114,22,10,12,104,0.45454545454545453,0.08771929824561403,0.07936507936507936
4,clab-nebula-serf124,40,133,40,25,15,108,0.625,0.18796992481203006,0.16891891891891891
4,clab-nebula-serf124,45,145,31,28,3,117,0.9032258064516129,0.19310344827586207,0.1891891891891892
4,clab-nebula-serf124,50,156,31,30,1,126,0.967741935483871,0.19230769230769232,0.1910828025477707
4,clab-nebula-serf124,55,161,161,161,0,0,1.0,1.0,1.0
4,clab-nebula-serf124,60,161,161,161,0,0,1.0,1.0,1.0
4,clab-nebula-serf157,5,4,0,0,0,4,0,0,0
4,clab-nebula-serf157,10,4,5,4,1,0,0.8,1.0,0.8
4,clab-nebula-serf157,15,5,7,0,7,5,0.0,0.0,0.0
4,clab-nebula-serf157,20,9,8,4,4,5,0.5,0.4444444444444444,0.3076923076923077
4,clab-nebula-serf157,25,16,4,2,2,14,0.5,0.125,0.1111111111111111
4,clab-nebula-serf157,30,35,33,2,31,33,0.06060606060606061,0.05714285714285714,0.030303030303030304
4,clab-nebula-serf157,35,40,66,3,63,37,0.045454545454545456,0.075,0.02912621359223301
4,clab-nebula-serf157,40,54,31,13,18,41,0.41935483870967744,0.24074074074074073,0.18055555555555555
4,clab-nebula-serf157,45,70,41,16,25,54,0.3902439024390244,0.22857142857142856,0.16842105263157894
4,clab-nebula-serf157,50,109,34,18,16,91,0.5294117647058824,0.1651376146788991,0.144
4,clab-nebula-serf157,55,136,26,21,5,115,0.8076923076923077,0.15441176470588236,0.14893617021276595
4,clab-nebula-serf157,60,148,28,22,6,126,0.7857142857142857,0.14864864864864866,0.14285714285714285
4,clab-nebula-serf159,5,4,0,0,0,4,0,0,0
4,clab-nebula-serf159,10,4,5,4,1,0,0.8,1.0,0.8
4,clab-nebula-serf159,15,5,0,0,0,5,0,0.0,0.0
4,clab-nebula-serf159,20,9,8,4,4,5,0.5,0.4444444444444444,0.3076923076923077
4,clab-nebula-serf159,25,16,5,3,2,13,0.6,0.1875,0.16666666666666666
4,clab-nebula-serf159,30,35,33,2,31,33,0.06060606060606061,0.05714285714285714,0.030303030303030304
4,clab-nebula-serf159,35,40,66,3,63,37,0.045454545454545456,0.075,0.02912621359223301
4,clab-nebula-serf159,40,54,31,13,18,41,0.41935483870967744,0.24074074074074073,0.18055555555555555
4,clab-nebula-serf159,45,70,41,16,25,54,0.3902439024390244,0.22857142857142856,0.16842105263157894
4,clab-nebula-serf159,50,108,34,18,16,90,0.5294117647058824,0.16666666666666666,0.14516129032258066
4,clab-nebula-serf159,55,136,34,25,9,111,0.7352941176470589,0.18382352941176472,0.1724137931034483
4,clab-nebula-serf159,60,148,28,22,6,126,0.7857142857142857,0.14864864864864866,0.14285714285714285
4,clab-nebula-serf1,5,0,1,0,1,0,0.0,0,0.0
4,clab-nebula-serf1,10,6,4,3,1,3,0.75,0.5,0.42857142857142855
4,clab-nebula-serf1,15,12,13,7,6,5,0.5384615384615384,0.5833333333333334,0.3888888888888889
4,clab-nebula-serf1,20,19,55,9,46,10,0.16363636363636364,0.47368421052631576,0.13846153846153847
4,clab-nebula-serf1,25,37,16,4,12,33,0.25,0.10810810810810811,0.08163265306122448
4,clab-nebula-serf1,30,74,18,12,6,62,0.6666666666666666,0.16216216216216217,0.15
4,clab-nebula-serf1,35,91,19,16,3,75,0.8421052631578947,0.17582417582417584,0.1702127659574468
4,clab-nebula-serf1,40,107,49,24,25,83,0.4897959183673469,0.22429906542056074,0.18181818181818182
4,clab-nebula-serf1,45,117,26,19,7,98,0.7307692307692307,0.1623931623931624,0.1532258064516129
4,clab-nebula-serf1,50,121,28,20,8,101,0.7142857142857143,0.1652892561983471,0.15503875968992248
4,clab-nebula-serf1,55,133,29,22,7,111,0.7586206896551724,0.16541353383458646,0.15714285714285714
4,clab-nebula-serf1,60,153,161,153,8,0,0.9503105590062112,1.0,0.9503105590062112
4,clab-nebula-serf33,5,3,0,0,0,3,0,0,0
4,clab-nebula-serf33,10,20,1,1,0,19,1.0,0.05,0.05
4,clab-nebula-serf33,15,53,41,29,12,24,0.7073170731707317,0.5471698113207547,0.4461538461538462
4,clab-nebula-serf33,20,78,25,22,3,56,0.88,0.28205128205128205,0.2716049382716049
4,clab-nebula-serf33,25,90,26,25,1,65,0.9615384615384616,0.2777777777777778,0.27472527472527475
4,clab-nebula-serf33,30,105,22,21,1,84,0.9545454545454546,0.2,0.19811320754716982
4,clab-nebula-serf33,35,119,47,29,18,90,0.6170212765957447,0.24369747899159663,0.2116788321167883
4,clab-nebula-serf33,40,124,29,25,4,99,0.8620689655172413,0.20161290322580644,0.1953125
4,clab-nebula-serf33,45,128,29,22,7,106,0.7586206896551724,0.171875,0.16296296296296298
4,clab-nebula-serf33,50,154,28,26,2,128,0.9285714285714286,0.16883116883116883,0.16666666666666666
4,clab-nebula-serf33,55,154,29,26,3,128,0.896551724137931,0.16883116883116883,0.16560509554140126
4,clab-nebula-serf33,60,157,161,157,4,0,0.9751552795031055,1.0,0.9751552795031055
4,clab-nebula-serf123,5,0,0,0,0,0,0,0,0
4,clab-nebula-serf123,10,2,0,0,0,2,0,0.0,0.0
4,clab-nebula-serf123,15,11,10,5,5,6,0.5,0.45454545454545453,0.3125
4,clab-nebula-serf123,20,16,7,6,1,10,0.8571428571428571,0.375,0.35294117647058826
4,clab-nebula-serf123,25,42,16,13,3,29,0.8125,0.30952380952380953,0.28888888888888886
4,clab-nebula-serf123,30,89,67,38,29,51,0.5671641791044776,0.42696629213483145,0.3220338983050847
4,clab-nebula-serf123,35,128,33,22,11,106,0.6666666666666666,0.171875,0.15827338129496402
4,clab-nebula-serf123,40,143,40,33,7,110,0.825,0.23076923076923078,0.22
4,clab-nebula-serf123,45,152,30,29,1,123,0.9666666666666667,0.19078947368421054,0.1895424836601307
4,clab-nebula-serf123,50,158,161,158,3,0,0.9813664596273292,1.0,0.9813664596273292
4,clab-nebula-serf123,55,161,161,161,0,0,1.0,1.0,1.0
4,clab-nebula-serf123,60,161,161,161,0,0,1.0,1.0,1.0
4,clab-nebula-serf135,5,0,0,0,0,0,0,0,0
4,clab-nebula-serf135,10,0,0,0,0,0,0,0,0
4,clab-nebula-serf135,15,1,0,0,0,1,0,0.0,0.0
4,clab-nebula-serf135,20,14,1,1,0,13,1.0,0.07142857142857142,0.07142857142857142
4,clab-nebula-serf135,25,15,11,2,9,13,0.18181818181818182,0.13333333333333333,0.08333333333333333
4,clab-nebula-serf135,30,25,35,8,27,17,0.22857142857142856,0.32,0.15384615384615385
4,clab-nebula-serf135,35,42,59,11,48,31,0.1864406779661017,0.2619047619047619,0.12222222222222222
4,clab-nebula-serf135,40,54,20,4,16,50,0.2,0.07407407407407407,0.05714285714285714
4,clab-nebula-serf135,45,91,30,10,20,81,0.3333333333333333,0.10989010989010989,0.09009009009009009
4,clab-nebula-serf135,50,112,33,18,15,94,0.5454545454545454,0.16071428571428573,0.14173228346456693
4,clab-nebula-serf135,55,137,33,24,9,113,0.7272727272727273,0.17518248175182483,0.1643835616438356
4,clab-nebula-serf135,60,146,27,21,6,125,0.7777777777777778,0.14383561643835616,0.13815789473684212
4,clab-nebula-serf13,5,0,0,0,0,0,0,0,0
4,clab-nebula-serf13,10,7,0,0,0,7,0,0.0,0.0
4,clab-nebula-serf13,15,24,19,19,0,5,1.0,0.7916666666666666,0.7916666666666666
4,clab-nebula-serf13,20,50,57,40,17,10,0.7017543859649122,0.8,0.5970149253731343
4,clab-nebula-serf13,25,76,23,15,8,61,0.6521739130434783,0.19736842105263158,0.17857142857142858
4,clab-nebula-serf13,30,92,21,18,3,74,0.8571428571428571,0.1956521739130435,0.18947368421052632
4,clab-nebula-serf13,35,110,22,20,2,90,0.9090909090909091,0.18181818181818182,0.17857142857142858
4,clab-nebula-serf13,40,120,42,25,17,95,0.5952380952380952,0.20833333333333334,0.18248175182481752
4,clab-nebula-serf13,45,124,29,22,7,102,0.7586206896551724,0.1774193548387097,0.16793893129770993
4,clab-nebula-serf13,50,144,28,22,6,122,0.7857142857142857,0.1527777777777778,0.14666666666666667
4,clab-nebula-serf13,55,154,29,26,3,128,0.896551724137931,0.16883116883116883,0.16560509554140126
4,clab-nebula-serf13,60,157,161,157,4,0,0.9751552795031055,1.0,0.9751552795031055
4,clab-nebula-serf47,5,4,0,0,0,4,0,0,0
4,clab-nebula-serf47,10,12,2,0,2,12,0.0,0.0,0.0
4,clab-nebula-serf47,15,25,39,13,26,12,0.3333333333333333,0.52,0.2549019607843137
4,clab-nebula-serf47,20,51,49,28,21,23,0.5714285714285714,0.5490196078431373,0.3888888888888889
4,clab-nebula-serf47,25,82,22,19,3,63,0.8636363636363636,0.23170731707317074,0.2235294117647059
4,clab-nebula-serf47,30,100,55,24,31,76,0.43636363636363634,0.24,0.183206106870229
4,clab-nebula-serf47,35,120,41,34,7,86,0.8292682926829268,0.2833333333333333,0.2677165354330709
4,clab-nebula-serf47,40,124,37,30,7,94,0.8108108108108109,0.24193548387096775,0.22900763358778625
4,clab-nebula-serf47,45,126,29,24,5,102,0.8275862068965517,0.19047619047619047,0.183206106870229
4,clab-nebula-serf47,50,154,28,25,3,129,0.8928571428571429,0.16233766233766234,0.1592356687898089
4,clab-nebula-serf47,55,154,161,154,7,0,0.9565217391304348,1.0,0.9565217391304348
4,clab-nebula-serf47,60,156,161,156,5,0,0.968944099378882,1.0,0.968944099378882
4,clab-nebula-serf84,5,0,0,0,0,0,0,0,0
4,clab-nebula-serf84,10,0,0,0,0,0,0,0,0
4,clab-nebula-serf84,15,4,0,0,0,4,0,0.0,0.0
4,clab-nebula-serf84,20,18,8,8,0,10,1.0,0.4444444444444444,0.4444444444444444
4,clab-nebula-serf84,25,35,29,27,2,8,0.9310344827586207,0.7714285714285715,0.7297297297297297
4,clab-nebula-serf84,30,57,37,27,10,30,0.7297297297297297,0.47368421052631576,0.40298507462686567
4,clab-nebula-serf84,35,81,12,11,1,70,0.9166666666666666,0.13580246913580246,0.13414634146341464
4,clab-nebula-serf84,40,110,52,30,22,80,0.5769230769230769,0.2727272727272727,0.22727272727272727
4,clab-nebula-serf84,45,119,28,22,6,97,0.7857142857142857,0.18487394957983194,0.176
4,clab-nebula-serf84,50,128,29,22,7,106,0.7586206896551724,0.171875,0.16296296296296298
4,clab-nebula-serf84,55,142,28,23,5,119,0.8214285714285714,0.1619718309859155,0.1564625850340136
4,clab-nebula-serf84,60,154,29,26,3,128,0.896551724137931,0.16883116883116883,0.16560509554140126
4,clab-nebula-serf92,5,0,0,0,0,0,0,0,0
4,clab-nebula-serf92,10,9,0,0,0,9,0,0.0,0.0
4,clab-nebula-serf92,15,30,24,23,1,7,0.9583333333333334,0.7666666666666667,0.7419354838709677
4,clab-nebula-serf92,20,47,24,22,2,25,0.9166666666666666,0.46808510638297873,0.4489795918367347
4,clab-nebula-serf92,25,77,8,7,1,70,0.875,0.09090909090909091,0.08974358974358974
4,clab-nebula-serf92,30,103,20,16,4,87,0.8,0.1553398058252427,0.14953271028037382
4,clab-nebula-serf92,35,118,47,29,18,89,0.6170212765957447,0.2457627118644068,0.21323529411764705
4,clab-nebula-serf92,40,123,22,18,4,105,0.8181818181818182,0.14634146341463414,0.14173228346456693
4,clab-nebula-serf92,45,137,29,22,7,115,0.7586206896551724,0.16058394160583941,0.1527777777777778
4,clab-nebula-serf92,50,154,28,26,2,128,0.9285714285714286,0.16883116883116883,0.16666666666666666
4,clab-nebula-serf92,55,154,161,154,7,0,0.9565217391304348,1.0,0.9565217391304348
4,clab-nebula-serf92,60,158,161,158,3,0,0.9813664596273292,1.0,0.9813664596273292
4,clab-nebula-serf106,5,0,0,0,0,0,0,0,0
4,clab-nebula-serf106,10,2,0,0,0,2,0,0,0
4,clab-nebula-serf106,15,4,0,0,0,4,0,0.0,0.0
4,clab-nebula-serf106,20,8,1,0,1,8,0.0,0.0,0.0
4,clab-nebula-serf106,25,27,16,8,8,19,0.5,0.2962962962962963,0.22857142857142856
4,clab-nebula-serf106,30,55,67,25,42,30,0.373134328358209,0.45454545454545453,0.25773195876288657
4,clab-nebula-serf106,35,86,31,12,19,74,0.3870967741935484,0.13953488372093023,0.11428571428571428
4,clab-nebula-serf106,40,130,38,23,15,107,0.6052631578947368,0.17692307692307693,0.15862068965517243
4,clab-nebula-serf106,45,145,31,27,4,118,0.8709677419354839,0.18620689655172415,0.18120805369127516
4,clab-nebula-serf106,50,153,33,32,1,121,0.9696969696969697,0.20915032679738563,0.2077922077922078
4,clab-nebula-serf106,55,155,161,155,6,0,0.9627329192546584,1.0,0.9627329192546584
4,clab-nebula-serf106,60,161,161,161,0,0,1.0,1.0,1.0
4,clab-nebula-serf108,5,0,0,0,0,0,0,0,0
4,clab-nebula-serf108,10,2,0,0,0,2,0,0,0
4,clab-nebula-serf108,15,7,0,0,0,7,0,0.0,0.0
4,clab-nebula-serf108,20,16,1,1,0,15,1.0,0.0625,0.0625
4,clab-nebula-serf108,25,46,22,20,2,26,0.9090909090909091,0.43478260869565216,0.4166666666666667
4,clab-nebula-serf108,30,73,61,41,20,32,0.6721311475409836,0.5616438356164384,0.44086021505376344
4,clab-nebula-serf108,35,122,31,19,12,103,0.6129032258064516,0.1557377049180328,0.1417910447761194
4,clab-nebula-serf108,40,144,39,31,8,113,0.7948717948717948,0.2152777777777778,0.20394736842105263
4,clab-nebula-serf108,45,149,35,31,4,118,0.8857142857142857,0.2080536912751678,0.20261437908496732
4,clab-nebula-serf108,50,155,33,33,0,122,1.0,0.2129032258064516,0.2129032258064516
4,clab-nebula-serf108,55,158,161,158,3,0,0.9813664596273292,1.0,0.9813664596273292
4,clab-nebula-serf108,60,161,161,161,0,0,1.0,1.0,1.0
4,clab-nebula-serf119,5,2,0,0,0,2,0,0.0,0.0
4,clab-nebula-serf119,10,2,0,0,0,2,0,0.0,0.0
4,clab-nebula-serf119,15,2,0,0,0,2,0,0.0,0.0
4,clab-nebula-serf119,20,2,0,0,0,2,0,0.0,0.0
4,clab-nebula-serf119,25,3,1,1,0,2,1.0,0.3333333333333333,0.3333333333333333
4,clab-nebula-serf119,30,3,3,1,2,2,0.3333333333333333,0.3333333333333333,0.2
4,clab-nebula-serf119,35,3,4,0,4,3,0.0,0.0,0.0
4,clab-nebula-serf119,40,4,11,0,11,4,0.0,0.0,0.0
4,clab-nebula-serf119,45,5,22,0,22,5,0.0,0.0,0.0
4,clab-nebula-serf119,50,17,67,3,64,14,0.04477611940298507,0.17647058823529413,0.037037037037037035
4,clab-nebula-serf119,55,27,38,7,31,20,0.18421052631578946,0.25925925925925924,0.1206896551724138
4,clab-nebula-serf119,60,53,31,6,25,47,0.1935483870967742,0.11320754716981132,0.07692307692307693
4,clab-nebula-serf125,5,0,0,0,0,0,0,0,0
4,clab-nebula-serf125,10,3,9,2,7,1,0.2222222222222222,0.6666666666666666,0.2
4,clab-nebula-serf125,15,12,12,6,6,6,0.5,0.5,0.3333333333333333
4,clab-nebula-serf125,20,45,20,10,10,35,0.5,0.2222222222222222,0.18181818181818182
4,clab-nebula-serf125,25,58,14,4,10,54,0.2857142857142857,0.06896551724137931,0.058823529411764705
4,clab-nebula-serf125,30,84,61,23,38,61,0.3770491803278688,0.27380952380952384,0.1885245901639344
4,clab-nebula-serf125,35,112,33,19,14,93,0.5757575757575758,0.16964285714285715,0.15079365079365079
4,clab-nebula-serf125,40,137,44,29,15,108,0.6590909090909091,0.2116788321167883,0.19078947368421054
4,clab-nebula-serf125,45,146,33,29,4,117,0.8787878787878788,0.19863013698630136,0.19333333333333333
4,clab-nebula-serf125,50,155,161,155,6,0,0.9627329192546584,1.0,0.9627329192546584
4,clab-nebula-serf125,55,161,161,161,0,0,1.0,1.0,1.0
4,clab-nebula-serf125,60,161,161,161,0,0,1.0,1.0,1.0
4,clab-nebula-serf54,5,1,0,0,0,1,0,0,0
4,clab-nebula-serf54,10,11,0,0,0,11,0,0.0,0.0
4,clab-nebula-serf54,15,35,21,17,4,18,0.8095238095238095,0.4857142857142857,0.4358974358974359
4,clab-nebula-serf54,20,66,25,13,12,53,0.52,0.19696969696969696,0.16666666666666666
4,clab-nebula-serf54,25,83,26,22,4,61,0.8461538461538461,0.26506024096385544,0.25287356321839083
4,clab-nebula-serf54,30,99,18,17,1,82,0.9444444444444444,0.1717171717171717,0.17
4,clab-nebula-serf54,35,119,47,30,17,89,0.6382978723404256,0.25210084033613445,0.22058823529411764
4,clab-nebula-serf54,40,122,22,17,5,105,0.7727272727272727,0.13934426229508196,0.13385826771653545
4,clab-nebula-serf54,45,126,29,22,7,104,0.7586206896551724,0.1746031746031746,0.16541353383458646
4,clab-nebula-serf54,50,153,28,25,3,128,0.8928571428571429,0.16339869281045752,0.16025641025641027
4,clab-nebula-serf54,55,154,29,26,3,128,0.896551724137931,0.16883116883116883,0.16560509554140126
4,clab-nebula-serf54,60,157,161,157,4,0,0.9751552795031055,1.0,0.9751552795031055
4,clab-nebula-serf57,5,4,0,0,0,4,0,0,0
4,clab-nebula-serf57,10,13,0,0,0,13,0,0.0,0.0
4,clab-nebula-serf57,15,57,47,43,4,14,0.9148936170212766,0.7543859649122807,0.7049180327868853
4,clab-nebula-serf57,20,76,25,17,8,59,0.68,0.2236842105263158,0.20238095238095238
4,clab-nebula-serf57,25,90,19,16,3,74,0.8421052631578947,0.17777777777777778,0.17204301075268819
4,clab-nebula-serf57,30,113,22,20,2,93,0.9090909090909091,0.17699115044247787,0.17391304347826086
4,clab-nebula-serf57,35,121,47,30,17,91,0.6382978723404256,0.24793388429752067,0.21739130434782608
4,clab-nebula-serf57,40,124,29,25,4,99,0.8620689655172413,0.20161290322580644,0.1953125
4,clab-nebula-serf57,45,144,29,23,6,121,0.7931034482758621,0.1597222222222222,0.15333333333333332
4,clab-nebula-serf57,50,154,29,26,3,128,0.896551724137931,0.16883116883116883,0.16560509554140126
4,clab-nebula-serf57,55,155,161,155,6,0,0.9627329192546584,1.0,0.9627329192546584
4,clab-nebula-serf57,60,158,161,158,3,0,0.9813664596273292,1.0,0.9813664596273292
4,clab-nebula-serf24,5,0,0,0,0,0,0,0,0
4,clab-nebula-serf24,10,2,0,0,0,2,0,0,0
4,clab-nebula-serf24,15,5,0,0,0,5,0,0.0,0.0
4,clab-nebula-serf24,20,17,9,8,1,9,0.8888888888888888,0.47058823529411764,0.4444444444444444
4,clab-nebula-serf24,25,29,18,12,6,17,0.6666666666666666,0.41379310344827586,0.34285714285714286
4,clab-nebula-serf24,30,48,59,27,32,21,0.4576271186440678,0.5625,0.3375
4,clab-nebula-serf24,35,83,25,20,5,63,0.8,0.24096385542168675,0.22727272727272727
4,clab-nebula-serf24,40,93,28,27,1,66,0.9642857142857143,0.2903225806451613,0.2872340425531915
4,clab-nebula-serf24,45,103,59,28,31,75,0.4745762711864407,0.27184466019417475,0.208955223880597
4,clab-nebula-serf24,50,120,34,28,6,92,0.8235294117647058,0.23333333333333334,0.2222222222222222
4,clab-nebula-serf24,55,124,28,21,7,103,0.75,0.1693548387096774,0.16030534351145037
4,clab-nebula-serf24,60,129,27,21,6,108,0.7777777777777778,0.16279069767441862,0.15555555555555556
4,clab-nebula-serf42,5,0,0,0,0,0,0,0,0
4,clab-nebula-serf42,10,0,0,0,0,0,0,0,0
4,clab-nebula-serf42,15,2,0,0,0,2,0,0,0
4,clab-nebula-serf42,20,15,5,4,1,11,0.8,0.26666666666666666,0.25
4,clab-nebula-serf42,25,38,44,26,18,12,0.5909090909090909,0.6842105263157895,0.4642857142857143
4,clab-nebula-serf42,30,71,27,20,7,51,0.7407407407407407,0.28169014084507044,0.2564102564102564
4,clab-nebula-serf42,35,88,24,23,1,65,0.9583333333333334,0.26136363636363635,0.25842696629213485
4,clab-nebula-serf42,40,101,22,21,1,80,0.9545454545454546,0.2079207920792079,0.20588235294117646
4,clab-nebula-serf42,45,117,47,27,20,90,0.574468085106383,0.23076923076923078,0.19708029197080293
4,clab-nebula-serf42,50,123,35,30,5,93,0.8571428571428571,0.24390243902439024,0.234375
4,clab-nebula-serf42,55,127,29,22,7,105,0.7586206896551724,0.1732283464566929,0.16417910447761194
4,clab-nebula-serf42,60,153,28,25,3,128,0.8928571428571429,0.16339869281045752,0.16025641025641027
4,clab-nebula-serf48,5,0,0,0,0,0,0,0,0
4,clab-nebula-serf48,10,5,0,0,0,5,0,0.0,0.0
4,clab-nebula-serf48,15,21,15,8,7,13,0.5333333333333333,0.38095238095238093,0.2857142857142857
4,clab-nebula-serf48,20,37,29,17,12,20,0.5862068965517241,0.4594594594594595,0.3469387755102041
4,clab-nebula-serf48,25,79,26,20,6,59,0.7692307692307693,0.25316455696202533,0.23529411764705882
4,clab-nebula-serf48,30,88,23,21,2,67,0.9130434782608695,0.23863636363636365,0.23333333333333334
4,clab-nebula-serf48,35,114,52,32,20,82,0.6153846153846154,0.2807017543859649,0.23880597014925373
4,clab-nebula-serf48,40,121,35,29,6,92,0.8285714285714286,0.2396694214876033,0.2283464566929134
4,clab-nebula-serf48,45,124,32,25,7,99,0.78125,0.20161290322580644,0.19083969465648856
4,clab-nebula-serf48,50,141,28,25,3,116,0.8928571428571429,0.1773049645390071,0.1736111111111111
4,clab-nebula-serf48,55,154,29,26,3,128,0.896551724137931,0.16883116883116883,0.16560509554140126
4,clab-nebula-serf48,60,155,161,155,6,0,0.9627329192546584,1.0,0.9627329192546584
4,clab-nebula-serf2,5,0,0,0,0,0,0,0,0
4,clab-nebula-serf2,10,1,0,0,0,1,0,0,0
4,clab-nebula-serf2,15,5,0,0,0,5,0,0.0,0.0
4,clab-nebula-serf2,20,10,6,6,0,4,1.0,0.6,0.6
4,clab-nebula-serf2,25,19,14,9,5,10,0.6428571428571429,0.47368421052631576,0.375
4,clab-nebula-serf2,30,32,55,20,35,12,0.36363636363636365,0.625,0.29850746268656714
4,clab-nebula-serf2,35,67,21,9,12,58,0.42857142857142855,0.13432835820895522,0.11392405063291139
4,clab-nebula-serf2,40,84,18,14,4,70,0.7777777777777778,0.16666666666666666,0.1590909090909091
4,clab-nebula-serf2,45,99,19,17,2,82,0.8947368421052632,0.1717171717171717,0.16831683168316833
4,clab-nebula-serf2,50,114,45,25,20,89,0.5555555555555556,0.21929824561403508,0.1865671641791045
4,clab-nebula-serf2,55,120,26,20,6,100,0.7692307692307693,0.16666666666666666,0.15873015873015872
4,clab-nebula-serf2,60,124,29,22,7,102,0.7586206896551724,0.1774193548387097,0.16793893129770993
4,clab-nebula-serf21,5,2,0,0,0,2,0,0,0
4,clab-nebula-serf21,10,4,0,0,0,4,0,0.0,0.0
4,clab-nebula-serf21,15,16,8,6,2,10,0.75,0.375,0.3333333333333333
4,clab-nebula-serf21,20,32,19,14,5,18,0.7368421052631579,0.4375,0.3783783783783784
4,clab-nebula-serf21,25,56,54,31,23,25,0.5740740740740741,0.5535714285714286,0.3924050632911392
4,clab-nebula-serf21,30,84,25,20,5,64,0.8,0.23809523809523808,0.2247191011235955
4,clab-nebula-serf21,35,94,21,20,1,74,0.9523809523809523,0.2127659574468085,0.21052631578947367
4,clab-nebula-serf21,40,107,59,32,27,75,0.5423728813559322,0.29906542056074764,0.23880597014925373
4,clab-nebula-serf21,45,121,35,29,6,92,0.8285714285714286,0.2396694214876033,0.2283464566929134
4,clab-nebula-serf21,50,124,29,22,7,102,0.7586206896551724,0.1774193548387097,0.16793893129770993
4,clab-nebula-serf21,55,133,28,22,6,111,0.7857142857142857,0.16541353383458646,0.15827338129496402
4,clab-nebula-serf21,60,154,29,26,3,128,0.896551724137931,0.16883116883116883,0.16560509554140126
4,clab-nebula-serf67,5,0,0,0,0,0,0,0,0
4,clab-nebula-serf67,10,5,0,0,0,5,0,0,0
4,clab-nebula-serf67,15,26,19,19,0,7,1.0,0.7307692307692307,0.7307692307692307
4,clab-nebula-serf67,20,41,30,27,3,14,0.9,0.6585365853658537,0.6136363636363636
4,clab-nebula-serf67,25,76,14,11,3,65,0.7857142857142857,0.14473684210526316,0.13924050632911392
4,clab-nebula-serf67,30,98,20,14,6,84,0.7,0.14285714285714285,0.1346153846153846
4,clab-nebula-serf67,35,115,46,31,15,84,0.6739130434782609,0.26956521739130435,0.23846153846153847
4,clab-nebula-serf67,40,122,22,18,4,104,0.8181818181818182,0.14754098360655737,0.14285714285714285
4,clab-nebula-serf67,45,135,29,22,7,113,0.7586206896551724,0.16296296296296298,0.15492957746478872
4,clab-nebula-serf67,50,154,28,26,2,128,0.9285714285714286,0.16883116883116883,0.16666666666666666
4,clab-nebula-serf67,55,154,161,154,7,0,0.9565217391304348,1.0,0.9565217391304348
4,clab-nebula-serf67,60,158,161,158,3,0,0.9813664596273292,1.0,0.9813664596273292
4,clab-nebula-serf102,5,5,0,0,0,5,0,0,0
4,clab-nebula-serf102,10,7,5,5,0,2,1.0,0.7142857142857143,0.7142857142857143
4,clab-nebula-serf102,15,7,0,0,0,7,0,0.0,0.0
4,clab-nebula-serf102,20,10,9,1,8,9,0.1111111111111111,0.1,0.05555555555555555
4,clab-nebula-serf102,25,21,16,5,11,16,0.3125,0.23809523809523808,0.15625
4,clab-nebula-serf102,30,40,74,15,59,25,0.20270270270270271,0.375,0.15151515151515152
4,clab-nebula-serf102,35,76,38,13,25,63,0.34210526315789475,0.17105263157894737,0.12871287128712872
4,clab-nebula-serf102,40,124,25,14,11,110,0.56,0.11290322580645161,0.1037037037037037
4,clab-nebula-serf102,45,144,32,30,2,114,0.9375,0.20833333333333334,0.2054794520547945
4,clab-nebula-serf102,50,157,161,157,4,0,0.9751552795031055,1.0,0.9751552795031055
4,clab-nebula-serf102,55,160,161,160,1,0,0.9937888198757764,1.0,0.9937888198757764
4,clab-nebula-serf102,60,161,161,161,0,0,1.0,1.0,1.0
4,clab-nebula-serf110,5,0,0,0,0,0,0,0,0
4,clab-nebula-serf110,10,0,0,0,0,0,0,0,0
4,clab-nebula-serf110,15,2,0,0,0,2,0,0,0
4,clab-nebula-serf110,20,7,0,0,0,7,0,0.0,0.0
4,clab-nebula-serf110,25,15,2,1,1,14,0.5,0.06666666666666667,0.0625
4,clab-nebula-serf110,30,37,22,17,5,20,0.7727272727272727,0.4594594594594595,0.40476190476190477
4,clab-nebula-serf110,35,69,61,37,24,32,0.6065573770491803,0.5362318840579711,0.3978494623655914
4,clab-nebula-serf110,40,107,31,16,15,91,0.5161290322580645,0.14953271028037382,0.13114754098360656
4,clab-nebula-serf110,45,143,38,30,8,113,0.7894736842105263,0.2097902097902098,0.1986754966887417
4,clab-nebula-serf110,50,148,35,31,4,117,0.8857142857142857,0.20945945945945946,0.20394736842105263
4,clab-nebula-serf110,55,154,33,32,1,122,0.9696969696969697,0.2077922077922078,0.2064516129032258
4,clab-nebula-serf110,60,157,161,157,4,0,0.9751552795031055,1.0,0.9751552795031055
4,clab-nebula-serf132,5,0,0,0,0,0,0,0,0
4,clab-nebula-serf132,10,0,0,0,0,0,0,0,0
4,clab-nebula-serf132,15,11,10,7,3,4,0.7,0.6363636363636364,0.5
4,clab-nebula-serf132,20,14,3,3,0,11,1.0,0.21428571428571427,0.21428571428571427
4,clab-nebula-serf132,25,23,23,7,16,16,0.30434782608695654,0.30434782608695654,0.1794871794871795
4,clab-nebula-serf132,30,37,20,10,10,27,0.5,0.2702702702702703,0.2127659574468085
4,clab-nebula-serf132,35,48,67,6,61,42,0.08955223880597014,0.125,0.05504587155963303
4,clab-nebula-serf132,40,78,23,7,16,71,0.30434782608695654,0.08974358974358974,0.07446808510638298
4,clab-nebula-serf132,45,104,31,13,18,91,0.41935483870967744,0.125,0.10655737704918032
4,clab-nebula-serf132,50,132,34,23,11,109,0.6764705882352942,0.17424242424242425,0.16083916083916083
4,clab-nebula-serf132,55,144,26,22,4,122,0.8461538461538461,0.1527777777777778,0.14864864864864866
4,clab-nebula-serf132,60,151,161,151,10,0,0.937888198757764,1.0,0.937888198757764
4,clab-nebula-serf134,5,0,0,0,0,0,0,0,0
4,clab-nebula-serf134,10,0,0,0,0,0,0,0,0
4,clab-nebula-serf134,15,1,11,1,10,0,0.09090909090909091,1.0,0.09090909090909091
4,clab-nebula-serf134,20,14,0,0,0,14,0,0.0,0.0
4,clab-nebula-serf134,25,16,13,2,11,14,0.15384615384615385,0.125,0.07407407407407407
4,clab-nebula-serf134,30,26,19,7,12,19,0.3684210526315789,0.2692307692307692,0.18421052631578946
4,clab-nebula-serf134,35,43,67,4,63,39,0.05970149253731343,0.09302325581395349,0.03773584905660377
4,clab-nebula-serf134,40,57,22,5,17,52,0.22727272727272727,0.08771929824561403,0.06756756756756757
4,clab-nebula-serf134,45,91,31,9,22,82,0.2903225806451613,0.0989010989010989,0.07964601769911504
4,clab-nebula-serf134,50,116,34,19,15,97,0.5588235294117647,0.16379310344827586,0.1450381679389313
4,clab-nebula-serf134,55,137,26,21,5,116,0.8076923076923077,0.15328467153284672,0.14788732394366197
4,clab-nebula-serf134,60,147,25,19,6,128,0.76,0.1292517006802721,0.12418300653594772
4,clab-nebula-serf137,5,0,0,0,0,0,0,0,0
4,clab-nebula-serf137,10,0,0,0,0,0,0,0,0
4,clab-nebula-serf137,15,2,11,2,9,0,0.18181818181818182,1.0,0.18181818181818182
4,clab-nebula-serf137,20,14,0,0,0,14,0,0.0,0.0
4,clab-nebula-serf137,25,20,13,4,9,16,0.3076923076923077,0.2,0.13793103448275862
4,clab-nebula-serf137,30,26,33,6,27,20,0.18181818181818182,0.23076923076923078,0.11320754716981132
4,clab-nebula-serf137,35,44,59,11,48,33,0.1864406779661017,0.25,0.11956521739130435
4,clab-nebula-serf137,40,55,22,5,17,50,0.22727272727272727,0.09090909090909091,0.06944444444444445
4,clab-nebula-serf137,45,90,31,9,22,81,0.2903225806451613,0.1,0.08035714285714286
4,clab-nebula-serf137,50,115,34,19,15,96,0.5588235294117647,0.16521739130434782,0.14615384615384616
4,clab-nebula-serf137,55,137,34,25,9,112,0.7352941176470589,0.18248175182481752,0.17123287671232876
4,clab-nebula-serf137,60,148,25,19,6,129,0.76,0.12837837837837837,0.12337662337662338
4,clab-nebula-serf10,5,1,0,0,0,1,0,0,0
4,clab-nebula-serf10,10,9,0,0,0,9,0,0.0,0.0
4,clab-nebula-serf10,15,20,16,12,4,8,0.75,0.6,0.5
4,clab-nebula-serf10,20,40,53,28,25,12,0.5283018867924528,0.7,0.4307692307692308
4,clab-nebula-serf10,25,71,19,10,9,61,0.5263157894736842,0.14084507042253522,0.125
4,clab-nebula-serf10,30,88,21,18,3,70,0.8571428571428571,0.20454545454545456,0.1978021978021978
4,clab-nebula-serf10,35,103,22,20,2,83,0.9090909090909091,0.1941747572815534,0.19047619047619047
4,clab-nebula-serf10,40,120,42,25,17,95,0.5952380952380952,0.20833333333333334,0.18248175182481752
4,clab-nebula-serf10,45,121,26,20,6,101,0.7692307692307693,0.1652892561983471,0.15748031496062992
4,clab-nebula-serf10,50,129,29,22,7,107,0.7586206896551724,0.17054263565891473,0.16176470588235295
4,clab-nebula-serf10,55,153,29,25,4,128,0.8620689655172413,0.16339869281045752,0.1592356687898089
4,clab-nebula-serf10,60,156,161,156,5,0,0.968944099378882,1.0,0.968944099378882
4,clab-nebula-serf46,5,0,0,0,0,0,0,0,0
4,clab-nebula-serf46,10,3,0,0,0,3,0,0,0
4,clab-nebula-serf46,15,11,0,0,0,11,0,0.0,0.0
4,clab-nebula-serf46,20,26,15,9,6,17,0.6,0.34615384615384615,0.28125
4,clab-nebula-serf46,25,54,45,32,13,22,0.7111111111111111,0.5925925925925926,0.47761194029850745
4,clab-nebula-serf46,30,81,22,18,4,63,0.8181818181818182,0.2222222222222222,0.21176470588235294
4,clab-nebula-serf46,35,100,25,23,2,77,0.92,0.23,0.22549019607843138
4,clab-nebula-serf46,40,121,60,43,17,78,0.7166666666666667,0.35537190082644626,0.3115942028985507
4,clab-nebula-serf46,45,124,35,31,4,93,0.8857142857142857,0.25,0.2421875
4,clab-nebula-serf46,50,127,30,25,5,102,0.8333333333333334,0.1968503937007874,0.1893939393939394
4,clab-nebula-serf46,55,154,29,26,3,128,0.896551724137931,0.16883116883116883,0.16560509554140126
4,clab-nebula-serf46,60,154,161,154,7,0,0.9565217391304348,1.0,0.9565217391304348
4,clab-nebula-serf74,5,0,0,0,0,0,0,0,0
4,clab-nebula-serf74,10,9,0,0,0,9,0,0.0,0.0
4,clab-nebula-serf74,15,26,22,19,3,7,0.8636363636363636,0.7307692307692307,0.6551724137931034
4,clab-nebula-serf74,20,45,36,27,9,18,0.75,0.6,0.5
4,clab-nebula-serf74,25,82,14,11,3,71,0.7857142857142857,0.13414634146341464,0.12941176470588237
4,clab-nebula-serf74,30,106,21,17,4,89,0.8095238095238095,0.16037735849056603,0.15454545454545454
4,clab-nebula-serf74,35,117,28,21,7,96,0.75,0.1794871794871795,0.1693548387096774
4,clab-nebula-serf74,40,124,25,18,7,106,0.72,0.14516129032258066,0.13740458015267176
4,clab-nebula-serf74,45,145,28,22,6,123,0.7857142857142857,0.15172413793103448,0.1456953642384106
4,clab-nebula-serf74,50,154,29,26,3,128,0.896551724137931,0.16883116883116883,0.16560509554140126
4,clab-nebula-serf74,55,155,161,155,6,0,0.9627329192546584,1.0,0.9627329192546584
4,clab-nebula-serf74,60,159,161,159,2,0,0.9875776397515528,1.0,0.9875776397515528
4,clab-nebula-serf76,5,2,0,0,0,2,0,0,0
4,clab-nebula-serf76,10,25,10,10,0,15,1.0,0.4,0.4
4,clab-nebula-serf76,15,38,28,25,3,13,0.8928571428571429,0.6578947368421053,0.6097560975609756
4,clab-nebula-serf76,20,68,13,9,4,59,0.6923076923076923,0.1323529411764706,0.125
4,clab-nebula-serf76,25,89,18,12,6,77,0.6666666666666666,0.1348314606741573,0.12631578947368421
4,clab-nebula-serf76,30,111,46,28,18,83,0.6086956521739131,0.25225225225225223,0.21705426356589147
4,clab-nebula-serf76,35,121,22,17,5,104,0.7727272727272727,0.14049586776859505,0.1349206349206349
4,clab-nebula-serf76,40,129,25,18,7,111,0.72,0.13953488372093023,0.1323529411764706
4,clab-nebula-serf76,45,153,28,25,3,128,0.8928571428571429,0.16339869281045752,0.16025641025641027
4,clab-nebula-serf76,50,154,29,26,3,128,0.896551724137931,0.16883116883116883,0.16560509554140126
4,clab-nebula-serf76,55,158,161,158,3,0,0.9813664596273292,1.0,0.9813664596273292
4,clab-nebula-serf76,60,161,161,161,0,0,1.0,1.0,1.0
4,clab-nebula-serf149,5,0,0,0,0,0,0,0,0
4,clab-nebula-serf149,10,0,0,0,0,0,0,0,0
4,clab-nebula-serf149,15,1,6,1,5,0,0.16666666666666666,1.0,0.16666666666666666
4,clab-nebula-serf149,20,11,4,3,1,8,0.75,0.2727272727272727,0.25
4,clab-nebula-serf149,25,17,33,2,31,15,0.06060606060606061,0.11764705882352941,0.041666666666666664
4,clab-nebula-serf149,30,25,13,7,6,18,0.5384615384615384,0.28,0.22580645161290322
4,clab-nebula-serf149,35,48,38,22,16,26,0.5789473684210527,0.4583333333333333,0.34375
4,clab-nebula-serf149,40,60,68,13,55,47,0.19117647058823528,0.21666666666666667,0.11304347826086956
4,clab-nebula-serf149,45,89,32,17,15,72,0.53125,0.19101123595505617,0.16346153846153846
4,clab-nebula-serf149,50,124,41,22,19,102,0.5365853658536586,0.1774193548387097,0.15384615384615385
4,clab-nebula-serf149,55,143,34,28,6,115,0.8235294117647058,0.1958041958041958,0.18791946308724833
4,clab-nebula-serf149,60,152,31,30,1,122,0.967741935483871,0.19736842105263158,0.19607843137254902
4,clab-nebula-serf20,5,2,0,0,0,2,0,0,0
4,clab-nebula-serf20,10,4,0,0,0,4,0,0.0,0.0
4,clab-nebula-serf20,15,15,10,9,1,6,0.9,0.6,0.5625
4,clab-nebula-serf20,20,26,23,10,13,16,0.43478260869565216,0.38461538461538464,0.2564102564102564
4,clab-nebula-serf20,25,46,53,23,30,23,0.4339622641509434,0.5,0.3026315789473684
4,clab-nebula-serf20,30,80,25,19,6,61,0.76,0.2375,0.22093023255813954
4,clab-nebula-serf20,35,93,21,20,1,73,0.9523809523809523,0.21505376344086022,0.2127659574468085
4,clab-nebula-serf20,40,102,54,23,31,79,0.42592592592592593,0.22549019607843138,0.17293233082706766
4,clab-nebula-serf20,45,118,35,29,6,89,0.8285714285714286,0.2457627118644068,0.23387096774193547
4,clab-nebula-serf20,50,124,29,22,7,102,0.7586206896551724,0.1774193548387097,0.16793893129770993
4,clab-nebula-serf20,55,129,28,22,6,107,0.7857142857142857,0.17054263565891473,0.16296296296296298
4,clab-nebula-serf20,60,154,29,26,3,128,0.896551724137931,0.16883116883116883,0.16560509554140126
4,clab-nebula-serf22,5,0,0,0,0,0,0,0,0
4,clab-nebula-serf22,10,4,0,0,0,4,0,0,0
4,clab-nebula-serf22,15,10,3,1,2,9,0.3333333333333333,0.1,0.08333333333333333
4,clab-nebula-serf22,20,23,19,10,9,13,0.5263157894736842,0.43478260869565216,0.3125
4,clab-nebula-serf22,25,41,48,21,27,20,0.4375,0.5121951219512195,0.3088235294117647
4,clab-nebula-serf22,30,76,24,20,4,56,0.8333333333333334,0.2631578947368421,0.25
4,clab-nebula-serf22,35,93,25,24,1,69,0.96,0.25806451612903225,0.2553191489361702
4,clab-nebula-serf22,40,98,28,27,1,71,0.9642857142857143,0.2755102040816326,0.2727272727272727
4,clab-nebula-serf22,45,117,54,35,19,82,0.6481481481481481,0.29914529914529914,0.25735294117647056
4,clab-nebula-serf22,50,122,29,24,5,98,0.8275862068965517,0.19672131147540983,0.1889763779527559
4,clab-nebula-serf22,55,125,29,22,7,103,0.7586206896551724,0.176,0.16666666666666666
4,clab-nebula-serf22,60,153,28,25,3,128,0.8928571428571429,0.16339869281045752,0.16025641025641027
4,clab-nebula-serf160,5,4,0,0,0,4,0,0,0
4,clab-nebula-serf160,10,4,5,4,1,0,0.8,1.0,0.8
4,clab-nebula-serf160,15,5,7,0,7,5,0.0,0.0,0.0
4,clab-nebula-serf160,20,10,8,4,4,6,0.5,0.4,0.2857142857142857
4,clab-nebula-serf160,25,25,14,2,12,23,0.14285714285714285,0.08,0.05405405405405406
4,clab-nebula-serf160,30,37,12,1,11,36,0.08333333333333333,0.02702702702702703,0.020833333333333332
4,clab-nebula-serf160,35,43,66,4,62,39,0.06060606060606061,0.09302325581395349,0.0380952380952381
4,clab-nebula-serf160,40,58,31,14,17,44,0.45161290322580644,0.2413793103448276,0.18666666666666668
4,clab-nebula-serf160,45,82,41,17,24,65,0.4146341463414634,0.2073170731707317,0.16037735849056603
4,clab-nebula-serf160,50,118,35,20,15,98,0.5714285714285714,0.1694915254237288,0.15037593984962405
4,clab-nebula-serf160,55,139,26,22,4,117,0.8461538461538461,0.15827338129496402,0.15384615384615385
4,clab-nebula-serf160,60,149,161,149,12,0,0.9254658385093167,1.0,0.9254658385093167
4,clab-nebula-serf31,5,1,0,0,0,1,0,0,0
4,clab-nebula-serf31,10,13,8,6,2,7,0.75,0.46153846153846156,0.4
4,clab-nebula-serf31,15,28,19,13,6,15,0.6842105263157895,0.4642857142857143,0.38235294117647056
4,clab-nebula-serf31,20,45,57,24,33,21,0.42105263157894735,0.5333333333333333,0.3076923076923077
4,clab-nebula-serf31,25,80,24,20,4,60,0.8333333333333334,0.25,0.23809523809523808
4,clab-nebula-serf31,30,93,20,20,0,73,1.0,0.21505376344086022,0.21505376344086022
4,clab-nebula-serf31,35,102,28,27,1,75,0.9642857142857143,0.2647058823529412,0.2621359223300971
4,clab-nebula-serf31,40,119,35,29,6,90,0.8285714285714286,0.24369747899159663,0.232
4,clab-nebula-serf31,45,124,29,22,7,102,0.7586206896551724,0.1774193548387097,0.16793893129770993
4,clab-nebula-serf31,50,129,28,22,6,107,0.7857142857142857,0.17054263565891473,0.16296296296296298
4,clab-nebula-serf31,55,154,29,26,3,128,0.896551724137931,0.16883116883116883,0.16560509554140126
4,clab-nebula-serf31,60,154,161,154,7,0,0.9565217391304348,1.0,0.9565217391304348
4,clab-nebula-serf93,5,3,0,0,0,3,0,0,0
4,clab-nebula-serf93,10,16,7,5,2,11,0.7142857142857143,0.3125,0.2777777777777778
4,clab-nebula-serf93,15,37,28,28,0,9,1.0,0.7567567567567568,0.7567567567567568
4,clab-nebula-serf93,20,59,37,28,9,31,0.7567567567567568,0.4745762711864407,0.4117647058823529
4,clab-nebula-serf93,25,83,8,8,0,75,1.0,0.0963855421686747,0.0963855421686747
4,clab-nebula-serf93,30,110,21,18,3,92,0.8571428571428571,0.16363636363636364,0.1592920353982301
4,clab-nebula-serf93,35,119,47,30,17,89,0.6382978723404256,0.25210084033613445,0.22058823529411764
4,clab-nebula-serf93,40,125,32,25,7,100,0.78125,0.2,0.1893939393939394
4,clab-nebula-serf93,45,142,28,23,5,119,0.8214285714285714,0.1619718309859155,0.1564625850340136
4,clab-nebula-serf93,50,154,29,26,3,128,0.896551724137931,0.16883116883116883,0.16560509554140126
4,clab-nebula-serf93,55,156,161,156,5,0,0.968944099378882,1.0,0.968944099378882
4,clab-nebula-serf93,60,161,161,161,0,0,1.0,1.0,1.0
4,clab-nebula-serf122,5,0,0,0,0,0,0,0,0
4,clab-nebula-serf122,10,0,0,0,0,0,0,0,0
4,clab-nebula-serf122,15,8,5,2,3,6,0.4,0.25,0.18181818181818182
4,clab-nebula-serf122,20,15,15,11,4,4,0.7333333333333333,0.7333333333333333,0.5789473684210527
4,clab-nebula-serf122,25,22,22,5,17,17,0.22727272727272727,0.22727272727272727,0.1282051282051282
4,clab-nebula-serf122,30,61,69,27,42,34,0.391304347826087,0.4426229508196721,0.2621359223300971
4,clab-nebula-serf122,35,106,30,15,15,91,0.5,0.14150943396226415,0.12396694214876033
4,clab-nebula-serf122,40,133,42,27,15,106,0.6428571428571429,0.20300751879699247,0.18243243243243243
4,clab-nebula-serf122,45,144,32,29,3,115,0.90625,0.2013888888888889,0.19727891156462585
4,clab-nebula-serf122,50,154,32,32,0,122,1.0,0.2077922077922078,0.2077922077922078
4,clab-nebula-serf122,55,161,161,161,0,0,1.0,1.0,1.0
4,clab-nebula-serf122,60,161,161,161,0,0,1.0,1.0,1.0
4,clab-nebula-serf38,5,0,0,0,0,0,0,0,0
4,clab-nebula-serf38,10,4,0,0,0,4,0,0,0
4,clab-nebula-serf38,15,24,4,4,0,20,1.0,0.16666666666666666,0.16666666666666666
4,clab-nebula-serf38,20,56,41,30,11,26,0.7317073170731707,0.5357142857142857,0.44776119402985076
4,clab-nebula-serf38,25,82,25,22,3,60,0.88,0.2682926829268293,0.25882352941176473
4,clab-nebula-serf38,30,92,25,23,2,69,0.92,0.25,0.24468085106382978
4,clab-nebula-serf38,35,107,22,21,1,86,0.9545454545454546,0.19626168224299065,0.19444444444444445
4,clab-nebula-serf38,40,121,47,30,17,91,0.6382978723404256,0.24793388429752067,0.21739130434782608
4,clab-nebula-serf38,45,124,29,25,4,99,0.8620689655172413,0.20161290322580644,0.1953125
4,clab-nebula-serf38,50,133,29,23,6,110,0.7931034482758621,0.17293233082706766,0.16546762589928057
4,clab-nebula-serf38,55,154,28,26,2,128,0.9285714285714286,0.16883116883116883,0.16666666666666666
4,clab-nebula-serf38,60,154,29,26,3,128,0.896551724137931,0.16883116883116883,0.16560509554140126
4,clab-nebula-serf55,5,0,0,0,0,0,0,0,0
4,clab-nebula-serf55,10,9,0,0,0,9,0,0,0
4,clab-nebula-serf55,15,23,16,11,5,12,0.6875,0.4782608695652174,0.39285714285714285
4,clab-nebula-serf55,20,64,53,46,7,18,0.8679245283018868,0.71875,0.647887323943662
4,clab-nebula-serf55,25,83,26,22,4,61,0.8461538461538461,0.26506024096385544,0.25287356321839083
4,clab-nebula-serf55,30,96,19,16,3,80,0.8421052631578947,0.16666666666666666,0.16161616161616163
4,clab-nebula-serf55,35,119,53,36,17,83,0.6792452830188679,0.3025210084033613,0.2647058823529412
4,clab-nebula-serf55,40,121,22,16,6,105,0.7272727272727273,0.1322314049586777,0.12598425196850394
4,clab-nebula-serf55,45,126,29,22,7,104,0.7586206896551724,0.1746031746031746,0.16541353383458646
4,clab-nebula-serf55,50,153,28,25,3,128,0.8928571428571429,0.16339869281045752,0.16025641025641027
4,clab-nebula-serf55,55,154,29,26,3,128,0.896551724137931,0.16883116883116883,0.16560509554140126
4,clab-nebula-serf55,60,157,161,157,4,0,0.9751552795031055,1.0,0.9751552795031055
4,clab-nebula-serf79,5,6,0,0,0,6,0,0,0
4,clab-nebula-serf79,10,26,18,18,0,8,1.0,0.6923076923076923,0.6923076923076923
4,clab-nebula-serf79,15,41,39,30,9,11,0.7692307692307693,0.7317073170731707,0.6
4,clab-nebula-serf79,20,76,13,12,1,64,0.9230769230769231,0.15789473684210525,0.15584415584415584
4,clab-nebula-serf79,25,96,21,16,5,80,0.7619047619047619,0.16666666666666666,0.15841584158415842
4,clab-nebula-serf79,30,116,46,31,15,85,0.6739130434782609,0.2672413793103448,0.2366412213740458
4,clab-nebula-serf79,35,121,22,17,5,104,0.7727272727272727,0.14049586776859505,0.1349206349206349
4,clab-nebula-serf79,40,135,29,22,7,113,0.7586206896551724,0.16296296296296298,0.15492957746478872
4,clab-nebula-serf79,45,153,28,25,3,128,0.8928571428571429,0.16339869281045752,0.16025641025641027
4,clab-nebula-serf79,50,154,161,154,7,0,0.9565217391304348,1.0,0.9565217391304348
4,clab-nebula-serf79,55,158,161,158,3,0,0.9813664596273292,1.0,0.9813664596273292
4,clab-nebula-serf79,60,161,161,161,0,0,1.0,1.0,1.0
4,clab-nebula-serf113,5,1,0,0,0,1,0,0,0
4,clab-nebula-serf113,10,1,1,1,0,0,1.0,1.0,1.0
4,clab-nebula-serf113,15,3,3,1,2,2,0.3333333333333333,0.3333333333333333,0.2
4,clab-nebula-serf113,20,19,9,5,4,14,0.5555555555555556,0.2631578947368421,0.21739130434782608
4,clab-nebula-serf113,25,28,17,7,10,21,0.4117647058823529,0.25,0.18421052631578946
4,clab-nebula-serf113,30,65,78,36,42,29,0.46153846153846156,0.5538461538461539,0.3364485981308411
4,clab-nebula-serf113,35,105,30,15,15,90,0.5,0.14285714285714285,0.125
4,clab-nebula-serf113,40,139,39,31,8,108,0.7948717948717948,0.22302158273381295,0.2108843537414966
4,clab-nebula-serf113,45,156,31,31,0,125,1.0,0.1987179487179487,0.1987179487179487
4,clab-nebula-serf113,50,159,32,32,0,127,1.0,0.20125786163522014,0.20125786163522014
4,clab-nebula-serf113,55,161,161,161,0,0,1.0,1.0,1.0
4,clab-nebula-serf113,60,161,161,161,0,0,1.0,1.0,1.0
4,clab-nebula-serf120,5,2,1,1,0,1,1.0,0.5,0.5
4,clab-nebula-serf120,10,2,1,1,0,1,1.0,0.5,0.5
4,clab-nebula-serf120,15,2,0,0,0,2,0,0.0,0.0
4,clab-nebula-serf120,20,2,0,0,0,2,0,0.0,0.0
4,clab-nebula-serf120,25,2,1,0,1,2,0.0,0.0,0.0
4,clab-nebula-serf120,30,3,2,1,1,2,0.5,0.3333333333333333,0.25
4,clab-nebula-serf120,35,3,4,0,4,3,0.0,0.0,0.0
4,clab-nebula-serf120,40,3,10,0,10,3,0.0,0.0,0.0
4,clab-nebula-serf120,45,5,67,0,67,5,0.0,0.0,0.0
4,clab-nebula-serf120,50,14,36,2,34,12,0.05555555555555555,0.14285714285714285,0.041666666666666664
4,clab-nebula-serf120,55,24,38,7,31,17,0.18421052631578946,0.2916666666666667,0.12727272727272726
4,clab-nebula-serf120,60,48,31,4,27,44,0.12903225806451613,0.08333333333333333,0.05333333333333334
4,clab-nebula-serf128,5,0,0,0,0,0,0,0,0
4,clab-nebula-serf128,10,2,0,0,0,2,0,0,0
4,clab-nebula-serf128,15,6,6,5,1,1,0.8333333333333334,0.8333333333333334,0.7142857142857143
4,clab-nebula-serf128,20,20,8,6,2,14,0.75,0.3,0.2727272727272727
4,clab-nebula-serf128,25,48,20,13,7,35,0.65,0.2708333333333333,0.23636363636363636
4,clab-nebula-serf128,30,73,63,40,23,33,0.6349206349206349,0.547945205479452,0.4166666666666667
4,clab-nebula-serf128,35,111,31,17,14,94,0.5483870967741935,0.15315315315315314,0.136
4,clab-nebula-serf128,40,145,39,32,7,113,0.8205128205128205,0.2206896551724138,0.21052631578947367
4,clab-nebula-serf128,45,150,33,32,1,118,0.9696969696969697,0.21333333333333335,0.2119205298013245
4,clab-nebula-serf128,50,155,161,155,6,0,0.9627329192546584,1.0,0.9627329192546584
4,clab-nebula-serf128,55,159,161,159,2,0,0.9875776397515528,1.0,0.9875776397515528
4,clab-nebula-serf128,60,161,161,161,0,0,1.0,1.0,1.0
4,clab-nebula-serf8,5,0,0,0,0,0,0,0,0
4,clab-nebula-serf8,10,5,0,0,0,5,0,0.0,0.0
4,clab-nebula-serf8,15,13,7,5,2,8,0.7142857142857143,0.38461538461538464,0.3333333333333333
4,clab-nebula-serf8,20,23,15,13,2,10,0.8666666666666667,0.5652173913043478,0.52
4,clab-nebula-serf8,25,44,55,29,26,15,0.5272727272727272,0.6590909090909091,0.4142857142857143
4,clab-nebula-serf8,30,76,21,10,11,66,0.47619047619047616,0.13157894736842105,0.11494252873563218
4,clab-nebula-serf8,35,89,20,18,2,71,0.9,0.20224719101123595,0.1978021978021978
4,clab-nebula-serf8,40,105,46,23,23,82,0.5,0.21904761904761905,0.1796875
4,clab-nebula-serf8,45,120,19,13,6,107,0.6842105263157895,0.10833333333333334,0.10317460317460317
4,clab-nebula-serf8,50,122,29,20,9,102,0.6896551724137931,0.16393442622950818,0.15267175572519084
4,clab-nebula-serf8,55,130,28,22,6,108,0.7857142857142857,0.16923076923076924,0.16176470588235295
4,clab-nebula-serf8,60,153,29,25,4,128,0.8620689655172413,0.16339869281045752,0.1592356687898089
4,clab-nebula-serf27,5,0,0,0,0,0,0,0,0
4,clab-nebula-serf27,10,3,0,0,0,3,0,0.0,0.0
4,clab-nebula-serf27,15,7,1,1,0,6,1.0,0.14285714285714285,0.14285714285714285
4,clab-nebula-serf27,20,13,10,8,2,5,0.8,0.6153846153846154,0.5333333333333333
4,clab-nebula-serf27,25,24,50,10,40,14,0.2,0.4166666666666667,0.15625
4,clab-nebula-serf27,30,38,32,17,15,21,0.53125,0.4473684210526316,0.32075471698113206
4,clab-nebula-serf27,35,75,29,24,5,51,0.8275862068965517,0.32,0.3
4,clab-nebula-serf27,40,92,28,27,1,65,0.9642857142857143,0.29347826086956524,0.2903225806451613
4,clab-nebula-serf27,45,98,53,21,32,77,0.39622641509433965,0.21428571428571427,0.16153846153846155
4,clab-nebula-serf27,50,117,31,25,6,92,0.8064516129032258,0.21367521367521367,0.2032520325203252
4,clab-nebula-serf27,55,122,28,20,8,102,0.7142857142857143,0.16393442622950818,0.15384615384615385
4,clab-nebula-serf27,60,125,27,21,6,104,0.7777777777777778,0.168,0.16030534351145037
4,clab-nebula-serf78,5,0,0,0,0,0,0,0,0
4,clab-nebula-serf78,10,9,0,0,0,9,0,0.0,0.0
4,clab-nebula-serf78,15,27,22,19,3,8,0.8636363636363636,0.7037037037037037,0.6333333333333333
4,clab-nebula-serf78,20,48,37,29,8,19,0.7837837837837838,0.6041666666666666,0.5178571428571429
4,clab-nebula-serf78,25,80,14,11,3,69,0.7857142857142857,0.1375,0.13253012048192772
4,clab-nebula-serf78,30,102,21,17,4,85,0.8095238095238095,0.16666666666666666,0.16037735849056603
4,clab-nebula-serf78,35,118,47,29,18,89,0.6170212765957447,0.2457627118644068,0.21323529411764705
4,clab-nebula-serf78,40,123,22,18,4,105,0.8181818181818182,0.14634146341463414,0.14173228346456693
4,clab-nebula-serf78,45,140,28,22,6,118,0.7857142857142857,0.15714285714285714,0.1506849315068493
4,clab-nebula-serf78,50,154,29,26,3,128,0.896551724137931,0.16883116883116883,0.16560509554140126
4,clab-nebula-serf78,55,155,161,155,6,0,0.9627329192546584,1.0,0.9627329192546584
4,clab-nebula-serf78,60,158,161,158,3,0,0.9813664596273292,1.0,0.9813664596273292
4,clab-nebula-serf104,5,1,0,0,0,1,0,0,0
4,clab-nebula-serf104,10,3,0,0,0,3,0,0.0,0.0
4,clab-nebula-serf104,15,8,8,6,2,2,0.75,0.75,0.6
4,clab-nebula-serf104,20,25,8,6,2,19,0.75,0.24,0.2222222222222222
4,clab-nebula-serf104,25,54,67,25,42,29,0.373134328358209,0.46296296296296297,0.2604166666666667
4,clab-nebula-serf104,30,87,25,9,16,78,0.36,0.10344827586206896,0.08737864077669903
4,clab-nebula-serf104,35,130,38,23,15,107,0.6052631578947368,0.17692307692307693,0.15862068965517243
4,clab-nebula-serf104,40,145,31,27,4,118,0.8709677419354839,0.18620689655172415,0.18120805369127516
4,clab-nebula-serf104,45,153,33,32,1,121,0.9696969696969697,0.20915032679738563,0.2077922077922078
4,clab-nebula-serf104,50,155,161,155,6,0,0.9627329192546584,1.0,0.9627329192546584
4,clab-nebula-serf104,55,159,161,159,2,0,0.9875776397515528,1.0,0.9875776397515528
4,clab-nebula-serf104,60,161,161,161,0,0,1.0,1.0,1.0
4,clab-nebula-serf133,5,0,0,0,0,0,0,0,0
4,clab-nebula-serf133,10,0,0,0,0,0,0,0,0
4,clab-nebula-serf133,15,1,0,0,0,1,0,0.0,0.0
4,clab-nebula-serf133,20,14,1,1,0,13,1.0,0.07142857142857142,0.07142857142857142
4,clab-nebula-serf133,25,16,2,2,0,14,1.0,0.125,0.125
4,clab-nebula-serf133,30,26,33,6,27,20,0.18181818181818182,0.23076923076923078,0.11320754716981132
4,clab-nebula-serf133,35,44,51,12,39,32,0.23529411764705882,0.2727272727272727,0.14457831325301204
4,clab-nebula-serf133,40,59,21,5,16,54,0.23809523809523808,0.0847457627118644,0.06666666666666667
4,clab-nebula-serf133,45,92,31,10,21,82,0.3225806451612903,0.10869565217391304,0.08849557522123894
4,clab-nebula-serf133,50,117,34,19,15,98,0.5588235294117647,0.1623931623931624,0.14393939393939395
4,clab-nebula-serf133,55,137,34,25,9,112,0.7352941176470589,0.18248175182481752,0.17123287671232876
4,clab-nebula-serf133,60,149,28,22,6,127,0.7857142857142857,0.1476510067114094,0.14193548387096774
4,clab-nebula-serf64,5,0,0,0,0,0,0,0,0
4,clab-nebula-serf64,10,0,0,0,0,0,0,0,0
4,clab-nebula-serf64,15,0,0,0,0,0,0,0,0
4,clab-nebula-serf64,20,7,1,1,0,6,1.0,0.14285714285714285,0.14285714285714285
4,clab-nebula-serf64,25,46,34,25,9,21,0.7352941176470589,0.5434782608695652,0.45454545454545453
4,clab-nebula-serf64,30,69,52,34,18,35,0.6538461538461539,0.4927536231884058,0.39080459770114945
4,clab-nebula-serf64,35,100,17,13,4,87,0.7647058823529411,0.13,0.125
4,clab-nebula-serf64,40,116,50,32,18,84,0.64,0.27586206896551724,0.23880597014925373
4,clab-nebula-serf64,45,123,42,37,5,86,0.8809523809523809,0.3008130081300813,0.2890625
4,clab-nebula-serf64,50,128,32,26,6,102,0.8125,0.203125,0.19402985074626866
4,clab-nebula-serf64,55,154,30,29,1,125,0.9666666666666667,0.18831168831168832,0.1870967741935484
4,clab-nebula-serf64,60,154,161,154,7,0,0.9565217391304348,1.0,0.9565217391304348
4,clab-nebula-serf73,5,4,0,0,0,4,0,0,0
4,clab-nebula-serf73,10,25,18,18,0,7,1.0,0.72,0.72
4,clab-nebula-serf73,15,39,34,27,7,12,0.7941176470588235,0.6923076923076923,0.5869565217391305
4,clab-nebula-serf73,20,69,13,10,3,59,0.7692307692307693,0.14492753623188406,0.1388888888888889
4,clab-nebula-serf73,25,89,21,13,8,76,0.6190476190476191,0.14606741573033707,0.13402061855670103
4,clab-nebula-serf73,30,113,46,29,17,84,0.6304347826086957,0.25663716814159293,0.2230769230769231
4,clab-nebula-serf73,35,121,22,17,5,104,0.7727272727272727,0.14049586776859505,0.1349206349206349
4,clab-nebula-serf73,40,130,29,22,7,108,0.7586206896551724,0.16923076923076924,0.16058394160583941
4,clab-nebula-serf73,45,151,28,23,5,128,0.8214285714285714,0.152317880794702,0.14743589743589744
4,clab-nebula-serf73,50,154,29,26,3,128,0.896551724137931,0.16883116883116883,0.16560509554140126
4,clab-nebula-serf73,55,158,161,158,3,0,0.9813664596273292,1.0,0.9813664596273292
4,clab-nebula-serf73,60,161,161,161,0,0,1.0,1.0,1.0
4,clab-nebula-serf118,5,2,1,1,0,1,1.0,0.5,0.5
4,clab-nebula-serf118,10,2,1,1,0,1,1.0,0.5,0.5
4,clab-nebula-serf118,15,2,0,0,0,2,0,0.0,0.0
4,clab-nebula-serf118,20,2,0,0,0,2,0,0.0,0.0
4,clab-nebula-serf118,25,2,1,0,1,2,0.0,0.0,0.0
4,clab-nebula-serf118,30,3,2,1,1,2,0.5,0.3333333333333333,0.25
4,clab-nebula-serf118,35,3,4,0,4,3,0.0,0.0,0.0
4,clab-nebula-serf118,40,3,11,0,11,3,0.0,0.0,0.0
4,clab-nebula-serf118,45,5,22,0,22,5,0.0,0.0,0.0
4,clab-nebula-serf118,50,15,74,2,72,13,0.02702702702702703,0.13333333333333333,0.022988505747126436
4,clab-nebula-serf118,55,25,30,7,23,18,0.23333333333333334,0.28,0.14583333333333334
4,clab-nebula-serf118,60,48,31,4,27,44,0.12903225806451613,0.08333333333333333,0.05333333333333334
4,clab-nebula-serf5,5,0,1,0,1,0,0.0,0,0.0
4,clab-nebula-serf5,10,3,0,0,0,3,0,0.0,0.0
4,clab-nebula-serf5,15,7,6,3,3,4,0.5,0.42857142857142855,0.3
4,clab-nebula-serf5,20,14,19,7,12,7,0.3684210526315789,0.5,0.2692307692307692
4,clab-nebula-serf5,25,19,56,9,47,10,0.16071428571428573,0.47368421052631576,0.13636363636363635
4,clab-nebula-serf5,30,46,18,6,12,40,0.3333333333333333,0.13043478260869565,0.10344827586206896
4,clab-nebula-serf5,35,80,18,14,4,66,0.7777777777777778,0.175,0.16666666666666666
4,clab-nebula-serf5,40,92,19,16,3,76,0.8421052631578947,0.17391304347826086,0.16842105263157894
4,clab-nebula-serf5,45,108,45,21,24,87,0.4666666666666667,0.19444444444444445,0.1590909090909091
4,clab-nebula-serf5,50,118,29,19,10,99,0.6551724137931034,0.16101694915254236,0.1484375
4,clab-nebula-serf5,55,121,28,20,8,101,0.7142857142857143,0.1652892561983471,0.15503875968992248
4,clab-nebula-serf5,60,143,29,22,7,121,0.7586206896551724,0.15384615384615385,0.14666666666666667
4,clab-nebula-serf87,5,3,3,3,0,0,1.0,1.0,1.0
4,clab-nebula-serf87,10,3,0,0,0,3,0,0.0,0.0
4,clab-nebula-serf87,15,11,11,10,1,1,0.9090909090909091,0.9090909090909091,0.8333333333333334
4,clab-nebula-serf87,20,24,41,23,18,1,0.5609756097560976,0.9583333333333334,0.5476190476190477
4,clab-nebula-serf87,25,49,42,26,16,23,0.6190476190476191,0.5306122448979592,0.4
4,clab-nebula-serf87,30,80,14,9,5,71,0.6428571428571429,0.1125,0.10588235294117647
4,clab-nebula-serf87,35,108,46,22,24,86,0.4782608695652174,0.2037037037037037,0.16666666666666666
4,clab-nebula-serf87,40,120,26,20,6,100,0.7692307692307693,0.16666666666666666,0.15873015873015872
4,clab-nebula-serf87,45,132,29,21,8,111,0.7241379310344828,0.1590909090909091,0.15
4,clab-nebula-serf87,50,145,28,25,3,120,0.8928571428571429,0.1724137931034483,0.16891891891891891
4,clab-nebula-serf87,55,155,29,27,2,128,0.9310344827586207,0.17419354838709677,0.17197452229299362
4,clab-nebula-serf87,60,158,161,158,3,0,0.9813664596273292,1.0,0.9813664596273292
4,clab-nebula-serf88,5,3,3,3,0,0,1.0,1.0,1.0
4,clab-nebula-serf88,10,3,0,0,0,3,0,0.0,0.0
4,clab-nebula-serf88,15,8,11,8,3,0,0.7272727272727273,1.0,0.7272727272727273
4,clab-nebula-serf88,20,19,41,18,23,1,0.43902439024390244,0.9473684210526315,0.42857142857142855
4,clab-nebula-serf88,25,42,42,22,20,20,0.5238095238095238,0.5238095238095238,0.3548387096774194
4,clab-nebula-serf88,30,72,19,11,8,61,0.5789473684210527,0.1527777777777778,0.1375
4,clab-nebula-serf88,35,100,46,18,28,82,0.391304347826087,0.18,0.140625
4,clab-nebula-serf88,40,120,26,20,6,100,0.7692307692307693,0.16666666666666666,0.15873015873015872
4,clab-nebula-serf88,45,127,29,21,8,106,0.7241379310344828,0.16535433070866143,0.15555555555555556
4,clab-nebula-serf88,50,136,28,22,6,114,0.7857142857142857,0.16176470588235295,0.15492957746478872
4,clab-nebula-serf88,55,154,29,27,2,127,0.9310344827586207,0.17532467532467533,0.17307692307692307
4,clab-nebula-serf88,60,158,161,158,3,0,0.9813664596273292,1.0,0.9813664596273292
4,clab-nebula-serf153,5,0,0,0,0,0,0,0,0
4,clab-nebula-serf153,10,0,0,0,0,0,0,0,0
4,clab-nebula-serf153,15,1,0,0,0,1,0,0.0,0.0
4,clab-nebula-serf153,20,9,4,3,1,6,0.75,0.3333333333333333,0.3
4,clab-nebula-serf153,25,12,18,2,16,10,0.1111111111111111,0.16666666666666666,0.07142857142857142
4,clab-nebula-serf153,30,24,12,7,5,17,0.5833333333333334,0.2916666666666667,0.2413793103448276
4,clab-nebula-serf153,35,42,21,10,11,32,0.47619047619047616,0.23809523809523808,0.18867924528301888
4,clab-nebula-serf153,40,55,23,13,10,42,0.5652173913043478,0.23636363636363636,0.2
4,clab-nebula-serf153,45,81,70,31,39,50,0.44285714285714284,0.38271604938271603,0.25833333333333336
4,clab-nebula-serf153,50,114,33,20,13,94,0.6060606060606061,0.17543859649122806,0.15748031496062992
4,clab-nebula-serf153,55,137,32,25,7,112,0.78125,0.18248175182481752,0.1736111111111111
4,clab-nebula-serf153,60,148,35,30,5,118,0.8571428571428571,0.20270270270270271,0.19607843137254902
4,clab-nebula-serf53,5,0,0,0,0,0,0,0,0
4,clab-nebula-serf53,10,8,6,5,1,3,0.8333333333333334,0.625,0.5555555555555556
4,clab-nebula-serf53,15,25,47,24,23,1,0.5106382978723404,0.96,0.5
4,clab-nebula-serf53,20,64,25,12,13,52,0.48,0.1875,0.15584415584415584
4,clab-nebula-serf53,25,81,26,20,6,61,0.7692307692307693,0.24691358024691357,0.22988505747126436
4,clab-nebula-serf53,30,97,22,19,3,78,0.8636363636363636,0.1958762886597938,0.19
4,clab-nebula-serf53,35,118,47,29,18,89,0.6170212765957447,0.2457627118644068,0.21323529411764705
4,clab-nebula-serf53,40,121,22,16,6,105,0.7272727272727273,0.1322314049586777,0.12598425196850394
4,clab-nebula-serf53,45,125,29,22,7,103,0.7586206896551724,0.176,0.16666666666666666
4,clab-nebula-serf53,50,151,28,23,5,128,0.8214285714285714,0.152317880794702,0.14743589743589744
4,clab-nebula-serf53,55,154,29,26,3,128,0.896551724137931,0.16883116883116883,0.16560509554140126
4,clab-nebula-serf53,60,157,161,157,4,0,0.9751552795031055,1.0,0.9751552795031055
4,clab-nebula-serf69,5,0,0,0,0,0,0,0,0
4,clab-nebula-serf69,10,14,6,6,0,8,1.0,0.42857142857142855,0.42857142857142855
4,clab-nebula-serf69,15,31,17,13,4,18,0.7647058823529411,0.41935483870967744,0.37142857142857144
4,clab-nebula-serf69,20,54,7,4,3,50,0.5714285714285714,0.07407407407407407,0.07017543859649122
4,clab-nebula-serf69,25,84,18,10,8,74,0.5555555555555556,0.11904761904761904,0.10869565217391304
4,clab-nebula-serf69,30,107,46,25,21,82,0.5434782608695652,0.2336448598130841,0.1953125
4,clab-nebula-serf69,35,119,22,16,6,103,0.7272727272727273,0.13445378151260504,0.128
4,clab-nebula-serf69,40,125,25,18,7,107,0.72,0.144,0.13636363636363635
4,clab-nebula-serf69,45,147,28,23,5,124,0.8214285714285714,0.1564625850340136,0.1513157894736842
4,clab-nebula-serf69,50,154,29,26,3,128,0.896551724137931,0.16883116883116883,0.16560509554140126
4,clab-nebula-serf69,55,158,161,158,3,0,0.9813664596273292,1.0,0.9813664596273292
4,clab-nebula-serf69,60,161,161,161,0,0,1.0,1.0,1.0
4,clab-nebula-serf60,5,4,0,0,0,4,0,0,0
4,clab-nebula-serf60,10,10,0,0,0,10,0,0.0,0.0
4,clab-nebula-serf60,15,42,40,31,9,11,0.775,0.7380952380952381,0.6078431372549019
4,clab-nebula-serf60,20,70,25,15,10,55,0.6,0.21428571428571427,0.1875
4,clab-nebula-serf60,25,87,20,17,3,70,0.85,0.19540229885057472,0.18888888888888888
4,clab-nebula-serf60,30,111,18,17,1,94,0.9444444444444444,0.15315315315315314,0.15178571428571427
4,clab-nebula-serf60,35,120,47,30,17,90,0.6382978723404256,0.25,0.21897810218978103
4,clab-nebula-serf60,40,124,22,18,4,106,0.8181818181818182,0.14516129032258066,0.140625
4,clab-nebula-serf60,45,143,29,23,6,120,0.7931034482758621,0.16083916083916083,0.15436241610738255
4,clab-nebula-serf60,50,154,28,26,2,128,0.9285714285714286,0.16883116883116883,0.16666666666666666
4,clab-nebula-serf60,55,154,161,154,7,0,0.9565217391304348,1.0,0.9565217391304348
4,clab-nebula-serf60,60,158,161,158,3,0,0.9813664596273292,1.0,0.9813664596273292
4,clab-nebula-serf145,5,0,0,0,0,0,0,0,0
4,clab-nebula-serf145,10,0,0,0,0,0,0,0,0
4,clab-nebula-serf145,15,1,0,0,0,1,0,0.0,0.0
4,clab-nebula-serf145,20,5,0,0,0,5,0,0.0,0.0
4,clab-nebula-serf145,25,7,14,7,7,0,0.5,1.0,0.5
4,clab-nebula-serf145,30,15,11,7,4,8,0.6363636363636364,0.4666666666666667,0.3684210526315789
4,clab-nebula-serf145,35,37,15,11,4,26,0.7333333333333333,0.2972972972972973,0.2682926829268293
4,clab-nebula-serf145,40,56,69,13,56,43,0.18840579710144928,0.23214285714285715,0.11607142857142858
4,clab-nebula-serf145,45,66,23,6,17,60,0.2608695652173913,0.09090909090909091,0.07228915662650602
4,clab-nebula-serf145,50,104,39,21,18,83,0.5384615384615384,0.20192307692307693,0.1721311475409836
4,clab-nebula-serf145,55,130,38,22,16,108,0.5789473684210527,0.16923076923076924,0.1506849315068493
4,clab-nebula-serf145,60,145,33,27,6,118,0.8181818181818182,0.18620689655172415,0.17880794701986755
4,clab-nebula-serf6,5,1,0,0,0,1,0,0,0
4,clab-nebula-serf6,10,7,2,2,0,5,1.0,0.2857142857142857,0.2857142857142857
4,clab-nebula-serf6,15,18,15,10,5,8,0.6666666666666666,0.5555555555555556,0.43478260869565216
4,clab-nebula-serf6,20,32,52,21,31,11,0.40384615384615385,0.65625,0.3333333333333333
4,clab-nebula-serf6,25,68,18,8,10,60,0.4444444444444444,0.11764705882352941,0.10256410256410256
4,clab-nebula-serf6,30,86,20,17,3,69,0.85,0.19767441860465115,0.19101123595505617
4,clab-nebula-serf6,35,98,19,17,2,81,0.8947368421052632,0.17346938775510204,0.17
4,clab-nebula-serf6,40,117,42,22,20,95,0.5238095238095238,0.18803418803418803,0.16058394160583941
4,clab-nebula-serf6,45,120,26,20,6,100,0.7692307692307693,0.16666666666666666,0.15873015873015872
4,clab-nebula-serf6,50,124,29,22,7,102,0.7586206896551724,0.1774193548387097,0.16793893129770993
4,clab-nebula-serf6,55,151,28,23,5,128,0.8214285714285714,0.152317880794702,0.14743589743589744
4,clab-nebula-serf6,60,155,29,27,2,128,0.9310344827586207,0.17419354838709677,0.17197452229299362
4,clab-nebula-serf11,5,2,0,0,0,2,0,0,0
4,clab-nebula-serf11,10,14,5,5,0,9,1.0,0.35714285714285715,0.35714285714285715
4,clab-nebula-serf11,15,26,15,14,1,12,0.9333333333333333,0.5384615384615384,0.5185185185185185
4,clab-nebula-serf11,20,57,55,40,15,17,0.7272727272727273,0.7017543859649122,0.5555555555555556
4,clab-nebula-serf11,25,82,22,15,7,67,0.6818181818181818,0.18292682926829268,0.16853932584269662
4,clab-nebula-serf11,30,93,22,19,3,74,0.8636363636363636,0.20430107526881722,0.19791666666666666
4,clab-nebula-serf11,35,112,46,28,18,84,0.6086956521739131,0.25,0.2153846153846154
4,clab-nebula-serf11,40,120,19,13,6,107,0.6842105263157895,0.10833333333333334,0.10317460317460317
4,clab-nebula-serf11,45,124,29,22,7,102,0.7586206896551724,0.1774193548387097,0.16793893129770993
4,clab-nebula-serf11,50,142,28,22,6,120,0.7857142857142857,0.15492957746478872,0.14864864864864866
4,clab-nebula-serf11,55,154,29,26,3,128,0.896551724137931,0.16883116883116883,0.16560509554140126
4,clab-nebula-serf11,60,157,161,157,4,0,0.9751552795031055,1.0,0.9751552795031055
4,clab-nebula-serf98,5,1,1,0,1,1,0.0,0.0,0.0
4,clab-nebula-serf98,10,7,0,0,0,7,0,0.0,0.0
4,clab-nebula-serf98,15,7,1,0,1,7,0.0,0.0,0.0
4,clab-nebula-serf98,20,8,20,0,20,8,0.0,0.0,0.0
4,clab-nebula-serf98,25,14,53,4,49,10,0.07547169811320754,0.2857142857142857,0.06349206349206349
4,clab-nebula-serf98,30,29,38,7,31,22,0.18421052631578946,0.2413793103448276,0.11666666666666667
4,clab-nebula-serf98,35,71,31,12,19,59,0.3870967741935484,0.16901408450704225,0.13333333333333333
4,clab-nebula-serf98,40,121,33,17,16,104,0.5151515151515151,0.14049586776859505,0.12408759124087591
4,clab-nebula-serf98,45,144,161,144,17,0,0.8944099378881988,1.0,0.8944099378881988
4,clab-nebula-serf98,50,156,161,156,5,0,0.968944099378882,1.0,0.968944099378882
4,clab-nebula-serf98,55,160,161,160,1,0,0.9937888198757764,1.0,0.9937888198757764
4,clab-nebula-serf98,60,161,161,161,0,0,1.0,1.0,1.0
4,clab-nebula-serf138,5,0,0,0,0,0,0,0,0
4,clab-nebula-serf138,10,0,0,0,0,0,0,0,0
4,clab-nebula-serf138,15,1,0,0,0,1,0,0.0,0.0
4,clab-nebula-serf138,20,14,1,1,0,13,1.0,0.07142857142857142,0.07142857142857142
4,clab-nebula-serf138,25,14,2,2,0,12,1.0,0.14285714285714285,0.14285714285714285
4,clab-nebula-serf138,30,26,14,6,8,20,0.42857142857142855,0.23076923076923078,0.17647058823529413
4,clab-nebula-serf138,35,43,20,12,8,31,0.6,0.27906976744186046,0.23529411764705882
4,clab-nebula-serf138,40,55,60,5,55,50,0.08333333333333333,0.09090909090909091,0.045454545454545456
4,clab-nebula-serf138,45,90,31,9,22,81,0.2903225806451613,0.1,0.08035714285714286
4,clab-nebula-serf138,50,115,34,19,15,96,0.5588235294117647,0.16521739130434782,0.14615384615384616
4,clab-nebula-serf138,55,137,34,25,9,112,0.7352941176470589,0.18248175182481752,0.17123287671232876
4,clab-nebula-serf138,60,147,28,22,6,125,0.7857142857142857,0.14965986394557823,0.1437908496732026
4,clab-nebula-serf150,5,0,0,0,0,0,0,0,0
4,clab-nebula-serf150,10,0,0,0,0,0,0,0,0
4,clab-nebula-serf150,15,1,8,1,7,0,0.125,1.0,0.125
4,clab-nebula-serf150,20,9,4,2,2,7,0.5,0.2222222222222222,0.18181818181818182
4,clab-nebula-serf150,25,17,33,2,31,15,0.06060606060606061,0.11764705882352941,0.041666666666666664
4,clab-nebula-serf150,30,23,21,16,5,7,0.7619047619047619,0.6956521739130435,0.5714285714285714
4,clab-nebula-serf150,35,42,30,19,11,23,0.6333333333333333,0.4523809523809524,0.3584905660377358
4,clab-nebula-serf150,40,54,70,14,56,40,0.2,0.25925925925925924,0.12727272727272726
4,clab-nebula-serf150,45,79,33,16,17,63,0.48484848484848486,0.20253164556962025,0.16666666666666666
4,clab-nebula-serf150,50,117,40,21,19,96,0.525,0.1794871794871795,0.15441176470588236
4,clab-nebula-serf150,55,141,34,27,7,114,0.7941176470588235,0.19148936170212766,0.18243243243243243
4,clab-nebula-serf150,60,152,31,30,1,122,0.967741935483871,0.19736842105263158,0.19607843137254902
4,clab-nebula-serf18,5,0,0,0,0,0,0,0,0
4,clab-nebula-serf18,10,5,5,3,2,2,0.6,0.6,0.42857142857142855
4,clab-nebula-serf18,15,20,28,13,15,7,0.4642857142857143,0.65,0.37142857142857144
4,clab-nebula-serf18,20,47,46,30,16,17,0.6521739130434783,0.6382978723404256,0.47619047619047616
4,clab-nebula-serf18,25,75,22,15,7,60,0.6818181818181818,0.2,0.18292682926829268
4,clab-nebula-serf18,30,90,22,19,3,71,0.8636363636363636,0.2111111111111111,0.20430107526881722
4,clab-nebula-serf18,35,103,46,20,26,83,0.43478260869565216,0.1941747572815534,0.15503875968992248
4,clab-nebula-serf18,40,120,25,19,6,101,0.76,0.15833333333333333,0.15079365079365079
4,clab-nebula-serf18,45,123,29,21,8,102,0.7241379310344828,0.17073170731707318,0.16030534351145037
4,clab-nebula-serf18,50,140,28,22,6,118,0.7857142857142857,0.15714285714285714,0.1506849315068493
4,clab-nebula-serf18,55,151,29,23,6,128,0.7931034482758621,0.152317880794702,0.1464968152866242
4,clab-nebula-serf18,60,157,161,157,4,0,0.9751552795031055,1.0,0.9751552795031055
4,clab-nebula-serf30,5,1,0,0,0,1,0,0,0
4,clab-nebula-serf30,10,13,8,6,2,7,0.75,0.46153846153846156,0.4
4,clab-nebula-serf30,15,28,19,13,6,15,0.6842105263157895,0.4642857142857143,0.38235294117647056
4,clab-nebula-serf30,20,45,57,24,33,21,0.42105263157894735,0.5333333333333333,0.3076923076923077
4,clab-nebula-serf30,25,81,24,20,4,61,0.8333333333333334,0.24691358024691357,0.23529411764705882
4,clab-nebula-serf30,30,93,20,20,0,73,1.0,0.21505376344086022,0.21505376344086022
4,clab-nebula-serf30,35,102,28,27,1,75,0.9642857142857143,0.2647058823529412,0.2621359223300971
4,clab-nebula-serf30,40,119,35,29,6,90,0.8285714285714286,0.24369747899159663,0.232
4,clab-nebula-serf30,45,124,29,22,7,102,0.7586206896551724,0.1774193548387097,0.16793893129770993
4,clab-nebula-serf30,50,128,28,22,6,106,0.7857142857142857,0.171875,0.16417910447761194
4,clab-nebula-serf30,55,154,29,26,3,128,0.896551724137931,0.16883116883116883,0.16560509554140126
4,clab-nebula-serf30,60,154,161,154,7,0,0.9565217391304348,1.0,0.9565217391304348
4,clab-nebula-serf44,5,3,0,0,0,3,0,0,0
4,clab-nebula-serf44,10,10,4,4,0,6,1.0,0.4,0.4
4,clab-nebula-serf44,15,23,16,10,6,13,0.625,0.43478260869565216,0.3448275862068966
4,clab-nebula-serf44,20,47,45,26,19,21,0.5777777777777777,0.5531914893617021,0.3939393939393939
4,clab-nebula-serf44,25,81,22,18,4,63,0.8181818181818182,0.2222222222222222,0.21176470588235294
4,clab-nebula-serf44,30,99,25,22,3,77,0.88,0.2222222222222222,0.21568627450980393
4,clab-nebula-serf44,35,120,59,42,17,78,0.711864406779661,0.35,0.30656934306569344
4,clab-nebula-serf44,40,124,37,30,7,94,0.8108108108108109,0.24193548387096775,0.22900763358778625
4,clab-nebula-serf44,45,127,29,24,5,103,0.8275862068965517,0.1889763779527559,0.18181818181818182
4,clab-nebula-serf44,50,154,28,25,3,129,0.8928571428571429,0.16233766233766234,0.1592356687898089
4,clab-nebula-serf44,55,154,161,154,7,0,0.9565217391304348,1.0,0.9565217391304348
4,clab-nebula-serf44,60,156,161,156,5,0,0.968944099378882,1.0,0.968944099378882
4,clab-nebula-serf131,5,0,0,0,0,0,0,0,0
4,clab-nebula-serf131,10,0,0,0,0,0,0,0,0
4,clab-nebula-serf131,15,3,10,2,8,1,0.2,0.6666666666666666,0.18181818181818182
4,clab-nebula-serf131,20,14,1,1,0,13,1.0,0.07142857142857142,0.07142857142857142
4,clab-nebula-serf131,25,18,13,3,10,15,0.23076923076923078,0.16666666666666666,0.10714285714285714
4,clab-nebula-serf131,30,29,19,7,12,22,0.3684210526315789,0.2413793103448276,0.17073170731707318
4,clab-nebula-serf131,35,45,67,4,63,41,0.05970149253731343,0.08888888888888889,0.037037037037037035
4,clab-nebula-serf131,40,69,22,6,16,63,0.2727272727272727,0.08695652173913043,0.07058823529411765
4,clab-nebula-serf131,45,95,31,11,20,84,0.3548387096774194,0.11578947368421053,0.09565217391304348
4,clab-nebula-serf131,50,122,34,20,14,102,0.5882352941176471,0.16393442622950818,0.14705882352941177
4,clab-nebula-serf131,55,137,34,25,9,112,0.7352941176470589,0.18248175182481752,0.17123287671232876
4,clab-nebula-serf131,60,149,25,19,6,130,0.76,0.12751677852348994,0.12258064516129032
4,clab-nebula-serf35,5,0,0,0,0,0,0,0,0
4,clab-nebula-serf35,10,1,0,0,0,1,0,0,0
4,clab-nebula-serf35,15,7,0,0,0,7,0,0.0,0.0
4,clab-nebula-serf35,20,26,17,11,6,15,0.6470588235294118,0.4230769230769231,0.34375
4,clab-nebula-serf35,25,63,51,42,9,21,0.8235294117647058,0.6666666666666666,0.5833333333333334
4,clab-nebula-serf35,30,85,25,24,1,61,0.96,0.2823529411764706,0.27906976744186046
4,clab-nebula-serf35,35,95,24,24,0,71,1.0,0.25263157894736843,0.25263157894736843
4,clab-nebula-serf35,40,111,22,21,1,90,0.9545454545454546,0.1891891891891892,0.1875
4,clab-nebula-serf35,45,121,35,29,6,92,0.8285714285714286,0.2396694214876033,0.2283464566929134
4,clab-nebula-serf35,50,124,32,25,7,99,0.78125,0.20161290322580644,0.19083969465648856
4,clab-nebula-serf35,55,145,28,23,5,122,0.8214285714285714,0.15862068965517243,0.15333333333333332
4,clab-nebula-serf35,60,154,29,26,3,128,0.896551724137931,0.16883116883116883,0.16560509554140126
4,clab-nebula-serf40,5,0,0,0,0,0,0,0,0
4,clab-nebula-serf40,10,1,0,0,0,1,0,0,0
4,clab-nebula-serf40,15,11,0,0,0,11,0,0.0,0.0
4,clab-nebula-serf40,20,35,17,14,3,21,0.8235294117647058,0.4,0.3684210526315789
4,clab-nebula-serf40,25,71,50,47,3,24,0.94,0.6619718309859155,0.6351351351351351
4,clab-nebula-serf40,30,87,25,24,1,63,0.96,0.27586206896551724,0.2727272727272727
4,clab-nebula-serf40,35,98,20,17,3,81,0.85,0.17346938775510204,0.16831683168316833
4,clab-nebula-serf40,40,118,53,34,19,84,0.6415094339622641,0.288135593220339,0.24817518248175183
4,clab-nebula-serf40,45,122,28,23,5,99,0.8214285714285714,0.1885245901639344,0.18110236220472442
4,clab-nebula-serf40,50,126,32,25,7,101,0.78125,0.1984126984126984,0.18796992481203006
4,clab-nebula-serf40,55,153,28,25,3,128,0.8928571428571429,0.16339869281045752,0.16025641025641027
4,clab-nebula-serf40,60,154,29,26,3,128,0.896551724137931,0.16883116883116883,0.16560509554140126
4,clab-nebula-serf144,5,0,0,0,0,0,0,0,0
4,clab-nebula-serf144,10,0,3,0,3,0,0.0,0,0.0
4,clab-nebula-serf144,15,7,1,1,0,6,1.0,0.14285714285714285,0.14285714285714285
4,clab-nebula-serf144,20,12,8,7,1,5,0.875,0.5833333333333334,0.5384615384615384
4,clab-nebula-serf144,25,23,17,9,8,14,0.5294117647058824,0.391304347826087,0.2903225806451613
4,clab-nebula-serf144,30,55,69,12,57,43,0.17391304347826086,0.21818181818181817,0.10714285714285714
4,clab-nebula-serf144,35,60,18,4,14,56,0.2222222222222222,0.06666666666666667,0.05405405405405406
4,clab-nebula-serf144,40,95,39,18,21,77,0.46153846153846156,0.18947368421052632,0.15517241379310345
4,clab-nebula-serf144,45,126,37,22,15,104,0.5945945945945946,0.1746031746031746,0.15602836879432624
4,clab-nebula-serf144,50,141,33,28,5,113,0.8484848484848485,0.19858156028368795,0.1917808219178082
4,clab-nebula-serf144,55,151,33,31,2,120,0.9393939393939394,0.2052980132450331,0.20261437908496732
4,clab-nebula-serf144,60,155,32,31,1,124,0.96875,0.2,0.1987179487179487
4,clab-nebula-serf152,5,0,0,0,0,0,0,0,0
4,clab-nebula-serf152,10,1,0,0,0,1,0,0.0,0.0
4,clab-nebula-serf152,15,11,4,3,1,8,0.75,0.2727272727272727,0.25
4,clab-nebula-serf152,20,14,33,2,31,12,0.06060606060606061,0.14285714285714285,0.044444444444444446
4,clab-nebula-serf152,25,24,11,6,5,18,0.5454545454545454,0.25,0.20689655172413793
4,clab-nebula-serf152,30,47,21,13,8,34,0.6190476190476191,0.2765957446808511,0.23636363636363636
4,clab-nebula-serf152,35,60,68,13,55,47,0.19117647058823528,0.21666666666666667,0.11304347826086956
4,clab-nebula-serf152,40,89,32,17,15,72,0.53125,0.19101123595505617,0.16346153846153846
4,clab-nebula-serf152,45,122,41,22,19,100,0.5365853658536586,0.18032786885245902,0.15602836879432624
4,clab-nebula-serf152,50,143,34,28,6,115,0.8235294117647058,0.1958041958041958,0.18791946308724833
4,clab-nebula-serf152,55,152,32,31,1,121,0.96875,0.20394736842105263,0.20261437908496732
4,clab-nebula-serf152,60,156,161,156,5,0,0.968944099378882,1.0,0.968944099378882
4,clab-nebula-serf162,5,0,0,0,0,0,0,0,0
4,clab-nebula-serf162,10,0,0,0,0,0,0,0,0
4,clab-nebula-serf162,15,5,5,5,0,0,1.0,1.0,1.0
4,clab-nebula-serf162,20,5,0,0,0,5,0,0.0,0.0
4,clab-nebula-serf162,25,5,0,0,0,5,0,0.0,0.0
4,clab-nebula-serf162,30,9,10,4,6,5,0.4,0.4444444444444444,0.26666666666666666
4,clab-nebula-serf162,35,20,4,2,2,18,0.5,0.1,0.09090909090909091
4,clab-nebula-serf162,40,35,50,0,50,35,0.0,0.0,0.0
4,clab-nebula-serf162,45,40,45,13,32,27,0.28888888888888886,0.325,0.18055555555555555
4,clab-nebula-serf162,50,54,39,14,25,40,0.358974358974359,0.25925925925925924,0.17721518987341772
4,clab-nebula-serf162,55,74,33,16,17,58,0.48484848484848486,0.21621621621621623,0.17582417582417584
4,clab-nebula-serf162,60,113,35,18,17,95,0.5142857142857142,0.1592920353982301,0.13846153846153847
4,clab-nebula-serf41,5,0,0,0,0,0,0,0,0
4,clab-nebula-serf41,10,0,0,0,0,0,0,0,0
4,clab-nebula-serf41,15,1,0,0,0,1,0,0,0
4,clab-nebula-serf41,20,14,0,0,0,14,0,0.0,0.0
4,clab-nebula-serf41,25,40,17,15,2,25,0.8823529411764706,0.375,0.35714285714285715
4,clab-nebula-serf41,30,74,55,51,4,23,0.9272727272727272,0.6891891891891891,0.6538461538461539
4,clab-nebula-serf41,35,89,25,24,1,65,0.96,0.2696629213483146,0.26666666666666666
4,clab-nebula-serf41,40,99,22,21,1,78,0.9545454545454546,0.21212121212121213,0.21
4,clab-nebula-serf41,45,118,47,28,19,90,0.5957446808510638,0.23728813559322035,0.20437956204379562
4,clab-nebula-serf41,50,121,29,23,6,98,0.7931034482758621,0.19008264462809918,0.18110236220472442
4,clab-nebula-serf41,55,126,32,25,7,101,0.78125,0.1984126984126984,0.18796992481203006
4,clab-nebula-serf41,60,153,28,25,3,128,0.8928571428571429,0.16339869281045752,0.16025641025641027
4,clab-nebula-serf72,5,1,0,0,0,1,0,0,0
4,clab-nebula-serf72,10,16,0,0,0,16,0,0.0,0.0
4,clab-nebula-serf72,15,31,36,29,7,2,0.8055555555555556,0.9354838709677419,0.7631578947368421
4,clab-nebula-serf72,20,54,33,27,6,27,0.8181818181818182,0.5,0.45
4,clab-nebula-serf72,25,84,18,10,8,74,0.5555555555555556,0.11904761904761904,0.10869565217391304
4,clab-nebula-serf72,30,110,45,28,17,82,0.6222222222222222,0.2545454545454545,0.2204724409448819
4,clab-nebula-serf72,35,121,22,17,5,104,0.7727272727272727,0.14049586776859505,0.1349206349206349
4,clab-nebula-serf72,40,125,25,18,7,107,0.72,0.144,0.13636363636363635
4,clab-nebula-serf72,45,150,28,23,5,127,0.8214285714285714,0.15333333333333332,0.14838709677419354
4,clab-nebula-serf72,50,154,29,26,3,128,0.896551724137931,0.16883116883116883,0.16560509554140126
4,clab-nebula-serf72,55,158,161,158,3,0,0.9813664596273292,1.0,0.9813664596273292
4,clab-nebula-serf72,60,161,161,161,0,0,1.0,1.0,1.0
4,clab-nebula-serf141,5,0,0,0,0,0,0,0,0
4,clab-nebula-serf141,10,0,0,0,0,0,0,0,0
4,clab-nebula-serf141,15,0,0,0,0,0,0,0,0
4,clab-nebula-serf141,20,14,1,1,0,13,1.0,0.07142857142857142,0.07142857142857142
4,clab-nebula-serf141,25,14,2,2,0,12,1.0,0.14285714285714285,0.14285714285714285
4,clab-nebula-serf141,30,26,14,6,8,20,0.42857142857142855,0.23076923076923078,0.17647058823529413
4,clab-nebula-serf141,35,43,60,12,48,31,0.2,0.27906976744186046,0.13186813186813187
4,clab-nebula-serf141,40,59,21,5,16,54,0.23809523809523808,0.0847457627118644,0.06666666666666667
4,clab-nebula-serf141,45,90,31,9,22,81,0.2903225806451613,0.1,0.08035714285714286
4,clab-nebula-serf141,50,116,34,19,15,97,0.5588235294117647,0.16379310344827586,0.1450381679389313
4,clab-nebula-serf141,55,137,34,25,9,112,0.7352941176470589,0.18248175182481752,0.17123287671232876
4,clab-nebula-serf141,60,149,28,22,6,127,0.7857142857142857,0.1476510067114094,0.14193548387096774
4,clab-nebula-serf25,5,0,0,0,0,0,0,0,0
4,clab-nebula-serf25,10,4,0,0,0,4,0,0,0
4,clab-nebula-serf25,15,12,8,6,2,6,0.75,0.5,0.42857142857142855
4,clab-nebula-serf25,20,28,19,13,6,15,0.6842105263157895,0.4642857142857143,0.38235294117647056
4,clab-nebula-serf25,25,44,57,23,34,21,0.40350877192982454,0.5227272727272727,0.2948717948717949
4,clab-nebula-serf25,30,81,24,20,4,61,0.8333333333333334,0.24691358024691357,0.23529411764705882
4,clab-nebula-serf25,35,93,23,23,0,70,1.0,0.24731182795698925,0.24731182795698925
4,clab-nebula-serf25,40,102,28,27,1,75,0.9642857142857143,0.2647058823529412,0.2621359223300971
4,clab-nebula-serf25,45,119,54,37,17,82,0.6851851851851852,0.31092436974789917,0.27205882352941174
4,clab-nebula-serf25,50,124,29,25,4,99,0.8620689655172413,0.20161290322580644,0.1953125
4,clab-nebula-serf25,55,127,28,22,6,105,0.7857142857142857,0.1732283464566929,0.16541353383458646
4,clab-nebula-serf25,60,154,29,26,3,128,0.896551724137931,0.16883116883116883,0.16560509554140126
4,clab-nebula-serf50,5,3,0,0,0,3,0,0,0
4,clab-nebula-serf50,10,8,4,4,0,4,1.0,0.5,0.5
4,clab-nebula-serf50,15,23,16,10,6,13,0.625,0.43478260869565216,0.3448275862068966
4,clab-nebula-serf50,20,41,45,21,24,20,0.4666666666666667,0.5121951219512195,0.3230769230769231
4,clab-nebula-serf50,25,81,22,18,4,63,0.8181818181818182,0.2222222222222222,0.21176470588235294
4,clab-nebula-serf50,30,93,25,20,5,73,0.8,0.21505376344086022,0.20408163265306123
4,clab-nebula-serf50,35,118,58,41,17,77,0.7068965517241379,0.3474576271186441,0.3037037037037037
4,clab-nebula-serf50,40,122,37,29,8,93,0.7837837837837838,0.23770491803278687,0.2230769230769231
4,clab-nebula-serf50,45,125,29,24,5,101,0.8275862068965517,0.192,0.18461538461538463
4,clab-nebula-serf50,50,153,28,25,3,128,0.8928571428571429,0.16339869281045752,0.16025641025641027
4,clab-nebula-serf50,55,154,161,154,7,0,0.9565217391304348,1.0,0.9565217391304348
4,clab-nebula-serf50,60,156,161,156,5,0,0.968944099378882,1.0,0.968944099378882
4,clab-nebula-serf51,5,1,0,0,0,1,0,0,0
4,clab-nebula-serf51,10,9,0,0,0,9,0,0,0
4,clab-nebula-serf51,15,24,8,7,1,17,0.875,0.2916666666666667,0.28
4,clab-nebula-serf51,20,64,53,46,7,18,0.8679245283018868,0.71875,0.647887323943662
4,clab-nebula-serf51,25,83,26,22,4,61,0.8461538461538461,0.26506024096385544,0.25287356321839083
4,clab-nebula-serf51,30,97,19,16,3,81,0.8421052631578947,0.16494845360824742,0.16
4,clab-nebula-serf51,35,118,47,29,18,89,0.6170212765957447,0.2457627118644068,0.21323529411764705
4,clab-nebula-serf51,40,121,22,16,6,105,0.7272727272727273,0.1322314049586777,0.12598425196850394
4,clab-nebula-serf51,45,126,29,22,7,104,0.7586206896551724,0.1746031746031746,0.16541353383458646
4,clab-nebula-serf51,50,152,28,24,4,128,0.8571428571428571,0.15789473684210525,0.15384615384615385
4,clab-nebula-serf51,55,154,29,26,3,128,0.896551724137931,0.16883116883116883,0.16560509554140126
4,clab-nebula-serf51,60,157,161,157,4,0,0.9751552795031055,1.0,0.9751552795031055
4,clab-nebula-serf66,5,0,0,0,0,0,0,0,0
4,clab-nebula-serf66,10,4,0,0,0,4,0,0,0
4,clab-nebula-serf66,15,27,19,19,0,8,1.0,0.7037037037037037,0.7037037037037037
4,clab-nebula-serf66,20,44,30,27,3,17,0.9,0.6136363636363636,0.574468085106383
4,clab-nebula-serf66,25,79,14,11,3,68,0.7857142857142857,0.13924050632911392,0.13414634146341464
4,clab-nebula-serf66,30,106,16,11,5,95,0.6875,0.10377358490566038,0.0990990990990991
4,clab-nebula-serf66,35,116,46,31,15,85,0.6739130434782609,0.2672413793103448,0.2366412213740458
4,clab-nebula-serf66,40,123,22,18,4,105,0.8181818181818182,0.14634146341463414,0.14173228346456693
4,clab-nebula-serf66,45,136,28,22,6,114,0.7857142857142857,0.16176470588235295,0.15492957746478872
4,clab-nebula-serf66,50,154,29,26,3,128,0.896551724137931,0.16883116883116883,0.16560509554140126
4,clab-nebula-serf66,55,154,161,154,7,0,0.9565217391304348,1.0,0.9565217391304348
4,clab-nebula-serf66,60,158,161,158,3,0,0.9813664596273292,1.0,0.9813664596273292
4,clab-nebula-serf86,5,3,3,3,0,0,1.0,1.0,1.0
4,clab-nebula-serf86,10,4,0,0,0,4,0,0.0,0.0
4,clab-nebula-serf86,15,11,29,10,19,1,0.3448275862068966,0.9090909090909091,0.3333333333333333
4,clab-nebula-serf86,20,29,23,15,8,14,0.6521739130434783,0.5172413793103449,0.40540540540540543
4,clab-nebula-serf86,25,56,11,8,3,48,0.7272727272727273,0.14285714285714285,0.13559322033898305
4,clab-nebula-serf86,30,85,14,10,4,75,0.7142857142857143,0.11764705882352941,0.11235955056179775
4,clab-nebula-serf86,35,115,47,28,19,87,0.5957446808510638,0.24347826086956523,0.208955223880597
4,clab-nebula-serf86,40,120,26,20,6,100,0.7692307692307693,0.16666666666666666,0.15873015873015872
4,clab-nebula-serf86,45,134,29,22,7,112,0.7586206896551724,0.16417910447761194,0.15602836879432624
4,clab-nebula-serf86,50,145,28,25,3,120,0.8928571428571429,0.1724137931034483,0.16891891891891891
4,clab-nebula-serf86,55,155,29,27,2,128,0.9310344827586207,0.17419354838709677,0.17197452229299362
4,clab-nebula-serf86,60,160,161,160,1,0,0.9937888198757764,1.0,0.9937888198757764
4,clab-nebula-serf90,5,2,0,0,0,2,0,0,0
4,clab-nebula-serf90,10,9,4,1,3,8,0.25,0.1111111111111111,0.08333333333333333
4,clab-nebula-serf90,15,30,24,23,1,7,0.9583333333333334,0.7666666666666667,0.7419354838709677
4,clab-nebula-serf90,20,49,20,18,2,31,0.9,0.3673469387755102,0.35294117647058826
4,clab-nebula-serf90,25,78,8,7,1,71,0.875,0.08974358974358974,0.08860759493670886
4,clab-nebula-serf90,30,101,21,18,3,83,0.8571428571428571,0.1782178217821782,0.17307692307692307
4,clab-nebula-serf90,35,119,47,30,17,89,0.6382978723404256,0.25210084033613445,0.22058823529411764
4,clab-nebula-serf90,40,122,29,25,4,97,0.8620689655172413,0.20491803278688525,0.1984126984126984
4,clab-nebula-serf90,45,137,29,22,7,115,0.7586206896551724,0.16058394160583941,0.1527777777777778
4,clab-nebula-serf90,50,154,29,26,3,128,0.896551724137931,0.16883116883116883,0.16560509554140126
4,clab-nebula-serf90,55,155,161,155,6,0,0.9627329192546584,1.0,0.9627329192546584
4,clab-nebula-serf90,60,159,161,159,2,0,0.9875776397515528,1.0,0.9875776397515528
4,clab-nebula-serf143,5,0,0,0,0,0,0,0,0
4,clab-nebula-serf143,10,0,0,0,0,0,0,0,0
4,clab-nebula-serf143,15,1,0,0,0,1,0,0,0
4,clab-nebula-serf143,20,2,3,1,2,1,0.3333333333333333,0.5,0.25
4,clab-nebula-serf143,25,7,1,1,0,6,1.0,0.14285714285714285,0.14285714285714285
4,clab-nebula-serf143,30,13,11,7,4,6,0.6363636363636364,0.5384615384615384,0.4117647058823529
4,clab-nebula-serf143,35,32,16,10,6,22,0.625,0.3125,0.2631578947368421
4,clab-nebula-serf143,40,56,69,13,56,43,0.18840579710144928,0.23214285714285715,0.11607142857142858
4,clab-nebula-serf143,45,66,22,5,17,61,0.22727272727272727,0.07575757575757576,0.060240963855421686
4,clab-nebula-serf143,50,103,39,21,18,82,0.5384615384615384,0.20388349514563106,0.17355371900826447
4,clab-nebula-serf143,55,130,37,22,15,108,0.5945945945945946,0.16923076923076924,0.15172413793103448
4,clab-nebula-serf143,60,145,34,29,5,116,0.8529411764705882,0.2,0.19333333333333333
4,clab-nebula-serf7,5,1,0,0,0,1,0,0,0
4,clab-nebula-serf7,10,9,2,2,0,7,1.0,0.2222222222222222,0.2222222222222222
4,clab-nebula-serf7,15,19,14,14,0,5,1.0,0.7368421052631579,0.7368421052631579
4,clab-nebula-serf7,20,33,52,22,30,11,0.4230769230769231,0.6666666666666666,0.3492063492063492
4,clab-nebula-serf7,25,67,18,8,10,59,0.4444444444444444,0.11940298507462686,0.1038961038961039
4,clab-nebula-serf7,30,86,20,16,4,70,0.8,0.18604651162790697,0.17777777777777778
4,clab-nebula-serf7,35,99,19,17,2,82,0.8947368421052632,0.1717171717171717,0.16831683168316833
4,clab-nebula-serf7,40,117,42,22,20,95,0.5238095238095238,0.18803418803418803,0.16058394160583941
4,clab-nebula-serf7,45,120,26,20,6,100,0.7692307692307693,0.16666666666666666,0.15873015873015872
4,clab-nebula-serf7,50,124,29,22,7,102,0.7586206896551724,0.1774193548387097,0.16793893129770993
4,clab-nebula-serf7,55,151,28,23,5,128,0.8214285714285714,0.152317880794702,0.14743589743589744
4,clab-nebula-serf7,60,156,161,156,5,0,0.968944099378882,1.0,0.968944099378882
4,clab-nebula-serf37,5,2,0,0,0,2,0,0,0
4,clab-nebula-serf37,10,8,0,0,0,8,0,0.0,0.0
4,clab-nebula-serf37,15,29,26,17,9,12,0.6538461538461539,0.5862068965517241,0.4473684210526316
4,clab-nebula-serf37,20,65,51,44,7,21,0.8627450980392157,0.676923076923077,0.6111111111111112
4,clab-nebula-serf37,25,85,24,23,1,62,0.9583333333333334,0.27058823529411763,0.26744186046511625
4,clab-nebula-serf37,30,96,24,24,0,72,1.0,0.25,0.25
4,clab-nebula-serf37,35,111,22,21,1,90,0.9545454545454546,0.1891891891891892,0.1875
4,clab-nebula-serf37,40,121,54,37,17,84,0.6851851851851852,0.30578512396694213,0.26811594202898553
4,clab-nebula-serf37,45,124,32,25,7,99,0.78125,0.20161290322580644,0.19083969465648856
4,clab-nebula-serf37,50,146,28,23,5,123,0.8214285714285714,0.15753424657534246,0.152317880794702
4,clab-nebula-serf37,55,154,29,26,3,128,0.896551724137931,0.16883116883116883,0.16560509554140126
4,clab-nebula-serf37,60,156,161,156,5,0,0.968944099378882,1.0,0.968944099378882
4,clab-nebula-serf43,5,0,0,0,0,0,0,0,0
4,clab-nebula-serf43,10,5,0,0,0,5,0,0,0
4,clab-nebula-serf43,15,13,4,4,0,9,1.0,0.3076923076923077,0.3076923076923077
4,clab-nebula-serf43,20,27,24,14,10,13,0.5833333333333334,0.5185185185185185,0.3783783783783784
4,clab-nebula-serf43,25,52,50,30,20,22,0.6,0.5769230769230769,0.4166666666666667
4,clab-nebula-serf43,30,82,22,19,3,63,0.8636363636363636,0.23170731707317074,0.2235294117647059
4,clab-nebula-serf43,35,98,25,23,2,75,0.92,0.23469387755102042,0.23
4,clab-nebula-serf43,40,119,59,42,17,77,0.711864406779661,0.35294117647058826,0.3088235294117647
4,clab-nebula-serf43,45,124,37,30,7,94,0.8108108108108109,0.24193548387096775,0.22900763358778625
4,clab-nebula-serf43,50,126,29,24,5,102,0.8275862068965517,0.19047619047619047,0.183206106870229
4,clab-nebula-serf43,55,154,28,25,3,129,0.8928571428571429,0.16233766233766234,0.1592356687898089
4,clab-nebula-serf43,60,154,161,154,7,0,0.9565217391304348,1.0,0.9565217391304348
4,clab-nebula-serf58,5,5,0,0,0,5,0,0,0
4,clab-nebula-serf58,10,19,0,0,0,19,0,0.0,0.0
4,clab-nebula-serf58,15,57,45,41,4,16,0.9111111111111111,0.7192982456140351,0.6721311475409836
4,clab-nebula-serf58,20,79,25,18,7,61,0.72,0.22784810126582278,0.20930232558139536
4,clab-nebula-serf58,25,93,20,16,4,77,0.8,0.17204301075268819,0.16494845360824742
4,clab-nebula-serf58,30,118,53,35,18,83,0.660377358490566,0.2966101694915254,0.25735294117647056
4,clab-nebula-serf58,35,122,28,23,5,99,0.8214285714285714,0.1885245901639344,0.18110236220472442
4,clab-nebula-serf58,40,125,32,25,7,100,0.78125,0.2,0.1893939393939394
4,clab-nebula-serf58,45,153,28,25,3,128,0.8928571428571429,0.16339869281045752,0.16025641025641027
4,clab-nebula-serf58,50,154,29,26,3,128,0.896551724137931,0.16883116883116883,0.16560509554140126
4,clab-nebula-serf58,55,156,161,156,5,0,0.968944099378882,1.0,0.968944099378882
4,clab-nebula-serf58,60,160,161,160,1,0,0.9937888198757764,1.0,0.9937888198757764
4,clab-nebula-serf61,5,5,0,0,0,5,0,0,0
4,clab-nebula-serf61,10,20,5,5,0,15,1.0,0.25,0.25
4,clab-nebula-serf61,15,61,46,43,3,18,0.9347826086956522,0.7049180327868853,0.671875
4,clab-nebula-serf61,20,79,23,18,5,61,0.782608695652174,0.22784810126582278,0.21428571428571427
4,clab-nebula-serf61,25,93,20,16,4,77,0.8,0.17204301075268819,0.16494845360824742
4,clab-nebula-serf61,30,118,22,21,1,97,0.9545454545454546,0.17796610169491525,0.17647058823529413
4,clab-nebula-serf61,35,121,28,22,6,99,0.7857142857142857,0.18181818181818182,0.1732283464566929
4,clab-nebula-serf61,40,124,32,25,7,99,0.78125,0.20161290322580644,0.19083969465648856
4,clab-nebula-serf61,45,149,28,23,5,126,0.8214285714285714,0.15436241610738255,0.14935064935064934
4,clab-nebula-serf61,50,154,29,26,3,128,0.896551724137931,0.16883116883116883,0.16560509554140126
4,clab-nebula-serf61,55,156,161,156,5,0,0.968944099378882,1.0,0.968944099378882
4,clab-nebula-serf61,60,158,161,158,3,0,0.9813664596273292,1.0,0.9813664596273292
4,clab-nebula-serf112,5,0,0,0,0,0,0,0,0
4,clab-nebula-serf112,10,0,0,0,0,0,0,0,0
4,clab-nebula-serf112,15,0,0,0,0,0,0,0,0
4,clab-nebula-serf112,20,0,0,0,0,0,0,0,0
4,clab-nebula-serf112,25,5,7,2,5,3,0.2857142857142857,0.4,0.2
4,clab-nebula-serf112,30,18,9,6,3,12,0.6666666666666666,0.3333333333333333,0.2857142857142857
4,clab-nebula-serf112,35,34,14,9,5,25,0.6428571428571429,0.2647058823529412,0.23076923076923078
4,clab-nebula-serf112,40,64,60,31,29,33,0.5166666666666667,0.484375,0.3333333333333333
4,clab-nebula-serf112,45,103,31,15,16,88,0.4838709677419355,0.14563106796116504,0.12605042016806722
4,clab-nebula-serf112,50,136,39,30,9,106,0.7692307692307693,0.22058823529411764,0.20689655172413793
4,clab-nebula-serf112,55,148,30,29,1,119,0.9666666666666667,0.19594594594594594,0.19463087248322147
4,clab-nebula-serf112,60,159,31,31,0,128,1.0,0.1949685534591195,0.1949685534591195
4,clab-nebula-serf15,5,1,0,0,0,1,0,0,0
4,clab-nebula-serf15,10,14,0,0,0,14,0,0.0,0.0
4,clab-nebula-serf15,15,32,40,24,16,8,0.6,0.75,0.5
4,clab-nebula-serf15,20,68,25,15,10,53,0.6,0.22058823529411764,0.19230769230769232
4,clab-nebula-serf15,25,88,23,19,4,69,0.8260869565217391,0.2159090909090909,0.20652173913043478
4,clab-nebula-serf15,30,100,22,20,2,80,0.9090909090909091,0.2,0.19607843137254902
4,clab-nebula-serf15,35,117,49,33,16,84,0.673469387755102,0.28205128205128205,0.24812030075187969
4,clab-nebula-serf15,40,121,19,13,6,108,0.6842105263157895,0.10743801652892562,0.10236220472440945
4,clab-nebula-serf15,45,124,29,22,7,102,0.7586206896551724,0.1774193548387097,0.16793893129770993
4,clab-nebula-serf15,50,151,28,23,5,128,0.8214285714285714,0.152317880794702,0.14743589743589744
4,clab-nebula-serf15,55,154,29,26,3,128,0.896551724137931,0.16883116883116883,0.16560509554140126
4,clab-nebula-serf15,60,158,161,158,3,0,0.9813664596273292,1.0,0.9813664596273292
4,clab-nebula-serf16,5,2,0,0,0,2,0,0,0
4,clab-nebula-serf16,10,17,6,6,0,11,1.0,0.35294117647058826,0.35294117647058826
4,clab-nebula-serf16,15,33,35,20,15,13,0.5714285714285714,0.6060606060606061,0.4166666666666667
4,clab-nebula-serf16,20,69,24,14,10,55,0.5833333333333334,0.2028985507246377,0.17721518987341772
4,clab-nebula-serf16,25,88,23,19,4,69,0.8260869565217391,0.2159090909090909,0.20652173913043478
4,clab-nebula-serf16,30,101,22,20,2,81,0.9090909090909091,0.19801980198019803,0.1941747572815534
4,clab-nebula-serf16,35,119,47,30,17,89,0.6382978723404256,0.25210084033613445,0.22058823529411764
4,clab-nebula-serf16,40,121,19,13,6,108,0.6842105263157895,0.10743801652892562,0.10236220472440945
4,clab-nebula-serf16,45,126,29,22,7,104,0.7586206896551724,0.1746031746031746,0.16541353383458646
4,clab-nebula-serf16,50,151,28,23,5,128,0.8214285714285714,0.152317880794702,0.14743589743589744
4,clab-nebula-serf16,55,155,29,27,2,128,0.9310344827586207,0.17419354838709677,0.17197452229299362
4,clab-nebula-serf16,60,158,161,158,3,0,0.9813664596273292,1.0,0.9813664596273292
4,clab-nebula-serf77,5,3,0,0,0,3,0,0,0
4,clab-nebula-serf77,10,24,18,17,1,7,0.9444444444444444,0.7083333333333334,0.68
4,clab-nebula-serf77,15,38,29,25,4,13,0.8620689655172413,0.6578947368421053,0.5952380952380952
4,clab-nebula-serf77,20,67,13,10,3,57,0.7692307692307693,0.14925373134328357,0.14285714285714285
4,clab-nebula-serf77,25,90,20,13,7,77,0.65,0.14444444444444443,0.13402061855670103
4,clab-nebula-serf77,30,113,46,29,17,84,0.6304347826086957,0.25663716814159293,0.2230769230769231
4,clab-nebula-serf77,35,121,22,17,5,104,0.7727272727272727,0.14049586776859505,0.1349206349206349
4,clab-nebula-serf77,40,125,22,15,7,110,0.6818181818181818,0.12,0.11363636363636363
4,clab-nebula-serf77,45,151,28,23,5,128,0.8214285714285714,0.152317880794702,0.14743589743589744
4,clab-nebula-serf77,50,154,29,26,3,128,0.896551724137931,0.16883116883116883,0.16560509554140126
4,clab-nebula-serf77,55,158,161,158,3,0,0.9813664596273292,1.0,0.9813664596273292
4,clab-nebula-serf77,60,161,161,161,0,0,1.0,1.0,1.0
4,clab-nebula-serf121,5,0,0,0,0,0,0,0,0
4,clab-nebula-serf121,10,1,1,1,0,0,1.0,1.0,1.0
4,clab-nebula-serf121,15,8,2,2,0,6,1.0,0.25,0.25
4,clab-nebula-serf121,20,15,8,6,2,9,0.75,0.4,0.35294117647058826
4,clab-nebula-serf121,25,32,16,8,8,24,0.5,0.25,0.2
4,clab-nebula-serf121,30,81,68,30,38,51,0.4411764705882353,0.37037037037037035,0.25210084033613445
4,clab-nebula-serf121,35,121,33,20,13,101,0.6060606060606061,0.1652892561983471,0.14925373134328357
4,clab-nebula-serf121,40,138,40,29,11,109,0.725,0.21014492753623187,0.19463087248322147
4,clab-nebula-serf121,45,148,30,28,2,120,0.9333333333333333,0.1891891891891892,0.18666666666666668
4,clab-nebula-serf121,50,160,31,31,0,129,1.0,0.19375,0.19375
4,clab-nebula-serf121,55,161,161,161,0,0,1.0,1.0,1.0
4,clab-nebula-serf121,60,161,161,161,0,0,1.0,1.0,1.0
4,clab-nebula-serf140,5,0,0,0,0,0,0,0,0
4,clab-nebula-serf140,10,0,0,0,0,0,0,0,0
4,clab-nebula-serf140,15,0,0,0,0,0,0,0,0
4,clab-nebula-serf140,20,13,1,1,0,12,1.0,0.07692307692307693,0.07692307692307693
4,clab-nebula-serf140,25,14,2,2,0,12,1.0,0.14285714285714285,0.14285714285714285
4,clab-nebula-serf140,30,25,14,6,8,19,0.42857142857142855,0.24,0.18181818181818182
4,clab-nebula-serf140,35,39,20,10,10,29,0.5,0.2564102564102564,0.20408163265306123
4,clab-nebula-serf140,40,52,60,5,55,47,0.08333333333333333,0.09615384615384616,0.04672897196261682
4,clab-nebula-serf140,45,82,23,7,16,75,0.30434782608695654,0.08536585365853659,0.07142857142857142
4,clab-nebula-serf140,50,108,34,19,15,89,0.5588235294117647,0.17592592592592593,0.15447154471544716
4,clab-nebula-serf140,55,136,34,25,9,111,0.7352941176470589,0.18382352941176472,0.1724137931034483
4,clab-nebula-serf140,60,145,28,22,6,123,0.7857142857142857,0.15172413793103448,0.1456953642384106
4,clab-nebula-serf148,5,0,0,0,0,0,0,0,0
4,clab-nebula-serf148,10,0,0,0,0,0,0,0,0
4,clab-nebula-serf148,15,0,0,0,0,0,0,0,0
4,clab-nebula-serf148,20,6,7,3,4,3,0.42857142857142855,0.5,0.3
4,clab-nebula-serf148,25,12,5,3,2,9,0.6,0.25,0.21428571428571427
4,clab-nebula-serf148,30,22,12,6,6,16,0.5,0.2727272727272727,0.21428571428571427
4,clab-nebula-serf148,35,38,21,8,13,30,0.38095238095238093,0.21052631578947367,0.1568627450980392
4,clab-nebula-serf148,40,52,31,21,10,31,0.6774193548387096,0.40384615384615385,0.3387096774193548
4,clab-nebula-serf148,45,68,70,19,51,49,0.2714285714285714,0.27941176470588236,0.15966386554621848
4,clab-nebula-serf148,50,103,32,17,15,86,0.53125,0.1650485436893204,0.1440677966101695
4,clab-nebula-serf148,55,133,40,26,14,107,0.65,0.19548872180451127,0.17687074829931973
4,clab-nebula-serf148,60,148,34,30,4,118,0.8823529411764706,0.20270270270270271,0.19736842105263158
4,clab-nebula-serf154,5,0,0,0,0,0,0,0,0
4,clab-nebula-serf154,10,0,0,0,0,0,0,0,0
4,clab-nebula-serf154,15,1,0,0,0,1,0,0.0,0.0
4,clab-nebula-serf154,20,9,3,3,0,6,1.0,0.3333333333333333,0.3333333333333333
4,clab-nebula-serf154,25,12,23,2,21,10,0.08695652173913043,0.16666666666666666,0.06060606060606061
4,clab-nebula-serf154,30,23,12,6,6,17,0.5,0.2608695652173913,0.20689655172413793
4,clab-nebula-serf154,35,42,21,10,11,32,0.47619047619047616,0.23809523809523808,0.18867924528301888
4,clab-nebula-serf154,40,55,31,21,10,34,0.6774193548387096,0.38181818181818183,0.3230769230769231
4,clab-nebula-serf154,45,79,70,28,42,51,0.4,0.35443037974683544,0.23140495867768596
4,clab-nebula-serf154,50,113,32,20,12,93,0.625,0.17699115044247787,0.16
4,clab-nebula-serf154,55,137,32,25,7,112,0.78125,0.18248175182481752,0.1736111111111111
4,clab-nebula-serf154,60,147,35,30,5,117,0.8571428571428571,0.20408163265306123,0.19736842105263158
4,clab-nebula-serf156,5,0,0,0,0,0,0,0,0
4,clab-nebula-serf156,10,0,0,0,0,0,0,0,0
4,clab-nebula-serf156,15,4,5,1,4,3,0.2,0.25,0.125
4,clab-nebula-serf156,20,12,4,4,0,8,1.0,0.3333333333333333,0.3333333333333333
4,clab-nebula-serf156,25,18,14,2,12,16,0.14285714285714285,0.1111111111111111,0.06666666666666667
4,clab-nebula-serf156,30,33,13,7,6,26,0.5384615384615384,0.21212121212121213,0.1794871794871795
4,clab-nebula-serf156,35,49,29,14,15,35,0.4827586206896552,0.2857142857142857,0.21875
4,clab-nebula-serf156,40,61,68,13,55,48,0.19117647058823528,0.21311475409836064,0.11206896551724138
4,clab-nebula-serf156,45,99,32,17,15,82,0.53125,0.1717171717171717,0.14912280701754385
4,clab-nebula-serf156,50,130,41,24,17,106,0.5853658536585366,0.18461538461538463,0.16326530612244897
4,clab-nebula-serf156,55,145,34,29,5,116,0.8529411764705882,0.2,0.19333333333333333
4,clab-nebula-serf156,60,154,31,30,1,124,0.967741935483871,0.19480519480519481,0.1935483870967742
4,clab-nebula-serf23,5,0,0,0,0,0,0,0,0
4,clab-nebula-serf23,10,0,0,0,0,0,0,0,0
4,clab-nebula-serf23,15,4,0,0,0,4,0,0,0
4,clab-nebula-serf23,20,11,2,1,1,10,0.5,0.09090909090909091,0.08333333333333333
4,clab-nebula-serf23,25,22,18,9,9,13,0.5,0.4090909090909091,0.2903225806451613
4,clab-nebula-serf23,30,39,48,19,29,20,0.3958333333333333,0.48717948717948717,0.27941176470588236
4,clab-nebula-serf23,35,75,24,20,4,55,0.8333333333333334,0.26666666666666666,0.25316455696202533
4,clab-nebula-serf23,40,91,25,23,2,68,0.92,0.25274725274725274,0.24731182795698925
4,clab-nebula-serf23,45,99,28,27,1,72,0.9642857142857143,0.2727272727272727,0.27
4,clab-nebula-serf23,50,117,53,34,19,83,0.6415094339622641,0.2905982905982906,0.25
4,clab-nebula-serf23,55,122,28,23,5,99,0.8214285714285714,0.1885245901639344,0.18110236220472442
4,clab-nebula-serf23,60,124,28,21,7,103,0.75,0.1693548387096774,0.16030534351145037
4,clab-nebula-serf39,5,2,0,0,0,2,0,0.0,0.0
4,clab-nebula-serf39,10,15,9,5,4,10,0.5555555555555556,0.3333333333333333,0.2631578947368421
4,clab-nebula-serf39,15,53,43,32,11,21,0.7441860465116279,0.6037735849056604,0.5
4,clab-nebula-serf39,20,81,25,22,3,59,0.88,0.2716049382716049,0.2619047619047619
4,clab-nebula-serf39,25,90,27,25,2,65,0.9259259259259259,0.2777777777777778,0.2717391304347826
4,clab-nebula-serf39,30,106,22,21,1,85,0.9545454545454546,0.19811320754716982,0.19626168224299065
4,clab-nebula-serf39,35,119,28,22,6,97,0.7857142857142857,0.18487394957983194,0.176
4,clab-nebula-serf39,40,124,32,25,7,99,0.78125,0.20161290322580644,0.19083969465648856
4,clab-nebula-serf39,45,138,28,22,6,116,0.7857142857142857,0.15942028985507245,0.1527777777777778
4,clab-nebula-serf39,50,154,29,26,3,128,0.896551724137931,0.16883116883116883,0.16560509554140126
4,clab-nebula-serf39,55,155,161,155,6,0,0.9627329192546584,1.0,0.9627329192546584
4,clab-nebula-serf39,60,158,161,158,3,0,0.9813664596273292,1.0,0.9813664596273292
4,clab-nebula-serf62,5,0,0,0,0,0,0,0,0
4,clab-nebula-serf62,10,4,0,0,0,4,0,0,0
4,clab-nebula-serf62,15,13,0,0,0,13,0,0.0,0.0
4,clab-nebula-serf62,20,48,45,37,8,11,0.8222222222222222,0.7708333333333334,0.6607142857142857
4,clab-nebula-serf62,25,73,25,16,9,57,0.64,0.2191780821917808,0.1951219512195122
4,clab-nebula-serf62,30,88,20,17,3,71,0.85,0.19318181818181818,0.18681318681318682
4,clab-nebula-serf62,35,110,18,17,1,93,0.9444444444444444,0.15454545454545454,0.15315315315315314
4,clab-nebula-serf62,40,120,47,30,17,90,0.6382978723404256,0.25,0.21897810218978103
4,clab-nebula-serf62,45,124,22,18,4,106,0.8181818181818182,0.14516129032258066,0.140625
4,clab-nebula-serf62,50,144,29,23,6,121,0.7931034482758621,0.1597222222222222,0.15333333333333332
4,clab-nebula-serf62,55,154,29,26,3,128,0.896551724137931,0.16883116883116883,0.16560509554140126
4,clab-nebula-serf62,60,154,161,154,7,0,0.9565217391304348,1.0,0.9565217391304348
4,clab-nebula-serf107,5,0,0,0,0,0,0,0,0
4,clab-nebula-serf107,10,2,0,0,0,2,0,0,0
4,clab-nebula-serf107,15,6,0,0,0,6,0,0.0,0.0
4,clab-nebula-serf107,20,15,4,3,1,12,0.75,0.2,0.1875
4,clab-nebula-serf107,25,40,22,20,2,20,0.9090909090909091,0.5,0.47619047619047616
4,clab-nebula-serf107,30,71,60,38,22,33,0.6333333333333333,0.5352112676056338,0.40860215053763443
4,clab-nebula-serf107,35,104,31,16,15,88,0.5161290322580645,0.15384615384615385,0.13445378151260504
4,clab-nebula-serf107,40,144,39,31,8,113,0.7948717948717948,0.2152777777777778,0.20394736842105263
4,clab-nebula-serf107,45,149,35,31,4,118,0.8857142857142857,0.2080536912751678,0.20261437908496732
4,clab-nebula-serf107,50,154,33,32,1,122,0.9696969696969697,0.2077922077922078,0.2064516129032258
4,clab-nebula-serf107,55,157,161,157,4,0,0.9751552795031055,1.0,0.9751552795031055
4,clab-nebula-serf107,60,161,161,161,0,0,1.0,1.0,1.0
4,clab-nebula-serf115,5,0,0,0,0,0,0,0,0
4,clab-nebula-serf115,10,0,0,0,0,0,0,0,0
4,clab-nebula-serf115,15,0,0,0,0,0,0,0,0
4,clab-nebula-serf115,20,0,0,0,0,0,0,0,0
4,clab-nebula-serf115,25,0,0,0,0,0,0,0,0
4,clab-nebula-serf115,30,0,1,0,1,0,0.0,0,0.0
4,clab-nebula-serf115,35,1,0,0,0,1,0,0.0,0.0
4,clab-nebula-serf115,40,3,0,0,0,3,0,0.0,0.0
4,clab-nebula-serf115,45,6,21,4,17,2,0.19047619047619047,0.6666666666666666,0.17391304347826086
4,clab-nebula-serf115,50,23,18,6,12,17,0.3333333333333333,0.2608695652173913,0.17142857142857143
4,clab-nebula-serf115,55,57,60,22,38,35,0.36666666666666664,0.38596491228070173,0.23157894736842105
4,clab-nebula-serf115,60,103,22,12,10,91,0.5454545454545454,0.11650485436893204,0.10619469026548672
4,clab-nebula-serf151,5,0,0,0,0,0,0,0,0
4,clab-nebula-serf151,10,0,0,0,0,0,0,0,0
4,clab-nebula-serf151,15,1,0,0,0,1,0,0.0,0.0
4,clab-nebula-serf151,20,11,4,3,1,8,0.75,0.2727272727272727,0.25
4,clab-nebula-serf151,25,13,23,2,21,11,0.08695652173913043,0.15384615384615385,0.058823529411764705
4,clab-nebula-serf151,30,23,12,6,6,17,0.5,0.2608695652173913,0.20689655172413793
4,clab-nebula-serf151,35,43,21,11,10,32,0.5238095238095238,0.2558139534883721,0.20754716981132076
4,clab-nebula-serf151,40,55,31,21,10,34,0.6774193548387096,0.38181818181818183,0.3230769230769231
4,clab-nebula-serf151,45,81,70,30,40,51,0.42857142857142855,0.37037037037037035,0.24793388429752067
4,clab-nebula-serf151,50,114,32,20,12,94,0.625,0.17543859649122806,0.15873015873015872
4,clab-nebula-serf151,55,137,32,25,7,112,0.78125,0.18248175182481752,0.1736111111111111
4,clab-nebula-serf151,60,148,35,30,5,118,0.8571428571428571,0.20270270270270271,0.19607843137254902
4,clab-nebula-serf158,5,4,0,0,0,4,0,0,0
4,clab-nebula-serf158,10,4,0,0,0,4,0,0.0,0.0
4,clab-nebula-serf158,15,5,0,0,0,5,0,0.0,0.0
4,clab-nebula-serf158,20,8,8,3,5,5,0.375,0.375,0.23076923076923078
4,clab-nebula-serf158,25,16,5,3,2,13,0.6,0.1875,0.16666666666666666
4,clab-nebula-serf158,30,34,33,2,31,32,0.06060606060606061,0.058823529411764705,0.03076923076923077
4,clab-nebula-serf158,35,40,51,3,48,37,0.058823529411764705,0.075,0.03409090909090909
4,clab-nebula-serf158,40,52,31,13,18,39,0.41935483870967744,0.25,0.18571428571428572
4,clab-nebula-serf158,45,68,41,16,25,52,0.3902439024390244,0.23529411764705882,0.17204301075268819
4,clab-nebula-serf158,50,103,33,17,16,86,0.5151515151515151,0.1650485436893204,0.14285714285714285
4,clab-nebula-serf158,55,136,34,25,9,111,0.7352941176470589,0.18382352941176472,0.1724137931034483
4,clab-nebula-serf158,60,148,28,22,6,126,0.7857142857142857,0.14864864864864866,0.14285714285714285
4,clab-nebula-serf28,5,0,0,0,0,0,0,0,0
4,clab-nebula-serf28,10,1,1,1,0,0,1.0,1.0,1.0
4,clab-nebula-serf28,15,2,1,1,0,1,1.0,0.5,0.5
4,clab-nebula-serf28,20,4,11,3,8,1,0.2727272727272727,0.75,0.25
4,clab-nebula-serf28,25,7,33,6,27,1,0.18181818181818182,0.8571428571428571,0.17647058823529413
4,clab-nebula-serf28,30,19,60,10,50,9,0.16666666666666666,0.5263157894736842,0.14492753623188406
4,clab-nebula-serf28,35,29,30,18,12,11,0.6,0.6206896551724138,0.43902439024390244
4,clab-nebula-serf28,40,61,28,25,3,36,0.8928571428571429,0.4098360655737705,0.390625
4,clab-nebula-serf28,45,91,23,22,1,69,0.9565217391304348,0.24175824175824176,0.2391304347826087
4,clab-nebula-serf28,50,95,45,13,32,82,0.28888888888888886,0.1368421052631579,0.10236220472440945
4,clab-nebula-serf28,55,111,29,20,9,91,0.6896551724137931,0.18018018018018017,0.16666666666666666
4,clab-nebula-serf28,60,121,28,21,7,100,0.75,0.17355371900826447,0.1640625
4,clab-nebula-serf29,5,0,0,0,0,0,0,0,0
4,clab-nebula-serf29,10,2,0,0,0,2,0,0.0,0.0
4,clab-nebula-serf29,15,6,0,0,0,6,0,0.0,0.0
4,clab-nebula-serf29,20,14,10,9,1,5,0.9,0.6428571428571429,0.6
4,clab-nebula-serf29,25,23,32,11,21,12,0.34375,0.4782608695652174,0.25
4,clab-nebula-serf29,30,39,54,20,34,19,0.37037037037037035,0.5128205128205128,0.273972602739726
4,clab-nebula-serf29,35,79,32,26,6,53,0.8125,0.3291139240506329,0.3058823529411765
4,clab-nebula-serf29,40,92,28,27,1,65,0.9642857142857143,0.29347826086956524,0.2903225806451613
4,clab-nebula-serf29,45,98,53,21,32,77,0.39622641509433965,0.21428571428571427,0.16153846153846155
4,clab-nebula-serf29,50,115,34,28,6,87,0.8235294117647058,0.24347826086956523,0.23140495867768596
4,clab-nebula-serf29,55,122,28,20,8,102,0.7142857142857143,0.16393442622950818,0.15384615384615385
4,clab-nebula-serf29,60,125,27,21,6,104,0.7777777777777778,0.168,0.16030534351145037
6,clab-nebula-serf130,5,0,0,0,0,0,0,0,0
6,clab-nebula-serf130,10,0,0,0,0,0,0,0,0
6,clab-nebula-serf130,15,0,0,0,0,0,0,0,0
6,clab-nebula-serf130,20,13,4,3,1,10,0.75,0.23076923076923078,0.21428571428571427
6,clab-nebula-serf130,25,14,2,0,2,14,0.0,0.0,0.0
6,clab-nebula-serf130,30,24,10,7,3,17,0.7,0.2916666666666667,0.25925925925925924
6,clab-nebula-serf130,35,41,16,12,4,29,0.75,0.2926829268292683,0.26666666666666666
6,clab-nebula-serf130,40,53,15,3,12,50,0.2,0.05660377358490566,0.046153846153846156
6,clab-nebula-serf130,45,84,9,3,6,81,0.3333333333333333,0.03571428571428571,0.03333333333333333
6,clab-nebula-serf130,50,111,21,17,4,94,0.8095238095238095,0.15315315315315314,0.14782608695652175
6,clab-nebula-serf130,55,136,21,19,2,117,0.9047619047619048,0.13970588235294118,0.13768115942028986
6,clab-nebula-serf130,60,146,20,17,3,129,0.85,0.11643835616438356,0.11409395973154363
6,clab-nebula-serf161,5,4,0,0,0,4,0,0,0
6,clab-nebula-serf161,10,4,2,2,0,2,1.0,0.5,0.5
6,clab-nebula-serf161,15,5,2,2,0,3,1.0,0.4,0.4
6,clab-nebula-serf161,20,10,1,0,1,10,0.0,0.0,0.0
6,clab-nebula-serf161,25,22,6,3,3,19,0.5,0.13636363636363635,0.12
6,clab-nebula-serf161,30,36,8,3,5,33,0.375,0.08333333333333333,0.07317073170731707
6,clab-nebula-serf161,35,42,13,1,12,41,0.07692307692307693,0.023809523809523808,0.018518518518518517
6,clab-nebula-serf161,40,58,17,12,5,46,0.7058823529411765,0.20689655172413793,0.19047619047619047
6,clab-nebula-serf161,45,79,20,12,8,67,0.6,0.1518987341772152,0.13793103448275862
6,clab-nebula-serf161,50,117,21,16,5,101,0.7619047619047619,0.13675213675213677,0.13114754098360656
6,clab-nebula-serf161,55,139,20,15,5,124,0.75,0.1079136690647482,0.10416666666666667
6,clab-nebula-serf161,60,149,20,17,3,132,0.85,0.11409395973154363,0.1118421052631579
6,clab-nebula-serf32,5,3,0,0,0,3,0,0.0,0.0
6,clab-nebula-serf32,10,19,10,6,4,13,0.6,0.3157894736842105,0.2608695652173913
6,clab-nebula-serf32,15,32,5,2,3,30,0.4,0.0625,0.05714285714285714
6,clab-nebula-serf32,20,59,20,15,5,44,0.75,0.2542372881355932,0.234375
6,clab-nebula-serf32,25,88,20,19,1,69,0.95,0.2159090909090909,0.21348314606741572
6,clab-nebula-serf32,30,95,22,21,1,74,0.9545454545454546,0.22105263157894736,0.21875
6,clab-nebula-serf32,35,108,31,22,9,86,0.7096774193548387,0.2037037037037037,0.18803418803418803
6,clab-nebula-serf32,40,121,32,26,6,95,0.8125,0.21487603305785125,0.2047244094488189
6,clab-nebula-serf32,45,124,30,26,4,98,0.8666666666666667,0.20967741935483872,0.203125
6,clab-nebula-serf32,50,137,32,27,5,110,0.84375,0.19708029197080293,0.19014084507042253
6,clab-nebula-serf32,55,154,31,30,1,124,0.967741935483871,0.19480519480519481,0.1935483870967742
6,clab-nebula-serf32,60,155,161,155,6,0,0.9627329192546584,1.0,0.9627329192546584
6,clab-nebula-serf63,5,0,0,0,0,0,0,0,0
6,clab-nebula-serf63,10,0,0,0,0,0,0,0,0
6,clab-nebula-serf63,15,6,0,0,0,6,0,0,0
6,clab-nebula-serf63,20,32,4,3,1,29,0.75,0.09375,0.09090909090909091
6,clab-nebula-serf63,25,64,17,15,2,49,0.8823529411764706,0.234375,0.22727272727272727
6,clab-nebula-serf63,30,84,18,14,4,70,0.7777777777777778,0.16666666666666666,0.1590909090909091
6,clab-nebula-serf63,35,103,8,6,2,97,0.75,0.05825242718446602,0.05714285714285714
6,clab-nebula-serf63,40,119,17,8,9,111,0.47058823529411764,0.06722689075630252,0.0625
6,clab-nebula-serf63,45,124,16,12,4,112,0.75,0.0967741935483871,0.09375
6,clab-nebula-serf63,50,128,31,27,4,101,0.8709677419354839,0.2109375,0.20454545454545456
6,clab-nebula-serf63,55,154,33,31,2,123,0.9393939393939394,0.2012987012987013,0.1987179487179487
6,clab-nebula-serf63,60,154,32,31,1,123,0.96875,0.2012987012987013,0.2
6,clab-nebula-serf45,5,2,0,0,0,2,0,0,0
6,clab-nebula-serf45,10,8,5,4,1,4,0.8,0.5,0.4444444444444444
6,clab-nebula-serf45,15,22,6,3,3,19,0.5,0.13636363636363635,0.12
6,clab-nebula-serf45,20,40,18,11,7,29,0.6111111111111112,0.275,0.23404255319148937
6,clab-nebula-serf45,25,80,19,16,3,64,0.8421052631578947,0.2,0.1927710843373494
6,clab-nebula-serf45,30,90,23,19,4,71,0.8260869565217391,0.2111111111111111,0.20212765957446807
6,clab-nebula-serf45,35,118,30,21,9,97,0.7,0.17796610169491525,0.16535433070866143
6,clab-nebula-serf45,40,121,32,26,6,95,0.8125,0.21487603305785125,0.2047244094488189
6,clab-nebula-serf45,45,124,30,26,4,98,0.8666666666666667,0.20967741935483872,0.203125
6,clab-nebula-serf45,50,145,32,29,3,116,0.90625,0.2,0.19594594594594594
6,clab-nebula-serf45,55,154,161,154,7,0,0.9565217391304348,1.0,0.9565217391304348
6,clab-nebula-serf45,60,155,161,155,6,0,0.9627329192546584,1.0,0.9627329192546584
6,clab-nebula-serf49,5,4,0,0,0,4,0,0.0,0.0
6,clab-nebula-serf49,10,14,3,1,2,13,0.3333333333333333,0.07142857142857142,0.0625
6,clab-nebula-serf49,15,30,7,1,6,29,0.14285714285714285,0.03333333333333333,0.027777777777777776
6,clab-nebula-serf49,20,67,20,17,3,50,0.85,0.2537313432835821,0.24285714285714285
6,clab-nebula-serf49,25,84,18,15,3,69,0.8333333333333334,0.17857142857142858,0.1724137931034483
6,clab-nebula-serf49,30,106,16,9,7,97,0.5625,0.08490566037735849,0.07964601769911504
6,clab-nebula-serf49,35,121,34,26,8,95,0.7647058823529411,0.21487603305785125,0.20155038759689922
6,clab-nebula-serf49,40,124,30,26,4,98,0.8666666666666667,0.20967741935483872,0.203125
6,clab-nebula-serf49,45,135,32,27,5,108,0.84375,0.2,0.19285714285714287
6,clab-nebula-serf49,50,154,31,30,1,124,0.967741935483871,0.19480519480519481,0.1935483870967742
6,clab-nebula-serf49,55,154,161,154,7,0,0.9565217391304348,1.0,0.9565217391304348
6,clab-nebula-serf49,60,157,161,157,4,0,0.9751552795031055,1.0,0.9751552795031055
6,clab-nebula-serf83,5,0,0,0,0,0,0,0,0
6,clab-nebula-serf83,10,3,0,0,0,3,0,0.0,0.0
6,clab-nebula-serf83,15,14,5,4,1,10,0.8,0.2857142857142857,0.26666666666666666
6,clab-nebula-serf83,20,33,20,17,3,16,0.85,0.5151515151515151,0.4722222222222222
6,clab-nebula-serf83,25,50,20,14,6,36,0.7,0.28,0.25
6,clab-nebula-serf83,30,79,8,2,6,77,0.25,0.02531645569620253,0.023529411764705882
6,clab-nebula-serf83,35,109,11,4,7,105,0.36363636363636365,0.03669724770642202,0.034482758620689655
6,clab-nebula-serf83,40,119,14,4,10,115,0.2857142857142857,0.03361344537815126,0.031007751937984496
6,clab-nebula-serf83,45,128,31,27,4,101,0.8709677419354839,0.2109375,0.20454545454545456
6,clab-nebula-serf83,50,140,32,28,4,112,0.875,0.2,0.19444444444444445
6,clab-nebula-serf83,55,154,32,31,1,123,0.96875,0.2012987012987013,0.2
6,clab-nebula-serf83,60,156,161,156,5,0,0.968944099378882,1.0,0.968944099378882
6,clab-nebula-serf91,5,3,0,0,0,3,0,0,0
6,clab-nebula-serf91,10,17,4,3,1,14,0.75,0.17647058823529413,0.16666666666666666
6,clab-nebula-serf91,15,36,19,17,2,19,0.8947368421052632,0.4722222222222222,0.4473684210526316
6,clab-nebula-serf91,20,56,19,15,4,41,0.7894736842105263,0.26785714285714285,0.25
6,clab-nebula-serf91,25,81,9,5,4,76,0.5555555555555556,0.06172839506172839,0.058823529411764705
6,clab-nebula-serf91,30,112,11,4,7,108,0.36363636363636365,0.03571428571428571,0.03361344537815126
6,clab-nebula-serf91,35,119,14,4,10,115,0.2857142857142857,0.03361344537815126,0.031007751937984496
6,clab-nebula-serf91,40,129,31,27,4,102,0.8709677419354839,0.20930232558139536,0.20300751879699247
6,clab-nebula-serf91,45,146,32,30,2,116,0.9375,0.2054794520547945,0.20270270270270271
6,clab-nebula-serf91,50,154,32,31,1,123,0.96875,0.2012987012987013,0.2
6,clab-nebula-serf91,55,157,161,157,4,0,0.9751552795031055,1.0,0.9751552795031055
6,clab-nebula-serf91,60,161,161,161,0,0,1.0,1.0,1.0
6,clab-nebula-serf136,5,0,0,0,0,0,0,0,0
6,clab-nebula-serf136,10,0,0,0,0,0,0,0,0
6,clab-nebula-serf136,15,2,4,2,2,0,0.5,1.0,0.5
6,clab-nebula-serf136,20,14,2,2,0,12,1.0,0.14285714285714285,0.14285714285714285
6,clab-nebula-serf136,25,18,4,3,1,15,0.75,0.16666666666666666,0.15789473684210525
6,clab-nebula-serf136,30,28,8,7,1,21,0.875,0.25,0.2413793103448276
6,clab-nebula-serf136,35,45,19,9,10,36,0.47368421052631576,0.2,0.16363636363636364
6,clab-nebula-serf136,40,66,7,2,5,64,0.2857142857142857,0.030303030303030304,0.028169014084507043
6,clab-nebula-serf136,45,95,10,4,6,91,0.4,0.042105263157894736,0.039603960396039604
6,clab-nebula-serf136,50,124,21,18,3,106,0.8571428571428571,0.14516129032258066,0.14173228346456693
6,clab-nebula-serf136,55,137,21,19,2,118,0.9047619047619048,0.1386861313868613,0.1366906474820144
6,clab-nebula-serf136,60,149,20,17,3,132,0.85,0.11409395973154363,0.1118421052631579
6,clab-nebula-serf146,5,0,0,0,0,0,0,0,0
6,clab-nebula-serf146,10,0,0,0,0,0,0,0,0
6,clab-nebula-serf146,15,1,0,0,0,1,0,0.0,0.0
6,clab-nebula-serf146,20,5,0,0,0,5,0,0.0,0.0
6,clab-nebula-serf146,25,8,5,0,5,8,0.0,0.0,0.0
6,clab-nebula-serf146,30,16,11,8,3,8,0.7272727272727273,0.5,0.42105263157894735
6,clab-nebula-serf146,35,44,10,9,1,35,0.9,0.20454545454545456,0.2
6,clab-nebula-serf146,40,58,19,9,10,49,0.47368421052631576,0.15517241379310345,0.1323529411764706
6,clab-nebula-serf146,45,78,10,3,7,75,0.3,0.038461538461538464,0.03529411764705882
6,clab-nebula-serf146,50,114,20,17,3,97,0.85,0.14912280701754385,0.1452991452991453
6,clab-nebula-serf146,55,137,21,19,2,118,0.9047619047619048,0.1386861313868613,0.1366906474820144
6,clab-nebula-serf146,60,146,36,31,5,115,0.8611111111111112,0.21232876712328766,0.2052980132450331
6,clab-nebula-serf12,5,0,0,0,0,0,0,0,0
6,clab-nebula-serf12,10,5,0,0,0,5,0,0.0,0.0
6,clab-nebula-serf12,15,19,7,4,3,15,0.5714285714285714,0.21052631578947367,0.18181818181818182
6,clab-nebula-serf12,20,38,18,14,4,24,0.7777777777777778,0.3684210526315789,0.3333333333333333
6,clab-nebula-serf12,25,71,16,13,3,58,0.8125,0.18309859154929578,0.17567567567567569
6,clab-nebula-serf12,30,88,7,4,3,84,0.5714285714285714,0.045454545454545456,0.04395604395604396
6,clab-nebula-serf12,35,102,13,7,6,95,0.5384615384615384,0.06862745098039216,0.06481481481481481
6,clab-nebula-serf12,40,119,14,5,9,114,0.35714285714285715,0.04201680672268908,0.0390625
6,clab-nebula-serf12,45,121,31,25,6,96,0.8064516129032258,0.2066115702479339,0.1968503937007874
6,clab-nebula-serf12,50,127,31,27,4,100,0.8709677419354839,0.2125984251968504,0.20610687022900764
6,clab-nebula-serf12,55,153,32,30,2,123,0.9375,0.19607843137254902,0.1935483870967742
6,clab-nebula-serf12,60,155,161,155,6,0,0.9627329192546584,1.0,0.9627329192546584
6,clab-nebula-serf19,5,0,0,0,0,0,0,0,0
6,clab-nebula-serf19,10,5,1,0,1,5,0.0,0.0,0.0
6,clab-nebula-serf19,15,23,6,2,4,21,0.3333333333333333,0.08695652173913043,0.07407407407407407
6,clab-nebula-serf19,20,44,19,16,3,28,0.8421052631578947,0.36363636363636365,0.3404255319148936
6,clab-nebula-serf19,25,73,16,13,3,60,0.8125,0.1780821917808219,0.17105263157894737
6,clab-nebula-serf19,30,90,6,2,4,88,0.3333333333333333,0.022222222222222223,0.02127659574468085
6,clab-nebula-serf19,35,105,15,8,7,97,0.5333333333333333,0.0761904761904762,0.07142857142857142
6,clab-nebula-serf19,40,120,18,12,6,108,0.6666666666666666,0.1,0.09523809523809523
6,clab-nebula-serf19,45,123,31,26,5,97,0.8387096774193549,0.21138211382113822,0.203125
6,clab-nebula-serf19,50,142,33,27,6,115,0.8181818181818182,0.19014084507042253,0.18243243243243243
6,clab-nebula-serf19,55,153,32,30,2,123,0.9375,0.19607843137254902,0.1935483870967742
6,clab-nebula-serf19,60,157,161,157,4,0,0.9751552795031055,1.0,0.9751552795031055
6,clab-nebula-serf80,5,0,0,0,0,0,0,0,0
6,clab-nebula-serf80,10,14,2,2,0,12,1.0,0.14285714285714285,0.14285714285714285
6,clab-nebula-serf80,15,32,8,5,3,27,0.625,0.15625,0.14285714285714285
6,clab-nebula-serf80,20,55,27,16,11,39,0.5925925925925926,0.2909090909090909,0.24242424242424243
6,clab-nebula-serf80,25,84,10,6,4,78,0.6,0.07142857142857142,0.06818181818181818
6,clab-nebula-serf80,30,110,13,6,7,104,0.46153846153846156,0.05454545454545454,0.05128205128205128
6,clab-nebula-serf80,35,120,16,10,6,110,0.625,0.08333333333333333,0.07936507936507936
6,clab-nebula-serf80,40,127,16,12,4,115,0.75,0.09448818897637795,0.0916030534351145
6,clab-nebula-serf80,45,152,33,30,3,122,0.9090909090909091,0.19736842105263158,0.1935483870967742
6,clab-nebula-serf80,50,154,32,31,1,123,0.96875,0.2012987012987013,0.2
6,clab-nebula-serf80,55,156,161,156,5,0,0.968944099378882,1.0,0.968944099378882
6,clab-nebula-serf80,60,159,161,159,2,0,0.9875776397515528,1.0,0.9875776397515528
6,clab-nebula-serf111,5,1,0,0,0,1,0,0,0
6,clab-nebula-serf111,10,7,3,2,1,5,0.6666666666666666,0.2857142857142857,0.25
6,clab-nebula-serf111,15,17,2,1,1,16,0.5,0.058823529411764705,0.05555555555555555
6,clab-nebula-serf111,20,47,4,3,1,44,0.75,0.06382978723404255,0.0625
6,clab-nebula-serf111,25,73,17,9,8,64,0.5294117647058824,0.1232876712328767,0.1111111111111111
6,clab-nebula-serf111,30,111,17,9,8,102,0.5294117647058824,0.08108108108108109,0.07563025210084033
6,clab-nebula-serf111,35,145,19,17,2,128,0.8947368421052632,0.11724137931034483,0.11564625850340136
6,clab-nebula-serf111,40,150,23,21,2,129,0.9130434782608695,0.14,0.13815789473684212
6,clab-nebula-serf111,45,154,35,34,1,120,0.9714285714285714,0.22077922077922077,0.21935483870967742
6,clab-nebula-serf111,50,158,161,158,3,0,0.9813664596273292,1.0,0.9813664596273292
6,clab-nebula-serf111,55,161,161,161,0,0,1.0,1.0,1.0
6,clab-nebula-serf111,60,161,161,161,0,0,1.0,1.0,1.0
6,clab-nebula-serf109,5,3,0,0,0,3,0,0,0
6,clab-nebula-serf109,10,8,2,0,2,8,0.0,0.0,0.0
6,clab-nebula-serf109,15,26,2,0,2,26,0.0,0.0,0.0
6,clab-nebula-serf109,20,58,23,11,12,47,0.4782608695652174,0.1896551724137931,0.15714285714285714
6,clab-nebula-serf109,25,87,18,12,6,75,0.6666666666666666,0.13793103448275862,0.12903225806451613
6,clab-nebula-serf109,30,130,16,11,5,119,0.6875,0.08461538461538462,0.08148148148148149
6,clab-nebula-serf109,35,145,19,16,3,129,0.8421052631578947,0.1103448275862069,0.10810810810810811
6,clab-nebula-serf109,40,153,21,20,1,133,0.9523809523809523,0.13071895424836602,0.12987012987012986
6,clab-nebula-serf109,45,155,161,155,6,0,0.9627329192546584,1.0,0.9627329192546584
6,clab-nebula-serf109,50,159,161,159,2,0,0.9875776397515528,1.0,0.9875776397515528
6,clab-nebula-serf109,55,161,161,161,0,0,1.0,1.0,1.0
6,clab-nebula-serf109,60,161,161,161,0,0,1.0,1.0,1.0
6,clab-nebula-serf147,5,0,0,0,0,0,0,0,0
6,clab-nebula-serf147,10,0,0,0,0,0,0,0,0
6,clab-nebula-serf147,15,2,1,0,1,2,0.0,0.0,0.0
6,clab-nebula-serf147,20,12,0,0,0,12,0,0.0,0.0
6,clab-nebula-serf147,25,14,14,3,11,11,0.21428571428571427,0.21428571428571427,0.12
6,clab-nebula-serf147,30,27,11,6,5,21,0.5454545454545454,0.2222222222222222,0.1875
6,clab-nebula-serf147,35,48,12,9,3,39,0.75,0.1875,0.17647058823529413
6,clab-nebula-serf147,40,59,26,11,15,48,0.4230769230769231,0.1864406779661017,0.14864864864864866
6,clab-nebula-serf147,45,87,24,17,7,70,0.7083333333333334,0.19540229885057472,0.18085106382978725
6,clab-nebula-serf147,50,120,18,13,5,107,0.7222222222222222,0.10833333333333334,0.104
6,clab-nebula-serf147,55,141,20,18,2,123,0.9,0.1276595744680851,0.1258741258741259
6,clab-nebula-serf147,60,152,20,19,1,133,0.95,0.125,0.12418300653594772
6,clab-nebula-serf4,5,1,0,0,0,1,0,0,0
6,clab-nebula-serf4,10,2,0,0,0,2,0,0.0,0.0
6,clab-nebula-serf4,15,9,3,3,0,6,1.0,0.3333333333333333,0.3333333333333333
6,clab-nebula-serf4,20,16,3,3,0,13,1.0,0.1875,0.1875
6,clab-nebula-serf4,25,23,24,8,16,15,0.3333333333333333,0.34782608695652173,0.20512820512820512
6,clab-nebula-serf4,30,47,36,21,15,26,0.5833333333333334,0.44680851063829785,0.3387096774193548
6,clab-nebula-serf4,35,82,7,5,2,77,0.7142857142857143,0.06097560975609756,0.05952380952380952
6,clab-nebula-serf4,40,92,9,6,3,86,0.6666666666666666,0.06521739130434782,0.06315789473684211
6,clab-nebula-serf4,45,109,10,5,5,104,0.5,0.045871559633027525,0.043859649122807015
6,clab-nebula-serf4,50,120,31,25,6,95,0.8064516129032258,0.20833333333333334,0.1984126984126984
6,clab-nebula-serf4,55,123,31,26,5,97,0.8387096774193549,0.21138211382113822,0.203125
6,clab-nebula-serf4,60,141,33,27,6,114,0.8181818181818182,0.19148936170212766,0.1836734693877551
6,clab-nebula-serf100,5,6,0,0,0,6,0,0,0
6,clab-nebula-serf100,10,7,1,1,0,6,1.0,0.14285714285714285,0.14285714285714285
6,clab-nebula-serf100,15,8,3,0,3,8,0.0,0.0,0.0
6,clab-nebula-serf100,20,14,2,0,2,14,0.0,0.0,0.0
6,clab-nebula-serf100,25,25,20,6,14,19,0.3,0.24,0.15384615384615385
6,clab-nebula-serf100,30,59,24,10,14,49,0.4166666666666667,0.1694915254237288,0.136986301369863
6,clab-nebula-serf100,35,89,18,11,7,78,0.6111111111111112,0.12359550561797752,0.11458333333333333
6,clab-nebula-serf100,40,137,20,18,2,119,0.9,0.13138686131386862,0.12949640287769784
6,clab-nebula-serf100,45,150,20,19,1,131,0.95,0.12666666666666668,0.12582781456953643
6,clab-nebula-serf100,50,159,161,159,2,0,0.9875776397515528,1.0,0.9875776397515528
6,clab-nebula-serf100,55,160,161,160,1,0,0.9937888198757764,1.0,0.9937888198757764
6,clab-nebula-serf100,60,161,161,161,0,0,1.0,1.0,1.0
6,clab-nebula-serf75,5,0,0,0,0,0,0,0,0
6,clab-nebula-serf75,10,7,0,0,0,7,0,0,0
6,clab-nebula-serf75,15,26,4,4,0,22,1.0,0.15384615384615385,0.15384615384615385
6,clab-nebula-serf75,20,41,16,12,4,29,0.75,0.2926829268292683,0.26666666666666666
6,clab-nebula-serf75,25,76,8,3,5,73,0.375,0.039473684210526314,0.037037037037037035
6,clab-nebula-serf75,30,100,10,7,3,93,0.7,0.07,0.06796116504854369
6,clab-nebula-serf75,35,115,11,5,6,110,0.45454545454545453,0.043478260869565216,0.04132231404958678
6,clab-nebula-serf75,40,122,16,12,4,110,0.75,0.09836065573770492,0.09523809523809523
6,clab-nebula-serf75,45,135,31,27,4,108,0.8709677419354839,0.2,0.19424460431654678
6,clab-nebula-serf75,50,154,33,31,2,123,0.9393939393939394,0.2012987012987013,0.1987179487179487
6,clab-nebula-serf75,55,155,161,155,6,0,0.9627329192546584,1.0,0.9627329192546584
6,clab-nebula-serf75,60,158,161,158,3,0,0.9813664596273292,1.0,0.9813664596273292
6,clab-nebula-serf89,5,3,1,1,0,2,1.0,0.3333333333333333,0.3333333333333333
6,clab-nebula-serf89,10,3,3,2,1,1,0.6666666666666666,0.6666666666666666,0.5
6,clab-nebula-serf89,15,8,4,2,2,6,0.5,0.25,0.2
6,clab-nebula-serf89,20,18,16,11,5,7,0.6875,0.6111111111111112,0.4782608695652174
6,clab-nebula-serf89,25,41,23,4,19,37,0.17391304347826086,0.0975609756097561,0.06666666666666667
6,clab-nebula-serf89,30,71,6,2,4,69,0.3333333333333333,0.028169014084507043,0.02666666666666667
6,clab-nebula-serf89,35,97,11,5,6,92,0.45454545454545453,0.05154639175257732,0.04854368932038835
6,clab-nebula-serf89,40,119,31,25,6,94,0.8064516129032258,0.21008403361344538,0.2
6,clab-nebula-serf89,45,127,31,26,5,101,0.8387096774193549,0.2047244094488189,0.19696969696969696
6,clab-nebula-serf89,50,137,33,27,6,110,0.8181818181818182,0.19708029197080293,0.1888111888111888
6,clab-nebula-serf89,55,154,32,31,1,123,0.96875,0.2012987012987013,0.2
6,clab-nebula-serf89,60,158,161,158,3,0,0.9813664596273292,1.0,0.9813664596273292
6,clab-nebula-serf101,5,4,0,0,0,4,0,0,0
6,clab-nebula-serf101,10,7,0,0,0,7,0,0.0,0.0
6,clab-nebula-serf101,15,7,1,0,1,7,0.0,0.0,0.0
6,clab-nebula-serf101,20,10,1,0,1,10,0.0,0.0,0.0
6,clab-nebula-serf101,25,22,8,4,4,18,0.5,0.18181818181818182,0.15384615384615385
6,clab-nebula-serf101,30,47,26,9,17,38,0.34615384615384615,0.19148936170212766,0.140625
6,clab-nebula-serf101,35,79,21,8,13,71,0.38095238095238093,0.10126582278481013,0.08695652173913043
6,clab-nebula-serf101,40,131,10,8,2,123,0.8,0.061068702290076333,0.06015037593984962
6,clab-nebula-serf101,45,148,20,19,1,129,0.95,0.12837837837837837,0.12751677852348994
6,clab-nebula-serf101,50,157,161,157,4,0,0.9751552795031055,1.0,0.9751552795031055
6,clab-nebula-serf101,55,160,161,160,1,0,0.9937888198757764,1.0,0.9937888198757764
6,clab-nebula-serf101,60,161,161,161,0,0,1.0,1.0,1.0
6,clab-nebula-serf105,5,1,0,0,0,1,0,0,0
6,clab-nebula-serf105,10,3,0,0,0,3,0,0,0
6,clab-nebula-serf105,15,8,2,0,2,8,0.0,0.0,0.0
6,clab-nebula-serf105,20,25,3,1,2,24,0.3333333333333333,0.04,0.037037037037037035
6,clab-nebula-serf105,25,54,11,8,3,46,0.7272727272727273,0.14814814814814814,0.14035087719298245
6,clab-nebula-serf105,30,86,17,12,5,74,0.7058823529411765,0.13953488372093023,0.13186813186813187
6,clab-nebula-serf105,35,123,20,13,7,110,0.65,0.10569105691056911,0.1
6,clab-nebula-serf105,40,145,20,17,3,128,0.85,0.11724137931034483,0.11486486486486487
6,clab-nebula-serf105,45,153,21,20,1,133,0.9523809523809523,0.13071895424836602,0.12987012987012986
6,clab-nebula-serf105,50,155,161,155,6,0,0.9627329192546584,1.0,0.9627329192546584
6,clab-nebula-serf105,55,160,161,160,1,0,0.9937888198757764,1.0,0.9937888198757764
6,clab-nebula-serf105,60,161,161,161,0,0,1.0,1.0,1.0
6,clab-nebula-serf65,5,0,0,0,0,0,0,0,0
6,clab-nebula-serf65,10,0,0,0,0,0,0,0,0
6,clab-nebula-serf65,15,0,0,0,0,0,0,0,0
6,clab-nebula-serf65,20,23,11,5,6,18,0.45454545454545453,0.21739130434782608,0.1724137931034483
6,clab-nebula-serf65,25,62,33,24,9,38,0.7272727272727273,0.3870967741935484,0.3380281690140845
6,clab-nebula-serf65,30,95,9,5,4,90,0.5555555555555556,0.05263157894736842,0.050505050505050504
6,clab-nebula-serf65,35,115,12,6,6,109,0.5,0.05217391304347826,0.049586776859504134
6,clab-nebula-serf65,40,122,33,27,6,95,0.8181818181818182,0.22131147540983606,0.2109375
6,clab-nebula-serf65,45,126,31,28,3,98,0.9032258064516129,0.2222222222222222,0.21705426356589147
6,clab-nebula-serf65,50,152,33,31,2,121,0.9393939393939394,0.20394736842105263,0.2012987012987013
6,clab-nebula-serf65,55,154,161,154,7,0,0.9565217391304348,1.0,0.9565217391304348
6,clab-nebula-serf65,60,155,161,155,6,0,0.9627329192546584,1.0,0.9627329192546584
6,clab-nebula-serf68,5,0,0,0,0,0,0,0,0
6,clab-nebula-serf68,10,5,0,0,0,5,0,0,0
6,clab-nebula-serf68,15,27,4,4,0,23,1.0,0.14814814814814814,0.14814814814814814
6,clab-nebula-serf68,20,42,29,22,7,20,0.7586206896551724,0.5238095238095238,0.4489795918367347
6,clab-nebula-serf68,25,79,7,4,3,75,0.5714285714285714,0.05063291139240506,0.04878048780487805
6,clab-nebula-serf68,30,103,12,6,6,97,0.5,0.05825242718446602,0.05504587155963303
6,clab-nebula-serf68,35,116,9,3,6,113,0.3333333333333333,0.02586206896551724,0.02459016393442623
6,clab-nebula-serf68,40,122,16,12,4,110,0.75,0.09836065573770492,0.09523809523809523
6,clab-nebula-serf68,45,135,31,27,4,108,0.8709677419354839,0.2,0.19424460431654678
6,clab-nebula-serf68,50,154,32,31,1,123,0.96875,0.2012987012987013,0.2
6,clab-nebula-serf68,55,154,161,154,7,0,0.9565217391304348,1.0,0.9565217391304348
6,clab-nebula-serf68,60,158,161,158,3,0,0.9813664596273292,1.0,0.9813664596273292
6,clab-nebula-serf94,5,2,0,0,0,2,0,0,0
6,clab-nebula-serf94,10,17,2,1,1,16,0.5,0.058823529411764705,0.05555555555555555
6,clab-nebula-serf94,15,36,19,17,2,19,0.8947368421052632,0.4722222222222222,0.4473684210526316
6,clab-nebula-serf94,20,57,18,13,5,44,0.7222222222222222,0.22807017543859648,0.20967741935483872
6,clab-nebula-serf94,25,81,7,5,2,76,0.7142857142857143,0.06172839506172839,0.060240963855421686
6,clab-nebula-serf94,30,105,9,4,5,101,0.4444444444444444,0.0380952380952381,0.03636363636363636
6,clab-nebula-serf94,35,119,14,4,10,115,0.2857142857142857,0.03361344537815126,0.031007751937984496
6,clab-nebula-serf94,40,129,31,27,4,102,0.8709677419354839,0.20930232558139536,0.20300751879699247
6,clab-nebula-serf94,45,145,32,28,4,117,0.875,0.19310344827586207,0.18791946308724833
6,clab-nebula-serf94,50,154,32,31,1,123,0.96875,0.2012987012987013,0.2
6,clab-nebula-serf94,55,157,161,157,4,0,0.9751552795031055,1.0,0.9751552795031055
6,clab-nebula-serf94,60,161,161,161,0,0,1.0,1.0,1.0
6,clab-nebula-serf103,5,7,0,0,0,7,0,0.0,0.0
6,clab-nebula-serf103,10,7,1,1,0,6,1.0,0.14285714285714285,0.14285714285714285
6,clab-nebula-serf103,15,8,1,0,1,8,0.0,0.0,0.0
6,clab-nebula-serf103,20,16,4,1,3,15,0.25,0.0625,0.05263157894736842
6,clab-nebula-serf103,25,27,18,6,12,21,0.3333333333333333,0.2222222222222222,0.15384615384615385
6,clab-nebula-serf103,30,63,23,10,13,53,0.43478260869565216,0.15873015873015872,0.13157894736842105
6,clab-nebula-serf103,35,102,21,12,9,90,0.5714285714285714,0.11764705882352941,0.10810810810810811
6,clab-nebula-serf103,40,140,20,18,2,122,0.9,0.12857142857142856,0.1267605633802817
6,clab-nebula-serf103,45,150,20,19,1,131,0.95,0.12666666666666668,0.12582781456953643
6,clab-nebula-serf103,50,159,161,159,2,0,0.9875776397515528,1.0,0.9875776397515528
6,clab-nebula-serf103,55,161,161,161,0,0,1.0,1.0,1.0
6,clab-nebula-serf103,60,161,161,161,0,0,1.0,1.0,1.0
6,clab-nebula-serf117,5,0,0,0,0,0,0,0,0
6,clab-nebula-serf117,10,0,0,0,0,0,0,0,0
6,clab-nebula-serf117,15,0,0,0,0,0,0,0,0
6,clab-nebula-serf117,20,0,0,0,0,0,0,0,0
6,clab-nebula-serf117,25,1,0,0,0,1,0,0.0,0.0
6,clab-nebula-serf117,30,3,0,0,0,3,0,0.0,0.0
6,clab-nebula-serf117,35,3,2,0,2,3,0.0,0.0,0.0
6,clab-nebula-serf117,40,3,15,0,15,3,0.0,0.0,0.0
6,clab-nebula-serf117,45,10,7,1,6,9,0.14285714285714285,0.1,0.0625
6,clab-nebula-serf117,50,21,15,2,13,19,0.13333333333333333,0.09523809523809523,0.058823529411764705
6,clab-nebula-serf117,55,45,16,8,8,37,0.5,0.17777777777777778,0.1509433962264151
6,clab-nebula-serf117,60,68,161,68,93,0,0.422360248447205,1.0,0.422360248447205
6,clab-nebula-serf127,5,0,0,0,0,0,0,0,0
6,clab-nebula-serf127,10,4,6,2,4,2,0.3333333333333333,0.5,0.25
6,clab-nebula-serf127,15,13,12,5,7,8,0.4166666666666667,0.38461538461538464,0.25
6,clab-nebula-serf127,20,46,14,9,5,37,0.6428571428571429,0.1956521739130435,0.17647058823529413
6,clab-nebula-serf127,25,60,13,10,3,50,0.7692307692307693,0.16666666666666666,0.15873015873015872
6,clab-nebula-serf127,30,92,15,8,7,84,0.5333333333333333,0.08695652173913043,0.08080808080808081
6,clab-nebula-serf127,35,122,21,17,4,105,0.8095238095238095,0.13934426229508196,0.1349206349206349
6,clab-nebula-serf127,40,138,22,19,3,119,0.8636363636363636,0.13768115942028986,0.1347517730496454
6,clab-nebula-serf127,45,146,21,19,2,127,0.9047619047619048,0.13013698630136986,0.12837837837837837
6,clab-nebula-serf127,50,156,161,156,5,0,0.968944099378882,1.0,0.968944099378882
6,clab-nebula-serf127,55,161,161,161,0,0,1.0,1.0,1.0
6,clab-nebula-serf127,60,161,161,161,0,0,1.0,1.0,1.0
6,clab-nebula-serf129,5,0,0,0,0,0,0,0,0
6,clab-nebula-serf129,10,0,0,0,0,0,0,0,0
6,clab-nebula-serf129,15,2,0,0,0,2,0,0,0
6,clab-nebula-serf129,20,7,0,0,0,7,0,0.0,0.0
6,clab-nebula-serf129,25,17,1,0,1,17,0.0,0.0,0.0
6,clab-nebula-serf129,30,42,12,8,4,34,0.6666666666666666,0.19047619047619047,0.17391304347826086
6,clab-nebula-serf129,35,71,17,9,8,62,0.5294117647058824,0.1267605633802817,0.11392405063291139
6,clab-nebula-serf129,40,123,16,11,5,112,0.6875,0.08943089430894309,0.0859375
6,clab-nebula-serf129,45,142,20,16,4,126,0.8,0.11267605633802817,0.1095890410958904
6,clab-nebula-serf129,50,149,23,21,2,128,0.9130434782608695,0.14093959731543623,0.1390728476821192
6,clab-nebula-serf129,55,155,161,155,6,0,0.9627329192546584,1.0,0.9627329192546584
6,clab-nebula-serf129,60,158,161,158,3,0,0.9813664596273292,1.0,0.9813664596273292
6,clab-nebula-serf155,5,0,0,0,0,0,0,0,0
6,clab-nebula-serf155,10,0,0,0,0,0,0,0,0
6,clab-nebula-serf155,15,1,1,0,1,1,0.0,0.0,0.0
6,clab-nebula-serf155,20,11,0,0,0,11,0,0.0,0.0
6,clab-nebula-serf155,25,14,13,3,10,11,0.23076923076923078,0.21428571428571427,0.125
6,clab-nebula-serf155,30,24,6,4,2,20,0.6666666666666666,0.16666666666666666,0.15384615384615385
6,clab-nebula-serf155,35,43,12,7,5,36,0.5833333333333334,0.16279069767441862,0.14583333333333334
6,clab-nebula-serf155,40,56,26,10,16,46,0.38461538461538464,0.17857142857142858,0.1388888888888889
6,clab-nebula-serf155,45,82,24,16,8,66,0.6666666666666666,0.1951219512195122,0.17777777777777778
6,clab-nebula-serf155,50,117,18,13,5,104,0.7222222222222222,0.1111111111111111,0.10655737704918032
6,clab-nebula-serf155,55,137,20,18,2,119,0.9,0.13138686131386862,0.12949640287769784
6,clab-nebula-serf155,60,150,20,19,1,131,0.95,0.12666666666666668,0.12582781456953643
6,clab-nebula-serf3,5,0,0,0,0,0,0,0,0
6,clab-nebula-serf3,10,2,3,2,1,0,0.6666666666666666,1.0,0.6666666666666666
6,clab-nebula-serf3,15,7,1,0,1,7,0.0,0.0,0.0
6,clab-nebula-serf3,20,13,10,1,9,12,0.1,0.07692307692307693,0.045454545454545456
6,clab-nebula-serf3,25,22,25,7,18,15,0.28,0.3181818181818182,0.175
6,clab-nebula-serf3,30,50,8,2,6,48,0.25,0.04,0.03571428571428571
6,clab-nebula-serf3,35,83,6,2,4,81,0.3333333333333333,0.024096385542168676,0.022988505747126436
6,clab-nebula-serf3,40,96,26,20,6,76,0.7692307692307693,0.20833333333333334,0.19607843137254902
6,clab-nebula-serf3,45,109,29,20,9,89,0.6896551724137931,0.1834862385321101,0.1694915254237288
6,clab-nebula-serf3,50,119,31,24,7,95,0.7741935483870968,0.20168067226890757,0.19047619047619047
6,clab-nebula-serf3,55,123,31,26,5,97,0.8387096774193549,0.21138211382113822,0.203125
6,clab-nebula-serf3,60,141,32,27,5,114,0.84375,0.19148936170212766,0.18493150684931506
6,clab-nebula-serf14,5,0,0,0,0,0,0,0,0
6,clab-nebula-serf14,10,4,0,0,0,4,0,0,0
6,clab-nebula-serf14,15,18,5,4,1,14,0.8,0.2222222222222222,0.21052631578947367
6,clab-nebula-serf14,20,35,17,13,4,22,0.7647058823529411,0.37142857142857144,0.3333333333333333
6,clab-nebula-serf14,25,70,15,13,2,57,0.8666666666666667,0.18571428571428572,0.18055555555555555
6,clab-nebula-serf14,30,88,10,6,4,82,0.6,0.06818181818181818,0.06521739130434782
6,clab-nebula-serf14,35,102,13,7,6,95,0.5384615384615384,0.06862745098039216,0.06481481481481481
