hilbert_order,q_node,t,gt,found,tp,fp,fn,precision,recall,jaccard
2,clab-nebula-serf130,5,0,8,0,8,0,0.0,0.0,0.0
2,clab-nebula-serf130,10,0,8,0,8,0,0.0,0.0,0.0
2,clab-nebula-serf130,15,0,8,0,8,0,0.0,0.0,0.0
2,clab-nebula-serf130,20,13,134,13,121,0,0.09701492537313433,1.0,0.09701492537313433
2,clab-nebula-serf130,25,14,134,14,120,0,0.1044776119402985,1.0,0.1044776119402985
2,clab-nebula-serf130,30,24,161,24,137,0,0.14906832298136646,1.0,0.14906832298136646
2,clab-nebula-serf130,35,41,161,41,120,0,0.2546583850931677,1.0,0.2546583850931677
2,clab-nebula-serf130,40,53,161,53,108,0,0.32919254658385094,1.0,0.32919254658385094
2,clab-nebula-serf130,45,84,161,84,77,0,0.5217391304347826,1.0,0.5217391304347826
2,clab-nebula-serf130,50,111,161,111,50,0,0.6894409937888198,1.0,0.6894409937888198
2,clab-nebula-serf130,55,136,161,136,25,0,0.84472049689441,1.0,0.84472049689441
2,clab-nebula-serf130,60,146,161,146,15,0,0.906832298136646,1.0,0.906832298136646
2,clab-nebula-serf161,5,4,32,4,28,0,0.125,1.0,0.125
2,clab-nebula-serf161,10,4,32,4,28,0,0.125,1.0,0.125
2,clab-nebula-serf161,15,5,55,5,50,0,0.09090909090909091,1.0,0.09090909090909091
2,clab-nebula-serf161,20,10,155,10,145,0,0.06451612903225806,1.0,0.06451612903225806
2,clab-nebula-serf161,25,22,155,22,133,0,0.14193548387096774,1.0,0.14193548387096774
2,clab-nebula-serf161,30,36,155,36,119,0,0.23225806451612904,1.0,0.23225806451612904
2,clab-nebula-serf161,35,42,155,42,113,0,0.2709677419354839,1.0,0.2709677419354839
2,clab-nebula-serf161,40,58,155,58,97,0,0.3741935483870968,1.0,0.3741935483870968
2,clab-nebula-serf161,45,79,155,79,76,0,0.5096774193548387,1.0,0.5096774193548387
2,clab-nebula-serf161,50,117,155,117,38,0,0.7548387096774194,1.0,0.7548387096774194
2,clab-nebula-serf161,55,139,155,137,18,2,0.8838709677419355,0.9856115107913669,0.8726114649681529
2,clab-nebula-serf161,60,149,155,147,8,2,0.9483870967741935,0.9865771812080537,0.9363057324840764
2,clab-nebula-serf32,5,3,62,3,59,0,0.04838709677419355,1.0,0.04838709677419355
2,clab-nebula-serf32,10,19,62,19,43,0,0.3064516129032258,1.0,0.3064516129032258
2,clab-nebula-serf32,15,32,128,32,96,0,0.25,1.0,0.25
2,clab-nebula-serf32,20,59,128,59,69,0,0.4609375,1.0,0.4609375
2,clab-nebula-serf32,25,88,161,88,73,0,0.546583850931677,1.0,0.546583850931677
2,clab-nebula-serf32,30,95,161,95,66,0,0.5900621118012422,1.0,0.5900621118012422
2,clab-nebula-serf32,35,108,161,108,53,0,0.6708074534161491,1.0,0.6708074534161491
2,clab-nebula-serf32,40,121,161,121,40,0,0.7515527950310559,1.0,0.7515527950310559
2,clab-nebula-serf32,45,124,161,124,37,0,0.7701863354037267,1.0,0.7701863354037267
2,clab-nebula-serf32,50,137,161,137,24,0,0.8509316770186336,1.0,0.8509316770186336
2,clab-nebula-serf32,55,154,161,154,7,0,0.9565217391304348,1.0,0.9565217391304348
2,clab-nebula-serf32,60,155,161,155,6,0,0.9627329192546584,1.0,0.9627329192546584
2,clab-nebula-serf63,5,0,4,0,4,0,0.0,0.0,0.0
2,clab-nebula-serf63,10,0,4,0,4,0,0.0,0.0,0.0
2,clab-nebula-serf63,15,6,125,6,119,0,0.048,1.0,0.048
2,clab-nebula-serf63,20,32,127,32,95,0,0.25196850393700787,1.0,0.25196850393700787
2,clab-nebula-serf63,25,64,127,64,63,0,0.5039370078740157,1.0,0.5039370078740157
2,clab-nebula-serf63,30,84,127,82,45,2,0.6456692913385826,0.9761904761904762,0.6356589147286822
2,clab-nebula-serf63,35,103,127,99,28,4,0.7795275590551181,0.9611650485436893,0.7557251908396947
2,clab-nebula-serf63,40,119,161,119,42,0,0.7391304347826086,1.0,0.7391304347826086
2,clab-nebula-serf63,45,124,161,124,37,0,0.7701863354037267,1.0,0.7701863354037267
2,clab-nebula-serf63,50,128,161,128,33,0,0.7950310559006211,1.0,0.7950310559006211
2,clab-nebula-serf63,55,154,130,127,3,27,0.9769230769230769,0.8246753246753247,0.8089171974522293
2,clab-nebula-serf63,60,154,130,127,3,27,0.9769230769230769,0.8246753246753247,0.8089171974522293
2,clab-nebula-serf45,5,2,62,2,60,0,0.03225806451612903,1.0,0.03225806451612903
2,clab-nebula-serf45,10,8,118,8,110,0,0.06779661016949153,1.0,0.06779661016949153
2,clab-nebula-serf45,15,22,128,22,106,0,0.171875,1.0,0.171875
2,clab-nebula-serf45,20,40,128,40,88,0,0.3125,1.0,0.3125
2,clab-nebula-serf45,25,80,128,80,48,0,0.625,1.0,0.625
2,clab-nebula-serf45,30,90,128,88,40,2,0.6875,0.9777777777777777,0.676923076923077
2,clab-nebula-serf45,35,118,155,116,39,2,0.7483870967741936,0.9830508474576272,0.7388535031847133
2,clab-nebula-serf45,40,121,155,119,36,2,0.7677419354838709,0.9834710743801653,0.7579617834394905
2,clab-nebula-serf45,45,124,155,122,33,2,0.7870967741935484,0.9838709677419355,0.7770700636942676
2,clab-nebula-serf45,50,145,155,143,12,2,0.9225806451612903,0.9862068965517241,0.910828025477707
2,clab-nebula-serf45,55,154,155,152,3,2,0.9806451612903225,0.987012987012987,0.9681528662420382
2,clab-nebula-serf45,60,155,155,153,2,2,0.9870967741935484,0.9870967741935484,0.9745222929936306
2,clab-nebula-serf49,5,4,62,4,58,0,0.06451612903225806,1.0,0.06451612903225806
2,clab-nebula-serf49,10,14,118,14,104,0,0.11864406779661017,1.0,0.11864406779661017
2,clab-nebula-serf49,15,30,128,30,98,0,0.234375,1.0,0.234375
2,clab-nebula-serf49,20,67,128,67,61,0,0.5234375,1.0,0.5234375
2,clab-nebula-serf49,25,84,128,84,44,0,0.65625,1.0,0.65625
2,clab-nebula-serf49,30,106,155,104,51,2,0.6709677419354839,0.9811320754716981,0.6624203821656051
2,clab-nebula-serf49,35,121,155,119,36,2,0.7677419354838709,0.9834710743801653,0.7579617834394905
2,clab-nebula-serf49,40,124,155,122,33,2,0.7870967741935484,0.9838709677419355,0.7770700636942676
2,clab-nebula-serf49,45,135,155,133,22,2,0.8580645161290322,0.9851851851851852,0.8471337579617835
2,clab-nebula-serf49,50,154,155,152,3,2,0.9806451612903225,0.987012987012987,0.9681528662420382
2,clab-nebula-serf49,55,154,155,152,3,2,0.9806451612903225,0.987012987012987,0.9681528662420382
2,clab-nebula-serf49,60,157,155,155,0,2,1.0,0.9872611464968153,0.9872611464968153
2,clab-nebula-serf83,5,0,4,0,4,0,0.0,0.0,0.0
2,clab-nebula-serf83,10,3,130,3,127,0,0.023076923076923078,1.0,0.023076923076923078
2,clab-nebula-serf83,15,14,161,14,147,0,0.08695652173913043,1.0,0.08695652173913043
2,clab-nebula-serf83,20,33,161,33,128,0,0.20496894409937888,1.0,0.20496894409937888
2,clab-nebula-serf83,25,50,161,50,111,0,0.3105590062111801,1.0,0.3105590062111801
2,clab-nebula-serf83,30,79,161,79,82,0,0.4906832298136646,1.0,0.4906832298136646
2,clab-nebula-serf83,35,109,161,109,52,0,0.6770186335403726,1.0,0.6770186335403726
2,clab-nebula-serf83,40,119,161,119,42,0,0.7391304347826086,1.0,0.7391304347826086
2,clab-nebula-serf83,45,128,161,128,33,0,0.7950310559006211,1.0,0.7950310559006211
2,clab-nebula-serf83,50,140,161,140,21,0,0.8695652173913043,1.0,0.8695652173913043
2,clab-nebula-serf83,55,154,161,154,7,0,0.9565217391304348,1.0,0.9565217391304348
2,clab-nebula-serf83,60,156,161,156,5,0,0.968944099378882,1.0,0.968944099378882
2,clab-nebula-serf91,5,3,52,3,49,0,0.057692307692307696,1.0,0.057692307692307696
2,clab-nebula-serf91,10,17,155,17,138,0,0.10967741935483871,1.0,0.10967741935483871
2,clab-nebula-serf91,15,36,161,36,125,0,0.2236024844720497,1.0,0.2236024844720497
2,clab-nebula-serf91,20,56,161,56,105,0,0.34782608695652173,1.0,0.34782608695652173
2,clab-nebula-serf91,25,81,161,81,80,0,0.5031055900621118,1.0,0.5031055900621118
2,clab-nebula-serf91,30,112,161,112,49,0,0.6956521739130435,1.0,0.6956521739130435
2,clab-nebula-serf91,35,119,161,119,42,0,0.7391304347826086,1.0,0.7391304347826086
2,clab-nebula-serf91,40,129,161,129,32,0,0.8012422360248447,1.0,0.8012422360248447
2,clab-nebula-serf91,45,146,161,146,15,0,0.906832298136646,1.0,0.906832298136646
2,clab-nebula-serf91,50,154,161,154,7,0,0.9565217391304348,1.0,0.9565217391304348
2,clab-nebula-serf91,55,157,161,157,4,0,0.9751552795031055,1.0,0.9751552795031055
2,clab-nebula-serf91,60,161,161,161,0,0,1.0,1.0,1.0
2,clab-nebula-serf136,5,0,8,0,8,0,0.0,0.0,0.0
2,clab-nebula-serf136,10,0,8,0,8,0,0.0,0.0,0.0
2,clab-nebula-serf136,15,2,24,2,22,0,0.08333333333333333,1.0,0.08333333333333333
2,clab-nebula-serf136,20,14,134,14,120,0,0.1044776119402985,1.0,0.1044776119402985
2,clab-nebula-serf136,25,18,161,18,143,0,0.11180124223602485,1.0,0.11180124223602485
2,clab-nebula-serf136,30,28,161,28,133,0,0.17391304347826086,1.0,0.17391304347826086
2,clab-nebula-serf136,35,45,161,45,116,0,0.2795031055900621,1.0,0.2795031055900621
2,clab-nebula-serf136,40,66,161,66,95,0,0.40993788819875776,1.0,0.40993788819875776
2,clab-nebula-serf136,45,95,161,95,66,0,0.5900621118012422,1.0,0.5900621118012422
2,clab-nebula-serf136,50,124,161,124,37,0,0.7701863354037267,1.0,0.7701863354037267
2,clab-nebula-serf136,55,137,161,137,24,0,0.8509316770186336,1.0,0.8509316770186336
2,clab-nebula-serf136,60,149,161,149,12,0,0.9254658385093167,1.0,0.9254658385093167
2,clab-nebula-serf146,5,0,2,0,2,0,0.0,0.0,0.0
2,clab-nebula-serf146,10,0,2,0,2,0,0.0,0.0,0.0
2,clab-nebula-serf146,15,1,13,1,12,0,0.07692307692307693,1.0,0.07692307692307693
2,clab-nebula-serf146,20,5,131,5,126,0,0.03816793893129771,1.0,0.03816793893129771
2,clab-nebula-serf146,25,8,134,8,126,0,0.05970149253731343,1.0,0.05970149253731343
2,clab-nebula-serf146,30,16,134,15,119,1,0.11194029850746269,0.9375,0.1111111111111111
2,clab-nebula-serf146,35,44,134,39,95,5,0.291044776119403,0.8863636363636364,0.2805755395683453
2,clab-nebula-serf146,40,58,161,58,103,0,0.36024844720496896,1.0,0.36024844720496896
2,clab-nebula-serf146,45,78,151,69,82,9,0.45695364238410596,0.8846153846153846,0.43125
2,clab-nebula-serf146,50,114,151,105,46,9,0.695364238410596,0.9210526315789473,0.65625
2,clab-nebula-serf146,55,137,151,127,24,10,0.8410596026490066,0.927007299270073,0.7888198757763976
2,clab-nebula-serf146,60,146,151,136,15,10,0.9006622516556292,0.9315068493150684,0.84472049689441
2,clab-nebula-serf12,5,0,2,0,2,0,0.0,0.0,0.0
2,clab-nebula-serf12,10,5,36,5,31,0,0.1388888888888889,1.0,0.1388888888888889
2,clab-nebula-serf12,15,19,52,18,34,1,0.34615384615384615,0.9473684210526315,0.33962264150943394
2,clab-nebula-serf12,20,38,101,32,69,6,0.31683168316831684,0.8421052631578947,0.29906542056074764
2,clab-nebula-serf12,25,71,128,71,57,0,0.5546875,1.0,0.5546875
2,clab-nebula-serf12,30,88,128,84,44,4,0.65625,0.9545454545454546,0.6363636363636364
2,clab-nebula-serf12,35,102,155,100,55,2,0.6451612903225806,0.9803921568627451,0.6369426751592356
2,clab-nebula-serf12,40,119,155,117,38,2,0.7548387096774194,0.9831932773109243,0.7452229299363057
2,clab-nebula-serf12,45,121,155,119,36,2,0.7677419354838709,0.9834710743801653,0.7579617834394905
2,clab-nebula-serf12,50,127,155,125,30,2,0.8064516129032258,0.984251968503937,0.7961783439490446
2,clab-nebula-serf12,55,153,155,151,4,2,0.9741935483870968,0.9869281045751634,0.9617834394904459
2,clab-nebula-serf12,60,155,155,153,2,2,0.9870967741935484,0.9870967741935484,0.9745222929936306
2,clab-nebula-serf19,5,0,6,0,6,0,0.0,0.0,0.0
2,clab-nebula-serf19,10,5,62,5,57,0,0.08064516129032258,1.0,0.08064516129032258
2,clab-nebula-serf19,15,23,128,23,105,0,0.1796875,1.0,0.1796875
2,clab-nebula-serf19,20,44,101,37,64,7,0.36633663366336633,0.8409090909090909,0.3425925925925926
2,clab-nebula-serf19,25,73,128,73,55,0,0.5703125,1.0,0.5703125
2,clab-nebula-serf19,30,90,128,86,42,4,0.671875,0.9555555555555556,0.6515151515151515
2,clab-nebula-serf19,35,105,155,103,52,2,0.6645161290322581,0.9809523809523809,0.6560509554140127
2,clab-nebula-serf19,40,120,155,118,37,2,0.7612903225806451,0.9833333333333333,0.7515923566878981
2,clab-nebula-serf19,45,123,155,121,34,2,0.7806451612903226,0.983739837398374,0.7707006369426752
2,clab-nebula-serf19,50,142,155,140,15,2,0.9032258064516129,0.9859154929577465,0.89171974522293
2,clab-nebula-serf19,55,153,155,151,4,2,0.9741935483870968,0.9869281045751634,0.9617834394904459
2,clab-nebula-serf19,60,157,155,155,0,2,1.0,0.9872611464968153,0.9872611464968153
2,clab-nebula-serf80,5,0,4,0,4,0,0.0,0.0,0.0
2,clab-nebula-serf80,10,14,115,14,101,0,0.12173913043478261,1.0,0.12173913043478261
2,clab-nebula-serf80,15,32,155,32,123,0,0.2064516129032258,1.0,0.2064516129032258
2,clab-nebula-serf80,20,55,155,55,100,0,0.3548387096774194,1.0,0.3548387096774194
2,clab-nebula-serf80,25,84,155,82,73,2,0.5290322580645161,0.9761904761904762,0.5222929936305732
2,clab-nebula-serf80,30,110,161,110,51,0,0.6832298136645962,1.0,0.6832298136645962
2,clab-nebula-serf80,35,120,161,120,41,0,0.7453416149068323,1.0,0.7453416149068323
2,clab-nebula-serf80,40,127,161,127,34,0,0.7888198757763976,1.0,0.7888198757763976
2,clab-nebula-serf80,45,152,161,152,9,0,0.9440993788819876,1.0,0.9440993788819876
2,clab-nebula-serf80,50,154,161,154,7,0,0.9565217391304348,1.0,0.9565217391304348
2,clab-nebula-serf80,55,156,161,156,5,0,0.968944099378882,1.0,0.968944099378882
2,clab-nebula-serf80,60,159,161,159,2,0,0.9875776397515528,1.0,0.9875776397515528
2,clab-nebula-serf111,5,1,8,1,7,0,0.125,1.0,0.125
2,clab-nebula-serf111,10,7,26,7,19,0,0.2692307692307692,1.0,0.2692307692307692
2,clab-nebula-serf111,15,17,55,17,38,0,0.3090909090909091,1.0,0.3090909090909091
2,clab-nebula-serf111,20,47,155,47,108,0,0.3032258064516129,1.0,0.3032258064516129
2,clab-nebula-serf111,25,73,155,73,82,0,0.47096774193548385,1.0,0.47096774193548385
2,clab-nebula-serf111,30,111,155,109,46,2,0.7032258064516129,0.9819819819819819,0.6942675159235668
2,clab-nebula-serf111,35,145,155,143,12,2,0.9225806451612903,0.9862068965517241,0.910828025477707
2,clab-nebula-serf111,40,150,155,148,7,2,0.9548387096774194,0.9866666666666667,0.9426751592356688
2,clab-nebula-serf111,45,154,155,152,3,2,0.9806451612903225,0.987012987012987,0.9681528662420382
2,clab-nebula-serf111,50,158,161,158,3,0,0.9813664596273292,1.0,0.9813664596273292
2,clab-nebula-serf111,55,161,161,161,0,0,1.0,1.0,1.0
2,clab-nebula-serf111,60,161,161,161,0,0,1.0,1.0,1.0
2,clab-nebula-serf109,5,3,9,3,6,0,0.3333333333333333,1.0,0.3333333333333333
2,clab-nebula-serf109,10,8,29,8,21,0,0.27586206896551724,1.0,0.27586206896551724
2,clab-nebula-serf109,15,26,155,26,129,0,0.16774193548387098,1.0,0.16774193548387098
2,clab-nebula-serf109,20,58,155,58,97,0,0.3741935483870968,1.0,0.3741935483870968
2,clab-nebula-serf109,25,87,155,87,68,0,0.5612903225806452,1.0,0.5612903225806452
2,clab-nebula-serf109,30,130,155,128,27,2,0.8258064516129032,0.9846153846153847,0.8152866242038217
2,clab-nebula-serf109,35,145,155,143,12,2,0.9225806451612903,0.9862068965517241,0.910828025477707
2,clab-nebula-serf109,40,153,155,151,4,2,0.9741935483870968,0.9869281045751634,0.9617834394904459
2,clab-nebula-serf109,45,155,155,153,2,2,0.9870967741935484,0.9870967741935484,0.9745222929936306
2,clab-nebula-serf109,50,159,161,159,2,0,0.9875776397515528,1.0,0.9875776397515528
2,clab-nebula-serf109,55,161,161,161,0,0,1.0,1.0,1.0
2,clab-nebula-serf109,60,161,161,161,0,0,1.0,1.0,1.0
2,clab-nebula-serf147,5,0,7,0,7,0,0.0,0.0,0.0
2,clab-nebula-serf147,10,0,7,0,7,0,0.0,0.0,0.0
2,clab-nebula-serf147,15,2,25,2,23,0,0.08,1.0,0.08
2,clab-nebula-serf147,20,12,56,12,44,0,0.21428571428571427,1.0,0.21428571428571427
2,clab-nebula-serf147,25,14,57,14,43,0,0.24561403508771928,1.0,0.24561403508771928
2,clab-nebula-serf147,30,27,155,27,128,0,0.17419354838709677,1.0,0.17419354838709677
2,clab-nebula-serf147,35,48,155,48,107,0,0.3096774193548387,1.0,0.3096774193548387
2,clab-nebula-serf147,40,59,155,59,96,0,0.38064516129032255,1.0,0.38064516129032255
2,clab-nebula-serf147,45,87,155,87,68,0,0.5612903225806452,1.0,0.5612903225806452
2,clab-nebula-serf147,50,120,155,120,35,0,0.7741935483870968,1.0,0.7741935483870968
2,clab-nebula-serf147,55,141,155,139,16,2,0.896774193548387,0.9858156028368794,0.8853503184713376
2,clab-nebula-serf147,60,152,155,150,5,2,0.967741935483871,0.9868421052631579,0.9554140127388535
2,clab-nebula-serf4,5,1,68,1,67,0,0.014705882352941176,1.0,0.014705882352941176
2,clab-nebula-serf4,10,2,68,2,66,0,0.029411764705882353,1.0,0.029411764705882353
2,clab-nebula-serf4,15,9,68,9,59,0,0.1323529411764706,1.0,0.1323529411764706
2,clab-nebula-serf4,20,16,68,16,52,0,0.23529411764705882,1.0,0.23529411764705882
2,clab-nebula-serf4,25,23,68,22,46,1,0.3235294117647059,0.9565217391304348,0.3188405797101449
2,clab-nebula-serf4,30,47,101,41,60,6,0.40594059405940597,0.8723404255319149,0.38317757009345793
2,clab-nebula-serf4,35,82,128,78,50,4,0.609375,0.9512195121951219,0.5909090909090909
2,clab-nebula-serf4,40,92,128,88,40,4,0.6875,0.9565217391304348,0.6666666666666666
2,clab-nebula-serf4,45,109,155,107,48,2,0.6903225806451613,0.981651376146789,0.6815286624203821
2,clab-nebula-serf4,50,120,155,118,37,2,0.7612903225806451,0.9833333333333333,0.7515923566878981
2,clab-nebula-serf4,55,123,155,121,34,2,0.7806451612903226,0.983739837398374,0.7707006369426752
2,clab-nebula-serf4,60,141,155,139,16,2,0.896774193548387,0.9858156028368794,0.8853503184713376
2,clab-nebula-serf100,5,6,131,6,125,0,0.04580152671755725,1.0,0.04580152671755725
2,clab-nebula-serf100,10,7,131,7,124,0,0.05343511450381679,1.0,0.05343511450381679
2,clab-nebula-serf100,15,8,144,7,137,1,0.04861111111111111,0.875,0.04827586206896552
2,clab-nebula-serf100,20,14,161,14,147,0,0.08695652173913043,1.0,0.08695652173913043
2,clab-nebula-serf100,25,25,161,25,136,0,0.15527950310559005,1.0,0.15527950310559005
2,clab-nebula-serf100,30,59,161,59,102,0,0.36645962732919257,1.0,0.36645962732919257
2,clab-nebula-serf100,35,89,151,80,71,9,0.5298013245033113,0.898876404494382,0.5
2,clab-nebula-serf100,40,137,115,92,23,45,0.8,0.6715328467153284,0.575
2,clab-nebula-serf100,45,150,115,105,10,45,0.9130434782608695,0.7,0.65625
2,clab-nebula-serf100,50,159,115,113,2,46,0.9826086956521739,0.710691823899371,0.7018633540372671
2,clab-nebula-serf100,55,160,115,114,1,46,0.991304347826087,0.7125,0.7080745341614907
2,clab-nebula-serf100,60,161,115,115,0,46,1.0,0.7142857142857143,0.7142857142857143
2,clab-nebula-serf75,5,0,8,0,8,0,0.0,0.0,0.0
2,clab-nebula-serf75,10,7,45,7,38,0,0.15555555555555556,1.0,0.15555555555555556
2,clab-nebula-serf75,15,26,127,26,101,0,0.2047244094488189,1.0,0.2047244094488189
2,clab-nebula-serf75,20,41,127,41,86,0,0.3228346456692913,1.0,0.3228346456692913
2,clab-nebula-serf75,25,76,161,76,85,0,0.4720496894409938,1.0,0.4720496894409938
2,clab-nebula-serf75,30,100,161,100,61,0,0.6211180124223602,1.0,0.6211180124223602
2,clab-nebula-serf75,35,115,161,115,46,0,0.7142857142857143,1.0,0.7142857142857143
2,clab-nebula-serf75,40,122,161,122,39,0,0.7577639751552795,1.0,0.7577639751552795
2,clab-nebula-serf75,45,135,161,135,26,0,0.8385093167701864,1.0,0.8385093167701864
2,clab-nebula-serf75,50,154,161,154,7,0,0.9565217391304348,1.0,0.9565217391304348
2,clab-nebula-serf75,55,155,161,155,6,0,0.9627329192546584,1.0,0.9627329192546584
2,clab-nebula-serf75,60,158,161,158,3,0,0.9813664596273292,1.0,0.9813664596273292
2,clab-nebula-serf89,5,3,32,3,29,0,0.09375,1.0,0.09375
2,clab-nebula-serf89,10,3,32,3,29,0,0.09375,1.0,0.09375
2,clab-nebula-serf89,15,8,74,4,70,4,0.05405405405405406,0.5,0.05128205128205128
2,clab-nebula-serf89,20,18,144,15,129,3,0.10416666666666667,0.8333333333333334,0.10204081632653061
2,clab-nebula-serf89,25,41,151,39,112,2,0.2582781456953642,0.9512195121951219,0.2549019607843137
2,clab-nebula-serf89,30,71,105,50,55,21,0.47619047619047616,0.704225352112676,0.3968253968253968
2,clab-nebula-serf89,35,97,105,66,39,31,0.6285714285714286,0.6804123711340206,0.4852941176470588
2,clab-nebula-serf89,40,119,105,80,25,39,0.7619047619047619,0.6722689075630253,0.5555555555555556
2,clab-nebula-serf89,45,127,101,87,14,40,0.8613861386138614,0.6850393700787402,0.6170212765957447
2,clab-nebula-serf89,50,137,101,94,7,43,0.9306930693069307,0.6861313868613139,0.6527777777777778
2,clab-nebula-serf89,55,154,101,98,3,56,0.9702970297029703,0.6363636363636364,0.6242038216560509
2,clab-nebula-serf89,60,158,101,101,0,57,1.0,0.6392405063291139,0.6392405063291139
2,clab-nebula-serf101,5,4,131,4,127,0,0.030534351145038167,1.0,0.030534351145038167
2,clab-nebula-serf101,10,7,131,7,124,0,0.05343511450381679,1.0,0.05343511450381679
2,clab-nebula-serf101,15,7,131,7,124,0,0.05343511450381679,1.0,0.05343511450381679
2,clab-nebula-serf101,20,10,161,10,151,0,0.062111801242236024,1.0,0.062111801242236024
2,clab-nebula-serf101,25,22,161,22,139,0,0.13664596273291926,1.0,0.13664596273291926
2,clab-nebula-serf101,30,47,161,47,114,0,0.2919254658385093,1.0,0.2919254658385093
2,clab-nebula-serf101,35,79,151,70,81,9,0.46357615894039733,0.8860759493670886,0.4375
2,clab-nebula-serf101,40,131,115,87,28,44,0.7565217391304347,0.6641221374045801,0.5471698113207547
2,clab-nebula-serf101,45,148,115,103,12,45,0.8956521739130435,0.6959459459459459,0.64375
2,clab-nebula-serf101,50,157,115,111,4,46,0.9652173913043478,0.7070063694267515,0.6894409937888198
2,clab-nebula-serf101,55,160,115,114,1,46,0.991304347826087,0.7125,0.7080745341614907
2,clab-nebula-serf101,60,161,115,115,0,46,1.0,0.7142857142857143,0.7142857142857143
2,clab-nebula-serf105,5,1,9,1,8,0,0.1111111111111111,1.0,0.1111111111111111
2,clab-nebula-serf105,10,3,9,3,6,0,0.3333333333333333,1.0,0.3333333333333333
2,clab-nebula-serf105,15,8,29,8,21,0,0.27586206896551724,1.0,0.27586206896551724
2,clab-nebula-serf105,20,25,155,25,130,0,0.16129032258064516,1.0,0.16129032258064516
2,clab-nebula-serf105,25,54,155,54,101,0,0.34838709677419355,1.0,0.34838709677419355
2,clab-nebula-serf105,30,86,155,86,69,0,0.5548387096774193,1.0,0.5548387096774193
2,clab-nebula-serf105,35,123,143,110,33,13,0.7692307692307693,0.8943089430894309,0.7051282051282052
2,clab-nebula-serf105,40,145,130,118,12,27,0.9076923076923077,0.8137931034482758,0.7515923566878981
2,clab-nebula-serf105,45,153,130,126,4,27,0.9692307692307692,0.8235294117647058,0.802547770700637
2,clab-nebula-serf105,50,155,130,128,2,27,0.9846153846153847,0.8258064516129032,0.8152866242038217
2,clab-nebula-serf105,55,160,161,160,1,0,0.9937888198757764,1.0,0.9937888198757764
2,clab-nebula-serf105,60,161,161,161,0,0,1.0,1.0,1.0
2,clab-nebula-serf65,5,0,1,0,1,0,0.0,0.0,0.0
2,clab-nebula-serf65,10,0,1,0,1,0,0.0,0.0,0.0
2,clab-nebula-serf65,15,0,1,0,1,0,0.0,0.0,0.0
2,clab-nebula-serf65,20,23,155,23,132,0,0.14838709677419354,1.0,0.14838709677419354
2,clab-nebula-serf65,25,62,155,62,93,0,0.4,1.0,0.4
2,clab-nebula-serf65,30,95,144,86,58,9,0.5972222222222222,0.9052631578947369,0.5620915032679739
2,clab-nebula-serf65,35,115,144,105,39,10,0.7291666666666666,0.9130434782608695,0.6818181818181818
2,clab-nebula-serf65,40,122,161,122,39,0,0.7577639751552795,1.0,0.7577639751552795
2,clab-nebula-serf65,45,126,161,126,35,0,0.782608695652174,1.0,0.782608695652174
2,clab-nebula-serf65,50,152,143,138,5,14,0.965034965034965,0.9078947368421053,0.8789808917197452
2,clab-nebula-serf65,55,154,143,140,3,14,0.9790209790209791,0.9090909090909091,0.89171974522293
2,clab-nebula-serf65,60,155,143,141,2,14,0.986013986013986,0.9096774193548387,0.8980891719745223
2,clab-nebula-serf68,5,0,8,0,8,0,0.0,0.0,0.0
2,clab-nebula-serf68,10,5,45,5,40,0,0.1111111111111111,1.0,0.1111111111111111
2,clab-nebula-serf68,15,27,115,27,88,0,0.23478260869565218,1.0,0.23478260869565218
2,clab-nebula-serf68,20,42,155,42,113,0,0.2709677419354839,1.0,0.2709677419354839
2,clab-nebula-serf68,25,79,155,77,78,2,0.4967741935483871,0.9746835443037974,0.49044585987261147
2,clab-nebula-serf68,30,103,161,103,58,0,0.639751552795031,1.0,0.639751552795031
2,clab-nebula-serf68,35,116,161,116,45,0,0.7204968944099379,1.0,0.7204968944099379
2,clab-nebula-serf68,40,122,161,122,39,0,0.7577639751552795,1.0,0.7577639751552795
2,clab-nebula-serf68,45,135,161,135,26,0,0.8385093167701864,1.0,0.8385093167701864
2,clab-nebula-serf68,50,154,161,154,7,0,0.9565217391304348,1.0,0.9565217391304348
2,clab-nebula-serf68,55,154,161,154,7,0,0.9565217391304348,1.0,0.9565217391304348
2,clab-nebula-serf68,60,158,161,158,3,0,0.9813664596273292,1.0,0.9813664596273292
2,clab-nebula-serf94,5,2,52,2,50,0,0.038461538461538464,1.0,0.038461538461538464
2,clab-nebula-serf94,10,17,155,17,138,0,0.10967741935483871,1.0,0.10967741935483871
2,clab-nebula-serf94,15,36,161,36,125,0,0.2236024844720497,1.0,0.2236024844720497
2,clab-nebula-serf94,20,57,161,57,104,0,0.35403726708074534,1.0,0.35403726708074534
2,clab-nebula-serf94,25,81,161,81,80,0,0.5031055900621118,1.0,0.5031055900621118
2,clab-nebula-serf94,30,105,161,105,56,0,0.6521739130434783,1.0,0.6521739130434783
2,clab-nebula-serf94,35,119,161,119,42,0,0.7391304347826086,1.0,0.7391304347826086
2,clab-nebula-serf94,40,129,161,129,32,0,0.8012422360248447,1.0,0.8012422360248447
2,clab-nebula-serf94,45,145,161,145,16,0,0.9006211180124224,1.0,0.9006211180124224
2,clab-nebula-serf94,50,154,161,154,7,0,0.9565217391304348,1.0,0.9565217391304348
2,clab-nebula-serf94,55,157,161,157,4,0,0.9751552795031055,1.0,0.9751552795031055
2,clab-nebula-serf94,60,161,161,161,0,0,1.0,1.0,1.0
2,clab-nebula-serf103,5,7,131,7,124,0,0.05343511450381679,1.0,0.05343511450381679
2,clab-nebula-serf103,10,7,131,7,124,0,0.05343511450381679,1.0,0.05343511450381679
2,clab-nebula-serf103,15,8,151,7,144,1,0.046357615894039736,0.875,0.046052631578947366
2,clab-nebula-serf103,20,16,161,16,145,0,0.09937888198757763,1.0,0.09937888198757763
2,clab-nebula-serf103,25,27,161,27,134,0,0.16770186335403728,1.0,0.16770186335403728
2,clab-nebula-serf103,30,63,161,63,98,0,0.391304347826087,1.0,0.391304347826087
2,clab-nebula-serf103,35,102,151,93,58,9,0.6158940397350994,0.9117647058823529,0.58125
2,clab-nebula-serf103,40,140,115,95,20,45,0.8260869565217391,0.6785714285714286,0.59375
2,clab-nebula-serf103,45,150,115,105,10,45,0.9130434782608695,0.7,0.65625
2,clab-nebula-serf103,50,159,115,113,2,46,0.9826086956521739,0.710691823899371,0.7018633540372671
2,clab-nebula-serf103,55,161,115,115,0,46,1.0,0.7142857142857143,0.7142857142857143
2,clab-nebula-serf103,60,161,115,115,0,46,1.0,0.7142857142857143,0.7142857142857143
2,clab-nebula-serf117,5,0,0,0,0,0,0.0,0.0,0.0
2,clab-nebula-serf117,10,0,0,0,0,0,0.0,0.0,0.0
2,clab-nebula-serf117,15,0,0,0,0,0,0.0,0.0,0.0
2,clab-nebula-serf117,20,0,0,0,0,0,0.0,0.0,0.0
2,clab-nebula-serf117,25,1,101,1,100,0,0.009900990099009901,1.0,0.009900990099009901
2,clab-nebula-serf117,30,3,101,3,98,0,0.0297029702970297,1.0,0.0297029702970297
2,clab-nebula-serf117,35,3,101,3,98,0,0.0297029702970297,1.0,0.0297029702970297
2,clab-nebula-serf117,40,3,101,3,98,0,0.0297029702970297,1.0,0.0297029702970297
2,clab-nebula-serf117,45,10,131,10,121,0,0.07633587786259542,1.0,0.07633587786259542
2,clab-nebula-serf117,50,21,105,14,91,7,0.13333333333333333,0.6666666666666666,0.125
2,clab-nebula-serf117,55,45,101,19,82,26,0.18811881188118812,0.4222222222222222,0.14960629921259844
2,clab-nebula-serf117,60,68,101,29,72,39,0.2871287128712871,0.4264705882352941,0.20714285714285716
2,clab-nebula-serf127,5,0,1,0,1,0,0.0,0.0,0.0
2,clab-nebula-serf127,10,4,155,4,151,0,0.025806451612903226,1.0,0.025806451612903226
2,clab-nebula-serf127,15,13,155,13,142,0,0.08387096774193549,1.0,0.08387096774193549
2,clab-nebula-serf127,20,46,155,46,109,0,0.2967741935483871,1.0,0.2967741935483871
2,clab-nebula-serf127,25,60,161,60,101,0,0.37267080745341613,1.0,0.37267080745341613
2,clab-nebula-serf127,30,92,155,92,63,0,0.5935483870967742,1.0,0.5935483870967742
2,clab-nebula-serf127,35,122,155,121,34,1,0.7806451612903226,0.9918032786885246,0.7756410256410257
2,clab-nebula-serf127,40,138,155,136,19,2,0.8774193548387097,0.9855072463768116,0.8662420382165605
2,clab-nebula-serf127,45,146,155,144,11,2,0.9290322580645162,0.9863013698630136,0.9171974522292994
2,clab-nebula-serf127,50,156,161,156,5,0,0.968944099378882,1.0,0.968944099378882
2,clab-nebula-serf127,55,161,161,161,0,0,1.0,1.0,1.0
2,clab-nebula-serf127,60,161,161,161,0,0,1.0,1.0,1.0
2,clab-nebula-serf129,5,0,8,0,8,0,0.0,0.0,0.0
2,clab-nebula-serf129,10,0,8,0,8,0,0.0,0.0,0.0
2,clab-nebula-serf129,15,2,57,2,55,0,0.03508771929824561,1.0,0.03508771929824561
2,clab-nebula-serf129,20,7,57,7,50,0,0.12280701754385964,1.0,0.12280701754385964
2,clab-nebula-serf129,25,17,155,17,138,0,0.10967741935483871,1.0,0.10967741935483871
2,clab-nebula-serf129,30,42,155,42,113,0,0.2709677419354839,1.0,0.2709677419354839
2,clab-nebula-serf129,35,71,155,71,84,0,0.45806451612903226,1.0,0.45806451612903226
2,clab-nebula-serf129,40,123,155,121,34,2,0.7806451612903226,0.983739837398374,0.7707006369426752
2,clab-nebula-serf129,45,142,155,140,15,2,0.9032258064516129,0.9859154929577465,0.89171974522293
2,clab-nebula-serf129,50,149,144,136,8,13,0.9444444444444444,0.912751677852349,0.8662420382165605
2,clab-nebula-serf129,55,155,144,142,2,13,0.9861111111111112,0.9161290322580645,0.9044585987261147
2,clab-nebula-serf129,60,158,144,144,0,14,1.0,0.9113924050632911,0.9113924050632911
2,clab-nebula-serf155,5,0,7,0,7,0,0.0,0.0,0.0
2,clab-nebula-serf155,10,0,7,0,7,0,0.0,0.0,0.0
2,clab-nebula-serf155,15,1,22,1,21,0,0.045454545454545456,1.0,0.045454545454545456
2,clab-nebula-serf155,20,11,25,11,14,0,0.44,1.0,0.44
2,clab-nebula-serf155,25,14,57,14,43,0,0.24561403508771928,1.0,0.24561403508771928
2,clab-nebula-serf155,30,24,155,24,131,0,0.15483870967741936,1.0,0.15483870967741936
2,clab-nebula-serf155,35,43,155,43,112,0,0.27741935483870966,1.0,0.27741935483870966
2,clab-nebula-serf155,40,56,155,56,99,0,0.36129032258064514,1.0,0.36129032258064514
2,clab-nebula-serf155,45,82,155,82,73,0,0.5290322580645161,1.0,0.5290322580645161
2,clab-nebula-serf155,50,117,155,117,38,0,0.7548387096774194,1.0,0.7548387096774194
2,clab-nebula-serf155,55,137,155,135,20,2,0.8709677419354839,0.9854014598540146,0.8598726114649682
2,clab-nebula-serf155,60,150,155,148,7,2,0.9548387096774194,0.9866666666666667,0.9426751592356688
2,clab-nebula-serf3,5,0,0,0,0,0,0.0,0.0,0.0
2,clab-nebula-serf3,10,2,37,2,35,0,0.05405405405405406,1.0,0.05405405405405406
2,clab-nebula-serf3,15,7,37,7,30,0,0.1891891891891892,1.0,0.1891891891891892
2,clab-nebula-serf3,20,13,37,11,26,2,0.2972972972972973,0.8461538461538461,0.28205128205128205
2,clab-nebula-serf3,25,22,58,21,37,1,0.3620689655172414,0.9545454545454546,0.3559322033898305
2,clab-nebula-serf3,30,50,155,48,107,2,0.3096774193548387,0.96,0.3057324840764331
2,clab-nebula-serf3,35,83,155,81,74,2,0.5225806451612903,0.9759036144578314,0.5159235668789809
2,clab-nebula-serf3,40,96,155,94,61,2,0.6064516129032258,0.9791666666666666,0.5987261146496815
2,clab-nebula-serf3,45,109,155,107,48,2,0.6903225806451613,0.981651376146789,0.6815286624203821
2,clab-nebula-serf3,50,119,155,117,38,2,0.7548387096774194,0.9831932773109243,0.7452229299363057
2,clab-nebula-serf3,55,123,155,121,34,2,0.7806451612903226,0.983739837398374,0.7707006369426752
2,clab-nebula-serf3,60,141,155,139,16,2,0.896774193548387,0.9858156028368794,0.8853503184713376
2,clab-nebula-serf14,5,0,0,0,0,0,0.0,0.0,0.0
2,clab-nebula-serf14,10,4,64,4,60,0,0.0625,1.0,0.0625
2,clab-nebula-serf14,15,18,128,18,110,0,0.140625,1.0,0.140625
2,clab-nebula-serf14,20,35,128,35,93,0,0.2734375,1.0,0.2734375
2,clab-nebula-serf14,25,70,118,67,51,3,0.5677966101694916,0.9571428571428572,0.5537190082644629
2,clab-nebula-serf14,30,88,118,79,39,9,0.6694915254237288,0.8977272727272727,0.6220472440944882
2,clab-nebula-serf14,35,102,144,98,46,4,0.6805555555555556,0.9607843137254902,0.6621621621621622
2,clab-nebula-serf14,40,119,144,109,35,10,0.7569444444444444,0.9159663865546218,0.7077922077922078
2,clab-nebula-serf14,45,121,144,111,33,10,0.7708333333333334,0.9173553719008265,0.7207792207792207
2,clab-nebula-serf14,50,126,144,115,29,11,0.7986111111111112,0.9126984126984127,0.7419354838709677
2,clab-nebula-serf14,55,151,130,127,3,24,0.9769230769230769,0.8410596026490066,0.8246753246753247
2,clab-nebula-serf14,60,155,130,128,2,27,0.9846153846153847,0.8258064516129032,0.8152866242038217
2,clab-nebula-serf142,5,0,0,0,0,0,0.0,0.0,0.0
2,clab-nebula-serf142,10,0,0,0,0,0,0.0,0.0,0.0
2,clab-nebula-serf142,15,1,13,1,12,0,0.07692307692307693,1.0,0.07692307692307693
2,clab-nebula-serf142,20,1,13,1,12,0,0.07692307692307693,1.0,0.07692307692307693
2,clab-nebula-serf142,25,7,131,7,124,0,0.05343511450381679,1.0,0.05343511450381679
2,clab-nebula-serf142,30,14,134,14,120,0,0.1044776119402985,1.0,0.1044776119402985
2,clab-nebula-serf142,35,30,134,28,106,2,0.208955223880597,0.9333333333333333,0.20588235294117646
2,clab-nebula-serf142,40,54,161,54,107,0,0.33540372670807456,1.0,0.33540372670807456
2,clab-nebula-serf142,45,59,161,59,102,0,0.36645962732919257,1.0,0.36645962732919257
2,clab-nebula-serf142,50,95,151,86,65,9,0.5695364238410596,0.9052631578947369,0.5375
2,clab-nebula-serf142,55,126,151,116,35,10,0.7682119205298014,0.9206349206349206,0.7204968944099379
2,clab-nebula-serf142,60,140,151,130,21,10,0.8609271523178808,0.9285714285714286,0.8074534161490683
2,clab-nebula-serf96,5,4,15,4,11,0,0.26666666666666666,1.0,0.26666666666666666
2,clab-nebula-serf96,10,7,131,7,124,0,0.05343511450381679,1.0,0.05343511450381679
2,clab-nebula-serf96,15,7,131,7,124,0,0.05343511450381679,1.0,0.05343511450381679
2,clab-nebula-serf96,20,9,161,9,152,0,0.055900621118012424,1.0,0.055900621118012424
2,clab-nebula-serf96,25,20,161,20,141,0,0.12422360248447205,1.0,0.12422360248447205
2,clab-nebula-serf96,30,41,161,41,120,0,0.2546583850931677,1.0,0.2546583850931677
2,clab-nebula-serf96,35,77,151,68,83,9,0.4503311258278146,0.8831168831168831,0.425
2,clab-nebula-serf96,40,121,115,78,37,43,0.6782608695652174,0.6446280991735537,0.4936708860759494
2,clab-nebula-serf96,45,147,115,102,13,45,0.8869565217391304,0.6938775510204082,0.6375
2,clab-nebula-serf96,50,153,115,107,8,46,0.9304347826086956,0.6993464052287581,0.6645962732919255
2,clab-nebula-serf96,55,160,115,114,1,46,0.991304347826087,0.7125,0.7080745341614907
2,clab-nebula-serf96,60,161,115,115,0,46,1.0,0.7142857142857143,0.7142857142857143
2,clab-nebula-serf116,5,0,0,0,0,0,0.0,0.0,0.0
2,clab-nebula-serf116,10,0,0,0,0,0,0.0,0.0,0.0
2,clab-nebula-serf116,15,0,0,0,0,0,0.0,0.0,0.0
2,clab-nebula-serf116,20,0,0,0,0,0,0.0,0.0,0.0
2,clab-nebula-serf116,25,0,0,0,0,0,0.0,0.0,0.0
2,clab-nebula-serf116,30,0,0,0,0,0,0.0,0.0,0.0
2,clab-nebula-serf116,35,1,1,1,0,0,1.0,1.0,1.0
2,clab-nebula-serf116,40,1,1,1,0,0,1.0,1.0,1.0
2,clab-nebula-serf116,45,6,161,6,155,0,0.037267080745341616,1.0,0.037267080745341616
2,clab-nebula-serf116,50,14,161,14,147,0,0.08695652173913043,1.0,0.08695652173913043
2,clab-nebula-serf116,55,40,161,40,121,0,0.2484472049689441,1.0,0.2484472049689441
2,clab-nebula-serf116,60,88,161,88,73,0,0.546583850931677,1.0,0.546583850931677
2,clab-nebula-serf56,5,9,128,9,119,0,0.0703125,1.0,0.0703125
2,clab-nebula-serf56,10,24,128,24,104,0,0.1875,1.0,0.1875
2,clab-nebula-serf56,15,64,128,64,64,0,0.5,1.0,0.5
2,clab-nebula-serf56,20,83,128,81,47,2,0.6328125,0.9759036144578314,0.6230769230769231
2,clab-nebula-serf56,25,97,128,93,35,4,0.7265625,0.9587628865979382,0.7045454545454546
2,clab-nebula-serf56,30,118,155,116,39,2,0.7483870967741936,0.9830508474576272,0.7388535031847133
2,clab-nebula-serf56,35,121,155,119,36,2,0.7677419354838709,0.9834710743801653,0.7579617834394905
2,clab-nebula-serf56,40,125,155,123,32,2,0.7935483870967742,0.984,0.7834394904458599
2,clab-nebula-serf56,45,151,139,136,3,15,0.9784172661870504,0.9006622516556292,0.8831168831168831
2,clab-nebula-serf56,50,154,139,136,3,18,0.9784172661870504,0.8831168831168831,0.8662420382165605
2,clab-nebula-serf56,55,157,139,139,0,18,1.0,0.8853503184713376,0.8853503184713376
2,clab-nebula-serf56,60,158,139,139,0,19,1.0,0.879746835443038,0.879746835443038
2,clab-nebula-serf59,5,5,125,5,120,0,0.04,1.0,0.04
2,clab-nebula-serf59,10,26,127,26,101,0,0.2047244094488189,1.0,0.2047244094488189
2,clab-nebula-serf59,15,63,127,63,64,0,0.49606299212598426,1.0,0.49606299212598426
2,clab-nebula-serf59,20,83,127,81,46,2,0.6377952755905512,0.9759036144578314,0.627906976744186
2,clab-nebula-serf59,25,99,127,94,33,5,0.7401574803149606,0.9494949494949495,0.7121212121212122
2,clab-nebula-serf59,30,119,161,119,42,0,0.7391304347826086,1.0,0.7391304347826086
2,clab-nebula-serf59,35,124,161,124,37,0,0.7701863354037267,1.0,0.7701863354037267
2,clab-nebula-serf59,40,128,161,128,33,0,0.7950310559006211,1.0,0.7950310559006211
2,clab-nebula-serf59,45,153,139,136,3,17,0.9784172661870504,0.8888888888888888,0.8717948717948718
2,clab-nebula-serf59,50,154,139,136,3,18,0.9784172661870504,0.8831168831168831,0.8662420382165605
2,clab-nebula-serf59,55,157,139,139,0,18,1.0,0.8853503184713376,0.8853503184713376
2,clab-nebula-serf59,60,161,161,161,0,0,1.0,1.0,1.0
2,clab-nebula-serf70,5,3,45,3,42,0,0.06666666666666667,1.0,0.06666666666666667
2,clab-nebula-serf70,10,19,127,19,108,0,0.14960629921259844,1.0,0.14960629921259844
2,clab-nebula-serf70,15,36,127,36,91,0,0.28346456692913385,1.0,0.28346456692913385
2,clab-nebula-serf70,20,66,161,66,95,0,0.40993788819875776,1.0,0.40993788819875776
2,clab-nebula-serf70,25,87,161,87,74,0,0.5403726708074534,1.0,0.5403726708074534
2,clab-nebula-serf70,30,110,161,110,51,0,0.6832298136645962,1.0,0.6832298136645962
2,clab-nebula-serf70,35,119,161,119,42,0,0.7391304347826086,1.0,0.7391304347826086
2,clab-nebula-serf70,40,124,161,124,37,0,0.7701863354037267,1.0,0.7701863354037267
2,clab-nebula-serf70,45,147,161,147,14,0,0.9130434782608695,1.0,0.9130434782608695
2,clab-nebula-serf70,50,154,161,154,7,0,0.9565217391304348,1.0,0.9565217391304348
2,clab-nebula-serf70,55,158,161,158,3,0,0.9813664596273292,1.0,0.9813664596273292
2,clab-nebula-serf70,60,161,161,161,0,0,1.0,1.0,1.0
2,clab-nebula-serf81,5,1,6,1,5,0,0.16666666666666666,1.0,0.16666666666666666
2,clab-nebula-serf81,10,22,127,22,105,0,0.1732283464566929,1.0,0.1732283464566929
2,clab-nebula-serf81,15,39,127,39,88,0,0.30708661417322836,1.0,0.30708661417322836
2,clab-nebula-serf81,20,68,155,67,88,1,0.432258064516129,0.9852941176470589,0.42948717948717946
2,clab-nebula-serf81,25,90,155,88,67,2,0.567741935483871,0.9777777777777777,0.5605095541401274
2,clab-nebula-serf81,30,114,161,114,47,0,0.7080745341614907,1.0,0.7080745341614907
2,clab-nebula-serf81,35,121,161,121,40,0,0.7515527950310559,1.0,0.7515527950310559
2,clab-nebula-serf81,40,130,161,130,31,0,0.8074534161490683,1.0,0.8074534161490683
2,clab-nebula-serf81,45,153,161,153,8,0,0.9503105590062112,1.0,0.9503105590062112
2,clab-nebula-serf81,50,154,161,154,7,0,0.9565217391304348,1.0,0.9565217391304348
2,clab-nebula-serf81,55,157,161,157,4,0,0.9751552795031055,1.0,0.9751552795031055
2,clab-nebula-serf81,60,161,161,161,0,0,1.0,1.0,1.0
2,clab-nebula-serf95,5,0,9,0,9,0,0.0,0.0,0.0
2,clab-nebula-serf95,10,10,118,10,108,0,0.0847457627118644,1.0,0.0847457627118644
2,clab-nebula-serf95,15,30,155,30,125,0,0.1935483870967742,1.0,0.1935483870967742
2,clab-nebula-serf95,20,50,161,50,111,0,0.3105590062111801,1.0,0.3105590062111801
2,clab-nebula-serf95,25,80,161,80,81,0,0.4968944099378882,1.0,0.4968944099378882
2,clab-nebula-serf95,30,104,161,104,57,0,0.6459627329192547,1.0,0.6459627329192547
2,clab-nebula-serf95,35,119,161,119,42,0,0.7391304347826086,1.0,0.7391304347826086
2,clab-nebula-serf95,40,124,161,124,37,0,0.7701863354037267,1.0,0.7701863354037267
2,clab-nebula-serf95,45,142,161,142,19,0,0.8819875776397516,1.0,0.8819875776397516
2,clab-nebula-serf95,50,154,161,154,7,0,0.9565217391304348,1.0,0.9565217391304348
2,clab-nebula-serf95,55,154,161,154,7,0,0.9565217391304348,1.0,0.9565217391304348
2,clab-nebula-serf95,60,159,161,159,2,0,0.9875776397515528,1.0,0.9875776397515528
2,clab-nebula-serf114,5,1,6,1,5,0,0.16666666666666666,1.0,0.16666666666666666
2,clab-nebula-serf114,10,1,6,1,5,0,0.16666666666666666,1.0,0.16666666666666666
2,clab-nebula-serf114,15,2,128,2,126,0,0.015625,1.0,0.015625
2,clab-nebula-serf114,20,17,161,17,144,0,0.10559006211180125,1.0,0.10559006211180125
2,clab-nebula-serf114,25,25,161,25,136,0,0.15527950310559005,1.0,0.15527950310559005
2,clab-nebula-serf114,30,53,161,53,108,0,0.32919254658385094,1.0,0.32919254658385094
2,clab-nebula-serf114,35,92,161,92,69,0,0.5714285714285714,1.0,0.5714285714285714
2,clab-nebula-serf114,40,134,161,134,27,0,0.8322981366459627,1.0,0.8322981366459627
2,clab-nebula-serf114,45,152,161,152,9,0,0.9440993788819876,1.0,0.9440993788819876
2,clab-nebula-serf114,50,158,161,158,3,0,0.9813664596273292,1.0,0.9813664596273292
2,clab-nebula-serf114,55,161,161,161,0,0,1.0,1.0,1.0
2,clab-nebula-serf114,60,161,161,161,0,0,1.0,1.0,1.0
2,clab-nebula-serf9,5,1,52,1,51,0,0.019230769230769232,1.0,0.019230769230769232
2,clab-nebula-serf9,10,8,52,8,44,0,0.15384615384615385,1.0,0.15384615384615385
2,clab-nebula-serf9,15,17,64,15,49,2,0.234375,0.8823529411764706,0.22727272727272727
2,clab-nebula-serf9,20,36,101,31,70,5,0.3069306930693069,0.8611111111111112,0.29245283018867924
2,clab-nebula-serf9,25,71,128,69,59,2,0.5390625,0.971830985915493,0.5307692307692308
2,clab-nebula-serf9,30,87,128,83,45,4,0.6484375,0.9540229885057471,0.6287878787878788
2,clab-nebula-serf9,35,101,155,99,56,2,0.6387096774193548,0.9801980198019802,0.6305732484076433
2,clab-nebula-serf9,40,116,155,114,41,2,0.7354838709677419,0.9827586206896551,0.7261146496815286
2,clab-nebula-serf9,45,120,155,118,37,2,0.7612903225806451,0.9833333333333333,0.7515923566878981
2,clab-nebula-serf9,50,125,155,123,32,2,0.7935483870967742,0.984,0.7834394904458599
2,clab-nebula-serf9,55,151,155,149,6,2,0.9612903225806452,0.9867549668874173,0.9490445859872612
2,clab-nebula-serf9,60,154,155,152,3,2,0.9806451612903225,0.987012987012987,0.9681528662420382
2,clab-nebula-serf17,5,1,38,1,37,0,0.02631578947368421,1.0,0.02631578947368421
2,clab-nebula-serf17,10,12,61,10,51,2,0.16393442622950818,0.8333333333333334,0.15873015873015872
2,clab-nebula-serf17,15,30,128,30,98,0,0.234375,1.0,0.234375
2,clab-nebula-serf17,20,66,128,66,62,0,0.515625,1.0,0.515625
2,clab-nebula-serf17,25,85,128,83,45,2,0.6484375,0.9764705882352941,0.6384615384615384
2,clab-nebula-serf17,30,96,128,92,36,4,0.71875,0.9583333333333334,0.696969696969697
2,clab-nebula-serf17,35,116,155,114,41,2,0.7354838709677419,0.9827586206896551,0.7261146496815286
2,clab-nebula-serf17,40,121,155,119,36,2,0.7677419354838709,0.9834710743801653,0.7579617834394905
2,clab-nebula-serf17,45,124,155,122,33,2,0.7870967741935484,0.9838709677419355,0.7770700636942676
2,clab-nebula-serf17,50,150,155,148,7,2,0.9548387096774194,0.9866666666666667,0.9426751592356688
2,clab-nebula-serf17,55,154,155,152,3,2,0.9806451612903225,0.987012987012987,0.9681528662420382
2,clab-nebula-serf17,60,157,155,155,0,2,1.0,0.9872611464968153,0.9872611464968153
2,clab-nebula-serf139,5,0,8,0,8,0,0.0,0.0,0.0
2,clab-nebula-serf139,10,0,8,0,8,0,0.0,0.0,0.0
2,clab-nebula-serf139,15,5,128,5,123,0,0.0390625,1.0,0.0390625
2,clab-nebula-serf139,20,14,134,14,120,0,0.1044776119402985,1.0,0.1044776119402985
2,clab-nebula-serf139,25,21,161,21,140,0,0.13043478260869565,1.0,0.13043478260869565
2,clab-nebula-serf139,30,31,161,31,130,0,0.19254658385093168,1.0,0.19254658385093168
2,clab-nebula-serf139,35,45,161,45,116,0,0.2795031055900621,1.0,0.2795031055900621
2,clab-nebula-serf139,40,65,161,65,96,0,0.40372670807453415,1.0,0.40372670807453415
2,clab-nebula-serf139,45,95,161,95,66,0,0.5900621118012422,1.0,0.5900621118012422
2,clab-nebula-serf139,50,121,161,121,40,0,0.7515527950310559,1.0,0.7515527950310559
2,clab-nebula-serf139,55,137,161,137,24,0,0.8509316770186336,1.0,0.8509316770186336
2,clab-nebula-serf139,60,149,161,149,12,0,0.9254658385093167,1.0,0.9254658385093167
2,clab-nebula-serf52,5,1,20,1,19,0,0.05,1.0,0.05
2,clab-nebula-serf52,10,12,128,12,116,0,0.09375,1.0,0.09375
2,clab-nebula-serf52,15,38,128,38,90,0,0.296875,1.0,0.296875
2,clab-nebula-serf52,20,69,128,69,59,0,0.5390625,1.0,0.5390625
2,clab-nebula-serf52,25,88,128,84,44,4,0.65625,0.9545454545454546,0.6363636363636364
2,clab-nebula-serf52,30,106,155,104,51,2,0.6709677419354839,0.9811320754716981,0.6624203821656051
2,clab-nebula-serf52,35,119,155,117,38,2,0.7548387096774194,0.9831932773109243,0.7452229299363057
2,clab-nebula-serf52,40,124,155,122,33,2,0.7870967741935484,0.9838709677419355,0.7770700636942676
2,clab-nebula-serf52,45,134,155,132,23,2,0.8516129032258064,0.9850746268656716,0.8407643312101911
2,clab-nebula-serf52,50,154,139,136,3,18,0.9784172661870504,0.8831168831168831,0.8662420382165605
2,clab-nebula-serf52,55,154,139,136,3,18,0.9784172661870504,0.8831168831168831,0.8662420382165605
2,clab-nebula-serf52,60,157,139,139,0,18,1.0,0.8853503184713376,0.8853503184713376
2,clab-nebula-serf71,5,0,4,0,4,0,0.0,0.0,0.0
2,clab-nebula-serf71,10,15,115,15,100,0,0.13043478260869565,1.0,0.13043478260869565
2,clab-nebula-serf71,15,33,115,32,83,1,0.2782608695652174,0.9696969696969697,0.27586206896551724
2,clab-nebula-serf71,20,57,161,57,104,0,0.35403726708074534,1.0,0.35403726708074534
2,clab-nebula-serf71,25,83,161,83,78,0,0.515527950310559,1.0,0.515527950310559
2,clab-nebula-serf71,30,107,161,107,54,0,0.6645962732919255,1.0,0.6645962732919255
2,clab-nebula-serf71,35,119,161,119,42,0,0.7391304347826086,1.0,0.7391304347826086
2,clab-nebula-serf71,40,124,161,124,37,0,0.7701863354037267,1.0,0.7701863354037267
2,clab-nebula-serf71,45,146,161,146,15,0,0.906832298136646,1.0,0.906832298136646
2,clab-nebula-serf71,50,154,161,154,7,0,0.9565217391304348,1.0,0.9565217391304348
2,clab-nebula-serf71,55,156,161,156,5,0,0.968944099378882,1.0,0.968944099378882
2,clab-nebula-serf71,60,161,161,161,0,0,1.0,1.0,1.0
2,clab-nebula-serf26,5,3,62,3,59,0,0.04838709677419355,1.0,0.04838709677419355
2,clab-nebula-serf26,10,19,62,19,43,0,0.3064516129032258,1.0,0.3064516129032258
2,clab-nebula-serf26,15,31,128,31,97,0,0.2421875,1.0,0.2421875
2,clab-nebula-serf26,20,58,161,58,103,0,0.36024844720496896,1.0,0.36024844720496896
2,clab-nebula-serf26,25,87,161,87,74,0,0.5403726708074534,1.0,0.5403726708074534
2,clab-nebula-serf26,30,94,161,94,67,0,0.5838509316770186,1.0,0.5838509316770186
2,clab-nebula-serf26,35,108,161,108,53,0,0.6708074534161491,1.0,0.6708074534161491
2,clab-nebula-serf26,40,121,161,121,40,0,0.7515527950310559,1.0,0.7515527950310559
2,clab-nebula-serf26,45,124,161,124,37,0,0.7701863354037267,1.0,0.7701863354037267
2,clab-nebula-serf26,50,137,161,137,24,0,0.8509316770186336,1.0,0.8509316770186336
2,clab-nebula-serf26,55,154,161,154,7,0,0.9565217391304348,1.0,0.9565217391304348
2,clab-nebula-serf26,60,155,161,155,6,0,0.9627329192546584,1.0,0.9627329192546584
2,clab-nebula-serf34,5,1,61,1,60,0,0.01639344262295082,1.0,0.01639344262295082
2,clab-nebula-serf34,10,9,128,9,119,0,0.0703125,1.0,0.0703125
2,clab-nebula-serf34,15,27,128,27,101,0,0.2109375,1.0,0.2109375
2,clab-nebula-serf34,20,67,128,67,61,0,0.5234375,1.0,0.5234375
2,clab-nebula-serf34,25,85,128,83,45,2,0.6484375,0.9764705882352941,0.6384615384615384
2,clab-nebula-serf34,30,95,161,95,66,0,0.5900621118012422,1.0,0.5900621118012422
2,clab-nebula-serf34,35,112,161,112,49,0,0.6956521739130435,1.0,0.6956521739130435
2,clab-nebula-serf34,40,121,161,121,40,0,0.7515527950310559,1.0,0.7515527950310559
2,clab-nebula-serf34,45,124,161,124,37,0,0.7701863354037267,1.0,0.7701863354037267
2,clab-nebula-serf34,50,149,161,149,12,0,0.9254658385093167,1.0,0.9254658385093167
2,clab-nebula-serf34,55,154,161,154,7,0,0.9565217391304348,1.0,0.9565217391304348
2,clab-nebula-serf34,60,156,161,156,5,0,0.968944099378882,1.0,0.968944099378882
2,clab-nebula-serf126,5,0,1,0,1,0,0.0,0.0,0.0
2,clab-nebula-serf126,10,3,15,3,12,0,0.2,1.0,0.2
2,clab-nebula-serf126,15,15,155,15,140,0,0.0967741935483871,1.0,0.0967741935483871
2,clab-nebula-serf126,20,47,161,47,114,0,0.2919254658385093,1.0,0.2919254658385093
2,clab-nebula-serf126,25,59,161,59,102,0,0.36645962732919257,1.0,0.36645962732919257
2,clab-nebula-serf126,30,92,161,92,69,0,0.5714285714285714,1.0,0.5714285714285714
2,clab-nebula-serf126,35,121,161,121,40,0,0.7515527950310559,1.0,0.7515527950310559
2,clab-nebula-serf126,40,138,161,138,23,0,0.8571428571428571,1.0,0.8571428571428571
2,clab-nebula-serf126,45,146,161,146,15,0,0.906832298136646,1.0,0.906832298136646
2,clab-nebula-serf126,50,156,161,156,5,0,0.968944099378882,1.0,0.968944099378882
2,clab-nebula-serf126,55,161,161,161,0,0,1.0,1.0,1.0
2,clab-nebula-serf126,60,161,161,161,0,0,1.0,1.0,1.0
2,clab-nebula-serf36,5,0,5,0,5,0,0.0,0.0,0.0
2,clab-nebula-serf36,10,2,65,2,63,0,0.03076923076923077,1.0,0.03076923076923077
2,clab-nebula-serf36,15,17,122,17,105,0,0.13934426229508196,1.0,0.13934426229508196
2,clab-nebula-serf36,20,53,128,53,75,0,0.4140625,1.0,0.4140625
2,clab-nebula-serf36,25,79,128,78,50,1,0.609375,0.9873417721518988,0.6046511627906976
2,clab-nebula-serf36,30,92,161,92,69,0,0.5714285714285714,1.0,0.5714285714285714
2,clab-nebula-serf36,35,108,161,108,53,0,0.6708074534161491,1.0,0.6708074534161491
2,clab-nebula-serf36,40,121,161,121,40,0,0.7515527950310559,1.0,0.7515527950310559
2,clab-nebula-serf36,45,124,161,124,37,0,0.7701863354037267,1.0,0.7701863354037267
2,clab-nebula-serf36,50,137,161,137,24,0,0.8509316770186336,1.0,0.8509316770186336
2,clab-nebula-serf36,55,154,161,154,7,0,0.9565217391304348,1.0,0.9565217391304348
2,clab-nebula-serf36,60,154,161,154,7,0,0.9565217391304348,1.0,0.9565217391304348
2,clab-nebula-serf82,5,0,0,0,0,0,0.0,0.0,0.0
2,clab-nebula-serf82,10,0,0,0,0,0,0.0,0.0,0.0
2,clab-nebula-serf82,15,0,0,0,0,0,0.0,0.0,0.0
2,clab-nebula-serf82,20,0,0,0,0,0,0.0,0.0,0.0
2,clab-nebula-serf82,25,0,0,0,0,0,0.0,0.0,0.0
2,clab-nebula-serf82,30,0,0,0,0,0,0.0,0.0,0.0
2,clab-nebula-serf82,35,16,127,16,111,0,0.12598425196850394,1.0,0.12598425196850394
2,clab-nebula-serf82,40,61,127,61,66,0,0.48031496062992124,1.0,0.48031496062992124
2,clab-nebula-serf82,45,94,155,94,61,0,0.6064516129032258,1.0,0.6064516129032258
2,clab-nebula-serf82,50,111,155,109,46,2,0.7032258064516129,0.9819819819819819,0.6942675159235668
2,clab-nebula-serf82,55,121,155,119,36,2,0.7677419354838709,0.9834710743801653,0.7579617834394905
2,clab-nebula-serf82,60,148,143,134,9,14,0.9370629370629371,0.9054054054054054,0.8535031847133758
2,clab-nebula-serf85,5,0,4,0,4,0,0.0,0.0,0.0
2,clab-nebula-serf85,10,4,130,4,126,0,0.03076923076923077,1.0,0.03076923076923077
2,clab-nebula-serf85,15,19,161,19,142,0,0.11801242236024845,1.0,0.11801242236024845
2,clab-nebula-serf85,20,35,161,35,126,0,0.21739130434782608,1.0,0.21739130434782608
2,clab-nebula-serf85,25,57,161,57,104,0,0.35403726708074534,1.0,0.35403726708074534
2,clab-nebula-serf85,30,82,161,82,79,0,0.5093167701863354,1.0,0.5093167701863354
2,clab-nebula-serf85,35,111,161,111,50,0,0.6894409937888198,1.0,0.6894409937888198
2,clab-nebula-serf85,40,119,161,119,42,0,0.7391304347826086,1.0,0.7391304347826086
2,clab-nebula-serf85,45,134,161,134,27,0,0.8322981366459627,1.0,0.8322981366459627
2,clab-nebula-serf85,50,149,161,149,12,0,0.9254658385093167,1.0,0.9254658385093167
2,clab-nebula-serf85,55,154,161,154,7,0,0.9565217391304348,1.0,0.9565217391304348
2,clab-nebula-serf85,60,157,161,157,4,0,0.9751552795031055,1.0,0.9751552795031055
2,clab-nebula-serf97,5,5,31,5,26,0,0.16129032258064516,1.0,0.16129032258064516
2,clab-nebula-serf97,10,7,31,7,24,0,0.22580645161290322,1.0,0.22580645161290322
2,clab-nebula-serf97,15,7,31,7,24,0,0.22580645161290322,1.0,0.22580645161290322
2,clab-nebula-serf97,20,9,161,9,152,0,0.055900621118012424,1.0,0.055900621118012424
2,clab-nebula-serf97,25,17,161,17,144,0,0.10559006211180125,1.0,0.10559006211180125
2,clab-nebula-serf97,30,41,161,41,120,0,0.2546583850931677,1.0,0.2546583850931677
2,clab-nebula-serf97,35,80,151,71,80,9,0.47019867549668876,0.8875,0.44375
2,clab-nebula-serf97,40,126,115,82,33,44,0.7130434782608696,0.6507936507936508,0.5157232704402516
2,clab-nebula-serf97,45,149,115,104,11,45,0.9043478260869565,0.697986577181208,0.65
2,clab-nebula-serf97,50,159,115,113,2,46,0.9826086956521739,0.710691823899371,0.7018633540372671
2,clab-nebula-serf97,55,161,115,115,0,46,1.0,0.7142857142857143,0.7142857142857143
2,clab-nebula-serf97,60,161,115,115,0,46,1.0,0.7142857142857143,0.7142857142857143
2,clab-nebula-serf99,5,6,7,6,1,0,0.8571428571428571,1.0,0.8571428571428571
2,clab-nebula-serf99,10,7,131,7,124,0,0.05343511450381679,1.0,0.05343511450381679
2,clab-nebula-serf99,15,7,131,7,124,0,0.05343511450381679,1.0,0.05343511450381679
2,clab-nebula-serf99,20,11,161,11,150,0,0.06832298136645963,1.0,0.06832298136645963
2,clab-nebula-serf99,25,24,161,24,137,0,0.14906832298136646,1.0,0.14906832298136646
2,clab-nebula-serf99,30,52,161,52,109,0,0.32298136645962733,1.0,0.32298136645962733
2,clab-nebula-serf99,35,82,151,73,78,9,0.48344370860927155,0.8902439024390244,0.45625
2,clab-nebula-serf99,40,137,115,92,23,45,0.8,0.6715328467153284,0.575
2,clab-nebula-serf99,45,148,115,103,12,45,0.8956521739130435,0.6959459459459459,0.64375
2,clab-nebula-serf99,50,159,115,113,2,46,0.9826086956521739,0.710691823899371,0.7018633540372671
2,clab-nebula-serf99,55,160,115,114,1,46,0.991304347826087,0.7125,0.7080745341614907
2,clab-nebula-serf99,60,161,115,115,0,46,1.0,0.7142857142857143,0.7142857142857143
2,clab-nebula-serf124,5,0,0,0,0,0,0.0,0.0,0.0
2,clab-nebula-serf124,10,3,161,3,158,0,0.018633540372670808,1.0,0.018633540372670808
2,clab-nebula-serf124,15,8,161,8,153,0,0.049689440993788817,1.0,0.049689440993788817
2,clab-nebula-serf124,20,15,161,15,146,0,0.09316770186335403,1.0,0.09316770186335403
2,clab-nebula-serf124,25,29,161,29,132,0,0.18012422360248448,1.0,0.18012422360248448
2,clab-nebula-serf124,30,81,161,81,80,0,0.5031055900621118,1.0,0.5031055900621118
2,clab-nebula-serf124,35,114,161,114,47,0,0.7080745341614907,1.0,0.7080745341614907
2,clab-nebula-serf124,40,133,161,133,28,0,0.8260869565217391,1.0,0.8260869565217391
2,clab-nebula-serf124,45,145,161,145,16,0,0.9006211180124224,1.0,0.9006211180124224
2,clab-nebula-serf124,50,156,161,156,5,0,0.968944099378882,1.0,0.968944099378882
2,clab-nebula-serf124,55,161,161,161,0,0,1.0,1.0,1.0
2,clab-nebula-serf124,60,161,161,161,0,0,1.0,1.0,1.0
2,clab-nebula-serf157,5,4,20,4,16,0,0.2,1.0,0.2
2,clab-nebula-serf157,10,4,20,4,16,0,0.2,1.0,0.2
2,clab-nebula-serf157,15,5,28,5,23,0,0.17857142857142858,1.0,0.17857142857142858
2,clab-nebula-serf157,20,9,155,9,146,0,0.05806451612903226,1.0,0.05806451612903226
2,clab-nebula-serf157,25,16,155,16,139,0,0.1032258064516129,1.0,0.1032258064516129
2,clab-nebula-serf157,30,35,155,35,120,0,0.22580645161290322,1.0,0.22580645161290322
2,clab-nebula-serf157,35,40,155,40,115,0,0.25806451612903225,1.0,0.25806451612903225
2,clab-nebula-serf157,40,54,155,54,101,0,0.34838709677419355,1.0,0.34838709677419355
2,clab-nebula-serf157,45,70,155,70,85,0,0.45161290322580644,1.0,0.45161290322580644
2,clab-nebula-serf157,50,109,155,109,46,0,0.7032258064516129,1.0,0.7032258064516129
2,clab-nebula-serf157,55,136,155,134,21,2,0.864516129032258,0.9852941176470589,0.8535031847133758
2,clab-nebula-serf157,60,148,155,146,9,2,0.9419354838709677,0.9864864864864865,0.9299363057324841
2,clab-nebula-serf159,5,4,20,4,16,0,0.2,1.0,0.2
2,clab-nebula-serf159,10,4,20,4,16,0,0.2,1.0,0.2
2,clab-nebula-serf159,15,5,28,5,23,0,0.17857142857142858,1.0,0.17857142857142858
2,clab-nebula-serf159,20,9,155,9,146,0,0.05806451612903226,1.0,0.05806451612903226
2,clab-nebula-serf159,25,16,155,16,139,0,0.1032258064516129,1.0,0.1032258064516129
2,clab-nebula-serf159,30,35,155,35,120,0,0.22580645161290322,1.0,0.22580645161290322
2,clab-nebula-serf159,35,40,155,40,115,0,0.25806451612903225,1.0,0.25806451612903225
2,clab-nebula-serf159,40,54,155,54,101,0,0.34838709677419355,1.0,0.34838709677419355
2,clab-nebula-serf159,45,70,155,70,85,0,0.45161290322580644,1.0,0.45161290322580644
2,clab-nebula-serf159,50,108,155,108,47,0,0.6967741935483871,1.0,0.6967741935483871
2,clab-nebula-serf159,55,136,155,134,21,2,0.864516129032258,0.9852941176470589,0.8535031847133758
2,clab-nebula-serf159,60,148,155,146,9,2,0.9419354838709677,0.9864864864864865,0.9299363057324841
2,clab-nebula-serf1,5,0,0,0,0,0,0.0,0.0,0.0
2,clab-nebula-serf1,10,6,41,6,35,0,0.14634146341463414,1.0,0.14634146341463414
2,clab-nebula-serf1,15,12,41,12,29,0,0.2926829268292683,1.0,0.2926829268292683
2,clab-nebula-serf1,20,19,59,19,40,0,0.3220338983050847,1.0,0.3220338983050847
2,clab-nebula-serf1,25,37,100,34,66,3,0.34,0.918918918918919,0.3300970873786408
2,clab-nebula-serf1,30,74,100,57,43,17,0.57,0.7702702702702703,0.48717948717948717
2,clab-nebula-serf1,35,91,128,87,41,4,0.6796875,0.9560439560439561,0.6590909090909091
2,clab-nebula-serf1,40,107,155,105,50,2,0.6774193548387096,0.9813084112149533,0.6687898089171974
2,clab-nebula-serf1,45,117,155,115,40,2,0.7419354838709677,0.9829059829059829,0.732484076433121
2,clab-nebula-serf1,50,121,155,119,36,2,0.7677419354838709,0.9834710743801653,0.7579617834394905
2,clab-nebula-serf1,55,133,155,131,24,2,0.8451612903225807,0.9849624060150376,0.8343949044585988
2,clab-nebula-serf1,60,153,155,151,4,2,0.9741935483870968,0.9869281045751634,0.9617834394904459
2,clab-nebula-serf33,5,3,31,3,28,0,0.0967741935483871,1.0,0.0967741935483871
2,clab-nebula-serf33,10,20,128,20,108,0,0.15625,1.0,0.15625
2,clab-nebula-serf33,15,53,128,53,75,0,0.4140625,1.0,0.4140625
2,clab-nebula-serf33,20,78,128,78,50,0,0.609375,1.0,0.609375
2,clab-nebula-serf33,25,90,161,90,71,0,0.5590062111801242,1.0,0.5590062111801242
2,clab-nebula-serf33,30,105,161,105,56,0,0.6521739130434783,1.0,0.6521739130434783
2,clab-nebula-serf33,35,119,161,119,42,0,0.7391304347826086,1.0,0.7391304347826086
2,clab-nebula-serf33,40,124,161,124,37,0,0.7701863354037267,1.0,0.7701863354037267
2,clab-nebula-serf33,45,128,161,128,33,0,0.7950310559006211,1.0,0.7950310559006211
2,clab-nebula-serf33,50,154,161,154,7,0,0.9565217391304348,1.0,0.9565217391304348
2,clab-nebula-serf33,55,154,161,154,7,0,0.9565217391304348,1.0,0.9565217391304348
2,clab-nebula-serf33,60,157,161,157,4,0,0.9751552795031055,1.0,0.9751552795031055
2,clab-nebula-serf123,5,0,6,0,6,0,0.0,0.0,0.0
2,clab-nebula-serf123,10,2,47,2,45,0,0.0425531914893617,1.0,0.0425531914893617
2,clab-nebula-serf123,15,11,47,11,36,0,0.23404255319148937,1.0,0.23404255319148937
2,clab-nebula-serf123,20,16,47,16,31,0,0.3404255319148936,1.0,0.3404255319148936
2,clab-nebula-serf123,25,42,161,42,119,0,0.2608695652173913,1.0,0.2608695652173913
2,clab-nebula-serf123,30,89,161,89,72,0,0.5527950310559007,1.0,0.5527950310559007
2,clab-nebula-serf123,35,128,161,128,33,0,0.7950310559006211,1.0,0.7950310559006211
2,clab-nebula-serf123,40,143,161,143,18,0,0.8881987577639752,1.0,0.8881987577639752
2,clab-nebula-serf123,45,152,161,152,9,0,0.9440993788819876,1.0,0.9440993788819876
2,clab-nebula-serf123,50,158,161,158,3,0,0.9813664596273292,1.0,0.9813664596273292
2,clab-nebula-serf123,55,161,161,161,0,0,1.0,1.0,1.0
2,clab-nebula-serf123,60,161,161,161,0,0,1.0,1.0,1.0
2,clab-nebula-serf135,5,0,2,0,2,0,0.0,0.0,0.0
2,clab-nebula-serf135,10,0,2,0,2,0,0.0,0.0,0.0
2,clab-nebula-serf135,15,1,2,1,1,0,0.5,1.0,0.5
2,clab-nebula-serf135,20,14,134,14,120,0,0.1044776119402985,1.0,0.1044776119402985
2,clab-nebula-serf135,25,15,161,15,146,0,0.09316770186335403,1.0,0.09316770186335403
2,clab-nebula-serf135,30,25,161,25,136,0,0.15527950310559005,1.0,0.15527950310559005
2,clab-nebula-serf135,35,42,161,42,119,0,0.2608695652173913,1.0,0.2608695652173913
2,clab-nebula-serf135,40,54,161,54,107,0,0.33540372670807456,1.0,0.33540372670807456
2,clab-nebula-serf135,45,91,161,91,70,0,0.5652173913043478,1.0,0.5652173913043478
2,clab-nebula-serf135,50,112,161,112,49,0,0.6956521739130435,1.0,0.6956521739130435
2,clab-nebula-serf135,55,137,161,137,24,0,0.8509316770186336,1.0,0.8509316770186336
2,clab-nebula-serf135,60,146,161,146,15,0,0.906832298136646,1.0,0.906832298136646
2,clab-nebula-serf13,5,0,3,0,3,0,0.0,0.0,0.0
2,clab-nebula-serf13,10,7,64,7,57,0,0.109375,1.0,0.109375
2,clab-nebula-serf13,15,24,128,24,104,0,0.1875,1.0,0.1875
2,clab-nebula-serf13,20,50,128,50,78,0,0.390625,1.0,0.390625
2,clab-nebula-serf13,25,76,128,76,52,0,0.59375,1.0,0.59375
2,clab-nebula-serf13,30,92,128,88,40,4,0.6875,0.9565217391304348,0.6666666666666666
2,clab-nebula-serf13,35,110,155,108,47,2,0.6967741935483871,0.9818181818181818,0.6878980891719745
2,clab-nebula-serf13,40,120,155,118,37,2,0.7612903225806451,0.9833333333333333,0.7515923566878981
2,clab-nebula-serf13,45,124,155,122,33,2,0.7870967741935484,0.9838709677419355,0.7770700636942676
2,clab-nebula-serf13,50,144,155,142,13,2,0.9161290322580645,0.9861111111111112,0.9044585987261147
2,clab-nebula-serf13,55,154,155,152,3,2,0.9806451612903225,0.987012987012987,0.9681528662420382
2,clab-nebula-serf13,60,157,155,155,0,2,1.0,0.9872611464968153,0.9872611464968153
2,clab-nebula-serf47,5,4,58,4,54,0,0.06896551724137931,1.0,0.06896551724137931
2,clab-nebula-serf47,10,12,118,12,106,0,0.1016949152542373,1.0,0.1016949152542373
2,clab-nebula-serf47,15,25,128,25,103,0,0.1953125,1.0,0.1953125
2,clab-nebula-serf47,20,51,128,51,77,0,0.3984375,1.0,0.3984375
2,clab-nebula-serf47,25,82,128,82,46,0,0.640625,1.0,0.640625
2,clab-nebula-serf47,30,100,128,95,33,5,0.7421875,0.95,0.7142857142857143
2,clab-nebula-serf47,35,120,155,118,37,2,0.7612903225806451,0.9833333333333333,0.7515923566878981
2,clab-nebula-serf47,40,124,155,122,33,2,0.7870967741935484,0.9838709677419355,0.7770700636942676
2,clab-nebula-serf47,45,126,155,124,31,2,0.8,0.9841269841269841,0.7898089171974523
2,clab-nebula-serf47,50,154,155,152,3,2,0.9806451612903225,0.987012987012987,0.9681528662420382
2,clab-nebula-serf47,55,154,155,152,3,2,0.9806451612903225,0.987012987012987,0.9681528662420382
2,clab-nebula-serf47,60,156,155,154,1,2,0.9935483870967742,0.9871794871794872,0.9808917197452229
2,clab-nebula-serf84,5,0,0,0,0,0,0.0,0.0,0.0
2,clab-nebula-serf84,10,0,0,0,0,0,0.0,0.0,0.0
2,clab-nebula-serf84,15,4,64,4,60,0,0.0625,1.0,0.0625
2,clab-nebula-serf84,20,18,161,18,143,0,0.11180124223602485,1.0,0.11180124223602485
2,clab-nebula-serf84,25,35,161,35,126,0,0.21739130434782608,1.0,0.21739130434782608
2,clab-nebula-serf84,30,57,161,57,104,0,0.35403726708074534,1.0,0.35403726708074534
2,clab-nebula-serf84,35,81,161,81,80,0,0.5031055900621118,1.0,0.5031055900621118
2,clab-nebula-serf84,40,110,161,110,51,0,0.6832298136645962,1.0,0.6832298136645962
2,clab-nebula-serf84,45,119,161,119,42,0,0.7391304347826086,1.0,0.7391304347826086
2,clab-nebula-serf84,50,128,161,128,33,0,0.7950310559006211,1.0,0.7950310559006211
2,clab-nebula-serf84,55,142,161,142,19,0,0.8819875776397516,1.0,0.8819875776397516
2,clab-nebula-serf84,60,154,161,154,7,0,0.9565217391304348,1.0,0.9565217391304348
2,clab-nebula-serf92,5,0,9,0,9,0,0.0,0.0,0.0
2,clab-nebula-serf92,10,9,118,9,109,0,0.07627118644067797,1.0,0.07627118644067797
2,clab-nebula-serf92,15,30,155,30,125,0,0.1935483870967742,1.0,0.1935483870967742
2,clab-nebula-serf92,20,47,161,47,114,0,0.2919254658385093,1.0,0.2919254658385093
2,clab-nebula-serf92,25,77,161,77,84,0,0.4782608695652174,1.0,0.4782608695652174
2,clab-nebula-serf92,30,103,161,103,58,0,0.639751552795031,1.0,0.639751552795031
2,clab-nebula-serf92,35,118,161,118,43,0,0.7329192546583851,1.0,0.7329192546583851
2,clab-nebula-serf92,40,123,161,123,38,0,0.7639751552795031,1.0,0.7639751552795031
2,clab-nebula-serf92,45,137,161,137,24,0,0.8509316770186336,1.0,0.8509316770186336
2,clab-nebula-serf92,50,154,161,154,7,0,0.9565217391304348,1.0,0.9565217391304348
2,clab-nebula-serf92,55,154,161,154,7,0,0.9565217391304348,1.0,0.9565217391304348
2,clab-nebula-serf92,60,158,161,158,3,0,0.9813664596273292,1.0,0.9813664596273292
2,clab-nebula-serf106,5,0,8,0,8,0,0.0,0.0,0.0
2,clab-nebula-serf106,10,2,57,2,55,0,0.03508771929824561,1.0,0.03508771929824561
2,clab-nebula-serf106,15,4,57,4,53,0,0.07017543859649122,1.0,0.07017543859649122
2,clab-nebula-serf106,20,8,57,8,49,0,0.14035087719298245,1.0,0.14035087719298245
2,clab-nebula-serf106,25,27,155,27,128,0,0.17419354838709677,1.0,0.17419354838709677
2,clab-nebula-serf106,30,55,155,55,100,0,0.3548387096774194,1.0,0.3548387096774194
2,clab-nebula-serf106,35,86,155,86,69,0,0.5548387096774193,1.0,0.5548387096774193
2,clab-nebula-serf106,40,130,143,116,27,14,0.8111888111888111,0.8923076923076924,0.7388535031847133
2,clab-nebula-serf106,45,145,143,131,12,14,0.916083916083916,0.903448275862069,0.8343949044585988
2,clab-nebula-serf106,50,153,143,139,4,14,0.972027972027972,0.9084967320261438,0.8853503184713376
2,clab-nebula-serf106,55,155,143,141,2,14,0.986013986013986,0.9096774193548387,0.8980891719745223
2,clab-nebula-serf106,60,161,161,161,0,0,1.0,1.0,1.0
2,clab-nebula-serf108,5,0,4,0,4,0,0.0,0.0,0.0
2,clab-nebula-serf108,10,2,57,2,55,0,0.03508771929824561,1.0,0.03508771929824561
2,clab-nebula-serf108,15,7,57,7,50,0,0.12280701754385964,1.0,0.12280701754385964
2,clab-nebula-serf108,20,16,57,16,41,0,0.2807017543859649,1.0,0.2807017543859649
2,clab-nebula-serf108,25,46,155,46,109,0,0.2967741935483871,1.0,0.2967741935483871
2,clab-nebula-serf108,30,73,155,73,82,0,0.47096774193548385,1.0,0.47096774193548385
2,clab-nebula-serf108,35,122,155,120,35,2,0.7741935483870968,0.9836065573770492,0.7643312101910829
2,clab-nebula-serf108,40,144,155,142,13,2,0.9161290322580645,0.9861111111111112,0.9044585987261147
2,clab-nebula-serf108,45,149,155,147,8,2,0.9483870967741935,0.9865771812080537,0.9363057324840764
2,clab-nebula-serf108,50,155,144,142,2,13,0.9861111111111112,0.9161290322580645,0.9044585987261147
2,clab-nebula-serf108,55,158,161,158,3,0,0.9813664596273292,1.0,0.9813664596273292
2,clab-nebula-serf108,60,161,161,161,0,0,1.0,1.0,1.0
2,clab-nebula-serf119,5,2,2,2,0,0,1.0,1.0,1.0
2,clab-nebula-serf119,10,2,2,2,0,0,1.0,1.0,1.0
2,clab-nebula-serf119,15,2,2,2,0,0,1.0,1.0,1.0
2,clab-nebula-serf119,20,2,2,2,0,0,1.0,1.0,1.0
2,clab-nebula-serf119,25,3,2,2,0,1,1.0,0.6666666666666666,0.6666666666666666
2,clab-nebula-serf119,30,3,2,2,0,1,1.0,0.6666666666666666,0.6666666666666666
2,clab-nebula-serf119,35,3,2,2,0,1,1.0,0.6666666666666666,0.6666666666666666
2,clab-nebula-serf119,40,4,117,4,113,0,0.03418803418803419,1.0,0.03418803418803419
2,clab-nebula-serf119,45,5,117,5,112,0,0.042735042735042736,1.0,0.042735042735042736
2,clab-nebula-serf119,50,17,131,14,117,3,0.10687022900763359,0.8235294117647058,0.1044776119402985
2,clab-nebula-serf119,55,27,105,13,92,14,0.12380952380952381,0.48148148148148145,0.1092436974789916
2,clab-nebula-serf119,60,53,101,20,81,33,0.19801980198019803,0.37735849056603776,0.14925373134328357
2,clab-nebula-serf125,5,0,2,0,2,0,0.0,0.0,0.0
2,clab-nebula-serf125,10,3,15,3,12,0,0.2,1.0,0.2
2,clab-nebula-serf125,15,12,155,12,143,0,0.07741935483870968,1.0,0.07741935483870968
2,clab-nebula-serf125,20,45,161,45,116,0,0.2795031055900621,1.0,0.2795031055900621
2,clab-nebula-serf125,25,58,161,58,103,0,0.36024844720496896,1.0,0.36024844720496896
2,clab-nebula-serf125,30,84,161,84,77,0,0.5217391304347826,1.0,0.5217391304347826
2,clab-nebula-serf125,35,112,161,112,49,0,0.6956521739130435,1.0,0.6956521739130435
2,clab-nebula-serf125,40,137,161,137,24,0,0.8509316770186336,1.0,0.8509316770186336
2,clab-nebula-serf125,45,146,161,146,15,0,0.906832298136646,1.0,0.906832298136646
2,clab-nebula-serf125,50,155,161,155,6,0,0.9627329192546584,1.0,0.9627329192546584
2,clab-nebula-serf125,55,161,161,161,0,0,1.0,1.0,1.0
2,clab-nebula-serf125,60,161,161,161,0,0,1.0,1.0,1.0
2,clab-nebula-serf54,5,1,15,1,14,0,0.06666666666666667,1.0,0.06666666666666667
2,clab-nebula-serf54,10,11,128,11,117,0,0.0859375,1.0,0.0859375
2,clab-nebula-serf54,15,35,128,35,93,0,0.2734375,1.0,0.2734375
2,clab-nebula-serf54,20,66,128,66,62,0,0.515625,1.0,0.515625
2,clab-nebula-serf54,25,83,128,81,47,2,0.6328125,0.9759036144578314,0.6230769230769231
2,clab-nebula-serf54,30,99,128,95,33,4,0.7421875,0.9595959595959596,0.7196969696969697
2,clab-nebula-serf54,35,119,155,117,38,2,0.7548387096774194,0.9831932773109243,0.7452229299363057
2,clab-nebula-serf54,40,122,155,120,35,2,0.7741935483870968,0.9836065573770492,0.7643312101910829
2,clab-nebula-serf54,45,126,155,124,31,2,0.8,0.9841269841269841,0.7898089171974523
2,clab-nebula-serf54,50,153,139,136,3,17,0.9784172661870504,0.8888888888888888,0.8717948717948718
2,clab-nebula-serf54,55,154,139,136,3,18,0.9784172661870504,0.8831168831168831,0.8662420382165605
2,clab-nebula-serf54,60,157,139,139,0,18,1.0,0.8853503184713376,0.8853503184713376
2,clab-nebula-serf57,5,4,127,4,123,0,0.031496062992125984,1.0,0.031496062992125984
2,clab-nebula-serf57,10,13,128,13,115,0,0.1015625,1.0,0.1015625
2,clab-nebula-serf57,15,57,128,57,71,0,0.4453125,1.0,0.4453125
2,clab-nebula-serf57,20,76,128,76,52,0,0.59375,1.0,0.59375
2,clab-nebula-serf57,25,90,128,86,42,4,0.671875,0.9555555555555556,0.6515151515151515
2,clab-nebula-serf57,30,113,155,111,44,2,0.7161290322580646,0.9823008849557522,0.7070063694267515
2,clab-nebula-serf57,35,121,161,121,40,0,0.7515527950310559,1.0,0.7515527950310559
2,clab-nebula-serf57,40,124,161,124,37,0,0.7701863354037267,1.0,0.7701863354037267
2,clab-nebula-serf57,45,144,155,142,13,2,0.9161290322580645,0.9861111111111112,0.9044585987261147
2,clab-nebula-serf57,50,154,139,136,3,18,0.9784172661870504,0.8831168831168831,0.8662420382165605
2,clab-nebula-serf57,55,155,139,137,2,18,0.9856115107913669,0.8838709677419355,0.8726114649681529
2,clab-nebula-serf57,60,158,161,158,3,0,0.9813664596273292,1.0,0.9813664596273292
2,clab-nebula-serf24,5,0,4,0,4,0,0.0,0.0,0.0
2,clab-nebula-serf24,10,2,64,2,62,0,0.03125,1.0,0.03125
2,clab-nebula-serf24,15,5,64,5,59,0,0.078125,1.0,0.078125
2,clab-nebula-serf24,20,17,64,17,47,0,0.265625,1.0,0.265625
2,clab-nebula-serf24,25,29,128,29,99,0,0.2265625,1.0,0.2265625
2,clab-nebula-serf24,30,48,128,48,80,0,0.375,1.0,0.375
2,clab-nebula-serf24,35,83,161,83,78,0,0.515527950310559,1.0,0.515527950310559
2,clab-nebula-serf24,40,93,161,93,68,0,0.577639751552795,1.0,0.577639751552795
2,clab-nebula-serf24,45,103,161,103,58,0,0.639751552795031,1.0,0.639751552795031
2,clab-nebula-serf24,50,120,161,120,41,0,0.7453416149068323,1.0,0.7453416149068323
2,clab-nebula-serf24,55,124,161,124,37,0,0.7701863354037267,1.0,0.7701863354037267
2,clab-nebula-serf24,60,129,161,129,32,0,0.8012422360248447,1.0,0.8012422360248447
2,clab-nebula-serf42,5,0,1,0,1,0,0.0,0.0,0.0
2,clab-nebula-serf42,10,0,1,0,1,0,0.0,0.0,0.0
2,clab-nebula-serf42,15,2,65,2,63,0,0.03076923076923077,1.0,0.03076923076923077
2,clab-nebula-serf42,20,15,122,15,107,0,0.12295081967213115,1.0,0.12295081967213115
2,clab-nebula-serf42,25,38,128,38,90,0,0.296875,1.0,0.296875
2,clab-nebula-serf42,30,71,128,71,57,0,0.5546875,1.0,0.5546875
2,clab-nebula-serf42,35,88,161,88,73,0,0.546583850931677,1.0,0.546583850931677
2,clab-nebula-serf42,40,101,161,101,60,0,0.6273291925465838,1.0,0.6273291925465838
2,clab-nebula-serf42,45,117,161,117,44,0,0.7267080745341615,1.0,0.7267080745341615
2,clab-nebula-serf42,50,123,161,123,38,0,0.7639751552795031,1.0,0.7639751552795031
2,clab-nebula-serf42,55,127,161,127,34,0,0.7888198757763976,1.0,0.7888198757763976
2,clab-nebula-serf42,60,153,161,153,8,0,0.9503105590062112,1.0,0.9503105590062112
2,clab-nebula-serf48,5,0,8,0,8,0,0.0,0.0,0.0
2,clab-nebula-serf48,10,5,62,5,57,0,0.08064516129032258,1.0,0.08064516129032258
2,clab-nebula-serf48,15,21,128,21,107,0,0.1640625,1.0,0.1640625
2,clab-nebula-serf48,20,37,128,37,91,0,0.2890625,1.0,0.2890625
2,clab-nebula-serf48,25,79,128,79,49,0,0.6171875,1.0,0.6171875
2,clab-nebula-serf48,30,88,128,87,41,1,0.6796875,0.9886363636363636,0.6744186046511628
2,clab-nebula-serf48,35,114,155,112,43,2,0.7225806451612903,0.9824561403508771,0.7133757961783439
2,clab-nebula-serf48,40,121,155,119,36,2,0.7677419354838709,0.9834710743801653,0.7579617834394905
2,clab-nebula-serf48,45,124,155,122,33,2,0.7870967741935484,0.9838709677419355,0.7770700636942676
2,clab-nebula-serf48,50,141,155,139,16,2,0.896774193548387,0.9858156028368794,0.8853503184713376
2,clab-nebula-serf48,55,154,155,152,3,2,0.9806451612903225,0.987012987012987,0.9681528662420382
2,clab-nebula-serf48,60,155,155,153,2,2,0.9870967741935484,0.9870967741935484,0.9745222929936306
2,clab-nebula-serf2,5,0,2,0,2,0,0.0,0.0,0.0
2,clab-nebula-serf2,10,1,68,1,67,0,0.014705882352941176,1.0,0.014705882352941176
2,clab-nebula-serf2,15,5,68,5,63,0,0.07352941176470588,1.0,0.07352941176470588
2,clab-nebula-serf2,20,10,68,10,58,0,0.14705882352941177,1.0,0.14705882352941177
2,clab-nebula-serf2,25,19,68,19,49,0,0.27941176470588236,1.0,0.27941176470588236
2,clab-nebula-serf2,30,32,98,29,69,3,0.29591836734693877,0.90625,0.2871287128712871
2,clab-nebula-serf2,35,67,98,54,44,13,0.5510204081632653,0.8059701492537313,0.4864864864864865
2,clab-nebula-serf2,40,84,118,76,42,8,0.6440677966101694,0.9047619047619048,0.6031746031746031
2,clab-nebula-serf2,45,99,144,94,50,5,0.6527777777777778,0.9494949494949495,0.6308724832214765
2,clab-nebula-serf2,50,114,144,104,40,10,0.7222222222222222,0.9122807017543859,0.6753246753246753
2,clab-nebula-serf2,55,120,144,110,34,10,0.7638888888888888,0.9166666666666666,0.7142857142857143
2,clab-nebula-serf2,60,124,144,114,30,10,0.7916666666666666,0.9193548387096774,0.7402597402597403
2,clab-nebula-serf21,5,2,65,2,63,0,0.03076923076923077,1.0,0.03076923076923077
2,clab-nebula-serf21,10,4,65,4,61,0,0.06153846153846154,1.0,0.06153846153846154
2,clab-nebula-serf21,15,16,60,16,44,0,0.26666666666666666,1.0,0.26666666666666666
2,clab-nebula-serf21,20,32,128,32,96,0,0.25,1.0,0.25
2,clab-nebula-serf21,25,56,128,56,72,0,0.4375,1.0,0.4375
2,clab-nebula-serf21,30,84,128,82,46,2,0.640625,0.9761904761904762,0.6307692307692307
2,clab-nebula-serf21,35,94,161,94,67,0,0.5838509316770186,1.0,0.5838509316770186
2,clab-nebula-serf21,40,107,161,107,54,0,0.6645962732919255,1.0,0.6645962732919255
2,clab-nebula-serf21,45,121,161,121,40,0,0.7515527950310559,1.0,0.7515527950310559
2,clab-nebula-serf21,50,124,161,124,37,0,0.7701863354037267,1.0,0.7701863354037267
2,clab-nebula-serf21,55,133,161,133,28,0,0.8260869565217391,1.0,0.8260869565217391
2,clab-nebula-serf21,60,154,161,154,7,0,0.9565217391304348,1.0,0.9565217391304348
2,clab-nebula-serf67,5,0,8,0,8,0,0.0,0.0,0.0
2,clab-nebula-serf67,10,5,45,5,40,0,0.1111111111111111,1.0,0.1111111111111111
2,clab-nebula-serf67,15,26,115,26,89,0,0.22608695652173913,1.0,0.22608695652173913
2,clab-nebula-serf67,20,41,127,41,86,0,0.3228346456692913,1.0,0.3228346456692913
2,clab-nebula-serf67,25,76,155,74,81,2,0.4774193548387097,0.9736842105263158,0.4713375796178344
2,clab-nebula-serf67,30,98,161,98,63,0,0.6086956521739131,1.0,0.6086956521739131
2,clab-nebula-serf67,35,115,161,115,46,0,0.7142857142857143,1.0,0.7142857142857143
2,clab-nebula-serf67,40,122,161,122,39,0,0.7577639751552795,1.0,0.7577639751552795
2,clab-nebula-serf67,45,135,161,135,26,0,0.8385093167701864,1.0,0.8385093167701864
2,clab-nebula-serf67,50,154,161,154,7,0,0.9565217391304348,1.0,0.9565217391304348
2,clab-nebula-serf67,55,154,161,154,7,0,0.9565217391304348,1.0,0.9565217391304348
2,clab-nebula-serf67,60,158,161,158,3,0,0.9813664596273292,1.0,0.9813664596273292
2,clab-nebula-serf102,5,5,131,5,126,0,0.03816793893129771,1.0,0.03816793893129771
2,clab-nebula-serf102,10,7,131,7,124,0,0.05343511450381679,1.0,0.05343511450381679
2,clab-nebula-serf102,15,7,131,7,124,0,0.05343511450381679,1.0,0.05343511450381679
2,clab-nebula-serf102,20,10,161,10,151,0,0.062111801242236024,1.0,0.062111801242236024
2,clab-nebula-serf102,25,21,161,21,140,0,0.13043478260869565,1.0,0.13043478260869565
2,clab-nebula-serf102,30,40,161,40,121,0,0.2484472049689441,1.0,0.2484472049689441
2,clab-nebula-serf102,35,76,151,67,84,9,0.44370860927152317,0.881578947368421,0.41875
2,clab-nebula-serf102,40,124,115,81,34,43,0.7043478260869566,0.6532258064516129,0.5126582278481012
2,clab-nebula-serf102,45,144,115,99,16,45,0.8608695652173913,0.6875,0.61875
2,clab-nebula-serf102,50,157,115,111,4,46,0.9652173913043478,0.7070063694267515,0.6894409937888198
2,clab-nebula-serf102,55,160,115,114,1,46,0.991304347826087,0.7125,0.7080745341614907
2,clab-nebula-serf102,60,161,115,115,0,46,1.0,0.7142857142857143,0.7142857142857143
2,clab-nebula-serf110,5,0,0,0,0,0,0.0,0.0,0.0
2,clab-nebula-serf110,10,0,0,0,0,0,0.0,0.0,0.0
2,clab-nebula-serf110,15,2,57,2,55,0,0.03508771929824561,1.0,0.03508771929824561
2,clab-nebula-serf110,20,7,57,7,50,0,0.12280701754385964,1.0,0.12280701754385964
2,clab-nebula-serf110,25,15,57,15,42,0,0.2631578947368421,1.0,0.2631578947368421
2,clab-nebula-serf110,30,37,155,37,118,0,0.23870967741935484,1.0,0.23870967741935484
2,clab-nebula-serf110,35,69,155,69,86,0,0.44516129032258067,1.0,0.44516129032258067
2,clab-nebula-serf110,40,107,155,106,49,1,0.6838709677419355,0.9906542056074766,0.6794871794871795
2,clab-nebula-serf110,45,143,143,129,14,14,0.9020979020979021,0.9020979020979021,0.821656050955414
2,clab-nebula-serf110,50,148,143,134,9,14,0.9370629370629371,0.9054054054054054,0.8535031847133758
2,clab-nebula-serf110,55,154,143,140,3,14,0.9790209790209791,0.9090909090909091,0.89171974522293
2,clab-nebula-serf110,60,157,143,143,0,14,1.0,0.910828025477707,0.910828025477707
2,clab-nebula-serf132,5,0,2,0,2,0,0.0,0.0,0.0
2,clab-nebula-serf132,10,0,2,0,2,0,0.0,0.0,0.0
2,clab-nebula-serf132,15,11,134,11,123,0,0.08208955223880597,1.0,0.08208955223880597
2,clab-nebula-serf132,20,14,134,14,120,0,0.1044776119402985,1.0,0.1044776119402985
2,clab-nebula-serf132,25,23,161,23,138,0,0.14285714285714285,1.0,0.14285714285714285
2,clab-nebula-serf132,30,37,161,37,124,0,0.22981366459627328,1.0,0.22981366459627328
2,clab-nebula-serf132,35,48,161,48,113,0,0.2981366459627329,1.0,0.2981366459627329
2,clab-nebula-serf132,40,78,161,78,83,0,0.484472049689441,1.0,0.484472049689441
2,clab-nebula-serf132,45,104,161,104,57,0,0.6459627329192547,1.0,0.6459627329192547
2,clab-nebula-serf132,50,132,161,132,29,0,0.8198757763975155,1.0,0.8198757763975155
2,clab-nebula-serf132,55,144,161,144,17,0,0.8944099378881988,1.0,0.8944099378881988
2,clab-nebula-serf132,60,151,161,151,10,0,0.937888198757764,1.0,0.937888198757764
2,clab-nebula-serf134,5,0,8,0,8,0,0.0,0.0,0.0
2,clab-nebula-serf134,10,0,8,0,8,0,0.0,0.0,0.0
2,clab-nebula-serf134,15,1,24,1,23,0,0.041666666666666664,1.0,0.041666666666666664
2,clab-nebula-serf134,20,14,134,14,120,0,0.1044776119402985,1.0,0.1044776119402985
2,clab-nebula-serf134,25,16,161,16,145,0,0.09937888198757763,1.0,0.09937888198757763
2,clab-nebula-serf134,30,26,161,26,135,0,0.16149068322981366,1.0,0.16149068322981366
2,clab-nebula-serf134,35,43,161,43,118,0,0.2670807453416149,1.0,0.2670807453416149
2,clab-nebula-serf134,40,57,161,57,104,0,0.35403726708074534,1.0,0.35403726708074534
2,clab-nebula-serf134,45,91,161,91,70,0,0.5652173913043478,1.0,0.5652173913043478
2,clab-nebula-serf134,50,116,161,116,45,0,0.7204968944099379,1.0,0.7204968944099379
2,clab-nebula-serf134,55,137,161,137,24,0,0.8509316770186336,1.0,0.8509316770186336
2,clab-nebula-serf134,60,147,161,147,14,0,0.9130434782608695,1.0,0.9130434782608695
2,clab-nebula-serf137,5,0,8,0,8,0,0.0,0.0,0.0
2,clab-nebula-serf137,10,0,8,0,8,0,0.0,0.0,0.0
2,clab-nebula-serf137,15,2,24,2,22,0,0.08333333333333333,1.0,0.08333333333333333
2,clab-nebula-serf137,20,14,134,14,120,0,0.1044776119402985,1.0,0.1044776119402985
2,clab-nebula-serf137,25,20,161,20,141,0,0.12422360248447205,1.0,0.12422360248447205
2,clab-nebula-serf137,30,26,161,26,135,0,0.16149068322981366,1.0,0.16149068322981366
2,clab-nebula-serf137,35,44,161,44,117,0,0.2732919254658385,1.0,0.2732919254658385
2,clab-nebula-serf137,40,55,161,55,106,0,0.3416149068322981,1.0,0.3416149068322981
2,clab-nebula-serf137,45,90,161,90,71,0,0.5590062111801242,1.0,0.5590062111801242
2,clab-nebula-serf137,50,115,161,115,46,0,0.7142857142857143,1.0,0.7142857142857143
2,clab-nebula-serf137,55,137,161,137,24,0,0.8509316770186336,1.0,0.8509316770186336
2,clab-nebula-serf137,60,148,161,148,13,0,0.9192546583850931,1.0,0.9192546583850931
2,clab-nebula-serf10,5,1,38,1,37,0,0.02631578947368421,1.0,0.02631578947368421
2,clab-nebula-serf10,10,9,64,9,55,0,0.140625,1.0,0.140625
2,clab-nebula-serf10,15,20,128,20,108,0,0.15625,1.0,0.15625
2,clab-nebula-serf10,20,40,128,40,88,0,0.3125,1.0,0.3125
2,clab-nebula-serf10,25,71,128,71,57,0,0.5546875,1.0,0.5546875
2,clab-nebula-serf10,30,88,128,84,44,4,0.65625,0.9545454545454546,0.6363636363636364
2,clab-nebula-serf10,35,103,155,101,54,2,0.6516129032258065,0.9805825242718447,0.643312101910828
2,clab-nebula-serf10,40,120,155,118,37,2,0.7612903225806451,0.9833333333333333,0.7515923566878981
2,clab-nebula-serf10,45,121,155,119,36,2,0.7677419354838709,0.9834710743801653,0.7579617834394905
2,clab-nebula-serf10,50,129,155,127,28,2,0.8193548387096774,0.9844961240310077,0.8089171974522293
2,clab-nebula-serf10,55,153,155,151,4,2,0.9741935483870968,0.9869281045751634,0.9617834394904459
2,clab-nebula-serf10,60,156,155,154,1,2,0.9935483870967742,0.9871794871794872,0.9808917197452229
2,clab-nebula-serf46,5,0,2,0,2,0,0.0,0.0,0.0
2,clab-nebula-serf46,10,3,128,3,125,0,0.0234375,1.0,0.0234375
2,clab-nebula-serf46,15,11,128,11,117,0,0.0859375,1.0,0.0859375
2,clab-nebula-serf46,20,26,128,26,102,0,0.203125,1.0,0.203125
2,clab-nebula-serf46,25,54,128,54,74,0,0.421875,1.0,0.421875
2,clab-nebula-serf46,30,81,128,81,47,0,0.6328125,1.0,0.6328125
2,clab-nebula-serf46,35,100,128,95,33,5,0.7421875,0.95,0.7142857142857143
2,clab-nebula-serf46,40,121,144,111,33,10,0.7708333333333334,0.9173553719008265,0.7207792207792207
2,clab-nebula-serf46,45,124,144,114,30,10,0.7916666666666666,0.9193548387096774,0.7402597402597403
2,clab-nebula-serf46,50,127,143,116,27,11,0.8111888111888111,0.9133858267716536,0.7532467532467533
2,clab-nebula-serf46,55,154,143,140,3,14,0.9790209790209791,0.9090909090909091,0.89171974522293
2,clab-nebula-serf46,60,154,143,140,3,14,0.9790209790209791,0.9090909090909091,0.89171974522293
2,clab-nebula-serf74,5,0,8,0,8,0,0.0,0.0,0.0
2,clab-nebula-serf74,10,9,45,9,36,0,0.2,1.0,0.2
2,clab-nebula-serf74,15,26,115,26,89,0,0.22608695652173913,1.0,0.22608695652173913
2,clab-nebula-serf74,20,45,155,45,110,0,0.2903225806451613,1.0,0.2903225806451613
2,clab-nebula-serf74,25,82,161,82,79,0,0.5093167701863354,1.0,0.5093167701863354
2,clab-nebula-serf74,30,106,161,106,55,0,0.6583850931677019,1.0,0.6583850931677019
2,clab-nebula-serf74,35,117,161,117,44,0,0.7267080745341615,1.0,0.7267080745341615
2,clab-nebula-serf74,40,124,161,124,37,0,0.7701863354037267,1.0,0.7701863354037267
2,clab-nebula-serf74,45,145,161,145,16,0,0.9006211180124224,1.0,0.9006211180124224
2,clab-nebula-serf74,50,154,161,154,7,0,0.9565217391304348,1.0,0.9565217391304348
2,clab-nebula-serf74,55,155,161,155,6,0,0.9627329192546584,1.0,0.9627329192546584
2,clab-nebula-serf74,60,159,161,159,2,0,0.9875776397515528,1.0,0.9875776397515528
2,clab-nebula-serf76,5,2,43,2,41,0,0.046511627906976744,1.0,0.046511627906976744
2,clab-nebula-serf76,10,25,127,25,102,0,0.1968503937007874,1.0,0.1968503937007874
2,clab-nebula-serf76,15,38,127,38,89,0,0.2992125984251969,1.0,0.2992125984251969
2,clab-nebula-serf76,20,68,161,68,93,0,0.422360248447205,1.0,0.422360248447205
2,clab-nebula-serf76,25,89,161,89,72,0,0.5527950310559007,1.0,0.5527950310559007
2,clab-nebula-serf76,30,111,161,111,50,0,0.6894409937888198,1.0,0.6894409937888198
2,clab-nebula-serf76,35,121,161,121,40,0,0.7515527950310559,1.0,0.7515527950310559
2,clab-nebula-serf76,40,129,161,129,32,0,0.8012422360248447,1.0,0.8012422360248447
2,clab-nebula-serf76,45,153,161,153,8,0,0.9503105590062112,1.0,0.9503105590062112
2,clab-nebula-serf76,50,154,161,154,7,0,0.9565217391304348,1.0,0.9565217391304348
2,clab-nebula-serf76,55,158,161,158,3,0,0.9813664596273292,1.0,0.9813664596273292
2,clab-nebula-serf76,60,161,161,161,0,0,1.0,1.0,1.0
2,clab-nebula-serf149,5,0,7,0,7,0,0.0,0.0,0.0
2,clab-nebula-serf149,10,0,7,0,7,0,0.0,0.0,0.0
2,clab-nebula-serf149,15,1,25,1,24,0,0.04,1.0,0.04
2,clab-nebula-serf149,20,11,25,11,14,0,0.44,1.0,0.44
2,clab-nebula-serf149,25,17,57,17,40,0,0.2982456140350877,1.0,0.2982456140350877
2,clab-nebula-serf149,30,25,155,25,130,0,0.16129032258064516,1.0,0.16129032258064516
2,clab-nebula-serf149,35,48,155,48,107,0,0.3096774193548387,1.0,0.3096774193548387
2,clab-nebula-serf149,40,60,155,60,95,0,0.3870967741935484,1.0,0.3870967741935484
2,clab-nebula-serf149,45,89,155,89,66,0,0.5741935483870968,1.0,0.5741935483870968
2,clab-nebula-serf149,50,124,155,124,31,0,0.8,1.0,0.8
2,clab-nebula-serf149,55,143,155,141,14,2,0.9096774193548387,0.986013986013986,0.8980891719745223
2,clab-nebula-serf149,60,152,155,150,5,2,0.967741935483871,0.9868421052631579,0.9554140127388535
2,clab-nebula-serf20,5,2,13,2,11,0,0.15384615384615385,1.0,0.15384615384615385
2,clab-nebula-serf20,10,4,13,4,9,0,0.3076923076923077,1.0,0.3076923076923077
2,clab-nebula-serf20,15,15,62,15,47,0,0.24193548387096775,1.0,0.24193548387096775
2,clab-nebula-serf20,20,26,128,26,102,0,0.203125,1.0,0.203125
2,clab-nebula-serf20,25,46,161,46,115,0,0.2857142857142857,1.0,0.2857142857142857
2,clab-nebula-serf20,30,80,161,80,81,0,0.4968944099378882,1.0,0.4968944099378882
2,clab-nebula-serf20,35,93,161,93,68,0,0.577639751552795,1.0,0.577639751552795
2,clab-nebula-serf20,40,102,161,102,59,0,0.6335403726708074,1.0,0.6335403726708074
2,clab-nebula-serf20,45,118,161,118,43,0,0.7329192546583851,1.0,0.7329192546583851
2,clab-nebula-serf20,50,124,161,124,37,0,0.7701863354037267,1.0,0.7701863354037267
2,clab-nebula-serf20,55,129,161,129,32,0,0.8012422360248447,1.0,0.8012422360248447
2,clab-nebula-serf20,60,154,161,154,7,0,0.9565217391304348,1.0,0.9565217391304348
2,clab-nebula-serf22,5,0,4,0,4,0,0.0,0.0,0.0
2,clab-nebula-serf22,10,4,64,4,60,0,0.0625,1.0,0.0625
2,clab-nebula-serf22,15,10,64,10,54,0,0.15625,1.0,0.15625
2,clab-nebula-serf22,20,23,64,23,41,0,0.359375,1.0,0.359375
2,clab-nebula-serf22,25,41,64,39,25,2,0.609375,0.9512195121951219,0.5909090909090909
2,clab-nebula-serf22,30,76,128,76,52,0,0.59375,1.0,0.59375
2,clab-nebula-serf22,35,93,161,93,68,0,0.577639751552795,1.0,0.577639751552795
2,clab-nebula-serf22,40,98,161,98,63,0,0.6086956521739131,1.0,0.6086956521739131
2,clab-nebula-serf22,45,117,161,117,44,0,0.7267080745341615,1.0,0.7267080745341615
2,clab-nebula-serf22,50,122,161,122,39,0,0.7577639751552795,1.0,0.7577639751552795
2,clab-nebula-serf22,55,125,161,125,36,0,0.7763975155279503,1.0,0.7763975155279503
2,clab-nebula-serf22,60,153,161,153,8,0,0.9503105590062112,1.0,0.9503105590062112
2,clab-nebula-serf160,5,4,155,4,151,0,0.025806451612903226,1.0,0.025806451612903226
2,clab-nebula-serf160,10,4,155,4,151,0,0.025806451612903226,1.0,0.025806451612903226
2,clab-nebula-serf160,15,5,155,5,150,0,0.03225806451612903,1.0,0.03225806451612903
2,clab-nebula-serf160,20,10,155,10,145,0,0.06451612903225806,1.0,0.06451612903225806
2,clab-nebula-serf160,25,25,155,25,130,0,0.16129032258064516,1.0,0.16129032258064516
2,clab-nebula-serf160,30,37,155,37,118,0,0.23870967741935484,1.0,0.23870967741935484
2,clab-nebula-serf160,35,43,155,43,112,0,0.27741935483870966,1.0,0.27741935483870966
2,clab-nebula-serf160,40,58,155,58,97,0,0.3741935483870968,1.0,0.3741935483870968
2,clab-nebula-serf160,45,82,155,82,73,0,0.5290322580645161,1.0,0.5290322580645161
2,clab-nebula-serf160,50,118,155,118,37,0,0.7612903225806451,1.0,0.7612903225806451
2,clab-nebula-serf160,55,139,155,137,18,2,0.8838709677419355,0.9856115107913669,0.8726114649681529
2,clab-nebula-serf160,60,149,155,147,8,2,0.9483870967741935,0.9865771812080537,0.9363057324840764
2,clab-nebula-serf31,5,1,8,1,7,0,0.125,1.0,0.125
2,clab-nebula-serf31,10,13,62,13,49,0,0.20967741935483872,1.0,0.20967741935483872
2,clab-nebula-serf31,15,28,128,28,100,0,0.21875,1.0,0.21875
2,clab-nebula-serf31,20,45,128,45,83,0,0.3515625,1.0,0.3515625
2,clab-nebula-serf31,25,80,128,79,49,1,0.6171875,0.9875,0.6124031007751938
2,clab-nebula-serf31,30,93,161,93,68,0,0.577639751552795,1.0,0.577639751552795
2,clab-nebula-serf31,35,102,161,102,59,0,0.6335403726708074,1.0,0.6335403726708074
2,clab-nebula-serf31,40,119,161,119,42,0,0.7391304347826086,1.0,0.7391304347826086
2,clab-nebula-serf31,45,124,161,124,37,0,0.7701863354037267,1.0,0.7701863354037267
2,clab-nebula-serf31,50,129,161,129,32,0,0.8012422360248447,1.0,0.8012422360248447
2,clab-nebula-serf31,55,154,161,154,7,0,0.9565217391304348,1.0,0.9565217391304348
2,clab-nebula-serf31,60,154,161,154,7,0,0.9565217391304348,1.0,0.9565217391304348
2,clab-nebula-serf93,5,3,45,3,42,0,0.06666666666666667,1.0,0.06666666666666667
2,clab-nebula-serf93,10,16,118,16,102,0,0.13559322033898305,1.0,0.13559322033898305
2,clab-nebula-serf93,15,37,161,37,124,0,0.22981366459627328,1.0,0.22981366459627328
2,clab-nebula-serf93,20,59,161,59,102,0,0.36645962732919257,1.0,0.36645962732919257
2,clab-nebula-serf93,25,83,161,83,78,0,0.515527950310559,1.0,0.515527950310559
2,clab-nebula-serf93,30,110,161,110,51,0,0.6832298136645962,1.0,0.6832298136645962
2,clab-nebula-serf93,35,119,161,119,42,0,0.7391304347826086,1.0,0.7391304347826086
2,clab-nebula-serf93,40,125,161,125,36,0,0.7763975155279503,1.0,0.7763975155279503
2,clab-nebula-serf93,45,142,161,142,19,0,0.8819875776397516,1.0,0.8819875776397516
2,clab-nebula-serf93,50,154,161,154,7,0,0.9565217391304348,1.0,0.9565217391304348
2,clab-nebula-serf93,55,156,161,156,5,0,0.968944099378882,1.0,0.968944099378882
2,clab-nebula-serf93,60,161,161,161,0,0,1.0,1.0,1.0
2,clab-nebula-serf122,5,0,1,0,1,0,0.0,0.0,0.0
2,clab-nebula-serf122,10,0,1,0,1,0,0.0,0.0,0.0
2,clab-nebula-serf122,15,8,56,8,48,0,0.14285714285714285,1.0,0.14285714285714285
2,clab-nebula-serf122,20,15,161,15,146,0,0.09316770186335403,1.0,0.09316770186335403
2,clab-nebula-serf122,25,22,161,22,139,0,0.13664596273291926,1.0,0.13664596273291926
2,clab-nebula-serf122,30,61,161,61,100,0,0.37888198757763975,1.0,0.37888198757763975
2,clab-nebula-serf122,35,106,161,106,55,0,0.6583850931677019,1.0,0.6583850931677019
2,clab-nebula-serf122,40,133,161,133,28,0,0.8260869565217391,1.0,0.8260869565217391
2,clab-nebula-serf122,45,144,161,144,17,0,0.8944099378881988,1.0,0.8944099378881988
2,clab-nebula-serf122,50,154,161,154,7,0,0.9565217391304348,1.0,0.9565217391304348
2,clab-nebula-serf122,55,161,161,161,0,0,1.0,1.0,1.0
2,clab-nebula-serf122,60,161,161,161,0,0,1.0,1.0,1.0
2,clab-nebula-serf38,5,0,1,0,1,0,0.0,0.0,0.0
2,clab-nebula-serf38,10,4,27,4,23,0,0.14814814814814814,1.0,0.14814814814814814
2,clab-nebula-serf38,15,24,122,24,98,0,0.19672131147540983,1.0,0.19672131147540983
2,clab-nebula-serf38,20,56,128,56,72,0,0.4375,1.0,0.4375
2,clab-nebula-serf38,25,82,128,81,47,1,0.6328125,0.9878048780487805,0.627906976744186
2,clab-nebula-serf38,30,92,161,92,69,0,0.5714285714285714,1.0,0.5714285714285714
2,clab-nebula-serf38,35,107,161,107,54,0,0.6645962732919255,1.0,0.6645962732919255
2,clab-nebula-serf38,40,121,161,121,40,0,0.7515527950310559,1.0,0.7515527950310559
2,clab-nebula-serf38,45,124,161,124,37,0,0.7701863354037267,1.0,0.7701863354037267
2,clab-nebula-serf38,50,133,161,133,28,0,0.8260869565217391,1.0,0.8260869565217391
2,clab-nebula-serf38,55,154,161,154,7,0,0.9565217391304348,1.0,0.9565217391304348
2,clab-nebula-serf38,60,154,161,154,7,0,0.9565217391304348,1.0,0.9565217391304348
2,clab-nebula-serf55,5,0,5,0,5,0,0.0,0.0,0.0
2,clab-nebula-serf55,10,9,128,9,119,0,0.0703125,1.0,0.0703125
2,clab-nebula-serf55,15,23,128,23,105,0,0.1796875,1.0,0.1796875
2,clab-nebula-serf55,20,64,128,64,64,0,0.5,1.0,0.5
2,clab-nebula-serf55,25,83,128,81,47,2,0.6328125,0.9759036144578314,0.6230769230769231
2,clab-nebula-serf55,30,96,128,92,36,4,0.71875,0.9583333333333334,0.696969696969697
2,clab-nebula-serf55,35,119,155,117,38,2,0.7548387096774194,0.9831932773109243,0.7452229299363057
2,clab-nebula-serf55,40,121,155,119,36,2,0.7677419354838709,0.9834710743801653,0.7579617834394905
2,clab-nebula-serf55,45,126,155,124,31,2,0.8,0.9841269841269841,0.7898089171974523
2,clab-nebula-serf55,50,153,130,127,3,26,0.9769230769230769,0.8300653594771242,0.8141025641025641
2,clab-nebula-serf55,55,154,130,127,3,27,0.9769230769230769,0.8246753246753247,0.8089171974522293
2,clab-nebula-serf55,60,157,130,130,0,27,1.0,0.8280254777070064,0.8280254777070064
2,clab-nebula-serf79,5,6,43,6,37,0,0.13953488372093023,1.0,0.13953488372093023
2,clab-nebula-serf79,10,26,115,26,89,0,0.22608695652173913,1.0,0.22608695652173913
2,clab-nebula-serf79,15,41,127,41,86,0,0.3228346456692913,1.0,0.3228346456692913
2,clab-nebula-serf79,20,76,161,76,85,0,0.4720496894409938,1.0,0.4720496894409938
2,clab-nebula-serf79,25,96,161,96,65,0,0.5962732919254659,1.0,0.5962732919254659
2,clab-nebula-serf79,30,116,161,116,45,0,0.7204968944099379,1.0,0.7204968944099379
2,clab-nebula-serf79,35,121,161,121,40,0,0.7515527950310559,1.0,0.7515527950310559
2,clab-nebula-serf79,40,135,161,135,26,0,0.8385093167701864,1.0,0.8385093167701864
2,clab-nebula-serf79,45,153,161,153,8,0,0.9503105590062112,1.0,0.9503105590062112
2,clab-nebula-serf79,50,154,161,154,7,0,0.9565217391304348,1.0,0.9565217391304348
2,clab-nebula-serf79,55,158,161,158,3,0,0.9813664596273292,1.0,0.9813664596273292
2,clab-nebula-serf79,60,161,161,161,0,0,1.0,1.0,1.0
2,clab-nebula-serf113,5,1,6,1,5,0,0.16666666666666666,1.0,0.16666666666666666
2,clab-nebula-serf113,10,1,6,1,5,0,0.16666666666666666,1.0,0.16666666666666666
2,clab-nebula-serf113,15,3,128,3,125,0,0.0234375,1.0,0.0234375
2,clab-nebula-serf113,20,19,161,19,142,0,0.11801242236024845,1.0,0.11801242236024845
2,clab-nebula-serf113,25,28,161,28,133,0,0.17391304347826086,1.0,0.17391304347826086
2,clab-nebula-serf113,30,65,161,65,96,0,0.40372670807453415,1.0,0.40372670807453415
2,clab-nebula-serf113,35,105,161,105,56,0,0.6521739130434783,1.0,0.6521739130434783
2,clab-nebula-serf113,40,139,161,139,22,0,0.8633540372670807,1.0,0.8633540372670807
2,clab-nebula-serf113,45,156,161,156,5,0,0.968944099378882,1.0,0.968944099378882
2,clab-nebula-serf113,50,159,161,159,2,0,0.9875776397515528,1.0,0.9875776397515528
2,clab-nebula-serf113,55,161,161,161,0,0,1.0,1.0,1.0
2,clab-nebula-serf113,60,161,161,161,0,0,1.0,1.0,1.0
2,clab-nebula-serf120,5,2,4,2,2,0,0.5,1.0,0.5
2,clab-nebula-serf120,10,2,4,2,2,0,0.5,1.0,0.5
2,clab-nebula-serf120,15,2,4,2,2,0,0.5,1.0,0.5
2,clab-nebula-serf120,20,2,4,2,2,0,0.5,1.0,0.5
2,clab-nebula-serf120,25,2,4,2,2,0,0.5,1.0,0.5
2,clab-nebula-serf120,30,3,4,2,2,1,0.5,0.6666666666666666,0.4
2,clab-nebula-serf120,35,3,4,2,2,1,0.5,0.6666666666666666,0.4
2,clab-nebula-serf120,40,3,4,2,2,1,0.5,0.6666666666666666,0.4
2,clab-nebula-serf120,45,5,117,5,112,0,0.042735042735042736,1.0,0.042735042735042736
2,clab-nebula-serf120,50,14,131,13,118,1,0.09923664122137404,0.9285714285714286,0.09848484848484848
2,clab-nebula-serf120,55,24,105,13,92,11,0.12380952380952381,0.5416666666666666,0.11206896551724138
2,clab-nebula-serf120,60,48,101,18,83,30,0.1782178217821782,0.375,0.13740458015267176
2,clab-nebula-serf128,5,0,8,0,8,0,0.0,0.0,0.0
2,clab-nebula-serf128,10,2,28,2,26,0,0.07142857142857142,1.0,0.07142857142857142
2,clab-nebula-serf128,15,6,45,6,39,0,0.13333333333333333,1.0,0.13333333333333333
2,clab-nebula-serf128,20,20,155,20,135,0,0.12903225806451613,1.0,0.12903225806451613
2,clab-nebula-serf128,25,48,155,48,107,0,0.3096774193548387,1.0,0.3096774193548387
2,clab-nebula-serf128,30,73,155,73,82,0,0.47096774193548385,1.0,0.47096774193548385
2,clab-nebula-serf128,35,111,143,99,44,12,0.6923076923076923,0.8918918918918919,0.6387096774193548
2,clab-nebula-serf128,40,145,143,131,12,14,0.916083916083916,0.903448275862069,0.8343949044585988
2,clab-nebula-serf128,45,150,143,136,7,14,0.951048951048951,0.9066666666666666,0.8662420382165605
2,clab-nebula-serf128,50,155,130,128,2,27,0.9846153846153847,0.8258064516129032,0.8152866242038217
2,clab-nebula-serf128,55,159,161,159,2,0,0.9875776397515528,1.0,0.9875776397515528
2,clab-nebula-serf128,60,161,161,161,0,0,1.0,1.0,1.0
2,clab-nebula-serf8,5,0,2,0,2,0,0.0,0.0,0.0
2,clab-nebula-serf8,10,5,36,5,31,0,0.1388888888888889,1.0,0.1388888888888889
2,clab-nebula-serf8,15,13,57,12,45,1,0.21052631578947367,0.9230769230769231,0.20689655172413793
2,clab-nebula-serf8,20,23,98,22,76,1,0.22448979591836735,0.9565217391304348,0.2222222222222222
2,clab-nebula-serf8,25,44,98,38,60,6,0.3877551020408163,0.8636363636363636,0.36538461538461536
2,clab-nebula-serf8,30,76,118,71,47,5,0.6016949152542372,0.9342105263157895,0.5772357723577236
2,clab-nebula-serf8,35,89,118,80,38,9,0.6779661016949152,0.898876404494382,0.6299212598425197
2,clab-nebula-serf8,40,105,144,98,46,7,0.6805555555555556,0.9333333333333333,0.6490066225165563
2,clab-nebula-serf8,45,120,144,110,34,10,0.7638888888888888,0.9166666666666666,0.7142857142857143
2,clab-nebula-serf8,50,122,144,112,32,10,0.7777777777777778,0.9180327868852459,0.7272727272727273
2,clab-nebula-serf8,55,130,144,119,25,11,0.8263888888888888,0.9153846153846154,0.7677419354838709
2,clab-nebula-serf8,60,153,144,140,4,13,0.9722222222222222,0.9150326797385621,0.89171974522293
2,clab-nebula-serf27,5,0,8,0,8,0,0.0,0.0,0.0
2,clab-nebula-serf27,10,3,65,3,62,0,0.046153846153846156,1.0,0.046153846153846156
2,clab-nebula-serf27,15,7,65,7,58,0,0.1076923076923077,1.0,0.1076923076923077
2,clab-nebula-serf27,20,13,65,13,52,0,0.2,1.0,0.2
2,clab-nebula-serf27,25,24,65,24,41,0,0.36923076923076925,1.0,0.36923076923076925
2,clab-nebula-serf27,30,38,65,36,29,2,0.5538461538461539,0.9473684210526315,0.5373134328358209
2,clab-nebula-serf27,35,75,161,75,86,0,0.4658385093167702,1.0,0.4658385093167702
2,clab-nebula-serf27,40,92,161,92,69,0,0.5714285714285714,1.0,0.5714285714285714
2,clab-nebula-serf27,45,98,161,98,63,0,0.6086956521739131,1.0,0.6086956521739131
2,clab-nebula-serf27,50,117,161,117,44,0,0.7267080745341615,1.0,0.7267080745341615
2,clab-nebula-serf27,55,122,161,122,39,0,0.7577639751552795,1.0,0.7577639751552795
2,clab-nebula-serf27,60,125,161,125,36,0,0.7763975155279503,1.0,0.7763975155279503
2,clab-nebula-serf78,5,0,8,0,8,0,0.0,0.0,0.0
2,clab-nebula-serf78,10,9,45,9,36,0,0.2,1.0,0.2
2,clab-nebula-serf78,15,27,115,27,88,0,0.23478260869565218,1.0,0.23478260869565218
2,clab-nebula-serf78,20,48,155,48,107,0,0.3096774193548387,1.0,0.3096774193548387
2,clab-nebula-serf78,25,80,161,80,81,0,0.4968944099378882,1.0,0.4968944099378882
2,clab-nebula-serf78,30,102,161,102,59,0,0.6335403726708074,1.0,0.6335403726708074
2,clab-nebula-serf78,35,118,161,118,43,0,0.7329192546583851,1.0,0.7329192546583851
2,clab-nebula-serf78,40,123,161,123,38,0,0.7639751552795031,1.0,0.7639751552795031
2,clab-nebula-serf78,45,140,161,140,21,0,0.8695652173913043,1.0,0.8695652173913043
2,clab-nebula-serf78,50,154,161,154,7,0,0.9565217391304348,1.0,0.9565217391304348
2,clab-nebula-serf78,55,155,161,155,6,0,0.9627329192546584,1.0,0.9627329192546584
2,clab-nebula-serf78,60,158,161,158,3,0,0.9813664596273292,1.0,0.9813664596273292
2,clab-nebula-serf104,5,1,25,1,24,0,0.04,1.0,0.04
2,clab-nebula-serf104,10,3,25,3,22,0,0.12,1.0,0.12
2,clab-nebula-serf104,15,8,29,8,21,0,0.27586206896551724,1.0,0.27586206896551724
2,clab-nebula-serf104,20,25,155,25,130,0,0.16129032258064516,1.0,0.16129032258064516
2,clab-nebula-serf104,25,54,155,54,101,0,0.34838709677419355,1.0,0.34838709677419355
2,clab-nebula-serf104,30,87,155,87,68,0,0.5612903225806452,1.0,0.5612903225806452
2,clab-nebula-serf104,35,130,155,128,27,2,0.8258064516129032,0.9846153846153847,0.8152866242038217
2,clab-nebula-serf104,40,145,143,131,12,14,0.916083916083916,0.903448275862069,0.8343949044585988
2,clab-nebula-serf104,45,153,143,139,4,14,0.972027972027972,0.9084967320261438,0.8853503184713376
2,clab-nebula-serf104,50,155,130,128,2,27,0.9846153846153847,0.8258064516129032,0.8152866242038217
2,clab-nebula-serf104,55,159,161,159,2,0,0.9875776397515528,1.0,0.9875776397515528
2,clab-nebula-serf104,60,161,161,161,0,0,1.0,1.0,1.0
2,clab-nebula-serf133,5,0,8,0,8,0,0.0,0.0,0.0
2,clab-nebula-serf133,10,0,8,0,8,0,0.0,0.0,0.0
2,clab-nebula-serf133,15,1,24,1,23,0,0.041666666666666664,1.0,0.041666666666666664
2,clab-nebula-serf133,20,14,134,14,120,0,0.1044776119402985,1.0,0.1044776119402985
2,clab-nebula-serf133,25,16,161,16,145,0,0.09937888198757763,1.0,0.09937888198757763
2,clab-nebula-serf133,30,26,161,26,135,0,0.16149068322981366,1.0,0.16149068322981366
2,clab-nebula-serf133,35,44,161,44,117,0,0.2732919254658385,1.0,0.2732919254658385
2,clab-nebula-serf133,40,59,161,59,102,0,0.36645962732919257,1.0,0.36645962732919257
2,clab-nebula-serf133,45,92,161,92,69,0,0.5714285714285714,1.0,0.5714285714285714
2,clab-nebula-serf133,50,117,161,117,44,0,0.7267080745341615,1.0,0.7267080745341615
2,clab-nebula-serf133,55,137,161,137,24,0,0.8509316770186336,1.0,0.8509316770186336
2,clab-nebula-serf133,60,149,161,149,12,0,0.9254658385093167,1.0,0.9254658385093167
2,clab-nebula-serf64,5,0,0,0,0,0,0.0,0.0,0.0
2,clab-nebula-serf64,10,0,0,0,0,0,0.0,0.0,0.0
2,clab-nebula-serf64,15,0,0,0,0,0,0.0,0.0,0.0
2,clab-nebula-serf64,20,7,127,7,120,0,0.05511811023622047,1.0,0.05511811023622047
2,clab-nebula-serf64,25,46,127,46,81,0,0.36220472440944884,1.0,0.36220472440944884
2,clab-nebula-serf64,30,69,155,69,86,0,0.44516129032258067,1.0,0.44516129032258067
2,clab-nebula-serf64,35,100,144,94,50,6,0.6527777777777778,0.94,0.6266666666666667
2,clab-nebula-serf64,40,116,144,106,38,10,0.7361111111111112,0.9137931034482759,0.6883116883116883
2,clab-nebula-serf64,45,123,161,123,38,0,0.7639751552795031,1.0,0.7639751552795031
2,clab-nebula-serf64,50,128,161,128,33,0,0.7950310559006211,1.0,0.7950310559006211
2,clab-nebula-serf64,55,154,143,140,3,14,0.9790209790209791,0.9090909090909091,0.89171974522293
2,clab-nebula-serf64,60,154,143,140,3,14,0.9790209790209791,0.9090909090909091,0.89171974522293
2,clab-nebula-serf73,5,4,45,4,41,0,0.08888888888888889,1.0,0.08888888888888889
2,clab-nebula-serf73,10,25,127,25,102,0,0.1968503937007874,1.0,0.1968503937007874
2,clab-nebula-serf73,15,39,127,39,88,0,0.30708661417322836,1.0,0.30708661417322836
2,clab-nebula-serf73,20,69,161,69,92,0,0.42857142857142855,1.0,0.42857142857142855
2,clab-nebula-serf73,25,89,161,89,72,0,0.5527950310559007,1.0,0.5527950310559007
2,clab-nebula-serf73,30,113,161,113,48,0,0.7018633540372671,1.0,0.7018633540372671
2,clab-nebula-serf73,35,121,161,121,40,0,0.7515527950310559,1.0,0.7515527950310559
2,clab-nebula-serf73,40,130,161,130,31,0,0.8074534161490683,1.0,0.8074534161490683
2,clab-nebula-serf73,45,151,161,151,10,0,0.937888198757764,1.0,0.937888198757764
2,clab-nebula-serf73,50,154,161,154,7,0,0.9565217391304348,1.0,0.9565217391304348
2,clab-nebula-serf73,55,158,161,158,3,0,0.9813664596273292,1.0,0.9813664596273292
2,clab-nebula-serf73,60,161,161,161,0,0,1.0,1.0,1.0
2,clab-nebula-serf118,5,2,4,2,2,0,0.5,1.0,0.5
2,clab-nebula-serf118,10,2,4,2,2,0,0.5,1.0,0.5
2,clab-nebula-serf118,15,2,4,2,2,0,0.5,1.0,0.5
2,clab-nebula-serf118,20,2,4,2,2,0,0.5,1.0,0.5
2,clab-nebula-serf118,25,2,4,2,2,0,0.5,1.0,0.5
2,clab-nebula-serf118,30,3,4,2,2,1,0.5,0.6666666666666666,0.4
2,clab-nebula-serf118,35,3,4,2,2,1,0.5,0.6666666666666666,0.4
2,clab-nebula-serf118,40,3,4,2,2,1,0.5,0.6666666666666666,0.4
2,clab-nebula-serf118,45,5,117,5,112,0,0.042735042735042736,1.0,0.042735042735042736
2,clab-nebula-serf118,50,15,131,14,117,1,0.10687022900763359,0.9333333333333333,0.10606060606060606
2,clab-nebula-serf118,55,25,105,13,92,12,0.12380952380952381,0.52,0.1111111111111111
2,clab-nebula-serf118,60,48,101,17,84,31,0.16831683168316833,0.3541666666666667,0.12878787878787878
2,clab-nebula-serf5,5,0,0,0,0,0,0.0,0.0,0.0
2,clab-nebula-serf5,10,3,35,3,32,0,0.08571428571428572,1.0,0.08571428571428572
2,clab-nebula-serf5,15,7,35,7,28,0,0.2,1.0,0.2
2,clab-nebula-serf5,20,14,37,12,25,2,0.32432432432432434,0.8571428571428571,0.3076923076923077
2,clab-nebula-serf5,25,19,58,19,39,0,0.3275862068965517,1.0,0.3275862068965517
2,clab-nebula-serf5,30,46,101,39,62,7,0.38613861386138615,0.8478260869565217,0.3611111111111111
2,clab-nebula-serf5,35,80,101,62,39,18,0.6138613861386139,0.775,0.5210084033613446
2,clab-nebula-serf5,40,92,128,88,40,4,0.6875,0.9565217391304348,0.6666666666666666
2,clab-nebula-serf5,45,108,155,106,49,2,0.6838709677419355,0.9814814814814815,0.6751592356687898
2,clab-nebula-serf5,50,118,155,116,39,2,0.7483870967741936,0.9830508474576272,0.7388535031847133
2,clab-nebula-serf5,55,121,155,119,36,2,0.7677419354838709,0.9834710743801653,0.7579617834394905
2,clab-nebula-serf5,60,143,155,141,14,2,0.9096774193548387,0.986013986013986,0.8980891719745223
2,clab-nebula-serf87,5,3,29,3,26,0,0.10344827586206896,1.0,0.10344827586206896
2,clab-nebula-serf87,10,3,29,3,26,0,0.10344827586206896,1.0,0.10344827586206896
2,clab-nebula-serf87,15,11,161,11,150,0,0.06832298136645963,1.0,0.06832298136645963
2,clab-nebula-serf87,20,24,161,24,137,0,0.14906832298136646,1.0,0.14906832298136646
2,clab-nebula-serf87,25,49,161,49,112,0,0.30434782608695654,1.0,0.30434782608695654
2,clab-nebula-serf87,30,80,161,80,81,0,0.4968944099378882,1.0,0.4968944099378882
2,clab-nebula-serf87,35,108,161,108,53,0,0.6708074534161491,1.0,0.6708074534161491
2,clab-nebula-serf87,40,120,161,120,41,0,0.7453416149068323,1.0,0.7453416149068323
2,clab-nebula-serf87,45,132,161,132,29,0,0.8198757763975155,1.0,0.8198757763975155
2,clab-nebula-serf87,50,145,161,145,16,0,0.9006211180124224,1.0,0.9006211180124224
2,clab-nebula-serf87,55,155,161,155,6,0,0.9627329192546584,1.0,0.9627329192546584
2,clab-nebula-serf87,60,158,161,158,3,0,0.9813664596273292,1.0,0.9813664596273292
2,clab-nebula-serf88,5,3,32,3,29,0,0.09375,1.0,0.09375
2,clab-nebula-serf88,10,3,32,3,29,0,0.09375,1.0,0.09375
2,clab-nebula-serf88,15,8,74,4,70,4,0.05405405405405406,0.5,0.05128205128205128
2,clab-nebula-serf88,20,19,144,15,129,4,0.10416666666666667,0.7894736842105263,0.10135135135135136
2,clab-nebula-serf88,25,42,131,29,102,13,0.22137404580152673,0.6904761904761905,0.2013888888888889
2,clab-nebula-serf88,30,72,161,72,89,0,0.4472049689440994,1.0,0.4472049689440994
2,clab-nebula-serf88,35,100,105,68,37,32,0.6476190476190476,0.68,0.49635036496350365
2,clab-nebula-serf88,40,120,105,80,25,40,0.7619047619047619,0.6666666666666666,0.5517241379310345
2,clab-nebula-serf88,45,127,101,87,14,40,0.8613861386138614,0.6850393700787402,0.6170212765957447
2,clab-nebula-serf88,50,136,101,93,8,43,0.9207920792079208,0.6838235294117647,0.6458333333333334
2,clab-nebula-serf88,55,154,101,98,3,56,0.9702970297029703,0.6363636363636364,0.6242038216560509
2,clab-nebula-serf88,60,158,101,101,0,57,1.0,0.6392405063291139,0.6392405063291139
2,clab-nebula-serf153,5,0,7,0,7,0,0.0,0.0,0.0
2,clab-nebula-serf153,10,0,7,0,7,0,0.0,0.0,0.0
2,clab-nebula-serf153,15,1,25,1,24,0,0.04,1.0,0.04
2,clab-nebula-serf153,20,9,25,9,16,0,0.36,1.0,0.36
2,clab-nebula-serf153,25,12,25,12,13,0,0.48,1.0,0.48
2,clab-nebula-serf153,30,24,155,24,131,0,0.15483870967741936,1.0,0.15483870967741936
2,clab-nebula-serf153,35,42,155,42,113,0,0.2709677419354839,1.0,0.2709677419354839
2,clab-nebula-serf153,40,55,155,55,100,0,0.3548387096774194,1.0,0.3548387096774194
2,clab-nebula-serf153,45,81,155,81,74,0,0.5225806451612903,1.0,0.5225806451612903
2,clab-nebula-serf153,50,114,155,114,41,0,0.7354838709677419,1.0,0.7354838709677419
2,clab-nebula-serf153,55,137,155,135,20,2,0.8709677419354839,0.9854014598540146,0.8598726114649682
2,clab-nebula-serf153,60,148,155,146,9,2,0.9419354838709677,0.9864864864864865,0.9299363057324841
2,clab-nebula-serf53,5,0,9,0,9,0,0.0,0.0,0.0
2,clab-nebula-serf53,10,8,128,8,120,0,0.0625,1.0,0.0625
2,clab-nebula-serf53,15,25,128,25,103,0,0.1953125,1.0,0.1953125
2,clab-nebula-serf53,20,64,128,64,64,0,0.5,1.0,0.5
2,clab-nebula-serf53,25,81,128,80,48,1,0.625,0.9876543209876543,0.6201550387596899
2,clab-nebula-serf53,30,97,128,93,35,4,0.7265625,0.9587628865979382,0.7045454545454546
2,clab-nebula-serf53,35,118,155,116,39,2,0.7483870967741936,0.9830508474576272,0.7388535031847133
2,clab-nebula-serf53,40,121,155,119,36,2,0.7677419354838709,0.9834710743801653,0.7579617834394905
2,clab-nebula-serf53,45,125,155,123,32,2,0.7935483870967742,0.984,0.7834394904458599
2,clab-nebula-serf53,50,151,139,136,3,15,0.9784172661870504,0.9006622516556292,0.8831168831168831
2,clab-nebula-serf53,55,154,139,136,3,18,0.9784172661870504,0.8831168831168831,0.8662420382165605
2,clab-nebula-serf53,60,157,139,139,0,18,1.0,0.8853503184713376,0.8853503184713376
2,clab-nebula-serf69,5,0,4,0,4,0,0.0,0.0,0.0
2,clab-nebula-serf69,10,14,115,14,101,0,0.12173913043478261,1.0,0.12173913043478261
2,clab-nebula-serf69,15,31,115,30,85,1,0.2608695652173913,0.967741935483871,0.25862068965517243
2,clab-nebula-serf69,20,54,161,54,107,0,0.33540372670807456,1.0,0.33540372670807456
2,clab-nebula-serf69,25,84,161,84,77,0,0.5217391304347826,1.0,0.5217391304347826
2,clab-nebula-serf69,30,107,161,107,54,0,0.6645962732919255,1.0,0.6645962732919255
2,clab-nebula-serf69,35,119,161,119,42,0,0.7391304347826086,1.0,0.7391304347826086
2,clab-nebula-serf69,40,125,161,125,36,0,0.7763975155279503,1.0,0.7763975155279503
2,clab-nebula-serf69,45,147,161,147,14,0,0.9130434782608695,1.0,0.9130434782608695
2,clab-nebula-serf69,50,154,161,154,7,0,0.9565217391304348,1.0,0.9565217391304348
2,clab-nebula-serf69,55,158,161,158,3,0,0.9813664596273292,1.0,0.9813664596273292
2,clab-nebula-serf69,60,161,161,161,0,0,1.0,1.0,1.0
2,clab-nebula-serf60,5,4,127,4,123,0,0.031496062992125984,1.0,0.031496062992125984
2,clab-nebula-serf60,10,10,128,10,118,0,0.078125,1.0,0.078125
2,clab-nebula-serf60,15,42,128,42,86,0,0.328125,1.0,0.328125
2,clab-nebula-serf60,20,70,128,70,58,0,0.546875,1.0,0.546875
2,clab-nebula-serf60,25,87,128,83,45,4,0.6484375,0.9540229885057471,0.6287878787878788
2,clab-nebula-serf60,30,111,155,109,46,2,0.7032258064516129,0.9819819819819819,0.6942675159235668
2,clab-nebula-serf60,35,120,155,118,37,2,0.7612903225806451,0.9833333333333333,0.7515923566878981
2,clab-nebula-serf60,40,124,155,122,33,2,0.7870967741935484,0.9838709677419355,0.7770700636942676
2,clab-nebula-serf60,45,143,155,141,14,2,0.9096774193548387,0.986013986013986,0.8980891719745223
2,clab-nebula-serf60,50,154,139,136,3,18,0.9784172661870504,0.8831168831168831,0.8662420382165605
2,clab-nebula-serf60,55,154,139,136,3,18,0.9784172661870504,0.8831168831168831,0.8662420382165605
2,clab-nebula-serf60,60,158,139,139,0,19,1.0,0.879746835443038,0.879746835443038
2,clab-nebula-serf145,5,0,2,0,2,0,0.0,0.0,0.0
2,clab-nebula-serf145,10,0,2,0,2,0,0.0,0.0,0.0
2,clab-nebula-serf145,15,1,13,1,12,0,0.07692307692307693,1.0,0.07692307692307693
2,clab-nebula-serf145,20,5,131,5,126,0,0.03816793893129771,1.0,0.03816793893129771
2,clab-nebula-serf145,25,7,131,7,124,0,0.05343511450381679,1.0,0.05343511450381679
2,clab-nebula-serf145,30,15,134,15,119,0,0.11194029850746269,1.0,0.11194029850746269
2,clab-nebula-serf145,35,37,134,33,101,4,0.2462686567164179,0.8918918918918919,0.2391304347826087
2,clab-nebula-serf145,40,56,161,56,105,0,0.34782608695652173,1.0,0.34782608695652173
2,clab-nebula-serf145,45,66,161,66,95,0,0.40993788819875776,1.0,0.40993788819875776
2,clab-nebula-serf145,50,104,151,95,56,9,0.6291390728476821,0.9134615384615384,0.59375
2,clab-nebula-serf145,55,130,151,120,31,10,0.7947019867549668,0.9230769230769231,0.7453416149068323
2,clab-nebula-serf145,60,145,151,135,16,10,0.8940397350993378,0.9310344827586207,0.8385093167701864
2,clab-nebula-serf6,5,1,6,1,5,0,0.16666666666666666,1.0,0.16666666666666666
2,clab-nebula-serf6,10,7,62,6,56,1,0.0967741935483871,0.8571428571428571,0.09523809523809523
2,clab-nebula-serf6,15,18,101,18,83,0,0.1782178217821782,1.0,0.1782178217821782
2,clab-nebula-serf6,20,32,101,29,72,3,0.2871287128712871,0.90625,0.27884615384615385
2,clab-nebula-serf6,25,68,101,55,46,13,0.5445544554455446,0.8088235294117647,0.4824561403508772
2,clab-nebula-serf6,30,86,128,82,46,4,0.640625,0.9534883720930233,0.6212121212121212
2,clab-nebula-serf6,35,98,155,96,59,2,0.6193548387096774,0.9795918367346939,0.6114649681528662
2,clab-nebula-serf6,40,117,155,115,40,2,0.7419354838709677,0.9829059829059829,0.732484076433121
2,clab-nebula-serf6,45,120,155,118,37,2,0.7612903225806451,0.9833333333333333,0.7515923566878981
2,clab-nebula-serf6,50,124,155,122,33,2,0.7870967741935484,0.9838709677419355,0.7770700636942676
2,clab-nebula-serf6,55,151,155,149,6,2,0.9612903225806452,0.9867549668874173,0.9490445859872612
2,clab-nebula-serf6,60,155,155,153,2,2,0.9870967741935484,0.9870967741935484,0.9745222929936306
2,clab-nebula-serf11,5,2,31,2,29,0,0.06451612903225806,1.0,0.06451612903225806
2,clab-nebula-serf11,10,14,62,14,48,0,0.22580645161290322,1.0,0.22580645161290322
2,clab-nebula-serf11,15,26,128,26,102,0,0.203125,1.0,0.203125
2,clab-nebula-serf11,20,57,101,48,53,9,0.4752475247524752,0.8421052631578947,0.43636363636363634
2,clab-nebula-serf11,25,82,128,78,50,4,0.609375,0.9512195121951219,0.5909090909090909
2,clab-nebula-serf11,30,93,128,89,39,4,0.6953125,0.956989247311828,0.6742424242424242
2,clab-nebula-serf11,35,112,155,110,45,2,0.7096774193548387,0.9821428571428571,0.7006369426751592
2,clab-nebula-serf11,40,120,155,118,37,2,0.7612903225806451,0.9833333333333333,0.7515923566878981
2,clab-nebula-serf11,45,124,155,122,33,2,0.7870967741935484,0.9838709677419355,0.7770700636942676
2,clab-nebula-serf11,50,142,155,140,15,2,0.9032258064516129,0.9859154929577465,0.89171974522293
2,clab-nebula-serf11,55,154,155,152,3,2,0.9806451612903225,0.987012987012987,0.9681528662420382
2,clab-nebula-serf11,60,157,155,155,0,2,1.0,0.9872611464968153,0.9872611464968153
2,clab-nebula-serf98,5,1,31,1,30,0,0.03225806451612903,1.0,0.03225806451612903
2,clab-nebula-serf98,10,7,31,7,24,0,0.22580645161290322,1.0,0.22580645161290322
2,clab-nebula-serf98,15,7,31,7,24,0,0.22580645161290322,1.0,0.22580645161290322
2,clab-nebula-serf98,20,8,131,7,124,1,0.05343511450381679,0.875,0.05303030303030303
2,clab-nebula-serf98,25,14,161,14,147,0,0.08695652173913043,1.0,0.08695652173913043
2,clab-nebula-serf98,30,29,161,29,132,0,0.18012422360248448,1.0,0.18012422360248448
2,clab-nebula-serf98,35,71,151,62,89,9,0.4105960264900662,0.8732394366197183,0.3875
2,clab-nebula-serf98,40,121,115,77,38,44,0.6695652173913044,0.6363636363636364,0.48427672955974843
2,clab-nebula-serf98,45,144,115,99,16,45,0.8608695652173913,0.6875,0.61875
2,clab-nebula-serf98,50,156,115,110,5,46,0.9565217391304348,0.7051282051282052,0.6832298136645962
2,clab-nebula-serf98,55,160,115,114,1,46,0.991304347826087,0.7125,0.7080745341614907
2,clab-nebula-serf98,60,161,115,115,0,46,1.0,0.7142857142857143,0.7142857142857143
2,clab-nebula-serf138,5,0,2,0,2,0,0.0,0.0,0.0
2,clab-nebula-serf138,10,0,2,0,2,0,0.0,0.0,0.0
2,clab-nebula-serf138,15,1,2,1,1,0,0.5,1.0,0.5
2,clab-nebula-serf138,20,14,134,14,120,0,0.1044776119402985,1.0,0.1044776119402985
2,clab-nebula-serf138,25,14,134,14,120,0,0.1044776119402985,1.0,0.1044776119402985
2,clab-nebula-serf138,30,26,161,26,135,0,0.16149068322981366,1.0,0.16149068322981366
2,clab-nebula-serf138,35,43,161,43,118,0,0.2670807453416149,1.0,0.2670807453416149
2,clab-nebula-serf138,40,55,161,55,106,0,0.3416149068322981,1.0,0.3416149068322981
2,clab-nebula-serf138,45,90,161,90,71,0,0.5590062111801242,1.0,0.5590062111801242
2,clab-nebula-serf138,50,115,161,115,46,0,0.7142857142857143,1.0,0.7142857142857143
2,clab-nebula-serf138,55,137,161,137,24,0,0.8509316770186336,1.0,0.8509316770186336
2,clab-nebula-serf138,60,147,161,147,14,0,0.9130434782608695,1.0,0.9130434782608695
2,clab-nebula-serf150,5,0,2,0,2,0,0.0,0.0,0.0
2,clab-nebula-serf150,10,0,2,0,2,0,0.0,0.0,0.0
2,clab-nebula-serf150,15,1,26,1,25,0,0.038461538461538464,1.0,0.038461538461538464
2,clab-nebula-serf150,20,9,45,9,36,0,0.2,1.0,0.2
2,clab-nebula-serf150,25,17,45,17,28,0,0.37777777777777777,1.0,0.37777777777777777
2,clab-nebula-serf150,30,23,155,23,132,0,0.14838709677419354,1.0,0.14838709677419354
2,clab-nebula-serf150,35,42,155,42,113,0,0.2709677419354839,1.0,0.2709677419354839
2,clab-nebula-serf150,40,54,155,54,101,0,0.34838709677419355,1.0,0.34838709677419355
2,clab-nebula-serf150,45,79,155,79,76,0,0.5096774193548387,1.0,0.5096774193548387
2,clab-nebula-serf150,50,117,155,117,38,0,0.7548387096774194,1.0,0.7548387096774194
2,clab-nebula-serf150,55,141,155,139,16,2,0.896774193548387,0.9858156028368794,0.8853503184713376
2,clab-nebula-serf150,60,152,155,150,5,2,0.967741935483871,0.9868421052631579,0.9554140127388535
2,clab-nebula-serf18,5,0,0,0,0,0,0.0,0.0,0.0
2,clab-nebula-serf18,10,5,55,5,50,0,0.09090909090909091,1.0,0.09090909090909091
2,clab-nebula-serf18,15,20,101,19,82,1,0.18811881188118812,0.95,0.18627450980392157
2,clab-nebula-serf18,20,47,101,40,61,7,0.39603960396039606,0.851063829787234,0.37037037037037035
2,clab-nebula-serf18,25,75,128,75,53,0,0.5859375,1.0,0.5859375
2,clab-nebula-serf18,30,90,128,86,42,4,0.671875,0.9555555555555556,0.6515151515151515
2,clab-nebula-serf18,35,103,128,98,30,5,0.765625,0.9514563106796117,0.7368421052631579
2,clab-nebula-serf18,40,120,155,118,37,2,0.7612903225806451,0.9833333333333333,0.7515923566878981
2,clab-nebula-serf18,45,123,155,121,34,2,0.7806451612903226,0.983739837398374,0.7707006369426752
2,clab-nebula-serf18,50,140,155,138,17,2,0.8903225806451613,0.9857142857142858,0.8789808917197452
2,clab-nebula-serf18,55,151,155,149,6,2,0.9612903225806452,0.9867549668874173,0.9490445859872612
2,clab-nebula-serf18,60,157,155,155,0,2,1.0,0.9872611464968153,0.9872611464968153
2,clab-nebula-serf30,5,1,8,1,7,0,0.125,1.0,0.125
2,clab-nebula-serf30,10,13,62,13,49,0,0.20967741935483872,1.0,0.20967741935483872
2,clab-nebula-serf30,15,28,128,28,100,0,0.21875,1.0,0.21875
2,clab-nebula-serf30,20,45,128,45,83,0,0.3515625,1.0,0.3515625
2,clab-nebula-serf30,25,81,161,81,80,0,0.5031055900621118,1.0,0.5031055900621118
2,clab-nebula-serf30,30,93,161,93,68,0,0.577639751552795,1.0,0.577639751552795
2,clab-nebula-serf30,35,102,161,102,59,0,0.6335403726708074,1.0,0.6335403726708074
2,clab-nebula-serf30,40,119,161,119,42,0,0.7391304347826086,1.0,0.7391304347826086
2,clab-nebula-serf30,45,124,161,124,37,0,0.7701863354037267,1.0,0.7701863354037267
2,clab-nebula-serf30,50,128,161,128,33,0,0.7950310559006211,1.0,0.7950310559006211
2,clab-nebula-serf30,55,154,161,154,7,0,0.9565217391304348,1.0,0.9565217391304348
2,clab-nebula-serf30,60,154,161,154,7,0,0.9565217391304348,1.0,0.9565217391304348
2,clab-nebula-serf44,5,3,128,3,125,0,0.0234375,1.0,0.0234375
2,clab-nebula-serf44,10,10,128,10,118,0,0.078125,1.0,0.078125
2,clab-nebula-serf44,15,23,128,23,105,0,0.1796875,1.0,0.1796875
2,clab-nebula-serf44,20,47,128,47,81,0,0.3671875,1.0,0.3671875
2,clab-nebula-serf44,25,81,128,81,47,0,0.6328125,1.0,0.6328125
2,clab-nebula-serf44,30,99,128,94,34,5,0.734375,0.9494949494949495,0.706766917293233
2,clab-nebula-serf44,35,120,155,118,37,2,0.7612903225806451,0.9833333333333333,0.7515923566878981
2,clab-nebula-serf44,40,124,155,122,33,2,0.7870967741935484,0.9838709677419355,0.7770700636942676
2,clab-nebula-serf44,45,127,155,125,30,2,0.8064516129032258,0.984251968503937,0.7961783439490446
2,clab-nebula-serf44,50,154,155,152,3,2,0.9806451612903225,0.987012987012987,0.9681528662420382
2,clab-nebula-serf44,55,154,155,152,3,2,0.9806451612903225,0.987012987012987,0.9681528662420382
2,clab-nebula-serf44,60,156,155,154,1,2,0.9935483870967742,0.9871794871794872,0.9808917197452229
2,clab-nebula-serf131,5,0,8,0,8,0,0.0,0.0,0.0
2,clab-nebula-serf131,10,0,8,0,8,0,0.0,0.0,0.0
2,clab-nebula-serf131,15,3,134,3,131,0,0.022388059701492536,1.0,0.022388059701492536
2,clab-nebula-serf131,20,14,134,14,120,0,0.1044776119402985,1.0,0.1044776119402985
2,clab-nebula-serf131,25,18,161,18,143,0,0.11180124223602485,1.0,0.11180124223602485
2,clab-nebula-serf131,30,29,161,29,132,0,0.18012422360248448,1.0,0.18012422360248448
2,clab-nebula-serf131,35,45,161,45,116,0,0.2795031055900621,1.0,0.2795031055900621
2,clab-nebula-serf131,40,69,161,69,92,0,0.42857142857142855,1.0,0.42857142857142855
2,clab-nebula-serf131,45,95,161,95,66,0,0.5900621118012422,1.0,0.5900621118012422
2,clab-nebula-serf131,50,122,161,122,39,0,0.7577639751552795,1.0,0.7577639751552795
2,clab-nebula-serf131,55,137,161,137,24,0,0.8509316770186336,1.0,0.8509316770186336
2,clab-nebula-serf131,60,149,161,149,12,0,0.9254658385093167,1.0,0.9254658385093167
2,clab-nebula-serf35,5,0,1,0,1,0,0.0,0.0,0.0
2,clab-nebula-serf35,10,1,65,1,64,0,0.015384615384615385,1.0,0.015384615384615385
2,clab-nebula-serf35,15,7,122,7,115,0,0.05737704918032787,1.0,0.05737704918032787
2,clab-nebula-serf35,20,26,122,26,96,0,0.21311475409836064,1.0,0.21311475409836064
2,clab-nebula-serf35,25,63,128,63,65,0,0.4921875,1.0,0.4921875
2,clab-nebula-serf35,30,85,161,85,76,0,0.5279503105590062,1.0,0.5279503105590062
2,clab-nebula-serf35,35,95,161,95,66,0,0.5900621118012422,1.0,0.5900621118012422
2,clab-nebula-serf35,40,111,161,111,50,0,0.6894409937888198,1.0,0.6894409937888198
2,clab-nebula-serf35,45,121,161,121,40,0,0.7515527950310559,1.0,0.7515527950310559
2,clab-nebula-serf35,50,124,161,124,37,0,0.7701863354037267,1.0,0.7701863354037267
2,clab-nebula-serf35,55,145,161,145,16,0,0.9006211180124224,1.0,0.9006211180124224
2,clab-nebula-serf35,60,154,161,154,7,0,0.9565217391304348,1.0,0.9565217391304348
2,clab-nebula-serf40,5,0,1,0,1,0,0.0,0.0,0.0
2,clab-nebula-serf40,10,1,65,1,64,0,0.015384615384615385,1.0,0.015384615384615385
2,clab-nebula-serf40,15,11,122,11,111,0,0.09016393442622951,1.0,0.09016393442622951
2,clab-nebula-serf40,20,35,122,35,87,0,0.28688524590163933,1.0,0.28688524590163933
2,clab-nebula-serf40,25,71,128,71,57,0,0.5546875,1.0,0.5546875
2,clab-nebula-serf40,30,87,161,87,74,0,0.5403726708074534,1.0,0.5403726708074534
2,clab-nebula-serf40,35,98,161,98,63,0,0.6086956521739131,1.0,0.6086956521739131
2,clab-nebula-serf40,40,118,161,118,43,0,0.7329192546583851,1.0,0.7329192546583851
2,clab-nebula-serf40,45,122,161,122,39,0,0.7577639751552795,1.0,0.7577639751552795
2,clab-nebula-serf40,50,126,161,126,35,0,0.782608695652174,1.0,0.782608695652174
2,clab-nebula-serf40,55,153,161,153,8,0,0.9503105590062112,1.0,0.9503105590062112
2,clab-nebula-serf40,60,154,161,154,7,0,0.9565217391304348,1.0,0.9565217391304348
2,clab-nebula-serf144,5,0,0,0,0,0,0.0,0.0,0.0
2,clab-nebula-serf144,10,0,0,0,0,0,0.0,0.0,0.0
2,clab-nebula-serf144,15,7,134,7,127,0,0.05223880597014925,1.0,0.05223880597014925
2,clab-nebula-serf144,20,12,134,12,122,0,0.08955223880597014,1.0,0.08955223880597014
2,clab-nebula-serf144,25,23,161,23,138,0,0.14285714285714285,1.0,0.14285714285714285
2,clab-nebula-serf144,30,55,161,55,106,0,0.3416149068322981,1.0,0.3416149068322981
2,clab-nebula-serf144,35,60,161,60,101,0,0.37267080745341613,1.0,0.37267080745341613
2,clab-nebula-serf144,40,95,161,95,66,0,0.5900621118012422,1.0,0.5900621118012422
2,clab-nebula-serf144,45,126,161,126,35,0,0.782608695652174,1.0,0.782608695652174
2,clab-nebula-serf144,50,141,161,141,20,0,0.8757763975155279,1.0,0.8757763975155279
2,clab-nebula-serf144,55,151,161,151,10,0,0.937888198757764,1.0,0.937888198757764
2,clab-nebula-serf144,60,155,161,155,6,0,0.9627329192546584,1.0,0.9627329192546584
2,clab-nebula-serf152,5,0,2,0,2,0,0.0,0.0,0.0
2,clab-nebula-serf152,10,1,28,1,27,0,0.03571428571428571,1.0,0.03571428571428571
2,clab-nebula-serf152,15,11,28,11,17,0,0.39285714285714285,1.0,0.39285714285714285
2,clab-nebula-serf152,20,14,45,14,31,0,0.3111111111111111,1.0,0.3111111111111111
2,clab-nebula-serf152,25,24,155,24,131,0,0.15483870967741936,1.0,0.15483870967741936
2,clab-nebula-serf152,30,47,155,47,108,0,0.3032258064516129,1.0,0.3032258064516129
2,clab-nebula-serf152,35,60,155,60,95,0,0.3870967741935484,1.0,0.3870967741935484
2,clab-nebula-serf152,40,89,155,89,66,0,0.5741935483870968,1.0,0.5741935483870968
2,clab-nebula-serf152,45,122,155,122,33,0,0.7870967741935484,1.0,0.7870967741935484
2,clab-nebula-serf152,50,143,155,141,14,2,0.9096774193548387,0.986013986013986,0.8980891719745223
2,clab-nebula-serf152,55,152,155,150,5,2,0.967741935483871,0.9868421052631579,0.9554140127388535
2,clab-nebula-serf152,60,156,155,154,1,2,0.9935483870967742,0.9871794871794872,0.9808917197452229
2,clab-nebula-serf162,5,0,0,0,0,0,0.0,0.0,0.0
2,clab-nebula-serf162,10,0,0,0,0,0,0.0,0.0,0.0
2,clab-nebula-serf162,15,5,155,5,150,0,0.03225806451612903,1.0,0.03225806451612903
2,clab-nebula-serf162,20,5,155,5,150,0,0.03225806451612903,1.0,0.03225806451612903
2,clab-nebula-serf162,25,5,155,5,150,0,0.03225806451612903,1.0,0.03225806451612903
2,clab-nebula-serf162,30,9,155,9,146,0,0.05806451612903226,1.0,0.05806451612903226
2,clab-nebula-serf162,35,20,155,20,135,0,0.12903225806451613,1.0,0.12903225806451613
2,clab-nebula-serf162,40,35,155,35,120,0,0.22580645161290322,1.0,0.22580645161290322
2,clab-nebula-serf162,45,40,155,40,115,0,0.25806451612903225,1.0,0.25806451612903225
2,clab-nebula-serf162,50,54,155,54,101,0,0.34838709677419355,1.0,0.34838709677419355
2,clab-nebula-serf162,55,74,155,74,81,0,0.4774193548387097,1.0,0.4774193548387097
2,clab-nebula-serf162,60,113,155,113,42,0,0.7290322580645161,1.0,0.7290322580645161
2,clab-nebula-serf41,5,0,5,0,5,0,0.0,0.0,0.0
2,clab-nebula-serf41,10,0,5,0,5,0,0.0,0.0,0.0
2,clab-nebula-serf41,15,1,65,1,64,0,0.015384615384615385,1.0,0.015384615384615385
2,clab-nebula-serf41,20,14,122,14,108,0,0.11475409836065574,1.0,0.11475409836065574
2,clab-nebula-serf41,25,40,128,40,88,0,0.3125,1.0,0.3125
2,clab-nebula-serf41,30,74,128,74,54,0,0.578125,1.0,0.578125
2,clab-nebula-serf41,35,89,128,85,43,4,0.6640625,0.9550561797752809,0.6439393939393939
2,clab-nebula-serf41,40,99,161,99,62,0,0.6149068322981367,1.0,0.6149068322981367
2,clab-nebula-serf41,45,118,161,118,43,0,0.7329192546583851,1.0,0.7329192546583851
2,clab-nebula-serf41,50,121,161,121,40,0,0.7515527950310559,1.0,0.7515527950310559
2,clab-nebula-serf41,55,126,161,126,35,0,0.782608695652174,1.0,0.782608695652174
2,clab-nebula-serf41,60,153,161,153,8,0,0.9503105590062112,1.0,0.9503105590062112
2,clab-nebula-serf72,5,1,15,1,14,0,0.06666666666666667,1.0,0.06666666666666667
2,clab-nebula-serf72,10,16,127,16,111,0,0.12598425196850394,1.0,0.12598425196850394
2,clab-nebula-serf72,15,31,127,31,96,0,0.2440944881889764,1.0,0.2440944881889764
2,clab-nebula-serf72,20,54,155,54,101,0,0.34838709677419355,1.0,0.34838709677419355
2,clab-nebula-serf72,25,84,161,84,77,0,0.5217391304347826,1.0,0.5217391304347826
2,clab-nebula-serf72,30,110,161,110,51,0,0.6832298136645962,1.0,0.6832298136645962
2,clab-nebula-serf72,35,121,161,121,40,0,0.7515527950310559,1.0,0.7515527950310559
2,clab-nebula-serf72,40,125,161,125,36,0,0.7763975155279503,1.0,0.7763975155279503
2,clab-nebula-serf72,45,150,161,150,11,0,0.9316770186335404,1.0,0.9316770186335404
2,clab-nebula-serf72,50,154,161,154,7,0,0.9565217391304348,1.0,0.9565217391304348
2,clab-nebula-serf72,55,158,161,158,3,0,0.9813664596273292,1.0,0.9813664596273292
2,clab-nebula-serf72,60,161,161,161,0,0,1.0,1.0,1.0
2,clab-nebula-serf141,5,0,8,0,8,0,0.0,0.0,0.0
2,clab-nebula-serf141,10,0,8,0,8,0,0.0,0.0,0.0
2,clab-nebula-serf141,15,0,8,0,8,0,0.0,0.0,0.0
2,clab-nebula-serf141,20,14,134,14,120,0,0.1044776119402985,1.0,0.1044776119402985
2,clab-nebula-serf141,25,14,134,14,120,0,0.1044776119402985,1.0,0.1044776119402985
2,clab-nebula-serf141,30,26,161,26,135,0,0.16149068322981366,1.0,0.16149068322981366
2,clab-nebula-serf141,35,43,161,43,118,0,0.2670807453416149,1.0,0.2670807453416149
2,clab-nebula-serf141,40,59,161,59,102,0,0.36645962732919257,1.0,0.36645962732919257
2,clab-nebula-serf141,45,90,161,90,71,0,0.5590062111801242,1.0,0.5590062111801242
2,clab-nebula-serf141,50,116,161,116,45,0,0.7204968944099379,1.0,0.7204968944099379
2,clab-nebula-serf141,55,137,161,137,24,0,0.8509316770186336,1.0,0.8509316770186336
2,clab-nebula-serf141,60,149,161,149,12,0,0.9254658385093167,1.0,0.9254658385093167
2,clab-nebula-serf25,5,0,4,0,4,0,0.0,0.0,0.0
2,clab-nebula-serf25,10,4,64,4,60,0,0.0625,1.0,0.0625
2,clab-nebula-serf25,15,12,64,12,52,0,0.1875,1.0,0.1875
2,clab-nebula-serf25,20,28,128,28,100,0,0.21875,1.0,0.21875
2,clab-nebula-serf25,25,44,128,44,84,0,0.34375,1.0,0.34375
2,clab-nebula-serf25,30,81,128,80,48,1,0.625,0.9876543209876543,0.6201550387596899
2,clab-nebula-serf25,35,93,161,93,68,0,0.577639751552795,1.0,0.577639751552795
2,clab-nebula-serf25,40,102,161,102,59,0,0.6335403726708074,1.0,0.6335403726708074
2,clab-nebula-serf25,45,119,161,119,42,0,0.7391304347826086,1.0,0.7391304347826086
2,clab-nebula-serf25,50,124,161,124,37,0,0.7701863354037267,1.0,0.7701863354037267
2,clab-nebula-serf25,55,127,161,127,34,0,0.7888198757763976,1.0,0.7888198757763976
2,clab-nebula-serf25,60,154,161,154,7,0,0.9565217391304348,1.0,0.9565217391304348
2,clab-nebula-serf50,5,3,118,3,115,0,0.025423728813559324,1.0,0.025423728813559324
2,clab-nebula-serf50,10,8,118,8,110,0,0.06779661016949153,1.0,0.06779661016949153
2,clab-nebula-serf50,15,23,128,23,105,0,0.1796875,1.0,0.1796875
2,clab-nebula-serf50,20,41,128,41,87,0,0.3203125,1.0,0.3203125
2,clab-nebula-serf50,25,81,128,81,47,0,0.6328125,1.0,0.6328125
2,clab-nebula-serf50,30,93,128,91,37,2,0.7109375,0.978494623655914,0.7
2,clab-nebula-serf50,35,118,155,116,39,2,0.7483870967741936,0.9830508474576272,0.7388535031847133
2,clab-nebula-serf50,40,122,155,120,35,2,0.7741935483870968,0.9836065573770492,0.7643312101910829
2,clab-nebula-serf50,45,125,155,123,32,2,0.7935483870967742,0.984,0.7834394904458599
2,clab-nebula-serf50,50,153,155,151,4,2,0.9741935483870968,0.9869281045751634,0.9617834394904459
2,clab-nebula-serf50,55,154,155,152,3,2,0.9806451612903225,0.987012987012987,0.9681528662420382
2,clab-nebula-serf50,60,156,155,154,1,2,0.9935483870967742,0.9871794871794872,0.9808917197452229
2,clab-nebula-serf51,5,1,15,1,14,0,0.06666666666666667,1.0,0.06666666666666667
2,clab-nebula-serf51,10,9,128,9,119,0,0.0703125,1.0,0.0703125
2,clab-nebula-serf51,15,24,128,24,104,0,0.1875,1.0,0.1875
2,clab-nebula-serf51,20,64,128,64,64,0,0.5,1.0,0.5
2,clab-nebula-serf51,25,83,128,81,47,2,0.6328125,0.9759036144578314,0.6230769230769231
2,clab-nebula-serf51,30,97,128,93,35,4,0.7265625,0.9587628865979382,0.7045454545454546
2,clab-nebula-serf51,35,118,155,116,39,2,0.7483870967741936,0.9830508474576272,0.7388535031847133
2,clab-nebula-serf51,40,121,155,119,36,2,0.7677419354838709,0.9834710743801653,0.7579617834394905
2,clab-nebula-serf51,45,126,155,124,31,2,0.8,0.9841269841269841,0.7898089171974523
2,clab-nebula-serf51,50,152,130,127,3,25,0.9769230769230769,0.8355263157894737,0.8193548387096774
2,clab-nebula-serf51,55,154,130,127,3,27,0.9769230769230769,0.8246753246753247,0.8089171974522293
2,clab-nebula-serf51,60,157,130,130,0,27,1.0,0.8280254777070064,0.8280254777070064
2,clab-nebula-serf66,5,0,8,0,8,0,0.0,0.0,0.0
2,clab-nebula-serf66,10,4,45,4,41,0,0.08888888888888889,1.0,0.08888888888888889
2,clab-nebula-serf66,15,27,127,27,100,0,0.2125984251968504,1.0,0.2125984251968504
2,clab-nebula-serf66,20,44,155,44,111,0,0.2838709677419355,1.0,0.2838709677419355
2,clab-nebula-serf66,25,79,155,77,78,2,0.4967741935483871,0.9746835443037974,0.49044585987261147
2,clab-nebula-serf66,30,106,155,104,51,2,0.6709677419354839,0.9811320754716981,0.6624203821656051
2,clab-nebula-serf66,35,116,161,116,45,0,0.7204968944099379,1.0,0.7204968944099379
2,clab-nebula-serf66,40,123,161,123,38,0,0.7639751552795031,1.0,0.7639751552795031
2,clab-nebula-serf66,45,136,161,136,25,0,0.84472049689441,1.0,0.84472049689441
2,clab-nebula-serf66,50,154,161,154,7,0,0.9565217391304348,1.0,0.9565217391304348
2,clab-nebula-serf66,55,154,161,154,7,0,0.9565217391304348,1.0,0.9565217391304348
2,clab-nebula-serf66,60,158,161,158,3,0,0.9813664596273292,1.0,0.9813664596273292
2,clab-nebula-serf86,5,3,29,3,26,0,0.10344827586206896,1.0,0.10344827586206896
2,clab-nebula-serf86,10,4,161,4,157,0,0.024844720496894408,1.0,0.024844720496894408
2,clab-nebula-serf86,15,11,161,11,150,0,0.06832298136645963,1.0,0.06832298136645963
2,clab-nebula-serf86,20,29,161,29,132,0,0.18012422360248448,1.0,0.18012422360248448
2,clab-nebula-serf86,25,56,161,56,105,0,0.34782608695652173,1.0,0.34782608695652173
2,clab-nebula-serf86,30,85,161,85,76,0,0.5279503105590062,1.0,0.5279503105590062
2,clab-nebula-serf86,35,115,161,115,46,0,0.7142857142857143,1.0,0.7142857142857143
2,clab-nebula-serf86,40,120,161,120,41,0,0.7453416149068323,1.0,0.7453416149068323
2,clab-nebula-serf86,45,134,161,134,27,0,0.8322981366459627,1.0,0.8322981366459627
2,clab-nebula-serf86,50,145,161,145,16,0,0.9006211180124224,1.0,0.9006211180124224
2,clab-nebula-serf86,55,155,161,155,6,0,0.9627329192546584,1.0,0.9627329192546584
2,clab-nebula-serf86,60,160,161,160,1,0,0.9937888198757764,1.0,0.9937888198757764
2,clab-nebula-serf90,5,2,52,2,50,0,0.038461538461538464,1.0,0.038461538461538464
2,clab-nebula-serf90,10,9,118,9,109,0,0.07627118644067797,1.0,0.07627118644067797
2,clab-nebula-serf90,15,30,155,30,125,0,0.1935483870967742,1.0,0.1935483870967742
2,clab-nebula-serf90,20,49,161,49,112,0,0.30434782608695654,1.0,0.30434782608695654
2,clab-nebula-serf90,25,78,161,78,83,0,0.484472049689441,1.0,0.484472049689441
2,clab-nebula-serf90,30,101,161,101,60,0,0.6273291925465838,1.0,0.6273291925465838
2,clab-nebula-serf90,35,119,161,119,42,0,0.7391304347826086,1.0,0.7391304347826086
2,clab-nebula-serf90,40,122,161,122,39,0,0.7577639751552795,1.0,0.7577639751552795
2,clab-nebula-serf90,45,137,161,137,24,0,0.8509316770186336,1.0,0.8509316770186336
2,clab-nebula-serf90,50,154,161,154,7,0,0.9565217391304348,1.0,0.9565217391304348
2,clab-nebula-serf90,55,155,161,155,6,0,0.9627329192546584,1.0,0.9627329192546584
2,clab-nebula-serf90,60,159,161,159,2,0,0.9875776397515528,1.0,0.9875776397515528
2,clab-nebula-serf143,5,0,2,0,2,0,0.0,0.0,0.0
2,clab-nebula-serf143,10,0,2,0,2,0,0.0,0.0,0.0
2,clab-nebula-serf143,15,1,24,1,23,0,0.041666666666666664,1.0,0.041666666666666664
2,clab-nebula-serf143,20,2,134,2,132,0,0.014925373134328358,1.0,0.014925373134328358
2,clab-nebula-serf143,25,7,134,7,127,0,0.05223880597014925,1.0,0.05223880597014925
2,clab-nebula-serf143,30,13,134,13,121,0,0.09701492537313433,1.0,0.09701492537313433
2,clab-nebula-serf143,35,32,161,32,129,0,0.19875776397515527,1.0,0.19875776397515527
2,clab-nebula-serf143,40,56,161,56,105,0,0.34782608695652173,1.0,0.34782608695652173
2,clab-nebula-serf143,45,66,161,66,95,0,0.40993788819875776,1.0,0.40993788819875776
2,clab-nebula-serf143,50,103,151,94,57,9,0.6225165562913907,0.912621359223301,0.5875
2,clab-nebula-serf143,55,130,151,120,31,10,0.7947019867549668,0.9230769230769231,0.7453416149068323
2,clab-nebula-serf143,60,145,151,135,16,10,0.8940397350993378,0.9310344827586207,0.8385093167701864
2,clab-nebula-serf7,5,1,31,1,30,0,0.03225806451612903,1.0,0.03225806451612903
2,clab-nebula-serf7,10,9,62,8,54,1,0.12903225806451613,0.8888888888888888,0.12698412698412698
2,clab-nebula-serf7,15,19,101,19,82,0,0.18811881188118812,1.0,0.18811881188118812
2,clab-nebula-serf7,20,33,101,30,71,3,0.297029702970297,0.9090909090909091,0.28846153846153844
2,clab-nebula-serf7,25,67,101,54,47,13,0.5346534653465347,0.8059701492537313,0.47368421052631576
2,clab-nebula-serf7,30,86,128,82,46,4,0.640625,0.9534883720930233,0.6212121212121212
2,clab-nebula-serf7,35,99,155,97,58,2,0.6258064516129033,0.9797979797979798,0.6178343949044586
2,clab-nebula-serf7,40,117,155,115,40,2,0.7419354838709677,0.9829059829059829,0.732484076433121
2,clab-nebula-serf7,45,120,155,118,37,2,0.7612903225806451,0.9833333333333333,0.7515923566878981
2,clab-nebula-serf7,50,124,155,122,33,2,0.7870967741935484,0.9838709677419355,0.7770700636942676
2,clab-nebula-serf7,55,151,155,149,6,2,0.9612903225806452,0.9867549668874173,0.9490445859872612
2,clab-nebula-serf7,60,156,155,154,1,2,0.9935483870967742,0.9871794871794872,0.9808917197452229
2,clab-nebula-serf37,5,2,32,2,30,0,0.0625,1.0,0.0625
2,clab-nebula-serf37,10,8,128,8,120,0,0.0625,1.0,0.0625
2,clab-nebula-serf37,15,29,128,29,99,0,0.2265625,1.0,0.2265625
2,clab-nebula-serf37,20,65,128,65,63,0,0.5078125,1.0,0.5078125
2,clab-nebula-serf37,25,85,161,85,76,0,0.5279503105590062,1.0,0.5279503105590062
2,clab-nebula-serf37,30,96,161,96,65,0,0.5962732919254659,1.0,0.5962732919254659
2,clab-nebula-serf37,35,111,161,111,50,0,0.6894409937888198,1.0,0.6894409937888198
2,clab-nebula-serf37,40,121,161,121,40,0,0.7515527950310559,1.0,0.7515527950310559
2,clab-nebula-serf37,45,124,161,124,37,0,0.7701863354037267,1.0,0.7701863354037267
2,clab-nebula-serf37,50,146,161,146,15,0,0.906832298136646,1.0,0.906832298136646
2,clab-nebula-serf37,55,154,161,154,7,0,0.9565217391304348,1.0,0.9565217391304348
2,clab-nebula-serf37,60,156,161,156,5,0,0.968944099378882,1.0,0.968944099378882
2,clab-nebula-serf43,5,0,2,0,2,0,0.0,0.0,0.0
2,clab-nebula-serf43,10,5,64,5,59,0,0.078125,1.0,0.078125
2,clab-nebula-serf43,15,13,128,13,115,0,0.1015625,1.0,0.1015625
2,clab-nebula-serf43,20,27,128,27,101,0,0.2109375,1.0,0.2109375
2,clab-nebula-serf43,25,52,128,52,76,0,0.40625,1.0,0.40625
2,clab-nebula-serf43,30,82,128,82,46,0,0.640625,1.0,0.640625
2,clab-nebula-serf43,35,98,128,94,34,4,0.734375,0.9591836734693877,0.7121212121212122
2,clab-nebula-serf43,40,119,144,109,35,10,0.7569444444444444,0.9159663865546218,0.7077922077922078
2,clab-nebula-serf43,45,124,144,114,30,10,0.7916666666666666,0.9193548387096774,0.7402597402597403
2,clab-nebula-serf43,50,126,143,115,28,11,0.8041958041958042,0.9126984126984127,0.7467532467532467
2,clab-nebula-serf43,55,154,143,140,3,14,0.9790209790209791,0.9090909090909091,0.89171974522293
2,clab-nebula-serf43,60,154,143,140,3,14,0.9790209790209791,0.9090909090909091,0.89171974522293
2,clab-nebula-serf58,5,5,125,5,120,0,0.04,1.0,0.04
2,clab-nebula-serf58,10,19,127,19,108,0,0.14960629921259844,1.0,0.14960629921259844
2,clab-nebula-serf58,15,57,127,57,70,0,0.44881889763779526,1.0,0.44881889763779526
2,clab-nebula-serf58,20,79,127,78,49,1,0.6141732283464567,0.9873417721518988,0.609375
2,clab-nebula-serf58,25,93,127,89,38,4,0.7007874015748031,0.956989247311828,0.6793893129770993
2,clab-nebula-serf58,30,118,161,118,43,0,0.7329192546583851,1.0,0.7329192546583851
2,clab-nebula-serf58,35,122,161,122,39,0,0.7577639751552795,1.0,0.7577639751552795
2,clab-nebula-serf58,40,125,161,125,36,0,0.7763975155279503,1.0,0.7763975155279503
2,clab-nebula-serf58,45,153,139,136,3,17,0.9784172661870504,0.8888888888888888,0.8717948717948718
2,clab-nebula-serf58,50,154,139,136,3,18,0.9784172661870504,0.8831168831168831,0.8662420382165605
2,clab-nebula-serf58,55,156,139,138,1,18,0.9928057553956835,0.8846153846153846,0.8789808917197452
2,clab-nebula-serf58,60,160,161,160,1,0,0.9937888198757764,1.0,0.9937888198757764
2,clab-nebula-serf61,5,5,122,5,117,0,0.040983606557377046,1.0,0.040983606557377046
2,clab-nebula-serf61,10,20,128,20,108,0,0.15625,1.0,0.15625
2,clab-nebula-serf61,15,61,128,61,67,0,0.4765625,1.0,0.4765625
2,clab-nebula-serf61,20,79,128,78,50,1,0.609375,0.9873417721518988,0.6046511627906976
2,clab-nebula-serf61,25,93,128,89,39,4,0.6953125,0.956989247311828,0.6742424242424242
2,clab-nebula-serf61,30,118,161,118,43,0,0.7329192546583851,1.0,0.7329192546583851
2,clab-nebula-serf61,35,121,161,121,40,0,0.7515527950310559,1.0,0.7515527950310559
2,clab-nebula-serf61,40,124,161,124,37,0,0.7701863354037267,1.0,0.7701863354037267
2,clab-nebula-serf61,45,149,139,134,5,15,0.9640287769784173,0.8993288590604027,0.8701298701298701
2,clab-nebula-serf61,50,154,139,136,3,18,0.9784172661870504,0.8831168831168831,0.8662420382165605
2,clab-nebula-serf61,55,156,139,138,1,18,0.9928057553956835,0.8846153846153846,0.8789808917197452
2,clab-nebula-serf61,60,158,161,158,3,0,0.9813664596273292,1.0,0.9813664596273292
2,clab-nebula-serf112,5,0,0,0,0,0,0.0,0.0,0.0
2,clab-nebula-serf112,10,0,0,0,0,0,0.0,0.0,0.0
2,clab-nebula-serf112,15,0,0,0,0,0,0.0,0.0,0.0
2,clab-nebula-serf112,20,0,0,0,0,0,0.0,0.0,0.0
2,clab-nebula-serf112,25,5,51,5,46,0,0.09803921568627451,1.0,0.09803921568627451
2,clab-nebula-serf112,30,18,161,18,143,0,0.11180124223602485,1.0,0.11180124223602485
2,clab-nebula-serf112,35,34,161,34,127,0,0.2111801242236025,1.0,0.2111801242236025
2,clab-nebula-serf112,40,64,161,64,97,0,0.39751552795031053,1.0,0.39751552795031053
2,clab-nebula-serf112,45,103,161,103,58,0,0.639751552795031,1.0,0.639751552795031
2,clab-nebula-serf112,50,136,161,136,25,0,0.84472049689441,1.0,0.84472049689441
2,clab-nebula-serf112,55,148,161,148,13,0,0.9192546583850931,1.0,0.9192546583850931
2,clab-nebula-serf112,60,159,161,159,2,0,0.9875776397515528,1.0,0.9875776397515528
2,clab-nebula-serf15,5,1,38,1,37,0,0.02631578947368421,1.0,0.02631578947368421
2,clab-nebula-serf15,10,14,128,14,114,0,0.109375,1.0,0.109375
2,clab-nebula-serf15,15,32,128,32,96,0,0.25,1.0,0.25
2,clab-nebula-serf15,20,68,128,68,60,0,0.53125,1.0,0.53125
2,clab-nebula-serf15,25,88,128,84,44,4,0.65625,0.9545454545454546,0.6363636363636364
2,clab-nebula-serf15,30,100,128,96,32,4,0.75,0.96,0.7272727272727273
2,clab-nebula-serf15,35,117,155,115,40,2,0.7419354838709677,0.9829059829059829,0.732484076433121
2,clab-nebula-serf15,40,121,155,119,36,2,0.7677419354838709,0.9834710743801653,0.7579617834394905
2,clab-nebula-serf15,45,124,155,122,33,2,0.7870967741935484,0.9838709677419355,0.7770700636942676
2,clab-nebula-serf15,50,151,139,136,3,15,0.9784172661870504,0.9006622516556292,0.8831168831168831
2,clab-nebula-serf15,55,154,139,136,3,18,0.9784172661870504,0.8831168831168831,0.8662420382165605
2,clab-nebula-serf15,60,158,139,139,0,19,1.0,0.879746835443038,0.879746835443038
2,clab-nebula-serf16,5,2,31,2,29,0,0.06451612903225806,1.0,0.06451612903225806
2,clab-nebula-serf16,10,17,128,17,111,0,0.1328125,1.0,0.1328125
2,clab-nebula-serf16,15,33,118,31,87,2,0.2627118644067797,0.9393939393939394,0.25833333333333336
2,clab-nebula-serf16,20,69,128,69,59,0,0.5390625,1.0,0.5390625
2,clab-nebula-serf16,25,88,128,84,44,4,0.65625,0.9545454545454546,0.6363636363636364
2,clab-nebula-serf16,30,101,155,99,56,2,0.6387096774193548,0.9801980198019802,0.6305732484076433
2,clab-nebula-serf16,35,119,155,117,38,2,0.7548387096774194,0.9831932773109243,0.7452229299363057
2,clab-nebula-serf16,40,121,155,119,36,2,0.7677419354838709,0.9834710743801653,0.7579617834394905
2,clab-nebula-serf16,45,126,155,124,31,2,0.8,0.9841269841269841,0.7898089171974523
2,clab-nebula-serf16,50,151,155,149,6,2,0.9612903225806452,0.9867549668874173,0.9490445859872612
2,clab-nebula-serf16,55,155,155,153,2,2,0.9870967741935484,0.9870967741935484,0.9745222929936306
2,clab-nebula-serf16,60,158,155,155,0,3,1.0,0.9810126582278481,0.9810126582278481
2,clab-nebula-serf77,5,3,45,3,42,0,0.06666666666666667,1.0,0.06666666666666667
2,clab-nebula-serf77,10,24,127,24,103,0,0.1889763779527559,1.0,0.1889763779527559
2,clab-nebula-serf77,15,38,115,37,78,1,0.3217391304347826,0.9736842105263158,0.31896551724137934
2,clab-nebula-serf77,20,67,161,67,94,0,0.4161490683229814,1.0,0.4161490683229814
2,clab-nebula-serf77,25,90,161,90,71,0,0.5590062111801242,1.0,0.5590062111801242
2,clab-nebula-serf77,30,113,161,113,48,0,0.7018633540372671,1.0,0.7018633540372671
2,clab-nebula-serf77,35,121,161,121,40,0,0.7515527950310559,1.0,0.7515527950310559
2,clab-nebula-serf77,40,125,161,125,36,0,0.7763975155279503,1.0,0.7763975155279503
2,clab-nebula-serf77,45,151,161,151,10,0,0.937888198757764,1.0,0.937888198757764
2,clab-nebula-serf77,50,154,161,154,7,0,0.9565217391304348,1.0,0.9565217391304348
2,clab-nebula-serf77,55,158,161,158,3,0,0.9813664596273292,1.0,0.9813664596273292
2,clab-nebula-serf77,60,161,161,161,0,0,1.0,1.0,1.0
2,clab-nebula-serf121,5,0,6,0,6,0,0.0,0.0,0.0
2,clab-nebula-serf121,10,1,45,1,44,0,0.022222222222222223,1.0,0.022222222222222223
2,clab-nebula-serf121,15,8,161,8,153,0,0.049689440993788817,1.0,0.049689440993788817
2,clab-nebula-serf121,20,15,161,15,146,0,0.09316770186335403,1.0,0.09316770186335403
2,clab-nebula-serf121,25,32,161,32,129,0,0.19875776397515527,1.0,0.19875776397515527
2,clab-nebula-serf121,30,81,161,81,80,0,0.5031055900621118,1.0,0.5031055900621118
2,clab-nebula-serf121,35,121,161,121,40,0,0.7515527950310559,1.0,0.7515527950310559
2,clab-nebula-serf121,40,138,161,138,23,0,0.8571428571428571,1.0,0.8571428571428571
2,clab-nebula-serf121,45,148,161,148,13,0,0.9192546583850931,1.0,0.9192546583850931
2,clab-nebula-serf121,50,160,161,160,1,0,0.9937888198757764,1.0,0.9937888198757764
2,clab-nebula-serf121,55,161,161,161,0,0,1.0,1.0,1.0
2,clab-nebula-serf121,60,161,161,161,0,0,1.0,1.0,1.0
2,clab-nebula-serf140,5,0,8,0,8,0,0.0,0.0,0.0
2,clab-nebula-serf140,10,0,8,0,8,0,0.0,0.0,0.0
2,clab-nebula-serf140,15,0,8,0,8,0,0.0,0.0,0.0
2,clab-nebula-serf140,20,13,134,13,121,0,0.09701492537313433,1.0,0.09701492537313433
2,clab-nebula-serf140,25,14,134,14,120,0,0.1044776119402985,1.0,0.1044776119402985
2,clab-nebula-serf140,30,25,161,25,136,0,0.15527950310559005,1.0,0.15527950310559005
2,clab-nebula-serf140,35,39,161,39,122,0,0.2422360248447205,1.0,0.2422360248447205
2,clab-nebula-serf140,40,52,161,52,109,0,0.32298136645962733,1.0,0.32298136645962733
2,clab-nebula-serf140,45,82,161,82,79,0,0.5093167701863354,1.0,0.5093167701863354
2,clab-nebula-serf140,50,108,161,108,53,0,0.6708074534161491,1.0,0.6708074534161491
2,clab-nebula-serf140,55,136,161,136,25,0,0.84472049689441,1.0,0.84472049689441
2,clab-nebula-serf140,60,145,161,145,16,0,0.9006211180124224,1.0,0.9006211180124224
2,clab-nebula-serf148,5,0,7,0,7,0,0.0,0.0,0.0
2,clab-nebula-serf148,10,0,7,0,7,0,0.0,0.0,0.0
2,clab-nebula-serf148,15,0,7,0,7,0,0.0,0.0,0.0
2,clab-nebula-serf148,20,6,56,6,50,0,0.10714285714285714,1.0,0.10714285714285714
2,clab-nebula-serf148,25,12,56,12,44,0,0.21428571428571427,1.0,0.21428571428571427
2,clab-nebula-serf148,30,22,57,21,36,1,0.3684210526315789,0.9545454545454546,0.3620689655172414
2,clab-nebula-serf148,35,38,155,38,117,0,0.24516129032258063,1.0,0.24516129032258063
2,clab-nebula-serf148,40,52,155,52,103,0,0.33548387096774196,1.0,0.33548387096774196
2,clab-nebula-serf148,45,68,155,68,87,0,0.43870967741935485,1.0,0.43870967741935485
2,clab-nebula-serf148,50,103,155,103,52,0,0.6645161290322581,1.0,0.6645161290322581
2,clab-nebula-serf148,55,133,155,133,22,0,0.8580645161290322,1.0,0.8580645161290322
2,clab-nebula-serf148,60,148,155,146,9,2,0.9419354838709677,0.9864864864864865,0.9299363057324841
2,clab-nebula-serf154,5,0,7,0,7,0,0.0,0.0,0.0
2,clab-nebula-serf154,10,0,7,0,7,0,0.0,0.0,0.0
2,clab-nebula-serf154,15,1,25,1,24,0,0.04,1.0,0.04
2,clab-nebula-serf154,20,9,56,9,47,0,0.16071428571428573,1.0,0.16071428571428573
2,clab-nebula-serf154,25,12,56,12,44,0,0.21428571428571427,1.0,0.21428571428571427
2,clab-nebula-serf154,30,23,155,23,132,0,0.14838709677419354,1.0,0.14838709677419354
2,clab-nebula-serf154,35,42,155,42,113,0,0.2709677419354839,1.0,0.2709677419354839
2,clab-nebula-serf154,40,55,155,55,100,0,0.3548387096774194,1.0,0.3548387096774194
2,clab-nebula-serf154,45,79,155,79,76,0,0.5096774193548387,1.0,0.5096774193548387
2,clab-nebula-serf154,50,113,155,113,42,0,0.7290322580645161,1.0,0.7290322580645161
2,clab-nebula-serf154,55,137,155,135,20,2,0.8709677419354839,0.9854014598540146,0.8598726114649682
2,clab-nebula-serf154,60,147,155,145,10,2,0.9354838709677419,0.9863945578231292,0.9235668789808917
2,clab-nebula-serf156,5,0,7,0,7,0,0.0,0.0,0.0
2,clab-nebula-serf156,10,0,7,0,7,0,0.0,0.0,0.0
2,clab-nebula-serf156,15,4,56,4,52,0,0.07142857142857142,1.0,0.07142857142857142
2,clab-nebula-serf156,20,12,56,12,44,0,0.21428571428571427,1.0,0.21428571428571427
2,clab-nebula-serf156,25,18,57,17,40,1,0.2982456140350877,0.9444444444444444,0.29310344827586204
2,clab-nebula-serf156,30,33,155,33,122,0,0.2129032258064516,1.0,0.2129032258064516
2,clab-nebula-serf156,35,49,155,49,106,0,0.3161290322580645,1.0,0.3161290322580645
2,clab-nebula-serf156,40,61,155,61,94,0,0.3935483870967742,1.0,0.3935483870967742
2,clab-nebula-serf156,45,99,155,99,56,0,0.6387096774193548,1.0,0.6387096774193548
2,clab-nebula-serf156,50,130,155,130,25,0,0.8387096774193549,1.0,0.8387096774193549
2,clab-nebula-serf156,55,145,155,143,12,2,0.9225806451612903,0.9862068965517241,0.910828025477707
2,clab-nebula-serf156,60,154,155,152,3,2,0.9806451612903225,0.987012987012987,0.9681528662420382
2,clab-nebula-serf23,5,0,4,0,4,0,0.0,0.0,0.0
2,clab-nebula-serf23,10,0,4,0,4,0,0.0,0.0,0.0
2,clab-nebula-serf23,15,4,64,4,60,0,0.0625,1.0,0.0625
2,clab-nebula-serf23,20,11,64,11,53,0,0.171875,1.0,0.171875
2,clab-nebula-serf23,25,22,64,22,42,0,0.34375,1.0,0.34375
2,clab-nebula-serf23,30,39,128,39,89,0,0.3046875,1.0,0.3046875
2,clab-nebula-serf23,35,75,128,75,53,0,0.5859375,1.0,0.5859375
2,clab-nebula-serf23,40,91,161,91,70,0,0.5652173913043478,1.0,0.5652173913043478
2,clab-nebula-serf23,45,99,161,99,62,0,0.6149068322981367,1.0,0.6149068322981367
2,clab-nebula-serf23,50,117,161,117,44,0,0.7267080745341615,1.0,0.7267080745341615
2,clab-nebula-serf23,55,122,161,122,39,0,0.7577639751552795,1.0,0.7577639751552795
2,clab-nebula-serf23,60,124,161,124,37,0,0.7701863354037267,1.0,0.7701863354037267
2,clab-nebula-serf39,5,2,46,2,44,0,0.043478260869565216,1.0,0.043478260869565216
2,clab-nebula-serf39,10,15,128,15,113,0,0.1171875,1.0,0.1171875
2,clab-nebula-serf39,15,53,161,53,108,0,0.32919254658385094,1.0,0.32919254658385094
2,clab-nebula-serf39,20,81,161,81,80,0,0.5031055900621118,1.0,0.5031055900621118
2,clab-nebula-serf39,25,90,161,90,71,0,0.5590062111801242,1.0,0.5590062111801242
2,clab-nebula-serf39,30,106,161,106,55,0,0.6583850931677019,1.0,0.6583850931677019
2,clab-nebula-serf39,35,119,161,119,42,0,0.7391304347826086,1.0,0.7391304347826086
2,clab-nebula-serf39,40,124,161,124,37,0,0.7701863354037267,1.0,0.7701863354037267
2,clab-nebula-serf39,45,138,161,138,23,0,0.8571428571428571,1.0,0.8571428571428571
2,clab-nebula-serf39,50,154,161,154,7,0,0.9565217391304348,1.0,0.9565217391304348
2,clab-nebula-serf39,55,155,161,155,6,0,0.9627329192546584,1.0,0.9627329192546584
2,clab-nebula-serf39,60,158,161,158,3,0,0.9813664596273292,1.0,0.9813664596273292
2,clab-nebula-serf62,5,0,5,0,5,0,0.0,0.0,0.0
2,clab-nebula-serf62,10,4,122,4,118,0,0.03278688524590164,1.0,0.03278688524590164
2,clab-nebula-serf62,15,13,128,13,115,0,0.1015625,1.0,0.1015625
2,clab-nebula-serf62,20,48,128,48,80,0,0.375,1.0,0.375
2,clab-nebula-serf62,25,73,128,73,55,0,0.5703125,1.0,0.5703125
2,clab-nebula-serf62,30,88,128,84,44,4,0.65625,0.9545454545454546,0.6363636363636364
2,clab-nebula-serf62,35,110,155,108,47,2,0.6967741935483871,0.9818181818181818,0.6878980891719745
2,clab-nebula-serf62,40,120,161,120,41,0,0.7453416149068323,1.0,0.7453416149068323
2,clab-nebula-serf62,45,124,161,124,37,0,0.7701863354037267,1.0,0.7701863354037267
2,clab-nebula-serf62,50,144,143,130,13,14,0.9090909090909091,0.9027777777777778,0.8280254777070064
2,clab-nebula-serf62,55,154,130,127,3,27,0.9769230769230769,0.8246753246753247,0.8089171974522293
2,clab-nebula-serf62,60,154,130,127,3,27,0.9769230769230769,0.8246753246753247,0.8089171974522293
2,clab-nebula-serf107,5,0,4,0,4,0,0.0,0.0,0.0
2,clab-nebula-serf107,10,2,57,2,55,0,0.03508771929824561,1.0,0.03508771929824561
2,clab-nebula-serf107,15,6,57,6,51,0,0.10526315789473684,1.0,0.10526315789473684
2,clab-nebula-serf107,20,15,57,15,42,0,0.2631578947368421,1.0,0.2631578947368421
2,clab-nebula-serf107,25,40,155,40,115,0,0.25806451612903225,1.0,0.25806451612903225
2,clab-nebula-serf107,30,71,155,71,84,0,0.45806451612903226,1.0,0.45806451612903226
2,clab-nebula-serf107,35,104,155,104,51,0,0.6709677419354839,1.0,0.6709677419354839
2,clab-nebula-serf107,40,144,143,130,13,14,0.9090909090909091,0.9027777777777778,0.8280254777070064
2,clab-nebula-serf107,45,149,143,135,8,14,0.9440559440559441,0.9060402684563759,0.8598726114649682
2,clab-nebula-serf107,50,154,143,140,3,14,0.9790209790209791,0.9090909090909091,0.89171974522293
2,clab-nebula-serf107,55,157,143,143,0,14,1.0,0.910828025477707,0.910828025477707
2,clab-nebula-serf107,60,161,161,161,0,0,1.0,1.0,1.0
2,clab-nebula-serf115,5,0,0,0,0,0,0.0,0.0,0.0
2,clab-nebula-serf115,10,0,0,0,0,0,0.0,0.0,0.0
2,clab-nebula-serf115,15,0,0,0,0,0,0.0,0.0,0.0
2,clab-nebula-serf115,20,0,0,0,0,0,0.0,0.0,0.0
2,clab-nebula-serf115,25,0,0,0,0,0,0.0,0.0,0.0
2,clab-nebula-serf115,30,0,0,0,0,0,0.0,0.0,0.0
2,clab-nebula-serf115,35,1,52,1,51,0,0.019230769230769232,1.0,0.019230769230769232
2,clab-nebula-serf115,40,3,52,3,49,0,0.057692307692307696,1.0,0.057692307692307696
2,clab-nebula-serf115,45,6,161,6,155,0,0.037267080745341616,1.0,0.037267080745341616
2,clab-nebula-serf115,50,23,161,23,138,0,0.14285714285714285,1.0,0.14285714285714285
2,clab-nebula-serf115,55,57,161,57,104,0,0.35403726708074534,1.0,0.35403726708074534
2,clab-nebula-serf115,60,103,161,103,58,0,0.639751552795031,1.0,0.639751552795031
2,clab-nebula-serf151,5,0,7,0,7,0,0.0,0.0,0.0
2,clab-nebula-serf151,10,0,7,0,7,0,0.0,0.0,0.0
2,clab-nebula-serf151,15,1,56,1,55,0,0.017857142857142856,1.0,0.017857142857142856
2,clab-nebula-serf151,20,11,56,11,45,0,0.19642857142857142,1.0,0.19642857142857142
2,clab-nebula-serf151,25,13,57,13,44,0,0.22807017543859648,1.0,0.22807017543859648
2,clab-nebula-serf151,30,23,155,23,132,0,0.14838709677419354,1.0,0.14838709677419354
2,clab-nebula-serf151,35,43,155,43,112,0,0.27741935483870966,1.0,0.27741935483870966
2,clab-nebula-serf151,40,55,155,55,100,0,0.3548387096774194,1.0,0.3548387096774194
2,clab-nebula-serf151,45,81,155,81,74,0,0.5225806451612903,1.0,0.5225806451612903
2,clab-nebula-serf151,50,114,155,114,41,0,0.7354838709677419,1.0,0.7354838709677419
2,clab-nebula-serf151,55,137,155,135,20,2,0.8709677419354839,0.9854014598540146,0.8598726114649682
2,clab-nebula-serf151,60,148,155,146,9,2,0.9419354838709677,0.9864864864864865,0.9299363057324841
2,clab-nebula-serf158,5,4,20,4,16,0,0.2,1.0,0.2
2,clab-nebula-serf158,10,4,20,4,16,0,0.2,1.0,0.2
2,clab-nebula-serf158,15,5,28,5,23,0,0.17857142857142858,1.0,0.17857142857142858
2,clab-nebula-serf158,20,8,155,8,147,0,0.05161290322580645,1.0,0.05161290322580645
2,clab-nebula-serf158,25,16,155,16,139,0,0.1032258064516129,1.0,0.1032258064516129
2,clab-nebula-serf158,30,34,155,34,121,0,0.21935483870967742,1.0,0.21935483870967742
2,clab-nebula-serf158,35,40,155,40,115,0,0.25806451612903225,1.0,0.25806451612903225
2,clab-nebula-serf158,40,52,155,52,103,0,0.33548387096774196,1.0,0.33548387096774196
2,clab-nebula-serf158,45,68,155,68,87,0,0.43870967741935485,1.0,0.43870967741935485
2,clab-nebula-serf158,50,103,155,103,52,0,0.6645161290322581,1.0,0.6645161290322581
2,clab-nebula-serf158,55,136,155,134,21,2,0.864516129032258,0.9852941176470589,0.8535031847133758
2,clab-nebula-serf158,60,148,155,146,9,2,0.9419354838709677,0.9864864864864865,0.9299363057324841
2,clab-nebula-serf28,5,0,0,0,0,0,0.0,0.0,0.0
2,clab-nebula-serf28,10,1,161,1,160,0,0.006211180124223602,1.0,0.006211180124223602
2,clab-nebula-serf28,15,2,161,2,159,0,0.012422360248447204,1.0,0.012422360248447204
2,clab-nebula-serf28,20,4,161,4,157,0,0.024844720496894408,1.0,0.024844720496894408
2,clab-nebula-serf28,25,7,161,7,154,0,0.043478260869565216,1.0,0.043478260869565216
2,clab-nebula-serf28,30,19,161,19,142,0,0.11801242236024845,1.0,0.11801242236024845
2,clab-nebula-serf28,35,29,161,29,132,0,0.18012422360248448,1.0,0.18012422360248448
2,clab-nebula-serf28,40,61,161,61,100,0,0.37888198757763975,1.0,0.37888198757763975
2,clab-nebula-serf28,45,91,161,91,70,0,0.5652173913043478,1.0,0.5652173913043478
2,clab-nebula-serf28,50,95,161,95,66,0,0.5900621118012422,1.0,0.5900621118012422
2,clab-nebula-serf28,55,111,161,111,50,0,0.6894409937888198,1.0,0.6894409937888198
2,clab-nebula-serf28,60,121,161,121,40,0,0.7515527950310559,1.0,0.7515527950310559
2,clab-nebula-serf29,5,0,4,0,4,0,0.0,0.0,0.0
2,clab-nebula-serf29,10,2,13,2,11,0,0.15384615384615385,1.0,0.15384615384615385
2,clab-nebula-serf29,15,6,13,6,7,0,0.46153846153846156,1.0,0.46153846153846156
2,clab-nebula-serf29,20,14,161,14,147,0,0.08695652173913043,1.0,0.08695652173913043
2,clab-nebula-serf29,25,23,161,23,138,0,0.14285714285714285,1.0,0.14285714285714285
2,clab-nebula-serf29,30,39,161,39,122,0,0.2422360248447205,1.0,0.2422360248447205
2,clab-nebula-serf29,35,79,161,79,82,0,0.4906832298136646,1.0,0.4906832298136646
2,clab-nebula-serf29,40,92,161,92,69,0,0.5714285714285714,1.0,0.5714285714285714
2,clab-nebula-serf29,45,98,161,98,63,0,0.6086956521739131,1.0,0.6086956521739131
2,clab-nebula-serf29,50,115,161,115,46,0,0.7142857142857143,1.0,0.7142857142857143
2,clab-nebula-serf29,55,122,161,122,39,0,0.7577639751552795,1.0,0.7577639751552795
2,clab-nebula-serf29,60,125,161,125,36,0,0.7763975155279503,1.0,0.7763975155279503
4,clab-nebula-serf130,5,0,1,0,1,0,0.0,0.0,0.0
4,clab-nebula-serf130,10,0,1,0,1,0,0.0,0.0,0.0
4,clab-nebula-serf130,15,0,1,0,1,0,0.0,0.0,0.0
4,clab-nebula-serf130,20,13,37,13,24,0,0.35135135135135137,1.0,0.35135135135135137
4,clab-nebula-serf130,25,14,37,14,23,0,0.3783783783783784,1.0,0.3783783783783784
4,clab-nebula-serf130,30,24,161,24,137,0,0.14906832298136646,1.0,0.14906832298136646
4,clab-nebula-serf130,35,41,161,41,120,0,0.2546583850931677,1.0,0.2546583850931677
4,clab-nebula-serf130,40,53,161,53,108,0,0.32919254658385094,1.0,0.32919254658385094
4,clab-nebula-serf130,45,84,161,84,77,0,0.5217391304347826,1.0,0.5217391304347826
4,clab-nebula-serf130,50,111,161,111,50,0,0.6894409937888198,1.0,0.6894409937888198
4,clab-nebula-serf130,55,136,161,136,25,0,0.84472049689441,1.0,0.84472049689441
4,clab-nebula-serf130,60,146,161,146,15,0,0.906832298136646,1.0,0.906832298136646
4,clab-nebula-serf161,5,4,4,4,0,0,1.0,1.0,1.0
4,clab-nebula-serf161,10,4,4,4,0,0,1.0,1.0,1.0
4,clab-nebula-serf161,15,5,11,4,7,1,0.36363636363636365,0.8,0.3333333333333333
4,clab-nebula-serf161,20,10,161,10,151,0,0.062111801242236024,1.0,0.062111801242236024
4,clab-nebula-serf161,25,22,161,22,139,0,0.13664596273291926,1.0,0.13664596273291926
4,clab-nebula-serf161,30,36,161,36,125,0,0.2236024844720497,1.0,0.2236024844720497
4,clab-nebula-serf161,35,42,161,42,119,0,0.2608695652173913,1.0,0.2608695652173913
4,clab-nebula-serf161,40,58,161,58,103,0,0.36024844720496896,1.0,0.36024844720496896
4,clab-nebula-serf161,45,79,161,79,82,0,0.4906832298136646,1.0,0.4906832298136646
4,clab-nebula-serf161,50,117,161,117,44,0,0.7267080745341615,1.0,0.7267080745341615
4,clab-nebula-serf161,55,139,161,139,22,0,0.8633540372670807,1.0,0.8633540372670807
4,clab-nebula-serf161,60,149,161,149,12,0,0.9254658385093167,1.0,0.9254658385093167
4,clab-nebula-serf32,5,3,48,3,45,0,0.0625,1.0,0.0625
4,clab-nebula-serf32,10,19,159,19,140,0,0.11949685534591195,1.0,0.11949685534591195
4,clab-nebula-serf32,15,32,159,32,127,0,0.20125786163522014,1.0,0.20125786163522014
4,clab-nebula-serf32,20,59,159,59,100,0,0.3710691823899371,1.0,0.3710691823899371
4,clab-nebula-serf32,25,88,159,88,71,0,0.5534591194968553,1.0,0.5534591194968553
4,clab-nebula-serf32,30,95,159,95,64,0,0.5974842767295597,1.0,0.5974842767295597
4,clab-nebula-serf32,35,108,159,108,51,0,0.6792452830188679,1.0,0.6792452830188679
4,clab-nebula-serf32,40,121,159,121,38,0,0.7610062893081762,1.0,0.7610062893081762
4,clab-nebula-serf32,45,124,159,124,35,0,0.779874213836478,1.0,0.779874213836478
4,clab-nebula-serf32,50,137,159,137,22,0,0.8616352201257862,1.0,0.8616352201257862
4,clab-nebula-serf32,55,154,159,154,5,0,0.9685534591194969,1.0,0.9685534591194969
4,clab-nebula-serf32,60,155,159,154,5,1,0.9685534591194969,0.9935483870967742,0.9625
4,clab-nebula-serf63,5,0,0,0,0,0,0.0,0.0,0.0
4,clab-nebula-serf63,10,0,0,0,0,0,0.0,0.0,0.0
4,clab-nebula-serf63,15,6,63,6,57,0,0.09523809523809523,1.0,0.09523809523809523
4,clab-nebula-serf63,20,32,63,29,34,3,0.4603174603174603,0.90625,0.4393939393939394
4,clab-nebula-serf63,25,64,159,64,95,0,0.4025157232704403,1.0,0.4025157232704403
4,clab-nebula-serf63,30,84,161,84,77,0,0.5217391304347826,1.0,0.5217391304347826
4,clab-nebula-serf63,35,103,159,103,56,0,0.6477987421383647,1.0,0.6477987421383647
4,clab-nebula-serf63,40,119,159,119,40,0,0.7484276729559748,1.0,0.7484276729559748
4,clab-nebula-serf63,45,124,159,124,35,0,0.779874213836478,1.0,0.779874213836478
4,clab-nebula-serf63,50,128,159,128,31,0,0.8050314465408805,1.0,0.8050314465408805
4,clab-nebula-serf63,55,154,159,154,5,0,0.9685534591194969,1.0,0.9685534591194969
4,clab-nebula-serf63,60,154,159,154,5,0,0.9685534591194969,1.0,0.9685534591194969
4,clab-nebula-serf45,5,2,8,2,6,0,0.25,1.0,0.25
4,clab-nebula-serf45,10,8,62,8,54,0,0.12903225806451613,1.0,0.12903225806451613
4,clab-nebula-serf45,15,22,62,22,40,0,0.3548387096774194,1.0,0.3548387096774194
4,clab-nebula-serf45,20,40,62,40,22,0,0.6451612903225806,1.0,0.6451612903225806
4,clab-nebula-serf45,25,80,109,79,30,1,0.7247706422018348,0.9875,0.7181818181818181
4,clab-nebula-serf45,30,90,161,90,71,0,0.5590062111801242,1.0,0.5590062111801242
4,clab-nebula-serf45,35,118,159,118,41,0,0.7421383647798742,1.0,0.7421383647798742
4,clab-nebula-serf45,40,121,159,121,38,0,0.7610062893081762,1.0,0.7610062893081762
4,clab-nebula-serf45,45,124,159,124,35,0,0.779874213836478,1.0,0.779874213836478
4,clab-nebula-serf45,50,145,159,145,14,0,0.9119496855345912,1.0,0.9119496855345912
4,clab-nebula-serf45,55,154,159,154,5,0,0.9685534591194969,1.0,0.9685534591194969
4,clab-nebula-serf45,60,155,159,155,4,0,0.9748427672955975,1.0,0.9748427672955975
4,clab-nebula-serf49,5,4,33,4,29,0,0.12121212121212122,1.0,0.12121212121212122
4,clab-nebula-serf49,10,14,62,14,48,0,0.22580645161290322,1.0,0.22580645161290322
4,clab-nebula-serf49,15,30,62,30,32,0,0.4838709677419355,1.0,0.4838709677419355
4,clab-nebula-serf49,20,67,66,60,6,7,0.9090909090909091,0.8955223880597015,0.821917808219178
4,clab-nebula-serf49,25,84,109,81,28,3,0.7431192660550459,0.9642857142857143,0.7232142857142857
4,clab-nebula-serf49,30,106,159,106,53,0,0.6666666666666666,1.0,0.6666666666666666
4,clab-nebula-serf49,35,121,159,121,38,0,0.7610062893081762,1.0,0.7610062893081762
4,clab-nebula-serf49,40,124,159,124,35,0,0.779874213836478,1.0,0.779874213836478
4,clab-nebula-serf49,45,135,159,135,24,0,0.8490566037735849,1.0,0.8490566037735849
4,clab-nebula-serf49,50,154,159,154,5,0,0.9685534591194969,1.0,0.9685534591194969
4,clab-nebula-serf49,55,154,159,154,5,0,0.9685534591194969,1.0,0.9685534591194969
4,clab-nebula-serf49,60,157,159,155,4,2,0.9748427672955975,0.9872611464968153,0.9627329192546584
4,clab-nebula-serf83,5,0,0,0,0,0,0.0,0.0,0.0
4,clab-nebula-serf83,10,3,57,3,54,0,0.05263157894736842,1.0,0.05263157894736842
4,clab-nebula-serf83,15,14,135,14,121,0,0.1037037037037037,1.0,0.1037037037037037
4,clab-nebula-serf83,20,33,137,33,104,0,0.24087591240875914,1.0,0.24087591240875914
4,clab-nebula-serf83,25,50,137,50,87,0,0.36496350364963503,1.0,0.36496350364963503
4,clab-nebula-serf83,30,79,148,79,69,0,0.5337837837837838,1.0,0.5337837837837838
4,clab-nebula-serf83,35,109,148,107,41,2,0.722972972972973,0.981651376146789,0.7133333333333334
4,clab-nebula-serf83,40,119,148,117,31,2,0.7905405405405406,0.9831932773109243,0.78
4,clab-nebula-serf83,45,128,148,125,23,3,0.8445945945945946,0.9765625,0.8278145695364238
4,clab-nebula-serf83,50,140,148,135,13,5,0.9121621621621622,0.9642857142857143,0.8823529411764706
4,clab-nebula-serf83,55,154,148,141,7,13,0.9527027027027027,0.9155844155844156,0.8757763975155279
4,clab-nebula-serf83,60,156,148,143,5,13,0.9662162162162162,0.9166666666666666,0.8881987577639752
4,clab-nebula-serf91,5,3,3,3,0,0,1.0,1.0,1.0
4,clab-nebula-serf91,10,17,159,17,142,0,0.1069182389937107,1.0,0.1069182389937107
4,clab-nebula-serf91,15,36,159,36,123,0,0.22641509433962265,1.0,0.22641509433962265
4,clab-nebula-serf91,20,56,159,56,103,0,0.3522012578616352,1.0,0.3522012578616352
4,clab-nebula-serf91,25,81,159,81,78,0,0.5094339622641509,1.0,0.5094339622641509
4,clab-nebula-serf91,30,112,159,112,47,0,0.7044025157232704,1.0,0.7044025157232704
4,clab-nebula-serf91,35,119,159,119,40,0,0.7484276729559748,1.0,0.7484276729559748
4,clab-nebula-serf91,40,129,159,129,30,0,0.8113207547169812,1.0,0.8113207547169812
4,clab-nebula-serf91,45,146,159,146,13,0,0.9182389937106918,1.0,0.9182389937106918
4,clab-nebula-serf91,50,154,159,154,5,0,0.9685534591194969,1.0,0.9685534591194969
4,clab-nebula-serf91,55,157,159,156,3,1,0.9811320754716981,0.9936305732484076,0.975
4,clab-nebula-serf91,60,161,159,159,0,2,1.0,0.9875776397515528,0.9875776397515528
4,clab-nebula-serf136,5,0,1,0,1,0,0.0,0.0,0.0
4,clab-nebula-serf136,10,0,1,0,1,0,0.0,0.0,0.0
4,clab-nebula-serf136,15,2,6,2,4,0,0.3333333333333333,1.0,0.3333333333333333
4,clab-nebula-serf136,20,14,37,14,23,0,0.3783783783783784,1.0,0.3783783783783784
4,clab-nebula-serf136,25,18,37,18,19,0,0.4864864864864865,1.0,0.4864864864864865
4,clab-nebula-serf136,30,28,161,28,133,0,0.17391304347826086,1.0,0.17391304347826086
4,clab-nebula-serf136,35,45,161,45,116,0,0.2795031055900621,1.0,0.2795031055900621
4,clab-nebula-serf136,40,66,161,66,95,0,0.40993788819875776,1.0,0.40993788819875776
4,clab-nebula-serf136,45,95,161,95,66,0,0.5900621118012422,1.0,0.5900621118012422
4,clab-nebula-serf136,50,124,161,124,37,0,0.7701863354037267,1.0,0.7701863354037267
4,clab-nebula-serf136,55,137,161,137,24,0,0.8509316770186336,1.0,0.8509316770186336
4,clab-nebula-serf136,60,149,161,149,12,0,0.9254658385093167,1.0,0.9254658385093167
4,clab-nebula-serf146,5,0,1,0,1,0,0.0,0.0,0.0
4,clab-nebula-serf146,10,0,1,0,1,0,0.0,0.0,0.0
4,clab-nebula-serf146,15,1,25,1,24,0,0.04,1.0,0.04
4,clab-nebula-serf146,20,5,24,4,20,1,0.16666666666666666,0.8,0.16
4,clab-nebula-serf146,25,8,25,8,17,0,0.32,1.0,0.32
4,clab-nebula-serf146,30,16,161,16,145,0,0.09937888198757763,1.0,0.09937888198757763
4,clab-nebula-serf146,35,44,161,44,117,0,0.2732919254658385,1.0,0.2732919254658385
4,clab-nebula-serf146,40,58,161,58,103,0,0.36024844720496896,1.0,0.36024844720496896
4,clab-nebula-serf146,45,78,161,78,83,0,0.484472049689441,1.0,0.484472049689441
4,clab-nebula-serf146,50,114,161,114,47,0,0.7080745341614907,1.0,0.7080745341614907
4,clab-nebula-serf146,55,137,161,137,24,0,0.8509316770186336,1.0,0.8509316770186336
4,clab-nebula-serf146,60,146,161,146,15,0,0.906832298136646,1.0,0.906832298136646
4,clab-nebula-serf12,5,0,0,0,0,0,0.0,0.0,0.0
4,clab-nebula-serf12,10,5,31,5,26,0,0.16129032258064516,1.0,0.16129032258064516
4,clab-nebula-serf12,15,19,77,19,58,0,0.24675324675324675,1.0,0.24675324675324675
4,clab-nebula-serf12,20,38,77,38,39,0,0.4935064935064935,1.0,0.4935064935064935
4,clab-nebula-serf12,25,71,109,71,38,0,0.6513761467889908,1.0,0.6513761467889908
4,clab-nebula-serf12,30,88,159,88,71,0,0.5534591194968553,1.0,0.5534591194968553
4,clab-nebula-serf12,35,102,159,102,57,0,0.6415094339622641,1.0,0.6415094339622641
4,clab-nebula-serf12,40,119,159,119,40,0,0.7484276729559748,1.0,0.7484276729559748
4,clab-nebula-serf12,45,121,159,121,38,0,0.7610062893081762,1.0,0.7610062893081762
4,clab-nebula-serf12,50,127,159,127,32,0,0.7987421383647799,1.0,0.7987421383647799
4,clab-nebula-serf12,55,153,159,153,6,0,0.9622641509433962,1.0,0.9622641509433962
4,clab-nebula-serf12,60,155,159,154,5,1,0.9685534591194969,0.9935483870967742,0.9625
4,clab-nebula-serf19,5,0,0,0,0,0,0.0,0.0,0.0
4,clab-nebula-serf19,10,5,77,5,72,0,0.06493506493506493,1.0,0.06493506493506493
4,clab-nebula-serf19,15,23,77,23,54,0,0.2987012987012987,1.0,0.2987012987012987
4,clab-nebula-serf19,20,44,77,43,34,1,0.5584415584415584,0.9772727272727273,0.5512820512820513
4,clab-nebula-serf19,25,73,109,72,37,1,0.6605504587155964,0.9863013698630136,0.6545454545454545
4,clab-nebula-serf19,30,90,159,90,69,0,0.5660377358490566,1.0,0.5660377358490566
4,clab-nebula-serf19,35,105,159,105,54,0,0.660377358490566,1.0,0.660377358490566
4,clab-nebula-serf19,40,120,159,120,39,0,0.7547169811320755,1.0,0.7547169811320755
4,clab-nebula-serf19,45,123,159,123,36,0,0.7735849056603774,1.0,0.7735849056603774
4,clab-nebula-serf19,50,142,159,142,17,0,0.8930817610062893,1.0,0.8930817610062893
4,clab-nebula-serf19,55,153,159,153,6,0,0.9622641509433962,1.0,0.9622641509433962
4,clab-nebula-serf19,60,157,159,155,4,2,0.9748427672955975,0.9872611464968153,0.9627329192546584
4,clab-nebula-serf80,5,0,0,0,0,0,0.0,0.0,0.0
4,clab-nebula-serf80,10,14,126,14,112,0,0.1111111111111111,1.0,0.1111111111111111
4,clab-nebula-serf80,15,32,126,32,94,0,0.25396825396825395,1.0,0.25396825396825395
4,clab-nebula-serf80,20,55,161,55,106,0,0.3416149068322981,1.0,0.3416149068322981
4,clab-nebula-serf80,25,84,161,84,77,0,0.5217391304347826,1.0,0.5217391304347826
4,clab-nebula-serf80,30,110,159,110,49,0,0.6918238993710691,1.0,0.6918238993710691
4,clab-nebula-serf80,35,120,159,120,39,0,0.7547169811320755,1.0,0.7547169811320755
4,clab-nebula-serf80,40,127,159,127,32,0,0.7987421383647799,1.0,0.7987421383647799
4,clab-nebula-serf80,45,152,159,152,7,0,0.9559748427672956,1.0,0.9559748427672956
4,clab-nebula-serf80,50,154,159,154,5,0,0.9685534591194969,1.0,0.9685534591194969
4,clab-nebula-serf80,55,156,159,155,4,1,0.9748427672955975,0.9935897435897436,0.96875
4,clab-nebula-serf80,60,159,159,157,2,2,0.9874213836477987,0.9874213836477987,0.9751552795031055
4,clab-nebula-serf111,5,1,2,1,1,0,0.5,1.0,0.5
4,clab-nebula-serf111,10,7,7,7,0,0,1.0,1.0,1.0
4,clab-nebula-serf111,15,17,161,17,144,0,0.10559006211180125,1.0,0.10559006211180125
4,clab-nebula-serf111,20,47,161,47,114,0,0.2919254658385093,1.0,0.2919254658385093
4,clab-nebula-serf111,25,73,161,73,88,0,0.453416149068323,1.0,0.453416149068323
4,clab-nebula-serf111,30,111,161,111,50,0,0.6894409937888198,1.0,0.6894409937888198
4,clab-nebula-serf111,35,145,148,132,16,13,0.8918918918918919,0.9103448275862069,0.8198757763975155
4,clab-nebula-serf111,40,150,148,137,11,13,0.9256756756756757,0.9133333333333333,0.8509316770186336
4,clab-nebula-serf111,45,154,148,141,7,13,0.9527027027027027,0.9155844155844156,0.8757763975155279
4,clab-nebula-serf111,50,158,148,145,3,13,0.9797297297297297,0.9177215189873418,0.9006211180124224
4,clab-nebula-serf111,55,161,148,148,0,13,1.0,0.9192546583850931,0.9192546583850931
4,clab-nebula-serf111,60,161,148,148,0,13,1.0,0.9192546583850931,0.9192546583850931
4,clab-nebula-serf109,5,3,7,3,4,0,0.42857142857142855,1.0,0.42857142857142855
4,clab-nebula-serf109,10,8,161,8,153,0,0.049689440993788817,1.0,0.049689440993788817
4,clab-nebula-serf109,15,26,161,26,135,0,0.16149068322981366,1.0,0.16149068322981366
4,clab-nebula-serf109,20,58,161,58,103,0,0.36024844720496896,1.0,0.36024844720496896
4,clab-nebula-serf109,25,87,161,87,74,0,0.5403726708074534,1.0,0.5403726708074534
4,clab-nebula-serf109,30,130,161,130,31,0,0.8074534161490683,1.0,0.8074534161490683
4,clab-nebula-serf109,35,145,148,132,16,13,0.8918918918918919,0.9103448275862069,0.8198757763975155
4,clab-nebula-serf109,40,153,148,140,8,13,0.9459459459459459,0.9150326797385621,0.8695652173913043
4,clab-nebula-serf109,45,155,148,142,6,13,0.9594594594594594,0.9161290322580645,0.8819875776397516
4,clab-nebula-serf109,50,159,148,146,2,13,0.9864864864864865,0.9182389937106918,0.906832298136646
4,clab-nebula-serf109,55,161,148,148,0,13,1.0,0.9192546583850931,0.9192546583850931
4,clab-nebula-serf109,60,161,148,148,0,13,1.0,0.9192546583850931,0.9192546583850931
4,clab-nebula-serf147,5,0,0,0,0,0,0.0,0.0,0.0
4,clab-nebula-serf147,10,0,0,0,0,0,0.0,0.0,0.0
4,clab-nebula-serf147,15,2,137,2,135,0,0.014598540145985401,1.0,0.014598540145985401
4,clab-nebula-serf147,20,12,137,12,125,0,0.08759124087591241,1.0,0.08759124087591241
4,clab-nebula-serf147,25,14,137,14,123,0,0.10218978102189781,1.0,0.10218978102189781
4,clab-nebula-serf147,30,27,140,24,116,3,0.17142857142857143,0.8888888888888888,0.16783216783216784
4,clab-nebula-serf147,35,48,161,48,113,0,0.2981366459627329,1.0,0.2981366459627329
4,clab-nebula-serf147,40,59,161,59,102,0,0.36645962732919257,1.0,0.36645962732919257
4,clab-nebula-serf147,45,87,161,87,74,0,0.5403726708074534,1.0,0.5403726708074534
4,clab-nebula-serf147,50,120,161,120,41,0,0.7453416149068323,1.0,0.7453416149068323
4,clab-nebula-serf147,55,141,161,141,20,0,0.8757763975155279,1.0,0.8757763975155279
4,clab-nebula-serf147,60,152,159,150,9,2,0.9433962264150944,0.9868421052631579,0.9316770186335404
4,clab-nebula-serf4,5,1,8,1,7,0,0.125,1.0,0.125
4,clab-nebula-serf4,10,2,8,2,6,0,0.25,1.0,0.25
4,clab-nebula-serf4,15,9,45,9,36,0,0.2,1.0,0.2
4,clab-nebula-serf4,20,16,62,16,46,0,0.25806451612903225,1.0,0.25806451612903225
4,clab-nebula-serf4,25,23,62,22,40,1,0.3548387096774194,0.9565217391304348,0.3492063492063492
4,clab-nebula-serf4,30,47,109,47,62,0,0.43119266055045874,1.0,0.43119266055045874
4,clab-nebula-serf4,35,82,159,82,77,0,0.5157232704402516,1.0,0.5157232704402516
4,clab-nebula-serf4,40,92,159,92,67,0,0.5786163522012578,1.0,0.5786163522012578
4,clab-nebula-serf4,45,109,159,109,50,0,0.6855345911949685,1.0,0.6855345911949685
4,clab-nebula-serf4,50,120,159,120,39,0,0.7547169811320755,1.0,0.7547169811320755
4,clab-nebula-serf4,55,123,159,123,36,0,0.7735849056603774,1.0,0.7735849056603774
4,clab-nebula-serf4,60,141,159,141,18,0,0.8867924528301887,1.0,0.8867924528301887
4,clab-nebula-serf100,5,6,120,6,114,0,0.05,1.0,0.05
4,clab-nebula-serf100,10,7,120,7,113,0,0.058333333333333334,1.0,0.058333333333333334
4,clab-nebula-serf100,15,8,128,7,121,1,0.0546875,0.875,0.05426356589147287
4,clab-nebula-serf100,20,14,146,14,132,0,0.0958904109589041,1.0,0.0958904109589041
4,clab-nebula-serf100,25,25,146,25,121,0,0.17123287671232876,1.0,0.17123287671232876
4,clab-nebula-serf100,30,59,135,56,79,3,0.4148148148148148,0.9491525423728814,0.4057971014492754
4,clab-nebula-serf100,35,89,159,89,70,0,0.559748427672956,1.0,0.559748427672956
4,clab-nebula-serf100,40,137,159,137,22,0,0.8616352201257862,1.0,0.8616352201257862
4,clab-nebula-serf100,45,150,159,150,9,0,0.9433962264150944,1.0,0.9433962264150944
4,clab-nebula-serf100,50,159,159,158,1,1,0.9937106918238994,0.9937106918238994,0.9875
4,clab-nebula-serf100,55,160,159,158,1,2,0.9937106918238994,0.9875,0.9813664596273292
4,clab-nebula-serf100,60,161,159,159,0,2,1.0,0.9875776397515528,0.9875776397515528
4,clab-nebula-serf75,5,0,0,0,0,0,0.0,0.0,0.0
4,clab-nebula-serf75,10,7,67,7,60,0,0.1044776119402985,1.0,0.1044776119402985
4,clab-nebula-serf75,15,26,159,26,133,0,0.16352201257861634,1.0,0.16352201257861634
4,clab-nebula-serf75,20,41,159,41,118,0,0.2578616352201258,1.0,0.2578616352201258
4,clab-nebula-serf75,25,76,159,76,83,0,0.4779874213836478,1.0,0.4779874213836478
4,clab-nebula-serf75,30,100,159,100,59,0,0.6289308176100629,1.0,0.6289308176100629
4,clab-nebula-serf75,35,115,159,115,44,0,0.7232704402515723,1.0,0.7232704402515723
4,clab-nebula-serf75,40,122,159,122,37,0,0.7672955974842768,1.0,0.7672955974842768
4,clab-nebula-serf75,45,135,159,135,24,0,0.8490566037735849,1.0,0.8490566037735849
4,clab-nebula-serf75,50,154,159,154,5,0,0.9685534591194969,1.0,0.9685534591194969
4,clab-nebula-serf75,55,155,159,154,5,1,0.9685534591194969,0.9935483870967742,0.9625
4,clab-nebula-serf75,60,158,159,156,3,2,0.9811320754716981,0.9873417721518988,0.968944099378882
4,clab-nebula-serf89,5,3,3,3,0,0,1.0,1.0,1.0
4,clab-nebula-serf89,10,3,3,3,0,0,1.0,1.0,1.0
4,clab-nebula-serf89,15,8,53,5,48,3,0.09433962264150944,0.625,0.08928571428571429
4,clab-nebula-serf89,20,18,142,18,124,0,0.1267605633802817,1.0,0.1267605633802817
4,clab-nebula-serf89,25,41,148,41,107,0,0.27702702702702703,1.0,0.27702702702702703
4,clab-nebula-serf89,30,71,141,66,75,5,0.46808510638297873,0.9295774647887324,0.4520547945205479
4,clab-nebula-serf89,35,97,148,95,53,2,0.6418918918918919,0.979381443298969,0.6333333333333333
4,clab-nebula-serf89,40,119,148,117,31,2,0.7905405405405406,0.9831932773109243,0.78
4,clab-nebula-serf89,45,127,148,125,23,2,0.8445945945945946,0.984251968503937,0.8333333333333334
4,clab-nebula-serf89,50,137,148,133,15,4,0.8986486486486487,0.9708029197080292,0.875
4,clab-nebula-serf89,55,154,148,142,6,12,0.9594594594594594,0.922077922077922,0.8875
4,clab-nebula-serf89,60,158,148,145,3,13,0.9797297297297297,0.9177215189873418,0.9006211180124224
4,clab-nebula-serf101,5,4,7,4,3,0,0.5714285714285714,1.0,0.5714285714285714
4,clab-nebula-serf101,10,7,120,7,113,0,0.058333333333333334,1.0,0.058333333333333334
4,clab-nebula-serf101,15,7,120,7,113,0,0.058333333333333334,1.0,0.058333333333333334
4,clab-nebula-serf101,20,10,146,10,136,0,0.0684931506849315,1.0,0.0684931506849315
4,clab-nebula-serf101,25,22,146,22,124,0,0.1506849315068493,1.0,0.1506849315068493
4,clab-nebula-serf101,30,47,135,44,91,3,0.32592592592592595,0.9361702127659575,0.3188405797101449
4,clab-nebula-serf101,35,79,135,72,63,7,0.5333333333333333,0.9113924050632911,0.5070422535211268
4,clab-nebula-serf101,40,131,159,131,28,0,0.8238993710691824,1.0,0.8238993710691824
4,clab-nebula-serf101,45,148,159,148,11,0,0.9308176100628931,1.0,0.9308176100628931
4,clab-nebula-serf101,50,157,159,156,3,1,0.9811320754716981,0.9936305732484076,0.975
4,clab-nebula-serf101,55,160,159,158,1,2,0.9937106918238994,0.9875,0.9813664596273292
4,clab-nebula-serf101,60,161,159,159,0,2,1.0,0.9875776397515528,0.9875776397515528
4,clab-nebula-serf105,5,1,161,1,160,0,0.006211180124223602,1.0,0.006211180124223602
4,clab-nebula-serf105,10,3,161,3,158,0,0.018633540372670808,1.0,0.018633540372670808
4,clab-nebula-serf105,15,8,161,8,153,0,0.049689440993788817,1.0,0.049689440993788817
4,clab-nebula-serf105,20,25,161,25,136,0,0.15527950310559005,1.0,0.15527950310559005
4,clab-nebula-serf105,25,54,161,54,107,0,0.33540372670807456,1.0,0.33540372670807456
4,clab-nebula-serf105,30,86,161,86,75,0,0.5341614906832298,1.0,0.5341614906832298
4,clab-nebula-serf105,35,123,148,111,37,12,0.75,0.9024390243902439,0.69375
4,clab-nebula-serf105,40,145,148,132,16,13,0.8918918918918919,0.9103448275862069,0.8198757763975155
4,clab-nebula-serf105,45,153,148,140,8,13,0.9459459459459459,0.9150326797385621,0.8695652173913043
4,clab-nebula-serf105,50,155,148,142,6,13,0.9594594594594594,0.9161290322580645,0.8819875776397516
4,clab-nebula-serf105,55,160,148,147,1,13,0.9932432432432432,0.91875,0.9130434782608695
4,clab-nebula-serf105,60,161,148,148,0,13,1.0,0.9192546583850931,0.9192546583850931
4,clab-nebula-serf65,5,0,0,0,0,0,0.0,0.0,0.0
4,clab-nebula-serf65,10,0,0,0,0,0,0.0,0.0,0.0
4,clab-nebula-serf65,15,0,0,0,0,0,0.0,0.0,0.0
4,clab-nebula-serf65,20,23,109,23,86,0,0.21100917431192662,1.0,0.21100917431192662
4,clab-nebula-serf65,25,62,133,57,76,5,0.42857142857142855,0.9193548387096774,0.41304347826086957
4,clab-nebula-serf65,30,95,161,95,66,0,0.5900621118012422,1.0,0.5900621118012422
4,clab-nebula-serf65,35,115,161,115,46,0,0.7142857142857143,1.0,0.7142857142857143
4,clab-nebula-serf65,40,122,159,122,37,0,0.7672955974842768,1.0,0.7672955974842768
4,clab-nebula-serf65,45,126,159,126,33,0,0.7924528301886793,1.0,0.7924528301886793
4,clab-nebula-serf65,50,152,159,152,7,0,0.9559748427672956,1.0,0.9559748427672956
4,clab-nebula-serf65,55,154,159,154,5,0,0.9685534591194969,1.0,0.9685534591194969
4,clab-nebula-serf65,60,155,159,155,4,0,0.9748427672955975,1.0,0.9748427672955975
4,clab-nebula-serf68,5,0,0,0,0,0,0.0,0.0,0.0
4,clab-nebula-serf68,10,5,123,5,118,0,0.04065040650406504,1.0,0.04065040650406504
4,clab-nebula-serf68,15,27,126,27,99,0,0.21428571428571427,1.0,0.21428571428571427
4,clab-nebula-serf68,20,42,159,42,117,0,0.2641509433962264,1.0,0.2641509433962264
4,clab-nebula-serf68,25,79,159,79,80,0,0.4968553459119497,1.0,0.4968553459119497
4,clab-nebula-serf68,30,103,159,103,56,0,0.6477987421383647,1.0,0.6477987421383647
4,clab-nebula-serf68,35,116,159,116,43,0,0.7295597484276729,1.0,0.7295597484276729
4,clab-nebula-serf68,40,122,159,122,37,0,0.7672955974842768,1.0,0.7672955974842768
4,clab-nebula-serf68,45,135,159,135,24,0,0.8490566037735849,1.0,0.8490566037735849
4,clab-nebula-serf68,50,154,159,154,5,0,0.9685534591194969,1.0,0.9685534591194969
4,clab-nebula-serf68,55,154,159,154,5,0,0.9685534591194969,1.0,0.9685534591194969
4,clab-nebula-serf68,60,158,159,156,3,2,0.9811320754716981,0.9873417721518988,0.968944099378882
4,clab-nebula-serf94,5,2,63,2,61,0,0.031746031746031744,1.0,0.031746031746031744
4,clab-nebula-serf94,10,17,159,17,142,0,0.1069182389937107,1.0,0.1069182389937107
4,clab-nebula-serf94,15,36,161,36,125,0,0.2236024844720497,1.0,0.2236024844720497
4,clab-nebula-serf94,20,57,161,57,104,0,0.35403726708074534,1.0,0.35403726708074534
4,clab-nebula-serf94,25,81,161,81,80,0,0.5031055900621118,1.0,0.5031055900621118
4,clab-nebula-serf94,30,105,159,105,54,0,0.660377358490566,1.0,0.660377358490566
4,clab-nebula-serf94,35,119,159,119,40,0,0.7484276729559748,1.0,0.7484276729559748
4,clab-nebula-serf94,40,129,159,129,30,0,0.8113207547169812,1.0,0.8113207547169812
4,clab-nebula-serf94,45,145,159,145,14,0,0.9119496855345912,1.0,0.9119496855345912
4,clab-nebula-serf94,50,154,159,154,5,0,0.9685534591194969,1.0,0.9685534591194969
4,clab-nebula-serf94,55,157,159,156,3,1,0.9811320754716981,0.9936305732484076,0.975
4,clab-nebula-serf94,60,161,159,159,0,2,1.0,0.9875776397515528,0.9875776397515528
4,clab-nebula-serf103,5,7,120,7,113,0,0.058333333333333334,1.0,0.058333333333333334
4,clab-nebula-serf103,10,7,120,7,113,0,0.058333333333333334,1.0,0.058333333333333334
4,clab-nebula-serf103,15,8,127,7,120,1,0.05511811023622047,0.875,0.0546875
4,clab-nebula-serf103,20,16,146,16,130,0,0.1095890410958904,1.0,0.1095890410958904
4,clab-nebula-serf103,25,27,135,24,111,3,0.17777777777777778,0.8888888888888888,0.17391304347826086
4,clab-nebula-serf103,30,63,135,60,75,3,0.4444444444444444,0.9523809523809523,0.43478260869565216
4,clab-nebula-serf103,35,102,159,102,57,0,0.6415094339622641,1.0,0.6415094339622641
4,clab-nebula-serf103,40,140,159,140,19,0,0.8805031446540881,1.0,0.8805031446540881
4,clab-nebula-serf103,45,150,159,150,9,0,0.9433962264150944,1.0,0.9433962264150944
4,clab-nebula-serf103,50,159,159,158,1,1,0.9937106918238994,0.9937106918238994,0.9875
4,clab-nebula-serf103,55,161,159,159,0,2,1.0,0.9875776397515528,0.9875776397515528
4,clab-nebula-serf103,60,161,159,159,0,2,1.0,0.9875776397515528,0.9875776397515528
4,clab-nebula-serf117,5,0,0,0,0,0,0.0,0.0,0.0
4,clab-nebula-serf117,10,0,0,0,0,0,0.0,0.0,0.0
4,clab-nebula-serf117,15,0,0,0,0,0,0.0,0.0,0.0
4,clab-nebula-serf117,20,0,0,0,0,0,0.0,0.0,0.0
4,clab-nebula-serf117,25,1,60,1,59,0,0.016666666666666666,1.0,0.016666666666666666
4,clab-nebula-serf117,30,3,60,3,57,0,0.05,1.0,0.05
4,clab-nebula-serf117,35,3,60,3,57,0,0.05,1.0,0.05
4,clab-nebula-serf117,40,3,60,3,57,0,0.05,1.0,0.05
4,clab-nebula-serf117,45,10,150,10,140,0,0.06666666666666667,1.0,0.06666666666666667
4,clab-nebula-serf117,50,21,150,19,131,2,0.12666666666666668,0.9047619047619048,0.125
4,clab-nebula-serf117,55,45,148,43,105,2,0.2905405405405405,0.9555555555555556,0.2866666666666667
4,clab-nebula-serf117,60,68,148,65,83,3,0.4391891891891892,0.9558823529411765,0.4304635761589404
4,clab-nebula-serf127,5,0,0,0,0,0,0.0,0.0,0.0
4,clab-nebula-serf127,10,4,161,4,157,0,0.024844720496894408,1.0,0.024844720496894408
4,clab-nebula-serf127,15,13,161,13,148,0,0.08074534161490683,1.0,0.08074534161490683
4,clab-nebula-serf127,20,46,161,46,115,0,0.2857142857142857,1.0,0.2857142857142857
4,clab-nebula-serf127,25,60,161,60,101,0,0.37267080745341613,1.0,0.37267080745341613
4,clab-nebula-serf127,30,92,161,92,69,0,0.5714285714285714,1.0,0.5714285714285714
4,clab-nebula-serf127,35,122,161,122,39,0,0.7577639751552795,1.0,0.7577639751552795
4,clab-nebula-serf127,40,138,161,138,23,0,0.8571428571428571,1.0,0.8571428571428571
4,clab-nebula-serf127,45,146,161,146,15,0,0.906832298136646,1.0,0.906832298136646
4,clab-nebula-serf127,50,156,150,145,5,11,0.9666666666666667,0.9294871794871795,0.9006211180124224
4,clab-nebula-serf127,55,161,150,150,0,11,1.0,0.9316770186335404,0.9316770186335404
4,clab-nebula-serf127,60,161,150,150,0,11,1.0,0.9316770186335404,0.9316770186335404
4,clab-nebula-serf129,5,0,0,0,0,0,0.0,0.0,0.0
4,clab-nebula-serf129,10,0,0,0,0,0,0.0,0.0,0.0
4,clab-nebula-serf129,15,2,32,2,30,0,0.0625,1.0,0.0625
4,clab-nebula-serf129,20,7,32,4,28,3,0.125,0.5714285714285714,0.11428571428571428
4,clab-nebula-serf129,25,17,161,17,144,0,0.10559006211180125,1.0,0.10559006211180125
4,clab-nebula-serf129,30,42,161,42,119,0,0.2608695652173913,1.0,0.2608695652173913
4,clab-nebula-serf129,35,71,161,71,90,0,0.4409937888198758,1.0,0.4409937888198758
4,clab-nebula-serf129,40,123,159,123,36,0,0.7735849056603774,1.0,0.7735849056603774
4,clab-nebula-serf129,45,142,159,142,17,0,0.8930817610062893,1.0,0.8930817610062893
4,clab-nebula-serf129,50,149,160,149,11,0,0.93125,1.0,0.93125
4,clab-nebula-serf129,55,155,160,154,6,1,0.9625,0.9935483870967742,0.9565217391304348
4,clab-nebula-serf129,60,158,160,157,3,1,0.98125,0.9936708860759493,0.9751552795031055
4,clab-nebula-serf155,5,0,0,0,0,0,0.0,0.0,0.0
4,clab-nebula-serf155,10,0,0,0,0,0,0.0,0.0,0.0
4,clab-nebula-serf155,15,1,11,1,10,0,0.09090909090909091,1.0,0.09090909090909091
4,clab-nebula-serf155,20,11,137,11,126,0,0.08029197080291971,1.0,0.08029197080291971
4,clab-nebula-serf155,25,14,137,14,123,0,0.10218978102189781,1.0,0.10218978102189781
4,clab-nebula-serf155,30,24,161,24,137,0,0.14906832298136646,1.0,0.14906832298136646
4,clab-nebula-serf155,35,43,161,43,118,0,0.2670807453416149,1.0,0.2670807453416149
4,clab-nebula-serf155,40,56,161,56,105,0,0.34782608695652173,1.0,0.34782608695652173
4,clab-nebula-serf155,45,82,161,82,79,0,0.5093167701863354,1.0,0.5093167701863354
4,clab-nebula-serf155,50,117,161,117,44,0,0.7267080745341615,1.0,0.7267080745341615
4,clab-nebula-serf155,55,137,161,137,24,0,0.8509316770186336,1.0,0.8509316770186336
4,clab-nebula-serf155,60,150,159,148,11,2,0.9308176100628931,0.9866666666666667,0.9192546583850931
4,clab-nebula-serf3,5,0,0,0,0,0,0.0,0.0,0.0
4,clab-nebula-serf3,10,2,2,2,0,0,1.0,1.0,1.0
4,clab-nebula-serf3,15,7,45,7,38,0,0.15555555555555556,1.0,0.15555555555555556
4,clab-nebula-serf3,20,13,45,13,32,0,0.28888888888888886,1.0,0.28888888888888886
4,clab-nebula-serf3,25,22,62,20,42,2,0.3225806451612903,0.9090909090909091,0.3125
4,clab-nebula-serf3,30,50,159,50,109,0,0.31446540880503143,1.0,0.31446540880503143
4,clab-nebula-serf3,35,83,159,83,76,0,0.5220125786163522,1.0,0.5220125786163522
4,clab-nebula-serf3,40,96,159,96,63,0,0.6037735849056604,1.0,0.6037735849056604
4,clab-nebula-serf3,45,109,159,109,50,0,0.6855345911949685,1.0,0.6855345911949685
4,clab-nebula-serf3,50,119,159,119,40,0,0.7484276729559748,1.0,0.7484276729559748
4,clab-nebula-serf3,55,123,159,123,36,0,0.7735849056603774,1.0,0.7735849056603774
4,clab-nebula-serf3,60,141,159,141,18,0,0.8867924528301887,1.0,0.8867924528301887
4,clab-nebula-serf14,5,0,0,0,0,0,0.0,0.0,0.0
4,clab-nebula-serf14,10,4,46,4,42,0,0.08695652173913043,1.0,0.08695652173913043
4,clab-nebula-serf14,15,18,77,18,59,0,0.23376623376623376,1.0,0.23376623376623376
4,clab-nebula-serf14,20,35,77,35,42,0,0.45454545454545453,1.0,0.45454545454545453
4,clab-nebula-serf14,25,70,109,70,39,0,0.6422018348623854,1.0,0.6422018348623854
4,clab-nebula-serf14,30,88,159,88,71,0,0.5534591194968553,1.0,0.5534591194968553
4,clab-nebula-serf14,35,102,159,102,57,0,0.6415094339622641,1.0,0.6415094339622641
4,clab-nebula-serf14,40,119,159,119,40,0,0.7484276729559748,1.0,0.7484276729559748
4,clab-nebula-serf14,45,121,159,121,38,0,0.7610062893081762,1.0,0.7610062893081762
4,clab-nebula-serf14,50,126,159,126,33,0,0.7924528301886793,1.0,0.7924528301886793
4,clab-nebula-serf14,55,151,159,151,8,0,0.949685534591195,1.0,0.949685534591195
4,clab-nebula-serf14,60,155,159,154,5,1,0.9685534591194969,0.9935483870967742,0.9625
4,clab-nebula-serf142,5,0,0,0,0,0,0.0,0.0,0.0
4,clab-nebula-serf142,10,0,0,0,0,0,0.0,0.0,0.0
4,clab-nebula-serf142,15,1,25,1,24,0,0.04,1.0,0.04
4,clab-nebula-serf142,20,1,25,1,24,0,0.04,1.0,0.04
4,clab-nebula-serf142,25,7,21,3,18,4,0.14285714285714285,0.42857142857142855,0.12
4,clab-nebula-serf142,30,14,57,13,44,1,0.22807017543859648,0.9285714285714286,0.22413793103448276
4,clab-nebula-serf142,35,30,161,30,131,0,0.18633540372670807,1.0,0.18633540372670807
4,clab-nebula-serf142,40,54,161,54,107,0,0.33540372670807456,1.0,0.33540372670807456
4,clab-nebula-serf142,45,59,161,59,102,0,0.36645962732919257,1.0,0.36645962732919257
4,clab-nebula-serf142,50,95,161,95,66,0,0.5900621118012422,1.0,0.5900621118012422
4,clab-nebula-serf142,55,126,161,126,35,0,0.782608695652174,1.0,0.782608695652174
4,clab-nebula-serf142,60,140,161,140,21,0,0.8695652173913043,1.0,0.8695652173913043
4,clab-nebula-serf96,5,4,7,4,3,0,0.5714285714285714,1.0,0.5714285714285714
4,clab-nebula-serf96,10,7,120,7,113,0,0.058333333333333334,1.0,0.058333333333333334
4,clab-nebula-serf96,15,7,120,7,113,0,0.058333333333333334,1.0,0.058333333333333334
4,clab-nebula-serf96,20,9,129,7,122,2,0.05426356589147287,0.7777777777777778,0.05343511450381679
4,clab-nebula-serf96,25,20,146,20,126,0,0.136986301369863,1.0,0.136986301369863
4,clab-nebula-serf96,30,41,135,38,97,3,0.2814814814814815,0.926829268292683,0.2753623188405797
4,clab-nebula-serf96,35,77,159,77,82,0,0.48427672955974843,1.0,0.48427672955974843
4,clab-nebula-serf96,40,121,159,121,38,0,0.7610062893081762,1.0,0.7610062893081762
4,clab-nebula-serf96,45,147,159,147,12,0,0.9245283018867925,1.0,0.9245283018867925
4,clab-nebula-serf96,50,153,159,153,6,0,0.9622641509433962,1.0,0.9622641509433962
4,clab-nebula-serf96,55,160,159,158,1,2,0.9937106918238994,0.9875,0.9813664596273292
4,clab-nebula-serf96,60,161,159,159,0,2,1.0,0.9875776397515528,0.9875776397515528
4,clab-nebula-serf116,5,0,0,0,0,0,0.0,0.0,0.0
4,clab-nebula-serf116,10,0,0,0,0,0,0.0,0.0,0.0
4,clab-nebula-serf116,15,0,0,0,0,0,0.0,0.0,0.0
4,clab-nebula-serf116,20,0,0,0,0,0,0.0,0.0,0.0
4,clab-nebula-serf116,25,0,0,0,0,0,0.0,0.0,0.0
4,clab-nebula-serf116,30,0,0,0,0,0,0.0,0.0,0.0
4,clab-nebula-serf116,35,1,1,1,0,0,1.0,1.0,1.0
4,clab-nebula-serf116,40,1,1,1,0,0,1.0,1.0,1.0
4,clab-nebula-serf116,45,6,149,4,145,2,0.026845637583892617,0.6666666666666666,0.026490066225165563
4,clab-nebula-serf116,50,14,148,12,136,2,0.08108108108108109,0.8571428571428571,0.08
4,clab-nebula-serf116,55,40,148,36,112,4,0.24324324324324326,0.9,0.23684210526315788
4,clab-nebula-serf116,60,88,148,76,72,12,0.5135135135135135,0.8636363636363636,0.475
4,clab-nebula-serf56,5,9,47,9,38,0,0.19148936170212766,1.0,0.19148936170212766
4,clab-nebula-serf56,10,24,50,24,26,0,0.48,1.0,0.48
4,clab-nebula-serf56,15,64,109,64,45,0,0.5871559633027523,1.0,0.5871559633027523
4,clab-nebula-serf56,20,83,159,83,76,0,0.5220125786163522,1.0,0.5220125786163522
4,clab-nebula-serf56,25,97,159,97,62,0,0.610062893081761,1.0,0.610062893081761
4,clab-nebula-serf56,30,118,159,118,41,0,0.7421383647798742,1.0,0.7421383647798742
4,clab-nebula-serf56,35,121,159,121,38,0,0.7610062893081762,1.0,0.7610062893081762
4,clab-nebula-serf56,40,125,159,125,34,0,0.7861635220125787,1.0,0.7861635220125787
4,clab-nebula-serf56,45,151,159,151,8,0,0.949685534591195,1.0,0.949685534591195
4,clab-nebula-serf56,50,154,159,154,5,0,0.9685534591194969,1.0,0.9685534591194969
4,clab-nebula-serf56,55,157,159,155,4,2,0.9748427672955975,0.9872611464968153,0.9627329192546584
4,clab-nebula-serf56,60,158,159,156,3,2,0.9811320754716981,0.9873417721518988,0.968944099378882
4,clab-nebula-serf59,5,5,10,3,7,2,0.3,0.6,0.25
4,clab-nebula-serf59,10,26,47,25,22,1,0.5319148936170213,0.9615384615384616,0.5208333333333334
4,clab-nebula-serf59,15,63,104,57,47,6,0.5480769230769231,0.9047619047619048,0.5181818181818182
4,clab-nebula-serf59,20,83,161,83,78,0,0.515527950310559,1.0,0.515527950310559
4,clab-nebula-serf59,25,99,159,99,60,0,0.6226415094339622,1.0,0.6226415094339622
4,clab-nebula-serf59,30,119,159,119,40,0,0.7484276729559748,1.0,0.7484276729559748
4,clab-nebula-serf59,35,124,159,124,35,0,0.779874213836478,1.0,0.779874213836478
4,clab-nebula-serf59,40,128,159,128,31,0,0.8050314465408805,1.0,0.8050314465408805
4,clab-nebula-serf59,45,153,159,153,6,0,0.9622641509433962,1.0,0.9622641509433962
4,clab-nebula-serf59,50,154,159,154,5,0,0.9685534591194969,1.0,0.9685534591194969
4,clab-nebula-serf59,55,157,159,155,4,2,0.9748427672955975,0.9872611464968153,0.9627329192546584
4,clab-nebula-serf59,60,161,159,159,0,2,1.0,0.9875776397515528,0.9875776397515528
4,clab-nebula-serf70,5,3,47,3,44,0,0.06382978723404255,1.0,0.06382978723404255
4,clab-nebula-serf70,10,19,159,19,140,0,0.11949685534591195,1.0,0.11949685534591195
4,clab-nebula-serf70,15,36,159,36,123,0,0.22641509433962265,1.0,0.22641509433962265
4,clab-nebula-serf70,20,66,159,66,93,0,0.41509433962264153,1.0,0.41509433962264153
4,clab-nebula-serf70,25,87,159,87,72,0,0.5471698113207547,1.0,0.5471698113207547
4,clab-nebula-serf70,30,110,159,110,49,0,0.6918238993710691,1.0,0.6918238993710691
4,clab-nebula-serf70,35,119,159,119,40,0,0.7484276729559748,1.0,0.7484276729559748
4,clab-nebula-serf70,40,124,159,124,35,0,0.779874213836478,1.0,0.779874213836478
4,clab-nebula-serf70,45,147,159,147,12,0,0.9245283018867925,1.0,0.9245283018867925
4,clab-nebula-serf70,50,154,159,154,5,0,0.9685534591194969,1.0,0.9685534591194969
4,clab-nebula-serf70,55,158,159,156,3,2,0.9811320754716981,0.9873417721518988,0.968944099378882
4,clab-nebula-serf70,60,161,159,159,0,2,1.0,0.9875776397515528,0.9875776397515528
4,clab-nebula-serf81,5,1,47,1,46,0,0.02127659574468085,1.0,0.02127659574468085
4,clab-nebula-serf81,10,22,109,22,87,0,0.2018348623853211,1.0,0.2018348623853211
4,clab-nebula-serf81,15,39,159,39,120,0,0.24528301886792453,1.0,0.24528301886792453
4,clab-nebula-serf81,20,68,161,68,93,0,0.422360248447205,1.0,0.422360248447205
4,clab-nebula-serf81,25,90,159,90,69,0,0.5660377358490566,1.0,0.5660377358490566
4,clab-nebula-serf81,30,114,159,114,45,0,0.7169811320754716,1.0,0.7169811320754716
4,clab-nebula-serf81,35,121,159,121,38,0,0.7610062893081762,1.0,0.7610062893081762
4,clab-nebula-serf81,40,130,159,130,29,0,0.8176100628930818,1.0,0.8176100628930818
4,clab-nebula-serf81,45,153,159,153,6,0,0.9622641509433962,1.0,0.9622641509433962
4,clab-nebula-serf81,50,154,159,154,5,0,0.9685534591194969,1.0,0.9685534591194969
4,clab-nebula-serf81,55,157,159,156,3,1,0.9811320754716981,0.9936305732484076,0.975
4,clab-nebula-serf81,60,161,159,159,0,2,1.0,0.9875776397515528,0.9875776397515528
4,clab-nebula-serf95,5,0,0,0,0,0,0.0,0.0,0.0
4,clab-nebula-serf95,10,10,159,10,149,0,0.06289308176100629,1.0,0.06289308176100629
4,clab-nebula-serf95,15,30,159,30,129,0,0.18867924528301888,1.0,0.18867924528301888
4,clab-nebula-serf95,20,50,161,50,111,0,0.3105590062111801,1.0,0.3105590062111801
4,clab-nebula-serf95,25,80,161,80,81,0,0.4968944099378882,1.0,0.4968944099378882
4,clab-nebula-serf95,30,104,159,104,55,0,0.6540880503144654,1.0,0.6540880503144654
4,clab-nebula-serf95,35,119,159,119,40,0,0.7484276729559748,1.0,0.7484276729559748
4,clab-nebula-serf95,40,124,159,124,35,0,0.779874213836478,1.0,0.779874213836478
4,clab-nebula-serf95,45,142,159,142,17,0,0.8930817610062893,1.0,0.8930817610062893
4,clab-nebula-serf95,50,154,159,154,5,0,0.9685534591194969,1.0,0.9685534591194969
4,clab-nebula-serf95,55,154,159,154,5,0,0.9685534591194969,1.0,0.9685534591194969
4,clab-nebula-serf95,60,159,159,157,2,2,0.9874213836477987,0.9874213836477987,0.9751552795031055
4,clab-nebula-serf114,5,1,1,1,0,0,1.0,1.0,1.0
4,clab-nebula-serf114,10,1,1,1,0,0,1.0,1.0,1.0
4,clab-nebula-serf114,15,2,140,1,139,1,0.007142857142857143,0.5,0.0070921985815602835
4,clab-nebula-serf114,20,17,161,17,144,0,0.10559006211180125,1.0,0.10559006211180125
4,clab-nebula-serf114,25,25,161,25,136,0,0.15527950310559005,1.0,0.15527950310559005
4,clab-nebula-serf114,30,53,159,53,106,0,0.3333333333333333,1.0,0.3333333333333333
4,clab-nebula-serf114,35,92,159,92,67,0,0.5786163522012578,1.0,0.5786163522012578
4,clab-nebula-serf114,40,134,159,133,26,1,0.8364779874213837,0.9925373134328358,0.83125
4,clab-nebula-serf114,45,152,159,150,9,2,0.9433962264150944,0.9868421052631579,0.9316770186335404
4,clab-nebula-serf114,50,158,159,156,3,2,0.9811320754716981,0.9873417721518988,0.968944099378882
4,clab-nebula-serf114,55,161,159,159,0,2,1.0,0.9875776397515528,0.9875776397515528
4,clab-nebula-serf114,60,161,159,159,0,2,1.0,0.9875776397515528,0.9875776397515528
4,clab-nebula-serf9,5,1,72,1,71,0,0.013888888888888888,1.0,0.013888888888888888
4,clab-nebula-serf9,10,8,75,8,67,0,0.10666666666666667,1.0,0.10666666666666667
4,clab-nebula-serf9,15,17,77,17,60,0,0.22077922077922077,1.0,0.22077922077922077
4,clab-nebula-serf9,20,36,77,36,41,0,0.4675324675324675,1.0,0.4675324675324675
4,clab-nebula-serf9,25,71,109,69,40,2,0.6330275229357798,0.971830985915493,0.6216216216216216
4,clab-nebula-serf9,30,87,159,87,72,0,0.5471698113207547,1.0,0.5471698113207547
4,clab-nebula-serf9,35,101,159,101,58,0,0.6352201257861635,1.0,0.6352201257861635
4,clab-nebula-serf9,40,116,159,116,43,0,0.7295597484276729,1.0,0.7295597484276729
4,clab-nebula-serf9,45,120,159,120,39,0,0.7547169811320755,1.0,0.7547169811320755
4,clab-nebula-serf9,50,125,159,125,34,0,0.7861635220125787,1.0,0.7861635220125787
4,clab-nebula-serf9,55,151,159,151,8,0,0.949685534591195,1.0,0.949685534591195
4,clab-nebula-serf9,60,154,159,154,5,0,0.9685534591194969,1.0,0.9685534591194969
4,clab-nebula-serf17,5,1,28,1,27,0,0.03571428571428571,1.0,0.03571428571428571
4,clab-nebula-serf17,10,12,77,12,65,0,0.15584415584415584,1.0,0.15584415584415584
4,clab-nebula-serf17,15,30,77,30,47,0,0.38961038961038963,1.0,0.38961038961038963
4,clab-nebula-serf17,20,66,109,66,43,0,0.6055045871559633,1.0,0.6055045871559633
4,clab-nebula-serf17,25,85,159,85,74,0,0.5345911949685535,1.0,0.5345911949685535
4,clab-nebula-serf17,30,96,159,96,63,0,0.6037735849056604,1.0,0.6037735849056604
4,clab-nebula-serf17,35,116,159,116,43,0,0.7295597484276729,1.0,0.7295597484276729
4,clab-nebula-serf17,40,121,159,121,38,0,0.7610062893081762,1.0,0.7610062893081762
4,clab-nebula-serf17,45,124,159,124,35,0,0.779874213836478,1.0,0.779874213836478
4,clab-nebula-serf17,50,150,159,150,9,0,0.9433962264150944,1.0,0.9433962264150944
4,clab-nebula-serf17,55,154,159,154,5,0,0.9685534591194969,1.0,0.9685534591194969
4,clab-nebula-serf17,60,157,159,155,4,2,0.9748427672955975,0.9872611464968153,0.9627329192546584
4,clab-nebula-serf139,5,0,1,0,1,0,0.0,0.0,0.0
4,clab-nebula-serf139,10,0,1,0,1,0,0.0,0.0,0.0
4,clab-nebula-serf139,15,5,25,5,20,0,0.2,1.0,0.2
4,clab-nebula-serf139,20,14,37,14,23,0,0.3783783783783784,1.0,0.3783783783783784
4,clab-nebula-serf139,25,21,37,21,16,0,0.5675675675675675,1.0,0.5675675675675675
4,clab-nebula-serf139,30,31,161,31,130,0,0.19254658385093168,1.0,0.19254658385093168
4,clab-nebula-serf139,35,45,161,45,116,0,0.2795031055900621,1.0,0.2795031055900621
4,clab-nebula-serf139,40,65,161,65,96,0,0.40372670807453415,1.0,0.40372670807453415
4,clab-nebula-serf139,45,95,161,95,66,0,0.5900621118012422,1.0,0.5900621118012422
4,clab-nebula-serf139,50,121,161,121,40,0,0.7515527950310559,1.0,0.7515527950310559
4,clab-nebula-serf139,55,137,161,137,24,0,0.8509316770186336,1.0,0.8509316770186336
4,clab-nebula-serf139,60,149,161,149,12,0,0.9254658385093167,1.0,0.9254658385093167
4,clab-nebula-serf52,5,1,38,1,37,0,0.02631578947368421,1.0,0.02631578947368421
4,clab-nebula-serf52,10,12,49,12,37,0,0.24489795918367346,1.0,0.24489795918367346
4,clab-nebula-serf52,15,38,50,34,16,4,0.68,0.8947368421052632,0.6296296296296297
4,clab-nebula-serf52,20,69,104,63,41,6,0.6057692307692307,0.9130434782608695,0.5727272727272728
4,clab-nebula-serf52,25,88,159,88,71,0,0.5534591194968553,1.0,0.5534591194968553
4,clab-nebula-serf52,30,106,159,106,53,0,0.6666666666666666,1.0,0.6666666666666666
4,clab-nebula-serf52,35,119,159,119,40,0,0.7484276729559748,1.0,0.7484276729559748
4,clab-nebula-serf52,40,124,159,124,35,0,0.779874213836478,1.0,0.779874213836478
4,clab-nebula-serf52,45,134,159,134,25,0,0.8427672955974843,1.0,0.8427672955974843
4,clab-nebula-serf52,50,154,159,154,5,0,0.9685534591194969,1.0,0.9685534591194969
4,clab-nebula-serf52,55,154,159,154,5,0,0.9685534591194969,1.0,0.9685534591194969
4,clab-nebula-serf52,60,157,159,155,4,2,0.9748427672955975,0.9872611464968153,0.9627329192546584
4,clab-nebula-serf71,5,0,0,0,0,0,0.0,0.0,0.0
4,clab-nebula-serf71,10,15,159,15,144,0,0.09433962264150944,1.0,0.09433962264150944
4,clab-nebula-serf71,15,33,159,33,126,0,0.20754716981132076,1.0,0.20754716981132076
4,clab-nebula-serf71,20,57,161,57,104,0,0.35403726708074534,1.0,0.35403726708074534
4,clab-nebula-serf71,25,83,159,83,76,0,0.5220125786163522,1.0,0.5220125786163522
4,clab-nebula-serf71,30,107,159,107,52,0,0.6729559748427673,1.0,0.6729559748427673
4,clab-nebula-serf71,35,119,159,119,40,0,0.7484276729559748,1.0,0.7484276729559748
4,clab-nebula-serf71,40,124,159,124,35,0,0.779874213836478,1.0,0.779874213836478
4,clab-nebula-serf71,45,146,159,146,13,0,0.9182389937106918,1.0,0.9182389937106918
4,clab-nebula-serf71,50,154,159,154,5,0,0.9685534591194969,1.0,0.9685534591194969
4,clab-nebula-serf71,55,156,159,155,4,1,0.9748427672955975,0.9935897435897436,0.96875
4,clab-nebula-serf71,60,161,159,159,0,2,1.0,0.9875776397515528,0.9875776397515528
4,clab-nebula-serf26,5,3,48,3,45,0,0.0625,1.0,0.0625
4,clab-nebula-serf26,10,19,159,19,140,0,0.11949685534591195,1.0,0.11949685534591195
4,clab-nebula-serf26,15,31,159,31,128,0,0.1949685534591195,1.0,0.1949685534591195
4,clab-nebula-serf26,20,58,159,58,101,0,0.36477987421383645,1.0,0.36477987421383645
4,clab-nebula-serf26,25,87,159,87,72,0,0.5471698113207547,1.0,0.5471698113207547
4,clab-nebula-serf26,30,94,159,94,65,0,0.5911949685534591,1.0,0.5911949685534591
4,clab-nebula-serf26,35,108,159,108,51,0,0.6792452830188679,1.0,0.6792452830188679
4,clab-nebula-serf26,40,121,159,121,38,0,0.7610062893081762,1.0,0.7610062893081762
4,clab-nebula-serf26,45,124,159,124,35,0,0.779874213836478,1.0,0.779874213836478
4,clab-nebula-serf26,50,137,159,137,22,0,0.8616352201257862,1.0,0.8616352201257862
4,clab-nebula-serf26,55,154,159,154,5,0,0.9685534591194969,1.0,0.9685534591194969
4,clab-nebula-serf26,60,155,159,154,5,1,0.9685534591194969,0.9935483870967742,0.9625
4,clab-nebula-serf34,5,1,49,1,48,0,0.02040816326530612,1.0,0.02040816326530612
4,clab-nebula-serf34,10,9,77,9,68,0,0.11688311688311688,1.0,0.11688311688311688
4,clab-nebula-serf34,15,27,159,27,132,0,0.16981132075471697,1.0,0.16981132075471697
4,clab-nebula-serf34,20,67,159,67,92,0,0.42138364779874216,1.0,0.42138364779874216
4,clab-nebula-serf34,25,85,159,85,74,0,0.5345911949685535,1.0,0.5345911949685535
4,clab-nebula-serf34,30,95,159,95,64,0,0.5974842767295597,1.0,0.5974842767295597
4,clab-nebula-serf34,35,112,159,112,47,0,0.7044025157232704,1.0,0.7044025157232704
4,clab-nebula-serf34,40,121,159,121,38,0,0.7610062893081762,1.0,0.7610062893081762
4,clab-nebula-serf34,45,124,159,124,35,0,0.779874213836478,1.0,0.779874213836478
4,clab-nebula-serf34,50,149,159,149,10,0,0.9371069182389937,1.0,0.9371069182389937
4,clab-nebula-serf34,55,154,159,154,5,0,0.9685534591194969,1.0,0.9685534591194969
4,clab-nebula-serf34,60,156,159,155,4,1,0.9748427672955975,0.9935897435897436,0.96875
4,clab-nebula-serf126,5,0,0,0,0,0,0.0,0.0,0.0
4,clab-nebula-serf126,10,3,36,3,33,0,0.08333333333333333,1.0,0.08333333333333333
4,clab-nebula-serf126,15,15,161,15,146,0,0.09316770186335403,1.0,0.09316770186335403
4,clab-nebula-serf126,20,47,161,47,114,0,0.2919254658385093,1.0,0.2919254658385093
4,clab-nebula-serf126,25,59,161,59,102,0,0.36645962732919257,1.0,0.36645962732919257
4,clab-nebula-serf126,30,92,161,92,69,0,0.5714285714285714,1.0,0.5714285714285714
4,clab-nebula-serf126,35,121,161,121,40,0,0.7515527950310559,1.0,0.7515527950310559
4,clab-nebula-serf126,40,138,161,138,23,0,0.8571428571428571,1.0,0.8571428571428571
4,clab-nebula-serf126,45,146,161,146,15,0,0.906832298136646,1.0,0.906832298136646
4,clab-nebula-serf126,50,156,150,145,5,11,0.9666666666666667,0.9294871794871795,0.9006211180124224
4,clab-nebula-serf126,55,161,150,150,0,11,1.0,0.9316770186335404,0.9316770186335404
4,clab-nebula-serf126,60,161,150,150,0,11,1.0,0.9316770186335404,0.9316770186335404
4,clab-nebula-serf36,5,0,0,0,0,0,0.0,0.0,0.0
4,clab-nebula-serf36,10,2,67,2,65,0,0.029850746268656716,1.0,0.029850746268656716
4,clab-nebula-serf36,15,17,159,17,142,0,0.1069182389937107,1.0,0.1069182389937107
4,clab-nebula-serf36,20,53,159,53,106,0,0.3333333333333333,1.0,0.3333333333333333
4,clab-nebula-serf36,25,79,159,79,80,0,0.4968553459119497,1.0,0.4968553459119497
4,clab-nebula-serf36,30,92,159,92,67,0,0.5786163522012578,1.0,0.5786163522012578
4,clab-nebula-serf36,35,108,159,108,51,0,0.6792452830188679,1.0,0.6792452830188679
4,clab-nebula-serf36,40,121,159,121,38,0,0.7610062893081762,1.0,0.7610062893081762
4,clab-nebula-serf36,45,124,159,124,35,0,0.779874213836478,1.0,0.779874213836478
4,clab-nebula-serf36,50,137,159,137,22,0,0.8616352201257862,1.0,0.8616352201257862
4,clab-nebula-serf36,55,154,159,154,5,0,0.9685534591194969,1.0,0.9685534591194969
4,clab-nebula-serf36,60,154,159,154,5,0,0.9685534591194969,1.0,0.9685534591194969
4,clab-nebula-serf82,5,0,0,0,0,0,0.0,0.0,0.0
4,clab-nebula-serf82,10,0,0,0,0,0,0.0,0.0,0.0
4,clab-nebula-serf82,15,0,0,0,0,0,0.0,0.0,0.0
4,clab-nebula-serf82,20,0,0,0,0,0,0.0,0.0,0.0
4,clab-nebula-serf82,25,0,0,0,0,0,0.0,0.0,0.0
4,clab-nebula-serf82,30,0,0,0,0,0,0.0,0.0,0.0
4,clab-nebula-serf82,35,16,142,16,126,0,0.11267605633802817,1.0,0.11267605633802817
4,clab-nebula-serf82,40,61,133,54,79,7,0.40601503759398494,0.8852459016393442,0.38571428571428573
4,clab-nebula-serf82,45,94,161,94,67,0,0.5838509316770186,1.0,0.5838509316770186
4,clab-nebula-serf82,50,111,161,111,50,0,0.6894409937888198,1.0,0.6894409937888198
4,clab-nebula-serf82,55,121,159,121,38,0,0.7610062893081762,1.0,0.7610062893081762
4,clab-nebula-serf82,60,148,159,148,11,0,0.9308176100628931,1.0,0.9308176100628931
4,clab-nebula-serf85,5,0,0,0,0,0,0.0,0.0,0.0
4,clab-nebula-serf85,10,4,56,4,52,0,0.07142857142857142,1.0,0.07142857142857142
4,clab-nebula-serf85,15,19,137,19,118,0,0.1386861313868613,1.0,0.1386861313868613
4,clab-nebula-serf85,20,35,137,35,102,0,0.25547445255474455,1.0,0.25547445255474455
4,clab-nebula-serf85,25,57,139,57,82,0,0.41007194244604317,1.0,0.41007194244604317
4,clab-nebula-serf85,30,82,148,81,67,1,0.5472972972972973,0.9878048780487805,0.5436241610738255
4,clab-nebula-serf85,35,111,148,109,39,2,0.7364864864864865,0.9819819819819819,0.7266666666666667
4,clab-nebula-serf85,40,119,148,117,31,2,0.7905405405405406,0.9831932773109243,0.78
4,clab-nebula-serf85,45,134,148,130,18,4,0.8783783783783784,0.9701492537313433,0.8552631578947368
4,clab-nebula-serf85,50,149,148,139,9,10,0.9391891891891891,0.9328859060402684,0.879746835443038
4,clab-nebula-serf85,55,154,148,141,7,13,0.9527027027027027,0.9155844155844156,0.8757763975155279
4,clab-nebula-serf85,60,157,148,144,4,13,0.972972972972973,0.9171974522292994,0.8944099378881988
4,clab-nebula-serf97,5,5,7,5,2,0,0.7142857142857143,1.0,0.7142857142857143
4,clab-nebula-serf97,10,7,7,7,0,0,1.0,1.0,1.0
4,clab-nebula-serf97,15,7,7,7,0,0,1.0,1.0,1.0
4,clab-nebula-serf97,20,9,129,7,122,2,0.05426356589147287,0.7777777777777778,0.05343511450381679
4,clab-nebula-serf97,25,17,146,17,129,0,0.11643835616438356,1.0,0.11643835616438356
4,clab-nebula-serf97,30,41,135,38,97,3,0.2814814814814815,0.926829268292683,0.2753623188405797
4,clab-nebula-serf97,35,80,135,73,62,7,0.5407407407407407,0.9125,0.5140845070422535
4,clab-nebula-serf97,40,126,159,126,33,0,0.7924528301886793,1.0,0.7924528301886793
4,clab-nebula-serf97,45,149,159,149,10,0,0.9371069182389937,1.0,0.9371069182389937
4,clab-nebula-serf97,50,159,159,158,1,1,0.9937106918238994,0.9937106918238994,0.9875
4,clab-nebula-serf97,55,161,159,159,0,2,1.0,0.9875776397515528,0.9875776397515528
4,clab-nebula-serf97,60,161,159,159,0,2,1.0,0.9875776397515528,0.9875776397515528
4,clab-nebula-serf99,5,6,120,6,114,0,0.05,1.0,0.05
4,clab-nebula-serf99,10,7,120,7,113,0,0.058333333333333334,1.0,0.058333333333333334
4,clab-nebula-serf99,15,7,120,7,113,0,0.058333333333333334,1.0,0.058333333333333334
4,clab-nebula-serf99,20,11,146,11,135,0,0.07534246575342465,1.0,0.07534246575342465
4,clab-nebula-serf99,25,24,146,24,122,0,0.1643835616438356,1.0,0.1643835616438356
4,clab-nebula-serf99,30,52,135,49,86,3,0.362962962962963,0.9423076923076923,0.35507246376811596
4,clab-nebula-serf99,35,82,159,82,77,0,0.5157232704402516,1.0,0.5157232704402516
4,clab-nebula-serf99,40,137,159,137,22,0,0.8616352201257862,1.0,0.8616352201257862
4,clab-nebula-serf99,45,148,159,148,11,0,0.9308176100628931,1.0,0.9308176100628931
4,clab-nebula-serf99,50,159,159,158,1,1,0.9937106918238994,0.9937106918238994,0.9875
4,clab-nebula-serf99,55,160,159,158,1,2,0.9937106918238994,0.9875,0.9813664596273292
4,clab-nebula-serf99,60,161,159,159,0,2,1.0,0.9875776397515528,0.9875776397515528
4,clab-nebula-serf124,5,0,0,0,0,0,0.0,0.0,0.0
4,clab-nebula-serf124,10,3,57,3,54,0,0.05263157894736842,1.0,0.05263157894736842
4,clab-nebula-serf124,15,8,161,8,153,0,0.049689440993788817,1.0,0.049689440993788817
4,clab-nebula-serf124,20,15,161,15,146,0,0.09316770186335403,1.0,0.09316770186335403
4,clab-nebula-serf124,25,29,161,29,132,0,0.18012422360248448,1.0,0.18012422360248448
4,clab-nebula-serf124,30,81,149,69,80,12,0.46308724832214765,0.8518518518518519,0.42857142857142855
4,clab-nebula-serf124,35,114,148,101,47,13,0.6824324324324325,0.8859649122807017,0.6273291925465838
4,clab-nebula-serf124,40,133,149,121,28,12,0.8120805369127517,0.9097744360902256,0.7515527950310559
4,clab-nebula-serf124,45,145,149,133,16,12,0.8926174496644296,0.9172413793103448,0.8260869565217391
4,clab-nebula-serf124,50,156,148,143,5,13,0.9662162162162162,0.9166666666666666,0.8881987577639752
4,clab-nebula-serf124,55,161,148,148,0,13,1.0,0.9192546583850931,0.9192546583850931
4,clab-nebula-serf124,60,161,148,148,0,13,1.0,0.9192546583850931,0.9192546583850931
4,clab-nebula-serf157,5,4,4,4,0,0,1.0,1.0,1.0
4,clab-nebula-serf157,10,4,4,4,0,0,1.0,1.0,1.0
4,clab-nebula-serf157,15,5,11,4,7,1,0.36363636363636365,0.8,0.3333333333333333
4,clab-nebula-serf157,20,9,27,9,18,0,0.3333333333333333,1.0,0.3333333333333333
4,clab-nebula-serf157,25,16,161,16,145,0,0.09937888198757763,1.0,0.09937888198757763
4,clab-nebula-serf157,30,35,161,35,126,0,0.21739130434782608,1.0,0.21739130434782608
4,clab-nebula-serf157,35,40,161,40,121,0,0.2484472049689441,1.0,0.2484472049689441
4,clab-nebula-serf157,40,54,161,54,107,0,0.33540372670807456,1.0,0.33540372670807456
4,clab-nebula-serf157,45,70,161,70,91,0,0.43478260869565216,1.0,0.43478260869565216
4,clab-nebula-serf157,50,109,161,109,52,0,0.6770186335403726,1.0,0.6770186335403726
4,clab-nebula-serf157,55,136,161,136,25,0,0.84472049689441,1.0,0.84472049689441
4,clab-nebula-serf157,60,148,161,148,13,0,0.9192546583850931,1.0,0.9192546583850931
4,clab-nebula-serf159,5,4,11,4,7,0,0.36363636363636365,1.0,0.36363636363636365
4,clab-nebula-serf159,10,4,11,4,7,0,0.36363636363636365,1.0,0.36363636363636365
4,clab-nebula-serf159,15,5,12,5,7,0,0.4166666666666667,1.0,0.4166666666666667
4,clab-nebula-serf159,20,9,27,9,18,0,0.3333333333333333,1.0,0.3333333333333333
4,clab-nebula-serf159,25,16,161,16,145,0,0.09937888198757763,1.0,0.09937888198757763
4,clab-nebula-serf159,30,35,161,35,126,0,0.21739130434782608,1.0,0.21739130434782608
4,clab-nebula-serf159,35,40,161,40,121,0,0.2484472049689441,1.0,0.2484472049689441
4,clab-nebula-serf159,40,54,161,54,107,0,0.33540372670807456,1.0,0.33540372670807456
4,clab-nebula-serf159,45,70,161,70,91,0,0.43478260869565216,1.0,0.43478260869565216
4,clab-nebula-serf159,50,108,161,108,53,0,0.6708074534161491,1.0,0.6708074534161491
4,clab-nebula-serf159,55,136,161,136,25,0,0.84472049689441,1.0,0.84472049689441
4,clab-nebula-serf159,60,148,161,148,13,0,0.9192546583850931,1.0,0.9192546583850931
4,clab-nebula-serf1,5,0,0,0,0,0,0.0,0.0,0.0
4,clab-nebula-serf1,10,6,8,6,2,0,0.75,1.0,0.75
4,clab-nebula-serf1,15,12,62,12,50,0,0.1935483870967742,1.0,0.1935483870967742
4,clab-nebula-serf1,20,19,62,19,43,0,0.3064516129032258,1.0,0.3064516129032258
4,clab-nebula-serf1,25,37,90,37,53,0,0.4111111111111111,1.0,0.4111111111111111
4,clab-nebula-serf1,30,74,159,74,85,0,0.46540880503144655,1.0,0.46540880503144655
4,clab-nebula-serf1,35,91,159,91,68,0,0.5723270440251572,1.0,0.5723270440251572
4,clab-nebula-serf1,40,107,159,107,52,0,0.6729559748427673,1.0,0.6729559748427673
4,clab-nebula-serf1,45,117,159,117,42,0,0.7358490566037735,1.0,0.7358490566037735
4,clab-nebula-serf1,50,121,159,121,38,0,0.7610062893081762,1.0,0.7610062893081762
4,clab-nebula-serf1,55,133,159,133,26,0,0.8364779874213837,1.0,0.8364779874213837
4,clab-nebula-serf1,60,153,159,151,8,2,0.949685534591195,0.9869281045751634,0.937888198757764
4,clab-nebula-serf33,5,3,43,3,40,0,0.06976744186046512,1.0,0.06976744186046512
4,clab-nebula-serf33,10,20,159,20,139,0,0.12578616352201258,1.0,0.12578616352201258
4,clab-nebula-serf33,15,53,159,53,106,0,0.3333333333333333,1.0,0.3333333333333333
4,clab-nebula-serf33,20,78,159,78,81,0,0.49056603773584906,1.0,0.49056603773584906
4,clab-nebula-serf33,25,90,159,90,69,0,0.5660377358490566,1.0,0.5660377358490566
4,clab-nebula-serf33,30,105,159,105,54,0,0.660377358490566,1.0,0.660377358490566
4,clab-nebula-serf33,35,119,159,119,40,0,0.7484276729559748,1.0,0.7484276729559748
4,clab-nebula-serf33,40,124,159,124,35,0,0.779874213836478,1.0,0.779874213836478
4,clab-nebula-serf33,45,128,159,128,31,0,0.8050314465408805,1.0,0.8050314465408805
4,clab-nebula-serf33,50,154,159,154,5,0,0.9685534591194969,1.0,0.9685534591194969
4,clab-nebula-serf33,55,154,159,154,5,0,0.9685534591194969,1.0,0.9685534591194969
4,clab-nebula-serf33,60,157,159,155,4,2,0.9748427672955975,0.9872611464968153,0.9627329192546584
4,clab-nebula-serf123,5,0,0,0,0,0,0.0,0.0,0.0
4,clab-nebula-serf123,10,2,161,2,159,0,0.012422360248447204,1.0,0.012422360248447204
4,clab-nebula-serf123,15,11,161,11,150,0,0.06832298136645963,1.0,0.06832298136645963
4,clab-nebula-serf123,20,16,161,16,145,0,0.09937888198757763,1.0,0.09937888198757763
4,clab-nebula-serf123,25,42,159,42,117,0,0.2641509433962264,1.0,0.2641509433962264
4,clab-nebula-serf123,30,89,159,89,70,0,0.559748427672956,1.0,0.559748427672956
4,clab-nebula-serf123,35,128,159,128,31,0,0.8050314465408805,1.0,0.8050314465408805
4,clab-nebula-serf123,40,143,159,143,16,0,0.89937106918239,1.0,0.89937106918239
4,clab-nebula-serf123,45,152,159,150,9,2,0.9433962264150944,0.9868421052631579,0.9316770186335404
4,clab-nebula-serf123,50,158,159,156,3,2,0.9811320754716981,0.9873417721518988,0.968944099378882
4,clab-nebula-serf123,55,161,159,159,0,2,1.0,0.9875776397515528,0.9875776397515528
4,clab-nebula-serf123,60,161,159,159,0,2,1.0,0.9875776397515528,0.9875776397515528
4,clab-nebula-serf135,5,0,0,0,0,0,0.0,0.0,0.0
4,clab-nebula-serf135,10,0,0,0,0,0,0.0,0.0,0.0
4,clab-nebula-serf135,15,1,25,1,24,0,0.04,1.0,0.04
4,clab-nebula-serf135,20,14,37,14,23,0,0.3783783783783784,1.0,0.3783783783783784
4,clab-nebula-serf135,25,15,37,15,22,0,0.40540540540540543,1.0,0.40540540540540543
4,clab-nebula-serf135,30,25,161,25,136,0,0.15527950310559005,1.0,0.15527950310559005
4,clab-nebula-serf135,35,42,161,42,119,0,0.2608695652173913,1.0,0.2608695652173913
4,clab-nebula-serf135,40,54,161,54,107,0,0.33540372670807456,1.0,0.33540372670807456
4,clab-nebula-serf135,45,91,148,79,69,12,0.5337837837837838,0.8681318681318682,0.49375
4,clab-nebula-serf135,50,112,148,99,49,13,0.668918918918919,0.8839285714285714,0.6149068322981367
4,clab-nebula-serf135,55,137,148,124,24,13,0.8378378378378378,0.9051094890510949,0.7701863354037267
4,clab-nebula-serf135,60,146,148,133,15,13,0.8986486486486487,0.910958904109589,0.8260869565217391
4,clab-nebula-serf13,5,0,0,0,0,0,0.0,0.0,0.0
4,clab-nebula-serf13,10,7,45,6,39,1,0.13333333333333333,0.8571428571428571,0.13043478260869565
4,clab-nebula-serf13,15,24,77,24,53,0,0.3116883116883117,1.0,0.3116883116883117
4,clab-nebula-serf13,20,50,109,50,59,0,0.45871559633027525,1.0,0.45871559633027525
4,clab-nebula-serf13,25,76,109,74,35,2,0.6788990825688074,0.9736842105263158,0.6666666666666666
4,clab-nebula-serf13,30,92,159,92,67,0,0.5786163522012578,1.0,0.5786163522012578
4,clab-nebula-serf13,35,110,159,110,49,0,0.6918238993710691,1.0,0.6918238993710691
4,clab-nebula-serf13,40,120,159,120,39,0,0.7547169811320755,1.0,0.7547169811320755
4,clab-nebula-serf13,45,124,159,124,35,0,0.779874213836478,1.0,0.779874213836478
4,clab-nebula-serf13,50,144,159,144,15,0,0.9056603773584906,1.0,0.9056603773584906
4,clab-nebula-serf13,55,154,159,154,5,0,0.9685534591194969,1.0,0.9685534591194969
4,clab-nebula-serf13,60,157,159,155,4,2,0.9748427672955975,0.9872611464968153,0.9627329192546584
4,clab-nebula-serf47,5,4,11,4,7,0,0.36363636363636365,1.0,0.36363636363636365
4,clab-nebula-serf47,10,12,62,12,50,0,0.1935483870967742,1.0,0.1935483870967742
4,clab-nebula-serf47,15,25,62,25,37,0,0.4032258064516129,1.0,0.4032258064516129
4,clab-nebula-serf47,20,51,62,50,12,1,0.8064516129032258,0.9803921568627451,0.7936507936507936
4,clab-nebula-serf47,25,82,109,80,29,2,0.7339449541284404,0.975609756097561,0.7207207207207207
4,clab-nebula-serf47,30,100,159,100,59,0,0.6289308176100629,1.0,0.6289308176100629
4,clab-nebula-serf47,35,120,159,120,39,0,0.7547169811320755,1.0,0.7547169811320755
4,clab-nebula-serf47,40,124,159,124,35,0,0.779874213836478,1.0,0.779874213836478
4,clab-nebula-serf47,45,126,159,126,33,0,0.7924528301886793,1.0,0.7924528301886793
4,clab-nebula-serf47,50,154,159,154,5,0,0.9685534591194969,1.0,0.9685534591194969
4,clab-nebula-serf47,55,154,159,154,5,0,0.9685534591194969,1.0,0.9685534591194969
4,clab-nebula-serf47,60,156,159,155,4,1,0.9748427672955975,0.9935897435897436,0.96875
4,clab-nebula-serf84,5,0,0,0,0,0,0.0,0.0,0.0
4,clab-nebula-serf84,10,0,0,0,0,0,0.0,0.0,0.0
4,clab-nebula-serf84,15,4,57,4,53,0,0.07017543859649122,1.0,0.07017543859649122
4,clab-nebula-serf84,20,18,135,18,117,0,0.13333333333333333,1.0,0.13333333333333333
4,clab-nebula-serf84,25,35,138,35,103,0,0.2536231884057971,1.0,0.2536231884057971
4,clab-nebula-serf84,30,57,134,57,77,0,0.4253731343283582,1.0,0.4253731343283582
4,clab-nebula-serf84,35,81,148,81,67,0,0.5472972972972973,1.0,0.5472972972972973
4,clab-nebula-serf84,40,110,148,108,40,2,0.7297297297297297,0.9818181818181818,0.72
4,clab-nebula-serf84,45,119,148,117,31,2,0.7905405405405406,0.9831932773109243,0.78
4,clab-nebula-serf84,50,128,148,124,24,4,0.8378378378378378,0.96875,0.8157894736842105
4,clab-nebula-serf84,55,142,148,135,13,7,0.9121621621621622,0.9507042253521126,0.8709677419354839
4,clab-nebula-serf84,60,154,148,141,7,13,0.9527027027027027,0.9155844155844156,0.8757763975155279
4,clab-nebula-serf92,5,0,0,0,0,0,0.0,0.0,0.0
4,clab-nebula-serf92,10,9,126,9,117,0,0.07142857142857142,1.0,0.07142857142857142
4,clab-nebula-serf92,15,30,159,30,129,0,0.18867924528301888,1.0,0.18867924528301888
4,clab-nebula-serf92,20,47,161,47,114,0,0.2919254658385093,1.0,0.2919254658385093
4,clab-nebula-serf92,25,77,159,77,82,0,0.48427672955974843,1.0,0.48427672955974843
4,clab-nebula-serf92,30,103,159,103,56,0,0.6477987421383647,1.0,0.6477987421383647
4,clab-nebula-serf92,35,118,159,118,41,0,0.7421383647798742,1.0,0.7421383647798742
4,clab-nebula-serf92,40,123,159,123,36,0,0.7735849056603774,1.0,0.7735849056603774
4,clab-nebula-serf92,45,137,159,137,22,0,0.8616352201257862,1.0,0.8616352201257862
4,clab-nebula-serf92,50,154,159,154,5,0,0.9685534591194969,1.0,0.9685534591194969
4,clab-nebula-serf92,55,154,159,154,5,0,0.9685534591194969,1.0,0.9685534591194969
4,clab-nebula-serf92,60,158,159,156,3,2,0.9811320754716981,0.9873417721518988,0.968944099378882
4,clab-nebula-serf106,5,0,0,0,0,0,0.0,0.0,0.0
4,clab-nebula-serf106,10,2,37,2,35,0,0.05405405405405406,1.0,0.05405405405405406
4,clab-nebula-serf106,15,4,37,4,33,0,0.10810810810810811,1.0,0.10810810810810811
4,clab-nebula-serf106,20,8,161,8,153,0,0.049689440993788817,1.0,0.049689440993788817
4,clab-nebula-serf106,25,27,161,27,134,0,0.16770186335403728,1.0,0.16770186335403728
4,clab-nebula-serf106,30,55,161,55,106,0,0.3416149068322981,1.0,0.3416149068322981
4,clab-nebula-serf106,35,86,161,86,75,0,0.5341614906832298,1.0,0.5341614906832298
4,clab-nebula-serf106,40,130,161,130,31,0,0.8074534161490683,1.0,0.8074534161490683
4,clab-nebula-serf106,45,145,150,134,16,11,0.8933333333333333,0.9241379310344827,0.8322981366459627
4,clab-nebula-serf106,50,153,150,142,8,11,0.9466666666666667,0.9281045751633987,0.8819875776397516
4,clab-nebula-serf106,55,155,150,144,6,11,0.96,0.9290322580645162,0.8944099378881988
4,clab-nebula-serf106,60,161,150,150,0,11,1.0,0.9316770186335404,0.9316770186335404
4,clab-nebula-serf108,5,0,0,0,0,0,0.0,0.0,0.0
4,clab-nebula-serf108,10,2,37,2,35,0,0.05405405405405406,1.0,0.05405405405405406
4,clab-nebula-serf108,15,7,161,7,154,0,0.043478260869565216,1.0,0.043478260869565216
4,clab-nebula-serf108,20,16,161,16,145,0,0.09937888198757763,1.0,0.09937888198757763
4,clab-nebula-serf108,25,46,161,46,115,0,0.2857142857142857,1.0,0.2857142857142857
4,clab-nebula-serf108,30,73,161,73,88,0,0.453416149068323,1.0,0.453416149068323
4,clab-nebula-serf108,35,122,148,111,37,11,0.75,0.9098360655737705,0.6981132075471698
4,clab-nebula-serf108,40,144,148,131,17,13,0.8851351351351351,0.9097222222222222,0.8136645962732919
4,clab-nebula-serf108,45,149,148,136,12,13,0.918918918918919,0.912751677852349,0.84472049689441
4,clab-nebula-serf108,50,155,148,142,6,13,0.9594594594594594,0.9161290322580645,0.8819875776397516
4,clab-nebula-serf108,55,158,148,145,3,13,0.9797297297297297,0.9177215189873418,0.9006211180124224
4,clab-nebula-serf108,60,161,148,148,0,13,1.0,0.9192546583850931,0.9192546583850931
4,clab-nebula-serf119,5,2,2,2,0,0,1.0,1.0,1.0
4,clab-nebula-serf119,10,2,2,2,0,0,1.0,1.0,1.0
4,clab-nebula-serf119,15,2,2,2,0,0,1.0,1.0,1.0
4,clab-nebula-serf119,20,2,2,2,0,0,1.0,1.0,1.0
4,clab-nebula-serf119,25,3,10,3,7,0,0.3,1.0,0.3
4,clab-nebula-serf119,30,3,10,3,7,0,0.3,1.0,0.3
4,clab-nebula-serf119,35,3,10,3,7,0,0.3,1.0,0.3
4,clab-nebula-serf119,40,4,70,4,66,0,0.05714285714285714,1.0,0.05714285714285714
4,clab-nebula-serf119,45,5,70,5,65,0,0.07142857142857142,1.0,0.07142857142857142
4,clab-nebula-serf119,50,17,150,15,135,2,0.1,0.8823529411764706,0.09868421052631579
4,clab-nebula-serf119,55,27,150,25,125,2,0.16666666666666666,0.9259259259259259,0.16447368421052633
4,clab-nebula-serf119,60,53,148,50,98,3,0.33783783783783783,0.9433962264150944,0.33112582781456956
4,clab-nebula-serf125,5,0,0,0,0,0,0.0,0.0,0.0
4,clab-nebula-serf125,10,3,36,3,33,0,0.08333333333333333,1.0,0.08333333333333333
4,clab-nebula-serf125,15,12,161,12,149,0,0.07453416149068323,1.0,0.07453416149068323
4,clab-nebula-serf125,20,45,161,45,116,0,0.2795031055900621,1.0,0.2795031055900621
4,clab-nebula-serf125,25,58,161,58,103,0,0.36024844720496896,1.0,0.36024844720496896
4,clab-nebula-serf125,30,84,161,84,77,0,0.5217391304347826,1.0,0.5217391304347826
4,clab-nebula-serf125,35,112,161,112,49,0,0.6956521739130435,1.0,0.6956521739130435
4,clab-nebula-serf125,40,137,161,137,24,0,0.8509316770186336,1.0,0.8509316770186336
4,clab-nebula-serf125,45,146,161,146,15,0,0.906832298136646,1.0,0.906832298136646
4,clab-nebula-serf125,50,155,150,144,6,11,0.96,0.9290322580645162,0.8944099378881988
4,clab-nebula-serf125,55,161,150,150,0,11,1.0,0.9316770186335404,0.9316770186335404
4,clab-nebula-serf125,60,161,150,150,0,11,1.0,0.9316770186335404,0.9316770186335404
4,clab-nebula-serf54,5,1,14,1,13,0,0.07142857142857142,1.0,0.07142857142857142
4,clab-nebula-serf54,10,11,49,11,38,0,0.22448979591836735,1.0,0.22448979591836735
4,clab-nebula-serf54,15,35,50,32,18,3,0.64,0.9142857142857143,0.6037735849056604
4,clab-nebula-serf54,20,66,109,66,43,0,0.6055045871559633,1.0,0.6055045871559633
4,clab-nebula-serf54,25,83,159,83,76,0,0.5220125786163522,1.0,0.5220125786163522
4,clab-nebula-serf54,30,99,159,99,60,0,0.6226415094339622,1.0,0.6226415094339622
4,clab-nebula-serf54,35,119,159,119,40,0,0.7484276729559748,1.0,0.7484276729559748
4,clab-nebula-serf54,40,122,159,122,37,0,0.7672955974842768,1.0,0.7672955974842768
4,clab-nebula-serf54,45,126,159,126,33,0,0.7924528301886793,1.0,0.7924528301886793
4,clab-nebula-serf54,50,153,159,153,6,0,0.9622641509433962,1.0,0.9622641509433962
4,clab-nebula-serf54,55,154,159,154,5,0,0.9685534591194969,1.0,0.9685534591194969
4,clab-nebula-serf54,60,157,159,155,4,2,0.9748427672955975,0.9872611464968153,0.9627329192546584
4,clab-nebula-serf57,5,4,46,4,42,0,0.08695652173913043,1.0,0.08695652173913043
4,clab-nebula-serf57,10,13,46,13,33,0,0.2826086956521739,1.0,0.2826086956521739
4,clab-nebula-serf57,15,57,109,57,52,0,0.5229357798165137,1.0,0.5229357798165137
4,clab-nebula-serf57,20,76,159,76,83,0,0.4779874213836478,1.0,0.4779874213836478
4,clab-nebula-serf57,25,90,161,90,71,0,0.5590062111801242,1.0,0.5590062111801242
4,clab-nebula-serf57,30,113,159,113,46,0,0.710691823899371,1.0,0.710691823899371
4,clab-nebula-serf57,35,121,159,121,38,0,0.7610062893081762,1.0,0.7610062893081762
4,clab-nebula-serf57,40,124,159,124,35,0,0.779874213836478,1.0,0.779874213836478
4,clab-nebula-serf57,45,144,159,144,15,0,0.9056603773584906,1.0,0.9056603773584906
4,clab-nebula-serf57,50,154,159,154,5,0,0.9685534591194969,1.0,0.9685534591194969
4,clab-nebula-serf57,55,155,159,154,5,1,0.9685534591194969,0.9935483870967742,0.9625
4,clab-nebula-serf57,60,158,159,156,3,2,0.9811320754716981,0.9873417721518988,0.968944099378882
4,clab-nebula-serf24,5,0,0,0,0,0,0.0,0.0,0.0
4,clab-nebula-serf24,10,2,12,2,10,0,0.16666666666666666,1.0,0.16666666666666666
4,clab-nebula-serf24,15,5,67,5,62,0,0.07462686567164178,1.0,0.07462686567164178
4,clab-nebula-serf24,20,17,159,17,142,0,0.1069182389937107,1.0,0.1069182389937107
4,clab-nebula-serf24,25,29,159,29,130,0,0.18238993710691823,1.0,0.18238993710691823
4,clab-nebula-serf24,30,48,159,48,111,0,0.3018867924528302,1.0,0.3018867924528302
4,clab-nebula-serf24,35,83,159,83,76,0,0.5220125786163522,1.0,0.5220125786163522
4,clab-nebula-serf24,40,93,159,93,66,0,0.5849056603773585,1.0,0.5849056603773585
4,clab-nebula-serf24,45,103,159,103,56,0,0.6477987421383647,1.0,0.6477987421383647
4,clab-nebula-serf24,50,120,159,120,39,0,0.7547169811320755,1.0,0.7547169811320755
4,clab-nebula-serf24,55,124,159,124,35,0,0.779874213836478,1.0,0.779874213836478
4,clab-nebula-serf24,60,129,159,129,30,0,0.8113207547169812,1.0,0.8113207547169812
4,clab-nebula-serf42,5,0,0,0,0,0,0.0,0.0,0.0
4,clab-nebula-serf42,10,0,0,0,0,0,0.0,0.0,0.0
4,clab-nebula-serf42,15,2,53,2,51,0,0.03773584905660377,1.0,0.03773584905660377
4,clab-nebula-serf42,20,15,159,15,144,0,0.09433962264150944,1.0,0.09433962264150944
4,clab-nebula-serf42,25,38,159,38,121,0,0.2389937106918239,1.0,0.2389937106918239
4,clab-nebula-serf42,30,71,159,71,88,0,0.44654088050314467,1.0,0.44654088050314467
4,clab-nebula-serf42,35,88,159,88,71,0,0.5534591194968553,1.0,0.5534591194968553
4,clab-nebula-serf42,40,101,159,101,58,0,0.6352201257861635,1.0,0.6352201257861635
4,clab-nebula-serf42,45,117,159,117,42,0,0.7358490566037735,1.0,0.7358490566037735
4,clab-nebula-serf42,50,123,159,123,36,0,0.7735849056603774,1.0,0.7735849056603774
4,clab-nebula-serf42,55,127,159,127,32,0,0.7987421383647799,1.0,0.7987421383647799
4,clab-nebula-serf42,60,153,159,153,6,0,0.9622641509433962,1.0,0.9622641509433962
4,clab-nebula-serf48,5,0,0,0,0,0,0.0,0.0,0.0
4,clab-nebula-serf48,10,5,66,5,61,0,0.07575757575757576,1.0,0.07575757575757576
4,clab-nebula-serf48,15,21,77,21,56,0,0.2727272727272727,1.0,0.2727272727272727
4,clab-nebula-serf48,20,37,67,37,30,0,0.5522388059701493,1.0,0.5522388059701493
4,clab-nebula-serf48,25,79,109,78,31,1,0.7155963302752294,0.9873417721518988,0.7090909090909091
4,clab-nebula-serf48,30,88,133,81,52,7,0.6090225563909775,0.9204545454545454,0.5785714285714286
4,clab-nebula-serf48,35,114,159,114,45,0,0.7169811320754716,1.0,0.7169811320754716
4,clab-nebula-serf48,40,121,159,121,38,0,0.7610062893081762,1.0,0.7610062893081762
4,clab-nebula-serf48,45,124,159,124,35,0,0.779874213836478,1.0,0.779874213836478
4,clab-nebula-serf48,50,141,159,141,18,0,0.8867924528301887,1.0,0.8867924528301887
4,clab-nebula-serf48,55,154,159,154,5,0,0.9685534591194969,1.0,0.9685534591194969
4,clab-nebula-serf48,60,155,159,155,4,0,0.9748427672955975,1.0,0.9748427672955975
4,clab-nebula-serf2,5,0,0,0,0,0,0.0,0.0,0.0
4,clab-nebula-serf2,10,1,45,1,44,0,0.022222222222222223,1.0,0.022222222222222223
4,clab-nebula-serf2,15,5,45,5,40,0,0.1111111111111111,1.0,0.1111111111111111
4,clab-nebula-serf2,20,10,45,10,35,0,0.2222222222222222,1.0,0.2222222222222222
4,clab-nebula-serf2,25,19,62,19,43,0,0.3064516129032258,1.0,0.3064516129032258
4,clab-nebula-serf2,30,32,62,30,32,2,0.4838709677419355,0.9375,0.46875
4,clab-nebula-serf2,35,67,109,65,44,2,0.5963302752293578,0.9701492537313433,0.5855855855855856
4,clab-nebula-serf2,40,84,159,84,75,0,0.5283018867924528,1.0,0.5283018867924528
4,clab-nebula-serf2,45,99,159,99,60,0,0.6226415094339622,1.0,0.6226415094339622
4,clab-nebula-serf2,50,114,159,114,45,0,0.7169811320754716,1.0,0.7169811320754716
4,clab-nebula-serf2,55,120,159,120,39,0,0.7547169811320755,1.0,0.7547169811320755
4,clab-nebula-serf2,60,124,159,124,35,0,0.779874213836478,1.0,0.779874213836478
4,clab-nebula-serf21,5,2,71,2,69,0,0.028169014084507043,1.0,0.028169014084507043
4,clab-nebula-serf21,10,4,71,4,67,0,0.056338028169014086,1.0,0.056338028169014086
4,clab-nebula-serf21,15,16,159,16,143,0,0.10062893081761007,1.0,0.10062893081761007
4,clab-nebula-serf21,20,32,71,32,39,0,0.4507042253521127,1.0,0.4507042253521127
4,clab-nebula-serf21,25,56,159,56,103,0,0.3522012578616352,1.0,0.3522012578616352
4,clab-nebula-serf21,30,84,159,84,75,0,0.5283018867924528,1.0,0.5283018867924528
4,clab-nebula-serf21,35,94,159,94,65,0,0.5911949685534591,1.0,0.5911949685534591
4,clab-nebula-serf21,40,107,159,107,52,0,0.6729559748427673,1.0,0.6729559748427673
4,clab-nebula-serf21,45,121,159,121,38,0,0.7610062893081762,1.0,0.7610062893081762
4,clab-nebula-serf21,50,124,159,124,35,0,0.779874213836478,1.0,0.779874213836478
4,clab-nebula-serf21,55,133,159,133,26,0,0.8364779874213837,1.0,0.8364779874213837
4,clab-nebula-serf21,60,154,159,154,5,0,0.9685534591194969,1.0,0.9685534591194969
4,clab-nebula-serf67,5,0,1,0,1,0,0.0,0.0,0.0
4,clab-nebula-serf67,10,5,109,5,104,0,0.045871559633027525,1.0,0.045871559633027525
4,clab-nebula-serf67,15,26,109,26,83,0,0.23853211009174313,1.0,0.23853211009174313
4,clab-nebula-serf67,20,41,159,41,118,0,0.2578616352201258,1.0,0.2578616352201258
4,clab-nebula-serf67,25,76,159,76,83,0,0.4779874213836478,1.0,0.4779874213836478
4,clab-nebula-serf67,30,98,159,98,61,0,0.6163522012578616,1.0,0.6163522012578616
4,clab-nebula-serf67,35,115,159,115,44,0,0.7232704402515723,1.0,0.7232704402515723
4,clab-nebula-serf67,40,122,159,122,37,0,0.7672955974842768,1.0,0.7672955974842768
4,clab-nebula-serf67,45,135,159,135,24,0,0.8490566037735849,1.0,0.8490566037735849
4,clab-nebula-serf67,50,154,159,154,5,0,0.9685534591194969,1.0,0.9685534591194969
4,clab-nebula-serf67,55,154,159,154,5,0,0.9685534591194969,1.0,0.9685534591194969
4,clab-nebula-serf67,60,158,159,156,3,2,0.9811320754716981,0.9873417721518988,0.968944099378882
4,clab-nebula-serf102,5,5,120,5,115,0,0.041666666666666664,1.0,0.041666666666666664
4,clab-nebula-serf102,10,7,120,7,113,0,0.058333333333333334,1.0,0.058333333333333334
4,clab-nebula-serf102,15,7,120,7,113,0,0.058333333333333334,1.0,0.058333333333333334
4,clab-nebula-serf102,20,10,146,10,136,0,0.0684931506849315,1.0,0.0684931506849315
4,clab-nebula-serf102,25,21,146,21,125,0,0.14383561643835616,1.0,0.14383561643835616
4,clab-nebula-serf102,30,40,135,37,98,3,0.2740740740740741,0.925,0.26811594202898553
4,clab-nebula-serf102,35,76,135,70,65,6,0.5185185185185185,0.9210526315789473,0.49645390070921985
4,clab-nebula-serf102,40,124,159,124,35,0,0.779874213836478,1.0,0.779874213836478
4,clab-nebula-serf102,45,144,159,144,15,0,0.9056603773584906,1.0,0.9056603773584906
4,clab-nebula-serf102,50,157,159,156,3,1,0.9811320754716981,0.9936305732484076,0.975
4,clab-nebula-serf102,55,160,159,158,1,2,0.9937106918238994,0.9875,0.9813664596273292
4,clab-nebula-serf102,60,161,159,159,0,2,1.0,0.9875776397515528,0.9875776397515528
4,clab-nebula-serf110,5,0,0,0,0,0,0.0,0.0,0.0
4,clab-nebula-serf110,10,0,0,0,0,0,0.0,0.0,0.0
4,clab-nebula-serf110,15,2,32,2,30,0,0.0625,1.0,0.0625
4,clab-nebula-serf110,20,7,159,7,152,0,0.0440251572327044,1.0,0.0440251572327044
4,clab-nebula-serf110,25,15,161,15,146,0,0.09316770186335403,1.0,0.09316770186335403
4,clab-nebula-serf110,30,37,161,37,124,0,0.22981366459627328,1.0,0.22981366459627328
4,clab-nebula-serf110,35,69,161,69,92,0,0.42857142857142855,1.0,0.42857142857142855
4,clab-nebula-serf110,40,107,161,107,54,0,0.6645962732919255,1.0,0.6645962732919255
4,clab-nebula-serf110,45,143,159,143,16,0,0.89937106918239,1.0,0.89937106918239
4,clab-nebula-serf110,50,148,160,148,12,0,0.925,1.0,0.925
4,clab-nebula-serf110,55,154,160,154,6,0,0.9625,1.0,0.9625
4,clab-nebula-serf110,60,157,160,156,4,1,0.975,0.9936305732484076,0.968944099378882
4,clab-nebula-serf132,5,0,0,0,0,0,0.0,0.0,0.0
4,clab-nebula-serf132,10,0,0,0,0,0,0.0,0.0,0.0
4,clab-nebula-serf132,15,11,37,11,26,0,0.2972972972972973,1.0,0.2972972972972973
4,clab-nebula-serf132,20,14,37,14,23,0,0.3783783783783784,1.0,0.3783783783783784
4,clab-nebula-serf132,25,23,161,23,138,0,0.14285714285714285,1.0,0.14285714285714285
4,clab-nebula-serf132,30,37,161,37,124,0,0.22981366459627328,1.0,0.22981366459627328
4,clab-nebula-serf132,35,48,161,48,113,0,0.2981366459627329,1.0,0.2981366459627329
4,clab-nebula-serf132,40,78,161,78,83,0,0.484472049689441,1.0,0.484472049689441
4,clab-nebula-serf132,45,104,161,104,57,0,0.6459627329192547,1.0,0.6459627329192547
4,clab-nebula-serf132,50,132,161,132,29,0,0.8198757763975155,1.0,0.8198757763975155
4,clab-nebula-serf132,55,144,161,144,17,0,0.8944099378881988,1.0,0.8944099378881988
4,clab-nebula-serf132,60,151,161,151,10,0,0.937888198757764,1.0,0.937888198757764
4,clab-nebula-serf134,5,0,0,0,0,0,0.0,0.0,0.0
4,clab-nebula-serf134,10,0,0,0,0,0,0.0,0.0,0.0
4,clab-nebula-serf134,15,1,8,1,7,0,0.125,1.0,0.125
4,clab-nebula-serf134,20,14,37,14,23,0,0.3783783783783784,1.0,0.3783783783783784
4,clab-nebula-serf134,25,16,37,16,21,0,0.43243243243243246,1.0,0.43243243243243246
4,clab-nebula-serf134,30,26,161,26,135,0,0.16149068322981366,1.0,0.16149068322981366
4,clab-nebula-serf134,35,43,161,43,118,0,0.2670807453416149,1.0,0.2670807453416149
4,clab-nebula-serf134,40,57,161,57,104,0,0.35403726708074534,1.0,0.35403726708074534
4,clab-nebula-serf134,45,91,161,91,70,0,0.5652173913043478,1.0,0.5652173913043478
4,clab-nebula-serf134,50,116,161,116,45,0,0.7204968944099379,1.0,0.7204968944099379
4,clab-nebula-serf134,55,137,161,137,24,0,0.8509316770186336,1.0,0.8509316770186336
4,clab-nebula-serf134,60,147,161,147,14,0,0.9130434782608695,1.0,0.9130434782608695
4,clab-nebula-serf137,5,0,0,0,0,0,0.0,0.0,0.0
4,clab-nebula-serf137,10,0,0,0,0,0,0.0,0.0,0.0
4,clab-nebula-serf137,15,2,10,2,8,0,0.2,1.0,0.2
4,clab-nebula-serf137,20,14,37,14,23,0,0.3783783783783784,1.0,0.3783783783783784
4,clab-nebula-serf137,25,20,37,20,17,0,0.5405405405405406,1.0,0.5405405405405406
4,clab-nebula-serf137,30,26,161,26,135,0,0.16149068322981366,1.0,0.16149068322981366
4,clab-nebula-serf137,35,44,161,44,117,0,0.2732919254658385,1.0,0.2732919254658385
4,clab-nebula-serf137,40,55,161,55,106,0,0.3416149068322981,1.0,0.3416149068322981
4,clab-nebula-serf137,45,90,161,90,71,0,0.5590062111801242,1.0,0.5590062111801242
4,clab-nebula-serf137,50,115,161,115,46,0,0.7142857142857143,1.0,0.7142857142857143
4,clab-nebula-serf137,55,137,161,137,24,0,0.8509316770186336,1.0,0.8509316770186336
4,clab-nebula-serf137,60,148,161,148,13,0,0.9192546583850931,1.0,0.9192546583850931
4,clab-nebula-serf10,5,1,48,1,47,0,0.020833333333333332,1.0,0.020833333333333332
4,clab-nebula-serf10,10,9,77,9,68,0,0.11688311688311688,1.0,0.11688311688311688
4,clab-nebula-serf10,15,20,77,20,57,0,0.2597402597402597,1.0,0.2597402597402597
4,clab-nebula-serf10,20,40,77,40,37,0,0.5194805194805194,1.0,0.5194805194805194
4,clab-nebula-serf10,25,71,109,71,38,0,0.6513761467889908,1.0,0.6513761467889908
4,clab-nebula-serf10,30,88,159,88,71,0,0.5534591194968553,1.0,0.5534591194968553
4,clab-nebula-serf10,35,103,159,103,56,0,0.6477987421383647,1.0,0.6477987421383647
4,clab-nebula-serf10,40,120,159,120,39,0,0.7547169811320755,1.0,0.7547169811320755
4,clab-nebula-serf10,45,121,159,121,38,0,0.7610062893081762,1.0,0.7610062893081762
4,clab-nebula-serf10,50,129,159,129,30,0,0.8113207547169812,1.0,0.8113207547169812
4,clab-nebula-serf10,55,153,159,153,6,0,0.9622641509433962,1.0,0.9622641509433962
4,clab-nebula-serf10,60,156,159,154,5,2,0.9685534591194969,0.9871794871794872,0.9565217391304348
4,clab-nebula-serf46,5,0,0,0,0,0,0.0,0.0,0.0
4,clab-nebula-serf46,10,3,68,3,65,0,0.04411764705882353,1.0,0.04411764705882353
4,clab-nebula-serf46,15,11,68,11,57,0,0.16176470588235295,1.0,0.16176470588235295
4,clab-nebula-serf46,20,26,68,26,42,0,0.38235294117647056,1.0,0.38235294117647056
4,clab-nebula-serf46,25,54,68,52,16,2,0.7647058823529411,0.9629629629629629,0.7428571428571429
4,clab-nebula-serf46,30,81,109,79,30,2,0.7247706422018348,0.9753086419753086,0.7117117117117117
4,clab-nebula-serf46,35,100,159,100,59,0,0.6289308176100629,1.0,0.6289308176100629
4,clab-nebula-serf46,40,121,159,121,38,0,0.7610062893081762,1.0,0.7610062893081762
4,clab-nebula-serf46,45,124,159,124,35,0,0.779874213836478,1.0,0.779874213836478
4,clab-nebula-serf46,50,127,159,127,32,0,0.7987421383647799,1.0,0.7987421383647799
4,clab-nebula-serf46,55,154,159,154,5,0,0.9685534591194969,1.0,0.9685534591194969
4,clab-nebula-serf46,60,154,159,154,5,0,0.9685534591194969,1.0,0.9685534591194969
4,clab-nebula-serf74,5,0,0,0,0,0,0.0,0.0,0.0
4,clab-nebula-serf74,10,9,109,9,100,0,0.08256880733944955,1.0,0.08256880733944955
4,clab-nebula-serf74,15,26,159,26,133,0,0.16352201257861634,1.0,0.16352201257861634
4,clab-nebula-serf74,20,45,161,45,116,0,0.2795031055900621,1.0,0.2795031055900621
4,clab-nebula-serf74,25,82,159,82,77,0,0.5157232704402516,1.0,0.5157232704402516
4,clab-nebula-serf74,30,106,159,106,53,0,0.6666666666666666,1.0,0.6666666666666666
4,clab-nebula-serf74,35,117,159,117,42,0,0.7358490566037735,1.0,0.7358490566037735
4,clab-nebula-serf74,40,124,159,124,35,0,0.779874213836478,1.0,0.779874213836478
4,clab-nebula-serf74,45,145,159,145,14,0,0.9119496855345912,1.0,0.9119496855345912
4,clab-nebula-serf74,50,154,159,154,5,0,0.9685534591194969,1.0,0.9685534591194969
4,clab-nebula-serf74,55,155,159,154,5,1,0.9685534591194969,0.9935483870967742,0.9625
4,clab-nebula-serf74,60,159,159,157,2,2,0.9874213836477987,0.9874213836477987,0.9751552795031055
4,clab-nebula-serf76,5,2,47,2,45,0,0.0425531914893617,1.0,0.0425531914893617
4,clab-nebula-serf76,10,25,159,25,134,0,0.15723270440251572,1.0,0.15723270440251572
4,clab-nebula-serf76,15,38,159,38,121,0,0.2389937106918239,1.0,0.2389937106918239
4,clab-nebula-serf76,20,68,159,68,91,0,0.4276729559748428,1.0,0.4276729559748428
4,clab-nebula-serf76,25,89,159,89,70,0,0.559748427672956,1.0,0.559748427672956
4,clab-nebula-serf76,30,111,159,111,48,0,0.6981132075471698,1.0,0.6981132075471698
4,clab-nebula-serf76,35,121,159,121,38,0,0.7610062893081762,1.0,0.7610062893081762
4,clab-nebula-serf76,40,129,159,129,30,0,0.8113207547169812,1.0,0.8113207547169812
4,clab-nebula-serf76,45,153,159,153,6,0,0.9622641509433962,1.0,0.9622641509433962
4,clab-nebula-serf76,50,154,159,154,5,0,0.9685534591194969,1.0,0.9685534591194969
4,clab-nebula-serf76,55,158,159,156,3,2,0.9811320754716981,0.9873417721518988,0.968944099378882
4,clab-nebula-serf76,60,161,159,159,0,2,1.0,0.9875776397515528,0.9875776397515528
4,clab-nebula-serf149,5,0,0,0,0,0,0.0,0.0,0.0
4,clab-nebula-serf149,10,0,0,0,0,0,0.0,0.0,0.0
4,clab-nebula-serf149,15,1,11,1,10,0,0.09090909090909091,1.0,0.09090909090909091
4,clab-nebula-serf149,20,11,137,11,126,0,0.08029197080291971,1.0,0.08029197080291971
4,clab-nebula-serf149,25,17,137,17,120,0,0.12408759124087591,1.0,0.12408759124087591
4,clab-nebula-serf149,30,25,140,22,118,3,0.15714285714285714,0.88,0.15384615384615385
4,clab-nebula-serf149,35,48,140,41,99,7,0.29285714285714287,0.8541666666666666,0.2789115646258503
4,clab-nebula-serf149,40,60,161,60,101,0,0.37267080745341613,1.0,0.37267080745341613
4,clab-nebula-serf149,45,89,128,70,58,19,0.546875,0.7865168539325843,0.47619047619047616
4,clab-nebula-serf149,50,124,128,104,24,20,0.8125,0.8387096774193549,0.7027027027027027
4,clab-nebula-serf149,55,143,161,143,18,0,0.8881987577639752,1.0,0.8881987577639752
4,clab-nebula-serf149,60,152,159,150,9,2,0.9433962264150944,0.9868421052631579,0.9316770186335404
4,clab-nebula-serf20,5,2,68,2,66,0,0.029411764705882353,1.0,0.029411764705882353
4,clab-nebula-serf20,10,4,159,4,155,0,0.025157232704402517,1.0,0.025157232704402517
4,clab-nebula-serf20,15,15,159,15,144,0,0.09433962264150944,1.0,0.09433962264150944
4,clab-nebula-serf20,20,26,159,26,133,0,0.16352201257861634,1.0,0.16352201257861634
4,clab-nebula-serf20,25,46,159,46,113,0,0.2893081761006289,1.0,0.2893081761006289
4,clab-nebula-serf20,30,80,159,80,79,0,0.5031446540880503,1.0,0.5031446540880503
4,clab-nebula-serf20,35,93,159,93,66,0,0.5849056603773585,1.0,0.5849056603773585
4,clab-nebula-serf20,40,102,159,102,57,0,0.6415094339622641,1.0,0.6415094339622641
4,clab-nebula-serf20,45,118,159,118,41,0,0.7421383647798742,1.0,0.7421383647798742
4,clab-nebula-serf20,50,124,159,124,35,0,0.779874213836478,1.0,0.779874213836478
4,clab-nebula-serf20,55,129,159,129,30,0,0.8113207547169812,1.0,0.8113207547169812
4,clab-nebula-serf20,60,154,159,154,5,0,0.9685534591194969,1.0,0.9685534591194969
4,clab-nebula-serf22,5,0,0,0,0,0,0.0,0.0,0.0
4,clab-nebula-serf22,10,4,71,4,67,0,0.056338028169014086,1.0,0.056338028169014086
4,clab-nebula-serf22,15,10,71,10,61,0,0.14084507042253522,1.0,0.14084507042253522
4,clab-nebula-serf22,20,23,159,23,136,0,0.14465408805031446,1.0,0.14465408805031446
4,clab-nebula-serf22,25,41,159,41,118,0,0.2578616352201258,1.0,0.2578616352201258
4,clab-nebula-serf22,30,76,159,76,83,0,0.4779874213836478,1.0,0.4779874213836478
4,clab-nebula-serf22,35,93,159,93,66,0,0.5849056603773585,1.0,0.5849056603773585
4,clab-nebula-serf22,40,98,159,98,61,0,0.6163522012578616,1.0,0.6163522012578616
4,clab-nebula-serf22,45,117,159,117,42,0,0.7358490566037735,1.0,0.7358490566037735
4,clab-nebula-serf22,50,122,159,122,37,0,0.7672955974842768,1.0,0.7672955974842768
4,clab-nebula-serf22,55,125,159,125,34,0,0.7861635220125787,1.0,0.7861635220125787
4,clab-nebula-serf22,60,153,159,153,6,0,0.9622641509433962,1.0,0.9622641509433962
4,clab-nebula-serf160,5,4,4,4,0,0,1.0,1.0,1.0
4,clab-nebula-serf160,10,4,4,4,0,0,1.0,1.0,1.0
4,clab-nebula-serf160,15,5,11,4,7,1,0.36363636363636365,0.8,0.3333333333333333
4,clab-nebula-serf160,20,10,161,10,151,0,0.062111801242236024,1.0,0.062111801242236024
4,clab-nebula-serf160,25,25,161,25,136,0,0.15527950310559005,1.0,0.15527950310559005
4,clab-nebula-serf160,30,37,161,37,124,0,0.22981366459627328,1.0,0.22981366459627328
4,clab-nebula-serf160,35,43,161,43,118,0,0.2670807453416149,1.0,0.2670807453416149
4,clab-nebula-serf160,40,58,161,58,103,0,0.36024844720496896,1.0,0.36024844720496896
4,clab-nebula-serf160,45,82,161,82,79,0,0.5093167701863354,1.0,0.5093167701863354
4,clab-nebula-serf160,50,118,161,118,43,0,0.7329192546583851,1.0,0.7329192546583851
4,clab-nebula-serf160,55,139,161,139,22,0,0.8633540372670807,1.0,0.8633540372670807
4,clab-nebula-serf160,60,149,161,149,12,0,0.9254658385093167,1.0,0.9254658385093167
4,clab-nebula-serf31,5,1,1,1,0,0,1.0,1.0,1.0
4,clab-nebula-serf31,10,13,159,13,146,0,0.08176100628930817,1.0,0.08176100628930817
4,clab-nebula-serf31,15,28,159,28,131,0,0.1761006289308176,1.0,0.1761006289308176
4,clab-nebula-serf31,20,45,159,45,114,0,0.2830188679245283,1.0,0.2830188679245283
4,clab-nebula-serf31,25,80,159,80,79,0,0.5031446540880503,1.0,0.5031446540880503
4,clab-nebula-serf31,30,93,159,93,66,0,0.5849056603773585,1.0,0.5849056603773585
4,clab-nebula-serf31,35,102,159,102,57,0,0.6415094339622641,1.0,0.6415094339622641
4,clab-nebula-serf31,40,119,159,119,40,0,0.7484276729559748,1.0,0.7484276729559748
4,clab-nebula-serf31,45,124,159,124,35,0,0.779874213836478,1.0,0.779874213836478
4,clab-nebula-serf31,50,129,159,129,30,0,0.8113207547169812,1.0,0.8113207547169812
4,clab-nebula-serf31,55,154,159,154,5,0,0.9685534591194969,1.0,0.9685534591194969
4,clab-nebula-serf31,60,154,159,154,5,0,0.9685534591194969,1.0,0.9685534591194969
4,clab-nebula-serf93,5,3,8,3,5,0,0.375,1.0,0.375
4,clab-nebula-serf93,10,16,159,16,143,0,0.10062893081761007,1.0,0.10062893081761007
4,clab-nebula-serf93,15,37,159,37,122,0,0.23270440251572327,1.0,0.23270440251572327
4,clab-nebula-serf93,20,59,159,59,100,0,0.3710691823899371,1.0,0.3710691823899371
4,clab-nebula-serf93,25,83,159,83,76,0,0.5220125786163522,1.0,0.5220125786163522
4,clab-nebula-serf93,30,110,159,110,49,0,0.6918238993710691,1.0,0.6918238993710691
4,clab-nebula-serf93,35,119,159,119,40,0,0.7484276729559748,1.0,0.7484276729559748
4,clab-nebula-serf93,40,125,159,125,34,0,0.7861635220125787,1.0,0.7861635220125787
4,clab-nebula-serf93,45,142,159,142,17,0,0.8930817610062893,1.0,0.8930817610062893
4,clab-nebula-serf93,50,154,159,154,5,0,0.9685534591194969,1.0,0.9685534591194969
4,clab-nebula-serf93,55,156,159,155,4,1,0.9748427672955975,0.9935897435897436,0.96875
4,clab-nebula-serf93,60,161,159,159,0,2,1.0,0.9875776397515528,0.9875776397515528
4,clab-nebula-serf122,5,0,0,0,0,0,0.0,0.0,0.0
4,clab-nebula-serf122,10,0,0,0,0,0,0.0,0.0,0.0
4,clab-nebula-serf122,15,8,161,8,153,0,0.049689440993788817,1.0,0.049689440993788817
4,clab-nebula-serf122,20,15,161,15,146,0,0.09316770186335403,1.0,0.09316770186335403
4,clab-nebula-serf122,25,22,161,22,139,0,0.13664596273291926,1.0,0.13664596273291926
4,clab-nebula-serf122,30,61,161,61,100,0,0.37888198757763975,1.0,0.37888198757763975
4,clab-nebula-serf122,35,106,161,106,55,0,0.6583850931677019,1.0,0.6583850931677019
4,clab-nebula-serf122,40,133,161,133,28,0,0.8260869565217391,1.0,0.8260869565217391
4,clab-nebula-serf122,45,144,161,144,17,0,0.8944099378881988,1.0,0.8944099378881988
4,clab-nebula-serf122,50,154,161,154,7,0,0.9565217391304348,1.0,0.9565217391304348
4,clab-nebula-serf122,55,161,161,161,0,0,1.0,1.0,1.0
4,clab-nebula-serf122,60,161,161,161,0,0,1.0,1.0,1.0
4,clab-nebula-serf38,5,0,0,0,0,0,0.0,0.0,0.0
4,clab-nebula-serf38,10,4,67,4,63,0,0.05970149253731343,1.0,0.05970149253731343
4,clab-nebula-serf38,15,24,159,24,135,0,0.1509433962264151,1.0,0.1509433962264151
4,clab-nebula-serf38,20,56,159,56,103,0,0.3522012578616352,1.0,0.3522012578616352
4,clab-nebula-serf38,25,82,159,82,77,0,0.5157232704402516,1.0,0.5157232704402516
4,clab-nebula-serf38,30,92,159,92,67,0,0.5786163522012578,1.0,0.5786163522012578
4,clab-nebula-serf38,35,107,159,107,52,0,0.6729559748427673,1.0,0.6729559748427673
4,clab-nebula-serf38,40,121,159,121,38,0,0.7610062893081762,1.0,0.7610062893081762
4,clab-nebula-serf38,45,124,159,124,35,0,0.779874213836478,1.0,0.779874213836478
4,clab-nebula-serf38,50,133,159,133,26,0,0.8364779874213837,1.0,0.8364779874213837
4,clab-nebula-serf38,55,154,159,154,5,0,0.9685534591194969,1.0,0.9685534591194969
4,clab-nebula-serf38,60,154,159,154,5,0,0.9685534591194969,1.0,0.9685534591194969
4,clab-nebula-serf55,5,0,0,0,0,0,0.0,0.0,0.0
4,clab-nebula-serf55,10,9,49,9,40,0,0.1836734693877551,1.0,0.1836734693877551
4,clab-nebula-serf55,15,23,67,23,44,0,0.34328358208955223,1.0,0.34328358208955223
4,clab-nebula-serf55,20,64,109,64,45,0,0.5871559633027523,1.0,0.5871559633027523
4,clab-nebula-serf55,25,83,159,83,76,0,0.5220125786163522,1.0,0.5220125786163522
4,clab-nebula-serf55,30,96,159,96,63,0,0.6037735849056604,1.0,0.6037735849056604
4,clab-nebula-serf55,35,119,159,119,40,0,0.7484276729559748,1.0,0.7484276729559748
4,clab-nebula-serf55,40,121,159,121,38,0,0.7610062893081762,1.0,0.7610062893081762
4,clab-nebula-serf55,45,126,159,126,33,0,0.7924528301886793,1.0,0.7924528301886793
4,clab-nebula-serf55,50,153,159,153,6,0,0.9622641509433962,1.0,0.9622641509433962
4,clab-nebula-serf55,55,154,159,154,5,0,0.9685534591194969,1.0,0.9685534591194969
4,clab-nebula-serf55,60,157,159,155,4,2,0.9748427672955975,0.9872611464968153,0.9627329192546584
4,clab-nebula-serf79,5,6,48,6,42,0,0.125,1.0,0.125
4,clab-nebula-serf79,10,26,159,26,133,0,0.16352201257861634,1.0,0.16352201257861634
4,clab-nebula-serf79,15,41,159,41,118,0,0.2578616352201258,1.0,0.2578616352201258
4,clab-nebula-serf79,20,76,159,76,83,0,0.4779874213836478,1.0,0.4779874213836478
4,clab-nebula-serf79,25,96,159,96,63,0,0.6037735849056604,1.0,0.6037735849056604
4,clab-nebula-serf79,30,116,159,116,43,0,0.7295597484276729,1.0,0.7295597484276729
4,clab-nebula-serf79,35,121,159,121,38,0,0.7610062893081762,1.0,0.7610062893081762
4,clab-nebula-serf79,40,135,159,135,24,0,0.8490566037735849,1.0,0.8490566037735849
4,clab-nebula-serf79,45,153,159,153,6,0,0.9622641509433962,1.0,0.9622641509433962
4,clab-nebula-serf79,50,154,159,154,5,0,0.9685534591194969,1.0,0.9685534591194969
4,clab-nebula-serf79,55,158,159,156,3,2,0.9811320754716981,0.9873417721518988,0.968944099378882
4,clab-nebula-serf79,60,161,159,159,0,2,1.0,0.9875776397515528,0.9875776397515528
4,clab-nebula-serf113,5,1,1,1,0,0,1.0,1.0,1.0
4,clab-nebula-serf113,10,1,1,1,0,0,1.0,1.0,1.0
4,clab-nebula-serf113,15,3,161,3,158,0,0.018633540372670808,1.0,0.018633540372670808
4,clab-nebula-serf113,20,19,161,19,142,0,0.11801242236024845,1.0,0.11801242236024845
4,clab-nebula-serf113,25,28,159,28,131,0,0.1761006289308176,1.0,0.1761006289308176
4,clab-nebula-serf113,30,65,159,65,94,0,0.4088050314465409,1.0,0.4088050314465409
4,clab-nebula-serf113,35,105,159,105,54,0,0.660377358490566,1.0,0.660377358490566
4,clab-nebula-serf113,40,139,159,138,21,1,0.8679245283018868,0.9928057553956835,0.8625
4,clab-nebula-serf113,45,156,159,154,5,2,0.9685534591194969,0.9871794871794872,0.9565217391304348
4,clab-nebula-serf113,50,159,159,157,2,2,0.9874213836477987,0.9874213836477987,0.9751552795031055
4,clab-nebula-serf113,55,161,159,159,0,2,1.0,0.9875776397515528,0.9875776397515528
4,clab-nebula-serf113,60,161,159,159,0,2,1.0,0.9875776397515528,0.9875776397515528
4,clab-nebula-serf120,5,2,2,2,0,0,1.0,1.0,1.0
4,clab-nebula-serf120,10,2,2,2,0,0,1.0,1.0,1.0
4,clab-nebula-serf120,15,2,2,2,0,0,1.0,1.0,1.0
4,clab-nebula-serf120,20,2,2,2,0,0,1.0,1.0,1.0
4,clab-nebula-serf120,25,2,2,2,0,0,1.0,1.0,1.0
4,clab-nebula-serf120,30,3,10,3,7,0,0.3,1.0,0.3
4,clab-nebula-serf120,35,3,10,3,7,0,0.3,1.0,0.3
4,clab-nebula-serf120,40,3,10,3,7,0,0.3,1.0,0.3
4,clab-nebula-serf120,45,5,70,5,65,0,0.07142857142857142,1.0,0.07142857142857142
4,clab-nebula-serf120,50,14,150,13,137,1,0.08666666666666667,0.9285714285714286,0.08609271523178808
4,clab-nebula-serf120,55,24,150,22,128,2,0.14666666666666667,0.9166666666666666,0.14473684210526316
4,clab-nebula-serf120,60,48,148,45,103,3,0.30405405405405406,0.9375,0.2980132450331126
4,clab-nebula-serf128,5,0,0,0,0,0,0.0,0.0,0.0
4,clab-nebula-serf128,10,2,37,2,35,0,0.05405405405405406,1.0,0.05405405405405406
4,clab-nebula-serf128,15,6,37,6,31,0,0.16216216216216217,1.0,0.16216216216216217
4,clab-nebula-serf128,20,20,161,20,141,0,0.12422360248447205,1.0,0.12422360248447205
4,clab-nebula-serf128,25,48,161,48,113,0,0.2981366459627329,1.0,0.2981366459627329
4,clab-nebula-serf128,30,73,161,73,88,0,0.453416149068323,1.0,0.453416149068323
4,clab-nebula-serf128,35,111,161,111,50,0,0.6894409937888198,1.0,0.6894409937888198
4,clab-nebula-serf128,40,145,150,134,16,11,0.8933333333333333,0.9241379310344827,0.8322981366459627
4,clab-nebula-serf128,45,150,150,139,11,11,0.9266666666666666,0.9266666666666666,0.8633540372670807
4,clab-nebula-serf128,50,155,150,144,6,11,0.96,0.9290322580645162,0.8944099378881988
4,clab-nebula-serf128,55,159,150,148,2,11,0.9866666666666667,0.9308176100628931,0.9192546583850931
4,clab-nebula-serf128,60,161,150,150,0,11,1.0,0.9316770186335404,0.9316770186335404
4,clab-nebula-serf8,5,0,0,0,0,0,0.0,0.0,0.0
4,clab-nebula-serf8,10,5,45,5,40,0,0.1111111111111111,1.0,0.1111111111111111
4,clab-nebula-serf8,15,13,45,13,32,0,0.28888888888888886,1.0,0.28888888888888886
4,clab-nebula-serf8,20,23,62,22,40,1,0.3548387096774194,0.9565217391304348,0.3492063492063492
4,clab-nebula-serf8,25,44,109,44,65,0,0.4036697247706422,1.0,0.4036697247706422
4,clab-nebula-serf8,30,76,109,73,36,3,0.6697247706422018,0.9605263157894737,0.6517857142857143
4,clab-nebula-serf8,35,89,159,89,70,0,0.559748427672956,1.0,0.559748427672956
4,clab-nebula-serf8,40,105,159,105,54,0,0.660377358490566,1.0,0.660377358490566
4,clab-nebula-serf8,45,120,159,120,39,0,0.7547169811320755,1.0,0.7547169811320755
4,clab-nebula-serf8,50,122,159,122,37,0,0.7672955974842768,1.0,0.7672955974842768
4,clab-nebula-serf8,55,130,159,130,29,0,0.8176100628930818,1.0,0.8176100628930818
4,clab-nebula-serf8,60,153,159,153,6,0,0.9622641509433962,1.0,0.9622641509433962
4,clab-nebula-serf27,5,0,0,0,0,0,0.0,0.0,0.0
4,clab-nebula-serf27,10,3,158,2,156,1,0.012658227848101266,0.6666666666666666,0.012578616352201259
4,clab-nebula-serf27,15,7,159,7,152,0,0.0440251572327044,1.0,0.0440251572327044
4,clab-nebula-serf27,20,13,159,13,146,0,0.08176100628930817,1.0,0.08176100628930817
4,clab-nebula-serf27,25,24,159,24,135,0,0.1509433962264151,1.0,0.1509433962264151
4,clab-nebula-serf27,30,38,159,38,121,0,0.2389937106918239,1.0,0.2389937106918239
4,clab-nebula-serf27,35,75,159,75,84,0,0.4716981132075472,1.0,0.4716981132075472
4,clab-nebula-serf27,40,92,159,92,67,0,0.5786163522012578,1.0,0.5786163522012578
4,clab-nebula-serf27,45,98,159,98,61,0,0.6163522012578616,1.0,0.6163522012578616
4,clab-nebula-serf27,50,117,159,117,42,0,0.7358490566037735,1.0,0.7358490566037735
4,clab-nebula-serf27,55,122,159,122,37,0,0.7672955974842768,1.0,0.7672955974842768
4,clab-nebula-serf27,60,125,159,125,34,0,0.7861635220125787,1.0,0.7861635220125787
4,clab-nebula-serf78,5,0,1,0,1,0,0.0,0.0,0.0
4,clab-nebula-serf78,10,9,47,9,38,0,0.19148936170212766,1.0,0.19148936170212766
4,clab-nebula-serf78,15,27,159,27,132,0,0.16981132075471697,1.0,0.16981132075471697
4,clab-nebula-serf78,20,48,161,48,113,0,0.2981366459627329,1.0,0.2981366459627329
4,clab-nebula-serf78,25,80,159,80,79,0,0.5031446540880503,1.0,0.5031446540880503
4,clab-nebula-serf78,30,102,159,102,57,0,0.6415094339622641,1.0,0.6415094339622641
4,clab-nebula-serf78,35,118,159,118,41,0,0.7421383647798742,1.0,0.7421383647798742
4,clab-nebula-serf78,40,123,159,123,36,0,0.7735849056603774,1.0,0.7735849056603774
4,clab-nebula-serf78,45,140,159,140,19,0,0.8805031446540881,1.0,0.8805031446540881
4,clab-nebula-serf78,50,154,159,154,5,0,0.9685534591194969,1.0,0.9685534591194969
4,clab-nebula-serf78,55,155,159,154,5,1,0.9685534591194969,0.9935483870967742,0.9625
4,clab-nebula-serf78,60,158,159,156,3,2,0.9811320754716981,0.9873417721518988,0.968944099378882
4,clab-nebula-serf104,5,1,14,1,13,0,0.07142857142857142,1.0,0.07142857142857142
4,clab-nebula-serf104,10,3,161,3,158,0,0.018633540372670808,1.0,0.018633540372670808
4,clab-nebula-serf104,15,8,161,8,153,0,0.049689440993788817,1.0,0.049689440993788817
4,clab-nebula-serf104,20,25,161,25,136,0,0.15527950310559005,1.0,0.15527950310559005
4,clab-nebula-serf104,25,54,161,54,107,0,0.33540372670807456,1.0,0.33540372670807456
4,clab-nebula-serf104,30,87,161,87,74,0,0.5403726708074534,1.0,0.5403726708074534
4,clab-nebula-serf104,35,130,149,118,31,12,0.7919463087248322,0.9076923076923077,0.7329192546583851
4,clab-nebula-serf104,40,145,150,134,16,11,0.8933333333333333,0.9241379310344827,0.8322981366459627
4,clab-nebula-serf104,45,153,150,142,8,11,0.9466666666666667,0.9281045751633987,0.8819875776397516
4,clab-nebula-serf104,50,155,150,144,6,11,0.96,0.9290322580645162,0.8944099378881988
4,clab-nebula-serf104,55,159,150,148,2,11,0.9866666666666667,0.9308176100628931,0.9192546583850931
4,clab-nebula-serf104,60,161,150,150,0,11,1.0,0.9316770186335404,0.9316770186335404
4,clab-nebula-serf133,5,0,1,0,1,0,0.0,0.0,0.0
4,clab-nebula-serf133,10,0,1,0,1,0,0.0,0.0,0.0
4,clab-nebula-serf133,15,1,14,1,13,0,0.07142857142857142,1.0,0.07142857142857142
4,clab-nebula-serf133,20,14,37,14,23,0,0.3783783783783784,1.0,0.3783783783783784
4,clab-nebula-serf133,25,16,37,16,21,0,0.43243243243243246,1.0,0.43243243243243246
4,clab-nebula-serf133,30,26,161,26,135,0,0.16149068322981366,1.0,0.16149068322981366
4,clab-nebula-serf133,35,44,161,44,117,0,0.2732919254658385,1.0,0.2732919254658385
4,clab-nebula-serf133,40,59,161,59,102,0,0.36645962732919257,1.0,0.36645962732919257
4,clab-nebula-serf133,45,92,161,92,69,0,0.5714285714285714,1.0,0.5714285714285714
4,clab-nebula-serf133,50,117,161,117,44,0,0.7267080745341615,1.0,0.7267080745341615
4,clab-nebula-serf133,55,137,161,137,24,0,0.8509316770186336,1.0,0.8509316770186336
4,clab-nebula-serf133,60,149,161,149,12,0,0.9254658385093167,1.0,0.9254658385093167
4,clab-nebula-serf64,5,0,0,0,0,0,0.0,0.0,0.0
4,clab-nebula-serf64,10,0,0,0,0,0,0.0,0.0,0.0
4,clab-nebula-serf64,15,0,0,0,0,0,0.0,0.0,0.0
4,clab-nebula-serf64,20,7,109,7,102,0,0.06422018348623854,1.0,0.06422018348623854
4,clab-nebula-serf64,25,46,133,45,88,1,0.3383458646616541,0.9782608695652174,0.3358208955223881
4,clab-nebula-serf64,30,69,161,69,92,0,0.42857142857142855,1.0,0.42857142857142855
4,clab-nebula-serf64,35,100,161,100,61,0,0.6211180124223602,1.0,0.6211180124223602
4,clab-nebula-serf64,40,116,161,116,45,0,0.7204968944099379,1.0,0.7204968944099379
4,clab-nebula-serf64,45,123,159,123,36,0,0.7735849056603774,1.0,0.7735849056603774
4,clab-nebula-serf64,50,128,159,128,31,0,0.8050314465408805,1.0,0.8050314465408805
4,clab-nebula-serf64,55,154,159,154,5,0,0.9685534591194969,1.0,0.9685534591194969
4,clab-nebula-serf64,60,154,159,154,5,0,0.9685534591194969,1.0,0.9685534591194969
4,clab-nebula-serf73,5,4,30,4,26,0,0.13333333333333333,1.0,0.13333333333333333
4,clab-nebula-serf73,10,25,159,25,134,0,0.15723270440251572,1.0,0.15723270440251572
4,clab-nebula-serf73,15,39,159,39,120,0,0.24528301886792453,1.0,0.24528301886792453
4,clab-nebula-serf73,20,69,159,69,90,0,0.4339622641509434,1.0,0.4339622641509434
4,clab-nebula-serf73,25,89,159,89,70,0,0.559748427672956,1.0,0.559748427672956
4,clab-nebula-serf73,30,113,159,113,46,0,0.710691823899371,1.0,0.710691823899371
4,clab-nebula-serf73,35,121,159,121,38,0,0.7610062893081762,1.0,0.7610062893081762
4,clab-nebula-serf73,40,130,159,130,29,0,0.8176100628930818,1.0,0.8176100628930818
4,clab-nebula-serf73,45,151,159,151,8,0,0.949685534591195,1.0,0.949685534591195
4,clab-nebula-serf73,50,154,159,154,5,0,0.9685534591194969,1.0,0.9685534591194969
4,clab-nebula-serf73,55,158,159,156,3,2,0.9811320754716981,0.9873417721518988,0.968944099378882
4,clab-nebula-serf73,60,161,159,159,0,2,1.0,0.9875776397515528,0.9875776397515528
4,clab-nebula-serf118,5,2,1,1,0,1,1.0,0.5,0.5
4,clab-nebula-serf118,10,2,1,1,0,1,1.0,0.5,0.5
4,clab-nebula-serf118,15,2,1,1,0,1,1.0,0.5,0.5
4,clab-nebula-serf118,20,2,1,1,0,1,1.0,0.5,0.5
4,clab-nebula-serf118,25,2,1,1,0,1,1.0,0.5,0.5
4,clab-nebula-serf118,30,3,10,3,7,0,0.3,1.0,0.3
4,clab-nebula-serf118,35,3,10,3,7,0,0.3,1.0,0.3
4,clab-nebula-serf118,40,3,10,3,7,0,0.3,1.0,0.3
4,clab-nebula-serf118,45,5,70,5,65,0,0.07142857142857142,1.0,0.07142857142857142
4,clab-nebula-serf118,50,15,150,14,136,1,0.09333333333333334,0.9333333333333333,0.09271523178807947
4,clab-nebula-serf118,55,25,150,23,127,2,0.15333333333333332,0.92,0.1513157894736842
4,clab-nebula-serf118,60,48,148,45,103,3,0.30405405405405406,0.9375,0.2980132450331126
4,clab-nebula-serf5,5,0,0,0,0,0,0.0,0.0,0.0
4,clab-nebula-serf5,10,3,8,3,5,0,0.375,1.0,0.375
4,clab-nebula-serf5,15,7,45,7,38,0,0.15555555555555556,1.0,0.15555555555555556
4,clab-nebula-serf5,20,14,45,14,31,0,0.3111111111111111,1.0,0.3111111111111111
4,clab-nebula-serf5,25,19,45,18,27,1,0.4,0.9473684210526315,0.391304347826087
4,clab-nebula-serf5,30,46,109,44,65,2,0.4036697247706422,0.9565217391304348,0.3963963963963964
4,clab-nebula-serf5,35,80,159,80,79,0,0.5031446540880503,1.0,0.5031446540880503
4,clab-nebula-serf5,40,92,159,92,67,0,0.5786163522012578,1.0,0.5786163522012578
4,clab-nebula-serf5,45,108,159,108,51,0,0.6792452830188679,1.0,0.6792452830188679
4,clab-nebula-serf5,50,118,159,118,41,0,0.7421383647798742,1.0,0.7421383647798742
4,clab-nebula-serf5,55,121,159,121,38,0,0.7610062893081762,1.0,0.7610062893081762
4,clab-nebula-serf5,60,143,159,143,16,0,0.89937106918239,1.0,0.89937106918239
4,clab-nebula-serf87,5,3,3,3,0,0,1.0,1.0,1.0
4,clab-nebula-serf87,10,3,3,3,0,0,1.0,1.0,1.0
4,clab-nebula-serf87,15,11,53,7,46,4,0.1320754716981132,0.6363636363636364,0.12280701754385964
4,clab-nebula-serf87,20,24,119,21,98,3,0.17647058823529413,0.875,0.1721311475409836
4,clab-nebula-serf87,25,49,119,41,78,8,0.3445378151260504,0.8367346938775511,0.3228346456692913
4,clab-nebula-serf87,30,80,139,73,66,7,0.5251798561151079,0.9125,0.5
4,clab-nebula-serf87,35,108,148,106,42,2,0.7162162162162162,0.9814814814814815,0.7066666666666667
4,clab-nebula-serf87,40,120,148,118,30,2,0.7972972972972973,0.9833333333333333,0.7866666666666666
4,clab-nebula-serf87,45,132,148,130,18,2,0.8783783783783784,0.9848484848484849,0.8666666666666667
4,clab-nebula-serf87,50,145,148,140,8,5,0.9459459459459459,0.9655172413793104,0.9150326797385621
4,clab-nebula-serf87,55,155,148,142,6,13,0.9594594594594594,0.9161290322580645,0.8819875776397516
4,clab-nebula-serf87,60,158,148,145,3,13,0.9797297297297297,0.9177215189873418,0.9006211180124224
4,clab-nebula-serf88,5,3,3,3,0,0,1.0,1.0,1.0
4,clab-nebula-serf88,10,3,3,3,0,0,1.0,1.0,1.0
4,clab-nebula-serf88,15,8,53,5,48,3,0.09433962264150944,0.625,0.08928571428571429
4,clab-nebula-serf88,20,19,122,17,105,2,0.13934426229508196,0.8947368421052632,0.13709677419354838
4,clab-nebula-serf88,25,42,148,42,106,0,0.28378378378378377,1.0,0.28378378378378377
4,clab-nebula-serf88,30,72,141,67,74,5,0.475177304964539,0.9305555555555556,0.4589041095890411
4,clab-nebula-serf88,35,100,148,98,50,2,0.6621621621621622,0.98,0.6533333333333333
4,clab-nebula-serf88,40,120,148,118,30,2,0.7972972972972973,0.9833333333333333,0.7866666666666666
4,clab-nebula-serf88,45,127,148,125,23,2,0.8445945945945946,0.984251968503937,0.8333333333333334
4,clab-nebula-serf88,50,136,148,132,16,4,0.8918918918918919,0.9705882352941176,0.868421052631579
4,clab-nebula-serf88,55,154,148,142,6,12,0.9594594594594594,0.922077922077922,0.8875
4,clab-nebula-serf88,60,158,148,145,3,13,0.9797297297297297,0.9177215189873418,0.9006211180124224
4,clab-nebula-serf153,5,0,1,0,1,0,0.0,0.0,0.0
4,clab-nebula-serf153,10,0,1,0,1,0,0.0,0.0,0.0
4,clab-nebula-serf153,15,1,11,1,10,0,0.09090909090909091,1.0,0.09090909090909091
4,clab-nebula-serf153,20,9,137,9,128,0,0.06569343065693431,1.0,0.06569343065693431
4,clab-nebula-serf153,25,12,137,12,125,0,0.08759124087591241,1.0,0.08759124087591241
4,clab-nebula-serf153,30,24,161,24,137,0,0.14906832298136646,1.0,0.14906832298136646
4,clab-nebula-serf153,35,42,161,42,119,0,0.2608695652173913,1.0,0.2608695652173913
4,clab-nebula-serf153,40,55,161,55,106,0,0.3416149068322981,1.0,0.3416149068322981
4,clab-nebula-serf153,45,81,161,81,80,0,0.5031055900621118,1.0,0.5031055900621118
4,clab-nebula-serf153,50,114,161,114,47,0,0.7080745341614907,1.0,0.7080745341614907
4,clab-nebula-serf153,55,137,161,137,24,0,0.8509316770186336,1.0,0.8509316770186336
4,clab-nebula-serf153,60,148,161,148,13,0,0.9192546583850931,1.0,0.9192546583850931
4,clab-nebula-serf53,5,0,0,0,0,0,0.0,0.0,0.0
4,clab-nebula-serf53,10,8,53,8,45,0,0.1509433962264151,1.0,0.1509433962264151
4,clab-nebula-serf53,15,25,47,23,24,2,0.48936170212765956,0.92,0.46938775510204084
4,clab-nebula-serf53,20,64,109,64,45,0,0.5871559633027523,1.0,0.5871559633027523
4,clab-nebula-serf53,25,81,109,76,33,5,0.6972477064220184,0.9382716049382716,0.6666666666666666
4,clab-nebula-serf53,30,97,159,97,62,0,0.610062893081761,1.0,0.610062893081761
4,clab-nebula-serf53,35,118,159,118,41,0,0.7421383647798742,1.0,0.7421383647798742
4,clab-nebula-serf53,40,121,159,121,38,0,0.7610062893081762,1.0,0.7610062893081762
4,clab-nebula-serf53,45,125,159,125,34,0,0.7861635220125787,1.0,0.7861635220125787
4,clab-nebula-serf53,50,151,159,151,8,0,0.949685534591195,1.0,0.949685534591195
4,clab-nebula-serf53,55,154,159,154,5,0,0.9685534591194969,1.0,0.9685534591194969
4,clab-nebula-serf53,60,157,159,155,4,2,0.9748427672955975,0.9872611464968153,0.9627329192546584
4,clab-nebula-serf69,5,0,0,0,0,0,0.0,0.0,0.0
4,clab-nebula-serf69,10,14,159,14,145,0,0.0880503144654088,1.0,0.0880503144654088
4,clab-nebula-serf69,15,31,159,31,128,0,0.1949685534591195,1.0,0.1949685534591195
4,clab-nebula-serf69,20,54,161,54,107,0,0.33540372670807456,1.0,0.33540372670807456
4,clab-nebula-serf69,25,84,159,84,75,0,0.5283018867924528,1.0,0.5283018867924528
4,clab-nebula-serf69,30,107,159,107,52,0,0.6729559748427673,1.0,0.6729559748427673
4,clab-nebula-serf69,35,119,159,119,40,0,0.7484276729559748,1.0,0.7484276729559748
4,clab-nebula-serf69,40,125,159,125,34,0,0.7861635220125787,1.0,0.7861635220125787
4,clab-nebula-serf69,45,147,159,147,12,0,0.9245283018867925,1.0,0.9245283018867925
4,clab-nebula-serf69,50,154,159,154,5,0,0.9685534591194969,1.0,0.9685534591194969
4,clab-nebula-serf69,55,158,159,156,3,2,0.9811320754716981,0.9873417721518988,0.968944099378882
4,clab-nebula-serf69,60,161,159,159,0,2,1.0,0.9875776397515528,0.9875776397515528
4,clab-nebula-serf60,5,4,46,4,42,0,0.08695652173913043,1.0,0.08695652173913043
4,clab-nebula-serf60,10,10,44,10,34,0,0.22727272727272727,1.0,0.22727272727272727
4,clab-nebula-serf60,15,42,104,39,65,3,0.375,0.9285714285714286,0.3644859813084112
4,clab-nebula-serf60,20,70,104,64,40,6,0.6153846153846154,0.9142857142857143,0.5818181818181818
4,clab-nebula-serf60,25,87,161,87,74,0,0.5403726708074534,1.0,0.5403726708074534
4,clab-nebula-serf60,30,111,159,111,48,0,0.6981132075471698,1.0,0.6981132075471698
4,clab-nebula-serf60,35,120,159,120,39,0,0.7547169811320755,1.0,0.7547169811320755
4,clab-nebula-serf60,40,124,159,124,35,0,0.779874213836478,1.0,0.779874213836478
4,clab-nebula-serf60,45,143,159,143,16,0,0.89937106918239,1.0,0.89937106918239
4,clab-nebula-serf60,50,154,159,154,5,0,0.9685534591194969,1.0,0.9685534591194969
4,clab-nebula-serf60,55,154,159,154,5,0,0.9685534591194969,1.0,0.9685534591194969
4,clab-nebula-serf60,60,158,159,156,3,2,0.9811320754716981,0.9873417721518988,0.968944099378882
4,clab-nebula-serf145,5,0,1,0,1,0,0.0,0.0,0.0
4,clab-nebula-serf145,10,0,1,0,1,0,0.0,0.0,0.0
4,clab-nebula-serf145,15,1,25,1,24,0,0.04,1.0,0.04
4,clab-nebula-serf145,20,5,24,4,20,1,0.16666666666666666,0.8,0.16
4,clab-nebula-serf145,25,7,24,6,18,1,0.25,0.8571428571428571,0.24
4,clab-nebula-serf145,30,15,57,14,43,1,0.24561403508771928,0.9333333333333333,0.2413793103448276
4,clab-nebula-serf145,35,37,161,37,124,0,0.22981366459627328,1.0,0.22981366459627328
4,clab-nebula-serf145,40,56,161,56,105,0,0.34782608695652173,1.0,0.34782608695652173
4,clab-nebula-serf145,45,66,161,66,95,0,0.40993788819875776,1.0,0.40993788819875776
4,clab-nebula-serf145,50,104,161,104,57,0,0.6459627329192547,1.0,0.6459627329192547
4,clab-nebula-serf145,55,130,161,130,31,0,0.8074534161490683,1.0,0.8074534161490683
4,clab-nebula-serf145,60,145,161,145,16,0,0.9006211180124224,1.0,0.9006211180124224
4,clab-nebula-serf6,5,1,44,1,43,0,0.022727272727272728,1.0,0.022727272727272728
4,clab-nebula-serf6,10,7,62,7,55,0,0.11290322580645161,1.0,0.11290322580645161
4,clab-nebula-serf6,15,18,62,18,44,0,0.2903225806451613,1.0,0.2903225806451613
4,clab-nebula-serf6,20,32,62,31,31,1,0.5,0.96875,0.49206349206349204
4,clab-nebula-serf6,25,68,109,68,41,0,0.6238532110091743,1.0,0.6238532110091743
4,clab-nebula-serf6,30,86,159,86,73,0,0.5408805031446541,1.0,0.5408805031446541
4,clab-nebula-serf6,35,98,159,98,61,0,0.6163522012578616,1.0,0.6163522012578616
4,clab-nebula-serf6,40,117,159,117,42,0,0.7358490566037735,1.0,0.7358490566037735
4,clab-nebula-serf6,45,120,159,120,39,0,0.7547169811320755,1.0,0.7547169811320755
4,clab-nebula-serf6,50,124,159,124,35,0,0.779874213836478,1.0,0.779874213836478
4,clab-nebula-serf6,55,151,159,151,8,0,0.949685534591195,1.0,0.949685534591195
4,clab-nebula-serf6,60,155,159,154,5,1,0.9685534591194969,0.9935483870967742,0.9625
4,clab-nebula-serf11,5,2,48,2,46,0,0.041666666666666664,1.0,0.041666666666666664
4,clab-nebula-serf11,10,14,77,14,63,0,0.18181818181818182,1.0,0.18181818181818182
4,clab-nebula-serf11,15,26,77,26,51,0,0.33766233766233766,1.0,0.33766233766233766
4,clab-nebula-serf11,20,57,109,57,52,0,0.5229357798165137,1.0,0.5229357798165137
4,clab-nebula-serf11,25,82,159,82,77,0,0.5157232704402516,1.0,0.5157232704402516
4,clab-nebula-serf11,30,93,159,93,66,0,0.5849056603773585,1.0,0.5849056603773585
4,clab-nebula-serf11,35,112,159,112,47,0,0.7044025157232704,1.0,0.7044025157232704
4,clab-nebula-serf11,40,120,159,120,39,0,0.7547169811320755,1.0,0.7547169811320755
4,clab-nebula-serf11,45,124,159,124,35,0,0.779874213836478,1.0,0.779874213836478
4,clab-nebula-serf11,50,142,159,142,17,0,0.8930817610062893,1.0,0.8930817610062893
4,clab-nebula-serf11,55,154,159,154,5,0,0.9685534591194969,1.0,0.9685534591194969
4,clab-nebula-serf11,60,157,159,155,4,2,0.9748427672955975,0.9872611464968153,0.9627329192546584
4,clab-nebula-serf98,5,1,7,1,6,0,0.14285714285714285,1.0,0.14285714285714285
4,clab-nebula-serf98,10,7,7,7,0,0,1.0,1.0,1.0
4,clab-nebula-serf98,15,7,7,7,0,0,1.0,1.0,1.0
4,clab-nebula-serf98,20,8,128,7,121,1,0.0546875,0.875,0.05426356589147287
4,clab-nebula-serf98,25,14,146,14,132,0,0.0958904109589041,1.0,0.0958904109589041
4,clab-nebula-serf98,30,29,146,29,117,0,0.19863013698630136,1.0,0.19863013698630136
4,clab-nebula-serf98,35,71,146,70,76,1,0.4794520547945205,0.9859154929577465,0.47619047619047616
4,clab-nebula-serf98,40,121,159,121,38,0,0.7610062893081762,1.0,0.7610062893081762
4,clab-nebula-serf98,45,144,159,144,15,0,0.9056603773584906,1.0,0.9056603773584906
4,clab-nebula-serf98,50,156,159,156,3,0,0.9811320754716981,1.0,0.9811320754716981
4,clab-nebula-serf98,55,160,159,158,1,2,0.9937106918238994,0.9875,0.9813664596273292
4,clab-nebula-serf98,60,161,159,159,0,2,1.0,0.9875776397515528,0.9875776397515528
4,clab-nebula-serf138,5,0,0,0,0,0,0.0,0.0,0.0
4,clab-nebula-serf138,10,0,0,0,0,0,0.0,0.0,0.0
4,clab-nebula-serf138,15,1,14,1,13,0,0.07142857142857142,1.0,0.07142857142857142
4,clab-nebula-serf138,20,14,37,14,23,0,0.3783783783783784,1.0,0.3783783783783784
4,clab-nebula-serf138,25,14,37,14,23,0,0.3783783783783784,1.0,0.3783783783783784
4,clab-nebula-serf138,30,26,161,26,135,0,0.16149068322981366,1.0,0.16149068322981366
4,clab-nebula-serf138,35,43,161,43,118,0,0.2670807453416149,1.0,0.2670807453416149
4,clab-nebula-serf138,40,55,161,55,106,0,0.3416149068322981,1.0,0.3416149068322981
4,clab-nebula-serf138,45,90,161,90,71,0,0.5590062111801242,1.0,0.5590062111801242
4,clab-nebula-serf138,50,115,161,115,46,0,0.7142857142857143,1.0,0.7142857142857143
4,clab-nebula-serf138,55,137,161,137,24,0,0.8509316770186336,1.0,0.8509316770186336
4,clab-nebula-serf138,60,147,161,147,14,0,0.9130434782608695,1.0,0.9130434782608695
4,clab-nebula-serf150,5,0,0,0,0,0,0.0,0.0,0.0
4,clab-nebula-serf150,10,0,0,0,0,0,0.0,0.0,0.0
4,clab-nebula-serf150,15,1,8,1,7,0,0.125,1.0,0.125
4,clab-nebula-serf150,20,9,137,9,128,0,0.06569343065693431,1.0,0.06569343065693431
4,clab-nebula-serf150,25,17,161,17,144,0,0.10559006211180125,1.0,0.10559006211180125
4,clab-nebula-serf150,30,23,161,23,138,0,0.14285714285714285,1.0,0.14285714285714285
4,clab-nebula-serf150,35,42,161,42,119,0,0.2608695652173913,1.0,0.2608695652173913
4,clab-nebula-serf150,40,54,161,54,107,0,0.33540372670807456,1.0,0.33540372670807456
4,clab-nebula-serf150,45,79,161,79,82,0,0.4906832298136646,1.0,0.4906832298136646
4,clab-nebula-serf150,50,117,161,117,44,0,0.7267080745341615,1.0,0.7267080745341615
4,clab-nebula-serf150,55,141,161,141,20,0,0.8757763975155279,1.0,0.8757763975155279
4,clab-nebula-serf150,60,152,159,150,9,2,0.9433962264150944,0.9868421052631579,0.9316770186335404
4,clab-nebula-serf18,5,0,0,0,0,0,0.0,0.0,0.0
4,clab-nebula-serf18,10,5,45,5,40,0,0.1111111111111111,1.0,0.1111111111111111
4,clab-nebula-serf18,15,20,62,19,43,1,0.3064516129032258,0.95,0.30158730158730157
4,clab-nebula-serf18,20,47,159,47,112,0,0.29559748427672955,1.0,0.29559748427672955
4,clab-nebula-serf18,25,75,109,75,34,0,0.6880733944954128,1.0,0.6880733944954128
4,clab-nebula-serf18,30,90,159,90,69,0,0.5660377358490566,1.0,0.5660377358490566
4,clab-nebula-serf18,35,103,159,103,56,0,0.6477987421383647,1.0,0.6477987421383647
4,clab-nebula-serf18,40,120,159,120,39,0,0.7547169811320755,1.0,0.7547169811320755
4,clab-nebula-serf18,45,123,159,123,36,0,0.7735849056603774,1.0,0.7735849056603774
4,clab-nebula-serf18,50,140,159,140,19,0,0.8805031446540881,1.0,0.8805031446540881
4,clab-nebula-serf18,55,151,159,151,8,0,0.949685534591195,1.0,0.949685534591195
4,clab-nebula-serf18,60,157,159,155,4,2,0.9748427672955975,0.9872611464968153,0.9627329192546584
4,clab-nebula-serf30,5,1,1,1,0,0,1.0,1.0,1.0
4,clab-nebula-serf30,10,13,159,13,146,0,0.08176100628930817,1.0,0.08176100628930817
4,clab-nebula-serf30,15,28,159,28,131,0,0.1761006289308176,1.0,0.1761006289308176
4,clab-nebula-serf30,20,45,159,45,114,0,0.2830188679245283,1.0,0.2830188679245283
4,clab-nebula-serf30,25,81,159,81,78,0,0.5094339622641509,1.0,0.5094339622641509
4,clab-nebula-serf30,30,93,159,93,66,0,0.5849056603773585,1.0,0.5849056603773585
4,clab-nebula-serf30,35,102,159,102,57,0,0.6415094339622641,1.0,0.6415094339622641
4,clab-nebula-serf30,40,119,159,119,40,0,0.7484276729559748,1.0,0.7484276729559748
4,clab-nebula-serf30,45,124,159,124,35,0,0.779874213836478,1.0,0.779874213836478
4,clab-nebula-serf30,50,128,159,128,31,0,0.8050314465408805,1.0,0.8050314465408805
4,clab-nebula-serf30,55,154,159,154,5,0,0.9685534591194969,1.0,0.9685534591194969
4,clab-nebula-serf30,60,154,159,154,5,0,0.9685534591194969,1.0,0.9685534591194969
4,clab-nebula-serf44,5,3,59,3,56,0,0.05084745762711865,1.0,0.05084745762711865
4,clab-nebula-serf44,10,10,62,10,52,0,0.16129032258064516,1.0,0.16129032258064516
4,clab-nebula-serf44,15,23,62,23,39,0,0.3709677419354839,1.0,0.3709677419354839
4,clab-nebula-serf44,20,47,62,46,16,1,0.7419354838709677,0.9787234042553191,0.7301587301587301
4,clab-nebula-serf44,25,81,109,79,30,2,0.7247706422018348,0.9753086419753086,0.7117117117117117
4,clab-nebula-serf44,30,99,161,99,62,0,0.6149068322981367,1.0,0.6149068322981367
4,clab-nebula-serf44,35,120,159,120,39,0,0.7547169811320755,1.0,0.7547169811320755
4,clab-nebula-serf44,40,124,159,124,35,0,0.779874213836478,1.0,0.779874213836478
4,clab-nebula-serf44,45,127,159,127,32,0,0.7987421383647799,1.0,0.7987421383647799
4,clab-nebula-serf44,50,154,159,154,5,0,0.9685534591194969,1.0,0.9685534591194969
4,clab-nebula-serf44,55,154,159,154,5,0,0.9685534591194969,1.0,0.9685534591194969
4,clab-nebula-serf44,60,156,159,155,4,1,0.9748427672955975,0.9935897435897436,0.96875
4,clab-nebula-serf131,5,0,1,0,1,0,0.0,0.0,0.0
4,clab-nebula-serf131,10,0,1,0,1,0,0.0,0.0,0.0
4,clab-nebula-serf131,15,3,37,3,34,0,0.08108108108108109,1.0,0.08108108108108109
4,clab-nebula-serf131,20,14,37,14,23,0,0.3783783783783784,1.0,0.3783783783783784
4,clab-nebula-serf131,25,18,37,18,19,0,0.4864864864864865,1.0,0.4864864864864865
4,clab-nebula-serf131,30,29,161,29,132,0,0.18012422360248448,1.0,0.18012422360248448
4,clab-nebula-serf131,35,45,161,45,116,0,0.2795031055900621,1.0,0.2795031055900621
4,clab-nebula-serf131,40,69,161,69,92,0,0.42857142857142855,1.0,0.42857142857142855
4,clab-nebula-serf131,45,95,161,95,66,0,0.5900621118012422,1.0,0.5900621118012422
4,clab-nebula-serf131,50,122,161,122,39,0,0.7577639751552795,1.0,0.7577639751552795
4,clab-nebula-serf131,55,137,161,137,24,0,0.8509316770186336,1.0,0.8509316770186336
4,clab-nebula-serf131,60,149,161,149,12,0,0.9254658385093167,1.0,0.9254658385093167
4,clab-nebula-serf35,5,0,0,0,0,0,0.0,0.0,0.0
4,clab-nebula-serf35,10,1,54,1,53,0,0.018518518518518517,1.0,0.018518518518518517
4,clab-nebula-serf35,15,7,77,7,70,0,0.09090909090909091,1.0,0.09090909090909091
4,clab-nebula-serf35,20,26,159,26,133,0,0.16352201257861634,1.0,0.16352201257861634
4,clab-nebula-serf35,25,63,159,63,96,0,0.39622641509433965,1.0,0.39622641509433965
4,clab-nebula-serf35,30,85,159,85,74,0,0.5345911949685535,1.0,0.5345911949685535
4,clab-nebula-serf35,35,95,159,95,64,0,0.5974842767295597,1.0,0.5974842767295597
4,clab-nebula-serf35,40,111,159,111,48,0,0.6981132075471698,1.0,0.6981132075471698
4,clab-nebula-serf35,45,121,159,121,38,0,0.7610062893081762,1.0,0.7610062893081762
4,clab-nebula-serf35,50,124,159,124,35,0,0.779874213836478,1.0,0.779874213836478
4,clab-nebula-serf35,55,145,159,145,14,0,0.9119496855345912,1.0,0.9119496855345912
4,clab-nebula-serf35,60,154,159,154,5,0,0.9685534591194969,1.0,0.9685534591194969
4,clab-nebula-serf40,5,0,0,0,0,0,0.0,0.0,0.0
4,clab-nebula-serf40,10,1,68,1,67,0,0.014705882352941176,1.0,0.014705882352941176
4,clab-nebula-serf40,15,11,159,11,148,0,0.06918238993710692,1.0,0.06918238993710692
4,clab-nebula-serf40,20,35,159,35,124,0,0.22012578616352202,1.0,0.22012578616352202
4,clab-nebula-serf40,25,71,159,71,88,0,0.44654088050314467,1.0,0.44654088050314467
4,clab-nebula-serf40,30,87,159,87,72,0,0.5471698113207547,1.0,0.5471698113207547
4,clab-nebula-serf40,35,98,159,98,61,0,0.6163522012578616,1.0,0.6163522012578616
4,clab-nebula-serf40,40,118,159,118,41,0,0.7421383647798742,1.0,0.7421383647798742
4,clab-nebula-serf40,45,122,159,122,37,0,0.7672955974842768,1.0,0.7672955974842768
4,clab-nebula-serf40,50,126,159,126,33,0,0.7924528301886793,1.0,0.7924528301886793
4,clab-nebula-serf40,55,153,159,153,6,0,0.9622641509433962,1.0,0.9622641509433962
4,clab-nebula-serf40,60,154,159,154,5,0,0.9685534591194969,1.0,0.9685534591194969
4,clab-nebula-serf144,5,0,0,0,0,0,0.0,0.0,0.0
4,clab-nebula-serf144,10,0,0,0,0,0,0.0,0.0,0.0
4,clab-nebula-serf144,15,7,33,7,26,0,0.21212121212121213,1.0,0.21212121212121213
4,clab-nebula-serf144,20,12,57,12,45,0,0.21052631578947367,1.0,0.21052631578947367
4,clab-nebula-serf144,25,23,161,23,138,0,0.14285714285714285,1.0,0.14285714285714285
4,clab-nebula-serf144,30,55,161,55,106,0,0.3416149068322981,1.0,0.3416149068322981
4,clab-nebula-serf144,35,60,161,60,101,0,0.37267080745341613,1.0,0.37267080745341613
4,clab-nebula-serf144,40,95,161,95,66,0,0.5900621118012422,1.0,0.5900621118012422
4,clab-nebula-serf144,45,126,161,126,35,0,0.782608695652174,1.0,0.782608695652174
4,clab-nebula-serf144,50,141,161,141,20,0,0.8757763975155279,1.0,0.8757763975155279
4,clab-nebula-serf144,55,151,161,151,10,0,0.937888198757764,1.0,0.937888198757764
4,clab-nebula-serf144,60,155,150,144,6,11,0.96,0.9290322580645162,0.8944099378881988
4,clab-nebula-serf152,5,0,0,0,0,0,0.0,0.0,0.0
4,clab-nebula-serf152,10,1,137,1,136,0,0.0072992700729927005,1.0,0.0072992700729927005
4,clab-nebula-serf152,15,11,137,11,126,0,0.08029197080291971,1.0,0.08029197080291971
4,clab-nebula-serf152,20,14,137,14,123,0,0.10218978102189781,1.0,0.10218978102189781
4,clab-nebula-serf152,25,24,145,23,122,1,0.15862068965517243,0.9583333333333334,0.15753424657534246
4,clab-nebula-serf152,30,47,145,45,100,2,0.3103448275862069,0.9574468085106383,0.30612244897959184
4,clab-nebula-serf152,35,60,161,60,101,0,0.37267080745341613,1.0,0.37267080745341613
4,clab-nebula-serf152,40,89,161,89,72,0,0.5527950310559007,1.0,0.5527950310559007
4,clab-nebula-serf152,45,122,128,102,26,20,0.796875,0.8360655737704918,0.6891891891891891
4,clab-nebula-serf152,50,143,161,143,18,0,0.8881987577639752,1.0,0.8881987577639752
4,clab-nebula-serf152,55,152,159,150,9,2,0.9433962264150944,0.9868421052631579,0.9316770186335404
4,clab-nebula-serf152,60,156,159,154,5,2,0.9685534591194969,0.9871794871794872,0.9565217391304348
4,clab-nebula-serf162,5,0,0,0,0,0,0.0,0.0,0.0
4,clab-nebula-serf162,10,0,0,0,0,0,0.0,0.0,0.0
4,clab-nebula-serf162,15,5,21,5,16,0,0.23809523809523808,1.0,0.23809523809523808
4,clab-nebula-serf162,20,5,21,5,16,0,0.23809523809523808,1.0,0.23809523809523808
4,clab-nebula-serf162,25,5,21,5,16,0,0.23809523809523808,1.0,0.23809523809523808
4,clab-nebula-serf162,30,9,30,9,21,0,0.3,1.0,0.3
4,clab-nebula-serf162,35,20,161,20,141,0,0.12422360248447205,1.0,0.12422360248447205
4,clab-nebula-serf162,40,35,161,35,126,0,0.21739130434782608,1.0,0.21739130434782608
4,clab-nebula-serf162,45,40,161,40,121,0,0.2484472049689441,1.0,0.2484472049689441
4,clab-nebula-serf162,50,54,161,54,107,0,0.33540372670807456,1.0,0.33540372670807456
4,clab-nebula-serf162,55,74,161,74,87,0,0.45962732919254656,1.0,0.45962732919254656
4,clab-nebula-serf162,60,113,161,113,48,0,0.7018633540372671,1.0,0.7018633540372671
4,clab-nebula-serf41,5,0,0,0,0,0,0.0,0.0,0.0
4,clab-nebula-serf41,10,0,0,0,0,0,0.0,0.0,0.0
4,clab-nebula-serf41,15,1,53,1,52,0,0.018867924528301886,1.0,0.018867924528301886
4,clab-nebula-serf41,20,14,77,14,63,0,0.18181818181818182,1.0,0.18181818181818182
4,clab-nebula-serf41,25,40,159,40,119,0,0.25157232704402516,1.0,0.25157232704402516
4,clab-nebula-serf41,30,74,159,74,85,0,0.46540880503144655,1.0,0.46540880503144655
4,clab-nebula-serf41,35,89,159,89,70,0,0.559748427672956,1.0,0.559748427672956
4,clab-nebula-serf41,40,99,159,99,60,0,0.6226415094339622,1.0,0.6226415094339622
4,clab-nebula-serf41,45,118,159,118,41,0,0.7421383647798742,1.0,0.7421383647798742
4,clab-nebula-serf41,50,121,159,121,38,0,0.7610062893081762,1.0,0.7610062893081762
4,clab-nebula-serf41,55,126,159,126,33,0,0.7924528301886793,1.0,0.7924528301886793
4,clab-nebula-serf41,60,153,159,153,6,0,0.9622641509433962,1.0,0.9622641509433962
4,clab-nebula-serf72,5,1,38,1,37,0,0.02631578947368421,1.0,0.02631578947368421
4,clab-nebula-serf72,10,16,159,16,143,0,0.10062893081761007,1.0,0.10062893081761007
4,clab-nebula-serf72,15,31,159,31,128,0,0.1949685534591195,1.0,0.1949685534591195
4,clab-nebula-serf72,20,54,161,54,107,0,0.33540372670807456,1.0,0.33540372670807456
4,clab-nebula-serf72,25,84,159,84,75,0,0.5283018867924528,1.0,0.5283018867924528
4,clab-nebula-serf72,30,110,159,110,49,0,0.6918238993710691,1.0,0.6918238993710691
4,clab-nebula-serf72,35,121,159,121,38,0,0.7610062893081762,1.0,0.7610062893081762
4,clab-nebula-serf72,40,125,159,125,34,0,0.7861635220125787,1.0,0.7861635220125787
4,clab-nebula-serf72,45,150,159,150,9,0,0.9433962264150944,1.0,0.9433962264150944
4,clab-nebula-serf72,50,154,159,154,5,0,0.9685534591194969,1.0,0.9685534591194969
4,clab-nebula-serf72,55,158,159,156,3,2,0.9811320754716981,0.9873417721518988,0.968944099378882
4,clab-nebula-serf72,60,161,159,159,0,2,1.0,0.9875776397515528,0.9875776397515528
4,clab-nebula-serf141,5,0,1,0,1,0,0.0,0.0,0.0
4,clab-nebula-serf141,10,0,1,0,1,0,0.0,0.0,0.0
4,clab-nebula-serf141,15,0,1,0,1,0,0.0,0.0,0.0
4,clab-nebula-serf141,20,14,37,14,23,0,0.3783783783783784,1.0,0.3783783783783784
4,clab-nebula-serf141,25,14,37,14,23,0,0.3783783783783784,1.0,0.3783783783783784
4,clab-nebula-serf141,30,26,161,26,135,0,0.16149068322981366,1.0,0.16149068322981366
4,clab-nebula-serf141,35,43,161,43,118,0,0.2670807453416149,1.0,0.2670807453416149
4,clab-nebula-serf141,40,59,161,59,102,0,0.36645962732919257,1.0,0.36645962732919257
4,clab-nebula-serf141,45,90,161,90,71,0,0.5590062111801242,1.0,0.5590062111801242
4,clab-nebula-serf141,50,116,161,116,45,0,0.7204968944099379,1.0,0.7204968944099379
4,clab-nebula-serf141,55,137,161,137,24,0,0.8509316770186336,1.0,0.8509316770186336
4,clab-nebula-serf141,60,149,161,149,12,0,0.9254658385093167,1.0,0.9254658385093167
4,clab-nebula-serf25,5,0,0,0,0,0,0.0,0.0,0.0
4,clab-nebula-serf25,10,4,71,4,67,0,0.056338028169014086,1.0,0.056338028169014086
4,clab-nebula-serf25,15,12,159,12,147,0,0.07547169811320754,1.0,0.07547169811320754
4,clab-nebula-serf25,20,28,159,28,131,0,0.1761006289308176,1.0,0.1761006289308176
4,clab-nebula-serf25,25,44,159,44,115,0,0.27672955974842767,1.0,0.27672955974842767
4,clab-nebula-serf25,30,81,159,81,78,0,0.5094339622641509,1.0,0.5094339622641509
4,clab-nebula-serf25,35,93,159,93,66,0,0.5849056603773585,1.0,0.5849056603773585
4,clab-nebula-serf25,40,102,159,102,57,0,0.6415094339622641,1.0,0.6415094339622641
4,clab-nebula-serf25,45,119,159,119,40,0,0.7484276729559748,1.0,0.7484276729559748
4,clab-nebula-serf25,50,124,159,124,35,0,0.779874213836478,1.0,0.779874213836478
4,clab-nebula-serf25,55,127,159,127,32,0,0.7987421383647799,1.0,0.7987421383647799
4,clab-nebula-serf25,60,154,159,154,5,0,0.9685534591194969,1.0,0.9685534591194969
4,clab-nebula-serf50,5,3,11,3,8,0,0.2727272727272727,1.0,0.2727272727272727
4,clab-nebula-serf50,10,8,62,8,54,0,0.12903225806451613,1.0,0.12903225806451613
4,clab-nebula-serf50,15,23,62,23,39,0,0.3709677419354839,1.0,0.3709677419354839
4,clab-nebula-serf50,20,41,62,41,21,0,0.6612903225806451,1.0,0.6612903225806451
4,clab-nebula-serf50,25,81,109,79,30,2,0.7247706422018348,0.9753086419753086,0.7117117117117117
4,clab-nebula-serf50,30,93,161,93,68,0,0.577639751552795,1.0,0.577639751552795
4,clab-nebula-serf50,35,118,159,118,41,0,0.7421383647798742,1.0,0.7421383647798742
4,clab-nebula-serf50,40,122,159,122,37,0,0.7672955974842768,1.0,0.7672955974842768
4,clab-nebula-serf50,45,125,159,125,34,0,0.7861635220125787,1.0,0.7861635220125787
4,clab-nebula-serf50,50,153,159,153,6,0,0.9622641509433962,1.0,0.9622641509433962
4,clab-nebula-serf50,55,154,159,154,5,0,0.9685534591194969,1.0,0.9685534591194969
4,clab-nebula-serf50,60,156,159,155,4,1,0.9748427672955975,0.9935897435897436,0.96875
4,clab-nebula-serf51,5,1,65,1,64,0,0.015384615384615385,1.0,0.015384615384615385
4,clab-nebula-serf51,10,9,49,9,40,0,0.1836734693877551,1.0,0.1836734693877551
4,clab-nebula-serf51,15,24,67,24,43,0,0.3582089552238806,1.0,0.3582089552238806
4,clab-nebula-serf51,20,64,109,64,45,0,0.5871559633027523,1.0,0.5871559633027523
4,clab-nebula-serf51,25,83,159,83,76,0,0.5220125786163522,1.0,0.5220125786163522
4,clab-nebula-serf51,30,97,159,97,62,0,0.610062893081761,1.0,0.610062893081761
4,clab-nebula-serf51,35,118,159,118,41,0,0.7421383647798742,1.0,0.7421383647798742
4,clab-nebula-serf51,40,121,159,121,38,0,0.7610062893081762,1.0,0.7610062893081762
4,clab-nebula-serf51,45,126,159,126,33,0,0.7924528301886793,1.0,0.7924528301886793
4,clab-nebula-serf51,50,152,159,152,7,0,0.9559748427672956,1.0,0.9559748427672956
4,clab-nebula-serf51,55,154,159,154,5,0,0.9685534591194969,1.0,0.9685534591194969
4,clab-nebula-serf51,60,157,159,155,4,2,0.9748427672955975,0.9872611464968153,0.9627329192546584
4,clab-nebula-serf66,5,0,0,0,0,0,0.0,0.0,0.0
4,clab-nebula-serf66,10,4,130,4,126,0,0.03076923076923077,1.0,0.03076923076923077
4,clab-nebula-serf66,15,27,131,27,104,0,0.20610687022900764,1.0,0.20610687022900764
4,clab-nebula-serf66,20,44,161,44,117,0,0.2732919254658385,1.0,0.2732919254658385
4,clab-nebula-serf66,25,79,159,79,80,0,0.4968553459119497,1.0,0.4968553459119497
4,clab-nebula-serf66,30,106,159,106,53,0,0.6666666666666666,1.0,0.6666666666666666
4,clab-nebula-serf66,35,116,159,116,43,0,0.7295597484276729,1.0,0.7295597484276729
4,clab-nebula-serf66,40,123,159,123,36,0,0.7735849056603774,1.0,0.7735849056603774
4,clab-nebula-serf66,45,136,159,136,23,0,0.8553459119496856,1.0,0.8553459119496856
4,clab-nebula-serf66,50,154,159,154,5,0,0.9685534591194969,1.0,0.9685534591194969
4,clab-nebula-serf66,55,154,159,154,5,0,0.9685534591194969,1.0,0.9685534591194969
4,clab-nebula-serf66,60,158,159,156,3,2,0.9811320754716981,0.9873417721518988,0.968944099378882
4,clab-nebula-serf86,5,3,3,3,0,0,1.0,1.0,1.0
4,clab-nebula-serf86,10,4,57,4,53,0,0.07017543859649122,1.0,0.07017543859649122
4,clab-nebula-serf86,15,11,53,7,46,4,0.1320754716981132,0.6363636363636364,0.12280701754385964
4,clab-nebula-serf86,20,29,119,24,95,5,0.20168067226890757,0.8275862068965517,0.1935483870967742
4,clab-nebula-serf86,25,56,142,56,86,0,0.39436619718309857,1.0,0.39436619718309857
4,clab-nebula-serf86,30,85,139,78,61,7,0.5611510791366906,0.9176470588235294,0.5342465753424658
4,clab-nebula-serf86,35,115,148,113,35,2,0.7635135135135135,0.9826086956521739,0.7533333333333333
4,clab-nebula-serf86,40,120,148,118,30,2,0.7972972972972973,0.9833333333333333,0.7866666666666666
4,clab-nebula-serf86,45,134,148,131,17,3,0.8851351351351351,0.9776119402985075,0.8675496688741722
4,clab-nebula-serf86,50,145,148,140,8,5,0.9459459459459459,0.9655172413793104,0.9150326797385621
4,clab-nebula-serf86,55,155,148,142,6,13,0.9594594594594594,0.9161290322580645,0.8819875776397516
4,clab-nebula-serf86,60,160,148,147,1,13,0.9932432432432432,0.91875,0.9130434782608695
4,clab-nebula-serf90,5,2,8,2,6,0,0.25,1.0,0.25
4,clab-nebula-serf90,10,9,159,9,150,0,0.05660377358490566,1.0,0.05660377358490566
4,clab-nebula-serf90,15,30,159,30,129,0,0.18867924528301888,1.0,0.18867924528301888
4,clab-nebula-serf90,20,49,159,49,110,0,0.3081761006289308,1.0,0.3081761006289308
4,clab-nebula-serf90,25,78,159,78,81,0,0.49056603773584906,1.0,0.49056603773584906
4,clab-nebula-serf90,30,101,159,101,58,0,0.6352201257861635,1.0,0.6352201257861635
4,clab-nebula-serf90,35,119,159,119,40,0,0.7484276729559748,1.0,0.7484276729559748
4,clab-nebula-serf90,40,122,159,122,37,0,0.7672955974842768,1.0,0.7672955974842768
4,clab-nebula-serf90,45,137,159,137,22,0,0.8616352201257862,1.0,0.8616352201257862
4,clab-nebula-serf90,50,154,159,154,5,0,0.9685534591194969,1.0,0.9685534591194969
4,clab-nebula-serf90,55,155,159,155,4,0,0.9748427672955975,1.0,0.9748427672955975
4,clab-nebula-serf90,60,159,159,157,2,2,0.9874213836477987,0.9874213836477987,0.9751552795031055
4,clab-nebula-serf143,5,0,0,0,0,0,0.0,0.0,0.0
4,clab-nebula-serf143,10,0,0,0,0,0,0.0,0.0,0.0
4,clab-nebula-serf143,15,1,27,1,26,0,0.037037037037037035,1.0,0.037037037037037035
4,clab-nebula-serf143,20,2,27,2,25,0,0.07407407407407407,1.0,0.07407407407407407
4,clab-nebula-serf143,25,7,27,7,20,0,0.25925925925925924,1.0,0.25925925925925924
4,clab-nebula-serf143,30,13,57,12,45,1,0.21052631578947367,0.9230769230769231,0.20689655172413793
4,clab-nebula-serf143,35,32,161,32,129,0,0.19875776397515527,1.0,0.19875776397515527
4,clab-nebula-serf143,40,56,161,56,105,0,0.34782608695652173,1.0,0.34782608695652173
4,clab-nebula-serf143,45,66,161,66,95,0,0.40993788819875776,1.0,0.40993788819875776
4,clab-nebula-serf143,50,103,161,103,58,0,0.639751552795031,1.0,0.639751552795031
4,clab-nebula-serf143,55,130,161,130,31,0,0.8074534161490683,1.0,0.8074534161490683
4,clab-nebula-serf143,60,145,161,145,16,0,0.9006211180124224,1.0,0.9006211180124224
4,clab-nebula-serf7,5,1,1,1,0,0,1.0,1.0,1.0
4,clab-nebula-serf7,10,9,62,9,53,0,0.14516129032258066,1.0,0.14516129032258066
4,clab-nebula-serf7,15,19,62,19,43,0,0.3064516129032258,1.0,0.3064516129032258
4,clab-nebula-serf7,20,33,62,32,30,1,0.5161290322580645,0.9696969696969697,0.5079365079365079
4,clab-nebula-serf7,25,67,109,67,42,0,0.6146788990825688,1.0,0.6146788990825688
4,clab-nebula-serf7,30,86,159,86,73,0,0.5408805031446541,1.0,0.5408805031446541
4,clab-nebula-serf7,35,99,159,99,60,0,0.6226415094339622,1.0,0.6226415094339622
4,clab-nebula-serf7,40,117,159,117,42,0,0.7358490566037735,1.0,0.7358490566037735
4,clab-nebula-serf7,45,120,159,120,39,0,0.7547169811320755,1.0,0.7547169811320755
4,clab-nebula-serf7,50,124,159,124,35,0,0.779874213836478,1.0,0.779874213836478
4,clab-nebula-serf7,55,151,159,151,8,0,0.949685534591195,1.0,0.949685534591195
4,clab-nebula-serf7,60,156,159,154,5,2,0.9685534591194969,0.9871794871794872,0.9565217391304348
4,clab-nebula-serf37,5,2,44,2,42,0,0.045454545454545456,1.0,0.045454545454545456
4,clab-nebula-serf37,10,8,68,8,60,0,0.11764705882352941,1.0,0.11764705882352941
4,clab-nebula-serf37,15,29,159,29,130,0,0.18238993710691823,1.0,0.18238993710691823
4,clab-nebula-serf37,20,65,159,65,94,0,0.4088050314465409,1.0,0.4088050314465409
4,clab-nebula-serf37,25,85,159,85,74,0,0.5345911949685535,1.0,0.5345911949685535
4,clab-nebula-serf37,30,96,159,96,63,0,0.6037735849056604,1.0,0.6037735849056604
4,clab-nebula-serf37,35,111,159,111,48,0,0.6981132075471698,1.0,0.6981132075471698
4,clab-nebula-serf37,40,121,159,121,38,0,0.7610062893081762,1.0,0.7610062893081762
4,clab-nebula-serf37,45,124,159,124,35,0,0.779874213836478,1.0,0.779874213836478
4,clab-nebula-serf37,50,146,159,146,13,0,0.9182389937106918,1.0,0.9182389937106918
4,clab-nebula-serf37,55,154,159,154,5,0,0.9685534591194969,1.0,0.9685534591194969
4,clab-nebula-serf37,60,156,159,155,4,1,0.9748427672955975,0.9935897435897436,0.96875
4,clab-nebula-serf43,5,0,0,0,0,0,0.0,0.0,0.0
4,clab-nebula-serf43,10,5,67,5,62,0,0.07462686567164178,1.0,0.07462686567164178
4,clab-nebula-serf43,15,13,67,13,54,0,0.19402985074626866,1.0,0.19402985074626866
4,clab-nebula-serf43,20,27,68,27,41,0,0.39705882352941174,1.0,0.39705882352941174
4,clab-nebula-serf43,25,52,68,50,18,2,0.7352941176470589,0.9615384615384616,0.7142857142857143
4,clab-nebula-serf43,30,82,109,80,29,2,0.7339449541284404,0.975609756097561,0.7207207207207207
4,clab-nebula-serf43,35,98,159,98,61,0,0.6163522012578616,1.0,0.6163522012578616
4,clab-nebula-serf43,40,119,159,119,40,0,0.7484276729559748,1.0,0.7484276729559748
4,clab-nebula-serf43,45,124,159,124,35,0,0.779874213836478,1.0,0.779874213836478
4,clab-nebula-serf43,50,126,159,126,33,0,0.7924528301886793,1.0,0.7924528301886793
4,clab-nebula-serf43,55,154,159,154,5,0,0.9685534591194969,1.0,0.9685534591194969
4,clab-nebula-serf43,60,154,159,154,5,0,0.9685534591194969,1.0,0.9685534591194969
4,clab-nebula-serf58,5,5,38,5,33,0,0.13157894736842105,1.0,0.13157894736842105
4,clab-nebula-serf58,10,19,46,19,27,0,0.41304347826086957,1.0,0.41304347826086957
4,clab-nebula-serf58,15,57,109,57,52,0,0.5229357798165137,1.0,0.5229357798165137
4,clab-nebula-serf58,20,79,159,79,80,0,0.4968553459119497,1.0,0.4968553459119497
4,clab-nebula-serf58,25,93,161,93,68,0,0.577639751552795,1.0,0.577639751552795
4,clab-nebula-serf58,30,118,159,118,41,0,0.7421383647798742,1.0,0.7421383647798742
4,clab-nebula-serf58,35,122,159,122,37,0,0.7672955974842768,1.0,0.7672955974842768
4,clab-nebula-serf58,40,125,159,125,34,0,0.7861635220125787,1.0,0.7861635220125787
4,clab-nebula-serf58,45,153,159,153,6,0,0.9622641509433962,1.0,0.9622641509433962
4,clab-nebula-serf58,50,154,159,154,5,0,0.9685534591194969,1.0,0.9685534591194969
4,clab-nebula-serf58,55,156,159,155,4,1,0.9748427672955975,0.9935897435897436,0.96875
4,clab-nebula-serf58,60,160,159,158,1,2,0.9937106918238994,0.9875,0.9813664596273292
4,clab-nebula-serf61,5,5,49,5,44,0,0.10204081632653061,1.0,0.10204081632653061
4,clab-nebula-serf61,10,20,46,20,26,0,0.43478260869565216,1.0,0.43478260869565216
4,clab-nebula-serf61,15,61,109,61,48,0,0.5596330275229358,1.0,0.5596330275229358
4,clab-nebula-serf61,20,79,159,79,80,0,0.4968553459119497,1.0,0.4968553459119497
4,clab-nebula-serf61,25,93,159,93,66,0,0.5849056603773585,1.0,0.5849056603773585
4,clab-nebula-serf61,30,118,159,118,41,0,0.7421383647798742,1.0,0.7421383647798742
4,clab-nebula-serf61,35,121,159,121,38,0,0.7610062893081762,1.0,0.7610062893081762
4,clab-nebula-serf61,40,124,159,124,35,0,0.779874213836478,1.0,0.779874213836478
4,clab-nebula-serf61,45,149,159,149,10,0,0.9371069182389937,1.0,0.9371069182389937
4,clab-nebula-serf61,50,154,159,154,5,0,0.9685534591194969,1.0,0.9685534591194969
4,clab-nebula-serf61,55,156,159,155,4,1,0.9748427672955975,0.9935897435897436,0.96875
4,clab-nebula-serf61,60,158,159,156,3,2,0.9811320754716981,0.9873417721518988,0.968944099378882
4,clab-nebula-serf112,5,0,0,0,0,0,0.0,0.0,0.0
4,clab-nebula-serf112,10,0,0,0,0,0,0.0,0.0,0.0
4,clab-nebula-serf112,15,0,0,0,0,0,0.0,0.0,0.0
4,clab-nebula-serf112,20,0,0,0,0,0,0.0,0.0,0.0
4,clab-nebula-serf112,25,5,140,3,137,2,0.02142857142857143,0.6,0.02112676056338028
4,clab-nebula-serf112,30,18,161,18,143,0,0.11180124223602485,1.0,0.11180124223602485
4,clab-nebula-serf112,35,34,159,34,125,0,0.2138364779874214,1.0,0.2138364779874214
4,clab-nebula-serf112,40,64,159,64,95,0,0.4025157232704403,1.0,0.4025157232704403
4,clab-nebula-serf112,45,103,159,103,56,0,0.6477987421383647,1.0,0.6477987421383647
4,clab-nebula-serf112,50,136,159,136,23,0,0.8553459119496856,1.0,0.8553459119496856
4,clab-nebula-serf112,55,148,159,147,12,1,0.9245283018867925,0.9932432432432432,0.91875
4,clab-nebula-serf112,60,159,159,157,2,2,0.9874213836477987,0.9874213836477987,0.9751552795031055
4,clab-nebula-serf15,5,1,29,1,28,0,0.034482758620689655,1.0,0.034482758620689655
4,clab-nebula-serf15,10,14,77,14,63,0,0.18181818181818182,1.0,0.18181818181818182
4,clab-nebula-serf15,15,32,77,32,45,0,0.4155844155844156,1.0,0.4155844155844156
4,clab-nebula-serf15,20,68,109,68,41,0,0.6238532110091743,1.0,0.6238532110091743
4,clab-nebula-serf15,25,88,159,88,71,0,0.5534591194968553,1.0,0.5534591194968553
4,clab-nebula-serf15,30,100,159,100,59,0,0.6289308176100629,1.0,0.6289308176100629
4,clab-nebula-serf15,35,117,159,117,42,0,0.7358490566037735,1.0,0.7358490566037735
4,clab-nebula-serf15,40,121,159,121,38,0,0.7610062893081762,1.0,0.7610062893081762
4,clab-nebula-serf15,45,124,159,124,35,0,0.779874213836478,1.0,0.779874213836478
4,clab-nebula-serf15,50,151,159,151,8,0,0.949685534591195,1.0,0.949685534591195
4,clab-nebula-serf15,55,154,159,154,5,0,0.9685534591194969,1.0,0.9685534591194969
4,clab-nebula-serf15,60,158,159,156,3,2,0.9811320754716981,0.9873417721518988,0.968944099378882
4,clab-nebula-serf16,5,2,8,2,6,0,0.25,1.0,0.25
4,clab-nebula-serf16,10,17,77,17,60,0,0.22077922077922077,1.0,0.22077922077922077
4,clab-nebula-serf16,15,33,77,33,44,0,0.42857142857142855,1.0,0.42857142857142855
4,clab-nebula-serf16,20,69,109,69,40,0,0.6330275229357798,1.0,0.6330275229357798
4,clab-nebula-serf16,25,88,159,88,71,0,0.5534591194968553,1.0,0.5534591194968553
4,clab-nebula-serf16,30,101,159,101,58,0,0.6352201257861635,1.0,0.6352201257861635
4,clab-nebula-serf16,35,119,159,119,40,0,0.7484276729559748,1.0,0.7484276729559748
4,clab-nebula-serf16,40,121,159,121,38,0,0.7610062893081762,1.0,0.7610062893081762
4,clab-nebula-serf16,45,126,159,126,33,0,0.7924528301886793,1.0,0.7924528301886793
4,clab-nebula-serf16,50,151,159,151,8,0,0.949685534591195,1.0,0.949685534591195
4,clab-nebula-serf16,55,155,159,154,5,1,0.9685534591194969,0.9935483870967742,0.9625
4,clab-nebula-serf16,60,158,159,156,3,2,0.9811320754716981,0.9873417721518988,0.968944099378882
4,clab-nebula-serf77,5,3,30,3,27,0,0.1,1.0,0.1
4,clab-nebula-serf77,10,24,159,24,135,0,0.1509433962264151,1.0,0.1509433962264151
4,clab-nebula-serf77,15,38,159,38,121,0,0.2389937106918239,1.0,0.2389937106918239
4,clab-nebula-serf77,20,67,159,67,92,0,0.42138364779874216,1.0,0.42138364779874216
4,clab-nebula-serf77,25,90,159,90,69,0,0.5660377358490566,1.0,0.5660377358490566
4,clab-nebula-serf77,30,113,159,113,46,0,0.710691823899371,1.0,0.710691823899371
4,clab-nebula-serf77,35,121,159,121,38,0,0.7610062893081762,1.0,0.7610062893081762
4,clab-nebula-serf77,40,125,159,125,34,0,0.7861635220125787,1.0,0.7861635220125787
4,clab-nebula-serf77,45,151,159,151,8,0,0.949685534591195,1.0,0.949685534591195
4,clab-nebula-serf77,50,154,159,154,5,0,0.9685534591194969,1.0,0.9685534591194969
4,clab-nebula-serf77,55,158,159,156,3,2,0.9811320754716981,0.9873417721518988,0.968944099378882
4,clab-nebula-serf77,60,161,159,159,0,2,1.0,0.9875776397515528,0.9875776397515528
4,clab-nebula-serf121,5,0,0,0,0,0,0.0,0.0,0.0
4,clab-nebula-serf121,10,1,161,1,160,0,0.006211180124223602,1.0,0.006211180124223602
4,clab-nebula-serf121,15,8,161,8,153,0,0.049689440993788817,1.0,0.049689440993788817
4,clab-nebula-serf121,20,15,161,15,146,0,0.09316770186335403,1.0,0.09316770186335403
4,clab-nebula-serf121,25,32,161,32,129,0,0.19875776397515527,1.0,0.19875776397515527
4,clab-nebula-serf121,30,81,159,81,78,0,0.5094339622641509,1.0,0.5094339622641509
4,clab-nebula-serf121,35,121,159,121,38,0,0.7610062893081762,1.0,0.7610062893081762
4,clab-nebula-serf121,40,138,159,138,21,0,0.8679245283018868,1.0,0.8679245283018868
4,clab-nebula-serf121,45,148,159,146,13,2,0.9182389937106918,0.9864864864864865,0.906832298136646
4,clab-nebula-serf121,50,160,159,158,1,2,0.9937106918238994,0.9875,0.9813664596273292
4,clab-nebula-serf121,55,161,159,159,0,2,1.0,0.9875776397515528,0.9875776397515528
4,clab-nebula-serf121,60,161,159,159,0,2,1.0,0.9875776397515528,0.9875776397515528
4,clab-nebula-serf140,5,0,0,0,0,0,0.0,0.0,0.0
4,clab-nebula-serf140,10,0,0,0,0,0,0.0,0.0,0.0
4,clab-nebula-serf140,15,0,0,0,0,0,0.0,0.0,0.0
4,clab-nebula-serf140,20,13,37,13,24,0,0.35135135135135137,1.0,0.35135135135135137
4,clab-nebula-serf140,25,14,37,14,23,0,0.3783783783783784,1.0,0.3783783783783784
4,clab-nebula-serf140,30,25,161,25,136,0,0.15527950310559005,1.0,0.15527950310559005
4,clab-nebula-serf140,35,39,161,39,122,0,0.2422360248447205,1.0,0.2422360248447205
4,clab-nebula-serf140,40,52,161,52,109,0,0.32298136645962733,1.0,0.32298136645962733
4,clab-nebula-serf140,45,82,161,82,79,0,0.5093167701863354,1.0,0.5093167701863354
4,clab-nebula-serf140,50,108,161,108,53,0,0.6708074534161491,1.0,0.6708074534161491
4,clab-nebula-serf140,55,136,161,136,25,0,0.84472049689441,1.0,0.84472049689441
4,clab-nebula-serf140,60,145,161,145,16,0,0.9006211180124224,1.0,0.9006211180124224
4,clab-nebula-serf148,5,0,0,0,0,0,0.0,0.0,0.0
4,clab-nebula-serf148,10,0,0,0,0,0,0.0,0.0,0.0
4,clab-nebula-serf148,15,0,0,0,0,0,0.0,0.0,0.0
4,clab-nebula-serf148,20,6,137,6,131,0,0.043795620437956206,1.0,0.043795620437956206
4,clab-nebula-serf148,25,12,137,12,125,0,0.08759124087591241,1.0,0.08759124087591241
4,clab-nebula-serf148,30,22,161,22,139,0,0.13664596273291926,1.0,0.13664596273291926
4,clab-nebula-serf148,35,38,161,38,123,0,0.2360248447204969,1.0,0.2360248447204969
4,clab-nebula-serf148,40,52,161,52,109,0,0.32298136645962733,1.0,0.32298136645962733
4,clab-nebula-serf148,45,68,161,68,93,0,0.422360248447205,1.0,0.422360248447205
4,clab-nebula-serf148,50,103,161,103,58,0,0.639751552795031,1.0,0.639751552795031
4,clab-nebula-serf148,55,133,161,133,28,0,0.8260869565217391,1.0,0.8260869565217391
4,clab-nebula-serf148,60,148,161,148,13,0,0.9192546583850931,1.0,0.9192546583850931
4,clab-nebula-serf154,5,0,1,0,1,0,0.0,0.0,0.0
4,clab-nebula-serf154,10,0,1,0,1,0,0.0,0.0,0.0
4,clab-nebula-serf154,15,1,11,1,10,0,0.09090909090909091,1.0,0.09090909090909091
4,clab-nebula-serf154,20,9,137,9,128,0,0.06569343065693431,1.0,0.06569343065693431
4,clab-nebula-serf154,25,12,137,12,125,0,0.08759124087591241,1.0,0.08759124087591241
4,clab-nebula-serf154,30,23,161,23,138,0,0.14285714285714285,1.0,0.14285714285714285
4,clab-nebula-serf154,35,42,161,42,119,0,0.2608695652173913,1.0,0.2608695652173913
4,clab-nebula-serf154,40,55,161,55,106,0,0.3416149068322981,1.0,0.3416149068322981
4,clab-nebula-serf154,45,79,161,79,82,0,0.4906832298136646,1.0,0.4906832298136646
4,clab-nebula-serf154,50,113,161,113,48,0,0.7018633540372671,1.0,0.7018633540372671
4,clab-nebula-serf154,55,137,161,137,24,0,0.8509316770186336,1.0,0.8509316770186336
4,clab-nebula-serf154,60,147,161,147,14,0,0.9130434782608695,1.0,0.9130434782608695
4,clab-nebula-serf156,5,0,0,0,0,0,0.0,0.0,0.0
4,clab-nebula-serf156,10,0,0,0,0,0,0.0,0.0,0.0
4,clab-nebula-serf156,15,4,137,4,133,0,0.029197080291970802,1.0,0.029197080291970802
4,clab-nebula-serf156,20,12,137,12,125,0,0.08759124087591241,1.0,0.08759124087591241
4,clab-nebula-serf156,25,18,140,18,122,0,0.12857142857142856,1.0,0.12857142857142856
4,clab-nebula-serf156,30,33,140,30,110,3,0.21428571428571427,0.9090909090909091,0.2097902097902098
4,clab-nebula-serf156,35,49,161,49,112,0,0.30434782608695654,1.0,0.30434782608695654
4,clab-nebula-serf156,40,61,161,61,100,0,0.37888198757763975,1.0,0.37888198757763975
4,clab-nebula-serf156,45,99,161,99,62,0,0.6149068322981367,1.0,0.6149068322981367
4,clab-nebula-serf156,50,130,161,130,31,0,0.8074534161490683,1.0,0.8074534161490683
4,clab-nebula-serf156,55,145,161,145,16,0,0.9006211180124224,1.0,0.9006211180124224
4,clab-nebula-serf156,60,154,159,152,7,2,0.9559748427672956,0.987012987012987,0.9440993788819876
4,clab-nebula-serf23,5,0,0,0,0,0,0.0,0.0,0.0
4,clab-nebula-serf23,10,0,0,0,0,0,0.0,0.0,0.0
4,clab-nebula-serf23,15,4,64,4,60,0,0.0625,1.0,0.0625
4,clab-nebula-serf23,20,11,67,11,56,0,0.16417910447761194,1.0,0.16417910447761194
4,clab-nebula-serf23,25,22,159,22,137,0,0.13836477987421383,1.0,0.13836477987421383
4,clab-nebula-serf23,30,39,159,39,120,0,0.24528301886792453,1.0,0.24528301886792453
4,clab-nebula-serf23,35,75,159,75,84,0,0.4716981132075472,1.0,0.4716981132075472
4,clab-nebula-serf23,40,91,159,91,68,0,0.5723270440251572,1.0,0.5723270440251572
4,clab-nebula-serf23,45,99,159,99,60,0,0.6226415094339622,1.0,0.6226415094339622
4,clab-nebula-serf23,50,117,159,117,42,0,0.7358490566037735,1.0,0.7358490566037735
4,clab-nebula-serf23,55,122,159,122,37,0,0.7672955974842768,1.0,0.7672955974842768
4,clab-nebula-serf23,60,124,159,124,35,0,0.779874213836478,1.0,0.779874213836478
4,clab-nebula-serf39,5,2,159,2,157,0,0.012578616352201259,1.0,0.012578616352201259
4,clab-nebula-serf39,10,15,159,15,144,0,0.09433962264150944,1.0,0.09433962264150944
4,clab-nebula-serf39,15,53,159,53,106,0,0.3333333333333333,1.0,0.3333333333333333
4,clab-nebula-serf39,20,81,159,81,78,0,0.5094339622641509,1.0,0.5094339622641509
4,clab-nebula-serf39,25,90,159,90,69,0,0.5660377358490566,1.0,0.5660377358490566
4,clab-nebula-serf39,30,106,159,106,53,0,0.6666666666666666,1.0,0.6666666666666666
4,clab-nebula-serf39,35,119,159,119,40,0,0.7484276729559748,1.0,0.7484276729559748
4,clab-nebula-serf39,40,124,159,124,35,0,0.779874213836478,1.0,0.779874213836478
4,clab-nebula-serf39,45,138,159,138,21,0,0.8679245283018868,1.0,0.8679245283018868
4,clab-nebula-serf39,50,154,159,154,5,0,0.9685534591194969,1.0,0.9685534591194969
4,clab-nebula-serf39,55,155,159,154,5,1,0.9685534591194969,0.9935483870967742,0.9625
4,clab-nebula-serf39,60,158,159,156,3,2,0.9811320754716981,0.9873417721518988,0.968944099378882
4,clab-nebula-serf62,5,0,0,0,0,0,0.0,0.0,0.0
4,clab-nebula-serf62,10,4,67,4,63,0,0.05970149253731343,1.0,0.05970149253731343
4,clab-nebula-serf62,15,13,67,13,54,0,0.19402985074626866,1.0,0.19402985074626866
4,clab-nebula-serf62,20,48,109,48,61,0,0.44036697247706424,1.0,0.44036697247706424
4,clab-nebula-serf62,25,73,159,73,86,0,0.4591194968553459,1.0,0.4591194968553459
4,clab-nebula-serf62,30,88,161,88,73,0,0.546583850931677,1.0,0.546583850931677
4,clab-nebula-serf62,35,110,159,110,49,0,0.6918238993710691,1.0,0.6918238993710691
4,clab-nebula-serf62,40,120,159,120,39,0,0.7547169811320755,1.0,0.7547169811320755
4,clab-nebula-serf62,45,124,159,124,35,0,0.779874213836478,1.0,0.779874213836478
4,clab-nebula-serf62,50,144,159,144,15,0,0.9056603773584906,1.0,0.9056603773584906
4,clab-nebula-serf62,55,154,159,154,5,0,0.9685534591194969,1.0,0.9685534591194969
4,clab-nebula-serf62,60,154,159,154,5,0,0.9685534591194969,1.0,0.9685534591194969
4,clab-nebula-serf107,5,0,0,0,0,0,0.0,0.0,0.0
4,clab-nebula-serf107,10,2,161,2,159,0,0.012422360248447204,1.0,0.012422360248447204
4,clab-nebula-serf107,15,6,161,6,155,0,0.037267080745341616,1.0,0.037267080745341616
4,clab-nebula-serf107,20,15,161,15,146,0,0.09316770186335403,1.0,0.09316770186335403
4,clab-nebula-serf107,25,40,161,40,121,0,0.2484472049689441,1.0,0.2484472049689441
4,clab-nebula-serf107,30,71,161,71,90,0,0.4409937888198758,1.0,0.4409937888198758
4,clab-nebula-serf107,35,104,161,104,57,0,0.6459627329192547,1.0,0.6459627329192547
4,clab-nebula-serf107,40,144,148,131,17,13,0.8851351351351351,0.9097222222222222,0.8136645962732919
4,clab-nebula-serf107,45,149,148,136,12,13,0.918918918918919,0.912751677852349,0.84472049689441
4,clab-nebula-serf107,50,154,148,141,7,13,0.9527027027027027,0.9155844155844156,0.8757763975155279
4,clab-nebula-serf107,55,157,148,144,4,13,0.972972972972973,0.9171974522292994,0.8944099378881988
4,clab-nebula-serf107,60,161,148,148,0,13,1.0,0.9192546583850931,0.9192546583850931
4,clab-nebula-serf115,5,0,0,0,0,0,0.0,0.0,0.0
4,clab-nebula-serf115,10,0,0,0,0,0,0.0,0.0,0.0
4,clab-nebula-serf115,15,0,0,0,0,0,0.0,0.0,0.0
4,clab-nebula-serf115,20,0,0,0,0,0,0.0,0.0,0.0
4,clab-nebula-serf115,25,0,0,0,0,0,0.0,0.0,0.0
4,clab-nebula-serf115,30,0,0,0,0,0,0.0,0.0,0.0
4,clab-nebula-serf115,35,1,148,1,147,0,0.006756756756756757,1.0,0.006756756756756757
4,clab-nebula-serf115,40,3,159,3,156,0,0.018867924528301886,1.0,0.018867924528301886
4,clab-nebula-serf115,45,6,148,4,144,2,0.02702702702702703,0.6666666666666666,0.02666666666666667
4,clab-nebula-serf115,50,23,148,21,127,2,0.14189189189189189,0.9130434782608695,0.14
4,clab-nebula-serf115,55,57,148,52,96,5,0.35135135135135137,0.9122807017543859,0.33986928104575165
4,clab-nebula-serf115,60,103,148,90,58,13,0.6081081081081081,0.8737864077669902,0.5590062111801242
4,clab-nebula-serf151,5,0,0,0,0,0,0.0,0.0,0.0
4,clab-nebula-serf151,10,0,0,0,0,0,0.0,0.0,0.0
4,clab-nebula-serf151,15,1,11,1,10,0,0.09090909090909091,1.0,0.09090909090909091
4,clab-nebula-serf151,20,11,137,11,126,0,0.08029197080291971,1.0,0.08029197080291971
4,clab-nebula-serf151,25,13,137,13,124,0,0.0948905109489051,1.0,0.0948905109489051
4,clab-nebula-serf151,30,23,161,23,138,0,0.14285714285714285,1.0,0.14285714285714285
4,clab-nebula-serf151,35,43,161,43,118,0,0.2670807453416149,1.0,0.2670807453416149
4,clab-nebula-serf151,40,55,161,55,106,0,0.3416149068322981,1.0,0.3416149068322981
4,clab-nebula-serf151,45,81,161,81,80,0,0.5031055900621118,1.0,0.5031055900621118
4,clab-nebula-serf151,50,114,161,114,47,0,0.7080745341614907,1.0,0.7080745341614907
4,clab-nebula-serf151,55,137,161,137,24,0,0.8509316770186336,1.0,0.8509316770186336
4,clab-nebula-serf151,60,148,161,148,13,0,0.9192546583850931,1.0,0.9192546583850931
4,clab-nebula-serf158,5,4,11,4,7,0,0.36363636363636365,1.0,0.36363636363636365
4,clab-nebula-serf158,10,4,11,4,7,0,0.36363636363636365,1.0,0.36363636363636365
4,clab-nebula-serf158,15,5,12,5,7,0,0.4166666666666667,1.0,0.4166666666666667
4,clab-nebula-serf158,20,8,27,8,19,0,0.2962962962962963,1.0,0.2962962962962963
4,clab-nebula-serf158,25,16,161,16,145,0,0.09937888198757763,1.0,0.09937888198757763
4,clab-nebula-serf158,30,34,161,34,127,0,0.2111801242236025,1.0,0.2111801242236025
4,clab-nebula-serf158,35,40,161,40,121,0,0.2484472049689441,1.0,0.2484472049689441
4,clab-nebula-serf158,40,52,161,52,109,0,0.32298136645962733,1.0,0.32298136645962733
4,clab-nebula-serf158,45,68,161,68,93,0,0.422360248447205,1.0,0.422360248447205
4,clab-nebula-serf158,50,103,161,103,58,0,0.639751552795031,1.0,0.639751552795031
4,clab-nebula-serf158,55,136,161,136,25,0,0.84472049689441,1.0,0.84472049689441
4,clab-nebula-serf158,60,148,161,148,13,0,0.9192546583850931,1.0,0.9192546583850931
4,clab-nebula-serf28,5,0,0,0,0,0,0.0,0.0,0.0
4,clab-nebula-serf28,10,1,82,1,81,0,0.012195121951219513,1.0,0.012195121951219513
4,clab-nebula-serf28,15,2,82,2,80,0,0.024390243902439025,1.0,0.024390243902439025
4,clab-nebula-serf28,20,4,82,4,78,0,0.04878048780487805,1.0,0.04878048780487805
4,clab-nebula-serf28,25,7,119,7,112,0,0.058823529411764705,1.0,0.058823529411764705
4,clab-nebula-serf28,30,19,115,15,100,4,0.13043478260869565,0.7894736842105263,0.12605042016806722
4,clab-nebula-serf28,35,29,115,23,92,6,0.2,0.7931034482758621,0.19008264462809918
4,clab-nebula-serf28,40,61,139,56,83,5,0.4028776978417266,0.9180327868852459,0.3888888888888889
4,clab-nebula-serf28,45,91,139,83,56,8,0.5971223021582733,0.9120879120879121,0.564625850340136
4,clab-nebula-serf28,50,95,139,86,53,9,0.6187050359712231,0.9052631578947369,0.581081081081081
4,clab-nebula-serf28,55,111,148,109,39,2,0.7364864864864865,0.9819819819819819,0.7266666666666667
4,clab-nebula-serf28,60,121,148,119,29,2,0.8040540540540541,0.9834710743801653,0.7933333333333333
4,clab-nebula-serf29,5,0,0,0,0,0,0.0,0.0,0.0
4,clab-nebula-serf29,10,2,158,2,156,0,0.012658227848101266,1.0,0.012658227848101266
4,clab-nebula-serf29,15,6,159,6,153,0,0.03773584905660377,1.0,0.03773584905660377
4,clab-nebula-serf29,20,14,159,14,145,0,0.0880503144654088,1.0,0.0880503144654088
4,clab-nebula-serf29,25,23,159,23,136,0,0.14465408805031446,1.0,0.14465408805031446
4,clab-nebula-serf29,30,39,159,39,120,0,0.24528301886792453,1.0,0.24528301886792453
4,clab-nebula-serf29,35,79,159,79,80,0,0.4968553459119497,1.0,0.4968553459119497
4,clab-nebula-serf29,40,92,159,92,67,0,0.5786163522012578,1.0,0.5786163522012578
4,clab-nebula-serf29,45,98,159,98,61,0,0.6163522012578616,1.0,0.6163522012578616
4,clab-nebula-serf29,50,115,159,115,44,0,0.7232704402515723,1.0,0.7232704402515723
4,clab-nebula-serf29,55,122,159,122,37,0,0.7672955974842768,1.0,0.7672955974842768
4,clab-nebula-serf29,60,125,159,125,34,0,0.7861635220125787,1.0,0.7861635220125787
6,clab-nebula-serf130,5,0,0,0,0,0,0.0,0.0,0.0
6,clab-nebula-serf130,10,0,0,0,0,0,0.0,0.0,0.0
6,clab-nebula-serf130,15,0,0,0,0,0,0.0,0.0,0.0
6,clab-nebula-serf130,20,13,39,13,26,0,0.3333333333333333,1.0,0.3333333333333333
6,clab-nebula-serf130,25,14,39,14,25,0,0.358974358974359,1.0,0.358974358974359
6,clab-nebula-serf130,30,24,39,23,16,1,0.5897435897435898,0.9583333333333334,0.575
6,clab-nebula-serf130,35,41,161,41,120,0,0.2546583850931677,1.0,0.2546583850931677
6,clab-nebula-serf130,40,53,161,53,108,0,0.32919254658385094,1.0,0.32919254658385094
6,clab-nebula-serf130,45,84,161,84,77,0,0.5217391304347826,1.0,0.5217391304347826
6,clab-nebula-serf130,50,111,161,111,50,0,0.6894409937888198,1.0,0.6894409937888198
6,clab-nebula-serf130,55,136,161,136,25,0,0.84472049689441,1.0,0.84472049689441
6,clab-nebula-serf130,60,146,161,146,15,0,0.906832298136646,1.0,0.906832298136646
6,clab-nebula-serf161,5,4,3,3,0,1,1.0,0.75,0.75
6,clab-nebula-serf161,10,4,3,3,0,1,1.0,0.75,0.75
6,clab-nebula-serf161,15,5,11,5,6,0,0.45454545454545453,1.0,0.45454545454545453
6,clab-nebula-serf161,20,10,14,9,5,1,0.6428571428571429,0.9,0.6
6,clab-nebula-serf161,25,22,161,22,139,0,0.13664596273291926,1.0,0.13664596273291926
6,clab-nebula-serf161,30,36,161,36,125,0,0.2236024844720497,1.0,0.2236024844720497
6,clab-nebula-serf161,35,42,161,42,119,0,0.2608695652173913,1.0,0.2608695652173913
6,clab-nebula-serf161,40,58,161,58,103,0,0.36024844720496896,1.0,0.36024844720496896
6,clab-nebula-serf161,45,79,161,79,82,0,0.4906832298136646,1.0,0.4906832298136646
6,clab-nebula-serf161,50,117,161,117,44,0,0.7267080745341615,1.0,0.7267080745341615
6,clab-nebula-serf161,55,139,153,131,22,8,0.8562091503267973,0.9424460431654677,0.8136645962732919
6,clab-nebula-serf161,60,149,153,141,12,8,0.9215686274509803,0.9463087248322147,0.8757763975155279
6,clab-nebula-serf32,5,3,15,3,12,0,0.2,1.0,0.2
6,clab-nebula-serf32,10,19,159,19,140,0,0.11949685534591195,1.0,0.11949685534591195
6,clab-nebula-serf32,15,32,159,32,127,0,0.20125786163522014,1.0,0.20125786163522014
6,clab-nebula-serf32,20,59,159,59,100,0,0.3710691823899371,1.0,0.3710691823899371
6,clab-nebula-serf32,25,88,159,88,71,0,0.5534591194968553,1.0,0.5534591194968553
6,clab-nebula-serf32,30,95,159,95,64,0,0.5974842767295597,1.0,0.5974842767295597
6,clab-nebula-serf32,35,108,159,108,51,0,0.6792452830188679,1.0,0.6792452830188679
6,clab-nebula-serf32,40,121,159,121,38,0,0.7610062893081762,1.0,0.7610062893081762
6,clab-nebula-serf32,45,124,159,124,35,0,0.779874213836478,1.0,0.779874213836478
6,clab-nebula-serf32,50,137,159,137,22,0,0.8616352201257862,1.0,0.8616352201257862
6,clab-nebula-serf32,55,154,159,154,5,0,0.9685534591194969,1.0,0.9685534591194969
6,clab-nebula-serf32,60,155,159,154,5,1,0.9685534591194969,0.9935483870967742,0.9625
6,clab-nebula-serf63,5,0,0,0,0,0,0.0,0.0,0.0
6,clab-nebula-serf63,10,0,0,0,0,0,0.0,0.0,0.0
6,clab-nebula-serf63,15,6,44,6,38,0,0.13636363636363635,1.0,0.13636363636363635
6,clab-nebula-serf63,20,32,159,32,127,0,0.20125786163522014,1.0,0.20125786163522014
6,clab-nebula-serf63,25,64,159,64,95,0,0.4025157232704403,1.0,0.4025157232704403
6,clab-nebula-serf63,30,84,159,84,75,0,0.5283018867924528,1.0,0.5283018867924528
6,clab-nebula-serf63,35,103,159,103,56,0,0.6477987421383647,1.0,0.6477987421383647
6,clab-nebula-serf63,40,119,159,119,40,0,0.7484276729559748,1.0,0.7484276729559748
6,clab-nebula-serf63,45,124,159,124,35,0,0.779874213836478,1.0,0.779874213836478
6,clab-nebula-serf63,50,128,159,128,31,0,0.8050314465408805,1.0,0.8050314465408805
6,clab-nebula-serf63,55,154,159,154,5,0,0.9685534591194969,1.0,0.9685534591194969
6,clab-nebula-serf63,60,154,159,154,5,0,0.9685534591194969,1.0,0.9685534591194969
6,clab-nebula-serf45,5,2,10,2,8,0,0.2,1.0,0.2
6,clab-nebula-serf45,10,8,17,8,9,0,0.47058823529411764,1.0,0.47058823529411764
6,clab-nebula-serf45,15,22,48,22,26,0,0.4583333333333333,1.0,0.4583333333333333
6,clab-nebula-serf45,20,40,48,38,10,2,0.7916666666666666,0.95,0.76
6,clab-nebula-serf45,25,80,104,76,28,4,0.7307692307692307,0.95,0.7037037037037037
6,clab-nebula-serf45,30,90,159,90,69,0,0.5660377358490566,1.0,0.5660377358490566
6,clab-nebula-serf45,35,118,159,118,41,0,0.7421383647798742,1.0,0.7421383647798742
6,clab-nebula-serf45,40,121,159,121,38,0,0.7610062893081762,1.0,0.7610062893081762
6,clab-nebula-serf45,45,124,159,124,35,0,0.779874213836478,1.0,0.779874213836478
6,clab-nebula-serf45,50,145,159,145,14,0,0.9119496855345912,1.0,0.9119496855345912
6,clab-nebula-serf45,55,154,159,154,5,0,0.9685534591194969,1.0,0.9685534591194969
6,clab-nebula-serf45,60,155,159,155,4,0,0.9748427672955975,1.0,0.9748427672955975
6,clab-nebula-serf49,5,4,10,3,7,1,0.3,0.75,0.2727272727272727
6,clab-nebula-serf49,10,14,48,14,34,0,0.2916666666666667,1.0,0.2916666666666667
6,clab-nebula-serf49,15,30,48,30,18,0,0.625,1.0,0.625
6,clab-nebula-serf49,20,67,104,64,40,3,0.6153846153846154,0.9552238805970149,0.5981308411214953
6,clab-nebula-serf49,25,84,159,84,75,0,0.5283018867924528,1.0,0.5283018867924528
6,clab-nebula-serf49,30,106,159,106,53,0,0.6666666666666666,1.0,0.6666666666666666
6,clab-nebula-serf49,35,121,159,121,38,0,0.7610062893081762,1.0,0.7610062893081762
6,clab-nebula-serf49,40,124,159,124,35,0,0.779874213836478,1.0,0.779874213836478
6,clab-nebula-serf49,45,135,159,135,24,0,0.8490566037735849,1.0,0.8490566037735849
6,clab-nebula-serf49,50,154,159,154,5,0,0.9685534591194969,1.0,0.9685534591194969
6,clab-nebula-serf49,55,154,159,154,5,0,0.9685534591194969,1.0,0.9685534591194969
6,clab-nebula-serf49,60,157,159,155,4,2,0.9748427672955975,0.9872611464968153,0.9627329192546584
6,clab-nebula-serf83,5,0,0,0,0,0,0.0,0.0,0.0
6,clab-nebula-serf83,10,3,7,3,4,0,0.42857142857142855,1.0,0.42857142857142855
6,clab-nebula-serf83,15,14,63,10,53,4,0.15873015873015872,0.7142857142857143,0.14925373134328357
6,clab-nebula-serf83,20,33,135,33,102,0,0.24444444444444444,1.0,0.24444444444444444
6,clab-nebula-serf83,25,50,143,49,94,1,0.34265734265734266,0.98,0.3402777777777778
6,clab-nebula-serf83,30,79,150,79,71,0,0.5266666666666666,1.0,0.5266666666666666
6,clab-nebula-serf83,35,109,150,109,41,0,0.7266666666666667,1.0,0.7266666666666667
6,clab-nebula-serf83,40,119,150,119,31,0,0.7933333333333333,1.0,0.7933333333333333
6,clab-nebula-serf83,45,128,150,127,23,1,0.8466666666666667,0.9921875,0.8410596026490066
6,clab-nebula-serf83,50,140,150,137,13,3,0.9133333333333333,0.9785714285714285,0.8954248366013072
6,clab-nebula-serf83,55,154,150,143,7,11,0.9533333333333334,0.9285714285714286,0.8881987577639752
6,clab-nebula-serf83,60,156,150,145,5,11,0.9666666666666667,0.9294871794871795,0.9006211180124224
6,clab-nebula-serf91,5,3,68,3,65,0,0.04411764705882353,1.0,0.04411764705882353
6,clab-nebula-serf91,10,17,132,17,115,0,0.12878787878787878,1.0,0.12878787878787878
6,clab-nebula-serf91,15,36,121,33,88,3,0.2727272727272727,0.9166666666666666,0.2661290322580645
6,clab-nebula-serf91,20,56,150,56,94,0,0.37333333333333335,1.0,0.37333333333333335
6,clab-nebula-serf91,25,81,150,81,69,0,0.54,1.0,0.54
6,clab-nebula-serf91,30,112,150,112,38,0,0.7466666666666667,1.0,0.7466666666666667
6,clab-nebula-serf91,35,119,150,119,31,0,0.7933333333333333,1.0,0.7933333333333333
6,clab-nebula-serf91,40,129,150,127,23,2,0.8466666666666667,0.9844961240310077,0.8355263157894737
6,clab-nebula-serf91,45,146,150,139,11,7,0.9266666666666666,0.952054794520548,0.8853503184713376
6,clab-nebula-serf91,50,154,150,143,7,11,0.9533333333333334,0.9285714285714286,0.8881987577639752
6,clab-nebula-serf91,55,157,150,146,4,11,0.9733333333333334,0.9299363057324841,0.906832298136646
6,clab-nebula-serf91,60,161,150,150,0,11,1.0,0.9316770186335404,0.9316770186335404
6,clab-nebula-serf136,5,0,0,0,0,0,0.0,0.0,0.0
6,clab-nebula-serf136,10,0,0,0,0,0,0.0,0.0,0.0
6,clab-nebula-serf136,15,2,13,2,11,0,0.15384615384615385,1.0,0.15384615384615385
6,clab-nebula-serf136,20,14,39,14,25,0,0.358974358974359,1.0,0.358974358974359
6,clab-nebula-serf136,25,18,39,18,21,0,0.46153846153846156,1.0,0.46153846153846156
6,clab-nebula-serf136,30,28,161,28,133,0,0.17391304347826086,1.0,0.17391304347826086
6,clab-nebula-serf136,35,45,161,45,116,0,0.2795031055900621,1.0,0.2795031055900621
6,clab-nebula-serf136,40,66,161,66,95,0,0.40993788819875776,1.0,0.40993788819875776
6,clab-nebula-serf136,45,95,161,95,66,0,0.5900621118012422,1.0,0.5900621118012422
6,clab-nebula-serf136,50,124,161,124,37,0,0.7701863354037267,1.0,0.7701863354037267
6,clab-nebula-serf136,55,137,161,137,24,0,0.8509316770186336,1.0,0.8509316770186336
6,clab-nebula-serf136,60,149,161,149,12,0,0.9254658385093167,1.0,0.9254658385093167
6,clab-nebula-serf146,5,0,0,0,0,0,0.0,0.0,0.0
6,clab-nebula-serf146,10,0,0,0,0,0,0.0,0.0,0.0
6,clab-nebula-serf146,15,1,24,0,24,1,0.0,0.0,0.0
6,clab-nebula-serf146,20,5,24,4,20,1,0.16666666666666666,0.8,0.16
6,clab-nebula-serf146,25,8,25,8,17,0,0.32,1.0,0.32
6,clab-nebula-serf146,30,16,80,15,65,1,0.1875,0.9375,0.18518518518518517
6,clab-nebula-serf146,35,44,161,44,117,0,0.2732919254658385,1.0,0.2732919254658385
6,clab-nebula-serf146,40,58,161,58,103,0,0.36024844720496896,1.0,0.36024844720496896
6,clab-nebula-serf146,45,78,161,78,83,0,0.484472049689441,1.0,0.484472049689441
6,clab-nebula-serf146,50,114,161,114,47,0,0.7080745341614907,1.0,0.7080745341614907
6,clab-nebula-serf146,55,137,161,137,24,0,0.8509316770186336,1.0,0.8509316770186336
6,clab-nebula-serf146,60,146,161,146,15,0,0.906832298136646,1.0,0.906832298136646
6,clab-nebula-serf12,5,0,0,0,0,0,0.0,0.0,0.0
6,clab-nebula-serf12,10,5,60,5,55,0,0.08333333333333333,1.0,0.08333333333333333
6,clab-nebula-serf12,15,19,65,19,46,0,0.2923076923076923,1.0,0.2923076923076923
6,clab-nebula-serf12,20,38,104,38,66,0,0.36538461538461536,1.0,0.36538461538461536
6,clab-nebula-serf12,25,71,104,69,35,2,0.6634615384615384,0.971830985915493,0.6509433962264151
6,clab-nebula-serf12,30,88,159,88,71,0,0.5534591194968553,1.0,0.5534591194968553
6,clab-nebula-serf12,35,102,159,102,57,0,0.6415094339622641,1.0,0.6415094339622641
6,clab-nebula-serf12,40,119,159,119,40,0,0.7484276729559748,1.0,0.7484276729559748
6,clab-nebula-serf12,45,121,159,121,38,0,0.7610062893081762,1.0,0.7610062893081762
6,clab-nebula-serf12,50,127,159,127,32,0,0.7987421383647799,1.0,0.7987421383647799
6,clab-nebula-serf12,55,153,159,153,6,0,0.9622641509433962,1.0,0.9622641509433962
6,clab-nebula-serf12,60,155,159,154,5,1,0.9685534591194969,0.9935483870967742,0.9625
6,clab-nebula-serf19,5,0,0,0,0,0,0.0,0.0,0.0
6,clab-nebula-serf19,10,5,40,5,35,0,0.125,1.0,0.125
6,clab-nebula-serf19,15,23,43,22,21,1,0.5116279069767442,0.9565217391304348,0.5
6,clab-nebula-serf19,20,44,104,44,60,0,0.4230769230769231,1.0,0.4230769230769231
6,clab-nebula-serf19,25,73,159,73,86,0,0.4591194968553459,1.0,0.4591194968553459
6,clab-nebula-serf19,30,90,159,90,69,0,0.5660377358490566,1.0,0.5660377358490566
6,clab-nebula-serf19,35,105,159,105,54,0,0.660377358490566,1.0,0.660377358490566
6,clab-nebula-serf19,40,120,159,120,39,0,0.7547169811320755,1.0,0.7547169811320755
6,clab-nebula-serf19,45,123,159,123,36,0,0.7735849056603774,1.0,0.7735849056603774
6,clab-nebula-serf19,50,142,159,142,17,0,0.8930817610062893,1.0,0.8930817610062893
6,clab-nebula-serf19,55,153,159,153,6,0,0.9622641509433962,1.0,0.9622641509433962
6,clab-nebula-serf19,60,157,159,155,4,2,0.9748427672955975,0.9872611464968153,0.9627329192546584
6,clab-nebula-serf80,5,0,0,0,0,0,0.0,0.0,0.0
6,clab-nebula-serf80,10,14,159,14,145,0,0.0880503144654088,1.0,0.0880503144654088
6,clab-nebula-serf80,15,32,159,32,127,0,0.20125786163522014,1.0,0.20125786163522014
6,clab-nebula-serf80,20,55,161,55,106,0,0.3416149068322981,1.0,0.3416149068322981
6,clab-nebula-serf80,25,84,159,84,75,0,0.5283018867924528,1.0,0.5283018867924528
6,clab-nebula-serf80,30,110,159,110,49,0,0.6918238993710691,1.0,0.6918238993710691
6,clab-nebula-serf80,35,120,159,120,39,0,0.7547169811320755,1.0,0.7547169811320755
6,clab-nebula-serf80,40,127,159,127,32,0,0.7987421383647799,1.0,0.7987421383647799
6,clab-nebula-serf80,45,152,159,152,7,0,0.9559748427672956,1.0,0.9559748427672956
6,clab-nebula-serf80,50,154,159,154,5,0,0.9685534591194969,1.0,0.9685534591194969
6,clab-nebula-serf80,55,156,159,155,4,1,0.9748427672955975,0.9935897435897436,0.96875
6,clab-nebula-serf80,60,159,159,157,2,2,0.9874213836477987,0.9874213836477987,0.9751552795031055
6,clab-nebula-serf111,5,1,4,1,3,0,0.25,1.0,0.25
6,clab-nebula-serf111,10,7,6,6,0,1,1.0,0.8571428571428571,0.8571428571428571
6,clab-nebula-serf111,15,17,161,17,144,0,0.10559006211180125,1.0,0.10559006211180125
6,clab-nebula-serf111,20,47,161,47,114,0,0.2919254658385093,1.0,0.2919254658385093
6,clab-nebula-serf111,25,73,161,73,88,0,0.453416149068323,1.0,0.453416149068323
6,clab-nebula-serf111,30,111,150,106,44,5,0.7066666666666667,0.954954954954955,0.6838709677419355
6,clab-nebula-serf111,35,145,150,134,16,11,0.8933333333333333,0.9241379310344827,0.8322981366459627
6,clab-nebula-serf111,40,150,150,139,11,11,0.9266666666666666,0.9266666666666666,0.8633540372670807
6,clab-nebula-serf111,45,154,150,143,7,11,0.9533333333333334,0.9285714285714286,0.8881987577639752
6,clab-nebula-serf111,50,158,150,147,3,11,0.98,0.930379746835443,0.9130434782608695
6,clab-nebula-serf111,55,161,150,150,0,11,1.0,0.9316770186335404,0.9316770186335404
6,clab-nebula-serf111,60,161,150,150,0,11,1.0,0.9316770186335404,0.9316770186335404
6,clab-nebula-serf109,5,3,5,3,2,0,0.6,1.0,0.6
6,clab-nebula-serf109,10,8,65,8,57,0,0.12307692307692308,1.0,0.12307692307692308
6,clab-nebula-serf109,15,26,161,26,135,0,0.16149068322981366,1.0,0.16149068322981366
6,clab-nebula-serf109,20,58,161,58,103,0,0.36024844720496896,1.0,0.36024844720496896
6,clab-nebula-serf109,25,87,161,87,74,0,0.5403726708074534,1.0,0.5403726708074534
6,clab-nebula-serf109,30,130,150,119,31,11,0.7933333333333333,0.9153846153846154,0.7391304347826086
6,clab-nebula-serf109,35,145,150,134,16,11,0.8933333333333333,0.9241379310344827,0.8322981366459627
6,clab-nebula-serf109,40,153,150,142,8,11,0.9466666666666667,0.9281045751633987,0.8819875776397516
6,clab-nebula-serf109,45,155,150,144,6,11,0.96,0.9290322580645162,0.8944099378881988
6,clab-nebula-serf109,50,159,150,148,2,11,0.9866666666666667,0.9308176100628931,0.9192546583850931
6,clab-nebula-serf109,55,161,150,150,0,11,1.0,0.9316770186335404,0.9316770186335404
6,clab-nebula-serf109,60,161,150,150,0,11,1.0,0.9316770186335404,0.9316770186335404
6,clab-nebula-serf147,5,0,0,0,0,0,0.0,0.0,0.0
6,clab-nebula-serf147,10,0,0,0,0,0,0.0,0.0,0.0
6,clab-nebula-serf147,15,2,133,2,131,0,0.015037593984962405,1.0,0.015037593984962405
6,clab-nebula-serf147,20,12,133,12,121,0,0.09022556390977443,1.0,0.09022556390977443
6,clab-nebula-serf147,25,14,161,14,147,0,0.08695652173913043,1.0,0.08695652173913043
6,clab-nebula-serf147,30,27,161,27,134,0,0.16770186335403728,1.0,0.16770186335403728
6,clab-nebula-serf147,35,48,161,48,113,0,0.2981366459627329,1.0,0.2981366459627329
6,clab-nebula-serf147,40,59,161,59,102,0,0.36645962732919257,1.0,0.36645962732919257
6,clab-nebula-serf147,45,87,161,87,74,0,0.5403726708074534,1.0,0.5403726708074534
6,clab-nebula-serf147,50,120,161,120,41,0,0.7453416149068323,1.0,0.7453416149068323
6,clab-nebula-serf147,55,141,159,141,18,0,0.8867924528301887,1.0,0.8867924528301887
6,clab-nebula-serf147,60,152,159,150,9,2,0.9433962264150944,0.9868421052631579,0.9316770186335404
6,clab-nebula-serf4,5,1,12,1,11,0,0.08333333333333333,1.0,0.08333333333333333
6,clab-nebula-serf4,10,2,12,2,10,0,0.16666666666666666,1.0,0.16666666666666666
6,clab-nebula-serf4,15,9,12,9,3,0,0.75,1.0,0.75
6,clab-nebula-serf4,20,16,30,16,14,0,0.5333333333333333,1.0,0.5333333333333333
6,clab-nebula-serf4,25,23,43,22,21,1,0.5116279069767442,0.9565217391304348,0.5
6,clab-nebula-serf4,30,47,104,46,58,1,0.4423076923076923,0.9787234042553191,0.4380952380952381
6,clab-nebula-serf4,35,82,159,82,77,0,0.5157232704402516,1.0,0.5157232704402516
6,clab-nebula-serf4,40,92,159,92,67,0,0.5786163522012578,1.0,0.5786163522012578
6,clab-nebula-serf4,45,109,159,109,50,0,0.6855345911949685,1.0,0.6855345911949685
6,clab-nebula-serf4,50,120,159,120,39,0,0.7547169811320755,1.0,0.7547169811320755
6,clab-nebula-serf4,55,123,159,123,36,0,0.7735849056603774,1.0,0.7735849056603774
6,clab-nebula-serf4,60,141,159,141,18,0,0.8867924528301887,1.0,0.8867924528301887
6,clab-nebula-serf100,5,6,118,6,112,0,0.05084745762711865,1.0,0.05084745762711865
6,clab-nebula-serf100,10,7,118,7,111,0,0.059322033898305086,1.0,0.059322033898305086
6,clab-nebula-serf100,15,8,125,7,118,1,0.056,0.875,0.05555555555555555
6,clab-nebula-serf100,20,14,142,14,128,0,0.09859154929577464,1.0,0.09859154929577464
6,clab-nebula-serf100,25,25,161,25,136,0,0.15527950310559005,1.0,0.15527950310559005
6,clab-nebula-serf100,30,59,159,59,100,0,0.3710691823899371,1.0,0.3710691823899371
6,clab-nebula-serf100,35,89,159,89,70,0,0.559748427672956,1.0,0.559748427672956
6,clab-nebula-serf100,40,137,159,137,22,0,0.8616352201257862,1.0,0.8616352201257862
6,clab-nebula-serf100,45,150,159,150,9,0,0.9433962264150944,1.0,0.9433962264150944
6,clab-nebula-serf100,50,159,159,158,1,1,0.9937106918238994,0.9937106918238994,0.9875
6,clab-nebula-serf100,55,160,159,158,1,2,0.9937106918238994,0.9875,0.9813664596273292
6,clab-nebula-serf100,60,161,159,159,0,2,1.0,0.9875776397515528,0.9875776397515528
6,clab-nebula-serf75,5,0,0,0,0,0,0.0,0.0,0.0
6,clab-nebula-serf75,10,7,128,7,121,0,0.0546875,1.0,0.0546875
6,clab-nebula-serf75,15,26,159,26,133,0,0.16352201257861634,1.0,0.16352201257861634
6,clab-nebula-serf75,20,41,159,41,118,0,0.2578616352201258,1.0,0.2578616352201258
6,clab-nebula-serf75,25,76,159,76,83,0,0.4779874213836478,1.0,0.4779874213836478
6,clab-nebula-serf75,30,100,159,100,59,0,0.6289308176100629,1.0,0.6289308176100629
6,clab-nebula-serf75,35,115,159,115,44,0,0.7232704402515723,1.0,0.7232704402515723
6,clab-nebula-serf75,40,122,159,122,37,0,0.7672955974842768,1.0,0.7672955974842768
6,clab-nebula-serf75,45,135,159,135,24,0,0.8490566037735849,1.0,0.8490566037735849
6,clab-nebula-serf75,50,154,159,154,5,0,0.9685534591194969,1.0,0.9685534591194969
6,clab-nebula-serf75,55,155,159,154,5,1,0.9685534591194969,0.9935483870967742,0.9625
6,clab-nebula-serf75,60,158,159,156,3,2,0.9811320754716981,0.9873417721518988,0.968944099378882
6,clab-nebula-serf89,5,3,8,3,5,0,0.375,1.0,0.375
6,clab-nebula-serf89,10,3,8,3,5,0,0.375,1.0,0.375
6,clab-nebula-serf89,15,8,63,7,56,1,0.1111111111111111,0.875,0.109375
6,clab-nebula-serf89,20,18,143,18,125,0,0.1258741258741259,1.0,0.1258741258741259
6,clab-nebula-serf89,25,41,150,41,109,0,0.2733333333333333,1.0,0.2733333333333333
6,clab-nebula-serf89,30,71,141,63,78,8,0.44680851063829785,0.8873239436619719,0.4228187919463087
6,clab-nebula-serf89,35,97,150,97,53,0,0.6466666666666666,1.0,0.6466666666666666
6,clab-nebula-serf89,40,119,150,119,31,0,0.7933333333333333,1.0,0.7933333333333333
6,clab-nebula-serf89,45,127,150,127,23,0,0.8466666666666667,1.0,0.8466666666666667
6,clab-nebula-serf89,50,137,150,135,15,2,0.9,0.9854014598540146,0.8881578947368421
6,clab-nebula-serf89,55,154,150,144,6,10,0.96,0.935064935064935,0.9
6,clab-nebula-serf89,60,158,150,147,3,11,0.98,0.930379746835443,0.9130434782608695
6,clab-nebula-serf101,5,4,7,4,3,0,0.5714285714285714,1.0,0.5714285714285714
6,clab-nebula-serf101,10,7,118,7,111,0,0.059322033898305086,1.0,0.059322033898305086
6,clab-nebula-serf101,15,7,118,7,111,0,0.059322033898305086,1.0,0.059322033898305086
6,clab-nebula-serf101,20,10,127,8,119,2,0.06299212598425197,0.8,0.06201550387596899
6,clab-nebula-serf101,25,22,142,22,120,0,0.15492957746478872,1.0,0.15492957746478872
6,clab-nebula-serf101,30,47,159,47,112,0,0.29559748427672955,1.0,0.29559748427672955
6,clab-nebula-serf101,35,79,159,79,80,0,0.4968553459119497,1.0,0.4968553459119497
6,clab-nebula-serf101,40,131,159,131,28,0,0.8238993710691824,1.0,0.8238993710691824
6,clab-nebula-serf101,45,148,159,148,11,0,0.9308176100628931,1.0,0.9308176100628931
6,clab-nebula-serf101,50,157,159,156,3,1,0.9811320754716981,0.9936305732484076,0.975
6,clab-nebula-serf101,55,160,159,158,1,2,0.9937106918238994,0.9875,0.9813664596273292
6,clab-nebula-serf101,60,161,159,159,0,2,1.0,0.9875776397515528,0.9875776397515528
6,clab-nebula-serf105,5,1,39,1,38,0,0.02564102564102564,1.0,0.02564102564102564
6,clab-nebula-serf105,10,3,39,3,36,0,0.07692307692307693,1.0,0.07692307692307693
6,clab-nebula-serf105,15,8,39,8,31,0,0.20512820512820512,1.0,0.20512820512820512
6,clab-nebula-serf105,20,25,150,25,125,0,0.16666666666666666,1.0,0.16666666666666666
6,clab-nebula-serf105,25,54,161,54,107,0,0.33540372670807456,1.0,0.33540372670807456
6,clab-nebula-serf105,30,86,150,84,66,2,0.56,0.9767441860465116,0.5526315789473685
6,clab-nebula-serf105,35,123,150,113,37,10,0.7533333333333333,0.9186991869918699,0.70625
6,clab-nebula-serf105,40,145,150,134,16,11,0.8933333333333333,0.9241379310344827,0.8322981366459627
6,clab-nebula-serf105,45,153,150,142,8,11,0.9466666666666667,0.9281045751633987,0.8819875776397516
6,clab-nebula-serf105,50,155,150,144,6,11,0.96,0.9290322580645162,0.8944099378881988
6,clab-nebula-serf105,55,160,150,149,1,11,0.9933333333333333,0.93125,0.9254658385093167
6,clab-nebula-serf105,60,161,150,150,0,11,1.0,0.9316770186335404,0.9316770186335404
6,clab-nebula-serf65,5,0,0,0,0,0,0.0,0.0,0.0
6,clab-nebula-serf65,10,0,0,0,0,0,0.0,0.0,0.0
6,clab-nebula-serf65,15,0,0,0,0,0,0.0,0.0,0.0
6,clab-nebula-serf65,20,23,159,23,136,0,0.14465408805031446,1.0,0.14465408805031446
6,clab-nebula-serf65,25,62,161,62,99,0,0.38509316770186336,1.0,0.38509316770186336
6,clab-nebula-serf65,30,95,159,95,64,0,0.5974842767295597,1.0,0.5974842767295597
6,clab-nebula-serf65,35,115,159,115,44,0,0.7232704402515723,1.0,0.7232704402515723
6,clab-nebula-serf65,40,122,159,122,37,0,0.7672955974842768,1.0,0.7672955974842768
6,clab-nebula-serf65,45,126,159,126,33,0,0.7924528301886793,1.0,0.7924528301886793
6,clab-nebula-serf65,50,152,159,152,7,0,0.9559748427672956,1.0,0.9559748427672956
6,clab-nebula-serf65,55,154,159,154,5,0,0.9685534591194969,1.0,0.9685534591194969
6,clab-nebula-serf65,60,155,159,155,4,0,0.9748427672955975,1.0,0.9748427672955975
6,clab-nebula-serf68,5,0,0,0,0,0,0.0,0.0,0.0
6,clab-nebula-serf68,10,5,16,5,11,0,0.3125,1.0,0.3125
6,clab-nebula-serf68,15,27,159,27,132,0,0.16981132075471697,1.0,0.16981132075471697
6,clab-nebula-serf68,20,42,159,42,117,0,0.2641509433962264,1.0,0.2641509433962264
6,clab-nebula-serf68,25,79,159,79,80,0,0.4968553459119497,1.0,0.4968553459119497
6,clab-nebula-serf68,30,103,159,103,56,0,0.6477987421383647,1.0,0.6477987421383647
6,clab-nebula-serf68,35,116,159,116,43,0,0.7295597484276729,1.0,0.7295597484276729
6,clab-nebula-serf68,40,122,159,122,37,0,0.7672955974842768,1.0,0.7672955974842768
6,clab-nebula-serf68,45,135,159,135,24,0,0.8490566037735849,1.0,0.8490566037735849
6,clab-nebula-serf68,50,154,159,154,5,0,0.9685534591194969,1.0,0.9685534591194969
6,clab-nebula-serf68,55,154,159,154,5,0,0.9685534591194969,1.0,0.9685534591194969
6,clab-nebula-serf68,60,158,159,156,3,2,0.9811320754716981,0.9873417721518988,0.968944099378882
6,clab-nebula-serf94,5,2,68,2,66,0,0.029411764705882353,1.0,0.029411764705882353
6,clab-nebula-serf94,10,17,132,17,115,0,0.12878787878787878,1.0,0.12878787878787878
6,clab-nebula-serf94,15,36,121,33,88,3,0.2727272727272727,0.9166666666666666,0.2661290322580645
6,clab-nebula-serf94,20,57,119,45,74,12,0.37815126050420167,0.7894736842105263,0.3435114503816794
6,clab-nebula-serf94,25,81,150,81,69,0,0.54,1.0,0.54
6,clab-nebula-serf94,30,105,150,105,45,0,0.7,1.0,0.7
6,clab-nebula-serf94,35,119,150,119,31,0,0.7933333333333333,1.0,0.7933333333333333
6,clab-nebula-serf94,40,129,150,127,23,2,0.8466666666666667,0.9844961240310077,0.8355263157894737
6,clab-nebula-serf94,45,145,150,137,13,8,0.9133333333333333,0.9448275862068966,0.8670886075949367
6,clab-nebula-serf94,50,154,150,143,7,11,0.9533333333333334,0.9285714285714286,0.8881987577639752
6,clab-nebula-serf94,55,157,150,146,4,11,0.9733333333333334,0.9299363057324841,0.906832298136646
6,clab-nebula-serf94,60,161,150,150,0,11,1.0,0.9316770186335404,0.9316770186335404
6,clab-nebula-serf103,5,7,118,7,111,0,0.059322033898305086,1.0,0.059322033898305086
6,clab-nebula-serf103,10,7,118,7,111,0,0.059322033898305086,1.0,0.059322033898305086
6,clab-nebula-serf103,15,8,124,7,117,1,0.056451612903225805,0.875,0.056
6,clab-nebula-serf103,20,16,142,16,126,0,0.11267605633802817,1.0,0.11267605633802817
6,clab-nebula-serf103,25,27,159,27,132,0,0.16981132075471697,1.0,0.16981132075471697
6,clab-nebula-serf103,30,63,159,63,96,0,0.39622641509433965,1.0,0.39622641509433965
6,clab-nebula-serf103,35,102,159,102,57,0,0.6415094339622641,1.0,0.6415094339622641
6,clab-nebula-serf103,40,140,159,140,19,0,0.8805031446540881,1.0,0.8805031446540881
6,clab-nebula-serf103,45,150,159,150,9,0,0.9433962264150944,1.0,0.9433962264150944
6,clab-nebula-serf103,50,159,159,158,1,1,0.9937106918238994,0.9937106918238994,0.9875
6,clab-nebula-serf103,55,161,159,159,0,2,1.0,0.9875776397515528,0.9875776397515528
6,clab-nebula-serf103,60,161,159,159,0,2,1.0,0.9875776397515528,0.9875776397515528
6,clab-nebula-serf117,5,0,0,0,0,0,0.0,0.0,0.0
6,clab-nebula-serf117,10,0,0,0,0,0,0.0,0.0,0.0
6,clab-nebula-serf117,15,0,0,0,0,0,0.0,0.0,0.0
6,clab-nebula-serf117,20,0,0,0,0,0,0.0,0.0,0.0
6,clab-nebula-serf117,25,1,74,1,73,0,0.013513513513513514,1.0,0.013513513513513514
6,clab-nebula-serf117,30,3,74,3,71,0,0.04054054054054054,1.0,0.04054054054054054
6,clab-nebula-serf117,35,3,74,3,71,0,0.04054054054054054,1.0,0.04054054054054054
6,clab-nebula-serf117,40,3,74,3,71,0,0.04054054054054054,1.0,0.04054054054054054
6,clab-nebula-serf117,45,10,153,10,143,0,0.06535947712418301,1.0,0.06535947712418301
6,clab-nebula-serf117,50,21,153,21,132,0,0.13725490196078433,1.0,0.13725490196078433
6,clab-nebula-serf117,55,45,150,45,105,0,0.3,1.0,0.3
6,clab-nebula-serf117,60,68,150,67,83,1,0.44666666666666666,0.9852941176470589,0.44370860927152317
6,clab-nebula-serf127,5,0,0,0,0,0,0.0,0.0,0.0
6,clab-nebula-serf127,10,4,161,4,157,0,0.024844720496894408,1.0,0.024844720496894408
6,clab-nebula-serf127,15,13,161,13,148,0,0.08074534161490683,1.0,0.08074534161490683
6,clab-nebula-serf127,20,46,161,46,115,0,0.2857142857142857,1.0,0.2857142857142857
6,clab-nebula-serf127,25,60,161,60,101,0,0.37267080745341613,1.0,0.37267080745341613
6,clab-nebula-serf127,30,92,161,92,69,0,0.5714285714285714,1.0,0.5714285714285714
6,clab-nebula-serf127,35,122,161,122,39,0,0.7577639751552795,1.0,0.7577639751552795
6,clab-nebula-serf127,40,138,161,138,23,0,0.8571428571428571,1.0,0.8571428571428571
6,clab-nebula-serf127,45,146,151,136,15,10,0.9006622516556292,0.9315068493150684,0.84472049689441
6,clab-nebula-serf127,50,156,153,148,5,8,0.9673202614379085,0.9487179487179487,0.9192546583850931
6,clab-nebula-serf127,55,161,153,153,0,8,1.0,0.9503105590062112,0.9503105590062112
6,clab-nebula-serf127,60,161,153,153,0,8,1.0,0.9503105590062112,0.9503105590062112
6,clab-nebula-serf129,5,0,0,0,0,0,0.0,0.0,0.0
6,clab-nebula-serf129,10,0,0,0,0,0,0.0,0.0,0.0
6,clab-nebula-serf129,15,2,31,1,30,1,0.03225806451612903,0.5,0.03125
6,clab-nebula-serf129,20,7,31,3,28,4,0.0967741935483871,0.42857142857142855,0.08571428571428572
6,clab-nebula-serf129,25,17,159,17,142,0,0.1069182389937107,1.0,0.1069182389937107
6,clab-nebula-serf129,30,42,159,42,117,0,0.2641509433962264,1.0,0.2641509433962264
6,clab-nebula-serf129,35,71,159,71,88,0,0.44654088050314467,1.0,0.44654088050314467
6,clab-nebula-serf129,40,123,159,123,36,0,0.7735849056603774,1.0,0.7735849056603774
6,clab-nebula-serf129,45,142,159,142,17,0,0.8930817610062893,1.0,0.8930817610062893
6,clab-nebula-serf129,50,149,159,149,10,0,0.9371069182389937,1.0,0.9371069182389937
6,clab-nebula-serf129,55,155,160,154,6,1,0.9625,0.9935483870967742,0.9565217391304348
6,clab-nebula-serf129,60,158,160,157,3,1,0.98125,0.9936708860759493,0.9751552795031055
6,clab-nebula-serf155,5,0,0,0,0,0,0.0,0.0,0.0
6,clab-nebula-serf155,10,0,0,0,0,0,0.0,0.0,0.0
6,clab-nebula-serf155,15,1,7,1,6,0,0.14285714285714285,1.0,0.14285714285714285
6,clab-nebula-serf155,20,11,133,11,122,0,0.08270676691729323,1.0,0.08270676691729323
6,clab-nebula-serf155,25,14,161,14,147,0,0.08695652173913043,1.0,0.08695652173913043
6,clab-nebula-serf155,30,24,161,24,137,0,0.14906832298136646,1.0,0.14906832298136646
6,clab-nebula-serf155,35,43,161,43,118,0,0.2670807453416149,1.0,0.2670807453416149
6,clab-nebula-serf155,40,56,161,56,105,0,0.34782608695652173,1.0,0.34782608695652173
6,clab-nebula-serf155,45,82,161,82,79,0,0.5093167701863354,1.0,0.5093167701863354
6,clab-nebula-serf155,50,117,161,117,44,0,0.7267080745341615,1.0,0.7267080745341615
6,clab-nebula-serf155,55,137,161,137,24,0,0.8509316770186336,1.0,0.8509316770186336
6,clab-nebula-serf155,60,150,159,148,11,2,0.9308176100628931,0.9866666666666667,0.9192546583850931
6,clab-nebula-serf3,5,0,0,0,0,0,0.0,0.0,0.0
6,clab-nebula-serf3,10,2,4,2,2,0,0.5,1.0,0.5
6,clab-nebula-serf3,15,7,12,7,5,0,0.5833333333333334,1.0,0.5833333333333334
6,clab-nebula-serf3,20,13,30,13,17,0,0.43333333333333335,1.0,0.43333333333333335
6,clab-nebula-serf3,25,22,43,20,23,2,0.46511627906976744,0.9090909090909091,0.4444444444444444
6,clab-nebula-serf3,30,50,159,50,109,0,0.31446540880503143,1.0,0.31446540880503143
6,clab-nebula-serf3,35,83,159,83,76,0,0.5220125786163522,1.0,0.5220125786163522
6,clab-nebula-serf3,40,96,159,96,63,0,0.6037735849056604,1.0,0.6037735849056604
6,clab-nebula-serf3,45,109,159,109,50,0,0.6855345911949685,1.0,0.6855345911949685
6,clab-nebula-serf3,50,119,159,119,40,0,0.7484276729559748,1.0,0.7484276729559748
6,clab-nebula-serf3,55,123,159,123,36,0,0.7735849056603774,1.0,0.7735849056603774
6,clab-nebula-serf3,60,141,159,141,18,0,0.8867924528301887,1.0,0.8867924528301887
6,clab-nebula-serf14,5,0,0,0,0,0,0.0,0.0,0.0
6,clab-nebula-serf14,10,4,60,4,56,0,0.06666666666666667,1.0,0.06666666666666667
6,clab-nebula-serf14,15,18,65,18,47,0,0.27692307692307694,1.0,0.27692307692307694
6,clab-nebula-serf14,20,35,104,35,69,0,0.33653846153846156,1.0,0.33653846153846156
6,clab-nebula-serf14,25,70,104,68,36,2,0.6538461538461539,0.9714285714285714,0.6415094339622641
6,clab-nebula-serf14,30,88,159,88,71,0,0.5534591194968553,1.0,0.5534591194968553
6,clab-nebula-serf14,35,102,159,102,57,0,0.6415094339622641,1.0,0.6415094339622641
6,clab-nebula-serf14,40,119,159,119,40,0,0.7484276729559748,1.0,0.7484276729559748
6,clab-nebula-serf14,45,121,159,121,38,0,0.7610062893081762,1.0,0.7610062893081762
6,clab-nebula-serf14,50,126,159,126,33,0,0.7924528301886793,1.0,0.7924528301886793
6,clab-nebula-serf14,55,151,159,151,8,0,0.949685534591195,1.0,0.949685534591195
6,clab-nebula-serf14,60,155,159,154,5,1,0.9685534591194969,0.9935483870967742,0.9625
6,clab-nebula-serf142,5,0,0,0,0,0,0.0,0.0,0.0
6,clab-nebula-serf142,10,0,0,0,0,0,0.0,0.0,0.0
6,clab-nebula-serf142,15,1,28,1,27,0,0.03571428571428571,1.0,0.03571428571428571
6,clab-nebula-serf142,20,1,28,1,27,0,0.03571428571428571,1.0,0.03571428571428571
6,clab-nebula-serf142,25,7,26,5,21,2,0.19230769230769232,0.7142857142857143,0.17857142857142858
6,clab-nebula-serf142,30,14,72,13,59,1,0.18055555555555555,0.9285714285714286,0.1780821917808219
6,clab-nebula-serf142,35,30,161,30,131,0,0.18633540372670807,1.0,0.18633540372670807
6,clab-nebula-serf142,40,54,161,54,107,0,0.33540372670807456,1.0,0.33540372670807456
6,clab-nebula-serf142,45,59,161,59,102,0,0.36645962732919257,1.0,0.36645962732919257
6,clab-nebula-serf142,50,95,161,95,66,0,0.5900621118012422,1.0,0.5900621118012422
6,clab-nebula-serf142,55,126,161,126,35,0,0.782608695652174,1.0,0.782608695652174
6,clab-nebula-serf142,60,140,161,140,21,0,0.8695652173913043,1.0,0.8695652173913043
6,clab-nebula-serf96,5,4,7,4,3,0,0.5714285714285714,1.0,0.5714285714285714
6,clab-nebula-serf96,10,7,118,7,111,0,0.059322033898305086,1.0,0.059322033898305086
6,clab-nebula-serf96,15,7,118,7,111,0,0.059322033898305086,1.0,0.059322033898305086
6,clab-nebula-serf96,20,9,124,7,117,2,0.056451612903225805,0.7777777777777778,0.05555555555555555
6,clab-nebula-serf96,25,20,144,20,124,0,0.1388888888888889,1.0,0.1388888888888889
6,clab-nebula-serf96,30,41,159,41,118,0,0.2578616352201258,1.0,0.2578616352201258
6,clab-nebula-serf96,35,77,159,77,82,0,0.48427672955974843,1.0,0.48427672955974843
6,clab-nebula-serf96,40,121,159,121,38,0,0.7610062893081762,1.0,0.7610062893081762
6,clab-nebula-serf96,45,147,159,147,12,0,0.9245283018867925,1.0,0.9245283018867925
6,clab-nebula-serf96,50,153,159,153,6,0,0.9622641509433962,1.0,0.9622641509433962
6,clab-nebula-serf96,55,160,159,158,1,2,0.9937106918238994,0.9875,0.9813664596273292
6,clab-nebula-serf96,60,161,159,159,0,2,1.0,0.9875776397515528,0.9875776397515528
6,clab-nebula-serf116,5,0,0,0,0,0,0.0,0.0,0.0
6,clab-nebula-serf116,10,0,0,0,0,0,0.0,0.0,0.0
6,clab-nebula-serf116,15,0,0,0,0,0,0.0,0.0,0.0
6,clab-nebula-serf116,20,0,0,0,0,0,0.0,0.0,0.0
6,clab-nebula-serf116,25,0,0,0,0,0,0.0,0.0,0.0
6,clab-nebula-serf116,30,0,0,0,0,0,0.0,0.0,0.0
6,clab-nebula-serf116,35,1,1,1,0,0,1.0,1.0,1.0
6,clab-nebula-serf116,40,1,1,1,0,0,1.0,1.0,1.0
6,clab-nebula-serf116,45,6,151,6,145,0,0.039735099337748346,1.0,0.039735099337748346
6,clab-nebula-serf116,50,14,150,14,136,0,0.09333333333333334,1.0,0.09333333333333334
6,clab-nebula-serf116,55,40,150,38,112,2,0.25333333333333335,0.95,0.25
6,clab-nebula-serf116,60,88,150,78,72,10,0.52,0.8863636363636364,0.4875
6,clab-nebula-serf56,5,9,25,9,16,0,0.36,1.0,0.36
6,clab-nebula-serf56,10,24,100,24,76,0,0.24,1.0,0.24
6,clab-nebula-serf56,15,64,104,62,42,2,0.5961538461538461,0.96875,0.5849056603773585
6,clab-nebula-serf56,20,83,159,83,76,0,0.5220125786163522,1.0,0.5220125786163522
6,clab-nebula-serf56,25,97,159,97,62,0,0.610062893081761,1.0,0.610062893081761
6,clab-nebula-serf56,30,118,159,118,41,0,0.7421383647798742,1.0,0.7421383647798742
6,clab-nebula-serf56,35,121,159,121,38,0,0.7610062893081762,1.0,0.7610062893081762
6,clab-nebula-serf56,40,125,159,125,34,0,0.7861635220125787,1.0,0.7861635220125787
6,clab-nebula-serf56,45,151,159,151,8,0,0.949685534591195,1.0,0.949685534591195
6,clab-nebula-serf56,50,154,159,154,5,0,0.9685534591194969,1.0,0.9685534591194969
6,clab-nebula-serf56,55,157,159,155,4,2,0.9748427672955975,0.9872611464968153,0.9627329192546584
6,clab-nebula-serf56,60,158,159,156,3,2,0.9811320754716981,0.9873417721518988,0.968944099378882
6,clab-nebula-serf59,5,5,10,4,6,1,0.4,0.8,0.36363636363636365
6,clab-nebula-serf59,10,26,102,26,76,0,0.2549019607843137,1.0,0.2549019607843137
6,clab-nebula-serf59,15,63,159,63,96,0,0.39622641509433965,1.0,0.39622641509433965
6,clab-nebula-serf59,20,83,159,83,76,0,0.5220125786163522,1.0,0.5220125786163522
6,clab-nebula-serf59,25,99,159,99,60,0,0.6226415094339622,1.0,0.6226415094339622
6,clab-nebula-serf59,30,119,159,119,40,0,0.7484276729559748,1.0,0.7484276729559748
6,clab-nebula-serf59,35,124,159,124,35,0,0.779874213836478,1.0,0.779874213836478
6,clab-nebula-serf59,40,128,159,128,31,0,0.8050314465408805,1.0,0.8050314465408805
6,clab-nebula-serf59,45,153,159,153,6,0,0.9622641509433962,1.0,0.9622641509433962
6,clab-nebula-serf59,50,154,159,154,5,0,0.9685534591194969,1.0,0.9685534591194969
6,clab-nebula-serf59,55,157,159,155,4,2,0.9748427672955975,0.9872611464968153,0.9627329192546584
6,clab-nebula-serf59,60,161,159,159,0,2,1.0,0.9875776397515528,0.9875776397515528
6,clab-nebula-serf70,5,3,100,3,97,0,0.03,1.0,0.03
6,clab-nebula-serf70,10,19,159,19,140,0,0.11949685534591195,1.0,0.11949685534591195
6,clab-nebula-serf70,15,36,159,36,123,0,0.22641509433962265,1.0,0.22641509433962265
6,clab-nebula-serf70,20,66,159,66,93,0,0.41509433962264153,1.0,0.41509433962264153
6,clab-nebula-serf70,25,87,159,87,72,0,0.5471698113207547,1.0,0.5471698113207547
6,clab-nebula-serf70,30,110,159,110,49,0,0.6918238993710691,1.0,0.6918238993710691
6,clab-nebula-serf70,35,119,159,119,40,0,0.7484276729559748,1.0,0.7484276729559748
6,clab-nebula-serf70,40,124,159,124,35,0,0.779874213836478,1.0,0.779874213836478
6,clab-nebula-serf70,45,147,159,147,12,0,0.9245283018867925,1.0,0.9245283018867925
6,clab-nebula-serf70,50,154,159,154,5,0,0.9685534591194969,1.0,0.9685534591194969
6,clab-nebula-serf70,55,158,159,156,3,2,0.9811320754716981,0.9873417721518988,0.968944099378882
6,clab-nebula-serf70,60,161,159,159,0,2,1.0,0.9875776397515528,0.9875776397515528
6,clab-nebula-serf81,5,1,16,1,15,0,0.0625,1.0,0.0625
6,clab-nebula-serf81,10,22,159,22,137,0,0.13836477987421383,1.0,0.13836477987421383
6,clab-nebula-serf81,15,39,159,39,120,0,0.24528301886792453,1.0,0.24528301886792453
6,clab-nebula-serf81,20,68,159,68,91,0,0.4276729559748428,1.0,0.4276729559748428
6,clab-nebula-serf81,25,90,159,90,69,0,0.5660377358490566,1.0,0.5660377358490566
6,clab-nebula-serf81,30,114,159,114,45,0,0.7169811320754716,1.0,0.7169811320754716
6,clab-nebula-serf81,35,121,159,121,38,0,0.7610062893081762,1.0,0.7610062893081762
6,clab-nebula-serf81,40,130,159,130,29,0,0.8176100628930818,1.0,0.8176100628930818
6,clab-nebula-serf81,45,153,159,153,6,0,0.9622641509433962,1.0,0.9622641509433962
6,clab-nebula-serf81,50,154,159,154,5,0,0.9685534591194969,1.0,0.9685534591194969
6,clab-nebula-serf81,55,157,159,156,3,1,0.9811320754716981,0.9936305732484076,0.975
6,clab-nebula-serf81,60,161,159,159,0,2,1.0,0.9875776397515528,0.9875776397515528
6,clab-nebula-serf95,5,0,0,0,0,0,0.0,0.0,0.0
6,clab-nebula-serf95,10,10,76,10,66,0,0.13157894736842105,1.0,0.13157894736842105
6,clab-nebula-serf95,15,30,159,30,129,0,0.18867924528301888,1.0,0.18867924528301888
6,clab-nebula-serf95,20,50,159,50,109,0,0.31446540880503143,1.0,0.31446540880503143
6,clab-nebula-serf95,25,80,159,80,79,0,0.5031446540880503,1.0,0.5031446540880503
6,clab-nebula-serf95,30,104,159,104,55,0,0.6540880503144654,1.0,0.6540880503144654
6,clab-nebula-serf95,35,119,159,119,40,0,0.7484276729559748,1.0,0.7484276729559748
6,clab-nebula-serf95,40,124,159,124,35,0,0.779874213836478,1.0,0.779874213836478
6,clab-nebula-serf95,45,142,159,142,17,0,0.8930817610062893,1.0,0.8930817610062893
6,clab-nebula-serf95,50,154,159,154,5,0,0.9685534591194969,1.0,0.9685534591194969
6,clab-nebula-serf95,55,154,159,154,5,0,0.9685534591194969,1.0,0.9685534591194969
6,clab-nebula-serf95,60,159,159,157,2,2,0.9874213836477987,0.9874213836477987,0.9751552795031055
6,clab-nebula-serf114,5,1,1,1,0,0,1.0,1.0,1.0
6,clab-nebula-serf114,10,1,1,1,0,0,1.0,1.0,1.0
6,clab-nebula-serf114,15,2,161,2,159,0,0.012422360248447204,1.0,0.012422360248447204
6,clab-nebula-serf114,20,17,161,17,144,0,0.10559006211180125,1.0,0.10559006211180125
6,clab-nebula-serf114,25,25,161,25,136,0,0.15527950310559005,1.0,0.15527950310559005
6,clab-nebula-serf114,30,53,159,53,106,0,0.3333333333333333,1.0,0.3333333333333333
6,clab-nebula-serf114,35,92,159,92,67,0,0.5786163522012578,1.0,0.5786163522012578
6,clab-nebula-serf114,40,134,159,133,26,1,0.8364779874213837,0.9925373134328358,0.83125
6,clab-nebula-serf114,45,152,159,150,9,2,0.9433962264150944,0.9868421052631579,0.9316770186335404
6,clab-nebula-serf114,50,158,159,156,3,2,0.9811320754716981,0.9873417721518988,0.968944099378882
6,clab-nebula-serf114,55,161,159,159,0,2,1.0,0.9875776397515528,0.9875776397515528
6,clab-nebula-serf114,60,161,159,159,0,2,1.0,0.9875776397515528,0.9875776397515528
6,clab-nebula-serf9,5,1,12,1,11,0,0.08333333333333333,1.0,0.08333333333333333
6,clab-nebula-serf9,10,8,30,8,22,0,0.26666666666666666,1.0,0.26666666666666666
6,clab-nebula-serf9,15,17,104,17,87,0,0.16346153846153846,1.0,0.16346153846153846
6,clab-nebula-serf9,20,36,104,36,68,0,0.34615384615384615,1.0,0.34615384615384615
6,clab-nebula-serf9,25,71,159,71,88,0,0.44654088050314467,1.0,0.44654088050314467
6,clab-nebula-serf9,30,87,159,87,72,0,0.5471698113207547,1.0,0.5471698113207547
6,clab-nebula-serf9,35,101,159,101,58,0,0.6352201257861635,1.0,0.6352201257861635
6,clab-nebula-serf9,40,116,159,116,43,0,0.7295597484276729,1.0,0.7295597484276729
6,clab-nebula-serf9,45,120,159,120,39,0,0.7547169811320755,1.0,0.7547169811320755
6,clab-nebula-serf9,50,125,159,125,34,0,0.7861635220125787,1.0,0.7861635220125787
6,clab-nebula-serf9,55,151,159,151,8,0,0.949685534591195,1.0,0.949685534591195
6,clab-nebula-serf9,60,154,159,154,5,0,0.9685534591194969,1.0,0.9685534591194969
6,clab-nebula-serf17,5,1,13,1,12,0,0.07692307692307693,1.0,0.07692307692307693
6,clab-nebula-serf17,10,12,65,12,53,0,0.18461538461538463,1.0,0.18461538461538463
6,clab-nebula-serf17,15,30,104,30,74,0,0.28846153846153844,1.0,0.28846153846153844
6,clab-nebula-serf17,20,66,104,64,40,2,0.6153846153846154,0.9696969696969697,0.6037735849056604
6,clab-nebula-serf17,25,85,159,85,74,0,0.5345911949685535,1.0,0.5345911949685535
6,clab-nebula-serf17,30,96,159,96,63,0,0.6037735849056604,1.0,0.6037735849056604
6,clab-nebula-serf17,35,116,159,116,43,0,0.7295597484276729,1.0,0.7295597484276729
6,clab-nebula-serf17,40,121,159,121,38,0,0.7610062893081762,1.0,0.7610062893081762
6,clab-nebula-serf17,45,124,159,124,35,0,0.779874213836478,1.0,0.779874213836478
6,clab-nebula-serf17,50,150,159,150,9,0,0.9433962264150944,1.0,0.9433962264150944
6,clab-nebula-serf17,55,154,159,154,5,0,0.9685534591194969,1.0,0.9685534591194969
6,clab-nebula-serf17,60,157,159,155,4,2,0.9748427672955975,0.9872611464968153,0.9627329192546584
6,clab-nebula-serf139,5,0,0,0,0,0,0.0,0.0,0.0
6,clab-nebula-serf139,10,0,0,0,0,0,0.0,0.0,0.0
6,clab-nebula-serf139,15,5,39,5,34,0,0.1282051282051282,1.0,0.1282051282051282
6,clab-nebula-serf139,20,14,39,14,25,0,0.358974358974359,1.0,0.358974358974359
6,clab-nebula-serf139,25,21,39,21,18,0,0.5384615384615384,1.0,0.5384615384615384
6,clab-nebula-serf139,30,31,161,31,130,0,0.19254658385093168,1.0,0.19254658385093168
6,clab-nebula-serf139,35,45,161,45,116,0,0.2795031055900621,1.0,0.2795031055900621
6,clab-nebula-serf139,40,65,161,65,96,0,0.40372670807453415,1.0,0.40372670807453415
6,clab-nebula-serf139,45,95,161,95,66,0,0.5900621118012422,1.0,0.5900621118012422
6,clab-nebula-serf139,50,121,161,121,40,0,0.7515527950310559,1.0,0.7515527950310559
6,clab-nebula-serf139,55,137,161,137,24,0,0.8509316770186336,1.0,0.8509316770186336
6,clab-nebula-serf139,60,149,161,149,12,0,0.9254658385093167,1.0,0.9254658385093167
6,clab-nebula-serf52,5,1,20,1,19,0,0.05,1.0,0.05
6,clab-nebula-serf52,10,12,27,12,15,0,0.4444444444444444,1.0,0.4444444444444444
6,clab-nebula-serf52,15,38,104,38,66,0,0.36538461538461536,1.0,0.36538461538461536
6,clab-nebula-serf52,20,69,104,66,38,3,0.6346153846153846,0.9565217391304348,0.616822429906542
6,clab-nebula-serf52,25,88,159,88,71,0,0.5534591194968553,1.0,0.5534591194968553
6,clab-nebula-serf52,30,106,159,106,53,0,0.6666666666666666,1.0,0.6666666666666666
6,clab-nebula-serf52,35,119,159,119,40,0,0.7484276729559748,1.0,0.7484276729559748
6,clab-nebula-serf52,40,124,159,124,35,0,0.779874213836478,1.0,0.779874213836478
6,clab-nebula-serf52,45,134,159,134,25,0,0.8427672955974843,1.0,0.8427672955974843
6,clab-nebula-serf52,50,154,159,154,5,0,0.9685534591194969,1.0,0.9685534591194969
6,clab-nebula-serf52,55,154,159,154,5,0,0.9685534591194969,1.0,0.9685534591194969
6,clab-nebula-serf52,60,157,159,155,4,2,0.9748427672955975,0.9872611464968153,0.9627329192546584
6,clab-nebula-serf71,5,0,0,0,0,0,0.0,0.0,0.0
6,clab-nebula-serf71,10,15,159,15,144,0,0.09433962264150944,1.0,0.09433962264150944
6,clab-nebula-serf71,15,33,159,33,126,0,0.20754716981132076,1.0,0.20754716981132076
6,clab-nebula-serf71,20,57,161,57,104,0,0.35403726708074534,1.0,0.35403726708074534
6,clab-nebula-serf71,25,83,159,83,76,0,0.5220125786163522,1.0,0.5220125786163522
6,clab-nebula-serf71,30,107,159,107,52,0,0.6729559748427673,1.0,0.6729559748427673
6,clab-nebula-serf71,35,119,159,119,40,0,0.7484276729559748,1.0,0.7484276729559748
6,clab-nebula-serf71,40,124,159,124,35,0,0.779874213836478,1.0,0.779874213836478
6,clab-nebula-serf71,45,146,159,146,13,0,0.9182389937106918,1.0,0.9182389937106918
6,clab-nebula-serf71,50,154,159,154,5,0,0.9685534591194969,1.0,0.9685534591194969
6,clab-nebula-serf71,55,156,159,155,4,1,0.9748427672955975,0.9935897435897436,0.96875
6,clab-nebula-serf71,60,161,159,159,0,2,1.0,0.9875776397515528,0.9875776397515528
6,clab-nebula-serf26,5,3,158,3,155,0,0.0189873417721519,1.0,0.0189873417721519
6,clab-nebula-serf26,10,19,159,19,140,0,0.11949685534591195,1.0,0.11949685534591195
6,clab-nebula-serf26,15,31,159,31,128,0,0.1949685534591195,1.0,0.1949685534591195
6,clab-nebula-serf26,20,58,159,58,101,0,0.36477987421383645,1.0,0.36477987421383645
6,clab-nebula-serf26,25,87,159,87,72,0,0.5471698113207547,1.0,0.5471698113207547
6,clab-nebula-serf26,30,94,159,94,65,0,0.5911949685534591,1.0,0.5911949685534591
6,clab-nebula-serf26,35,108,159,108,51,0,0.6792452830188679,1.0,0.6792452830188679
6,clab-nebula-serf26,40,121,159,121,38,0,0.7610062893081762,1.0,0.7610062893081762
6,clab-nebula-serf26,45,124,159,124,35,0,0.779874213836478,1.0,0.779874213836478
6,clab-nebula-serf26,50,137,159,137,22,0,0.8616352201257862,1.0,0.8616352201257862
6,clab-nebula-serf26,55,154,159,154,5,0,0.9685534591194969,1.0,0.9685534591194969
6,clab-nebula-serf26,60,155,159,154,5,1,0.9685534591194969,0.9935483870967742,0.9625
6,clab-nebula-serf34,5,1,26,1,25,0,0.038461538461538464,1.0,0.038461538461538464
6,clab-nebula-serf34,10,9,159,9,150,0,0.05660377358490566,1.0,0.05660377358490566
6,clab-nebula-serf34,15,27,159,27,132,0,0.16981132075471697,1.0,0.16981132075471697
6,clab-nebula-serf34,20,67,159,67,92,0,0.42138364779874216,1.0,0.42138364779874216
6,clab-nebula-serf34,25,85,159,85,74,0,0.5345911949685535,1.0,0.5345911949685535
6,clab-nebula-serf34,30,95,159,95,64,0,0.5974842767295597,1.0,0.5974842767295597
6,clab-nebula-serf34,35,112,159,112,47,0,0.7044025157232704,1.0,0.7044025157232704
6,clab-nebula-serf34,40,121,159,121,38,0,0.7610062893081762,1.0,0.7610062893081762
6,clab-nebula-serf34,45,124,159,124,35,0,0.779874213836478,1.0,0.779874213836478
6,clab-nebula-serf34,50,149,159,149,10,0,0.9371069182389937,1.0,0.9371069182389937
6,clab-nebula-serf34,55,154,159,154,5,0,0.9685534591194969,1.0,0.9685534591194969
6,clab-nebula-serf34,60,156,159,155,4,1,0.9748427672955975,0.9935897435897436,0.96875
6,clab-nebula-serf126,5,0,0,0,0,0,0.0,0.0,0.0
6,clab-nebula-serf126,10,3,36,3,33,0,0.08333333333333333,1.0,0.08333333333333333
6,clab-nebula-serf126,15,15,161,15,146,0,0.09316770186335403,1.0,0.09316770186335403
6,clab-nebula-serf126,20,47,161,47,114,0,0.2919254658385093,1.0,0.2919254658385093
6,clab-nebula-serf126,25,59,161,59,102,0,0.36645962732919257,1.0,0.36645962732919257
6,clab-nebula-serf126,30,92,161,92,69,0,0.5714285714285714,1.0,0.5714285714285714
6,clab-nebula-serf126,35,121,161,121,40,0,0.7515527950310559,1.0,0.7515527950310559
6,clab-nebula-serf126,40,138,161,138,23,0,0.8571428571428571,1.0,0.8571428571428571
6,clab-nebula-serf126,45,146,151,136,15,10,0.9006622516556292,0.9315068493150684,0.84472049689441
6,clab-nebula-serf126,50,156,153,148,5,8,0.9673202614379085,0.9487179487179487,0.9192546583850931
6,clab-nebula-serf126,55,161,153,153,0,8,1.0,0.9503105590062112,0.9503105590062112
6,clab-nebula-serf126,60,161,153,153,0,8,1.0,0.9503105590062112,0.9503105590062112
6,clab-nebula-serf36,5,0,0,0,0,0,0.0,0.0,0.0
6,clab-nebula-serf36,10,2,49,2,47,0,0.04081632653061224,1.0,0.04081632653061224
6,clab-nebula-serf36,15,17,159,17,142,0,0.1069182389937107,1.0,0.1069182389937107
6,clab-nebula-serf36,20,53,159,53,106,0,0.3333333333333333,1.0,0.3333333333333333
6,clab-nebula-serf36,25,79,159,79,80,0,0.4968553459119497,1.0,0.4968553459119497
6,clab-nebula-serf36,30,92,159,92,67,0,0.5786163522012578,1.0,0.5786163522012578
6,clab-nebula-serf36,35,108,159,108,51,0,0.6792452830188679,1.0,0.6792452830188679
6,clab-nebula-serf36,40,121,159,121,38,0,0.7610062893081762,1.0,0.7610062893081762
6,clab-nebula-serf36,45,124,159,124,35,0,0.779874213836478,1.0,0.779874213836478
6,clab-nebula-serf36,50,137,159,137,22,0,0.8616352201257862,1.0,0.8616352201257862
6,clab-nebula-serf36,55,154,159,154,5,0,0.9685534591194969,1.0,0.9685534591194969
6,clab-nebula-serf36,60,154,159,154,5,0,0.9685534591194969,1.0,0.9685534591194969
6,clab-nebula-serf82,5,0,0,0,0,0,0.0,0.0,0.0
6,clab-nebula-serf82,10,0,0,0,0,0,0.0,0.0,0.0
6,clab-nebula-serf82,15,0,0,0,0,0,0.0,0.0,0.0
6,clab-nebula-serf82,20,0,0,0,0,0,0.0,0.0,0.0
6,clab-nebula-serf82,25,0,0,0,0,0,0.0,0.0,0.0
6,clab-nebula-serf82,30,0,0,0,0,0,0.0,0.0,0.0
6,clab-nebula-serf82,35,16,129,14,115,2,0.10852713178294573,0.875,0.10687022900763359
6,clab-nebula-serf82,40,61,129,52,77,9,0.40310077519379844,0.8524590163934426,0.37681159420289856
6,clab-nebula-serf82,45,94,161,94,67,0,0.5838509316770186,1.0,0.5838509316770186
6,clab-nebula-serf82,50,111,159,111,48,0,0.6981132075471698,1.0,0.6981132075471698
6,clab-nebula-serf82,55,121,159,121,38,0,0.7610062893081762,1.0,0.7610062893081762
6,clab-nebula-serf82,60,148,159,148,11,0,0.9308176100628931,1.0,0.9308176100628931
6,clab-nebula-serf85,5,0,0,0,0,0,0.0,0.0,0.0
6,clab-nebula-serf85,10,4,68,4,64,0,0.058823529411764705,1.0,0.058823529411764705
6,clab-nebula-serf85,15,19,135,19,116,0,0.14074074074074075,1.0,0.14074074074074075
6,clab-nebula-serf85,20,35,135,35,100,0,0.25925925925925924,1.0,0.25925925925925924
6,clab-nebula-serf85,25,57,137,56,81,1,0.40875912408759124,0.9824561403508771,0.4057971014492754
6,clab-nebula-serf85,30,82,150,82,68,0,0.5466666666666666,1.0,0.5466666666666666
6,clab-nebula-serf85,35,111,150,111,39,0,0.74,1.0,0.74
6,clab-nebula-serf85,40,119,150,119,31,0,0.7933333333333333,1.0,0.7933333333333333
6,clab-nebula-serf85,45,134,150,132,18,2,0.88,0.9850746268656716,0.868421052631579
6,clab-nebula-serf85,50,149,150,141,9,8,0.94,0.9463087248322147,0.8924050632911392
6,clab-nebula-serf85,55,154,150,143,7,11,0.9533333333333334,0.9285714285714286,0.8881987577639752
6,clab-nebula-serf85,60,157,150,146,4,11,0.9733333333333334,0.9299363057324841,0.906832298136646
6,clab-nebula-serf97,5,5,6,5,1,0,0.8333333333333334,1.0,0.8333333333333334
6,clab-nebula-serf97,10,7,7,7,0,0,1.0,1.0,1.0
6,clab-nebula-serf97,15,7,7,7,0,0,1.0,1.0,1.0
6,clab-nebula-serf97,20,9,127,7,120,2,0.05511811023622047,0.7777777777777778,0.05426356589147287
6,clab-nebula-serf97,25,17,142,17,125,0,0.11971830985915492,1.0,0.11971830985915492
6,clab-nebula-serf97,30,41,159,41,118,0,0.2578616352201258,1.0,0.2578616352201258
6,clab-nebula-serf97,35,80,159,80,79,0,0.5031446540880503,1.0,0.5031446540880503
6,clab-nebula-serf97,40,126,159,126,33,0,0.7924528301886793,1.0,0.7924528301886793
6,clab-nebula-serf97,45,149,159,149,10,0,0.9371069182389937,1.0,0.9371069182389937
6,clab-nebula-serf97,50,159,159,158,1,1,0.9937106918238994,0.9937106918238994,0.9875
6,clab-nebula-serf97,55,161,159,159,0,2,1.0,0.9875776397515528,0.9875776397515528
6,clab-nebula-serf97,60,161,159,159,0,2,1.0,0.9875776397515528,0.9875776397515528
6,clab-nebula-serf99,5,6,7,6,1,0,0.8571428571428571,1.0,0.8571428571428571
6,clab-nebula-serf99,10,7,118,7,111,0,0.059322033898305086,1.0,0.059322033898305086
6,clab-nebula-serf99,15,7,118,7,111,0,0.059322033898305086,1.0,0.059322033898305086
6,clab-nebula-serf99,20,11,143,11,132,0,0.07692307692307693,1.0,0.07692307692307693
6,clab-nebula-serf99,25,24,161,24,137,0,0.14906832298136646,1.0,0.14906832298136646
6,clab-nebula-serf99,30,52,159,52,107,0,0.3270440251572327,1.0,0.3270440251572327
6,clab-nebula-serf99,35,82,159,82,77,0,0.5157232704402516,1.0,0.5157232704402516
6,clab-nebula-serf99,40,137,159,137,22,0,0.8616352201257862,1.0,0.8616352201257862
6,clab-nebula-serf99,45,148,159,148,11,0,0.9308176100628931,1.0,0.9308176100628931
6,clab-nebula-serf99,50,159,159,158,1,1,0.9937106918238994,0.9937106918238994,0.9875
6,clab-nebula-serf99,55,160,159,158,1,2,0.9937106918238994,0.9875,0.9813664596273292
6,clab-nebula-serf99,60,161,159,159,0,2,1.0,0.9875776397515528,0.9875776397515528
6,clab-nebula-serf124,5,0,0,0,0,0,0.0,0.0,0.0
6,clab-nebula-serf124,10,3,72,3,69,0,0.041666666666666664,1.0,0.041666666666666664
6,clab-nebula-serf124,15,8,78,8,70,0,0.10256410256410256,1.0,0.10256410256410256
6,clab-nebula-serf124,20,15,161,15,146,0,0.09316770186335403,1.0,0.09316770186335403
6,clab-nebula-serf124,25,29,161,29,132,0,0.18012422360248448,1.0,0.18012422360248448
6,clab-nebula-serf124,30,81,151,71,80,10,0.47019867549668876,0.8765432098765432,0.4409937888198758
6,clab-nebula-serf124,35,114,150,103,47,11,0.6866666666666666,0.9035087719298246,0.639751552795031
6,clab-nebula-serf124,40,133,151,123,28,10,0.8145695364238411,0.924812030075188,0.7639751552795031
6,clab-nebula-serf124,45,145,150,134,16,11,0.8933333333333333,0.9241379310344827,0.8322981366459627
6,clab-nebula-serf124,50,156,150,145,5,11,0.9666666666666667,0.9294871794871795,0.9006211180124224
6,clab-nebula-serf124,55,161,150,150,0,11,1.0,0.9316770186335404,0.9316770186335404
6,clab-nebula-serf124,60,161,150,150,0,11,1.0,0.9316770186335404,0.9316770186335404
6,clab-nebula-serf157,5,4,3,3,0,1,1.0,0.75,0.75
6,clab-nebula-serf157,10,4,3,3,0,1,1.0,0.75,0.75
6,clab-nebula-serf157,15,5,10,4,6,1,0.4,0.8,0.36363636363636365
6,clab-nebula-serf157,20,9,25,9,16,0,0.36,1.0,0.36
6,clab-nebula-serf157,25,16,161,16,145,0,0.09937888198757763,1.0,0.09937888198757763
6,clab-nebula-serf157,30,35,161,35,126,0,0.21739130434782608,1.0,0.21739130434782608
6,clab-nebula-serf157,35,40,161,40,121,0,0.2484472049689441,1.0,0.2484472049689441
6,clab-nebula-serf157,40,54,161,54,107,0,0.33540372670807456,1.0,0.33540372670807456
6,clab-nebula-serf157,45,70,161,70,91,0,0.43478260869565216,1.0,0.43478260869565216
6,clab-nebula-serf157,50,109,161,109,52,0,0.6770186335403726,1.0,0.6770186335403726
6,clab-nebula-serf157,55,136,153,128,25,8,0.8366013071895425,0.9411764705882353,0.7950310559006211
6,clab-nebula-serf157,60,148,153,140,13,8,0.9150326797385621,0.9459459459459459,0.8695652173913043
6,clab-nebula-serf159,5,4,11,4,7,0,0.36363636363636365,1.0,0.36363636363636365
6,clab-nebula-serf159,10,4,11,4,7,0,0.36363636363636365,1.0,0.36363636363636365
6,clab-nebula-serf159,15,5,10,4,6,1,0.4,0.8,0.36363636363636365
6,clab-nebula-serf159,20,9,25,9,16,0,0.36,1.0,0.36
6,clab-nebula-serf159,25,16,161,16,145,0,0.09937888198757763,1.0,0.09937888198757763
6,clab-nebula-serf159,30,35,161,35,126,0,0.21739130434782608,1.0,0.21739130434782608
6,clab-nebula-serf159,35,40,161,40,121,0,0.2484472049689441,1.0,0.2484472049689441
6,clab-nebula-serf159,40,54,161,54,107,0,0.33540372670807456,1.0,0.33540372670807456
6,clab-nebula-serf159,45,70,161,70,91,0,0.43478260869565216,1.0,0.43478260869565216
6,clab-nebula-serf159,50,108,161,108,53,0,0.6708074534161491,1.0,0.6708074534161491
6,clab-nebula-serf159,55,136,153,128,25,8,0.8366013071895425,0.9411764705882353,0.7950310559006211
6,clab-nebula-serf159,60,148,153,140,13,8,0.9150326797385621,0.9459459459459459,0.8695652173913043
6,clab-nebula-serf1,5,0,0,0,0,0,0.0,0.0,0.0
6,clab-nebula-serf1,10,6,12,6,6,0,0.5,1.0,0.5
6,clab-nebula-serf1,15,12,43,12,31,0,0.27906976744186046,1.0,0.27906976744186046
6,clab-nebula-serf1,20,19,43,19,24,0,0.4418604651162791,1.0,0.4418604651162791
6,clab-nebula-serf1,25,37,76,35,41,2,0.4605263157894737,0.9459459459459459,0.44871794871794873
6,clab-nebula-serf1,30,74,159,74,85,0,0.46540880503144655,1.0,0.46540880503144655
6,clab-nebula-serf1,35,91,159,91,68,0,0.5723270440251572,1.0,0.5723270440251572
6,clab-nebula-serf1,40,107,159,107,52,0,0.6729559748427673,1.0,0.6729559748427673
6,clab-nebula-serf1,45,117,159,117,42,0,0.7358490566037735,1.0,0.7358490566037735
6,clab-nebula-serf1,50,121,159,121,38,0,0.7610062893081762,1.0,0.7610062893081762
6,clab-nebula-serf1,55,133,159,133,26,0,0.8364779874213837,1.0,0.8364779874213837
6,clab-nebula-serf1,60,153,159,151,8,2,0.949685534591195,0.9869281045751634,0.937888198757764
6,clab-nebula-serf33,5,3,21,2,19,1,0.09523809523809523,0.6666666666666666,0.09090909090909091
6,clab-nebula-serf33,10,20,159,20,139,0,0.12578616352201258,1.0,0.12578616352201258
6,clab-nebula-serf33,15,53,159,53,106,0,0.3333333333333333,1.0,0.3333333333333333
6,clab-nebula-serf33,20,78,159,78,81,0,0.49056603773584906,1.0,0.49056603773584906
6,clab-nebula-serf33,25,90,159,90,69,0,0.5660377358490566,1.0,0.5660377358490566
6,clab-nebula-serf33,30,105,159,105,54,0,0.660377358490566,1.0,0.660377358490566
6,clab-nebula-serf33,35,119,159,119,40,0,0.7484276729559748,1.0,0.7484276729559748
6,clab-nebula-serf33,40,124,159,124,35,0,0.779874213836478,1.0,0.779874213836478
6,clab-nebula-serf33,45,128,159,128,31,0,0.8050314465408805,1.0,0.8050314465408805
6,clab-nebula-serf33,50,154,159,154,5,0,0.9685534591194969,1.0,0.9685534591194969
6,clab-nebula-serf33,55,154,159,154,5,0,0.9685534591194969,1.0,0.9685534591194969
6,clab-nebula-serf33,60,157,159,155,4,2,0.9748427672955975,0.9872611464968153,0.9627329192546584
6,clab-nebula-serf123,5,0,0,0,0,0,0.0,0.0,0.0
6,clab-nebula-serf123,10,2,161,2,159,0,0.012422360248447204,1.0,0.012422360248447204
6,clab-nebula-serf123,15,11,161,11,150,0,0.06832298136645963,1.0,0.06832298136645963
6,clab-nebula-serf123,20,16,161,16,145,0,0.09937888198757763,1.0,0.09937888198757763
6,clab-nebula-serf123,25,42,161,42,119,0,0.2608695652173913,1.0,0.2608695652173913
6,clab-nebula-serf123,30,89,161,89,72,0,0.5527950310559007,1.0,0.5527950310559007
6,clab-nebula-serf123,35,128,161,128,33,0,0.7950310559006211,1.0,0.7950310559006211
6,clab-nebula-serf123,40,143,161,143,18,0,0.8881987577639752,1.0,0.8881987577639752
6,clab-nebula-serf123,45,152,161,152,9,0,0.9440993788819876,1.0,0.9440993788819876
6,clab-nebula-serf123,50,158,161,158,3,0,0.9813664596273292,1.0,0.9813664596273292
6,clab-nebula-serf123,55,161,161,161,0,0,1.0,1.0,1.0
6,clab-nebula-serf123,60,161,161,161,0,0,1.0,1.0,1.0
6,clab-nebula-serf135,5,0,0,0,0,0,0.0,0.0,0.0
6,clab-nebula-serf135,10,0,0,0,0,0,0.0,0.0,0.0
6,clab-nebula-serf135,15,1,27,1,26,0,0.037037037037037035,1.0,0.037037037037037035
6,clab-nebula-serf135,20,14,39,14,25,0,0.358974358974359,1.0,0.358974358974359
6,clab-nebula-serf135,25,15,39,15,24,0,0.38461538461538464,1.0,0.38461538461538464
6,clab-nebula-serf135,30,25,39,24,15,1,0.6153846153846154,0.96,0.6
6,clab-nebula-serf135,35,42,161,42,119,0,0.2608695652173913,1.0,0.2608695652173913
6,clab-nebula-serf135,40,54,161,54,107,0,0.33540372670807456,1.0,0.33540372670807456
6,clab-nebula-serf135,45,91,150,81,69,10,0.54,0.8901098901098901,0.50625
6,clab-nebula-serf135,50,112,150,101,49,11,0.6733333333333333,0.9017857142857143,0.6273291925465838
6,clab-nebula-serf135,55,137,150,126,24,11,0.84,0.9197080291970803,0.782608695652174
6,clab-nebula-serf135,60,146,150,135,15,11,0.9,0.9246575342465754,0.8385093167701864
6,clab-nebula-serf13,5,0,0,0,0,0,0.0,0.0,0.0
6,clab-nebula-serf13,10,7,65,7,58,0,0.1076923076923077,1.0,0.1076923076923077
6,clab-nebula-serf13,15,24,65,24,41,0,0.36923076923076925,1.0,0.36923076923076925
6,clab-nebula-serf13,20,50,104,48,56,2,0.46153846153846156,0.96,0.4528301886792453
6,clab-nebula-serf13,25,76,159,76,83,0,0.4779874213836478,1.0,0.4779874213836478
6,clab-nebula-serf13,30,92,159,92,67,0,0.5786163522012578,1.0,0.5786163522012578
6,clab-nebula-serf13,35,110,159,110,49,0,0.6918238993710691,1.0,0.6918238993710691
6,clab-nebula-serf13,40,120,159,120,39,0,0.7547169811320755,1.0,0.7547169811320755
6,clab-nebula-serf13,45,124,159,124,35,0,0.779874213836478,1.0,0.779874213836478
6,clab-nebula-serf13,50,144,159,144,15,0,0.9056603773584906,1.0,0.9056603773584906
6,clab-nebula-serf13,55,154,159,154,5,0,0.9685534591194969,1.0,0.9685534591194969
6,clab-nebula-serf13,60,157,159,155,4,2,0.9748427672955975,0.9872611464968153,0.9627329192546584
6,clab-nebula-serf47,5,4,10,3,7,1,0.3,0.75,0.2727272727272727
6,clab-nebula-serf47,10,12,48,12,36,0,0.25,1.0,0.25
6,clab-nebula-serf47,15,25,48,25,23,0,0.5208333333333334,1.0,0.5208333333333334
6,clab-nebula-serf47,20,51,93,48,45,3,0.5161290322580645,0.9411764705882353,0.5
6,clab-nebula-serf47,25,82,104,77,27,5,0.7403846153846154,0.9390243902439024,0.7064220183486238
6,clab-nebula-serf47,30,100,159,100,59,0,0.6289308176100629,1.0,0.6289308176100629
6,clab-nebula-serf47,35,120,159,120,39,0,0.7547169811320755,1.0,0.7547169811320755
6,clab-nebula-serf47,40,124,159,124,35,0,0.779874213836478,1.0,0.779874213836478
6,clab-nebula-serf47,45,126,159,126,33,0,0.7924528301886793,1.0,0.7924528301886793
6,clab-nebula-serf47,50,154,159,154,5,0,0.9685534591194969,1.0,0.9685534591194969
6,clab-nebula-serf47,55,154,159,154,5,0,0.9685534591194969,1.0,0.9685534591194969
6,clab-nebula-serf47,60,156,159,155,4,1,0.9748427672955975,0.9935897435897436,0.96875
6,clab-nebula-serf84,5,0,0,0,0,0,0.0,0.0,0.0
6,clab-nebula-serf84,10,0,0,0,0,0,0.0,0.0,0.0
6,clab-nebula-serf84,15,4,68,4,64,0,0.058823529411764705,1.0,0.058823529411764705
6,clab-nebula-serf84,20,18,133,18,115,0,0.13533834586466165,1.0,0.13533834586466165
6,clab-nebula-serf84,25,35,136,35,101,0,0.25735294117647056,1.0,0.25735294117647056
6,clab-nebula-serf84,30,57,137,56,81,1,0.40875912408759124,0.9824561403508771,0.4057971014492754
6,clab-nebula-serf84,35,81,150,81,69,0,0.54,1.0,0.54
6,clab-nebula-serf84,40,110,150,110,40,0,0.7333333333333333,1.0,0.7333333333333333
6,clab-nebula-serf84,45,119,150,119,31,0,0.7933333333333333,1.0,0.7933333333333333
6,clab-nebula-serf84,50,128,150,126,24,2,0.84,0.984375,0.8289473684210527
6,clab-nebula-serf84,55,142,150,137,13,5,0.9133333333333333,0.9647887323943662,0.8838709677419355
6,clab-nebula-serf84,60,154,150,143,7,11,0.9533333333333334,0.9285714285714286,0.8881987577639752
6,clab-nebula-serf92,5,0,0,0,0,0,0.0,0.0,0.0
6,clab-nebula-serf92,10,9,76,9,67,0,0.11842105263157894,1.0,0.11842105263157894
6,clab-nebula-serf92,15,30,159,30,129,0,0.18867924528301888,1.0,0.18867924528301888
6,clab-nebula-serf92,20,47,159,47,112,0,0.29559748427672955,1.0,0.29559748427672955
6,clab-nebula-serf92,25,77,159,77,82,0,0.48427672955974843,1.0,0.48427672955974843
6,clab-nebula-serf92,30,103,159,103,56,0,0.6477987421383647,1.0,0.6477987421383647
6,clab-nebula-serf92,35,118,159,118,41,0,0.7421383647798742,1.0,0.7421383647798742
6,clab-nebula-serf92,40,123,159,123,36,0,0.7735849056603774,1.0,0.7735849056603774
6,clab-nebula-serf92,45,137,159,137,22,0,0.8616352201257862,1.0,0.8616352201257862
6,clab-nebula-serf92,50,154,159,154,5,0,0.9685534591194969,1.0,0.9685534591194969
6,clab-nebula-serf92,55,154,159,154,5,0,0.9685534591194969,1.0,0.9685534591194969
6,clab-nebula-serf92,60,158,159,156,3,2,0.9811320754716981,0.9873417721518988,0.968944099378882
6,clab-nebula-serf106,5,0,0,0,0,0,0.0,0.0,0.0
6,clab-nebula-serf106,10,2,31,1,30,1,0.03225806451612903,0.5,0.03125
6,clab-nebula-serf106,15,4,31,2,29,2,0.06451612903225806,0.5,0.06060606060606061
6,clab-nebula-serf106,20,8,31,4,27,4,0.12903225806451613,0.5,0.11428571428571428
6,clab-nebula-serf106,25,27,161,27,134,0,0.16770186335403728,1.0,0.16770186335403728
6,clab-nebula-serf106,30,55,161,55,106,0,0.3416149068322981,1.0,0.3416149068322981
6,clab-nebula-serf106,35,86,161,86,75,0,0.5341614906832298,1.0,0.5341614906832298
6,clab-nebula-serf106,40,130,159,130,29,0,0.8176100628930818,1.0,0.8176100628930818
6,clab-nebula-serf106,45,145,159,145,14,0,0.9119496855345912,1.0,0.9119496855345912
6,clab-nebula-serf106,50,153,160,153,7,0,0.95625,1.0,0.95625
6,clab-nebula-serf106,55,155,160,154,6,1,0.9625,0.9935483870967742,0.9565217391304348
6,clab-nebula-serf106,60,161,160,160,0,1,1.0,0.9937888198757764,0.9937888198757764
6,clab-nebula-serf108,5,0,0,0,0,0,0.0,0.0,0.0
6,clab-nebula-serf108,10,2,39,2,37,0,0.05128205128205128,1.0,0.05128205128205128
6,clab-nebula-serf108,15,7,65,7,58,0,0.1076923076923077,1.0,0.1076923076923077
6,clab-nebula-serf108,20,16,65,16,49,0,0.24615384615384617,1.0,0.24615384615384617
6,clab-nebula-serf108,25,46,161,46,115,0,0.2857142857142857,1.0,0.2857142857142857
6,clab-nebula-serf108,30,73,161,73,88,0,0.453416149068323,1.0,0.453416149068323
6,clab-nebula-serf108,35,122,150,113,37,9,0.7533333333333333,0.9262295081967213,0.710691823899371
6,clab-nebula-serf108,40,144,150,133,17,11,0.8866666666666667,0.9236111111111112,0.8260869565217391
6,clab-nebula-serf108,45,149,150,138,12,11,0.92,0.9261744966442953,0.8571428571428571
6,clab-nebula-serf108,50,155,150,144,6,11,0.96,0.9290322580645162,0.8944099378881988
6,clab-nebula-serf108,55,158,150,147,3,11,0.98,0.930379746835443,0.9130434782608695
6,clab-nebula-serf108,60,161,150,150,0,11,1.0,0.9316770186335404,0.9316770186335404
6,clab-nebula-serf119,5,2,2,2,0,0,1.0,1.0,1.0
6,clab-nebula-serf119,10,2,2,2,0,0,1.0,1.0,1.0
6,clab-nebula-serf119,15,2,2,2,0,0,1.0,1.0,1.0
6,clab-nebula-serf119,20,2,2,2,0,0,1.0,1.0,1.0
6,clab-nebula-serf119,25,3,12,3,9,0,0.25,1.0,0.25
6,clab-nebula-serf119,30,3,12,3,9,0,0.25,1.0,0.25
6,clab-nebula-serf119,35,3,12,3,9,0,0.25,1.0,0.25
6,clab-nebula-serf119,40,4,84,4,80,0,0.047619047619047616,1.0,0.047619047619047616
6,clab-nebula-serf119,45,5,84,5,79,0,0.05952380952380952,1.0,0.05952380952380952
6,clab-nebula-serf119,50,17,153,17,136,0,0.1111111111111111,1.0,0.1111111111111111
6,clab-nebula-serf119,55,27,153,27,126,0,0.17647058823529413,1.0,0.17647058823529413
6,clab-nebula-serf119,60,53,150,52,98,1,0.3466666666666667,0.9811320754716981,0.3443708609271523
6,clab-nebula-serf125,5,0,0,0,0,0,0.0,0.0,0.0
6,clab-nebula-serf125,10,3,36,3,33,0,0.08333333333333333,1.0,0.08333333333333333
6,clab-nebula-serf125,15,12,161,12,149,0,0.07453416149068323,1.0,0.07453416149068323
6,clab-nebula-serf125,20,45,161,45,116,0,0.2795031055900621,1.0,0.2795031055900621
6,clab-nebula-serf125,25,58,161,58,103,0,0.36024844720496896,1.0,0.36024844720496896
6,clab-nebula-serf125,30,84,161,84,77,0,0.5217391304347826,1.0,0.5217391304347826
6,clab-nebula-serf125,35,112,161,112,49,0,0.6956521739130435,1.0,0.6956521739130435
6,clab-nebula-serf125,40,137,161,137,24,0,0.8509316770186336,1.0,0.8509316770186336
6,clab-nebula-serf125,45,146,151,136,15,10,0.9006622516556292,0.9315068493150684,0.84472049689441
6,clab-nebula-serf125,50,155,153,147,6,8,0.9607843137254902,0.9483870967741935,0.9130434782608695
6,clab-nebula-serf125,55,161,153,153,0,8,1.0,0.9503105590062112,0.9503105590062112
6,clab-nebula-serf125,60,161,153,153,0,8,1.0,0.9503105590062112,0.9503105590062112
6,clab-nebula-serf54,5,1,9,1,8,0,0.1111111111111111,1.0,0.1111111111111111
6,clab-nebula-serf54,10,11,25,11,14,0,0.44,1.0,0.44
6,clab-nebula-serf54,15,35,104,35,69,0,0.33653846153846156,1.0,0.33653846153846156
6,clab-nebula-serf54,20,66,159,66,93,0,0.41509433962264153,1.0,0.41509433962264153
6,clab-nebula-serf54,25,83,159,83,76,0,0.5220125786163522,1.0,0.5220125786163522
6,clab-nebula-serf54,30,99,159,99,60,0,0.6226415094339622,1.0,0.6226415094339622
6,clab-nebula-serf54,35,119,159,119,40,0,0.7484276729559748,1.0,0.7484276729559748
6,clab-nebula-serf54,40,122,159,122,37,0,0.7672955974842768,1.0,0.7672955974842768
6,clab-nebula-serf54,45,126,159,126,33,0,0.7924528301886793,1.0,0.7924528301886793
6,clab-nebula-serf54,50,153,159,153,6,0,0.9622641509433962,1.0,0.9622641509433962
6,clab-nebula-serf54,55,154,159,154,5,0,0.9685534591194969,1.0,0.9685534591194969
6,clab-nebula-serf54,60,157,159,155,4,2,0.9748427672955975,0.9872611464968153,0.9627329192546584
6,clab-nebula-serf57,5,4,25,4,21,0,0.16,1.0,0.16
6,clab-nebula-serf57,10,13,102,13,89,0,0.12745098039215685,1.0,0.12745098039215685
6,clab-nebula-serf57,15,57,159,57,102,0,0.3584905660377358,1.0,0.3584905660377358
6,clab-nebula-serf57,20,76,159,76,83,0,0.4779874213836478,1.0,0.4779874213836478
6,clab-nebula-serf57,25,90,159,90,69,0,0.5660377358490566,1.0,0.5660377358490566
6,clab-nebula-serf57,30,113,159,113,46,0,0.710691823899371,1.0,0.710691823899371
6,clab-nebula-serf57,35,121,159,121,38,0,0.7610062893081762,1.0,0.7610062893081762
6,clab-nebula-serf57,40,124,159,124,35,0,0.779874213836478,1.0,0.779874213836478
6,clab-nebula-serf57,45,144,159,144,15,0,0.9056603773584906,1.0,0.9056603773584906
6,clab-nebula-serf57,50,154,159,154,5,0,0.9685534591194969,1.0,0.9685534591194969
6,clab-nebula-serf57,55,155,159,154,5,1,0.9685534591194969,0.9935483870967742,0.9625
6,clab-nebula-serf57,60,158,159,156,3,2,0.9811320754716981,0.9873417721518988,0.968944099378882
6,clab-nebula-serf24,5,0,0,0,0,0,0.0,0.0,0.0
6,clab-nebula-serf24,10,2,16,2,14,0,0.125,1.0,0.125
6,clab-nebula-serf24,15,5,16,5,11,0,0.3125,1.0,0.3125
6,clab-nebula-serf24,20,17,159,17,142,0,0.1069182389937107,1.0,0.1069182389937107
6,clab-nebula-serf24,25,29,159,29,130,0,0.18238993710691823,1.0,0.18238993710691823
6,clab-nebula-serf24,30,48,159,48,111,0,0.3018867924528302,1.0,0.3018867924528302
6,clab-nebula-serf24,35,83,159,83,76,0,0.5220125786163522,1.0,0.5220125786163522
6,clab-nebula-serf24,40,93,159,93,66,0,0.5849056603773585,1.0,0.5849056603773585
6,clab-nebula-serf24,45,103,159,103,56,0,0.6477987421383647,1.0,0.6477987421383647
6,clab-nebula-serf24,50,120,159,120,39,0,0.7547169811320755,1.0,0.7547169811320755
6,clab-nebula-serf24,55,124,159,124,35,0,0.779874213836478,1.0,0.779874213836478
6,clab-nebula-serf24,60,129,159,129,30,0,0.8113207547169812,1.0,0.8113207547169812
6,clab-nebula-serf42,5,0,0,0,0,0,0.0,0.0,0.0
6,clab-nebula-serf42,10,0,0,0,0,0,0.0,0.0,0.0
6,clab-nebula-serf42,15,2,30,2,28,0,0.06666666666666667,1.0,0.06666666666666667
6,clab-nebula-serf42,20,15,159,15,144,0,0.09433962264150944,1.0,0.09433962264150944
6,clab-nebula-serf42,25,38,159,38,121,0,0.2389937106918239,1.0,0.2389937106918239
6,clab-nebula-serf42,30,71,159,71,88,0,0.44654088050314467,1.0,0.44654088050314467
6,clab-nebula-serf42,35,88,159,88,71,0,0.5534591194968553,1.0,0.5534591194968553
6,clab-nebula-serf42,40,101,159,101,58,0,0.6352201257861635,1.0,0.6352201257861635
6,clab-nebula-serf42,45,117,159,117,42,0,0.7358490566037735,1.0,0.7358490566037735
6,clab-nebula-serf42,50,123,159,123,36,0,0.7735849056603774,1.0,0.7735849056603774
6,clab-nebula-serf42,55,127,159,127,32,0,0.7987421383647799,1.0,0.7987421383647799
6,clab-nebula-serf42,60,153,159,153,6,0,0.9622641509433962,1.0,0.9622641509433962
6,clab-nebula-serf48,5,0,0,0,0,0,0.0,0.0,0.0
6,clab-nebula-serf48,10,5,48,5,43,0,0.10416666666666667,1.0,0.10416666666666667
6,clab-nebula-serf48,15,21,51,21,30,0,0.4117647058823529,1.0,0.4117647058823529
6,clab-nebula-serf48,20,37,51,36,15,1,0.7058823529411765,0.972972972972973,0.6923076923076923
6,clab-nebula-serf48,25,79,104,75,29,4,0.7211538461538461,0.9493670886075949,0.6944444444444444
6,clab-nebula-serf48,30,88,159,88,71,0,0.5534591194968553,1.0,0.5534591194968553
6,clab-nebula-serf48,35,114,159,114,45,0,0.7169811320754716,1.0,0.7169811320754716
6,clab-nebula-serf48,40,121,159,121,38,0,0.7610062893081762,1.0,0.7610062893081762
6,clab-nebula-serf48,45,124,159,124,35,0,0.779874213836478,1.0,0.779874213836478
6,clab-nebula-serf48,50,141,159,141,18,0,0.8867924528301887,1.0,0.8867924528301887
6,clab-nebula-serf48,55,154,159,154,5,0,0.9685534591194969,1.0,0.9685534591194969
6,clab-nebula-serf48,60,155,159,155,4,0,0.9748427672955975,1.0,0.9748427672955975
6,clab-nebula-serf2,5,0,0,0,0,0,0.0,0.0,0.0
6,clab-nebula-serf2,10,1,12,1,11,0,0.08333333333333333,1.0,0.08333333333333333
6,clab-nebula-serf2,15,5,12,5,7,0,0.4166666666666667,1.0,0.4166666666666667
6,clab-nebula-serf2,20,10,12,10,2,0,0.8333333333333334,1.0,0.8333333333333334
6,clab-nebula-serf2,25,19,43,19,24,0,0.4418604651162791,1.0,0.4418604651162791
6,clab-nebula-serf2,30,32,43,29,14,3,0.6744186046511628,0.90625,0.6304347826086957
6,clab-nebula-serf2,35,67,159,67,92,0,0.42138364779874216,1.0,0.42138364779874216
6,clab-nebula-serf2,40,84,159,84,75,0,0.5283018867924528,1.0,0.5283018867924528
6,clab-nebula-serf2,45,99,159,99,60,0,0.6226415094339622,1.0,0.6226415094339622
6,clab-nebula-serf2,50,114,159,114,45,0,0.7169811320754716,1.0,0.7169811320754716
6,clab-nebula-serf2,55,120,159,120,39,0,0.7547169811320755,1.0,0.7547169811320755
6,clab-nebula-serf2,60,124,159,124,35,0,0.779874213836478,1.0,0.779874213836478
6,clab-nebula-serf21,5,2,51,2,49,0,0.0392156862745098,1.0,0.0392156862745098
6,clab-nebula-serf21,10,4,51,4,47,0,0.0784313725490196,1.0,0.0784313725490196
6,clab-nebula-serf21,15,16,159,16,143,0,0.10062893081761007,1.0,0.10062893081761007
6,clab-nebula-serf21,20,32,159,32,127,0,0.20125786163522014,1.0,0.20125786163522014
6,clab-nebula-serf21,25,56,159,56,103,0,0.3522012578616352,1.0,0.3522012578616352
6,clab-nebula-serf21,30,84,159,84,75,0,0.5283018867924528,1.0,0.5283018867924528
6,clab-nebula-serf21,35,94,159,94,65,0,0.5911949685534591,1.0,0.5911949685534591
6,clab-nebula-serf21,40,107,159,107,52,0,0.6729559748427673,1.0,0.6729559748427673
6,clab-nebula-serf21,45,121,159,121,38,0,0.7610062893081762,1.0,0.7610062893081762
6,clab-nebula-serf21,50,124,159,124,35,0,0.779874213836478,1.0,0.779874213836478
6,clab-nebula-serf21,55,133,159,133,26,0,0.8364779874213837,1.0,0.8364779874213837
6,clab-nebula-serf21,60,154,159,154,5,0,0.9685534591194969,1.0,0.9685534591194969
6,clab-nebula-serf67,5,0,0,0,0,0,0.0,0.0,0.0
6,clab-nebula-serf67,10,5,16,5,11,0,0.3125,1.0,0.3125
6,clab-nebula-serf67,15,26,159,26,133,0,0.16352201257861634,1.0,0.16352201257861634
6,clab-nebula-serf67,20,41,159,41,118,0,0.2578616352201258,1.0,0.2578616352201258
6,clab-nebula-serf67,25,76,159,76,83,0,0.4779874213836478,1.0,0.4779874213836478
6,clab-nebula-serf67,30,98,159,98,61,0,0.6163522012578616,1.0,0.6163522012578616
6,clab-nebula-serf67,35,115,159,115,44,0,0.7232704402515723,1.0,0.7232704402515723
6,clab-nebula-serf67,40,122,159,122,37,0,0.7672955974842768,1.0,0.7672955974842768
6,clab-nebula-serf67,45,135,159,135,24,0,0.8490566037735849,1.0,0.8490566037735849
6,clab-nebula-serf67,50,154,159,154,5,0,0.9685534591194969,1.0,0.9685534591194969
6,clab-nebula-serf67,55,154,159,154,5,0,0.9685534591194969,1.0,0.9685534591194969
6,clab-nebula-serf67,60,158,159,156,3,2,0.9811320754716981,0.9873417721518988,0.968944099378882
6,clab-nebula-serf102,5,5,7,5,2,0,0.7142857142857143,1.0,0.7142857142857143
6,clab-nebula-serf102,10,7,118,7,111,0,0.059322033898305086,1.0,0.059322033898305086
6,clab-nebula-serf102,15,7,118,7,111,0,0.059322033898305086,1.0,0.059322033898305086
6,clab-nebula-serf102,20,10,127,8,119,2,0.06299212598425197,0.8,0.06201550387596899
6,clab-nebula-serf102,25,21,142,21,121,0,0.14788732394366197,1.0,0.14788732394366197
6,clab-nebula-serf102,30,40,159,40,119,0,0.25157232704402516,1.0,0.25157232704402516
6,clab-nebula-serf102,35,76,159,76,83,0,0.4779874213836478,1.0,0.4779874213836478
6,clab-nebula-serf102,40,124,159,124,35,0,0.779874213836478,1.0,0.779874213836478
6,clab-nebula-serf102,45,144,159,144,15,0,0.9056603773584906,1.0,0.9056603773584906
6,clab-nebula-serf102,50,157,159,156,3,1,0.9811320754716981,0.9936305732484076,0.975
6,clab-nebula-serf102,55,160,159,158,1,2,0.9937106918238994,0.9875,0.9813664596273292
6,clab-nebula-serf102,60,161,159,159,0,2,1.0,0.9875776397515528,0.9875776397515528
6,clab-nebula-serf110,5,0,0,0,0,0,0.0,0.0,0.0
6,clab-nebula-serf110,10,0,0,0,0,0,0.0,0.0,0.0
6,clab-nebula-serf110,15,2,31,1,30,1,0.03225806451612903,0.5,0.03125
6,clab-nebula-serf110,20,7,31,3,28,4,0.0967741935483871,0.42857142857142855,0.08571428571428572
6,clab-nebula-serf110,25,15,161,15,146,0,0.09316770186335403,1.0,0.09316770186335403
6,clab-nebula-serf110,30,37,161,37,124,0,0.22981366459627328,1.0,0.22981366459627328
6,clab-nebula-serf110,35,69,161,69,92,0,0.42857142857142855,1.0,0.42857142857142855
6,clab-nebula-serf110,40,107,161,107,54,0,0.6645962732919255,1.0,0.6645962732919255
6,clab-nebula-serf110,45,143,159,143,16,0,0.89937106918239,1.0,0.89937106918239
6,clab-nebula-serf110,50,148,159,148,11,0,0.9308176100628931,1.0,0.9308176100628931
6,clab-nebula-serf110,55,154,160,154,6,0,0.9625,1.0,0.9625
6,clab-nebula-serf110,60,157,160,156,4,1,0.975,0.9936305732484076,0.968944099378882
6,clab-nebula-serf132,5,0,0,0,0,0,0.0,0.0,0.0
6,clab-nebula-serf132,10,0,0,0,0,0,0.0,0.0,0.0
6,clab-nebula-serf132,15,11,39,11,28,0,0.28205128205128205,1.0,0.28205128205128205
6,clab-nebula-serf132,20,14,39,14,25,0,0.358974358974359,1.0,0.358974358974359
6,clab-nebula-serf132,25,23,39,22,17,1,0.5641025641025641,0.9565217391304348,0.55
6,clab-nebula-serf132,30,37,161,37,124,0,0.22981366459627328,1.0,0.22981366459627328
6,clab-nebula-serf132,35,48,161,48,113,0,0.2981366459627329,1.0,0.2981366459627329
6,clab-nebula-serf132,40,78,161,78,83,0,0.484472049689441,1.0,0.484472049689441
6,clab-nebula-serf132,45,104,161,104,57,0,0.6459627329192547,1.0,0.6459627329192547
6,clab-nebula-serf132,50,132,161,132,29,0,0.8198757763975155,1.0,0.8198757763975155
6,clab-nebula-serf132,55,144,161,144,17,0,0.8944099378881988,1.0,0.8944099378881988
6,clab-nebula-serf132,60,151,161,151,10,0,0.937888198757764,1.0,0.937888198757764
6,clab-nebula-serf134,5,0,0,0,0,0,0.0,0.0,0.0
6,clab-nebula-serf134,10,0,0,0,0,0,0.0,0.0,0.0
6,clab-nebula-serf134,15,1,10,1,9,0,0.1,1.0,0.1
6,clab-nebula-serf134,20,14,39,14,25,0,0.358974358974359,1.0,0.358974358974359
6,clab-nebula-serf134,25,16,39,16,23,0,0.41025641025641024,1.0,0.41025641025641024
6,clab-nebula-serf134,30,26,161,26,135,0,0.16149068322981366,1.0,0.16149068322981366
6,clab-nebula-serf134,35,43,161,43,118,0,0.2670807453416149,1.0,0.2670807453416149
6,clab-nebula-serf134,40,57,161,57,104,0,0.35403726708074534,1.0,0.35403726708074534
6,clab-nebula-serf134,45,91,161,91,70,0,0.5652173913043478,1.0,0.5652173913043478
6,clab-nebula-serf134,50,116,161,116,45,0,0.7204968944099379,1.0,0.7204968944099379
6,clab-nebula-serf134,55,137,161,137,24,0,0.8509316770186336,1.0,0.8509316770186336
6,clab-nebula-serf134,60,147,161,147,14,0,0.9130434782608695,1.0,0.9130434782608695
6,clab-nebula-serf137,5,0,0,0,0,0,0.0,0.0,0.0
6,clab-nebula-serf137,10,0,0,0,0,0,0.0,0.0,0.0
6,clab-nebula-serf137,15,2,10,2,8,0,0.2,1.0,0.2
6,clab-nebula-serf137,20,14,39,14,25,0,0.358974358974359,1.0,0.358974358974359
6,clab-nebula-serf137,25,20,39,20,19,0,0.5128205128205128,1.0,0.5128205128205128
6,clab-nebula-serf137,30,26,161,26,135,0,0.16149068322981366,1.0,0.16149068322981366
6,clab-nebula-serf137,35,44,161,44,117,0,0.2732919254658385,1.0,0.2732919254658385
6,clab-nebula-serf137,40,55,161,55,106,0,0.3416149068322981,1.0,0.3416149068322981
6,clab-nebula-serf137,45,90,161,90,71,0,0.5590062111801242,1.0,0.5590062111801242
6,clab-nebula-serf137,50,115,161,115,46,0,0.7142857142857143,1.0,0.7142857142857143
6,clab-nebula-serf137,55,137,161,137,24,0,0.8509316770186336,1.0,0.8509316770186336
6,clab-nebula-serf137,60,148,161,148,13,0,0.9192546583850931,1.0,0.9192546583850931
6,clab-nebula-serf10,5,1,12,1,11,0,0.08333333333333333,1.0,0.08333333333333333
6,clab-nebula-serf10,10,9,43,9,34,0,0.20930232558139536,1.0,0.20930232558139536
6,clab-nebula-serf10,15,20,45,20,25,0,0.4444444444444444,1.0,0.4444444444444444
6,clab-nebula-serf10,20,40,104,40,64,0,0.38461538461538464,1.0,0.38461538461538464
6,clab-nebula-serf10,25,71,104,69,35,2,0.6634615384615384,0.971830985915493,0.6509433962264151
6,clab-nebula-serf10,30,88,159,88,71,0,0.5534591194968553,1.0,0.5534591194968553
6,clab-nebula-serf10,35,103,159,103,56,0,0.6477987421383647,1.0,0.6477987421383647
6,clab-nebula-serf10,40,120,159,120,39,0,0.7547169811320755,1.0,0.7547169811320755
6,clab-nebula-serf10,45,121,159,121,38,0,0.7610062893081762,1.0,0.7610062893081762
6,clab-nebula-serf10,50,129,159,129,30,0,0.8113207547169812,1.0,0.8113207547169812
6,clab-nebula-serf10,55,153,159,153,6,0,0.9622641509433962,1.0,0.9622641509433962
6,clab-nebula-serf10,60,156,159,154,5,2,0.9685534591194969,0.9871794871794872,0.9565217391304348
6,clab-nebula-serf46,5,0,0,0,0,0,0.0,0.0,0.0
6,clab-nebula-serf46,10,3,51,3,48,0,0.058823529411764705,1.0,0.058823529411764705
6,clab-nebula-serf46,15,11,52,11,41,0,0.21153846153846154,1.0,0.21153846153846154
6,clab-nebula-serf46,20,26,52,26,26,0,0.5,1.0,0.5
6,clab-nebula-serf46,25,54,104,54,50,0,0.5192307692307693,1.0,0.5192307692307693
6,clab-nebula-serf46,30,81,104,76,28,5,0.7307692307692307,0.9382716049382716,0.6972477064220184
6,clab-nebula-serf46,35,100,159,100,59,0,0.6289308176100629,1.0,0.6289308176100629
6,clab-nebula-serf46,40,121,159,121,38,0,0.7610062893081762,1.0,0.7610062893081762
6,clab-nebula-serf46,45,124,159,124,35,0,0.779874213836478,1.0,0.779874213836478
6,clab-nebula-serf46,50,127,159,127,32,0,0.7987421383647799,1.0,0.7987421383647799
6,clab-nebula-serf46,55,154,159,154,5,0,0.9685534591194969,1.0,0.9685534591194969
6,clab-nebula-serf46,60,154,159,154,5,0,0.9685534591194969,1.0,0.9685534591194969
6,clab-nebula-serf74,5,0,0,0,0,0,0.0,0.0,0.0
6,clab-nebula-serf74,10,9,159,9,150,0,0.05660377358490566,1.0,0.05660377358490566
6,clab-nebula-serf74,15,26,159,26,133,0,0.16352201257861634,1.0,0.16352201257861634
6,clab-nebula-serf74,20,45,161,45,116,0,0.2795031055900621,1.0,0.2795031055900621
6,clab-nebula-serf74,25,82,159,82,77,0,0.5157232704402516,1.0,0.5157232704402516
6,clab-nebula-serf74,30,106,159,106,53,0,0.6666666666666666,1.0,0.6666666666666666
6,clab-nebula-serf74,35,117,159,117,42,0,0.7358490566037735,1.0,0.7358490566037735
6,clab-nebula-serf74,40,124,159,124,35,0,0.779874213836478,1.0,0.779874213836478
6,clab-nebula-serf74,45,145,159,145,14,0,0.9119496855345912,1.0,0.9119496855345912
6,clab-nebula-serf74,50,154,159,154,5,0,0.9685534591194969,1.0,0.9685534591194969
6,clab-nebula-serf74,55,155,159,154,5,1,0.9685534591194969,0.9935483870967742,0.9625
6,clab-nebula-serf74,60,159,159,157,2,2,0.9874213836477987,0.9874213836477987,0.9751552795031055
6,clab-nebula-serf76,5,2,12,2,10,0,0.16666666666666666,1.0,0.16666666666666666
6,clab-nebula-serf76,10,25,159,25,134,0,0.15723270440251572,1.0,0.15723270440251572
6,clab-nebula-serf76,15,38,159,38,121,0,0.2389937106918239,1.0,0.2389937106918239
6,clab-nebula-serf76,20,68,159,68,91,0,0.4276729559748428,1.0,0.4276729559748428
6,clab-nebula-serf76,25,89,159,89,70,0,0.559748427672956,1.0,0.559748427672956
6,clab-nebula-serf76,30,111,159,111,48,0,0.6981132075471698,1.0,0.6981132075471698
6,clab-nebula-serf76,35,121,159,121,38,0,0.7610062893081762,1.0,0.7610062893081762
6,clab-nebula-serf76,40,129,159,129,30,0,0.8113207547169812,1.0,0.8113207547169812
6,clab-nebula-serf76,45,153,159,153,6,0,0.9622641509433962,1.0,0.9622641509433962
6,clab-nebula-serf76,50,154,159,154,5,0,0.9685534591194969,1.0,0.9685534591194969
6,clab-nebula-serf76,55,158,159,156,3,2,0.9811320754716981,0.9873417721518988,0.968944099378882
6,clab-nebula-serf76,60,161,159,159,0,2,1.0,0.9875776397515528,0.9875776397515528
6,clab-nebula-serf149,5,0,0,0,0,0,0.0,0.0,0.0
6,clab-nebula-serf149,10,0,0,0,0,0,0.0,0.0,0.0
6,clab-nebula-serf149,15,1,8,1,7,0,0.125,1.0,0.125
6,clab-nebula-serf149,20,11,133,11,122,0,0.08270676691729323,1.0,0.08270676691729323
6,clab-nebula-serf149,25,17,133,17,116,0,0.12781954887218044,1.0,0.12781954887218044
6,clab-nebula-serf149,30,25,161,25,136,0,0.15527950310559005,1.0,0.15527950310559005
6,clab-nebula-serf149,35,48,161,48,113,0,0.2981366459627329,1.0,0.2981366459627329
6,clab-nebula-serf149,40,60,161,60,101,0,0.37267080745341613,1.0,0.37267080745341613
6,clab-nebula-serf149,45,89,161,89,72,0,0.5527950310559007,1.0,0.5527950310559007
6,clab-nebula-serf149,50,124,161,124,37,0,0.7701863354037267,1.0,0.7701863354037267
6,clab-nebula-serf149,55,143,159,143,16,0,0.89937106918239,1.0,0.89937106918239
6,clab-nebula-serf149,60,152,159,150,9,2,0.9433962264150944,0.9868421052631579,0.9316770186335404
6,clab-nebula-serf20,5,2,159,2,157,0,0.012578616352201259,1.0,0.012578616352201259
6,clab-nebula-serf20,10,4,159,4,155,0,0.025157232704402517,1.0,0.025157232704402517
6,clab-nebula-serf20,15,15,159,15,144,0,0.09433962264150944,1.0,0.09433962264150944
6,clab-nebula-serf20,20,26,159,26,133,0,0.16352201257861634,1.0,0.16352201257861634
6,clab-nebula-serf20,25,46,159,46,113,0,0.2893081761006289,1.0,0.2893081761006289
6,clab-nebula-serf20,30,80,159,80,79,0,0.5031446540880503,1.0,0.5031446540880503
6,clab-nebula-serf20,35,93,159,93,66,0,0.5849056603773585,1.0,0.5849056603773585
6,clab-nebula-serf20,40,102,159,102,57,0,0.6415094339622641,1.0,0.6415094339622641
6,clab-nebula-serf20,45,118,159,118,41,0,0.7421383647798742,1.0,0.7421383647798742
6,clab-nebula-serf20,50,124,159,124,35,0,0.779874213836478,1.0,0.779874213836478
6,clab-nebula-serf20,55,129,159,129,30,0,0.8113207547169812,1.0,0.8113207547169812
6,clab-nebula-serf20,60,154,159,154,5,0,0.9685534591194969,1.0,0.9685534591194969
6,clab-nebula-serf22,5,0,0,0,0,0,0.0,0.0,0.0
6,clab-nebula-serf22,10,4,51,4,47,0,0.0784313725490196,1.0,0.0784313725490196
6,clab-nebula-serf22,15,10,159,10,149,0,0.06289308176100629,1.0,0.06289308176100629
6,clab-nebula-serf22,20,23,159,23,136,0,0.14465408805031446,1.0,0.14465408805031446
6,clab-nebula-serf22,25,41,159,41,118,0,0.2578616352201258,1.0,0.2578616352201258
6,clab-nebula-serf22,30,76,159,76,83,0,0.4779874213836478,1.0,0.4779874213836478
6,clab-nebula-serf22,35,93,159,93,66,0,0.5849056603773585,1.0,0.5849056603773585
6,clab-nebula-serf22,40,98,159,98,61,0,0.6163522012578616,1.0,0.6163522012578616
6,clab-nebula-serf22,45,117,159,117,42,0,0.7358490566037735,1.0,0.7358490566037735
6,clab-nebula-serf22,50,122,159,122,37,0,0.7672955974842768,1.0,0.7672955974842768
6,clab-nebula-serf22,55,125,159,125,34,0,0.7861635220125787,1.0,0.7861635220125787
6,clab-nebula-serf22,60,153,159,153,6,0,0.9622641509433962,1.0,0.9622641509433962
6,clab-nebula-serf160,5,4,3,3,0,1,1.0,0.75,0.75
6,clab-nebula-serf160,10,4,3,3,0,1,1.0,0.75,0.75
6,clab-nebula-serf160,15,5,11,5,6,0,0.45454545454545453,1.0,0.45454545454545453
6,clab-nebula-serf160,20,10,14,9,5,1,0.6428571428571429,0.9,0.6
6,clab-nebula-serf160,25,25,161,25,136,0,0.15527950310559005,1.0,0.15527950310559005
6,clab-nebula-serf160,30,37,161,37,124,0,0.22981366459627328,1.0,0.22981366459627328
6,clab-nebula-serf160,35,43,161,43,118,0,0.2670807453416149,1.0,0.2670807453416149
6,clab-nebula-serf160,40,58,161,58,103,0,0.36024844720496896,1.0,0.36024844720496896
6,clab-nebula-serf160,45,82,161,82,79,0,0.5093167701863354,1.0,0.5093167701863354
6,clab-nebula-serf160,50,118,161,118,43,0,0.7329192546583851,1.0,0.7329192546583851
6,clab-nebula-serf160,55,139,153,131,22,8,0.8562091503267973,0.9424460431654677,0.8136645962732919
6,clab-nebula-serf160,60,149,153,141,12,8,0.9215686274509803,0.9463087248322147,0.8757763975155279
6,clab-nebula-serf31,5,1,3,1,2,0,0.3333333333333333,1.0,0.3333333333333333
6,clab-nebula-serf31,10,13,159,13,146,0,0.08176100628930817,1.0,0.08176100628930817
6,clab-nebula-serf31,15,28,159,28,131,0,0.1761006289308176,1.0,0.1761006289308176
6,clab-nebula-serf31,20,45,159,45,114,0,0.2830188679245283,1.0,0.2830188679245283
6,clab-nebula-serf31,25,80,159,80,79,0,0.5031446540880503,1.0,0.5031446540880503
6,clab-nebula-serf31,30,93,159,93,66,0,0.5849056603773585,1.0,0.5849056603773585
6,clab-nebula-serf31,35,102,159,102,57,0,0.6415094339622641,1.0,0.6415094339622641
6,clab-nebula-serf31,40,119,159,119,40,0,0.7484276729559748,1.0,0.7484276729559748
6,clab-nebula-serf31,45,124,159,124,35,0,0.779874213836478,1.0,0.779874213836478
6,clab-nebula-serf31,50,129,159,129,30,0,0.8113207547169812,1.0,0.8113207547169812
6,clab-nebula-serf31,55,154,159,154,5,0,0.9685534591194969,1.0,0.9685534591194969
6,clab-nebula-serf31,60,154,159,154,5,0,0.9685534591194969,1.0,0.9685534591194969
6,clab-nebula-serf93,5,3,76,3,73,0,0.039473684210526314,1.0,0.039473684210526314
6,clab-nebula-serf93,10,16,159,16,143,0,0.10062893081761007,1.0,0.10062893081761007
6,clab-nebula-serf93,15,37,159,37,122,0,0.23270440251572327,1.0,0.23270440251572327
6,clab-nebula-serf93,20,59,159,59,100,0,0.3710691823899371,1.0,0.3710691823899371
6,clab-nebula-serf93,25,83,159,83,76,0,0.5220125786163522,1.0,0.5220125786163522
6,clab-nebula-serf93,30,110,159,110,49,0,0.6918238993710691,1.0,0.6918238993710691
6,clab-nebula-serf93,35,119,159,119,40,0,0.7484276729559748,1.0,0.7484276729559748
6,clab-nebula-serf93,40,125,159,125,34,0,0.7861635220125787,1.0,0.7861635220125787
6,clab-nebula-serf93,45,142,159,142,17,0,0.8930817610062893,1.0,0.8930817610062893
6,clab-nebula-serf93,50,154,159,154,5,0,0.9685534591194969,1.0,0.9685534591194969
6,clab-nebula-serf93,55,156,159,155,4,1,0.9748427672955975,0.9935897435897436,0.96875
6,clab-nebula-serf93,60,161,159,159,0,2,1.0,0.9875776397515528,0.9875776397515528
6,clab-nebula-serf122,5,0,0,0,0,0,0.0,0.0,0.0
6,clab-nebula-serf122,10,0,0,0,0,0,0.0,0.0,0.0
6,clab-nebula-serf122,15,8,78,8,70,0,0.10256410256410256,1.0,0.10256410256410256
6,clab-nebula-serf122,20,15,161,15,146,0,0.09316770186335403,1.0,0.09316770186335403
6,clab-nebula-serf122,25,22,161,22,139,0,0.13664596273291926,1.0,0.13664596273291926
6,clab-nebula-serf122,30,61,150,58,92,3,0.38666666666666666,0.9508196721311475,0.3790849673202614
6,clab-nebula-serf122,35,106,150,95,55,11,0.6333333333333333,0.8962264150943396,0.5900621118012422
6,clab-nebula-serf122,40,133,150,122,28,11,0.8133333333333334,0.9172932330827067,0.7577639751552795
6,clab-nebula-serf122,45,144,150,133,17,11,0.8866666666666667,0.9236111111111112,0.8260869565217391
6,clab-nebula-serf122,50,154,150,143,7,11,0.9533333333333334,0.9285714285714286,0.8881987577639752
6,clab-nebula-serf122,55,161,150,150,0,11,1.0,0.9316770186335404,0.9316770186335404
6,clab-nebula-serf122,60,161,150,150,0,11,1.0,0.9316770186335404,0.9316770186335404
6,clab-nebula-serf38,5,0,0,0,0,0,0.0,0.0,0.0
6,clab-nebula-serf38,10,4,49,4,45,0,0.08163265306122448,1.0,0.08163265306122448
6,clab-nebula-serf38,15,24,159,24,135,0,0.1509433962264151,1.0,0.1509433962264151
6,clab-nebula-serf38,20,56,159,56,103,0,0.3522012578616352,1.0,0.3522012578616352
6,clab-nebula-serf38,25,82,159,82,77,0,0.5157232704402516,1.0,0.5157232704402516
6,clab-nebula-serf38,30,92,159,92,67,0,0.5786163522012578,1.0,0.5786163522012578
6,clab-nebula-serf38,35,107,159,107,52,0,0.6729559748427673,1.0,0.6729559748427673
6,clab-nebula-serf38,40,121,159,121,38,0,0.7610062893081762,1.0,0.7610062893081762
6,clab-nebula-serf38,45,124,159,124,35,0,0.779874213836478,1.0,0.779874213836478
6,clab-nebula-serf38,50,133,159,133,26,0,0.8364779874213837,1.0,0.8364779874213837
6,clab-nebula-serf38,55,154,159,154,5,0,0.9685534591194969,1.0,0.9685534591194969
6,clab-nebula-serf38,60,154,159,154,5,0,0.9685534591194969,1.0,0.9685534591194969
6,clab-nebula-serf55,5,0,0,0,0,0,0.0,0.0,0.0
6,clab-nebula-serf55,10,9,32,9,23,0,0.28125,1.0,0.28125
6,clab-nebula-serf55,15,23,104,23,81,0,0.22115384615384615,1.0,0.22115384615384615
6,clab-nebula-serf55,20,64,104,62,42,2,0.5961538461538461,0.96875,0.5849056603773585
6,clab-nebula-serf55,25,83,159,83,76,0,0.5220125786163522,1.0,0.5220125786163522
6,clab-nebula-serf55,30,96,159,96,63,0,0.6037735849056604,1.0,0.6037735849056604
6,clab-nebula-serf55,35,119,159,119,40,0,0.7484276729559748,1.0,0.7484276729559748
6,clab-nebula-serf55,40,121,159,121,38,0,0.7610062893081762,1.0,0.7610062893081762
6,clab-nebula-serf55,45,126,159,126,33,0,0.7924528301886793,1.0,0.7924528301886793
6,clab-nebula-serf55,50,153,159,153,6,0,0.9622641509433962,1.0,0.9622641509433962
6,clab-nebula-serf55,55,154,159,154,5,0,0.9685534591194969,1.0,0.9685534591194969
6,clab-nebula-serf55,60,157,159,155,4,2,0.9748427672955975,0.9872611464968153,0.9627329192546584
6,clab-nebula-serf79,5,6,124,6,118,0,0.04838709677419355,1.0,0.04838709677419355
6,clab-nebula-serf79,10,26,159,26,133,0,0.16352201257861634,1.0,0.16352201257861634
6,clab-nebula-serf79,15,41,159,41,118,0,0.2578616352201258,1.0,0.2578616352201258
6,clab-nebula-serf79,20,76,159,76,83,0,0.4779874213836478,1.0,0.4779874213836478
6,clab-nebula-serf79,25,96,159,96,63,0,0.6037735849056604,1.0,0.6037735849056604
6,clab-nebula-serf79,30,116,159,116,43,0,0.7295597484276729,1.0,0.7295597484276729
6,clab-nebula-serf79,35,121,159,121,38,0,0.7610062893081762,1.0,0.7610062893081762
6,clab-nebula-serf79,40,135,159,135,24,0,0.8490566037735849,1.0,0.8490566037735849
6,clab-nebula-serf79,45,153,159,153,6,0,0.9622641509433962,1.0,0.9622641509433962
6,clab-nebula-serf79,50,154,159,154,5,0,0.9685534591194969,1.0,0.9685534591194969
6,clab-nebula-serf79,55,158,159,156,3,2,0.9811320754716981,0.9873417721518988,0.968944099378882
6,clab-nebula-serf79,60,161,159,159,0,2,1.0,0.9875776397515528,0.9875776397515528
6,clab-nebula-serf113,5,1,1,1,0,0,1.0,1.0,1.0
6,clab-nebula-serf113,10,1,1,1,0,0,1.0,1.0,1.0
6,clab-nebula-serf113,15,3,161,3,158,0,0.018633540372670808,1.0,0.018633540372670808
6,clab-nebula-serf113,20,19,161,19,142,0,0.11801242236024845,1.0,0.11801242236024845
6,clab-nebula-serf113,25,28,159,28,131,0,0.1761006289308176,1.0,0.1761006289308176
6,clab-nebula-serf113,30,65,159,65,94,0,0.4088050314465409,1.0,0.4088050314465409
6,clab-nebula-serf113,35,105,159,105,54,0,0.660377358490566,1.0,0.660377358490566
6,clab-nebula-serf113,40,139,159,138,21,1,0.8679245283018868,0.9928057553956835,0.8625
6,clab-nebula-serf113,45,156,159,154,5,2,0.9685534591194969,0.9871794871794872,0.9565217391304348
6,clab-nebula-serf113,50,159,159,157,2,2,0.9874213836477987,0.9874213836477987,0.9751552795031055
6,clab-nebula-serf113,55,161,159,159,0,2,1.0,0.9875776397515528,0.9875776397515528
6,clab-nebula-serf113,60,161,159,159,0,2,1.0,0.9875776397515528,0.9875776397515528
6,clab-nebula-serf120,5,2,2,2,0,0,1.0,1.0,1.0
6,clab-nebula-serf120,10,2,2,2,0,0,1.0,1.0,1.0
6,clab-nebula-serf120,15,2,2,2,0,0,1.0,1.0,1.0
6,clab-nebula-serf120,20,2,2,2,0,0,1.0,1.0,1.0
6,clab-nebula-serf120,25,2,2,2,0,0,1.0,1.0,1.0
6,clab-nebula-serf120,30,3,12,3,9,0,0.25,1.0,0.25
6,clab-nebula-serf120,35,3,12,3,9,0,0.25,1.0,0.25
6,clab-nebula-serf120,40,3,12,3,9,0,0.25,1.0,0.25
6,clab-nebula-serf120,45,5,84,5,79,0,0.05952380952380952,1.0,0.05952380952380952
6,clab-nebula-serf120,50,14,153,14,139,0,0.0915032679738562,1.0,0.0915032679738562
6,clab-nebula-serf120,55,24,153,24,129,0,0.1568627450980392,1.0,0.1568627450980392
6,clab-nebula-serf120,60,48,150,47,103,1,0.31333333333333335,0.9791666666666666,0.31125827814569534
6,clab-nebula-serf128,5,0,0,0,0,0,0.0,0.0,0.0
6,clab-nebula-serf128,10,2,39,2,37,0,0.05128205128205128,1.0,0.05128205128205128
6,clab-nebula-serf128,15,6,39,6,33,0,0.15384615384615385,1.0,0.15384615384615385
6,clab-nebula-serf128,20,20,153,20,133,0,0.13071895424836602,1.0,0.13071895424836602
6,clab-nebula-serf128,25,48,161,48,113,0,0.2981366459627329,1.0,0.2981366459627329
6,clab-nebula-serf128,30,73,153,72,81,1,0.47058823529411764,0.9863013698630136,0.4675324675324675
6,clab-nebula-serf128,35,111,153,107,46,4,0.6993464052287581,0.963963963963964,0.6815286624203821
6,clab-nebula-serf128,40,145,152,136,16,9,0.8947368421052632,0.9379310344827586,0.84472049689441
6,clab-nebula-serf128,45,150,153,142,11,8,0.9281045751633987,0.9466666666666667,0.8819875776397516
6,clab-nebula-serf128,50,155,153,147,6,8,0.9607843137254902,0.9483870967741935,0.9130434782608695
6,clab-nebula-serf128,55,159,153,151,2,8,0.9869281045751634,0.949685534591195,0.937888198757764
6,clab-nebula-serf128,60,161,153,153,0,8,1.0,0.9503105590062112,0.9503105590062112
6,clab-nebula-serf8,5,0,0,0,0,0,0.0,0.0,0.0
6,clab-nebula-serf8,10,5,12,5,7,0,0.4166666666666667,1.0,0.4166666666666667
6,clab-nebula-serf8,15,13,30,13,17,0,0.43333333333333335,1.0,0.43333333333333335
6,clab-nebula-serf8,20,23,43,22,21,1,0.5116279069767442,0.9565217391304348,0.5
6,clab-nebula-serf8,25,44,104,44,60,0,0.4230769230769231,1.0,0.4230769230769231
6,clab-nebula-serf8,30,76,159,76,83,0,0.4779874213836478,1.0,0.4779874213836478
6,clab-nebula-serf8,35,89,159,89,70,0,0.559748427672956,1.0,0.559748427672956
6,clab-nebula-serf8,40,105,159,105,54,0,0.660377358490566,1.0,0.660377358490566
6,clab-nebula-serf8,45,120,159,120,39,0,0.7547169811320755,1.0,0.7547169811320755
6,clab-nebula-serf8,50,122,159,122,37,0,0.7672955974842768,1.0,0.7672955974842768
6,clab-nebula-serf8,55,130,159,130,29,0,0.8176100628930818,1.0,0.8176100628930818
6,clab-nebula-serf8,60,153,159,153,6,0,0.9622641509433962,1.0,0.9622641509433962
6,clab-nebula-serf27,5,0,0,0,0,0,0.0,0.0,0.0
6,clab-nebula-serf27,10,3,159,3,156,0,0.018867924528301886,1.0,0.018867924528301886
6,clab-nebula-serf27,15,7,159,7,152,0,0.0440251572327044,1.0,0.0440251572327044
6,clab-nebula-serf27,20,13,159,13,146,0,0.08176100628930817,1.0,0.08176100628930817
6,clab-nebula-serf27,25,24,159,24,135,0,0.1509433962264151,1.0,0.1509433962264151
6,clab-nebula-serf27,30,38,159,38,121,0,0.2389937106918239,1.0,0.2389937106918239
6,clab-nebula-serf27,35,75,159,75,84,0,0.4716981132075472,1.0,0.4716981132075472
6,clab-nebula-serf27,40,92,159,92,67,0,0.5786163522012578,1.0,0.5786163522012578
6,clab-nebula-serf27,45,98,159,98,61,0,0.6163522012578616,1.0,0.6163522012578616
6,clab-nebula-serf27,50,117,159,117,42,0,0.7358490566037735,1.0,0.7358490566037735
6,clab-nebula-serf27,55,122,159,122,37,0,0.7672955974842768,1.0,0.7672955974842768
6,clab-nebula-serf27,60,125,159,125,34,0,0.7861635220125787,1.0,0.7861635220125787
6,clab-nebula-serf78,5,0,0,0,0,0,0.0,0.0,0.0
6,clab-nebula-serf78,10,9,122,9,113,0,0.07377049180327869,1.0,0.07377049180327869
6,clab-nebula-serf78,15,27,159,27,132,0,0.16981132075471697,1.0,0.16981132075471697
6,clab-nebula-serf78,20,48,161,48,113,0,0.2981366459627329,1.0,0.2981366459627329
6,clab-nebula-serf78,25,80,159,80,79,0,0.5031446540880503,1.0,0.5031446540880503
6,clab-nebula-serf78,30,102,159,102,57,0,0.6415094339622641,1.0,0.6415094339622641
6,clab-nebula-serf78,35,118,159,118,41,0,0.7421383647798742,1.0,0.7421383647798742
6,clab-nebula-serf78,40,123,159,123,36,0,0.7735849056603774,1.0,0.7735849056603774
6,clab-nebula-serf78,45,140,159,140,19,0,0.8805031446540881,1.0,0.8805031446540881
6,clab-nebula-serf78,50,154,159,154,5,0,0.9685534591194969,1.0,0.9685534591194969
6,clab-nebula-serf78,55,155,159,154,5,1,0.9685534591194969,0.9935483870967742,0.9625
6,clab-nebula-serf78,60,158,159,156,3,2,0.9811320754716981,0.9873417721518988,0.968944099378882
6,clab-nebula-serf104,5,1,39,1,38,0,0.02564102564102564,1.0,0.02564102564102564
6,clab-nebula-serf104,10,3,39,3,36,0,0.07692307692307693,1.0,0.07692307692307693
6,clab-nebula-serf104,15,8,39,8,31,0,0.20512820512820512,1.0,0.20512820512820512
6,clab-nebula-serf104,20,25,161,25,136,0,0.15527950310559005,1.0,0.15527950310559005
6,clab-nebula-serf104,25,54,161,54,107,0,0.33540372670807456,1.0,0.33540372670807456
6,clab-nebula-serf104,30,87,161,87,74,0,0.5403726708074534,1.0,0.5403726708074534
6,clab-nebula-serf104,35,130,153,122,31,8,0.7973856209150327,0.9384615384615385,0.7577639751552795
6,clab-nebula-serf104,40,145,153,137,16,8,0.8954248366013072,0.9448275862068966,0.8509316770186336
6,clab-nebula-serf104,45,153,153,145,8,8,0.9477124183006536,0.9477124183006536,0.9006211180124224
6,clab-nebula-serf104,50,155,153,147,6,8,0.9607843137254902,0.9483870967741935,0.9130434782608695
6,clab-nebula-serf104,55,159,153,151,2,8,0.9869281045751634,0.949685534591195,0.937888198757764
6,clab-nebula-serf104,60,161,153,153,0,8,1.0,0.9503105590062112,0.9503105590062112
6,clab-nebula-serf133,5,0,0,0,0,0,0.0,0.0,0.0
6,clab-nebula-serf133,10,0,0,0,0,0,0.0,0.0,0.0
6,clab-nebula-serf133,15,1,13,1,12,0,0.07692307692307693,1.0,0.07692307692307693
6,clab-nebula-serf133,20,14,39,14,25,0,0.358974358974359,1.0,0.358974358974359
6,clab-nebula-serf133,25,16,39,16,23,0,0.41025641025641024,1.0,0.41025641025641024
6,clab-nebula-serf133,30,26,161,26,135,0,0.16149068322981366,1.0,0.16149068322981366
6,clab-nebula-serf133,35,44,161,44,117,0,0.2732919254658385,1.0,0.2732919254658385
6,clab-nebula-serf133,40,59,161,59,102,0,0.36645962732919257,1.0,0.36645962732919257
6,clab-nebula-serf133,45,92,161,92,69,0,0.5714285714285714,1.0,0.5714285714285714
6,clab-nebula-serf133,50,117,161,117,44,0,0.7267080745341615,1.0,0.7267080745341615
6,clab-nebula-serf133,55,137,161,137,24,0,0.8509316770186336,1.0,0.8509316770186336
6,clab-nebula-serf133,60,149,161,149,12,0,0.9254658385093167,1.0,0.9254658385093167
6,clab-nebula-serf64,5,0,0,0,0,0,0.0,0.0,0.0
6,clab-nebula-serf64,10,0,0,0,0,0,0.0,0.0,0.0
6,clab-nebula-serf64,15,0,0,0,0,0,0.0,0.0,0.0
6,clab-nebula-serf64,20,7,104,7,97,0,0.0673076923076923,1.0,0.0673076923076923
6,clab-nebula-serf64,25,46,129,43,86,3,0.3333333333333333,0.9347826086956522,0.32575757575757575
6,clab-nebula-serf64,30,69,161,69,92,0,0.42857142857142855,1.0,0.42857142857142855
6,clab-nebula-serf64,35,100,159,100,59,0,0.6289308176100629,1.0,0.6289308176100629
6,clab-nebula-serf64,40,116,159,116,43,0,0.7295597484276729,1.0,0.7295597484276729
6,clab-nebula-serf64,45,123,159,123,36,0,0.7735849056603774,1.0,0.7735849056603774
6,clab-nebula-serf64,50,128,159,128,31,0,0.8050314465408805,1.0,0.8050314465408805
6,clab-nebula-serf64,55,154,159,154,5,0,0.9685534591194969,1.0,0.9685534591194969
6,clab-nebula-serf64,60,154,159,154,5,0,0.9685534591194969,1.0,0.9685534591194969
6,clab-nebula-serf73,5,4,124,4,120,0,0.03225806451612903,1.0,0.03225806451612903
6,clab-nebula-serf73,10,25,159,25,134,0,0.15723270440251572,1.0,0.15723270440251572
6,clab-nebula-serf73,15,39,159,39,120,0,0.24528301886792453,1.0,0.24528301886792453
6,clab-nebula-serf73,20,69,159,69,90,0,0.4339622641509434,1.0,0.4339622641509434
6,clab-nebula-serf73,25,89,159,89,70,0,0.559748427672956,1.0,0.559748427672956
6,clab-nebula-serf73,30,113,159,113,46,0,0.710691823899371,1.0,0.710691823899371
6,clab-nebula-serf73,35,121,159,121,38,0,0.7610062893081762,1.0,0.7610062893081762
6,clab-nebula-serf73,40,130,159,130,29,0,0.8176100628930818,1.0,0.8176100628930818
6,clab-nebula-serf73,45,151,159,151,8,0,0.949685534591195,1.0,0.949685534591195
6,clab-nebula-serf73,50,154,159,154,5,0,0.9685534591194969,1.0,0.9685534591194969
6,clab-nebula-serf73,55,158,159,156,3,2,0.9811320754716981,0.9873417721518988,0.968944099378882
6,clab-nebula-serf73,60,161,159,159,0,2,1.0,0.9875776397515528,0.9875776397515528
6,clab-nebula-serf118,5,2,2,2,0,0,1.0,1.0,1.0
6,clab-nebula-serf118,10,2,2,2,0,0,1.0,1.0,1.0
6,clab-nebula-serf118,15,2,2,2,0,0,1.0,1.0,1.0
6,clab-nebula-serf118,20,2,2,2,0,0,1.0,1.0,1.0
6,clab-nebula-serf118,25,2,2,2,0,0,1.0,1.0,1.0
6,clab-nebula-serf118,30,3,12,3,9,0,0.25,1.0,0.25
6,clab-nebula-serf118,35,3,12,3,9,0,0.25,1.0,0.25
6,clab-nebula-serf118,40,3,12,3,9,0,0.25,1.0,0.25
6,clab-nebula-serf118,45,5,84,5,79,0,0.05952380952380952,1.0,0.05952380952380952
6,clab-nebula-serf118,50,15,153,15,138,0,0.09803921568627451,1.0,0.09803921568627451
6,clab-nebula-serf118,55,25,153,25,128,0,0.16339869281045752,1.0,0.16339869281045752
6,clab-nebula-serf118,60,48,150,47,103,1,0.31333333333333335,0.9791666666666666,0.31125827814569534
6,clab-nebula-serf5,5,0,0,0,0,0,0.0,0.0,0.0
6,clab-nebula-serf5,10,3,12,3,9,0,0.25,1.0,0.25
6,clab-nebula-serf5,15,7,12,7,5,0,0.5833333333333334,1.0,0.5833333333333334
6,clab-nebula-serf5,20,14,30,14,16,0,0.4666666666666667,1.0,0.4666666666666667
6,clab-nebula-serf5,25,19,30,18,12,1,0.6,0.9473684210526315,0.5806451612903226
6,clab-nebula-serf5,30,46,104,44,60,2,0.4230769230769231,0.9565217391304348,0.41509433962264153
6,clab-nebula-serf5,35,80,159,80,79,0,0.5031446540880503,1.0,0.5031446540880503
6,clab-nebula-serf5,40,92,159,92,67,0,0.5786163522012578,1.0,0.5786163522012578
6,clab-nebula-serf5,45,108,159,108,51,0,0.6792452830188679,1.0,0.6792452830188679
6,clab-nebula-serf5,50,118,159,118,41,0,0.7421383647798742,1.0,0.7421383647798742
6,clab-nebula-serf5,55,121,159,121,38,0,0.7610062893081762,1.0,0.7610062893081762
6,clab-nebula-serf5,60,143,159,143,16,0,0.89937106918239,1.0,0.89937106918239
6,clab-nebula-serf87,5,3,3,3,0,0,1.0,1.0,1.0
6,clab-nebula-serf87,10,3,3,3,0,0,1.0,1.0,1.0
6,clab-nebula-serf87,15,11,63,10,53,1,0.15873015873015872,0.9090909090909091,0.15625
6,clab-nebula-serf87,20,24,121,21,100,3,0.17355371900826447,0.875,0.1693548387096774
6,clab-nebula-serf87,25,49,150,49,101,0,0.32666666666666666,1.0,0.32666666666666666
6,clab-nebula-serf87,30,80,137,69,68,11,0.5036496350364964,0.8625,0.46621621621621623
6,clab-nebula-serf87,35,108,150,108,42,0,0.72,1.0,0.72
6,clab-nebula-serf87,40,120,150,120,30,0,0.8,1.0,0.8
6,clab-nebula-serf87,45,132,150,132,18,0,0.88,1.0,0.88
6,clab-nebula-serf87,50,145,150,142,8,3,0.9466666666666667,0.9793103448275862,0.9281045751633987
6,clab-nebula-serf87,55,155,150,144,6,11,0.96,0.9290322580645162,0.8944099378881988
6,clab-nebula-serf87,60,158,150,147,3,11,0.98,0.930379746835443,0.9130434782608695
6,clab-nebula-serf88,5,3,3,3,0,0,1.0,1.0,1.0
6,clab-nebula-serf88,10,3,3,3,0,0,1.0,1.0,1.0
6,clab-nebula-serf88,15,8,63,7,56,1,0.1111111111111111,0.875,0.109375
6,clab-nebula-serf88,20,19,143,19,124,0,0.13286713286713286,1.0,0.13286713286713286
6,clab-nebula-serf88,25,42,150,42,108,0,0.28,1.0,0.28
6,clab-nebula-serf88,30,72,141,64,77,8,0.45390070921985815,0.8888888888888888,0.42953020134228187
6,clab-nebula-serf88,35,100,150,100,50,0,0.6666666666666666,1.0,0.6666666666666666
6,clab-nebula-serf88,40,120,150,120,30,0,0.8,1.0,0.8
6,clab-nebula-serf88,45,127,150,127,23,0,0.8466666666666667,1.0,0.8466666666666667
6,clab-nebula-serf88,50,136,150,134,16,2,0.8933333333333333,0.9852941176470589,0.881578947368421
6,clab-nebula-serf88,55,154,150,144,6,10,0.96,0.935064935064935,0.9
6,clab-nebula-serf88,60,158,150,147,3,11,0.98,0.930379746835443,0.9130434782608695
6,clab-nebula-serf153,5,0,0,0,0,0,0.0,0.0,0.0
6,clab-nebula-serf153,10,0,0,0,0,0,0.0,0.0,0.0
6,clab-nebula-serf153,15,1,7,1,6,0,0.14285714285714285,1.0,0.14285714285714285
6,clab-nebula-serf153,20,9,133,9,124,0,0.06766917293233082,1.0,0.06766917293233082
6,clab-nebula-serf153,25,12,133,12,121,0,0.09022556390977443,1.0,0.09022556390977443
6,clab-nebula-serf153,30,24,161,24,137,0,0.14906832298136646,1.0,0.14906832298136646
6,clab-nebula-serf153,35,42,161,42,119,0,0.2608695652173913,1.0,0.2608695652173913
6,clab-nebula-serf153,40,55,161,55,106,0,0.3416149068322981,1.0,0.3416149068322981
6,clab-nebula-serf153,45,81,161,81,80,0,0.5031055900621118,1.0,0.5031055900621118
6,clab-nebula-serf153,50,114,161,114,47,0,0.7080745341614907,1.0,0.7080745341614907
6,clab-nebula-serf153,55,137,161,137,24,0,0.8509316770186336,1.0,0.8509316770186336
6,clab-nebula-serf153,60,148,159,146,13,2,0.9182389937106918,0.9864864864864865,0.906832298136646
6,clab-nebula-serf53,5,0,0,0,0,0,0.0,0.0,0.0
6,clab-nebula-serf53,10,8,30,8,22,0,0.26666666666666666,1.0,0.26666666666666666
6,clab-nebula-serf53,15,25,104,25,79,0,0.2403846153846154,1.0,0.2403846153846154
6,clab-nebula-serf53,20,64,104,62,42,2,0.5961538461538461,0.96875,0.5849056603773585
6,clab-nebula-serf53,25,81,159,81,78,0,0.5094339622641509,1.0,0.5094339622641509
6,clab-nebula-serf53,30,97,159,97,62,0,0.610062893081761,1.0,0.610062893081761
6,clab-nebula-serf53,35,118,159,118,41,0,0.7421383647798742,1.0,0.7421383647798742
6,clab-nebula-serf53,40,121,159,121,38,0,0.7610062893081762,1.0,0.7610062893081762
6,clab-nebula-serf53,45,125,159,125,34,0,0.7861635220125787,1.0,0.7861635220125787
6,clab-nebula-serf53,50,151,159,151,8,0,0.949685534591195,1.0,0.949685534591195
6,clab-nebula-serf53,55,154,159,154,5,0,0.9685534591194969,1.0,0.9685534591194969
6,clab-nebula-serf53,60,157,159,155,4,2,0.9748427672955975,0.9872611464968153,0.9627329192546584
6,clab-nebula-serf69,5,0,0,0,0,0,0.0,0.0,0.0
6,clab-nebula-serf69,10,14,159,14,145,0,0.0880503144654088,1.0,0.0880503144654088
6,clab-nebula-serf69,15,31,159,31,128,0,0.1949685534591195,1.0,0.1949685534591195
6,clab-nebula-serf69,20,54,161,54,107,0,0.33540372670807456,1.0,0.33540372670807456
6,clab-nebula-serf69,25,84,159,84,75,0,0.5283018867924528,1.0,0.5283018867924528
6,clab-nebula-serf69,30,107,159,107,52,0,0.6729559748427673,1.0,0.6729559748427673
6,clab-nebula-serf69,35,119,159,119,40,0,0.7484276729559748,1.0,0.7484276729559748
6,clab-nebula-serf69,40,125,159,125,34,0,0.7861635220125787,1.0,0.7861635220125787
6,clab-nebula-serf69,45,147,159,147,12,0,0.9245283018867925,1.0,0.9245283018867925
6,clab-nebula-serf69,50,154,159,154,5,0,0.9685534591194969,1.0,0.9685534591194969
6,clab-nebula-serf69,55,158,159,156,3,2,0.9811320754716981,0.9873417721518988,0.968944099378882
6,clab-nebula-serf69,60,161,159,159,0,2,1.0,0.9875776397515528,0.9875776397515528
6,clab-nebula-serf60,5,4,25,4,21,0,0.16,1.0,0.16
6,clab-nebula-serf60,10,10,27,10,17,0,0.37037037037037035,1.0,0.37037037037037035
6,clab-nebula-serf60,15,42,93,34,59,8,0.3655913978494624,0.8095238095238095,0.33663366336633666
6,clab-nebula-serf60,20,70,159,70,89,0,0.44025157232704404,1.0,0.44025157232704404
6,clab-nebula-serf60,25,87,159,87,72,0,0.5471698113207547,1.0,0.5471698113207547
6,clab-nebula-serf60,30,111,159,111,48,0,0.6981132075471698,1.0,0.6981132075471698
6,clab-nebula-serf60,35,120,159,120,39,0,0.7547169811320755,1.0,0.7547169811320755
6,clab-nebula-serf60,40,124,159,124,35,0,0.779874213836478,1.0,0.779874213836478
6,clab-nebula-serf60,45,143,159,143,16,0,0.89937106918239,1.0,0.89937106918239
6,clab-nebula-serf60,50,154,159,154,5,0,0.9685534591194969,1.0,0.9685534591194969
6,clab-nebula-serf60,55,154,159,154,5,0,0.9685534591194969,1.0,0.9685534591194969
6,clab-nebula-serf60,60,158,159,156,3,2,0.9811320754716981,0.9873417721518988,0.968944099378882
6,clab-nebula-serf145,5,0,0,0,0,0,0.0,0.0,0.0
6,clab-nebula-serf145,10,0,0,0,0,0,0.0,0.0,0.0
6,clab-nebula-serf145,15,1,25,1,24,0,0.04,1.0,0.04
6,clab-nebula-serf145,20,5,23,3,20,2,0.13043478260869565,0.6,0.12
6,clab-nebula-serf145,25,7,23,5,18,2,0.21739130434782608,0.7142857142857143,0.2
6,clab-nebula-serf145,30,15,80,14,66,1,0.175,0.9333333333333333,0.1728395061728395
6,clab-nebula-serf145,35,37,161,37,124,0,0.22981366459627328,1.0,0.22981366459627328
6,clab-nebula-serf145,40,56,161,56,105,0,0.34782608695652173,1.0,0.34782608695652173
6,clab-nebula-serf145,45,66,161,66,95,0,0.40993788819875776,1.0,0.40993788819875776
6,clab-nebula-serf145,50,104,161,104,57,0,0.6459627329192547,1.0,0.6459627329192547
6,clab-nebula-serf145,55,130,161,130,31,0,0.8074534161490683,1.0,0.8074534161490683
6,clab-nebula-serf145,60,145,161,145,16,0,0.9006211180124224,1.0,0.9006211180124224
6,clab-nebula-serf6,5,1,1,1,0,0,1.0,1.0,1.0
6,clab-nebula-serf6,10,7,30,7,23,0,0.23333333333333334,1.0,0.23333333333333334
6,clab-nebula-serf6,15,18,43,18,25,0,0.4186046511627907,1.0,0.4186046511627907
6,clab-nebula-serf6,20,32,43,30,13,2,0.6976744186046512,0.9375,0.6666666666666666
6,clab-nebula-serf6,25,68,104,66,38,2,0.6346153846153846,0.9705882352941176,0.6226415094339622
6,clab-nebula-serf6,30,86,159,86,73,0,0.5408805031446541,1.0,0.5408805031446541
6,clab-nebula-serf6,35,98,159,98,61,0,0.6163522012578616,1.0,0.6163522012578616
6,clab-nebula-serf6,40,117,159,117,42,0,0.7358490566037735,1.0,0.7358490566037735
6,clab-nebula-serf6,45,120,159,120,39,0,0.7547169811320755,1.0,0.7547169811320755
6,clab-nebula-serf6,50,124,159,124,35,0,0.779874213836478,1.0,0.779874213836478
6,clab-nebula-serf6,55,151,159,151,8,0,0.949685534591195,1.0,0.949685534591195
6,clab-nebula-serf6,60,155,159,154,5,1,0.9685534591194969,0.9935483870967742,0.9625
6,clab-nebula-serf11,5,2,11,1,10,1,0.09090909090909091,0.5,0.08333333333333333
6,clab-nebula-serf11,10,14,30,13,17,1,0.43333333333333335,0.9285714285714286,0.41935483870967744
6,clab-nebula-serf11,15,26,43,25,18,1,0.5813953488372093,0.9615384615384616,0.5681818181818182
6,clab-nebula-serf11,20,57,104,55,49,2,0.5288461538461539,0.9649122807017544,0.5188679245283019
6,clab-nebula-serf11,25,82,159,82,77,0,0.5157232704402516,1.0,0.5157232704402516
6,clab-nebula-serf11,30,93,159,93,66,0,0.5849056603773585,1.0,0.5849056603773585
6,clab-nebula-serf11,35,112,159,112,47,0,0.7044025157232704,1.0,0.7044025157232704
6,clab-nebula-serf11,40,120,159,120,39,0,0.7547169811320755,1.0,0.7547169811320755
6,clab-nebula-serf11,45,124,159,124,35,0,0.779874213836478,1.0,0.779874213836478
6,clab-nebula-serf11,50,142,159,142,17,0,0.8930817610062893,1.0,0.8930817610062893
6,clab-nebula-serf11,55,154,159,154,5,0,0.9685534591194969,1.0,0.9685534591194969
6,clab-nebula-serf11,60,157,159,155,4,2,0.9748427672955975,0.9872611464968153,0.9627329192546584
6,clab-nebula-serf98,5,1,4,1,3,0,0.25,1.0,0.25
6,clab-nebula-serf98,10,7,7,7,0,0,1.0,1.0,1.0
6,clab-nebula-serf98,15,7,7,7,0,0,1.0,1.0,1.0
6,clab-nebula-serf98,20,8,124,7,117,1,0.056451612903225805,0.875,0.056
6,clab-nebula-serf98,25,14,144,14,130,0,0.09722222222222222,1.0,0.09722222222222222
6,clab-nebula-serf98,30,29,159,29,130,0,0.18238993710691823,1.0,0.18238993710691823
6,clab-nebula-serf98,35,71,159,71,88,0,0.44654088050314467,1.0,0.44654088050314467
6,clab-nebula-serf98,40,121,159,121,38,0,0.7610062893081762,1.0,0.7610062893081762
6,clab-nebula-serf98,45,144,159,144,15,0,0.9056603773584906,1.0,0.9056603773584906
6,clab-nebula-serf98,50,156,159,156,3,0,0.9811320754716981,1.0,0.9811320754716981
6,clab-nebula-serf98,55,160,159,158,1,2,0.9937106918238994,0.9875,0.9813664596273292
6,clab-nebula-serf98,60,161,159,159,0,2,1.0,0.9875776397515528,0.9875776397515528
6,clab-nebula-serf138,5,0,0,0,0,0,0.0,0.0,0.0
6,clab-nebula-serf138,10,0,0,0,0,0,0.0,0.0,0.0
6,clab-nebula-serf138,15,1,13,1,12,0,0.07692307692307693,1.0,0.07692307692307693
6,clab-nebula-serf138,20,14,39,14,25,0,0.358974358974359,1.0,0.358974358974359
6,clab-nebula-serf138,25,14,39,14,25,0,0.358974358974359,1.0,0.358974358974359
6,clab-nebula-serf138,30,26,161,26,135,0,0.16149068322981366,1.0,0.16149068322981366
6,clab-nebula-serf138,35,43,161,43,118,0,0.2670807453416149,1.0,0.2670807453416149
6,clab-nebula-serf138,40,55,161,55,106,0,0.3416149068322981,1.0,0.3416149068322981
6,clab-nebula-serf138,45,90,161,90,71,0,0.5590062111801242,1.0,0.5590062111801242
6,clab-nebula-serf138,50,115,161,115,46,0,0.7142857142857143,1.0,0.7142857142857143
6,clab-nebula-serf138,55,137,161,137,24,0,0.8509316770186336,1.0,0.8509316770186336
6,clab-nebula-serf138,60,147,161,147,14,0,0.9130434782608695,1.0,0.9130434782608695
6,clab-nebula-serf150,5,0,0,0,0,0,0.0,0.0,0.0
6,clab-nebula-serf150,10,0,0,0,0,0,0.0,0.0,0.0
6,clab-nebula-serf150,15,1,5,1,4,0,0.2,1.0,0.2
6,clab-nebula-serf150,20,9,133,9,124,0,0.06766917293233082,1.0,0.06766917293233082
6,clab-nebula-serf150,25,17,161,17,144,0,0.10559006211180125,1.0,0.10559006211180125
6,clab-nebula-serf150,30,23,161,23,138,0,0.14285714285714285,1.0,0.14285714285714285
6,clab-nebula-serf150,35,42,161,42,119,0,0.2608695652173913,1.0,0.2608695652173913
6,clab-nebula-serf150,40,54,161,54,107,0,0.33540372670807456,1.0,0.33540372670807456
6,clab-nebula-serf150,45,79,161,79,82,0,0.4906832298136646,1.0,0.4906832298136646
6,clab-nebula-serf150,50,117,161,117,44,0,0.7267080745341615,1.0,0.7267080745341615
6,clab-nebula-serf150,55,141,159,139,20,2,0.8742138364779874,0.9858156028368794,0.8633540372670807
6,clab-nebula-serf150,60,152,159,150,9,2,0.9433962264150944,0.9868421052631579,0.9316770186335404
6,clab-nebula-serf18,5,0,0,0,0,0,0.0,0.0,0.0
6,clab-nebula-serf18,10,5,30,5,25,0,0.16666666666666666,1.0,0.16666666666666666
6,clab-nebula-serf18,15,20,159,20,139,0,0.12578616352201258,1.0,0.12578616352201258
6,clab-nebula-serf18,20,47,159,47,112,0,0.29559748427672955,1.0,0.29559748427672955
6,clab-nebula-serf18,25,75,159,75,84,0,0.4716981132075472,1.0,0.4716981132075472
6,clab-nebula-serf18,30,90,159,90,69,0,0.5660377358490566,1.0,0.5660377358490566
6,clab-nebula-serf18,35,103,159,103,56,0,0.6477987421383647,1.0,0.6477987421383647
6,clab-nebula-serf18,40,120,159,120,39,0,0.7547169811320755,1.0,0.7547169811320755
6,clab-nebula-serf18,45,123,159,123,36,0,0.7735849056603774,1.0,0.7735849056603774
6,clab-nebula-serf18,50,140,159,140,19,0,0.8805031446540881,1.0,0.8805031446540881
6,clab-nebula-serf18,55,151,159,151,8,0,0.949685534591195,1.0,0.949685534591195
6,clab-nebula-serf18,60,157,159,155,4,2,0.9748427672955975,0.9872611464968153,0.9627329192546584
6,clab-nebula-serf30,5,1,3,1,2,0,0.3333333333333333,1.0,0.3333333333333333
6,clab-nebula-serf30,10,13,159,13,146,0,0.08176100628930817,1.0,0.08176100628930817
6,clab-nebula-serf30,15,28,159,28,131,0,0.1761006289308176,1.0,0.1761006289308176
6,clab-nebula-serf30,20,45,159,45,114,0,0.2830188679245283,1.0,0.2830188679245283
6,clab-nebula-serf30,25,81,159,81,78,0,0.5094339622641509,1.0,0.5094339622641509
6,clab-nebula-serf30,30,93,159,93,66,0,0.5849056603773585,1.0,0.5849056603773585
6,clab-nebula-serf30,35,102,159,102,57,0,0.6415094339622641,1.0,0.6415094339622641
6,clab-nebula-serf30,40,119,159,119,40,0,0.7484276729559748,1.0,0.7484276729559748
6,clab-nebula-serf30,45,124,159,124,35,0,0.779874213836478,1.0,0.779874213836478
6,clab-nebula-serf30,50,128,159,128,31,0,0.8050314465408805,1.0,0.8050314465408805
6,clab-nebula-serf30,55,154,159,154,5,0,0.9685534591194969,1.0,0.9685534591194969
6,clab-nebula-serf30,60,154,159,154,5,0,0.9685534591194969,1.0,0.9685534591194969
6,clab-nebula-serf44,5,3,14,3,11,0,0.21428571428571427,1.0,0.21428571428571427
6,clab-nebula-serf44,10,10,48,10,38,0,0.20833333333333334,1.0,0.20833333333333334
6,clab-nebula-serf44,15,23,48,23,25,0,0.4791666666666667,1.0,0.4791666666666667
6,clab-nebula-serf44,20,47,93,45,48,2,0.4838709677419355,0.9574468085106383,0.47368421052631576
6,clab-nebula-serf44,25,81,104,76,28,5,0.7307692307692307,0.9382716049382716,0.6972477064220184
6,clab-nebula-serf44,30,99,159,99,60,0,0.6226415094339622,1.0,0.6226415094339622
6,clab-nebula-serf44,35,120,159,120,39,0,0.7547169811320755,1.0,0.7547169811320755
6,clab-nebula-serf44,40,124,159,124,35,0,0.779874213836478,1.0,0.779874213836478
6,clab-nebula-serf44,45,127,159,127,32,0,0.7987421383647799,1.0,0.7987421383647799
6,clab-nebula-serf44,50,154,159,154,5,0,0.9685534591194969,1.0,0.9685534591194969
6,clab-nebula-serf44,55,154,159,154,5,0,0.9685534591194969,1.0,0.9685534591194969
6,clab-nebula-serf44,60,156,159,155,4,1,0.9748427672955975,0.9935897435897436,0.96875
6,clab-nebula-serf131,5,0,0,0,0,0,0.0,0.0,0.0
6,clab-nebula-serf131,10,0,0,0,0,0,0.0,0.0,0.0
6,clab-nebula-serf131,15,3,39,3,36,0,0.07692307692307693,1.0,0.07692307692307693
6,clab-nebula-serf131,20,14,39,14,25,0,0.358974358974359,1.0,0.358974358974359
6,clab-nebula-serf131,25,18,39,18,21,0,0.46153846153846156,1.0,0.46153846153846156
6,clab-nebula-serf131,30,29,161,29,132,0,0.18012422360248448,1.0,0.18012422360248448
6,clab-nebula-serf131,35,45,161,45,116,0,0.2795031055900621,1.0,0.2795031055900621
6,clab-nebula-serf131,40,69,161,69,92,0,0.42857142857142855,1.0,0.42857142857142855
6,clab-nebula-serf131,45,95,161,95,66,0,0.5900621118012422,1.0,0.5900621118012422
6,clab-nebula-serf131,50,122,161,122,39,0,0.7577639751552795,1.0,0.7577639751552795
6,clab-nebula-serf131,55,137,161,137,24,0,0.8509316770186336,1.0,0.8509316770186336
6,clab-nebula-serf131,60,149,161,149,12,0,0.9254658385093167,1.0,0.9254658385093167
6,clab-nebula-serf35,5,0,0,0,0,0,0.0,0.0,0.0
6,clab-nebula-serf35,10,1,30,1,29,0,0.03333333333333333,1.0,0.03333333333333333
6,clab-nebula-serf35,15,7,65,7,58,0,0.1076923076923077,1.0,0.1076923076923077
6,clab-nebula-serf35,20,26,159,26,133,0,0.16352201257861634,1.0,0.16352201257861634
6,clab-nebula-serf35,25,63,159,63,96,0,0.39622641509433965,1.0,0.39622641509433965
6,clab-nebula-serf35,30,85,159,85,74,0,0.5345911949685535,1.0,0.5345911949685535
6,clab-nebula-serf35,35,95,159,95,64,0,0.5974842767295597,1.0,0.5974842767295597
6,clab-nebula-serf35,40,111,159,111,48,0,0.6981132075471698,1.0,0.6981132075471698
6,clab-nebula-serf35,45,121,159,121,38,0,0.7610062893081762,1.0,0.7610062893081762
6,clab-nebula-serf35,50,124,159,124,35,0,0.779874213836478,1.0,0.779874213836478
6,clab-nebula-serf35,55,145,159,145,14,0,0.9119496855345912,1.0,0.9119496855345912
6,clab-nebula-serf35,60,154,159,154,5,0,0.9685534591194969,1.0,0.9685534591194969
6,clab-nebula-serf40,5,0,0,0,0,0,0.0,0.0,0.0
6,clab-nebula-serf40,10,1,51,1,50,0,0.0196078431372549,1.0,0.0196078431372549
6,clab-nebula-serf40,15,11,159,11,148,0,0.06918238993710692,1.0,0.06918238993710692
6,clab-nebula-serf40,20,35,159,35,124,0,0.22012578616352202,1.0,0.22012578616352202
6,clab-nebula-serf40,25,71,159,71,88,0,0.44654088050314467,1.0,0.44654088050314467
6,clab-nebula-serf40,30,87,159,87,72,0,0.5471698113207547,1.0,0.5471698113207547
6,clab-nebula-serf40,35,98,159,98,61,0,0.6163522012578616,1.0,0.6163522012578616
6,clab-nebula-serf40,40,118,159,118,41,0,0.7421383647798742,1.0,0.7421383647798742
6,clab-nebula-serf40,45,122,159,122,37,0,0.7672955974842768,1.0,0.7672955974842768
6,clab-nebula-serf40,50,126,159,126,33,0,0.7924528301886793,1.0,0.7924528301886793
6,clab-nebula-serf40,55,153,159,153,6,0,0.9622641509433962,1.0,0.9622641509433962
6,clab-nebula-serf40,60,154,159,154,5,0,0.9685534591194969,1.0,0.9685534591194969
6,clab-nebula-serf144,5,0,0,0,0,0,0.0,0.0,0.0
6,clab-nebula-serf144,10,0,0,0,0,0,0.0,0.0,0.0
6,clab-nebula-serf144,15,7,32,7,25,0,0.21875,1.0,0.21875
6,clab-nebula-serf144,20,12,72,12,60,0,0.16666666666666666,1.0,0.16666666666666666
6,clab-nebula-serf144,25,23,161,23,138,0,0.14285714285714285,1.0,0.14285714285714285
6,clab-nebula-serf144,30,55,161,55,106,0,0.3416149068322981,1.0,0.3416149068322981
6,clab-nebula-serf144,35,60,161,60,101,0,0.37267080745341613,1.0,0.37267080745341613
6,clab-nebula-serf144,40,95,161,95,66,0,0.5900621118012422,1.0,0.5900621118012422
6,clab-nebula-serf144,45,126,161,126,35,0,0.782608695652174,1.0,0.782608695652174
6,clab-nebula-serf144,50,141,161,141,20,0,0.8757763975155279,1.0,0.8757763975155279
6,clab-nebula-serf144,55,151,153,143,10,8,0.934640522875817,0.9470198675496688,0.8881987577639752
6,clab-nebula-serf144,60,155,153,147,6,8,0.9607843137254902,0.9483870967741935,0.9130434782608695
6,clab-nebula-serf152,5,0,0,0,0,0,0.0,0.0,0.0
6,clab-nebula-serf152,10,1,133,1,132,0,0.007518796992481203,1.0,0.007518796992481203
6,clab-nebula-serf152,15,11,133,11,122,0,0.08270676691729323,1.0,0.08270676691729323
6,clab-nebula-serf152,20,14,133,14,119,0,0.10526315789473684,1.0,0.10526315789473684
6,clab-nebula-serf152,25,24,161,24,137,0,0.14906832298136646,1.0,0.14906832298136646
6,clab-nebula-serf152,30,47,161,47,114,0,0.2919254658385093,1.0,0.2919254658385093
6,clab-nebula-serf152,35,60,161,60,101,0,0.37267080745341613,1.0,0.37267080745341613
6,clab-nebula-serf152,40,89,161,89,72,0,0.5527950310559007,1.0,0.5527950310559007
6,clab-nebula-serf152,45,122,161,122,39,0,0.7577639751552795,1.0,0.7577639751552795
6,clab-nebula-serf152,50,143,159,143,16,0,0.89937106918239,1.0,0.89937106918239
6,clab-nebula-serf152,55,152,159,150,9,2,0.9433962264150944,0.9868421052631579,0.9316770186335404
6,clab-nebula-serf152,60,156,159,154,5,2,0.9685534591194969,0.9871794871794872,0.9565217391304348
6,clab-nebula-serf162,5,0,0,0,0,0,0.0,0.0,0.0
6,clab-nebula-serf162,10,0,0,0,0,0,0.0,0.0,0.0
6,clab-nebula-serf162,15,5,21,5,16,0,0.23809523809523808,1.0,0.23809523809523808
6,clab-nebula-serf162,20,5,21,5,16,0,0.23809523809523808,1.0,0.23809523809523808
6,clab-nebula-serf162,25,5,21,5,16,0,0.23809523809523808,1.0,0.23809523809523808
6,clab-nebula-serf162,30,9,25,9,16,0,0.36,1.0,0.36
6,clab-nebula-serf162,35,20,161,20,141,0,0.12422360248447205,1.0,0.12422360248447205
6,clab-nebula-serf162,40,35,161,35,126,0,0.21739130434782608,1.0,0.21739130434782608
6,clab-nebula-serf162,45,40,161,40,121,0,0.2484472049689441,1.0,0.2484472049689441
6,clab-nebula-serf162,50,54,161,54,107,0,0.33540372670807456,1.0,0.33540372670807456
6,clab-nebula-serf162,55,74,161,74,87,0,0.45962732919254656,1.0,0.45962732919254656
6,clab-nebula-serf162,60,113,161,113,48,0,0.7018633540372671,1.0,0.7018633540372671
6,clab-nebula-serf41,5,0,0,0,0,0,0.0,0.0,0.0
6,clab-nebula-serf41,10,0,0,0,0,0,0.0,0.0,0.0
6,clab-nebula-serf41,15,1,30,1,29,0,0.03333333333333333,1.0,0.03333333333333333
6,clab-nebula-serf41,20,14,159,14,145,0,0.0880503144654088,1.0,0.0880503144654088
6,clab-nebula-serf41,25,40,159,40,119,0,0.25157232704402516,1.0,0.25157232704402516
6,clab-nebula-serf41,30,74,159,74,85,0,0.46540880503144655,1.0,0.46540880503144655
6,clab-nebula-serf41,35,89,159,89,70,0,0.559748427672956,1.0,0.559748427672956
6,clab-nebula-serf41,40,99,159,99,60,0,0.6226415094339622,1.0,0.6226415094339622
6,clab-nebula-serf41,45,118,159,118,41,0,0.7421383647798742,1.0,0.7421383647798742
6,clab-nebula-serf41,50,121,159,121,38,0,0.7610062893081762,1.0,0.7610062893081762
6,clab-nebula-serf41,55,126,159,126,33,0,0.7924528301886793,1.0,0.7924528301886793
6,clab-nebula-serf41,60,153,159,153,6,0,0.9622641509433962,1.0,0.9622641509433962
6,clab-nebula-serf72,5,1,16,1,15,0,0.0625,1.0,0.0625
6,clab-nebula-serf72,10,16,159,16,143,0,0.10062893081761007,1.0,0.10062893081761007
6,clab-nebula-serf72,15,31,159,31,128,0,0.1949685534591195,1.0,0.1949685534591195
6,clab-nebula-serf72,20,54,161,54,107,0,0.33540372670807456,1.0,0.33540372670807456
6,clab-nebula-serf72,25,84,159,84,75,0,0.5283018867924528,1.0,0.5283018867924528
6,clab-nebula-serf72,30,110,159,110,49,0,0.6918238993710691,1.0,0.6918238993710691
6,clab-nebula-serf72,35,121,159,121,38,0,0.7610062893081762,1.0,0.7610062893081762
6,clab-nebula-serf72,40,125,159,125,34,0,0.7861635220125787,1.0,0.7861635220125787
6,clab-nebula-serf72,45,150,159,150,9,0,0.9433962264150944,1.0,0.9433962264150944
6,clab-nebula-serf72,50,154,159,154,5,0,0.9685534591194969,1.0,0.9685534591194969
6,clab-nebula-serf72,55,158,159,156,3,2,0.9811320754716981,0.9873417721518988,0.968944099378882
6,clab-nebula-serf72,60,161,159,159,0,2,1.0,0.9875776397515528,0.9875776397515528
6,clab-nebula-serf141,5,0,0,0,0,0,0.0,0.0,0.0
6,clab-nebula-serf141,10,0,0,0,0,0,0.0,0.0,0.0
6,clab-nebula-serf141,15,0,0,0,0,0,0.0,0.0,0.0
6,clab-nebula-serf141,20,14,39,14,25,0,0.358974358974359,1.0,0.358974358974359
6,clab-nebula-serf141,25,14,39,14,25,0,0.358974358974359,1.0,0.358974358974359
6,clab-nebula-serf141,30,26,161,26,135,0,0.16149068322981366,1.0,0.16149068322981366
6,clab-nebula-serf141,35,43,161,43,118,0,0.2670807453416149,1.0,0.2670807453416149
6,clab-nebula-serf141,40,59,161,59,102,0,0.36645962732919257,1.0,0.36645962732919257
6,clab-nebula-serf141,45,90,161,90,71,0,0.5590062111801242,1.0,0.5590062111801242
6,clab-nebula-serf141,50,116,161,116,45,0,0.7204968944099379,1.0,0.7204968944099379
6,clab-nebula-serf141,55,137,161,137,24,0,0.8509316770186336,1.0,0.8509316770186336
6,clab-nebula-serf141,60,149,161,149,12,0,0.9254658385093167,1.0,0.9254658385093167
6,clab-nebula-serf25,5,0,0,0,0,0,0.0,0.0,0.0
6,clab-nebula-serf25,10,4,21,4,17,0,0.19047619047619047,1.0,0.19047619047619047
6,clab-nebula-serf25,15,12,159,12,147,0,0.07547169811320754,1.0,0.07547169811320754
6,clab-nebula-serf25,20,28,159,28,131,0,0.1761006289308176,1.0,0.1761006289308176
6,clab-nebula-serf25,25,44,159,44,115,0,0.27672955974842767,1.0,0.27672955974842767
6,clab-nebula-serf25,30,81,159,81,78,0,0.5094339622641509,1.0,0.5094339622641509
6,clab-nebula-serf25,35,93,159,93,66,0,0.5849056603773585,1.0,0.5849056603773585
6,clab-nebula-serf25,40,102,159,102,57,0,0.6415094339622641,1.0,0.6415094339622641
6,clab-nebula-serf25,45,119,159,119,40,0,0.7484276729559748,1.0,0.7484276729559748
6,clab-nebula-serf25,50,124,159,124,35,0,0.779874213836478,1.0,0.779874213836478
6,clab-nebula-serf25,55,127,159,127,32,0,0.7987421383647799,1.0,0.7987421383647799
6,clab-nebula-serf25,60,154,159,154,5,0,0.9685534591194969,1.0,0.9685534591194969
6,clab-nebula-serf50,5,3,17,3,14,0,0.17647058823529413,1.0,0.17647058823529413
6,clab-nebula-serf50,10,8,17,8,9,0,0.47058823529411764,1.0,0.47058823529411764
6,clab-nebula-serf50,15,23,48,23,25,0,0.4791666666666667,1.0,0.4791666666666667
6,clab-nebula-serf50,20,41,93,40,53,1,0.43010752688172044,0.975609756097561,0.425531914893617
6,clab-nebula-serf50,25,81,104,76,28,5,0.7307692307692307,0.9382716049382716,0.6972477064220184
6,clab-nebula-serf50,30,93,159,93,66,0,0.5849056603773585,1.0,0.5849056603773585
6,clab-nebula-serf50,35,118,159,118,41,0,0.7421383647798742,1.0,0.7421383647798742
6,clab-nebula-serf50,40,122,159,122,37,0,0.7672955974842768,1.0,0.7672955974842768
6,clab-nebula-serf50,45,125,159,125,34,0,0.7861635220125787,1.0,0.7861635220125787
6,clab-nebula-serf50,50,153,159,153,6,0,0.9622641509433962,1.0,0.9622641509433962
6,clab-nebula-serf50,55,154,159,154,5,0,0.9685534591194969,1.0,0.9685534591194969
6,clab-nebula-serf50,60,156,159,155,4,1,0.9748427672955975,0.9935897435897436,0.96875
6,clab-nebula-serf51,5,1,48,1,47,0,0.020833333333333332,1.0,0.020833333333333332
6,clab-nebula-serf51,10,9,50,9,41,0,0.18,1.0,0.18
6,clab-nebula-serf51,15,24,104,24,80,0,0.23076923076923078,1.0,0.23076923076923078
6,clab-nebula-serf51,20,64,104,62,42,2,0.5961538461538461,0.96875,0.5849056603773585
6,clab-nebula-serf51,25,83,159,83,76,0,0.5220125786163522,1.0,0.5220125786163522
6,clab-nebula-serf51,30,97,159,97,62,0,0.610062893081761,1.0,0.610062893081761
6,clab-nebula-serf51,35,118,159,118,41,0,0.7421383647798742,1.0,0.7421383647798742
6,clab-nebula-serf51,40,121,159,121,38,0,0.7610062893081762,1.0,0.7610062893081762
6,clab-nebula-serf51,45,126,159,126,33,0,0.7924528301886793,1.0,0.7924528301886793
6,clab-nebula-serf51,50,152,159,152,7,0,0.9559748427672956,1.0,0.9559748427672956
6,clab-nebula-serf51,55,154,159,154,5,0,0.9685534591194969,1.0,0.9685534591194969
6,clab-nebula-serf51,60,157,159,155,4,2,0.9748427672955975,0.9872611464968153,0.9627329192546584
6,clab-nebula-serf66,5,0,0,0,0,0,0.0,0.0,0.0
6,clab-nebula-serf66,10,4,16,4,12,0,0.25,1.0,0.25
6,clab-nebula-serf66,15,27,159,27,132,0,0.16981132075471697,1.0,0.16981132075471697
6,clab-nebula-serf66,20,44,159,44,115,0,0.27672955974842767,1.0,0.27672955974842767
6,clab-nebula-serf66,25,79,159,79,80,0,0.4968553459119497,1.0,0.4968553459119497
6,clab-nebula-serf66,30,106,159,106,53,0,0.6666666666666666,1.0,0.6666666666666666
6,clab-nebula-serf66,35,116,159,116,43,0,0.7295597484276729,1.0,0.7295597484276729
6,clab-nebula-serf66,40,123,159,123,36,0,0.7735849056603774,1.0,0.7735849056603774
6,clab-nebula-serf66,45,136,159,136,23,0,0.8553459119496856,1.0,0.8553459119496856
6,clab-nebula-serf66,50,154,159,154,5,0,0.9685534591194969,1.0,0.9685534591194969
6,clab-nebula-serf66,55,154,159,154,5,0,0.9685534591194969,1.0,0.9685534591194969
6,clab-nebula-serf66,60,158,159,156,3,2,0.9811320754716981,0.9873417721518988,0.968944099378882
6,clab-nebula-serf86,5,3,3,3,0,0,1.0,1.0,1.0
6,clab-nebula-serf86,10,4,5,4,1,0,0.8,1.0,0.8
6,clab-nebula-serf86,15,11,63,10,53,1,0.15873015873015872,0.9090909090909091,0.15625
6,clab-nebula-serf86,20,29,121,26,95,3,0.21487603305785125,0.896551724137931,0.20967741935483872
6,clab-nebula-serf86,25,56,143,55,88,1,0.38461538461538464,0.9821428571428571,0.3819444444444444
6,clab-nebula-serf86,30,85,137,74,63,11,0.5401459854014599,0.8705882352941177,0.5
6,clab-nebula-serf86,35,115,150,115,35,0,0.7666666666666667,1.0,0.7666666666666667
6,clab-nebula-serf86,40,120,150,120,30,0,0.8,1.0,0.8
6,clab-nebula-serf86,45,134,150,133,17,1,0.8866666666666667,0.9925373134328358,0.8807947019867549
6,clab-nebula-serf86,50,145,150,142,8,3,0.9466666666666667,0.9793103448275862,0.9281045751633987
6,clab-nebula-serf86,55,155,150,144,6,11,0.96,0.9290322580645162,0.8944099378881988
6,clab-nebula-serf86,60,160,150,149,1,11,0.9933333333333333,0.93125,0.9254658385093167
6,clab-nebula-serf90,5,2,76,2,74,0,0.02631578947368421,1.0,0.02631578947368421
6,clab-nebula-serf90,10,9,76,9,67,0,0.11842105263157894,1.0,0.11842105263157894
6,clab-nebula-serf90,15,30,159,30,129,0,0.18867924528301888,1.0,0.18867924528301888
6,clab-nebula-serf90,20,49,159,49,110,0,0.3081761006289308,1.0,0.3081761006289308
6,clab-nebula-serf90,25,78,159,78,81,0,0.49056603773584906,1.0,0.49056603773584906
6,clab-nebula-serf90,30,101,159,101,58,0,0.6352201257861635,1.0,0.6352201257861635
6,clab-nebula-serf90,35,119,159,119,40,0,0.7484276729559748,1.0,0.7484276729559748
6,clab-nebula-serf90,40,122,159,122,37,0,0.7672955974842768,1.0,0.7672955974842768
6,clab-nebula-serf90,45,137,159,137,22,0,0.8616352201257862,1.0,0.8616352201257862
6,clab-nebula-serf90,50,154,159,154,5,0,0.9685534591194969,1.0,0.9685534591194969
6,clab-nebula-serf90,55,155,159,155,4,0,0.9748427672955975,1.0,0.9748427672955975
6,clab-nebula-serf90,60,159,159,157,2,2,0.9874213836477987,0.9874213836477987,0.9751552795031055
6,clab-nebula-serf143,5,0,0,0,0,0,0.0,0.0,0.0
6,clab-nebula-serf143,10,0,0,0,0,0,0.0,0.0,0.0
6,clab-nebula-serf143,15,1,27,1,26,0,0.037037037037037035,1.0,0.037037037037037035
6,clab-nebula-serf143,20,2,28,2,26,0,0.07142857142857142,1.0,0.07142857142857142
6,clab-nebula-serf143,25,7,28,7,21,0,0.25,1.0,0.25
6,clab-nebula-serf143,30,13,72,12,60,1,0.16666666666666666,0.9230769230769231,0.1643835616438356
6,clab-nebula-serf143,35,32,161,32,129,0,0.19875776397515527,1.0,0.19875776397515527
6,clab-nebula-serf143,40,56,161,56,105,0,0.34782608695652173,1.0,0.34782608695652173
6,clab-nebula-serf143,45,66,161,66,95,0,0.40993788819875776,1.0,0.40993788819875776
6,clab-nebula-serf143,50,103,161,103,58,0,0.639751552795031,1.0,0.639751552795031
6,clab-nebula-serf143,55,130,161,130,31,0,0.8074534161490683,1.0,0.8074534161490683
6,clab-nebula-serf143,60,145,161,145,16,0,0.9006211180124224,1.0,0.9006211180124224
6,clab-nebula-serf7,5,1,1,1,0,0,1.0,1.0,1.0
6,clab-nebula-serf7,10,9,43,9,34,0,0.20930232558139536,1.0,0.20930232558139536
6,clab-nebula-serf7,15,19,43,19,24,0,0.4418604651162791,1.0,0.4418604651162791
6,clab-nebula-serf7,20,33,43,30,13,3,0.6976744186046512,0.9090909090909091,0.6521739130434783
6,clab-nebula-serf7,25,67,104,65,39,2,0.625,0.9701492537313433,0.6132075471698113
6,clab-nebula-serf7,30,86,159,86,73,0,0.5408805031446541,1.0,0.5408805031446541
6,clab-nebula-serf7,35,99,159,99,60,0,0.6226415094339622,1.0,0.6226415094339622
6,clab-nebula-serf7,40,117,159,117,42,0,0.7358490566037735,1.0,0.7358490566037735
6,clab-nebula-serf7,45,120,159,120,39,0,0.7547169811320755,1.0,0.7547169811320755
6,clab-nebula-serf7,50,124,159,124,35,0,0.779874213836478,1.0,0.779874213836478
6,clab-nebula-serf7,55,151,159,151,8,0,0.949685534591195,1.0,0.949685534591195
6,clab-nebula-serf7,60,156,159,154,5,2,0.9685534591194969,0.9871794871794872,0.9565217391304348
6,clab-nebula-serf37,5,2,23,2,21,0,0.08695652173913043,1.0,0.08695652173913043
6,clab-nebula-serf37,10,8,52,8,44,0,0.15384615384615385,1.0,0.15384615384615385
6,clab-nebula-serf37,15,29,159,29,130,0,0.18238993710691823,1.0,0.18238993710691823
6,clab-nebula-serf37,20,65,159,65,94,0,0.4088050314465409,1.0,0.4088050314465409
6,clab-nebula-serf37,25,85,159,85,74,0,0.5345911949685535,1.0,0.5345911949685535
6,clab-nebula-serf37,30,96,159,96,63,0,0.6037735849056604,1.0,0.6037735849056604
6,clab-nebula-serf37,35,111,159,111,48,0,0.6981132075471698,1.0,0.6981132075471698
6,clab-nebula-serf37,40,121,159,121,38,0,0.7610062893081762,1.0,0.7610062893081762
6,clab-nebula-serf37,45,124,159,124,35,0,0.779874213836478,1.0,0.779874213836478
6,clab-nebula-serf37,50,146,159,146,13,0,0.9182389937106918,1.0,0.9182389937106918
6,clab-nebula-serf37,55,154,159,154,5,0,0.9685534591194969,1.0,0.9685534591194969
6,clab-nebula-serf37,60,156,159,155,4,1,0.9748427672955975,0.9935897435897436,0.96875
6,clab-nebula-serf43,5,0,0,0,0,0,0.0,0.0,0.0
6,clab-nebula-serf43,10,5,21,5,16,0,0.23809523809523808,1.0,0.23809523809523808
6,clab-nebula-serf43,15,13,51,13,38,0,0.2549019607843137,1.0,0.2549019607843137
6,clab-nebula-serf43,20,27,52,27,25,0,0.5192307692307693,1.0,0.5192307692307693
6,clab-nebula-serf43,25,52,104,52,52,0,0.5,1.0,0.5
6,clab-nebula-serf43,30,82,104,77,27,5,0.7403846153846154,0.9390243902439024,0.7064220183486238
6,clab-nebula-serf43,35,98,159,98,61,0,0.6163522012578616,1.0,0.6163522012578616
6,clab-nebula-serf43,40,119,159,119,40,0,0.7484276729559748,1.0,0.7484276729559748
6,clab-nebula-serf43,45,124,159,124,35,0,0.779874213836478,1.0,0.779874213836478
6,clab-nebula-serf43,50,126,159,126,33,0,0.7924528301886793,1.0,0.7924528301886793
6,clab-nebula-serf43,55,154,159,154,5,0,0.9685534591194969,1.0,0.9685534591194969
6,clab-nebula-serf43,60,154,159,154,5,0,0.9685534591194969,1.0,0.9685534591194969
6,clab-nebula-serf58,5,5,20,5,15,0,0.25,1.0,0.25
6,clab-nebula-serf58,10,19,102,19,83,0,0.18627450980392157,1.0,0.18627450980392157
6,clab-nebula-serf58,15,57,159,57,102,0,0.3584905660377358,1.0,0.3584905660377358
6,clab-nebula-serf58,20,79,159,79,80,0,0.4968553459119497,1.0,0.4968553459119497
6,clab-nebula-serf58,25,93,159,93,66,0,0.5849056603773585,1.0,0.5849056603773585
6,clab-nebula-serf58,30,118,159,118,41,0,0.7421383647798742,1.0,0.7421383647798742
6,clab-nebula-serf58,35,122,159,122,37,0,0.7672955974842768,1.0,0.7672955974842768
6,clab-nebula-serf58,40,125,159,125,34,0,0.7861635220125787,1.0,0.7861635220125787
6,clab-nebula-serf58,45,153,159,153,6,0,0.9622641509433962,1.0,0.9622641509433962
6,clab-nebula-serf58,50,154,159,154,5,0,0.9685534591194969,1.0,0.9685534591194969
6,clab-nebula-serf58,55,156,159,155,4,1,0.9748427672955975,0.9935897435897436,0.96875
6,clab-nebula-serf58,60,160,159,158,1,2,0.9937106918238994,0.9875,0.9813664596273292
6,clab-nebula-serf61,5,5,27,5,22,0,0.18518518518518517,1.0,0.18518518518518517
6,clab-nebula-serf61,10,20,104,20,84,0,0.19230769230769232,1.0,0.19230769230769232
6,clab-nebula-serf61,15,61,159,61,98,0,0.3836477987421384,1.0,0.3836477987421384
6,clab-nebula-serf61,20,79,159,79,80,0,0.4968553459119497,1.0,0.4968553459119497
6,clab-nebula-serf61,25,93,159,93,66,0,0.5849056603773585,1.0,0.5849056603773585
6,clab-nebula-serf61,30,118,159,118,41,0,0.7421383647798742,1.0,0.7421383647798742
6,clab-nebula-serf61,35,121,159,121,38,0,0.7610062893081762,1.0,0.7610062893081762
6,clab-nebula-serf61,40,124,159,124,35,0,0.779874213836478,1.0,0.779874213836478
6,clab-nebula-serf61,45,149,159,149,10,0,0.9371069182389937,1.0,0.9371069182389937
6,clab-nebula-serf61,50,154,159,154,5,0,0.9685534591194969,1.0,0.9685534591194969
6,clab-nebula-serf61,55,156,159,155,4,1,0.9748427672955975,0.9935897435897436,0.96875
6,clab-nebula-serf61,60,158,159,156,3,2,0.9811320754716981,0.9873417721518988,0.968944099378882
6,clab-nebula-serf112,5,0,0,0,0,0,0.0,0.0,0.0
6,clab-nebula-serf112,10,0,0,0,0,0,0.0,0.0,0.0
6,clab-nebula-serf112,15,0,0,0,0,0,0.0,0.0,0.0
6,clab-nebula-serf112,20,0,0,0,0,0,0.0,0.0,0.0
6,clab-nebula-serf112,25,5,135,3,132,2,0.022222222222222223,0.6,0.021897810218978103
6,clab-nebula-serf112,30,18,161,18,143,0,0.11180124223602485,1.0,0.11180124223602485
6,clab-nebula-serf112,35,34,159,34,125,0,0.2138364779874214,1.0,0.2138364779874214
6,clab-nebula-serf112,40,64,159,64,95,0,0.4025157232704403,1.0,0.4025157232704403
6,clab-nebula-serf112,45,103,159,103,56,0,0.6477987421383647,1.0,0.6477987421383647
6,clab-nebula-serf112,50,136,159,136,23,0,0.8553459119496856,1.0,0.8553459119496856
6,clab-nebula-serf112,55,148,159,147,12,1,0.9245283018867925,0.9932432432432432,0.91875
6,clab-nebula-serf112,60,159,159,157,2,2,0.9874213836477987,0.9874213836477987,0.9751552795031055
6,clab-nebula-serf15,5,1,13,1,12,0,0.07692307692307693,1.0,0.07692307692307693
6,clab-nebula-serf15,10,14,65,14,51,0,0.2153846153846154,1.0,0.2153846153846154
6,clab-nebula-serf15,15,32,104,32,72,0,0.3076923076923077,1.0,0.3076923076923077
6,clab-nebula-serf15,20,68,159,68,91,0,0.4276729559748428,1.0,0.4276729559748428
6,clab-nebula-serf15,25,88,159,88,71,0,0.5534591194968553,1.0,0.5534591194968553
6,clab-nebula-serf15,30,100,159,100,59,0,0.6289308176100629,1.0,0.6289308176100629
6,clab-nebula-serf15,35,117,159,117,42,0,0.7358490566037735,1.0,0.7358490566037735
6,clab-nebula-serf15,40,121,159,121,38,0,0.7610062893081762,1.0,0.7610062893081762
6,clab-nebula-serf15,45,124,159,124,35,0,0.779874213836478,1.0,0.779874213836478
6,clab-nebula-serf15,50,151,159,151,8,0,0.949685534591195,1.0,0.949685534591195
6,clab-nebula-serf15,55,154,159,154,5,0,0.9685534591194969,1.0,0.9685534591194969
6,clab-nebula-serf15,60,158,159,156,3,2,0.9811320754716981,0.9873417721518988,0.968944099378882
6,clab-nebula-serf16,5,2,11,2,9,0,0.18181818181818182,1.0,0.18181818181818182
6,clab-nebula-serf16,10,17,65,17,48,0,0.26153846153846155,1.0,0.26153846153846155
6,clab-nebula-serf16,15,33,104,33,71,0,0.3173076923076923,1.0,0.3173076923076923
6,clab-nebula-serf16,20,69,159,69,90,0,0.4339622641509434,1.0,0.4339622641509434
6,clab-nebula-serf16,25,88,159,88,71,0,0.5534591194968553,1.0,0.5534591194968553
6,clab-nebula-serf16,30,101,159,101,58,0,0.6352201257861635,1.0,0.6352201257861635
6,clab-nebula-serf16,35,119,159,119,40,0,0.7484276729559748,1.0,0.7484276729559748
6,clab-nebula-serf16,40,121,159,121,38,0,0.7610062893081762,1.0,0.7610062893081762
6,clab-nebula-serf16,45,126,159,126,33,0,0.7924528301886793,1.0,0.7924528301886793
6,clab-nebula-serf16,50,151,159,151,8,0,0.949685534591195,1.0,0.949685534591195
6,clab-nebula-serf16,55,155,159,154,5,1,0.9685534591194969,0.9935483870967742,0.9625
6,clab-nebula-serf16,60,158,159,156,3,2,0.9811320754716981,0.9873417721518988,0.968944099378882
6,clab-nebula-serf77,5,3,124,3,121,0,0.024193548387096774,1.0,0.024193548387096774
6,clab-nebula-serf77,10,24,159,24,135,0,0.1509433962264151,1.0,0.1509433962264151
6,clab-nebula-serf77,15,38,159,38,121,0,0.2389937106918239,1.0,0.2389937106918239
6,clab-nebula-serf77,20,67,159,67,92,0,0.42138364779874216,1.0,0.42138364779874216
6,clab-nebula-serf77,25,90,159,90,69,0,0.5660377358490566,1.0,0.5660377358490566
6,clab-nebula-serf77,30,113,159,113,46,0,0.710691823899371,1.0,0.710691823899371
6,clab-nebula-serf77,35,121,159,121,38,0,0.7610062893081762,1.0,0.7610062893081762
6,clab-nebula-serf77,40,125,159,125,34,0,0.7861635220125787,1.0,0.7861635220125787
6,clab-nebula-serf77,45,151,159,151,8,0,0.949685534591195,1.0,0.949685534591195
6,clab-nebula-serf77,50,154,159,154,5,0,0.9685534591194969,1.0,0.9685534591194969
6,clab-nebula-serf77,55,158,159,156,3,2,0.9811320754716981,0.9873417721518988,0.968944099378882
6,clab-nebula-serf77,60,161,159,159,0,2,1.0,0.9875776397515528,0.9875776397515528
6,clab-nebula-serf121,5,0,0,0,0,0,0.0,0.0,0.0
6,clab-nebula-serf121,10,1,21,1,20,0,0.047619047619047616,1.0,0.047619047619047616
6,clab-nebula-serf121,15,8,161,8,153,0,0.049689440993788817,1.0,0.049689440993788817
6,clab-nebula-serf121,20,15,155,15,140,0,0.0967741935483871,1.0,0.0967741935483871
6,clab-nebula-serf121,25,32,150,31,119,1,0.20666666666666667,0.96875,0.2052980132450331
6,clab-nebula-serf121,30,81,150,70,80,11,0.4666666666666667,0.8641975308641975,0.43478260869565216
6,clab-nebula-serf121,35,121,150,110,40,11,0.7333333333333333,0.9090909090909091,0.6832298136645962
6,clab-nebula-serf121,40,138,150,127,23,11,0.8466666666666667,0.9202898550724637,0.7888198757763976
6,clab-nebula-serf121,45,148,150,137,13,11,0.9133333333333333,0.9256756756756757,0.8509316770186336
6,clab-nebula-serf121,50,160,150,149,1,11,0.9933333333333333,0.93125,0.9254658385093167
6,clab-nebula-serf121,55,161,150,150,0,11,1.0,0.9316770186335404,0.9316770186335404
6,clab-nebula-serf121,60,161,150,150,0,11,1.0,0.9316770186335404,0.9316770186335404
6,clab-nebula-serf140,5,0,0,0,0,0,0.0,0.0,0.0
6,clab-nebula-serf140,10,0,0,0,0,0,0.0,0.0,0.0
6,clab-nebula-serf140,15,0,0,0,0,0,0.0,0.0,0.0
6,clab-nebula-serf140,20,13,39,13,26,0,0.3333333333333333,1.0,0.3333333333333333
6,clab-nebula-serf140,25,14,39,14,25,0,0.358974358974359,1.0,0.358974358974359
6,clab-nebula-serf140,30,25,39,24,15,1,0.6153846153846154,0.96,0.6
6,clab-nebula-serf140,35,39,161,39,122,0,0.2422360248447205,1.0,0.2422360248447205
6,clab-nebula-serf140,40,52,161,52,109,0,0.32298136645962733,1.0,0.32298136645962733
6,clab-nebula-serf140,45,82,161,82,79,0,0.5093167701863354,1.0,0.5093167701863354
6,clab-nebula-serf140,50,108,161,108,53,0,0.6708074534161491,1.0,0.6708074534161491
6,clab-nebula-serf140,55,136,161,136,25,0,0.84472049689441,1.0,0.84472049689441
6,clab-nebula-serf140,60,145,161,145,16,0,0.9006211180124224,1.0,0.9006211180124224
6,clab-nebula-serf148,5,0,0,0,0,0,0.0,0.0,0.0
6,clab-nebula-serf148,10,0,0,0,0,0,0.0,0.0,0.0
6,clab-nebula-serf148,15,0,0,0,0,0,0.0,0.0,0.0
6,clab-nebula-serf148,20,6,133,6,127,0,0.045112781954887216,1.0,0.045112781954887216
6,clab-nebula-serf148,25,12,133,12,121,0,0.09022556390977443,1.0,0.09022556390977443
6,clab-nebula-serf148,30,22,161,22,139,0,0.13664596273291926,1.0,0.13664596273291926
6,clab-nebula-serf148,35,38,161,38,123,0,0.2360248447204969,1.0,0.2360248447204969
6,clab-nebula-serf148,40,52,161,52,109,0,0.32298136645962733,1.0,0.32298136645962733
6,clab-nebula-serf148,45,68,161,68,93,0,0.422360248447205,1.0,0.422360248447205
6,clab-nebula-serf148,50,103,161,103,58,0,0.639751552795031,1.0,0.639751552795031
6,clab-nebula-serf148,55,133,161,133,28,0,0.8260869565217391,1.0,0.8260869565217391
6,clab-nebula-serf148,60,148,159,146,13,2,0.9182389937106918,0.9864864864864865,0.906832298136646
6,clab-nebula-serf154,5,0,0,0,0,0,0.0,0.0,0.0
6,clab-nebula-serf154,10,0,0,0,0,0,0.0,0.0,0.0
6,clab-nebula-serf154,15,1,4,1,3,0,0.25,1.0,0.25
6,clab-nebula-serf154,20,9,133,9,124,0,0.06766917293233082,1.0,0.06766917293233082
6,clab-nebula-serf154,25,12,133,12,121,0,0.09022556390977443,1.0,0.09022556390977443
6,clab-nebula-serf154,30,23,161,23,138,0,0.14285714285714285,1.0,0.14285714285714285
6,clab-nebula-serf154,35,42,161,42,119,0,0.2608695652173913,1.0,0.2608695652173913
6,clab-nebula-serf154,40,55,161,55,106,0,0.3416149068322981,1.0,0.3416149068322981
6,clab-nebula-serf154,45,79,161,79,82,0,0.4906832298136646,1.0,0.4906832298136646
6,clab-nebula-serf154,50,113,161,113,48,0,0.7018633540372671,1.0,0.7018633540372671
6,clab-nebula-serf154,55,137,161,137,24,0,0.8509316770186336,1.0,0.8509316770186336
6,clab-nebula-serf154,60,147,159,146,13,1,0.9182389937106918,0.9931972789115646,0.9125
6,clab-nebula-serf156,5,0,0,0,0,0,0.0,0.0,0.0
6,clab-nebula-serf156,10,0,0,0,0,0,0.0,0.0,0.0
6,clab-nebula-serf156,15,4,133,4,129,0,0.03007518796992481,1.0,0.03007518796992481
6,clab-nebula-serf156,20,12,133,12,121,0,0.09022556390977443,1.0,0.09022556390977443
6,clab-nebula-serf156,25,18,161,18,143,0,0.11180124223602485,1.0,0.11180124223602485
6,clab-nebula-serf156,30,33,161,33,128,0,0.20496894409937888,1.0,0.20496894409937888
6,clab-nebula-serf156,35,49,161,49,112,0,0.30434782608695654,1.0,0.30434782608695654
6,clab-nebula-serf156,40,61,161,61,100,0,0.37888198757763975,1.0,0.37888198757763975
6,clab-nebula-serf156,45,99,161,99,62,0,0.6149068322981367,1.0,0.6149068322981367
6,clab-nebula-serf156,50,130,161,130,31,0,0.8074534161490683,1.0,0.8074534161490683
6,clab-nebula-serf156,55,145,159,145,14,0,0.9119496855345912,1.0,0.9119496855345912
6,clab-nebula-serf156,60,154,159,152,7,2,0.9559748427672956,0.987012987012987,0.9440993788819876
6,clab-nebula-serf23,5,0,0,0,0,0,0.0,0.0,0.0
6,clab-nebula-serf23,10,0,0,0,0,0,0.0,0.0,0.0
6,clab-nebula-serf23,15,4,14,2,12,2,0.14285714285714285,0.5,0.125
6,clab-nebula-serf23,20,11,159,11,148,0,0.06918238993710692,1.0,0.06918238993710692
6,clab-nebula-serf23,25,22,159,22,137,0,0.13836477987421383,1.0,0.13836477987421383
6,clab-nebula-serf23,30,39,159,39,120,0,0.24528301886792453,1.0,0.24528301886792453
6,clab-nebula-serf23,35,75,159,75,84,0,0.4716981132075472,1.0,0.4716981132075472
6,clab-nebula-serf23,40,91,159,91,68,0,0.5723270440251572,1.0,0.5723270440251572
6,clab-nebula-serf23,45,99,159,99,60,0,0.6226415094339622,1.0,0.6226415094339622
6,clab-nebula-serf23,50,117,159,117,42,0,0.7358490566037735,1.0,0.7358490566037735
6,clab-nebula-serf23,55,122,159,122,37,0,0.7672955974842768,1.0,0.7672955974842768
6,clab-nebula-serf23,60,124,159,124,35,0,0.779874213836478,1.0,0.779874213836478
6,clab-nebula-serf39,5,2,159,2,157,0,0.012578616352201259,1.0,0.012578616352201259
6,clab-nebula-serf39,10,15,159,15,144,0,0.09433962264150944,1.0,0.09433962264150944
6,clab-nebula-serf39,15,53,159,53,106,0,0.3333333333333333,1.0,0.3333333333333333
6,clab-nebula-serf39,20,81,159,81,78,0,0.5094339622641509,1.0,0.5094339622641509
6,clab-nebula-serf39,25,90,159,90,69,0,0.5660377358490566,1.0,0.5660377358490566
6,clab-nebula-serf39,30,106,159,106,53,0,0.6666666666666666,1.0,0.6666666666666666
6,clab-nebula-serf39,35,119,159,119,40,0,0.7484276729559748,1.0,0.7484276729559748
6,clab-nebula-serf39,40,124,159,124,35,0,0.779874213836478,1.0,0.779874213836478
6,clab-nebula-serf39,45,138,159,138,21,0,0.8679245283018868,1.0,0.8679245283018868
6,clab-nebula-serf39,50,154,159,154,5,0,0.9685534591194969,1.0,0.9685534591194969
6,clab-nebula-serf39,55,155,159,154,5,1,0.9685534591194969,0.9935483870967742,0.9625
6,clab-nebula-serf39,60,158,159,156,3,2,0.9811320754716981,0.9873417721518988,0.968944099378882
6,clab-nebula-serf62,5,0,0,0,0,0,0.0,0.0,0.0
6,clab-nebula-serf62,10,4,50,4,46,0,0.08,1.0,0.08
6,clab-nebula-serf62,15,13,104,13,91,0,0.125,1.0,0.125
6,clab-nebula-serf62,20,48,159,48,111,0,0.3018867924528302,1.0,0.3018867924528302
6,clab-nebula-serf62,25,73,159,73,86,0,0.4591194968553459,1.0,0.4591194968553459
6,clab-nebula-serf62,30,88,159,88,71,0,0.5534591194968553,1.0,0.5534591194968553
6,clab-nebula-serf62,35,110,159,110,49,0,0.6918238993710691,1.0,0.6918238993710691
6,clab-nebula-serf62,40,120,159,120,39,0,0.7547169811320755,1.0,0.7547169811320755
6,clab-nebula-serf62,45,124,159,124,35,0,0.779874213836478,1.0,0.779874213836478
6,clab-nebula-serf62,50,144,159,144,15,0,0.9056603773584906,1.0,0.9056603773584906
6,clab-nebula-serf62,55,154,159,154,5,0,0.9685534591194969,1.0,0.9685534591194969
6,clab-nebula-serf62,60,154,159,154,5,0,0.9685534591194969,1.0,0.9685534591194969
6,clab-nebula-serf107,5,0,0,0,0,0,0.0,0.0,0.0
6,clab-nebula-serf107,10,2,39,2,37,0,0.05128205128205128,1.0,0.05128205128205128
6,clab-nebula-serf107,15,6,39,6,33,0,0.15384615384615385,1.0,0.15384615384615385
6,clab-nebula-serf107,20,15,161,15,146,0,0.09316770186335403,1.0,0.09316770186335403
6,clab-nebula-serf107,25,40,161,40,121,0,0.2484472049689441,1.0,0.2484472049689441
6,clab-nebula-serf107,30,71,161,71,90,0,0.4409937888198758,1.0,0.4409937888198758
6,clab-nebula-serf107,35,104,150,99,51,5,0.66,0.9519230769230769,0.6387096774193548
6,clab-nebula-serf107,40,144,150,133,17,11,0.8866666666666667,0.9236111111111112,0.8260869565217391
6,clab-nebula-serf107,45,149,150,138,12,11,0.92,0.9261744966442953,0.8571428571428571
6,clab-nebula-serf107,50,154,150,143,7,11,0.9533333333333334,0.9285714285714286,0.8881987577639752
6,clab-nebula-serf107,55,157,150,146,4,11,0.9733333333333334,0.9299363057324841,0.906832298136646
6,clab-nebula-serf107,60,161,150,150,0,11,1.0,0.9316770186335404,0.9316770186335404
6,clab-nebula-serf115,5,0,0,0,0,0,0.0,0.0,0.0
6,clab-nebula-serf115,10,0,0,0,0,0,0.0,0.0,0.0
6,clab-nebula-serf115,15,0,0,0,0,0,0.0,0.0,0.0
6,clab-nebula-serf115,20,0,0,0,0,0,0.0,0.0,0.0
6,clab-nebula-serf115,25,0,0,0,0,0,0.0,0.0,0.0
6,clab-nebula-serf115,30,0,0,0,0,0,0.0,0.0,0.0
6,clab-nebula-serf115,35,1,1,1,0,0,1.0,1.0,1.0
6,clab-nebula-serf115,40,3,161,3,158,0,0.018633540372670808,1.0,0.018633540372670808
6,clab-nebula-serf115,45,6,150,6,144,0,0.04,1.0,0.04
6,clab-nebula-serf115,50,23,150,23,127,0,0.15333333333333332,1.0,0.15333333333333332
6,clab-nebula-serf115,55,57,150,54,96,3,0.36,0.9473684210526315,0.35294117647058826
6,clab-nebula-serf115,60,103,150,92,58,11,0.6133333333333333,0.8932038834951457,0.5714285714285714
6,clab-nebula-serf151,5,0,0,0,0,0,0.0,0.0,0.0
6,clab-nebula-serf151,10,0,0,0,0,0,0.0,0.0,0.0
6,clab-nebula-serf151,15,1,9,1,8,0,0.1111111111111111,1.0,0.1111111111111111
6,clab-nebula-serf151,20,11,133,11,122,0,0.08270676691729323,1.0,0.08270676691729323
6,clab-nebula-serf151,25,13,133,13,120,0,0.09774436090225563,1.0,0.09774436090225563
6,clab-nebula-serf151,30,23,161,23,138,0,0.14285714285714285,1.0,0.14285714285714285
6,clab-nebula-serf151,35,43,161,43,118,0,0.2670807453416149,1.0,0.2670807453416149
6,clab-nebula-serf151,40,55,161,55,106,0,0.3416149068322981,1.0,0.3416149068322981
6,clab-nebula-serf151,45,81,161,81,80,0,0.5031055900621118,1.0,0.5031055900621118
6,clab-nebula-serf151,50,114,161,114,47,0,0.7080745341614907,1.0,0.7080745341614907
6,clab-nebula-serf151,55,137,161,137,24,0,0.8509316770186336,1.0,0.8509316770186336
6,clab-nebula-serf151,60,148,159,146,13,2,0.9182389937106918,0.9864864864864865,0.906832298136646
6,clab-nebula-serf158,5,4,21,4,17,0,0.19047619047619047,1.0,0.19047619047619047
6,clab-nebula-serf158,10,4,21,4,17,0,0.19047619047619047,1.0,0.19047619047619047
6,clab-nebula-serf158,15,5,25,5,20,0,0.2,1.0,0.2
6,clab-nebula-serf158,20,8,25,8,17,0,0.32,1.0,0.32
6,clab-nebula-serf158,25,16,161,16,145,0,0.09937888198757763,1.0,0.09937888198757763
6,clab-nebula-serf158,30,34,161,34,127,0,0.2111801242236025,1.0,0.2111801242236025
6,clab-nebula-serf158,35,40,161,40,121,0,0.2484472049689441,1.0,0.2484472049689441
6,clab-nebula-serf158,40,52,161,52,109,0,0.32298136645962733,1.0,0.32298136645962733
6,clab-nebula-serf158,45,68,161,68,93,0,0.422360248447205,1.0,0.422360248447205
6,clab-nebula-serf158,50,103,161,103,58,0,0.639751552795031,1.0,0.639751552795031
6,clab-nebula-serf158,55,136,161,136,25,0,0.84472049689441,1.0,0.84472049689441
6,clab-nebula-serf158,60,148,161,148,13,0,0.9192546583850931,1.0,0.9192546583850931
6,clab-nebula-serf28,5,0,0,0,0,0,0.0,0.0,0.0
6,clab-nebula-serf28,10,1,102,1,101,0,0.00980392156862745,1.0,0.00980392156862745
6,clab-nebula-serf28,15,2,102,2,100,0,0.0196078431372549,1.0,0.0196078431372549
6,clab-nebula-serf28,20,4,102,4,98,0,0.0392156862745098,1.0,0.0392156862745098
6,clab-nebula-serf28,25,7,102,7,95,0,0.06862745098039216,1.0,0.06862745098039216
6,clab-nebula-serf28,30,19,121,19,102,0,0.15702479338842976,1.0,0.15702479338842976
6,clab-nebula-serf28,35,29,121,28,93,1,0.23140495867768596,0.9655172413793104,0.22950819672131148
6,clab-nebula-serf28,40,61,137,53,84,8,0.38686131386861317,0.8688524590163934,0.36551724137931035
6,clab-nebula-serf28,45,91,137,79,58,12,0.5766423357664233,0.8681318681318682,0.5302013422818792
6,clab-nebula-serf28,50,95,137,82,55,13,0.5985401459854015,0.8631578947368421,0.5466666666666666
6,clab-nebula-serf28,55,111,150,111,39,0,0.74,1.0,0.74
6,clab-nebula-serf28,60,121,150,121,29,0,0.8066666666666666,1.0,0.8066666666666666
6,clab-nebula-serf29,5,0,0,0,0,0,0.0,0.0,0.0
6,clab-nebula-serf29,10,2,101,2,99,0,0.019801980198019802,1.0,0.019801980198019802
6,clab-nebula-serf29,15,6,101,5,96,1,0.04950495049504951,0.8333333333333334,0.049019607843137254
6,clab-nebula-serf29,20,14,133,14,119,0,0.10526315789473684,1.0,0.10526315789473684
6,clab-nebula-serf29,25,23,136,23,113,0,0.16911764705882354,1.0,0.16911764705882354
6,clab-nebula-serf29,30,39,136,39,97,0,0.2867647058823529,1.0,0.2867647058823529
6,clab-nebula-serf29,35,79,137,71,66,8,0.5182481751824818,0.8987341772151899,0.4896551724137931
6,clab-nebula-serf29,40,92,137,80,57,12,0.583941605839416,0.8695652173913043,0.5369127516778524
6,clab-nebula-serf29,45,98,137,85,52,13,0.6204379562043796,0.8673469387755102,0.5666666666666667
6,clab-nebula-serf29,50,115,150,115,35,0,0.7666666666666667,1.0,0.7666666666666667
6,clab-nebula-serf29,55,122,150,122,28,0,0.8133333333333334,1.0,0.8133333333333334
6,clab-nebula-serf29,60,125,150,122,28,3,0.8133333333333334,0.976,0.7973856209150327
8,clab-nebula-serf130,5,0,0,0,0,0,0.0,0.0,0.0
8,clab-nebula-serf130,10,0,0,0,0,0,0.0,0.0,0.0
8,clab-nebula-serf130,15,0,0,0,0,0,0.0,0.0,0.0
8,clab-nebula-serf130,20,13,40,13,27,0,0.325,1.0,0.325
8,clab-nebula-serf130,25,14,40,14,26,0,0.35,1.0,0.35
8,clab-nebula-serf130,30,24,40,23,17,1,0.575,0.9583333333333334,0.5609756097560976
8,clab-nebula-serf130,35,41,161,41,120,0,0.2546583850931677,1.0,0.2546583850931677
8,clab-nebula-serf130,40,53,161,53,108,0,0.32919254658385094,1.0,0.32919254658385094
8,clab-nebula-serf130,45,84,161,84,77,0,0.5217391304347826,1.0,0.5217391304347826
8,clab-nebula-serf130,50,111,161,111,50,0,0.6894409937888198,1.0,0.6894409937888198
8,clab-nebula-serf130,55,136,161,136,25,0,0.84472049689441,1.0,0.84472049689441
8,clab-nebula-serf130,60,146,161,146,15,0,0.906832298136646,1.0,0.906832298136646
8,clab-nebula-serf161,5,4,11,4,7,0,0.36363636363636365,1.0,0.36363636363636365
8,clab-nebula-serf161,10,4,11,4,7,0,0.36363636363636365,1.0,0.36363636363636365
8,clab-nebula-serf161,15,5,11,5,6,0,0.45454545454545453,1.0,0.45454545454545453
8,clab-nebula-serf161,20,10,14,9,5,1,0.6428571428571429,0.9,0.6
8,clab-nebula-serf161,25,22,161,22,139,0,0.13664596273291926,1.0,0.13664596273291926
8,clab-nebula-serf161,30,36,161,36,125,0,0.2236024844720497,1.0,0.2236024844720497
8,clab-nebula-serf161,35,42,161,42,119,0,0.2608695652173913,1.0,0.2608695652173913
8,clab-nebula-serf161,40,58,161,58,103,0,0.36024844720496896,1.0,0.36024844720496896
8,clab-nebula-serf161,45,79,161,79,82,0,0.4906832298136646,1.0,0.4906832298136646
8,clab-nebula-serf161,50,117,161,117,44,0,0.7267080745341615,1.0,0.7267080745341615
8,clab-nebula-serf161,55,139,153,131,22,8,0.8562091503267973,0.9424460431654677,0.8136645962732919
8,clab-nebula-serf161,60,149,153,141,12,8,0.9215686274509803,0.9463087248322147,0.8757763975155279
8,clab-nebula-serf32,5,3,157,3,154,0,0.01910828025477707,1.0,0.01910828025477707
8,clab-nebula-serf32,10,19,159,19,140,0,0.11949685534591195,1.0,0.11949685534591195
8,clab-nebula-serf32,15,32,159,32,127,0,0.20125786163522014,1.0,0.20125786163522014
8,clab-nebula-serf32,20,59,159,59,100,0,0.3710691823899371,1.0,0.3710691823899371
8,clab-nebula-serf32,25,88,159,88,71,0,0.5534591194968553,1.0,0.5534591194968553
8,clab-nebula-serf32,30,95,159,95,64,0,0.5974842767295597,1.0,0.5974842767295597
8,clab-nebula-serf32,35,108,159,108,51,0,0.6792452830188679,1.0,0.6792452830188679
8,clab-nebula-serf32,40,121,159,121,38,0,0.7610062893081762,1.0,0.7610062893081762
8,clab-nebula-serf32,45,124,159,124,35,0,0.779874213836478,1.0,0.779874213836478
8,clab-nebula-serf32,50,137,159,137,22,0,0.8616352201257862,1.0,0.8616352201257862
8,clab-nebula-serf32,55,154,159,154,5,0,0.9685534591194969,1.0,0.9685534591194969
8,clab-nebula-serf32,60,155,159,154,5,1,0.9685534591194969,0.9935483870967742,0.9625
8,clab-nebula-serf63,5,0,0,0,0,0,0.0,0.0,0.0
8,clab-nebula-serf63,10,0,0,0,0,0,0.0,0.0,0.0
8,clab-nebula-serf63,15,6,42,6,36,0,0.14285714285714285,1.0,0.14285714285714285
8,clab-nebula-serf63,20,32,159,32,127,0,0.20125786163522014,1.0,0.20125786163522014
8,clab-nebula-serf63,25,64,159,64,95,0,0.4025157232704403,1.0,0.4025157232704403
8,clab-nebula-serf63,30,84,159,84,75,0,0.5283018867924528,1.0,0.5283018867924528
8,clab-nebula-serf63,35,103,159,103,56,0,0.6477987421383647,1.0,0.6477987421383647
8,clab-nebula-serf63,40,119,159,119,40,0,0.7484276729559748,1.0,0.7484276729559748
8,clab-nebula-serf63,45,124,159,124,35,0,0.779874213836478,1.0,0.779874213836478
8,clab-nebula-serf63,50,128,159,128,31,0,0.8050314465408805,1.0,0.8050314465408805
8,clab-nebula-serf63,55,154,159,154,5,0,0.9685534591194969,1.0,0.9685534591194969
8,clab-nebula-serf63,60,154,159,154,5,0,0.9685534591194969,1.0,0.9685534591194969
8,clab-nebula-serf45,5,2,10,2,8,0,0.2,1.0,0.2
8,clab-nebula-serf45,10,8,17,8,9,0,0.47058823529411764,1.0,0.47058823529411764
8,clab-nebula-serf45,15,22,44,21,23,1,0.4772727272727273,0.9545454545454546,0.4666666666666667
8,clab-nebula-serf45,20,40,44,36,8,4,0.8181818181818182,0.9,0.75
8,clab-nebula-serf45,25,80,159,80,79,0,0.5031446540880503,1.0,0.5031446540880503
8,clab-nebula-serf45,30,90,159,90,69,0,0.5660377358490566,1.0,0.5660377358490566
8,clab-nebula-serf45,35,118,159,118,41,0,0.7421383647798742,1.0,0.7421383647798742
8,clab-nebula-serf45,40,121,159,121,38,0,0.7610062893081762,1.0,0.7610062893081762
8,clab-nebula-serf45,45,124,159,124,35,0,0.779874213836478,1.0,0.779874213836478
8,clab-nebula-serf45,50,145,159,145,14,0,0.9119496855345912,1.0,0.9119496855345912
8,clab-nebula-serf45,55,154,159,154,5,0,0.9685534591194969,1.0,0.9685534591194969
8,clab-nebula-serf45,60,155,159,155,4,0,0.9748427672955975,1.0,0.9748427672955975
8,clab-nebula-serf49,5,4,10,3,7,1,0.3,0.75,0.2727272727272727
8,clab-nebula-serf49,10,14,44,13,31,1,0.29545454545454547,0.9285714285714286,0.28888888888888886
8,clab-nebula-serf49,15,30,44,29,15,1,0.6590909090909091,0.9666666666666667,0.6444444444444445
8,clab-nebula-serf49,20,67,159,67,92,0,0.42138364779874216,1.0,0.42138364779874216
8,clab-nebula-serf49,25,84,159,84,75,0,0.5283018867924528,1.0,0.5283018867924528
8,clab-nebula-serf49,30,106,159,106,53,0,0.6666666666666666,1.0,0.6666666666666666
8,clab-nebula-serf49,35,121,159,121,38,0,0.7610062893081762,1.0,0.7610062893081762
8,clab-nebula-serf49,40,124,159,124,35,0,0.779874213836478,1.0,0.779874213836478
8,clab-nebula-serf49,45,135,159,135,24,0,0.8490566037735849,1.0,0.8490566037735849
8,clab-nebula-serf49,50,154,159,154,5,0,0.9685534591194969,1.0,0.9685534591194969
8,clab-nebula-serf49,55,154,159,154,5,0,0.9685534591194969,1.0,0.9685534591194969
8,clab-nebula-serf49,60,157,159,155,4,2,0.9748427672955975,0.9872611464968153,0.9627329192546584
8,clab-nebula-serf83,5,0,0,0,0,0,0.0,0.0,0.0
8,clab-nebula-serf83,10,3,8,3,5,0,0.375,1.0,0.375
8,clab-nebula-serf83,15,14,71,14,57,0,0.19718309859154928,1.0,0.19718309859154928
8,clab-nebula-serf83,20,33,135,33,102,0,0.24444444444444444,1.0,0.24444444444444444
8,clab-nebula-serf83,25,50,144,49,95,1,0.3402777777777778,0.98,0.33793103448275863
8,clab-nebula-serf83,30,79,151,79,72,0,0.5231788079470199,1.0,0.5231788079470199
8,clab-nebula-serf83,35,109,151,109,42,0,0.7218543046357616,1.0,0.7218543046357616
8,clab-nebula-serf83,40,119,151,119,32,0,0.7880794701986755,1.0,0.7880794701986755
8,clab-nebula-serf83,45,128,151,128,23,0,0.847682119205298,1.0,0.847682119205298
8,clab-nebula-serf83,50,140,151,138,13,2,0.9139072847682119,0.9857142857142858,0.9019607843137255
8,clab-nebula-serf83,55,154,151,144,7,10,0.9536423841059603,0.935064935064935,0.8944099378881988
8,clab-nebula-serf83,60,156,151,146,5,10,0.9668874172185431,0.9358974358974359,0.906832298136646
8,clab-nebula-serf91,5,3,72,3,69,0,0.041666666666666664,1.0,0.041666666666666664
8,clab-nebula-serf91,10,17,128,17,111,0,0.1328125,1.0,0.1328125
8,clab-nebula-serf91,15,36,123,35,88,1,0.2845528455284553,0.9722222222222222,0.28225806451612906
8,clab-nebula-serf91,20,56,144,55,89,1,0.3819444444444444,0.9821428571428571,0.3793103448275862
8,clab-nebula-serf91,25,81,151,81,70,0,0.5364238410596026,1.0,0.5364238410596026
8,clab-nebula-serf91,30,112,151,112,39,0,0.7417218543046358,1.0,0.7417218543046358
8,clab-nebula-serf91,35,119,151,119,32,0,0.7880794701986755,1.0,0.7880794701986755
8,clab-nebula-serf91,40,129,151,128,23,1,0.847682119205298,0.9922480620155039,0.8421052631578947
8,clab-nebula-serf91,45,146,151,140,11,6,0.9271523178807947,0.958904109589041,0.89171974522293
8,clab-nebula-serf91,50,154,151,144,7,10,0.9536423841059603,0.935064935064935,0.8944099378881988
8,clab-nebula-serf91,55,157,151,147,4,10,0.9735099337748344,0.9363057324840764,0.9130434782608695
8,clab-nebula-serf91,60,161,151,151,0,10,1.0,0.937888198757764,0.937888198757764
8,clab-nebula-serf136,5,0,0,0,0,0,0.0,0.0,0.0
8,clab-nebula-serf136,10,0,0,0,0,0,0.0,0.0,0.0
8,clab-nebula-serf136,15,2,12,2,10,0,0.16666666666666666,1.0,0.16666666666666666
8,clab-nebula-serf136,20,14,40,14,26,0,0.35,1.0,0.35
8,clab-nebula-serf136,25,18,40,18,22,0,0.45,1.0,0.45
8,clab-nebula-serf136,30,28,161,28,133,0,0.17391304347826086,1.0,0.17391304347826086
8,clab-nebula-serf136,35,45,161,45,116,0,0.2795031055900621,1.0,0.2795031055900621
8,clab-nebula-serf136,40,66,161,66,95,0,0.40993788819875776,1.0,0.40993788819875776
8,clab-nebula-serf136,45,95,161,95,66,0,0.5900621118012422,1.0,0.5900621118012422
8,clab-nebula-serf136,50,124,161,124,37,0,0.7701863354037267,1.0,0.7701863354037267
8,clab-nebula-serf136,55,137,161,137,24,0,0.8509316770186336,1.0,0.8509316770186336
8,clab-nebula-serf136,60,149,161,149,12,0,0.9254658385093167,1.0,0.9254658385093167
8,clab-nebula-serf146,5,0,0,0,0,0,0.0,0.0,0.0
8,clab-nebula-serf146,10,0,0,0,0,0,0.0,0.0,0.0
8,clab-nebula-serf146,15,1,23,0,23,1,0.0,0.0,0.0
8,clab-nebula-serf146,20,5,22,3,19,2,0.13636363636363635,0.6,0.125
8,clab-nebula-serf146,25,8,24,8,16,0,0.3333333333333333,1.0,0.3333333333333333
8,clab-nebula-serf146,30,16,83,15,68,1,0.18072289156626506,0.9375,0.17857142857142858
8,clab-nebula-serf146,35,44,161,44,117,0,0.2732919254658385,1.0,0.2732919254658385
8,clab-nebula-serf146,40,58,161,58,103,0,0.36024844720496896,1.0,0.36024844720496896
8,clab-nebula-serf146,45,78,161,78,83,0,0.484472049689441,1.0,0.484472049689441
8,clab-nebula-serf146,50,114,161,114,47,0,0.7080745341614907,1.0,0.7080745341614907
8,clab-nebula-serf146,55,137,161,137,24,0,0.8509316770186336,1.0,0.8509316770186336
8,clab-nebula-serf146,60,146,161,146,15,0,0.906832298136646,1.0,0.906832298136646
8,clab-nebula-serf12,5,0,0,0,0,0,0.0,0.0,0.0
8,clab-nebula-serf12,10,5,55,4,51,1,0.07272727272727272,0.8,0.07142857142857142
8,clab-nebula-serf12,15,19,62,19,43,0,0.3064516129032258,1.0,0.3064516129032258
8,clab-nebula-serf12,20,38,101,37,64,1,0.36633663366336633,0.9736842105263158,0.3627450980392157
8,clab-nebula-serf12,25,71,159,71,88,0,0.44654088050314467,1.0,0.44654088050314467
8,clab-nebula-serf12,30,88,159,88,71,0,0.5534591194968553,1.0,0.5534591194968553
8,clab-nebula-serf12,35,102,159,102,57,0,0.6415094339622641,1.0,0.6415094339622641
8,clab-nebula-serf12,40,119,159,119,40,0,0.7484276729559748,1.0,0.7484276729559748
8,clab-nebula-serf12,45,121,159,121,38,0,0.7610062893081762,1.0,0.7610062893081762
8,clab-nebula-serf12,50,127,159,127,32,0,0.7987421383647799,1.0,0.7987421383647799
8,clab-nebula-serf12,55,153,159,153,6,0,0.9622641509433962,1.0,0.9622641509433962
8,clab-nebula-serf12,60,155,159,154,5,1,0.9685534591194969,0.9935483870967742,0.9625
8,clab-nebula-serf19,5,0,0,0,0,0,0.0,0.0,0.0
8,clab-nebula-serf19,10,5,38,5,33,0,0.13157894736842105,1.0,0.13157894736842105
8,clab-nebula-serf19,15,23,41,21,20,2,0.5121951219512195,0.9130434782608695,0.4883720930232558
8,clab-nebula-serf19,20,44,159,44,115,0,0.27672955974842767,1.0,0.27672955974842767
8,clab-nebula-serf19,25,73,159,73,86,0,0.4591194968553459,1.0,0.4591194968553459
8,clab-nebula-serf19,30,90,159,90,69,0,0.5660377358490566,1.0,0.5660377358490566
8,clab-nebula-serf19,35,105,159,105,54,0,0.660377358490566,1.0,0.660377358490566
8,clab-nebula-serf19,40,120,159,120,39,0,0.7547169811320755,1.0,0.7547169811320755
8,clab-nebula-serf19,45,123,159,123,36,0,0.7735849056603774,1.0,0.7735849056603774
8,clab-nebula-serf19,50,142,159,142,17,0,0.8930817610062893,1.0,0.8930817610062893
8,clab-nebula-serf19,55,153,159,153,6,0,0.9622641509433962,1.0,0.9622641509433962
8,clab-nebula-serf19,60,157,159,155,4,2,0.9748427672955975,0.9872611464968153,0.9627329192546584
8,clab-nebula-serf80,5,0,0,0,0,0,0.0,0.0,0.0
8,clab-nebula-serf80,10,14,159,14,145,0,0.0880503144654088,1.0,0.0880503144654088
8,clab-nebula-serf80,15,32,159,32,127,0,0.20125786163522014,1.0,0.20125786163522014
8,clab-nebula-serf80,20,55,161,55,106,0,0.3416149068322981,1.0,0.3416149068322981
8,clab-nebula-serf80,25,84,159,84,75,0,0.5283018867924528,1.0,0.5283018867924528
8,clab-nebula-serf80,30,110,159,110,49,0,0.6918238993710691,1.0,0.6918238993710691
8,clab-nebula-serf80,35,120,159,120,39,0,0.7547169811320755,1.0,0.7547169811320755
8,clab-nebula-serf80,40,127,159,127,32,0,0.7987421383647799,1.0,0.7987421383647799
8,clab-nebula-serf80,45,152,159,152,7,0,0.9559748427672956,1.0,0.9559748427672956
8,clab-nebula-serf80,50,154,159,154,5,0,0.9685534591194969,1.0,0.9685534591194969
8,clab-nebula-serf80,55,156,159,155,4,1,0.9748427672955975,0.9935897435897436,0.96875
8,clab-nebula-serf80,60,159,159,157,2,2,0.9874213836477987,0.9874213836477987,0.9751552795031055
8,clab-nebula-serf111,5,1,4,1,3,0,0.25,1.0,0.25
8,clab-nebula-serf111,10,7,6,6,0,1,1.0,0.8571428571428571,0.8571428571428571
8,clab-nebula-serf111,15,17,161,17,144,0,0.10559006211180125,1.0,0.10559006211180125
8,clab-nebula-serf111,20,47,161,47,114,0,0.2919254658385093,1.0,0.2919254658385093
8,clab-nebula-serf111,25,73,161,73,88,0,0.453416149068323,1.0,0.453416149068323
8,clab-nebula-serf111,30,111,151,107,44,4,0.7086092715231788,0.963963963963964,0.6903225806451613
8,clab-nebula-serf111,35,145,151,135,16,10,0.8940397350993378,0.9310344827586207,0.8385093167701864
8,clab-nebula-serf111,40,150,151,140,11,10,0.9271523178807947,0.9333333333333333,0.8695652173913043
8,clab-nebula-serf111,45,154,151,144,7,10,0.9536423841059603,0.935064935064935,0.8944099378881988
8,clab-nebula-serf111,50,158,151,148,3,10,0.9801324503311258,0.9367088607594937,0.9192546583850931
8,clab-nebula-serf111,55,161,151,151,0,10,1.0,0.937888198757764,0.937888198757764
8,clab-nebula-serf111,60,161,151,151,0,10,1.0,0.937888198757764,0.937888198757764
8,clab-nebula-serf109,5,3,5,3,2,0,0.6,1.0,0.6
8,clab-nebula-serf109,10,8,68,8,60,0,0.11764705882352941,1.0,0.11764705882352941
8,clab-nebula-serf109,15,26,161,26,135,0,0.16149068322981366,1.0,0.16149068322981366
8,clab-nebula-serf109,20,58,161,58,103,0,0.36024844720496896,1.0,0.36024844720496896
8,clab-nebula-serf109,25,87,161,87,74,0,0.5403726708074534,1.0,0.5403726708074534
8,clab-nebula-serf109,30,130,151,120,31,10,0.7947019867549668,0.9230769230769231,0.7453416149068323
8,clab-nebula-serf109,35,145,151,135,16,10,0.8940397350993378,0.9310344827586207,0.8385093167701864
8,clab-nebula-serf109,40,153,151,143,8,10,0.9470198675496688,0.934640522875817,0.8881987577639752
8,clab-nebula-serf109,45,155,151,145,6,10,0.9602649006622517,0.9354838709677419,0.9006211180124224
8,clab-nebula-serf109,50,159,151,149,2,10,0.9867549668874173,0.9371069182389937,0.9254658385093167
8,clab-nebula-serf109,55,161,151,151,0,10,1.0,0.937888198757764,0.937888198757764
8,clab-nebula-serf109,60,161,151,151,0,10,1.0,0.937888198757764,0.937888198757764
8,clab-nebula-serf147,5,0,0,0,0,0,0.0,0.0,0.0
8,clab-nebula-serf147,10,0,0,0,0,0,0.0,0.0,0.0
8,clab-nebula-serf147,15,2,130,2,128,0,0.015384615384615385,1.0,0.015384615384615385
8,clab-nebula-serf147,20,12,130,12,118,0,0.09230769230769231,1.0,0.09230769230769231
8,clab-nebula-serf147,25,14,161,14,147,0,0.08695652173913043,1.0,0.08695652173913043
8,clab-nebula-serf147,30,27,161,27,134,0,0.16770186335403728,1.0,0.16770186335403728
8,clab-nebula-serf147,35,48,161,48,113,0,0.2981366459627329,1.0,0.2981366459627329
8,clab-nebula-serf147,40,59,161,59,102,0,0.36645962732919257,1.0,0.36645962732919257
8,clab-nebula-serf147,45,87,161,87,74,0,0.5403726708074534,1.0,0.5403726708074534
8,clab-nebula-serf147,50,120,161,120,41,0,0.7453416149068323,1.0,0.7453416149068323
8,clab-nebula-serf147,55,141,159,141,18,0,0.8867924528301887,1.0,0.8867924528301887
8,clab-nebula-serf147,60,152,159,150,9,2,0.9433962264150944,0.9868421052631579,0.9316770186335404
8,clab-nebula-serf4,5,1,12,1,11,0,0.08333333333333333,1.0,0.08333333333333333
8,clab-nebula-serf4,10,2,12,2,10,0,0.16666666666666666,1.0,0.16666666666666666
8,clab-nebula-serf4,15,9,12,9,3,0,0.75,1.0,0.75
8,clab-nebula-serf4,20,16,28,16,12,0,0.5714285714285714,1.0,0.5714285714285714
8,clab-nebula-serf4,25,23,41,22,19,1,0.5365853658536586,0.9565217391304348,0.5238095238095238
8,clab-nebula-serf4,30,47,101,45,56,2,0.44554455445544555,0.9574468085106383,0.4368932038834951
8,clab-nebula-serf4,35,82,159,82,77,0,0.5157232704402516,1.0,0.5157232704402516
8,clab-nebula-serf4,40,92,159,92,67,0,0.5786163522012578,1.0,0.5786163522012578
8,clab-nebula-serf4,45,109,159,109,50,0,0.6855345911949685,1.0,0.6855345911949685
8,clab-nebula-serf4,50,120,159,120,39,0,0.7547169811320755,1.0,0.7547169811320755
8,clab-nebula-serf4,55,123,159,123,36,0,0.7735849056603774,1.0,0.7735849056603774
8,clab-nebula-serf4,60,141,159,141,18,0,0.8867924528301887,1.0,0.8867924528301887
8,clab-nebula-serf100,5,6,116,6,110,0,0.05172413793103448,1.0,0.05172413793103448
8,clab-nebula-serf100,10,7,116,7,109,0,0.0603448275862069,1.0,0.0603448275862069
8,clab-nebula-serf100,15,8,122,7,115,1,0.05737704918032787,0.875,0.056910569105691054
8,clab-nebula-serf100,20,14,139,14,125,0,0.10071942446043165,1.0,0.10071942446043165
8,clab-nebula-serf100,25,25,161,25,136,0,0.15527950310559005,1.0,0.15527950310559005
8,clab-nebula-serf100,30,59,159,59,100,0,0.3710691823899371,1.0,0.3710691823899371
8,clab-nebula-serf100,35,89,159,89,70,0,0.559748427672956,1.0,0.559748427672956
8,clab-nebula-serf100,40,137,159,137,22,0,0.8616352201257862,1.0,0.8616352201257862
8,clab-nebula-serf100,45,150,159,150,9,0,0.9433962264150944,1.0,0.9433962264150944
8,clab-nebula-serf100,50,159,159,158,1,1,0.9937106918238994,0.9937106918238994,0.9875
8,clab-nebula-serf100,55,160,159,158,1,2,0.9937106918238994,0.9875,0.9813664596273292
8,clab-nebula-serf100,60,161,159,159,0,2,1.0,0.9875776397515528,0.9875776397515528
8,clab-nebula-serf75,5,0,0,0,0,0,0.0,0.0,0.0
8,clab-nebula-serf75,10,7,17,6,11,1,0.35294117647058826,0.8571428571428571,0.3333333333333333
8,clab-nebula-serf75,15,26,159,26,133,0,0.16352201257861634,1.0,0.16352201257861634
8,clab-nebula-serf75,20,41,159,41,118,0,0.2578616352201258,1.0,0.2578616352201258
8,clab-nebula-serf75,25,76,159,76,83,0,0.4779874213836478,1.0,0.4779874213836478
8,clab-nebula-serf75,30,100,159,100,59,0,0.6289308176100629,1.0,0.6289308176100629
8,clab-nebula-serf75,35,115,159,115,44,0,0.7232704402515723,1.0,0.7232704402515723
8,clab-nebula-serf75,40,122,159,122,37,0,0.7672955974842768,1.0,0.7672955974842768
8,clab-nebula-serf75,45,135,159,135,24,0,0.8490566037735849,1.0,0.8490566037735849
8,clab-nebula-serf75,50,154,159,154,5,0,0.9685534591194969,1.0,0.9685534591194969
8,clab-nebula-serf75,55,155,159,154,5,1,0.9685534591194969,0.9935483870967742,0.9625
8,clab-nebula-serf75,60,158,159,156,3,2,0.9811320754716981,0.9873417721518988,0.968944099378882
8,clab-nebula-serf89,5,3,9,3,6,0,0.3333333333333333,1.0,0.3333333333333333
8,clab-nebula-serf89,10,3,9,3,6,0,0.3333333333333333,1.0,0.3333333333333333
8,clab-nebula-serf89,15,8,9,7,2,1,0.7777777777777778,0.875,0.7
8,clab-nebula-serf89,20,18,67,12,55,6,0.1791044776119403,0.6666666666666666,0.1643835616438356
8,clab-nebula-serf89,25,41,151,41,110,0,0.271523178807947,1.0,0.271523178807947
8,clab-nebula-serf89,30,71,143,64,79,7,0.44755244755244755,0.9014084507042254,0.4266666666666667
8,clab-nebula-serf89,35,97,151,97,54,0,0.6423841059602649,1.0,0.6423841059602649
8,clab-nebula-serf89,40,119,151,119,32,0,0.7880794701986755,1.0,0.7880794701986755
8,clab-nebula-serf89,45,127,151,127,24,0,0.8410596026490066,1.0,0.8410596026490066
8,clab-nebula-serf89,50,137,151,136,15,1,0.9006622516556292,0.9927007299270073,0.8947368421052632
8,clab-nebula-serf89,55,154,151,145,6,9,0.9602649006622517,0.9415584415584416,0.90625
8,clab-nebula-serf89,60,158,151,148,3,10,0.9801324503311258,0.9367088607594937,0.9192546583850931
8,clab-nebula-serf101,5,4,7,4,3,0,0.5714285714285714,1.0,0.5714285714285714
8,clab-nebula-serf101,10,7,116,7,109,0,0.0603448275862069,1.0,0.0603448275862069
8,clab-nebula-serf101,15,7,116,7,109,0,0.0603448275862069,1.0,0.0603448275862069
8,clab-nebula-serf101,20,10,124,8,116,2,0.06451612903225806,0.8,0.06349206349206349
8,clab-nebula-serf101,25,22,139,22,117,0,0.15827338129496402,1.0,0.15827338129496402
8,clab-nebula-serf101,30,47,159,47,112,0,0.29559748427672955,1.0,0.29559748427672955
8,clab-nebula-serf101,35,79,159,79,80,0,0.4968553459119497,1.0,0.4968553459119497
8,clab-nebula-serf101,40,131,159,131,28,0,0.8238993710691824,1.0,0.8238993710691824
8,clab-nebula-serf101,45,148,159,148,11,0,0.9308176100628931,1.0,0.9308176100628931
8,clab-nebula-serf101,50,157,159,156,3,1,0.9811320754716981,0.9936305732484076,0.975
8,clab-nebula-serf101,55,160,159,158,1,2,0.9937106918238994,0.9875,0.9813664596273292
8,clab-nebula-serf101,60,161,159,159,0,2,1.0,0.9875776397515528,0.9875776397515528
8,clab-nebula-serf105,5,1,40,1,39,0,0.025,1.0,0.025
8,clab-nebula-serf105,10,3,40,3,37,0,0.075,1.0,0.075
8,clab-nebula-serf105,15,8,40,8,32,0,0.2,1.0,0.2
8,clab-nebula-serf105,20,25,151,25,126,0,0.16556291390728478,1.0,0.16556291390728478
8,clab-nebula-serf105,25,54,161,54,107,0,0.33540372670807456,1.0,0.33540372670807456
8,clab-nebula-serf105,30,86,151,85,66,1,0.5629139072847682,0.9883720930232558,0.5592105263157895
8,clab-nebula-serf105,35,123,151,114,37,9,0.7549668874172185,0.926829268292683,0.7125
8,clab-nebula-serf105,40,145,151,135,16,10,0.8940397350993378,0.9310344827586207,0.8385093167701864
8,clab-nebula-serf105,45,153,151,143,8,10,0.9470198675496688,0.934640522875817,0.8881987577639752
8,clab-nebula-serf105,50,155,151,145,6,10,0.9602649006622517,0.9354838709677419,0.9006211180124224
8,clab-nebula-serf105,55,160,151,150,1,10,0.9933774834437086,0.9375,0.9316770186335404
8,clab-nebula-serf105,60,161,151,151,0,10,1.0,0.937888198757764,0.937888198757764
8,clab-nebula-serf65,5,0,0,0,0,0,0.0,0.0,0.0
8,clab-nebula-serf65,10,0,0,0,0,0,0.0,0.0,0.0
8,clab-nebula-serf65,15,0,0,0,0,0,0.0,0.0,0.0
8,clab-nebula-serf65,20,23,159,23,136,0,0.14465408805031446,1.0,0.14465408805031446
8,clab-nebula-serf65,25,62,161,62,99,0,0.38509316770186336,1.0,0.38509316770186336
8,clab-nebula-serf65,30,95,159,95,64,0,0.5974842767295597,1.0,0.5974842767295597
8,clab-nebula-serf65,35,115,159,115,44,0,0.7232704402515723,1.0,0.7232704402515723
8,clab-nebula-serf65,40,122,159,122,37,0,0.7672955974842768,1.0,0.7672955974842768
8,clab-nebula-serf65,45,126,159,126,33,0,0.7924528301886793,1.0,0.7924528301886793
8,clab-nebula-serf65,50,152,159,152,7,0,0.9559748427672956,1.0,0.9559748427672956
8,clab-nebula-serf65,55,154,159,154,5,0,0.9685534591194969,1.0,0.9685534591194969
8,clab-nebula-serf65,60,155,159,155,4,0,0.9748427672955975,1.0,0.9748427672955975
8,clab-nebula-serf68,5,0,0,0,0,0,0.0,0.0,0.0
8,clab-nebula-serf68,10,5,17,5,12,0,0.29411764705882354,1.0,0.29411764705882354
8,clab-nebula-serf68,15,27,159,27,132,0,0.16981132075471697,1.0,0.16981132075471697
8,clab-nebula-serf68,20,42,159,42,117,0,0.2641509433962264,1.0,0.2641509433962264
8,clab-nebula-serf68,25,79,159,79,80,0,0.4968553459119497,1.0,0.4968553459119497
8,clab-nebula-serf68,30,103,159,103,56,0,0.6477987421383647,1.0,0.6477987421383647
8,clab-nebula-serf68,35,116,159,116,43,0,0.7295597484276729,1.0,0.7295597484276729
8,clab-nebula-serf68,40,122,159,122,37,0,0.7672955974842768,1.0,0.7672955974842768
8,clab-nebula-serf68,45,135,159,135,24,0,0.8490566037735849,1.0,0.8490566037735849
8,clab-nebula-serf68,50,154,159,154,5,0,0.9685534591194969,1.0,0.9685534591194969
8,clab-nebula-serf68,55,154,159,154,5,0,0.9685534591194969,1.0,0.9685534591194969
8,clab-nebula-serf68,60,158,159,156,3,2,0.9811320754716981,0.9873417721518988,0.968944099378882
8,clab-nebula-serf94,5,2,71,2,69,0,0.028169014084507043,1.0,0.028169014084507043
8,clab-nebula-serf94,10,17,72,16,56,1,0.2222222222222222,0.9411764705882353,0.2191780821917808
8,clab-nebula-serf94,15,36,123,35,88,1,0.2845528455284553,0.9722222222222222,0.28225806451612906
8,clab-nebula-serf94,20,57,122,48,74,9,0.39344262295081966,0.8421052631578947,0.366412213740458
8,clab-nebula-serf94,25,81,151,81,70,0,0.5364238410596026,1.0,0.5364238410596026
8,clab-nebula-serf94,30,105,151,105,46,0,0.695364238410596,1.0,0.695364238410596
8,clab-nebula-serf94,35,119,151,119,32,0,0.7880794701986755,1.0,0.7880794701986755
8,clab-nebula-serf94,40,129,151,128,23,1,0.847682119205298,0.9922480620155039,0.8421052631578947
8,clab-nebula-serf94,45,145,151,138,13,7,0.9139072847682119,0.9517241379310345,0.8734177215189873
8,clab-nebula-serf94,50,154,151,144,7,10,0.9536423841059603,0.935064935064935,0.8944099378881988
8,clab-nebula-serf94,55,157,151,147,4,10,0.9735099337748344,0.9363057324840764,0.9130434782608695
8,clab-nebula-serf94,60,161,151,151,0,10,1.0,0.937888198757764,0.937888198757764
8,clab-nebula-serf103,5,7,116,7,109,0,0.0603448275862069,1.0,0.0603448275862069
8,clab-nebula-serf103,10,7,116,7,109,0,0.0603448275862069,1.0,0.0603448275862069
8,clab-nebula-serf103,15,8,122,7,115,1,0.05737704918032787,0.875,0.056910569105691054
8,clab-nebula-serf103,20,16,139,16,123,0,0.11510791366906475,1.0,0.11510791366906475
8,clab-nebula-serf103,25,27,159,27,132,0,0.16981132075471697,1.0,0.16981132075471697
8,clab-nebula-serf103,30,63,159,63,96,0,0.39622641509433965,1.0,0.39622641509433965
8,clab-nebula-serf103,35,102,159,102,57,0,0.6415094339622641,1.0,0.6415094339622641
8,clab-nebula-serf103,40,140,159,140,19,0,0.8805031446540881,1.0,0.8805031446540881
8,clab-nebula-serf103,45,150,159,150,9,0,0.9433962264150944,1.0,0.9433962264150944
8,clab-nebula-serf103,50,159,159,158,1,1,0.9937106918238994,0.9937106918238994,0.9875
8,clab-nebula-serf103,55,161,159,159,0,2,1.0,0.9875776397515528,0.9875776397515528
8,clab-nebula-serf103,60,161,159,159,0,2,1.0,0.9875776397515528,0.9875776397515528
8,clab-nebula-serf117,5,0,0,0,0,0,0.0,0.0,0.0
8,clab-nebula-serf117,10,0,0,0,0,0,0.0,0.0,0.0
8,clab-nebula-serf117,15,0,0,0,0,0,0.0,0.0,0.0
8,clab-nebula-serf117,20,0,0,0,0,0,0.0,0.0,0.0
8,clab-nebula-serf117,25,1,78,1,77,0,0.01282051282051282,1.0,0.01282051282051282
8,clab-nebula-serf117,30,3,78,3,75,0,0.038461538461538464,1.0,0.038461538461538464
8,clab-nebula-serf117,35,3,78,3,75,0,0.038461538461538464,1.0,0.038461538461538464
8,clab-nebula-serf117,40,3,78,3,75,0,0.038461538461538464,1.0,0.038461538461538464
8,clab-nebula-serf117,45,10,153,10,143,0,0.06535947712418301,1.0,0.06535947712418301
8,clab-nebula-serf117,50,21,153,21,132,0,0.13725490196078433,1.0,0.13725490196078433
8,clab-nebula-serf117,55,45,151,45,106,0,0.2980132450331126,1.0,0.2980132450331126
8,clab-nebula-serf117,60,68,151,68,83,0,0.4503311258278146,1.0,0.4503311258278146
8,clab-nebula-serf127,5,0,0,0,0,0,0.0,0.0,0.0
8,clab-nebula-serf127,10,4,161,4,157,0,0.024844720496894408,1.0,0.024844720496894408
8,clab-nebula-serf127,15,13,161,13,148,0,0.08074534161490683,1.0,0.08074534161490683
8,clab-nebula-serf127,20,46,161,46,115,0,0.2857142857142857,1.0,0.2857142857142857
8,clab-nebula-serf127,25,60,161,60,101,0,0.37267080745341613,1.0,0.37267080745341613
8,clab-nebula-serf127,30,92,161,92,69,0,0.5714285714285714,1.0,0.5714285714285714
8,clab-nebula-serf127,35,122,161,122,39,0,0.7577639751552795,1.0,0.7577639751552795
8,clab-nebula-serf127,40,138,161,138,23,0,0.8571428571428571,1.0,0.8571428571428571
8,clab-nebula-serf127,45,146,151,136,15,10,0.9006622516556292,0.9315068493150684,0.84472049689441
8,clab-nebula-serf127,50,156,153,148,5,8,0.9673202614379085,0.9487179487179487,0.9192546583850931
8,clab-nebula-serf127,55,161,153,153,0,8,1.0,0.9503105590062112,0.9503105590062112
8,clab-nebula-serf127,60,161,153,153,0,8,1.0,0.9503105590062112,0.9503105590062112
8,clab-nebula-serf129,5,0,0,0,0,0,0.0,0.0,0.0
8,clab-nebula-serf129,10,0,0,0,0,0,0.0,0.0,0.0
8,clab-nebula-serf129,15,2,31,1,30,1,0.03225806451612903,0.5,0.03125
8,clab-nebula-serf129,20,7,31,3,28,4,0.0967741935483871,0.42857142857142855,0.08571428571428572
8,clab-nebula-serf129,25,17,159,17,142,0,0.1069182389937107,1.0,0.1069182389937107
8,clab-nebula-serf129,30,42,159,42,117,0,0.2641509433962264,1.0,0.2641509433962264
8,clab-nebula-serf129,35,71,159,71,88,0,0.44654088050314467,1.0,0.44654088050314467
8,clab-nebula-serf129,40,123,159,123,36,0,0.7735849056603774,1.0,0.7735849056603774
8,clab-nebula-serf129,45,142,159,142,17,0,0.8930817610062893,1.0,0.8930817610062893
8,clab-nebula-serf129,50,149,159,149,10,0,0.9371069182389937,1.0,0.9371069182389937
8,clab-nebula-serf129,55,155,160,154,6,1,0.9625,0.9935483870967742,0.9565217391304348
8,clab-nebula-serf129,60,158,160,157,3,1,0.98125,0.9936708860759493,0.9751552795031055
8,clab-nebula-serf155,5,0,0,0,0,0,0.0,0.0,0.0
8,clab-nebula-serf155,10,0,0,0,0,0,0.0,0.0,0.0
8,clab-nebula-serf155,15,1,7,1,6,0,0.14285714285714285,1.0,0.14285714285714285
8,clab-nebula-serf155,20,11,130,11,119,0,0.08461538461538462,1.0,0.08461538461538462
8,clab-nebula-serf155,25,14,161,14,147,0,0.08695652173913043,1.0,0.08695652173913043
8,clab-nebula-serf155,30,24,161,24,137,0,0.14906832298136646,1.0,0.14906832298136646
8,clab-nebula-serf155,35,43,161,43,118,0,0.2670807453416149,1.0,0.2670807453416149
8,clab-nebula-serf155,40,56,161,56,105,0,0.34782608695652173,1.0,0.34782608695652173
8,clab-nebula-serf155,45,82,161,82,79,0,0.5093167701863354,1.0,0.5093167701863354
8,clab-nebula-serf155,50,117,161,117,44,0,0.7267080745341615,1.0,0.7267080745341615
8,clab-nebula-serf155,55,137,161,137,24,0,0.8509316770186336,1.0,0.8509316770186336
8,clab-nebula-serf155,60,150,159,148,11,2,0.9308176100628931,0.9866666666666667,0.9192546583850931
8,clab-nebula-serf3,5,0,0,0,0,0,0.0,0.0,0.0
8,clab-nebula-serf3,10,2,4,2,2,0,0.5,1.0,0.5
8,clab-nebula-serf3,15,7,12,7,5,0,0.5833333333333334,1.0,0.5833333333333334
8,clab-nebula-serf3,20,13,28,13,15,0,0.4642857142857143,1.0,0.4642857142857143
8,clab-nebula-serf3,25,22,41,20,21,2,0.4878048780487805,0.9090909090909091,0.46511627906976744
8,clab-nebula-serf3,30,50,159,50,109,0,0.31446540880503143,1.0,0.31446540880503143
8,clab-nebula-serf3,35,83,159,83,76,0,0.5220125786163522,1.0,0.5220125786163522
8,clab-nebula-serf3,40,96,159,96,63,0,0.6037735849056604,1.0,0.6037735849056604
8,clab-nebula-serf3,45,109,159,109,50,0,0.6855345911949685,1.0,0.6855345911949685
8,clab-nebula-serf3,50,119,159,119,40,0,0.7484276729559748,1.0,0.7484276729559748
8,clab-nebula-serf3,55,123,159,123,36,0,0.7735849056603774,1.0,0.7735849056603774
8,clab-nebula-serf3,60,141,159,141,18,0,0.8867924528301887,1.0,0.8867924528301887
8,clab-nebula-serf14,5,0,0,0,0,0,0.0,0.0,0.0
8,clab-nebula-serf14,10,4,56,3,53,1,0.05357142857142857,0.75,0.05263157894736842
8,clab-nebula-serf14,15,18,62,18,44,0,0.2903225806451613,1.0,0.2903225806451613
8,clab-nebula-serf14,20,35,101,34,67,1,0.33663366336633666,0.9714285714285714,0.3333333333333333
8,clab-nebula-serf14,25,70,159,70,89,0,0.44025157232704404,1.0,0.44025157232704404
8,clab-nebula-serf14,30,88,159,88,71,0,0.5534591194968553,1.0,0.5534591194968553
8,clab-nebula-serf14,35,102,159,102,57,0,0.6415094339622641,1.0,0.6415094339622641
8,clab-nebula-serf14,40,119,159,119,40,0,0.7484276729559748,1.0,0.7484276729559748
8,clab-nebula-serf14,45,121,159,121,38,0,0.7610062893081762,1.0,0.7610062893081762
8,clab-nebula-serf14,50,126,159,126,33,0,0.7924528301886793,1.0,0.7924528301886793
8,clab-nebula-serf14,55,151,159,151,8,0,0.949685534591195,1.0,0.949685534591195
8,clab-nebula-serf14,60,155,159,154,5,1,0.9685534591194969,0.9935483870967742,0.9625
8,clab-nebula-serf142,5,0,0,0,0,0,0.0,0.0,0.0
8,clab-nebula-serf142,10,0,0,0,0,0,0.0,0.0,0.0
8,clab-nebula-serf142,15,1,28,1,27,0,0.03571428571428571,1.0,0.03571428571428571
8,clab-nebula-serf142,20,1,28,1,27,0,0.03571428571428571,1.0,0.03571428571428571
8,clab-nebula-serf142,25,7,26,5,21,2,0.19230769230769232,0.7142857142857143,0.17857142857142858
8,clab-nebula-serf142,30,14,75,13,62,1,0.17333333333333334,0.9285714285714286,0.17105263157894737
8,clab-nebula-serf142,35,30,161,30,131,0,0.18633540372670807,1.0,0.18633540372670807
8,clab-nebula-serf142,40,54,161,54,107,0,0.33540372670807456,1.0,0.33540372670807456
8,clab-nebula-serf142,45,59,161,59,102,0,0.36645962732919257,1.0,0.36645962732919257
8,clab-nebula-serf142,50,95,161,95,66,0,0.5900621118012422,1.0,0.5900621118012422
8,clab-nebula-serf142,55,126,161,126,35,0,0.782608695652174,1.0,0.782608695652174
8,clab-nebula-serf142,60,140,161,140,21,0,0.8695652173913043,1.0,0.8695652173913043
8,clab-nebula-serf96,5,4,7,4,3,0,0.5714285714285714,1.0,0.5714285714285714
8,clab-nebula-serf96,10,7,116,7,109,0,0.0603448275862069,1.0,0.0603448275862069
8,clab-nebula-serf96,15,7,116,7,109,0,0.0603448275862069,1.0,0.0603448275862069
8,clab-nebula-serf96,20,9,122,7,115,2,0.05737704918032787,0.7777777777777778,0.056451612903225805
8,clab-nebula-serf96,25,20,142,20,122,0,0.14084507042253522,1.0,0.14084507042253522
8,clab-nebula-serf96,30,41,159,41,118,0,0.2578616352201258,1.0,0.2578616352201258
8,clab-nebula-serf96,35,77,159,77,82,0,0.48427672955974843,1.0,0.48427672955974843
8,clab-nebula-serf96,40,121,159,121,38,0,0.7610062893081762,1.0,0.7610062893081762
8,clab-nebula-serf96,45,147,159,147,12,0,0.9245283018867925,1.0,0.9245283018867925
8,clab-nebula-serf96,50,153,159,153,6,0,0.9622641509433962,1.0,0.9622641509433962
8,clab-nebula-serf96,55,160,159,158,1,2,0.9937106918238994,0.9875,0.9813664596273292
8,clab-nebula-serf96,60,161,159,159,0,2,1.0,0.9875776397515528,0.9875776397515528
8,clab-nebula-serf116,5,0,0,0,0,0,0.0,0.0,0.0
8,clab-nebula-serf116,10,0,0,0,0,0,0.0,0.0,0.0
8,clab-nebula-serf116,15,0,0,0,0,0,0.0,0.0,0.0
8,clab-nebula-serf116,20,0,0,0,0,0,0.0,0.0,0.0
8,clab-nebula-serf116,25,0,0,0,0,0,0.0,0.0,0.0
8,clab-nebula-serf116,30,0,0,0,0,0,0.0,0.0,0.0
8,clab-nebula-serf116,35,1,1,1,0,0,1.0,1.0,1.0
8,clab-nebula-serf116,40,1,1,1,0,0,1.0,1.0,1.0
8,clab-nebula-serf116,45,6,151,6,145,0,0.039735099337748346,1.0,0.039735099337748346
8,clab-nebula-serf116,50,14,151,14,137,0,0.09271523178807947,1.0,0.09271523178807947
8,clab-nebula-serf116,55,40,151,38,113,2,0.25165562913907286,0.95,0.24836601307189543
8,clab-nebula-serf116,60,88,151,79,72,9,0.5231788079470199,0.8977272727272727,0.49375
8,clab-nebula-serf56,5,9,21,9,12,0,0.42857142857142855,1.0,0.42857142857142855
8,clab-nebula-serf56,10,24,100,23,77,1,0.23,0.9583333333333334,0.22772277227722773
8,clab-nebula-serf56,15,64,159,64,95,0,0.4025157232704403,1.0,0.4025157232704403
8,clab-nebula-serf56,20,83,159,83,76,0,0.5220125786163522,1.0,0.5220125786163522
8,clab-nebula-serf56,25,97,159,97,62,0,0.610062893081761,1.0,0.610062893081761
8,clab-nebula-serf56,30,118,159,118,41,0,0.7421383647798742,1.0,0.7421383647798742
8,clab-nebula-serf56,35,121,159,121,38,0,0.7610062893081762,1.0,0.7610062893081762
8,clab-nebula-serf56,40,125,159,125,34,0,0.7861635220125787,1.0,0.7861635220125787
8,clab-nebula-serf56,45,151,159,151,8,0,0.949685534591195,1.0,0.949685534591195
8,clab-nebula-serf56,50,154,159,154,5,0,0.9685534591194969,1.0,0.9685534591194969
8,clab-nebula-serf56,55,157,159,155,4,2,0.9748427672955975,0.9872611464968153,0.9627329192546584
8,clab-nebula-serf56,60,158,159,156,3,2,0.9811320754716981,0.9873417721518988,0.968944099378882
8,clab-nebula-serf59,5,5,10,5,5,0,0.5,1.0,0.5
8,clab-nebula-serf59,10,26,99,25,74,1,0.25252525252525254,0.9615384615384616,0.25
8,clab-nebula-serf59,15,63,159,63,96,0,0.39622641509433965,1.0,0.39622641509433965
8,clab-nebula-serf59,20,83,159,83,76,0,0.5220125786163522,1.0,0.5220125786163522
8,clab-nebula-serf59,25,99,159,99,60,0,0.6226415094339622,1.0,0.6226415094339622
8,clab-nebula-serf59,30,119,159,119,40,0,0.7484276729559748,1.0,0.7484276729559748
8,clab-nebula-serf59,35,124,159,124,35,0,0.779874213836478,1.0,0.779874213836478
8,clab-nebula-serf59,40,128,159,128,31,0,0.8050314465408805,1.0,0.8050314465408805
8,clab-nebula-serf59,45,153,159,153,6,0,0.9622641509433962,1.0,0.9622641509433962
8,clab-nebula-serf59,50,154,159,154,5,0,0.9685534591194969,1.0,0.9685534591194969
8,clab-nebula-serf59,55,157,159,155,4,2,0.9748427672955975,0.9872611464968153,0.9627329192546584
8,clab-nebula-serf59,60,161,159,159,0,2,1.0,0.9875776397515528,0.9875776397515528
8,clab-nebula-serf70,5,3,100,3,97,0,0.03,1.0,0.03
8,clab-nebula-serf70,10,19,159,19,140,0,0.11949685534591195,1.0,0.11949685534591195
8,clab-nebula-serf70,15,36,159,36,123,0,0.22641509433962265,1.0,0.22641509433962265
8,clab-nebula-serf70,20,66,159,66,93,0,0.41509433962264153,1.0,0.41509433962264153
8,clab-nebula-serf70,25,87,159,87,72,0,0.5471698113207547,1.0,0.5471698113207547
8,clab-nebula-serf70,30,110,159,110,49,0,0.6918238993710691,1.0,0.6918238993710691
8,clab-nebula-serf70,35,119,159,119,40,0,0.7484276729559748,1.0,0.7484276729559748
8,clab-nebula-serf70,40,124,159,124,35,0,0.779874213836478,1.0,0.779874213836478
8,clab-nebula-serf70,45,147,159,147,12,0,0.9245283018867925,1.0,0.9245283018867925
8,clab-nebula-serf70,50,154,159,154,5,0,0.9685534591194969,1.0,0.9685534591194969
8,clab-nebula-serf70,55,158,159,156,3,2,0.9811320754716981,0.9873417721518988,0.968944099378882
8,clab-nebula-serf70,60,161,159,159,0,2,1.0,0.9875776397515528,0.9875776397515528
8,clab-nebula-serf81,5,1,17,1,16,0,0.058823529411764705,1.0,0.058823529411764705
8,clab-nebula-serf81,10,22,159,22,137,0,0.13836477987421383,1.0,0.13836477987421383
8,clab-nebula-serf81,15,39,159,39,120,0,0.24528301886792453,1.0,0.24528301886792453
8,clab-nebula-serf81,20,68,159,68,91,0,0.4276729559748428,1.0,0.4276729559748428
8,clab-nebula-serf81,25,90,159,90,69,0,0.5660377358490566,1.0,0.5660377358490566
8,clab-nebula-serf81,30,114,159,114,45,0,0.7169811320754716,1.0,0.7169811320754716
8,clab-nebula-serf81,35,121,159,121,38,0,0.7610062893081762,1.0,0.7610062893081762
8,clab-nebula-serf81,40,130,159,130,29,0,0.8176100628930818,1.0,0.8176100628930818
8,clab-nebula-serf81,45,153,159,153,6,0,0.9622641509433962,1.0,0.9622641509433962
8,clab-nebula-serf81,50,154,159,154,5,0,0.9685534591194969,1.0,0.9685534591194969
8,clab-nebula-serf81,55,157,159,156,3,1,0.9811320754716981,0.9936305732484076,0.975
8,clab-nebula-serf81,60,161,159,159,0,2,1.0,0.9875776397515528,0.9875776397515528
8,clab-nebula-serf95,5,0,0,0,0,0,0.0,0.0,0.0
8,clab-nebula-serf95,10,10,72,10,62,0,0.1388888888888889,1.0,0.1388888888888889
8,clab-nebula-serf95,15,30,123,29,94,1,0.23577235772357724,0.9666666666666667,0.23387096774193547
8,clab-nebula-serf95,20,50,136,50,86,0,0.36764705882352944,1.0,0.36764705882352944
8,clab-nebula-serf95,25,80,151,80,71,0,0.5298013245033113,1.0,0.5298013245033113
8,clab-nebula-serf95,30,104,151,104,47,0,0.6887417218543046,1.0,0.6887417218543046
8,clab-nebula-serf95,35,119,151,119,32,0,0.7880794701986755,1.0,0.7880794701986755
8,clab-nebula-serf95,40,124,151,123,28,1,0.8145695364238411,0.9919354838709677,0.8092105263157895
8,clab-nebula-serf95,45,142,151,138,13,4,0.9139072847682119,0.971830985915493,0.8903225806451613
8,clab-nebula-serf95,50,154,151,144,7,10,0.9536423841059603,0.935064935064935,0.8944099378881988
8,clab-nebula-serf95,55,154,151,144,7,10,0.9536423841059603,0.935064935064935,0.8944099378881988
8,clab-nebula-serf95,60,159,151,149,2,10,0.9867549668874173,0.9371069182389937,0.9254658385093167
8,clab-nebula-serf114,5,1,1,1,0,0,1.0,1.0,1.0
8,clab-nebula-serf114,10,1,1,1,0,0,1.0,1.0,1.0
8,clab-nebula-serf114,15,2,161,2,159,0,0.012422360248447204,1.0,0.012422360248447204
8,clab-nebula-serf114,20,17,161,17,144,0,0.10559006211180125,1.0,0.10559006211180125
8,clab-nebula-serf114,25,25,161,25,136,0,0.15527950310559005,1.0,0.15527950310559005
8,clab-nebula-serf114,30,53,159,53,106,0,0.3333333333333333,1.0,0.3333333333333333
8,clab-nebula-serf114,35,92,159,92,67,0,0.5786163522012578,1.0,0.5786163522012578
8,clab-nebula-serf114,40,134,159,133,26,1,0.8364779874213837,0.9925373134328358,0.83125
8,clab-nebula-serf114,45,152,159,150,9,2,0.9433962264150944,0.9868421052631579,0.9316770186335404
8,clab-nebula-serf114,50,158,159,156,3,2,0.9811320754716981,0.9873417721518988,0.968944099378882
8,clab-nebula-serf114,55,161,159,159,0,2,1.0,0.9875776397515528,0.9875776397515528
8,clab-nebula-serf114,60,161,159,159,0,2,1.0,0.9875776397515528,0.9875776397515528
8,clab-nebula-serf9,5,1,11,0,11,1,0.0,0.0,0.0
8,clab-nebula-serf9,10,8,28,8,20,0,0.2857142857142857,1.0,0.2857142857142857
8,clab-nebula-serf9,15,17,101,17,84,0,0.16831683168316833,1.0,0.16831683168316833
8,clab-nebula-serf9,20,36,101,35,66,1,0.3465346534653465,0.9722222222222222,0.3431372549019608
8,clab-nebula-serf9,25,71,159,71,88,0,0.44654088050314467,1.0,0.44654088050314467
8,clab-nebula-serf9,30,87,159,87,72,0,0.5471698113207547,1.0,0.5471698113207547
8,clab-nebula-serf9,35,101,159,101,58,0,0.6352201257861635,1.0,0.6352201257861635
8,clab-nebula-serf9,40,116,159,116,43,0,0.7295597484276729,1.0,0.7295597484276729
8,clab-nebula-serf9,45,120,159,120,39,0,0.7547169811320755,1.0,0.7547169811320755
8,clab-nebula-serf9,50,125,159,125,34,0,0.7861635220125787,1.0,0.7861635220125787
8,clab-nebula-serf9,55,151,159,151,8,0,0.949685534591195,1.0,0.949685534591195
8,clab-nebula-serf9,60,154,159,154,5,0,0.9685534591194969,1.0,0.9685534591194969
8,clab-nebula-serf17,5,1,10,1,9,0,0.1,1.0,0.1
8,clab-nebula-serf17,10,12,62,12,50,0,0.1935483870967742,1.0,0.1935483870967742
8,clab-nebula-serf17,15,30,101,29,72,1,0.2871287128712871,0.9666666666666667,0.28431372549019607
8,clab-nebula-serf17,20,66,159,66,93,0,0.41509433962264153,1.0,0.41509433962264153
8,clab-nebula-serf17,25,85,159,85,74,0,0.5345911949685535,1.0,0.5345911949685535
8,clab-nebula-serf17,30,96,159,96,63,0,0.6037735849056604,1.0,0.6037735849056604
8,clab-nebula-serf17,35,116,159,116,43,0,0.7295597484276729,1.0,0.7295597484276729
8,clab-nebula-serf17,40,121,159,121,38,0,0.7610062893081762,1.0,0.7610062893081762
8,clab-nebula-serf17,45,124,159,124,35,0,0.779874213836478,1.0,0.779874213836478
8,clab-nebula-serf17,50,150,159,150,9,0,0.9433962264150944,1.0,0.9433962264150944
8,clab-nebula-serf17,55,154,159,154,5,0,0.9685534591194969,1.0,0.9685534591194969
8,clab-nebula-serf17,60,157,159,155,4,2,0.9748427672955975,0.9872611464968153,0.9627329192546584
8,clab-nebula-serf139,5,0,0,0,0,0,0.0,0.0,0.0
8,clab-nebula-serf139,10,0,0,0,0,0,0.0,0.0,0.0
8,clab-nebula-serf139,15,5,40,5,35,0,0.125,1.0,0.125
8,clab-nebula-serf139,20,14,40,14,26,0,0.35,1.0,0.35
8,clab-nebula-serf139,25,21,40,21,19,0,0.525,1.0,0.525
8,clab-nebula-serf139,30,31,161,31,130,0,0.19254658385093168,1.0,0.19254658385093168
8,clab-nebula-serf139,35,45,161,45,116,0,0.2795031055900621,1.0,0.2795031055900621
8,clab-nebula-serf139,40,65,161,65,96,0,0.40372670807453415,1.0,0.40372670807453415
8,clab-nebula-serf139,45,95,161,95,66,0,0.5900621118012422,1.0,0.5900621118012422
8,clab-nebula-serf139,50,121,161,121,40,0,0.7515527950310559,1.0,0.7515527950310559
8,clab-nebula-serf139,55,137,161,137,24,0,0.8509316770186336,1.0,0.8509316770186336
8,clab-nebula-serf139,60,149,161,149,12,0,0.9254658385093167,1.0,0.9254658385093167
8,clab-nebula-serf52,5,1,18,1,17,0,0.05555555555555555,1.0,0.05555555555555555
8,clab-nebula-serf52,10,12,23,12,11,0,0.5217391304347826,1.0,0.5217391304347826
8,clab-nebula-serf52,15,38,101,37,64,1,0.36633663366336633,0.9736842105263158,0.3627450980392157
8,clab-nebula-serf52,20,69,159,69,90,0,0.4339622641509434,1.0,0.4339622641509434
8,clab-nebula-serf52,25,88,159,88,71,0,0.5534591194968553,1.0,0.5534591194968553
8,clab-nebula-serf52,30,106,159,106,53,0,0.6666666666666666,1.0,0.6666666666666666
8,clab-nebula-serf52,35,119,159,119,40,0,0.7484276729559748,1.0,0.7484276729559748
8,clab-nebula-serf52,40,124,159,124,35,0,0.779874213836478,1.0,0.779874213836478
8,clab-nebula-serf52,45,134,159,134,25,0,0.8427672955974843,1.0,0.8427672955974843
8,clab-nebula-serf52,50,154,159,154,5,0,0.9685534591194969,1.0,0.9685534591194969
8,clab-nebula-serf52,55,154,159,154,5,0,0.9685534591194969,1.0,0.9685534591194969
8,clab-nebula-serf52,60,157,159,155,4,2,0.9748427672955975,0.9872611464968153,0.9627329192546584
8,clab-nebula-serf71,5,0,0,0,0,0,0.0,0.0,0.0
8,clab-nebula-serf71,10,15,159,15,144,0,0.09433962264150944,1.0,0.09433962264150944
8,clab-nebula-serf71,15,33,159,33,126,0,0.20754716981132076,1.0,0.20754716981132076
8,clab-nebula-serf71,20,57,161,57,104,0,0.35403726708074534,1.0,0.35403726708074534
8,clab-nebula-serf71,25,83,159,83,76,0,0.5220125786163522,1.0,0.5220125786163522
8,clab-nebula-serf71,30,107,159,107,52,0,0.6729559748427673,1.0,0.6729559748427673
8,clab-nebula-serf71,35,119,159,119,40,0,0.7484276729559748,1.0,0.7484276729559748
8,clab-nebula-serf71,40,124,159,124,35,0,0.779874213836478,1.0,0.779874213836478
8,clab-nebula-serf71,45,146,159,146,13,0,0.9182389937106918,1.0,0.9182389937106918
8,clab-nebula-serf71,50,154,159,154,5,0,0.9685534591194969,1.0,0.9685534591194969
8,clab-nebula-serf71,55,156,159,155,4,1,0.9748427672955975,0.9935897435897436,0.96875
8,clab-nebula-serf71,60,161,159,159,0,2,1.0,0.9875776397515528,0.9875776397515528
8,clab-nebula-serf26,5,3,157,3,154,0,0.01910828025477707,1.0,0.01910828025477707
8,clab-nebula-serf26,10,19,159,19,140,0,0.11949685534591195,1.0,0.11949685534591195
8,clab-nebula-serf26,15,31,159,31,128,0,0.1949685534591195,1.0,0.1949685534591195
8,clab-nebula-serf26,20,58,159,58,101,0,0.36477987421383645,1.0,0.36477987421383645
8,clab-nebula-serf26,25,87,159,87,72,0,0.5471698113207547,1.0,0.5471698113207547
8,clab-nebula-serf26,30,94,159,94,65,0,0.5911949685534591,1.0,0.5911949685534591
8,clab-nebula-serf26,35,108,159,108,51,0,0.6792452830188679,1.0,0.6792452830188679
8,clab-nebula-serf26,40,121,159,121,38,0,0.7610062893081762,1.0,0.7610062893081762
8,clab-nebula-serf26,45,124,159,124,35,0,0.779874213836478,1.0,0.779874213836478
8,clab-nebula-serf26,50,137,159,137,22,0,0.8616352201257862,1.0,0.8616352201257862
8,clab-nebula-serf26,55,154,159,154,5,0,0.9685534591194969,1.0,0.9685534591194969
8,clab-nebula-serf26,60,155,159,154,5,1,0.9685534591194969,0.9935483870967742,0.9625
8,clab-nebula-serf34,5,1,23,1,22,0,0.043478260869565216,1.0,0.043478260869565216
8,clab-nebula-serf34,10,9,159,9,150,0,0.05660377358490566,1.0,0.05660377358490566
8,clab-nebula-serf34,15,27,159,27,132,0,0.16981132075471697,1.0,0.16981132075471697
8,clab-nebula-serf34,20,67,159,67,92,0,0.42138364779874216,1.0,0.42138364779874216
8,clab-nebula-serf34,25,85,159,85,74,0,0.5345911949685535,1.0,0.5345911949685535
8,clab-nebula-serf34,30,95,159,95,64,0,0.5974842767295597,1.0,0.5974842767295597
8,clab-nebula-serf34,35,112,159,112,47,0,0.7044025157232704,1.0,0.7044025157232704
8,clab-nebula-serf34,40,121,159,121,38,0,0.7610062893081762,1.0,0.7610062893081762
8,clab-nebula-serf34,45,124,159,124,35,0,0.779874213836478,1.0,0.779874213836478
8,clab-nebula-serf34,50,149,159,149,10,0,0.9371069182389937,1.0,0.9371069182389937
8,clab-nebula-serf34,55,154,159,154,5,0,0.9685534591194969,1.0,0.9685534591194969
8,clab-nebula-serf34,60,156,159,155,4,1,0.9748427672955975,0.9935897435897436,0.96875
8,clab-nebula-serf126,5,0,0,0,0,0,0.0,0.0,0.0
8,clab-nebula-serf126,10,3,36,3,33,0,0.08333333333333333,1.0,0.08333333333333333
8,clab-nebula-serf126,15,15,161,15,146,0,0.09316770186335403,1.0,0.09316770186335403
8,clab-nebula-serf126,20,47,161,47,114,0,0.2919254658385093,1.0,0.2919254658385093
8,clab-nebula-serf126,25,59,161,59,102,0,0.36645962732919257,1.0,0.36645962732919257
8,clab-nebula-serf126,30,92,161,92,69,0,0.5714285714285714,1.0,0.5714285714285714
8,clab-nebula-serf126,35,121,161,121,40,0,0.7515527950310559,1.0,0.7515527950310559
8,clab-nebula-serf126,40,138,161,138,23,0,0.8571428571428571,1.0,0.8571428571428571
8,clab-nebula-serf126,45,146,151,136,15,10,0.9006622516556292,0.9315068493150684,0.84472049689441
8,clab-nebula-serf126,50,156,153,148,5,8,0.9673202614379085,0.9487179487179487,0.9192546583850931
8,clab-nebula-serf126,55,161,153,153,0,8,1.0,0.9503105590062112,0.9503105590062112
8,clab-nebula-serf126,60,161,153,153,0,8,1.0,0.9503105590062112,0.9503105590062112
8,clab-nebula-serf36,5,0,0,0,0,0,0.0,0.0,0.0
8,clab-nebula-serf36,10,2,159,2,157,0,0.012578616352201259,1.0,0.012578616352201259
8,clab-nebula-serf36,15,17,159,17,142,0,0.1069182389937107,1.0,0.1069182389937107
8,clab-nebula-serf36,20,53,159,53,106,0,0.3333333333333333,1.0,0.3333333333333333
8,clab-nebula-serf36,25,79,159,79,80,0,0.4968553459119497,1.0,0.4968553459119497
8,clab-nebula-serf36,30,92,159,92,67,0,0.5786163522012578,1.0,0.5786163522012578
8,clab-nebula-serf36,35,108,159,108,51,0,0.6792452830188679,1.0,0.6792452830188679
8,clab-nebula-serf36,40,121,159,121,38,0,0.7610062893081762,1.0,0.7610062893081762
8,clab-nebula-serf36,45,124,159,124,35,0,0.779874213836478,1.0,0.779874213836478
8,clab-nebula-serf36,50,137,159,137,22,0,0.8616352201257862,1.0,0.8616352201257862
8,clab-nebula-serf36,55,154,159,154,5,0,0.9685534591194969,1.0,0.9685534591194969
8,clab-nebula-serf36,60,154,159,154,5,0,0.9685534591194969,1.0,0.9685534591194969
8,clab-nebula-serf82,5,0,0,0,0,0,0.0,0.0,0.0
8,clab-nebula-serf82,10,0,0,0,0,0,0.0,0.0,0.0
8,clab-nebula-serf82,15,0,0,0,0,0,0.0,0.0,0.0
8,clab-nebula-serf82,20,0,0,0,0,0,0.0,0.0,0.0
8,clab-nebula-serf82,25,0,0,0,0,0,0.0,0.0,0.0
8,clab-nebula-serf82,30,0,0,0,0,0,0.0,0.0,0.0
8,clab-nebula-serf82,35,16,126,14,112,2,0.1111111111111111,0.875,0.109375
8,clab-nebula-serf82,40,61,161,61,100,0,0.37888198757763975,1.0,0.37888198757763975
8,clab-nebula-serf82,45,94,161,94,67,0,0.5838509316770186,1.0,0.5838509316770186
8,clab-nebula-serf82,50,111,159,111,48,0,0.6981132075471698,1.0,0.6981132075471698
8,clab-nebula-serf82,55,121,159,121,38,0,0.7610062893081762,1.0,0.7610062893081762
8,clab-nebula-serf82,60,148,159,148,11,0,0.9308176100628931,1.0,0.9308176100628931
8,clab-nebula-serf85,5,0,0,0,0,0,0.0,0.0,0.0
8,clab-nebula-serf85,10,4,8,3,5,1,0.375,0.75,0.3333333333333333
8,clab-nebula-serf85,15,19,135,19,116,0,0.14074074074074075,1.0,0.14074074074074075
8,clab-nebula-serf85,20,35,135,35,100,0,0.25925925925925924,1.0,0.25925925925925924
8,clab-nebula-serf85,25,57,138,56,82,1,0.4057971014492754,0.9824561403508771,0.4028776978417266
8,clab-nebula-serf85,30,82,151,82,69,0,0.543046357615894,1.0,0.543046357615894
8,clab-nebula-serf85,35,111,151,111,40,0,0.7350993377483444,1.0,0.7350993377483444
8,clab-nebula-serf85,40,119,151,119,32,0,0.7880794701986755,1.0,0.7880794701986755
8,clab-nebula-serf85,45,134,151,133,18,1,0.8807947019867549,0.9925373134328358,0.875
8,clab-nebula-serf85,50,149,151,142,9,7,0.9403973509933775,0.9530201342281879,0.8987341772151899
8,clab-nebula-serf85,55,154,151,144,7,10,0.9536423841059603,0.935064935064935,0.8944099378881988
8,clab-nebula-serf85,60,157,151,147,4,10,0.9735099337748344,0.9363057324840764,0.9130434782608695
8,clab-nebula-serf97,5,5,6,5,1,0,0.8333333333333334,1.0,0.8333333333333334
8,clab-nebula-serf97,10,7,7,7,0,0,1.0,1.0,1.0
8,clab-nebula-serf97,15,7,7,7,0,0,1.0,1.0,1.0
8,clab-nebula-serf97,20,9,124,7,117,2,0.056451612903225805,0.7777777777777778,0.05555555555555555
8,clab-nebula-serf97,25,17,139,17,122,0,0.1223021582733813,1.0,0.1223021582733813
8,clab-nebula-serf97,30,41,159,41,118,0,0.2578616352201258,1.0,0.2578616352201258
8,clab-nebula-serf97,35,80,159,80,79,0,0.5031446540880503,1.0,0.5031446540880503
8,clab-nebula-serf97,40,126,159,126,33,0,0.7924528301886793,1.0,0.7924528301886793
8,clab-nebula-serf97,45,149,159,149,10,0,0.9371069182389937,1.0,0.9371069182389937
8,clab-nebula-serf97,50,159,159,158,1,1,0.9937106918238994,0.9937106918238994,0.9875
8,clab-nebula-serf97,55,161,159,159,0,2,1.0,0.9875776397515528,0.9875776397515528
8,clab-nebula-serf97,60,161,159,159,0,2,1.0,0.9875776397515528,0.9875776397515528
8,clab-nebula-serf99,5,6,7,6,1,0,0.8571428571428571,1.0,0.8571428571428571
8,clab-nebula-serf99,10,7,116,7,109,0,0.0603448275862069,1.0,0.0603448275862069
8,clab-nebula-serf99,15,7,116,7,109,0,0.0603448275862069,1.0,0.0603448275862069
8,clab-nebula-serf99,20,11,140,11,129,0,0.07857142857142857,1.0,0.07857142857142857
8,clab-nebula-serf99,25,24,161,24,137,0,0.14906832298136646,1.0,0.14906832298136646
8,clab-nebula-serf99,30,52,159,52,107,0,0.3270440251572327,1.0,0.3270440251572327
8,clab-nebula-serf99,35,82,159,82,77,0,0.5157232704402516,1.0,0.5157232704402516
8,clab-nebula-serf99,40,137,159,137,22,0,0.8616352201257862,1.0,0.8616352201257862
8,clab-nebula-serf99,45,148,159,148,11,0,0.9308176100628931,1.0,0.9308176100628931
8,clab-nebula-serf99,50,159,159,158,1,1,0.9937106918238994,0.9937106918238994,0.9875
8,clab-nebula-serf99,55,160,159,158,1,2,0.9937106918238994,0.9875,0.9813664596273292
8,clab-nebula-serf99,60,161,159,159,0,2,1.0,0.9875776397515528,0.9875776397515528
8,clab-nebula-serf124,5,0,0,0,0,0,0.0,0.0,0.0
8,clab-nebula-serf124,10,3,75,3,72,0,0.04,1.0,0.04
8,clab-nebula-serf124,15,8,81,8,73,0,0.09876543209876543,1.0,0.09876543209876543
8,clab-nebula-serf124,20,15,161,15,146,0,0.09316770186335403,1.0,0.09316770186335403
8,clab-nebula-serf124,25,29,161,29,132,0,0.18012422360248448,1.0,0.18012422360248448
8,clab-nebula-serf124,30,81,151,71,80,10,0.47019867549668876,0.8765432098765432,0.4409937888198758
8,clab-nebula-serf124,35,114,151,104,47,10,0.6887417218543046,0.9122807017543859,0.6459627329192547
8,clab-nebula-serf124,40,133,151,123,28,10,0.8145695364238411,0.924812030075188,0.7639751552795031
8,clab-nebula-serf124,45,145,151,135,16,10,0.8940397350993378,0.9310344827586207,0.8385093167701864
8,clab-nebula-serf124,50,156,151,146,5,10,0.9668874172185431,0.9358974358974359,0.906832298136646
8,clab-nebula-serf124,55,161,151,151,0,10,1.0,0.937888198757764,0.937888198757764
8,clab-nebula-serf124,60,161,151,151,0,10,1.0,0.937888198757764,0.937888198757764
8,clab-nebula-serf157,5,4,11,4,7,0,0.36363636363636365,1.0,0.36363636363636365
8,clab-nebula-serf157,10,4,11,4,7,0,0.36363636363636365,1.0,0.36363636363636365
8,clab-nebula-serf157,15,5,10,4,6,1,0.4,0.8,0.36363636363636365
8,clab-nebula-serf157,20,9,23,9,14,0,0.391304347826087,1.0,0.391304347826087
8,clab-nebula-serf157,25,16,161,16,145,0,0.09937888198757763,1.0,0.09937888198757763
8,clab-nebula-serf157,30,35,161,35,126,0,0.21739130434782608,1.0,0.21739130434782608
8,clab-nebula-serf157,35,40,161,40,121,0,0.2484472049689441,1.0,0.2484472049689441
8,clab-nebula-serf157,40,54,161,54,107,0,0.33540372670807456,1.0,0.33540372670807456
8,clab-nebula-serf157,45,70,161,70,91,0,0.43478260869565216,1.0,0.43478260869565216
8,clab-nebula-serf157,50,109,161,109,52,0,0.6770186335403726,1.0,0.6770186335403726
8,clab-nebula-serf157,55,136,153,128,25,8,0.8366013071895425,0.9411764705882353,0.7950310559006211
8,clab-nebula-serf157,60,148,153,140,13,8,0.9150326797385621,0.9459459459459459,0.8695652173913043
8,clab-nebula-serf159,5,4,11,4,7,0,0.36363636363636365,1.0,0.36363636363636365
8,clab-nebula-serf159,10,4,11,4,7,0,0.36363636363636365,1.0,0.36363636363636365
8,clab-nebula-serf159,15,5,10,4,6,1,0.4,0.8,0.36363636363636365
8,clab-nebula-serf159,20,9,23,9,14,0,0.391304347826087,1.0,0.391304347826087
8,clab-nebula-serf159,25,16,161,16,145,0,0.09937888198757763,1.0,0.09937888198757763
8,clab-nebula-serf159,30,35,161,35,126,0,0.21739130434782608,1.0,0.21739130434782608
8,clab-nebula-serf159,35,40,161,40,121,0,0.2484472049689441,1.0,0.2484472049689441
8,clab-nebula-serf159,40,54,161,54,107,0,0.33540372670807456,1.0,0.33540372670807456
8,clab-nebula-serf159,45,70,161,70,91,0,0.43478260869565216,1.0,0.43478260869565216
8,clab-nebula-serf159,50,108,161,108,53,0,0.6708074534161491,1.0,0.6708074534161491
8,clab-nebula-serf159,55,136,153,128,25,8,0.8366013071895425,0.9411764705882353,0.7950310559006211
8,clab-nebula-serf159,60,148,153,140,13,8,0.9150326797385621,0.9459459459459459,0.8695652173913043
8,clab-nebula-serf1,5,0,0,0,0,0,0.0,0.0,0.0
8,clab-nebula-serf1,10,6,12,6,6,0,0.5,1.0,0.5
8,clab-nebula-serf1,15,12,12,11,1,1,0.9166666666666666,0.9166666666666666,0.8461538461538461
8,clab-nebula-serf1,20,19,41,19,22,0,0.4634146341463415,1.0,0.4634146341463415
8,clab-nebula-serf1,25,37,72,34,38,3,0.4722222222222222,0.918918918918919,0.4533333333333333
8,clab-nebula-serf1,30,74,159,74,85,0,0.46540880503144655,1.0,0.46540880503144655
8,clab-nebula-serf1,35,91,159,91,68,0,0.5723270440251572,1.0,0.5723270440251572
8,clab-nebula-serf1,40,107,159,107,52,0,0.6729559748427673,1.0,0.6729559748427673
8,clab-nebula-serf1,45,117,159,117,42,0,0.7358490566037735,1.0,0.7358490566037735
8,clab-nebula-serf1,50,121,159,121,38,0,0.7610062893081762,1.0,0.7610062893081762
8,clab-nebula-serf1,55,133,159,133,26,0,0.8364779874213837,1.0,0.8364779874213837
8,clab-nebula-serf1,60,153,159,151,8,2,0.949685534591195,0.9869281045751634,0.937888198757764
8,clab-nebula-serf33,5,3,19,1,18,2,0.05263157894736842,0.3333333333333333,0.047619047619047616
8,clab-nebula-serf33,10,20,159,20,139,0,0.12578616352201258,1.0,0.12578616352201258
8,clab-nebula-serf33,15,53,159,53,106,0,0.3333333333333333,1.0,0.3333333333333333
8,clab-nebula-serf33,20,78,159,78,81,0,0.49056603773584906,1.0,0.49056603773584906
8,clab-nebula-serf33,25,90,159,90,69,0,0.5660377358490566,1.0,0.5660377358490566
8,clab-nebula-serf33,30,105,159,105,54,0,0.660377358490566,1.0,0.660377358490566
8,clab-nebula-serf33,35,119,159,119,40,0,0.7484276729559748,1.0,0.7484276729559748
8,clab-nebula-serf33,40,124,159,124,35,0,0.779874213836478,1.0,0.779874213836478
8,clab-nebula-serf33,45,128,159,128,31,0,0.8050314465408805,1.0,0.8050314465408805
8,clab-nebula-serf33,50,154,159,154,5,0,0.9685534591194969,1.0,0.9685534591194969
8,clab-nebula-serf33,55,154,159,154,5,0,0.9685534591194969,1.0,0.9685534591194969
8,clab-nebula-serf33,60,157,159,155,4,2,0.9748427672955975,0.9872611464968153,0.9627329192546584
8,clab-nebula-serf123,5,0,0,0,0,0,0.0,0.0,0.0
8,clab-nebula-serf123,10,2,161,2,159,0,0.012422360248447204,1.0,0.012422360248447204
8,clab-nebula-serf123,15,11,161,11,150,0,0.06832298136645963,1.0,0.06832298136645963
8,clab-nebula-serf123,20,16,161,16,145,0,0.09937888198757763,1.0,0.09937888198757763
8,clab-nebula-serf123,25,42,161,42,119,0,0.2608695652173913,1.0,0.2608695652173913
8,clab-nebula-serf123,30,89,161,89,72,0,0.5527950310559007,1.0,0.5527950310559007
8,clab-nebula-serf123,35,128,161,128,33,0,0.7950310559006211,1.0,0.7950310559006211
8,clab-nebula-serf123,40,143,161,143,18,0,0.8881987577639752,1.0,0.8881987577639752
8,clab-nebula-serf123,45,152,161,152,9,0,0.9440993788819876,1.0,0.9440993788819876
8,clab-nebula-serf123,50,158,161,158,3,0,0.9813664596273292,1.0,0.9813664596273292
8,clab-nebula-serf123,55,161,161,161,0,0,1.0,1.0,1.0
8,clab-nebula-serf123,60,161,161,161,0,0,1.0,1.0,1.0
8,clab-nebula-serf135,5,0,0,0,0,0,0.0,0.0,0.0
8,clab-nebula-serf135,10,0,0,0,0,0,0.0,0.0,0.0
8,clab-nebula-serf135,15,1,34,1,33,0,0.029411764705882353,1.0,0.029411764705882353
8,clab-nebula-serf135,20,14,40,14,26,0,0.35,1.0,0.35
8,clab-nebula-serf135,25,15,40,15,25,0,0.375,1.0,0.375
8,clab-nebula-serf135,30,25,40,24,16,1,0.6,0.96,0.5853658536585366
8,clab-nebula-serf135,35,42,161,42,119,0,0.2608695652173913,1.0,0.2608695652173913
8,clab-nebula-serf135,40,54,161,54,107,0,0.33540372670807456,1.0,0.33540372670807456
8,clab-nebula-serf135,45,91,151,81,70,10,0.5364238410596026,0.8901098901098901,0.5031055900621118
8,clab-nebula-serf135,50,112,151,102,49,10,0.6754966887417219,0.9107142857142857,0.6335403726708074
8,clab-nebula-serf135,55,137,151,127,24,10,0.8410596026490066,0.927007299270073,0.7888198757763976
8,clab-nebula-serf135,60,146,151,136,15,10,0.9006622516556292,0.9315068493150684,0.84472049689441
8,clab-nebula-serf13,5,0,0,0,0,0,0.0,0.0,0.0
8,clab-nebula-serf13,10,7,62,7,55,0,0.11290322580645161,1.0,0.11290322580645161
8,clab-nebula-serf13,15,24,62,24,38,0,0.3870967741935484,1.0,0.3870967741935484
8,clab-nebula-serf13,20,50,159,50,109,0,0.31446540880503143,1.0,0.31446540880503143
8,clab-nebula-serf13,25,76,159,76,83,0,0.4779874213836478,1.0,0.4779874213836478
8,clab-nebula-serf13,30,92,159,92,67,0,0.5786163522012578,1.0,0.5786163522012578
8,clab-nebula-serf13,35,110,159,110,49,0,0.6918238993710691,1.0,0.6918238993710691
8,clab-nebula-serf13,40,120,159,120,39,0,0.7547169811320755,1.0,0.7547169811320755
8,clab-nebula-serf13,45,124,159,124,35,0,0.779874213836478,1.0,0.779874213836478
8,clab-nebula-serf13,50,144,159,144,15,0,0.9056603773584906,1.0,0.9056603773584906
8,clab-nebula-serf13,55,154,159,154,5,0,0.9685534591194969,1.0,0.9685534591194969
8,clab-nebula-serf13,60,157,159,155,4,2,0.9748427672955975,0.9872611464968153,0.9627329192546584
8,clab-nebula-serf47,5,4,10,3,7,1,0.3,0.75,0.2727272727272727
8,clab-nebula-serf47,10,12,44,12,32,0,0.2727272727272727,1.0,0.2727272727272727
8,clab-nebula-serf47,15,25,44,24,20,1,0.5454545454545454,0.96,0.5333333333333333
8,clab-nebula-serf47,20,51,88,47,41,4,0.5340909090909091,0.9215686274509803,0.5108695652173914
8,clab-nebula-serf47,25,82,159,82,77,0,0.5157232704402516,1.0,0.5157232704402516
8,clab-nebula-serf47,30,100,159,100,59,0,0.6289308176100629,1.0,0.6289308176100629
8,clab-nebula-serf47,35,120,159,120,39,0,0.7547169811320755,1.0,0.7547169811320755
8,clab-nebula-serf47,40,124,159,124,35,0,0.779874213836478,1.0,0.779874213836478
8,clab-nebula-serf47,45,126,159,126,33,0,0.7924528301886793,1.0,0.7924528301886793
8,clab-nebula-serf47,50,154,159,154,5,0,0.9685534591194969,1.0,0.9685534591194969
8,clab-nebula-serf47,55,154,159,154,5,0,0.9685534591194969,1.0,0.9685534591194969
8,clab-nebula-serf47,60,156,159,155,4,1,0.9748427672955975,0.9935897435897436,0.96875
8,clab-nebula-serf84,5,0,0,0,0,0,0.0,0.0,0.0
8,clab-nebula-serf84,10,0,0,0,0,0,0.0,0.0,0.0
8,clab-nebula-serf84,15,4,9,3,6,1,0.3333333333333333,0.75,0.3
8,clab-nebula-serf84,20,18,133,18,115,0,0.13533834586466165,1.0,0.13533834586466165
8,clab-nebula-serf84,25,35,136,35,101,0,0.25735294117647056,1.0,0.25735294117647056
8,clab-nebula-serf84,30,57,138,56,82,1,0.4057971014492754,0.9824561403508771,0.4028776978417266
8,clab-nebula-serf84,35,81,151,81,70,0,0.5364238410596026,1.0,0.5364238410596026
8,clab-nebula-serf84,40,110,151,110,41,0,0.7284768211920529,1.0,0.7284768211920529
8,clab-nebula-serf84,45,119,151,119,32,0,0.7880794701986755,1.0,0.7880794701986755
8,clab-nebula-serf84,50,128,151,127,24,1,0.8410596026490066,0.9921875,0.8355263157894737
8,clab-nebula-serf84,55,142,151,138,13,4,0.9139072847682119,0.971830985915493,0.8903225806451613
8,clab-nebula-serf84,60,154,151,144,7,10,0.9536423841059603,0.935064935064935,0.8944099378881988
8,clab-nebula-serf92,5,0,0,0,0,0,0.0,0.0,0.0
8,clab-nebula-serf92,10,9,79,9,70,0,0.11392405063291139,1.0,0.11392405063291139
8,clab-nebula-serf92,15,30,159,30,129,0,0.18867924528301888,1.0,0.18867924528301888
8,clab-nebula-serf92,20,47,159,47,112,0,0.29559748427672955,1.0,0.29559748427672955
8,clab-nebula-serf92,25,77,159,77,82,0,0.48427672955974843,1.0,0.48427672955974843
8,clab-nebula-serf92,30,103,159,103,56,0,0.6477987421383647,1.0,0.6477987421383647
8,clab-nebula-serf92,35,118,159,118,41,0,0.7421383647798742,1.0,0.7421383647798742
8,clab-nebula-serf92,40,123,159,123,36,0,0.7735849056603774,1.0,0.7735849056603774
8,clab-nebula-serf92,45,137,159,137,22,0,0.8616352201257862,1.0,0.8616352201257862
8,clab-nebula-serf92,50,154,159,154,5,0,0.9685534591194969,1.0,0.9685534591194969
8,clab-nebula-serf92,55,154,159,154,5,0,0.9685534591194969,1.0,0.9685534591194969
8,clab-nebula-serf92,60,158,159,156,3,2,0.9811320754716981,0.9873417721518988,0.968944099378882
8,clab-nebula-serf106,5,0,0,0,0,0,0.0,0.0,0.0
8,clab-nebula-serf106,10,2,31,1,30,1,0.03225806451612903,0.5,0.03125
8,clab-nebula-serf106,15,4,31,2,29,2,0.06451612903225806,0.5,0.06060606060606061
8,clab-nebula-serf106,20,8,58,8,50,0,0.13793103448275862,1.0,0.13793103448275862
8,clab-nebula-serf106,25,27,161,27,134,0,0.16770186335403728,1.0,0.16770186335403728
8,clab-nebula-serf106,30,55,161,55,106,0,0.3416149068322981,1.0,0.3416149068322981
8,clab-nebula-serf106,35,86,161,86,75,0,0.5341614906832298,1.0,0.5341614906832298
8,clab-nebula-serf106,40,130,159,130,29,0,0.8176100628930818,1.0,0.8176100628930818
8,clab-nebula-serf106,45,145,159,145,14,0,0.9119496855345912,1.0,0.9119496855345912
8,clab-nebula-serf106,50,153,160,153,7,0,0.95625,1.0,0.95625
8,clab-nebula-serf106,55,155,160,154,6,1,0.9625,0.9935483870967742,0.9565217391304348
8,clab-nebula-serf106,60,161,160,160,0,1,1.0,0.9937888198757764,0.9937888198757764
8,clab-nebula-serf108,5,0,0,0,0,0,0.0,0.0,0.0
8,clab-nebula-serf108,10,2,40,2,38,0,0.05,1.0,0.05
8,clab-nebula-serf108,15,7,68,7,61,0,0.10294117647058823,1.0,0.10294117647058823
8,clab-nebula-serf108,20,16,68,16,52,0,0.23529411764705882,1.0,0.23529411764705882
8,clab-nebula-serf108,25,46,161,46,115,0,0.2857142857142857,1.0,0.2857142857142857
8,clab-nebula-serf108,30,73,151,72,79,1,0.4768211920529801,0.9863013698630136,0.47368421052631576
8,clab-nebula-serf108,35,122,151,114,37,8,0.7549668874172185,0.9344262295081968,0.7169811320754716
8,clab-nebula-serf108,40,144,151,134,17,10,0.8874172185430463,0.9305555555555556,0.8322981366459627
8,clab-nebula-serf108,45,149,151,139,12,10,0.9205298013245033,0.9328859060402684,0.8633540372670807
8,clab-nebula-serf108,50,155,151,145,6,10,0.9602649006622517,0.9354838709677419,0.9006211180124224
8,clab-nebula-serf108,55,158,151,148,3,10,0.9801324503311258,0.9367088607594937,0.9192546583850931
8,clab-nebula-serf108,60,161,151,151,0,10,1.0,0.937888198757764,0.937888198757764
8,clab-nebula-serf119,5,2,2,2,0,0,1.0,1.0,1.0
8,clab-nebula-serf119,10,2,2,2,0,0,1.0,1.0,1.0
8,clab-nebula-serf119,15,2,2,2,0,0,1.0,1.0,1.0
8,clab-nebula-serf119,20,2,2,2,0,0,1.0,1.0,1.0
8,clab-nebula-serf119,25,3,13,3,10,0,0.23076923076923078,1.0,0.23076923076923078
8,clab-nebula-serf119,30,3,13,3,10,0,0.23076923076923078,1.0,0.23076923076923078
8,clab-nebula-serf119,35,3,13,3,10,0,0.23076923076923078,1.0,0.23076923076923078
8,clab-nebula-serf119,40,4,13,3,10,1,0.23076923076923078,0.75,0.21428571428571427
8,clab-nebula-serf119,45,5,88,5,83,0,0.056818181818181816,1.0,0.056818181818181816
8,clab-nebula-serf119,50,17,153,17,136,0,0.1111111111111111,1.0,0.1111111111111111
8,clab-nebula-serf119,55,27,153,27,126,0,0.17647058823529413,1.0,0.17647058823529413
8,clab-nebula-serf119,60,53,151,53,98,0,0.3509933774834437,1.0,0.3509933774834437
8,clab-nebula-serf125,5,0,0,0,0,0,0.0,0.0,0.0
8,clab-nebula-serf125,10,3,36,3,33,0,0.08333333333333333,1.0,0.08333333333333333
8,clab-nebula-serf125,15,12,161,12,149,0,0.07453416149068323,1.0,0.07453416149068323
8,clab-nebula-serf125,20,45,161,45,116,0,0.2795031055900621,1.0,0.2795031055900621
8,clab-nebula-serf125,25,58,161,58,103,0,0.36024844720496896,1.0,0.36024844720496896
8,clab-nebula-serf125,30,84,161,84,77,0,0.5217391304347826,1.0,0.5217391304347826
8,clab-nebula-serf125,35,112,161,112,49,0,0.6956521739130435,1.0,0.6956521739130435
8,clab-nebula-serf125,40,137,161,137,24,0,0.8509316770186336,1.0,0.8509316770186336
8,clab-nebula-serf125,45,146,151,136,15,10,0.9006622516556292,0.9315068493150684,0.84472049689441
8,clab-nebula-serf125,50,155,153,147,6,8,0.9607843137254902,0.9483870967741935,0.9130434782608695
8,clab-nebula-serf125,55,161,153,153,0,8,1.0,0.9503105590062112,0.9503105590062112
8,clab-nebula-serf125,60,161,153,153,0,8,1.0,0.9503105590062112,0.9503105590062112
8,clab-nebula-serf54,5,1,9,1,8,0,0.1111111111111111,1.0,0.1111111111111111
8,clab-nebula-serf54,10,11,21,11,10,0,0.5238095238095238,1.0,0.5238095238095238
8,clab-nebula-serf54,15,35,101,34,67,1,0.33663366336633666,0.9714285714285714,0.3333333333333333
8,clab-nebula-serf54,20,66,159,66,93,0,0.41509433962264153,1.0,0.41509433962264153
8,clab-nebula-serf54,25,83,159,83,76,0,0.5220125786163522,1.0,0.5220125786163522
8,clab-nebula-serf54,30,99,159,99,60,0,0.6226415094339622,1.0,0.6226415094339622
8,clab-nebula-serf54,35,119,159,119,40,0,0.7484276729559748,1.0,0.7484276729559748
8,clab-nebula-serf54,40,122,159,122,37,0,0.7672955974842768,1.0,0.7672955974842768
8,clab-nebula-serf54,45,126,159,126,33,0,0.7924528301886793,1.0,0.7924528301886793
8,clab-nebula-serf54,50,153,159,153,6,0,0.9622641509433962,1.0,0.9622641509433962
8,clab-nebula-serf54,55,154,159,154,5,0,0.9685534591194969,1.0,0.9685534591194969
8,clab-nebula-serf54,60,157,159,155,4,2,0.9748427672955975,0.9872611464968153,0.9627329192546584
8,clab-nebula-serf57,5,4,21,4,17,0,0.19047619047619047,1.0,0.19047619047619047
8,clab-nebula-serf57,10,13,99,12,87,1,0.12121212121212122,0.9230769230769231,0.12
8,clab-nebula-serf57,15,57,159,57,102,0,0.3584905660377358,1.0,0.3584905660377358
8,clab-nebula-serf57,20,76,159,76,83,0,0.4779874213836478,1.0,0.4779874213836478
8,clab-nebula-serf57,25,90,159,90,69,0,0.5660377358490566,1.0,0.5660377358490566
8,clab-nebula-serf57,30,113,159,113,46,0,0.710691823899371,1.0,0.710691823899371
8,clab-nebula-serf57,35,121,159,121,38,0,0.7610062893081762,1.0,0.7610062893081762
8,clab-nebula-serf57,40,124,159,124,35,0,0.779874213836478,1.0,0.779874213836478
8,clab-nebula-serf57,45,144,159,144,15,0,0.9056603773584906,1.0,0.9056603773584906
8,clab-nebula-serf57,50,154,159,154,5,0,0.9685534591194969,1.0,0.9685534591194969
8,clab-nebula-serf57,55,155,159,154,5,1,0.9685534591194969,0.9935483870967742,0.9625
8,clab-nebula-serf57,60,158,159,156,3,2,0.9811320754716981,0.9873417721518988,0.968944099378882
8,clab-nebula-serf24,5,0,0,0,0,0,0.0,0.0,0.0
8,clab-nebula-serf24,10,2,16,2,14,0,0.125,1.0,0.125
8,clab-nebula-serf24,15,5,16,5,11,0,0.3125,1.0,0.3125
8,clab-nebula-serf24,20,17,159,17,142,0,0.1069182389937107,1.0,0.1069182389937107
8,clab-nebula-serf24,25,29,159,29,130,0,0.18238993710691823,1.0,0.18238993710691823
8,clab-nebula-serf24,30,48,159,48,111,0,0.3018867924528302,1.0,0.3018867924528302
8,clab-nebula-serf24,35,83,159,83,76,0,0.5220125786163522,1.0,0.5220125786163522
8,clab-nebula-serf24,40,93,159,93,66,0,0.5849056603773585,1.0,0.5849056603773585
8,clab-nebula-serf24,45,103,159,103,56,0,0.6477987421383647,1.0,0.6477987421383647
8,clab-nebula-serf24,50,120,159,120,39,0,0.7547169811320755,1.0,0.7547169811320755
8,clab-nebula-serf24,55,124,159,124,35,0,0.779874213836478,1.0,0.779874213836478
8,clab-nebula-serf24,60,129,159,129,30,0,0.8113207547169812,1.0,0.8113207547169812
8,clab-nebula-serf42,5,0,0,0,0,0,0.0,0.0,0.0
8,clab-nebula-serf42,10,0,0,0,0,0,0.0,0.0,0.0
8,clab-nebula-serf42,15,2,159,2,157,0,0.012578616352201259,1.0,0.012578616352201259
8,clab-nebula-serf42,20,15,159,15,144,0,0.09433962264150944,1.0,0.09433962264150944
8,clab-nebula-serf42,25,38,159,38,121,0,0.2389937106918239,1.0,0.2389937106918239
8,clab-nebula-serf42,30,71,159,71,88,0,0.44654088050314467,1.0,0.44654088050314467
8,clab-nebula-serf42,35,88,159,88,71,0,0.5534591194968553,1.0,0.5534591194968553
8,clab-nebula-serf42,40,101,159,101,58,0,0.6352201257861635,1.0,0.6352201257861635
8,clab-nebula-serf42,45,117,159,117,42,0,0.7358490566037735,1.0,0.7358490566037735
8,clab-nebula-serf42,50,123,159,123,36,0,0.7735849056603774,1.0,0.7735849056603774
8,clab-nebula-serf42,55,127,159,127,32,0,0.7987421383647799,1.0,0.7987421383647799
8,clab-nebula-serf42,60,153,159,153,6,0,0.9622641509433962,1.0,0.9622641509433962
8,clab-nebula-serf48,5,0,0,0,0,0,0.0,0.0,0.0
8,clab-nebula-serf48,10,5,44,5,39,0,0.11363636363636363,1.0,0.11363636363636363
8,clab-nebula-serf48,15,21,47,20,27,1,0.425531914893617,0.9523809523809523,0.4166666666666667
8,clab-nebula-serf48,20,37,47,34,13,3,0.723404255319149,0.918918918918919,0.68
8,clab-nebula-serf48,25,79,159,79,80,0,0.4968553459119497,1.0,0.4968553459119497
8,clab-nebula-serf48,30,88,159,88,71,0,0.5534591194968553,1.0,0.5534591194968553
8,clab-nebula-serf48,35,114,159,114,45,0,0.7169811320754716,1.0,0.7169811320754716
8,clab-nebula-serf48,40,121,159,121,38,0,0.7610062893081762,1.0,0.7610062893081762
8,clab-nebula-serf48,45,124,159,124,35,0,0.779874213836478,1.0,0.779874213836478
8,clab-nebula-serf48,50,141,159,141,18,0,0.8867924528301887,1.0,0.8867924528301887
8,clab-nebula-serf48,55,154,159,154,5,0,0.9685534591194969,1.0,0.9685534591194969
8,clab-nebula-serf48,60,155,159,155,4,0,0.9748427672955975,1.0,0.9748427672955975
8,clab-nebula-serf2,5,0,0,0,0,0,0.0,0.0,0.0
8,clab-nebula-serf2,10,1,12,1,11,0,0.08333333333333333,1.0,0.08333333333333333
8,clab-nebula-serf2,15,5,12,5,7,0,0.4166666666666667,1.0,0.4166666666666667
8,clab-nebula-serf2,20,10,12,10,2,0,0.8333333333333334,1.0,0.8333333333333334
8,clab-nebula-serf2,25,19,41,19,22,0,0.4634146341463415,1.0,0.4634146341463415
8,clab-nebula-serf2,30,32,41,28,13,4,0.6829268292682927,0.875,0.6222222222222222
8,clab-nebula-serf2,35,67,159,67,92,0,0.42138364779874216,1.0,0.42138364779874216
8,clab-nebula-serf2,40,84,159,84,75,0,0.5283018867924528,1.0,0.5283018867924528
8,clab-nebula-serf2,45,99,159,99,60,0,0.6226415094339622,1.0,0.6226415094339622
8,clab-nebula-serf2,50,114,159,114,45,0,0.7169811320754716,1.0,0.7169811320754716
8,clab-nebula-serf2,55,120,159,120,39,0,0.7547169811320755,1.0,0.7547169811320755
8,clab-nebula-serf2,60,124,159,124,35,0,0.779874213836478,1.0,0.779874213836478
8,clab-nebula-serf21,5,2,47,2,45,0,0.0425531914893617,1.0,0.0425531914893617
8,clab-nebula-serf21,10,4,47,4,43,0,0.0851063829787234,1.0,0.0851063829787234
8,clab-nebula-serf21,15,16,159,16,143,0,0.10062893081761007,1.0,0.10062893081761007
8,clab-nebula-serf21,20,32,159,32,127,0,0.20125786163522014,1.0,0.20125786163522014
8,clab-nebula-serf21,25,56,159,56,103,0,0.3522012578616352,1.0,0.3522012578616352
8,clab-nebula-serf21,30,84,159,84,75,0,0.5283018867924528,1.0,0.5283018867924528
8,clab-nebula-serf21,35,94,159,94,65,0,0.5911949685534591,1.0,0.5911949685534591
8,clab-nebula-serf21,40,107,159,107,52,0,0.6729559748427673,1.0,0.6729559748427673
8,clab-nebula-serf21,45,121,159,121,38,0,0.7610062893081762,1.0,0.7610062893081762
8,clab-nebula-serf21,50,124,159,124,35,0,0.779874213836478,1.0,0.779874213836478
8,clab-nebula-serf21,55,133,159,133,26,0,0.8364779874213837,1.0,0.8364779874213837
8,clab-nebula-serf21,60,154,159,154,5,0,0.9685534591194969,1.0,0.9685534591194969
8,clab-nebula-serf67,5,0,0,0,0,0,0.0,0.0,0.0
8,clab-nebula-serf67,10,5,17,5,12,0,0.29411764705882354,1.0,0.29411764705882354
8,clab-nebula-serf67,15,26,159,26,133,0,0.16352201257861634,1.0,0.16352201257861634
8,clab-nebula-serf67,20,41,159,41,118,0,0.2578616352201258,1.0,0.2578616352201258
8,clab-nebula-serf67,25,76,159,76,83,0,0.4779874213836478,1.0,0.4779874213836478
8,clab-nebula-serf67,30,98,159,98,61,0,0.6163522012578616,1.0,0.6163522012578616
8,clab-nebula-serf67,35,115,159,115,44,0,0.7232704402515723,1.0,0.7232704402515723
8,clab-nebula-serf67,40,122,159,122,37,0,0.7672955974842768,1.0,0.7672955974842768
8,clab-nebula-serf67,45,135,159,135,24,0,0.8490566037735849,1.0,0.8490566037735849
8,clab-nebula-serf67,50,154,159,154,5,0,0.9685534591194969,1.0,0.9685534591194969
8,clab-nebula-serf67,55,154,159,154,5,0,0.9685534591194969,1.0,0.9685534591194969
8,clab-nebula-serf67,60,158,159,156,3,2,0.9811320754716981,0.9873417721518988,0.968944099378882
8,clab-nebula-serf102,5,5,7,5,2,0,0.7142857142857143,1.0,0.7142857142857143
8,clab-nebula-serf102,10,7,6,6,0,1,1.0,0.8571428571428571,0.8571428571428571
8,clab-nebula-serf102,15,7,6,6,0,1,1.0,0.8571428571428571,0.8571428571428571
8,clab-nebula-serf102,20,10,124,8,116,2,0.06451612903225806,0.8,0.06349206349206349
8,clab-nebula-serf102,25,21,139,21,118,0,0.1510791366906475,1.0,0.1510791366906475
8,clab-nebula-serf102,30,40,159,40,119,0,0.25157232704402516,1.0,0.25157232704402516
8,clab-nebula-serf102,35,76,159,76,83,0,0.4779874213836478,1.0,0.4779874213836478
8,clab-nebula-serf102,40,124,159,124,35,0,0.779874213836478,1.0,0.779874213836478
8,clab-nebula-serf102,45,144,159,144,15,0,0.9056603773584906,1.0,0.9056603773584906
8,clab-nebula-serf102,50,157,159,156,3,1,0.9811320754716981,0.9936305732484076,0.975
8,clab-nebula-serf102,55,160,159,158,1,2,0.9937106918238994,0.9875,0.9813664596273292
8,clab-nebula-serf102,60,161,159,159,0,2,1.0,0.9875776397515528,0.9875776397515528
8,clab-nebula-serf110,5,0,0,0,0,0,0.0,0.0,0.0
8,clab-nebula-serf110,10,0,0,0,0,0,0.0,0.0,0.0
8,clab-nebula-serf110,15,2,31,1,30,1,0.03225806451612903,0.5,0.03125
8,clab-nebula-serf110,20,7,31,3,28,4,0.0967741935483871,0.42857142857142855,0.08571428571428572
8,clab-nebula-serf110,25,15,161,15,146,0,0.09316770186335403,1.0,0.09316770186335403
8,clab-nebula-serf110,30,37,161,37,124,0,0.22981366459627328,1.0,0.22981366459627328
8,clab-nebula-serf110,35,69,161,69,92,0,0.42857142857142855,1.0,0.42857142857142855
8,clab-nebula-serf110,40,107,161,107,54,0,0.6645962732919255,1.0,0.6645962732919255
8,clab-nebula-serf110,45,143,159,143,16,0,0.89937106918239,1.0,0.89937106918239
8,clab-nebula-serf110,50,148,159,148,11,0,0.9308176100628931,1.0,0.9308176100628931
8,clab-nebula-serf110,55,154,160,154,6,0,0.9625,1.0,0.9625
8,clab-nebula-serf110,60,157,160,156,4,1,0.975,0.9936305732484076,0.968944099378882
8,clab-nebula-serf132,5,0,0,0,0,0,0.0,0.0,0.0
8,clab-nebula-serf132,10,0,0,0,0,0,0.0,0.0,0.0
8,clab-nebula-serf132,15,11,40,11,29,0,0.275,1.0,0.275
8,clab-nebula-serf132,20,14,40,14,26,0,0.35,1.0,0.35
8,clab-nebula-serf132,25,23,40,22,18,1,0.55,0.9565217391304348,0.5365853658536586
8,clab-nebula-serf132,30,37,161,37,124,0,0.22981366459627328,1.0,0.22981366459627328
8,clab-nebula-serf132,35,48,161,48,113,0,0.2981366459627329,1.0,0.2981366459627329
8,clab-nebula-serf132,40,78,161,78,83,0,0.484472049689441,1.0,0.484472049689441
8,clab-nebula-serf132,45,104,161,104,57,0,0.6459627329192547,1.0,0.6459627329192547
8,clab-nebula-serf132,50,132,161,132,29,0,0.8198757763975155,1.0,0.8198757763975155
8,clab-nebula-serf132,55,144,161,144,17,0,0.8944099378881988,1.0,0.8944099378881988
8,clab-nebula-serf132,60,151,161,151,10,0,0.937888198757764,1.0,0.937888198757764
8,clab-nebula-serf134,5,0,0,0,0,0,0.0,0.0,0.0
8,clab-nebula-serf134,10,0,0,0,0,0,0.0,0.0,0.0
8,clab-nebula-serf134,15,1,8,1,7,0,0.125,1.0,0.125
8,clab-nebula-serf134,20,14,40,14,26,0,0.35,1.0,0.35
8,clab-nebula-serf134,25,16,40,16,24,0,0.4,1.0,0.4
8,clab-nebula-serf134,30,26,161,26,135,0,0.16149068322981366,1.0,0.16149068322981366
8,clab-nebula-serf134,35,43,161,43,118,0,0.2670807453416149,1.0,0.2670807453416149
8,clab-nebula-serf134,40,57,161,57,104,0,0.35403726708074534,1.0,0.35403726708074534
8,clab-nebula-serf134,45,91,161,91,70,0,0.5652173913043478,1.0,0.5652173913043478
8,clab-nebula-serf134,50,116,161,116,45,0,0.7204968944099379,1.0,0.7204968944099379
8,clab-nebula-serf134,55,137,161,137,24,0,0.8509316770186336,1.0,0.8509316770186336
8,clab-nebula-serf134,60,147,161,147,14,0,0.9130434782608695,1.0,0.9130434782608695
8,clab-nebula-serf137,5,0,0,0,0,0,0.0,0.0,0.0
8,clab-nebula-serf137,10,0,0,0,0,0,0.0,0.0,0.0
8,clab-nebula-serf137,15,2,8,2,6,0,0.25,1.0,0.25
8,clab-nebula-serf137,20,14,40,14,26,0,0.35,1.0,0.35
8,clab-nebula-serf137,25,20,40,20,20,0,0.5,1.0,0.5
8,clab-nebula-serf137,30,26,161,26,135,0,0.16149068322981366,1.0,0.16149068322981366
8,clab-nebula-serf137,35,44,161,44,117,0,0.2732919254658385,1.0,0.2732919254658385
8,clab-nebula-serf137,40,55,161,55,106,0,0.3416149068322981,1.0,0.3416149068322981
8,clab-nebula-serf137,45,90,161,90,71,0,0.5590062111801242,1.0,0.5590062111801242
8,clab-nebula-serf137,50,115,161,115,46,0,0.7142857142857143,1.0,0.7142857142857143
8,clab-nebula-serf137,55,137,161,137,24,0,0.8509316770186336,1.0,0.8509316770186336
8,clab-nebula-serf137,60,148,161,148,13,0,0.9192546583850931,1.0,0.9192546583850931
8,clab-nebula-serf10,5,1,12,1,11,0,0.08333333333333333,1.0,0.08333333333333333
8,clab-nebula-serf10,10,9,41,9,32,0,0.21951219512195122,1.0,0.21951219512195122
8,clab-nebula-serf10,15,20,42,20,22,0,0.47619047619047616,1.0,0.47619047619047616
8,clab-nebula-serf10,20,40,101,39,62,1,0.38613861386138615,0.975,0.38235294117647056
8,clab-nebula-serf10,25,71,159,71,88,0,0.44654088050314467,1.0,0.44654088050314467
8,clab-nebula-serf10,30,88,159,88,71,0,0.5534591194968553,1.0,0.5534591194968553
8,clab-nebula-serf10,35,103,159,103,56,0,0.6477987421383647,1.0,0.6477987421383647
8,clab-nebula-serf10,40,120,159,120,39,0,0.7547169811320755,1.0,0.7547169811320755
8,clab-nebula-serf10,45,121,159,121,38,0,0.7610062893081762,1.0,0.7610062893081762
8,clab-nebula-serf10,50,129,159,129,30,0,0.8113207547169812,1.0,0.8113207547169812
8,clab-nebula-serf10,55,153,159,153,6,0,0.9622641509433962,1.0,0.9622641509433962
8,clab-nebula-serf10,60,156,159,154,5,2,0.9685534591194969,0.9871794871794872,0.9565217391304348
8,clab-nebula-serf46,5,0,0,0,0,0,0.0,0.0,0.0
8,clab-nebula-serf46,10,3,44,3,41,0,0.06818181818181818,1.0,0.06818181818181818
8,clab-nebula-serf46,15,11,49,10,39,1,0.20408163265306123,0.9090909090909091,0.2
8,clab-nebula-serf46,20,26,49,25,24,1,0.5102040816326531,0.9615384615384616,0.5
8,clab-nebula-serf46,25,54,101,53,48,1,0.5247524752475248,0.9814814814814815,0.5196078431372549
8,clab-nebula-serf46,30,81,159,81,78,0,0.5094339622641509,1.0,0.5094339622641509
8,clab-nebula-serf46,35,100,159,100,59,0,0.6289308176100629,1.0,0.6289308176100629
8,clab-nebula-serf46,40,121,159,121,38,0,0.7610062893081762,1.0,0.7610062893081762
8,clab-nebula-serf46,45,124,159,124,35,0,0.779874213836478,1.0,0.779874213836478
8,clab-nebula-serf46,50,127,159,127,32,0,0.7987421383647799,1.0,0.7987421383647799
8,clab-nebula-serf46,55,154,159,154,5,0,0.9685534591194969,1.0,0.9685534591194969
8,clab-nebula-serf46,60,154,159,154,5,0,0.9685534591194969,1.0,0.9685534591194969
8,clab-nebula-serf74,5,0,0,0,0,0,0.0,0.0,0.0
8,clab-nebula-serf74,10,9,159,9,150,0,0.05660377358490566,1.0,0.05660377358490566
8,clab-nebula-serf74,15,26,159,26,133,0,0.16352201257861634,1.0,0.16352201257861634
8,clab-nebula-serf74,20,45,161,45,116,0,0.2795031055900621,1.0,0.2795031055900621
8,clab-nebula-serf74,25,82,159,82,77,0,0.5157232704402516,1.0,0.5157232704402516
8,clab-nebula-serf74,30,106,159,106,53,0,0.6666666666666666,1.0,0.6666666666666666
8,clab-nebula-serf74,35,117,159,117,42,0,0.7358490566037735,1.0,0.7358490566037735
8,clab-nebula-serf74,40,124,159,124,35,0,0.779874213836478,1.0,0.779874213836478
8,clab-nebula-serf74,45,145,159,145,14,0,0.9119496855345912,1.0,0.9119496855345912
8,clab-nebula-serf74,50,154,159,154,5,0,0.9685534591194969,1.0,0.9685534591194969
8,clab-nebula-serf74,55,155,159,154,5,1,0.9685534591194969,0.9935483870967742,0.9625
8,clab-nebula-serf74,60,159,159,157,2,2,0.9874213836477987,0.9874213836477987,0.9751552795031055
8,clab-nebula-serf76,5,2,12,2,10,0,0.16666666666666666,1.0,0.16666666666666666
8,clab-nebula-serf76,10,25,159,25,134,0,0.15723270440251572,1.0,0.15723270440251572
8,clab-nebula-serf76,15,38,159,38,121,0,0.2389937106918239,1.0,0.2389937106918239
8,clab-nebula-serf76,20,68,159,68,91,0,0.4276729559748428,1.0,0.4276729559748428
8,clab-nebula-serf76,25,89,159,89,70,0,0.559748427672956,1.0,0.559748427672956
8,clab-nebula-serf76,30,111,159,111,48,0,0.6981132075471698,1.0,0.6981132075471698
8,clab-nebula-serf76,35,121,159,121,38,0,0.7610062893081762,1.0,0.7610062893081762
8,clab-nebula-serf76,40,129,159,129,30,0,0.8113207547169812,1.0,0.8113207547169812
8,clab-nebula-serf76,45,153,159,153,6,0,0.9622641509433962,1.0,0.9622641509433962
8,clab-nebula-serf76,50,154,159,154,5,0,0.9685534591194969,1.0,0.9685534591194969
8,clab-nebula-serf76,55,158,159,156,3,2,0.9811320754716981,0.9873417721518988,0.968944099378882
8,clab-nebula-serf76,60,161,159,159,0,2,1.0,0.9875776397515528,0.9875776397515528
8,clab-nebula-serf149,5,0,0,0,0,0,0.0,0.0,0.0
8,clab-nebula-serf149,10,0,0,0,0,0,0.0,0.0,0.0
8,clab-nebula-serf149,15,1,8,1,7,0,0.125,1.0,0.125
8,clab-nebula-serf149,20,11,130,11,119,0,0.08461538461538462,1.0,0.08461538461538462
8,clab-nebula-serf149,25,17,130,17,113,0,0.13076923076923078,1.0,0.13076923076923078
8,clab-nebula-serf149,30,25,161,25,136,0,0.15527950310559005,1.0,0.15527950310559005
8,clab-nebula-serf149,35,48,161,48,113,0,0.2981366459627329,1.0,0.2981366459627329
8,clab-nebula-serf149,40,60,161,60,101,0,0.37267080745341613,1.0,0.37267080745341613
8,clab-nebula-serf149,45,89,161,89,72,0,0.5527950310559007,1.0,0.5527950310559007
8,clab-nebula-serf149,50,124,161,124,37,0,0.7701863354037267,1.0,0.7701863354037267
8,clab-nebula-serf149,55,143,159,143,16,0,0.89937106918239,1.0,0.89937106918239
8,clab-nebula-serf149,60,152,159,150,9,2,0.9433962264150944,0.9868421052631579,0.9316770186335404
8,clab-nebula-serf20,5,2,157,2,155,0,0.012738853503184714,1.0,0.012738853503184714
8,clab-nebula-serf20,10,4,157,4,153,0,0.025477707006369428,1.0,0.025477707006369428
8,clab-nebula-serf20,15,15,159,15,144,0,0.09433962264150944,1.0,0.09433962264150944
8,clab-nebula-serf20,20,26,159,26,133,0,0.16352201257861634,1.0,0.16352201257861634
8,clab-nebula-serf20,25,46,159,46,113,0,0.2893081761006289,1.0,0.2893081761006289
8,clab-nebula-serf20,30,80,159,80,79,0,0.5031446540880503,1.0,0.5031446540880503
8,clab-nebula-serf20,35,93,159,93,66,0,0.5849056603773585,1.0,0.5849056603773585
8,clab-nebula-serf20,40,102,159,102,57,0,0.6415094339622641,1.0,0.6415094339622641
8,clab-nebula-serf20,45,118,159,118,41,0,0.7421383647798742,1.0,0.7421383647798742
8,clab-nebula-serf20,50,124,159,124,35,0,0.779874213836478,1.0,0.779874213836478
8,clab-nebula-serf20,55,129,159,129,30,0,0.8113207547169812,1.0,0.8113207547169812
8,clab-nebula-serf20,60,154,159,154,5,0,0.9685534591194969,1.0,0.9685534591194969
8,clab-nebula-serf22,5,0,0,0,0,0,0.0,0.0,0.0
8,clab-nebula-serf22,10,4,19,4,15,0,0.21052631578947367,1.0,0.21052631578947367
8,clab-nebula-serf22,15,10,159,10,149,0,0.06289308176100629,1.0,0.06289308176100629
8,clab-nebula-serf22,20,23,159,23,136,0,0.14465408805031446,1.0,0.14465408805031446
8,clab-nebula-serf22,25,41,159,41,118,0,0.2578616352201258,1.0,0.2578616352201258
8,clab-nebula-serf22,30,76,159,76,83,0,0.4779874213836478,1.0,0.4779874213836478
8,clab-nebula-serf22,35,93,159,93,66,0,0.5849056603773585,1.0,0.5849056603773585
8,clab-nebula-serf22,40,98,159,98,61,0,0.6163522012578616,1.0,0.6163522012578616
8,clab-nebula-serf22,45,117,159,117,42,0,0.7358490566037735,1.0,0.7358490566037735
8,clab-nebula-serf22,50,122,159,122,37,0,0.7672955974842768,1.0,0.7672955974842768
8,clab-nebula-serf22,55,125,159,125,34,0,0.7861635220125787,1.0,0.7861635220125787
8,clab-nebula-serf22,60,153,159,153,6,0,0.9622641509433962,1.0,0.9622641509433962
8,clab-nebula-serf160,5,4,11,4,7,0,0.36363636363636365,1.0,0.36363636363636365
8,clab-nebula-serf160,10,4,11,4,7,0,0.36363636363636365,1.0,0.36363636363636365
8,clab-nebula-serf160,15,5,11,5,6,0,0.45454545454545453,1.0,0.45454545454545453
8,clab-nebula-serf160,20,10,14,9,5,1,0.6428571428571429,0.9,0.6
8,clab-nebula-serf160,25,25,161,25,136,0,0.15527950310559005,1.0,0.15527950310559005
8,clab-nebula-serf160,30,37,161,37,124,0,0.22981366459627328,1.0,0.22981366459627328
8,clab-nebula-serf160,35,43,161,43,118,0,0.2670807453416149,1.0,0.2670807453416149
8,clab-nebula-serf160,40,58,161,58,103,0,0.36024844720496896,1.0,0.36024844720496896
8,clab-nebula-serf160,45,82,161,82,79,0,0.5093167701863354,1.0,0.5093167701863354
8,clab-nebula-serf160,50,118,161,118,43,0,0.7329192546583851,1.0,0.7329192546583851
8,clab-nebula-serf160,55,139,153,131,22,8,0.8562091503267973,0.9424460431654677,0.8136645962732919
8,clab-nebula-serf160,60,149,153,141,12,8,0.9215686274509803,0.9463087248322147,0.8757763975155279
8,clab-nebula-serf31,5,1,3,1,2,0,0.3333333333333333,1.0,0.3333333333333333
8,clab-nebula-serf31,10,13,159,13,146,0,0.08176100628930817,1.0,0.08176100628930817
8,clab-nebula-serf31,15,28,159,28,131,0,0.1761006289308176,1.0,0.1761006289308176
8,clab-nebula-serf31,20,45,159,45,114,0,0.2830188679245283,1.0,0.2830188679245283
8,clab-nebula-serf31,25,80,159,80,79,0,0.5031446540880503,1.0,0.5031446540880503
8,clab-nebula-serf31,30,93,159,93,66,0,0.5849056603773585,1.0,0.5849056603773585
8,clab-nebula-serf31,35,102,159,102,57,0,0.6415094339622641,1.0,0.6415094339622641
8,clab-nebula-serf31,40,119,159,119,40,0,0.7484276729559748,1.0,0.7484276729559748
8,clab-nebula-serf31,45,124,159,124,35,0,0.779874213836478,1.0,0.779874213836478
8,clab-nebula-serf31,50,129,159,129,30,0,0.8113207547169812,1.0,0.8113207547169812
8,clab-nebula-serf31,55,154,159,154,5,0,0.9685534591194969,1.0,0.9685534591194969
8,clab-nebula-serf31,60,154,159,154,5,0,0.9685534591194969,1.0,0.9685534591194969
8,clab-nebula-serf93,5,3,79,3,76,0,0.0379746835443038,1.0,0.0379746835443038
8,clab-nebula-serf93,10,16,79,15,64,1,0.189873417721519,0.9375,0.1875
8,clab-nebula-serf93,15,37,159,37,122,0,0.23270440251572327,1.0,0.23270440251572327
8,clab-nebula-serf93,20,59,159,59,100,0,0.3710691823899371,1.0,0.3710691823899371
8,clab-nebula-serf93,25,83,159,83,76,0,0.5220125786163522,1.0,0.5220125786163522
8,clab-nebula-serf93,30,110,159,110,49,0,0.6918238993710691,1.0,0.6918238993710691
8,clab-nebula-serf93,35,119,159,119,40,0,0.7484276729559748,1.0,0.7484276729559748
8,clab-nebula-serf93,40,125,159,125,34,0,0.7861635220125787,1.0,0.7861635220125787
8,clab-nebula-serf93,45,142,159,142,17,0,0.8930817610062893,1.0,0.8930817610062893
8,clab-nebula-serf93,50,154,159,154,5,0,0.9685534591194969,1.0,0.9685534591194969
8,clab-nebula-serf93,55,156,159,155,4,1,0.9748427672955975,0.9935897435897436,0.96875
8,clab-nebula-serf93,60,161,159,159,0,2,1.0,0.9875776397515528,0.9875776397515528
8,clab-nebula-serf122,5,0,0,0,0,0,0.0,0.0,0.0
8,clab-nebula-serf122,10,0,0,0,0,0,0.0,0.0,0.0
8,clab-nebula-serf122,15,8,81,8,73,0,0.09876543209876543,1.0,0.09876543209876543
8,clab-nebula-serf122,20,15,161,15,146,0,0.09316770186335403,1.0,0.09316770186335403
8,clab-nebula-serf122,25,22,161,22,139,0,0.13664596273291926,1.0,0.13664596273291926
8,clab-nebula-serf122,30,61,151,59,92,2,0.39072847682119205,0.9672131147540983,0.38562091503267976
8,clab-nebula-serf122,35,106,151,96,55,10,0.6357615894039735,0.9056603773584906,0.5962732919254659
8,clab-nebula-serf122,40,133,151,123,28,10,0.8145695364238411,0.924812030075188,0.7639751552795031
8,clab-nebula-serf122,45,144,151,134,17,10,0.8874172185430463,0.9305555555555556,0.8322981366459627
8,clab-nebula-serf122,50,154,151,144,7,10,0.9536423841059603,0.935064935064935,0.8944099378881988
8,clab-nebula-serf122,55,161,151,151,0,10,1.0,0.937888198757764,0.937888198757764
8,clab-nebula-serf122,60,161,151,151,0,10,1.0,0.937888198757764,0.937888198757764
8,clab-nebula-serf38,5,0,0,0,0,0,0.0,0.0,0.0
8,clab-nebula-serf38,10,4,46,3,43,1,0.06521739130434782,0.75,0.06382978723404255
8,clab-nebula-serf38,15,24,159,24,135,0,0.1509433962264151,1.0,0.1509433962264151
8,clab-nebula-serf38,20,56,159,56,103,0,0.3522012578616352,1.0,0.3522012578616352
8,clab-nebula-serf38,25,82,159,82,77,0,0.5157232704402516,1.0,0.5157232704402516
8,clab-nebula-serf38,30,92,159,92,67,0,0.5786163522012578,1.0,0.5786163522012578
8,clab-nebula-serf38,35,107,159,107,52,0,0.6729559748427673,1.0,0.6729559748427673
8,clab-nebula-serf38,40,121,159,121,38,0,0.7610062893081762,1.0,0.7610062893081762
8,clab-nebula-serf38,45,124,159,124,35,0,0.779874213836478,1.0,0.779874213836478
8,clab-nebula-serf38,50,133,159,133,26,0,0.8364779874213837,1.0,0.8364779874213837
8,clab-nebula-serf38,55,154,159,154,5,0,0.9685534591194969,1.0,0.9685534591194969
8,clab-nebula-serf38,60,154,159,154,5,0,0.9685534591194969,1.0,0.9685534591194969
8,clab-nebula-serf55,5,0,0,0,0,0,0.0,0.0,0.0
8,clab-nebula-serf55,10,9,29,9,20,0,0.3103448275862069,1.0,0.3103448275862069
8,clab-nebula-serf55,15,23,101,22,79,1,0.21782178217821782,0.9565217391304348,0.21568627450980393
8,clab-nebula-serf55,20,64,159,64,95,0,0.4025157232704403,1.0,0.4025157232704403
8,clab-nebula-serf55,25,83,159,83,76,0,0.5220125786163522,1.0,0.5220125786163522
8,clab-nebula-serf55,30,96,159,96,63,0,0.6037735849056604,1.0,0.6037735849056604
8,clab-nebula-serf55,35,119,159,119,40,0,0.7484276729559748,1.0,0.7484276729559748
8,clab-nebula-serf55,40,121,159,121,38,0,0.7610062893081762,1.0,0.7610062893081762
8,clab-nebula-serf55,45,126,159,126,33,0,0.7924528301886793,1.0,0.7924528301886793
8,clab-nebula-serf55,50,153,159,153,6,0,0.9622641509433962,1.0,0.9622641509433962
8,clab-nebula-serf55,55,154,159,154,5,0,0.9685534591194969,1.0,0.9685534591194969
8,clab-nebula-serf55,60,157,159,155,4,2,0.9748427672955975,0.9872611464968153,0.9627329192546584
8,clab-nebula-serf79,5,6,123,6,117,0,0.04878048780487805,1.0,0.04878048780487805
8,clab-nebula-serf79,10,26,159,26,133,0,0.16352201257861634,1.0,0.16352201257861634
8,clab-nebula-serf79,15,41,159,41,118,0,0.2578616352201258,1.0,0.2578616352201258
8,clab-nebula-serf79,20,76,159,76,83,0,0.4779874213836478,1.0,0.4779874213836478
8,clab-nebula-serf79,25,96,159,96,63,0,0.6037735849056604,1.0,0.6037735849056604
8,clab-nebula-serf79,30,116,159,116,43,0,0.7295597484276729,1.0,0.7295597484276729
8,clab-nebula-serf79,35,121,159,121,38,0,0.7610062893081762,1.0,0.7610062893081762
8,clab-nebula-serf79,40,135,159,135,24,0,0.8490566037735849,1.0,0.8490566037735849
8,clab-nebula-serf79,45,153,159,153,6,0,0.9622641509433962,1.0,0.9622641509433962
8,clab-nebula-serf79,50,154,159,154,5,0,0.9685534591194969,1.0,0.9685534591194969
8,clab-nebula-serf79,55,158,159,156,3,2,0.9811320754716981,0.9873417721518988,0.968944099378882
8,clab-nebula-serf79,60,161,159,159,0,2,1.0,0.9875776397515528,0.9875776397515528
8,clab-nebula-serf113,5,1,1,1,0,0,1.0,1.0,1.0
8,clab-nebula-serf113,10,1,1,1,0,0,1.0,1.0,1.0
8,clab-nebula-serf113,15,3,161,3,158,0,0.018633540372670808,1.0,0.018633540372670808
8,clab-nebula-serf113,20,19,161,19,142,0,0.11801242236024845,1.0,0.11801242236024845
8,clab-nebula-serf113,25,28,159,28,131,0,0.1761006289308176,1.0,0.1761006289308176
8,clab-nebula-serf113,30,65,159,65,94,0,0.4088050314465409,1.0,0.4088050314465409
8,clab-nebula-serf113,35,105,159,105,54,0,0.660377358490566,1.0,0.660377358490566
8,clab-nebula-serf113,40,139,159,138,21,1,0.8679245283018868,0.9928057553956835,0.8625
8,clab-nebula-serf113,45,156,159,154,5,2,0.9685534591194969,0.9871794871794872,0.9565217391304348
8,clab-nebula-serf113,50,159,159,157,2,2,0.9874213836477987,0.9874213836477987,0.9751552795031055
8,clab-nebula-serf113,55,161,159,159,0,2,1.0,0.9875776397515528,0.9875776397515528
8,clab-nebula-serf113,60,161,159,159,0,2,1.0,0.9875776397515528,0.9875776397515528
8,clab-nebula-serf120,5,2,2,2,0,0,1.0,1.0,1.0
8,clab-nebula-serf120,10,2,2,2,0,0,1.0,1.0,1.0
8,clab-nebula-serf120,15,2,2,2,0,0,1.0,1.0,1.0
8,clab-nebula-serf120,20,2,2,2,0,0,1.0,1.0,1.0
8,clab-nebula-serf120,25,2,2,2,0,0,1.0,1.0,1.0
8,clab-nebula-serf120,30,3,13,3,10,0,0.23076923076923078,1.0,0.23076923076923078
8,clab-nebula-serf120,35,3,13,3,10,0,0.23076923076923078,1.0,0.23076923076923078
8,clab-nebula-serf120,40,3,13,3,10,0,0.23076923076923078,1.0,0.23076923076923078
8,clab-nebula-serf120,45,5,88,5,83,0,0.056818181818181816,1.0,0.056818181818181816
8,clab-nebula-serf120,50,14,153,14,139,0,0.0915032679738562,1.0,0.0915032679738562
8,clab-nebula-serf120,55,24,153,24,129,0,0.1568627450980392,1.0,0.1568627450980392
8,clab-nebula-serf120,60,48,151,48,103,0,0.31788079470198677,1.0,0.31788079470198677
8,clab-nebula-serf128,5,0,0,0,0,0,0.0,0.0,0.0
8,clab-nebula-serf128,10,2,40,2,38,0,0.05,1.0,0.05
8,clab-nebula-serf128,15,6,40,6,34,0,0.15,1.0,0.15
8,clab-nebula-serf128,20,20,153,20,133,0,0.13071895424836602,1.0,0.13071895424836602
8,clab-nebula-serf128,25,48,161,48,113,0,0.2981366459627329,1.0,0.2981366459627329
8,clab-nebula-serf128,30,73,153,72,81,1,0.47058823529411764,0.9863013698630136,0.4675324675324675
8,clab-nebula-serf128,35,111,153,107,46,4,0.6993464052287581,0.963963963963964,0.6815286624203821
8,clab-nebula-serf128,40,145,152,136,16,9,0.8947368421052632,0.9379310344827586,0.84472049689441
8,clab-nebula-serf128,45,150,152,141,11,9,0.9276315789473685,0.94,0.8757763975155279
8,clab-nebula-serf128,50,155,153,147,6,8,0.9607843137254902,0.9483870967741935,0.9130434782608695
8,clab-nebula-serf128,55,159,153,151,2,8,0.9869281045751634,0.949685534591195,0.937888198757764
8,clab-nebula-serf128,60,161,153,153,0,8,1.0,0.9503105590062112,0.9503105590062112
8,clab-nebula-serf8,5,0,0,0,0,0,0.0,0.0,0.0
8,clab-nebula-serf8,10,5,11,4,7,1,0.36363636363636365,0.8,0.3333333333333333
8,clab-nebula-serf8,15,13,28,13,15,0,0.4642857142857143,1.0,0.4642857142857143
8,clab-nebula-serf8,20,23,41,22,19,1,0.5365853658536586,0.9565217391304348,0.5238095238095238
8,clab-nebula-serf8,25,44,101,43,58,1,0.42574257425742573,0.9772727272727273,0.4215686274509804
8,clab-nebula-serf8,30,76,159,76,83,0,0.4779874213836478,1.0,0.4779874213836478
8,clab-nebula-serf8,35,89,159,89,70,0,0.559748427672956,1.0,0.559748427672956
8,clab-nebula-serf8,40,105,159,105,54,0,0.660377358490566,1.0,0.660377358490566
8,clab-nebula-serf8,45,120,159,120,39,0,0.7547169811320755,1.0,0.7547169811320755
8,clab-nebula-serf8,50,122,159,122,37,0,0.7672955974842768,1.0,0.7672955974842768
8,clab-nebula-serf8,55,130,159,130,29,0,0.8176100628930818,1.0,0.8176100628930818
8,clab-nebula-serf8,60,153,159,153,6,0,0.9622641509433962,1.0,0.9622641509433962
8,clab-nebula-serf27,5,0,0,0,0,0,0.0,0.0,0.0
8,clab-nebula-serf27,10,3,158,3,155,0,0.0189873417721519,1.0,0.0189873417721519
8,clab-nebula-serf27,15,7,158,7,151,0,0.04430379746835443,1.0,0.04430379746835443
8,clab-nebula-serf27,20,13,159,13,146,0,0.08176100628930817,1.0,0.08176100628930817
8,clab-nebula-serf27,25,24,159,24,135,0,0.1509433962264151,1.0,0.1509433962264151
8,clab-nebula-serf27,30,38,159,38,121,0,0.2389937106918239,1.0,0.2389937106918239
8,clab-nebula-serf27,35,75,159,75,84,0,0.4716981132075472,1.0,0.4716981132075472
8,clab-nebula-serf27,40,92,159,92,67,0,0.5786163522012578,1.0,0.5786163522012578
8,clab-nebula-serf27,45,98,159,98,61,0,0.6163522012578616,1.0,0.6163522012578616
8,clab-nebula-serf27,50,117,159,117,42,0,0.7358490566037735,1.0,0.7358490566037735
8,clab-nebula-serf27,55,122,159,122,37,0,0.7672955974842768,1.0,0.7672955974842768
8,clab-nebula-serf27,60,125,159,125,34,0,0.7861635220125787,1.0,0.7861635220125787
8,clab-nebula-serf78,5,0,0,0,0,0,0.0,0.0,0.0
8,clab-nebula-serf78,10,9,159,9,150,0,0.05660377358490566,1.0,0.05660377358490566
8,clab-nebula-serf78,15,27,159,27,132,0,0.16981132075471697,1.0,0.16981132075471697
8,clab-nebula-serf78,20,48,161,48,113,0,0.2981366459627329,1.0,0.2981366459627329
8,clab-nebula-serf78,25,80,159,80,79,0,0.5031446540880503,1.0,0.5031446540880503
8,clab-nebula-serf78,30,102,159,102,57,0,0.6415094339622641,1.0,0.6415094339622641
8,clab-nebula-serf78,35,118,159,118,41,0,0.7421383647798742,1.0,0.7421383647798742
8,clab-nebula-serf78,40,123,159,123,36,0,0.7735849056603774,1.0,0.7735849056603774
8,clab-nebula-serf78,45,140,159,140,19,0,0.8805031446540881,1.0,0.8805031446540881
8,clab-nebula-serf78,50,154,159,154,5,0,0.9685534591194969,1.0,0.9685534591194969
8,clab-nebula-serf78,55,155,159,154,5,1,0.9685534591194969,0.9935483870967742,0.9625
8,clab-nebula-serf78,60,158,159,156,3,2,0.9811320754716981,0.9873417721518988,0.968944099378882
8,clab-nebula-serf104,5,1,40,1,39,0,0.025,1.0,0.025
8,clab-nebula-serf104,10,3,40,3,37,0,0.075,1.0,0.075
8,clab-nebula-serf104,15,8,62,8,54,0,0.12903225806451613,1.0,0.12903225806451613
8,clab-nebula-serf104,20,25,153,25,128,0,0.16339869281045752,1.0,0.16339869281045752
8,clab-nebula-serf104,25,54,161,54,107,0,0.33540372670807456,1.0,0.33540372670807456
8,clab-nebula-serf104,30,87,153,86,67,1,0.5620915032679739,0.9885057471264368,0.5584415584415584
8,clab-nebula-serf104,35,130,153,122,31,8,0.7973856209150327,0.9384615384615385,0.7577639751552795
8,clab-nebula-serf104,40,145,153,137,16,8,0.8954248366013072,0.9448275862068966,0.8509316770186336
8,clab-nebula-serf104,45,153,153,145,8,8,0.9477124183006536,0.9477124183006536,0.9006211180124224
8,clab-nebula-serf104,50,155,153,147,6,8,0.9607843137254902,0.9483870967741935,0.9130434782608695
8,clab-nebula-serf104,55,159,153,151,2,8,0.9869281045751634,0.949685534591195,0.937888198757764
8,clab-nebula-serf104,60,161,153,153,0,8,1.0,0.9503105590062112,0.9503105590062112
8,clab-nebula-serf133,5,0,0,0,0,0,0.0,0.0,0.0
8,clab-nebula-serf133,10,0,0,0,0,0,0.0,0.0,0.0
8,clab-nebula-serf133,15,1,12,1,11,0,0.08333333333333333,1.0,0.08333333333333333
8,clab-nebula-serf133,20,14,40,14,26,0,0.35,1.0,0.35
8,clab-nebula-serf133,25,16,40,16,24,0,0.4,1.0,0.4
8,clab-nebula-serf133,30,26,161,26,135,0,0.16149068322981366,1.0,0.16149068322981366
8,clab-nebula-serf133,35,44,161,44,117,0,0.2732919254658385,1.0,0.2732919254658385
8,clab-nebula-serf133,40,59,161,59,102,0,0.36645962732919257,1.0,0.36645962732919257
8,clab-nebula-serf133,45,92,161,92,69,0,0.5714285714285714,1.0,0.5714285714285714
8,clab-nebula-serf133,50,117,161,117,44,0,0.7267080745341615,1.0,0.7267080745341615
8,clab-nebula-serf133,55,137,161,137,24,0,0.8509316770186336,1.0,0.8509316770186336
8,clab-nebula-serf133,60,149,161,149,12,0,0.9254658385093167,1.0,0.9254658385093167
8,clab-nebula-serf64,5,0,0,0,0,0,0.0,0.0,0.0
8,clab-nebula-serf64,10,0,0,0,0,0,0.0,0.0,0.0
8,clab-nebula-serf64,15,0,0,0,0,0,0.0,0.0,0.0
8,clab-nebula-serf64,20,7,101,7,94,0,0.06930693069306931,1.0,0.06930693069306931
8,clab-nebula-serf64,25,46,159,46,113,0,0.2893081761006289,1.0,0.2893081761006289
8,clab-nebula-serf64,30,69,161,69,92,0,0.42857142857142855,1.0,0.42857142857142855
8,clab-nebula-serf64,35,100,159,100,59,0,0.6289308176100629,1.0,0.6289308176100629
8,clab-nebula-serf64,40,116,159,116,43,0,0.7295597484276729,1.0,0.7295597484276729
8,clab-nebula-serf64,45,123,159,123,36,0,0.7735849056603774,1.0,0.7735849056603774
8,clab-nebula-serf64,50,128,159,128,31,0,0.8050314465408805,1.0,0.8050314465408805
8,clab-nebula-serf64,55,154,159,154,5,0,0.9685534591194969,1.0,0.9685534591194969
8,clab-nebula-serf64,60,154,159,154,5,0,0.9685534591194969,1.0,0.9685534591194969
8,clab-nebula-serf73,5,4,123,4,119,0,0.032520325203252036,1.0,0.032520325203252036
8,clab-nebula-serf73,10,25,159,25,134,0,0.15723270440251572,1.0,0.15723270440251572
8,clab-nebula-serf73,15,39,159,39,120,0,0.24528301886792453,1.0,0.24528301886792453
8,clab-nebula-serf73,20,69,159,69,90,0,0.4339622641509434,1.0,0.4339622641509434
8,clab-nebula-serf73,25,89,159,89,70,0,0.559748427672956,1.0,0.559748427672956
8,clab-nebula-serf73,30,113,159,113,46,0,0.710691823899371,1.0,0.710691823899371
8,clab-nebula-serf73,35,121,159,121,38,0,0.7610062893081762,1.0,0.7610062893081762
8,clab-nebula-serf73,40,130,159,130,29,0,0.8176100628930818,1.0,0.8176100628930818
8,clab-nebula-serf73,45,151,159,151,8,0,0.949685534591195,1.0,0.949685534591195
8,clab-nebula-serf73,50,154,159,154,5,0,0.9685534591194969,1.0,0.9685534591194969
8,clab-nebula-serf73,55,158,159,156,3,2,0.9811320754716981,0.9873417721518988,0.968944099378882
8,clab-nebula-serf73,60,161,159,159,0,2,1.0,0.9875776397515528,0.9875776397515528
8,clab-nebula-serf118,5,2,2,2,0,0,1.0,1.0,1.0
8,clab-nebula-serf118,10,2,2,2,0,0,1.0,1.0,1.0
8,clab-nebula-serf118,15,2,2,2,0,0,1.0,1.0,1.0
8,clab-nebula-serf118,20,2,2,2,0,0,1.0,1.0,1.0
8,clab-nebula-serf118,25,2,2,2,0,0,1.0,1.0,1.0
8,clab-nebula-serf118,30,3,13,3,10,0,0.23076923076923078,1.0,0.23076923076923078
8,clab-nebula-serf118,35,3,13,3,10,0,0.23076923076923078,1.0,0.23076923076923078
8,clab-nebula-serf118,40,3,13,3,10,0,0.23076923076923078,1.0,0.23076923076923078
8,clab-nebula-serf118,45,5,88,5,83,0,0.056818181818181816,1.0,0.056818181818181816
8,clab-nebula-serf118,50,15,153,15,138,0,0.09803921568627451,1.0,0.09803921568627451
8,clab-nebula-serf118,55,25,153,25,128,0,0.16339869281045752,1.0,0.16339869281045752
8,clab-nebula-serf118,60,48,151,48,103,0,0.31788079470198677,1.0,0.31788079470198677
8,clab-nebula-serf5,5,0,0,0,0,0,0.0,0.0,0.0
8,clab-nebula-serf5,10,3,12,3,9,0,0.25,1.0,0.25
8,clab-nebula-serf5,15,7,12,7,5,0,0.5833333333333334,1.0,0.5833333333333334
8,clab-nebula-serf5,20,14,28,14,14,0,0.5,1.0,0.5
8,clab-nebula-serf5,25,19,28,18,10,1,0.6428571428571429,0.9473684210526315,0.6206896551724138
8,clab-nebula-serf5,30,46,159,46,113,0,0.2893081761006289,1.0,0.2893081761006289
8,clab-nebula-serf5,35,80,159,80,79,0,0.5031446540880503,1.0,0.5031446540880503
8,clab-nebula-serf5,40,92,159,92,67,0,0.5786163522012578,1.0,0.5786163522012578
8,clab-nebula-serf5,45,108,159,108,51,0,0.6792452830188679,1.0,0.6792452830188679
8,clab-nebula-serf5,50,118,159,118,41,0,0.7421383647798742,1.0,0.7421383647798742
8,clab-nebula-serf5,55,121,159,121,38,0,0.7610062893081762,1.0,0.7610062893081762
8,clab-nebula-serf5,60,143,159,143,16,0,0.89937106918239,1.0,0.89937106918239
8,clab-nebula-serf87,5,3,3,3,0,0,1.0,1.0,1.0
8,clab-nebula-serf87,10,3,3,3,0,0,1.0,1.0,1.0
8,clab-nebula-serf87,15,11,71,11,60,0,0.15492957746478872,1.0,0.15492957746478872
8,clab-nebula-serf87,20,24,123,23,100,1,0.18699186991869918,0.9583333333333334,0.18548387096774194
8,clab-nebula-serf87,25,49,151,49,102,0,0.32450331125827814,1.0,0.32450331125827814
8,clab-nebula-serf87,30,80,138,69,69,11,0.5,0.8625,0.46308724832214765
8,clab-nebula-serf87,35,108,151,108,43,0,0.7152317880794702,1.0,0.7152317880794702
8,clab-nebula-serf87,40,120,151,120,31,0,0.7947019867549668,1.0,0.7947019867549668
8,clab-nebula-serf87,45,132,151,132,19,0,0.8741721854304636,1.0,0.8741721854304636
8,clab-nebula-serf87,50,145,151,143,8,2,0.9470198675496688,0.9862068965517241,0.934640522875817
8,clab-nebula-serf87,55,155,151,145,6,10,0.9602649006622517,0.9354838709677419,0.9006211180124224
8,clab-nebula-serf87,60,158,151,148,3,10,0.9801324503311258,0.9367088607594937,0.9192546583850931
8,clab-nebula-serf88,5,3,3,3,0,0,1.0,1.0,1.0
8,clab-nebula-serf88,10,3,3,3,0,0,1.0,1.0,1.0
8,clab-nebula-serf88,15,8,9,7,2,1,0.7777777777777778,0.875,0.7
8,clab-nebula-serf88,20,19,67,13,54,6,0.19402985074626866,0.6842105263157895,0.1780821917808219
8,clab-nebula-serf88,25,42,151,42,109,0,0.2781456953642384,1.0,0.2781456953642384
8,clab-nebula-serf88,30,72,143,65,78,7,0.45454545454545453,0.9027777777777778,0.43333333333333335
8,clab-nebula-serf88,35,100,151,100,51,0,0.6622516556291391,1.0,0.6622516556291391
8,clab-nebula-serf88,40,120,151,120,31,0,0.7947019867549668,1.0,0.7947019867549668
8,clab-nebula-serf88,45,127,151,127,24,0,0.8410596026490066,1.0,0.8410596026490066
8,clab-nebula-serf88,50,136,151,135,16,1,0.8940397350993378,0.9926470588235294,0.8881578947368421
8,clab-nebula-serf88,55,154,151,145,6,9,0.9602649006622517,0.9415584415584416,0.90625
8,clab-nebula-serf88,60,158,151,148,3,10,0.9801324503311258,0.9367088607594937,0.9192546583850931
8,clab-nebula-serf153,5,0,0,0,0,0,0.0,0.0,0.0
8,clab-nebula-serf153,10,0,0,0,0,0,0.0,0.0,0.0
8,clab-nebula-serf153,15,1,7,1,6,0,0.14285714285714285,1.0,0.14285714285714285
8,clab-nebula-serf153,20,9,130,9,121,0,0.06923076923076923,1.0,0.06923076923076923
8,clab-nebula-serf153,25,12,130,12,118,0,0.09230769230769231,1.0,0.09230769230769231
8,clab-nebula-serf153,30,24,161,24,137,0,0.14906832298136646,1.0,0.14906832298136646
8,clab-nebula-serf153,35,42,161,42,119,0,0.2608695652173913,1.0,0.2608695652173913
8,clab-nebula-serf153,40,55,161,55,106,0,0.3416149068322981,1.0,0.3416149068322981
8,clab-nebula-serf153,45,81,161,81,80,0,0.5031055900621118,1.0,0.5031055900621118
8,clab-nebula-serf153,50,114,161,114,47,0,0.7080745341614907,1.0,0.7080745341614907
8,clab-nebula-serf153,55,137,161,137,24,0,0.8509316770186336,1.0,0.8509316770186336
8,clab-nebula-serf153,60,148,159,146,13,2,0.9182389937106918,0.9864864864864865,0.906832298136646
8,clab-nebula-serf53,5,0,0,0,0,0,0.0,0.0,0.0
8,clab-nebula-serf53,10,8,26,8,18,0,0.3076923076923077,1.0,0.3076923076923077
8,clab-nebula-serf53,15,25,101,24,77,1,0.2376237623762376,0.96,0.23529411764705882
8,clab-nebula-serf53,20,64,159,64,95,0,0.4025157232704403,1.0,0.4025157232704403
8,clab-nebula-serf53,25,81,159,81,78,0,0.5094339622641509,1.0,0.5094339622641509
8,clab-nebula-serf53,30,97,159,97,62,0,0.610062893081761,1.0,0.610062893081761
8,clab-nebula-serf53,35,118,159,118,41,0,0.7421383647798742,1.0,0.7421383647798742
8,clab-nebula-serf53,40,121,159,121,38,0,0.7610062893081762,1.0,0.7610062893081762
8,clab-nebula-serf53,45,125,159,125,34,0,0.7861635220125787,1.0,0.7861635220125787
8,clab-nebula-serf53,50,151,159,151,8,0,0.949685534591195,1.0,0.949685534591195
8,clab-nebula-serf53,55,154,159,154,5,0,0.9685534591194969,1.0,0.9685534591194969
8,clab-nebula-serf53,60,157,159,155,4,2,0.9748427672955975,0.9872611464968153,0.9627329192546584
8,clab-nebula-serf69,5,0,0,0,0,0,0.0,0.0,0.0
8,clab-nebula-serf69,10,14,159,14,145,0,0.0880503144654088,1.0,0.0880503144654088
8,clab-nebula-serf69,15,31,159,31,128,0,0.1949685534591195,1.0,0.1949685534591195
8,clab-nebula-serf69,20,54,161,54,107,0,0.33540372670807456,1.0,0.33540372670807456
8,clab-nebula-serf69,25,84,159,84,75,0,0.5283018867924528,1.0,0.5283018867924528
8,clab-nebula-serf69,30,107,159,107,52,0,0.6729559748427673,1.0,0.6729559748427673
8,clab-nebula-serf69,35,119,159,119,40,0,0.7484276729559748,1.0,0.7484276729559748
8,clab-nebula-serf69,40,125,159,125,34,0,0.7861635220125787,1.0,0.7861635220125787
8,clab-nebula-serf69,45,147,159,147,12,0,0.9245283018867925,1.0,0.9245283018867925
8,clab-nebula-serf69,50,154,159,154,5,0,0.9685534591194969,1.0,0.9685534591194969
8,clab-nebula-serf69,55,158,159,156,3,2,0.9811320754716981,0.9873417721518988,0.968944099378882
8,clab-nebula-serf69,60,161,159,159,0,2,1.0,0.9875776397515528,0.9875776397515528
8,clab-nebula-serf60,5,4,21,4,17,0,0.19047619047619047,1.0,0.19047619047619047
8,clab-nebula-serf60,10,10,23,10,13,0,0.43478260869565216,1.0,0.43478260869565216
8,clab-nebula-serf60,15,42,158,41,117,1,0.25949367088607594,0.9761904761904762,0.2578616352201258
8,clab-nebula-serf60,20,70,159,70,89,0,0.44025157232704404,1.0,0.44025157232704404
8,clab-nebula-serf60,25,87,159,87,72,0,0.5471698113207547,1.0,0.5471698113207547
8,clab-nebula-serf60,30,111,159,111,48,0,0.6981132075471698,1.0,0.6981132075471698
8,clab-nebula-serf60,35,120,159,120,39,0,0.7547169811320755,1.0,0.7547169811320755
8,clab-nebula-serf60,40,124,159,124,35,0,0.779874213836478,1.0,0.779874213836478
8,clab-nebula-serf60,45,143,159,143,16,0,0.89937106918239,1.0,0.89937106918239
8,clab-nebula-serf60,50,154,159,154,5,0,0.9685534591194969,1.0,0.9685534591194969
8,clab-nebula-serf60,55,154,159,154,5,0,0.9685534591194969,1.0,0.9685534591194969
8,clab-nebula-serf60,60,158,159,156,3,2,0.9811320754716981,0.9873417721518988,0.968944099378882
8,clab-nebula-serf145,5,0,0,0,0,0,0.0,0.0,0.0
8,clab-nebula-serf145,10,0,0,0,0,0,0.0,0.0,0.0
8,clab-nebula-serf145,15,1,24,1,23,0,0.041666666666666664,1.0,0.041666666666666664
8,clab-nebula-serf145,20,5,22,3,19,2,0.13636363636363635,0.6,0.125
8,clab-nebula-serf145,25,7,22,5,17,2,0.22727272727272727,0.7142857142857143,0.20833333333333334
8,clab-nebula-serf145,30,15,83,14,69,1,0.1686746987951807,0.9333333333333333,0.16666666666666666
8,clab-nebula-serf145,35,37,161,37,124,0,0.22981366459627328,1.0,0.22981366459627328
8,clab-nebula-serf145,40,56,161,56,105,0,0.34782608695652173,1.0,0.34782608695652173
8,clab-nebula-serf145,45,66,161,66,95,0,0.40993788819875776,1.0,0.40993788819875776
8,clab-nebula-serf145,50,104,161,104,57,0,0.6459627329192547,1.0,0.6459627329192547
8,clab-nebula-serf145,55,130,161,130,31,0,0.8074534161490683,1.0,0.8074534161490683
8,clab-nebula-serf145,60,145,161,145,16,0,0.9006211180124224,1.0,0.9006211180124224
8,clab-nebula-serf6,5,1,9,1,8,0,0.1111111111111111,1.0,0.1111111111111111
8,clab-nebula-serf6,10,7,28,7,21,0,0.25,1.0,0.25
8,clab-nebula-serf6,15,18,41,18,23,0,0.43902439024390244,1.0,0.43902439024390244
8,clab-nebula-serf6,20,32,41,29,12,3,0.7073170731707317,0.90625,0.6590909090909091
8,clab-nebula-serf6,25,68,159,68,91,0,0.4276729559748428,1.0,0.4276729559748428
8,clab-nebula-serf6,30,86,159,86,73,0,0.5408805031446541,1.0,0.5408805031446541
8,clab-nebula-serf6,35,98,159,98,61,0,0.6163522012578616,1.0,0.6163522012578616
8,clab-nebula-serf6,40,117,159,117,42,0,0.7358490566037735,1.0,0.7358490566037735
8,clab-nebula-serf6,45,120,159,120,39,0,0.7547169811320755,1.0,0.7547169811320755
8,clab-nebula-serf6,50,124,159,124,35,0,0.779874213836478,1.0,0.779874213836478
8,clab-nebula-serf6,55,151,159,151,8,0,0.949685534591195,1.0,0.949685534591195
8,clab-nebula-serf6,60,155,159,154,5,1,0.9685534591194969,0.9935483870967742,0.9625
8,clab-nebula-serf11,5,2,10,1,9,1,0.1,0.5,0.09090909090909091
8,clab-nebula-serf11,10,14,28,13,15,1,0.4642857142857143,0.9285714285714286,0.4482758620689655
8,clab-nebula-serf11,15,26,41,25,16,1,0.6097560975609756,0.9615384615384616,0.5952380952380952
8,clab-nebula-serf11,20,57,101,54,47,3,0.5346534653465347,0.9473684210526315,0.5192307692307693
8,clab-nebula-serf11,25,82,159,82,77,0,0.5157232704402516,1.0,0.5157232704402516
8,clab-nebula-serf11,30,93,159,93,66,0,0.5849056603773585,1.0,0.5849056603773585
8,clab-nebula-serf11,35,112,159,112,47,0,0.7044025157232704,1.0,0.7044025157232704
8,clab-nebula-serf11,40,120,159,120,39,0,0.7547169811320755,1.0,0.7547169811320755
8,clab-nebula-serf11,45,124,159,124,35,0,0.779874213836478,1.0,0.779874213836478
8,clab-nebula-serf11,50,142,159,142,17,0,0.8930817610062893,1.0,0.8930817610062893
8,clab-nebula-serf11,55,154,159,154,5,0,0.9685534591194969,1.0,0.9685534591194969
8,clab-nebula-serf11,60,157,159,155,4,2,0.9748427672955975,0.9872611464968153,0.9627329192546584
8,clab-nebula-serf98,5,1,4,1,3,0,0.25,1.0,0.25
8,clab-nebula-serf98,10,7,7,7,0,0,1.0,1.0,1.0
8,clab-nebula-serf98,15,7,7,7,0,0,1.0,1.0,1.0
8,clab-nebula-serf98,20,8,122,7,115,1,0.05737704918032787,0.875,0.056910569105691054
8,clab-nebula-serf98,25,14,142,14,128,0,0.09859154929577464,1.0,0.09859154929577464
8,clab-nebula-serf98,30,29,159,29,130,0,0.18238993710691823,1.0,0.18238993710691823
8,clab-nebula-serf98,35,71,159,71,88,0,0.44654088050314467,1.0,0.44654088050314467
8,clab-nebula-serf98,40,121,159,121,38,0,0.7610062893081762,1.0,0.7610062893081762
8,clab-nebula-serf98,45,144,159,144,15,0,0.9056603773584906,1.0,0.9056603773584906
8,clab-nebula-serf98,50,156,159,156,3,0,0.9811320754716981,1.0,0.9811320754716981
8,clab-nebula-serf98,55,160,159,158,1,2,0.9937106918238994,0.9875,0.9813664596273292
8,clab-nebula-serf98,60,161,159,159,0,2,1.0,0.9875776397515528,0.9875776397515528
8,clab-nebula-serf138,5,0,0,0,0,0,0.0,0.0,0.0
8,clab-nebula-serf138,10,0,0,0,0,0,0.0,0.0,0.0
8,clab-nebula-serf138,15,1,40,1,39,0,0.025,1.0,0.025
8,clab-nebula-serf138,20,14,40,14,26,0,0.35,1.0,0.35
8,clab-nebula-serf138,25,14,40,14,26,0,0.35,1.0,0.35
8,clab-nebula-serf138,30,26,161,26,135,0,0.16149068322981366,1.0,0.16149068322981366
8,clab-nebula-serf138,35,43,161,43,118,0,0.2670807453416149,1.0,0.2670807453416149
8,clab-nebula-serf138,40,55,161,55,106,0,0.3416149068322981,1.0,0.3416149068322981
8,clab-nebula-serf138,45,90,161,90,71,0,0.5590062111801242,1.0,0.5590062111801242
8,clab-nebula-serf138,50,115,161,115,46,0,0.7142857142857143,1.0,0.7142857142857143
8,clab-nebula-serf138,55,137,161,137,24,0,0.8509316770186336,1.0,0.8509316770186336
8,clab-nebula-serf138,60,147,161,147,14,0,0.9130434782608695,1.0,0.9130434782608695
8,clab-nebula-serf150,5,0,0,0,0,0,0.0,0.0,0.0
8,clab-nebula-serf150,10,0,0,0,0,0,0.0,0.0,0.0
8,clab-nebula-serf150,15,1,5,1,4,0,0.2,1.0,0.2
8,clab-nebula-serf150,20,9,130,9,121,0,0.06923076923076923,1.0,0.06923076923076923
8,clab-nebula-serf150,25,17,161,17,144,0,0.10559006211180125,1.0,0.10559006211180125
8,clab-nebula-serf150,30,23,161,23,138,0,0.14285714285714285,1.0,0.14285714285714285
8,clab-nebula-serf150,35,42,161,42,119,0,0.2608695652173913,1.0,0.2608695652173913
8,clab-nebula-serf150,40,54,161,54,107,0,0.33540372670807456,1.0,0.33540372670807456
8,clab-nebula-serf150,45,79,161,79,82,0,0.4906832298136646,1.0,0.4906832298136646
8,clab-nebula-serf150,50,117,161,117,44,0,0.7267080745341615,1.0,0.7267080745341615
8,clab-nebula-serf150,55,141,159,139,20,2,0.8742138364779874,0.9858156028368794,0.8633540372670807
8,clab-nebula-serf150,60,152,159,150,9,2,0.9433962264150944,0.9868421052631579,0.9316770186335404
8,clab-nebula-serf18,5,0,0,0,0,0,0.0,0.0,0.0
8,clab-nebula-serf18,10,5,28,5,23,0,0.17857142857142858,1.0,0.17857142857142858
8,clab-nebula-serf18,15,20,159,20,139,0,0.12578616352201258,1.0,0.12578616352201258
8,clab-nebula-serf18,20,47,159,47,112,0,0.29559748427672955,1.0,0.29559748427672955
8,clab-nebula-serf18,25,75,159,75,84,0,0.4716981132075472,1.0,0.4716981132075472
8,clab-nebula-serf18,30,90,159,90,69,0,0.5660377358490566,1.0,0.5660377358490566
8,clab-nebula-serf18,35,103,159,103,56,0,0.6477987421383647,1.0,0.6477987421383647
8,clab-nebula-serf18,40,120,159,120,39,0,0.7547169811320755,1.0,0.7547169811320755
8,clab-nebula-serf18,45,123,159,123,36,0,0.7735849056603774,1.0,0.7735849056603774
8,clab-nebula-serf18,50,140,159,140,19,0,0.8805031446540881,1.0,0.8805031446540881
8,clab-nebula-serf18,55,151,159,151,8,0,0.949685534591195,1.0,0.949685534591195
8,clab-nebula-serf18,60,157,159,155,4,2,0.9748427672955975,0.9872611464968153,0.9627329192546584
8,clab-nebula-serf30,5,1,4,1,3,0,0.25,1.0,0.25
8,clab-nebula-serf30,10,13,159,13,146,0,0.08176100628930817,1.0,0.08176100628930817
8,clab-nebula-serf30,15,28,159,28,131,0,0.1761006289308176,1.0,0.1761006289308176
8,clab-nebula-serf30,20,45,159,45,114,0,0.2830188679245283,1.0,0.2830188679245283
8,clab-nebula-serf30,25,81,159,81,78,0,0.5094339622641509,1.0,0.5094339622641509
8,clab-nebula-serf30,30,93,159,93,66,0,0.5849056603773585,1.0,0.5849056603773585
8,clab-nebula-serf30,35,102,159,102,57,0,0.6415094339622641,1.0,0.6415094339622641
8,clab-nebula-serf30,40,119,159,119,40,0,0.7484276729559748,1.0,0.7484276729559748
8,clab-nebula-serf30,45,124,159,124,35,0,0.779874213836478,1.0,0.779874213836478
8,clab-nebula-serf30,50,128,159,128,31,0,0.8050314465408805,1.0,0.8050314465408805
8,clab-nebula-serf30,55,154,159,154,5,0,0.9685534591194969,1.0,0.9685534591194969
8,clab-nebula-serf30,60,154,159,154,5,0,0.9685534591194969,1.0,0.9685534591194969
8,clab-nebula-serf44,5,3,13,3,10,0,0.23076923076923078,1.0,0.23076923076923078
8,clab-nebula-serf44,10,10,34,10,24,0,0.29411764705882354,1.0,0.29411764705882354
8,clab-nebula-serf44,15,23,44,22,22,1,0.5,0.9565217391304348,0.4888888888888889
8,clab-nebula-serf44,20,47,88,44,44,3,0.5,0.9361702127659575,0.4835164835164835
8,clab-nebula-serf44,25,81,159,81,78,0,0.5094339622641509,1.0,0.5094339622641509
8,clab-nebula-serf44,30,99,159,99,60,0,0.6226415094339622,1.0,0.6226415094339622
8,clab-nebula-serf44,35,120,159,120,39,0,0.7547169811320755,1.0,0.7547169811320755
8,clab-nebula-serf44,40,124,159,124,35,0,0.779874213836478,1.0,0.779874213836478
8,clab-nebula-serf44,45,127,159,127,32,0,0.7987421383647799,1.0,0.7987421383647799
8,clab-nebula-serf44,50,154,159,154,5,0,0.9685534591194969,1.0,0.9685534591194969
8,clab-nebula-serf44,55,154,159,154,5,0,0.9685534591194969,1.0,0.9685534591194969
8,clab-nebula-serf44,60,156,159,155,4,1,0.9748427672955975,0.9935897435897436,0.96875
8,clab-nebula-serf131,5,0,0,0,0,0,0.0,0.0,0.0
8,clab-nebula-serf131,10,0,0,0,0,0,0.0,0.0,0.0
8,clab-nebula-serf131,15,3,36,3,33,0,0.08333333333333333,1.0,0.08333333333333333
8,clab-nebula-serf131,20,14,36,14,22,0,0.3888888888888889,1.0,0.3888888888888889
8,clab-nebula-serf131,25,18,36,18,18,0,0.5,1.0,0.5
8,clab-nebula-serf131,30,29,161,29,132,0,0.18012422360248448,1.0,0.18012422360248448
8,clab-nebula-serf131,35,45,161,45,116,0,0.2795031055900621,1.0,0.2795031055900621
8,clab-nebula-serf131,40,69,151,59,92,10,0.39072847682119205,0.855072463768116,0.36645962732919257
8,clab-nebula-serf131,45,95,151,85,66,10,0.5629139072847682,0.8947368421052632,0.5279503105590062
8,clab-nebula-serf131,50,122,151,112,39,10,0.7417218543046358,0.9180327868852459,0.6956521739130435
8,clab-nebula-serf131,55,137,151,127,24,10,0.8410596026490066,0.927007299270073,0.7888198757763976
8,clab-nebula-serf131,60,149,151,139,12,10,0.9205298013245033,0.9328859060402684,0.8633540372670807
8,clab-nebula-serf35,5,0,0,0,0,0,0.0,0.0,0.0
8,clab-nebula-serf35,10,1,26,1,25,0,0.038461538461538464,1.0,0.038461538461538464
8,clab-nebula-serf35,15,7,62,6,56,1,0.0967741935483871,0.8571428571428571,0.09523809523809523
8,clab-nebula-serf35,20,26,159,26,133,0,0.16352201257861634,1.0,0.16352201257861634
8,clab-nebula-serf35,25,63,159,63,96,0,0.39622641509433965,1.0,0.39622641509433965
8,clab-nebula-serf35,30,85,159,85,74,0,0.5345911949685535,1.0,0.5345911949685535
8,clab-nebula-serf35,35,95,159,95,64,0,0.5974842767295597,1.0,0.5974842767295597
8,clab-nebula-serf35,40,111,159,111,48,0,0.6981132075471698,1.0,0.6981132075471698
8,clab-nebula-serf35,45,121,159,121,38,0,0.7610062893081762,1.0,0.7610062893081762
8,clab-nebula-serf35,50,124,159,124,35,0,0.779874213836478,1.0,0.779874213836478
8,clab-nebula-serf35,55,145,159,145,14,0,0.9119496855345912,1.0,0.9119496855345912
8,clab-nebula-serf35,60,154,159,154,5,0,0.9685534591194969,1.0,0.9685534591194969
8,clab-nebula-serf40,5,0,0,0,0,0,0.0,0.0,0.0
8,clab-nebula-serf40,10,1,41,1,40,0,0.024390243902439025,1.0,0.024390243902439025
8,clab-nebula-serf40,15,11,159,11,148,0,0.06918238993710692,1.0,0.06918238993710692
8,clab-nebula-serf40,20,35,159,35,124,0,0.22012578616352202,1.0,0.22012578616352202
8,clab-nebula-serf40,25,71,159,71,88,0,0.44654088050314467,1.0,0.44654088050314467
8,clab-nebula-serf40,30,87,159,87,72,0,0.5471698113207547,1.0,0.5471698113207547
8,clab-nebula-serf40,35,98,159,98,61,0,0.6163522012578616,1.0,0.6163522012578616
8,clab-nebula-serf40,40,118,159,118,41,0,0.7421383647798742,1.0,0.7421383647798742
8,clab-nebula-serf40,45,122,159,122,37,0,0.7672955974842768,1.0,0.7672955974842768
8,clab-nebula-serf40,50,126,159,126,33,0,0.7924528301886793,1.0,0.7924528301886793
8,clab-nebula-serf40,55,153,159,153,6,0,0.9622641509433962,1.0,0.9622641509433962
8,clab-nebula-serf40,60,154,159,154,5,0,0.9685534591194969,1.0,0.9685534591194969
8,clab-nebula-serf144,5,0,0,0,0,0,0.0,0.0,0.0
8,clab-nebula-serf144,10,0,0,0,0,0,0.0,0.0,0.0
8,clab-nebula-serf144,15,7,31,7,24,0,0.22580645161290322,1.0,0.22580645161290322
8,clab-nebula-serf144,20,12,75,12,63,0,0.16,1.0,0.16
8,clab-nebula-serf144,25,23,161,23,138,0,0.14285714285714285,1.0,0.14285714285714285
8,clab-nebula-serf144,30,55,161,55,106,0,0.3416149068322981,1.0,0.3416149068322981
8,clab-nebula-serf144,35,60,161,60,101,0,0.37267080745341613,1.0,0.37267080745341613
8,clab-nebula-serf144,40,95,161,95,66,0,0.5900621118012422,1.0,0.5900621118012422
8,clab-nebula-serf144,45,126,161,126,35,0,0.782608695652174,1.0,0.782608695652174
8,clab-nebula-serf144,50,141,161,141,20,0,0.8757763975155279,1.0,0.8757763975155279
8,clab-nebula-serf144,55,151,153,143,10,8,0.934640522875817,0.9470198675496688,0.8881987577639752
8,clab-nebula-serf144,60,155,153,147,6,8,0.9607843137254902,0.9483870967741935,0.9130434782608695
8,clab-nebula-serf152,5,0,0,0,0,0,0.0,0.0,0.0
8,clab-nebula-serf152,10,1,130,1,129,0,0.007692307692307693,1.0,0.007692307692307693
8,clab-nebula-serf152,15,11,130,11,119,0,0.08461538461538462,1.0,0.08461538461538462
8,clab-nebula-serf152,20,14,130,14,116,0,0.1076923076923077,1.0,0.1076923076923077
8,clab-nebula-serf152,25,24,161,24,137,0,0.14906832298136646,1.0,0.14906832298136646
8,clab-nebula-serf152,30,47,161,47,114,0,0.2919254658385093,1.0,0.2919254658385093
8,clab-nebula-serf152,35,60,161,60,101,0,0.37267080745341613,1.0,0.37267080745341613
8,clab-nebula-serf152,40,89,161,89,72,0,0.5527950310559007,1.0,0.5527950310559007
8,clab-nebula-serf152,45,122,161,122,39,0,0.7577639751552795,1.0,0.7577639751552795
8,clab-nebula-serf152,50,143,159,143,16,0,0.89937106918239,1.0,0.89937106918239
8,clab-nebula-serf152,55,152,159,150,9,2,0.9433962264150944,0.9868421052631579,0.9316770186335404
8,clab-nebula-serf152,60,156,159,154,5,2,0.9685534591194969,0.9871794871794872,0.9565217391304348
8,clab-nebula-serf162,5,0,0,0,0,0,0.0,0.0,0.0
8,clab-nebula-serf162,10,0,0,0,0,0,0.0,0.0,0.0
8,clab-nebula-serf162,15,5,20,5,15,0,0.25,1.0,0.25
8,clab-nebula-serf162,20,5,20,5,15,0,0.25,1.0,0.25
8,clab-nebula-serf162,25,5,20,5,15,0,0.25,1.0,0.25
8,clab-nebula-serf162,30,9,24,9,15,0,0.375,1.0,0.375
8,clab-nebula-serf162,35,20,161,20,141,0,0.12422360248447205,1.0,0.12422360248447205
8,clab-nebula-serf162,40,35,161,35,126,0,0.21739130434782608,1.0,0.21739130434782608
8,clab-nebula-serf162,45,40,161,40,121,0,0.2484472049689441,1.0,0.2484472049689441
8,clab-nebula-serf162,50,54,161,54,107,0,0.33540372670807456,1.0,0.33540372670807456
8,clab-nebula-serf162,55,74,161,74,87,0,0.45962732919254656,1.0,0.45962732919254656
8,clab-nebula-serf162,60,113,161,113,48,0,0.7018633540372671,1.0,0.7018633540372671
8,clab-nebula-serf41,5,0,0,0,0,0,0.0,0.0,0.0
8,clab-nebula-serf41,10,0,0,0,0,0,0.0,0.0,0.0
8,clab-nebula-serf41,15,1,28,1,27,0,0.03571428571428571,1.0,0.03571428571428571
8,clab-nebula-serf41,20,14,159,14,145,0,0.0880503144654088,1.0,0.0880503144654088
8,clab-nebula-serf41,25,40,159,40,119,0,0.25157232704402516,1.0,0.25157232704402516
8,clab-nebula-serf41,30,74,159,74,85,0,0.46540880503144655,1.0,0.46540880503144655
8,clab-nebula-serf41,35,89,159,89,70,0,0.559748427672956,1.0,0.559748427672956
8,clab-nebula-serf41,40,99,159,99,60,0,0.6226415094339622,1.0,0.6226415094339622
8,clab-nebula-serf41,45,118,159,118,41,0,0.7421383647798742,1.0,0.7421383647798742
8,clab-nebula-serf41,50,121,159,121,38,0,0.7610062893081762,1.0,0.7610062893081762
8,clab-nebula-serf41,55,126,159,126,33,0,0.7924528301886793,1.0,0.7924528301886793
8,clab-nebula-serf41,60,153,159,153,6,0,0.9622641509433962,1.0,0.9622641509433962
8,clab-nebula-serf72,5,1,17,1,16,0,0.058823529411764705,1.0,0.058823529411764705
8,clab-nebula-serf72,10,16,159,16,143,0,0.10062893081761007,1.0,0.10062893081761007
8,clab-nebula-serf72,15,31,159,31,128,0,0.1949685534591195,1.0,0.1949685534591195
8,clab-nebula-serf72,20,54,161,54,107,0,0.33540372670807456,1.0,0.33540372670807456
8,clab-nebula-serf72,25,84,159,84,75,0,0.5283018867924528,1.0,0.5283018867924528
8,clab-nebula-serf72,30,110,159,110,49,0,0.6918238993710691,1.0,0.6918238993710691
8,clab-nebula-serf72,35,121,159,121,38,0,0.7610062893081762,1.0,0.7610062893081762
8,clab-nebula-serf72,40,125,159,125,34,0,0.7861635220125787,1.0,0.7861635220125787
8,clab-nebula-serf72,45,150,159,150,9,0,0.9433962264150944,1.0,0.9433962264150944
8,clab-nebula-serf72,50,154,159,154,5,0,0.9685534591194969,1.0,0.9685534591194969
8,clab-nebula-serf72,55,158,159,156,3,2,0.9811320754716981,0.9873417721518988,0.968944099378882
8,clab-nebula-serf72,60,161,159,159,0,2,1.0,0.9875776397515528,0.9875776397515528
8,clab-nebula-serf141,5,0,0,0,0,0,0.0,0.0,0.0
8,clab-nebula-serf141,10,0,0,0,0,0,0.0,0.0,0.0
8,clab-nebula-serf141,15,0,0,0,0,0,0.0,0.0,0.0
8,clab-nebula-serf141,20,14,40,14,26,0,0.35,1.0,0.35
8,clab-nebula-serf141,25,14,40,14,26,0,0.35,1.0,0.35
8,clab-nebula-serf141,30,26,161,26,135,0,0.16149068322981366,1.0,0.16149068322981366
8,clab-nebula-serf141,35,43,161,43,118,0,0.2670807453416149,1.0,0.2670807453416149
8,clab-nebula-serf141,40,59,161,59,102,0,0.36645962732919257,1.0,0.36645962732919257
8,clab-nebula-serf141,45,90,161,90,71,0,0.5590062111801242,1.0,0.5590062111801242
8,clab-nebula-serf141,50,116,161,116,45,0,0.7204968944099379,1.0,0.7204968944099379
8,clab-nebula-serf141,55,137,161,137,24,0,0.8509316770186336,1.0,0.8509316770186336
8,clab-nebula-serf141,60,149,161,149,12,0,0.9254658385093167,1.0,0.9254658385093167
8,clab-nebula-serf25,5,0,0,0,0,0,0.0,0.0,0.0
8,clab-nebula-serf25,10,4,19,4,15,0,0.21052631578947367,1.0,0.21052631578947367
8,clab-nebula-serf25,15,12,159,12,147,0,0.07547169811320754,1.0,0.07547169811320754
8,clab-nebula-serf25,20,28,159,28,131,0,0.1761006289308176,1.0,0.1761006289308176
8,clab-nebula-serf25,25,44,159,44,115,0,0.27672955974842767,1.0,0.27672955974842767
8,clab-nebula-serf25,30,81,159,81,78,0,0.5094339622641509,1.0,0.5094339622641509
8,clab-nebula-serf25,35,93,159,93,66,0,0.5849056603773585,1.0,0.5849056603773585
8,clab-nebula-serf25,40,102,159,102,57,0,0.6415094339622641,1.0,0.6415094339622641
8,clab-nebula-serf25,45,119,159,119,40,0,0.7484276729559748,1.0,0.7484276729559748
8,clab-nebula-serf25,50,124,159,124,35,0,0.779874213836478,1.0,0.779874213836478
8,clab-nebula-serf25,55,127,159,127,32,0,0.7987421383647799,1.0,0.7987421383647799
8,clab-nebula-serf25,60,154,159,154,5,0,0.9685534591194969,1.0,0.9685534591194969
8,clab-nebula-serf50,5,3,17,3,14,0,0.17647058823529413,1.0,0.17647058823529413
8,clab-nebula-serf50,10,8,17,8,9,0,0.47058823529411764,1.0,0.47058823529411764
8,clab-nebula-serf50,15,23,44,22,22,1,0.5,0.9565217391304348,0.4888888888888889
8,clab-nebula-serf50,20,41,88,39,49,2,0.4431818181818182,0.9512195121951219,0.43333333333333335
8,clab-nebula-serf50,25,81,159,81,78,0,0.5094339622641509,1.0,0.5094339622641509
8,clab-nebula-serf50,30,93,159,93,66,0,0.5849056603773585,1.0,0.5849056603773585
8,clab-nebula-serf50,35,118,159,118,41,0,0.7421383647798742,1.0,0.7421383647798742
8,clab-nebula-serf50,40,122,159,122,37,0,0.7672955974842768,1.0,0.7672955974842768
8,clab-nebula-serf50,45,125,159,125,34,0,0.7861635220125787,1.0,0.7861635220125787
8,clab-nebula-serf50,50,153,159,153,6,0,0.9622641509433962,1.0,0.9622641509433962
8,clab-nebula-serf50,55,154,159,154,5,0,0.9685534591194969,1.0,0.9685534591194969
8,clab-nebula-serf50,60,156,159,155,4,1,0.9748427672955975,0.9935897435897436,0.96875
8,clab-nebula-serf51,5,1,44,1,43,0,0.022727272727272728,1.0,0.022727272727272728
8,clab-nebula-serf51,10,9,47,9,38,0,0.19148936170212766,1.0,0.19148936170212766
8,clab-nebula-serf51,15,24,101,23,78,1,0.22772277227722773,0.9583333333333334,0.22549019607843138
8,clab-nebula-serf51,20,64,159,64,95,0,0.4025157232704403,1.0,0.4025157232704403
8,clab-nebula-serf51,25,83,159,83,76,0,0.5220125786163522,1.0,0.5220125786163522
8,clab-nebula-serf51,30,97,159,97,62,0,0.610062893081761,1.0,0.610062893081761
8,clab-nebula-serf51,35,118,159,118,41,0,0.7421383647798742,1.0,0.7421383647798742
8,clab-nebula-serf51,40,121,159,121,38,0,0.7610062893081762,1.0,0.7610062893081762
8,clab-nebula-serf51,45,126,159,126,33,0,0.7924528301886793,1.0,0.7924528301886793
8,clab-nebula-serf51,50,152,159,152,7,0,0.9559748427672956,1.0,0.9559748427672956
8,clab-nebula-serf51,55,154,159,154,5,0,0.9685534591194969,1.0,0.9685534591194969
8,clab-nebula-serf51,60,157,159,155,4,2,0.9748427672955975,0.9872611464968153,0.9627329192546584
8,clab-nebula-serf66,5,0,0,0,0,0,0.0,0.0,0.0
8,clab-nebula-serf66,10,4,17,4,13,0,0.23529411764705882,1.0,0.23529411764705882
8,clab-nebula-serf66,15,27,159,27,132,0,0.16981132075471697,1.0,0.16981132075471697
8,clab-nebula-serf66,20,44,159,44,115,0,0.27672955974842767,1.0,0.27672955974842767
8,clab-nebula-serf66,25,79,159,79,80,0,0.4968553459119497,1.0,0.4968553459119497
8,clab-nebula-serf66,30,106,159,106,53,0,0.6666666666666666,1.0,0.6666666666666666
8,clab-nebula-serf66,35,116,159,116,43,0,0.7295597484276729,1.0,0.7295597484276729
8,clab-nebula-serf66,40,123,159,123,36,0,0.7735849056603774,1.0,0.7735849056603774
8,clab-nebula-serf66,45,136,159,136,23,0,0.8553459119496856,1.0,0.8553459119496856
8,clab-nebula-serf66,50,154,159,154,5,0,0.9685534591194969,1.0,0.9685534591194969
8,clab-nebula-serf66,55,154,159,154,5,0,0.9685534591194969,1.0,0.9685534591194969
8,clab-nebula-serf66,60,158,159,156,3,2,0.9811320754716981,0.9873417721518988,0.968944099378882
8,clab-nebula-serf86,5,3,3,3,0,0,1.0,1.0,1.0
8,clab-nebula-serf86,10,4,5,4,1,0,0.8,1.0,0.8
8,clab-nebula-serf86,15,11,71,11,60,0,0.15492957746478872,1.0,0.15492957746478872
8,clab-nebula-serf86,20,29,123,28,95,1,0.22764227642276422,0.9655172413793104,0.22580645161290322
8,clab-nebula-serf86,25,56,144,55,89,1,0.3819444444444444,0.9821428571428571,0.3793103448275862
8,clab-nebula-serf86,30,85,138,74,64,11,0.5362318840579711,0.8705882352941177,0.4966442953020134
8,clab-nebula-serf86,35,115,151,115,36,0,0.7615894039735099,1.0,0.7615894039735099
8,clab-nebula-serf86,40,120,151,120,31,0,0.7947019867549668,1.0,0.7947019867549668
8,clab-nebula-serf86,45,134,151,134,17,0,0.8874172185430463,1.0,0.8874172185430463
8,clab-nebula-serf86,50,145,151,143,8,2,0.9470198675496688,0.9862068965517241,0.934640522875817
8,clab-nebula-serf86,55,155,151,145,6,10,0.9602649006622517,0.9354838709677419,0.9006211180124224
8,clab-nebula-serf86,60,160,151,150,1,10,0.9933774834437086,0.9375,0.9316770186335404
8,clab-nebula-serf90,5,2,79,2,77,0,0.02531645569620253,1.0,0.02531645569620253
8,clab-nebula-serf90,10,9,79,9,70,0,0.11392405063291139,1.0,0.11392405063291139
8,clab-nebula-serf90,15,30,159,30,129,0,0.18867924528301888,1.0,0.18867924528301888
8,clab-nebula-serf90,20,49,159,49,110,0,0.3081761006289308,1.0,0.3081761006289308
8,clab-nebula-serf90,25,78,159,78,81,0,0.49056603773584906,1.0,0.49056603773584906
8,clab-nebula-serf90,30,101,159,101,58,0,0.6352201257861635,1.0,0.6352201257861635
8,clab-nebula-serf90,35,119,159,119,40,0,0.7484276729559748,1.0,0.7484276729559748
8,clab-nebula-serf90,40,122,159,122,37,0,0.7672955974842768,1.0,0.7672955974842768
8,clab-nebula-serf90,45,137,159,137,22,0,0.8616352201257862,1.0,0.8616352201257862
8,clab-nebula-serf90,50,154,159,154,5,0,0.9685534591194969,1.0,0.9685534591194969
8,clab-nebula-serf90,55,155,159,155,4,0,0.9748427672955975,1.0,0.9748427672955975
8,clab-nebula-serf90,60,159,159,157,2,2,0.9874213836477987,0.9874213836477987,0.9751552795031055
8,clab-nebula-serf143,5,0,0,0,0,0,0.0,0.0,0.0
8,clab-nebula-serf143,10,0,0,0,0,0,0.0,0.0,0.0
8,clab-nebula-serf143,15,1,27,1,26,0,0.037037037037037035,1.0,0.037037037037037035
8,clab-nebula-serf143,20,2,28,2,26,0,0.07142857142857142,1.0,0.07142857142857142
8,clab-nebula-serf143,25,7,28,7,21,0,0.25,1.0,0.25
8,clab-nebula-serf143,30,13,75,12,63,1,0.16,0.9230769230769231,0.15789473684210525
8,clab-nebula-serf143,35,32,161,32,129,0,0.19875776397515527,1.0,0.19875776397515527
8,clab-nebula-serf143,40,56,161,56,105,0,0.34782608695652173,1.0,0.34782608695652173
8,clab-nebula-serf143,45,66,161,66,95,0,0.40993788819875776,1.0,0.40993788819875776
8,clab-nebula-serf143,50,103,161,103,58,0,0.639751552795031,1.0,0.639751552795031
8,clab-nebula-serf143,55,130,161,130,31,0,0.8074534161490683,1.0,0.8074534161490683
8,clab-nebula-serf143,60,145,161,145,16,0,0.9006211180124224,1.0,0.9006211180124224
8,clab-nebula-serf7,5,1,1,1,0,0,1.0,1.0,1.0
8,clab-nebula-serf7,10,9,41,9,32,0,0.21951219512195122,1.0,0.21951219512195122
8,clab-nebula-serf7,15,19,41,19,22,0,0.4634146341463415,1.0,0.4634146341463415
8,clab-nebula-serf7,20,33,41,29,12,4,0.7073170731707317,0.8787878787878788,0.6444444444444445
8,clab-nebula-serf7,25,67,159,67,92,0,0.42138364779874216,1.0,0.42138364779874216
8,clab-nebula-serf7,30,86,159,86,73,0,0.5408805031446541,1.0,0.5408805031446541
8,clab-nebula-serf7,35,99,159,99,60,0,0.6226415094339622,1.0,0.6226415094339622
8,clab-nebula-serf7,40,117,159,117,42,0,0.7358490566037735,1.0,0.7358490566037735
8,clab-nebula-serf7,45,120,159,120,39,0,0.7547169811320755,1.0,0.7547169811320755
8,clab-nebula-serf7,50,124,159,124,35,0,0.779874213836478,1.0,0.779874213836478
8,clab-nebula-serf7,55,151,159,151,8,0,0.949685534591195,1.0,0.949685534591195
8,clab-nebula-serf7,60,156,159,154,5,2,0.9685534591194969,0.9871794871794872,0.9565217391304348
8,clab-nebula-serf37,5,2,159,2,157,0,0.012578616352201259,1.0,0.012578616352201259
8,clab-nebula-serf37,10,8,49,7,42,1,0.14285714285714285,0.875,0.14
8,clab-nebula-serf37,15,29,159,29,130,0,0.18238993710691823,1.0,0.18238993710691823
8,clab-nebula-serf37,20,65,159,65,94,0,0.4088050314465409,1.0,0.4088050314465409
8,clab-nebula-serf37,25,85,159,85,74,0,0.5345911949685535,1.0,0.5345911949685535
8,clab-nebula-serf37,30,96,159,96,63,0,0.6037735849056604,1.0,0.6037735849056604
8,clab-nebula-serf37,35,111,159,111,48,0,0.6981132075471698,1.0,0.6981132075471698
8,clab-nebula-serf37,40,121,159,121,38,0,0.7610062893081762,1.0,0.7610062893081762
8,clab-nebula-serf37,45,124,159,124,35,0,0.779874213836478,1.0,0.779874213836478
8,clab-nebula-serf37,50,146,159,146,13,0,0.9182389937106918,1.0,0.9182389937106918
8,clab-nebula-serf37,55,154,159,154,5,0,0.9685534591194969,1.0,0.9685534591194969
8,clab-nebula-serf37,60,156,159,155,4,1,0.9748427672955975,0.9935897435897436,0.96875
8,clab-nebula-serf43,5,0,0,0,0,0,0.0,0.0,0.0
8,clab-nebula-serf43,10,5,20,5,15,0,0.25,1.0,0.25
8,clab-nebula-serf43,15,13,47,12,35,1,0.2553191489361702,0.9230769230769231,0.25
8,clab-nebula-serf43,20,27,49,26,23,1,0.5306122448979592,0.9629629629629629,0.52
8,clab-nebula-serf43,25,52,101,51,50,1,0.504950495049505,0.9807692307692307,0.5
8,clab-nebula-serf43,30,82,159,82,77,0,0.5157232704402516,1.0,0.5157232704402516
8,clab-nebula-serf43,35,98,159,98,61,0,0.6163522012578616,1.0,0.6163522012578616
8,clab-nebula-serf43,40,119,159,119,40,0,0.7484276729559748,1.0,0.7484276729559748
8,clab-nebula-serf43,45,124,159,124,35,0,0.779874213836478,1.0,0.779874213836478
8,clab-nebula-serf43,50,126,159,126,33,0,0.7924528301886793,1.0,0.7924528301886793
8,clab-nebula-serf43,55,154,159,154,5,0,0.9685534591194969,1.0,0.9685534591194969
8,clab-nebula-serf43,60,154,159,154,5,0,0.9685534591194969,1.0,0.9685534591194969
8,clab-nebula-serf58,5,5,18,5,13,0,0.2777777777777778,1.0,0.2777777777777778
8,clab-nebula-serf58,10,19,99,18,81,1,0.18181818181818182,0.9473684210526315,0.18
8,clab-nebula-serf58,15,57,159,57,102,0,0.3584905660377358,1.0,0.3584905660377358
8,clab-nebula-serf58,20,79,159,79,80,0,0.4968553459119497,1.0,0.4968553459119497
8,clab-nebula-serf58,25,93,159,93,66,0,0.5849056603773585,1.0,0.5849056603773585
8,clab-nebula-serf58,30,118,159,118,41,0,0.7421383647798742,1.0,0.7421383647798742
8,clab-nebula-serf58,35,122,159,122,37,0,0.7672955974842768,1.0,0.7672955974842768
8,clab-nebula-serf58,40,125,159,125,34,0,0.7861635220125787,1.0,0.7861635220125787
8,clab-nebula-serf58,45,153,159,153,6,0,0.9622641509433962,1.0,0.9622641509433962
8,clab-nebula-serf58,50,154,159,154,5,0,0.9685534591194969,1.0,0.9685534591194969
8,clab-nebula-serf58,55,156,159,155,4,1,0.9748427672955975,0.9935897435897436,0.96875
8,clab-nebula-serf58,60,160,159,158,1,2,0.9937106918238994,0.9875,0.9813664596273292
8,clab-nebula-serf61,5,5,23,5,18,0,0.21739130434782608,1.0,0.21739130434782608
8,clab-nebula-serf61,10,20,101,19,82,1,0.18811881188118812,0.95,0.18627450980392157
8,clab-nebula-serf61,15,61,159,61,98,0,0.3836477987421384,1.0,0.3836477987421384
8,clab-nebula-serf61,20,79,159,79,80,0,0.4968553459119497,1.0,0.4968553459119497
8,clab-nebula-serf61,25,93,159,93,66,0,0.5849056603773585,1.0,0.5849056603773585
8,clab-nebula-serf61,30,118,159,118,41,0,0.7421383647798742,1.0,0.7421383647798742
8,clab-nebula-serf61,35,121,159,121,38,0,0.7610062893081762,1.0,0.7610062893081762
8,clab-nebula-serf61,40,124,159,124,35,0,0.779874213836478,1.0,0.779874213836478
8,clab-nebula-serf61,45,149,159,149,10,0,0.9371069182389937,1.0,0.9371069182389937
8,clab-nebula-serf61,50,154,159,154,5,0,0.9685534591194969,1.0,0.9685534591194969
8,clab-nebula-serf61,55,156,159,155,4,1,0.9748427672955975,0.9935897435897436,0.96875
8,clab-nebula-serf61,60,158,159,156,3,2,0.9811320754716981,0.9873417721518988,0.968944099378882
8,clab-nebula-serf112,5,0,0,0,0,0,0.0,0.0,0.0
8,clab-nebula-serf112,10,0,0,0,0,0,0.0,0.0,0.0
8,clab-nebula-serf112,15,0,0,0,0,0,0.0,0.0,0.0
8,clab-nebula-serf112,20,0,0,0,0,0,0.0,0.0,0.0
8,clab-nebula-serf112,25,5,160,5,155,0,0.03125,1.0,0.03125
8,clab-nebula-serf112,30,18,161,18,143,0,0.11180124223602485,1.0,0.11180124223602485
8,clab-nebula-serf112,35,34,160,34,126,0,0.2125,1.0,0.2125
8,clab-nebula-serf112,40,64,160,64,96,0,0.4,1.0,0.4
8,clab-nebula-serf112,45,103,160,103,57,0,0.64375,1.0,0.64375
8,clab-nebula-serf112,50,136,160,136,24,0,0.85,1.0,0.85
8,clab-nebula-serf112,55,148,159,147,12,1,0.9245283018867925,0.9932432432432432,0.91875
8,clab-nebula-serf112,60,159,159,157,2,2,0.9874213836477987,0.9874213836477987,0.9751552795031055
8,clab-nebula-serf15,5,1,10,1,9,0,0.1,1.0,0.1
8,clab-nebula-serf15,10,14,62,14,48,0,0.22580645161290322,1.0,0.22580645161290322
8,clab-nebula-serf15,15,32,101,31,70,1,0.3069306930693069,0.96875,0.30392156862745096
8,clab-nebula-serf15,20,68,159,68,91,0,0.4276729559748428,1.0,0.4276729559748428
8,clab-nebula-serf15,25,88,159,88,71,0,0.5534591194968553,1.0,0.5534591194968553
8,clab-nebula-serf15,30,100,159,100,59,0,0.6289308176100629,1.0,0.6289308176100629
8,clab-nebula-serf15,35,117,159,117,42,0,0.7358490566037735,1.0,0.7358490566037735
8,clab-nebula-serf15,40,121,159,121,38,0,0.7610062893081762,1.0,0.7610062893081762
8,clab-nebula-serf15,45,124,159,124,35,0,0.779874213836478,1.0,0.779874213836478
8,clab-nebula-serf15,50,151,159,151,8,0,0.949685534591195,1.0,0.949685534591195
8,clab-nebula-serf15,55,154,159,154,5,0,0.9685534591194969,1.0,0.9685534591194969
8,clab-nebula-serf15,60,158,159,156,3,2,0.9811320754716981,0.9873417721518988,0.968944099378882
8,clab-nebula-serf16,5,2,8,2,6,0,0.25,1.0,0.25
8,clab-nebula-serf16,10,17,62,17,45,0,0.27419354838709675,1.0,0.27419354838709675
8,clab-nebula-serf16,15,33,101,32,69,1,0.31683168316831684,0.9696969696969697,0.3137254901960784
8,clab-nebula-serf16,20,69,159,69,90,0,0.4339622641509434,1.0,0.4339622641509434
8,clab-nebula-serf16,25,88,159,88,71,0,0.5534591194968553,1.0,0.5534591194968553
8,clab-nebula-serf16,30,101,159,101,58,0,0.6352201257861635,1.0,0.6352201257861635
8,clab-nebula-serf16,35,119,159,119,40,0,0.7484276729559748,1.0,0.7484276729559748
8,clab-nebula-serf16,40,121,159,121,38,0,0.7610062893081762,1.0,0.7610062893081762
8,clab-nebula-serf16,45,126,159,126,33,0,0.7924528301886793,1.0,0.7924528301886793
8,clab-nebula-serf16,50,151,159,151,8,0,0.949685534591195,1.0,0.949685534591195
8,clab-nebula-serf16,55,155,159,154,5,1,0.9685534591194969,0.9935483870967742,0.9625
8,clab-nebula-serf16,60,158,159,156,3,2,0.9811320754716981,0.9873417721518988,0.968944099378882
8,clab-nebula-serf77,5,3,123,3,120,0,0.024390243902439025,1.0,0.024390243902439025
8,clab-nebula-serf77,10,24,159,24,135,0,0.1509433962264151,1.0,0.1509433962264151
8,clab-nebula-serf77,15,38,159,38,121,0,0.2389937106918239,1.0,0.2389937106918239
8,clab-nebula-serf77,20,67,159,67,92,0,0.42138364779874216,1.0,0.42138364779874216
8,clab-nebula-serf77,25,90,159,90,69,0,0.5660377358490566,1.0,0.5660377358490566
8,clab-nebula-serf77,30,113,159,113,46,0,0.710691823899371,1.0,0.710691823899371
8,clab-nebula-serf77,35,121,159,121,38,0,0.7610062893081762,1.0,0.7610062893081762
8,clab-nebula-serf77,40,125,159,125,34,0,0.7861635220125787,1.0,0.7861635220125787
8,clab-nebula-serf77,45,151,159,151,8,0,0.949685534591195,1.0,0.949685534591195
8,clab-nebula-serf77,50,154,159,154,5,0,0.9685534591194969,1.0,0.9685534591194969
8,clab-nebula-serf77,55,158,159,156,3,2,0.9811320754716981,0.9873417721518988,0.968944099378882
8,clab-nebula-serf77,60,161,159,159,0,2,1.0,0.9875776397515528,0.9875776397515528
8,clab-nebula-serf121,5,0,0,0,0,0,0.0,0.0,0.0
8,clab-nebula-serf121,10,1,22,1,21,0,0.045454545454545456,1.0,0.045454545454545456
8,clab-nebula-serf121,15,8,161,8,153,0,0.049689440993788817,1.0,0.049689440993788817
8,clab-nebula-serf121,20,15,159,15,144,0,0.09433962264150944,1.0,0.09433962264150944
8,clab-nebula-serf121,25,32,151,31,120,1,0.2052980132450331,0.96875,0.20394736842105263
8,clab-nebula-serf121,30,81,151,71,80,10,0.47019867549668876,0.8765432098765432,0.4409937888198758
8,clab-nebula-serf121,35,121,151,111,40,10,0.7350993377483444,0.9173553719008265,0.6894409937888198
8,clab-nebula-serf121,40,138,151,128,23,10,0.847682119205298,0.927536231884058,0.7950310559006211
8,clab-nebula-serf121,45,148,151,138,13,10,0.9139072847682119,0.9324324324324325,0.8571428571428571
8,clab-nebula-serf121,50,160,151,150,1,10,0.9933774834437086,0.9375,0.9316770186335404
8,clab-nebula-serf121,55,161,151,151,0,10,1.0,0.937888198757764,0.937888198757764
8,clab-nebula-serf121,60,161,151,151,0,10,1.0,0.937888198757764,0.937888198757764
8,clab-nebula-serf140,5,0,0,0,0,0,0.0,0.0,0.0
8,clab-nebula-serf140,10,0,0,0,0,0,0.0,0.0,0.0
8,clab-nebula-serf140,15,0,0,0,0,0,0.0,0.0,0.0
8,clab-nebula-serf140,20,13,40,13,27,0,0.325,1.0,0.325
8,clab-nebula-serf140,25,14,40,14,26,0,0.35,1.0,0.35
8,clab-nebula-serf140,30,25,40,24,16,1,0.6,0.96,0.5853658536585366
8,clab-nebula-serf140,35,39,161,39,122,0,0.2422360248447205,1.0,0.2422360248447205
8,clab-nebula-serf140,40,52,161,52,109,0,0.32298136645962733,1.0,0.32298136645962733
8,clab-nebula-serf140,45,82,161,82,79,0,0.5093167701863354,1.0,0.5093167701863354
8,clab-nebula-serf140,50,108,161,108,53,0,0.6708074534161491,1.0,0.6708074534161491
8,clab-nebula-serf140,55,136,161,136,25,0,0.84472049689441,1.0,0.84472049689441
8,clab-nebula-serf140,60,145,161,145,16,0,0.9006211180124224,1.0,0.9006211180124224
8,clab-nebula-serf148,5,0,0,0,0,0,0.0,0.0,0.0
8,clab-nebula-serf148,10,0,0,0,0,0,0.0,0.0,0.0
8,clab-nebula-serf148,15,0,0,0,0,0,0.0,0.0,0.0
8,clab-nebula-serf148,20,6,130,6,124,0,0.046153846153846156,1.0,0.046153846153846156
8,clab-nebula-serf148,25,12,130,12,118,0,0.09230769230769231,1.0,0.09230769230769231
8,clab-nebula-serf148,30,22,161,22,139,0,0.13664596273291926,1.0,0.13664596273291926
8,clab-nebula-serf148,35,38,161,38,123,0,0.2360248447204969,1.0,0.2360248447204969
8,clab-nebula-serf148,40,52,161,52,109,0,0.32298136645962733,1.0,0.32298136645962733
8,clab-nebula-serf148,45,68,161,68,93,0,0.422360248447205,1.0,0.422360248447205
8,clab-nebula-serf148,50,103,161,103,58,0,0.639751552795031,1.0,0.639751552795031
8,clab-nebula-serf148,55,133,159,133,26,0,0.8364779874213837,1.0,0.8364779874213837
8,clab-nebula-serf148,60,148,159,146,13,2,0.9182389937106918,0.9864864864864865,0.906832298136646
8,clab-nebula-serf154,5,0,0,0,0,0,0.0,0.0,0.0
8,clab-nebula-serf154,10,0,0,0,0,0,0.0,0.0,0.0
8,clab-nebula-serf154,15,1,7,1,6,0,0.14285714285714285,1.0,0.14285714285714285
8,clab-nebula-serf154,20,9,130,9,121,0,0.06923076923076923,1.0,0.06923076923076923
8,clab-nebula-serf154,25,12,130,12,118,0,0.09230769230769231,1.0,0.09230769230769231
8,clab-nebula-serf154,30,23,161,23,138,0,0.14285714285714285,1.0,0.14285714285714285
8,clab-nebula-serf154,35,42,161,42,119,0,0.2608695652173913,1.0,0.2608695652173913
8,clab-nebula-serf154,40,55,161,55,106,0,0.3416149068322981,1.0,0.3416149068322981
8,clab-nebula-serf154,45,79,161,79,82,0,0.4906832298136646,1.0,0.4906832298136646
8,clab-nebula-serf154,50,113,161,113,48,0,0.7018633540372671,1.0,0.7018633540372671
8,clab-nebula-serf154,55,137,161,137,24,0,0.8509316770186336,1.0,0.8509316770186336
8,clab-nebula-serf154,60,147,159,146,13,1,0.9182389937106918,0.9931972789115646,0.9125
8,clab-nebula-serf156,5,0,0,0,0,0,0.0,0.0,0.0
8,clab-nebula-serf156,10,0,0,0,0,0,0.0,0.0,0.0
8,clab-nebula-serf156,15,4,130,4,126,0,0.03076923076923077,1.0,0.03076923076923077
8,clab-nebula-serf156,20,12,130,12,118,0,0.09230769230769231,1.0,0.09230769230769231
8,clab-nebula-serf156,25,18,161,18,143,0,0.11180124223602485,1.0,0.11180124223602485
8,clab-nebula-serf156,30,33,161,33,128,0,0.20496894409937888,1.0,0.20496894409937888
8,clab-nebula-serf156,35,49,161,49,112,0,0.30434782608695654,1.0,0.30434782608695654
8,clab-nebula-serf156,40,61,161,61,100,0,0.37888198757763975,1.0,0.37888198757763975
8,clab-nebula-serf156,45,99,161,99,62,0,0.6149068322981367,1.0,0.6149068322981367
8,clab-nebula-serf156,50,130,161,130,31,0,0.8074534161490683,1.0,0.8074534161490683
8,clab-nebula-serf156,55,145,159,145,14,0,0.9119496855345912,1.0,0.9119496855345912
8,clab-nebula-serf156,60,154,159,152,7,2,0.9559748427672956,0.987012987012987,0.9440993788819876
8,clab-nebula-serf23,5,0,0,0,0,0,0.0,0.0,0.0
8,clab-nebula-serf23,10,0,0,0,0,0,0.0,0.0,0.0
8,clab-nebula-serf23,15,4,12,0,12,4,0.0,0.0,0.0
8,clab-nebula-serf23,20,11,159,11,148,0,0.06918238993710692,1.0,0.06918238993710692
8,clab-nebula-serf23,25,22,159,22,137,0,0.13836477987421383,1.0,0.13836477987421383
8,clab-nebula-serf23,30,39,159,39,120,0,0.24528301886792453,1.0,0.24528301886792453
8,clab-nebula-serf23,35,75,159,75,84,0,0.4716981132075472,1.0,0.4716981132075472
8,clab-nebula-serf23,40,91,159,91,68,0,0.5723270440251572,1.0,0.5723270440251572
8,clab-nebula-serf23,45,99,159,99,60,0,0.6226415094339622,1.0,0.6226415094339622
8,clab-nebula-serf23,50,117,159,117,42,0,0.7358490566037735,1.0,0.7358490566037735
8,clab-nebula-serf23,55,122,159,122,37,0,0.7672955974842768,1.0,0.7672955974842768
8,clab-nebula-serf23,60,124,159,124,35,0,0.779874213836478,1.0,0.779874213836478
8,clab-nebula-serf39,5,2,132,2,130,0,0.015151515151515152,1.0,0.015151515151515152
8,clab-nebula-serf39,10,15,123,14,109,1,0.11382113821138211,0.9333333333333333,0.11290322580645161
8,clab-nebula-serf39,15,53,123,42,81,11,0.34146341463414637,0.7924528301886793,0.31343283582089554
8,clab-nebula-serf39,20,81,138,74,64,7,0.5362318840579711,0.9135802469135802,0.5103448275862069
8,clab-nebula-serf39,25,90,138,81,57,9,0.5869565217391305,0.9,0.5510204081632653
8,clab-nebula-serf39,30,106,151,106,45,0,0.7019867549668874,1.0,0.7019867549668874
8,clab-nebula-serf39,35,119,151,119,32,0,0.7880794701986755,1.0,0.7880794701986755
8,clab-nebula-serf39,40,124,151,123,28,1,0.8145695364238411,0.9919354838709677,0.8092105263157895
8,clab-nebula-serf39,45,138,151,129,22,9,0.8543046357615894,0.9347826086956522,0.80625
8,clab-nebula-serf39,50,154,151,144,7,10,0.9536423841059603,0.935064935064935,0.8944099378881988
8,clab-nebula-serf39,55,155,151,145,6,10,0.9602649006622517,0.9354838709677419,0.9006211180124224
8,clab-nebula-serf39,60,158,151,148,3,10,0.9801324503311258,0.9367088607594937,0.9192546583850931
8,clab-nebula-serf62,5,0,0,0,0,0,0.0,0.0,0.0
8,clab-nebula-serf62,10,4,45,4,41,0,0.08888888888888889,1.0,0.08888888888888889
8,clab-nebula-serf62,15,13,101,12,89,1,0.1188118811881188,0.9230769230769231,0.11764705882352941
8,clab-nebula-serf62,20,48,159,48,111,0,0.3018867924528302,1.0,0.3018867924528302
8,clab-nebula-serf62,25,73,159,73,86,0,0.4591194968553459,1.0,0.4591194968553459
8,clab-nebula-serf62,30,88,159,88,71,0,0.5534591194968553,1.0,0.5534591194968553
8,clab-nebula-serf62,35,110,159,110,49,0,0.6918238993710691,1.0,0.6918238993710691
8,clab-nebula-serf62,40,120,159,120,39,0,0.7547169811320755,1.0,0.7547169811320755
8,clab-nebula-serf62,45,124,159,124,35,0,0.779874213836478,1.0,0.779874213836478
8,clab-nebula-serf62,50,144,159,144,15,0,0.9056603773584906,1.0,0.9056603773584906
8,clab-nebula-serf62,55,154,159,154,5,0,0.9685534591194969,1.0,0.9685534591194969
8,clab-nebula-serf62,60,154,159,154,5,0,0.9685534591194969,1.0,0.9685534591194969
8,clab-nebula-serf107,5,0,0,0,0,0,0.0,0.0,0.0
8,clab-nebula-serf107,10,2,40,2,38,0,0.05,1.0,0.05
8,clab-nebula-serf107,15,6,40,6,34,0,0.15,1.0,0.15
8,clab-nebula-serf107,20,15,161,15,146,0,0.09316770186335403,1.0,0.09316770186335403
8,clab-nebula-serf107,25,40,161,40,121,0,0.2484472049689441,1.0,0.2484472049689441
8,clab-nebula-serf107,30,71,161,71,90,0,0.4409937888198758,1.0,0.4409937888198758
8,clab-nebula-serf107,35,104,151,100,51,4,0.6622516556291391,0.9615384615384616,0.6451612903225806
8,clab-nebula-serf107,40,144,151,134,17,10,0.8874172185430463,0.9305555555555556,0.8322981366459627
8,clab-nebula-serf107,45,149,151,139,12,10,0.9205298013245033,0.9328859060402684,0.8633540372670807
8,clab-nebula-serf107,50,154,151,144,7,10,0.9536423841059603,0.935064935064935,0.8944099378881988
8,clab-nebula-serf107,55,157,151,147,4,10,0.9735099337748344,0.9363057324840764,0.9130434782608695
8,clab-nebula-serf107,60,161,151,151,0,10,1.0,0.937888198757764,0.937888198757764
8,clab-nebula-serf115,5,0,0,0,0,0,0.0,0.0,0.0
8,clab-nebula-serf115,10,0,0,0,0,0,0.0,0.0,0.0
8,clab-nebula-serf115,15,0,0,0,0,0,0.0,0.0,0.0
8,clab-nebula-serf115,20,0,0,0,0,0,0.0,0.0,0.0
8,clab-nebula-serf115,25,0,0,0,0,0,0.0,0.0,0.0
8,clab-nebula-serf115,30,0,0,0,0,0,0.0,0.0,0.0
8,clab-nebula-serf115,35,1,1,1,0,0,1.0,1.0,1.0
8,clab-nebula-serf115,40,3,161,3,158,0,0.018633540372670808,1.0,0.018633540372670808
8,clab-nebula-serf115,45,6,151,6,145,0,0.039735099337748346,1.0,0.039735099337748346
8,clab-nebula-serf115,50,23,151,23,128,0,0.152317880794702,1.0,0.152317880794702
8,clab-nebula-serf115,55,57,151,55,96,2,0.36423841059602646,0.9649122807017544,0.35947712418300654
8,clab-nebula-serf115,60,103,151,93,58,10,0.6158940397350994,0.9029126213592233,0.577639751552795
8,clab-nebula-serf151,5,0,0,0,0,0,0.0,0.0,0.0
8,clab-nebula-serf151,10,0,0,0,0,0,0.0,0.0,0.0
8,clab-nebula-serf151,15,1,9,1,8,0,0.1111111111111111,1.0,0.1111111111111111
8,clab-nebula-serf151,20,11,130,11,119,0,0.08461538461538462,1.0,0.08461538461538462
8,clab-nebula-serf151,25,13,130,13,117,0,0.1,1.0,0.1
8,clab-nebula-serf151,30,23,161,23,138,0,0.14285714285714285,1.0,0.14285714285714285
8,clab-nebula-serf151,35,43,161,43,118,0,0.2670807453416149,1.0,0.2670807453416149
8,clab-nebula-serf151,40,55,161,55,106,0,0.3416149068322981,1.0,0.3416149068322981
8,clab-nebula-serf151,45,81,161,81,80,0,0.5031055900621118,1.0,0.5031055900621118
8,clab-nebula-serf151,50,114,161,114,47,0,0.7080745341614907,1.0,0.7080745341614907
8,clab-nebula-serf151,55,137,161,137,24,0,0.8509316770186336,1.0,0.8509316770186336
8,clab-nebula-serf151,60,148,159,146,13,2,0.9182389937106918,0.9864864864864865,0.906832298136646
8,clab-nebula-serf158,5,4,20,4,16,0,0.2,1.0,0.2
8,clab-nebula-serf158,10,4,20,4,16,0,0.2,1.0,0.2
8,clab-nebula-serf158,15,5,24,5,19,0,0.20833333333333334,1.0,0.20833333333333334
8,clab-nebula-serf158,20,8,24,8,16,0,0.3333333333333333,1.0,0.3333333333333333
8,clab-nebula-serf158,25,16,161,16,145,0,0.09937888198757763,1.0,0.09937888198757763
8,clab-nebula-serf158,30,34,161,34,127,0,0.2111801242236025,1.0,0.2111801242236025
8,clab-nebula-serf158,35,40,161,40,121,0,0.2484472049689441,1.0,0.2484472049689441
8,clab-nebula-serf158,40,52,161,52,109,0,0.32298136645962733,1.0,0.32298136645962733
8,clab-nebula-serf158,45,68,161,68,93,0,0.422360248447205,1.0,0.422360248447205
8,clab-nebula-serf158,50,103,161,103,58,0,0.639751552795031,1.0,0.639751552795031
8,clab-nebula-serf158,55,136,161,136,25,0,0.84472049689441,1.0,0.84472049689441
8,clab-nebula-serf158,60,148,161,148,13,0,0.9192546583850931,1.0,0.9192546583850931
8,clab-nebula-serf28,5,0,0,0,0,0,0.0,0.0,0.0
8,clab-nebula-serf28,10,1,106,1,105,0,0.009433962264150943,1.0,0.009433962264150943
8,clab-nebula-serf28,15,2,106,2,104,0,0.018867924528301886,1.0,0.018867924528301886
8,clab-nebula-serf28,20,4,106,4,102,0,0.03773584905660377,1.0,0.03773584905660377
8,clab-nebula-serf28,25,7,106,7,99,0,0.0660377358490566,1.0,0.0660377358490566
8,clab-nebula-serf28,30,19,123,19,104,0,0.15447154471544716,1.0,0.15447154471544716
8,clab-nebula-serf28,35,29,123,28,95,1,0.22764227642276422,0.9655172413793104,0.22580645161290322
8,clab-nebula-serf28,40,61,138,53,85,8,0.38405797101449274,0.8688524590163934,0.363013698630137
8,clab-nebula-serf28,45,91,138,79,59,12,0.572463768115942,0.8681318681318682,0.5266666666666666
8,clab-nebula-serf28,50,95,138,82,56,13,0.5942028985507246,0.8631578947368421,0.543046357615894
8,clab-nebula-serf28,55,111,151,111,40,0,0.7350993377483444,1.0,0.7350993377483444
8,clab-nebula-serf28,60,121,151,121,30,0,0.8013245033112583,1.0,0.8013245033112583
8,clab-nebula-serf29,5,0,0,0,0,0,0.0,0.0,0.0
8,clab-nebula-serf29,10,2,105,2,103,0,0.01904761904761905,1.0,0.01904761904761905
8,clab-nebula-serf29,15,6,105,5,100,1,0.047619047619047616,0.8333333333333334,0.04716981132075472
8,clab-nebula-serf29,20,14,133,14,119,0,0.10526315789473684,1.0,0.10526315789473684
8,clab-nebula-serf29,25,23,136,23,113,0,0.16911764705882354,1.0,0.16911764705882354
8,clab-nebula-serf29,30,39,136,38,98,1,0.27941176470588236,0.9743589743589743,0.2773722627737226
8,clab-nebula-serf29,35,79,138,71,67,8,0.5144927536231884,0.8987341772151899,0.4863013698630137
8,clab-nebula-serf29,40,92,138,80,58,12,0.5797101449275363,0.8695652173913043,0.5333333333333333
8,clab-nebula-serf29,45,98,138,85,53,13,0.6159420289855072,0.8673469387755102,0.5629139072847682
8,clab-nebula-serf29,50,115,151,115,36,0,0.7615894039735099,1.0,0.7615894039735099
8,clab-nebula-serf29,55,122,151,122,29,0,0.8079470198675497,1.0,0.8079470198675497
8,clab-nebula-serf29,60,125,151,123,28,2,0.8145695364238411,0.984,0.803921568627451
10,clab-nebula-serf130,5,0,0,0,0,0,0.0,0.0,0.0
10,clab-nebula-serf130,10,0,0,0,0,0,0.0,0.0,0.0
10,clab-nebula-serf130,15,0,0,0,0,0,0.0,0.0,0.0
10,clab-nebula-serf130,20,13,40,13,27,0,0.325,1.0,0.325
10,clab-nebula-serf130,25,14,40,14,26,0,0.35,1.0,0.35
10,clab-nebula-serf130,30,24,40,23,17,1,0.575,0.9583333333333334,0.5609756097560976
10,clab-nebula-serf130,35,41,161,41,120,0,0.2546583850931677,1.0,0.2546583850931677
10,clab-nebula-serf130,40,53,161,53,108,0,0.32919254658385094,1.0,0.32919254658385094
10,clab-nebula-serf130,45,84,161,84,77,0,0.5217391304347826,1.0,0.5217391304347826
10,clab-nebula-serf130,50,111,161,111,50,0,0.6894409937888198,1.0,0.6894409937888198
10,clab-nebula-serf130,55,136,161,136,25,0,0.84472049689441,1.0,0.84472049689441
10,clab-nebula-serf130,60,146,161,146,15,0,0.906832298136646,1.0,0.906832298136646
10,clab-nebula-serf161,5,4,11,4,7,0,0.36363636363636365,1.0,0.36363636363636365
10,clab-nebula-serf161,10,4,11,4,7,0,0.36363636363636365,1.0,0.36363636363636365
10,clab-nebula-serf161,15,5,11,5,6,0,0.45454545454545453,1.0,0.45454545454545453
10,clab-nebula-serf161,20,10,14,9,5,1,0.6428571428571429,0.9,0.6
10,clab-nebula-serf161,25,22,161,22,139,0,0.13664596273291926,1.0,0.13664596273291926
10,clab-nebula-serf161,30,36,161,36,125,0,0.2236024844720497,1.0,0.2236024844720497
10,clab-nebula-serf161,35,42,161,42,119,0,0.2608695652173913,1.0,0.2608695652173913
10,clab-nebula-serf161,40,58,161,58,103,0,0.36024844720496896,1.0,0.36024844720496896
10,clab-nebula-serf161,45,79,161,79,82,0,0.4906832298136646,1.0,0.4906832298136646
10,clab-nebula-serf161,50,117,161,117,44,0,0.7267080745341615,1.0,0.7267080745341615
10,clab-nebula-serf161,55,139,153,131,22,8,0.8562091503267973,0.9424460431654677,0.8136645962732919
10,clab-nebula-serf161,60,149,153,141,12,8,0.9215686274509803,0.9463087248322147,0.8757763975155279
10,clab-nebula-serf32,5,3,157,3,154,0,0.01910828025477707,1.0,0.01910828025477707
10,clab-nebula-serf32,10,19,159,19,140,0,0.11949685534591195,1.0,0.11949685534591195
10,clab-nebula-serf32,15,32,159,32,127,0,0.20125786163522014,1.0,0.20125786163522014
10,clab-nebula-serf32,20,59,159,59,100,0,0.3710691823899371,1.0,0.3710691823899371
10,clab-nebula-serf32,25,88,159,88,71,0,0.5534591194968553,1.0,0.5534591194968553
10,clab-nebula-serf32,30,95,159,95,64,0,0.5974842767295597,1.0,0.5974842767295597
10,clab-nebula-serf32,35,108,159,108,51,0,0.6792452830188679,1.0,0.6792452830188679
10,clab-nebula-serf32,40,121,159,121,38,0,0.7610062893081762,1.0,0.7610062893081762
10,clab-nebula-serf32,45,124,159,124,35,0,0.779874213836478,1.0,0.779874213836478
10,clab-nebula-serf32,50,137,159,137,22,0,0.8616352201257862,1.0,0.8616352201257862
10,clab-nebula-serf32,55,154,159,154,5,0,0.9685534591194969,1.0,0.9685534591194969
10,clab-nebula-serf32,60,155,159,154,5,1,0.9685534591194969,0.9935483870967742,0.9625
10,clab-nebula-serf63,5,0,0,0,0,0,0.0,0.0,0.0
10,clab-nebula-serf63,10,0,0,0,0,0,0.0,0.0,0.0
10,clab-nebula-serf63,15,6,42,6,36,0,0.14285714285714285,1.0,0.14285714285714285
10,clab-nebula-serf63,20,32,159,32,127,0,0.20125786163522014,1.0,0.20125786163522014
10,clab-nebula-serf63,25,64,159,64,95,0,0.4025157232704403,1.0,0.4025157232704403
10,clab-nebula-serf63,30,84,159,84,75,0,0.5283018867924528,1.0,0.5283018867924528
10,clab-nebula-serf63,35,103,159,103,56,0,0.6477987421383647,1.0,0.6477987421383647
10,clab-nebula-serf63,40,119,159,119,40,0,0.7484276729559748,1.0,0.7484276729559748
10,clab-nebula-serf63,45,124,159,124,35,0,0.779874213836478,1.0,0.779874213836478
10,clab-nebula-serf63,50,128,159,128,31,0,0.8050314465408805,1.0,0.8050314465408805
10,clab-nebula-serf63,55,154,159,154,5,0,0.9685534591194969,1.0,0.9685534591194969
10,clab-nebula-serf63,60,154,159,154,5,0,0.9685534591194969,1.0,0.9685534591194969
10,clab-nebula-serf45,5,2,9,1,8,1,0.1111111111111111,0.5,0.1
10,clab-nebula-serf45,10,8,17,8,9,0,0.47058823529411764,1.0,0.47058823529411764
10,clab-nebula-serf45,15,22,44,21,23,1,0.4772727272727273,0.9545454545454546,0.4666666666666667
10,clab-nebula-serf45,20,40,44,36,8,4,0.8181818181818182,0.9,0.75
10,clab-nebula-serf45,25,80,159,80,79,0,0.5031446540880503,1.0,0.5031446540880503
10,clab-nebula-serf45,30,90,159,90,69,0,0.5660377358490566,1.0,0.5660377358490566
10,clab-nebula-serf45,35,118,159,118,41,0,0.7421383647798742,1.0,0.7421383647798742
10,clab-nebula-serf45,40,121,159,121,38,0,0.7610062893081762,1.0,0.7610062893081762
10,clab-nebula-serf45,45,124,159,124,35,0,0.779874213836478,1.0,0.779874213836478
10,clab-nebula-serf45,50,145,159,145,14,0,0.9119496855345912,1.0,0.9119496855345912
10,clab-nebula-serf45,55,154,159,154,5,0,0.9685534591194969,1.0,0.9685534591194969
10,clab-nebula-serf45,60,155,159,155,4,0,0.9748427672955975,1.0,0.9748427672955975
10,clab-nebula-serf49,5,4,10,3,7,1,0.3,0.75,0.2727272727272727
10,clab-nebula-serf49,10,14,44,13,31,1,0.29545454545454547,0.9285714285714286,0.28888888888888886
10,clab-nebula-serf49,15,30,44,29,15,1,0.6590909090909091,0.9666666666666667,0.6444444444444445
10,clab-nebula-serf49,20,67,159,67,92,0,0.42138364779874216,1.0,0.42138364779874216
10,clab-nebula-serf49,25,84,159,84,75,0,0.5283018867924528,1.0,0.5283018867924528
10,clab-nebula-serf49,30,106,159,106,53,0,0.6666666666666666,1.0,0.6666666666666666
10,clab-nebula-serf49,35,121,159,121,38,0,0.7610062893081762,1.0,0.7610062893081762
10,clab-nebula-serf49,40,124,159,124,35,0,0.779874213836478,1.0,0.779874213836478
10,clab-nebula-serf49,45,135,159,135,24,0,0.8490566037735849,1.0,0.8490566037735849
10,clab-nebula-serf49,50,154,159,154,5,0,0.9685534591194969,1.0,0.9685534591194969
10,clab-nebula-serf49,55,154,159,154,5,0,0.9685534591194969,1.0,0.9685534591194969
10,clab-nebula-serf49,60,157,159,155,4,2,0.9748427672955975,0.9872611464968153,0.9627329192546584
10,clab-nebula-serf83,5,0,0,0,0,0,0.0,0.0,0.0
10,clab-nebula-serf83,10,3,9,3,6,0,0.3333333333333333,1.0,0.3333333333333333
10,clab-nebula-serf83,15,14,71,14,57,0,0.19718309859154928,1.0,0.19718309859154928
10,clab-nebula-serf83,20,33,135,33,102,0,0.24444444444444444,1.0,0.24444444444444444
10,clab-nebula-serf83,25,50,144,49,95,1,0.3402777777777778,0.98,0.33793103448275863
10,clab-nebula-serf83,30,79,151,79,72,0,0.5231788079470199,1.0,0.5231788079470199
10,clab-nebula-serf83,35,109,151,109,42,0,0.7218543046357616,1.0,0.7218543046357616
10,clab-nebula-serf83,40,119,151,119,32,0,0.7880794701986755,1.0,0.7880794701986755
10,clab-nebula-serf83,45,128,151,128,23,0,0.847682119205298,1.0,0.847682119205298
10,clab-nebula-serf83,50,140,151,138,13,2,0.9139072847682119,0.9857142857142858,0.9019607843137255
10,clab-nebula-serf83,55,154,151,144,7,10,0.9536423841059603,0.935064935064935,0.8944099378881988
10,clab-nebula-serf83,60,156,151,146,5,10,0.9668874172185431,0.9358974358974359,0.906832298136646
10,clab-nebula-serf91,5,3,72,3,69,0,0.041666666666666664,1.0,0.041666666666666664
10,clab-nebula-serf91,10,17,128,17,111,0,0.1328125,1.0,0.1328125
10,clab-nebula-serf91,15,36,123,35,88,1,0.2845528455284553,0.9722222222222222,0.28225806451612906
10,clab-nebula-serf91,20,56,144,55,89,1,0.3819444444444444,0.9821428571428571,0.3793103448275862
10,clab-nebula-serf91,25,81,151,81,70,0,0.5364238410596026,1.0,0.5364238410596026
10,clab-nebula-serf91,30,112,151,112,39,0,0.7417218543046358,1.0,0.7417218543046358
10,clab-nebula-serf91,35,119,151,119,32,0,0.7880794701986755,1.0,0.7880794701986755
10,clab-nebula-serf91,40,129,151,128,23,1,0.847682119205298,0.9922480620155039,0.8421052631578947
10,clab-nebula-serf91,45,146,151,140,11,6,0.9271523178807947,0.958904109589041,0.89171974522293
10,clab-nebula-serf91,50,154,151,144,7,10,0.9536423841059603,0.935064935064935,0.8944099378881988
10,clab-nebula-serf91,55,157,151,147,4,10,0.9735099337748344,0.9363057324840764,0.9130434782608695
10,clab-nebula-serf91,60,161,151,151,0,10,1.0,0.937888198757764,0.937888198757764
10,clab-nebula-serf136,5,0,0,0,0,0,0.0,0.0,0.0
10,clab-nebula-serf136,10,0,0,0,0,0,0.0,0.0,0.0
10,clab-nebula-serf136,15,2,12,2,10,0,0.16666666666666666,1.0,0.16666666666666666
10,clab-nebula-serf136,20,14,40,14,26,0,0.35,1.0,0.35
10,clab-nebula-serf136,25,18,40,18,22,0,0.45,1.0,0.45
10,clab-nebula-serf136,30,28,161,28,133,0,0.17391304347826086,1.0,0.17391304347826086
10,clab-nebula-serf136,35,45,161,45,116,0,0.2795031055900621,1.0,0.2795031055900621
10,clab-nebula-serf136,40,66,161,66,95,0,0.40993788819875776,1.0,0.40993788819875776
10,clab-nebula-serf136,45,95,161,95,66,0,0.5900621118012422,1.0,0.5900621118012422
10,clab-nebula-serf136,50,124,161,124,37,0,0.7701863354037267,1.0,0.7701863354037267
10,clab-nebula-serf136,55,137,161,137,24,0,0.8509316770186336,1.0,0.8509316770186336
10,clab-nebula-serf136,60,149,161,149,12,0,0.9254658385093167,1.0,0.9254658385093167
10,clab-nebula-serf146,5,0,0,0,0,0,0.0,0.0,0.0
10,clab-nebula-serf146,10,0,0,0,0,0,0.0,0.0,0.0
10,clab-nebula-serf146,15,1,23,0,23,1,0.0,0.0,0.0
10,clab-nebula-serf146,20,5,22,3,19,2,0.13636363636363635,0.6,0.125
10,clab-nebula-serf146,25,8,24,8,16,0,0.3333333333333333,1.0,0.3333333333333333
10,clab-nebula-serf146,30,16,83,15,68,1,0.18072289156626506,0.9375,0.17857142857142858
10,clab-nebula-serf146,35,44,161,44,117,0,0.2732919254658385,1.0,0.2732919254658385
10,clab-nebula-serf146,40,58,161,58,103,0,0.36024844720496896,1.0,0.36024844720496896
10,clab-nebula-serf146,45,78,161,78,83,0,0.484472049689441,1.0,0.484472049689441
10,clab-nebula-serf146,50,114,161,114,47,0,0.7080745341614907,1.0,0.7080745341614907
10,clab-nebula-serf146,55,137,161,137,24,0,0.8509316770186336,1.0,0.8509316770186336
10,clab-nebula-serf146,60,146,161,146,15,0,0.906832298136646,1.0,0.906832298136646
10,clab-nebula-serf12,5,0,0,0,0,0,0.0,0.0,0.0
10,clab-nebula-serf12,10,5,55,4,51,1,0.07272727272727272,0.8,0.07142857142857142
10,clab-nebula-serf12,15,19,62,19,43,0,0.3064516129032258,1.0,0.3064516129032258
10,clab-nebula-serf12,20,38,100,37,63,1,0.37,0.9736842105263158,0.36633663366336633
10,clab-nebula-serf12,25,71,159,71,88,0,0.44654088050314467,1.0,0.44654088050314467
10,clab-nebula-serf12,30,88,159,88,71,0,0.5534591194968553,1.0,0.5534591194968553
10,clab-nebula-serf12,35,102,159,102,57,0,0.6415094339622641,1.0,0.6415094339622641
10,clab-nebula-serf12,40,119,159,119,40,0,0.7484276729559748,1.0,0.7484276729559748
10,clab-nebula-serf12,45,121,159,121,38,0,0.7610062893081762,1.0,0.7610062893081762
10,clab-nebula-serf12,50,127,159,127,32,0,0.7987421383647799,1.0,0.7987421383647799
10,clab-nebula-serf12,55,153,159,153,6,0,0.9622641509433962,1.0,0.9622641509433962
10,clab-nebula-serf12,60,155,159,154,5,1,0.9685534591194969,0.9935483870967742,0.9625
10,clab-nebula-serf19,5,0,0,0,0,0,0.0,0.0,0.0
10,clab-nebula-serf19,10,5,41,5,36,0,0.12195121951219512,1.0,0.12195121951219512
10,clab-nebula-serf19,15,23,41,21,20,2,0.5121951219512195,0.9130434782608695,0.4883720930232558
10,clab-nebula-serf19,20,44,159,44,115,0,0.27672955974842767,1.0,0.27672955974842767
10,clab-nebula-serf19,25,73,159,73,86,0,0.4591194968553459,1.0,0.4591194968553459
10,clab-nebula-serf19,30,90,159,90,69,0,0.5660377358490566,1.0,0.5660377358490566
10,clab-nebula-serf19,35,105,159,105,54,0,0.660377358490566,1.0,0.660377358490566
10,clab-nebula-serf19,40,120,159,120,39,0,0.7547169811320755,1.0,0.7547169811320755
10,clab-nebula-serf19,45,123,159,123,36,0,0.7735849056603774,1.0,0.7735849056603774
10,clab-nebula-serf19,50,142,159,142,17,0,0.8930817610062893,1.0,0.8930817610062893
10,clab-nebula-serf19,55,153,159,153,6,0,0.9622641509433962,1.0,0.9622641509433962
10,clab-nebula-serf19,60,157,159,155,4,2,0.9748427672955975,0.9872611464968153,0.9627329192546584
10,clab-nebula-serf80,5,0,0,0,0,0,0.0,0.0,0.0
10,clab-nebula-serf80,10,14,159,14,145,0,0.0880503144654088,1.0,0.0880503144654088
10,clab-nebula-serf80,15,32,159,32,127,0,0.20125786163522014,1.0,0.20125786163522014
10,clab-nebula-serf80,20,55,159,55,104,0,0.34591194968553457,1.0,0.34591194968553457
10,clab-nebula-serf80,25,84,159,84,75,0,0.5283018867924528,1.0,0.5283018867924528
10,clab-nebula-serf80,30,110,159,110,49,0,0.6918238993710691,1.0,0.6918238993710691
10,clab-nebula-serf80,35,120,159,120,39,0,0.7547169811320755,1.0,0.7547169811320755
10,clab-nebula-serf80,40,127,159,127,32,0,0.7987421383647799,1.0,0.7987421383647799
10,clab-nebula-serf80,45,152,159,152,7,0,0.9559748427672956,1.0,0.9559748427672956
10,clab-nebula-serf80,50,154,159,154,5,0,0.9685534591194969,1.0,0.9685534591194969
10,clab-nebula-serf80,55,156,159,155,4,1,0.9748427672955975,0.9935897435897436,0.96875
10,clab-nebula-serf80,60,159,159,157,2,2,0.9874213836477987,0.9874213836477987,0.9751552795031055
10,clab-nebula-serf111,5,1,4,1,3,0,0.25,1.0,0.25
10,clab-nebula-serf111,10,7,40,7,33,0,0.175,1.0,0.175
10,clab-nebula-serf111,15,17,161,17,144,0,0.10559006211180125,1.0,0.10559006211180125
10,clab-nebula-serf111,20,47,161,47,114,0,0.2919254658385093,1.0,0.2919254658385093
10,clab-nebula-serf111,25,73,161,73,88,0,0.453416149068323,1.0,0.453416149068323
10,clab-nebula-serf111,30,111,151,107,44,4,0.7086092715231788,0.963963963963964,0.6903225806451613
10,clab-nebula-serf111,35,145,151,135,16,10,0.8940397350993378,0.9310344827586207,0.8385093167701864
10,clab-nebula-serf111,40,150,151,140,11,10,0.9271523178807947,0.9333333333333333,0.8695652173913043
10,clab-nebula-serf111,45,154,151,144,7,10,0.9536423841059603,0.935064935064935,0.8944099378881988
10,clab-nebula-serf111,50,158,151,148,3,10,0.9801324503311258,0.9367088607594937,0.9192546583850931
10,clab-nebula-serf111,55,161,151,151,0,10,1.0,0.937888198757764,0.937888198757764
10,clab-nebula-serf111,60,161,151,151,0,10,1.0,0.937888198757764,0.937888198757764
10,clab-nebula-serf109,5,3,5,3,2,0,0.6,1.0,0.6
10,clab-nebula-serf109,10,8,68,8,60,0,0.11764705882352941,1.0,0.11764705882352941
10,clab-nebula-serf109,15,26,161,26,135,0,0.16149068322981366,1.0,0.16149068322981366
10,clab-nebula-serf109,20,58,161,58,103,0,0.36024844720496896,1.0,0.36024844720496896
10,clab-nebula-serf109,25,87,161,87,74,0,0.5403726708074534,1.0,0.5403726708074534
10,clab-nebula-serf109,30,130,151,120,31,10,0.7947019867549668,0.9230769230769231,0.7453416149068323
10,clab-nebula-serf109,35,145,151,135,16,10,0.8940397350993378,0.9310344827586207,0.8385093167701864
10,clab-nebula-serf109,40,153,151,143,8,10,0.9470198675496688,0.934640522875817,0.8881987577639752
10,clab-nebula-serf109,45,155,151,145,6,10,0.9602649006622517,0.9354838709677419,0.9006211180124224
10,clab-nebula-serf109,50,159,151,149,2,10,0.9867549668874173,0.9371069182389937,0.9254658385093167
10,clab-nebula-serf109,55,161,151,151,0,10,1.0,0.937888198757764,0.937888198757764
10,clab-nebula-serf109,60,161,151,151,0,10,1.0,0.937888198757764,0.937888198757764
10,clab-nebula-serf147,5,0,0,0,0,0,0.0,0.0,0.0
10,clab-nebula-serf147,10,0,0,0,0,0,0.0,0.0,0.0
10,clab-nebula-serf147,15,2,129,2,127,0,0.015503875968992248,1.0,0.015503875968992248
10,clab-nebula-serf147,20,12,129,12,117,0,0.09302325581395349,1.0,0.09302325581395349
10,clab-nebula-serf147,25,14,161,14,147,0,0.08695652173913043,1.0,0.08695652173913043
10,clab-nebula-serf147,30,27,161,27,134,0,0.16770186335403728,1.0,0.16770186335403728
10,clab-nebula-serf147,35,48,161,48,113,0,0.2981366459627329,1.0,0.2981366459627329
10,clab-nebula-serf147,40,59,161,59,102,0,0.36645962732919257,1.0,0.36645962732919257
10,clab-nebula-serf147,45,87,161,87,74,0,0.5403726708074534,1.0,0.5403726708074534
10,clab-nebula-serf147,50,120,161,120,41,0,0.7453416149068323,1.0,0.7453416149068323
10,clab-nebula-serf147,55,141,159,141,18,0,0.8867924528301887,1.0,0.8867924528301887
10,clab-nebula-serf147,60,152,159,150,9,2,0.9433962264150944,0.9868421052631579,0.9316770186335404
10,clab-nebula-serf4,5,1,12,1,11,0,0.08333333333333333,1.0,0.08333333333333333
10,clab-nebula-serf4,10,2,12,2,10,0,0.16666666666666666,1.0,0.16666666666666666
10,clab-nebula-serf4,15,9,12,9,3,0,0.75,1.0,0.75
10,clab-nebula-serf4,20,16,28,16,12,0,0.5714285714285714,1.0,0.5714285714285714
10,clab-nebula-serf4,25,23,41,22,19,1,0.5365853658536586,0.9565217391304348,0.5238095238095238
10,clab-nebula-serf4,30,47,100,45,55,2,0.45,0.9574468085106383,0.4411764705882353
10,clab-nebula-serf4,35,82,159,82,77,0,0.5157232704402516,1.0,0.5157232704402516
10,clab-nebula-serf4,40,92,159,92,67,0,0.5786163522012578,1.0,0.5786163522012578
10,clab-nebula-serf4,45,109,159,109,50,0,0.6855345911949685,1.0,0.6855345911949685
10,clab-nebula-serf4,50,120,159,120,39,0,0.7547169811320755,1.0,0.7547169811320755
10,clab-nebula-serf4,55,123,159,123,36,0,0.7735849056603774,1.0,0.7735849056603774
10,clab-nebula-serf4,60,141,159,141,18,0,0.8867924528301887,1.0,0.8867924528301887
10,clab-nebula-serf100,5,6,115,6,109,0,0.05217391304347826,1.0,0.05217391304347826
10,clab-nebula-serf100,10,7,115,7,108,0,0.06086956521739131,1.0,0.06086956521739131
10,clab-nebula-serf100,15,8,121,7,114,1,0.05785123966942149,0.875,0.05737704918032787
10,clab-nebula-serf100,20,14,138,14,124,0,0.10144927536231885,1.0,0.10144927536231885
10,clab-nebula-serf100,25,25,161,25,136,0,0.15527950310559005,1.0,0.15527950310559005
10,clab-nebula-serf100,30,59,159,59,100,0,0.3710691823899371,1.0,0.3710691823899371
10,clab-nebula-serf100,35,89,159,89,70,0,0.559748427672956,1.0,0.559748427672956
10,clab-nebula-serf100,40,137,159,137,22,0,0.8616352201257862,1.0,0.8616352201257862
10,clab-nebula-serf100,45,150,159,150,9,0,0.9433962264150944,1.0,0.9433962264150944
10,clab-nebula-serf100,50,159,159,158,1,1,0.9937106918238994,0.9937106918238994,0.9875
10,clab-nebula-serf100,55,160,159,158,1,2,0.9937106918238994,0.9875,0.9813664596273292
10,clab-nebula-serf100,60,161,159,159,0,2,1.0,0.9875776397515528,0.9875776397515528
10,clab-nebula-serf75,5,0,0,0,0,0,0.0,0.0,0.0
10,clab-nebula-serf75,10,7,16,6,10,1,0.375,0.8571428571428571,0.35294117647058826
10,clab-nebula-serf75,15,26,159,26,133,0,0.16352201257861634,1.0,0.16352201257861634
10,clab-nebula-serf75,20,41,159,41,118,0,0.2578616352201258,1.0,0.2578616352201258
10,clab-nebula-serf75,25,76,159,76,83,0,0.4779874213836478,1.0,0.4779874213836478
10,clab-nebula-serf75,30,100,159,100,59,0,0.6289308176100629,1.0,0.6289308176100629
10,clab-nebula-serf75,35,115,159,115,44,0,0.7232704402515723,1.0,0.7232704402515723
10,clab-nebula-serf75,40,122,159,122,37,0,0.7672955974842768,1.0,0.7672955974842768
10,clab-nebula-serf75,45,135,159,135,24,0,0.8490566037735849,1.0,0.8490566037735849
10,clab-nebula-serf75,50,154,159,154,5,0,0.9685534591194969,1.0,0.9685534591194969
10,clab-nebula-serf75,55,155,159,154,5,1,0.9685534591194969,0.9935483870967742,0.9625
10,clab-nebula-serf75,60,158,159,156,3,2,0.9811320754716981,0.9873417721518988,0.968944099378882
10,clab-nebula-serf89,5,3,10,3,7,0,0.3,1.0,0.3
10,clab-nebula-serf89,10,3,10,3,7,0,0.3,1.0,0.3
10,clab-nebula-serf89,15,8,10,7,3,1,0.7,0.875,0.6363636363636364
10,clab-nebula-serf89,20,18,68,13,55,5,0.19117647058823528,0.7222222222222222,0.1780821917808219
10,clab-nebula-serf89,25,41,151,41,110,0,0.271523178807947,1.0,0.271523178807947
10,clab-nebula-serf89,30,71,143,64,79,7,0.44755244755244755,0.9014084507042254,0.4266666666666667
10,clab-nebula-serf89,35,97,151,97,54,0,0.6423841059602649,1.0,0.6423841059602649
10,clab-nebula-serf89,40,119,151,119,32,0,0.7880794701986755,1.0,0.7880794701986755
10,clab-nebula-serf89,45,127,151,127,24,0,0.8410596026490066,1.0,0.8410596026490066
10,clab-nebula-serf89,50,137,151,136,15,1,0.9006622516556292,0.9927007299270073,0.8947368421052632
10,clab-nebula-serf89,55,154,151,145,6,9,0.9602649006622517,0.9415584415584416,0.90625
10,clab-nebula-serf89,60,158,151,148,3,10,0.9801324503311258,0.9367088607594937,0.9192546583850931
10,clab-nebula-serf101,5,4,7,4,3,0,0.5714285714285714,1.0,0.5714285714285714
10,clab-nebula-serf101,10,7,115,7,108,0,0.06086956521739131,1.0,0.06086956521739131
10,clab-nebula-serf101,15,7,115,7,108,0,0.06086956521739131,1.0,0.06086956521739131
10,clab-nebula-serf101,20,10,123,8,115,2,0.06504065040650407,0.8,0.064
10,clab-nebula-serf101,25,22,138,22,116,0,0.15942028985507245,1.0,0.15942028985507245
10,clab-nebula-serf101,30,47,159,47,112,0,0.29559748427672955,1.0,0.29559748427672955
10,clab-nebula-serf101,35,79,159,79,80,0,0.4968553459119497,1.0,0.4968553459119497
10,clab-nebula-serf101,40,131,159,131,28,0,0.8238993710691824,1.0,0.8238993710691824
10,clab-nebula-serf101,45,148,159,148,11,0,0.9308176100628931,1.0,0.9308176100628931
10,clab-nebula-serf101,50,157,159,156,3,1,0.9811320754716981,0.9936305732484076,0.975
10,clab-nebula-serf101,55,160,159,158,1,2,0.9937106918238994,0.9875,0.9813664596273292
10,clab-nebula-serf101,60,161,159,159,0,2,1.0,0.9875776397515528,0.9875776397515528
10,clab-nebula-serf105,5,1,40,1,39,0,0.025,1.0,0.025
10,clab-nebula-serf105,10,3,40,3,37,0,0.075,1.0,0.075
10,clab-nebula-serf105,15,8,40,8,32,0,0.2,1.0,0.2
10,clab-nebula-serf105,20,25,151,25,126,0,0.16556291390728478,1.0,0.16556291390728478
10,clab-nebula-serf105,25,54,161,54,107,0,0.33540372670807456,1.0,0.33540372670807456
10,clab-nebula-serf105,30,86,151,85,66,1,0.5629139072847682,0.9883720930232558,0.5592105263157895
10,clab-nebula-serf105,35,123,151,114,37,9,0.7549668874172185,0.926829268292683,0.7125
10,clab-nebula-serf105,40,145,151,135,16,10,0.8940397350993378,0.9310344827586207,0.8385093167701864
10,clab-nebula-serf105,45,153,151,143,8,10,0.9470198675496688,0.934640522875817,0.8881987577639752
10,clab-nebula-serf105,50,155,151,145,6,10,0.9602649006622517,0.9354838709677419,0.9006211180124224
10,clab-nebula-serf105,55,160,151,150,1,10,0.9933774834437086,0.9375,0.9316770186335404
10,clab-nebula-serf105,60,161,151,151,0,10,1.0,0.937888198757764,0.937888198757764
10,clab-nebula-serf65,5,0,0,0,0,0,0.0,0.0,0.0
10,clab-nebula-serf65,10,0,0,0,0,0,0.0,0.0,0.0
10,clab-nebula-serf65,15,0,0,0,0,0,0.0,0.0,0.0
10,clab-nebula-serf65,20,23,159,23,136,0,0.14465408805031446,1.0,0.14465408805031446
10,clab-nebula-serf65,25,62,161,62,99,0,0.38509316770186336,1.0,0.38509316770186336
10,clab-nebula-serf65,30,95,159,95,64,0,0.5974842767295597,1.0,0.5974842767295597
10,clab-nebula-serf65,35,115,159,115,44,0,0.7232704402515723,1.0,0.7232704402515723
10,clab-nebula-serf65,40,122,159,122,37,0,0.7672955974842768,1.0,0.7672955974842768
10,clab-nebula-serf65,45,126,159,126,33,0,0.7924528301886793,1.0,0.7924528301886793
10,clab-nebula-serf65,50,152,159,152,7,0,0.9559748427672956,1.0,0.9559748427672956
10,clab-nebula-serf65,55,154,159,154,5,0,0.9685534591194969,1.0,0.9685534591194969
10,clab-nebula-serf65,60,155,159,155,4,0,0.9748427672955975,1.0,0.9748427672955975
10,clab-nebula-serf68,5,0,0,0,0,0,0.0,0.0,0.0
10,clab-nebula-serf68,10,5,16,5,11,0,0.3125,1.0,0.3125
10,clab-nebula-serf68,15,27,159,27,132,0,0.16981132075471697,1.0,0.16981132075471697
10,clab-nebula-serf68,20,42,159,42,117,0,0.2641509433962264,1.0,0.2641509433962264
10,clab-nebula-serf68,25,79,159,79,80,0,0.4968553459119497,1.0,0.4968553459119497
10,clab-nebula-serf68,30,103,159,103,56,0,0.6477987421383647,1.0,0.6477987421383647
10,clab-nebula-serf68,35,116,159,116,43,0,0.7295597484276729,1.0,0.7295597484276729
10,clab-nebula-serf68,40,122,159,122,37,0,0.7672955974842768,1.0,0.7672955974842768
10,clab-nebula-serf68,45,135,159,135,24,0,0.8490566037735849,1.0,0.8490566037735849
10,clab-nebula-serf68,50,154,159,154,5,0,0.9685534591194969,1.0,0.9685534591194969
10,clab-nebula-serf68,55,154,159,154,5,0,0.9685534591194969,1.0,0.9685534591194969
10,clab-nebula-serf68,60,158,159,156,3,2,0.9811320754716981,0.9873417721518988,0.968944099378882
10,clab-nebula-serf94,5,2,1,1,0,1,1.0,0.5,0.5
10,clab-nebula-serf94,10,17,72,16,56,1,0.2222222222222222,0.9411764705882353,0.2191780821917808
10,clab-nebula-serf94,15,36,123,35,88,1,0.2845528455284553,0.9722222222222222,0.28225806451612906
10,clab-nebula-serf94,20,57,122,48,74,9,0.39344262295081966,0.8421052631578947,0.366412213740458
10,clab-nebula-serf94,25,81,151,81,70,0,0.5364238410596026,1.0,0.5364238410596026
10,clab-nebula-serf94,30,105,151,105,46,0,0.695364238410596,1.0,0.695364238410596
10,clab-nebula-serf94,35,119,151,119,32,0,0.7880794701986755,1.0,0.7880794701986755
10,clab-nebula-serf94,40,129,151,128,23,1,0.847682119205298,0.9922480620155039,0.8421052631578947
10,clab-nebula-serf94,45,145,151,138,13,7,0.9139072847682119,0.9517241379310345,0.8734177215189873
10,clab-nebula-serf94,50,154,151,144,7,10,0.9536423841059603,0.935064935064935,0.8944099378881988
10,clab-nebula-serf94,55,157,151,147,4,10,0.9735099337748344,0.9363057324840764,0.9130434782608695
10,clab-nebula-serf94,60,161,151,151,0,10,1.0,0.937888198757764,0.937888198757764
10,clab-nebula-serf103,5,7,115,7,108,0,0.06086956521739131,1.0,0.06086956521739131
10,clab-nebula-serf103,10,7,115,7,108,0,0.06086956521739131,1.0,0.06086956521739131
10,clab-nebula-serf103,15,8,121,7,114,1,0.05785123966942149,0.875,0.05737704918032787
10,clab-nebula-serf103,20,16,138,16,122,0,0.11594202898550725,1.0,0.11594202898550725
10,clab-nebula-serf103,25,27,159,27,132,0,0.16981132075471697,1.0,0.16981132075471697
10,clab-nebula-serf103,30,63,159,63,96,0,0.39622641509433965,1.0,0.39622641509433965
10,clab-nebula-serf103,35,102,159,102,57,0,0.6415094339622641,1.0,0.6415094339622641
10,clab-nebula-serf103,40,140,159,140,19,0,0.8805031446540881,1.0,0.8805031446540881
10,clab-nebula-serf103,45,150,159,150,9,0,0.9433962264150944,1.0,0.9433962264150944
10,clab-nebula-serf103,50,159,159,158,1,1,0.9937106918238994,0.9937106918238994,0.9875
10,clab-nebula-serf103,55,161,159,159,0,2,1.0,0.9875776397515528,0.9875776397515528
10,clab-nebula-serf103,60,161,159,159,0,2,1.0,0.9875776397515528,0.9875776397515528
10,clab-nebula-serf117,5,0,0,0,0,0,0.0,0.0,0.0
10,clab-nebula-serf117,10,0,0,0,0,0,0.0,0.0,0.0
10,clab-nebula-serf117,15,0,0,0,0,0,0.0,0.0,0.0
10,clab-nebula-serf117,20,0,0,0,0,0,0.0,0.0,0.0
10,clab-nebula-serf117,25,1,78,1,77,0,0.01282051282051282,1.0,0.01282051282051282
10,clab-nebula-serf117,30,3,78,3,75,0,0.038461538461538464,1.0,0.038461538461538464
10,clab-nebula-serf117,35,3,78,3,75,0,0.038461538461538464,1.0,0.038461538461538464
10,clab-nebula-serf117,40,3,78,3,75,0,0.038461538461538464,1.0,0.038461538461538464
10,clab-nebula-serf117,45,10,153,10,143,0,0.06535947712418301,1.0,0.06535947712418301
10,clab-nebula-serf117,50,21,153,21,132,0,0.13725490196078433,1.0,0.13725490196078433
10,clab-nebula-serf117,55,45,151,45,106,0,0.2980132450331126,1.0,0.2980132450331126
10,clab-nebula-serf117,60,68,151,68,83,0,0.4503311258278146,1.0,0.4503311258278146
10,clab-nebula-serf127,5,0,0,0,0,0,0.0,0.0,0.0
10,clab-nebula-serf127,10,4,161,4,157,0,0.024844720496894408,1.0,0.024844720496894408
10,clab-nebula-serf127,15,13,161,13,148,0,0.08074534161490683,1.0,0.08074534161490683
10,clab-nebula-serf127,20,46,161,46,115,0,0.2857142857142857,1.0,0.2857142857142857
10,clab-nebula-serf127,25,60,161,60,101,0,0.37267080745341613,1.0,0.37267080745341613
10,clab-nebula-serf127,30,92,161,92,69,0,0.5714285714285714,1.0,0.5714285714285714
10,clab-nebula-serf127,35,122,161,122,39,0,0.7577639751552795,1.0,0.7577639751552795
10,clab-nebula-serf127,40,138,161,138,23,0,0.8571428571428571,1.0,0.8571428571428571
10,clab-nebula-serf127,45,146,151,136,15,10,0.9006622516556292,0.9315068493150684,0.84472049689441
10,clab-nebula-serf127,50,156,153,148,5,8,0.9673202614379085,0.9487179487179487,0.9192546583850931
10,clab-nebula-serf127,55,161,153,153,0,8,1.0,0.9503105590062112,0.9503105590062112
10,clab-nebula-serf127,60,161,153,153,0,8,1.0,0.9503105590062112,0.9503105590062112
10,clab-nebula-serf129,5,0,0,0,0,0,0.0,0.0,0.0
10,clab-nebula-serf129,10,0,0,0,0,0,0.0,0.0,0.0
10,clab-nebula-serf129,15,2,31,1,30,1,0.03225806451612903,0.5,0.03125
10,clab-nebula-serf129,20,7,31,3,28,4,0.0967741935483871,0.42857142857142855,0.08571428571428572
10,clab-nebula-serf129,25,17,159,17,142,0,0.1069182389937107,1.0,0.1069182389937107
10,clab-nebula-serf129,30,42,159,42,117,0,0.2641509433962264,1.0,0.2641509433962264
10,clab-nebula-serf129,35,71,159,71,88,0,0.44654088050314467,1.0,0.44654088050314467
10,clab-nebula-serf129,40,123,159,123,36,0,0.7735849056603774,1.0,0.7735849056603774
10,clab-nebula-serf129,45,142,159,142,17,0,0.8930817610062893,1.0,0.8930817610062893
10,clab-nebula-serf129,50,149,159,149,10,0,0.9371069182389937,1.0,0.9371069182389937
10,clab-nebula-serf129,55,155,160,154,6,1,0.9625,0.9935483870967742,0.9565217391304348
10,clab-nebula-serf129,60,158,160,157,3,1,0.98125,0.9936708860759493,0.9751552795031055
10,clab-nebula-serf155,5,0,0,0,0,0,0.0,0.0,0.0
10,clab-nebula-serf155,10,0,0,0,0,0,0.0,0.0,0.0
10,clab-nebula-serf155,15,1,7,1,6,0,0.14285714285714285,1.0,0.14285714285714285
10,clab-nebula-serf155,20,11,129,11,118,0,0.08527131782945736,1.0,0.08527131782945736
10,clab-nebula-serf155,25,14,161,14,147,0,0.08695652173913043,1.0,0.08695652173913043
10,clab-nebula-serf155,30,24,161,24,137,0,0.14906832298136646,1.0,0.14906832298136646
10,clab-nebula-serf155,35,43,161,43,118,0,0.2670807453416149,1.0,0.2670807453416149
10,clab-nebula-serf155,40,56,161,56,105,0,0.34782608695652173,1.0,0.34782608695652173
10,clab-nebula-serf155,45,82,161,82,79,0,0.5093167701863354,1.0,0.5093167701863354
10,clab-nebula-serf155,50,117,161,117,44,0,0.7267080745341615,1.0,0.7267080745341615
10,clab-nebula-serf155,55,137,161,137,24,0,0.8509316770186336,1.0,0.8509316770186336
10,clab-nebula-serf155,60,150,159,148,11,2,0.9308176100628931,0.9866666666666667,0.9192546583850931
10,clab-nebula-serf3,5,0,0,0,0,0,0.0,0.0,0.0
10,clab-nebula-serf3,10,2,4,2,2,0,0.5,1.0,0.5
10,clab-nebula-serf3,15,7,12,7,5,0,0.5833333333333334,1.0,0.5833333333333334
10,clab-nebula-serf3,20,13,28,13,15,0,0.4642857142857143,1.0,0.4642857142857143
10,clab-nebula-serf3,25,22,41,20,21,2,0.4878048780487805,0.9090909090909091,0.46511627906976744
10,clab-nebula-serf3,30,50,159,50,109,0,0.31446540880503143,1.0,0.31446540880503143
10,clab-nebula-serf3,35,83,159,83,76,0,0.5220125786163522,1.0,0.5220125786163522
10,clab-nebula-serf3,40,96,159,96,63,0,0.6037735849056604,1.0,0.6037735849056604
10,clab-nebula-serf3,45,109,159,109,50,0,0.6855345911949685,1.0,0.6855345911949685
10,clab-nebula-serf3,50,119,159,119,40,0,0.7484276729559748,1.0,0.7484276729559748
10,clab-nebula-serf3,55,123,159,123,36,0,0.7735849056603774,1.0,0.7735849056603774
10,clab-nebula-serf3,60,141,159,141,18,0,0.8867924528301887,1.0,0.8867924528301887
10,clab-nebula-serf14,5,0,0,0,0,0,0.0,0.0,0.0
10,clab-nebula-serf14,10,4,56,3,53,1,0.05357142857142857,0.75,0.05263157894736842
10,clab-nebula-serf14,15,18,62,18,44,0,0.2903225806451613,1.0,0.2903225806451613
10,clab-nebula-serf14,20,35,100,34,66,1,0.34,0.9714285714285714,0.33663366336633666
10,clab-nebula-serf14,25,70,159,70,89,0,0.44025157232704404,1.0,0.44025157232704404
10,clab-nebula-serf14,30,88,159,88,71,0,0.5534591194968553,1.0,0.5534591194968553
10,clab-nebula-serf14,35,102,159,102,57,0,0.6415094339622641,1.0,0.6415094339622641
10,clab-nebula-serf14,40,119,159,119,40,0,0.7484276729559748,1.0,0.7484276729559748
10,clab-nebula-serf14,45,121,159,121,38,0,0.7610062893081762,1.0,0.7610062893081762
10,clab-nebula-serf14,50,126,159,126,33,0,0.7924528301886793,1.0,0.7924528301886793
10,clab-nebula-serf14,55,151,159,151,8,0,0.949685534591195,1.0,0.949685534591195
10,clab-nebula-serf14,60,155,159,154,5,1,0.9685534591194969,0.9935483870967742,0.9625
10,clab-nebula-serf142,5,0,0,0,0,0,0.0,0.0,0.0
10,clab-nebula-serf142,10,0,0,0,0,0,0.0,0.0,0.0
10,clab-nebula-serf142,15,1,28,1,27,0,0.03571428571428571,1.0,0.03571428571428571
10,clab-nebula-serf142,20,1,28,1,27,0,0.03571428571428571,1.0,0.03571428571428571
10,clab-nebula-serf142,25,7,26,5,21,2,0.19230769230769232,0.7142857142857143,0.17857142857142858
10,clab-nebula-serf142,30,14,75,13,62,1,0.17333333333333334,0.9285714285714286,0.17105263157894737
10,clab-nebula-serf142,35,30,161,30,131,0,0.18633540372670807,1.0,0.18633540372670807
10,clab-nebula-serf142,40,54,161,54,107,0,0.33540372670807456,1.0,0.33540372670807456
10,clab-nebula-serf142,45,59,161,59,102,0,0.36645962732919257,1.0,0.36645962732919257
10,clab-nebula-serf142,50,95,161,95,66,0,0.5900621118012422,1.0,0.5900621118012422
10,clab-nebula-serf142,55,126,161,126,35,0,0.782608695652174,1.0,0.782608695652174
10,clab-nebula-serf142,60,140,161,140,21,0,0.8695652173913043,1.0,0.8695652173913043
10,clab-nebula-serf96,5,4,7,4,3,0,0.5714285714285714,1.0,0.5714285714285714
10,clab-nebula-serf96,10,7,115,7,108,0,0.06086956521739131,1.0,0.06086956521739131
10,clab-nebula-serf96,15,7,115,7,108,0,0.06086956521739131,1.0,0.06086956521739131
10,clab-nebula-serf96,20,9,121,7,114,2,0.05785123966942149,0.7777777777777778,0.056910569105691054
10,clab-nebula-serf96,25,20,141,20,121,0,0.14184397163120568,1.0,0.14184397163120568
10,clab-nebula-serf96,30,41,159,41,118,0,0.2578616352201258,1.0,0.2578616352201258
10,clab-nebula-serf96,35,77,159,77,82,0,0.48427672955974843,1.0,0.48427672955974843
10,clab-nebula-serf96,40,121,159,121,38,0,0.7610062893081762,1.0,0.7610062893081762
10,clab-nebula-serf96,45,147,159,147,12,0,0.9245283018867925,1.0,0.9245283018867925
10,clab-nebula-serf96,50,153,159,153,6,0,0.9622641509433962,1.0,0.9622641509433962
10,clab-nebula-serf96,55,160,159,158,1,2,0.9937106918238994,0.9875,0.9813664596273292
10,clab-nebula-serf96,60,161,159,159,0,2,1.0,0.9875776397515528,0.9875776397515528
10,clab-nebula-serf116,5,0,0,0,0,0,0.0,0.0,0.0
10,clab-nebula-serf116,10,0,0,0,0,0,0.0,0.0,0.0
10,clab-nebula-serf116,15,0,0,0,0,0,0.0,0.0,0.0
10,clab-nebula-serf116,20,0,0,0,0,0,0.0,0.0,0.0
10,clab-nebula-serf116,25,0,0,0,0,0,0.0,0.0,0.0
10,clab-nebula-serf116,30,0,0,0,0,0,0.0,0.0,0.0
10,clab-nebula-serf116,35,1,1,1,0,0,1.0,1.0,1.0
10,clab-nebula-serf116,40,1,1,1,0,0,1.0,1.0,1.0
10,clab-nebula-serf116,45,6,151,6,145,0,0.039735099337748346,1.0,0.039735099337748346
10,clab-nebula-serf116,50,14,151,14,137,0,0.09271523178807947,1.0,0.09271523178807947
10,clab-nebula-serf116,55,40,151,38,113,2,0.25165562913907286,0.95,0.24836601307189543
10,clab-nebula-serf116,60,88,151,79,72,9,0.5231788079470199,0.8977272727272727,0.49375
10,clab-nebula-serf56,5,9,21,9,12,0,0.42857142857142855,1.0,0.42857142857142855
10,clab-nebula-serf56,10,24,100,23,77,1,0.23,0.9583333333333334,0.22772277227722773
10,clab-nebula-serf56,15,64,159,64,95,0,0.4025157232704403,1.0,0.4025157232704403
10,clab-nebula-serf56,20,83,159,83,76,0,0.5220125786163522,1.0,0.5220125786163522
10,clab-nebula-serf56,25,97,159,97,62,0,0.610062893081761,1.0,0.610062893081761
10,clab-nebula-serf56,30,118,159,118,41,0,0.7421383647798742,1.0,0.7421383647798742
10,clab-nebula-serf56,35,121,159,121,38,0,0.7610062893081762,1.0,0.7610062893081762
10,clab-nebula-serf56,40,125,159,125,34,0,0.7861635220125787,1.0,0.7861635220125787
10,clab-nebula-serf56,45,151,159,151,8,0,0.949685534591195,1.0,0.949685534591195
10,clab-nebula-serf56,50,154,159,154,5,0,0.9685534591194969,1.0,0.9685534591194969
10,clab-nebula-serf56,55,157,159,155,4,2,0.9748427672955975,0.9872611464968153,0.9627329192546584
10,clab-nebula-serf56,60,158,159,156,3,2,0.9811320754716981,0.9873417721518988,0.968944099378882
10,clab-nebula-serf59,5,5,10,5,5,0,0.5,1.0,0.5
10,clab-nebula-serf59,10,26,99,25,74,1,0.25252525252525254,0.9615384615384616,0.25
10,clab-nebula-serf59,15,63,159,63,96,0,0.39622641509433965,1.0,0.39622641509433965
10,clab-nebula-serf59,20,83,159,83,76,0,0.5220125786163522,1.0,0.5220125786163522
10,clab-nebula-serf59,25,99,159,99,60,0,0.6226415094339622,1.0,0.6226415094339622
10,clab-nebula-serf59,30,119,159,119,40,0,0.7484276729559748,1.0,0.7484276729559748
10,clab-nebula-serf59,35,124,159,124,35,0,0.779874213836478,1.0,0.779874213836478
10,clab-nebula-serf59,40,128,159,128,31,0,0.8050314465408805,1.0,0.8050314465408805
10,clab-nebula-serf59,45,153,159,153,6,0,0.9622641509433962,1.0,0.9622641509433962
10,clab-nebula-serf59,50,154,159,154,5,0,0.9685534591194969,1.0,0.9685534591194969
10,clab-nebula-serf59,55,157,159,155,4,2,0.9748427672955975,0.9872611464968153,0.9627329192546584
10,clab-nebula-serf59,60,161,159,159,0,2,1.0,0.9875776397515528,0.9875776397515528
10,clab-nebula-serf70,5,3,100,3,97,0,0.03,1.0,0.03
10,clab-nebula-serf70,10,19,159,19,140,0,0.11949685534591195,1.0,0.11949685534591195
10,clab-nebula-serf70,15,36,159,36,123,0,0.22641509433962265,1.0,0.22641509433962265
10,clab-nebula-serf70,20,66,159,66,93,0,0.41509433962264153,1.0,0.41509433962264153
10,clab-nebula-serf70,25,87,159,87,72,0,0.5471698113207547,1.0,0.5471698113207547
10,clab-nebula-serf70,30,110,159,110,49,0,0.6918238993710691,1.0,0.6918238993710691
10,clab-nebula-serf70,35,119,159,119,40,0,0.7484276729559748,1.0,0.7484276729559748
10,clab-nebula-serf70,40,124,159,124,35,0,0.779874213836478,1.0,0.779874213836478
10,clab-nebula-serf70,45,147,159,147,12,0,0.9245283018867925,1.0,0.9245283018867925
10,clab-nebula-serf70,50,154,159,154,5,0,0.9685534591194969,1.0,0.9685534591194969
10,clab-nebula-serf70,55,158,159,156,3,2,0.9811320754716981,0.9873417721518988,0.968944099378882
10,clab-nebula-serf70,60,161,159,159,0,2,1.0,0.9875776397515528,0.9875776397515528
10,clab-nebula-serf81,5,1,16,1,15,0,0.0625,1.0,0.0625
10,clab-nebula-serf81,10,22,159,22,137,0,0.13836477987421383,1.0,0.13836477987421383
10,clab-nebula-serf81,15,39,159,39,120,0,0.24528301886792453,1.0,0.24528301886792453
10,clab-nebula-serf81,20,68,159,68,91,0,0.4276729559748428,1.0,0.4276729559748428
10,clab-nebula-serf81,25,90,159,90,69,0,0.5660377358490566,1.0,0.5660377358490566
10,clab-nebula-serf81,30,114,159,114,45,0,0.7169811320754716,1.0,0.7169811320754716
10,clab-nebula-serf81,35,121,159,121,38,0,0.7610062893081762,1.0,0.7610062893081762
10,clab-nebula-serf81,40,130,159,130,29,0,0.8176100628930818,1.0,0.8176100628930818
10,clab-nebula-serf81,45,153,159,153,6,0,0.9622641509433962,1.0,0.9622641509433962
10,clab-nebula-serf81,50,154,159,154,5,0,0.9685534591194969,1.0,0.9685534591194969
10,clab-nebula-serf81,55,157,159,156,3,1,0.9811320754716981,0.9936305732484076,0.975
10,clab-nebula-serf81,60,161,159,159,0,2,1.0,0.9875776397515528,0.9875776397515528
10,clab-nebula-serf95,5,0,0,0,0,0,0.0,0.0,0.0
10,clab-nebula-serf95,10,10,72,10,62,0,0.1388888888888889,1.0,0.1388888888888889
10,clab-nebula-serf95,15,30,123,29,94,1,0.23577235772357724,0.9666666666666667,0.23387096774193547
10,clab-nebula-serf95,20,50,136,50,86,0,0.36764705882352944,1.0,0.36764705882352944
10,clab-nebula-serf95,25,80,151,80,71,0,0.5298013245033113,1.0,0.5298013245033113
10,clab-nebula-serf95,30,104,151,104,47,0,0.6887417218543046,1.0,0.6887417218543046
10,clab-nebula-serf95,35,119,151,119,32,0,0.7880794701986755,1.0,0.7880794701986755
10,clab-nebula-serf95,40,124,151,123,28,1,0.8145695364238411,0.9919354838709677,0.8092105263157895
10,clab-nebula-serf95,45,142,151,138,13,4,0.9139072847682119,0.971830985915493,0.8903225806451613
10,clab-nebula-serf95,50,154,151,144,7,10,0.9536423841059603,0.935064935064935,0.8944099378881988
10,clab-nebula-serf95,55,154,151,144,7,10,0.9536423841059603,0.935064935064935,0.8944099378881988
10,clab-nebula-serf95,60,159,151,149,2,10,0.9867549668874173,0.9371069182389937,0.9254658385093167
10,clab-nebula-serf114,5,1,1,1,0,0,1.0,1.0,1.0
10,clab-nebula-serf114,10,1,1,1,0,0,1.0,1.0,1.0
10,clab-nebula-serf114,15,2,161,2,159,0,0.012422360248447204,1.0,0.012422360248447204
10,clab-nebula-serf114,20,17,161,17,144,0,0.10559006211180125,1.0,0.10559006211180125
10,clab-nebula-serf114,25,25,161,25,136,0,0.15527950310559005,1.0,0.15527950310559005
10,clab-nebula-serf114,30,53,159,53,106,0,0.3333333333333333,1.0,0.3333333333333333
10,clab-nebula-serf114,35,92,159,92,67,0,0.5786163522012578,1.0,0.5786163522012578
10,clab-nebula-serf114,40,134,159,133,26,1,0.8364779874213837,0.9925373134328358,0.83125
10,clab-nebula-serf114,45,152,159,150,9,2,0.9433962264150944,0.9868421052631579,0.9316770186335404
10,clab-nebula-serf114,50,158,159,156,3,2,0.9811320754716981,0.9873417721518988,0.968944099378882
10,clab-nebula-serf114,55,161,159,159,0,2,1.0,0.9875776397515528,0.9875776397515528
10,clab-nebula-serf114,60,161,159,159,0,2,1.0,0.9875776397515528,0.9875776397515528
10,clab-nebula-serf9,5,1,11,0,11,1,0.0,0.0,0.0
10,clab-nebula-serf9,10,8,28,8,20,0,0.2857142857142857,1.0,0.2857142857142857
10,clab-nebula-serf9,15,17,100,17,83,0,0.17,1.0,0.17
10,clab-nebula-serf9,20,36,100,35,65,1,0.35,0.9722222222222222,0.3465346534653465
10,clab-nebula-serf9,25,71,159,71,88,0,0.44654088050314467,1.0,0.44654088050314467
10,clab-nebula-serf9,30,87,159,87,72,0,0.5471698113207547,1.0,0.5471698113207547
10,clab-nebula-serf9,35,101,159,101,58,0,0.6352201257861635,1.0,0.6352201257861635
10,clab-nebula-serf9,40,116,159,116,43,0,0.7295597484276729,1.0,0.7295597484276729
10,clab-nebula-serf9,45,120,159,120,39,0,0.7547169811320755,1.0,0.7547169811320755
10,clab-nebula-serf9,50,125,159,125,34,0,0.7861635220125787,1.0,0.7861635220125787
10,clab-nebula-serf9,55,151,159,151,8,0,0.949685534591195,1.0,0.949685534591195
10,clab-nebula-serf9,60,154,159,154,5,0,0.9685534591194969,1.0,0.9685534591194969
10,clab-nebula-serf17,5,1,10,1,9,0,0.1,1.0,0.1
10,clab-nebula-serf17,10,12,62,12,50,0,0.1935483870967742,1.0,0.1935483870967742
10,clab-nebula-serf17,15,30,100,29,71,1,0.29,0.9666666666666667,0.2871287128712871
10,clab-nebula-serf17,20,66,159,66,93,0,0.41509433962264153,1.0,0.41509433962264153
10,clab-nebula-serf17,25,85,159,85,74,0,0.5345911949685535,1.0,0.5345911949685535
10,clab-nebula-serf17,30,96,159,96,63,0,0.6037735849056604,1.0,0.6037735849056604
10,clab-nebula-serf17,35,116,159,116,43,0,0.7295597484276729,1.0,0.7295597484276729
10,clab-nebula-serf17,40,121,159,121,38,0,0.7610062893081762,1.0,0.7610062893081762
10,clab-nebula-serf17,45,124,159,124,35,0,0.779874213836478,1.0,0.779874213836478
10,clab-nebula-serf17,50,150,159,150,9,0,0.9433962264150944,1.0,0.9433962264150944
10,clab-nebula-serf17,55,154,159,154,5,0,0.9685534591194969,1.0,0.9685534591194969
10,clab-nebula-serf17,60,157,159,155,4,2,0.9748427672955975,0.9872611464968153,0.9627329192546584
10,clab-nebula-serf139,5,0,0,0,0,0,0.0,0.0,0.0
10,clab-nebula-serf139,10,0,0,0,0,0,0.0,0.0,0.0
10,clab-nebula-serf139,15,5,40,5,35,0,0.125,1.0,0.125
10,clab-nebula-serf139,20,14,40,14,26,0,0.35,1.0,0.35
10,clab-nebula-serf139,25,21,40,21,19,0,0.525,1.0,0.525
10,clab-nebula-serf139,30,31,161,31,130,0,0.19254658385093168,1.0,0.19254658385093168
10,clab-nebula-serf139,35,45,161,45,116,0,0.2795031055900621,1.0,0.2795031055900621
10,clab-nebula-serf139,40,65,161,65,96,0,0.40372670807453415,1.0,0.40372670807453415
10,clab-nebula-serf139,45,95,161,95,66,0,0.5900621118012422,1.0,0.5900621118012422
10,clab-nebula-serf139,50,121,161,121,40,0,0.7515527950310559,1.0,0.7515527950310559
10,clab-nebula-serf139,55,137,161,137,24,0,0.8509316770186336,1.0,0.8509316770186336
10,clab-nebula-serf139,60,149,161,149,12,0,0.9254658385093167,1.0,0.9254658385093167
10,clab-nebula-serf52,5,1,18,1,17,0,0.05555555555555555,1.0,0.05555555555555555
10,clab-nebula-serf52,10,12,23,12,11,0,0.5217391304347826,1.0,0.5217391304347826
10,clab-nebula-serf52,15,38,100,37,63,1,0.37,0.9736842105263158,0.36633663366336633
10,clab-nebula-serf52,20,69,159,69,90,0,0.4339622641509434,1.0,0.4339622641509434
10,clab-nebula-serf52,25,88,159,88,71,0,0.5534591194968553,1.0,0.5534591194968553
10,clab-nebula-serf52,30,106,159,106,53,0,0.6666666666666666,1.0,0.6666666666666666
10,clab-nebula-serf52,35,119,159,119,40,0,0.7484276729559748,1.0,0.7484276729559748
10,clab-nebula-serf52,40,124,159,124,35,0,0.779874213836478,1.0,0.779874213836478
10,clab-nebula-serf52,45,134,159,134,25,0,0.8427672955974843,1.0,0.8427672955974843
10,clab-nebula-serf52,50,154,159,154,5,0,0.9685534591194969,1.0,0.9685534591194969
10,clab-nebula-serf52,55,154,159,154,5,0,0.9685534591194969,1.0,0.9685534591194969
10,clab-nebula-serf52,60,157,159,155,4,2,0.9748427672955975,0.9872611464968153,0.9627329192546584
10,clab-nebula-serf71,5,0,0,0,0,0,0.0,0.0,0.0
10,clab-nebula-serf71,10,15,159,15,144,0,0.09433962264150944,1.0,0.09433962264150944
10,clab-nebula-serf71,15,33,159,33,126,0,0.20754716981132076,1.0,0.20754716981132076
10,clab-nebula-serf71,20,57,161,57,104,0,0.35403726708074534,1.0,0.35403726708074534
10,clab-nebula-serf71,25,83,159,83,76,0,0.5220125786163522,1.0,0.5220125786163522
10,clab-nebula-serf71,30,107,159,107,52,0,0.6729559748427673,1.0,0.6729559748427673
10,clab-nebula-serf71,35,119,159,119,40,0,0.7484276729559748,1.0,0.7484276729559748
10,clab-nebula-serf71,40,124,159,124,35,0,0.779874213836478,1.0,0.779874213836478
10,clab-nebula-serf71,45,146,159,146,13,0,0.9182389937106918,1.0,0.9182389937106918
10,clab-nebula-serf71,50,154,159,154,5,0,0.9685534591194969,1.0,0.9685534591194969
10,clab-nebula-serf71,55,156,159,155,4,1,0.9748427672955975,0.9935897435897436,0.96875
10,clab-nebula-serf71,60,161,159,159,0,2,1.0,0.9875776397515528,0.9875776397515528
10,clab-nebula-serf26,5,3,157,3,154,0,0.01910828025477707,1.0,0.01910828025477707
10,clab-nebula-serf26,10,19,159,19,140,0,0.11949685534591195,1.0,0.11949685534591195
10,clab-nebula-serf26,15,31,159,31,128,0,0.1949685534591195,1.0,0.1949685534591195
10,clab-nebula-serf26,20,58,159,58,101,0,0.36477987421383645,1.0,0.36477987421383645
10,clab-nebula-serf26,25,87,159,87,72,0,0.5471698113207547,1.0,0.5471698113207547
10,clab-nebula-serf26,30,94,159,94,65,0,0.5911949685534591,1.0,0.5911949685534591
10,clab-nebula-serf26,35,108,159,108,51,0,0.6792452830188679,1.0,0.6792452830188679
10,clab-nebula-serf26,40,121,159,121,38,0,0.7610062893081762,1.0,0.7610062893081762
10,clab-nebula-serf26,45,124,159,124,35,0,0.779874213836478,1.0,0.779874213836478
10,clab-nebula-serf26,50,137,159,137,22,0,0.8616352201257862,1.0,0.8616352201257862
10,clab-nebula-serf26,55,154,159,154,5,0,0.9685534591194969,1.0,0.9685534591194969
10,clab-nebula-serf26,60,155,159,154,5,1,0.9685534591194969,0.9935483870967742,0.9625
10,clab-nebula-serf34,5,1,23,1,22,0,0.043478260869565216,1.0,0.043478260869565216
10,clab-nebula-serf34,10,9,159,9,150,0,0.05660377358490566,1.0,0.05660377358490566
10,clab-nebula-serf34,15,27,159,27,132,0,0.16981132075471697,1.0,0.16981132075471697
10,clab-nebula-serf34,20,67,159,67,92,0,0.42138364779874216,1.0,0.42138364779874216
10,clab-nebula-serf34,25,85,159,85,74,0,0.5345911949685535,1.0,0.5345911949685535
10,clab-nebula-serf34,30,95,159,95,64,0,0.5974842767295597,1.0,0.5974842767295597
10,clab-nebula-serf34,35,112,159,112,47,0,0.7044025157232704,1.0,0.7044025157232704
10,clab-nebula-serf34,40,121,159,121,38,0,0.7610062893081762,1.0,0.7610062893081762
10,clab-nebula-serf34,45,124,159,124,35,0,0.779874213836478,1.0,0.779874213836478
10,clab-nebula-serf34,50,149,159,149,10,0,0.9371069182389937,1.0,0.9371069182389937
10,clab-nebula-serf34,55,154,159,154,5,0,0.9685534591194969,1.0,0.9685534591194969
10,clab-nebula-serf34,60,156,159,155,4,1,0.9748427672955975,0.9935897435897436,0.96875
10,clab-nebula-serf126,5,0,0,0,0,0,0.0,0.0,0.0
10,clab-nebula-serf126,10,3,36,3,33,0,0.08333333333333333,1.0,0.08333333333333333
10,clab-nebula-serf126,15,15,161,15,146,0,0.09316770186335403,1.0,0.09316770186335403
10,clab-nebula-serf126,20,47,161,47,114,0,0.2919254658385093,1.0,0.2919254658385093
10,clab-nebula-serf126,25,59,161,59,102,0,0.36645962732919257,1.0,0.36645962732919257
10,clab-nebula-serf126,30,92,161,92,69,0,0.5714285714285714,1.0,0.5714285714285714
10,clab-nebula-serf126,35,121,161,121,40,0,0.7515527950310559,1.0,0.7515527950310559
10,clab-nebula-serf126,40,138,161,138,23,0,0.8571428571428571,1.0,0.8571428571428571
10,clab-nebula-serf126,45,146,151,136,15,10,0.9006622516556292,0.9315068493150684,0.84472049689441
10,clab-nebula-serf126,50,156,153,148,5,8,0.9673202614379085,0.9487179487179487,0.9192546583850931
10,clab-nebula-serf126,55,161,153,153,0,8,1.0,0.9503105590062112,0.9503105590062112
10,clab-nebula-serf126,60,161,153,153,0,8,1.0,0.9503105590062112,0.9503105590062112
10,clab-nebula-serf36,5,0,0,0,0,0,0.0,0.0,0.0
10,clab-nebula-serf36,10,2,159,2,157,0,0.012578616352201259,1.0,0.012578616352201259
10,clab-nebula-serf36,15,17,159,17,142,0,0.1069182389937107,1.0,0.1069182389937107
10,clab-nebula-serf36,20,53,159,53,106,0,0.3333333333333333,1.0,0.3333333333333333
10,clab-nebula-serf36,25,79,159,79,80,0,0.4968553459119497,1.0,0.4968553459119497
10,clab-nebula-serf36,30,92,159,92,67,0,0.5786163522012578,1.0,0.5786163522012578
10,clab-nebula-serf36,35,108,159,108,51,0,0.6792452830188679,1.0,0.6792452830188679
10,clab-nebula-serf36,40,121,159,121,38,0,0.7610062893081762,1.0,0.7610062893081762
10,clab-nebula-serf36,45,124,159,124,35,0,0.779874213836478,1.0,0.779874213836478
10,clab-nebula-serf36,50,137,159,137,22,0,0.8616352201257862,1.0,0.8616352201257862
10,clab-nebula-serf36,55,154,159,154,5,0,0.9685534591194969,1.0,0.9685534591194969
10,clab-nebula-serf36,60,154,159,154,5,0,0.9685534591194969,1.0,0.9685534591194969
10,clab-nebula-serf82,5,0,0,0,0,0,0.0,0.0,0.0
10,clab-nebula-serf82,10,0,0,0,0,0,0.0,0.0,0.0
10,clab-nebula-serf82,15,0,0,0,0,0,0.0,0.0,0.0
10,clab-nebula-serf82,20,0,0,0,0,0,0.0,0.0,0.0
10,clab-nebula-serf82,25,0,0,0,0,0,0.0,0.0,0.0
10,clab-nebula-serf82,30,0,0,0,0,0,0.0,0.0,0.0
10,clab-nebula-serf82,35,16,125,14,111,2,0.112,0.875,0.11023622047244094
10,clab-nebula-serf82,40,61,161,61,100,0,0.37888198757763975,1.0,0.37888198757763975
10,clab-nebula-serf82,45,94,161,94,67,0,0.5838509316770186,1.0,0.5838509316770186
10,clab-nebula-serf82,50,111,159,111,48,0,0.6981132075471698,1.0,0.6981132075471698
10,clab-nebula-serf82,55,121,159,121,38,0,0.7610062893081762,1.0,0.7610062893081762
10,clab-nebula-serf82,60,148,159,148,11,0,0.9308176100628931,1.0,0.9308176100628931
10,clab-nebula-serf85,5,0,0,0,0,0,0.0,0.0,0.0
10,clab-nebula-serf85,10,4,9,3,6,1,0.3333333333333333,0.75,0.3
10,clab-nebula-serf85,15,19,135,19,116,0,0.14074074074074075,1.0,0.14074074074074075
10,clab-nebula-serf85,20,35,135,35,100,0,0.25925925925925924,1.0,0.25925925925925924
10,clab-nebula-serf85,25,57,138,56,82,1,0.4057971014492754,0.9824561403508771,0.4028776978417266
10,clab-nebula-serf85,30,82,151,82,69,0,0.543046357615894,1.0,0.543046357615894
10,clab-nebula-serf85,35,111,151,111,40,0,0.7350993377483444,1.0,0.7350993377483444
10,clab-nebula-serf85,40,119,151,119,32,0,0.7880794701986755,1.0,0.7880794701986755
10,clab-nebula-serf85,45,134,151,133,18,1,0.8807947019867549,0.9925373134328358,0.875
10,clab-nebula-serf85,50,149,151,142,9,7,0.9403973509933775,0.9530201342281879,0.8987341772151899
10,clab-nebula-serf85,55,154,151,144,7,10,0.9536423841059603,0.935064935064935,0.8944099378881988
10,clab-nebula-serf85,60,157,151,147,4,10,0.9735099337748344,0.9363057324840764,0.9130434782608695
10,clab-nebula-serf97,5,5,6,5,1,0,0.8333333333333334,1.0,0.8333333333333334
10,clab-nebula-serf97,10,7,7,7,0,0,1.0,1.0,1.0
10,clab-nebula-serf97,15,7,7,7,0,0,1.0,1.0,1.0
10,clab-nebula-serf97,20,9,123,7,116,2,0.056910569105691054,0.7777777777777778,0.056
10,clab-nebula-serf97,25,17,138,17,121,0,0.12318840579710146,1.0,0.12318840579710146
10,clab-nebula-serf97,30,41,159,41,118,0,0.2578616352201258,1.0,0.2578616352201258
10,clab-nebula-serf97,35,80,159,80,79,0,0.5031446540880503,1.0,0.5031446540880503
10,clab-nebula-serf97,40,126,159,126,33,0,0.7924528301886793,1.0,0.7924528301886793
10,clab-nebula-serf97,45,149,159,149,10,0,0.9371069182389937,1.0,0.9371069182389937
10,clab-nebula-serf97,50,159,159,158,1,1,0.9937106918238994,0.9937106918238994,0.9875
10,clab-nebula-serf97,55,161,159,159,0,2,1.0,0.9875776397515528,0.9875776397515528
10,clab-nebula-serf97,60,161,159,159,0,2,1.0,0.9875776397515528,0.9875776397515528
10,clab-nebula-serf99,5,6,7,6,1,0,0.8571428571428571,1.0,0.8571428571428571
10,clab-nebula-serf99,10,7,115,7,108,0,0.06086956521739131,1.0,0.06086956521739131
10,clab-nebula-serf99,15,7,115,7,108,0,0.06086956521739131,1.0,0.06086956521739131
10,clab-nebula-serf99,20,11,139,11,128,0,0.07913669064748201,1.0,0.07913669064748201
10,clab-nebula-serf99,25,24,161,24,137,0,0.14906832298136646,1.0,0.14906832298136646
10,clab-nebula-serf99,30,52,159,52,107,0,0.3270440251572327,1.0,0.3270440251572327
10,clab-nebula-serf99,35,82,159,82,77,0,0.5157232704402516,1.0,0.5157232704402516
10,clab-nebula-serf99,40,137,159,137,22,0,0.8616352201257862,1.0,0.8616352201257862
10,clab-nebula-serf99,45,148,159,148,11,0,0.9308176100628931,1.0,0.9308176100628931
10,clab-nebula-serf99,50,159,159,158,1,1,0.9937106918238994,0.9937106918238994,0.9875
10,clab-nebula-serf99,55,160,159,158,1,2,0.9937106918238994,0.9875,0.9813664596273292
10,clab-nebula-serf99,60,161,159,159,0,2,1.0,0.9875776397515528,0.9875776397515528
10,clab-nebula-serf124,5,0,0,0,0,0,0.0,0.0,0.0
10,clab-nebula-serf124,10,3,75,3,72,0,0.04,1.0,0.04
10,clab-nebula-serf124,15,8,81,8,73,0,0.09876543209876543,1.0,0.09876543209876543
10,clab-nebula-serf124,20,15,161,15,146,0,0.09316770186335403,1.0,0.09316770186335403
10,clab-nebula-serf124,25,29,161,29,132,0,0.18012422360248448,1.0,0.18012422360248448
10,clab-nebula-serf124,30,81,151,71,80,10,0.47019867549668876,0.8765432098765432,0.4409937888198758
10,clab-nebula-serf124,35,114,151,104,47,10,0.6887417218543046,0.9122807017543859,0.6459627329192547
10,clab-nebula-serf124,40,133,151,123,28,10,0.8145695364238411,0.924812030075188,0.7639751552795031
10,clab-nebula-serf124,45,145,151,135,16,10,0.8940397350993378,0.9310344827586207,0.8385093167701864
10,clab-nebula-serf124,50,156,151,146,5,10,0.9668874172185431,0.9358974358974359,0.906832298136646
10,clab-nebula-serf124,55,161,151,151,0,10,1.0,0.937888198757764,0.937888198757764
10,clab-nebula-serf124,60,161,151,151,0,10,1.0,0.937888198757764,0.937888198757764
10,clab-nebula-serf157,5,4,11,4,7,0,0.36363636363636365,1.0,0.36363636363636365
10,clab-nebula-serf157,10,4,11,4,7,0,0.36363636363636365,1.0,0.36363636363636365
10,clab-nebula-serf157,15,5,10,4,6,1,0.4,0.8,0.36363636363636365
10,clab-nebula-serf157,20,9,23,9,14,0,0.391304347826087,1.0,0.391304347826087
10,clab-nebula-serf157,25,16,161,16,145,0,0.09937888198757763,1.0,0.09937888198757763
10,clab-nebula-serf157,30,35,161,35,126,0,0.21739130434782608,1.0,0.21739130434782608
10,clab-nebula-serf157,35,40,161,40,121,0,0.2484472049689441,1.0,0.2484472049689441
10,clab-nebula-serf157,40,54,161,54,107,0,0.33540372670807456,1.0,0.33540372670807456
10,clab-nebula-serf157,45,70,161,70,91,0,0.43478260869565216,1.0,0.43478260869565216
10,clab-nebula-serf157,50,109,161,109,52,0,0.6770186335403726,1.0,0.6770186335403726
10,clab-nebula-serf157,55,136,153,128,25,8,0.8366013071895425,0.9411764705882353,0.7950310559006211
10,clab-nebula-serf157,60,148,153,140,13,8,0.9150326797385621,0.9459459459459459,0.8695652173913043
10,clab-nebula-serf159,5,4,11,4,7,0,0.36363636363636365,1.0,0.36363636363636365
10,clab-nebula-serf159,10,4,11,4,7,0,0.36363636363636365,1.0,0.36363636363636365
10,clab-nebula-serf159,15,5,10,4,6,1,0.4,0.8,0.36363636363636365
10,clab-nebula-serf159,20,9,23,9,14,0,0.391304347826087,1.0,0.391304347826087
10,clab-nebula-serf159,25,16,161,16,145,0,0.09937888198757763,1.0,0.09937888198757763
10,clab-nebula-serf159,30,35,161,35,126,0,0.21739130434782608,1.0,0.21739130434782608
10,clab-nebula-serf159,35,40,161,40,121,0,0.2484472049689441,1.0,0.2484472049689441
10,clab-nebula-serf159,40,54,161,54,107,0,0.33540372670807456,1.0,0.33540372670807456
10,clab-nebula-serf159,45,70,161,70,91,0,0.43478260869565216,1.0,0.43478260869565216
10,clab-nebula-serf159,50,108,161,108,53,0,0.6708074534161491,1.0,0.6708074534161491
10,clab-nebula-serf159,55,136,153,128,25,8,0.8366013071895425,0.9411764705882353,0.7950310559006211
10,clab-nebula-serf159,60,148,153,140,13,8,0.9150326797385621,0.9459459459459459,0.8695652173913043
10,clab-nebula-serf1,5,0,0,0,0,0,0.0,0.0,0.0
10,clab-nebula-serf1,10,6,12,6,6,0,0.5,1.0,0.5
10,clab-nebula-serf1,15,12,12,11,1,1,0.9166666666666666,0.9166666666666666,0.8461538461538461
10,clab-nebula-serf1,20,19,41,19,22,0,0.4634146341463415,1.0,0.4634146341463415
10,clab-nebula-serf1,25,37,72,34,38,3,0.4722222222222222,0.918918918918919,0.4533333333333333
10,clab-nebula-serf1,30,74,159,74,85,0,0.46540880503144655,1.0,0.46540880503144655
10,clab-nebula-serf1,35,91,159,91,68,0,0.5723270440251572,1.0,0.5723270440251572
10,clab-nebula-serf1,40,107,159,107,52,0,0.6729559748427673,1.0,0.6729559748427673
10,clab-nebula-serf1,45,117,159,117,42,0,0.7358490566037735,1.0,0.7358490566037735
10,clab-nebula-serf1,50,121,159,121,38,0,0.7610062893081762,1.0,0.7610062893081762
10,clab-nebula-serf1,55,133,159,133,26,0,0.8364779874213837,1.0,0.8364779874213837
10,clab-nebula-serf1,60,153,159,151,8,2,0.949685534591195,0.9869281045751634,0.937888198757764
10,clab-nebula-serf33,5,3,159,3,156,0,0.018867924528301886,1.0,0.018867924528301886
10,clab-nebula-serf33,10,20,159,20,139,0,0.12578616352201258,1.0,0.12578616352201258
10,clab-nebula-serf33,15,53,159,53,106,0,0.3333333333333333,1.0,0.3333333333333333
10,clab-nebula-serf33,20,78,159,78,81,0,0.49056603773584906,1.0,0.49056603773584906
10,clab-nebula-serf33,25,90,159,90,69,0,0.5660377358490566,1.0,0.5660377358490566
10,clab-nebula-serf33,30,105,159,105,54,0,0.660377358490566,1.0,0.660377358490566
10,clab-nebula-serf33,35,119,159,119,40,0,0.7484276729559748,1.0,0.7484276729559748
10,clab-nebula-serf33,40,124,159,124,35,0,0.779874213836478,1.0,0.779874213836478
10,clab-nebula-serf33,45,128,159,128,31,0,0.8050314465408805,1.0,0.8050314465408805
10,clab-nebula-serf33,50,154,159,154,5,0,0.9685534591194969,1.0,0.9685534591194969
10,clab-nebula-serf33,55,154,159,154,5,0,0.9685534591194969,1.0,0.9685534591194969
10,clab-nebula-serf33,60,157,159,155,4,2,0.9748427672955975,0.9872611464968153,0.9627329192546584
10,clab-nebula-serf123,5,0,0,0,0,0,0.0,0.0,0.0
10,clab-nebula-serf123,10,2,38,2,36,0,0.05263157894736842,1.0,0.05263157894736842
10,clab-nebula-serf123,15,11,161,11,150,0,0.06832298136645963,1.0,0.06832298136645963
10,clab-nebula-serf123,20,16,161,16,145,0,0.09937888198757763,1.0,0.09937888198757763
10,clab-nebula-serf123,25,42,161,42,119,0,0.2608695652173913,1.0,0.2608695652173913
10,clab-nebula-serf123,30,89,161,89,72,0,0.5527950310559007,1.0,0.5527950310559007
10,clab-nebula-serf123,35,128,161,128,33,0,0.7950310559006211,1.0,0.7950310559006211
10,clab-nebula-serf123,40,143,161,143,18,0,0.8881987577639752,1.0,0.8881987577639752
10,clab-nebula-serf123,45,152,161,152,9,0,0.9440993788819876,1.0,0.9440993788819876
10,clab-nebula-serf123,50,158,161,158,3,0,0.9813664596273292,1.0,0.9813664596273292
10,clab-nebula-serf123,55,161,161,161,0,0,1.0,1.0,1.0
10,clab-nebula-serf123,60,161,161,161,0,0,1.0,1.0,1.0
10,clab-nebula-serf135,5,0,0,0,0,0,0.0,0.0,0.0
10,clab-nebula-serf135,10,0,0,0,0,0,0.0,0.0,0.0
10,clab-nebula-serf135,15,1,34,1,33,0,0.029411764705882353,1.0,0.029411764705882353
10,clab-nebula-serf135,20,14,40,14,26,0,0.35,1.0,0.35
10,clab-nebula-serf135,25,15,40,15,25,0,0.375,1.0,0.375
10,clab-nebula-serf135,30,25,40,24,16,1,0.6,0.96,0.5853658536585366
10,clab-nebula-serf135,35,42,161,42,119,0,0.2608695652173913,1.0,0.2608695652173913
10,clab-nebula-serf135,40,54,161,54,107,0,0.33540372670807456,1.0,0.33540372670807456
10,clab-nebula-serf135,45,91,151,81,70,10,0.5364238410596026,0.8901098901098901,0.5031055900621118
10,clab-nebula-serf135,50,112,151,102,49,10,0.6754966887417219,0.9107142857142857,0.6335403726708074
10,clab-nebula-serf135,55,137,151,127,24,10,0.8410596026490066,0.927007299270073,0.7888198757763976
10,clab-nebula-serf135,60,146,151,136,15,10,0.9006622516556292,0.9315068493150684,0.84472049689441
10,clab-nebula-serf13,5,0,0,0,0,0,0.0,0.0,0.0
10,clab-nebula-serf13,10,7,62,7,55,0,0.11290322580645161,1.0,0.11290322580645161
10,clab-nebula-serf13,15,24,62,24,38,0,0.3870967741935484,1.0,0.3870967741935484
10,clab-nebula-serf13,20,50,159,50,109,0,0.31446540880503143,1.0,0.31446540880503143
10,clab-nebula-serf13,25,76,159,76,83,0,0.4779874213836478,1.0,0.4779874213836478
10,clab-nebula-serf13,30,92,159,92,67,0,0.5786163522012578,1.0,0.5786163522012578
10,clab-nebula-serf13,35,110,159,110,49,0,0.6918238993710691,1.0,0.6918238993710691
10,clab-nebula-serf13,40,120,159,120,39,0,0.7547169811320755,1.0,0.7547169811320755
10,clab-nebula-serf13,45,124,159,124,35,0,0.779874213836478,1.0,0.779874213836478
10,clab-nebula-serf13,50,144,159,144,15,0,0.9056603773584906,1.0,0.9056603773584906
10,clab-nebula-serf13,55,154,159,154,5,0,0.9685534591194969,1.0,0.9685534591194969
10,clab-nebula-serf13,60,157,159,155,4,2,0.9748427672955975,0.9872611464968153,0.9627329192546584
10,clab-nebula-serf47,5,4,10,3,7,1,0.3,0.75,0.2727272727272727
10,clab-nebula-serf47,10,12,17,11,6,1,0.6470588235294118,0.9166666666666666,0.6111111111111112
10,clab-nebula-serf47,15,25,44,24,20,1,0.5454545454545454,0.96,0.5333333333333333
10,clab-nebula-serf47,20,51,87,46,41,5,0.5287356321839081,0.9019607843137255,0.5
10,clab-nebula-serf47,25,82,159,82,77,0,0.5157232704402516,1.0,0.5157232704402516
10,clab-nebula-serf47,30,100,159,100,59,0,0.6289308176100629,1.0,0.6289308176100629
10,clab-nebula-serf47,35,120,159,120,39,0,0.7547169811320755,1.0,0.7547169811320755
10,clab-nebula-serf47,40,124,159,124,35,0,0.779874213836478,1.0,0.779874213836478
10,clab-nebula-serf47,45,126,159,126,33,0,0.7924528301886793,1.0,0.7924528301886793
10,clab-nebula-serf47,50,154,159,154,5,0,0.9685534591194969,1.0,0.9685534591194969
10,clab-nebula-serf47,55,154,159,154,5,0,0.9685534591194969,1.0,0.9685534591194969
10,clab-nebula-serf47,60,156,159,155,4,1,0.9748427672955975,0.9935897435897436,0.96875
10,clab-nebula-serf84,5,0,0,0,0,0,0.0,0.0,0.0
10,clab-nebula-serf84,10,0,0,0,0,0,0.0,0.0,0.0
10,clab-nebula-serf84,15,4,10,3,7,1,0.3,0.75,0.2727272727272727
10,clab-nebula-serf84,20,18,133,18,115,0,0.13533834586466165,1.0,0.13533834586466165
10,clab-nebula-serf84,25,35,136,35,101,0,0.25735294117647056,1.0,0.25735294117647056
10,clab-nebula-serf84,30,57,138,56,82,1,0.4057971014492754,0.9824561403508771,0.4028776978417266
10,clab-nebula-serf84,35,81,151,81,70,0,0.5364238410596026,1.0,0.5364238410596026
10,clab-nebula-serf84,40,110,151,110,41,0,0.7284768211920529,1.0,0.7284768211920529
10,clab-nebula-serf84,45,119,151,119,32,0,0.7880794701986755,1.0,0.7880794701986755
10,clab-nebula-serf84,50,128,151,127,24,1,0.8410596026490066,0.9921875,0.8355263157894737
10,clab-nebula-serf84,55,142,151,138,13,4,0.9139072847682119,0.971830985915493,0.8903225806451613
10,clab-nebula-serf84,60,154,151,144,7,10,0.9536423841059603,0.935064935064935,0.8944099378881988
10,clab-nebula-serf92,5,0,0,0,0,0,0.0,0.0,0.0
10,clab-nebula-serf92,10,9,79,9,70,0,0.11392405063291139,1.0,0.11392405063291139
10,clab-nebula-serf92,15,30,159,30,129,0,0.18867924528301888,1.0,0.18867924528301888
10,clab-nebula-serf92,20,47,159,47,112,0,0.29559748427672955,1.0,0.29559748427672955
10,clab-nebula-serf92,25,77,159,77,82,0,0.48427672955974843,1.0,0.48427672955974843
10,clab-nebula-serf92,30,103,159,103,56,0,0.6477987421383647,1.0,0.6477987421383647
10,clab-nebula-serf92,35,118,159,118,41,0,0.7421383647798742,1.0,0.7421383647798742
10,clab-nebula-serf92,40,123,159,123,36,0,0.7735849056603774,1.0,0.7735849056603774
10,clab-nebula-serf92,45,137,159,137,22,0,0.8616352201257862,1.0,0.8616352201257862
10,clab-nebula-serf92,50,154,159,154,5,0,0.9685534591194969,1.0,0.9685534591194969
10,clab-nebula-serf92,55,154,159,154,5,0,0.9685534591194969,1.0,0.9685534591194969
10,clab-nebula-serf92,60,158,159,156,3,2,0.9811320754716981,0.9873417721518988,0.968944099378882
10,clab-nebula-serf106,5,0,0,0,0,0,0.0,0.0,0.0
10,clab-nebula-serf106,10,2,31,1,30,1,0.03225806451612903,0.5,0.03125
10,clab-nebula-serf106,15,4,31,2,29,2,0.06451612903225806,0.5,0.06060606060606061
10,clab-nebula-serf106,20,8,57,8,49,0,0.14035087719298245,1.0,0.14035087719298245
10,clab-nebula-serf106,25,27,161,27,134,0,0.16770186335403728,1.0,0.16770186335403728
10,clab-nebula-serf106,30,55,161,55,106,0,0.3416149068322981,1.0,0.3416149068322981
10,clab-nebula-serf106,35,86,161,86,75,0,0.5341614906832298,1.0,0.5341614906832298
10,clab-nebula-serf106,40,130,159,130,29,0,0.8176100628930818,1.0,0.8176100628930818
10,clab-nebula-serf106,45,145,159,145,14,0,0.9119496855345912,1.0,0.9119496855345912
10,clab-nebula-serf106,50,153,160,153,7,0,0.95625,1.0,0.95625
10,clab-nebula-serf106,55,155,160,154,6,1,0.9625,0.9935483870967742,0.9565217391304348
10,clab-nebula-serf106,60,161,160,160,0,1,1.0,0.9937888198757764,0.9937888198757764
10,clab-nebula-serf108,5,0,0,0,0,0,0.0,0.0,0.0
10,clab-nebula-serf108,10,2,40,2,38,0,0.05,1.0,0.05
10,clab-nebula-serf108,15,7,68,7,61,0,0.10294117647058823,1.0,0.10294117647058823
10,clab-nebula-serf108,20,16,68,16,52,0,0.23529411764705882,1.0,0.23529411764705882
10,clab-nebula-serf108,25,46,161,46,115,0,0.2857142857142857,1.0,0.2857142857142857
10,clab-nebula-serf108,30,73,151,72,79,1,0.4768211920529801,0.9863013698630136,0.47368421052631576
10,clab-nebula-serf108,35,122,151,114,37,8,0.7549668874172185,0.9344262295081968,0.7169811320754716
10,clab-nebula-serf108,40,144,151,134,17,10,0.8874172185430463,0.9305555555555556,0.8322981366459627
10,clab-nebula-serf108,45,149,151,139,12,10,0.9205298013245033,0.9328859060402684,0.8633540372670807
10,clab-nebula-serf108,50,155,151,145,6,10,0.9602649006622517,0.9354838709677419,0.9006211180124224
10,clab-nebula-serf108,55,158,151,148,3,10,0.9801324503311258,0.9367088607594937,0.9192546583850931
10,clab-nebula-serf108,60,161,151,151,0,10,1.0,0.937888198757764,0.937888198757764
10,clab-nebula-serf119,5,2,2,2,0,0,1.0,1.0,1.0
10,clab-nebula-serf119,10,2,2,2,0,0,1.0,1.0,1.0
10,clab-nebula-serf119,15,2,2,2,0,0,1.0,1.0,1.0
10,clab-nebula-serf119,20,2,2,2,0,0,1.0,1.0,1.0
10,clab-nebula-serf119,25,3,14,3,11,0,0.21428571428571427,1.0,0.21428571428571427
10,clab-nebula-serf119,30,3,14,3,11,0,0.21428571428571427,1.0,0.21428571428571427
10,clab-nebula-serf119,35,3,14,3,11,0,0.21428571428571427,1.0,0.21428571428571427
10,clab-nebula-serf119,40,4,14,3,11,1,0.21428571428571427,0.75,0.2
10,clab-nebula-serf119,45,5,88,5,83,0,0.056818181818181816,1.0,0.056818181818181816
10,clab-nebula-serf119,50,17,153,17,136,0,0.1111111111111111,1.0,0.1111111111111111
10,clab-nebula-serf119,55,27,153,27,126,0,0.17647058823529413,1.0,0.17647058823529413
10,clab-nebula-serf119,60,53,151,53,98,0,0.3509933774834437,1.0,0.3509933774834437
10,clab-nebula-serf125,5,0,0,0,0,0,0.0,0.0,0.0
10,clab-nebula-serf125,10,3,36,3,33,0,0.08333333333333333,1.0,0.08333333333333333
10,clab-nebula-serf125,15,12,161,12,149,0,0.07453416149068323,1.0,0.07453416149068323
10,clab-nebula-serf125,20,45,161,45,116,0,0.2795031055900621,1.0,0.2795031055900621
10,clab-nebula-serf125,25,58,161,58,103,0,0.36024844720496896,1.0,0.36024844720496896
10,clab-nebula-serf125,30,84,161,84,77,0,0.5217391304347826,1.0,0.5217391304347826
10,clab-nebula-serf125,35,112,161,112,49,0,0.6956521739130435,1.0,0.6956521739130435
10,clab-nebula-serf125,40,137,161,137,24,0,0.8509316770186336,1.0,0.8509316770186336
10,clab-nebula-serf125,45,146,151,136,15,10,0.9006622516556292,0.9315068493150684,0.84472049689441
10,clab-nebula-serf125,50,155,153,147,6,8,0.9607843137254902,0.9483870967741935,0.9130434782608695
10,clab-nebula-serf125,55,161,153,153,0,8,1.0,0.9503105590062112,0.9503105590062112
10,clab-nebula-serf125,60,161,153,153,0,8,1.0,0.9503105590062112,0.9503105590062112
10,clab-nebula-serf54,5,1,9,1,8,0,0.1111111111111111,1.0,0.1111111111111111
10,clab-nebula-serf54,10,11,21,11,10,0,0.5238095238095238,1.0,0.5238095238095238
10,clab-nebula-serf54,15,35,100,34,66,1,0.34,0.9714285714285714,0.33663366336633666
10,clab-nebula-serf54,20,66,159,66,93,0,0.41509433962264153,1.0,0.41509433962264153
10,clab-nebula-serf54,25,83,159,83,76,0,0.5220125786163522,1.0,0.5220125786163522
10,clab-nebula-serf54,30,99,159,99,60,0,0.6226415094339622,1.0,0.6226415094339622
10,clab-nebula-serf54,35,119,159,119,40,0,0.7484276729559748,1.0,0.7484276729559748
10,clab-nebula-serf54,40,122,159,122,37,0,0.7672955974842768,1.0,0.7672955974842768
10,clab-nebula-serf54,45,126,159,126,33,0,0.7924528301886793,1.0,0.7924528301886793
10,clab-nebula-serf54,50,153,159,153,6,0,0.9622641509433962,1.0,0.9622641509433962
10,clab-nebula-serf54,55,154,159,154,5,0,0.9685534591194969,1.0,0.9685534591194969
10,clab-nebula-serf54,60,157,159,155,4,2,0.9748427672955975,0.9872611464968153,0.9627329192546584
10,clab-nebula-serf57,5,4,21,4,17,0,0.19047619047619047,1.0,0.19047619047619047
10,clab-nebula-serf57,10,13,99,12,87,1,0.12121212121212122,0.9230769230769231,0.12
10,clab-nebula-serf57,15,57,159,57,102,0,0.3584905660377358,1.0,0.3584905660377358
10,clab-nebula-serf57,20,76,159,76,83,0,0.4779874213836478,1.0,0.4779874213836478
10,clab-nebula-serf57,25,90,159,90,69,0,0.5660377358490566,1.0,0.5660377358490566
10,clab-nebula-serf57,30,113,159,113,46,0,0.710691823899371,1.0,0.710691823899371
10,clab-nebula-serf57,35,121,159,121,38,0,0.7610062893081762,1.0,0.7610062893081762
10,clab-nebula-serf57,40,124,159,124,35,0,0.779874213836478,1.0,0.779874213836478
10,clab-nebula-serf57,45,144,159,144,15,0,0.9056603773584906,1.0,0.9056603773584906
10,clab-nebula-serf57,50,154,159,154,5,0,0.9685534591194969,1.0,0.9685534591194969
10,clab-nebula-serf57,55,155,159,154,5,1,0.9685534591194969,0.9935483870967742,0.9625
10,clab-nebula-serf57,60,158,159,156,3,2,0.9811320754716981,0.9873417721518988,0.968944099378882
10,clab-nebula-serf24,5,0,0,0,0,0,0.0,0.0,0.0
10,clab-nebula-serf24,10,2,16,2,14,0,0.125,1.0,0.125
10,clab-nebula-serf24,15,5,16,5,11,0,0.3125,1.0,0.3125
10,clab-nebula-serf24,20,17,159,17,142,0,0.1069182389937107,1.0,0.1069182389937107
10,clab-nebula-serf24,25,29,159,29,130,0,0.18238993710691823,1.0,0.18238993710691823
10,clab-nebula-serf24,30,48,159,48,111,0,0.3018867924528302,1.0,0.3018867924528302
10,clab-nebula-serf24,35,83,159,83,76,0,0.5220125786163522,1.0,0.5220125786163522
10,clab-nebula-serf24,40,93,159,93,66,0,0.5849056603773585,1.0,0.5849056603773585
10,clab-nebula-serf24,45,103,159,103,56,0,0.6477987421383647,1.0,0.6477987421383647
10,clab-nebula-serf24,50,120,159,120,39,0,0.7547169811320755,1.0,0.7547169811320755
10,clab-nebula-serf24,55,124,159,124,35,0,0.779874213836478,1.0,0.779874213836478
10,clab-nebula-serf24,60,129,159,129,30,0,0.8113207547169812,1.0,0.8113207547169812
10,clab-nebula-serf42,5,0,0,0,0,0,0.0,0.0,0.0
10,clab-nebula-serf42,10,0,0,0,0,0,0.0,0.0,0.0
10,clab-nebula-serf42,15,2,159,2,157,0,0.012578616352201259,1.0,0.012578616352201259
10,clab-nebula-serf42,20,15,159,15,144,0,0.09433962264150944,1.0,0.09433962264150944
10,clab-nebula-serf42,25,38,159,38,121,0,0.2389937106918239,1.0,0.2389937106918239
10,clab-nebula-serf42,30,71,159,71,88,0,0.44654088050314467,1.0,0.44654088050314467
10,clab-nebula-serf42,35,88,159,88,71,0,0.5534591194968553,1.0,0.5534591194968553
10,clab-nebula-serf42,40,101,159,101,58,0,0.6352201257861635,1.0,0.6352201257861635
10,clab-nebula-serf42,45,117,159,117,42,0,0.7358490566037735,1.0,0.7358490566037735
10,clab-nebula-serf42,50,123,159,123,36,0,0.7735849056603774,1.0,0.7735849056603774
10,clab-nebula-serf42,55,127,159,127,32,0,0.7987421383647799,1.0,0.7987421383647799
10,clab-nebula-serf42,60,153,159,153,6,0,0.9622641509433962,1.0,0.9622641509433962
10,clab-nebula-serf48,5,0,0,0,0,0,0.0,0.0,0.0
10,clab-nebula-serf48,10,5,44,5,39,0,0.11363636363636363,1.0,0.11363636363636363
10,clab-nebula-serf48,15,21,47,20,27,1,0.425531914893617,0.9523809523809523,0.4166666666666667
10,clab-nebula-serf48,20,37,47,34,13,3,0.723404255319149,0.918918918918919,0.68
10,clab-nebula-serf48,25,79,159,79,80,0,0.4968553459119497,1.0,0.4968553459119497
10,clab-nebula-serf48,30,88,159,88,71,0,0.5534591194968553,1.0,0.5534591194968553
10,clab-nebula-serf48,35,114,159,114,45,0,0.7169811320754716,1.0,0.7169811320754716
10,clab-nebula-serf48,40,121,159,121,38,0,0.7610062893081762,1.0,0.7610062893081762
10,clab-nebula-serf48,45,124,159,124,35,0,0.779874213836478,1.0,0.779874213836478
10,clab-nebula-serf48,50,141,159,141,18,0,0.8867924528301887,1.0,0.8867924528301887
10,clab-nebula-serf48,55,154,159,154,5,0,0.9685534591194969,1.0,0.9685534591194969
10,clab-nebula-serf48,60,155,159,155,4,0,0.9748427672955975,1.0,0.9748427672955975
10,clab-nebula-serf2,5,0,0,0,0,0,0.0,0.0,0.0
10,clab-nebula-serf2,10,1,12,1,11,0,0.08333333333333333,1.0,0.08333333333333333
10,clab-nebula-serf2,15,5,12,5,7,0,0.4166666666666667,1.0,0.4166666666666667
10,clab-nebula-serf2,20,10,12,10,2,0,0.8333333333333334,1.0,0.8333333333333334
10,clab-nebula-serf2,25,19,41,19,22,0,0.4634146341463415,1.0,0.4634146341463415
10,clab-nebula-serf2,30,32,41,28,13,4,0.6829268292682927,0.875,0.6222222222222222
10,clab-nebula-serf2,35,67,159,67,92,0,0.42138364779874216,1.0,0.42138364779874216
10,clab-nebula-serf2,40,84,159,84,75,0,0.5283018867924528,1.0,0.5283018867924528
10,clab-nebula-serf2,45,99,159,99,60,0,0.6226415094339622,1.0,0.6226415094339622
10,clab-nebula-serf2,50,114,159,114,45,0,0.7169811320754716,1.0,0.7169811320754716
10,clab-nebula-serf2,55,120,159,120,39,0,0.7547169811320755,1.0,0.7547169811320755
10,clab-nebula-serf2,60,124,159,124,35,0,0.779874213836478,1.0,0.779874213836478
10,clab-nebula-serf21,5,2,20,2,18,0,0.1,1.0,0.1
10,clab-nebula-serf21,10,4,20,4,16,0,0.2,1.0,0.2
10,clab-nebula-serf21,15,16,159,16,143,0,0.10062893081761007,1.0,0.10062893081761007
10,clab-nebula-serf21,20,32,159,32,127,0,0.20125786163522014,1.0,0.20125786163522014
10,clab-nebula-serf21,25,56,159,56,103,0,0.3522012578616352,1.0,0.3522012578616352
10,clab-nebula-serf21,30,84,159,84,75,0,0.5283018867924528,1.0,0.5283018867924528
10,clab-nebula-serf21,35,94,159,94,65,0,0.5911949685534591,1.0,0.5911949685534591
10,clab-nebula-serf21,40,107,159,107,52,0,0.6729559748427673,1.0,0.6729559748427673
10,clab-nebula-serf21,45,121,159,121,38,0,0.7610062893081762,1.0,0.7610062893081762
10,clab-nebula-serf21,50,124,159,124,35,0,0.779874213836478,1.0,0.779874213836478
10,clab-nebula-serf21,55,133,159,133,26,0,0.8364779874213837,1.0,0.8364779874213837
10,clab-nebula-serf21,60,154,159,154,5,0,0.9685534591194969,1.0,0.9685534591194969
10,clab-nebula-serf67,5,0,0,0,0,0,0.0,0.0,0.0
10,clab-nebula-serf67,10,5,16,5,11,0,0.3125,1.0,0.3125
10,clab-nebula-serf67,15,26,159,26,133,0,0.16352201257861634,1.0,0.16352201257861634
10,clab-nebula-serf67,20,41,159,41,118,0,0.2578616352201258,1.0,0.2578616352201258
10,clab-nebula-serf67,25,76,159,76,83,0,0.4779874213836478,1.0,0.4779874213836478
10,clab-nebula-serf67,30,98,159,98,61,0,0.6163522012578616,1.0,0.6163522012578616
10,clab-nebula-serf67,35,115,159,115,44,0,0.7232704402515723,1.0,0.7232704402515723
10,clab-nebula-serf67,40,122,159,122,37,0,0.7672955974842768,1.0,0.7672955974842768
10,clab-nebula-serf67,45,135,159,135,24,0,0.8490566037735849,1.0,0.8490566037735849
10,clab-nebula-serf67,50,154,159,154,5,0,0.9685534591194969,1.0,0.9685534591194969
10,clab-nebula-serf67,55,154,159,154,5,0,0.9685534591194969,1.0,0.9685534591194969
10,clab-nebula-serf67,60,158,159,156,3,2,0.9811320754716981,0.9873417721518988,0.968944099378882
10,clab-nebula-serf102,5,5,7,5,2,0,0.7142857142857143,1.0,0.7142857142857143
10,clab-nebula-serf102,10,7,6,6,0,1,1.0,0.8571428571428571,0.8571428571428571
10,clab-nebula-serf102,15,7,6,6,0,1,1.0,0.8571428571428571,0.8571428571428571
10,clab-nebula-serf102,20,10,123,8,115,2,0.06504065040650407,0.8,0.064
10,clab-nebula-serf102,25,21,138,21,117,0,0.15217391304347827,1.0,0.15217391304347827
10,clab-nebula-serf102,30,40,159,40,119,0,0.25157232704402516,1.0,0.25157232704402516
10,clab-nebula-serf102,35,76,159,76,83,0,0.4779874213836478,1.0,0.4779874213836478
10,clab-nebula-serf102,40,124,159,124,35,0,0.779874213836478,1.0,0.779874213836478
10,clab-nebula-serf102,45,144,159,144,15,0,0.9056603773584906,1.0,0.9056603773584906
10,clab-nebula-serf102,50,157,159,156,3,1,0.9811320754716981,0.9936305732484076,0.975
10,clab-nebula-serf102,55,160,159,158,1,2,0.9937106918238994,0.9875,0.9813664596273292
10,clab-nebula-serf102,60,161,159,159,0,2,1.0,0.9875776397515528,0.9875776397515528
10,clab-nebula-serf110,5,0,0,0,0,0,0.0,0.0,0.0
10,clab-nebula-serf110,10,0,0,0,0,0,0.0,0.0,0.0
10,clab-nebula-serf110,15,2,31,1,30,1,0.03225806451612903,0.5,0.03125
10,clab-nebula-serf110,20,7,31,3,28,4,0.0967741935483871,0.42857142857142855,0.08571428571428572
10,clab-nebula-serf110,25,15,161,15,146,0,0.09316770186335403,1.0,0.09316770186335403
10,clab-nebula-serf110,30,37,161,37,124,0,0.22981366459627328,1.0,0.22981366459627328
10,clab-nebula-serf110,35,69,161,69,92,0,0.42857142857142855,1.0,0.42857142857142855
10,clab-nebula-serf110,40,107,161,107,54,0,0.6645962732919255,1.0,0.6645962732919255
10,clab-nebula-serf110,45,143,159,143,16,0,0.89937106918239,1.0,0.89937106918239
10,clab-nebula-serf110,50,148,159,148,11,0,0.9308176100628931,1.0,0.9308176100628931
10,clab-nebula-serf110,55,154,160,154,6,0,0.9625,1.0,0.9625
10,clab-nebula-serf110,60,157,160,156,4,1,0.975,0.9936305732484076,0.968944099378882
10,clab-nebula-serf132,5,0,0,0,0,0,0.0,0.0,0.0
10,clab-nebula-serf132,10,0,0,0,0,0,0.0,0.0,0.0
10,clab-nebula-serf132,15,11,40,11,29,0,0.275,1.0,0.275
10,clab-nebula-serf132,20,14,40,14,26,0,0.35,1.0,0.35
10,clab-nebula-serf132,25,23,40,22,18,1,0.55,0.9565217391304348,0.5365853658536586
10,clab-nebula-serf132,30,37,161,37,124,0,0.22981366459627328,1.0,0.22981366459627328
10,clab-nebula-serf132,35,48,161,48,113,0,0.2981366459627329,1.0,0.2981366459627329
10,clab-nebula-serf132,40,78,161,78,83,0,0.484472049689441,1.0,0.484472049689441
10,clab-nebula-serf132,45,104,161,104,57,0,0.6459627329192547,1.0,0.6459627329192547
10,clab-nebula-serf132,50,132,161,132,29,0,0.8198757763975155,1.0,0.8198757763975155
10,clab-nebula-serf132,55,144,161,144,17,0,0.8944099378881988,1.0,0.8944099378881988
10,clab-nebula-serf132,60,151,161,151,10,0,0.937888198757764,1.0,0.937888198757764
10,clab-nebula-serf134,5,0,0,0,0,0,0.0,0.0,0.0
10,clab-nebula-serf134,10,0,0,0,0,0,0.0,0.0,0.0
10,clab-nebula-serf134,15,1,8,1,7,0,0.125,1.0,0.125
10,clab-nebula-serf134,20,14,40,14,26,0,0.35,1.0,0.35
10,clab-nebula-serf134,25,16,40,16,24,0,0.4,1.0,0.4
10,clab-nebula-serf134,30,26,161,26,135,0,0.16149068322981366,1.0,0.16149068322981366
10,clab-nebula-serf134,35,43,161,43,118,0,0.2670807453416149,1.0,0.2670807453416149
10,clab-nebula-serf134,40,57,161,57,104,0,0.35403726708074534,1.0,0.35403726708074534
10,clab-nebula-serf134,45,91,161,91,70,0,0.5652173913043478,1.0,0.5652173913043478
10,clab-nebula-serf134,50,116,161,116,45,0,0.7204968944099379,1.0,0.7204968944099379
10,clab-nebula-serf134,55,137,161,137,24,0,0.8509316770186336,1.0,0.8509316770186336
10,clab-nebula-serf134,60,147,161,147,14,0,0.9130434782608695,1.0,0.9130434782608695
10,clab-nebula-serf137,5,0,0,0,0,0,0.0,0.0,0.0
10,clab-nebula-serf137,10,0,0,0,0,0,0.0,0.0,0.0
10,clab-nebula-serf137,15,2,8,2,6,0,0.25,1.0,0.25
10,clab-nebula-serf137,20,14,40,14,26,0,0.35,1.0,0.35
10,clab-nebula-serf137,25,20,40,20,20,0,0.5,1.0,0.5
10,clab-nebula-serf137,30,26,161,26,135,0,0.16149068322981366,1.0,0.16149068322981366
10,clab-nebula-serf137,35,44,161,44,117,0,0.2732919254658385,1.0,0.2732919254658385
10,clab-nebula-serf137,40,55,161,55,106,0,0.3416149068322981,1.0,0.3416149068322981
10,clab-nebula-serf137,45,90,161,90,71,0,0.5590062111801242,1.0,0.5590062111801242
10,clab-nebula-serf137,50,115,161,115,46,0,0.7142857142857143,1.0,0.7142857142857143
10,clab-nebula-serf137,55,137,161,137,24,0,0.8509316770186336,1.0,0.8509316770186336
10,clab-nebula-serf137,60,148,161,148,13,0,0.9192546583850931,1.0,0.9192546583850931
10,clab-nebula-serf10,5,1,12,1,11,0,0.08333333333333333,1.0,0.08333333333333333
10,clab-nebula-serf10,10,9,41,9,32,0,0.21951219512195122,1.0,0.21951219512195122
10,clab-nebula-serf10,15,20,42,20,22,0,0.47619047619047616,1.0,0.47619047619047616
10,clab-nebula-serf10,20,40,100,39,61,1,0.39,0.975,0.38613861386138615
10,clab-nebula-serf10,25,71,159,71,88,0,0.44654088050314467,1.0,0.44654088050314467
10,clab-nebula-serf10,30,88,159,88,71,0,0.5534591194968553,1.0,0.5534591194968553
10,clab-nebula-serf10,35,103,159,103,56,0,0.6477987421383647,1.0,0.6477987421383647
10,clab-nebula-serf10,40,120,159,120,39,0,0.7547169811320755,1.0,0.7547169811320755
10,clab-nebula-serf10,45,121,159,121,38,0,0.7610062893081762,1.0,0.7610062893081762
10,clab-nebula-serf10,50,129,159,129,30,0,0.8113207547169812,1.0,0.8113207547169812
10,clab-nebula-serf10,55,153,159,153,6,0,0.9622641509433962,1.0,0.9622641509433962
10,clab-nebula-serf10,60,156,159,154,5,2,0.9685534591194969,0.9871794871794872,0.9565217391304348
10,clab-nebula-serf46,5,0,0,0,0,0,0.0,0.0,0.0
10,clab-nebula-serf46,10,3,44,3,41,0,0.06818181818181818,1.0,0.06818181818181818
10,clab-nebula-serf46,15,11,49,10,39,1,0.20408163265306123,0.9090909090909091,0.2
10,clab-nebula-serf46,20,26,49,25,24,1,0.5102040816326531,0.9615384615384616,0.5
10,clab-nebula-serf46,25,54,100,53,47,1,0.53,0.9814814814814815,0.5247524752475248
10,clab-nebula-serf46,30,81,159,81,78,0,0.5094339622641509,1.0,0.5094339622641509
10,clab-nebula-serf46,35,100,159,100,59,0,0.6289308176100629,1.0,0.6289308176100629
10,clab-nebula-serf46,40,121,159,121,38,0,0.7610062893081762,1.0,0.7610062893081762
10,clab-nebula-serf46,45,124,159,124,35,0,0.779874213836478,1.0,0.779874213836478
10,clab-nebula-serf46,50,127,159,127,32,0,0.7987421383647799,1.0,0.7987421383647799
10,clab-nebula-serf46,55,154,159,154,5,0,0.9685534591194969,1.0,0.9685534591194969
10,clab-nebula-serf46,60,154,159,154,5,0,0.9685534591194969,1.0,0.9685534591194969
10,clab-nebula-serf74,5,0,0,0,0,0,0.0,0.0,0.0
10,clab-nebula-serf74,10,9,79,8,71,1,0.10126582278481013,0.8888888888888888,0.1
10,clab-nebula-serf74,15,26,159,26,133,0,0.16352201257861634,1.0,0.16352201257861634
10,clab-nebula-serf74,20,45,161,45,116,0,0.2795031055900621,1.0,0.2795031055900621
10,clab-nebula-serf74,25,82,159,82,77,0,0.5157232704402516,1.0,0.5157232704402516
10,clab-nebula-serf74,30,106,159,106,53,0,0.6666666666666666,1.0,0.6666666666666666
10,clab-nebula-serf74,35,117,159,117,42,0,0.7358490566037735,1.0,0.7358490566037735
10,clab-nebula-serf74,40,124,159,124,35,0,0.779874213836478,1.0,0.779874213836478
10,clab-nebula-serf74,45,145,159,145,14,0,0.9119496855345912,1.0,0.9119496855345912
10,clab-nebula-serf74,50,154,159,154,5,0,0.9685534591194969,1.0,0.9685534591194969
10,clab-nebula-serf74,55,155,159,154,5,1,0.9685534591194969,0.9935483870967742,0.9625
10,clab-nebula-serf74,60,159,159,157,2,2,0.9874213836477987,0.9874213836477987,0.9751552795031055
10,clab-nebula-serf76,5,2,13,1,12,1,0.07692307692307693,0.5,0.07142857142857142
10,clab-nebula-serf76,10,25,159,25,134,0,0.15723270440251572,1.0,0.15723270440251572
10,clab-nebula-serf76,15,38,159,38,121,0,0.2389937106918239,1.0,0.2389937106918239
10,clab-nebula-serf76,20,68,159,68,91,0,0.4276729559748428,1.0,0.4276729559748428
10,clab-nebula-serf76,25,89,159,89,70,0,0.559748427672956,1.0,0.559748427672956
10,clab-nebula-serf76,30,111,159,111,48,0,0.6981132075471698,1.0,0.6981132075471698
10,clab-nebula-serf76,35,121,159,121,38,0,0.7610062893081762,1.0,0.7610062893081762
10,clab-nebula-serf76,40,129,159,129,30,0,0.8113207547169812,1.0,0.8113207547169812
10,clab-nebula-serf76,45,153,159,153,6,0,0.9622641509433962,1.0,0.9622641509433962
10,clab-nebula-serf76,50,154,159,154,5,0,0.9685534591194969,1.0,0.9685534591194969
10,clab-nebula-serf76,55,158,159,156,3,2,0.9811320754716981,0.9873417721518988,0.968944099378882
10,clab-nebula-serf76,60,161,159,159,0,2,1.0,0.9875776397515528,0.9875776397515528
10,clab-nebula-serf149,5,0,0,0,0,0,0.0,0.0,0.0
10,clab-nebula-serf149,10,0,0,0,0,0,0.0,0.0,0.0
10,clab-nebula-serf149,15,1,8,1,7,0,0.125,1.0,0.125
10,clab-nebula-serf149,20,11,129,11,118,0,0.08527131782945736,1.0,0.08527131782945736
10,clab-nebula-serf149,25,17,129,17,112,0,0.13178294573643412,1.0,0.13178294573643412
10,clab-nebula-serf149,30,25,161,25,136,0,0.15527950310559005,1.0,0.15527950310559005
10,clab-nebula-serf149,35,48,161,48,113,0,0.2981366459627329,1.0,0.2981366459627329
10,clab-nebula-serf149,40,60,161,60,101,0,0.37267080745341613,1.0,0.37267080745341613
10,clab-nebula-serf149,45,89,161,89,72,0,0.5527950310559007,1.0,0.5527950310559007
10,clab-nebula-serf149,50,124,161,124,37,0,0.7701863354037267,1.0,0.7701863354037267
10,clab-nebula-serf149,55,143,159,143,16,0,0.89937106918239,1.0,0.89937106918239
10,clab-nebula-serf149,60,152,159,150,9,2,0.9433962264150944,0.9868421052631579,0.9316770186335404
10,clab-nebula-serf20,5,2,157,2,155,0,0.012738853503184714,1.0,0.012738853503184714
10,clab-nebula-serf20,10,4,157,4,153,0,0.025477707006369428,1.0,0.025477707006369428
10,clab-nebula-serf20,15,15,159,15,144,0,0.09433962264150944,1.0,0.09433962264150944
10,clab-nebula-serf20,20,26,159,26,133,0,0.16352201257861634,1.0,0.16352201257861634
10,clab-nebula-serf20,25,46,159,46,113,0,0.2893081761006289,1.0,0.2893081761006289
10,clab-nebula-serf20,30,80,159,80,79,0,0.5031446540880503,1.0,0.5031446540880503
10,clab-nebula-serf20,35,93,159,93,66,0,0.5849056603773585,1.0,0.5849056603773585
10,clab-nebula-serf20,40,102,159,102,57,0,0.6415094339622641,1.0,0.6415094339622641
10,clab-nebula-serf20,45,118,159,118,41,0,0.7421383647798742,1.0,0.7421383647798742
10,clab-nebula-serf20,50,124,159,124,35,0,0.779874213836478,1.0,0.779874213836478
10,clab-nebula-serf20,55,129,159,129,30,0,0.8113207547169812,1.0,0.8113207547169812
10,clab-nebula-serf20,60,154,159,154,5,0,0.9685534591194969,1.0,0.9685534591194969
10,clab-nebula-serf22,5,0,0,0,0,0,0.0,0.0,0.0
10,clab-nebula-serf22,10,4,19,4,15,0,0.21052631578947367,1.0,0.21052631578947367
10,clab-nebula-serf22,15,10,159,10,149,0,0.06289308176100629,1.0,0.06289308176100629
10,clab-nebula-serf22,20,23,159,23,136,0,0.14465408805031446,1.0,0.14465408805031446
10,clab-nebula-serf22,25,41,159,41,118,0,0.2578616352201258,1.0,0.2578616352201258
10,clab-nebula-serf22,30,76,159,76,83,0,0.4779874213836478,1.0,0.4779874213836478
10,clab-nebula-serf22,35,93,159,93,66,0,0.5849056603773585,1.0,0.5849056603773585
10,clab-nebula-serf22,40,98,159,98,61,0,0.6163522012578616,1.0,0.6163522012578616
10,clab-nebula-serf22,45,117,159,117,42,0,0.7358490566037735,1.0,0.7358490566037735
10,clab-nebula-serf22,50,122,159,122,37,0,0.7672955974842768,1.0,0.7672955974842768
10,clab-nebula-serf22,55,125,159,125,34,0,0.7861635220125787,1.0,0.7861635220125787
10,clab-nebula-serf22,60,153,159,153,6,0,0.9622641509433962,1.0,0.9622641509433962
10,clab-nebula-serf160,5,4,11,4,7,0,0.36363636363636365,1.0,0.36363636363636365
10,clab-nebula-serf160,10,4,11,4,7,0,0.36363636363636365,1.0,0.36363636363636365
10,clab-nebula-serf160,15,5,11,5,6,0,0.45454545454545453,1.0,0.45454545454545453
10,clab-nebula-serf160,20,10,14,9,5,1,0.6428571428571429,0.9,0.6
10,clab-nebula-serf160,25,25,161,25,136,0,0.15527950310559005,1.0,0.15527950310559005
10,clab-nebula-serf160,30,37,161,37,124,0,0.22981366459627328,1.0,0.22981366459627328
10,clab-nebula-serf160,35,43,161,43,118,0,0.2670807453416149,1.0,0.2670807453416149
10,clab-nebula-serf160,40,58,161,58,103,0,0.36024844720496896,1.0,0.36024844720496896
10,clab-nebula-serf160,45,82,161,82,79,0,0.5093167701863354,1.0,0.5093167701863354
10,clab-nebula-serf160,50,118,161,118,43,0,0.7329192546583851,1.0,0.7329192546583851
10,clab-nebula-serf160,55,139,153,131,22,8,0.8562091503267973,0.9424460431654677,0.8136645962732919
10,clab-nebula-serf160,60,149,153,141,12,8,0.9215686274509803,0.9463087248322147,0.8757763975155279
10,clab-nebula-serf31,5,1,3,1,2,0,0.3333333333333333,1.0,0.3333333333333333
10,clab-nebula-serf31,10,13,159,13,146,0,0.08176100628930817,1.0,0.08176100628930817
10,clab-nebula-serf31,15,28,159,28,131,0,0.1761006289308176,1.0,0.1761006289308176
10,clab-nebula-serf31,20,45,159,45,114,0,0.2830188679245283,1.0,0.2830188679245283
10,clab-nebula-serf31,25,80,159,80,79,0,0.5031446540880503,1.0,0.5031446540880503
10,clab-nebula-serf31,30,93,159,93,66,0,0.5849056603773585,1.0,0.5849056603773585
10,clab-nebula-serf31,35,102,159,102,57,0,0.6415094339622641,1.0,0.6415094339622641
10,clab-nebula-serf31,40,119,159,119,40,0,0.7484276729559748,1.0,0.7484276729559748
10,clab-nebula-serf31,45,124,159,124,35,0,0.779874213836478,1.0,0.779874213836478
10,clab-nebula-serf31,50,129,159,129,30,0,0.8113207547169812,1.0,0.8113207547169812
10,clab-nebula-serf31,55,154,159,154,5,0,0.9685534591194969,1.0,0.9685534591194969
10,clab-nebula-serf31,60,154,159,154,5,0,0.9685534591194969,1.0,0.9685534591194969
10,clab-nebula-serf93,5,3,79,3,76,0,0.0379746835443038,1.0,0.0379746835443038
10,clab-nebula-serf93,10,16,79,15,64,1,0.189873417721519,0.9375,0.1875
10,clab-nebula-serf93,15,37,159,37,122,0,0.23270440251572327,1.0,0.23270440251572327
10,clab-nebula-serf93,20,59,159,59,100,0,0.3710691823899371,1.0,0.3710691823899371
10,clab-nebula-serf93,25,83,159,83,76,0,0.5220125786163522,1.0,0.5220125786163522
10,clab-nebula-serf93,30,110,159,110,49,0,0.6918238993710691,1.0,0.6918238993710691
10,clab-nebula-serf93,35,119,159,119,40,0,0.7484276729559748,1.0,0.7484276729559748
10,clab-nebula-serf93,40,125,159,125,34,0,0.7861635220125787,1.0,0.7861635220125787
10,clab-nebula-serf93,45,142,159,142,17,0,0.8930817610062893,1.0,0.8930817610062893
10,clab-nebula-serf93,50,154,159,154,5,0,0.9685534591194969,1.0,0.9685534591194969
10,clab-nebula-serf93,55,156,159,155,4,1,0.9748427672955975,0.9935897435897436,0.96875
10,clab-nebula-serf93,60,161,159,159,0,2,1.0,0.9875776397515528,0.9875776397515528
10,clab-nebula-serf122,5,0,0,0,0,0,0.0,0.0,0.0
10,clab-nebula-serf122,10,0,0,0,0,0,0.0,0.0,0.0
10,clab-nebula-serf122,15,8,81,8,73,0,0.09876543209876543,1.0,0.09876543209876543
10,clab-nebula-serf122,20,15,161,15,146,0,0.09316770186335403,1.0,0.09316770186335403
10,clab-nebula-serf122,25,22,161,22,139,0,0.13664596273291926,1.0,0.13664596273291926
10,clab-nebula-serf122,30,61,151,59,92,2,0.39072847682119205,0.9672131147540983,0.38562091503267976
10,clab-nebula-serf122,35,106,151,96,55,10,0.6357615894039735,0.9056603773584906,0.5962732919254659
10,clab-nebula-serf122,40,133,151,123,28,10,0.8145695364238411,0.924812030075188,0.7639751552795031
10,clab-nebula-serf122,45,144,151,134,17,10,0.8874172185430463,0.9305555555555556,0.8322981366459627
10,clab-nebula-serf122,50,154,151,144,7,10,0.9536423841059603,0.935064935064935,0.8944099378881988
10,clab-nebula-serf122,55,161,151,151,0,10,1.0,0.937888198757764,0.937888198757764
10,clab-nebula-serf122,60,161,151,151,0,10,1.0,0.937888198757764,0.937888198757764
10,clab-nebula-serf38,5,0,0,0,0,0,0.0,0.0,0.0
10,clab-nebula-serf38,10,4,49,3,46,1,0.061224489795918366,0.75,0.06
10,clab-nebula-serf38,15,24,159,24,135,0,0.1509433962264151,1.0,0.1509433962264151
10,clab-nebula-serf38,20,56,159,56,103,0,0.3522012578616352,1.0,0.3522012578616352
10,clab-nebula-serf38,25,82,159,82,77,0,0.5157232704402516,1.0,0.5157232704402516
10,clab-nebula-serf38,30,92,159,92,67,0,0.5786163522012578,1.0,0.5786163522012578
10,clab-nebula-serf38,35,107,159,107,52,0,0.6729559748427673,1.0,0.6729559748427673
10,clab-nebula-serf38,40,121,159,121,38,0,0.7610062893081762,1.0,0.7610062893081762
10,clab-nebula-serf38,45,124,159,124,35,0,0.779874213836478,1.0,0.779874213836478
10,clab-nebula-serf38,50,133,159,133,26,0,0.8364779874213837,1.0,0.8364779874213837
10,clab-nebula-serf38,55,154,159,154,5,0,0.9685534591194969,1.0,0.9685534591194969
10,clab-nebula-serf38,60,154,159,154,5,0,0.9685534591194969,1.0,0.9685534591194969
10,clab-nebula-serf55,5,0,0,0,0,0,0.0,0.0,0.0
10,clab-nebula-serf55,10,9,29,9,20,0,0.3103448275862069,1.0,0.3103448275862069
10,clab-nebula-serf55,15,23,100,22,78,1,0.22,0.9565217391304348,0.21782178217821782
10,clab-nebula-serf55,20,64,159,64,95,0,0.4025157232704403,1.0,0.4025157232704403
10,clab-nebula-serf55,25,83,159,83,76,0,0.5220125786163522,1.0,0.5220125786163522
10,clab-nebula-serf55,30,96,159,96,63,0,0.6037735849056604,1.0,0.6037735849056604
10,clab-nebula-serf55,35,119,159,119,40,0,0.7484276729559748,1.0,0.7484276729559748
10,clab-nebula-serf55,40,121,159,121,38,0,0.7610062893081762,1.0,0.7610062893081762
10,clab-nebula-serf55,45,126,159,126,33,0,0.7924528301886793,1.0,0.7924528301886793
10,clab-nebula-serf55,50,153,159,153,6,0,0.9622641509433962,1.0,0.9622641509433962
10,clab-nebula-serf55,55,154,159,154,5,0,0.9685534591194969,1.0,0.9685534591194969
10,clab-nebula-serf55,60,157,159,155,4,2,0.9748427672955975,0.9872611464968153,0.9627329192546584
10,clab-nebula-serf79,5,6,123,6,117,0,0.04878048780487805,1.0,0.04878048780487805
10,clab-nebula-serf79,10,26,159,26,133,0,0.16352201257861634,1.0,0.16352201257861634
10,clab-nebula-serf79,15,41,159,41,118,0,0.2578616352201258,1.0,0.2578616352201258
10,clab-nebula-serf79,20,76,159,76,83,0,0.4779874213836478,1.0,0.4779874213836478
10,clab-nebula-serf79,25,96,159,96,63,0,0.6037735849056604,1.0,0.6037735849056604
10,clab-nebula-serf79,30,116,159,116,43,0,0.7295597484276729,1.0,0.7295597484276729
10,clab-nebula-serf79,35,121,159,121,38,0,0.7610062893081762,1.0,0.7610062893081762
10,clab-nebula-serf79,40,135,159,135,24,0,0.8490566037735849,1.0,0.8490566037735849
10,clab-nebula-serf79,45,153,159,153,6,0,0.9622641509433962,1.0,0.9622641509433962
10,clab-nebula-serf79,50,154,159,154,5,0,0.9685534591194969,1.0,0.9685534591194969
10,clab-nebula-serf79,55,158,159,156,3,2,0.9811320754716981,0.9873417721518988,0.968944099378882
10,clab-nebula-serf79,60,161,159,159,0,2,1.0,0.9875776397515528,0.9875776397515528
10,clab-nebula-serf113,5,1,1,1,0,0,1.0,1.0,1.0
10,clab-nebula-serf113,10,1,1,1,0,0,1.0,1.0,1.0
10,clab-nebula-serf113,15,3,161,3,158,0,0.018633540372670808,1.0,0.018633540372670808
10,clab-nebula-serf113,20,19,161,19,142,0,0.11801242236024845,1.0,0.11801242236024845
10,clab-nebula-serf113,25,28,159,28,131,0,0.1761006289308176,1.0,0.1761006289308176
10,clab-nebula-serf113,30,65,159,65,94,0,0.4088050314465409,1.0,0.4088050314465409
10,clab-nebula-serf113,35,105,159,105,54,0,0.660377358490566,1.0,0.660377358490566
10,clab-nebula-serf113,40,139,159,138,21,1,0.8679245283018868,0.9928057553956835,0.8625
10,clab-nebula-serf113,45,156,159,154,5,2,0.9685534591194969,0.9871794871794872,0.9565217391304348
10,clab-nebula-serf113,50,159,159,157,2,2,0.9874213836477987,0.9874213836477987,0.9751552795031055
10,clab-nebula-serf113,55,161,159,159,0,2,1.0,0.9875776397515528,0.9875776397515528
10,clab-nebula-serf113,60,161,159,159,0,2,1.0,0.9875776397515528,0.9875776397515528
10,clab-nebula-serf120,5,2,2,2,0,0,1.0,1.0,1.0
10,clab-nebula-serf120,10,2,2,2,0,0,1.0,1.0,1.0
10,clab-nebula-serf120,15,2,2,2,0,0,1.0,1.0,1.0
10,clab-nebula-serf120,20,2,2,2,0,0,1.0,1.0,1.0
10,clab-nebula-serf120,25,2,2,2,0,0,1.0,1.0,1.0
10,clab-nebula-serf120,30,3,14,3,11,0,0.21428571428571427,1.0,0.21428571428571427
10,clab-nebula-serf120,35,3,14,3,11,0,0.21428571428571427,1.0,0.21428571428571427
10,clab-nebula-serf120,40,3,14,3,11,0,0.21428571428571427,1.0,0.21428571428571427
10,clab-nebula-serf120,45,5,88,5,83,0,0.056818181818181816,1.0,0.056818181818181816
10,clab-nebula-serf120,50,14,153,14,139,0,0.0915032679738562,1.0,0.0915032679738562
10,clab-nebula-serf120,55,24,153,24,129,0,0.1568627450980392,1.0,0.1568627450980392
10,clab-nebula-serf120,60,48,151,48,103,0,0.31788079470198677,1.0,0.31788079470198677
10,clab-nebula-serf128,5,0,0,0,0,0,0.0,0.0,0.0
10,clab-nebula-serf128,10,2,40,2,38,0,0.05,1.0,0.05
10,clab-nebula-serf128,15,6,40,6,34,0,0.15,1.0,0.15
10,clab-nebula-serf128,20,20,153,20,133,0,0.13071895424836602,1.0,0.13071895424836602
10,clab-nebula-serf128,25,48,161,48,113,0,0.2981366459627329,1.0,0.2981366459627329
10,clab-nebula-serf128,30,73,153,72,81,1,0.47058823529411764,0.9863013698630136,0.4675324675324675
10,clab-nebula-serf128,35,111,153,107,46,4,0.6993464052287581,0.963963963963964,0.6815286624203821
10,clab-nebula-serf128,40,145,152,136,16,9,0.8947368421052632,0.9379310344827586,0.84472049689441
10,clab-nebula-serf128,45,150,152,141,11,9,0.9276315789473685,0.94,0.8757763975155279
10,clab-nebula-serf128,50,155,153,147,6,8,0.9607843137254902,0.9483870967741935,0.9130434782608695
10,clab-nebula-serf128,55,159,153,151,2,8,0.9869281045751634,0.949685534591195,0.937888198757764
10,clab-nebula-serf128,60,161,153,153,0,8,1.0,0.9503105590062112,0.9503105590062112
10,clab-nebula-serf8,5,0,0,0,0,0,0.0,0.0,0.0
10,clab-nebula-serf8,10,5,11,4,7,1,0.36363636363636365,0.8,0.3333333333333333
10,clab-nebula-serf8,15,13,28,13,15,0,0.4642857142857143,1.0,0.4642857142857143
10,clab-nebula-serf8,20,23,41,22,19,1,0.5365853658536586,0.9565217391304348,0.5238095238095238
10,clab-nebula-serf8,25,44,100,43,57,1,0.43,0.9772727272727273,0.42574257425742573
10,clab-nebula-serf8,30,76,159,76,83,0,0.4779874213836478,1.0,0.4779874213836478
10,clab-nebula-serf8,35,89,159,89,70,0,0.559748427672956,1.0,0.559748427672956
10,clab-nebula-serf8,40,105,159,105,54,0,0.660377358490566,1.0,0.660377358490566
10,clab-nebula-serf8,45,120,159,120,39,0,0.7547169811320755,1.0,0.7547169811320755
10,clab-nebula-serf8,50,122,159,122,37,0,0.7672955974842768,1.0,0.7672955974842768
10,clab-nebula-serf8,55,130,159,130,29,0,0.8176100628930818,1.0,0.8176100628930818
10,clab-nebula-serf8,60,153,159,153,6,0,0.9622641509433962,1.0,0.9622641509433962
10,clab-nebula-serf27,5,0,0,0,0,0,0.0,0.0,0.0
10,clab-nebula-serf27,10,3,158,3,155,0,0.0189873417721519,1.0,0.0189873417721519
10,clab-nebula-serf27,15,7,158,7,151,0,0.04430379746835443,1.0,0.04430379746835443
10,clab-nebula-serf27,20,13,159,13,146,0,0.08176100628930817,1.0,0.08176100628930817
10,clab-nebula-serf27,25,24,159,24,135,0,0.1509433962264151,1.0,0.1509433962264151
10,clab-nebula-serf27,30,38,159,38,121,0,0.2389937106918239,1.0,0.2389937106918239
10,clab-nebula-serf27,35,75,159,75,84,0,0.4716981132075472,1.0,0.4716981132075472
10,clab-nebula-serf27,40,92,159,92,67,0,0.5786163522012578,1.0,0.5786163522012578
10,clab-nebula-serf27,45,98,159,98,61,0,0.6163522012578616,1.0,0.6163522012578616
10,clab-nebula-serf27,50,117,159,117,42,0,0.7358490566037735,1.0,0.7358490566037735
10,clab-nebula-serf27,55,122,159,122,37,0,0.7672955974842768,1.0,0.7672955974842768
10,clab-nebula-serf27,60,125,159,125,34,0,0.7861635220125787,1.0,0.7861635220125787
10,clab-nebula-serf78,5,0,0,0,0,0,0.0,0.0,0.0
10,clab-nebula-serf78,10,9,159,9,150,0,0.05660377358490566,1.0,0.05660377358490566
10,clab-nebula-serf78,15,27,159,27,132,0,0.16981132075471697,1.0,0.16981132075471697
10,clab-nebula-serf78,20,48,161,48,113,0,0.2981366459627329,1.0,0.2981366459627329
10,clab-nebula-serf78,25,80,159,80,79,0,0.5031446540880503,1.0,0.5031446540880503
10,clab-nebula-serf78,30,102,159,102,57,0,0.6415094339622641,1.0,0.6415094339622641
10,clab-nebula-serf78,35,118,159,118,41,0,0.7421383647798742,1.0,0.7421383647798742
10,clab-nebula-serf78,40,123,159,123,36,0,0.7735849056603774,1.0,0.7735849056603774
10,clab-nebula-serf78,45,140,159,140,19,0,0.8805031446540881,1.0,0.8805031446540881
10,clab-nebula-serf78,50,154,159,154,5,0,0.9685534591194969,1.0,0.9685534591194969
10,clab-nebula-serf78,55,155,159,154,5,1,0.9685534591194969,0.9935483870967742,0.9625
10,clab-nebula-serf78,60,158,159,156,3,2,0.9811320754716981,0.9873417721518988,0.968944099378882
10,clab-nebula-serf104,5,1,40,1,39,0,0.025,1.0,0.025
10,clab-nebula-serf104,10,3,40,3,37,0,0.075,1.0,0.075
10,clab-nebula-serf104,15,8,62,8,54,0,0.12903225806451613,1.0,0.12903225806451613
10,clab-nebula-serf104,20,25,153,25,128,0,0.16339869281045752,1.0,0.16339869281045752
10,clab-nebula-serf104,25,54,161,54,107,0,0.33540372670807456,1.0,0.33540372670807456
10,clab-nebula-serf104,30,87,153,86,67,1,0.5620915032679739,0.9885057471264368,0.5584415584415584
10,clab-nebula-serf104,35,130,153,122,31,8,0.7973856209150327,0.9384615384615385,0.7577639751552795
10,clab-nebula-serf104,40,145,153,137,16,8,0.8954248366013072,0.9448275862068966,0.8509316770186336
10,clab-nebula-serf104,45,153,153,145,8,8,0.9477124183006536,0.9477124183006536,0.9006211180124224
10,clab-nebula-serf104,50,155,153,147,6,8,0.9607843137254902,0.9483870967741935,0.9130434782608695
10,clab-nebula-serf104,55,159,153,151,2,8,0.9869281045751634,0.949685534591195,0.937888198757764
10,clab-nebula-serf104,60,161,153,153,0,8,1.0,0.9503105590062112,0.9503105590062112
10,clab-nebula-serf133,5,0,0,0,0,0,0.0,0.0,0.0
10,clab-nebula-serf133,10,0,0,0,0,0,0.0,0.0,0.0
10,clab-nebula-serf133,15,1,12,1,11,0,0.08333333333333333,1.0,0.08333333333333333
10,clab-nebula-serf133,20,14,40,14,26,0,0.35,1.0,0.35
10,clab-nebula-serf133,25,16,40,16,24,0,0.4,1.0,0.4
10,clab-nebula-serf133,30,26,161,26,135,0,0.16149068322981366,1.0,0.16149068322981366
10,clab-nebula-serf133,35,44,161,44,117,0,0.2732919254658385,1.0,0.2732919254658385
10,clab-nebula-serf133,40,59,161,59,102,0,0.36645962732919257,1.0,0.36645962732919257
10,clab-nebula-serf133,45,92,161,92,69,0,0.5714285714285714,1.0,0.5714285714285714
10,clab-nebula-serf133,50,117,161,117,44,0,0.7267080745341615,1.0,0.7267080745341615
10,clab-nebula-serf133,55,137,161,137,24,0,0.8509316770186336,1.0,0.8509316770186336
10,clab-nebula-serf133,60,149,161,149,12,0,0.9254658385093167,1.0,0.9254658385093167
10,clab-nebula-serf64,5,0,0,0,0,0,0.0,0.0,0.0
10,clab-nebula-serf64,10,0,0,0,0,0,0.0,0.0,0.0
10,clab-nebula-serf64,15,0,0,0,0,0,0.0,0.0,0.0
10,clab-nebula-serf64,20,7,100,7,93,0,0.07,1.0,0.07
10,clab-nebula-serf64,25,46,159,46,113,0,0.2893081761006289,1.0,0.2893081761006289
10,clab-nebula-serf64,30,69,161,69,92,0,0.42857142857142855,1.0,0.42857142857142855
10,clab-nebula-serf64,35,100,159,100,59,0,0.6289308176100629,1.0,0.6289308176100629
10,clab-nebula-serf64,40,116,159,116,43,0,0.7295597484276729,1.0,0.7295597484276729
10,clab-nebula-serf64,45,123,159,123,36,0,0.7735849056603774,1.0,0.7735849056603774
10,clab-nebula-serf64,50,128,159,128,31,0,0.8050314465408805,1.0,0.8050314465408805
10,clab-nebula-serf64,55,154,159,154,5,0,0.9685534591194969,1.0,0.9685534591194969
10,clab-nebula-serf64,60,154,159,154,5,0,0.9685534591194969,1.0,0.9685534591194969
10,clab-nebula-serf73,5,4,123,4,119,0,0.032520325203252036,1.0,0.032520325203252036
10,clab-nebula-serf73,10,25,159,25,134,0,0.15723270440251572,1.0,0.15723270440251572
10,clab-nebula-serf73,15,39,159,39,120,0,0.24528301886792453,1.0,0.24528301886792453
10,clab-nebula-serf73,20,69,159,69,90,0,0.4339622641509434,1.0,0.4339622641509434
10,clab-nebula-serf73,25,89,159,89,70,0,0.559748427672956,1.0,0.559748427672956
10,clab-nebula-serf73,30,113,159,113,46,0,0.710691823899371,1.0,0.710691823899371
10,clab-nebula-serf73,35,121,159,121,38,0,0.7610062893081762,1.0,0.7610062893081762
10,clab-nebula-serf73,40,130,159,130,29,0,0.8176100628930818,1.0,0.8176100628930818
10,clab-nebula-serf73,45,151,159,151,8,0,0.949685534591195,1.0,0.949685534591195
10,clab-nebula-serf73,50,154,159,154,5,0,0.9685534591194969,1.0,0.9685534591194969
10,clab-nebula-serf73,55,158,159,156,3,2,0.9811320754716981,0.9873417721518988,0.968944099378882
10,clab-nebula-serf73,60,161,159,159,0,2,1.0,0.9875776397515528,0.9875776397515528
10,clab-nebula-serf118,5,2,1,1,0,1,1.0,0.5,0.5
10,clab-nebula-serf118,10,2,1,1,0,1,1.0,0.5,0.5
10,clab-nebula-serf118,15,2,1,1,0,1,1.0,0.5,0.5
10,clab-nebula-serf118,20,2,1,1,0,1,1.0,0.5,0.5
10,clab-nebula-serf118,25,2,1,1,0,1,1.0,0.5,0.5
10,clab-nebula-serf118,30,3,14,3,11,0,0.21428571428571427,1.0,0.21428571428571427
10,clab-nebula-serf118,35,3,14,3,11,0,0.21428571428571427,1.0,0.21428571428571427
10,clab-nebula-serf118,40,3,14,3,11,0,0.21428571428571427,1.0,0.21428571428571427
10,clab-nebula-serf118,45,5,88,5,83,0,0.056818181818181816,1.0,0.056818181818181816
10,clab-nebula-serf118,50,15,153,15,138,0,0.09803921568627451,1.0,0.09803921568627451
10,clab-nebula-serf118,55,25,153,25,128,0,0.16339869281045752,1.0,0.16339869281045752
10,clab-nebula-serf118,60,48,151,48,103,0,0.31788079470198677,1.0,0.31788079470198677
10,clab-nebula-serf5,5,0,0,0,0,0,0.0,0.0,0.0
10,clab-nebula-serf5,10,3,12,3,9,0,0.25,1.0,0.25
10,clab-nebula-serf5,15,7,12,7,5,0,0.5833333333333334,1.0,0.5833333333333334
10,clab-nebula-serf5,20,14,28,14,14,0,0.5,1.0,0.5
10,clab-nebula-serf5,25,19,28,18,10,1,0.6428571428571429,0.9473684210526315,0.6206896551724138
10,clab-nebula-serf5,30,46,159,46,113,0,0.2893081761006289,1.0,0.2893081761006289
10,clab-nebula-serf5,35,80,159,80,79,0,0.5031446540880503,1.0,0.5031446540880503
10,clab-nebula-serf5,40,92,159,92,67,0,0.5786163522012578,1.0,0.5786163522012578
10,clab-nebula-serf5,45,108,159,108,51,0,0.6792452830188679,1.0,0.6792452830188679
10,clab-nebula-serf5,50,118,159,118,41,0,0.7421383647798742,1.0,0.7421383647798742
10,clab-nebula-serf5,55,121,159,121,38,0,0.7610062893081762,1.0,0.7610062893081762
10,clab-nebula-serf5,60,143,159,143,16,0,0.89937106918239,1.0,0.89937106918239
10,clab-nebula-serf87,5,3,3,3,0,0,1.0,1.0,1.0
10,clab-nebula-serf87,10,3,3,3,0,0,1.0,1.0,1.0
10,clab-nebula-serf87,15,11,71,11,60,0,0.15492957746478872,1.0,0.15492957746478872
10,clab-nebula-serf87,20,24,123,23,100,1,0.18699186991869918,0.9583333333333334,0.18548387096774194
10,clab-nebula-serf87,25,49,151,49,102,0,0.32450331125827814,1.0,0.32450331125827814
10,clab-nebula-serf87,30,80,138,69,69,11,0.5,0.8625,0.46308724832214765
10,clab-nebula-serf87,35,108,151,108,43,0,0.7152317880794702,1.0,0.7152317880794702
10,clab-nebula-serf87,40,120,151,120,31,0,0.7947019867549668,1.0,0.7947019867549668
10,clab-nebula-serf87,45,132,151,132,19,0,0.8741721854304636,1.0,0.8741721854304636
10,clab-nebula-serf87,50,145,151,143,8,2,0.9470198675496688,0.9862068965517241,0.934640522875817
10,clab-nebula-serf87,55,155,151,145,6,10,0.9602649006622517,0.9354838709677419,0.9006211180124224
10,clab-nebula-serf87,60,158,151,148,3,10,0.9801324503311258,0.9367088607594937,0.9192546583850931
10,clab-nebula-serf88,5,3,3,3,0,0,1.0,1.0,1.0
10,clab-nebula-serf88,10,3,3,3,0,0,1.0,1.0,1.0
10,clab-nebula-serf88,15,8,10,7,3,1,0.7,0.875,0.6363636363636364
10,clab-nebula-serf88,20,19,68,14,54,5,0.20588235294117646,0.7368421052631579,0.1917808219178082
10,clab-nebula-serf88,25,42,151,42,109,0,0.2781456953642384,1.0,0.2781456953642384
10,clab-nebula-serf88,30,72,143,65,78,7,0.45454545454545453,0.9027777777777778,0.43333333333333335
10,clab-nebula-serf88,35,100,151,100,51,0,0.6622516556291391,1.0,0.6622516556291391
10,clab-nebula-serf88,40,120,151,120,31,0,0.7947019867549668,1.0,0.7947019867549668
10,clab-nebula-serf88,45,127,151,127,24,0,0.8410596026490066,1.0,0.8410596026490066
10,clab-nebula-serf88,50,136,151,135,16,1,0.8940397350993378,0.9926470588235294,0.8881578947368421
10,clab-nebula-serf88,55,154,151,145,6,9,0.9602649006622517,0.9415584415584416,0.90625
10,clab-nebula-serf88,60,158,151,148,3,10,0.9801324503311258,0.9367088607594937,0.9192546583850931
10,clab-nebula-serf153,5,0,0,0,0,0,0.0,0.0,0.0
10,clab-nebula-serf153,10,0,0,0,0,0,0.0,0.0,0.0
10,clab-nebula-serf153,15,1,7,1,6,0,0.14285714285714285,1.0,0.14285714285714285
10,clab-nebula-serf153,20,9,129,9,120,0,0.06976744186046512,1.0,0.06976744186046512
10,clab-nebula-serf153,25,12,129,12,117,0,0.09302325581395349,1.0,0.09302325581395349
10,clab-nebula-serf153,30,24,161,24,137,0,0.14906832298136646,1.0,0.14906832298136646
10,clab-nebula-serf153,35,42,161,42,119,0,0.2608695652173913,1.0,0.2608695652173913
10,clab-nebula-serf153,40,55,161,55,106,0,0.3416149068322981,1.0,0.3416149068322981
10,clab-nebula-serf153,45,81,161,81,80,0,0.5031055900621118,1.0,0.5031055900621118
10,clab-nebula-serf153,50,114,161,114,47,0,0.7080745341614907,1.0,0.7080745341614907
10,clab-nebula-serf153,55,137,161,137,24,0,0.8509316770186336,1.0,0.8509316770186336
10,clab-nebula-serf153,60,148,159,146,13,2,0.9182389937106918,0.9864864864864865,0.906832298136646
10,clab-nebula-serf53,5,0,0,0,0,0,0.0,0.0,0.0
10,clab-nebula-serf53,10,8,26,8,18,0,0.3076923076923077,1.0,0.3076923076923077
10,clab-nebula-serf53,15,25,100,24,76,1,0.24,0.96,0.2376237623762376
10,clab-nebula-serf53,20,64,159,64,95,0,0.4025157232704403,1.0,0.4025157232704403
10,clab-nebula-serf53,25,81,159,81,78,0,0.5094339622641509,1.0,0.5094339622641509
10,clab-nebula-serf53,30,97,159,97,62,0,0.610062893081761,1.0,0.610062893081761
10,clab-nebula-serf53,35,118,159,118,41,0,0.7421383647798742,1.0,0.7421383647798742
10,clab-nebula-serf53,40,121,159,121,38,0,0.7610062893081762,1.0,0.7610062893081762
10,clab-nebula-serf53,45,125,159,125,34,0,0.7861635220125787,1.0,0.7861635220125787
10,clab-nebula-serf53,50,151,159,151,8,0,0.949685534591195,1.0,0.949685534591195
10,clab-nebula-serf53,55,154,159,154,5,0,0.9685534591194969,1.0,0.9685534591194969
10,clab-nebula-serf53,60,157,159,155,4,2,0.9748427672955975,0.9872611464968153,0.9627329192546584
10,clab-nebula-serf69,5,0,0,0,0,0,0.0,0.0,0.0
10,clab-nebula-serf69,10,14,159,14,145,0,0.0880503144654088,1.0,0.0880503144654088
10,clab-nebula-serf69,15,31,159,31,128,0,0.1949685534591195,1.0,0.1949685534591195
10,clab-nebula-serf69,20,54,161,54,107,0,0.33540372670807456,1.0,0.33540372670807456
10,clab-nebula-serf69,25,84,159,84,75,0,0.5283018867924528,1.0,0.5283018867924528
10,clab-nebula-serf69,30,107,159,107,52,0,0.6729559748427673,1.0,0.6729559748427673
10,clab-nebula-serf69,35,119,159,119,40,0,0.7484276729559748,1.0,0.7484276729559748
10,clab-nebula-serf69,40,125,159,125,34,0,0.7861635220125787,1.0,0.7861635220125787
10,clab-nebula-serf69,45,147,159,147,12,0,0.9245283018867925,1.0,0.9245283018867925
10,clab-nebula-serf69,50,154,159,154,5,0,0.9685534591194969,1.0,0.9685534591194969
10,clab-nebula-serf69,55,158,159,156,3,2,0.9811320754716981,0.9873417721518988,0.968944099378882
10,clab-nebula-serf69,60,161,159,159,0,2,1.0,0.9875776397515528,0.9875776397515528
10,clab-nebula-serf60,5,4,21,4,17,0,0.19047619047619047,1.0,0.19047619047619047
10,clab-nebula-serf60,10,10,23,10,13,0,0.43478260869565216,1.0,0.43478260869565216
10,clab-nebula-serf60,15,42,158,41,117,1,0.25949367088607594,0.9761904761904762,0.2578616352201258
10,clab-nebula-serf60,20,70,159,70,89,0,0.44025157232704404,1.0,0.44025157232704404
10,clab-nebula-serf60,25,87,159,87,72,0,0.5471698113207547,1.0,0.5471698113207547
10,clab-nebula-serf60,30,111,159,111,48,0,0.6981132075471698,1.0,0.6981132075471698
10,clab-nebula-serf60,35,120,159,120,39,0,0.7547169811320755,1.0,0.7547169811320755
10,clab-nebula-serf60,40,124,159,124,35,0,0.779874213836478,1.0,0.779874213836478
10,clab-nebula-serf60,45,143,159,143,16,0,0.89937106918239,1.0,0.89937106918239
10,clab-nebula-serf60,50,154,159,154,5,0,0.9685534591194969,1.0,0.9685534591194969
10,clab-nebula-serf60,55,154,159,154,5,0,0.9685534591194969,1.0,0.9685534591194969
10,clab-nebula-serf60,60,158,159,156,3,2,0.9811320754716981,0.9873417721518988,0.968944099378882
10,clab-nebula-serf145,5,0,0,0,0,0,0.0,0.0,0.0
10,clab-nebula-serf145,10,0,0,0,0,0,0.0,0.0,0.0
10,clab-nebula-serf145,15,1,24,1,23,0,0.041666666666666664,1.0,0.041666666666666664
10,clab-nebula-serf145,20,5,22,3,19,2,0.13636363636363635,0.6,0.125
10,clab-nebula-serf145,25,7,22,5,17,2,0.22727272727272727,0.7142857142857143,0.20833333333333334
10,clab-nebula-serf145,30,15,83,14,69,1,0.1686746987951807,0.9333333333333333,0.16666666666666666
10,clab-nebula-serf145,35,37,161,37,124,0,0.22981366459627328,1.0,0.22981366459627328
10,clab-nebula-serf145,40,56,161,56,105,0,0.34782608695652173,1.0,0.34782608695652173
10,clab-nebula-serf145,45,66,161,66,95,0,0.40993788819875776,1.0,0.40993788819875776
10,clab-nebula-serf145,50,104,161,104,57,0,0.6459627329192547,1.0,0.6459627329192547
10,clab-nebula-serf145,55,130,161,130,31,0,0.8074534161490683,1.0,0.8074534161490683
10,clab-nebula-serf145,60,145,161,145,16,0,0.9006211180124224,1.0,0.9006211180124224
10,clab-nebula-serf6,5,1,9,1,8,0,0.1111111111111111,1.0,0.1111111111111111
10,clab-nebula-serf6,10,7,28,7,21,0,0.25,1.0,0.25
10,clab-nebula-serf6,15,18,41,18,23,0,0.43902439024390244,1.0,0.43902439024390244
10,clab-nebula-serf6,20,32,41,29,12,3,0.7073170731707317,0.90625,0.6590909090909091
10,clab-nebula-serf6,25,68,159,68,91,0,0.4276729559748428,1.0,0.4276729559748428
10,clab-nebula-serf6,30,86,159,86,73,0,0.5408805031446541,1.0,0.5408805031446541
10,clab-nebula-serf6,35,98,159,98,61,0,0.6163522012578616,1.0,0.6163522012578616
10,clab-nebula-serf6,40,117,159,117,42,0,0.7358490566037735,1.0,0.7358490566037735
10,clab-nebula-serf6,45,120,159,120,39,0,0.7547169811320755,1.0,0.7547169811320755
10,clab-nebula-serf6,50,124,159,124,35,0,0.779874213836478,1.0,0.779874213836478
10,clab-nebula-serf6,55,151,159,151,8,0,0.949685534591195,1.0,0.949685534591195
10,clab-nebula-serf6,60,155,159,154,5,1,0.9685534591194969,0.9935483870967742,0.9625
10,clab-nebula-serf11,5,2,10,1,9,1,0.1,0.5,0.09090909090909091
10,clab-nebula-serf11,10,14,28,13,15,1,0.4642857142857143,0.9285714285714286,0.4482758620689655
10,clab-nebula-serf11,15,26,41,25,16,1,0.6097560975609756,0.9615384615384616,0.5952380952380952
10,clab-nebula-serf11,20,57,159,57,102,0,0.3584905660377358,1.0,0.3584905660377358
10,clab-nebula-serf11,25,82,159,82,77,0,0.5157232704402516,1.0,0.5157232704402516
10,clab-nebula-serf11,30,93,159,93,66,0,0.5849056603773585,1.0,0.5849056603773585
10,clab-nebula-serf11,35,112,159,112,47,0,0.7044025157232704,1.0,0.7044025157232704
10,clab-nebula-serf11,40,120,159,120,39,0,0.7547169811320755,1.0,0.7547169811320755
10,clab-nebula-serf11,45,124,159,124,35,0,0.779874213836478,1.0,0.779874213836478
10,clab-nebula-serf11,50,142,159,142,17,0,0.8930817610062893,1.0,0.8930817610062893
10,clab-nebula-serf11,55,154,159,154,5,0,0.9685534591194969,1.0,0.9685534591194969
10,clab-nebula-serf11,60,157,159,155,4,2,0.9748427672955975,0.9872611464968153,0.9627329192546584
10,clab-nebula-serf98,5,1,4,1,3,0,0.25,1.0,0.25
10,clab-nebula-serf98,10,7,7,7,0,0,1.0,1.0,1.0
10,clab-nebula-serf98,15,7,7,7,0,0,1.0,1.0,1.0
10,clab-nebula-serf98,20,8,121,7,114,1,0.05785123966942149,0.875,0.05737704918032787
10,clab-nebula-serf98,25,14,141,14,127,0,0.09929078014184398,1.0,0.09929078014184398
10,clab-nebula-serf98,30,29,159,29,130,0,0.18238993710691823,1.0,0.18238993710691823
10,clab-nebula-serf98,35,71,159,71,88,0,0.44654088050314467,1.0,0.44654088050314467
10,clab-nebula-serf98,40,121,159,121,38,0,0.7610062893081762,1.0,0.7610062893081762
10,clab-nebula-serf98,45,144,159,144,15,0,0.9056603773584906,1.0,0.9056603773584906
10,clab-nebula-serf98,50,156,159,156,3,0,0.9811320754716981,1.0,0.9811320754716981
10,clab-nebula-serf98,55,160,159,158,1,2,0.9937106918238994,0.9875,0.9813664596273292
10,clab-nebula-serf98,60,161,159,159,0,2,1.0,0.9875776397515528,0.9875776397515528
10,clab-nebula-serf138,5,0,0,0,0,0,0.0,0.0,0.0
10,clab-nebula-serf138,10,0,0,0,0,0,0.0,0.0,0.0
10,clab-nebula-serf138,15,1,40,1,39,0,0.025,1.0,0.025
10,clab-nebula-serf138,20,14,40,14,26,0,0.35,1.0,0.35
10,clab-nebula-serf138,25,14,40,14,26,0,0.35,1.0,0.35
10,clab-nebula-serf138,30,26,161,26,135,0,0.16149068322981366,1.0,0.16149068322981366
10,clab-nebula-serf138,35,43,161,43,118,0,0.2670807453416149,1.0,0.2670807453416149
10,clab-nebula-serf138,40,55,161,55,106,0,0.3416149068322981,1.0,0.3416149068322981
10,clab-nebula-serf138,45,90,161,90,71,0,0.5590062111801242,1.0,0.5590062111801242
10,clab-nebula-serf138,50,115,161,115,46,0,0.7142857142857143,1.0,0.7142857142857143
10,clab-nebula-serf138,55,137,161,137,24,0,0.8509316770186336,1.0,0.8509316770186336
10,clab-nebula-serf138,60,147,161,147,14,0,0.9130434782608695,1.0,0.9130434782608695
10,clab-nebula-serf150,5,0,0,0,0,0,0.0,0.0,0.0
10,clab-nebula-serf150,10,0,0,0,0,0,0.0,0.0,0.0
10,clab-nebula-serf150,15,1,5,1,4,0,0.2,1.0,0.2
10,clab-nebula-serf150,20,9,129,9,120,0,0.06976744186046512,1.0,0.06976744186046512
10,clab-nebula-serf150,25,17,161,17,144,0,0.10559006211180125,1.0,0.10559006211180125
10,clab-nebula-serf150,30,23,161,23,138,0,0.14285714285714285,1.0,0.14285714285714285
10,clab-nebula-serf150,35,42,161,42,119,0,0.2608695652173913,1.0,0.2608695652173913
10,clab-nebula-serf150,40,54,161,54,107,0,0.33540372670807456,1.0,0.33540372670807456
10,clab-nebula-serf150,45,79,161,79,82,0,0.4906832298136646,1.0,0.4906832298136646
10,clab-nebula-serf150,50,117,161,117,44,0,0.7267080745341615,1.0,0.7267080745341615
10,clab-nebula-serf150,55,141,159,139,20,2,0.8742138364779874,0.9858156028368794,0.8633540372670807
10,clab-nebula-serf150,60,152,159,150,9,2,0.9433962264150944,0.9868421052631579,0.9316770186335404
10,clab-nebula-serf18,5,0,0,0,0,0,0.0,0.0,0.0
10,clab-nebula-serf18,10,5,28,5,23,0,0.17857142857142858,1.0,0.17857142857142858
10,clab-nebula-serf18,15,20,159,20,139,0,0.12578616352201258,1.0,0.12578616352201258
10,clab-nebula-serf18,20,47,159,47,112,0,0.29559748427672955,1.0,0.29559748427672955
10,clab-nebula-serf18,25,75,159,75,84,0,0.4716981132075472,1.0,0.4716981132075472
10,clab-nebula-serf18,30,90,159,90,69,0,0.5660377358490566,1.0,0.5660377358490566
10,clab-nebula-serf18,35,103,159,103,56,0,0.6477987421383647,1.0,0.6477987421383647
10,clab-nebula-serf18,40,120,159,120,39,0,0.7547169811320755,1.0,0.7547169811320755
10,clab-nebula-serf18,45,123,159,123,36,0,0.7735849056603774,1.0,0.7735849056603774
10,clab-nebula-serf18,50,140,159,140,19,0,0.8805031446540881,1.0,0.8805031446540881
10,clab-nebula-serf18,55,151,159,151,8,0,0.949685534591195,1.0,0.949685534591195
10,clab-nebula-serf18,60,157,159,155,4,2,0.9748427672955975,0.9872611464968153,0.9627329192546584
10,clab-nebula-serf30,5,1,4,1,3,0,0.25,1.0,0.25
10,clab-nebula-serf30,10,13,159,13,146,0,0.08176100628930817,1.0,0.08176100628930817
10,clab-nebula-serf30,15,28,159,28,131,0,0.1761006289308176,1.0,0.1761006289308176
10,clab-nebula-serf30,20,45,159,45,114,0,0.2830188679245283,1.0,0.2830188679245283
10,clab-nebula-serf30,25,81,159,81,78,0,0.5094339622641509,1.0,0.5094339622641509
10,clab-nebula-serf30,30,93,159,93,66,0,0.5849056603773585,1.0,0.5849056603773585
10,clab-nebula-serf30,35,102,159,102,57,0,0.6415094339622641,1.0,0.6415094339622641
10,clab-nebula-serf30,40,119,159,119,40,0,0.7484276729559748,1.0,0.7484276729559748
10,clab-nebula-serf30,45,124,159,124,35,0,0.779874213836478,1.0,0.779874213836478
10,clab-nebula-serf30,50,128,159,128,31,0,0.8050314465408805,1.0,0.8050314465408805
10,clab-nebula-serf30,55,154,159,154,5,0,0.9685534591194969,1.0,0.9685534591194969
10,clab-nebula-serf30,60,154,159,154,5,0,0.9685534591194969,1.0,0.9685534591194969
10,clab-nebula-serf44,5,3,13,3,10,0,0.23076923076923078,1.0,0.23076923076923078
10,clab-nebula-serf44,10,10,34,10,24,0,0.29411764705882354,1.0,0.29411764705882354
10,clab-nebula-serf44,15,23,44,22,22,1,0.5,0.9565217391304348,0.4888888888888889
10,clab-nebula-serf44,20,47,87,43,44,4,0.4942528735632184,0.9148936170212766,0.4725274725274725
10,clab-nebula-serf44,25,81,159,81,78,0,0.5094339622641509,1.0,0.5094339622641509
10,clab-nebula-serf44,30,99,159,99,60,0,0.6226415094339622,1.0,0.6226415094339622
10,clab-nebula-serf44,35,120,159,120,39,0,0.7547169811320755,1.0,0.7547169811320755
10,clab-nebula-serf44,40,124,159,124,35,0,0.779874213836478,1.0,0.779874213836478
10,clab-nebula-serf44,45,127,159,127,32,0,0.7987421383647799,1.0,0.7987421383647799
10,clab-nebula-serf44,50,154,159,154,5,0,0.9685534591194969,1.0,0.9685534591194969
10,clab-nebula-serf44,55,154,159,154,5,0,0.9685534591194969,1.0,0.9685534591194969
10,clab-nebula-serf44,60,156,159,155,4,1,0.9748427672955975,0.9935897435897436,0.96875
10,clab-nebula-serf131,5,0,0,0,0,0,0.0,0.0,0.0
10,clab-nebula-serf131,10,0,0,0,0,0,0.0,0.0,0.0
10,clab-nebula-serf131,15,3,36,3,33,0,0.08333333333333333,1.0,0.08333333333333333
10,clab-nebula-serf131,20,14,36,14,22,0,0.3888888888888889,1.0,0.3888888888888889
10,clab-nebula-serf131,25,18,36,18,18,0,0.5,1.0,0.5
10,clab-nebula-serf131,30,29,161,29,132,0,0.18012422360248448,1.0,0.18012422360248448
10,clab-nebula-serf131,35,45,161,45,116,0,0.2795031055900621,1.0,0.2795031055900621
10,clab-nebula-serf131,40,69,151,59,92,10,0.39072847682119205,0.855072463768116,0.36645962732919257
10,clab-nebula-serf131,45,95,151,85,66,10,0.5629139072847682,0.8947368421052632,0.5279503105590062
10,clab-nebula-serf131,50,122,151,112,39,10,0.7417218543046358,0.9180327868852459,0.6956521739130435
10,clab-nebula-serf131,55,137,151,127,24,10,0.8410596026490066,0.927007299270073,0.7888198757763976
10,clab-nebula-serf131,60,149,151,139,12,10,0.9205298013245033,0.9328859060402684,0.8633540372670807
10,clab-nebula-serf35,5,0,0,0,0,0,0.0,0.0,0.0
10,clab-nebula-serf35,10,1,26,1,25,0,0.038461538461538464,1.0,0.038461538461538464
10,clab-nebula-serf35,15,7,62,6,56,1,0.0967741935483871,0.8571428571428571,0.09523809523809523
10,clab-nebula-serf35,20,26,159,26,133,0,0.16352201257861634,1.0,0.16352201257861634
10,clab-nebula-serf35,25,63,159,63,96,0,0.39622641509433965,1.0,0.39622641509433965
10,clab-nebula-serf35,30,85,159,85,74,0,0.5345911949685535,1.0,0.5345911949685535
10,clab-nebula-serf35,35,95,159,95,64,0,0.5974842767295597,1.0,0.5974842767295597
10,clab-nebula-serf35,40,111,159,111,48,0,0.6981132075471698,1.0,0.6981132075471698
10,clab-nebula-serf35,45,121,159,121,38,0,0.7610062893081762,1.0,0.7610062893081762
10,clab-nebula-serf35,50,124,159,124,35,0,0.779874213836478,1.0,0.779874213836478
10,clab-nebula-serf35,55,145,159,145,14,0,0.9119496855345912,1.0,0.9119496855345912
10,clab-nebula-serf35,60,154,159,154,5,0,0.9685534591194969,1.0,0.9685534591194969
10,clab-nebula-serf40,5,0,0,0,0,0,0.0,0.0,0.0
10,clab-nebula-serf40,10,1,41,1,40,0,0.024390243902439025,1.0,0.024390243902439025
10,clab-nebula-serf40,15,11,159,11,148,0,0.06918238993710692,1.0,0.06918238993710692
10,clab-nebula-serf40,20,35,159,35,124,0,0.22012578616352202,1.0,0.22012578616352202
10,clab-nebula-serf40,25,71,159,71,88,0,0.44654088050314467,1.0,0.44654088050314467
10,clab-nebula-serf40,30,87,159,87,72,0,0.5471698113207547,1.0,0.5471698113207547
10,clab-nebula-serf40,35,98,159,98,61,0,0.6163522012578616,1.0,0.6163522012578616
10,clab-nebula-serf40,40,118,159,118,41,0,0.7421383647798742,1.0,0.7421383647798742
10,clab-nebula-serf40,45,122,159,122,37,0,0.7672955974842768,1.0,0.7672955974842768
10,clab-nebula-serf40,50,126,159,126,33,0,0.7924528301886793,1.0,0.7924528301886793
10,clab-nebula-serf40,55,153,159,153,6,0,0.9622641509433962,1.0,0.9622641509433962
10,clab-nebula-serf40,60,154,159,154,5,0,0.9685534591194969,1.0,0.9685534591194969
10,clab-nebula-serf144,5,0,0,0,0,0,0.0,0.0,0.0
10,clab-nebula-serf144,10,0,0,0,0,0,0.0,0.0,0.0
10,clab-nebula-serf144,15,7,31,7,24,0,0.22580645161290322,1.0,0.22580645161290322
10,clab-nebula-serf144,20,12,81,12,69,0,0.14814814814814814,1.0,0.14814814814814814
10,clab-nebula-serf144,25,23,161,23,138,0,0.14285714285714285,1.0,0.14285714285714285
10,clab-nebula-serf144,30,55,161,55,106,0,0.3416149068322981,1.0,0.3416149068322981
10,clab-nebula-serf144,35,60,161,60,101,0,0.37267080745341613,1.0,0.37267080745341613
10,clab-nebula-serf144,40,95,161,95,66,0,0.5900621118012422,1.0,0.5900621118012422
10,clab-nebula-serf144,45,126,161,126,35,0,0.782608695652174,1.0,0.782608695652174
10,clab-nebula-serf144,50,141,161,141,20,0,0.8757763975155279,1.0,0.8757763975155279
10,clab-nebula-serf144,55,151,153,143,10,8,0.934640522875817,0.9470198675496688,0.8881987577639752
10,clab-nebula-serf144,60,155,153,147,6,8,0.9607843137254902,0.9483870967741935,0.9130434782608695
10,clab-nebula-serf152,5,0,0,0,0,0,0.0,0.0,0.0
10,clab-nebula-serf152,10,1,129,1,128,0,0.007751937984496124,1.0,0.007751937984496124
10,clab-nebula-serf152,15,11,129,11,118,0,0.08527131782945736,1.0,0.08527131782945736
10,clab-nebula-serf152,20,14,129,14,115,0,0.10852713178294573,1.0,0.10852713178294573
10,clab-nebula-serf152,25,24,161,24,137,0,0.14906832298136646,1.0,0.14906832298136646
10,clab-nebula-serf152,30,47,161,47,114,0,0.2919254658385093,1.0,0.2919254658385093
10,clab-nebula-serf152,35,60,161,60,101,0,0.37267080745341613,1.0,0.37267080745341613
10,clab-nebula-serf152,40,89,161,89,72,0,0.5527950310559007,1.0,0.5527950310559007
10,clab-nebula-serf152,45,122,161,122,39,0,0.7577639751552795,1.0,0.7577639751552795
10,clab-nebula-serf152,50,143,159,143,16,0,0.89937106918239,1.0,0.89937106918239
10,clab-nebula-serf152,55,152,159,150,9,2,0.9433962264150944,0.9868421052631579,0.9316770186335404
10,clab-nebula-serf152,60,156,159,154,5,2,0.9685534591194969,0.9871794871794872,0.9565217391304348
10,clab-nebula-serf162,5,0,0,0,0,0,0.0,0.0,0.0
10,clab-nebula-serf162,10,0,0,0,0,0,0.0,0.0,0.0
10,clab-nebula-serf162,15,5,20,5,15,0,0.25,1.0,0.25
10,clab-nebula-serf162,20,5,20,5,15,0,0.25,1.0,0.25
10,clab-nebula-serf162,25,5,20,5,15,0,0.25,1.0,0.25
10,clab-nebula-serf162,30,9,24,9,15,0,0.375,1.0,0.375
10,clab-nebula-serf162,35,20,161,20,141,0,0.12422360248447205,1.0,0.12422360248447205
10,clab-nebula-serf162,40,35,161,35,126,0,0.21739130434782608,1.0,0.21739130434782608
10,clab-nebula-serf162,45,40,161,40,121,0,0.2484472049689441,1.0,0.2484472049689441
10,clab-nebula-serf162,50,54,161,54,107,0,0.33540372670807456,1.0,0.33540372670807456
10,clab-nebula-serf162,55,74,161,74,87,0,0.45962732919254656,1.0,0.45962732919254656
10,clab-nebula-serf162,60,113,161,113,48,0,0.7018633540372671,1.0,0.7018633540372671
10,clab-nebula-serf41,5,0,0,0,0,0,0.0,0.0,0.0
10,clab-nebula-serf41,10,0,0,0,0,0,0.0,0.0,0.0
10,clab-nebula-serf41,15,1,28,1,27,0,0.03571428571428571,1.0,0.03571428571428571
10,clab-nebula-serf41,20,14,159,14,145,0,0.0880503144654088,1.0,0.0880503144654088
10,clab-nebula-serf41,25,40,159,40,119,0,0.25157232704402516,1.0,0.25157232704402516
10,clab-nebula-serf41,30,74,159,74,85,0,0.46540880503144655,1.0,0.46540880503144655
10,clab-nebula-serf41,35,89,159,89,70,0,0.559748427672956,1.0,0.559748427672956
10,clab-nebula-serf41,40,99,159,99,60,0,0.6226415094339622,1.0,0.6226415094339622
10,clab-nebula-serf41,45,118,159,118,41,0,0.7421383647798742,1.0,0.7421383647798742
10,clab-nebula-serf41,50,121,159,121,38,0,0.7610062893081762,1.0,0.7610062893081762
10,clab-nebula-serf41,55,126,159,126,33,0,0.7924528301886793,1.0,0.7924528301886793
10,clab-nebula-serf41,60,153,159,153,6,0,0.9622641509433962,1.0,0.9622641509433962
10,clab-nebula-serf72,5,1,16,1,15,0,0.0625,1.0,0.0625
10,clab-nebula-serf72,10,16,159,16,143,0,0.10062893081761007,1.0,0.10062893081761007
10,clab-nebula-serf72,15,31,159,31,128,0,0.1949685534591195,1.0,0.1949685534591195
10,clab-nebula-serf72,20,54,161,54,107,0,0.33540372670807456,1.0,0.33540372670807456
10,clab-nebula-serf72,25,84,159,84,75,0,0.5283018867924528,1.0,0.5283018867924528
10,clab-nebula-serf72,30,110,159,110,49,0,0.6918238993710691,1.0,0.6918238993710691
10,clab-nebula-serf72,35,121,159,121,38,0,0.7610062893081762,1.0,0.7610062893081762
10,clab-nebula-serf72,40,125,159,125,34,0,0.7861635220125787,1.0,0.7861635220125787
10,clab-nebula-serf72,45,150,159,150,9,0,0.9433962264150944,1.0,0.9433962264150944
10,clab-nebula-serf72,50,154,159,154,5,0,0.9685534591194969,1.0,0.9685534591194969
10,clab-nebula-serf72,55,158,159,156,3,2,0.9811320754716981,0.9873417721518988,0.968944099378882
10,clab-nebula-serf72,60,161,159,159,0,2,1.0,0.9875776397515528,0.9875776397515528
10,clab-nebula-serf141,5,0,0,0,0,0,0.0,0.0,0.0
10,clab-nebula-serf141,10,0,0,0,0,0,0.0,0.0,0.0
10,clab-nebula-serf141,15,0,0,0,0,0,0.0,0.0,0.0
10,clab-nebula-serf141,20,14,40,14,26,0,0.35,1.0,0.35
10,clab-nebula-serf141,25,14,40,14,26,0,0.35,1.0,0.35
10,clab-nebula-serf141,30,26,161,26,135,0,0.16149068322981366,1.0,0.16149068322981366
10,clab-nebula-serf141,35,43,161,43,118,0,0.2670807453416149,1.0,0.2670807453416149
10,clab-nebula-serf141,40,59,161,59,102,0,0.36645962732919257,1.0,0.36645962732919257
10,clab-nebula-serf141,45,90,161,90,71,0,0.5590062111801242,1.0,0.5590062111801242
10,clab-nebula-serf141,50,116,161,116,45,0,0.7204968944099379,1.0,0.7204968944099379
10,clab-nebula-serf141,55,137,161,137,24,0,0.8509316770186336,1.0,0.8509316770186336
10,clab-nebula-serf141,60,149,161,149,12,0,0.9254658385093167,1.0,0.9254658385093167
10,clab-nebula-serf25,5,0,0,0,0,0,0.0,0.0,0.0
10,clab-nebula-serf25,10,4,19,4,15,0,0.21052631578947367,1.0,0.21052631578947367
10,clab-nebula-serf25,15,12,159,12,147,0,0.07547169811320754,1.0,0.07547169811320754
10,clab-nebula-serf25,20,28,159,28,131,0,0.1761006289308176,1.0,0.1761006289308176
10,clab-nebula-serf25,25,44,159,44,115,0,0.27672955974842767,1.0,0.27672955974842767
10,clab-nebula-serf25,30,81,159,81,78,0,0.5094339622641509,1.0,0.5094339622641509
10,clab-nebula-serf25,35,93,159,93,66,0,0.5849056603773585,1.0,0.5849056603773585
10,clab-nebula-serf25,40,102,159,102,57,0,0.6415094339622641,1.0,0.6415094339622641
10,clab-nebula-serf25,45,119,159,119,40,0,0.7484276729559748,1.0,0.7484276729559748
10,clab-nebula-serf25,50,124,159,124,35,0,0.779874213836478,1.0,0.779874213836478
10,clab-nebula-serf25,55,127,159,127,32,0,0.7987421383647799,1.0,0.7987421383647799
10,clab-nebula-serf25,60,154,159,154,5,0,0.9685534591194969,1.0,0.9685534591194969
10,clab-nebula-serf50,5,3,17,3,14,0,0.17647058823529413,1.0,0.17647058823529413
10,clab-nebula-serf50,10,8,17,8,9,0,0.47058823529411764,1.0,0.47058823529411764
10,clab-nebula-serf50,15,23,44,22,22,1,0.5,0.9565217391304348,0.4888888888888889
10,clab-nebula-serf50,20,41,87,39,48,2,0.4482758620689655,0.9512195121951219,0.43820224719101125
10,clab-nebula-serf50,25,81,159,81,78,0,0.5094339622641509,1.0,0.5094339622641509
10,clab-nebula-serf50,30,93,159,93,66,0,0.5849056603773585,1.0,0.5849056603773585
10,clab-nebula-serf50,35,118,159,118,41,0,0.7421383647798742,1.0,0.7421383647798742
10,clab-nebula-serf50,40,122,159,122,37,0,0.7672955974842768,1.0,0.7672955974842768
10,clab-nebula-serf50,45,125,159,125,34,0,0.7861635220125787,1.0,0.7861635220125787
10,clab-nebula-serf50,50,153,159,153,6,0,0.9622641509433962,1.0,0.9622641509433962
10,clab-nebula-serf50,55,154,159,154,5,0,0.9685534591194969,1.0,0.9685534591194969
10,clab-nebula-serf50,60,156,159,155,4,1,0.9748427672955975,0.9935897435897436,0.96875
10,clab-nebula-serf51,5,1,44,1,43,0,0.022727272727272728,1.0,0.022727272727272728
10,clab-nebula-serf51,10,9,47,9,38,0,0.19148936170212766,1.0,0.19148936170212766
10,clab-nebula-serf51,15,24,100,23,77,1,0.23,0.9583333333333334,0.22772277227722773
10,clab-nebula-serf51,20,64,159,64,95,0,0.4025157232704403,1.0,0.4025157232704403
10,clab-nebula-serf51,25,83,159,83,76,0,0.5220125786163522,1.0,0.5220125786163522
10,clab-nebula-serf51,30,97,159,97,62,0,0.610062893081761,1.0,0.610062893081761
10,clab-nebula-serf51,35,118,159,118,41,0,0.7421383647798742,1.0,0.7421383647798742
10,clab-nebula-serf51,40,121,159,121,38,0,0.7610062893081762,1.0,0.7610062893081762
10,clab-nebula-serf51,45,126,159,126,33,0,0.7924528301886793,1.0,0.7924528301886793
10,clab-nebula-serf51,50,152,159,152,7,0,0.9559748427672956,1.0,0.9559748427672956
10,clab-nebula-serf51,55,154,159,154,5,0,0.9685534591194969,1.0,0.9685534591194969
10,clab-nebula-serf51,60,157,159,155,4,2,0.9748427672955975,0.9872611464968153,0.9627329192546584
10,clab-nebula-serf66,5,0,0,0,0,0,0.0,0.0,0.0
10,clab-nebula-serf66,10,4,16,4,12,0,0.25,1.0,0.25
10,clab-nebula-serf66,15,27,159,27,132,0,0.16981132075471697,1.0,0.16981132075471697
10,clab-nebula-serf66,20,44,159,44,115,0,0.27672955974842767,1.0,0.27672955974842767
10,clab-nebula-serf66,25,79,159,79,80,0,0.4968553459119497,1.0,0.4968553459119497
10,clab-nebula-serf66,30,106,159,106,53,0,0.6666666666666666,1.0,0.6666666666666666
10,clab-nebula-serf66,35,116,159,116,43,0,0.7295597484276729,1.0,0.7295597484276729
10,clab-nebula-serf66,40,123,159,123,36,0,0.7735849056603774,1.0,0.7735849056603774
10,clab-nebula-serf66,45,136,159,136,23,0,0.8553459119496856,1.0,0.8553459119496856
10,clab-nebula-serf66,50,154,159,154,5,0,0.9685534591194969,1.0,0.9685534591194969
10,clab-nebula-serf66,55,154,159,154,5,0,0.9685534591194969,1.0,0.9685534591194969
10,clab-nebula-serf66,60,158,159,156,3,2,0.9811320754716981,0.9873417721518988,0.968944099378882
10,clab-nebula-serf86,5,3,3,3,0,0,1.0,1.0,1.0
10,clab-nebula-serf86,10,4,5,4,1,0,0.8,1.0,0.8
10,clab-nebula-serf86,15,11,71,11,60,0,0.15492957746478872,1.0,0.15492957746478872
10,clab-nebula-serf86,20,29,123,28,95,1,0.22764227642276422,0.9655172413793104,0.22580645161290322
10,clab-nebula-serf86,25,56,144,55,89,1,0.3819444444444444,0.9821428571428571,0.3793103448275862
10,clab-nebula-serf86,30,85,138,74,64,11,0.5362318840579711,0.8705882352941177,0.4966442953020134
10,clab-nebula-serf86,35,115,151,115,36,0,0.7615894039735099,1.0,0.7615894039735099
10,clab-nebula-serf86,40,120,151,120,31,0,0.7947019867549668,1.0,0.7947019867549668
10,clab-nebula-serf86,45,134,151,134,17,0,0.8874172185430463,1.0,0.8874172185430463
10,clab-nebula-serf86,50,145,151,143,8,2,0.9470198675496688,0.9862068965517241,0.934640522875817
10,clab-nebula-serf86,55,155,151,145,6,10,0.9602649006622517,0.9354838709677419,0.9006211180124224
10,clab-nebula-serf86,60,160,151,150,1,10,0.9933774834437086,0.9375,0.9316770186335404
10,clab-nebula-serf90,5,2,72,2,70,0,0.027777777777777776,1.0,0.027777777777777776
10,clab-nebula-serf90,10,9,72,9,63,0,0.125,1.0,0.125
10,clab-nebula-serf90,15,30,123,29,94,1,0.23577235772357724,0.9666666666666667,0.23387096774193547
10,clab-nebula-serf90,20,49,135,48,87,1,0.35555555555555557,0.9795918367346939,0.35294117647058826
10,clab-nebula-serf90,25,78,138,71,67,7,0.5144927536231884,0.9102564102564102,0.4896551724137931
10,clab-nebula-serf90,30,101,151,101,50,0,0.6688741721854304,1.0,0.6688741721854304
10,clab-nebula-serf90,35,119,151,119,32,0,0.7880794701986755,1.0,0.7880794701986755
10,clab-nebula-serf90,40,122,151,122,29,0,0.8079470198675497,1.0,0.8079470198675497
10,clab-nebula-serf90,45,137,151,135,16,2,0.8940397350993378,0.9854014598540146,0.8823529411764706
10,clab-nebula-serf90,50,154,151,144,7,10,0.9536423841059603,0.935064935064935,0.8944099378881988
10,clab-nebula-serf90,55,155,151,145,6,10,0.9602649006622517,0.9354838709677419,0.9006211180124224
10,clab-nebula-serf90,60,159,151,149,2,10,0.9867549668874173,0.9371069182389937,0.9254658385093167
10,clab-nebula-serf143,5,0,0,0,0,0,0.0,0.0,0.0
10,clab-nebula-serf143,10,0,0,0,0,0,0.0,0.0,0.0
10,clab-nebula-serf143,15,1,27,1,26,0,0.037037037037037035,1.0,0.037037037037037035
10,clab-nebula-serf143,20,2,28,2,26,0,0.07142857142857142,1.0,0.07142857142857142
10,clab-nebula-serf143,25,7,28,7,21,0,0.25,1.0,0.25
10,clab-nebula-serf143,30,13,83,12,71,1,0.14457831325301204,0.9230769230769231,0.14285714285714285
10,clab-nebula-serf143,35,32,161,32,129,0,0.19875776397515527,1.0,0.19875776397515527
10,clab-nebula-serf143,40,56,161,56,105,0,0.34782608695652173,1.0,0.34782608695652173
10,clab-nebula-serf143,45,66,161,66,95,0,0.40993788819875776,1.0,0.40993788819875776
10,clab-nebula-serf143,50,103,161,103,58,0,0.639751552795031,1.0,0.639751552795031
10,clab-nebula-serf143,55,130,161,130,31,0,0.8074534161490683,1.0,0.8074534161490683
10,clab-nebula-serf143,60,145,161,145,16,0,0.9006211180124224,1.0,0.9006211180124224
10,clab-nebula-serf7,5,1,1,1,0,0,1.0,1.0,1.0
10,clab-nebula-serf7,10,9,41,9,32,0,0.21951219512195122,1.0,0.21951219512195122
10,clab-nebula-serf7,15,19,41,19,22,0,0.4634146341463415,1.0,0.4634146341463415
10,clab-nebula-serf7,20,33,41,29,12,4,0.7073170731707317,0.8787878787878788,0.6444444444444445
10,clab-nebula-serf7,25,67,159,67,92,0,0.42138364779874216,1.0,0.42138364779874216
10,clab-nebula-serf7,30,86,159,86,73,0,0.5408805031446541,1.0,0.5408805031446541
10,clab-nebula-serf7,35,99,159,99,60,0,0.6226415094339622,1.0,0.6226415094339622
10,clab-nebula-serf7,40,117,159,117,42,0,0.7358490566037735,1.0,0.7358490566037735
10,clab-nebula-serf7,45,120,159,120,39,0,0.7547169811320755,1.0,0.7547169811320755
10,clab-nebula-serf7,50,124,159,124,35,0,0.779874213836478,1.0,0.779874213836478
10,clab-nebula-serf7,55,151,159,151,8,0,0.949685534591195,1.0,0.949685534591195
10,clab-nebula-serf7,60,156,159,154,5,2,0.9685534591194969,0.9871794871794872,0.9565217391304348
10,clab-nebula-serf37,5,2,159,2,157,0,0.012578616352201259,1.0,0.012578616352201259
10,clab-nebula-serf37,10,8,159,8,151,0,0.050314465408805034,1.0,0.050314465408805034
10,clab-nebula-serf37,15,29,159,29,130,0,0.18238993710691823,1.0,0.18238993710691823
10,clab-nebula-serf37,20,65,159,65,94,0,0.4088050314465409,1.0,0.4088050314465409
10,clab-nebula-serf37,25,85,159,85,74,0,0.5345911949685535,1.0,0.5345911949685535
10,clab-nebula-serf37,30,96,159,96,63,0,0.6037735849056604,1.0,0.6037735849056604
10,clab-nebula-serf37,35,111,159,111,48,0,0.6981132075471698,1.0,0.6981132075471698
10,clab-nebula-serf37,40,121,159,121,38,0,0.7610062893081762,1.0,0.7610062893081762
10,clab-nebula-serf37,45,124,159,124,35,0,0.779874213836478,1.0,0.779874213836478
10,clab-nebula-serf37,50,146,159,146,13,0,0.9182389937106918,1.0,0.9182389937106918
10,clab-nebula-serf37,55,154,159,154,5,0,0.9685534591194969,1.0,0.9685534591194969
10,clab-nebula-serf37,60,156,159,155,4,1,0.9748427672955975,0.9935897435897436,0.96875
10,clab-nebula-serf43,5,0,0,0,0,0,0.0,0.0,0.0
10,clab-nebula-serf43,10,5,20,5,15,0,0.25,1.0,0.25
10,clab-nebula-serf43,15,13,47,12,35,1,0.2553191489361702,0.9230769230769231,0.25
10,clab-nebula-serf43,20,27,49,26,23,1,0.5306122448979592,0.9629629629629629,0.52
10,clab-nebula-serf43,25,52,100,51,49,1,0.51,0.9807692307692307,0.504950495049505
10,clab-nebula-serf43,30,82,159,82,77,0,0.5157232704402516,1.0,0.5157232704402516
10,clab-nebula-serf43,35,98,159,98,61,0,0.6163522012578616,1.0,0.6163522012578616
10,clab-nebula-serf43,40,119,159,119,40,0,0.7484276729559748,1.0,0.7484276729559748
10,clab-nebula-serf43,45,124,159,124,35,0,0.779874213836478,1.0,0.779874213836478
10,clab-nebula-serf43,50,126,159,126,33,0,0.7924528301886793,1.0,0.7924528301886793
10,clab-nebula-serf43,55,154,159,154,5,0,0.9685534591194969,1.0,0.9685534591194969
10,clab-nebula-serf43,60,154,159,154,5,0,0.9685534591194969,1.0,0.9685534591194969
10,clab-nebula-serf58,5,5,18,5,13,0,0.2777777777777778,1.0,0.2777777777777778
10,clab-nebula-serf58,10,19,99,18,81,1,0.18181818181818182,0.9473684210526315,0.18
10,clab-nebula-serf58,15,57,159,57,102,0,0.3584905660377358,1.0,0.3584905660377358
10,clab-nebula-serf58,20,79,159,79,80,0,0.4968553459119497,1.0,0.4968553459119497
10,clab-nebula-serf58,25,93,159,93,66,0,0.5849056603773585,1.0,0.5849056603773585
10,clab-nebula-serf58,30,118,159,118,41,0,0.7421383647798742,1.0,0.7421383647798742
10,clab-nebula-serf58,35,122,159,122,37,0,0.7672955974842768,1.0,0.7672955974842768
10,clab-nebula-serf58,40,125,159,125,34,0,0.7861635220125787,1.0,0.7861635220125787
10,clab-nebula-serf58,45,153,159,153,6,0,0.9622641509433962,1.0,0.9622641509433962
10,clab-nebula-serf58,50,154,159,154,5,0,0.9685534591194969,1.0,0.9685534591194969
10,clab-nebula-serf58,55,156,159,155,4,1,0.9748427672955975,0.9935897435897436,0.96875
10,clab-nebula-serf58,60,160,159,158,1,2,0.9937106918238994,0.9875,0.9813664596273292
10,clab-nebula-serf61,5,5,23,5,18,0,0.21739130434782608,1.0,0.21739130434782608
10,clab-nebula-serf61,10,20,100,19,81,1,0.19,0.95,0.18811881188118812
10,clab-nebula-serf61,15,61,159,61,98,0,0.3836477987421384,1.0,0.3836477987421384
10,clab-nebula-serf61,20,79,159,79,80,0,0.4968553459119497,1.0,0.4968553459119497
10,clab-nebula-serf61,25,93,159,93,66,0,0.5849056603773585,1.0,0.5849056603773585
10,clab-nebula-serf61,30,118,159,118,41,0,0.7421383647798742,1.0,0.7421383647798742
10,clab-nebula-serf61,35,121,159,121,38,0,0.7610062893081762,1.0,0.7610062893081762
10,clab-nebula-serf61,40,124,159,124,35,0,0.779874213836478,1.0,0.779874213836478
10,clab-nebula-serf61,45,149,159,149,10,0,0.9371069182389937,1.0,0.9371069182389937
10,clab-nebula-serf61,50,154,159,154,5,0,0.9685534591194969,1.0,0.9685534591194969
10,clab-nebula-serf61,55,156,159,155,4,1,0.9748427672955975,0.9935897435897436,0.96875
10,clab-nebula-serf61,60,158,159,156,3,2,0.9811320754716981,0.9873417721518988,0.968944099378882
10,clab-nebula-serf112,5,0,0,0,0,0,0.0,0.0,0.0
10,clab-nebula-serf112,10,0,0,0,0,0,0.0,0.0,0.0
10,clab-nebula-serf112,15,0,0,0,0,0,0.0,0.0,0.0
10,clab-nebula-serf112,20,0,0,0,0,0,0.0,0.0,0.0
10,clab-nebula-serf112,25,5,160,5,155,0,0.03125,1.0,0.03125
10,clab-nebula-serf112,30,18,161,18,143,0,0.11180124223602485,1.0,0.11180124223602485
10,clab-nebula-serf112,35,34,160,34,126,0,0.2125,1.0,0.2125
10,clab-nebula-serf112,40,64,160,64,96,0,0.4,1.0,0.4
10,clab-nebula-serf112,45,103,160,103,57,0,0.64375,1.0,0.64375
10,clab-nebula-serf112,50,136,160,136,24,0,0.85,1.0,0.85
10,clab-nebula-serf112,55,148,159,147,12,1,0.9245283018867925,0.9932432432432432,0.91875
10,clab-nebula-serf112,60,159,159,157,2,2,0.9874213836477987,0.9874213836477987,0.9751552795031055
10,clab-nebula-serf15,5,1,9,0,9,1,0.0,0.0,0.0
10,clab-nebula-serf15,10,14,62,14,48,0,0.22580645161290322,1.0,0.22580645161290322
10,clab-nebula-serf15,15,32,100,31,69,1,0.31,0.96875,0.3069306930693069
10,clab-nebula-serf15,20,68,159,68,91,0,0.4276729559748428,1.0,0.4276729559748428
10,clab-nebula-serf15,25,88,159,88,71,0,0.5534591194968553,1.0,0.5534591194968553
10,clab-nebula-serf15,30,100,159,100,59,0,0.6289308176100629,1.0,0.6289308176100629
10,clab-nebula-serf15,35,117,159,117,42,0,0.7358490566037735,1.0,0.7358490566037735
10,clab-nebula-serf15,40,121,159,121,38,0,0.7610062893081762,1.0,0.7610062893081762
10,clab-nebula-serf15,45,124,159,124,35,0,0.779874213836478,1.0,0.779874213836478
10,clab-nebula-serf15,50,151,159,151,8,0,0.949685534591195,1.0,0.949685534591195
10,clab-nebula-serf15,55,154,159,154,5,0,0.9685534591194969,1.0,0.9685534591194969
10,clab-nebula-serf15,60,158,159,156,3,2,0.9811320754716981,0.9873417721518988,0.968944099378882
10,clab-nebula-serf16,5,2,8,2,6,0,0.25,1.0,0.25
10,clab-nebula-serf16,10,17,62,17,45,0,0.27419354838709675,1.0,0.27419354838709675
10,clab-nebula-serf16,15,33,100,32,68,1,0.32,0.9696969696969697,0.31683168316831684
10,clab-nebula-serf16,20,69,159,69,90,0,0.4339622641509434,1.0,0.4339622641509434
10,clab-nebula-serf16,25,88,159,88,71,0,0.5534591194968553,1.0,0.5534591194968553
10,clab-nebula-serf16,30,101,159,101,58,0,0.6352201257861635,1.0,0.6352201257861635
10,clab-nebula-serf16,35,119,159,119,40,0,0.7484276729559748,1.0,0.7484276729559748
10,clab-nebula-serf16,40,121,159,121,38,0,0.7610062893081762,1.0,0.7610062893081762
10,clab-nebula-serf16,45,126,159,126,33,0,0.7924528301886793,1.0,0.7924528301886793
10,clab-nebula-serf16,50,151,159,151,8,0,0.949685534591195,1.0,0.949685534591195
10,clab-nebula-serf16,55,155,159,154,5,1,0.9685534591194969,0.9935483870967742,0.9625
10,clab-nebula-serf16,60,158,159,156,3,2,0.9811320754716981,0.9873417721518988,0.968944099378882
10,clab-nebula-serf77,5,3,123,3,120,0,0.024390243902439025,1.0,0.024390243902439025
10,clab-nebula-serf77,10,24,159,24,135,0,0.1509433962264151,1.0,0.1509433962264151
10,clab-nebula-serf77,15,38,159,38,121,0,0.2389937106918239,1.0,0.2389937106918239
10,clab-nebula-serf77,20,67,159,67,92,0,0.42138364779874216,1.0,0.42138364779874216
10,clab-nebula-serf77,25,90,159,90,69,0,0.5660377358490566,1.0,0.5660377358490566
10,clab-nebula-serf77,30,113,159,113,46,0,0.710691823899371,1.0,0.710691823899371
10,clab-nebula-serf77,35,121,159,121,38,0,0.7610062893081762,1.0,0.7610062893081762
10,clab-nebula-serf77,40,125,159,125,34,0,0.7861635220125787,1.0,0.7861635220125787
10,clab-nebula-serf77,45,151,159,151,8,0,0.949685534591195,1.0,0.949685534591195
10,clab-nebula-serf77,50,154,159,154,5,0,0.9685534591194969,1.0,0.9685534591194969
10,clab-nebula-serf77,55,158,159,156,3,2,0.9811320754716981,0.9873417721518988,0.968944099378882
10,clab-nebula-serf77,60,161,159,159,0,2,1.0,0.9875776397515528,0.9875776397515528
10,clab-nebula-serf121,5,0,0,0,0,0,0.0,0.0,0.0
10,clab-nebula-serf121,10,1,22,1,21,0,0.045454545454545456,1.0,0.045454545454545456
10,clab-nebula-serf121,15,8,161,8,153,0,0.049689440993788817,1.0,0.049689440993788817
10,clab-nebula-serf121,20,15,159,15,144,0,0.09433962264150944,1.0,0.09433962264150944
10,clab-nebula-serf121,25,32,151,31,120,1,0.2052980132450331,0.96875,0.20394736842105263
10,clab-nebula-serf121,30,81,151,71,80,10,0.47019867549668876,0.8765432098765432,0.4409937888198758
10,clab-nebula-serf121,35,121,151,111,40,10,0.7350993377483444,0.9173553719008265,0.6894409937888198
10,clab-nebula-serf121,40,138,151,128,23,10,0.847682119205298,0.927536231884058,0.7950310559006211
10,clab-nebula-serf121,45,148,151,138,13,10,0.9139072847682119,0.9324324324324325,0.8571428571428571
10,clab-nebula-serf121,50,160,151,150,1,10,0.9933774834437086,0.9375,0.9316770186335404
10,clab-nebula-serf121,55,161,151,151,0,10,1.0,0.937888198757764,0.937888198757764
10,clab-nebula-serf121,60,161,151,151,0,10,1.0,0.937888198757764,0.937888198757764
10,clab-nebula-serf140,5,0,0,0,0,0,0.0,0.0,0.0
10,clab-nebula-serf140,10,0,0,0,0,0,0.0,0.0,0.0
10,clab-nebula-serf140,15,0,0,0,0,0,0.0,0.0,0.0
10,clab-nebula-serf140,20,13,40,13,27,0,0.325,1.0,0.325
10,clab-nebula-serf140,25,14,40,14,26,0,0.35,1.0,0.35
10,clab-nebula-serf140,30,25,40,24,16,1,0.6,0.96,0.5853658536585366
10,clab-nebula-serf140,35,39,161,39,122,0,0.2422360248447205,1.0,0.2422360248447205
10,clab-nebula-serf140,40,52,161,52,109,0,0.32298136645962733,1.0,0.32298136645962733
10,clab-nebula-serf140,45,82,161,82,79,0,0.5093167701863354,1.0,0.5093167701863354
10,clab-nebula-serf140,50,108,161,108,53,0,0.6708074534161491,1.0,0.6708074534161491
10,clab-nebula-serf140,55,136,161,136,25,0,0.84472049689441,1.0,0.84472049689441
10,clab-nebula-serf140,60,145,161,145,16,0,0.9006211180124224,1.0,0.9006211180124224
10,clab-nebula-serf148,5,0,0,0,0,0,0.0,0.0,0.0
10,clab-nebula-serf148,10,0,0,0,0,0,0.0,0.0,0.0
10,clab-nebula-serf148,15,0,0,0,0,0,0.0,0.0,0.0
10,clab-nebula-serf148,20,6,129,6,123,0,0.046511627906976744,1.0,0.046511627906976744
10,clab-nebula-serf148,25,12,129,12,117,0,0.09302325581395349,1.0,0.09302325581395349
10,clab-nebula-serf148,30,22,161,22,139,0,0.13664596273291926,1.0,0.13664596273291926
10,clab-nebula-serf148,35,38,161,38,123,0,0.2360248447204969,1.0,0.2360248447204969
10,clab-nebula-serf148,40,52,161,52,109,0,0.32298136645962733,1.0,0.32298136645962733
10,clab-nebula-serf148,45,68,161,68,93,0,0.422360248447205,1.0,0.422360248447205
10,clab-nebula-serf148,50,103,161,103,58,0,0.639751552795031,1.0,0.639751552795031
10,clab-nebula-serf148,55,133,159,133,26,0,0.8364779874213837,1.0,0.8364779874213837
10,clab-nebula-serf148,60,148,159,146,13,2,0.9182389937106918,0.9864864864864865,0.906832298136646
10,clab-nebula-serf154,5,0,0,0,0,0,0.0,0.0,0.0
10,clab-nebula-serf154,10,0,0,0,0,0,0.0,0.0,0.0
10,clab-nebula-serf154,15,1,7,1,6,0,0.14285714285714285,1.0,0.14285714285714285
10,clab-nebula-serf154,20,9,129,9,120,0,0.06976744186046512,1.0,0.06976744186046512
10,clab-nebula-serf154,25,12,129,12,117,0,0.09302325581395349,1.0,0.09302325581395349
10,clab-nebula-serf154,30,23,161,23,138,0,0.14285714285714285,1.0,0.14285714285714285
10,clab-nebula-serf154,35,42,161,42,119,0,0.2608695652173913,1.0,0.2608695652173913
10,clab-nebula-serf154,40,55,161,55,106,0,0.3416149068322981,1.0,0.3416149068322981
10,clab-nebula-serf154,45,79,161,79,82,0,0.4906832298136646,1.0,0.4906832298136646
10,clab-nebula-serf154,50,113,161,113,48,0,0.7018633540372671,1.0,0.7018633540372671
10,clab-nebula-serf154,55,137,161,137,24,0,0.8509316770186336,1.0,0.8509316770186336
10,clab-nebula-serf154,60,147,159,146,13,1,0.9182389937106918,0.9931972789115646,0.9125
10,clab-nebula-serf156,5,0,0,0,0,0,0.0,0.0,0.0
10,clab-nebula-serf156,10,0,0,0,0,0,0.0,0.0,0.0
10,clab-nebula-serf156,15,4,129,4,125,0,0.031007751937984496,1.0,0.031007751937984496
10,clab-nebula-serf156,20,12,129,12,117,0,0.09302325581395349,1.0,0.09302325581395349
10,clab-nebula-serf156,25,18,161,18,143,0,0.11180124223602485,1.0,0.11180124223602485
10,clab-nebula-serf156,30,33,161,33,128,0,0.20496894409937888,1.0,0.20496894409937888
10,clab-nebula-serf156,35,49,161,49,112,0,0.30434782608695654,1.0,0.30434782608695654
10,clab-nebula-serf156,40,61,161,61,100,0,0.37888198757763975,1.0,0.37888198757763975
10,clab-nebula-serf156,45,99,161,99,62,0,0.6149068322981367,1.0,0.6149068322981367
10,clab-nebula-serf156,50,130,161,130,31,0,0.8074534161490683,1.0,0.8074534161490683
10,clab-nebula-serf156,55,145,159,145,14,0,0.9119496855345912,1.0,0.9119496855345912
10,clab-nebula-serf156,60,154,159,152,7,2,0.9559748427672956,0.987012987012987,0.9440993788819876
10,clab-nebula-serf23,5,0,0,0,0,0,0.0,0.0,0.0
10,clab-nebula-serf23,10,0,0,0,0,0,0.0,0.0,0.0
10,clab-nebula-serf23,15,4,12,0,12,4,0.0,0.0,0.0
10,clab-nebula-serf23,20,11,159,11,148,0,0.06918238993710692,1.0,0.06918238993710692
10,clab-nebula-serf23,25,22,159,22,137,0,0.13836477987421383,1.0,0.13836477987421383
10,clab-nebula-serf23,30,39,159,39,120,0,0.24528301886792453,1.0,0.24528301886792453
10,clab-nebula-serf23,35,75,159,75,84,0,0.4716981132075472,1.0,0.4716981132075472
10,clab-nebula-serf23,40,91,159,91,68,0,0.5723270440251572,1.0,0.5723270440251572
10,clab-nebula-serf23,45,99,159,99,60,0,0.6226415094339622,1.0,0.6226415094339622
10,clab-nebula-serf23,50,117,159,117,42,0,0.7358490566037735,1.0,0.7358490566037735
10,clab-nebula-serf23,55,122,159,122,37,0,0.7672955974842768,1.0,0.7672955974842768
10,clab-nebula-serf23,60,124,159,124,35,0,0.779874213836478,1.0,0.779874213836478
10,clab-nebula-serf39,5,2,132,2,130,0,0.015151515151515152,1.0,0.015151515151515152
10,clab-nebula-serf39,10,15,123,14,109,1,0.11382113821138211,0.9333333333333333,0.11290322580645161
10,clab-nebula-serf39,15,53,123,42,81,11,0.34146341463414637,0.7924528301886793,0.31343283582089554
10,clab-nebula-serf39,20,81,138,74,64,7,0.5362318840579711,0.9135802469135802,0.5103448275862069
10,clab-nebula-serf39,25,90,138,81,57,9,0.5869565217391305,0.9,0.5510204081632653
10,clab-nebula-serf39,30,106,151,106,45,0,0.7019867549668874,1.0,0.7019867549668874
10,clab-nebula-serf39,35,119,151,119,32,0,0.7880794701986755,1.0,0.7880794701986755
10,clab-nebula-serf39,40,124,151,123,28,1,0.8145695364238411,0.9919354838709677,0.8092105263157895
10,clab-nebula-serf39,45,138,151,129,22,9,0.8543046357615894,0.9347826086956522,0.80625
10,clab-nebula-serf39,50,154,151,144,7,10,0.9536423841059603,0.935064935064935,0.8944099378881988
10,clab-nebula-serf39,55,155,151,145,6,10,0.9602649006622517,0.9354838709677419,0.9006211180124224
10,clab-nebula-serf39,60,158,151,148,3,10,0.9801324503311258,0.9367088607594937,0.9192546583850931
10,clab-nebula-serf62,5,0,0,0,0,0,0.0,0.0,0.0
10,clab-nebula-serf62,10,4,45,4,41,0,0.08888888888888889,1.0,0.08888888888888889
10,clab-nebula-serf62,15,13,100,12,88,1,0.12,0.9230769230769231,0.1188118811881188
10,clab-nebula-serf62,20,48,159,48,111,0,0.3018867924528302,1.0,0.3018867924528302
10,clab-nebula-serf62,25,73,159,73,86,0,0.4591194968553459,1.0,0.4591194968553459
10,clab-nebula-serf62,30,88,159,88,71,0,0.5534591194968553,1.0,0.5534591194968553
10,clab-nebula-serf62,35,110,159,110,49,0,0.6918238993710691,1.0,0.6918238993710691
10,clab-nebula-serf62,40,120,159,120,39,0,0.7547169811320755,1.0,0.7547169811320755
10,clab-nebula-serf62,45,124,159,124,35,0,0.779874213836478,1.0,0.779874213836478
10,clab-nebula-serf62,50,144,159,144,15,0,0.9056603773584906,1.0,0.9056603773584906
10,clab-nebula-serf62,55,154,159,154,5,0,0.9685534591194969,1.0,0.9685534591194969
10,clab-nebula-serf62,60,154,159,154,5,0,0.9685534591194969,1.0,0.9685534591194969
10,clab-nebula-serf107,5,0,0,0,0,0,0.0,0.0,0.0
10,clab-nebula-serf107,10,2,40,2,38,0,0.05,1.0,0.05
10,clab-nebula-serf107,15,6,40,6,34,0,0.15,1.0,0.15
10,clab-nebula-serf107,20,15,161,15,146,0,0.09316770186335403,1.0,0.09316770186335403
10,clab-nebula-serf107,25,40,161,40,121,0,0.2484472049689441,1.0,0.2484472049689441
10,clab-nebula-serf107,30,71,161,71,90,0,0.4409937888198758,1.0,0.4409937888198758
10,clab-nebula-serf107,35,104,151,100,51,4,0.6622516556291391,0.9615384615384616,0.6451612903225806
10,clab-nebula-serf107,40,144,151,134,17,10,0.8874172185430463,0.9305555555555556,0.8322981366459627
10,clab-nebula-serf107,45,149,151,139,12,10,0.9205298013245033,0.9328859060402684,0.8633540372670807
10,clab-nebula-serf107,50,154,151,144,7,10,0.9536423841059603,0.935064935064935,0.8944099378881988
10,clab-nebula-serf107,55,157,151,147,4,10,0.9735099337748344,0.9363057324840764,0.9130434782608695
10,clab-nebula-serf107,60,161,151,151,0,10,1.0,0.937888198757764,0.937888198757764
10,clab-nebula-serf115,5,0,0,0,0,0,0.0,0.0,0.0
10,clab-nebula-serf115,10,0,0,0,0,0,0.0,0.0,0.0
10,clab-nebula-serf115,15,0,0,0,0,0,0.0,0.0,0.0
10,clab-nebula-serf115,20,0,0,0,0,0,0.0,0.0,0.0
10,clab-nebula-serf115,25,0,0,0,0,0,0.0,0.0,0.0
10,clab-nebula-serf115,30,0,0,0,0,0,0.0,0.0,0.0
10,clab-nebula-serf115,35,1,1,1,0,0,1.0,1.0,1.0
10,clab-nebula-serf115,40,3,161,3,158,0,0.018633540372670808,1.0,0.018633540372670808
10,clab-nebula-serf115,45,6,151,6,145,0,0.039735099337748346,1.0,0.039735099337748346
10,clab-nebula-serf115,50,23,151,23,128,0,0.152317880794702,1.0,0.152317880794702
10,clab-nebula-serf115,55,57,151,55,96,2,0.36423841059602646,0.9649122807017544,0.35947712418300654
10,clab-nebula-serf115,60,103,151,93,58,10,0.6158940397350994,0.9029126213592233,0.577639751552795
10,clab-nebula-serf151,5,0,0,0,0,0,0.0,0.0,0.0
10,clab-nebula-serf151,10,0,0,0,0,0,0.0,0.0,0.0
10,clab-nebula-serf151,15,1,9,1,8,0,0.1111111111111111,1.0,0.1111111111111111
10,clab-nebula-serf151,20,11,129,11,118,0,0.08527131782945736,1.0,0.08527131782945736
10,clab-nebula-serf151,25,13,129,13,116,0,0.10077519379844961,1.0,0.10077519379844961
10,clab-nebula-serf151,30,23,161,23,138,0,0.14285714285714285,1.0,0.14285714285714285
10,clab-nebula-serf151,35,43,161,43,118,0,0.2670807453416149,1.0,0.2670807453416149
10,clab-nebula-serf151,40,55,161,55,106,0,0.3416149068322981,1.0,0.3416149068322981
10,clab-nebula-serf151,45,81,161,81,80,0,0.5031055900621118,1.0,0.5031055900621118
10,clab-nebula-serf151,50,114,161,114,47,0,0.7080745341614907,1.0,0.7080745341614907
10,clab-nebula-serf151,55,137,161,137,24,0,0.8509316770186336,1.0,0.8509316770186336
10,clab-nebula-serf151,60,148,159,146,13,2,0.9182389937106918,0.9864864864864865,0.906832298136646
10,clab-nebula-serf158,5,4,20,4,16,0,0.2,1.0,0.2
10,clab-nebula-serf158,10,4,20,4,16,0,0.2,1.0,0.2
10,clab-nebula-serf158,15,5,24,5,19,0,0.20833333333333334,1.0,0.20833333333333334
10,clab-nebula-serf158,20,8,24,8,16,0,0.3333333333333333,1.0,0.3333333333333333
10,clab-nebula-serf158,25,16,161,16,145,0,0.09937888198757763,1.0,0.09937888198757763
10,clab-nebula-serf158,30,34,161,34,127,0,0.2111801242236025,1.0,0.2111801242236025
10,clab-nebula-serf158,35,40,161,40,121,0,0.2484472049689441,1.0,0.2484472049689441
10,clab-nebula-serf158,40,52,161,52,109,0,0.32298136645962733,1.0,0.32298136645962733
10,clab-nebula-serf158,45,68,161,68,93,0,0.422360248447205,1.0,0.422360248447205
10,clab-nebula-serf158,50,103,161,103,58,0,0.639751552795031,1.0,0.639751552795031
10,clab-nebula-serf158,55,136,161,136,25,0,0.84472049689441,1.0,0.84472049689441
10,clab-nebula-serf158,60,148,161,148,13,0,0.9192546583850931,1.0,0.9192546583850931
10,clab-nebula-serf28,5,0,0,0,0,0,0.0,0.0,0.0
10,clab-nebula-serf28,10,1,106,1,105,0,0.009433962264150943,1.0,0.009433962264150943
10,clab-nebula-serf28,15,2,106,2,104,0,0.018867924528301886,1.0,0.018867924528301886
10,clab-nebula-serf28,20,4,106,4,102,0,0.03773584905660377,1.0,0.03773584905660377
10,clab-nebula-serf28,25,7,106,7,99,0,0.0660377358490566,1.0,0.0660377358490566
10,clab-nebula-serf28,30,19,123,19,104,0,0.15447154471544716,1.0,0.15447154471544716
10,clab-nebula-serf28,35,29,123,28,95,1,0.22764227642276422,0.9655172413793104,0.22580645161290322
10,clab-nebula-serf28,40,61,138,53,85,8,0.38405797101449274,0.8688524590163934,0.363013698630137
10,clab-nebula-serf28,45,91,138,79,59,12,0.572463768115942,0.8681318681318682,0.5266666666666666
10,clab-nebula-serf28,50,95,138,82,56,13,0.5942028985507246,0.8631578947368421,0.543046357615894
10,clab-nebula-serf28,55,111,151,111,40,0,0.7350993377483444,1.0,0.7350993377483444
10,clab-nebula-serf28,60,121,151,121,30,0,0.8013245033112583,1.0,0.8013245033112583
10,clab-nebula-serf29,5,0,0,0,0,0,0.0,0.0,0.0
10,clab-nebula-serf29,10,2,105,2,103,0,0.01904761904761905,1.0,0.01904761904761905
10,clab-nebula-serf29,15,6,105,5,100,1,0.047619047619047616,0.8333333333333334,0.04716981132075472
10,clab-nebula-serf29,20,14,133,14,119,0,0.10526315789473684,1.0,0.10526315789473684
10,clab-nebula-serf29,25,23,136,23,113,0,0.16911764705882354,1.0,0.16911764705882354
10,clab-nebula-serf29,30,39,136,38,98,1,0.27941176470588236,0.9743589743589743,0.2773722627737226
10,clab-nebula-serf29,35,79,138,71,67,8,0.5144927536231884,0.8987341772151899,0.4863013698630137
10,clab-nebula-serf29,40,92,138,80,58,12,0.5797101449275363,0.8695652173913043,0.5333333333333333
10,clab-nebula-serf29,45,98,138,85,53,13,0.6159420289855072,0.8673469387755102,0.5629139072847682
10,clab-nebula-serf29,50,115,151,115,36,0,0.7615894039735099,1.0,0.7615894039735099
10,clab-nebula-serf29,55,122,151,122,29,0,0.8079470198675497,1.0,0.8079470198675497
10,clab-nebula-serf29,60,125,151,123,28,2,0.8145695364238411,0.984,0.803921568627451
