hilbert_order,q_node,threshold,gt,found,tp,fp,fn,precision,recall,jaccard
2,clab-nebula-serf130,5,0,11,0,11,0,0.0,0.0,0.0
2,clab-nebula-serf161,5,4,5,4,1,0,0.8,1.0,0.8
2,clab-nebula-serf32,5,3,18,3,15,0,0.1667,1.0,0.1667
2,clab-nebula-serf63,5,0,30,0,30,0,0.0,0.0,0.0
2,clab-nebula-serf45,5,2,63,1,62,1,0.0159,0.5,0.0156
2,clab-nebula-serf49,5,4,63,3,60,1,0.0476,0.75,0.0469
2,clab-nebula-serf83,5,0,23,0,23,0,0.0,0.0,0.0
2,clab-nebula-serf91,5,3,23,3,20,0,0.1304,1.0,0.1304
2,clab-nebula-serf136,5,0,11,0,11,0,0.0,0.0,0.0
2,clab-nebula-serf146,5,0,3,0,3,0,0.0,0.0,0.0
2,clab-nebula-serf12,5,0,14,0,14,0,0.0,0.0,0.0
2,clab-nebula-serf19,5,0,14,0,14,0,0.0,0.0,0.0
2,clab-nebula-serf80,5,0,30,0,30,0,0.0,0.0,0.0
2,clab-nebula-serf111,5,1,30,1,29,0,0.0333,1.0,0.0333
2,clab-nebula-serf109,5,3,30,3,27,0,0.1,1.0,0.1
2,clab-nebula-serf147,5,0,10,0,10,0,0.0,0.0,0.0
2,clab-nebula-serf4,5,1,68,1,67,0,0.0147,1.0,0.0147
2,clab-nebula-serf100,5,6,7,6,1,0,0.8571,1.0,0.8571
2,clab-nebula-serf75,5,0,30,0,30,0,0.0,0.0,0.0
2,clab-nebula-serf89,5,3,31,3,28,0,0.0968,1.0,0.0968
2,clab-nebula-serf101,5,4,7,4,3,0,0.5714,1.0,0.5714
2,clab-nebula-serf105,5,1,30,1,29,0,0.0333,1.0,0.0333
2,clab-nebula-serf65,5,0,5,0,5,0,0.0,0.0,0.0
2,clab-nebula-serf68,5,0,30,0,30,0,0.0,0.0,0.0
2,clab-nebula-serf94,5,2,23,2,21,0,0.087,1.0,0.087
2,clab-nebula-serf103,5,7,7,7,0,0,1.0,1.0,1.0
2,clab-nebula-serf117,5,0,0,0,0,0,1.0,1.0,1.0
2,clab-nebula-serf127,5,0,1,0,1,0,0.0,0.0,0.0
2,clab-nebula-serf129,5,0,30,0,30,0,0.0,0.0,0.0
2,clab-nebula-serf155,5,0,10,0,10,0,0.0,0.0,0.0
2,clab-nebula-serf3,5,0,0,0,0,0,1.0,1.0,1.0
2,clab-nebula-serf14,5,0,14,0,14,0,0.0,0.0,0.0
2,clab-nebula-serf142,5,0,0,0,0,0,1.0,1.0,1.0
2,clab-nebula-serf96,5,4,7,4,3,0,0.5714,1.0,0.5714
2,clab-nebula-serf116,5,0,0,0,0,0,1.0,1.0,1.0
2,clab-nebula-serf56,5,9,101,9,92,0,0.0891,1.0,0.0891
2,clab-nebula-serf59,5,5,101,5,96,0,0.0495,1.0,0.0495
2,clab-nebula-serf70,5,3,30,3,27,0,0.1,1.0,0.1
2,clab-nebula-serf81,5,1,30,1,29,0,0.0333,1.0,0.0333
2,clab-nebula-serf95,5,0,23,0,23,0,0.0,0.0,0.0
2,clab-nebula-serf114,5,1,1,1,0,0,1.0,1.0,1.0
2,clab-nebula-serf9,5,1,14,1,13,0,0.0714,1.0,0.0714
2,clab-nebula-serf17,5,1,14,1,13,0,0.0714,1.0,0.0714
2,clab-nebula-serf139,5,0,11,0,11,0,0.0,0.0,0.0
2,clab-nebula-serf52,5,1,23,1,22,0,0.0435,1.0,0.0435
2,clab-nebula-serf71,5,0,30,0,30,0,0.0,0.0,0.0
2,clab-nebula-serf26,5,3,18,3,15,0,0.1667,1.0,0.1667
2,clab-nebula-serf34,5,1,48,1,47,0,0.0208,1.0,0.0208
2,clab-nebula-serf126,5,0,1,0,1,0,0.0,0.0,0.0
2,clab-nebula-serf36,5,0,23,0,23,0,0.0,0.0,0.0
2,clab-nebula-serf82,5,0,5,0,5,0,0.0,0.0,0.0
2,clab-nebula-serf85,5,0,23,0,23,0,0.0,0.0,0.0
2,clab-nebula-serf97,5,5,7,5,2,0,0.7143,1.0,0.7143
2,clab-nebula-serf99,5,6,7,6,1,0,0.8571,1.0,0.8571
2,clab-nebula-serf124,5,0,5,0,5,0,0.0,0.0,0.0
2,clab-nebula-serf157,5,4,5,4,1,0,0.8,1.0,0.8
2,clab-nebula-serf159,5,4,5,4,1,0,0.8,1.0,0.8
2,clab-nebula-serf1,5,0,0,0,0,0,1.0,1.0,1.0
2,clab-nebula-serf33,5,3,44,3,41,0,0.0682,1.0,0.0682
2,clab-nebula-serf123,5,0,30,0,30,0,0.0,0.0,0.0
2,clab-nebula-serf135,5,0,11,0,11,0,0.0,0.0,0.0
2,clab-nebula-serf13,5,0,14,0,14,0,0.0,0.0,0.0
2,clab-nebula-serf47,5,4,20,4,16,0,0.2,1.0,0.2
2,clab-nebula-serf84,5,0,23,0,23,0,0.0,0.0,0.0
2,clab-nebula-serf92,5,0,23,0,23,0,0.0,0.0,0.0
2,clab-nebula-serf106,5,0,30,0,30,0,0.0,0.0,0.0
2,clab-nebula-serf108,5,0,30,0,30,0,0.0,0.0,0.0
2,clab-nebula-serf119,5,2,1,1,0,1,1.0,0.5,0.5
2,clab-nebula-serf125,5,0,10,0,10,0,0.0,0.0,0.0
2,clab-nebula-serf54,5,1,23,1,22,0,0.0435,1.0,0.0435
2,clab-nebula-serf57,5,4,101,4,97,0,0.0396,1.0,0.0396
2,clab-nebula-serf24,5,0,18,0,18,0,0.0,0.0,0.0
2,clab-nebula-serf42,5,0,5,0,5,0,0.0,0.0,0.0
2,clab-nebula-serf48,5,0,18,0,18,0,0.0,0.0,0.0
2,clab-nebula-serf2,5,0,14,0,14,0,0.0,0.0,0.0
2,clab-nebula-serf21,5,2,18,2,16,0,0.1111,1.0,0.1111
2,clab-nebula-serf67,5,0,30,0,30,0,0.0,0.0,0.0
2,clab-nebula-serf102,5,5,7,5,2,0,0.7143,1.0,0.7143
2,clab-nebula-serf110,5,0,5,0,5,0,0.0,0.0,0.0
2,clab-nebula-serf132,5,0,11,0,11,0,0.0,0.0,0.0
2,clab-nebula-serf134,5,0,11,0,11,0,0.0,0.0,0.0
2,clab-nebula-serf137,5,0,11,0,11,0,0.0,0.0,0.0
2,clab-nebula-serf10,5,1,14,1,13,0,0.0714,1.0,0.0714
2,clab-nebula-serf46,5,0,18,0,18,0,0.0,0.0,0.0
2,clab-nebula-serf74,5,0,30,0,30,0,0.0,0.0,0.0
2,clab-nebula-serf76,5,2,30,2,28,0,0.0667,1.0,0.0667
2,clab-nebula-serf149,5,0,10,0,10,0,0.0,0.0,0.0
2,clab-nebula-serf20,5,2,18,2,16,0,0.1111,1.0,0.1111
2,clab-nebula-serf22,5,0,18,0,18,0,0.0,0.0,0.0
2,clab-nebula-serf160,5,4,5,4,1,0,0.8,1.0,0.8
2,clab-nebula-serf31,5,1,18,1,17,0,0.0556,1.0,0.0556
2,clab-nebula-serf93,5,3,23,3,20,0,0.1304,1.0,0.1304
2,clab-nebula-serf122,5,0,5,0,5,0,0.0,0.0,0.0
2,clab-nebula-serf38,5,0,23,0,23,0,0.0,0.0,0.0
2,clab-nebula-serf55,5,0,23,0,23,0,0.0,0.0,0.0
2,clab-nebula-serf79,5,6,30,6,24,0,0.2,1.0,0.2
2,clab-nebula-serf113,5,1,1,1,0,0,1.0,1.0,1.0
2,clab-nebula-serf120,5,2,1,1,0,1,1.0,0.5,0.5
2,clab-nebula-serf128,5,0,30,0,30,0,0.0,0.0,0.0
2,clab-nebula-serf8,5,0,14,0,14,0,0.0,0.0,0.0
2,clab-nebula-serf27,5,0,18,0,18,0,0.0,0.0,0.0
2,clab-nebula-serf78,5,0,30,0,30,0,0.0,0.0,0.0
2,clab-nebula-serf104,5,1,30,1,29,0,0.0333,1.0,0.0333
2,clab-nebula-serf133,5,0,11,0,11,0,0.0,0.0,0.0
2,clab-nebula-serf64,5,0,5,0,5,0,0.0,0.0,0.0
2,clab-nebula-serf73,5,4,30,4,26,0,0.1333,1.0,0.1333
2,clab-nebula-serf118,5,2,1,1,0,1,1.0,0.5,0.5
2,clab-nebula-serf5,5,0,0,0,0,0,1.0,1.0,1.0
2,clab-nebula-serf87,5,3,29,3,26,0,0.1034,1.0,0.1034
2,clab-nebula-serf88,5,3,31,3,28,0,0.0968,1.0,0.0968
2,clab-nebula-serf153,5,0,10,0,10,0,0.0,0.0,0.0
2,clab-nebula-serf53,5,0,23,0,23,0,0.0,0.0,0.0
2,clab-nebula-serf69,5,0,30,0,30,0,0.0,0.0,0.0
2,clab-nebula-serf60,5,4,101,4,97,0,0.0396,1.0,0.0396
2,clab-nebula-serf145,5,0,3,0,3,0,0.0,0.0,0.0
2,clab-nebula-serf6,5,1,14,1,13,0,0.0714,1.0,0.0714
2,clab-nebula-serf11,5,2,14,2,12,0,0.1429,1.0,0.1429
2,clab-nebula-serf98,5,1,7,1,6,0,0.1429,1.0,0.1429
2,clab-nebula-serf138,5,0,11,0,11,0,0.0,0.0,0.0
2,clab-nebula-serf150,5,0,10,0,10,0,0.0,0.0,0.0
2,clab-nebula-serf18,5,0,5,0,5,0,0.0,0.0,0.0
2,clab-nebula-serf30,5,1,18,1,17,0,0.0556,1.0,0.0556
2,clab-nebula-serf44,5,3,63,2,61,1,0.0317,0.6667,0.0312
2,clab-nebula-serf131,5,0,11,0,11,0,0.0,0.0,0.0
2,clab-nebula-serf35,5,0,5,0,5,0,0.0,0.0,0.0
2,clab-nebula-serf40,5,0,23,0,23,0,0.0,0.0,0.0
2,clab-nebula-serf144,5,0,3,0,3,0,0.0,0.0,0.0
2,clab-nebula-serf152,5,0,10,0,10,0,0.0,0.0,0.0
2,clab-nebula-serf162,5,0,5,0,5,0,0.0,0.0,0.0
2,clab-nebula-serf41,5,0,23,0,23,0,0.0,0.0,0.0
2,clab-nebula-serf72,5,1,30,1,29,0,0.0333,1.0,0.0333
2,clab-nebula-serf141,5,0,11,0,11,0,0.0,0.0,0.0
2,clab-nebula-serf25,5,0,18,0,18,0,0.0,0.0,0.0
2,clab-nebula-serf50,5,3,63,2,61,1,0.0317,0.6667,0.0312
2,clab-nebula-serf51,5,1,23,1,22,0,0.0435,1.0,0.0435
2,clab-nebula-serf66,5,0,30,0,30,0,0.0,0.0,0.0
2,clab-nebula-serf86,5,3,29,3,26,0,0.1034,1.0,0.1034
2,clab-nebula-serf90,5,2,23,2,21,0,0.087,1.0,0.087
2,clab-nebula-serf143,5,0,3,0,3,0,0.0,0.0,0.0
2,clab-nebula-serf7,5,1,14,1,13,0,0.0714,1.0,0.0714
2,clab-nebula-serf37,5,2,24,1,23,1,0.0417,0.5,0.04
2,clab-nebula-serf43,5,0,18,0,18,0,0.0,0.0,0.0
2,clab-nebula-serf58,5,5,101,5,96,0,0.0495,1.0,0.0495
2,clab-nebula-serf61,5,5,101,5,96,0,0.0495,1.0,0.0495
2,clab-nebula-serf112,5,0,30,0,30,0,0.0,0.0,0.0
2,clab-nebula-serf15,5,1,14,1,13,0,0.0714,1.0,0.0714
2,clab-nebula-serf16,5,2,14,2,12,0,0.1429,1.0,0.1429
2,clab-nebula-serf77,5,3,30,3,27,0,0.1,1.0,0.1
2,clab-nebula-serf121,5,0,30,0,30,0,0.0,0.0,0.0
2,clab-nebula-serf140,5,0,11,0,11,0,0.0,0.0,0.0
2,clab-nebula-serf148,5,0,10,0,10,0,0.0,0.0,0.0
2,clab-nebula-serf154,5,0,10,0,10,0,0.0,0.0,0.0
2,clab-nebula-serf156,5,0,10,0,10,0,0.0,0.0,0.0
2,clab-nebula-serf23,5,0,18,0,18,0,0.0,0.0,0.0
2,clab-nebula-serf39,5,2,24,1,23,1,0.0417,0.5,0.04
2,clab-nebula-serf62,5,0,23,0,23,0,0.0,0.0,0.0
2,clab-nebula-serf107,5,0,30,0,30,0,0.0,0.0,0.0
2,clab-nebula-serf115,5,0,0,0,0,0,1.0,1.0,1.0
2,clab-nebula-serf151,5,0,10,0,10,0,0.0,0.0,0.0
2,clab-nebula-serf158,5,4,5,4,1,0,0.8,1.0,0.8
2,clab-nebula-serf28,5,0,0,0,0,0,1.0,1.0,1.0
2,clab-nebula-serf29,5,0,18,0,18,0,0.0,0.0,0.0
2,clab-nebula-serf130,10,0,11,0,11,0,0.0,0.0,0.0
2,clab-nebula-serf161,10,4,5,4,1,0,0.8,1.0,0.8
2,clab-nebula-serf32,10,19,48,18,30,1,0.375,0.9474,0.3673
2,clab-nebula-serf63,10,0,30,0,30,0,0.0,0.0,0.0
2,clab-nebula-serf45,10,8,63,7,56,1,0.1111,0.875,0.1094
2,clab-nebula-serf49,10,14,63,13,50,1,0.2063,0.9286,0.2031
2,clab-nebula-serf83,10,3,23,3,20,0,0.1304,1.0,0.1304
2,clab-nebula-serf91,10,17,128,16,112,1,0.125,0.9412,0.124
2,clab-nebula-serf136,10,0,11,0,11,0,0.0,0.0,0.0
2,clab-nebula-serf146,10,0,3,0,3,0,0.0,0.0,0.0
2,clab-nebula-serf12,10,5,14,5,9,0,0.3571,1.0,0.3571
2,clab-nebula-serf19,10,5,38,4,34,1,0.1053,0.8,0.1026
2,clab-nebula-serf80,10,14,101,14,87,0,0.1386,1.0,0.1386
2,clab-nebula-serf111,10,7,30,7,23,0,0.2333,1.0,0.2333
2,clab-nebula-serf109,10,8,30,8,22,0,0.2667,1.0,0.2667
2,clab-nebula-serf147,10,0,10,0,10,0,0.0,0.0,0.0
2,clab-nebula-serf4,10,2,67,1,66,1,0.0149,0.5,0.0147
2,clab-nebula-serf100,10,7,7,7,0,0,1.0,1.0,1.0
2,clab-nebula-serf75,10,7,30,7,23,0,0.2333,1.0,0.2333
2,clab-nebula-serf89,10,3,31,3,28,0,0.0968,1.0,0.0968
2,clab-nebula-serf101,10,7,7,7,0,0,1.0,1.0,1.0
2,clab-nebula-serf105,10,3,30,3,27,0,0.1,1.0,0.1
2,clab-nebula-serf65,10,0,5,0,5,0,0.0,0.0,0.0
2,clab-nebula-serf68,10,5,30,5,25,0,0.1667,1.0,0.1667
2,clab-nebula-serf94,10,17,101,17,84,0,0.1683,1.0,0.1683
2,clab-nebula-serf103,10,7,7,7,0,0,1.0,1.0,1.0
2,clab-nebula-serf117,10,0,0,0,0,0,1.0,1.0,1.0
2,clab-nebula-serf127,10,4,18,4,14,0,0.2222,1.0,0.2222
2,clab-nebula-serf129,10,0,30,0,30,0,0.0,0.0,0.0
2,clab-nebula-serf155,10,0,10,0,10,0,0.0,0.0,0.0
2,clab-nebula-serf3,10,2,46,1,45,1,0.0217,0.5,0.0213
2,clab-nebula-serf14,10,4,14,4,10,0,0.2857,1.0,0.2857
2,clab-nebula-serf142,10,0,0,0,0,0,1.0,1.0,1.0
2,clab-nebula-serf96,10,7,7,7,0,0,1.0,1.0,1.0
2,clab-nebula-serf116,10,0,0,0,0,0,1.0,1.0,1.0
2,clab-nebula-serf56,10,24,101,24,77,0,0.2376,1.0,0.2376
2,clab-nebula-serf59,10,26,101,25,76,1,0.2475,0.9615,0.2451
2,clab-nebula-serf70,10,19,101,19,82,0,0.1881,1.0,0.1881
2,clab-nebula-serf81,10,22,101,22,79,0,0.2178,1.0,0.2178
2,clab-nebula-serf95,10,10,101,10,91,0,0.099,1.0,0.099
2,clab-nebula-serf114,10,1,1,1,0,0,1.0,1.0,1.0
2,clab-nebula-serf9,10,8,14,8,6,0,0.5714,1.0,0.5714
2,clab-nebula-serf17,10,12,67,11,56,1,0.1642,0.9167,0.1618
2,clab-nebula-serf139,10,0,11,0,11,0,0.0,0.0,0.0
2,clab-nebula-serf52,10,12,101,12,89,0,0.1188,1.0,0.1188
2,clab-nebula-serf71,10,15,101,15,86,0,0.1485,1.0,0.1485
2,clab-nebula-serf26,10,19,48,18,30,1,0.375,0.9474,0.3673
2,clab-nebula-serf34,10,9,48,9,39,0,0.1875,1.0,0.1875
2,clab-nebula-serf126,10,3,18,3,15,0,0.1667,1.0,0.1667
2,clab-nebula-serf36,10,2,38,1,37,1,0.0263,0.5,0.0256
2,clab-nebula-serf82,10,0,5,0,5,0,0.0,0.0,0.0
2,clab-nebula-serf85,10,4,23,4,19,0,0.1739,1.0,0.1739
2,clab-nebula-serf97,10,7,7,7,0,0,1.0,1.0,1.0
2,clab-nebula-serf99,10,7,7,7,0,0,1.0,1.0,1.0
2,clab-nebula-serf124,10,3,7,2,5,1,0.2857,0.6667,0.25
2,clab-nebula-serf157,10,4,5,4,1,0,0.8,1.0,0.8
2,clab-nebula-serf159,10,4,5,4,1,0,0.8,1.0,0.8
2,clab-nebula-serf1,10,6,19,6,13,0,0.3158,1.0,0.3158
2,clab-nebula-serf33,10,20,101,20,81,0,0.198,1.0,0.198
2,clab-nebula-serf123,10,2,30,2,28,0,0.0667,1.0,0.0667
2,clab-nebula-serf135,10,0,11,0,11,0,0.0,0.0,0.0
2,clab-nebula-serf13,10,7,14,6,8,1,0.4286,0.8571,0.4
2,clab-nebula-serf47,10,12,26,11,15,1,0.4231,0.9167,0.4074
2,clab-nebula-serf84,10,0,23,0,23,0,0.0,0.0,0.0
2,clab-nebula-serf92,10,9,101,9,92,0,0.0891,1.0,0.0891
2,clab-nebula-serf106,10,2,30,2,28,0,0.0667,1.0,0.0667
2,clab-nebula-serf108,10,2,30,2,28,0,0.0667,1.0,0.0667
2,clab-nebula-serf119,10,2,1,1,0,1,1.0,0.5,0.5
2,clab-nebula-serf125,10,3,18,2,16,1,0.1111,0.6667,0.1053
2,clab-nebula-serf54,10,11,101,11,90,0,0.1089,1.0,0.1089
2,clab-nebula-serf57,10,13,101,13,88,0,0.1287,1.0,0.1287
2,clab-nebula-serf24,10,2,18,2,16,0,0.1111,1.0,0.1111
2,clab-nebula-serf42,10,0,5,0,5,0,0.0,0.0,0.0
2,clab-nebula-serf48,10,5,63,4,59,1,0.0635,0.8,0.0625
2,clab-nebula-serf2,10,1,68,1,67,0,0.0147,1.0,0.0147
2,clab-nebula-serf21,10,4,18,4,14,0,0.2222,1.0,0.2222
2,clab-nebula-serf67,10,5,30,5,25,0,0.1667,1.0,0.1667
2,clab-nebula-serf102,10,7,7,7,0,0,1.0,1.0,1.0
2,clab-nebula-serf110,10,0,5,0,5,0,0.0,0.0,0.0
2,clab-nebula-serf132,10,0,11,0,11,0,0.0,0.0,0.0
2,clab-nebula-serf134,10,0,11,0,11,0,0.0,0.0,0.0
2,clab-nebula-serf137,10,0,11,0,11,0,0.0,0.0,0.0
2,clab-nebula-serf10,10,9,14,9,5,0,0.6429,1.0,0.6429
2,clab-nebula-serf46,10,3,63,2,61,1,0.0317,0.6667,0.0312
2,clab-nebula-serf74,10,9,30,9,21,0,0.3,1.0,0.3
2,clab-nebula-serf76,10,25,101,25,76,0,0.2475,1.0,0.2475
2,clab-nebula-serf149,10,0,10,0,10,0,0.0,0.0,0.0
2,clab-nebula-serf20,10,4,18,4,14,0,0.2222,1.0,0.2222
2,clab-nebula-serf22,10,4,18,4,14,0,0.2222,1.0,0.2222
2,clab-nebula-serf160,10,4,5,4,1,0,0.8,1.0,0.8
2,clab-nebula-serf31,10,13,63,12,51,1,0.1905,0.9231,0.1875
2,clab-nebula-serf93,10,16,101,16,85,0,0.1584,1.0,0.1584
2,clab-nebula-serf122,10,0,5,0,5,0,0.0,0.0,0.0
2,clab-nebula-serf38,10,4,44,4,40,0,0.0909,1.0,0.0909
2,clab-nebula-serf55,10,9,101,9,92,0,0.0891,1.0,0.0891
2,clab-nebula-serf79,10,26,101,26,75,0,0.2574,1.0,0.2574
2,clab-nebula-serf113,10,1,1,1,0,0,1.0,1.0,1.0
2,clab-nebula-serf120,10,2,1,1,0,1,1.0,0.5,0.5
2,clab-nebula-serf128,10,2,30,2,28,0,0.0667,1.0,0.0667
2,clab-nebula-serf8,10,5,14,5,9,0,0.3571,1.0,0.3571
2,clab-nebula-serf27,10,3,65,2,63,1,0.0308,0.6667,0.0303
2,clab-nebula-serf78,10,9,30,9,21,0,0.3,1.0,0.3
2,clab-nebula-serf104,10,3,30,3,27,0,0.1,1.0,0.1
2,clab-nebula-serf133,10,0,11,0,11,0,0.0,0.0,0.0
2,clab-nebula-serf64,10,0,5,0,5,0,0.0,0.0,0.0
2,clab-nebula-serf73,10,25,101,25,76,0,0.2475,1.0,0.2475
2,clab-nebula-serf118,10,2,1,1,0,1,1.0,0.5,0.5
2,clab-nebula-serf5,10,3,4,2,2,1,0.5,0.6667,0.4
2,clab-nebula-serf87,10,3,29,3,26,0,0.1034,1.0,0.1034
2,clab-nebula-serf88,10,3,31,3,28,0,0.0968,1.0,0.0968
2,clab-nebula-serf153,10,0,10,0,10,0,0.0,0.0,0.0
2,clab-nebula-serf53,10,8,101,8,93,0,0.0792,1.0,0.0792
2,clab-nebula-serf69,10,14,101,14,87,0,0.1386,1.0,0.1386
2,clab-nebula-serf60,10,10,101,10,91,0,0.099,1.0,0.099
2,clab-nebula-serf145,10,0,3,0,3,0,0.0,0.0,0.0
2,clab-nebula-serf6,10,7,65,6,59,1,0.0923,0.8571,0.0909
2,clab-nebula-serf11,10,14,38,13,25,1,0.3421,0.9286,0.3333
2,clab-nebula-serf98,10,7,7,7,0,0,1.0,1.0,1.0
2,clab-nebula-serf138,10,0,11,0,11,0,0.0,0.0,0.0
2,clab-nebula-serf150,10,0,10,0,10,0,0.0,0.0,0.0
2,clab-nebula-serf18,10,5,63,5,58,0,0.0794,1.0,0.0794
2,clab-nebula-serf30,10,13,63,12,51,1,0.1905,0.9231,0.1875
2,clab-nebula-serf44,10,10,63,9,54,1,0.1429,0.9,0.1406
2,clab-nebula-serf131,10,0,11,0,11,0,0.0,0.0,0.0
2,clab-nebula-serf35,10,1,48,1,47,0,0.0208,1.0,0.0208
2,clab-nebula-serf40,10,1,23,1,22,0,0.0435,1.0,0.0435
2,clab-nebula-serf144,10,0,3,0,3,0,0.0,0.0,0.0
2,clab-nebula-serf152,10,1,18,1,17,0,0.0556,1.0,0.0556
2,clab-nebula-serf162,10,0,5,0,5,0,0.0,0.0,0.0
2,clab-nebula-serf41,10,0,23,0,23,0,0.0,0.0,0.0
2,clab-nebula-serf72,10,16,101,16,85,0,0.1584,1.0,0.1584
2,clab-nebula-serf141,10,0,11,0,11,0,0.0,0.0,0.0
2,clab-nebula-serf25,10,4,18,4,14,0,0.2222,1.0,0.2222
2,clab-nebula-serf50,10,8,63,7,56,1,0.1111,0.875,0.1094
2,clab-nebula-serf51,10,9,101,9,92,0,0.0891,1.0,0.0891
2,clab-nebula-serf66,10,4,30,4,26,0,0.1333,1.0,0.1333
2,clab-nebula-serf86,10,4,31,3,28,1,0.0968,0.75,0.0938
2,clab-nebula-serf90,10,9,101,9,92,0,0.0891,1.0,0.0891
2,clab-nebula-serf143,10,0,3,0,3,0,0.0,0.0,0.0
2,clab-nebula-serf7,10,9,65,8,57,1,0.1231,0.8889,0.1212
2,clab-nebula-serf37,10,8,48,8,40,0,0.1667,1.0,0.1667
2,clab-nebula-serf43,10,5,63,4,59,1,0.0635,0.8,0.0625
2,clab-nebula-serf58,10,19,101,18,83,1,0.1782,0.9474,0.1765
2,clab-nebula-serf61,10,20,101,20,81,0,0.198,1.0,0.198
2,clab-nebula-serf112,10,0,30,0,30,0,0.0,0.0,0.0
2,clab-nebula-serf15,10,14,66,13,53,1,0.197,0.9286,0.194
2,clab-nebula-serf16,10,17,64,16,48,1,0.25,0.9412,0.2462
2,clab-nebula-serf77,10,24,101,24,77,0,0.2376,1.0,0.2376
2,clab-nebula-serf121,10,1,30,1,29,0,0.0333,1.0,0.0333
2,clab-nebula-serf140,10,0,11,0,11,0,0.0,0.0,0.0
2,clab-nebula-serf148,10,0,10,0,10,0,0.0,0.0,0.0
2,clab-nebula-serf154,10,0,10,0,10,0,0.0,0.0,0.0
2,clab-nebula-serf156,10,0,10,0,10,0,0.0,0.0,0.0
2,clab-nebula-serf23,10,0,18,0,18,0,0.0,0.0,0.0
2,clab-nebula-serf39,10,15,101,15,86,0,0.1485,1.0,0.1485
2,clab-nebula-serf62,10,4,101,4,97,0,0.0396,1.0,0.0396
2,clab-nebula-serf107,10,2,30,2,28,0,0.0667,1.0,0.0667
2,clab-nebula-serf115,10,0,0,0,0,0,1.0,1.0,1.0
2,clab-nebula-serf151,10,0,10,0,10,0,0.0,0.0,0.0
2,clab-nebula-serf158,10,4,5,4,1,0,0.8,1.0,0.8
2,clab-nebula-serf28,10,1,20,1,19,0,0.05,1.0,0.05
2,clab-nebula-serf29,10,2,18,2,16,0,0.1111,1.0,0.1111
2,clab-nebula-serf130,15,0,11,0,11,0,0.0,0.0,0.0
2,clab-nebula-serf161,15,5,5,5,0,0,1.0,1.0,1.0
2,clab-nebula-serf32,15,32,68,30,38,2,0.4412,0.9375,0.4286
2,clab-nebula-serf63,15,6,101,6,95,0,0.0594,1.0,0.0594
2,clab-nebula-serf45,15,22,70,20,50,2,0.2857,0.9091,0.2778
2,clab-nebula-serf49,15,30,68,28,40,2,0.4118,0.9333,0.4
2,clab-nebula-serf83,15,14,158,14,144,0,0.0886,1.0,0.0886
2,clab-nebula-serf91,15,36,130,34,96,2,0.2615,0.9444,0.2576
2,clab-nebula-serf136,15,2,11,2,9,0,0.1818,1.0,0.1818
2,clab-nebula-serf146,15,1,3,1,2,0,0.3333,1.0,0.3333
2,clab-nebula-serf12,15,19,64,18,46,1,0.2812,0.9474,0.2769
2,clab-nebula-serf19,15,23,70,21,49,2,0.3,0.913,0.2917
2,clab-nebula-serf80,15,32,101,32,69,0,0.3168,1.0,0.3168
2,clab-nebula-serf111,15,17,40,16,24,1,0.4,0.9412,0.3902
2,clab-nebula-serf109,15,26,128,24,104,2,0.1875,0.9231,0.1846
2,clab-nebula-serf147,15,2,10,1,9,1,0.1,0.5,0.0909
2,clab-nebula-serf4,15,9,66,8,58,1,0.1212,0.8889,0.1194
2,clab-nebula-serf100,15,8,31,7,24,1,0.2258,0.875,0.2188
2,clab-nebula-serf75,15,26,101,26,75,0,0.2574,1.0,0.2574
2,clab-nebula-serf89,15,8,83,8,75,0,0.0964,1.0,0.0964
2,clab-nebula-serf101,15,7,7,7,0,0,1.0,1.0,1.0
2,clab-nebula-serf105,15,8,30,8,22,0,0.2667,1.0,0.2667
2,clab-nebula-serf65,15,0,5,0,5,0,0.0,0.0,0.0
2,clab-nebula-serf68,15,27,101,27,74,0,0.2673,1.0,0.2673
2,clab-nebula-serf94,15,36,130,34,96,2,0.2615,0.9444,0.2576
2,clab-nebula-serf103,15,8,31,7,24,1,0.2258,0.875,0.2188
2,clab-nebula-serf117,15,0,0,0,0,0,1.0,1.0,1.0
2,clab-nebula-serf127,15,13,143,12,131,1,0.0839,0.9231,0.0833
2,clab-nebula-serf129,15,2,30,2,28,0,0.0667,1.0,0.0667
2,clab-nebula-serf155,15,1,10,1,9,0,0.1,1.0,0.1
2,clab-nebula-serf3,15,7,40,6,34,1,0.15,0.8571,0.1463
2,clab-nebula-serf14,15,18,64,17,47,1,0.2656,0.9444,0.2615
2,clab-nebula-serf142,15,1,4,1,3,0,0.25,1.0,0.25
2,clab-nebula-serf96,15,7,7,7,0,0,1.0,1.0,1.0
2,clab-nebula-serf116,15,0,0,0,0,0,1.0,1.0,1.0
2,clab-nebula-serf56,15,64,101,64,37,0,0.6337,1.0,0.6337
2,clab-nebula-serf59,15,63,126,62,64,1,0.4921,0.9841,0.4882
2,clab-nebula-serf70,15,36,101,35,66,1,0.3465,0.9722,0.3431
2,clab-nebula-serf81,15,39,101,38,63,1,0.3762,0.9744,0.3725
2,clab-nebula-serf95,15,30,128,28,100,2,0.2188,0.9333,0.2154
2,clab-nebula-serf114,15,2,1,1,0,1,1.0,0.5,0.5
2,clab-nebula-serf9,15,17,68,16,52,1,0.2353,0.9412,0.2319
2,clab-nebula-serf17,15,30,101,30,71,0,0.297,1.0,0.297
2,clab-nebula-serf139,15,5,59,4,55,1,0.0678,0.8,0.0667
2,clab-nebula-serf52,15,38,101,38,63,0,0.3762,1.0,0.3762
2,clab-nebula-serf71,15,33,101,32,69,1,0.3168,0.9697,0.3137
2,clab-nebula-serf26,15,31,68,29,39,2,0.4265,0.9355,0.4143
2,clab-nebula-serf34,15,27,69,25,44,2,0.3623,0.9259,0.3521
2,clab-nebula-serf126,15,15,155,15,140,0,0.0968,1.0,0.0968
2,clab-nebula-serf36,15,17,101,17,84,0,0.1683,1.0,0.1683
2,clab-nebula-serf82,15,0,5,0,5,0,0.0,0.0,0.0
2,clab-nebula-serf85,15,19,158,19,139,0,0.1203,1.0,0.1203
2,clab-nebula-serf97,15,7,7,7,0,0,1.0,1.0,1.0
2,clab-nebula-serf99,15,7,7,7,0,0,1.0,1.0,1.0
2,clab-nebula-serf124,15,8,57,8,49,0,0.1404,1.0,0.1404
2,clab-nebula-serf157,15,5,5,5,0,0,1.0,1.0,1.0
2,clab-nebula-serf159,15,5,5,5,0,0,1.0,1.0,1.0
2,clab-nebula-serf1,15,12,43,11,32,1,0.2558,0.9167,0.25
2,clab-nebula-serf33,15,53,101,53,48,0,0.5248,1.0,0.5248
2,clab-nebula-serf123,15,11,40,10,30,1,0.25,0.9091,0.2439
2,clab-nebula-serf135,15,1,11,1,10,0,0.0909,1.0,0.0909
2,clab-nebula-serf13,15,24,70,22,48,2,0.3143,0.9167,0.3056
2,clab-nebula-serf47,15,25,70,23,47,2,0.3286,0.92,0.3194
2,clab-nebula-serf84,15,4,23,4,19,0,0.1739,1.0,0.1739
2,clab-nebula-serf92,15,30,128,28,100,2,0.2188,0.9333,0.2154
2,clab-nebula-serf106,15,4,30,4,26,0,0.1333,1.0,0.1333
2,clab-nebula-serf108,15,7,30,7,23,0,0.2333,1.0,0.2333
2,clab-nebula-serf119,15,2,1,1,0,1,1.0,0.5,0.5
2,clab-nebula-serf125,15,12,143,11,132,1,0.0769,0.9167,0.0764
2,clab-nebula-serf54,15,35,101,35,66,0,0.3465,1.0,0.3465
2,clab-nebula-serf57,15,57,101,57,44,0,0.5644,1.0,0.5644
2,clab-nebula-serf24,15,5,18,5,13,0,0.2778,1.0,0.2778
2,clab-nebula-serf42,15,2,24,1,23,1,0.0417,0.5,0.04
2,clab-nebula-serf48,15,21,101,21,80,0,0.2079,1.0,0.2079
2,clab-nebula-serf2,15,5,67,4,63,1,0.0597,0.8,0.0588
2,clab-nebula-serf21,15,16,63,15,48,1,0.2381,0.9375,0.2344
2,clab-nebula-serf67,15,26,101,26,75,0,0.2574,1.0,0.2574
2,clab-nebula-serf102,15,7,7,7,0,0,1.0,1.0,1.0
2,clab-nebula-serf110,15,2,57,2,55,0,0.0351,1.0,0.0351
2,clab-nebula-serf132,15,11,144,10,134,1,0.0694,0.9091,0.069
2,clab-nebula-serf134,15,1,11,1,10,0,0.0909,1.0,0.0909
2,clab-nebula-serf137,15,2,11,2,9,0,0.1818,1.0,0.1818
2,clab-nebula-serf10,15,20,68,19,49,1,0.2794,0.95,0.2754
2,clab-nebula-serf46,15,11,63,10,53,1,0.1587,0.9091,0.1562
2,clab-nebula-serf74,15,26,101,26,75,0,0.2574,1.0,0.2574
2,clab-nebula-serf76,15,38,101,37,64,1,0.3663,0.9737,0.3627
2,clab-nebula-serf149,15,1,10,1,9,0,0.1,1.0,0.1
2,clab-nebula-serf20,15,15,63,14,49,1,0.2222,0.9333,0.2188
2,clab-nebula-serf22,15,10,24,9,15,1,0.375,0.9,0.36
2,clab-nebula-serf160,15,5,5,5,0,0,1.0,1.0,1.0
2,clab-nebula-serf31,15,28,68,26,42,2,0.3824,0.9286,0.3714
2,clab-nebula-serf93,15,37,130,35,95,2,0.2692,0.9459,0.2652
2,clab-nebula-serf122,15,8,57,8,49,0,0.1404,1.0,0.1404
2,clab-nebula-serf38,15,24,70,22,48,2,0.3143,0.9167,0.3056
2,clab-nebula-serf55,15,23,101,23,78,0,0.2277,1.0,0.2277
2,clab-nebula-serf79,15,41,101,40,61,1,0.396,0.9756,0.3922
2,clab-nebula-serf113,15,3,32,3,29,0,0.0938,1.0,0.0938
2,clab-nebula-serf120,15,2,1,1,0,1,1.0,0.5,0.5
2,clab-nebula-serf128,15,6,30,6,24,0,0.2,1.0,0.2
2,clab-nebula-serf8,15,13,64,12,52,1,0.1875,0.9231,0.1846
2,clab-nebula-serf27,15,7,64,6,58,1,0.0938,0.8571,0.0923
2,clab-nebula-serf78,15,27,101,27,74,0,0.2673,1.0,0.2673
2,clab-nebula-serf104,15,8,30,8,22,0,0.2667,1.0,0.2667
2,clab-nebula-serf133,15,1,11,1,10,0,0.0909,1.0,0.0909
2,clab-nebula-serf64,15,0,5,0,5,0,0.0,0.0,0.0
2,clab-nebula-serf73,15,39,101,38,63,1,0.3762,0.9744,0.3725
2,clab-nebula-serf118,15,2,1,1,0,1,1.0,0.5,0.5
2,clab-nebula-serf5,15,7,19,7,12,0,0.3684,1.0,0.3684
2,clab-nebula-serf87,15,11,80,11,69,0,0.1375,1.0,0.1375
2,clab-nebula-serf88,15,8,83,8,75,0,0.0964,1.0,0.0964
2,clab-nebula-serf153,15,1,10,1,9,0,0.1,1.0,0.1
2,clab-nebula-serf53,15,25,101,25,76,0,0.2475,1.0,0.2475
2,clab-nebula-serf69,15,31,101,30,71,1,0.297,0.9677,0.2941
2,clab-nebula-serf60,15,42,101,42,59,0,0.4158,1.0,0.4158
2,clab-nebula-serf145,15,1,3,1,2,0,0.3333,1.0,0.3333
2,clab-nebula-serf6,15,18,66,17,49,1,0.2576,0.9444,0.2537
2,clab-nebula-serf11,15,26,70,24,46,2,0.3429,0.9231,0.3333
2,clab-nebula-serf98,15,7,7,7,0,0,1.0,1.0,1.0
2,clab-nebula-serf138,15,1,11,1,10,0,0.0909,1.0,0.0909
2,clab-nebula-serf150,15,1,10,1,9,0,0.1,1.0,0.1
2,clab-nebula-serf18,15,20,68,19,49,1,0.2794,0.95,0.2754
2,clab-nebula-serf30,15,28,68,26,42,2,0.3824,0.9286,0.3714
2,clab-nebula-serf44,15,23,70,21,49,2,0.3,0.913,0.2917
2,clab-nebula-serf131,15,3,101,2,99,1,0.0198,0.6667,0.0196
2,clab-nebula-serf35,15,7,48,7,41,0,0.1458,1.0,0.1458
2,clab-nebula-serf40,15,11,101,11,90,0,0.1089,1.0,0.1089
2,clab-nebula-serf144,15,7,144,6,138,1,0.0417,0.8571,0.0414
2,clab-nebula-serf152,15,11,18,11,7,0,0.6111,1.0,0.6111
2,clab-nebula-serf162,15,5,5,5,0,0,1.0,1.0,1.0
2,clab-nebula-serf41,15,1,23,1,22,0,0.0435,1.0,0.0435
2,clab-nebula-serf72,15,31,101,30,71,1,0.297,0.9677,0.2941
2,clab-nebula-serf141,15,0,11,0,11,0,0.0,0.0,0.0
2,clab-nebula-serf25,15,12,63,11,52,1,0.1746,0.9167,0.1719
2,clab-nebula-serf50,15,23,70,21,49,2,0.3,0.913,0.2917
2,clab-nebula-serf51,15,24,101,24,77,0,0.2376,1.0,0.2376
2,clab-nebula-serf66,15,27,101,27,74,0,0.2673,1.0,0.2673
2,clab-nebula-serf86,15,11,80,11,69,0,0.1375,1.0,0.1375
2,clab-nebula-serf90,15,30,128,28,100,2,0.2188,0.9333,0.2154
2,clab-nebula-serf143,15,1,3,1,2,0,0.3333,1.0,0.3333
2,clab-nebula-serf7,15,19,66,18,48,1,0.2727,0.9474,0.2687
2,clab-nebula-serf37,15,29,68,27,41,2,0.3971,0.931,0.3857
2,clab-nebula-serf43,15,13,63,12,51,1,0.1905,0.9231,0.1875
2,clab-nebula-serf58,15,57,126,56,70,1,0.4444,0.9825,0.4409
2,clab-nebula-serf61,15,61,101,61,40,0,0.604,1.0,0.604
2,clab-nebula-serf112,15,0,30,0,30,0,0.0,0.0,0.0
2,clab-nebula-serf15,15,32,101,32,69,0,0.3168,1.0,0.3168
2,clab-nebula-serf16,15,33,101,33,68,0,0.3267,1.0,0.3267
2,clab-nebula-serf77,15,38,101,37,64,1,0.3663,0.9737,0.3627
2,clab-nebula-serf121,15,8,40,7,33,1,0.175,0.875,0.1707
2,clab-nebula-serf140,15,0,11,0,11,0,0.0,0.0,0.0
2,clab-nebula-serf148,15,0,10,0,10,0,0.0,0.0,0.0
2,clab-nebula-serf154,15,1,10,1,9,0,0.1,1.0,0.1
2,clab-nebula-serf156,15,4,18,4,14,0,0.2222,1.0,0.2222
2,clab-nebula-serf23,15,4,18,4,14,0,0.2222,1.0,0.2222
2,clab-nebula-serf39,15,53,101,53,48,0,0.5248,1.0,0.5248
2,clab-nebula-serf62,15,13,101,13,88,0,0.1287,1.0,0.1287
2,clab-nebula-serf107,15,6,30,6,24,0,0.2,1.0,0.2
2,clab-nebula-serf115,15,0,0,0,0,0,1.0,1.0,1.0
2,clab-nebula-serf151,15,1,10,1,9,0,0.1,1.0,0.1
2,clab-nebula-serf158,15,5,5,5,0,0,1.0,1.0,1.0
2,clab-nebula-serf28,15,2,20,2,18,0,0.1,1.0,0.1
2,clab-nebula-serf29,15,6,18,6,12,0,0.3333,1.0,0.3333
2,clab-nebula-serf130,20,13,144,12,132,1,0.0833,0.9231,0.0828
2,clab-nebula-serf161,20,10,128,9,119,1,0.0703,0.9,0.0698
2,clab-nebula-serf32,20,59,101,59,42,0,0.5842,1.0,0.5842
2,clab-nebula-serf63,20,32,107,31,76,1,0.2897,0.9688,0.287
2,clab-nebula-serf45,20,40,101,39,62,1,0.3861,0.975,0.3824
2,clab-nebula-serf49,20,67,101,65,36,2,0.6436,0.9701,0.6311
2,clab-nebula-serf83,20,33,138,31,107,2,0.2246,0.9394,0.2214
2,clab-nebula-serf91,20,56,130,54,76,2,0.4154,0.9643,0.4091
2,clab-nebula-serf136,20,14,144,13,131,1,0.0903,0.9286,0.0897
2,clab-nebula-serf146,20,5,144,4,140,1,0.0278,0.8,0.0276
2,clab-nebula-serf12,20,38,101,38,63,0,0.3762,1.0,0.3762
2,clab-nebula-serf19,20,44,101,44,57,0,0.4356,1.0,0.4356
2,clab-nebula-serf80,20,55,126,52,74,3,0.4127,0.9455,0.4031
2,clab-nebula-serf111,20,47,138,47,91,0,0.3406,1.0,0.3406
2,clab-nebula-serf109,20,58,138,58,80,0,0.4203,1.0,0.4203
2,clab-nebula-serf147,20,12,18,12,6,0,0.6667,1.0,0.6667
2,clab-nebula-serf4,20,16,66,15,51,1,0.2273,0.9375,0.2239
2,clab-nebula-serf100,20,14,136,14,122,0,0.1029,1.0,0.1029
2,clab-nebula-serf75,20,41,101,40,61,1,0.396,0.9756,0.3922
2,clab-nebula-serf89,20,18,134,18,116,0,0.1343,1.0,0.1343
2,clab-nebula-serf101,20,10,134,9,125,1,0.0672,0.9,0.0667
2,clab-nebula-serf105,20,25,128,23,105,2,0.1797,0.92,0.1769
2,clab-nebula-serf65,20,23,126,22,104,1,0.1746,0.9565,0.1732
2,clab-nebula-serf68,20,42,101,41,60,1,0.4059,0.9762,0.402
2,clab-nebula-serf94,20,57,130,55,75,2,0.4231,0.9649,0.4167
2,clab-nebula-serf103,20,16,144,16,128,0,0.1111,1.0,0.1111
2,clab-nebula-serf117,20,0,0,0,0,0,1.0,1.0,1.0
2,clab-nebula-serf127,20,46,155,46,109,0,0.2968,1.0,0.2968
2,clab-nebula-serf129,20,7,30,7,23,0,0.2333,1.0,0.2333
2,clab-nebula-serf155,20,11,18,11,7,0,0.6111,1.0,0.6111
2,clab-nebula-serf3,20,13,46,12,34,1,0.2609,0.9231,0.2553
2,clab-nebula-serf14,20,35,101,35,66,0,0.3465,1.0,0.3465
2,clab-nebula-serf142,20,1,4,1,3,0,0.25,1.0,0.25
2,clab-nebula-serf96,20,9,134,9,125,0,0.0672,1.0,0.0672
2,clab-nebula-serf116,20,0,0,0,0,0,1.0,1.0,1.0
2,clab-nebula-serf56,20,83,101,79,22,4,0.7822,0.9518,0.7524
2,clab-nebula-serf59,20,83,126,80,46,3,0.6349,0.9639,0.6202
2,clab-nebula-serf70,20,66,128,62,66,4,0.4844,0.9394,0.4697
2,clab-nebula-serf81,20,68,126,64,62,4,0.5079,0.9412,0.4923
2,clab-nebula-serf95,20,50,130,48,82,2,0.3692,0.96,0.3636
2,clab-nebula-serf114,20,17,138,17,121,0,0.1232,1.0,0.1232
2,clab-nebula-serf9,20,36,101,36,65,0,0.3564,1.0,0.3564
2,clab-nebula-serf17,20,66,101,66,35,0,0.6535,1.0,0.6535
2,clab-nebula-serf139,20,14,144,13,131,1,0.0903,0.9286,0.0897
2,clab-nebula-serf52,20,69,101,69,32,0,0.6832,1.0,0.6832
2,clab-nebula-serf71,20,57,130,55,75,2,0.4231,0.9649,0.4167
2,clab-nebula-serf26,20,58,101,58,43,0,0.5743,1.0,0.5743
2,clab-nebula-serf34,20,67,101,67,34,0,0.6634,1.0,0.6634
2,clab-nebula-serf126,20,47,155,47,108,0,0.3032,1.0,0.3032
2,clab-nebula-serf36,20,53,101,53,48,0,0.5248,1.0,0.5248
2,clab-nebula-serf82,20,0,5,0,5,0,0.0,0.0,0.0
2,clab-nebula-serf85,20,35,130,33,97,2,0.2538,0.9429,0.25
2,clab-nebula-serf97,20,9,134,9,125,0,0.0672,1.0,0.0672
2,clab-nebula-serf99,20,11,136,11,125,0,0.0809,1.0,0.0809
2,clab-nebula-serf124,20,15,128,14,114,1,0.1094,0.9333,0.1085
2,clab-nebula-serf157,20,9,128,8,120,1,0.0625,0.8889,0.062
2,clab-nebula-serf159,20,9,128,8,120,1,0.0625,0.8889,0.062
2,clab-nebula-serf1,20,19,43,18,25,1,0.4186,0.9474,0.4091
2,clab-nebula-serf33,20,78,101,77,24,1,0.7624,0.9872,0.7549
2,clab-nebula-serf123,20,16,40,15,25,1,0.375,0.9375,0.3659
2,clab-nebula-serf135,20,14,144,13,131,1,0.0903,0.9286,0.0897
2,clab-nebula-serf13,20,50,101,50,51,0,0.495,1.0,0.495
2,clab-nebula-serf47,20,51,101,50,51,1,0.495,0.9804,0.4902
2,clab-nebula-serf84,20,18,158,18,140,0,0.1139,1.0,0.1139
2,clab-nebula-serf92,20,47,130,45,85,2,0.3462,0.9574,0.3409
2,clab-nebula-serf106,20,8,30,8,22,0,0.2667,1.0,0.2667
2,clab-nebula-serf108,20,16,40,15,25,1,0.375,0.9375,0.3659
2,clab-nebula-serf119,20,2,1,1,0,1,1.0,0.5,0.5
2,clab-nebula-serf125,20,45,155,45,110,0,0.2903,1.0,0.2903
2,clab-nebula-serf54,20,66,101,66,35,0,0.6535,1.0,0.6535
2,clab-nebula-serf57,20,76,101,74,27,2,0.7327,0.9737,0.7184
2,clab-nebula-serf24,20,17,63,16,47,1,0.254,0.9412,0.25
2,clab-nebula-serf42,20,15,101,15,86,0,0.1485,1.0,0.1485
2,clab-nebula-serf48,20,37,101,37,64,0,0.3663,1.0,0.3663
2,clab-nebula-serf2,20,10,66,9,57,1,0.1364,0.9,0.1343
2,clab-nebula-serf21,20,32,68,30,38,2,0.4412,0.9375,0.4286
2,clab-nebula-serf67,20,41,101,40,61,1,0.396,0.9756,0.3922
2,clab-nebula-serf102,20,10,134,9,125,1,0.0672,0.9,0.0667
2,clab-nebula-serf110,20,7,57,7,50,0,0.1228,1.0,0.1228
2,clab-nebula-serf132,20,14,144,13,131,1,0.0903,0.9286,0.0897
2,clab-nebula-serf134,20,14,144,13,131,1,0.0903,0.9286,0.0897
2,clab-nebula-serf137,20,14,144,13,131,1,0.0903,0.9286,0.0897
2,clab-nebula-serf10,20,40,101,40,61,0,0.396,1.0,0.396
2,clab-nebula-serf46,20,26,70,24,46,2,0.3429,0.9231,0.3333
2,clab-nebula-serf74,20,45,107,44,63,1,0.4112,0.9778,0.4074
2,clab-nebula-serf76,20,68,128,64,64,4,0.5,0.9412,0.4848
2,clab-nebula-serf149,20,11,18,11,7,0,0.6111,1.0,0.6111
2,clab-nebula-serf20,20,26,70,24,46,2,0.3429,0.9231,0.3333
2,clab-nebula-serf22,20,23,48,22,26,1,0.4583,0.9565,0.449
2,clab-nebula-serf160,20,10,128,9,119,1,0.0703,0.9,0.0698
2,clab-nebula-serf31,20,45,70,42,28,3,0.6,0.9333,0.5753
2,clab-nebula-serf93,20,59,130,57,73,2,0.4385,0.9661,0.4318
2,clab-nebula-serf122,20,15,57,15,42,0,0.2632,1.0,0.2632
2,clab-nebula-serf38,20,56,101,56,45,0,0.5545,1.0,0.5545
2,clab-nebula-serf55,20,64,101,64,37,0,0.6337,1.0,0.6337
2,clab-nebula-serf79,20,76,128,72,56,4,0.5625,0.9474,0.5455
2,clab-nebula-serf113,20,19,138,19,119,0,0.1377,1.0,0.1377
2,clab-nebula-serf120,20,2,1,1,0,1,1.0,0.5,0.5
2,clab-nebula-serf128,20,20,138,20,118,0,0.1449,1.0,0.1449
2,clab-nebula-serf8,20,23,67,21,46,2,0.3134,0.913,0.3043
2,clab-nebula-serf27,20,13,64,12,52,1,0.1875,0.9231,0.1846
2,clab-nebula-serf78,20,48,107,47,60,1,0.4393,0.9792,0.4352
2,clab-nebula-serf104,20,25,128,23,105,2,0.1797,0.92,0.1769
2,clab-nebula-serf133,20,14,144,13,131,1,0.0903,0.9286,0.0897
2,clab-nebula-serf64,20,7,101,6,95,1,0.0594,0.8571,0.0588
2,clab-nebula-serf73,20,69,128,65,63,4,0.5078,0.942,0.4924
2,clab-nebula-serf118,20,2,1,1,0,1,1.0,0.5,0.5
2,clab-nebula-serf5,20,14,43,13,30,1,0.3023,0.9286,0.2955
2,clab-nebula-serf87,20,24,133,24,109,0,0.1805,1.0,0.1805
2,clab-nebula-serf88,20,19,134,19,115,0,0.1418,1.0,0.1418
2,clab-nebula-serf153,20,9,18,9,9,0,0.5,1.0,0.5
2,clab-nebula-serf53,20,64,101,64,37,0,0.6337,1.0,0.6337
2,clab-nebula-serf69,20,54,107,51,56,3,0.4766,0.9444,0.4636
2,clab-nebula-serf60,20,70,101,69,32,1,0.6832,0.9857,0.6765
2,clab-nebula-serf145,20,5,144,4,140,1,0.0278,0.8,0.0276
2,clab-nebula-serf6,20,32,101,32,69,0,0.3168,1.0,0.3168
2,clab-nebula-serf11,20,57,101,57,44,0,0.5644,1.0,0.5644
2,clab-nebula-serf98,20,8,31,7,24,1,0.2258,0.875,0.2188
2,clab-nebula-serf138,20,14,144,13,131,1,0.0903,0.9286,0.0897
2,clab-nebula-serf150,20,9,18,9,9,0,0.5,1.0,0.5
2,clab-nebula-serf18,20,47,101,47,54,0,0.4653,1.0,0.4653
2,clab-nebula-serf30,20,45,70,42,28,3,0.6,0.9333,0.5753
2,clab-nebula-serf44,20,47,101,46,55,1,0.4554,0.9787,0.451
2,clab-nebula-serf131,20,14,144,13,131,1,0.0903,0.9286,0.0897
2,clab-nebula-serf35,20,26,70,24,46,2,0.3429,0.9231,0.3333
2,clab-nebula-serf40,20,35,101,35,66,0,0.3465,1.0,0.3465
2,clab-nebula-serf144,20,12,161,12,149,0,0.0745,1.0,0.0745
2,clab-nebula-serf152,20,14,18,14,4,0,0.7778,1.0,0.7778
2,clab-nebula-serf162,20,5,5,5,0,0,1.0,1.0,1.0
2,clab-nebula-serf41,20,14,101,14,87,0,0.1386,1.0,0.1386
2,clab-nebula-serf72,20,54,107,51,56,3,0.4766,0.9444,0.4636
2,clab-nebula-serf141,20,14,144,13,131,1,0.0903,0.9286,0.0897
2,clab-nebula-serf25,20,28,68,26,42,2,0.3824,0.9286,0.3714
2,clab-nebula-serf50,20,41,101,40,61,1,0.396,0.9756,0.3922
2,clab-nebula-serf51,20,64,101,64,37,0,0.6337,1.0,0.6337
2,clab-nebula-serf66,20,44,101,43,58,1,0.4257,0.9773,0.4216
2,clab-nebula-serf86,20,29,133,29,104,0,0.218,1.0,0.218
2,clab-nebula-serf90,20,49,130,47,83,2,0.3615,0.9592,0.3561
2,clab-nebula-serf143,20,2,103,1,102,1,0.0097,0.5,0.0096
2,clab-nebula-serf7,20,33,101,33,68,0,0.3267,1.0,0.3267
2,clab-nebula-serf37,20,65,101,65,36,0,0.6436,1.0,0.6436
2,clab-nebula-serf43,20,27,69,25,44,2,0.3623,0.9259,0.3521
2,clab-nebula-serf58,20,79,126,77,49,2,0.6111,0.9747,0.6016
2,clab-nebula-serf61,20,79,101,76,25,3,0.7525,0.962,0.7308
2,clab-nebula-serf112,20,0,30,0,30,0,0.0,0.0,0.0
2,clab-nebula-serf15,20,68,101,68,33,0,0.6733,1.0,0.6733
2,clab-nebula-serf16,20,69,101,69,32,0,0.6832,1.0,0.6832
2,clab-nebula-serf77,20,67,128,63,65,4,0.4922,0.9403,0.4773
2,clab-nebula-serf121,20,15,40,14,26,1,0.35,0.9333,0.3415
2,clab-nebula-serf140,20,13,144,12,132,1,0.0833,0.9231,0.0828
2,clab-nebula-serf148,20,6,18,6,12,0,0.3333,1.0,0.3333
2,clab-nebula-serf154,20,9,18,9,9,0,0.5,1.0,0.5
2,clab-nebula-serf156,20,12,18,12,6,0,0.6667,1.0,0.6667
2,clab-nebula-serf23,20,11,24,10,14,1,0.4167,0.9091,0.4
2,clab-nebula-serf39,20,81,101,79,22,2,0.7822,0.9753,0.767
2,clab-nebula-serf62,20,48,101,48,53,0,0.4752,1.0,0.4752
2,clab-nebula-serf107,20,15,40,14,26,1,0.35,0.9333,0.3415
2,clab-nebula-serf115,20,0,0,0,0,0,1.0,1.0,1.0
2,clab-nebula-serf151,20,11,18,11,7,0,0.6111,1.0,0.6111
2,clab-nebula-serf158,20,8,18,8,10,0,0.4444,1.0,0.4444
2,clab-nebula-serf28,20,4,20,4,16,0,0.2,1.0,0.2
2,clab-nebula-serf29,20,14,64,13,51,1,0.2031,0.9286,0.2
2,clab-nebula-serf130,25,14,144,13,131,1,0.0903,0.9286,0.0897
2,clab-nebula-serf161,25,22,155,22,133,0,0.1419,1.0,0.1419
2,clab-nebula-serf32,25,88,109,84,25,4,0.7706,0.9545,0.7434
2,clab-nebula-serf63,25,64,126,63,63,1,0.5,0.9844,0.4961
2,clab-nebula-serf45,25,80,101,78,23,2,0.7723,0.975,0.7573
2,clab-nebula-serf49,25,84,101,82,19,2,0.8119,0.9762,0.7961
2,clab-nebula-serf83,25,50,130,48,82,2,0.3692,0.96,0.3636
2,clab-nebula-serf91,25,81,109,77,32,4,0.7064,0.9506,0.6814
2,clab-nebula-serf136,25,18,161,18,143,0,0.1118,1.0,0.1118
2,clab-nebula-serf146,25,8,155,7,148,1,0.0452,0.875,0.0449
2,clab-nebula-serf12,25,71,101,71,30,0,0.703,1.0,0.703
2,clab-nebula-serf19,25,73,101,73,28,0,0.7228,1.0,0.7228
2,clab-nebula-serf80,25,84,126,79,47,5,0.627,0.9405,0.6031
2,clab-nebula-serf111,25,73,138,72,66,1,0.5217,0.9863,0.518
2,clab-nebula-serf109,25,87,138,86,52,1,0.6232,0.9885,0.6187
2,clab-nebula-serf147,25,14,18,14,4,0,0.7778,1.0,0.7778
2,clab-nebula-serf4,25,23,67,21,46,2,0.3134,0.913,0.3043
2,clab-nebula-serf100,25,25,144,24,120,1,0.1667,0.96,0.1655
2,clab-nebula-serf75,25,76,128,72,56,4,0.5625,0.9474,0.5455
2,clab-nebula-serf89,25,41,134,41,93,0,0.306,1.0,0.306
2,clab-nebula-serf101,25,22,144,21,123,1,0.1458,0.9545,0.1448
2,clab-nebula-serf105,25,54,138,54,84,0,0.3913,1.0,0.3913
2,clab-nebula-serf65,25,62,126,60,66,2,0.4762,0.9677,0.4688
2,clab-nebula-serf68,25,79,128,75,53,4,0.5859,0.9494,0.5682
2,clab-nebula-serf94,25,81,109,77,32,4,0.7064,0.9506,0.6814
2,clab-nebula-serf103,25,27,144,26,118,1,0.1806,0.963,0.1793
2,clab-nebula-serf117,25,1,32,1,31,0,0.0312,1.0,0.0312
2,clab-nebula-serf127,25,60,155,60,95,0,0.3871,1.0,0.3871
2,clab-nebula-serf129,25,17,138,17,121,0,0.1232,1.0,0.1232
2,clab-nebula-serf155,25,14,18,14,4,0,0.7778,1.0,0.7778
2,clab-nebula-serf3,25,22,66,21,45,1,0.3182,0.9545,0.3134
2,clab-nebula-serf14,25,70,101,70,31,0,0.6931,1.0,0.6931
2,clab-nebula-serf142,25,7,144,6,138,1,0.0417,0.8571,0.0414
2,clab-nebula-serf96,25,20,144,19,125,1,0.1319,0.95,0.131
2,clab-nebula-serf116,25,0,0,0,0,0,1.0,1.0,1.0
2,clab-nebula-serf56,25,97,109,93,16,4,0.8532,0.9588,0.823
2,clab-nebula-serf59,25,99,128,94,34,5,0.7344,0.9495,0.7068
2,clab-nebula-serf70,25,87,126,82,44,5,0.6508,0.9425,0.626
2,clab-nebula-serf81,25,90,128,85,43,5,0.6641,0.9444,0.6391
2,clab-nebula-serf95,25,80,128,76,52,4,0.5938,0.95,0.5758
2,clab-nebula-serf114,25,25,138,25,113,0,0.1812,1.0,0.1812
2,clab-nebula-serf9,25,71,101,69,32,2,0.6832,0.9718,0.6699
2,clab-nebula-serf17,25,85,101,82,19,3,0.8119,0.9647,0.7885
2,clab-nebula-serf139,25,21,161,21,140,0,0.1304,1.0,0.1304
2,clab-nebula-serf52,25,88,109,84,25,4,0.7706,0.9545,0.7434
2,clab-nebula-serf71,25,83,126,78,48,5,0.619,0.9398,0.5954
2,clab-nebula-serf26,25,87,109,83,26,4,0.7615,0.954,0.7345
2,clab-nebula-serf34,25,85,101,81,20,4,0.802,0.9529,0.7714
2,clab-nebula-serf126,25,59,155,59,96,0,0.3806,1.0,0.3806
2,clab-nebula-serf36,25,79,101,76,25,3,0.7525,0.962,0.7308
2,clab-nebula-serf82,25,0,5,0,5,0,0.0,0.0,0.0
2,clab-nebula-serf85,25,57,130,55,75,2,0.4231,0.9649,0.4167
2,clab-nebula-serf97,25,17,144,16,128,1,0.1111,0.9412,0.1103
2,clab-nebula-serf99,25,24,144,23,121,1,0.1597,0.9583,0.1586
2,clab-nebula-serf124,25,29,155,29,126,0,0.1871,1.0,0.1871
2,clab-nebula-serf157,25,16,155,16,139,0,0.1032,1.0,0.1032
2,clab-nebula-serf159,25,16,155,16,139,0,0.1032,1.0,0.1032
2,clab-nebula-serf1,25,37,101,37,64,0,0.3663,1.0,0.3663
2,clab-nebula-serf33,25,90,109,86,23,4,0.789,0.9556,0.7611
2,clab-nebula-serf123,25,42,138,42,96,0,0.3043,1.0,0.3043
2,clab-nebula-serf135,25,15,155,14,141,1,0.0903,0.9333,0.0897
2,clab-nebula-serf13,25,76,101,76,25,0,0.7525,1.0,0.7525
2,clab-nebula-serf47,25,82,101,80,21,2,0.7921,0.9756,0.7767
2,clab-nebula-serf84,25,35,130,33,97,2,0.2538,0.9429,0.25
2,clab-nebula-serf92,25,77,128,73,55,4,0.5703,0.9481,0.553
2,clab-nebula-serf106,25,27,138,27,111,0,0.1957,1.0,0.1957
2,clab-nebula-serf108,25,46,138,46,92,0,0.3333,1.0,0.3333
2,clab-nebula-serf119,25,3,4,2,2,1,0.5,0.6667,0.4
2,clab-nebula-serf125,25,58,155,58,97,0,0.3742,1.0,0.3742
2,clab-nebula-serf54,25,83,101,79,22,4,0.7822,0.9518,0.7524
2,clab-nebula-serf57,25,90,109,86,23,4,0.789,0.9556,0.7611
2,clab-nebula-serf24,25,29,68,27,41,2,0.3971,0.931,0.3857
2,clab-nebula-serf42,25,38,101,38,63,0,0.3762,1.0,0.3762
2,clab-nebula-serf48,25,79,101,77,24,2,0.7624,0.9747,0.7476
2,clab-nebula-serf2,25,19,66,18,48,1,0.2727,0.9474,0.2687
2,clab-nebula-serf21,25,56,101,56,45,0,0.5545,1.0,0.5545
2,clab-nebula-serf67,25,76,128,72,56,4,0.5625,0.9474,0.5455
2,clab-nebula-serf102,25,21,144,20,124,1,0.1389,0.9524,0.1379
2,clab-nebula-serf110,25,15,57,15,42,0,0.2632,1.0,0.2632
2,clab-nebula-serf132,25,23,161,23,138,0,0.1429,1.0,0.1429
2,clab-nebula-serf134,25,16,155,15,140,1,0.0968,0.9375,0.0962
2,clab-nebula-serf137,25,20,161,20,141,0,0.1242,1.0,0.1242
2,clab-nebula-serf10,25,71,101,71,30,0,0.703,1.0,0.703
2,clab-nebula-serf46,25,54,101,53,48,1,0.5248,0.9815,0.5196
2,clab-nebula-serf74,25,82,126,77,49,5,0.6111,0.939,0.5878
2,clab-nebula-serf76,25,89,126,84,42,5,0.6667,0.9438,0.6412
2,clab-nebula-serf149,25,17,18,17,1,0,0.9444,1.0,0.9444
2,clab-nebula-serf20,25,46,70,43,27,3,0.6143,0.9348,0.589
2,clab-nebula-serf22,25,41,64,39,25,2,0.6094,0.9512,0.5909
2,clab-nebula-serf160,25,25,155,25,130,0,0.1613,1.0,0.1613
2,clab-nebula-serf31,25,80,101,78,23,2,0.7723,0.975,0.7573
2,clab-nebula-serf93,25,83,109,79,30,4,0.7248,0.9518,0.6991
2,clab-nebula-serf122,25,22,138,22,116,0,0.1594,1.0,0.1594
2,clab-nebula-serf38,25,82,101,79,22,3,0.7822,0.9634,0.7596
2,clab-nebula-serf55,25,83,101,79,22,4,0.7822,0.9518,0.7524
2,clab-nebula-serf79,25,96,126,91,35,5,0.7222,0.9479,0.6947
2,clab-nebula-serf113,25,28,138,28,110,0,0.2029,1.0,0.2029
2,clab-nebula-serf120,25,2,1,1,0,1,1.0,0.5,0.5
2,clab-nebula-serf128,25,48,138,48,90,0,0.3478,1.0,0.3478
2,clab-nebula-serf8,25,44,101,44,57,0,0.4356,1.0,0.4356
2,clab-nebula-serf27,25,24,63,22,41,2,0.3492,0.9167,0.3385
2,clab-nebula-serf78,25,80,128,76,52,4,0.5938,0.95,0.5758
2,clab-nebula-serf104,25,54,138,54,84,0,0.3913,1.0,0.3913
2,clab-nebula-serf133,25,16,161,16,145,0,0.0994,1.0,0.0994
2,clab-nebula-serf64,25,46,126,45,81,1,0.3571,0.9783,0.3543
2,clab-nebula-serf73,25,89,126,84,42,5,0.6667,0.9438,0.6412
2,clab-nebula-serf118,25,2,1,1,0,1,1.0,0.5,0.5
2,clab-nebula-serf5,25,19,43,18,25,1,0.4186,0.9474,0.4091
2,clab-nebula-serf87,25,49,133,49,84,0,0.3684,1.0,0.3684
2,clab-nebula-serf88,25,42,134,42,92,0,0.3134,1.0,0.3134
2,clab-nebula-serf153,25,12,18,12,6,0,0.6667,1.0,0.6667
2,clab-nebula-serf53,25,81,101,79,22,2,0.7822,0.9753,0.767
2,clab-nebula-serf69,25,84,126,79,47,5,0.627,0.9405,0.6031
2,clab-nebula-serf60,25,87,109,83,26,4,0.7615,0.954,0.7345
2,clab-nebula-serf145,25,7,144,6,138,1,0.0417,0.8571,0.0414
2,clab-nebula-serf6,25,68,101,68,33,0,0.6733,1.0,0.6733
2,clab-nebula-serf11,25,82,101,78,23,4,0.7723,0.9512,0.7429
2,clab-nebula-serf98,25,14,144,13,131,1,0.0903,0.9286,0.0897
2,clab-nebula-serf138,25,14,144,13,131,1,0.0903,0.9286,0.0897
2,clab-nebula-serf150,25,17,18,17,1,0,0.9444,1.0,0.9444
2,clab-nebula-serf18,25,75,101,75,26,0,0.7426,1.0,0.7426
2,clab-nebula-serf30,25,81,101,79,22,2,0.7822,0.9753,0.767
2,clab-nebula-serf44,25,81,101,79,22,2,0.7822,0.9753,0.767
2,clab-nebula-serf131,25,18,161,18,143,0,0.1118,1.0,0.1118
2,clab-nebula-serf35,25,63,101,63,38,0,0.6238,1.0,0.6238
2,clab-nebula-serf40,25,71,101,70,31,1,0.6931,0.9859,0.6863
2,clab-nebula-serf144,25,23,161,23,138,0,0.1429,1.0,0.1429
2,clab-nebula-serf152,25,24,130,22,108,2,0.1692,0.9167,0.1667
2,clab-nebula-serf162,25,5,5,5,0,0,1.0,1.0,1.0
2,clab-nebula-serf41,25,40,101,40,61,0,0.396,1.0,0.396
2,clab-nebula-serf72,25,84,126,79,47,5,0.627,0.9405,0.6031
2,clab-nebula-serf141,25,14,144,13,131,1,0.0903,0.9286,0.0897
2,clab-nebula-serf25,25,44,70,41,29,3,0.5857,0.9318,0.5616
2,clab-nebula-serf50,25,81,101,79,22,2,0.7822,0.9753,0.767
2,clab-nebula-serf51,25,83,101,79,22,4,0.7822,0.9518,0.7524
2,clab-nebula-serf66,25,79,128,75,53,4,0.5859,0.9494,0.5682
2,clab-nebula-serf86,25,56,133,55,78,1,0.4135,0.9821,0.4104
2,clab-nebula-serf90,25,78,128,74,54,4,0.5781,0.9487,0.5606
2,clab-nebula-serf143,25,7,144,6,138,1,0.0417,0.8571,0.0414
2,clab-nebula-serf7,25,67,101,67,34,0,0.6634,1.0,0.6634
2,clab-nebula-serf37,25,85,101,81,20,4,0.802,0.9529,0.7714
2,clab-nebula-serf43,25,52,101,51,50,1,0.505,0.9808,0.5
2,clab-nebula-serf58,25,93,126,88,38,5,0.6984,0.9462,0.6718
2,clab-nebula-serf61,25,93,109,89,20,4,0.8165,0.957,0.7876
2,clab-nebula-serf112,25,5,32,5,27,0,0.1562,1.0,0.1562
2,clab-nebula-serf15,25,88,103,83,20,5,0.8058,0.9432,0.7685
2,clab-nebula-serf16,25,88,103,83,20,5,0.8058,0.9432,0.7685
2,clab-nebula-serf77,25,90,126,85,41,5,0.6746,0.9444,0.6489
2,clab-nebula-serf121,25,32,138,31,107,1,0.2246,0.9688,0.223
2,clab-nebula-serf140,25,14,144,13,131,1,0.0903,0.9286,0.0897
2,clab-nebula-serf148,25,12,18,12,6,0,0.6667,1.0,0.6667
2,clab-nebula-serf154,25,12,18,12,6,0,0.6667,1.0,0.6667
2,clab-nebula-serf156,25,18,61,17,44,1,0.2787,0.9444,0.2742
2,clab-nebula-serf23,25,22,48,21,27,1,0.4375,0.9545,0.4286
2,clab-nebula-serf39,25,90,109,86,23,4,0.789,0.9556,0.7611
2,clab-nebula-serf62,25,73,101,72,29,1,0.7129,0.9863,0.7059
2,clab-nebula-serf107,25,40,138,40,98,0,0.2899,1.0,0.2899
2,clab-nebula-serf115,25,0,0,0,0,0,1.0,1.0,1.0
2,clab-nebula-serf151,25,13,18,13,5,0,0.7222,1.0,0.7222
2,clab-nebula-serf158,25,16,155,16,139,0,0.1032,1.0,0.1032
2,clab-nebula-serf28,25,7,20,7,13,0,0.35,1.0,0.35
2,clab-nebula-serf29,25,23,63,21,42,2,0.3333,0.913,0.3231
2,clab-nebula-serf130,30,24,161,24,137,0,0.1491,1.0,0.1491
2,clab-nebula-serf161,30,36,155,36,119,0,0.2323,1.0,0.2323
2,clab-nebula-serf32,30,95,109,91,18,4,0.8349,0.9579,0.8053
2,clab-nebula-serf63,30,84,126,81,45,3,0.6429,0.9643,0.6279
2,clab-nebula-serf45,30,90,101,86,15,4,0.8515,0.9556,0.819
2,clab-nebula-serf49,30,106,128,100,28,6,0.7812,0.9434,0.7463
2,clab-nebula-serf83,30,79,128,75,53,4,0.5859,0.9494,0.5682
2,clab-nebula-serf91,30,112,138,110,28,2,0.7971,0.9821,0.7857
2,clab-nebula-serf136,30,28,161,28,133,0,0.1739,1.0,0.1739
2,clab-nebula-serf146,30,16,161,16,145,0,0.0994,1.0,0.0994
2,clab-nebula-serf12,30,88,103,83,20,5,0.8058,0.9432,0.7685
2,clab-nebula-serf19,30,90,103,85,18,5,0.8252,0.9444,0.787
2,clab-nebula-serf80,30,110,138,108,30,2,0.7826,0.9818,0.7714
2,clab-nebula-serf111,30,111,155,109,46,2,0.7032,0.982,0.6943
2,clab-nebula-serf109,30,130,155,128,27,2,0.8258,0.9846,0.8153
2,clab-nebula-serf147,30,27,155,27,128,0,0.1742,1.0,0.1742
2,clab-nebula-serf4,30,47,101,47,54,0,0.4653,1.0,0.4653
2,clab-nebula-serf100,30,59,142,56,86,3,0.3944,0.9492,0.3862
2,clab-nebula-serf75,30,100,130,96,34,4,0.7385,0.96,0.7164
2,clab-nebula-serf89,30,71,134,70,64,1,0.5224,0.9859,0.5185
2,clab-nebula-serf101,30,47,142,44,98,3,0.3099,0.9362,0.3034
2,clab-nebula-serf105,30,86,138,85,53,1,0.6159,0.9884,0.6115
2,clab-nebula-serf65,30,95,138,93,45,2,0.6739,0.9789,0.6643
2,clab-nebula-serf68,30,103,130,97,33,6,0.7462,0.9417,0.7132
2,clab-nebula-serf94,30,105,130,99,31,6,0.7615,0.9429,0.7279
2,clab-nebula-serf103,30,63,142,60,82,3,0.4225,0.9524,0.4138
2,clab-nebula-serf117,30,3,31,2,29,1,0.0645,0.6667,0.0625
2,clab-nebula-serf127,30,92,155,92,63,0,0.5935,1.0,0.5935
2,clab-nebula-serf129,30,42,138,42,96,0,0.3043,1.0,0.3043
2,clab-nebula-serf155,30,24,143,22,121,2,0.1538,0.9167,0.1517
2,clab-nebula-serf3,30,50,130,48,82,2,0.3692,0.96,0.3636
2,clab-nebula-serf14,30,88,103,83,20,5,0.8058,0.9432,0.7685
2,clab-nebula-serf142,30,14,161,14,147,0,0.087,1.0,0.087
2,clab-nebula-serf96,30,41,144,40,104,1,0.2778,0.9756,0.2759
2,clab-nebula-serf116,30,0,0,0,0,0,1.0,1.0,1.0
2,clab-nebula-serf56,30,118,138,116,22,2,0.8406,0.9831,0.8286
2,clab-nebula-serf59,30,119,138,117,21,2,0.8478,0.9832,0.8357
2,clab-nebula-serf70,30,110,130,104,26,6,0.8,0.9455,0.7647
2,clab-nebula-serf81,30,114,138,112,26,2,0.8116,0.9825,0.8
2,clab-nebula-serf95,30,104,130,98,32,6,0.7538,0.9423,0.7206
2,clab-nebula-serf114,30,53,138,53,85,0,0.3841,1.0,0.3841
2,clab-nebula-serf9,30,87,103,82,21,5,0.7961,0.9425,0.7593
2,clab-nebula-serf17,30,96,109,92,17,4,0.844,0.9583,0.8142
2,clab-nebula-serf139,30,31,161,31,130,0,0.1925,1.0,0.1925
2,clab-nebula-serf52,30,106,128,100,28,6,0.7812,0.9434,0.7463
2,clab-nebula-serf71,30,107,130,101,29,6,0.7769,0.9439,0.7426
2,clab-nebula-serf26,30,94,109,90,19,4,0.8257,0.9574,0.7965
2,clab-nebula-serf34,30,95,109,91,18,4,0.8349,0.9579,0.8053
2,clab-nebula-serf126,30,92,155,92,63,0,0.5935,1.0,0.5935
2,clab-nebula-serf36,30,92,109,88,21,4,0.8073,0.9565,0.7788
2,clab-nebula-serf82,30,0,5,0,5,0,0.0,0.0,0.0
2,clab-nebula-serf85,30,82,109,78,31,4,0.7156,0.9512,0.6903
2,clab-nebula-serf97,30,41,144,40,104,1,0.2778,0.9756,0.2759
2,clab-nebula-serf99,30,52,142,49,93,3,0.3451,0.9423,0.3379
2,clab-nebula-serf124,30,81,155,81,74,0,0.5226,1.0,0.5226
2,clab-nebula-serf157,30,35,155,35,120,0,0.2258,1.0,0.2258
2,clab-nebula-serf159,30,35,155,35,120,0,0.2258,1.0,0.2258
2,clab-nebula-serf1,30,74,128,70,58,4,0.5469,0.9459,0.5303
2,clab-nebula-serf33,30,105,109,99,10,6,0.9083,0.9429,0.8609
2,clab-nebula-serf123,30,89,155,89,66,0,0.5742,1.0,0.5742
2,clab-nebula-serf135,30,25,161,25,136,0,0.1553,1.0,0.1553
2,clab-nebula-serf13,30,92,109,88,21,4,0.8073,0.9565,0.7788
2,clab-nebula-serf47,30,100,128,95,33,5,0.7422,0.95,0.7143
2,clab-nebula-serf84,30,57,130,55,75,2,0.4231,0.9649,0.4167
2,clab-nebula-serf92,30,103,130,98,32,5,0.7538,0.9515,0.7259
2,clab-nebula-serf106,30,55,138,55,83,0,0.3986,1.0,0.3986
2,clab-nebula-serf108,30,73,138,72,66,1,0.5217,0.9863,0.518
2,clab-nebula-serf119,30,3,4,2,2,1,0.5,0.6667,0.4
2,clab-nebula-serf125,30,84,155,84,71,0,0.5419,1.0,0.5419
2,clab-nebula-serf54,30,99,109,95,14,4,0.8716,0.9596,0.8407
2,clab-nebula-serf57,30,113,130,107,23,6,0.8231,0.9469,0.7868
2,clab-nebula-serf24,30,48,101,48,53,0,0.4752,1.0,0.4752
2,clab-nebula-serf42,30,71,101,71,30,0,0.703,1.0,0.703
2,clab-nebula-serf48,30,88,101,85,16,3,0.8416,0.9659,0.8173
2,clab-nebula-serf2,30,32,101,32,69,0,0.3168,1.0,0.3168
2,clab-nebula-serf21,30,84,101,80,21,4,0.7921,0.9524,0.7619
2,clab-nebula-serf67,30,98,130,94,36,4,0.7231,0.9592,0.7015
2,clab-nebula-serf102,30,40,144,39,105,1,0.2708,0.975,0.269
2,clab-nebula-serf110,30,37,138,37,101,0,0.2681,1.0,0.2681
2,clab-nebula-serf132,30,37,161,37,124,0,0.2298,1.0,0.2298
2,clab-nebula-serf134,30,26,161,26,135,0,0.1615,1.0,0.1615
2,clab-nebula-serf137,30,26,161,26,135,0,0.1615,1.0,0.1615
2,clab-nebula-serf10,30,88,103,83,20,5,0.8058,0.9432,0.7685
2,clab-nebula-serf46,30,81,101,79,22,2,0.7822,0.9753,0.767
2,clab-nebula-serf74,30,106,130,100,30,6,0.7692,0.9434,0.7353
2,clab-nebula-serf76,30,111,138,109,29,2,0.7899,0.982,0.7786
2,clab-nebula-serf149,30,25,143,23,120,2,0.1608,0.92,0.1586
2,clab-nebula-serf20,30,80,101,77,24,3,0.7624,0.9625,0.7404
2,clab-nebula-serf22,30,76,101,75,26,1,0.7426,0.9868,0.7353
2,clab-nebula-serf160,30,37,155,37,118,0,0.2387,1.0,0.2387
2,clab-nebula-serf31,30,93,109,89,20,4,0.8165,0.957,0.7876
2,clab-nebula-serf93,30,110,138,108,30,2,0.7826,0.9818,0.7714
2,clab-nebula-serf122,30,61,155,61,94,0,0.3935,1.0,0.3935
2,clab-nebula-serf38,30,92,109,88,21,4,0.8073,0.9565,0.7788
2,clab-nebula-serf55,30,96,109,92,17,4,0.844,0.9583,0.8142
2,clab-nebula-serf79,30,116,138,114,24,2,0.8261,0.9828,0.8143
2,clab-nebula-serf113,30,65,138,64,74,1,0.4638,0.9846,0.4604
2,clab-nebula-serf120,30,3,4,2,2,1,0.5,0.6667,0.4
2,clab-nebula-serf128,30,73,138,72,66,1,0.5217,0.9863,0.518
2,clab-nebula-serf8,30,76,101,74,27,2,0.7327,0.9737,0.7184
2,clab-nebula-serf27,30,38,66,36,30,2,0.5455,0.9474,0.5294
2,clab-nebula-serf78,30,102,128,96,32,6,0.75,0.9412,0.7164
2,clab-nebula-serf104,30,87,138,86,52,1,0.6232,0.9885,0.6187
2,clab-nebula-serf133,30,26,161,26,135,0,0.1615,1.0,0.1615
2,clab-nebula-serf64,30,69,126,67,59,2,0.5317,0.971,0.5234
2,clab-nebula-serf73,30,113,138,111,27,2,0.8043,0.9823,0.7929
2,clab-nebula-serf118,30,3,4,2,2,1,0.5,0.6667,0.4
2,clab-nebula-serf5,30,46,99,44,55,2,0.4444,0.9565,0.4356
2,clab-nebula-serf87,30,80,133,79,54,1,0.594,0.9875,0.5896
2,clab-nebula-serf88,30,72,134,71,63,1,0.5299,0.9861,0.5259
2,clab-nebula-serf153,30,24,143,22,121,2,0.1538,0.9167,0.1517
2,clab-nebula-serf53,30,97,109,93,16,4,0.8532,0.9588,0.823
2,clab-nebula-serf69,30,107,130,101,29,6,0.7769,0.9439,0.7426
2,clab-nebula-serf60,30,111,130,105,25,6,0.8077,0.9459,0.7721
2,clab-nebula-serf145,30,15,161,15,146,0,0.0932,1.0,0.0932
2,clab-nebula-serf6,30,86,103,81,22,5,0.7864,0.9419,0.75
2,clab-nebula-serf11,30,93,109,89,20,4,0.8165,0.957,0.7876
2,clab-nebula-serf98,30,29,144,28,116,1,0.1944,0.9655,0.1931
2,clab-nebula-serf138,30,26,161,26,135,0,0.1615,1.0,0.1615
2,clab-nebula-serf150,30,23,130,21,109,2,0.1615,0.913,0.1591
2,clab-nebula-serf18,30,90,103,85,18,5,0.8252,0.9444,0.787
2,clab-nebula-serf30,30,93,109,89,20,4,0.8165,0.957,0.7876
2,clab-nebula-serf44,30,99,128,94,34,5,0.7344,0.9495,0.7068
2,clab-nebula-serf131,30,29,161,29,132,0,0.1801,1.0,0.1801
2,clab-nebula-serf35,30,85,101,81,20,4,0.802,0.9529,0.7714
2,clab-nebula-serf40,30,87,103,82,21,5,0.7961,0.9425,0.7593
2,clab-nebula-serf144,30,55,161,55,106,0,0.3416,1.0,0.3416
2,clab-nebula-serf152,30,47,155,47,108,0,0.3032,1.0,0.3032
2,clab-nebula-serf162,30,9,128,8,120,1,0.0625,0.8889,0.062
2,clab-nebula-serf41,30,74,101,73,28,1,0.7228,0.9865,0.7157
2,clab-nebula-serf72,30,110,138,108,30,2,0.7826,0.9818,0.7714
2,clab-nebula-serf141,30,26,161,26,135,0,0.1615,1.0,0.1615
2,clab-nebula-serf25,30,81,101,79,22,2,0.7822,0.9753,0.767
2,clab-nebula-serf50,30,93,101,88,13,5,0.8713,0.9462,0.8302
2,clab-nebula-serf51,30,97,109,93,16,4,0.8532,0.9588,0.823
2,clab-nebula-serf66,30,106,138,104,34,2,0.7536,0.9811,0.7429
2,clab-nebula-serf86,30,85,133,83,50,2,0.6241,0.9765,0.6148
2,clab-nebula-serf90,30,101,130,97,33,4,0.7462,0.9604,0.7239
2,clab-nebula-serf143,30,13,161,13,148,0,0.0807,1.0,0.0807
2,clab-nebula-serf7,30,86,101,82,19,4,0.8119,0.9535,0.781
2,clab-nebula-serf37,30,96,109,92,17,4,0.844,0.9583,0.8142
2,clab-nebula-serf43,30,82,101,80,21,2,0.7921,0.9756,0.7767
2,clab-nebula-serf58,30,118,138,116,22,2,0.8406,0.9831,0.8286
2,clab-nebula-serf61,30,118,138,116,22,2,0.8406,0.9831,0.8286
2,clab-nebula-serf112,30,18,138,18,120,0,0.1304,1.0,0.1304
2,clab-nebula-serf15,30,100,109,96,13,4,0.8807,0.96,0.8496
2,clab-nebula-serf16,30,101,109,96,13,5,0.8807,0.9505,0.8421
2,clab-nebula-serf77,30,113,138,111,27,2,0.8043,0.9823,0.7929
2,clab-nebula-serf121,30,81,155,81,74,0,0.5226,1.0,0.5226
2,clab-nebula-serf140,30,25,161,25,136,0,0.1553,1.0,0.1553
2,clab-nebula-serf148,30,22,57,21,36,1,0.3684,0.9545,0.3621
2,clab-nebula-serf154,30,23,130,21,109,2,0.1615,0.913,0.1591
2,clab-nebula-serf156,30,33,155,33,122,0,0.2129,1.0,0.2129
2,clab-nebula-serf23,30,39,64,37,27,2,0.5781,0.9487,0.5606
2,clab-nebula-serf39,30,106,109,100,9,6,0.9174,0.9434,0.8696
2,clab-nebula-serf62,30,88,109,84,25,4,0.7706,0.9545,0.7434
2,clab-nebula-serf107,30,71,138,70,68,1,0.5072,0.9859,0.5036
2,clab-nebula-serf115,30,0,0,0,0,0,1.0,1.0,1.0
2,clab-nebula-serf151,30,23,130,21,109,2,0.1615,0.913,0.1591
2,clab-nebula-serf158,30,34,155,34,121,0,0.2194,1.0,0.2194
2,clab-nebula-serf28,30,19,26,18,8,1,0.6923,0.9474,0.6667
2,clab-nebula-serf29,30,39,66,37,29,2,0.5606,0.9487,0.5441
2,clab-nebula-serf130,35,41,161,41,120,0,0.2547,1.0,0.2547
2,clab-nebula-serf161,35,42,155,42,113,0,0.271,1.0,0.271
2,clab-nebula-serf32,35,108,111,103,8,5,0.9279,0.9537,0.8879
2,clab-nebula-serf63,35,103,126,98,28,5,0.7778,0.9515,0.7481
2,clab-nebula-serf45,35,118,138,116,22,2,0.8406,0.9831,0.8286
2,clab-nebula-serf49,35,121,138,119,19,2,0.8623,0.9835,0.85
2,clab-nebula-serf83,35,109,138,107,31,2,0.7754,0.9817,0.7643
2,clab-nebula-serf91,35,119,138,117,21,2,0.8478,0.9832,0.8357
2,clab-nebula-serf136,35,45,161,45,116,0,0.2795,1.0,0.2795
2,clab-nebula-serf146,35,44,161,44,117,0,0.2733,1.0,0.2733
2,clab-nebula-serf12,35,102,128,96,32,6,0.75,0.9412,0.7164
2,clab-nebula-serf19,35,105,128,99,29,6,0.7734,0.9429,0.7388
2,clab-nebula-serf80,35,120,138,118,20,2,0.8551,0.9833,0.8429
2,clab-nebula-serf111,35,145,155,143,12,2,0.9226,0.9862,0.9108
2,clab-nebula-serf109,35,145,155,143,12,2,0.9226,0.9862,0.9108
2,clab-nebula-serf147,35,48,155,48,107,0,0.3097,1.0,0.3097
2,clab-nebula-serf4,35,82,101,78,23,4,0.7723,0.9512,0.7429
2,clab-nebula-serf100,35,89,142,85,57,4,0.5986,0.9551,0.5822
2,clab-nebula-serf75,35,115,138,113,25,2,0.8188,0.9826,0.8071
2,clab-nebula-serf89,35,97,134,93,41,4,0.694,0.9588,0.6739
2,clab-nebula-serf101,35,79,142,75,67,4,0.5282,0.9494,0.5137
2,clab-nebula-serf105,35,123,155,121,34,2,0.7806,0.9837,0.7707
2,clab-nebula-serf65,35,115,138,113,25,2,0.8188,0.9826,0.8071
2,clab-nebula-serf68,35,116,138,114,24,2,0.8261,0.9828,0.8143
2,clab-nebula-serf94,35,119,138,117,21,2,0.8478,0.9832,0.8357
2,clab-nebula-serf103,35,102,142,96,46,6,0.6761,0.9412,0.6486
2,clab-nebula-serf117,35,3,31,2,29,1,0.0645,0.6667,0.0625
2,clab-nebula-serf127,35,122,155,121,34,1,0.7806,0.9918,0.7756
2,clab-nebula-serf129,35,71,138,70,68,1,0.5072,0.9859,0.5036
2,clab-nebula-serf155,35,43,155,43,112,0,0.2774,1.0,0.2774
2,clab-nebula-serf3,35,83,101,79,22,4,0.7822,0.9518,0.7524
2,clab-nebula-serf14,35,102,128,96,32,6,0.75,0.9412,0.7164
2,clab-nebula-serf142,35,30,161,30,131,0,0.1863,1.0,0.1863
2,clab-nebula-serf96,35,77,142,73,69,4,0.5141,0.9481,0.5
2,clab-nebula-serf116,35,1,1,1,0,0,1.0,1.0,1.0
2,clab-nebula-serf56,35,121,138,119,19,2,0.8623,0.9835,0.85
2,clab-nebula-serf59,35,124,138,121,17,3,0.8768,0.9758,0.8582
2,clab-nebula-serf70,35,119,138,117,21,2,0.8478,0.9832,0.8357
2,clab-nebula-serf81,35,121,138,119,19,2,0.8623,0.9835,0.85
2,clab-nebula-serf95,35,119,138,117,21,2,0.8478,0.9832,0.8357
2,clab-nebula-serf114,35,92,138,91,47,1,0.6594,0.9891,0.6547
2,clab-nebula-serf9,35,101,130,97,33,4,0.7462,0.9604,0.7239
2,clab-nebula-serf17,35,116,138,114,24,2,0.8261,0.9828,0.8143
2,clab-nebula-serf139,35,45,161,45,116,0,0.2795,1.0,0.2795
2,clab-nebula-serf52,35,119,138,117,21,2,0.8478,0.9832,0.8357
2,clab-nebula-serf71,35,119,138,117,21,2,0.8478,0.9832,0.8357
2,clab-nebula-serf26,35,108,111,103,8,5,0.9279,0.9537,0.8879
2,clab-nebula-serf34,35,112,128,106,22,6,0.8281,0.9464,0.791
2,clab-nebula-serf126,35,121,155,119,36,2,0.7677,0.9835,0.758
2,clab-nebula-serf36,35,108,111,103,8,5,0.9279,0.9537,0.8879
2,clab-nebula-serf82,35,16,101,15,86,1,0.1485,0.9375,0.1471
2,clab-nebula-serf85,35,111,138,109,29,2,0.7899,0.982,0.7786
2,clab-nebula-serf97,35,80,142,76,66,4,0.5352,0.95,0.5205
2,clab-nebula-serf99,35,82,142,78,64,4,0.5493,0.9512,0.5342
2,clab-nebula-serf124,35,114,155,112,43,2,0.7226,0.9825,0.7134
2,clab-nebula-serf157,35,40,155,40,115,0,0.2581,1.0,0.2581
2,clab-nebula-serf159,35,40,155,40,115,0,0.2581,1.0,0.2581
2,clab-nebula-serf1,35,91,126,86,40,5,0.6825,0.9451,0.6565
2,clab-nebula-serf33,35,119,138,117,21,2,0.8478,0.9832,0.8357
2,clab-nebula-serf123,35,128,155,126,29,2,0.8129,0.9844,0.8025
2,clab-nebula-serf135,35,42,161,42,119,0,0.2609,1.0,0.2609
2,clab-nebula-serf13,35,110,138,108,30,2,0.7826,0.9818,0.7714
2,clab-nebula-serf47,35,120,138,118,20,2,0.8551,0.9833,0.8429
2,clab-nebula-serf84,35,81,109,77,32,4,0.7064,0.9506,0.6814
2,clab-nebula-serf92,35,118,138,116,22,2,0.8406,0.9831,0.8286
2,clab-nebula-serf106,35,86,138,85,53,1,0.6159,0.9884,0.6115
2,clab-nebula-serf108,35,122,155,120,35,2,0.7742,0.9836,0.7643
2,clab-nebula-serf119,35,3,4,2,2,1,0.5,0.6667,0.4
2,clab-nebula-serf125,35,112,155,112,43,0,0.7226,1.0,0.7226
2,clab-nebula-serf54,35,119,138,117,21,2,0.8478,0.9832,0.8357
2,clab-nebula-serf57,35,121,138,119,19,2,0.8623,0.9835,0.85
2,clab-nebula-serf24,35,83,101,80,21,3,0.7921,0.9639,0.7692
2,clab-nebula-serf42,35,88,103,83,20,5,0.8058,0.9432,0.7685
2,clab-nebula-serf48,35,114,138,112,26,2,0.8116,0.9825,0.8
2,clab-nebula-serf2,35,67,101,65,36,2,0.6436,0.9701,0.6311
2,clab-nebula-serf21,35,94,109,90,19,4,0.8257,0.9574,0.7965
2,clab-nebula-serf67,35,115,138,113,25,2,0.8188,0.9826,0.8071
2,clab-nebula-serf102,35,76,142,72,70,4,0.507,0.9474,0.4932
2,clab-nebula-serf110,35,69,138,68,70,1,0.4928,0.9855,0.4892
2,clab-nebula-serf132,35,48,161,48,113,0,0.2981,1.0,0.2981
2,clab-nebula-serf134,35,43,161,43,118,0,0.2671,1.0,0.2671
2,clab-nebula-serf137,35,44,161,44,117,0,0.2733,1.0,0.2733
2,clab-nebula-serf10,35,103,130,98,32,5,0.7538,0.9515,0.7259
2,clab-nebula-serf46,35,100,128,95,33,5,0.7422,0.95,0.7143
2,clab-nebula-serf74,35,117,138,115,23,2,0.8333,0.9829,0.8214
2,clab-nebula-serf76,35,121,138,119,19,2,0.8623,0.9835,0.85
2,clab-nebula-serf149,35,48,155,48,107,0,0.3097,1.0,0.3097
2,clab-nebula-serf20,35,93,109,89,20,4,0.8165,0.957,0.7876
2,clab-nebula-serf22,35,93,109,89,20,4,0.8165,0.957,0.7876
2,clab-nebula-serf160,35,43,155,43,112,0,0.2774,1.0,0.2774
2,clab-nebula-serf31,35,102,103,96,7,6,0.932,0.9412,0.8807
2,clab-nebula-serf93,35,119,138,117,21,2,0.8478,0.9832,0.8357
2,clab-nebula-serf122,35,106,155,106,49,0,0.6839,1.0,0.6839
2,clab-nebula-serf38,35,107,109,101,8,6,0.9266,0.9439,0.8783
2,clab-nebula-serf55,35,119,138,117,21,2,0.8478,0.9832,0.8357
2,clab-nebula-serf79,35,121,138,119,19,2,0.8623,0.9835,0.85
2,clab-nebula-serf113,35,105,138,103,35,2,0.7464,0.981,0.7357
2,clab-nebula-serf120,35,3,4,2,2,1,0.5,0.6667,0.4
2,clab-nebula-serf128,35,111,143,105,38,6,0.7343,0.9459,0.7047
2,clab-nebula-serf8,35,89,103,84,19,5,0.8155,0.9438,0.7778
2,clab-nebula-serf27,35,75,101,72,29,3,0.7129,0.96,0.6923
2,clab-nebula-serf78,35,118,138,116,22,2,0.8406,0.9831,0.8286
2,clab-nebula-serf104,35,130,155,128,27,2,0.8258,0.9846,0.8153
2,clab-nebula-serf133,35,44,161,44,117,0,0.2733,1.0,0.2733
2,clab-nebula-serf64,35,100,138,98,40,2,0.7101,0.98,0.7
2,clab-nebula-serf73,35,121,138,119,19,2,0.8623,0.9835,0.85
2,clab-nebula-serf118,35,3,4,2,2,1,0.5,0.6667,0.4
2,clab-nebula-serf5,35,80,128,76,52,4,0.5938,0.95,0.5758
2,clab-nebula-serf87,35,108,142,105,37,3,0.7394,0.9722,0.7241
2,clab-nebula-serf88,35,100,134,95,39,5,0.709,0.95,0.6835
2,clab-nebula-serf153,35,42,155,42,113,0,0.271,1.0,0.271
2,clab-nebula-serf53,35,118,138,116,22,2,0.8406,0.9831,0.8286
2,clab-nebula-serf69,35,119,138,117,21,2,0.8478,0.9832,0.8357
2,clab-nebula-serf60,35,120,138,118,20,2,0.8551,0.9833,0.8429
2,clab-nebula-serf145,35,37,161,37,124,0,0.2298,1.0,0.2298
2,clab-nebula-serf6,35,98,128,93,35,5,0.7266,0.949,0.6992
2,clab-nebula-serf11,35,112,138,110,28,2,0.7971,0.9821,0.7857
2,clab-nebula-serf98,35,71,142,67,75,4,0.4718,0.9437,0.4589
2,clab-nebula-serf138,35,43,161,43,118,0,0.2671,1.0,0.2671
2,clab-nebula-serf150,35,42,155,42,113,0,0.271,1.0,0.271
2,clab-nebula-serf18,35,103,109,98,11,5,0.8991,0.9515,0.8596
2,clab-nebula-serf30,35,102,103,96,7,6,0.932,0.9412,0.8807
2,clab-nebula-serf44,35,120,138,118,20,2,0.8551,0.9833,0.8429
2,clab-nebula-serf131,35,45,161,45,116,0,0.2795,1.0,0.2795
2,clab-nebula-serf35,35,95,109,91,18,4,0.8349,0.9579,0.8053
2,clab-nebula-serf40,35,98,109,94,15,4,0.8624,0.9592,0.8319
2,clab-nebula-serf144,35,60,161,60,101,0,0.3727,1.0,0.3727
2,clab-nebula-serf152,35,60,155,60,95,0,0.3871,1.0,0.3871
2,clab-nebula-serf162,35,20,155,20,135,0,0.129,1.0,0.129
2,clab-nebula-serf41,35,89,109,85,24,4,0.7798,0.9551,0.7522
2,clab-nebula-serf72,35,121,138,119,19,2,0.8623,0.9835,0.85
2,clab-nebula-serf141,35,43,161,43,118,0,0.2671,1.0,0.2671
2,clab-nebula-serf25,35,93,109,89,20,4,0.8165,0.957,0.7876
2,clab-nebula-serf50,35,118,138,116,22,2,0.8406,0.9831,0.8286
2,clab-nebula-serf51,35,118,138,116,22,2,0.8406,0.9831,0.8286
2,clab-nebula-serf66,35,116,138,114,24,2,0.8261,0.9828,0.8143
2,clab-nebula-serf86,35,115,142,112,30,3,0.7887,0.9739,0.7724
2,clab-nebula-serf90,35,119,138,117,21,2,0.8478,0.9832,0.8357
2,clab-nebula-serf143,35,32,161,32,129,0,0.1988,1.0,0.1988
2,clab-nebula-serf7,35,99,128,94,34,5,0.7344,0.9495,0.7068
2,clab-nebula-serf37,35,111,111,105,6,6,0.9459,0.9459,0.8974
2,clab-nebula-serf43,35,98,109,94,15,4,0.8624,0.9592,0.8319
2,clab-nebula-serf58,35,122,138,120,18,2,0.8696,0.9836,0.8571
2,clab-nebula-serf61,35,121,138,119,19,2,0.8623,0.9835,0.85
2,clab-nebula-serf112,35,34,138,34,104,0,0.2464,1.0,0.2464
2,clab-nebula-serf15,35,117,138,115,23,2,0.8333,0.9829,0.8214
2,clab-nebula-serf16,35,119,138,117,21,2,0.8478,0.9832,0.8357
2,clab-nebula-serf77,35,121,138,119,19,2,0.8623,0.9835,0.85
2,clab-nebula-serf121,35,121,155,119,36,2,0.7677,0.9835,0.758
2,clab-nebula-serf140,35,39,161,39,122,0,0.2422,1.0,0.2422
2,clab-nebula-serf148,35,38,155,38,117,0,0.2452,1.0,0.2452
2,clab-nebula-serf154,35,42,155,42,113,0,0.271,1.0,0.271
2,clab-nebula-serf156,35,49,155,49,106,0,0.3161,1.0,0.3161
2,clab-nebula-serf23,35,75,101,74,27,1,0.7327,0.9867,0.7255
2,clab-nebula-serf39,35,119,138,117,21,2,0.8478,0.9832,0.8357
2,clab-nebula-serf62,35,110,128,104,24,6,0.8125,0.9455,0.7761
2,clab-nebula-serf107,35,104,138,102,36,2,0.7391,0.9808,0.7286
2,clab-nebula-serf115,35,1,1,1,0,0,1.0,1.0,1.0
2,clab-nebula-serf151,35,43,155,43,112,0,0.2774,1.0,0.2774
2,clab-nebula-serf158,35,40,155,40,115,0,0.2581,1.0,0.2581
2,clab-nebula-serf28,35,29,50,28,22,1,0.56,0.9655,0.549
2,clab-nebula-serf29,35,79,128,75,53,4,0.5859,0.9494,0.5682
2,clab-nebula-serf130,40,53,161,53,108,0,0.3292,1.0,0.3292
2,clab-nebula-serf161,40,58,155,58,97,0,0.3742,1.0,0.3742
2,clab-nebula-serf32,40,121,138,119,19,2,0.8623,0.9835,0.85
2,clab-nebula-serf63,40,119,138,117,21,2,0.8478,0.9832,0.8357
2,clab-nebula-serf45,40,121,138,119,19,2,0.8623,0.9835,0.85
2,clab-nebula-serf49,40,124,138,121,17,3,0.8768,0.9758,0.8582
2,clab-nebula-serf83,40,119,138,117,21,2,0.8478,0.9832,0.8357
2,clab-nebula-serf91,40,129,143,122,21,7,0.8531,0.9457,0.8133
2,clab-nebula-serf136,40,66,161,66,95,0,0.4099,1.0,0.4099
2,clab-nebula-serf146,40,58,161,58,103,0,0.3602,1.0,0.3602
2,clab-nebula-serf12,40,119,138,117,21,2,0.8478,0.9832,0.8357
2,clab-nebula-serf19,40,120,138,118,20,2,0.8551,0.9833,0.8429
2,clab-nebula-serf80,40,127,138,120,18,7,0.8696,0.9449,0.8276
2,clab-nebula-serf111,40,150,155,148,7,2,0.9548,0.9867,0.9427
2,clab-nebula-serf109,40,153,155,151,4,2,0.9742,0.9869,0.9618
2,clab-nebula-serf147,40,59,155,59,96,0,0.3806,1.0,0.3806
2,clab-nebula-serf4,40,92,103,87,16,5,0.8447,0.9457,0.8056
2,clab-nebula-serf100,40,137,155,132,23,5,0.8516,0.9635,0.825
2,clab-nebula-serf75,40,122,138,119,19,3,0.8623,0.9754,0.844
2,clab-nebula-serf89,40,119,142,116,26,3,0.8169,0.9748,0.8
2,clab-nebula-serf101,40,131,155,127,28,4,0.8194,0.9695,0.7987
2,clab-nebula-serf105,40,145,155,143,12,2,0.9226,0.9862,0.9108
2,clab-nebula-serf65,40,122,138,119,19,3,0.8623,0.9754,0.844
2,clab-nebula-serf68,40,122,138,119,19,3,0.8623,0.9754,0.844
2,clab-nebula-serf94,40,129,143,122,21,7,0.8531,0.9457,0.8133
2,clab-nebula-serf103,40,140,155,135,20,5,0.871,0.9643,0.8438
2,clab-nebula-serf117,40,3,31,2,29,1,0.0645,0.6667,0.0625
2,clab-nebula-serf127,40,138,155,136,19,2,0.8774,0.9855,0.8662
2,clab-nebula-serf129,40,123,155,121,34,2,0.7806,0.9837,0.7707
2,clab-nebula-serf155,40,56,155,56,99,0,0.3613,1.0,0.3613
2,clab-nebula-serf3,40,96,130,92,38,4,0.7077,0.9583,0.6866
2,clab-nebula-serf14,40,119,138,117,21,2,0.8478,0.9832,0.8357
2,clab-nebula-serf142,40,54,161,54,107,0,0.3354,1.0,0.3354
2,clab-nebula-serf96,40,121,155,117,38,4,0.7548,0.9669,0.7358
2,clab-nebula-serf116,40,1,1,1,0,0,1.0,1.0,1.0
2,clab-nebula-serf56,40,125,138,121,17,4,0.8768,0.968,0.8521
2,clab-nebula-serf59,40,128,138,123,15,5,0.8913,0.9609,0.8601
2,clab-nebula-serf70,40,124,138,120,18,4,0.8696,0.9677,0.8451
2,clab-nebula-serf81,40,130,155,128,27,2,0.8258,0.9846,0.8153
2,clab-nebula-serf95,40,124,138,120,18,4,0.8696,0.9677,0.8451
2,clab-nebula-serf114,40,134,155,132,23,2,0.8516,0.9851,0.8408
2,clab-nebula-serf9,40,116,138,114,24,2,0.8261,0.9828,0.8143
2,clab-nebula-serf17,40,121,138,119,19,2,0.8623,0.9835,0.85
2,clab-nebula-serf139,40,65,161,65,96,0,0.4037,1.0,0.4037
2,clab-nebula-serf52,40,124,138,121,17,3,0.8768,0.9758,0.8582
2,clab-nebula-serf71,40,124,138,120,18,4,0.8696,0.9677,0.8451
2,clab-nebula-serf26,40,121,138,119,19,2,0.8623,0.9835,0.85
2,clab-nebula-serf34,40,121,138,119,19,2,0.8623,0.9835,0.85
2,clab-nebula-serf126,40,138,155,136,19,2,0.8774,0.9855,0.8662
2,clab-nebula-serf36,40,121,138,119,19,2,0.8623,0.9835,0.85
2,clab-nebula-serf82,40,61,126,60,66,1,0.4762,0.9836,0.4724
2,clab-nebula-serf85,40,119,138,117,21,2,0.8478,0.9832,0.8357
2,clab-nebula-serf97,40,126,155,121,34,5,0.7806,0.9603,0.7562
2,clab-nebula-serf99,40,137,155,132,23,5,0.8516,0.9635,0.825
2,clab-nebula-serf124,40,133,155,131,24,2,0.8452,0.985,0.8344
2,clab-nebula-serf157,40,54,155,54,101,0,0.3484,1.0,0.3484
2,clab-nebula-serf159,40,54,155,54,101,0,0.3484,1.0,0.3484
2,clab-nebula-serf1,40,107,138,105,33,2,0.7609,0.9813,0.75
2,clab-nebula-serf33,40,124,138,121,17,3,0.8768,0.9758,0.8582
2,clab-nebula-serf123,40,143,155,141,14,2,0.9097,0.986,0.8981
2,clab-nebula-serf135,40,54,161,54,107,0,0.3354,1.0,0.3354
2,clab-nebula-serf13,40,120,138,118,20,2,0.8551,0.9833,0.8429
2,clab-nebula-serf47,40,124,138,121,17,3,0.8768,0.9758,0.8582
2,clab-nebula-serf84,40,110,138,108,30,2,0.7826,0.9818,0.7714
2,clab-nebula-serf92,40,123,138,119,19,4,0.8623,0.9675,0.838
2,clab-nebula-serf106,40,130,155,128,27,2,0.8258,0.9846,0.8153
2,clab-nebula-serf108,40,144,155,142,13,2,0.9161,0.9861,0.9045
2,clab-nebula-serf119,40,4,98,3,95,1,0.0306,0.75,0.0303
2,clab-nebula-serf125,40,137,155,135,20,2,0.871,0.9854,0.8599
2,clab-nebula-serf54,40,122,138,120,18,2,0.8696,0.9836,0.8571
2,clab-nebula-serf57,40,124,138,121,17,3,0.8768,0.9758,0.8582
2,clab-nebula-serf24,40,93,109,89,20,4,0.8165,0.957,0.7876
2,clab-nebula-serf42,40,101,109,97,12,4,0.8899,0.9604,0.8584
2,clab-nebula-serf48,40,121,138,119,19,2,0.8623,0.9835,0.85
2,clab-nebula-serf2,40,84,101,80,21,4,0.7921,0.9524,0.7619
2,clab-nebula-serf21,40,107,111,102,9,5,0.9189,0.9533,0.8793
2,clab-nebula-serf67,40,122,138,119,19,3,0.8623,0.9754,0.844
2,clab-nebula-serf102,40,124,155,120,35,4,0.7742,0.9677,0.7547
2,clab-nebula-serf110,40,107,138,101,37,6,0.7319,0.9439,0.7014
2,clab-nebula-serf132,40,78,161,78,83,0,0.4845,1.0,0.4845
2,clab-nebula-serf134,40,57,161,57,104,0,0.354,1.0,0.354
2,clab-nebula-serf137,40,55,161,55,106,0,0.3416,1.0,0.3416
2,clab-nebula-serf10,40,120,138,118,20,2,0.8551,0.9833,0.8429
2,clab-nebula-serf46,40,121,138,119,19,2,0.8623,0.9835,0.85
2,clab-nebula-serf74,40,124,138,120,18,4,0.8696,0.9677,0.8451
2,clab-nebula-serf76,40,129,155,127,28,2,0.8194,0.9845,0.8089
2,clab-nebula-serf149,40,60,155,60,95,0,0.3871,1.0,0.3871
2,clab-nebula-serf20,40,102,103,96,7,6,0.932,0.9412,0.8807
2,clab-nebula-serf22,40,98,109,94,15,4,0.8624,0.9592,0.8319
2,clab-nebula-serf160,40,58,155,58,97,0,0.3742,1.0,0.3742
2,clab-nebula-serf31,40,119,138,117,21,2,0.8478,0.9832,0.8357
2,clab-nebula-serf93,40,125,138,121,17,4,0.8768,0.968,0.8521
2,clab-nebula-serf122,40,133,155,131,24,2,0.8452,0.985,0.8344
2,clab-nebula-serf38,40,121,138,119,19,2,0.8623,0.9835,0.85
2,clab-nebula-serf55,40,121,138,119,19,2,0.8623,0.9835,0.85
2,clab-nebula-serf79,40,135,155,133,22,2,0.8581,0.9852,0.8471
2,clab-nebula-serf113,40,139,155,137,18,2,0.8839,0.9856,0.8726
2,clab-nebula-serf120,40,3,4,2,2,1,0.5,0.6667,0.4
2,clab-nebula-serf128,40,145,155,143,12,2,0.9226,0.9862,0.9108
2,clab-nebula-serf8,40,105,138,103,35,2,0.7464,0.981,0.7357
2,clab-nebula-serf27,40,92,109,88,21,4,0.8073,0.9565,0.7788
2,clab-nebula-serf78,40,123,138,120,18,3,0.8696,0.9756,0.8511
2,clab-nebula-serf104,40,145,155,143,12,2,0.9226,0.9862,0.9108
2,clab-nebula-serf133,40,59,161,59,102,0,0.3665,1.0,0.3665
2,clab-nebula-serf64,40,116,138,114,24,2,0.8261,0.9828,0.8143
2,clab-nebula-serf73,40,130,155,128,27,2,0.8258,0.9846,0.8153
2,clab-nebula-serf118,40,3,4,2,2,1,0.5,0.6667,0.4
2,clab-nebula-serf5,40,92,102,87,15,5,0.8529,0.9457,0.8131
2,clab-nebula-serf87,40,120,142,117,25,3,0.8239,0.975,0.8069
2,clab-nebula-serf88,40,120,142,117,25,3,0.8239,0.975,0.8069
2,clab-nebula-serf153,40,55,155,55,100,0,0.3548,1.0,0.3548
2,clab-nebula-serf53,40,121,138,119,19,2,0.8623,0.9835,0.85
2,clab-nebula-serf69,40,125,138,120,18,5,0.8696,0.96,0.8392
2,clab-nebula-serf60,40,124,138,121,17,3,0.8768,0.9758,0.8582
2,clab-nebula-serf145,40,56,161,56,105,0,0.3478,1.0,0.3478
2,clab-nebula-serf6,40,117,138,115,23,2,0.8333,0.9829,0.8214
2,clab-nebula-serf11,40,120,138,118,20,2,0.8551,0.9833,0.8429
2,clab-nebula-serf98,40,121,155,116,39,5,0.7484,0.9587,0.725
2,clab-nebula-serf138,40,55,161,55,106,0,0.3416,1.0,0.3416
2,clab-nebula-serf150,40,54,155,54,101,0,0.3484,1.0,0.3484
2,clab-nebula-serf18,40,120,138,118,20,2,0.8551,0.9833,0.8429
2,clab-nebula-serf30,40,119,138,117,21,2,0.8478,0.9832,0.8357
2,clab-nebula-serf44,40,124,138,121,17,3,0.8768,0.9758,0.8582
2,clab-nebula-serf131,40,69,161,69,92,0,0.4286,1.0,0.4286
2,clab-nebula-serf35,40,111,111,105,6,6,0.9459,0.9459,0.8974
2,clab-nebula-serf40,40,118,138,116,22,2,0.8406,0.9831,0.8286
2,clab-nebula-serf144,40,95,161,95,66,0,0.5901,1.0,0.5901
2,clab-nebula-serf152,40,89,155,89,66,0,0.5742,1.0,0.5742
2,clab-nebula-serf162,40,35,155,35,120,0,0.2258,1.0,0.2258
2,clab-nebula-serf41,40,99,109,95,14,4,0.8716,0.9596,0.8407
2,clab-nebula-serf72,40,125,138,120,18,5,0.8696,0.96,0.8392
2,clab-nebula-serf141,40,59,161,59,102,0,0.3665,1.0,0.3665
2,clab-nebula-serf25,40,102,103,96,7,6,0.932,0.9412,0.8807
2,clab-nebula-serf50,40,122,138,119,19,3,0.8623,0.9754,0.844
2,clab-nebula-serf51,40,121,138,119,19,2,0.8623,0.9835,0.85
2,clab-nebula-serf66,40,123,138,120,18,3,0.8696,0.9756,0.8511
2,clab-nebula-serf86,40,120,142,117,25,3,0.8239,0.975,0.8069
2,clab-nebula-serf90,40,122,138,119,19,3,0.8623,0.9754,0.844
2,clab-nebula-serf143,40,56,161,56,105,0,0.3478,1.0,0.3478
2,clab-nebula-serf7,40,117,138,115,23,2,0.8333,0.9829,0.8214
2,clab-nebula-serf37,40,121,138,119,19,2,0.8623,0.9835,0.85
2,clab-nebula-serf43,40,119,138,117,21,2,0.8478,0.9832,0.8357
2,clab-nebula-serf58,40,125,138,121,17,4,0.8768,0.968,0.8521
2,clab-nebula-serf61,40,124,138,121,17,3,0.8768,0.9758,0.8582
2,clab-nebula-serf112,40,64,138,64,74,0,0.4638,1.0,0.4638
2,clab-nebula-serf15,40,121,138,119,19,2,0.8623,0.9835,0.85
2,clab-nebula-serf16,40,121,138,119,19,2,0.8623,0.9835,0.85
2,clab-nebula-serf77,40,125,138,120,18,5,0.8696,0.96,0.8392
2,clab-nebula-serf121,40,138,155,136,19,2,0.8774,0.9855,0.8662
2,clab-nebula-serf140,40,52,161,52,109,0,0.323,1.0,0.323
2,clab-nebula-serf148,40,52,155,52,103,0,0.3355,1.0,0.3355
2,clab-nebula-serf154,40,55,155,55,100,0,0.3548,1.0,0.3548
2,clab-nebula-serf156,40,61,155,61,94,0,0.3935,1.0,0.3935
2,clab-nebula-serf23,40,91,109,87,22,4,0.7982,0.956,0.7699
2,clab-nebula-serf39,40,124,138,121,17,3,0.8768,0.9758,0.8582
2,clab-nebula-serf62,40,120,138,118,20,2,0.8551,0.9833,0.8429
2,clab-nebula-serf107,40,144,155,142,13,2,0.9161,0.9861,0.9045
2,clab-nebula-serf115,40,3,35,3,32,0,0.0857,1.0,0.0857
2,clab-nebula-serf151,40,55,155,55,100,0,0.3548,1.0,0.3548
2,clab-nebula-serf158,40,52,155,52,103,0,0.3355,1.0,0.3355
2,clab-nebula-serf28,40,61,130,59,71,2,0.4538,0.9672,0.447
2,clab-nebula-serf29,40,92,109,88,21,4,0.8073,0.9565,0.7788
2,clab-nebula-serf130,45,84,161,84,77,0,0.5217,1.0,0.5217
2,clab-nebula-serf161,45,79,155,79,76,0,0.5097,1.0,0.5097
2,clab-nebula-serf32,45,124,138,121,17,3,0.8768,0.9758,0.8582
2,clab-nebula-serf63,45,124,138,121,17,3,0.8768,0.9758,0.8582
2,clab-nebula-serf45,45,124,138,121,17,3,0.8768,0.9758,0.8582
2,clab-nebula-serf49,45,135,138,130,8,5,0.942,0.963,0.9091
2,clab-nebula-serf83,45,128,143,121,22,7,0.8462,0.9453,0.8067
2,clab-nebula-serf91,45,146,155,144,11,2,0.929,0.9863,0.9172
2,clab-nebula-serf136,45,95,161,95,66,0,0.5901,1.0,0.5901
2,clab-nebula-serf146,45,78,161,78,83,0,0.4845,1.0,0.4845
2,clab-nebula-serf12,45,121,138,119,19,2,0.8623,0.9835,0.85
2,clab-nebula-serf19,45,123,138,121,17,2,0.8768,0.9837,0.8643
2,clab-nebula-serf80,45,152,155,150,5,2,0.9677,0.9868,0.9554
2,clab-nebula-serf111,45,154,155,152,3,2,0.9806,0.987,0.9682
2,clab-nebula-serf109,45,155,155,153,2,2,0.9871,0.9871,0.9745
2,clab-nebula-serf147,45,87,155,87,68,0,0.5613,1.0,0.5613
2,clab-nebula-serf4,45,109,138,107,31,2,0.7754,0.9817,0.7643
2,clab-nebula-serf100,45,150,155,145,10,5,0.9355,0.9667,0.9062
2,clab-nebula-serf75,45,135,155,133,22,2,0.8581,0.9852,0.8471
2,clab-nebula-serf89,45,127,142,124,18,3,0.8732,0.9764,0.8552
2,clab-nebula-serf101,45,148,155,143,12,5,0.9226,0.9662,0.8938
2,clab-nebula-serf105,45,153,155,151,4,2,0.9742,0.9869,0.9618
2,clab-nebula-serf65,45,126,138,121,17,5,0.8768,0.9603,0.8462
2,clab-nebula-serf68,45,135,155,133,22,2,0.8581,0.9852,0.8471
2,clab-nebula-serf94,45,145,155,143,12,2,0.9226,0.9862,0.9108
2,clab-nebula-serf103,45,150,155,145,10,5,0.9355,0.9667,0.9062
2,clab-nebula-serf117,45,10,136,10,126,0,0.0735,1.0,0.0735
2,clab-nebula-serf127,45,146,155,144,11,2,0.929,0.9863,0.9172
2,clab-nebula-serf129,45,142,155,140,15,2,0.9032,0.9859,0.8917
2,clab-nebula-serf155,45,82,155,82,73,0,0.529,1.0,0.529
2,clab-nebula-serf3,45,109,138,107,31,2,0.7754,0.9817,0.7643
2,clab-nebula-serf14,45,121,138,119,19,2,0.8623,0.9835,0.85
2,clab-nebula-serf142,45,59,161,59,102,0,0.3665,1.0,0.3665
2,clab-nebula-serf96,45,147,155,142,13,5,0.9161,0.966,0.8875
2,clab-nebula-serf116,45,6,130,5,125,1,0.0385,0.8333,0.0382
2,clab-nebula-serf56,45,151,155,149,6,2,0.9613,0.9868,0.949
2,clab-nebula-serf59,45,153,155,151,4,2,0.9742,0.9869,0.9618
2,clab-nebula-serf70,45,147,155,145,10,2,0.9355,0.9864,0.9236
2,clab-nebula-serf81,45,153,155,151,4,2,0.9742,0.9869,0.9618
2,clab-nebula-serf95,45,142,155,140,15,2,0.9032,0.9859,0.8917
2,clab-nebula-serf114,45,152,155,146,9,6,0.9419,0.9605,0.9068
2,clab-nebula-serf9,45,120,138,118,20,2,0.8551,0.9833,0.8429
2,clab-nebula-serf17,45,124,138,121,17,3,0.8768,0.9758,0.8582
2,clab-nebula-serf139,45,95,161,95,66,0,0.5901,1.0,0.5901
2,clab-nebula-serf52,45,134,155,132,23,2,0.8516,0.9851,0.8408
2,clab-nebula-serf71,45,146,155,144,11,2,0.929,0.9863,0.9172
2,clab-nebula-serf26,45,124,138,121,17,3,0.8768,0.9758,0.8582
2,clab-nebula-serf34,45,124,138,121,17,3,0.8768,0.9758,0.8582
2,clab-nebula-serf126,45,146,155,144,11,2,0.929,0.9863,0.9172
2,clab-nebula-serf36,45,124,138,121,17,3,0.8768,0.9758,0.8582
2,clab-nebula-serf82,45,94,128,89,39,5,0.6953,0.9468,0.6692
2,clab-nebula-serf85,45,134,155,132,23,2,0.8516,0.9851,0.8408
2,clab-nebula-serf97,45,149,155,144,11,5,0.929,0.9664,0.9
2,clab-nebula-serf99,45,148,155,143,12,5,0.9226,0.9662,0.8938
2,clab-nebula-serf124,45,145,155,143,12,2,0.9226,0.9862,0.9108
2,clab-nebula-serf157,45,70,155,70,85,0,0.4516,1.0,0.4516
2,clab-nebula-serf159,45,70,155,70,85,0,0.4516,1.0,0.4516
2,clab-nebula-serf1,45,117,138,115,23,2,0.8333,0.9829,0.8214
2,clab-nebula-serf33,45,128,138,124,14,4,0.8986,0.9688,0.8732
2,clab-nebula-serf123,45,152,155,150,5,2,0.9677,0.9868,0.9554
2,clab-nebula-serf135,45,91,161,91,70,0,0.5652,1.0,0.5652
2,clab-nebula-serf13,45,124,138,121,17,3,0.8768,0.9758,0.8582
2,clab-nebula-serf47,45,126,138,123,15,3,0.8913,0.9762,0.8723
2,clab-nebula-serf84,45,119,138,117,21,2,0.8478,0.9832,0.8357
2,clab-nebula-serf92,45,137,155,135,20,2,0.871,0.9854,0.8599
2,clab-nebula-serf106,45,145,155,143,12,2,0.9226,0.9862,0.9108
2,clab-nebula-serf108,45,149,155,147,8,2,0.9484,0.9866,0.9363
2,clab-nebula-serf119,45,5,136,5,131,0,0.0368,1.0,0.0368
2,clab-nebula-serf125,45,146,155,144,11,2,0.929,0.9863,0.9172
2,clab-nebula-serf54,45,126,138,122,16,4,0.8841,0.9683,0.8592
2,clab-nebula-serf57,45,144,155,142,13,2,0.9161,0.9861,0.9045
2,clab-nebula-serf24,45,103,103,97,6,6,0.9417,0.9417,0.8899
2,clab-nebula-serf42,45,117,138,115,23,2,0.8333,0.9829,0.8214
2,clab-nebula-serf48,45,124,138,121,17,3,0.8768,0.9758,0.8582
2,clab-nebula-serf2,45,99,130,94,36,5,0.7231,0.9495,0.6963
2,clab-nebula-serf21,45,121,138,119,19,2,0.8623,0.9835,0.85
2,clab-nebula-serf67,45,135,155,133,22,2,0.8581,0.9852,0.8471
2,clab-nebula-serf102,45,144,155,139,16,5,0.8968,0.9653,0.8688
2,clab-nebula-serf110,45,143,155,141,14,2,0.9097,0.986,0.8981
2,clab-nebula-serf132,45,104,155,98,57,6,0.6323,0.9423,0.6087
2,clab-nebula-serf134,45,91,161,91,70,0,0.5652,1.0,0.5652
2,clab-nebula-serf137,45,90,161,90,71,0,0.559,1.0,0.559
2,clab-nebula-serf10,45,121,138,119,19,2,0.8623,0.9835,0.85
2,clab-nebula-serf46,45,124,138,121,17,3,0.8768,0.9758,0.8582
2,clab-nebula-serf74,45,145,155,143,12,2,0.9226,0.9862,0.9108
2,clab-nebula-serf76,45,153,155,151,4,2,0.9742,0.9869,0.9618
2,clab-nebula-serf149,45,89,155,89,66,0,0.5742,1.0,0.5742
2,clab-nebula-serf20,45,118,138,116,22,2,0.8406,0.9831,0.8286
2,clab-nebula-serf22,45,117,138,115,23,2,0.8333,0.9829,0.8214
2,clab-nebula-serf160,45,82,155,82,73,0,0.529,1.0,0.529
2,clab-nebula-serf31,45,124,138,121,17,3,0.8768,0.9758,0.8582
2,clab-nebula-serf93,45,142,155,140,15,2,0.9032,0.9859,0.8917
2,clab-nebula-serf122,45,144,155,142,13,2,0.9161,0.9861,0.9045
2,clab-nebula-serf38,45,124,138,121,17,3,0.8768,0.9758,0.8582
2,clab-nebula-serf55,45,126,138,122,16,4,0.8841,0.9683,0.8592
2,clab-nebula-serf79,45,153,155,151,4,2,0.9742,0.9869,0.9618
2,clab-nebula-serf113,45,156,155,150,5,6,0.9677,0.9615,0.9317
2,clab-nebula-serf120,45,5,136,5,131,0,0.0368,1.0,0.0368
2,clab-nebula-serf128,45,150,155,148,7,2,0.9548,0.9867,0.9427
2,clab-nebula-serf8,45,120,138,118,20,2,0.8551,0.9833,0.8429
2,clab-nebula-serf27,45,98,109,94,15,4,0.8624,0.9592,0.8319
2,clab-nebula-serf78,45,140,155,138,17,2,0.8903,0.9857,0.879
2,clab-nebula-serf104,45,153,155,151,4,2,0.9742,0.9869,0.9618
2,clab-nebula-serf133,45,92,161,92,69,0,0.5714,1.0,0.5714
2,clab-nebula-serf64,45,123,138,120,18,3,0.8696,0.9756,0.8511
2,clab-nebula-serf73,45,151,155,149,6,2,0.9613,0.9868,0.949
2,clab-nebula-serf118,45,5,136,5,131,0,0.0368,1.0,0.0368
2,clab-nebula-serf5,45,108,138,106,32,2,0.7681,0.9815,0.7571
2,clab-nebula-serf87,45,132,142,129,13,3,0.9085,0.9773,0.8897
2,clab-nebula-serf88,45,127,142,124,18,3,0.8732,0.9764,0.8552
2,clab-nebula-serf153,45,81,155,81,74,0,0.5226,1.0,0.5226
2,clab-nebula-serf53,45,125,138,121,17,4,0.8768,0.968,0.8521
2,clab-nebula-serf69,45,147,155,145,10,2,0.9355,0.9864,0.9236
2,clab-nebula-serf60,45,143,155,141,14,2,0.9097,0.986,0.8981
2,clab-nebula-serf145,45,66,161,66,95,0,0.4099,1.0,0.4099
2,clab-nebula-serf6,45,120,138,118,20,2,0.8551,0.9833,0.8429
2,clab-nebula-serf11,45,124,138,121,17,3,0.8768,0.9758,0.8582
2,clab-nebula-serf98,45,144,155,139,16,5,0.8968,0.9653,0.8688
2,clab-nebula-serf138,45,90,161,90,71,0,0.559,1.0,0.559
2,clab-nebula-serf150,45,79,155,79,76,0,0.5097,1.0,0.5097
2,clab-nebula-serf18,45,123,138,121,17,2,0.8768,0.9837,0.8643
2,clab-nebula-serf30,45,124,138,121,17,3,0.8768,0.9758,0.8582
2,clab-nebula-serf44,45,127,138,124,14,3,0.8986,0.9764,0.8794
2,clab-nebula-serf131,45,95,161,95,66,0,0.5901,1.0,0.5901
2,clab-nebula-serf35,45,121,138,119,19,2,0.8623,0.9835,0.85
2,clab-nebula-serf40,45,122,138,120,18,2,0.8696,0.9836,0.8571
2,clab-nebula-serf144,45,126,155,120,35,6,0.7742,0.9524,0.7453
2,clab-nebula-serf152,45,122,155,122,33,0,0.7871,1.0,0.7871
2,clab-nebula-serf162,45,40,155,40,115,0,0.2581,1.0,0.2581
2,clab-nebula-serf41,45,118,138,116,22,2,0.8406,0.9831,0.8286
2,clab-nebula-serf72,45,150,155,148,7,2,0.9548,0.9867,0.9427
2,clab-nebula-serf141,45,90,161,90,71,0,0.559,1.0,0.559
2,clab-nebula-serf25,45,119,138,117,21,2,0.8478,0.9832,0.8357
2,clab-nebula-serf50,45,125,138,122,16,3,0.8841,0.976,0.8652
2,clab-nebula-serf51,45,126,138,122,16,4,0.8841,0.9683,0.8592
2,clab-nebula-serf66,45,136,155,134,21,2,0.8645,0.9853,0.8535
2,clab-nebula-serf86,45,134,142,131,11,3,0.9225,0.9776,0.9034
2,clab-nebula-serf90,45,137,155,135,20,2,0.871,0.9854,0.8599
2,clab-nebula-serf143,45,66,161,66,95,0,0.4099,1.0,0.4099
2,clab-nebula-serf7,45,120,138,118,20,2,0.8551,0.9833,0.8429
2,clab-nebula-serf37,45,124,138,121,17,3,0.8768,0.9758,0.8582
2,clab-nebula-serf43,45,124,138,121,17,3,0.8768,0.9758,0.8582
2,clab-nebula-serf58,45,153,155,151,4,2,0.9742,0.9869,0.9618
2,clab-nebula-serf61,45,149,155,147,8,2,0.9484,0.9866,0.9363
2,clab-nebula-serf112,45,103,138,101,37,2,0.7319,0.9806,0.7214
2,clab-nebula-serf15,45,124,138,121,17,3,0.8768,0.9758,0.8582
2,clab-nebula-serf16,45,126,138,122,16,4,0.8841,0.9683,0.8592
2,clab-nebula-serf77,45,151,155,149,6,2,0.9613,0.9868,0.949
2,clab-nebula-serf121,45,148,155,146,9,2,0.9419,0.9865,0.9299
2,clab-nebula-serf140,45,82,161,82,79,0,0.5093,1.0,0.5093
2,clab-nebula-serf148,45,68,155,68,87,0,0.4387,1.0,0.4387
2,clab-nebula-serf154,45,79,155,79,76,0,0.5097,1.0,0.5097
2,clab-nebula-serf156,45,99,155,99,56,0,0.6387,1.0,0.6387
2,clab-nebula-serf23,45,99,109,95,14,4,0.8716,0.9596,0.8407
2,clab-nebula-serf39,45,138,155,136,19,2,0.8774,0.9855,0.8662
2,clab-nebula-serf62,45,124,138,121,17,3,0.8768,0.9758,0.8582
2,clab-nebula-serf107,45,149,155,147,8,2,0.9484,0.9866,0.9363
2,clab-nebula-serf115,45,6,35,6,29,0,0.1714,1.0,0.1714
2,clab-nebula-serf151,45,81,155,81,74,0,0.5226,1.0,0.5226
2,clab-nebula-serf158,45,68,155,68,87,0,0.4387,1.0,0.4387
2,clab-nebula-serf28,45,91,109,87,22,4,0.7982,0.956,0.7699
2,clab-nebula-serf29,45,98,109,94,15,4,0.8624,0.9592,0.8319
2,clab-nebula-serf130,50,111,155,105,50,6,0.6774,0.9459,0.6522
2,clab-nebula-serf161,50,117,155,117,38,0,0.7548,1.0,0.7548
2,clab-nebula-serf32,50,137,138,130,8,7,0.942,0.9489,0.8966
2,clab-nebula-serf63,50,128,138,123,15,5,0.8913,0.9609,0.8601
2,clab-nebula-serf45,50,145,143,138,5,7,0.965,0.9517,0.92
2,clab-nebula-serf49,50,154,155,152,3,2,0.9806,0.987,0.9682
2,clab-nebula-serf83,50,140,155,138,17,2,0.8903,0.9857,0.879
2,clab-nebula-serf91,50,154,155,152,3,2,0.9806,0.987,0.9682
2,clab-nebula-serf136,50,124,155,118,37,6,0.7613,0.9516,0.7329
2,clab-nebula-serf146,50,114,155,108,47,6,0.6968,0.9474,0.6708
2,clab-nebula-serf12,50,127,138,123,15,4,0.8913,0.9685,0.8662
2,clab-nebula-serf19,50,142,155,140,15,2,0.9032,0.9859,0.8917
2,clab-nebula-serf80,50,154,155,152,3,2,0.9806,0.987,0.9682
2,clab-nebula-serf111,50,158,155,155,0,3,1.0,0.981,0.981
2,clab-nebula-serf109,50,159,155,155,0,4,1.0,0.9748,0.9748
2,clab-nebula-serf147,50,120,155,120,35,0,0.7742,1.0,0.7742
2,clab-nebula-serf4,50,120,138,118,20,2,0.8551,0.9833,0.8429
2,clab-nebula-serf100,50,159,155,153,2,6,0.9871,0.9623,0.9503
2,clab-nebula-serf75,50,154,155,152,3,2,0.9806,0.987,0.9682
2,clab-nebula-serf89,50,137,142,133,9,4,0.9366,0.9708,0.911
2,clab-nebula-serf101,50,157,155,151,4,6,0.9742,0.9618,0.9379
2,clab-nebula-serf105,50,155,155,153,2,2,0.9871,0.9871,0.9745
2,clab-nebula-serf65,50,152,155,150,5,2,0.9677,0.9868,0.9554
2,clab-nebula-serf68,50,154,155,152,3,2,0.9806,0.987,0.9682
2,clab-nebula-serf94,50,154,155,152,3,2,0.9806,0.987,0.9682
2,clab-nebula-serf103,50,159,155,153,2,6,0.9871,0.9623,0.9503
2,clab-nebula-serf117,50,21,136,20,116,1,0.1471,0.9524,0.146
2,clab-nebula-serf127,50,156,155,154,1,2,0.9935,0.9872,0.9809
2,clab-nebula-serf129,50,149,155,147,8,2,0.9484,0.9866,0.9363
2,clab-nebula-serf155,50,117,155,117,38,0,0.7548,1.0,0.7548
2,clab-nebula-serf3,50,119,138,117,21,2,0.8478,0.9832,0.8357
2,clab-nebula-serf14,50,126,138,122,16,4,0.8841,0.9683,0.8592
2,clab-nebula-serf142,50,95,161,95,66,0,0.5901,1.0,0.5901
2,clab-nebula-serf96,50,153,155,147,8,6,0.9484,0.9608,0.913
2,clab-nebula-serf116,50,14,160,13,147,1,0.0813,0.9286,0.0807
2,clab-nebula-serf56,50,154,155,152,3,2,0.9806,0.987,0.9682
2,clab-nebula-serf59,50,154,155,152,3,2,0.9806,0.987,0.9682
2,clab-nebula-serf70,50,154,155,152,3,2,0.9806,0.987,0.9682
2,clab-nebula-serf81,50,154,155,152,3,2,0.9806,0.987,0.9682
2,clab-nebula-serf95,50,154,155,152,3,2,0.9806,0.987,0.9682
2,clab-nebula-serf114,50,158,155,152,3,6,0.9806,0.962,0.9441
2,clab-nebula-serf9,50,125,138,121,17,4,0.8768,0.968,0.8521
2,clab-nebula-serf17,50,150,155,148,7,2,0.9548,0.9867,0.9427
2,clab-nebula-serf139,50,121,155,115,40,6,0.7419,0.9504,0.7143
2,clab-nebula-serf52,50,154,155,152,3,2,0.9806,0.987,0.9682
2,clab-nebula-serf71,50,154,155,152,3,2,0.9806,0.987,0.9682
2,clab-nebula-serf26,50,137,143,131,12,6,0.9161,0.9562,0.8792
2,clab-nebula-serf34,50,149,155,147,8,2,0.9484,0.9866,0.9363
2,clab-nebula-serf126,50,156,155,154,1,2,0.9935,0.9872,0.9809
2,clab-nebula-serf36,50,137,155,135,20,2,0.871,0.9854,0.8599
2,clab-nebula-serf82,50,111,138,109,29,2,0.7899,0.982,0.7786
2,clab-nebula-serf85,50,149,155,147,8,2,0.9484,0.9866,0.9363
2,clab-nebula-serf97,50,159,155,153,2,6,0.9871,0.9623,0.9503
2,clab-nebula-serf99,50,159,155,153,2,6,0.9871,0.9623,0.9503
2,clab-nebula-serf124,50,156,155,150,5,6,0.9677,0.9615,0.9317
2,clab-nebula-serf157,50,109,155,109,46,0,0.7032,1.0,0.7032
2,clab-nebula-serf159,50,108,155,108,47,0,0.6968,1.0,0.6968
2,clab-nebula-serf1,50,121,138,119,19,2,0.8623,0.9835,0.85
2,clab-nebula-serf33,50,154,155,152,3,2,0.9806,0.987,0.9682
2,clab-nebula-serf123,50,158,155,154,1,4,0.9935,0.9747,0.9686
2,clab-nebula-serf135,50,112,155,106,49,6,0.6839,0.9464,0.6584
2,clab-nebula-serf13,50,144,155,142,13,2,0.9161,0.9861,0.9045
2,clab-nebula-serf47,50,154,155,152,3,2,0.9806,0.987,0.9682
2,clab-nebula-serf84,50,128,138,121,17,7,0.8768,0.9453,0.8345
2,clab-nebula-serf92,50,154,155,152,3,2,0.9806,0.987,0.9682
2,clab-nebula-serf106,50,153,155,151,4,2,0.9742,0.9869,0.9618
2,clab-nebula-serf108,50,155,155,153,2,2,0.9871,0.9871,0.9745
2,clab-nebula-serf119,50,17,136,16,120,1,0.1176,0.9412,0.1168
2,clab-nebula-serf125,50,155,155,153,2,2,0.9871,0.9871,0.9745
2,clab-nebula-serf54,50,153,155,151,4,2,0.9742,0.9869,0.9618
2,clab-nebula-serf57,50,154,155,152,3,2,0.9806,0.987,0.9682
2,clab-nebula-serf24,50,120,138,118,20,2,0.8551,0.9833,0.8429
2,clab-nebula-serf42,50,123,138,121,17,2,0.8768,0.9837,0.8643
2,clab-nebula-serf48,50,141,143,135,8,6,0.9441,0.9574,0.906
2,clab-nebula-serf2,50,114,138,112,26,2,0.8116,0.9825,0.8
2,clab-nebula-serf21,50,124,138,121,17,3,0.8768,0.9758,0.8582
2,clab-nebula-serf67,50,154,155,152,3,2,0.9806,0.987,0.9682
2,clab-nebula-serf102,50,157,155,151,4,6,0.9742,0.9618,0.9379
2,clab-nebula-serf110,50,148,155,146,9,2,0.9419,0.9865,0.9299
2,clab-nebula-serf132,50,132,155,126,29,6,0.8129,0.9545,0.7826
2,clab-nebula-serf134,50,116,155,110,45,6,0.7097,0.9483,0.6832
2,clab-nebula-serf137,50,115,155,109,46,6,0.7032,0.9478,0.677
2,clab-nebula-serf10,50,129,138,125,13,4,0.9058,0.969,0.8803
2,clab-nebula-serf46,50,127,138,124,14,3,0.8986,0.9764,0.8794
2,clab-nebula-serf74,50,154,155,152,3,2,0.9806,0.987,0.9682
2,clab-nebula-serf76,50,154,155,152,3,2,0.9806,0.987,0.9682
2,clab-nebula-serf149,50,124,155,124,31,0,0.8,1.0,0.8
2,clab-nebula-serf20,50,124,138,121,17,3,0.8768,0.9758,0.8582
2,clab-nebula-serf22,50,122,138,119,19,3,0.8623,0.9754,0.844
2,clab-nebula-serf160,50,118,155,118,37,0,0.7613,1.0,0.7613
2,clab-nebula-serf31,50,129,138,125,13,4,0.9058,0.969,0.8803
2,clab-nebula-serf93,50,154,155,152,3,2,0.9806,0.987,0.9682
2,clab-nebula-serf122,50,154,155,152,3,2,0.9806,0.987,0.9682
2,clab-nebula-serf38,50,133,138,126,12,7,0.913,0.9474,0.869
2,clab-nebula-serf55,50,153,155,151,4,2,0.9742,0.9869,0.9618
2,clab-nebula-serf79,50,154,155,152,3,2,0.9806,0.987,0.9682
2,clab-nebula-serf113,50,159,155,153,2,6,0.9871,0.9623,0.9503
2,clab-nebula-serf120,50,14,136,13,123,1,0.0956,0.9286,0.0949
2,clab-nebula-serf128,50,155,155,153,2,2,0.9871,0.9871,0.9745
2,clab-nebula-serf8,50,122,138,120,18,2,0.8696,0.9836,0.8571
2,clab-nebula-serf27,50,117,138,115,23,2,0.8333,0.9829,0.8214
2,clab-nebula-serf78,50,154,155,152,3,2,0.9806,0.987,0.9682
2,clab-nebula-serf104,50,155,155,153,2,2,0.9871,0.9871,0.9745
2,clab-nebula-serf133,50,117,155,111,44,6,0.7161,0.9487,0.6894
2,clab-nebula-serf64,50,128,138,122,16,6,0.8841,0.9531,0.8472
2,clab-nebula-serf73,50,154,155,152,3,2,0.9806,0.987,0.9682
2,clab-nebula-serf118,50,15,136,14,122,1,0.1029,0.9333,0.1022
2,clab-nebula-serf5,50,118,138,116,22,2,0.8406,0.9831,0.8286
2,clab-nebula-serf87,50,145,144,137,7,8,0.9514,0.9448,0.9013
2,clab-nebula-serf88,50,136,142,132,10,4,0.9296,0.9706,0.9041
2,clab-nebula-serf153,50,114,155,114,41,0,0.7355,1.0,0.7355
2,clab-nebula-serf53,50,151,155,149,6,2,0.9613,0.9868,0.949
2,clab-nebula-serf69,50,154,155,152,3,2,0.9806,0.987,0.9682
2,clab-nebula-serf60,50,154,155,152,3,2,0.9806,0.987,0.9682
2,clab-nebula-serf145,50,104,155,98,57,6,0.6323,0.9423,0.6087
2,clab-nebula-serf6,50,124,138,121,17,3,0.8768,0.9758,0.8582
2,clab-nebula-serf11,50,142,155,140,15,2,0.9032,0.9859,0.8917
2,clab-nebula-serf98,50,156,155,150,5,6,0.9677,0.9615,0.9317
2,clab-nebula-serf138,50,115,155,109,46,6,0.7032,0.9478,0.677
2,clab-nebula-serf150,50,117,155,117,38,0,0.7548,1.0,0.7548
2,clab-nebula-serf18,50,140,155,138,17,2,0.8903,0.9857,0.879
2,clab-nebula-serf30,50,128,138,124,14,4,0.8986,0.9688,0.8732
2,clab-nebula-serf44,50,154,155,152,3,2,0.9806,0.987,0.9682
2,clab-nebula-serf131,50,122,155,116,39,6,0.7484,0.9508,0.7205
2,clab-nebula-serf35,50,124,138,121,17,3,0.8768,0.9758,0.8582
2,clab-nebula-serf40,50,126,138,122,16,4,0.8841,0.9683,0.8592
2,clab-nebula-serf144,50,141,155,135,20,6,0.871,0.9574,0.8385
2,clab-nebula-serf152,50,143,155,141,14,2,0.9097,0.986,0.8981
2,clab-nebula-serf162,50,54,155,54,101,0,0.3484,1.0,0.3484
2,clab-nebula-serf41,50,121,138,119,19,2,0.8623,0.9835,0.85
2,clab-nebula-serf72,50,154,155,152,3,2,0.9806,0.987,0.9682
2,clab-nebula-serf141,50,116,155,110,45,6,0.7097,0.9483,0.6832
2,clab-nebula-serf25,50,124,138,121,17,3,0.8768,0.9758,0.8582
2,clab-nebula-serf50,50,153,155,151,4,2,0.9742,0.9869,0.9618
2,clab-nebula-serf51,50,152,155,150,5,2,0.9677,0.9868,0.9554
2,clab-nebula-serf66,50,154,155,152,3,2,0.9806,0.987,0.9682
2,clab-nebula-serf86,50,145,144,137,7,8,0.9514,0.9448,0.9013
2,clab-nebula-serf90,50,154,155,152,3,2,0.9806,0.987,0.9682
2,clab-nebula-serf143,50,103,155,97,58,6,0.6258,0.9417,0.6025
2,clab-nebula-serf7,50,124,138,121,17,3,0.8768,0.9758,0.8582
2,clab-nebula-serf37,50,146,155,144,11,2,0.929,0.9863,0.9172
2,clab-nebula-serf43,50,126,138,123,15,3,0.8913,0.9762,0.8723
2,clab-nebula-serf58,50,154,155,152,3,2,0.9806,0.987,0.9682
2,clab-nebula-serf61,50,154,155,152,3,2,0.9806,0.987,0.9682
2,clab-nebula-serf112,50,136,155,134,21,2,0.8645,0.9853,0.8535
2,clab-nebula-serf15,50,151,155,149,6,2,0.9613,0.9868,0.949
2,clab-nebula-serf16,50,151,155,149,6,2,0.9613,0.9868,0.949
2,clab-nebula-serf77,50,154,155,152,3,2,0.9806,0.987,0.9682
2,clab-nebula-serf121,50,160,155,154,1,6,0.9935,0.9625,0.9565
2,clab-nebula-serf140,50,108,155,102,53,6,0.6581,0.9444,0.6335
2,clab-nebula-serf148,50,103,155,103,52,0,0.6645,1.0,0.6645
2,clab-nebula-serf154,50,113,155,113,42,0,0.729,1.0,0.729
2,clab-nebula-serf156,50,130,155,130,25,0,0.8387,1.0,0.8387
2,clab-nebula-serf23,50,117,138,115,23,2,0.8333,0.9829,0.8214
2,clab-nebula-serf39,50,154,155,152,3,2,0.9806,0.987,0.9682
2,clab-nebula-serf62,50,144,155,142,13,2,0.9161,0.9861,0.9045
2,clab-nebula-serf107,50,154,155,152,3,2,0.9806,0.987,0.9682
2,clab-nebula-serf115,50,23,138,22,116,1,0.1594,0.9565,0.1583
2,clab-nebula-serf151,50,114,155,114,41,0,0.7355,1.0,0.7355
2,clab-nebula-serf158,50,103,155,103,52,0,0.6645,1.0,0.6645
2,clab-nebula-serf28,50,95,109,91,18,4,0.8349,0.9579,0.8053
2,clab-nebula-serf29,50,115,138,113,25,2,0.8188,0.9826,0.8071
2,clab-nebula-serf130,55,136,155,130,25,6,0.8387,0.9559,0.8075
2,clab-nebula-serf161,55,139,155,137,18,2,0.8839,0.9856,0.8726
2,clab-nebula-serf32,55,154,155,152,3,2,0.9806,0.987,0.9682
2,clab-nebula-serf63,55,154,155,152,3,2,0.9806,0.987,0.9682
2,clab-nebula-serf45,55,154,155,152,3,2,0.9806,0.987,0.9682
2,clab-nebula-serf49,55,154,155,152,3,2,0.9806,0.987,0.9682
2,clab-nebula-serf83,55,154,155,152,3,2,0.9806,0.987,0.9682
2,clab-nebula-serf91,55,157,155,154,1,3,0.9935,0.9809,0.9747
2,clab-nebula-serf136,55,137,155,131,24,6,0.8452,0.9562,0.8137
2,clab-nebula-serf146,55,137,155,131,24,6,0.8452,0.9562,0.8137
2,clab-nebula-serf12,55,153,155,151,4,2,0.9742,0.9869,0.9618
2,clab-nebula-serf19,55,153,155,151,4,2,0.9742,0.9869,0.9618
2,clab-nebula-serf80,55,156,155,154,1,2,0.9935,0.9872,0.9809
2,clab-nebula-serf111,55,161,155,155,0,6,1.0,0.9627,0.9627
2,clab-nebula-serf109,55,161,155,155,0,6,1.0,0.9627,0.9627
2,clab-nebula-serf147,55,141,155,139,16,2,0.8968,0.9858,0.8854
2,clab-nebula-serf4,55,123,138,121,17,2,0.8768,0.9837,0.8643
2,clab-nebula-serf100,55,160,155,154,1,6,0.9935,0.9625,0.9565
2,clab-nebula-serf75,55,155,155,153,2,2,0.9871,0.9871,0.9745
2,clab-nebula-serf89,55,154,155,149,6,5,0.9613,0.9675,0.9313
2,clab-nebula-serf101,55,160,155,154,1,6,0.9935,0.9625,0.9565
2,clab-nebula-serf105,55,160,155,155,0,5,1.0,0.9688,0.9688
2,clab-nebula-serf65,55,154,155,152,3,2,0.9806,0.987,0.9682
2,clab-nebula-serf68,55,154,155,152,3,2,0.9806,0.987,0.9682
2,clab-nebula-serf94,55,157,155,154,1,3,0.9935,0.9809,0.9747
2,clab-nebula-serf103,55,161,155,155,0,6,1.0,0.9627,0.9627
2,clab-nebula-serf117,55,45,142,42,100,3,0.2958,0.9333,0.2897
2,clab-nebula-serf127,55,161,155,155,0,6,1.0,0.9627,0.9627
2,clab-nebula-serf129,55,155,155,153,2,2,0.9871,0.9871,0.9745
2,clab-nebula-serf155,55,137,155,135,20,2,0.871,0.9854,0.8599
2,clab-nebula-serf3,55,123,138,120,18,3,0.8696,0.9756,0.8511
2,clab-nebula-serf14,55,151,155,149,6,2,0.9613,0.9868,0.949
2,clab-nebula-serf142,55,126,155,120,35,6,0.7742,0.9524,0.7453
2,clab-nebula-serf96,55,160,155,154,1,6,0.9935,0.9625,0.9565
2,clab-nebula-serf116,55,40,159,38,121,2,0.239,0.95,0.236
2,clab-nebula-serf56,55,157,155,155,0,2,1.0,0.9873,0.9873
2,clab-nebula-serf59,55,157,155,155,0,2,1.0,0.9873,0.9873
2,clab-nebula-serf70,55,158,155,155,0,3,1.0,0.981,0.981
2,clab-nebula-serf81,55,157,155,154,1,3,0.9935,0.9809,0.9747
2,clab-nebula-serf95,55,154,155,152,3,2,0.9806,0.987,0.9682
2,clab-nebula-serf114,55,161,155,155,0,6,1.0,0.9627,0.9627
2,clab-nebula-serf9,55,151,155,149,6,2,0.9613,0.9868,0.949
2,clab-nebula-serf17,55,154,155,152,3,2,0.9806,0.987,0.9682
2,clab-nebula-serf139,55,137,155,131,24,6,0.8452,0.9562,0.8137
2,clab-nebula-serf52,55,154,155,152,3,2,0.9806,0.987,0.9682
2,clab-nebula-serf71,55,156,155,153,2,3,0.9871,0.9808,0.9684
2,clab-nebula-serf26,55,154,155,152,3,2,0.9806,0.987,0.9682
2,clab-nebula-serf34,55,154,155,152,3,2,0.9806,0.987,0.9682
2,clab-nebula-serf126,55,161,155,155,0,6,1.0,0.9627,0.9627
2,clab-nebula-serf36,55,154,155,152,3,2,0.9806,0.987,0.9682
2,clab-nebula-serf82,55,121,138,118,20,3,0.8551,0.9752,0.8369
2,clab-nebula-serf85,55,154,155,152,3,2,0.9806,0.987,0.9682
2,clab-nebula-serf97,55,161,155,155,0,6,1.0,0.9627,0.9627
2,clab-nebula-serf99,55,160,155,154,1,6,0.9935,0.9625,0.9565
2,clab-nebula-serf124,55,161,155,155,0,6,1.0,0.9627,0.9627
2,clab-nebula-serf157,55,136,155,134,21,2,0.8645,0.9853,0.8535
2,clab-nebula-serf159,55,136,155,134,21,2,0.8645,0.9853,0.8535
2,clab-nebula-serf1,55,133,138,129,9,4,0.9348,0.9699,0.9085
2,clab-nebula-serf33,55,154,155,152,3,2,0.9806,0.987,0.9682
2,clab-nebula-serf123,55,161,155,155,0,6,1.0,0.9627,0.9627
2,clab-nebula-serf135,55,137,155,131,24,6,0.8452,0.9562,0.8137
2,clab-nebula-serf13,55,154,155,152,3,2,0.9806,0.987,0.9682
2,clab-nebula-serf47,55,154,155,152,3,2,0.9806,0.987,0.9682
2,clab-nebula-serf84,55,142,155,140,15,2,0.9032,0.9859,0.8917
2,clab-nebula-serf92,55,154,155,152,3,2,0.9806,0.987,0.9682
2,clab-nebula-serf106,55,155,155,153,2,2,0.9871,0.9871,0.9745
2,clab-nebula-serf108,55,158,155,155,0,3,1.0,0.981,0.981
2,clab-nebula-serf119,55,27,144,26,118,1,0.1806,0.963,0.1793
2,clab-nebula-serf125,55,161,155,155,0,6,1.0,0.9627,0.9627
2,clab-nebula-serf54,55,154,155,152,3,2,0.9806,0.987,0.9682
2,clab-nebula-serf57,55,155,155,153,2,2,0.9871,0.9871,0.9745
2,clab-nebula-serf24,55,124,138,121,17,3,0.8768,0.9758,0.8582
2,clab-nebula-serf42,55,127,138,123,15,4,0.8913,0.9685,0.8662
2,clab-nebula-serf48,55,154,155,152,3,2,0.9806,0.987,0.9682
2,clab-nebula-serf2,55,120,138,118,20,2,0.8551,0.9833,0.8429
2,clab-nebula-serf21,55,133,138,129,9,4,0.9348,0.9699,0.9085
2,clab-nebula-serf67,55,154,155,152,3,2,0.9806,0.987,0.9682
2,clab-nebula-serf102,55,160,155,154,1,6,0.9935,0.9625,0.9565
2,clab-nebula-serf110,55,154,155,152,3,2,0.9806,0.987,0.9682
2,clab-nebula-serf132,55,144,155,138,17,6,0.8903,0.9583,0.8571
2,clab-nebula-serf134,55,137,155,131,24,6,0.8452,0.9562,0.8137
2,clab-nebula-serf137,55,137,155,131,24,6,0.8452,0.9562,0.8137
2,clab-nebula-serf10,55,153,155,151,4,2,0.9742,0.9869,0.9618
2,clab-nebula-serf46,55,154,155,152,3,2,0.9806,0.987,0.9682
2,clab-nebula-serf74,55,155,155,153,2,2,0.9871,0.9871,0.9745
2,clab-nebula-serf76,55,158,155,155,0,3,1.0,0.981,0.981
2,clab-nebula-serf149,55,143,155,141,14,2,0.9097,0.986,0.8981
2,clab-nebula-serf20,55,129,138,125,13,4,0.9058,0.969,0.8803
2,clab-nebula-serf22,55,125,138,122,16,3,0.8841,0.976,0.8652
2,clab-nebula-serf160,55,139,155,137,18,2,0.8839,0.9856,0.8726
2,clab-nebula-serf31,55,154,155,152,3,2,0.9806,0.987,0.9682
2,clab-nebula-serf93,55,156,155,153,2,3,0.9871,0.9808,0.9684
2,clab-nebula-serf122,55,161,155,155,0,6,1.0,0.9627,0.9627
2,clab-nebula-serf38,55,154,155,152,3,2,0.9806,0.987,0.9682
2,clab-nebula-serf55,55,154,155,152,3,2,0.9806,0.987,0.9682
2,clab-nebula-serf79,55,158,155,155,0,3,1.0,0.981,0.981
2,clab-nebula-serf113,55,161,155,155,0,6,1.0,0.9627,0.9627
2,clab-nebula-serf120,55,24,144,23,121,1,0.1597,0.9583,0.1586
2,clab-nebula-serf128,55,159,155,155,0,4,1.0,0.9748,0.9748
2,clab-nebula-serf8,55,130,138,126,12,4,0.913,0.9692,0.8873
2,clab-nebula-serf27,55,122,138,119,19,3,0.8623,0.9754,0.844
2,clab-nebula-serf78,55,155,155,153,2,2,0.9871,0.9871,0.9745
2,clab-nebula-serf104,55,159,155,155,0,4,1.0,0.9748,0.9748
2,clab-nebula-serf133,55,137,155,131,24,6,0.8452,0.9562,0.8137
2,clab-nebula-serf64,55,154,155,152,3,2,0.9806,0.987,0.9682
2,clab-nebula-serf73,55,158,155,155,0,3,1.0,0.981,0.981
2,clab-nebula-serf118,55,25,144,24,120,1,0.1667,0.96,0.1655
2,clab-nebula-serf5,55,121,138,119,19,2,0.8623,0.9835,0.85
2,clab-nebula-serf87,55,155,155,150,5,5,0.9677,0.9677,0.9375
2,clab-nebula-serf88,55,154,155,149,6,5,0.9613,0.9675,0.9313
2,clab-nebula-serf153,55,137,155,135,20,2,0.871,0.9854,0.8599
2,clab-nebula-serf53,55,154,155,152,3,2,0.9806,0.987,0.9682
2,clab-nebula-serf69,55,158,155,155,0,3,1.0,0.981,0.981
2,clab-nebula-serf60,55,154,155,152,3,2,0.9806,0.987,0.9682
2,clab-nebula-serf145,55,130,155,124,31,6,0.8,0.9538,0.7702
2,clab-nebula-serf6,55,151,155,149,6,2,0.9613,0.9868,0.949
2,clab-nebula-serf11,55,154,155,152,3,2,0.9806,0.987,0.9682
2,clab-nebula-serf98,55,160,155,154,1,6,0.9935,0.9625,0.9565
2,clab-nebula-serf138,55,137,155,131,24,6,0.8452,0.9562,0.8137
2,clab-nebula-serf150,55,141,155,139,16,2,0.8968,0.9858,0.8854
2,clab-nebula-serf18,55,151,155,149,6,2,0.9613,0.9868,0.949
2,clab-nebula-serf30,55,154,155,152,3,2,0.9806,0.987,0.9682
2,clab-nebula-serf44,55,154,155,152,3,2,0.9806,0.987,0.9682
2,clab-nebula-serf131,55,137,155,131,24,6,0.8452,0.9562,0.8137
2,clab-nebula-serf35,55,145,155,143,12,2,0.9226,0.9862,0.9108
2,clab-nebula-serf40,55,153,155,151,4,2,0.9742,0.9869,0.9618
2,clab-nebula-serf144,55,151,155,145,10,6,0.9355,0.9603,0.9006
2,clab-nebula-serf152,55,152,155,150,5,2,0.9677,0.9868,0.9554
2,clab-nebula-serf162,55,74,155,74,81,0,0.4774,1.0,0.4774
2,clab-nebula-serf41,55,126,138,122,16,4,0.8841,0.9683,0.8592
2,clab-nebula-serf72,55,158,155,155,0,3,1.0,0.981,0.981
2,clab-nebula-serf141,55,137,155,131,24,6,0.8452,0.9562,0.8137
2,clab-nebula-serf25,55,127,138,123,15,4,0.8913,0.9685,0.8662
2,clab-nebula-serf50,55,154,155,152,3,2,0.9806,0.987,0.9682
2,clab-nebula-serf51,55,154,155,152,3,2,0.9806,0.987,0.9682
2,clab-nebula-serf66,55,154,155,152,3,2,0.9806,0.987,0.9682
2,clab-nebula-serf86,55,155,155,150,5,5,0.9677,0.9677,0.9375
2,clab-nebula-serf90,55,155,155,152,3,3,0.9806,0.9806,0.962
2,clab-nebula-serf143,55,130,155,124,31,6,0.8,0.9538,0.7702
2,clab-nebula-serf7,55,151,155,149,6,2,0.9613,0.9868,0.949
2,clab-nebula-serf37,55,154,155,152,3,2,0.9806,0.987,0.9682
2,clab-nebula-serf43,55,154,155,152,3,2,0.9806,0.987,0.9682
2,clab-nebula-serf58,55,156,155,154,1,2,0.9935,0.9872,0.9809
2,clab-nebula-serf61,55,156,155,154,1,2,0.9935,0.9872,0.9809
2,clab-nebula-serf112,55,148,155,146,9,2,0.9419,0.9865,0.9299
2,clab-nebula-serf15,55,154,155,152,3,2,0.9806,0.987,0.9682
2,clab-nebula-serf16,55,155,155,153,2,2,0.9871,0.9871,0.9745
2,clab-nebula-serf77,55,158,155,155,0,3,1.0,0.981,0.981
2,clab-nebula-serf121,55,161,155,155,0,6,1.0,0.9627,0.9627
2,clab-nebula-serf140,55,136,155,130,25,6,0.8387,0.9559,0.8075
2,clab-nebula-serf148,55,133,155,133,22,0,0.8581,1.0,0.8581
2,clab-nebula-serf154,55,137,155,135,20,2,0.871,0.9854,0.8599
2,clab-nebula-serf156,55,145,155,143,12,2,0.9226,0.9862,0.9108
2,clab-nebula-serf23,55,122,138,119,19,3,0.8623,0.9754,0.844
2,clab-nebula-serf39,55,155,155,153,2,2,0.9871,0.9871,0.9745
2,clab-nebula-serf62,55,154,155,152,3,2,0.9806,0.987,0.9682
2,clab-nebula-serf107,55,157,155,155,0,2,1.0,0.9873,0.9873
2,clab-nebula-serf115,55,57,156,54,102,3,0.3462,0.9474,0.3396
2,clab-nebula-serf151,55,137,155,135,20,2,0.871,0.9854,0.8599
2,clab-nebula-serf158,55,136,155,134,21,2,0.8645,0.9853,0.8535
2,clab-nebula-serf28,55,111,128,105,23,6,0.8203,0.9459,0.7836
2,clab-nebula-serf29,55,122,138,119,19,3,0.8623,0.9754,0.844
2,clab-nebula-serf130,60,146,155,140,15,6,0.9032,0.9589,0.8696
2,clab-nebula-serf161,60,149,155,147,8,2,0.9484,0.9866,0.9363
2,clab-nebula-serf32,60,155,155,153,2,2,0.9871,0.9871,0.9745
2,clab-nebula-serf63,60,154,155,152,3,2,0.9806,0.987,0.9682
2,clab-nebula-serf45,60,155,155,153,2,2,0.9871,0.9871,0.9745
2,clab-nebula-serf49,60,157,155,155,0,2,1.0,0.9873,0.9873
2,clab-nebula-serf83,60,156,155,153,2,3,0.9871,0.9808,0.9684
2,clab-nebula-serf91,60,161,155,155,0,6,1.0,0.9627,0.9627
2,clab-nebula-serf136,60,149,155,143,12,6,0.9226,0.9597,0.8882
2,clab-nebula-serf146,60,146,155,140,15,6,0.9032,0.9589,0.8696
2,clab-nebula-serf12,60,155,155,153,2,2,0.9871,0.9871,0.9745
2,clab-nebula-serf19,60,157,155,155,0,2,1.0,0.9873,0.9873
2,clab-nebula-serf80,60,159,155,155,0,4,1.0,0.9748,0.9748
2,clab-nebula-serf111,60,161,155,155,0,6,1.0,0.9627,0.9627
2,clab-nebula-serf109,60,161,155,155,0,6,1.0,0.9627,0.9627
2,clab-nebula-serf147,60,152,155,150,5,2,0.9677,0.9868,0.9554
2,clab-nebula-serf4,60,141,155,139,16,2,0.8968,0.9858,0.8854
2,clab-nebula-serf100,60,161,155,155,0,6,1.0,0.9627,0.9627
2,clab-nebula-serf75,60,158,155,155,0,3,1.0,0.981,0.981
2,clab-nebula-serf89,60,158,155,153,2,5,0.9871,0.9684,0.9563
2,clab-nebula-serf101,60,161,155,155,0,6,1.0,0.9627,0.9627
2,clab-nebula-serf105,60,161,155,155,0,6,1.0,0.9627,0.9627
2,clab-nebula-serf65,60,155,155,153,2,2,0.9871,0.9871,0.9745
2,clab-nebula-serf68,60,158,155,155,0,3,1.0,0.981,0.981
2,clab-nebula-serf94,60,161,155,155,0,6,1.0,0.9627,0.9627
2,clab-nebula-serf103,60,161,155,155,0,6,1.0,0.9627,0.9627
2,clab-nebula-serf117,60,68,142,65,77,3,0.4577,0.9559,0.4483
2,clab-nebula-serf127,60,161,155,155,0,6,1.0,0.9627,0.9627
2,clab-nebula-serf129,60,158,155,155,0,3,1.0,0.981,0.981
2,clab-nebula-serf155,60,150,155,148,7,2,0.9548,0.9867,0.9427
2,clab-nebula-serf3,60,141,155,139,16,2,0.8968,0.9858,0.8854
2,clab-nebula-serf14,60,155,155,153,2,2,0.9871,0.9871,0.9745
2,clab-nebula-serf142,60,140,155,134,21,6,0.8645,0.9571,0.8323
2,clab-nebula-serf96,60,161,155,155,0,6,1.0,0.9627,0.9627
2,clab-nebula-serf116,60,88,138,84,54,4,0.6087,0.9545,0.5915
2,clab-nebula-serf56,60,158,155,155,0,3,1.0,0.981,0.981
2,clab-nebula-serf59,60,161,155,155,0,6,1.0,0.9627,0.9627
2,clab-nebula-serf70,60,161,155,155,0,6,1.0,0.9627,0.9627
2,clab-nebula-serf81,60,161,155,155,0,6,1.0,0.9627,0.9627
2,clab-nebula-serf95,60,159,155,155,0,4,1.0,0.9748,0.9748
2,clab-nebula-serf114,60,161,155,155,0,6,1.0,0.9627,0.9627
2,clab-nebula-serf9,60,154,155,152,3,2,0.9806,0.987,0.9682
2,clab-nebula-serf17,60,157,155,155,0,2,1.0,0.9873,0.9873
2,clab-nebula-serf139,60,149,155,143,12,6,0.9226,0.9597,0.8882
2,clab-nebula-serf52,60,157,155,155,0,2,1.0,0.9873,0.9873
2,clab-nebula-serf71,60,161,155,155,0,6,1.0,0.9627,0.9627
2,clab-nebula-serf26,60,155,155,153,2,2,0.9871,0.9871,0.9745
2,clab-nebula-serf34,60,156,155,154,1,2,0.9935,0.9872,0.9809
2,clab-nebula-serf126,60,161,155,155,0,6,1.0,0.9627,0.9627
2,clab-nebula-serf36,60,154,155,152,3,2,0.9806,0.987,0.9682
2,clab-nebula-serf82,60,148,155,146,9,2,0.9419,0.9865,0.9299
2,clab-nebula-serf85,60,157,155,154,1,3,0.9935,0.9809,0.9747
2,clab-nebula-serf97,60,161,155,155,0,6,1.0,0.9627,0.9627
2,clab-nebula-serf99,60,161,155,155,0,6,1.0,0.9627,0.9627
2,clab-nebula-serf124,60,161,155,155,0,6,1.0,0.9627,0.9627
2,clab-nebula-serf157,60,148,155,146,9,2,0.9419,0.9865,0.9299
2,clab-nebula-serf159,60,148,155,146,9,2,0.9419,0.9865,0.9299
2,clab-nebula-serf1,60,153,155,151,4,2,0.9742,0.9869,0.9618
2,clab-nebula-serf33,60,157,155,155,0,2,1.0,0.9873,0.9873
2,clab-nebula-serf123,60,161,155,155,0,6,1.0,0.9627,0.9627
2,clab-nebula-serf135,60,146,155,140,15,6,0.9032,0.9589,0.8696
2,clab-nebula-serf13,60,157,155,155,0,2,1.0,0.9873,0.9873
2,clab-nebula-serf47,60,156,155,154,1,2,0.9935,0.9872,0.9809
2,clab-nebula-serf84,60,154,155,152,3,2,0.9806,0.987,0.9682
2,clab-nebula-serf92,60,158,155,155,0,3,1.0,0.981,0.981
2,clab-nebula-serf106,60,161,155,155,0,6,1.0,0.9627,0.9627
2,clab-nebula-serf108,60,161,155,155,0,6,1.0,0.9627,0.9627
2,clab-nebula-serf119,60,53,142,50,92,3,0.3521,0.9434,0.3448
2,clab-nebula-serf125,60,161,155,155,0,6,1.0,0.9627,0.9627
2,clab-nebula-serf54,60,157,155,155,0,2,1.0,0.9873,0.9873
2,clab-nebula-serf57,60,158,155,155,0,3,1.0,0.981,0.981
2,clab-nebula-serf24,60,129,138,125,13,4,0.9058,0.969,0.8803
2,clab-nebula-serf42,60,153,155,151,4,2,0.9742,0.9869,0.9618
2,clab-nebula-serf48,60,155,155,153,2,2,0.9871,0.9871,0.9745
2,clab-nebula-serf2,60,124,138,121,17,3,0.8768,0.9758,0.8582
2,clab-nebula-serf21,60,154,155,152,3,2,0.9806,0.987,0.9682
2,clab-nebula-serf67,60,158,155,155,0,3,1.0,0.981,0.981
2,clab-nebula-serf102,60,161,155,155,0,6,1.0,0.9627,0.9627
2,clab-nebula-serf110,60,157,155,155,0,2,1.0,0.9873,0.9873
2,clab-nebula-serf132,60,151,155,145,10,6,0.9355,0.9603,0.9006
2,clab-nebula-serf134,60,147,155,141,14,6,0.9097,0.9592,0.8758
2,clab-nebula-serf137,60,148,155,142,13,6,0.9161,0.9595,0.882
2,clab-nebula-serf10,60,156,155,154,1,2,0.9935,0.9872,0.9809
2,clab-nebula-serf46,60,154,155,152,3,2,0.9806,0.987,0.9682
2,clab-nebula-serf74,60,159,155,155,0,4,1.0,0.9748,0.9748
2,clab-nebula-serf76,60,161,155,155,0,6,1.0,0.9627,0.9627
2,clab-nebula-serf149,60,152,155,150,5,2,0.9677,0.9868,0.9554
2,clab-nebula-serf20,60,154,155,152,3,2,0.9806,0.987,0.9682
2,clab-nebula-serf22,60,153,155,151,4,2,0.9742,0.9869,0.9618
2,clab-nebula-serf160,60,149,155,147,8,2,0.9484,0.9866,0.9363
2,clab-nebula-serf31,60,154,155,152,3,2,0.9806,0.987,0.9682
2,clab-nebula-serf93,60,161,155,155,0,6,1.0,0.9627,0.9627
2,clab-nebula-serf122,60,161,155,155,0,6,1.0,0.9627,0.9627
2,clab-nebula-serf38,60,154,155,152,3,2,0.9806,0.987,0.9682
2,clab-nebula-serf55,60,157,155,155,0,2,1.0,0.9873,0.9873
2,clab-nebula-serf79,60,161,155,155,0,6,1.0,0.9627,0.9627
2,clab-nebula-serf113,60,161,155,155,0,6,1.0,0.9627,0.9627
2,clab-nebula-serf120,60,48,142,45,97,3,0.3169,0.9375,0.3103
2,clab-nebula-serf128,60,161,155,155,0,6,1.0,0.9627,0.9627
2,clab-nebula-serf8,60,153,155,151,4,2,0.9742,0.9869,0.9618
2,clab-nebula-serf27,60,125,138,122,16,3,0.8841,0.976,0.8652
2,clab-nebula-serf78,60,158,155,155,0,3,1.0,0.981,0.981
2,clab-nebula-serf104,60,161,155,155,0,6,1.0,0.9627,0.9627
2,clab-nebula-serf133,60,149,155,143,12,6,0.9226,0.9597,0.8882
2,clab-nebula-serf64,60,154,155,152,3,2,0.9806,0.987,0.9682
2,clab-nebula-serf73,60,161,155,155,0,6,1.0,0.9627,0.9627
2,clab-nebula-serf118,60,48,142,45,97,3,0.3169,0.9375,0.3103
2,clab-nebula-serf5,60,143,155,141,14,2,0.9097,0.986,0.8981
2,clab-nebula-serf87,60,158,155,152,3,6,0.9806,0.962,0.9441
2,clab-nebula-serf88,60,158,155,153,2,5,0.9871,0.9684,0.9563
2,clab-nebula-serf153,60,148,155,146,9,2,0.9419,0.9865,0.9299
2,clab-nebula-serf53,60,157,155,155,0,2,1.0,0.9873,0.9873
2,clab-nebula-serf69,60,161,155,155,0,6,1.0,0.9627,0.9627
2,clab-nebula-serf60,60,158,155,155,0,3,1.0,0.981,0.981
2,clab-nebula-serf145,60,145,155,139,16,6,0.8968,0.9586,0.8634
2,clab-nebula-serf6,60,155,155,153,2,2,0.9871,0.9871,0.9745
2,clab-nebula-serf11,60,157,155,155,0,2,1.0,0.9873,0.9873
2,clab-nebula-serf98,60,161,155,155,0,6,1.0,0.9627,0.9627
2,clab-nebula-serf138,60,147,155,141,14,6,0.9097,0.9592,0.8758
2,clab-nebula-serf150,60,152,155,150,5,2,0.9677,0.9868,0.9554
2,clab-nebula-serf18,60,157,155,155,0,2,1.0,0.9873,0.9873
2,clab-nebula-serf30,60,154,155,152,3,2,0.9806,0.987,0.9682
2,clab-nebula-serf44,60,156,155,154,1,2,0.9935,0.9872,0.9809
2,clab-nebula-serf131,60,149,155,143,12,6,0.9226,0.9597,0.8882
2,clab-nebula-serf35,60,154,155,152,3,2,0.9806,0.987,0.9682
2,clab-nebula-serf40,60,154,155,152,3,2,0.9806,0.987,0.9682
2,clab-nebula-serf144,60,155,155,149,6,6,0.9613,0.9613,0.9255
2,clab-nebula-serf152,60,156,155,154,1,2,0.9935,0.9872,0.9809
2,clab-nebula-serf162,60,113,155,113,42,0,0.729,1.0,0.729
2,clab-nebula-serf41,60,153,155,151,4,2,0.9742,0.9869,0.9618
2,clab-nebula-serf72,60,161,155,155,0,6,1.0,0.9627,0.9627
2,clab-nebula-serf141,60,149,155,143,12,6,0.9226,0.9597,0.8882
2,clab-nebula-serf25,60,154,155,152,3,2,0.9806,0.987,0.9682
2,clab-nebula-serf50,60,156,155,154,1,2,0.9935,0.9872,0.9809
2,clab-nebula-serf51,60,157,155,155,0,2,1.0,0.9873,0.9873
2,clab-nebula-serf66,60,158,155,155,0,3,1.0,0.981,0.981
2,clab-nebula-serf86,60,160,155,154,1,6,0.9935,0.9625,0.9565
2,clab-nebula-serf90,60,159,155,155,0,4,1.0,0.9748,0.9748
2,clab-nebula-serf143,60,145,155,139,16,6,0.8968,0.9586,0.8634
2,clab-nebula-serf7,60,156,155,154,1,2,0.9935,0.9872,0.9809
2,clab-nebula-serf37,60,156,155,154,1,2,0.9935,0.9872,0.9809
2,clab-nebula-serf43,60,154,155,152,3,2,0.9806,0.987,0.9682
2,clab-nebula-serf58,60,160,155,155,0,5,1.0,0.9688,0.9688
2,clab-nebula-serf61,60,158,155,155,0,3,1.0,0.981,0.981
2,clab-nebula-serf112,60,159,155,153,2,6,0.9871,0.9623,0.9503
2,clab-nebula-serf15,60,158,155,155,0,3,1.0,0.981,0.981
2,clab-nebula-serf16,60,158,155,155,0,3,1.0,0.981,0.981
2,clab-nebula-serf77,60,161,155,155,0,6,1.0,0.9627,0.9627
2,clab-nebula-serf121,60,161,155,155,0,6,1.0,0.9627,0.9627
2,clab-nebula-serf140,60,145,155,139,16,6,0.8968,0.9586,0.8634
2,clab-nebula-serf148,60,148,155,146,9,2,0.9419,0.9865,0.9299
2,clab-nebula-serf154,60,147,155,145,10,2,0.9355,0.9864,0.9236
2,clab-nebula-serf156,60,154,155,152,3,2,0.9806,0.987,0.9682
2,clab-nebula-serf23,60,124,138,121,17,3,0.8768,0.9758,0.8582
2,clab-nebula-serf39,60,158,155,155,0,3,1.0,0.981,0.981
2,clab-nebula-serf62,60,154,155,152,3,2,0.9806,0.987,0.9682
2,clab-nebula-serf107,60,161,155,155,0,6,1.0,0.9627,0.9627
2,clab-nebula-serf115,60,103,138,98,40,5,0.7101,0.9515,0.6853
2,clab-nebula-serf151,60,148,155,146,9,2,0.9419,0.9865,0.9299
2,clab-nebula-serf158,60,148,155,146,9,2,0.9419,0.9865,0.9299
2,clab-nebula-serf28,60,121,138,118,20,3,0.8551,0.9752,0.8369
2,clab-nebula-serf29,60,125,138,122,16,3,0.8841,0.976,0.8652
4,clab-nebula-serf130,5,0,9,0,9,0,0.0,0.0,0.0
4,clab-nebula-serf161,5,4,5,4,1,0,0.8,1.0,0.8
4,clab-nebula-serf32,5,3,13,2,11,1,0.1538,0.6667,0.1429
4,clab-nebula-serf63,5,0,0,0,0,0,1.0,1.0,1.0
4,clab-nebula-serf45,5,2,4,1,3,1,0.25,0.5,0.2
4,clab-nebula-serf49,5,4,4,3,1,1,0.75,0.75,0.6
4,clab-nebula-serf83,5,0,2,0,2,0,0.0,0.0,0.0
4,clab-nebula-serf91,5,3,4,3,1,0,0.75,1.0,0.75
4,clab-nebula-serf136,5,0,9,0,9,0,0.0,0.0,0.0
4,clab-nebula-serf146,5,0,3,0,3,0,0.0,0.0,0.0
4,clab-nebula-serf12,5,0,2,0,2,0,0.0,0.0,0.0
4,clab-nebula-serf19,5,0,2,0,2,0,0.0,0.0,0.0
4,clab-nebula-serf80,5,0,0,0,0,0,1.0,1.0,1.0
4,clab-nebula-serf111,5,1,5,1,4,0,0.2,1.0,0.2
4,clab-nebula-serf109,5,3,7,2,5,1,0.2857,0.6667,0.25
4,clab-nebula-serf147,5,0,4,0,4,0,0.0,0.0,0.0
4,clab-nebula-serf4,5,1,2,1,1,0,0.5,1.0,0.5
4,clab-nebula-serf100,5,6,5,5,0,1,1.0,0.8333,0.8333
4,clab-nebula-serf75,5,0,5,0,5,0,0.0,0.0,0.0
4,clab-nebula-serf89,5,3,3,3,0,0,1.0,1.0,1.0
4,clab-nebula-serf101,5,4,5,4,1,0,0.8,1.0,0.8
4,clab-nebula-serf105,5,1,9,1,8,0,0.1111,1.0,0.1111
4,clab-nebula-serf65,5,0,0,0,0,0,1.0,1.0,1.0
4,clab-nebula-serf68,5,0,1,0,1,0,0.0,0.0,0.0
4,clab-nebula-serf94,5,2,3,1,2,1,0.3333,0.5,0.25
4,clab-nebula-serf103,5,7,6,6,0,1,1.0,0.8571,0.8571
4,clab-nebula-serf117,5,0,0,0,0,0,1.0,1.0,1.0
4,clab-nebula-serf127,5,0,0,0,0,0,1.0,1.0,1.0
4,clab-nebula-serf129,5,0,0,0,0,0,1.0,1.0,1.0
4,clab-nebula-serf155,5,0,0,0,0,0,1.0,1.0,1.0
4,clab-nebula-serf3,5,0,0,0,0,0,1.0,1.0,1.0
4,clab-nebula-serf14,5,0,1,0,1,0,0.0,0.0,0.0
4,clab-nebula-serf142,5,0,0,0,0,0,1.0,1.0,1.0
4,clab-nebula-serf96,5,4,5,4,1,0,0.8,1.0,0.8
4,clab-nebula-serf116,5,0,0,0,0,0,1.0,1.0,1.0
4,clab-nebula-serf56,5,9,24,8,16,1,0.3333,0.8889,0.32
4,clab-nebula-serf59,5,5,22,4,18,1,0.1818,0.8,0.1739
4,clab-nebula-serf70,5,3,12,3,9,0,0.25,1.0,0.25
4,clab-nebula-serf81,5,1,5,1,4,0,0.2,1.0,0.2
4,clab-nebula-serf95,5,0,0,0,0,0,1.0,1.0,1.0
4,clab-nebula-serf114,5,1,1,1,0,0,1.0,1.0,1.0
4,clab-nebula-serf9,5,1,1,1,0,0,1.0,1.0,1.0
4,clab-nebula-serf17,5,1,4,1,3,0,0.25,1.0,0.25
4,clab-nebula-serf139,5,0,9,0,9,0,0.0,0.0,0.0
4,clab-nebula-serf52,5,1,5,1,4,0,0.2,1.0,0.2
4,clab-nebula-serf71,5,0,6,0,6,0,0.0,0.0,0.0
4,clab-nebula-serf26,5,3,13,2,11,1,0.1538,0.6667,0.1429
4,clab-nebula-serf34,5,1,6,1,5,0,0.1667,1.0,0.1667
4,clab-nebula-serf126,5,0,0,0,0,0,1.0,1.0,1.0
4,clab-nebula-serf36,5,0,2,0,2,0,0.0,0.0,0.0
4,clab-nebula-serf82,5,0,0,0,0,0,1.0,1.0,1.0
4,clab-nebula-serf85,5,0,2,0,2,0,0.0,0.0,0.0
4,clab-nebula-serf97,5,5,7,5,2,0,0.7143,1.0,0.7143
4,clab-nebula-serf99,5,6,5,5,0,1,1.0,0.8333,0.8333
4,clab-nebula-serf124,5,0,0,0,0,0,1.0,1.0,1.0
4,clab-nebula-serf157,5,4,5,4,1,0,0.8,1.0,0.8
4,clab-nebula-serf159,5,4,5,4,1,0,0.8,1.0,0.8
4,clab-nebula-serf1,5,0,0,0,0,0,1.0,1.0,1.0
4,clab-nebula-serf33,5,3,6,2,4,1,0.3333,0.6667,0.2857
4,clab-nebula-serf123,5,0,1,0,1,0,0.0,0.0,0.0
4,clab-nebula-serf135,5,0,0,0,0,0,1.0,1.0,1.0
4,clab-nebula-serf13,5,0,1,0,1,0,0.0,0.0,0.0
4,clab-nebula-serf47,5,4,5,4,1,0,0.8,1.0,0.8
4,clab-nebula-serf84,5,0,2,0,2,0,0.0,0.0,0.0
4,clab-nebula-serf92,5,0,3,0,3,0,0.0,0.0,0.0
4,clab-nebula-serf106,5,0,5,0,5,0,0.0,0.0,0.0
4,clab-nebula-serf108,5,0,0,0,0,0,1.0,1.0,1.0
4,clab-nebula-serf119,5,2,1,1,0,1,1.0,0.5,0.5
4,clab-nebula-serf125,5,0,0,0,0,0,1.0,1.0,1.0
4,clab-nebula-serf54,5,1,5,1,4,0,0.2,1.0,0.2
4,clab-nebula-serf57,5,4,10,3,7,1,0.3,0.75,0.2727
4,clab-nebula-serf24,5,0,1,0,1,0,0.0,0.0,0.0
4,clab-nebula-serf42,5,0,0,0,0,0,1.0,1.0,1.0
4,clab-nebula-serf48,5,0,1,0,1,0,0.0,0.0,0.0
4,clab-nebula-serf2,5,0,0,0,0,0,1.0,1.0,1.0
4,clab-nebula-serf21,5,2,68,1,67,1,0.0147,0.5,0.0145
4,clab-nebula-serf67,5,0,5,0,5,0,0.0,0.0,0.0
4,clab-nebula-serf102,5,5,5,4,1,1,0.8,0.8,0.6667
4,clab-nebula-serf110,5,0,0,0,0,0,1.0,1.0,1.0
4,clab-nebula-serf132,5,0,9,0,9,0,0.0,0.0,0.0
4,clab-nebula-serf134,5,0,9,0,9,0,0.0,0.0,0.0
4,clab-nebula-serf137,5,0,0,0,0,0,1.0,1.0,1.0
4,clab-nebula-serf10,5,1,2,1,1,0,0.5,1.0,0.5
4,clab-nebula-serf46,5,0,1,0,1,0,0.0,0.0,0.0
4,clab-nebula-serf74,5,0,6,0,6,0,0.0,0.0,0.0
4,clab-nebula-serf76,5,2,6,1,5,1,0.1667,0.5,0.1429
4,clab-nebula-serf149,5,0,0,0,0,0,1.0,1.0,1.0
4,clab-nebula-serf20,5,2,68,1,67,1,0.0147,0.5,0.0145
4,clab-nebula-serf22,5,0,4,0,4,0,0.0,0.0,0.0
4,clab-nebula-serf160,5,4,5,4,1,0,0.8,1.0,0.8
4,clab-nebula-serf31,5,1,4,1,3,0,0.25,1.0,0.25
4,clab-nebula-serf93,5,3,3,2,1,1,0.6667,0.6667,0.5
4,clab-nebula-serf122,5,0,0,0,0,0,1.0,1.0,1.0
4,clab-nebula-serf38,5,0,1,0,1,0,0.0,0.0,0.0
4,clab-nebula-serf55,5,0,5,0,5,0,0.0,0.0,0.0
4,clab-nebula-serf79,5,6,12,6,6,0,0.5,1.0,0.5
4,clab-nebula-serf113,5,1,1,1,0,0,1.0,1.0,1.0
4,clab-nebula-serf120,5,2,1,1,0,1,1.0,0.5,0.5
4,clab-nebula-serf128,5,0,5,0,5,0,0.0,0.0,0.0
4,clab-nebula-serf8,5,0,2,0,2,0,0.0,0.0,0.0
4,clab-nebula-serf27,5,0,0,0,0,0,1.0,1.0,1.0
4,clab-nebula-serf78,5,0,5,0,5,0,0.0,0.0,0.0
4,clab-nebula-serf104,5,1,5,1,4,0,0.2,1.0,0.2
4,clab-nebula-serf133,5,0,9,0,9,0,0.0,0.0,0.0
4,clab-nebula-serf64,5,0,0,0,0,0,1.0,1.0,1.0
4,clab-nebula-serf73,5,4,12,4,8,0,0.3333,1.0,0.3333
4,clab-nebula-serf118,5,2,1,1,0,1,1.0,0.5,0.5
4,clab-nebula-serf5,5,0,0,0,0,0,1.0,1.0,1.0
4,clab-nebula-serf87,5,3,2,2,0,1,1.0,0.6667,0.6667
4,clab-nebula-serf88,5,3,3,3,0,0,1.0,1.0,1.0
4,clab-nebula-serf153,5,0,4,0,4,0,0.0,0.0,0.0
4,clab-nebula-serf53,5,0,0,0,0,0,1.0,1.0,1.0
4,clab-nebula-serf69,5,0,6,0,6,0,0.0,0.0,0.0
4,clab-nebula-serf60,5,4,10,3,7,1,0.3,0.75,0.2727
4,clab-nebula-serf145,5,0,3,0,3,0,0.0,0.0,0.0
4,clab-nebula-serf6,5,1,2,1,1,0,0.5,1.0,0.5
4,clab-nebula-serf11,5,2,1,1,0,1,1.0,0.5,0.5
4,clab-nebula-serf98,5,1,7,1,6,0,0.1429,1.0,0.1429
4,clab-nebula-serf138,5,0,9,0,9,0,0.0,0.0,0.0
4,clab-nebula-serf150,5,0,0,0,0,0,1.0,1.0,1.0
4,clab-nebula-serf18,5,0,0,0,0,0,1.0,1.0,1.0
4,clab-nebula-serf30,5,1,4,1,3,0,0.25,1.0,0.25
4,clab-nebula-serf44,5,3,4,2,2,1,0.5,0.6667,0.4
4,clab-nebula-serf131,5,0,9,0,9,0,0.0,0.0,0.0
4,clab-nebula-serf35,5,0,1,0,1,0,0.0,0.0,0.0
4,clab-nebula-serf40,5,0,2,0,2,0,0.0,0.0,0.0
4,clab-nebula-serf144,5,0,3,0,3,0,0.0,0.0,0.0
4,clab-nebula-serf152,5,0,4,0,4,0,0.0,0.0,0.0
4,clab-nebula-serf162,5,0,3,0,3,0,0.0,0.0,0.0
4,clab-nebula-serf41,5,0,2,0,2,0,0.0,0.0,0.0
4,clab-nebula-serf72,5,1,12,1,11,0,0.0833,1.0,0.0833
4,clab-nebula-serf141,5,0,9,0,9,0,0.0,0.0,0.0
4,clab-nebula-serf25,5,0,4,0,4,0,0.0,0.0,0.0
4,clab-nebula-serf50,5,3,4,2,2,1,0.5,0.6667,0.4
4,clab-nebula-serf51,5,1,5,1,4,0,0.2,1.0,0.2
4,clab-nebula-serf66,5,0,1,0,1,0,0.0,0.0,0.0
4,clab-nebula-serf86,5,3,2,2,0,1,1.0,0.6667,0.6667
4,clab-nebula-serf90,5,2,3,1,2,1,0.3333,0.5,0.25
4,clab-nebula-serf143,5,0,3,0,3,0,0.0,0.0,0.0
4,clab-nebula-serf7,5,1,2,1,1,0,0.5,1.0,0.5
4,clab-nebula-serf37,5,2,4,1,3,1,0.25,0.5,0.2
4,clab-nebula-serf43,5,0,4,0,4,0,0.0,0.0,0.0
4,clab-nebula-serf58,5,5,12,4,8,1,0.3333,0.8,0.3077
4,clab-nebula-serf61,5,5,9,4,5,1,0.4444,0.8,0.4
4,clab-nebula-serf112,5,0,0,0,0,0,1.0,1.0,1.0
4,clab-nebula-serf15,5,1,48,1,47,0,0.0208,1.0,0.0208
4,clab-nebula-serf16,5,2,41,1,40,1,0.0244,0.5,0.0238
4,clab-nebula-serf77,5,3,12,3,9,0,0.25,1.0,0.25
4,clab-nebula-serf121,5,0,1,0,1,0,0.0,0.0,0.0
4,clab-nebula-serf140,5,0,9,0,9,0,0.0,0.0,0.0
4,clab-nebula-serf148,5,0,0,0,0,0,1.0,1.0,1.0
4,clab-nebula-serf154,5,0,4,0,4,0,0.0,0.0,0.0
4,clab-nebula-serf156,5,0,0,0,0,0,1.0,1.0,1.0
4,clab-nebula-serf23,5,0,1,0,1,0,0.0,0.0,0.0
4,clab-nebula-serf39,5,2,3,1,2,1,0.3333,0.5,0.25
4,clab-nebula-serf62,5,0,2,0,2,0,0.0,0.0,0.0
4,clab-nebula-serf107,5,0,5,0,5,0,0.0,0.0,0.0
4,clab-nebula-serf115,5,0,0,0,0,0,1.0,1.0,1.0
4,clab-nebula-serf151,5,0,4,0,4,0,0.0,0.0,0.0
4,clab-nebula-serf158,5,4,5,4,1,0,0.8,1.0,0.8
4,clab-nebula-serf28,5,0,0,0,0,0,1.0,1.0,1.0
4,clab-nebula-serf29,5,0,0,0,0,0,1.0,1.0,1.0
4,clab-nebula-serf130,10,0,9,0,9,0,0.0,0.0,0.0
4,clab-nebula-serf161,10,4,5,4,1,0,0.8,1.0,0.8
4,clab-nebula-serf32,10,19,28,18,10,1,0.6429,0.9474,0.6207
4,clab-nebula-serf63,10,0,0,0,0,0,1.0,1.0,1.0
4,clab-nebula-serf45,10,8,12,7,5,1,0.5833,0.875,0.5385
4,clab-nebula-serf49,10,14,62,14,48,0,0.2258,1.0,0.2258
4,clab-nebula-serf83,10,3,54,2,52,1,0.037,0.6667,0.0364
4,clab-nebula-serf91,10,17,113,17,96,0,0.1504,1.0,0.1504
4,clab-nebula-serf136,10,0,9,0,9,0,0.0,0.0,0.0
4,clab-nebula-serf146,10,0,3,0,3,0,0.0,0.0,0.0
4,clab-nebula-serf12,10,5,46,4,42,1,0.087,0.8,0.0851
4,clab-nebula-serf19,10,5,60,4,56,1,0.0667,0.8,0.0656
4,clab-nebula-serf80,10,14,113,13,100,1,0.115,0.9286,0.114
4,clab-nebula-serf111,10,7,8,6,2,1,0.75,0.8571,0.6667
4,clab-nebula-serf109,10,8,67,7,60,1,0.1045,0.875,0.1029
4,clab-nebula-serf147,10,0,4,0,4,0,0.0,0.0,0.0
4,clab-nebula-serf4,10,2,2,1,1,1,0.5,0.5,0.3333
4,clab-nebula-serf100,10,7,6,6,0,1,1.0,0.8571,0.8571
4,clab-nebula-serf75,10,7,12,7,5,0,0.5833,1.0,0.5833
4,clab-nebula-serf89,10,3,3,3,0,0,1.0,1.0,1.0
4,clab-nebula-serf101,10,7,6,6,0,1,1.0,0.8571,0.8571
4,clab-nebula-serf105,10,3,9,3,6,0,0.3333,1.0,0.3333
4,clab-nebula-serf65,10,0,0,0,0,0,1.0,1.0,1.0
4,clab-nebula-serf68,10,5,113,5,108,0,0.0442,1.0,0.0442
4,clab-nebula-serf94,10,17,113,17,96,0,0.1504,1.0,0.1504
4,clab-nebula-serf103,10,7,6,6,0,1,1.0,0.8571,0.8571
4,clab-nebula-serf117,10,0,0,0,0,0,1.0,1.0,1.0
4,clab-nebula-serf127,10,4,146,3,143,1,0.0205,0.75,0.0204
4,clab-nebula-serf129,10,0,0,0,0,0,1.0,1.0,1.0
4,clab-nebula-serf155,10,0,0,0,0,0,1.0,1.0,1.0
4,clab-nebula-serf3,10,2,1,1,0,1,1.0,0.5,0.5
4,clab-nebula-serf14,10,4,45,3,42,1,0.0667,0.75,0.0652
4,clab-nebula-serf142,10,0,0,0,0,0,1.0,1.0,1.0
4,clab-nebula-serf96,10,7,6,6,0,1,1.0,0.8571,0.8571
4,clab-nebula-serf116,10,0,0,0,0,0,1.0,1.0,1.0
4,clab-nebula-serf56,10,24,43,22,21,2,0.5116,0.9167,0.4889
4,clab-nebula-serf59,10,26,43,24,19,2,0.5581,0.9231,0.5333
4,clab-nebula-serf70,10,19,107,19,88,0,0.1776,1.0,0.1776
4,clab-nebula-serf81,10,22,107,20,87,2,0.1869,0.9091,0.1835
4,clab-nebula-serf95,10,10,113,10,103,0,0.0885,1.0,0.0885
4,clab-nebula-serf114,10,1,1,1,0,0,1.0,1.0,1.0
4,clab-nebula-serf9,10,8,63,8,55,0,0.127,1.0,0.127
4,clab-nebula-serf17,10,12,48,11,37,1,0.2292,0.9167,0.2245
4,clab-nebula-serf139,10,0,9,0,9,0,0.0,0.0,0.0
4,clab-nebula-serf52,10,12,41,11,30,1,0.2683,0.9167,0.2619
4,clab-nebula-serf71,10,15,107,15,92,0,0.1402,1.0,0.1402
4,clab-nebula-serf26,10,19,28,18,10,1,0.6429,0.9474,0.6207
4,clab-nebula-serf34,10,9,70,8,62,1,0.1143,0.8889,0.1127
4,clab-nebula-serf126,10,3,19,2,17,1,0.1053,0.6667,0.1
4,clab-nebula-serf36,10,2,4,1,3,1,0.25,0.5,0.2
4,clab-nebula-serf82,10,0,0,0,0,0,1.0,1.0,1.0
4,clab-nebula-serf85,10,4,54,3,51,1,0.0556,0.75,0.0545
4,clab-nebula-serf97,10,7,7,7,0,0,1.0,1.0,1.0
4,clab-nebula-serf99,10,7,6,6,0,1,1.0,0.8571,0.8571
4,clab-nebula-serf124,10,3,14,2,12,1,0.1429,0.6667,0.1333
4,clab-nebula-serf157,10,4,5,4,1,0,0.8,1.0,0.8
4,clab-nebula-serf159,10,4,5,4,1,0,0.8,1.0,0.8
4,clab-nebula-serf1,10,6,7,6,1,0,0.8571,1.0,0.8571
4,clab-nebula-serf33,10,20,76,20,56,0,0.2632,1.0,0.2632
4,clab-nebula-serf123,10,2,109,1,108,1,0.0092,0.5,0.0091
4,clab-nebula-serf135,10,0,0,0,0,0,1.0,1.0,1.0
4,clab-nebula-serf13,10,7,48,6,42,1,0.125,0.8571,0.1224
4,clab-nebula-serf47,10,12,62,12,50,0,0.1935,1.0,0.1935
4,clab-nebula-serf84,10,0,2,0,2,0,0.0,0.0,0.0
4,clab-nebula-serf92,10,9,113,9,104,0,0.0796,1.0,0.0796
4,clab-nebula-serf106,10,2,5,2,3,0,0.4,1.0,0.4
4,clab-nebula-serf108,10,2,9,2,7,0,0.2222,1.0,0.2222
4,clab-nebula-serf119,10,2,1,1,0,1,1.0,0.5,0.5
4,clab-nebula-serf125,10,3,25,2,23,1,0.08,0.6667,0.0769
4,clab-nebula-serf54,10,11,41,10,31,1,0.2439,0.9091,0.2381
4,clab-nebula-serf57,10,13,36,12,24,1,0.3333,0.9231,0.3243
4,clab-nebula-serf24,10,2,2,1,1,1,0.5,0.5,0.3333
4,clab-nebula-serf42,10,0,0,0,0,0,1.0,1.0,1.0
4,clab-nebula-serf48,10,5,76,5,71,0,0.0658,1.0,0.0658
4,clab-nebula-serf2,10,1,2,1,1,0,0.5,1.0,0.5
4,clab-nebula-serf21,10,4,68,3,65,1,0.0441,0.75,0.0435
4,clab-nebula-serf67,10,5,12,5,7,0,0.4167,1.0,0.4167
4,clab-nebula-serf102,10,7,6,6,0,1,1.0,0.8571,0.8571
4,clab-nebula-serf110,10,0,0,0,0,0,1.0,1.0,1.0
4,clab-nebula-serf132,10,0,9,0,9,0,0.0,0.0,0.0
4,clab-nebula-serf134,10,0,9,0,9,0,0.0,0.0,0.0
4,clab-nebula-serf137,10,0,0,0,0,0,1.0,1.0,1.0
4,clab-nebula-serf10,10,9,63,9,54,0,0.1429,1.0,0.1429
4,clab-nebula-serf46,10,3,76,3,73,0,0.0395,1.0,0.0395
4,clab-nebula-serf74,10,9,12,9,3,0,0.75,1.0,0.75
4,clab-nebula-serf76,10,25,107,23,84,2,0.215,0.92,0.211
4,clab-nebula-serf149,10,0,0,0,0,0,1.0,1.0,1.0
4,clab-nebula-serf20,10,4,68,3,65,1,0.0441,0.75,0.0435
4,clab-nebula-serf22,10,4,68,3,65,1,0.0441,0.75,0.0435
4,clab-nebula-serf160,10,4,5,4,1,0,0.8,1.0,0.8
4,clab-nebula-serf31,10,13,71,12,59,1,0.169,0.9231,0.1667
4,clab-nebula-serf93,10,16,113,16,97,0,0.1416,1.0,0.1416
4,clab-nebula-serf122,10,0,0,0,0,0,1.0,1.0,1.0
4,clab-nebula-serf38,10,4,6,3,3,1,0.5,0.75,0.4286
4,clab-nebula-serf55,10,9,24,8,16,1,0.3333,0.8889,0.32
4,clab-nebula-serf79,10,26,107,24,83,2,0.2243,0.9231,0.2202
4,clab-nebula-serf113,10,1,1,1,0,0,1.0,1.0,1.0
4,clab-nebula-serf120,10,2,1,1,0,1,1.0,0.5,0.5
4,clab-nebula-serf128,10,2,5,2,3,0,0.4,1.0,0.4
4,clab-nebula-serf8,10,5,11,5,6,0,0.4545,1.0,0.4545
4,clab-nebula-serf27,10,3,158,2,156,1,0.0127,0.6667,0.0126
4,clab-nebula-serf78,10,9,12,9,3,0,0.75,1.0,0.75
4,clab-nebula-serf104,10,3,7,2,5,1,0.2857,0.6667,0.25
4,clab-nebula-serf133,10,0,9,0,9,0,0.0,0.0,0.0
4,clab-nebula-serf64,10,0,0,0,0,0,1.0,1.0,1.0
4,clab-nebula-serf73,10,25,107,23,84,2,0.215,0.92,0.211
4,clab-nebula-serf118,10,2,1,1,0,1,1.0,0.5,0.5
4,clab-nebula-serf5,10,3,3,2,1,1,0.6667,0.6667,0.5
4,clab-nebula-serf87,10,3,2,2,0,1,1.0,0.6667,0.6667
4,clab-nebula-serf88,10,3,3,3,0,0,1.0,1.0,1.0
4,clab-nebula-serf153,10,0,4,0,4,0,0.0,0.0,0.0
4,clab-nebula-serf53,10,8,15,7,8,1,0.4667,0.875,0.4375
4,clab-nebula-serf69,10,14,107,14,93,0,0.1308,1.0,0.1308
4,clab-nebula-serf60,10,10,29,9,20,1,0.3103,0.9,0.3
4,clab-nebula-serf145,10,0,3,0,3,0,0.0,0.0,0.0
4,clab-nebula-serf6,10,7,52,6,46,1,0.1154,0.8571,0.1132
4,clab-nebula-serf11,10,14,63,13,50,1,0.2063,0.9286,0.2031
4,clab-nebula-serf98,10,7,7,7,0,0,1.0,1.0,1.0
4,clab-nebula-serf138,10,0,9,0,9,0,0.0,0.0,0.0
4,clab-nebula-serf150,10,0,0,0,0,0,1.0,1.0,1.0
4,clab-nebula-serf18,10,5,58,5,53,0,0.0862,1.0,0.0862
4,clab-nebula-serf30,10,13,71,12,59,1,0.169,0.9231,0.1667
4,clab-nebula-serf44,10,10,62,10,52,0,0.1613,1.0,0.1613
4,clab-nebula-serf131,10,0,9,0,9,0,0.0,0.0,0.0
4,clab-nebula-serf35,10,1,6,1,5,0,0.1667,1.0,0.1667
4,clab-nebula-serf40,10,1,4,1,3,0,0.25,1.0,0.25
4,clab-nebula-serf144,10,0,3,0,3,0,0.0,0.0,0.0
4,clab-nebula-serf152,10,1,133,1,132,0,0.0075,1.0,0.0075
4,clab-nebula-serf162,10,0,3,0,3,0,0.0,0.0,0.0
4,clab-nebula-serf41,10,0,2,0,2,0,0.0,0.0,0.0
4,clab-nebula-serf72,10,16,107,16,91,0,0.1495,1.0,0.1495
4,clab-nebula-serf141,10,0,9,0,9,0,0.0,0.0,0.0
4,clab-nebula-serf25,10,4,68,3,65,1,0.0441,0.75,0.0435
4,clab-nebula-serf50,10,8,12,7,5,1,0.5833,0.875,0.5385
4,clab-nebula-serf51,10,9,24,8,16,1,0.3333,0.8889,0.32
4,clab-nebula-serf66,10,4,113,4,109,0,0.0354,1.0,0.0354
4,clab-nebula-serf86,10,4,48,3,45,1,0.0625,0.75,0.0612
4,clab-nebula-serf90,10,9,113,9,104,0,0.0796,1.0,0.0796
4,clab-nebula-serf143,10,0,3,0,3,0,0.0,0.0,0.0
4,clab-nebula-serf7,10,9,53,8,45,1,0.1509,0.8889,0.1481
4,clab-nebula-serf37,10,8,68,7,61,1,0.1029,0.875,0.1014
4,clab-nebula-serf43,10,5,4,4,0,1,1.0,0.8,0.8
4,clab-nebula-serf58,10,19,36,18,18,1,0.5,0.9474,0.4865
4,clab-nebula-serf61,10,20,41,19,22,1,0.4634,0.95,0.4524
4,clab-nebula-serf112,10,0,0,0,0,0,1.0,1.0,1.0
4,clab-nebula-serf15,10,14,63,13,50,1,0.2063,0.9286,0.2031
4,clab-nebula-serf16,10,17,63,16,47,1,0.254,0.9412,0.25
4,clab-nebula-serf77,10,24,107,23,84,1,0.215,0.9583,0.213
4,clab-nebula-serf121,10,1,1,1,0,0,1.0,1.0,1.0
4,clab-nebula-serf140,10,0,9,0,9,0,0.0,0.0,0.0
4,clab-nebula-serf148,10,0,0,0,0,0,1.0,1.0,1.0
4,clab-nebula-serf154,10,0,4,0,4,0,0.0,0.0,0.0
4,clab-nebula-serf156,10,0,0,0,0,0,1.0,1.0,1.0
4,clab-nebula-serf23,10,0,1,0,1,0,0.0,0.0,0.0
4,clab-nebula-serf39,10,15,69,14,55,1,0.2029,0.9333,0.2
4,clab-nebula-serf62,10,4,10,3,7,1,0.3,0.75,0.2727
4,clab-nebula-serf107,10,2,5,2,3,0,0.4,1.0,0.4
4,clab-nebula-serf115,10,0,0,0,0,0,1.0,1.0,1.0
4,clab-nebula-serf151,10,0,4,0,4,0,0.0,0.0,0.0
4,clab-nebula-serf158,10,4,5,4,1,0,0.8,1.0,0.8
4,clab-nebula-serf28,10,1,83,1,82,0,0.012,1.0,0.012
4,clab-nebula-serf29,10,2,8,1,7,1,0.125,0.5,0.1111
4,clab-nebula-serf130,15,0,9,0,9,0,0.0,0.0,0.0
4,clab-nebula-serf161,15,5,5,5,0,0,1.0,1.0,1.0
4,clab-nebula-serf32,15,32,62,31,31,1,0.5,0.9688,0.4921
4,clab-nebula-serf63,15,6,34,5,29,1,0.1471,0.8333,0.1429
4,clab-nebula-serf45,15,22,60,20,40,2,0.3333,0.9091,0.3226
4,clab-nebula-serf49,15,30,62,29,33,1,0.4677,0.9667,0.4603
4,clab-nebula-serf83,15,14,119,14,105,0,0.1176,1.0,0.1176
4,clab-nebula-serf91,15,36,123,35,88,1,0.2846,0.9722,0.2823
4,clab-nebula-serf136,15,2,9,2,7,0,0.2222,1.0,0.2222
4,clab-nebula-serf146,15,1,3,1,2,0,0.3333,1.0,0.3333
4,clab-nebula-serf12,15,19,63,18,45,1,0.2857,0.9474,0.2812
4,clab-nebula-serf19,15,23,63,22,41,1,0.3492,0.9565,0.3438
4,clab-nebula-serf80,15,32,123,30,93,2,0.2439,0.9375,0.24
4,clab-nebula-serf111,15,17,149,17,132,0,0.1141,1.0,0.1141
4,clab-nebula-serf109,15,26,146,24,122,2,0.1644,0.9231,0.1622
4,clab-nebula-serf147,15,2,120,1,119,1,0.0083,0.5,0.0083
4,clab-nebula-serf4,15,9,11,9,2,0,0.8182,1.0,0.8182
4,clab-nebula-serf100,15,8,9,7,2,1,0.7778,0.875,0.7
4,clab-nebula-serf75,15,26,107,24,83,2,0.2243,0.9231,0.2202
4,clab-nebula-serf89,15,8,54,7,47,1,0.1296,0.875,0.1273
4,clab-nebula-serf101,15,7,6,6,0,1,1.0,0.8571,0.8571
4,clab-nebula-serf105,15,8,67,7,60,1,0.1045,0.875,0.1029
4,clab-nebula-serf65,15,0,0,0,0,0,1.0,1.0,1.0
4,clab-nebula-serf68,15,27,123,26,97,1,0.2114,0.963,0.2097
4,clab-nebula-serf94,15,36,123,35,88,1,0.2846,0.9722,0.2823
4,clab-nebula-serf103,15,8,9,7,2,1,0.7778,0.875,0.7
4,clab-nebula-serf117,15,0,0,0,0,0,1.0,1.0,1.0
4,clab-nebula-serf127,15,13,157,12,145,1,0.0764,0.9231,0.0759
4,clab-nebula-serf129,15,2,6,2,4,0,0.3333,1.0,0.3333
4,clab-nebula-serf155,15,1,5,1,4,0,0.2,1.0,0.2
4,clab-nebula-serf3,15,7,8,6,2,1,0.75,0.8571,0.6667
4,clab-nebula-serf14,15,18,63,17,46,1,0.2698,0.9444,0.2656
4,clab-nebula-serf142,15,1,4,1,3,0,0.25,1.0,0.25
4,clab-nebula-serf96,15,7,6,6,0,1,1.0,0.8571,0.8571
4,clab-nebula-serf116,15,0,0,0,0,0,1.0,1.0,1.0
4,clab-nebula-serf56,15,64,107,62,45,2,0.5794,0.9688,0.5688
4,clab-nebula-serf59,15,63,107,60,47,3,0.5607,0.9524,0.5455
4,clab-nebula-serf70,15,36,109,35,74,1,0.3211,0.9722,0.3182
4,clab-nebula-serf81,15,39,109,37,72,2,0.3394,0.9487,0.3333
4,clab-nebula-serf95,15,30,120,28,92,2,0.2333,0.9333,0.2295
4,clab-nebula-serf114,15,2,109,1,108,1,0.0092,0.5,0.0091
4,clab-nebula-serf9,15,17,63,16,47,1,0.254,0.9412,0.25
4,clab-nebula-serf17,15,30,63,29,34,1,0.4603,0.9667,0.4531
4,clab-nebula-serf139,15,5,10,4,6,1,0.4,0.8,0.3636
4,clab-nebula-serf52,15,38,77,36,41,2,0.4675,0.9474,0.4557
4,clab-nebula-serf71,15,33,109,32,77,1,0.2936,0.9697,0.2909
4,clab-nebula-serf26,15,31,60,29,31,2,0.4833,0.9355,0.4677
4,clab-nebula-serf34,15,27,76,27,49,0,0.3553,1.0,0.3553
4,clab-nebula-serf126,15,15,157,14,143,1,0.0892,0.9333,0.0886
4,clab-nebula-serf36,15,17,69,16,53,1,0.2319,0.9412,0.2286
4,clab-nebula-serf82,15,0,0,0,0,0,1.0,1.0,1.0
4,clab-nebula-serf85,15,19,119,19,100,0,0.1597,1.0,0.1597
4,clab-nebula-serf97,15,7,7,7,0,0,1.0,1.0,1.0
4,clab-nebula-serf99,15,7,6,6,0,1,1.0,0.8571,0.8571
4,clab-nebula-serf124,15,8,151,8,143,0,0.053,1.0,0.053
4,clab-nebula-serf157,15,5,5,5,0,0,1.0,1.0,1.0
4,clab-nebula-serf159,15,5,5,5,0,0,1.0,1.0,1.0
4,clab-nebula-serf1,15,12,11,11,0,1,1.0,0.9167,0.9167
4,clab-nebula-serf33,15,53,102,50,52,3,0.4902,0.9434,0.4762
4,clab-nebula-serf123,15,11,145,10,135,1,0.069,0.9091,0.0685
4,clab-nebula-serf135,15,1,12,1,11,0,0.0833,1.0,0.0833
4,clab-nebula-serf13,15,24,63,23,40,1,0.3651,0.9583,0.3594
4,clab-nebula-serf47,15,25,60,23,37,2,0.3833,0.92,0.371
4,clab-nebula-serf84,15,4,54,3,51,1,0.0556,0.75,0.0545
4,clab-nebula-serf92,15,30,120,28,92,2,0.2333,0.9333,0.2295
4,clab-nebula-serf106,15,4,7,3,4,1,0.4286,0.75,0.375
4,clab-nebula-serf108,15,7,67,6,61,1,0.0896,0.8571,0.0882
4,clab-nebula-serf119,15,2,1,1,0,1,1.0,0.5,0.5
4,clab-nebula-serf125,15,12,157,11,146,1,0.0701,0.9167,0.0696
4,clab-nebula-serf54,15,35,64,33,31,2,0.5156,0.9429,0.5
4,clab-nebula-serf57,15,57,107,55,52,2,0.514,0.9649,0.5046
4,clab-nebula-serf24,15,5,18,5,13,0,0.2778,1.0,0.2778
4,clab-nebula-serf42,15,2,4,1,3,1,0.25,0.5,0.2
4,clab-nebula-serf48,15,21,76,21,55,0,0.2763,1.0,0.2763
4,clab-nebula-serf2,15,5,4,4,0,1,1.0,0.8,0.8
4,clab-nebula-serf21,15,16,76,16,60,0,0.2105,1.0,0.2105
4,clab-nebula-serf67,15,26,107,24,83,2,0.2243,0.9231,0.2202
4,clab-nebula-serf102,15,7,6,6,0,1,1.0,0.8571,0.8571
4,clab-nebula-serf110,15,2,6,2,4,0,0.3333,1.0,0.3333
4,clab-nebula-serf132,15,11,18,10,8,1,0.5556,0.9091,0.5263
4,clab-nebula-serf134,15,1,9,1,8,0,0.1111,1.0,0.1111
4,clab-nebula-serf137,15,2,10,2,8,0,0.2,1.0,0.2
4,clab-nebula-serf10,15,20,63,19,44,1,0.3016,0.95,0.2969
4,clab-nebula-serf46,15,11,76,11,65,0,0.1447,1.0,0.1447
4,clab-nebula-serf74,15,26,107,24,83,2,0.2243,0.9231,0.2202
4,clab-nebula-serf76,15,38,120,36,84,2,0.3,0.9474,0.2951
4,clab-nebula-serf149,15,1,6,1,5,0,0.1667,1.0,0.1667
4,clab-nebula-serf20,15,15,76,14,62,1,0.1842,0.9333,0.1818
4,clab-nebula-serf22,15,10,70,9,61,1,0.1286,0.9,0.1268
4,clab-nebula-serf160,15,5,5,5,0,0,1.0,1.0,1.0
4,clab-nebula-serf31,15,28,76,27,49,1,0.3553,0.9643,0.3506
4,clab-nebula-serf93,15,37,123,36,87,1,0.2927,0.973,0.2903
4,clab-nebula-serf122,15,8,149,8,141,0,0.0537,1.0,0.0537
4,clab-nebula-serf38,15,24,76,24,52,0,0.3158,1.0,0.3158
4,clab-nebula-serf55,15,23,43,22,21,1,0.5116,0.9565,0.5
4,clab-nebula-serf79,15,41,119,39,80,2,0.3277,0.9512,0.3223
4,clab-nebula-serf113,15,3,119,3,116,0,0.0252,1.0,0.0252
4,clab-nebula-serf120,15,2,1,1,0,1,1.0,0.5,0.5
4,clab-nebula-serf128,15,6,8,5,3,1,0.625,0.8333,0.5556
4,clab-nebula-serf8,15,13,58,13,45,0,0.2241,1.0,0.2241
4,clab-nebula-serf27,15,7,154,6,148,1,0.039,0.8571,0.0387
4,clab-nebula-serf78,15,27,107,25,82,2,0.2336,0.9259,0.2294
4,clab-nebula-serf104,15,8,67,7,60,1,0.1045,0.875,0.1029
4,clab-nebula-serf133,15,1,9,1,8,0,0.1111,1.0,0.1111
4,clab-nebula-serf64,15,0,0,0,0,0,1.0,1.0,1.0
4,clab-nebula-serf73,15,39,120,37,83,2,0.3083,0.9487,0.3033
4,clab-nebula-serf118,15,2,1,1,0,1,1.0,0.5,0.5
4,clab-nebula-serf5,15,7,8,6,2,1,0.75,0.8571,0.6667
4,clab-nebula-serf87,15,11,55,10,45,1,0.1818,0.9091,0.1786
4,clab-nebula-serf88,15,8,54,7,47,1,0.1296,0.875,0.1273
4,clab-nebula-serf153,15,1,4,1,3,0,0.25,1.0,0.25
4,clab-nebula-serf53,15,25,48,25,23,0,0.5208,1.0,0.5208
4,clab-nebula-serf69,15,31,107,29,78,2,0.271,0.9355,0.2661
4,clab-nebula-serf60,15,42,107,40,67,2,0.3738,0.9524,0.367
4,clab-nebula-serf145,15,1,3,1,2,0,0.3333,1.0,0.3333
4,clab-nebula-serf6,15,18,58,18,40,0,0.3103,1.0,0.3103
4,clab-nebula-serf11,15,26,63,25,38,1,0.3968,0.9615,0.3906
4,clab-nebula-serf98,15,7,7,7,0,0,1.0,1.0,1.0
4,clab-nebula-serf138,15,1,9,1,8,0,0.1111,1.0,0.1111
4,clab-nebula-serf150,15,1,8,1,7,0,0.125,1.0,0.125
4,clab-nebula-serf18,15,20,58,20,38,0,0.3448,1.0,0.3448
4,clab-nebula-serf30,15,28,76,27,49,1,0.3553,0.9643,0.3506
4,clab-nebula-serf44,15,23,60,21,39,2,0.35,0.913,0.3387
4,clab-nebula-serf131,15,3,10,2,8,1,0.2,0.6667,0.1818
4,clab-nebula-serf35,15,7,68,6,62,1,0.0882,0.8571,0.087
4,clab-nebula-serf40,15,11,34,10,24,1,0.2941,0.9091,0.2857
4,clab-nebula-serf144,15,7,6,6,0,1,1.0,0.8571,0.8571
4,clab-nebula-serf152,15,11,133,10,123,1,0.0752,0.9091,0.0746
4,clab-nebula-serf162,15,5,5,5,0,0,1.0,1.0,1.0
4,clab-nebula-serf41,15,1,4,1,3,0,0.25,1.0,0.25
4,clab-nebula-serf72,15,31,107,29,78,2,0.271,0.9355,0.2661
4,clab-nebula-serf141,15,0,9,0,9,0,0.0,0.0,0.0
4,clab-nebula-serf25,15,12,71,11,60,1,0.1549,0.9167,0.1528
4,clab-nebula-serf50,15,23,60,21,39,2,0.35,0.913,0.3387
4,clab-nebula-serf51,15,24,43,22,21,2,0.5116,0.9167,0.4889
4,clab-nebula-serf66,15,27,123,26,97,1,0.2114,0.963,0.2097
4,clab-nebula-serf86,15,11,55,10,45,1,0.1818,0.9091,0.1786
4,clab-nebula-serf90,15,30,120,28,92,2,0.2333,0.9333,0.2295
4,clab-nebula-serf143,15,1,3,1,2,0,0.3333,1.0,0.3333
4,clab-nebula-serf7,15,19,58,19,39,0,0.3276,1.0,0.3276
4,clab-nebula-serf37,15,29,76,29,47,0,0.3816,1.0,0.3816
4,clab-nebula-serf43,15,13,62,13,49,0,0.2097,1.0,0.2097
4,clab-nebula-serf58,15,57,107,55,52,2,0.514,0.9649,0.5046
4,clab-nebula-serf61,15,61,107,59,48,2,0.5514,0.9672,0.5413
4,clab-nebula-serf112,15,0,0,0,0,0,1.0,1.0,1.0
4,clab-nebula-serf15,15,32,63,31,32,1,0.4921,0.9688,0.4844
4,clab-nebula-serf16,15,33,63,32,31,1,0.5079,0.9697,0.5
4,clab-nebula-serf77,15,38,109,37,72,1,0.3394,0.9737,0.3364
4,clab-nebula-serf121,15,8,145,7,138,1,0.0483,0.875,0.0479
4,clab-nebula-serf140,15,0,9,0,9,0,0.0,0.0,0.0
4,clab-nebula-serf148,15,0,0,0,0,0,1.0,1.0,1.0
4,clab-nebula-serf154,15,1,4,1,3,0,0.25,1.0,0.25
4,clab-nebula-serf156,15,4,133,3,130,1,0.0226,0.75,0.0224
4,clab-nebula-serf23,15,4,18,4,14,0,0.2222,1.0,0.2222
4,clab-nebula-serf39,15,53,92,50,42,3,0.5435,0.9434,0.5263
4,clab-nebula-serf62,15,13,36,12,24,1,0.3333,0.9231,0.3243
4,clab-nebula-serf107,15,6,8,5,3,1,0.625,0.8333,0.5556
4,clab-nebula-serf115,15,0,0,0,0,0,1.0,1.0,1.0
4,clab-nebula-serf151,15,1,4,1,3,0,0.25,1.0,0.25
4,clab-nebula-serf158,15,5,5,5,0,0,1.0,1.0,1.0
4,clab-nebula-serf28,15,2,82,1,81,1,0.0122,0.5,0.012
4,clab-nebula-serf29,15,6,18,6,12,0,0.3333,1.0,0.3333
4,clab-nebula-serf130,20,13,18,12,6,1,0.6667,0.9231,0.6316
4,clab-nebula-serf161,20,10,67,9,58,1,0.1343,0.9,0.1324
4,clab-nebula-serf32,20,59,77,56,21,3,0.7273,0.9492,0.7
4,clab-nebula-serf63,20,32,92,30,62,2,0.3261,0.9375,0.3191
4,clab-nebula-serf45,20,40,62,38,24,2,0.6129,0.95,0.5938
4,clab-nebula-serf49,20,67,100,63,37,4,0.63,0.9403,0.6058
4,clab-nebula-serf83,20,33,126,31,95,2,0.246,0.9394,0.2422
4,clab-nebula-serf91,20,56,125,53,72,3,0.424,0.9464,0.4141
4,clab-nebula-serf136,20,14,18,13,5,1,0.7222,0.9286,0.6842
4,clab-nebula-serf146,20,5,6,4,2,1,0.6667,0.8,0.5714
4,clab-nebula-serf12,20,38,64,36,28,2,0.5625,0.9474,0.5455
4,clab-nebula-serf19,20,44,68,41,27,3,0.6029,0.9318,0.5775
4,clab-nebula-serf80,20,55,125,52,73,3,0.416,0.9455,0.4062
4,clab-nebula-serf111,20,47,126,44,82,3,0.3492,0.9362,0.3411
4,clab-nebula-serf109,20,58,127,55,72,3,0.4331,0.9483,0.4231
4,clab-nebula-serf147,20,12,133,11,122,1,0.0827,0.9167,0.0821
4,clab-nebula-serf4,20,16,58,16,42,0,0.2759,1.0,0.2759
4,clab-nebula-serf100,20,14,102,14,88,0,0.1373,1.0,0.1373
4,clab-nebula-serf75,20,41,119,39,80,2,0.3277,0.9512,0.3223
4,clab-nebula-serf89,20,18,119,18,101,0,0.1513,1.0,0.1513
4,clab-nebula-serf101,20,10,102,10,92,0,0.098,1.0,0.098
4,clab-nebula-serf105,20,25,146,23,123,2,0.1575,0.92,0.1554
4,clab-nebula-serf65,20,23,103,21,82,2,0.2039,0.913,0.2
4,clab-nebula-serf68,20,42,123,39,84,3,0.3171,0.9286,0.3095
4,clab-nebula-serf94,20,57,125,54,71,3,0.432,0.9474,0.4219
4,clab-nebula-serf103,20,16,120,15,105,1,0.125,0.9375,0.124
4,clab-nebula-serf117,20,0,0,0,0,0,1.0,1.0,1.0
4,clab-nebula-serf127,20,46,158,43,115,3,0.2722,0.9348,0.2671
4,clab-nebula-serf129,20,7,8,6,2,1,0.75,0.8571,0.6667
4,clab-nebula-serf155,20,11,133,10,123,1,0.0752,0.9091,0.0746
4,clab-nebula-serf3,20,13,55,12,43,1,0.2182,0.9231,0.2143
4,clab-nebula-serf14,20,35,63,33,30,2,0.5238,0.9429,0.5077
4,clab-nebula-serf142,20,1,4,1,3,0,0.25,1.0,0.25
4,clab-nebula-serf96,20,9,102,9,93,0,0.0882,1.0,0.0882
4,clab-nebula-serf116,20,0,0,0,0,0,1.0,1.0,1.0
4,clab-nebula-serf56,20,83,119,79,40,4,0.6639,0.9518,0.6423
4,clab-nebula-serf59,20,83,119,79,40,4,0.6639,0.9518,0.6423
4,clab-nebula-serf70,20,66,150,62,88,4,0.4133,0.9394,0.4026
4,clab-nebula-serf81,20,68,150,65,85,3,0.4333,0.9559,0.4248
4,clab-nebula-serf95,20,50,123,47,76,3,0.3821,0.94,0.373
4,clab-nebula-serf114,20,17,144,16,128,1,0.1111,0.9412,0.1103
4,clab-nebula-serf9,20,36,63,35,28,1,0.5556,0.9722,0.5469
4,clab-nebula-serf17,20,66,107,64,43,2,0.5981,0.9697,0.5872
4,clab-nebula-serf139,20,14,18,13,5,1,0.7222,0.9286,0.6842
4,clab-nebula-serf52,20,69,107,66,41,3,0.6168,0.9565,0.6
4,clab-nebula-serf71,20,57,151,54,97,3,0.3576,0.9474,0.3506
4,clab-nebula-serf26,20,58,103,55,48,3,0.534,0.9483,0.5189
4,clab-nebula-serf34,20,67,103,63,40,4,0.6117,0.9403,0.5888
4,clab-nebula-serf126,20,47,158,44,114,3,0.2785,0.9362,0.2733
4,clab-nebula-serf36,20,53,103,50,53,3,0.4854,0.9434,0.4717
4,clab-nebula-serf82,20,0,0,0,0,0,1.0,1.0,1.0
4,clab-nebula-serf85,20,35,126,33,93,2,0.2619,0.9429,0.2578
4,clab-nebula-serf97,20,9,102,9,93,0,0.0882,1.0,0.0882
4,clab-nebula-serf99,20,11,102,11,91,0,0.1078,1.0,0.1078
4,clab-nebula-serf124,20,15,151,15,136,0,0.0993,1.0,0.0993
4,clab-nebula-serf157,20,9,12,8,4,1,0.6667,0.8889,0.6154
4,clab-nebula-serf159,20,9,12,8,4,1,0.6667,0.8889,0.6154
4,clab-nebula-serf1,20,19,58,19,39,0,0.3276,1.0,0.3276
4,clab-nebula-serf33,20,78,107,74,33,4,0.6916,0.9487,0.6667
4,clab-nebula-serf123,20,16,145,15,130,1,0.1034,0.9375,0.1027
4,clab-nebula-serf135,20,14,14,13,1,1,0.9286,0.9286,0.8667
4,clab-nebula-serf13,20,50,103,47,56,3,0.4563,0.94,0.4434
4,clab-nebula-serf47,20,51,63,48,15,3,0.7619,0.9412,0.7273
4,clab-nebula-serf84,20,18,119,18,101,0,0.1513,1.0,0.1513
4,clab-nebula-serf92,20,47,123,44,79,3,0.3577,0.9362,0.3492
4,clab-nebula-serf106,20,8,67,7,60,1,0.1045,0.875,0.1029
4,clab-nebula-serf108,20,16,149,16,133,0,0.1074,1.0,0.1074
4,clab-nebula-serf119,20,2,1,1,0,1,1.0,0.5,0.5
4,clab-nebula-serf125,20,45,158,42,116,3,0.2658,0.9333,0.2609
4,clab-nebula-serf54,20,66,107,64,43,2,0.5981,0.9697,0.5872
4,clab-nebula-serf57,20,76,109,73,36,3,0.6697,0.9605,0.6518
4,clab-nebula-serf24,20,17,28,16,12,1,0.5714,0.9412,0.5517
4,clab-nebula-serf42,20,15,69,14,55,1,0.2029,0.9333,0.2
4,clab-nebula-serf48,20,37,76,37,39,0,0.4868,1.0,0.4868
4,clab-nebula-serf2,20,10,11,10,1,0,0.9091,1.0,0.9091
4,clab-nebula-serf21,20,32,76,31,45,1,0.4079,0.9688,0.4026
4,clab-nebula-serf67,20,41,119,39,80,2,0.3277,0.9512,0.3223
4,clab-nebula-serf102,20,10,102,10,92,0,0.098,1.0,0.098
4,clab-nebula-serf110,20,7,8,6,2,1,0.75,0.8571,0.6667
4,clab-nebula-serf132,20,14,18,13,5,1,0.7222,0.9286,0.6842
4,clab-nebula-serf134,20,14,18,13,5,1,0.7222,0.9286,0.6842
4,clab-nebula-serf137,20,14,18,13,5,1,0.7222,0.9286,0.6842
4,clab-nebula-serf10,20,40,64,38,26,2,0.5938,0.95,0.5758
4,clab-nebula-serf46,20,26,76,26,50,0,0.3421,1.0,0.3421
4,clab-nebula-serf74,20,45,147,42,105,3,0.2857,0.9333,0.28
4,clab-nebula-serf76,20,68,150,64,86,4,0.4267,0.9412,0.4156
4,clab-nebula-serf149,20,11,133,10,123,1,0.0752,0.9091,0.0746
4,clab-nebula-serf20,20,26,76,25,51,1,0.3289,0.9615,0.3247
4,clab-nebula-serf22,20,23,76,22,54,1,0.2895,0.9565,0.2857
4,clab-nebula-serf160,20,10,67,9,58,1,0.1343,0.9,0.1324
4,clab-nebula-serf31,20,45,76,44,32,1,0.5789,0.9778,0.5714
4,clab-nebula-serf93,20,59,124,56,68,3,0.4516,0.9492,0.4409
4,clab-nebula-serf122,20,15,149,15,134,0,0.1007,1.0,0.1007
4,clab-nebula-serf38,20,56,102,53,49,3,0.5196,0.9464,0.5048
4,clab-nebula-serf55,20,64,107,62,45,2,0.5794,0.9688,0.5688
4,clab-nebula-serf79,20,76,150,72,78,4,0.48,0.9474,0.4675
4,clab-nebula-serf113,20,19,134,18,116,1,0.1343,0.9474,0.1333
4,clab-nebula-serf120,20,2,1,1,0,1,1.0,0.5,0.5
4,clab-nebula-serf128,20,20,149,20,129,0,0.1342,1.0,0.1342
4,clab-nebula-serf8,20,23,58,23,35,0,0.3966,1.0,0.3966
4,clab-nebula-serf27,20,13,109,12,97,1,0.1101,0.9231,0.1091
4,clab-nebula-serf78,20,48,147,45,102,3,0.3061,0.9375,0.3
4,clab-nebula-serf104,20,25,146,23,123,2,0.1575,0.92,0.1554
4,clab-nebula-serf133,20,14,18,13,5,1,0.7222,0.9286,0.6842
4,clab-nebula-serf64,20,7,70,6,64,1,0.0857,0.8571,0.0845
4,clab-nebula-serf73,20,69,150,65,85,4,0.4333,0.942,0.4221
4,clab-nebula-serf118,20,2,1,1,0,1,1.0,0.5,0.5
4,clab-nebula-serf5,20,14,58,14,44,0,0.2414,1.0,0.2414
4,clab-nebula-serf87,20,24,119,22,97,2,0.1849,0.9167,0.1818
4,clab-nebula-serf88,20,19,119,19,100,0,0.1597,1.0,0.1597
4,clab-nebula-serf153,20,9,133,8,125,1,0.0602,0.8889,0.0597
4,clab-nebula-serf53,20,64,107,62,45,2,0.5794,0.9688,0.5688
4,clab-nebula-serf69,20,54,150,52,98,2,0.3467,0.963,0.3421
4,clab-nebula-serf60,20,70,107,67,40,3,0.6262,0.9571,0.6091
4,clab-nebula-serf145,20,5,6,4,2,1,0.6667,0.8,0.5714
4,clab-nebula-serf6,20,32,58,32,26,0,0.5517,1.0,0.5517
4,clab-nebula-serf11,20,57,107,56,51,1,0.5234,0.9825,0.5185
4,clab-nebula-serf98,20,8,9,7,2,1,0.7778,0.875,0.7
4,clab-nebula-serf138,20,14,18,13,5,1,0.7222,0.9286,0.6842
4,clab-nebula-serf150,20,9,133,8,125,1,0.0602,0.8889,0.0597
4,clab-nebula-serf18,20,47,64,44,20,3,0.6875,0.9362,0.6567
4,clab-nebula-serf30,20,45,76,44,32,1,0.5789,0.9778,0.5714
4,clab-nebula-serf44,20,47,62,44,18,3,0.7097,0.9362,0.6769
4,clab-nebula-serf131,20,14,18,13,5,1,0.7222,0.9286,0.6842
4,clab-nebula-serf35,20,26,76,26,50,0,0.3421,1.0,0.3421
4,clab-nebula-serf40,20,35,76,35,41,0,0.4605,1.0,0.4605
4,clab-nebula-serf144,20,12,25,11,14,1,0.44,0.9167,0.4231
4,clab-nebula-serf152,20,14,133,13,120,1,0.0977,0.9286,0.097
4,clab-nebula-serf162,20,5,5,5,0,0,1.0,1.0,1.0
4,clab-nebula-serf41,20,14,70,13,57,1,0.1857,0.9286,0.1831
4,clab-nebula-serf72,20,54,150,52,98,2,0.3467,0.963,0.3421
4,clab-nebula-serf141,20,14,18,13,5,1,0.7222,0.9286,0.6842
4,clab-nebula-serf25,20,28,76,27,49,1,0.3553,0.9643,0.3506
4,clab-nebula-serf50,20,41,62,39,23,2,0.629,0.9512,0.6094
4,clab-nebula-serf51,20,64,107,62,45,2,0.5794,0.9688,0.5688
4,clab-nebula-serf66,20,44,127,41,86,3,0.3228,0.9318,0.3154
4,clab-nebula-serf86,20,29,126,28,98,1,0.2222,0.9655,0.2205
4,clab-nebula-serf90,20,49,125,46,79,3,0.368,0.9388,0.3594
4,clab-nebula-serf143,20,2,5,1,4,1,0.2,0.5,0.1667
4,clab-nebula-serf7,20,33,58,33,25,0,0.569,1.0,0.569
4,clab-nebula-serf37,20,65,103,61,42,4,0.5922,0.9385,0.5701
4,clab-nebula-serf43,20,27,60,25,35,2,0.4167,0.9259,0.4032
4,clab-nebula-serf58,20,79,119,76,43,3,0.6387,0.962,0.623
4,clab-nebula-serf61,20,79,119,76,43,3,0.6387,0.962,0.623
4,clab-nebula-serf112,20,0,0,0,0,0,1.0,1.0,1.0
4,clab-nebula-serf15,20,68,107,66,41,2,0.6168,0.9706,0.6055
4,clab-nebula-serf16,20,69,107,67,40,2,0.6262,0.971,0.6147
4,clab-nebula-serf77,20,67,150,63,87,4,0.42,0.9403,0.4091
4,clab-nebula-serf121,20,15,145,14,131,1,0.0966,0.9333,0.0959
4,clab-nebula-serf140,20,13,18,12,6,1,0.6667,0.9231,0.6316
4,clab-nebula-serf148,20,6,133,5,128,1,0.0376,0.8333,0.0373
4,clab-nebula-serf154,20,9,133,8,125,1,0.0602,0.8889,0.0597
4,clab-nebula-serf156,20,12,133,11,122,1,0.0827,0.9167,0.0821
4,clab-nebula-serf23,20,11,28,10,18,1,0.3571,0.9091,0.3448
4,clab-nebula-serf39,20,81,109,78,31,3,0.7156,0.963,0.6964
4,clab-nebula-serf62,20,48,107,46,61,2,0.4299,0.9583,0.422
4,clab-nebula-serf107,20,15,149,15,134,0,0.1007,1.0,0.1007
4,clab-nebula-serf115,20,0,0,0,0,0,1.0,1.0,1.0
4,clab-nebula-serf151,20,11,133,10,123,1,0.0752,0.9091,0.0746
4,clab-nebula-serf158,20,8,12,7,5,1,0.5833,0.875,0.5385
4,clab-nebula-serf28,20,4,82,3,79,1,0.0366,0.75,0.0361
4,clab-nebula-serf29,20,14,109,13,96,1,0.1193,0.9286,0.1182
4,clab-nebula-serf130,25,14,18,13,5,1,0.7222,0.9286,0.6842
4,clab-nebula-serf161,25,22,158,20,138,2,0.1266,0.9091,0.125
4,clab-nebula-serf32,25,88,150,83,67,5,0.5533,0.9432,0.5355
4,clab-nebula-serf63,25,64,107,61,46,3,0.5701,0.9531,0.5545
4,clab-nebula-serf45,25,80,107,77,30,3,0.7196,0.9625,0.7
4,clab-nebula-serf49,25,84,107,79,28,5,0.7383,0.9405,0.7054
4,clab-nebula-serf83,25,50,131,47,84,3,0.3588,0.94,0.3507
4,clab-nebula-serf91,25,81,136,77,59,4,0.5662,0.9506,0.55
4,clab-nebula-serf136,25,18,24,17,7,1,0.7083,0.9444,0.68
4,clab-nebula-serf146,25,8,18,7,11,1,0.3889,0.875,0.3684
4,clab-nebula-serf12,25,71,107,69,38,2,0.6449,0.9718,0.633
4,clab-nebula-serf19,25,73,107,70,37,3,0.6542,0.9589,0.6364
4,clab-nebula-serf80,25,84,132,79,53,5,0.5985,0.9405,0.5766
4,clab-nebula-serf111,25,73,146,69,77,4,0.4726,0.9452,0.46
4,clab-nebula-serf109,25,87,133,82,51,5,0.6165,0.9425,0.5942
4,clab-nebula-serf147,25,14,133,13,120,1,0.0977,0.9286,0.097
4,clab-nebula-serf4,25,23,58,23,35,0,0.3966,1.0,0.3966
4,clab-nebula-serf100,25,25,134,23,111,2,0.1716,0.92,0.1691
4,clab-nebula-serf75,25,76,150,72,78,4,0.48,0.9474,0.4675
4,clab-nebula-serf89,25,41,129,39,90,2,0.3023,0.9512,0.2977
4,clab-nebula-serf101,25,22,133,20,113,2,0.1504,0.9091,0.1481
4,clab-nebula-serf105,25,54,126,51,75,3,0.4048,0.9444,0.3953
4,clab-nebula-serf65,25,62,119,59,60,3,0.4958,0.9516,0.4836
4,clab-nebula-serf68,25,79,133,75,58,4,0.5639,0.9494,0.5474
4,clab-nebula-serf94,25,81,136,77,59,4,0.5662,0.9506,0.55
4,clab-nebula-serf103,25,27,134,25,109,2,0.1866,0.9259,0.1838
4,clab-nebula-serf117,25,1,3,1,2,0,0.3333,1.0,0.3333
4,clab-nebula-serf127,25,60,158,57,101,3,0.3608,0.95,0.354
4,clab-nebula-serf129,25,17,149,17,132,0,0.1141,1.0,0.1141
4,clab-nebula-serf155,25,14,133,13,120,1,0.0977,0.9286,0.097
4,clab-nebula-serf3,25,22,58,21,37,1,0.3621,0.9545,0.3559
4,clab-nebula-serf14,25,70,107,68,39,2,0.6355,0.9714,0.6239
4,clab-nebula-serf142,25,7,6,6,0,1,1.0,0.8571,0.8571
4,clab-nebula-serf96,25,20,132,19,113,1,0.1439,0.95,0.1429
4,clab-nebula-serf116,25,0,0,0,0,0,1.0,1.0,1.0
4,clab-nebula-serf56,25,97,150,93,57,4,0.62,0.9588,0.6039
4,clab-nebula-serf59,25,99,150,95,55,4,0.6333,0.9596,0.6169
4,clab-nebula-serf70,25,87,150,83,67,4,0.5533,0.954,0.539
4,clab-nebula-serf81,25,90,150,86,64,4,0.5733,0.9556,0.5584
4,clab-nebula-serf95,25,80,132,76,56,4,0.5758,0.95,0.5588
4,clab-nebula-serf114,25,25,133,23,110,2,0.1729,0.92,0.1704
4,clab-nebula-serf9,25,71,107,67,40,4,0.6262,0.9437,0.6036
4,clab-nebula-serf17,25,85,119,81,38,4,0.6807,0.9529,0.6585
4,clab-nebula-serf139,25,21,26,21,5,0,0.8077,1.0,0.8077
4,clab-nebula-serf52,25,88,150,84,66,4,0.56,0.9545,0.5455
4,clab-nebula-serf71,25,83,150,79,71,4,0.5267,0.9518,0.513
4,clab-nebula-serf26,25,87,150,82,68,5,0.5467,0.9425,0.529
4,clab-nebula-serf34,25,85,109,80,29,5,0.7339,0.9412,0.7018
4,clab-nebula-serf126,25,59,158,56,102,3,0.3544,0.9492,0.3478
4,clab-nebula-serf36,25,79,109,75,34,4,0.6881,0.9494,0.6637
4,clab-nebula-serf82,25,0,0,0,0,0,1.0,1.0,1.0
4,clab-nebula-serf85,25,57,131,54,77,3,0.4122,0.9474,0.403
4,clab-nebula-serf97,25,17,120,16,104,1,0.1333,0.9412,0.1322
4,clab-nebula-serf99,25,24,134,22,112,2,0.1642,0.9167,0.1618
4,clab-nebula-serf124,25,29,151,28,123,1,0.1854,0.9655,0.1842
4,clab-nebula-serf157,25,16,159,15,144,1,0.0943,0.9375,0.0938
4,clab-nebula-serf159,25,16,159,15,144,1,0.0943,0.9375,0.0938
4,clab-nebula-serf1,25,37,64,35,29,2,0.5469,0.9459,0.5303
4,clab-nebula-serf33,25,90,150,86,64,4,0.5733,0.9556,0.5584
4,clab-nebula-serf123,25,42,132,39,93,3,0.2955,0.9286,0.2889
4,clab-nebula-serf135,25,15,20,14,6,1,0.7,0.9333,0.6667
4,clab-nebula-serf13,25,76,107,72,35,4,0.6729,0.9474,0.6486
4,clab-nebula-serf47,25,82,107,78,29,4,0.729,0.9512,0.7027
4,clab-nebula-serf84,25,35,126,33,93,2,0.2619,0.9429,0.2578
4,clab-nebula-serf92,25,77,132,73,59,4,0.553,0.9481,0.5368
4,clab-nebula-serf106,25,27,146,25,121,2,0.1712,0.9259,0.1689
4,clab-nebula-serf108,25,46,126,43,83,3,0.3413,0.9348,0.3333
4,clab-nebula-serf119,25,3,2,2,0,1,1.0,0.6667,0.6667
4,clab-nebula-serf125,25,58,158,55,103,3,0.3481,0.9483,0.3416
4,clab-nebula-serf54,25,83,119,79,40,4,0.6639,0.9518,0.6423
4,clab-nebula-serf57,25,90,150,86,64,4,0.5733,0.9556,0.5584
4,clab-nebula-serf24,25,29,60,27,33,2,0.45,0.931,0.4355
4,clab-nebula-serf42,25,38,76,38,38,0,0.5,1.0,0.5
4,clab-nebula-serf48,25,79,107,76,31,3,0.7103,0.962,0.6909
4,clab-nebula-serf2,25,19,58,19,39,0,0.3276,1.0,0.3276
4,clab-nebula-serf21,25,56,76,54,22,2,0.7105,0.9643,0.6923
4,clab-nebula-serf67,25,76,150,72,78,4,0.48,0.9474,0.4675
4,clab-nebula-serf102,25,21,134,20,114,1,0.1493,0.9524,0.1481
4,clab-nebula-serf110,25,15,149,15,134,0,0.1007,1.0,0.1007
4,clab-nebula-serf132,25,23,146,21,125,2,0.1438,0.913,0.1419
4,clab-nebula-serf134,25,16,19,15,4,1,0.7895,0.9375,0.75
4,clab-nebula-serf137,25,20,26,20,6,0,0.7692,1.0,0.7692
4,clab-nebula-serf10,25,71,107,69,38,2,0.6449,0.9718,0.633
4,clab-nebula-serf46,25,54,76,52,24,2,0.6842,0.963,0.6667
4,clab-nebula-serf74,25,82,150,78,72,4,0.52,0.9512,0.5065
4,clab-nebula-serf76,25,89,150,85,65,4,0.5667,0.9551,0.5519
4,clab-nebula-serf149,25,17,133,16,117,1,0.1203,0.9412,0.1194
4,clab-nebula-serf20,25,46,76,44,32,2,0.5789,0.9565,0.5641
4,clab-nebula-serf22,25,41,76,40,36,1,0.5263,0.9756,0.5195
4,clab-nebula-serf160,25,25,158,23,135,2,0.1456,0.92,0.1437
4,clab-nebula-serf31,25,80,107,76,31,4,0.7103,0.95,0.6847
4,clab-nebula-serf93,25,83,135,78,57,5,0.5778,0.9398,0.5571
4,clab-nebula-serf122,25,22,146,20,126,2,0.137,0.9091,0.1351
4,clab-nebula-serf38,25,82,107,77,30,5,0.7196,0.939,0.6875
4,clab-nebula-serf55,25,83,119,79,40,4,0.6639,0.9518,0.6423
4,clab-nebula-serf79,25,96,150,92,58,4,0.6133,0.9583,0.5974
4,clab-nebula-serf113,25,28,133,26,107,2,0.1955,0.9286,0.1926
4,clab-nebula-serf120,25,2,1,1,0,1,1.0,0.5,0.5
4,clab-nebula-serf128,25,48,126,45,81,3,0.3571,0.9375,0.3488
4,clab-nebula-serf8,25,44,70,41,29,3,0.5857,0.9318,0.5616
4,clab-nebula-serf27,25,24,60,22,38,2,0.3667,0.9167,0.3548
4,clab-nebula-serf78,25,80,150,76,74,4,0.5067,0.95,0.4935
4,clab-nebula-serf104,25,54,126,51,75,3,0.4048,0.9444,0.3953
4,clab-nebula-serf133,25,16,24,15,9,1,0.625,0.9375,0.6
4,clab-nebula-serf64,25,46,107,43,64,3,0.4019,0.9348,0.3909
4,clab-nebula-serf73,25,89,150,85,65,4,0.5667,0.9551,0.5519
4,clab-nebula-serf118,25,2,1,1,0,1,1.0,0.5,0.5
4,clab-nebula-serf5,25,19,58,19,39,0,0.3276,1.0,0.3276
4,clab-nebula-serf87,25,49,131,46,85,3,0.3511,0.9388,0.3433
4,clab-nebula-serf88,25,42,129,39,90,3,0.3023,0.9286,0.2955
4,clab-nebula-serf153,25,12,133,11,122,1,0.0827,0.9167,0.0821
4,clab-nebula-serf53,25,81,119,78,41,3,0.6555,0.963,0.6393
4,clab-nebula-serf69,25,84,150,80,70,4,0.5333,0.9524,0.5195
4,clab-nebula-serf60,25,87,150,83,67,4,0.5533,0.954,0.539
4,clab-nebula-serf145,25,7,6,6,0,1,1.0,0.8571,0.8571
4,clab-nebula-serf6,25,68,107,66,41,2,0.6168,0.9706,0.6055
4,clab-nebula-serf11,25,82,150,78,72,4,0.52,0.9512,0.5065
4,clab-nebula-serf98,25,14,120,13,107,1,0.1083,0.9286,0.1074
4,clab-nebula-serf138,25,14,18,13,5,1,0.7222,0.9286,0.6842
4,clab-nebula-serf150,25,17,133,16,117,1,0.1203,0.9412,0.1194
4,clab-nebula-serf18,25,75,107,73,34,2,0.6822,0.9733,0.6697
4,clab-nebula-serf30,25,81,107,77,30,4,0.7196,0.9506,0.6937
4,clab-nebula-serf44,25,81,107,77,30,4,0.7196,0.9506,0.6937
4,clab-nebula-serf131,25,18,24,17,7,1,0.7083,0.9444,0.68
4,clab-nebula-serf35,25,63,102,59,43,4,0.5784,0.9365,0.5566
4,clab-nebula-serf40,25,71,107,69,38,2,0.6449,0.9718,0.633
4,clab-nebula-serf144,25,23,146,21,125,2,0.1438,0.913,0.1419
4,clab-nebula-serf152,25,24,134,22,112,2,0.1642,0.9167,0.1618
4,clab-nebula-serf162,25,5,5,5,0,0,1.0,1.0,1.0
4,clab-nebula-serf41,25,40,76,40,36,0,0.5263,1.0,0.5263
4,clab-nebula-serf72,25,84,150,80,70,4,0.5333,0.9524,0.5195
4,clab-nebula-serf141,25,14,18,13,5,1,0.7222,0.9286,0.6842
4,clab-nebula-serf25,25,44,76,43,33,1,0.5658,0.9773,0.5584
4,clab-nebula-serf50,25,81,107,77,30,4,0.7196,0.9506,0.6937
4,clab-nebula-serf51,25,83,119,79,40,4,0.6639,0.9518,0.6423
4,clab-nebula-serf66,25,79,133,75,58,4,0.5639,0.9494,0.5474
4,clab-nebula-serf86,25,56,134,53,81,3,0.3955,0.9464,0.3869
4,clab-nebula-serf90,25,78,132,74,58,4,0.5606,0.9487,0.5441
4,clab-nebula-serf143,25,7,6,6,0,1,1.0,0.8571,0.8571
4,clab-nebula-serf7,25,67,107,65,42,2,0.6075,0.9701,0.5963
4,clab-nebula-serf37,25,85,109,80,29,5,0.7339,0.9412,0.7018
4,clab-nebula-serf43,25,52,65,49,16,3,0.7538,0.9423,0.7206
4,clab-nebula-serf58,25,93,150,89,61,4,0.5933,0.957,0.5779
4,clab-nebula-serf61,25,93,150,89,61,4,0.5933,0.957,0.5779
4,clab-nebula-serf112,25,5,119,5,114,0,0.042,1.0,0.042
4,clab-nebula-serf15,25,88,150,84,66,4,0.56,0.9545,0.5455
4,clab-nebula-serf16,25,88,150,84,66,4,0.56,0.9545,0.5455
4,clab-nebula-serf77,25,90,150,86,64,4,0.5733,0.9556,0.5584
4,clab-nebula-serf121,25,32,134,30,104,2,0.2239,0.9375,0.2206
4,clab-nebula-serf140,25,14,18,13,5,1,0.7222,0.9286,0.6842
4,clab-nebula-serf148,25,12,133,11,122,1,0.0827,0.9167,0.0821
4,clab-nebula-serf154,25,12,133,11,122,1,0.0827,0.9167,0.0821
4,clab-nebula-serf156,25,18,133,17,116,1,0.1278,0.9444,0.1269
4,clab-nebula-serf23,25,22,30,21,9,1,0.7,0.9545,0.6774
4,clab-nebula-serf39,25,90,150,86,64,4,0.5733,0.9556,0.5584
4,clab-nebula-serf62,25,73,107,69,38,4,0.6449,0.9452,0.6216
4,clab-nebula-serf107,25,40,136,38,98,2,0.2794,0.95,0.2754
4,clab-nebula-serf115,25,0,0,0,0,0,1.0,1.0,1.0
4,clab-nebula-serf151,25,13,133,12,121,1,0.0902,0.9231,0.0896
4,clab-nebula-serf158,25,16,159,15,144,1,0.0943,0.9375,0.0938
4,clab-nebula-serf28,25,7,89,7,82,0,0.0787,1.0,0.0787
4,clab-nebula-serf29,25,23,60,21,39,2,0.35,0.913,0.3387
4,clab-nebula-serf130,30,24,142,22,120,2,0.1549,0.9167,0.1528
4,clab-nebula-serf161,30,36,159,34,125,2,0.2138,0.9444,0.2112
4,clab-nebula-serf32,30,95,150,90,60,5,0.6,0.9474,0.5806
4,clab-nebula-serf63,30,84,119,80,39,4,0.6723,0.9524,0.6504
4,clab-nebula-serf45,30,90,147,85,62,5,0.5782,0.9444,0.5592
4,clab-nebula-serf49,30,106,150,101,49,5,0.6733,0.9528,0.6516
4,clab-nebula-serf83,30,79,138,75,63,4,0.5435,0.9494,0.5282
4,clab-nebula-serf91,30,112,141,106,35,6,0.7518,0.9464,0.7211
4,clab-nebula-serf136,30,28,151,26,125,2,0.1722,0.9286,0.1699
4,clab-nebula-serf146,30,16,53,15,38,1,0.283,0.9375,0.2778
4,clab-nebula-serf12,30,88,150,84,66,4,0.56,0.9545,0.5455
4,clab-nebula-serf19,30,90,150,86,64,4,0.5733,0.9556,0.5584
4,clab-nebula-serf80,30,110,141,104,37,6,0.7376,0.9455,0.7075
4,clab-nebula-serf111,30,111,147,105,42,6,0.7143,0.9459,0.6863
4,clab-nebula-serf109,30,130,155,126,29,4,0.8129,0.9692,0.7925
4,clab-nebula-serf147,30,27,144,26,118,1,0.1806,0.963,0.1793
4,clab-nebula-serf4,30,47,71,44,27,3,0.6197,0.9362,0.5946
4,clab-nebula-serf100,30,59,134,56,78,3,0.4179,0.9492,0.4088
4,clab-nebula-serf75,30,100,150,96,54,4,0.64,0.96,0.6234
4,clab-nebula-serf89,30,71,143,67,76,4,0.4685,0.9437,0.4558
4,clab-nebula-serf101,30,47,132,44,88,3,0.3333,0.9362,0.3259
4,clab-nebula-serf105,30,86,133,81,52,5,0.609,0.9419,0.587
4,clab-nebula-serf65,30,95,150,91,59,4,0.6067,0.9579,0.5909
4,clab-nebula-serf68,30,103,141,97,44,6,0.6879,0.9417,0.6599
4,clab-nebula-serf94,30,105,141,99,42,6,0.7021,0.9429,0.6735
4,clab-nebula-serf103,30,63,133,59,74,4,0.4436,0.9365,0.4307
4,clab-nebula-serf117,30,3,2,2,0,1,1.0,0.6667,0.6667
4,clab-nebula-serf127,30,92,157,88,69,4,0.5605,0.9565,0.5466
4,clab-nebula-serf129,30,42,126,39,87,3,0.3095,0.9286,0.3023
4,clab-nebula-serf155,30,24,144,23,121,1,0.1597,0.9583,0.1586
4,clab-nebula-serf3,30,50,151,47,104,3,0.3113,0.94,0.3052
4,clab-nebula-serf14,30,88,150,84,66,4,0.56,0.9545,0.5455
4,clab-nebula-serf142,30,14,53,13,40,1,0.2453,0.9286,0.2407
4,clab-nebula-serf96,30,41,134,39,95,2,0.291,0.9512,0.2868
4,clab-nebula-serf116,30,0,0,0,0,0,1.0,1.0,1.0
4,clab-nebula-serf56,30,118,150,114,36,4,0.76,0.9661,0.7403
4,clab-nebula-serf59,30,119,150,115,35,4,0.7667,0.9664,0.7468
4,clab-nebula-serf70,30,110,150,106,44,4,0.7067,0.9636,0.6883
4,clab-nebula-serf81,30,114,150,110,40,4,0.7333,0.9649,0.7143
4,clab-nebula-serf95,30,104,141,98,43,6,0.695,0.9423,0.6667
4,clab-nebula-serf114,30,53,132,50,82,3,0.3788,0.9434,0.3704
4,clab-nebula-serf9,30,87,150,83,67,4,0.5533,0.954,0.539
4,clab-nebula-serf17,30,96,150,92,58,4,0.6133,0.9583,0.5974
4,clab-nebula-serf139,30,31,157,29,128,2,0.1847,0.9355,0.1824
4,clab-nebula-serf52,30,106,150,102,48,4,0.68,0.9623,0.6623
4,clab-nebula-serf71,30,107,150,103,47,4,0.6867,0.9626,0.6688
4,clab-nebula-serf26,30,94,150,89,61,5,0.5933,0.9468,0.5742
4,clab-nebula-serf34,30,95,150,91,59,4,0.6067,0.9579,0.5909
4,clab-nebula-serf126,30,92,157,88,69,4,0.5605,0.9565,0.5466
4,clab-nebula-serf36,30,92,150,88,62,4,0.5867,0.9565,0.5714
4,clab-nebula-serf82,30,0,0,0,0,0,1.0,1.0,1.0
4,clab-nebula-serf85,30,82,144,77,67,5,0.5347,0.939,0.5168
4,clab-nebula-serf97,30,41,134,39,95,2,0.291,0.9512,0.2868
4,clab-nebula-serf99,30,52,132,49,83,3,0.3712,0.9423,0.363
4,clab-nebula-serf124,30,81,157,77,80,4,0.4904,0.9506,0.4783
4,clab-nebula-serf157,30,35,159,33,126,2,0.2075,0.9429,0.205
4,clab-nebula-serf159,30,35,159,33,126,2,0.2075,0.9429,0.205
4,clab-nebula-serf1,30,74,120,70,50,4,0.5833,0.9459,0.5645
4,clab-nebula-serf33,30,105,150,100,50,5,0.6667,0.9524,0.6452
4,clab-nebula-serf123,30,89,144,85,59,4,0.5903,0.9551,0.5743
4,clab-nebula-serf135,30,25,151,24,127,1,0.1589,0.96,0.1579
4,clab-nebula-serf13,30,92,150,88,62,4,0.5867,0.9565,0.5714
4,clab-nebula-serf47,30,100,150,95,55,5,0.6333,0.95,0.6129
4,clab-nebula-serf84,30,57,131,54,77,3,0.4122,0.9474,0.403
4,clab-nebula-serf92,30,103,141,97,44,6,0.6879,0.9417,0.6599
4,clab-nebula-serf106,30,55,126,52,74,3,0.4127,0.9455,0.4031
4,clab-nebula-serf108,30,73,146,69,77,4,0.4726,0.9452,0.46
4,clab-nebula-serf119,30,3,2,2,0,1,1.0,0.6667,0.6667
4,clab-nebula-serf125,30,84,157,80,77,4,0.5096,0.9524,0.4969
4,clab-nebula-serf54,30,99,150,95,55,4,0.6333,0.9596,0.6169
4,clab-nebula-serf57,30,113,150,109,41,4,0.7267,0.9646,0.7078
4,clab-nebula-serf24,30,48,65,45,20,3,0.6923,0.9375,0.6618
4,clab-nebula-serf42,30,71,107,69,38,2,0.6449,0.9718,0.633
4,clab-nebula-serf48,30,88,119,85,34,3,0.7143,0.9659,0.6967
4,clab-nebula-serf2,30,32,58,31,27,1,0.5345,0.9688,0.5254
4,clab-nebula-serf21,30,84,107,79,28,5,0.7383,0.9405,0.7054
4,clab-nebula-serf67,30,98,150,94,56,4,0.6267,0.9592,0.6104
4,clab-nebula-serf102,30,40,134,38,96,2,0.2836,0.95,0.2794
4,clab-nebula-serf110,30,37,145,35,110,2,0.2414,0.9459,0.2381
4,clab-nebula-serf132,30,37,158,35,123,2,0.2215,0.9459,0.2188
4,clab-nebula-serf134,30,26,151,24,127,2,0.1589,0.9231,0.1569
4,clab-nebula-serf137,30,26,151,24,127,2,0.1589,0.9231,0.1569
4,clab-nebula-serf10,30,88,150,84,66,4,0.56,0.9545,0.5455
4,clab-nebula-serf46,30,81,107,77,30,4,0.7196,0.9506,0.6937
4,clab-nebula-serf74,30,106,150,102,48,4,0.68,0.9623,0.6623
4,clab-nebula-serf76,30,111,150,107,43,4,0.7133,0.964,0.6948
4,clab-nebula-serf149,30,25,144,24,120,1,0.1667,0.96,0.1655
4,clab-nebula-serf20,30,80,107,76,31,4,0.7103,0.95,0.6847
4,clab-nebula-serf22,30,76,107,74,33,2,0.6916,0.9737,0.6789
4,clab-nebula-serf160,30,37,159,35,124,2,0.2201,0.9459,0.2174
4,clab-nebula-serf31,30,93,150,88,62,5,0.5867,0.9462,0.5677
4,clab-nebula-serf93,30,110,141,104,37,6,0.7376,0.9455,0.7075
4,clab-nebula-serf122,30,61,149,59,90,2,0.396,0.9672,0.3907
4,clab-nebula-serf38,30,92,150,88,62,4,0.5867,0.9565,0.5714
4,clab-nebula-serf55,30,96,150,92,58,4,0.6133,0.9583,0.5974
4,clab-nebula-serf79,30,116,150,112,38,4,0.7467,0.9655,0.7273
4,clab-nebula-serf113,30,65,131,61,70,4,0.4656,0.9385,0.4519
4,clab-nebula-serf120,30,3,2,2,0,1,1.0,0.6667,0.6667
4,clab-nebula-serf128,30,73,146,69,77,4,0.4726,0.9452,0.46
4,clab-nebula-serf8,30,76,109,73,36,3,0.6697,0.9605,0.6518
4,clab-nebula-serf27,30,38,68,36,32,2,0.5294,0.9474,0.5143
4,clab-nebula-serf78,30,102,150,98,52,4,0.6533,0.9608,0.6364
4,clab-nebula-serf104,30,87,133,82,51,5,0.6165,0.9425,0.5942
4,clab-nebula-serf133,30,26,151,24,127,2,0.1589,0.9231,0.1569
4,clab-nebula-serf64,30,69,119,66,53,3,0.5546,0.9565,0.541
4,clab-nebula-serf73,30,113,150,109,41,4,0.7267,0.9646,0.7078
4,clab-nebula-serf118,30,3,2,2,0,1,1.0,0.6667,0.6667
4,clab-nebula-serf5,30,46,100,43,57,3,0.43,0.9348,0.4175
4,clab-nebula-serf87,30,80,144,76,68,4,0.5278,0.95,0.5135
4,clab-nebula-serf88,30,72,143,68,75,4,0.4755,0.9444,0.4626
4,clab-nebula-serf153,30,24,144,23,121,1,0.1597,0.9583,0.1586
4,clab-nebula-serf53,30,97,150,93,57,4,0.62,0.9588,0.6039
4,clab-nebula-serf69,30,107,150,103,47,4,0.6867,0.9626,0.6688
4,clab-nebula-serf60,30,111,150,107,43,4,0.7133,0.964,0.6948
4,clab-nebula-serf145,30,15,53,14,39,1,0.2642,0.9333,0.2593
4,clab-nebula-serf6,30,86,150,82,68,4,0.5467,0.9535,0.5325
4,clab-nebula-serf11,30,93,150,89,61,4,0.5933,0.957,0.5779
4,clab-nebula-serf98,30,29,134,27,107,2,0.2015,0.931,0.1985
4,clab-nebula-serf138,30,26,151,24,127,2,0.1589,0.9231,0.1569
4,clab-nebula-serf150,30,23,134,21,113,2,0.1567,0.913,0.1544
4,clab-nebula-serf18,30,90,150,86,64,4,0.5733,0.9556,0.5584
4,clab-nebula-serf30,30,93,150,88,62,5,0.5867,0.9462,0.5677
4,clab-nebula-serf44,30,99,150,94,56,5,0.6267,0.9495,0.6065
4,clab-nebula-serf131,30,29,157,28,129,1,0.1783,0.9655,0.1772
4,clab-nebula-serf35,30,85,109,80,29,5,0.7339,0.9412,0.7018
4,clab-nebula-serf40,30,87,147,82,65,5,0.5578,0.9425,0.5395
4,clab-nebula-serf144,30,55,158,52,106,3,0.3291,0.9455,0.323
4,clab-nebula-serf152,30,47,144,44,100,3,0.3056,0.9362,0.2993
4,clab-nebula-serf162,30,9,12,8,4,1,0.6667,0.8889,0.6154
4,clab-nebula-serf41,30,74,107,72,35,2,0.6729,0.973,0.6606
4,clab-nebula-serf72,30,110,150,106,44,4,0.7067,0.9636,0.6883
4,clab-nebula-serf141,30,26,151,24,127,2,0.1589,0.9231,0.1569
4,clab-nebula-serf25,30,81,107,77,30,4,0.7196,0.9506,0.6937
4,clab-nebula-serf50,30,93,147,88,59,5,0.5986,0.9462,0.5789
4,clab-nebula-serf51,30,97,150,93,57,4,0.62,0.9588,0.6039
4,clab-nebula-serf66,30,106,141,100,41,6,0.7092,0.9434,0.6803
4,clab-nebula-serf86,30,85,143,80,63,5,0.5594,0.9412,0.5405
4,clab-nebula-serf90,30,101,144,98,46,3,0.6806,0.9703,0.6667
4,clab-nebula-serf143,30,13,53,12,41,1,0.2264,0.9231,0.2222
4,clab-nebula-serf7,30,86,150,82,68,4,0.5467,0.9535,0.5325
4,clab-nebula-serf37,30,96,150,91,59,5,0.6067,0.9479,0.5871
4,clab-nebula-serf43,30,82,107,78,29,4,0.729,0.9512,0.7027
4,clab-nebula-serf58,30,118,150,114,36,4,0.76,0.9661,0.7403
4,clab-nebula-serf61,30,118,150,114,36,4,0.76,0.9661,0.7403
4,clab-nebula-serf112,30,18,134,17,117,1,0.1269,0.9444,0.1259
4,clab-nebula-serf15,30,100,150,96,54,4,0.64,0.96,0.6234
4,clab-nebula-serf16,30,101,150,97,53,4,0.6467,0.9604,0.6299
4,clab-nebula-serf77,30,113,150,109,41,4,0.7267,0.9646,0.7078
4,clab-nebula-serf121,30,81,144,78,66,3,0.5417,0.963,0.5306
4,clab-nebula-serf140,30,25,151,24,127,1,0.1589,0.96,0.1579
4,clab-nebula-serf148,30,22,133,20,113,2,0.1504,0.9091,0.1481
4,clab-nebula-serf154,30,23,134,21,113,2,0.1567,0.913,0.1544
4,clab-nebula-serf156,30,33,144,31,113,2,0.2153,0.9394,0.2123
4,clab-nebula-serf23,30,39,62,38,24,1,0.6129,0.9744,0.6032
4,clab-nebula-serf39,30,106,150,101,49,5,0.6733,0.9528,0.6516
4,clab-nebula-serf62,30,88,150,84,66,4,0.56,0.9545,0.5455
4,clab-nebula-serf107,30,71,146,67,79,4,0.4589,0.9437,0.4467
4,clab-nebula-serf115,30,0,0,0,0,0,1.0,1.0,1.0
4,clab-nebula-serf151,30,23,134,21,113,2,0.1567,0.913,0.1544
4,clab-nebula-serf158,30,34,159,32,127,2,0.2013,0.9412,0.1988
4,clab-nebula-serf28,30,19,99,18,81,1,0.1818,0.9474,0.18
4,clab-nebula-serf29,30,39,62,37,25,2,0.5968,0.9487,0.5781
4,clab-nebula-serf130,35,41,159,39,120,2,0.2453,0.9512,0.2422
4,clab-nebula-serf161,35,42,158,39,119,3,0.2468,0.9286,0.2422
4,clab-nebula-serf32,35,108,150,103,47,5,0.6867,0.9537,0.6645
4,clab-nebula-serf63,35,103,150,99,51,4,0.66,0.9612,0.6429
4,clab-nebula-serf45,35,118,150,113,37,5,0.7533,0.9576,0.729
4,clab-nebula-serf49,35,121,150,116,34,5,0.7733,0.9587,0.7484
4,clab-nebula-serf83,35,109,144,103,41,6,0.7153,0.945,0.6867
4,clab-nebula-serf91,35,119,141,113,28,6,0.8014,0.9496,0.7687
4,clab-nebula-serf136,35,45,158,42,116,3,0.2658,0.9333,0.2609
4,clab-nebula-serf146,35,44,157,41,116,3,0.2611,0.9318,0.2562
4,clab-nebula-serf12,35,102,150,98,52,4,0.6533,0.9608,0.6364
4,clab-nebula-serf19,35,105,150,101,49,4,0.6733,0.9619,0.6558
4,clab-nebula-serf80,35,120,141,114,27,6,0.8085,0.95,0.7755
4,clab-nebula-serf111,35,145,155,141,14,4,0.9097,0.9724,0.8868
4,clab-nebula-serf109,35,145,155,141,14,4,0.9097,0.9724,0.8868
4,clab-nebula-serf147,35,48,144,45,99,3,0.3125,0.9375,0.3061
4,clab-nebula-serf4,35,82,150,78,72,4,0.52,0.9512,0.5065
4,clab-nebula-serf100,35,89,137,84,53,5,0.6131,0.9438,0.5915
4,clab-nebula-serf75,35,115,150,111,39,4,0.74,0.9652,0.7208
4,clab-nebula-serf89,35,97,147,94,53,3,0.6395,0.9691,0.6267
4,clab-nebula-serf101,35,79,137,75,62,4,0.5474,0.9494,0.5319
4,clab-nebula-serf105,35,123,155,120,35,3,0.7742,0.9756,0.7595
4,clab-nebula-serf65,35,115,150,111,39,4,0.74,0.9652,0.7208
4,clab-nebula-serf68,35,116,141,110,31,6,0.7801,0.9483,0.7483
4,clab-nebula-serf94,35,119,141,113,28,6,0.8014,0.9496,0.7687
4,clab-nebula-serf103,35,102,143,96,47,6,0.6713,0.9412,0.6443
4,clab-nebula-serf117,35,3,2,2,0,1,1.0,0.6667,0.6667
4,clab-nebula-serf127,35,122,157,118,39,4,0.7516,0.9672,0.7329
4,clab-nebula-serf129,35,71,146,67,79,4,0.4589,0.9437,0.4467
4,clab-nebula-serf155,35,43,144,40,104,3,0.2778,0.9302,0.2721
4,clab-nebula-serf3,35,83,150,79,71,4,0.5267,0.9518,0.513
4,clab-nebula-serf14,35,102,150,98,52,4,0.6533,0.9608,0.6364
4,clab-nebula-serf142,35,30,157,28,129,2,0.1783,0.9333,0.1761
4,clab-nebula-serf96,35,77,137,73,64,4,0.5328,0.9481,0.5177
4,clab-nebula-serf116,35,1,1,1,0,0,1.0,1.0,1.0
4,clab-nebula-serf56,35,121,150,116,34,5,0.7733,0.9587,0.7484
4,clab-nebula-serf59,35,124,150,119,31,5,0.7933,0.9597,0.7677
4,clab-nebula-serf70,35,119,150,115,35,4,0.7667,0.9664,0.7468
4,clab-nebula-serf81,35,121,150,117,33,4,0.78,0.9669,0.7597
4,clab-nebula-serf95,35,119,141,113,28,6,0.8014,0.9496,0.7687
4,clab-nebula-serf114,35,92,131,87,44,5,0.6641,0.9457,0.6397
4,clab-nebula-serf9,35,101,150,97,53,4,0.6467,0.9604,0.6299
4,clab-nebula-serf17,35,116,150,112,38,4,0.7467,0.9655,0.7273
4,clab-nebula-serf139,35,45,158,42,116,3,0.2658,0.9333,0.2609
4,clab-nebula-serf52,35,119,150,115,35,4,0.7667,0.9664,0.7468
4,clab-nebula-serf71,35,119,150,115,35,4,0.7667,0.9664,0.7468
4,clab-nebula-serf26,35,108,150,103,47,5,0.6867,0.9537,0.6645
4,clab-nebula-serf34,35,112,150,107,43,5,0.7133,0.9554,0.6903
4,clab-nebula-serf126,35,121,157,117,40,4,0.7452,0.9669,0.7267
4,clab-nebula-serf36,35,108,150,104,46,4,0.6933,0.963,0.6753
4,clab-nebula-serf82,35,16,119,16,103,0,0.1345,1.0,0.1345
4,clab-nebula-serf85,35,111,144,105,39,6,0.7292,0.9459,0.7
4,clab-nebula-serf97,35,80,137,76,61,4,0.5547,0.95,0.539
4,clab-nebula-serf99,35,82,137,77,60,5,0.562,0.939,0.5423
4,clab-nebula-serf124,35,114,157,110,47,4,0.7006,0.9649,0.6832
4,clab-nebula-serf157,35,40,159,38,121,2,0.239,0.95,0.236
4,clab-nebula-serf159,35,40,159,38,121,2,0.239,0.95,0.236
4,clab-nebula-serf1,35,91,150,87,63,4,0.58,0.956,0.5649
4,clab-nebula-serf33,35,119,150,114,36,5,0.76,0.958,0.7355
4,clab-nebula-serf123,35,128,146,121,25,7,0.8288,0.9453,0.7908
4,clab-nebula-serf135,35,42,158,39,119,3,0.2468,0.9286,0.2422
4,clab-nebula-serf13,35,110,150,106,44,4,0.7067,0.9636,0.6883
4,clab-nebula-serf47,35,120,150,115,35,5,0.7667,0.9583,0.7419
4,clab-nebula-serf84,35,81,138,77,61,4,0.558,0.9506,0.5423
4,clab-nebula-serf92,35,118,141,112,29,6,0.7943,0.9492,0.7619
4,clab-nebula-serf106,35,86,133,81,52,5,0.609,0.9419,0.587
4,clab-nebula-serf108,35,122,150,115,35,7,0.7667,0.9426,0.7325
4,clab-nebula-serf119,35,3,2,2,0,1,1.0,0.6667,0.6667
4,clab-nebula-serf125,35,112,157,108,49,4,0.6879,0.9643,0.6708
4,clab-nebula-serf54,35,119,150,115,35,4,0.7667,0.9664,0.7468
4,clab-nebula-serf57,35,121,150,116,34,5,0.7733,0.9587,0.7484
4,clab-nebula-serf24,35,83,107,78,29,5,0.729,0.9398,0.6964
4,clab-nebula-serf42,35,88,147,83,64,5,0.5646,0.9432,0.5461
4,clab-nebula-serf48,35,114,150,109,41,5,0.7267,0.9561,0.7032
4,clab-nebula-serf2,35,67,107,63,44,4,0.5888,0.9403,0.5676
4,clab-nebula-serf21,35,94,150,89,61,5,0.5933,0.9468,0.5742
4,clab-nebula-serf67,35,115,150,111,39,4,0.74,0.9652,0.7208
4,clab-nebula-serf102,35,76,137,73,64,3,0.5328,0.9605,0.5214
4,clab-nebula-serf110,35,69,146,65,81,4,0.4452,0.942,0.4333
4,clab-nebula-serf132,35,48,158,45,113,3,0.2848,0.9375,0.2795
4,clab-nebula-serf134,35,43,158,40,118,3,0.2532,0.9302,0.2484
4,clab-nebula-serf137,35,44,158,41,117,3,0.2595,0.9318,0.2547
4,clab-nebula-serf10,35,103,150,99,51,4,0.66,0.9612,0.6429
4,clab-nebula-serf46,35,100,150,95,55,5,0.6333,0.95,0.6129
4,clab-nebula-serf74,35,117,150,113,37,4,0.7533,0.9658,0.7338
4,clab-nebula-serf76,35,121,150,117,33,4,0.78,0.9669,0.7597
4,clab-nebula-serf149,35,48,144,45,99,3,0.3125,0.9375,0.3061
4,clab-nebula-serf20,35,93,150,88,62,5,0.5867,0.9462,0.5677
4,clab-nebula-serf22,35,93,150,88,62,5,0.5867,0.9462,0.5677
4,clab-nebula-serf160,35,43,158,40,118,3,0.2532,0.9302,0.2484
4,clab-nebula-serf31,35,102,150,97,53,5,0.6467,0.951,0.6258
4,clab-nebula-serf93,35,119,141,113,28,6,0.8014,0.9496,0.7687
4,clab-nebula-serf122,35,106,155,102,53,4,0.6581,0.9623,0.6415
4,clab-nebula-serf38,35,107,150,102,48,5,0.68,0.9533,0.6581
4,clab-nebula-serf55,35,119,150,115,35,4,0.7667,0.9664,0.7468
4,clab-nebula-serf79,35,121,150,117,33,4,0.78,0.9669,0.7597
4,clab-nebula-serf113,35,105,133,99,34,6,0.7444,0.9429,0.7122
4,clab-nebula-serf120,35,3,2,2,0,1,1.0,0.6667,0.6667
4,clab-nebula-serf128,35,111,147,105,42,6,0.7143,0.9459,0.6863
4,clab-nebula-serf8,35,89,150,85,65,4,0.5667,0.9551,0.5519
4,clab-nebula-serf27,35,75,107,72,35,3,0.6729,0.96,0.6545
4,clab-nebula-serf78,35,118,150,114,36,4,0.76,0.9661,0.7403
4,clab-nebula-serf104,35,130,155,126,29,4,0.8129,0.9692,0.7925
4,clab-nebula-serf133,35,44,158,41,117,3,0.2595,0.9318,0.2547
4,clab-nebula-serf64,35,100,150,96,54,4,0.64,0.96,0.6234
4,clab-nebula-serf73,35,121,150,117,33,4,0.78,0.9669,0.7597
4,clab-nebula-serf118,35,3,2,2,0,1,1.0,0.6667,0.6667
4,clab-nebula-serf5,35,80,150,76,74,4,0.5067,0.95,0.4935
4,clab-nebula-serf87,35,108,144,102,42,6,0.7083,0.9444,0.68
4,clab-nebula-serf88,35,100,147,97,50,3,0.6599,0.97,0.6467
4,clab-nebula-serf153,35,42,144,39,105,3,0.2708,0.9286,0.2653
4,clab-nebula-serf53,35,118,150,114,36,4,0.76,0.9661,0.7403
4,clab-nebula-serf69,35,119,150,115,35,4,0.7667,0.9664,0.7468
4,clab-nebula-serf60,35,120,150,116,34,4,0.7733,0.9667,0.7532
4,clab-nebula-serf145,35,37,157,35,122,2,0.2229,0.9459,0.2201
4,clab-nebula-serf6,35,98,150,94,56,4,0.6267,0.9592,0.6104
4,clab-nebula-serf11,35,112,150,108,42,4,0.72,0.9643,0.7013
4,clab-nebula-serf98,35,71,134,67,67,4,0.5,0.9437,0.4855
4,clab-nebula-serf138,35,43,158,40,118,3,0.2532,0.9302,0.2484
4,clab-nebula-serf150,35,42,144,39,105,3,0.2708,0.9286,0.2653
4,clab-nebula-serf18,35,103,150,99,51,4,0.66,0.9612,0.6429
4,clab-nebula-serf30,35,102,150,97,53,5,0.6467,0.951,0.6258
4,clab-nebula-serf44,35,120,150,115,35,5,0.7667,0.9583,0.7419
4,clab-nebula-serf131,35,45,158,42,116,3,0.2658,0.9333,0.2609
4,clab-nebula-serf35,35,95,150,91,59,4,0.6067,0.9579,0.5909
4,clab-nebula-serf40,35,98,150,94,56,4,0.6267,0.9592,0.6104
4,clab-nebula-serf144,35,60,158,57,101,3,0.3608,0.95,0.354
4,clab-nebula-serf152,35,60,144,57,87,3,0.3958,0.95,0.3878
4,clab-nebula-serf162,35,20,159,19,140,1,0.1195,0.95,0.1187
4,clab-nebula-serf41,35,89,150,85,65,4,0.5667,0.9551,0.5519
4,clab-nebula-serf72,35,121,150,117,33,4,0.78,0.9669,0.7597
4,clab-nebula-serf141,35,43,158,40,118,3,0.2532,0.9302,0.2484
4,clab-nebula-serf25,35,93,150,88,62,5,0.5867,0.9462,0.5677
4,clab-nebula-serf50,35,118,150,113,37,5,0.7533,0.9576,0.729
4,clab-nebula-serf51,35,118,150,114,36,4,0.76,0.9661,0.7403
4,clab-nebula-serf66,35,116,141,110,31,6,0.7801,0.9483,0.7483
4,clab-nebula-serf86,35,115,144,109,35,6,0.7569,0.9478,0.7267
4,clab-nebula-serf90,35,119,141,113,28,6,0.8014,0.9496,0.7687
4,clab-nebula-serf143,35,32,157,30,127,2,0.1911,0.9375,0.1887
4,clab-nebula-serf7,35,99,150,95,55,4,0.6333,0.9596,0.6169
4,clab-nebula-serf37,35,111,150,106,44,5,0.7067,0.955,0.6839
4,clab-nebula-serf43,35,98,150,93,57,5,0.62,0.949,0.6
4,clab-nebula-serf58,35,122,150,117,33,5,0.78,0.959,0.7548
4,clab-nebula-serf61,35,121,150,116,34,5,0.7733,0.9587,0.7484
4,clab-nebula-serf112,35,34,133,32,101,2,0.2406,0.9412,0.237
4,clab-nebula-serf15,35,117,150,113,37,4,0.7533,0.9658,0.7338
4,clab-nebula-serf16,35,119,150,115,35,4,0.7667,0.9664,0.7468
4,clab-nebula-serf77,35,121,150,117,33,4,0.78,0.9669,0.7597
4,clab-nebula-serf121,35,121,147,115,32,6,0.7823,0.9504,0.7516
4,clab-nebula-serf140,35,39,159,37,122,2,0.2327,0.9487,0.2298
4,clab-nebula-serf148,35,38,145,36,109,2,0.2483,0.9474,0.2449
4,clab-nebula-serf154,35,42,144,39,105,3,0.2708,0.9286,0.2653
4,clab-nebula-serf156,35,49,144,46,98,3,0.3194,0.9388,0.3129
4,clab-nebula-serf23,35,75,107,74,33,1,0.6916,0.9867,0.6852
4,clab-nebula-serf39,35,119,150,114,36,5,0.76,0.958,0.7355
4,clab-nebula-serf62,35,110,150,106,44,4,0.7067,0.9636,0.6883
4,clab-nebula-serf107,35,104,147,98,49,6,0.6667,0.9423,0.6405
4,clab-nebula-serf115,35,1,1,1,0,0,1.0,1.0,1.0
4,clab-nebula-serf151,35,43,144,40,104,3,0.2778,0.9302,0.2721
4,clab-nebula-serf158,35,40,159,38,121,2,0.239,0.95,0.236
4,clab-nebula-serf28,35,29,131,27,104,2,0.2061,0.931,0.203
4,clab-nebula-serf29,35,79,151,75,76,4,0.4967,0.9494,0.4839
4,clab-nebula-serf130,40,53,158,50,108,3,0.3165,0.9434,0.3106
4,clab-nebula-serf161,40,58,158,55,103,3,0.3481,0.9483,0.3416
4,clab-nebula-serf32,40,121,150,116,34,5,0.7733,0.9587,0.7484
4,clab-nebula-serf63,40,119,150,115,35,4,0.7667,0.9664,0.7468
4,clab-nebula-serf45,40,121,150,116,34,5,0.7733,0.9587,0.7484
4,clab-nebula-serf49,40,124,150,119,31,5,0.7933,0.9597,0.7677
4,clab-nebula-serf83,40,119,144,113,31,6,0.7847,0.9496,0.7533
4,clab-nebula-serf91,40,129,144,123,21,6,0.8542,0.9535,0.82
4,clab-nebula-serf136,40,66,157,62,95,4,0.3949,0.9394,0.3851
4,clab-nebula-serf146,40,58,158,55,103,3,0.3481,0.9483,0.3416
4,clab-nebula-serf12,40,119,150,115,35,4,0.7667,0.9664,0.7468
4,clab-nebula-serf19,40,120,150,115,35,5,0.7667,0.9583,0.7419
4,clab-nebula-serf80,40,127,144,122,22,5,0.8472,0.9606,0.8188
4,clab-nebula-serf111,40,150,155,146,9,4,0.9419,0.9733,0.9182
4,clab-nebula-serf109,40,153,155,149,6,4,0.9613,0.9739,0.9371
4,clab-nebula-serf147,40,59,144,56,88,3,0.3889,0.9492,0.381
4,clab-nebula-serf4,40,92,150,88,62,4,0.5867,0.9565,0.5714
4,clab-nebula-serf100,40,137,147,130,17,7,0.8844,0.9489,0.8442
4,clab-nebula-serf75,40,122,147,115,32,7,0.7823,0.9426,0.7468
4,clab-nebula-serf89,40,119,144,113,31,6,0.7847,0.9496,0.7533
4,clab-nebula-serf101,40,131,147,124,23,7,0.8435,0.9466,0.8052
4,clab-nebula-serf105,40,145,155,141,14,4,0.9097,0.9724,0.8868
4,clab-nebula-serf65,40,122,150,117,33,5,0.78,0.959,0.7548
4,clab-nebula-serf68,40,122,141,115,26,7,0.8156,0.9426,0.777
4,clab-nebula-serf94,40,129,144,123,21,6,0.8542,0.9535,0.82
4,clab-nebula-serf103,40,140,147,133,14,7,0.9048,0.95,0.8636
4,clab-nebula-serf117,40,3,2,2,0,1,1.0,0.6667,0.6667
4,clab-nebula-serf127,40,138,157,134,23,4,0.8535,0.971,0.8323
4,clab-nebula-serf129,40,123,155,120,35,3,0.7742,0.9756,0.7595
4,clab-nebula-serf155,40,56,144,53,91,3,0.3681,0.9464,0.3605
4,clab-nebula-serf3,40,96,150,91,59,5,0.6067,0.9479,0.5871
4,clab-nebula-serf14,40,119,150,115,35,4,0.7667,0.9664,0.7468
4,clab-nebula-serf142,40,54,158,51,107,3,0.3228,0.9444,0.3168
4,clab-nebula-serf96,40,121,150,117,33,4,0.78,0.9669,0.7597
4,clab-nebula-serf116,40,1,1,1,0,0,1.0,1.0,1.0
4,clab-nebula-serf56,40,125,150,120,30,5,0.8,0.96,0.7742
4,clab-nebula-serf59,40,128,150,123,27,5,0.82,0.9609,0.7935
4,clab-nebula-serf70,40,124,147,117,30,7,0.7959,0.9435,0.7597
4,clab-nebula-serf81,40,130,147,123,24,7,0.8367,0.9462,0.7987
4,clab-nebula-serf95,40,124,144,119,25,5,0.8264,0.9597,0.7987
4,clab-nebula-serf114,40,134,150,129,21,5,0.86,0.9627,0.8323
4,clab-nebula-serf9,40,116,150,112,38,4,0.7467,0.9655,0.7273
4,clab-nebula-serf17,40,121,150,116,34,5,0.7733,0.9587,0.7484
4,clab-nebula-serf139,40,65,157,61,96,4,0.3885,0.9385,0.3789
4,clab-nebula-serf52,40,124,150,119,31,5,0.7933,0.9597,0.7677
4,clab-nebula-serf71,40,124,147,117,30,7,0.7959,0.9435,0.7597
4,clab-nebula-serf26,40,121,150,116,34,5,0.7733,0.9587,0.7484
4,clab-nebula-serf34,40,121,150,116,34,5,0.7733,0.9587,0.7484
4,clab-nebula-serf126,40,138,157,134,23,4,0.8535,0.971,0.8323
4,clab-nebula-serf36,40,121,150,116,34,5,0.7733,0.9587,0.7484
4,clab-nebula-serf82,40,61,119,61,58,0,0.5126,1.0,0.5126
4,clab-nebula-serf85,40,119,144,113,31,6,0.7847,0.9496,0.7533
4,clab-nebula-serf97,40,126,147,119,28,7,0.8095,0.9444,0.7727
4,clab-nebula-serf99,40,137,147,130,17,7,0.8844,0.9489,0.8442
4,clab-nebula-serf124,40,133,157,129,28,4,0.8217,0.9699,0.8012
4,clab-nebula-serf157,40,54,158,51,107,3,0.3228,0.9444,0.3168
4,clab-nebula-serf159,40,54,158,51,107,3,0.3228,0.9444,0.3168
4,clab-nebula-serf1,40,107,150,102,48,5,0.68,0.9533,0.6581
4,clab-nebula-serf33,40,124,150,119,31,5,0.7933,0.9597,0.7677
4,clab-nebula-serf123,40,143,146,135,11,8,0.9247,0.9441,0.8766
4,clab-nebula-serf135,40,54,158,51,107,3,0.3228,0.9444,0.3168
4,clab-nebula-serf13,40,120,150,115,35,5,0.7667,0.9583,0.7419
4,clab-nebula-serf47,40,124,150,119,31,5,0.7933,0.9597,0.7677
4,clab-nebula-serf84,40,110,144,104,40,6,0.7222,0.9455,0.6933
4,clab-nebula-serf92,40,123,141,116,25,7,0.8227,0.9431,0.7838
4,clab-nebula-serf106,40,130,155,126,29,4,0.8129,0.9692,0.7925
4,clab-nebula-serf108,40,144,155,140,15,4,0.9032,0.9722,0.8805
4,clab-nebula-serf119,40,4,60,3,57,1,0.05,0.75,0.0492
4,clab-nebula-serf125,40,137,157,133,24,4,0.8471,0.9708,0.8261
4,clab-nebula-serf54,40,122,150,117,33,5,0.78,0.959,0.7548
4,clab-nebula-serf57,40,124,150,119,31,5,0.7933,0.9597,0.7677
4,clab-nebula-serf24,40,93,150,88,62,5,0.5867,0.9462,0.5677
4,clab-nebula-serf42,40,101,150,96,54,5,0.64,0.9505,0.6194
4,clab-nebula-serf48,40,121,150,116,34,5,0.7733,0.9587,0.7484
4,clab-nebula-serf2,40,84,150,80,70,4,0.5333,0.9524,0.5195
4,clab-nebula-serf21,40,107,150,102,48,5,0.68,0.9533,0.6581
4,clab-nebula-serf67,40,122,147,115,32,7,0.7823,0.9426,0.7468
4,clab-nebula-serf102,40,124,144,117,27,7,0.8125,0.9435,0.7748
4,clab-nebula-serf110,40,107,147,101,46,6,0.6871,0.9439,0.6601
4,clab-nebula-serf132,40,78,157,74,83,4,0.4713,0.9487,0.4596
4,clab-nebula-serf134,40,57,158,54,104,3,0.3418,0.9474,0.3354
4,clab-nebula-serf137,40,55,158,52,106,3,0.3291,0.9455,0.323
4,clab-nebula-serf10,40,120,150,115,35,5,0.7667,0.9583,0.7419
4,clab-nebula-serf46,40,121,150,116,34,5,0.7733,0.9587,0.7484
4,clab-nebula-serf74,40,124,147,117,30,7,0.7959,0.9435,0.7597
4,clab-nebula-serf76,40,129,147,122,25,7,0.8299,0.9457,0.7922
4,clab-nebula-serf149,40,60,144,57,87,3,0.3958,0.95,0.3878
4,clab-nebula-serf20,40,102,150,97,53,5,0.6467,0.951,0.6258
4,clab-nebula-serf22,40,98,150,93,57,5,0.62,0.949,0.6
4,clab-nebula-serf160,40,58,158,55,103,3,0.3481,0.9483,0.3416
4,clab-nebula-serf31,40,119,150,114,36,5,0.76,0.958,0.7355
4,clab-nebula-serf93,40,125,144,119,25,6,0.8264,0.952,0.7933
4,clab-nebula-serf122,40,133,155,129,26,4,0.8323,0.9699,0.8113
4,clab-nebula-serf38,40,121,150,116,34,5,0.7733,0.9587,0.7484
4,clab-nebula-serf55,40,121,150,116,34,5,0.7733,0.9587,0.7484
4,clab-nebula-serf79,40,135,150,130,20,5,0.8667,0.963,0.8387
4,clab-nebula-serf113,40,139,150,134,16,5,0.8933,0.964,0.8645
4,clab-nebula-serf120,40,3,2,2,0,1,1.0,0.6667,0.6667
4,clab-nebula-serf128,40,145,155,141,14,4,0.9097,0.9724,0.8868
4,clab-nebula-serf8,40,105,150,101,49,4,0.6733,0.9619,0.6558
4,clab-nebula-serf27,40,92,150,87,63,5,0.58,0.9457,0.5613
4,clab-nebula-serf78,40,123,147,116,31,7,0.7891,0.9431,0.7532
4,clab-nebula-serf104,40,145,155,141,14,4,0.9097,0.9724,0.8868
4,clab-nebula-serf133,40,59,158,56,102,3,0.3544,0.9492,0.3478
4,clab-nebula-serf64,40,116,150,112,38,4,0.7467,0.9655,0.7273
4,clab-nebula-serf73,40,130,147,123,24,7,0.8367,0.9462,0.7987
4,clab-nebula-serf118,40,3,2,2,0,1,1.0,0.6667,0.6667
4,clab-nebula-serf5,40,92,150,88,62,4,0.5867,0.9565,0.5714
4,clab-nebula-serf87,40,120,144,114,30,6,0.7917,0.95,0.76
4,clab-nebula-serf88,40,120,144,114,30,6,0.7917,0.95,0.76
4,clab-nebula-serf153,40,55,144,52,92,3,0.3611,0.9455,0.3537
4,clab-nebula-serf53,40,121,150,116,34,5,0.7733,0.9587,0.7484
4,clab-nebula-serf69,40,125,147,118,29,7,0.8027,0.944,0.7662
4,clab-nebula-serf60,40,124,150,119,31,5,0.7933,0.9597,0.7677
4,clab-nebula-serf145,40,56,158,53,105,3,0.3354,0.9464,0.3292
4,clab-nebula-serf6,40,117,150,112,38,5,0.7467,0.9573,0.7226
4,clab-nebula-serf11,40,120,150,115,35,5,0.7667,0.9583,0.7419
4,clab-nebula-serf98,40,121,145,115,30,6,0.7931,0.9504,0.7616
4,clab-nebula-serf138,40,55,158,52,106,3,0.3291,0.9455,0.323
4,clab-nebula-serf150,40,54,144,51,93,3,0.3542,0.9444,0.3469
4,clab-nebula-serf18,40,120,150,115,35,5,0.7667,0.9583,0.7419
4,clab-nebula-serf30,40,119,150,114,36,5,0.76,0.958,0.7355
4,clab-nebula-serf44,40,124,150,119,31,5,0.7933,0.9597,0.7677
4,clab-nebula-serf131,40,69,157,65,92,4,0.414,0.942,0.4037
4,clab-nebula-serf35,40,111,150,106,44,5,0.7067,0.955,0.6839
4,clab-nebula-serf40,40,118,150,113,37,5,0.7533,0.9576,0.729
4,clab-nebula-serf144,40,95,157,91,66,4,0.5796,0.9579,0.5652
4,clab-nebula-serf152,40,89,144,86,58,3,0.5972,0.9663,0.585
4,clab-nebula-serf162,40,35,159,33,126,2,0.2075,0.9429,0.205
4,clab-nebula-serf41,40,99,150,95,55,4,0.6333,0.9596,0.6169
4,clab-nebula-serf72,40,125,147,118,29,7,0.8027,0.944,0.7662
4,clab-nebula-serf141,40,59,158,56,102,3,0.3544,0.9492,0.3478
4,clab-nebula-serf25,40,102,150,97,53,5,0.6467,0.951,0.6258
4,clab-nebula-serf50,40,122,150,117,33,5,0.78,0.959,0.7548
4,clab-nebula-serf51,40,121,150,116,34,5,0.7733,0.9587,0.7484
4,clab-nebula-serf66,40,123,144,118,26,5,0.8194,0.9593,0.7919
4,clab-nebula-serf86,40,120,144,114,30,6,0.7917,0.95,0.76
4,clab-nebula-serf90,40,122,141,115,26,7,0.8156,0.9426,0.777
4,clab-nebula-serf143,40,56,158,53,105,3,0.3354,0.9464,0.3292
4,clab-nebula-serf7,40,117,150,112,38,5,0.7467,0.9573,0.7226
4,clab-nebula-serf37,40,121,150,116,34,5,0.7733,0.9587,0.7484
4,clab-nebula-serf43,40,119,150,114,36,5,0.76,0.958,0.7355
4,clab-nebula-serf58,40,125,150,120,30,5,0.8,0.96,0.7742
4,clab-nebula-serf61,40,124,150,119,31,5,0.7933,0.9597,0.7677
4,clab-nebula-serf112,40,64,126,60,66,4,0.4762,0.9375,0.4615
4,clab-nebula-serf15,40,121,150,116,34,5,0.7733,0.9587,0.7484
4,clab-nebula-serf16,40,121,150,116,34,5,0.7733,0.9587,0.7484
4,clab-nebula-serf77,40,125,147,118,29,7,0.8027,0.944,0.7662
4,clab-nebula-serf121,40,138,147,131,16,7,0.8912,0.9493,0.8506
4,clab-nebula-serf140,40,52,158,49,109,3,0.3101,0.9423,0.3043
4,clab-nebula-serf148,40,52,144,49,95,3,0.3403,0.9423,0.3333
4,clab-nebula-serf154,40,55,144,52,92,3,0.3611,0.9455,0.3537
4,clab-nebula-serf156,40,61,144,58,86,3,0.4028,0.9508,0.3946
4,clab-nebula-serf23,40,91,150,86,64,5,0.5733,0.9451,0.5548
4,clab-nebula-serf39,40,124,150,119,31,5,0.7933,0.9597,0.7677
4,clab-nebula-serf62,40,120,150,116,34,4,0.7733,0.9667,0.7532
4,clab-nebula-serf107,40,144,155,140,15,4,0.9032,0.9722,0.8805
4,clab-nebula-serf115,40,3,69,2,67,1,0.029,0.6667,0.0286
4,clab-nebula-serf151,40,55,144,52,92,3,0.3611,0.9455,0.3537
4,clab-nebula-serf158,40,52,158,49,109,3,0.3101,0.9423,0.3043
4,clab-nebula-serf28,40,61,144,58,86,3,0.4028,0.9508,0.3946
4,clab-nebula-serf29,40,92,150,87,63,5,0.58,0.9457,0.5613
4,clab-nebula-serf130,45,84,157,80,77,4,0.5096,0.9524,0.4969
4,clab-nebula-serf161,45,79,157,75,82,4,0.4777,0.9494,0.4658
4,clab-nebula-serf32,45,124,150,119,31,5,0.7933,0.9597,0.7677
4,clab-nebula-serf63,45,124,150,119,31,5,0.7933,0.9597,0.7677
4,clab-nebula-serf45,45,124,150,119,31,5,0.7933,0.9597,0.7677
4,clab-nebula-serf49,45,135,150,130,20,5,0.8667,0.963,0.8387
4,clab-nebula-serf83,45,128,144,121,23,7,0.8403,0.9453,0.8013
4,clab-nebula-serf91,45,146,148,139,9,7,0.9392,0.9521,0.8968
4,clab-nebula-serf136,45,95,157,91,66,4,0.5796,0.9579,0.5652
4,clab-nebula-serf146,45,78,157,74,83,4,0.4713,0.9487,0.4596
4,clab-nebula-serf12,45,121,150,116,34,5,0.7733,0.9587,0.7484
4,clab-nebula-serf19,45,123,150,118,32,5,0.7867,0.9593,0.7613
4,clab-nebula-serf80,45,152,154,148,6,4,0.961,0.9737,0.9367
4,clab-nebula-serf111,45,154,155,150,5,4,0.9677,0.974,0.9434
4,clab-nebula-serf109,45,155,155,150,5,5,0.9677,0.9677,0.9375
4,clab-nebula-serf147,45,87,144,84,60,3,0.5833,0.9655,0.5714
4,clab-nebula-serf4,45,109,150,104,46,5,0.6933,0.9541,0.671
4,clab-nebula-serf100,45,150,147,142,5,8,0.966,0.9467,0.9161
4,clab-nebula-serf75,45,135,150,130,20,5,0.8667,0.963,0.8387
4,clab-nebula-serf89,45,127,143,120,23,7,0.8392,0.9449,0.8
4,clab-nebula-serf101,45,148,146,140,6,8,0.9589,0.9459,0.9091
4,clab-nebula-serf105,45,153,155,149,6,4,0.9613,0.9739,0.9371
4,clab-nebula-serf65,45,126,150,121,29,5,0.8067,0.9603,0.7806
4,clab-nebula-serf68,45,135,144,128,16,7,0.8889,0.9481,0.8477
4,clab-nebula-serf94,45,145,148,137,11,8,0.9257,0.9448,0.8782
4,clab-nebula-serf103,45,150,147,142,5,8,0.966,0.9467,0.9161
4,clab-nebula-serf117,45,10,69,9,60,1,0.1304,0.9,0.1286
4,clab-nebula-serf127,45,146,157,142,15,4,0.9045,0.9726,0.882
4,clab-nebula-serf129,45,142,155,138,17,4,0.8903,0.9718,0.8679
4,clab-nebula-serf155,45,82,144,79,65,3,0.5486,0.9634,0.5374
4,clab-nebula-serf3,45,109,150,104,46,5,0.6933,0.9541,0.671
4,clab-nebula-serf14,45,121,150,116,34,5,0.7733,0.9587,0.7484
4,clab-nebula-serf142,45,59,158,56,102,3,0.3544,0.9492,0.3478
4,clab-nebula-serf96,45,147,146,139,7,8,0.9521,0.9456,0.9026
4,clab-nebula-serf116,45,6,151,6,145,0,0.0397,1.0,0.0397
4,clab-nebula-serf56,45,151,147,143,4,8,0.9728,0.947,0.9226
4,clab-nebula-serf59,45,153,147,145,2,8,0.9864,0.9477,0.9355
4,clab-nebula-serf70,45,147,147,139,8,8,0.9456,0.9456,0.8968
4,clab-nebula-serf81,45,153,147,145,2,8,0.9864,0.9477,0.9355
4,clab-nebula-serf95,45,142,145,134,11,8,0.9241,0.9437,0.8758
4,clab-nebula-serf114,45,152,152,144,8,8,0.9474,0.9474,0.9
4,clab-nebula-serf9,45,120,150,115,35,5,0.7667,0.9583,0.7419
4,clab-nebula-serf17,45,124,150,119,31,5,0.7933,0.9597,0.7677
4,clab-nebula-serf139,45,95,157,91,66,4,0.5796,0.9579,0.5652
4,clab-nebula-serf52,45,134,150,129,21,5,0.86,0.9627,0.8323
4,clab-nebula-serf71,45,146,147,138,9,8,0.9388,0.9452,0.8903
4,clab-nebula-serf26,45,124,150,119,31,5,0.7933,0.9597,0.7677
4,clab-nebula-serf34,45,124,150,119,31,5,0.7933,0.9597,0.7677
4,clab-nebula-serf126,45,146,157,142,15,4,0.9045,0.9726,0.882
4,clab-nebula-serf36,45,124,150,119,31,5,0.7933,0.9597,0.7677
4,clab-nebula-serf82,45,94,132,89,43,5,0.6742,0.9468,0.6496
4,clab-nebula-serf85,45,134,147,129,18,5,0.8776,0.9627,0.8487
4,clab-nebula-serf97,45,149,147,141,6,8,0.9592,0.9463,0.9097
4,clab-nebula-serf99,45,148,146,140,6,8,0.9589,0.9459,0.9091
4,clab-nebula-serf124,45,145,157,141,16,4,0.8981,0.9724,0.8758
4,clab-nebula-serf157,45,70,157,66,91,4,0.4204,0.9429,0.4099
4,clab-nebula-serf159,45,70,157,66,91,4,0.4204,0.9429,0.4099
4,clab-nebula-serf1,45,117,150,112,38,5,0.7467,0.9573,0.7226
4,clab-nebula-serf33,45,128,150,123,27,5,0.82,0.9609,0.7935
4,clab-nebula-serf123,45,152,150,146,4,6,0.9733,0.9605,0.9359
4,clab-nebula-serf135,45,91,157,87,70,4,0.5541,0.956,0.5404
4,clab-nebula-serf13,45,124,150,119,31,5,0.7933,0.9597,0.7677
4,clab-nebula-serf47,45,126,150,121,29,5,0.8067,0.9603,0.7806
4,clab-nebula-serf84,45,119,144,113,31,6,0.7847,0.9496,0.7533
4,clab-nebula-serf92,45,137,144,130,14,7,0.9028,0.9489,0.8609
4,clab-nebula-serf106,45,145,155,141,14,4,0.9097,0.9724,0.8868
4,clab-nebula-serf108,45,149,155,145,10,4,0.9355,0.9732,0.9119
4,clab-nebula-serf119,45,5,69,4,65,1,0.058,0.8,0.0571
4,clab-nebula-serf125,45,146,157,142,15,4,0.9045,0.9726,0.882
4,clab-nebula-serf54,45,126,150,121,29,5,0.8067,0.9603,0.7806
4,clab-nebula-serf57,45,144,147,136,11,8,0.9252,0.9444,0.8774
4,clab-nebula-serf24,45,103,150,98,52,5,0.6533,0.9515,0.6323
4,clab-nebula-serf42,45,117,150,112,38,5,0.7467,0.9573,0.7226
4,clab-nebula-serf48,45,124,150,119,31,5,0.7933,0.9597,0.7677
4,clab-nebula-serf2,45,99,150,95,55,4,0.6333,0.9596,0.6169
4,clab-nebula-serf21,45,121,150,116,34,5,0.7733,0.9587,0.7484
4,clab-nebula-serf67,45,135,150,130,20,5,0.8667,0.963,0.8387
4,clab-nebula-serf102,45,144,146,136,10,8,0.9315,0.9444,0.8831
4,clab-nebula-serf110,45,143,155,139,16,4,0.8968,0.972,0.8742
4,clab-nebula-serf132,45,104,157,100,57,4,0.6369,0.9615,0.6211
4,clab-nebula-serf134,45,91,157,87,70,4,0.5541,0.956,0.5404
4,clab-nebula-serf137,45,90,157,86,71,4,0.5478,0.9556,0.5342
4,clab-nebula-serf10,45,121,150,116,34,5,0.7733,0.9587,0.7484
4,clab-nebula-serf46,45,124,150,119,31,5,0.7933,0.9597,0.7677
4,clab-nebula-serf74,45,145,147,137,10,8,0.932,0.9448,0.8839
4,clab-nebula-serf76,45,153,147,145,2,8,0.9864,0.9477,0.9355
4,clab-nebula-serf149,45,89,144,86,58,3,0.5972,0.9663,0.585
4,clab-nebula-serf20,45,118,150,113,37,5,0.7533,0.9576,0.729
4,clab-nebula-serf22,45,117,150,112,38,5,0.7467,0.9573,0.7226
4,clab-nebula-serf160,45,82,157,78,79,4,0.4968,0.9512,0.4845
4,clab-nebula-serf31,45,124,150,119,31,5,0.7933,0.9597,0.7677
4,clab-nebula-serf93,45,142,145,134,11,8,0.9241,0.9437,0.8758
4,clab-nebula-serf122,45,144,155,140,15,4,0.9032,0.9722,0.8805
4,clab-nebula-serf38,45,124,150,119,31,5,0.7933,0.9597,0.7677
4,clab-nebula-serf55,45,126,150,121,29,5,0.8067,0.9603,0.7806
4,clab-nebula-serf79,45,153,147,145,2,8,0.9864,0.9477,0.9355
4,clab-nebula-serf113,45,156,152,148,4,8,0.9737,0.9487,0.925
4,clab-nebula-serf120,45,5,69,4,65,1,0.058,0.8,0.0571
4,clab-nebula-serf128,45,150,155,146,9,4,0.9419,0.9733,0.9182
4,clab-nebula-serf8,45,120,150,115,35,5,0.7667,0.9583,0.7419
4,clab-nebula-serf27,45,98,150,93,57,5,0.62,0.949,0.6
4,clab-nebula-serf78,45,140,150,135,15,5,0.9,0.9643,0.871
4,clab-nebula-serf104,45,153,155,149,6,4,0.9613,0.9739,0.9371
4,clab-nebula-serf133,45,92,157,88,69,4,0.5605,0.9565,0.5466
4,clab-nebula-serf64,45,123,150,118,32,5,0.7867,0.9593,0.7613
4,clab-nebula-serf73,45,151,147,143,4,8,0.9728,0.947,0.9226
4,clab-nebula-serf118,45,5,69,4,65,1,0.058,0.8,0.0571
4,clab-nebula-serf5,45,108,150,103,47,5,0.6867,0.9537,0.6645
4,clab-nebula-serf87,45,132,143,125,18,7,0.8741,0.947,0.8333
4,clab-nebula-serf88,45,127,143,120,23,7,0.8392,0.9449,0.8
4,clab-nebula-serf153,45,81,144,78,66,3,0.5417,0.963,0.5306
4,clab-nebula-serf53,45,125,150,120,30,5,0.8,0.96,0.7742
4,clab-nebula-serf69,45,147,147,139,8,8,0.9456,0.9456,0.8968
4,clab-nebula-serf60,45,143,147,135,12,8,0.9184,0.9441,0.871
4,clab-nebula-serf145,45,66,157,62,95,4,0.3949,0.9394,0.3851
4,clab-nebula-serf6,45,120,150,115,35,5,0.7667,0.9583,0.7419
4,clab-nebula-serf11,45,124,150,119,31,5,0.7933,0.9597,0.7677
4,clab-nebula-serf98,45,144,147,136,11,8,0.9252,0.9444,0.8774
4,clab-nebula-serf138,45,90,157,86,71,4,0.5478,0.9556,0.5342
4,clab-nebula-serf150,45,79,144,76,68,3,0.5278,0.962,0.517
4,clab-nebula-serf18,45,123,150,118,32,5,0.7867,0.9593,0.7613
4,clab-nebula-serf30,45,124,150,119,31,5,0.7933,0.9597,0.7677
4,clab-nebula-serf44,45,127,150,122,28,5,0.8133,0.9606,0.7871
4,clab-nebula-serf131,45,95,157,91,66,4,0.5796,0.9579,0.5652
4,clab-nebula-serf35,45,121,150,116,34,5,0.7733,0.9587,0.7484
4,clab-nebula-serf40,45,122,150,117,33,5,0.78,0.959,0.7548
4,clab-nebula-serf144,45,126,157,122,35,4,0.7771,0.9683,0.7578
4,clab-nebula-serf152,45,122,144,118,26,4,0.8194,0.9672,0.7973
4,clab-nebula-serf162,45,40,159,38,121,2,0.239,0.95,0.236
4,clab-nebula-serf41,45,118,150,113,37,5,0.7533,0.9576,0.729
4,clab-nebula-serf72,45,150,147,142,5,8,0.966,0.9467,0.9161
4,clab-nebula-serf141,45,90,157,86,71,4,0.5478,0.9556,0.5342
4,clab-nebula-serf25,45,119,150,114,36,5,0.76,0.958,0.7355
4,clab-nebula-serf50,45,125,150,120,30,5,0.8,0.96,0.7742
4,clab-nebula-serf51,45,126,150,121,29,5,0.8067,0.9603,0.7806
4,clab-nebula-serf66,45,136,144,129,15,7,0.8958,0.9485,0.8543
4,clab-nebula-serf86,45,134,144,127,17,7,0.8819,0.9478,0.8411
4,clab-nebula-serf90,45,137,144,130,14,7,0.9028,0.9489,0.8609
4,clab-nebula-serf143,45,66,157,62,95,4,0.3949,0.9394,0.3851
4,clab-nebula-serf7,45,120,150,115,35,5,0.7667,0.9583,0.7419
4,clab-nebula-serf37,45,124,150,119,31,5,0.7933,0.9597,0.7677
4,clab-nebula-serf43,45,124,150,119,31,5,0.7933,0.9597,0.7677
4,clab-nebula-serf58,45,153,147,145,2,8,0.9864,0.9477,0.9355
4,clab-nebula-serf61,45,149,147,141,6,8,0.9592,0.9463,0.9097
4,clab-nebula-serf112,45,103,133,97,36,6,0.7293,0.9417,0.6978
4,clab-nebula-serf15,45,124,150,119,31,5,0.7933,0.9597,0.7677
4,clab-nebula-serf16,45,126,150,121,29,5,0.8067,0.9603,0.7806
4,clab-nebula-serf77,45,151,147,143,4,8,0.9728,0.947,0.9226
4,clab-nebula-serf121,45,148,150,142,8,6,0.9467,0.9595,0.9103
4,clab-nebula-serf140,45,82,157,78,79,4,0.4968,0.9512,0.4845
4,clab-nebula-serf148,45,68,144,65,79,3,0.4514,0.9559,0.4422
4,clab-nebula-serf154,45,79,144,76,68,3,0.5278,0.962,0.517
4,clab-nebula-serf156,45,99,144,96,48,3,0.6667,0.9697,0.6531
4,clab-nebula-serf23,45,99,150,94,56,5,0.6267,0.9495,0.6065
4,clab-nebula-serf39,45,138,150,133,17,5,0.8867,0.9638,0.8581
4,clab-nebula-serf62,45,124,150,119,31,5,0.7933,0.9597,0.7677
4,clab-nebula-serf107,45,149,155,145,10,4,0.9355,0.9732,0.9119
4,clab-nebula-serf115,45,6,151,6,145,0,0.0397,1.0,0.0397
4,clab-nebula-serf151,45,81,144,78,66,3,0.5417,0.963,0.5306
4,clab-nebula-serf158,45,68,157,64,93,4,0.4076,0.9412,0.3975
4,clab-nebula-serf28,45,91,143,86,57,5,0.6014,0.9451,0.5811
4,clab-nebula-serf29,45,98,150,93,57,5,0.62,0.949,0.6
4,clab-nebula-serf130,50,111,157,107,50,4,0.6815,0.964,0.6646
4,clab-nebula-serf161,50,117,157,113,44,4,0.7197,0.9658,0.7019
4,clab-nebula-serf32,50,137,150,132,18,5,0.88,0.9635,0.8516
4,clab-nebula-serf63,50,128,150,123,27,5,0.82,0.9609,0.7935
4,clab-nebula-serf45,50,145,147,137,10,8,0.932,0.9448,0.8839
4,clab-nebula-serf49,50,154,147,146,1,8,0.9932,0.9481,0.9419
4,clab-nebula-serf83,50,140,147,134,13,6,0.9116,0.9571,0.8758
4,clab-nebula-serf91,50,154,154,149,5,5,0.9675,0.9675,0.9371
4,clab-nebula-serf136,50,124,157,120,37,4,0.7643,0.9677,0.7453
4,clab-nebula-serf146,50,114,157,110,47,4,0.7006,0.9649,0.6832
4,clab-nebula-serf12,50,127,150,122,28,5,0.8133,0.9606,0.7871
4,clab-nebula-serf19,50,142,147,134,13,8,0.9116,0.9437,0.8645
4,clab-nebula-serf80,50,154,154,149,5,5,0.9675,0.9675,0.9371
4,clab-nebula-serf111,50,158,155,152,3,6,0.9806,0.962,0.9441
4,clab-nebula-serf109,50,159,155,153,2,6,0.9871,0.9623,0.9503
4,clab-nebula-serf147,50,120,144,116,28,4,0.8056,0.9667,0.7838
4,clab-nebula-serf4,50,120,150,115,35,5,0.7667,0.9583,0.7419
4,clab-nebula-serf100,50,159,151,151,0,8,1.0,0.9497,0.9497
4,clab-nebula-serf75,50,154,147,146,1,8,0.9932,0.9481,0.9419
4,clab-nebula-serf89,50,137,147,132,15,5,0.898,0.9635,0.8684
4,clab-nebula-serf101,50,157,150,150,0,7,1.0,0.9554,0.9554
4,clab-nebula-serf105,50,155,155,150,5,5,0.9677,0.9677,0.9375
4,clab-nebula-serf65,50,152,147,144,3,8,0.9796,0.9474,0.929
4,clab-nebula-serf68,50,154,154,149,5,5,0.9675,0.9675,0.9371
4,clab-nebula-serf94,50,154,154,149,5,5,0.9675,0.9675,0.9371
4,clab-nebula-serf103,50,159,151,151,0,8,1.0,0.9497,0.9497
4,clab-nebula-serf117,50,21,151,21,130,0,0.1391,1.0,0.1391
4,clab-nebula-serf127,50,156,157,152,5,4,0.9682,0.9744,0.9441
4,clab-nebula-serf129,50,149,155,145,10,4,0.9355,0.9732,0.9119
4,clab-nebula-serf155,50,117,144,113,31,4,0.7847,0.9658,0.7635
4,clab-nebula-serf3,50,119,150,114,36,5,0.76,0.958,0.7355
4,clab-nebula-serf14,50,126,150,121,29,5,0.8067,0.9603,0.7806
4,clab-nebula-serf142,50,95,157,91,66,4,0.5796,0.9579,0.5652
4,clab-nebula-serf96,50,153,147,145,2,8,0.9864,0.9477,0.9355
4,clab-nebula-serf116,50,14,151,14,137,0,0.0927,1.0,0.0927
4,clab-nebula-serf56,50,154,147,146,1,8,0.9932,0.9481,0.9419
4,clab-nebula-serf59,50,154,147,146,1,8,0.9932,0.9481,0.9419
4,clab-nebula-serf70,50,154,147,146,1,8,0.9932,0.9481,0.9419
4,clab-nebula-serf81,50,154,147,146,1,8,0.9932,0.9481,0.9419
4,clab-nebula-serf95,50,154,154,149,5,5,0.9675,0.9675,0.9371
4,clab-nebula-serf114,50,158,152,150,2,8,0.9868,0.9494,0.9375
4,clab-nebula-serf9,50,125,150,120,30,5,0.8,0.96,0.7742
4,clab-nebula-serf17,50,150,147,142,5,8,0.966,0.9467,0.9161
4,clab-nebula-serf139,50,121,157,117,40,4,0.7452,0.9669,0.7267
4,clab-nebula-serf52,50,154,147,146,1,8,0.9932,0.9481,0.9419
4,clab-nebula-serf71,50,154,147,146,1,8,0.9932,0.9481,0.9419
4,clab-nebula-serf26,50,137,150,132,18,5,0.88,0.9635,0.8516
4,clab-nebula-serf34,50,149,147,141,6,8,0.9592,0.9463,0.9097
4,clab-nebula-serf126,50,156,157,152,5,4,0.9682,0.9744,0.9441
4,clab-nebula-serf36,50,137,150,132,18,5,0.88,0.9635,0.8516
4,clab-nebula-serf82,50,111,150,107,43,4,0.7133,0.964,0.6948
4,clab-nebula-serf85,50,149,151,142,9,7,0.9404,0.953,0.8987
4,clab-nebula-serf97,50,159,151,151,0,8,1.0,0.9497,0.9497
4,clab-nebula-serf99,50,159,151,151,0,8,1.0,0.9497,0.9497
4,clab-nebula-serf124,50,156,157,152,5,4,0.9682,0.9744,0.9441
4,clab-nebula-serf157,50,109,157,105,52,4,0.6688,0.9633,0.6522
4,clab-nebula-serf159,50,108,157,104,53,4,0.6624,0.963,0.646
4,clab-nebula-serf1,50,121,150,116,34,5,0.7733,0.9587,0.7484
4,clab-nebula-serf33,50,154,147,146,1,8,0.9932,0.9481,0.9419
4,clab-nebula-serf123,50,158,150,150,0,8,1.0,0.9494,0.9494
4,clab-nebula-serf135,50,112,157,108,49,4,0.6879,0.9643,0.6708
4,clab-nebula-serf13,50,144,147,136,11,8,0.9252,0.9444,0.8774
4,clab-nebula-serf47,50,154,147,146,1,8,0.9932,0.9481,0.9419
4,clab-nebula-serf84,50,128,147,123,24,5,0.8367,0.9609,0.8092
4,clab-nebula-serf92,50,154,154,149,5,5,0.9675,0.9675,0.9371
4,clab-nebula-serf106,50,153,155,149,6,4,0.9613,0.9739,0.9371
4,clab-nebula-serf108,50,155,155,150,5,5,0.9677,0.9677,0.9375
4,clab-nebula-serf119,50,17,151,17,134,0,0.1126,1.0,0.1126
4,clab-nebula-serf125,50,155,157,151,6,4,0.9618,0.9742,0.9379
4,clab-nebula-serf54,50,153,147,145,2,8,0.9864,0.9477,0.9355
4,clab-nebula-serf57,50,154,147,146,1,8,0.9932,0.9481,0.9419
4,clab-nebula-serf24,50,120,150,115,35,5,0.7667,0.9583,0.7419
4,clab-nebula-serf42,50,123,150,118,32,5,0.7867,0.9593,0.7613
4,clab-nebula-serf48,50,141,150,136,14,5,0.9067,0.9645,0.8774
4,clab-nebula-serf2,50,114,150,109,41,5,0.7267,0.9561,0.7032
4,clab-nebula-serf21,50,124,150,119,31,5,0.7933,0.9597,0.7677
4,clab-nebula-serf67,50,154,147,146,1,8,0.9932,0.9481,0.9419
4,clab-nebula-serf102,50,157,150,149,1,8,0.9933,0.949,0.943
4,clab-nebula-serf110,50,148,155,144,11,4,0.929,0.973,0.9057
4,clab-nebula-serf132,50,132,157,128,29,4,0.8153,0.9697,0.795
4,clab-nebula-serf134,50,116,157,112,45,4,0.7134,0.9655,0.6957
4,clab-nebula-serf137,50,115,157,111,46,4,0.707,0.9652,0.6894
4,clab-nebula-serf10,50,129,150,124,26,5,0.8267,0.9612,0.8
4,clab-nebula-serf46,50,127,150,122,28,5,0.8133,0.9606,0.7871
4,clab-nebula-serf74,50,154,147,146,1,8,0.9932,0.9481,0.9419
4,clab-nebula-serf76,50,154,147,146,1,8,0.9932,0.9481,0.9419
4,clab-nebula-serf149,50,124,144,120,24,4,0.8333,0.9677,0.8108
4,clab-nebula-serf20,50,124,150,119,31,5,0.7933,0.9597,0.7677
4,clab-nebula-serf22,50,122,150,117,33,5,0.78,0.959,0.7548
4,clab-nebula-serf160,50,118,157,114,43,4,0.7261,0.9661,0.7081
4,clab-nebula-serf31,50,129,150,124,26,5,0.8267,0.9612,0.8
4,clab-nebula-serf93,50,154,154,149,5,5,0.9675,0.9675,0.9371
4,clab-nebula-serf122,50,154,155,149,6,5,0.9613,0.9675,0.9313
4,clab-nebula-serf38,50,133,150,128,22,5,0.8533,0.9624,0.8258
4,clab-nebula-serf55,50,153,147,145,2,8,0.9864,0.9477,0.9355
4,clab-nebula-serf79,50,154,147,146,1,8,0.9932,0.9481,0.9419
4,clab-nebula-serf113,50,159,152,151,1,8,0.9934,0.9497,0.9437
4,clab-nebula-serf120,50,14,70,13,57,1,0.1857,0.9286,0.1831
4,clab-nebula-serf128,50,155,155,150,5,5,0.9677,0.9677,0.9375
4,clab-nebula-serf8,50,122,150,117,33,5,0.78,0.959,0.7548
4,clab-nebula-serf27,50,117,150,112,38,5,0.7467,0.9573,0.7226
4,clab-nebula-serf78,50,154,147,146,1,8,0.9932,0.9481,0.9419
4,clab-nebula-serf104,50,155,155,150,5,5,0.9677,0.9677,0.9375
4,clab-nebula-serf133,50,117,157,113,44,4,0.7197,0.9658,0.7019
4,clab-nebula-serf64,50,128,150,123,27,5,0.82,0.9609,0.7935
4,clab-nebula-serf73,50,154,147,146,1,8,0.9932,0.9481,0.9419
4,clab-nebula-serf118,50,15,70,14,56,1,0.2,0.9333,0.1972
4,clab-nebula-serf5,50,118,150,113,37,5,0.7533,0.9576,0.729
4,clab-nebula-serf87,50,145,147,139,8,6,0.9456,0.9586,0.9085
4,clab-nebula-serf88,50,136,147,131,16,5,0.8912,0.9632,0.8618
4,clab-nebula-serf153,50,114,144,110,34,4,0.7639,0.9649,0.7432
4,clab-nebula-serf53,50,151,147,143,4,8,0.9728,0.947,0.9226
4,clab-nebula-serf69,50,154,147,146,1,8,0.9932,0.9481,0.9419
4,clab-nebula-serf60,50,154,147,146,1,8,0.9932,0.9481,0.9419
4,clab-nebula-serf145,50,104,157,100,57,4,0.6369,0.9615,0.6211
4,clab-nebula-serf6,50,124,150,119,31,5,0.7933,0.9597,0.7677
4,clab-nebula-serf11,50,142,147,134,13,8,0.9116,0.9437,0.8645
4,clab-nebula-serf98,50,156,150,148,2,8,0.9867,0.9487,0.9367
4,clab-nebula-serf138,50,115,157,111,46,4,0.707,0.9652,0.6894
4,clab-nebula-serf150,50,117,144,114,30,3,0.7917,0.9744,0.7755
4,clab-nebula-serf18,50,140,150,135,15,5,0.9,0.9643,0.871
4,clab-nebula-serf30,50,128,150,123,27,5,0.82,0.9609,0.7935
4,clab-nebula-serf44,50,154,147,146,1,8,0.9932,0.9481,0.9419
4,clab-nebula-serf131,50,122,157,118,39,4,0.7516,0.9672,0.7329
4,clab-nebula-serf35,50,124,150,119,31,5,0.7933,0.9597,0.7677
4,clab-nebula-serf40,50,126,150,121,29,5,0.8067,0.9603,0.7806
4,clab-nebula-serf144,50,141,157,137,20,4,0.8726,0.9716,0.8509
4,clab-nebula-serf152,50,143,146,135,11,8,0.9247,0.9441,0.8766
4,clab-nebula-serf162,50,54,158,51,107,3,0.3228,0.9444,0.3168
4,clab-nebula-serf41,50,121,150,116,34,5,0.7733,0.9587,0.7484
4,clab-nebula-serf72,50,154,147,146,1,8,0.9932,0.9481,0.9419
4,clab-nebula-serf141,50,116,157,112,45,4,0.7134,0.9655,0.6957
4,clab-nebula-serf25,50,124,150,119,31,5,0.7933,0.9597,0.7677
4,clab-nebula-serf50,50,153,147,145,2,8,0.9864,0.9477,0.9355
4,clab-nebula-serf51,50,152,147,144,3,8,0.9796,0.9474,0.929
4,clab-nebula-serf66,50,154,154,149,5,5,0.9675,0.9675,0.9371
4,clab-nebula-serf86,50,145,147,139,8,6,0.9456,0.9586,0.9085
4,clab-nebula-serf90,50,154,154,149,5,5,0.9675,0.9675,0.9371
4,clab-nebula-serf143,50,103,157,99,58,4,0.6306,0.9612,0.6149
4,clab-nebula-serf7,50,124,150,119,31,5,0.7933,0.9597,0.7677
4,clab-nebula-serf37,50,146,147,138,9,8,0.9388,0.9452,0.8903
4,clab-nebula-serf43,50,126,150,121,29,5,0.8067,0.9603,0.7806
4,clab-nebula-serf58,50,154,147,146,1,8,0.9932,0.9481,0.9419
4,clab-nebula-serf61,50,154,147,146,1,8,0.9932,0.9481,0.9419
4,clab-nebula-serf112,50,136,147,129,18,7,0.8776,0.9485,0.8377
4,clab-nebula-serf15,50,151,147,143,4,8,0.9728,0.947,0.9226
4,clab-nebula-serf16,50,151,147,143,4,8,0.9728,0.947,0.9226
4,clab-nebula-serf77,50,154,147,146,1,8,0.9932,0.9481,0.9419
4,clab-nebula-serf121,50,160,152,152,0,8,1.0,0.95,0.95
4,clab-nebula-serf140,50,108,157,104,53,4,0.6624,0.963,0.646
4,clab-nebula-serf148,50,103,144,100,44,3,0.6944,0.9709,0.6803
4,clab-nebula-serf154,50,113,144,110,34,3,0.7639,0.9735,0.7483
4,clab-nebula-serf156,50,130,144,123,21,7,0.8542,0.9462,0.8146
4,clab-nebula-serf23,50,117,150,112,38,5,0.7467,0.9573,0.7226
4,clab-nebula-serf39,50,154,147,146,1,8,0.9932,0.9481,0.9419
4,clab-nebula-serf62,50,144,147,136,11,8,0.9252,0.9444,0.8774
4,clab-nebula-serf107,50,154,155,150,5,4,0.9677,0.974,0.9434
4,clab-nebula-serf115,50,23,148,21,127,2,0.1419,0.913,0.14
4,clab-nebula-serf151,50,114,144,110,34,4,0.7639,0.9649,0.7432
4,clab-nebula-serf158,50,103,157,99,58,4,0.6306,0.9612,0.6149
4,clab-nebula-serf28,50,95,143,90,53,5,0.6294,0.9474,0.6081
4,clab-nebula-serf29,50,115,150,110,40,5,0.7333,0.9565,0.7097
4,clab-nebula-serf130,55,136,157,132,25,4,0.8408,0.9706,0.8199
4,clab-nebula-serf161,55,139,157,135,22,4,0.8599,0.9712,0.8385
4,clab-nebula-serf32,55,154,147,146,1,8,0.9932,0.9481,0.9419
4,clab-nebula-serf63,55,154,147,146,1,8,0.9932,0.9481,0.9419
4,clab-nebula-serf45,55,154,147,146,1,8,0.9932,0.9481,0.9419
4,clab-nebula-serf49,55,154,147,146,1,8,0.9932,0.9481,0.9419
4,clab-nebula-serf83,55,154,157,150,7,4,0.9554,0.974,0.9317
4,clab-nebula-serf91,55,157,154,151,3,6,0.9805,0.9618,0.9437
4,clab-nebula-serf136,55,137,157,133,24,4,0.8471,0.9708,0.8261
4,clab-nebula-serf146,55,137,157,133,24,4,0.8471,0.9708,0.8261
4,clab-nebula-serf12,55,153,147,145,2,8,0.9864,0.9477,0.9355
4,clab-nebula-serf19,55,153,147,145,2,8,0.9864,0.9477,0.9355
4,clab-nebula-serf80,55,156,154,150,4,6,0.974,0.9615,0.9375
4,clab-nebula-serf111,55,161,155,155,0,6,1.0,0.9627,0.9627
4,clab-nebula-serf109,55,161,155,155,0,6,1.0,0.9627,0.9627
4,clab-nebula-serf147,55,141,147,134,13,7,0.9116,0.9504,0.8701
4,clab-nebula-serf4,55,123,150,118,32,5,0.7867,0.9593,0.7613
4,clab-nebula-serf100,55,160,152,152,0,8,1.0,0.95,0.95
4,clab-nebula-serf75,55,155,150,149,1,6,0.9933,0.9613,0.9551
4,clab-nebula-serf89,55,154,152,146,6,8,0.9605,0.9481,0.9125
4,clab-nebula-serf101,55,160,152,152,0,8,1.0,0.95,0.95
4,clab-nebula-serf105,55,160,155,154,1,6,0.9935,0.9625,0.9565
4,clab-nebula-serf65,55,154,147,146,1,8,0.9932,0.9481,0.9419
4,clab-nebula-serf68,55,154,154,149,5,5,0.9675,0.9675,0.9371
4,clab-nebula-serf94,55,157,154,151,3,6,0.9805,0.9618,0.9437
4,clab-nebula-serf103,55,161,154,154,0,7,1.0,0.9565,0.9565
4,clab-nebula-serf117,55,45,119,43,76,2,0.3613,0.9556,0.3554
4,clab-nebula-serf127,55,161,157,157,0,4,1.0,0.9752,0.9752
4,clab-nebula-serf129,55,155,155,150,5,5,0.9677,0.9677,0.9375
4,clab-nebula-serf155,55,137,146,130,16,7,0.8904,0.9489,0.8497
4,clab-nebula-serf3,55,123,150,118,32,5,0.7867,0.9593,0.7613
4,clab-nebula-serf14,55,151,147,143,4,8,0.9728,0.947,0.9226
4,clab-nebula-serf142,55,126,157,122,35,4,0.7771,0.9683,0.7578
4,clab-nebula-serf96,55,160,152,152,0,8,1.0,0.95,0.95
4,clab-nebula-serf116,55,40,151,38,113,2,0.2517,0.95,0.2484
4,clab-nebula-serf56,55,157,150,150,0,7,1.0,0.9554,0.9554
4,clab-nebula-serf59,55,157,150,150,0,7,1.0,0.9554,0.9554
4,clab-nebula-serf70,55,158,150,150,0,8,1.0,0.9494,0.9494
4,clab-nebula-serf81,55,157,150,150,0,7,1.0,0.9554,0.9554
4,clab-nebula-serf95,55,154,154,149,5,5,0.9675,0.9675,0.9371
4,clab-nebula-serf114,55,161,154,154,0,7,1.0,0.9565,0.9565
4,clab-nebula-serf9,55,151,147,143,4,8,0.9728,0.947,0.9226
4,clab-nebula-serf17,55,154,147,146,1,8,0.9932,0.9481,0.9419
4,clab-nebula-serf139,55,137,157,133,24,4,0.8471,0.9708,0.8261
4,clab-nebula-serf52,55,154,147,146,1,8,0.9932,0.9481,0.9419
4,clab-nebula-serf71,55,156,150,149,1,7,0.9933,0.9551,0.949
4,clab-nebula-serf26,55,154,147,146,1,8,0.9932,0.9481,0.9419
4,clab-nebula-serf34,55,154,147,146,1,8,0.9932,0.9481,0.9419
4,clab-nebula-serf126,55,161,157,157,0,4,1.0,0.9752,0.9752
4,clab-nebula-serf36,55,154,147,146,1,8,0.9932,0.9481,0.9419
4,clab-nebula-serf82,55,121,150,117,33,4,0.78,0.9669,0.7597
4,clab-nebula-serf85,55,154,157,150,7,4,0.9554,0.974,0.9317
4,clab-nebula-serf97,55,161,154,154,0,7,1.0,0.9565,0.9565
4,clab-nebula-serf99,55,160,152,152,0,8,1.0,0.95,0.95
4,clab-nebula-serf124,55,161,157,157,0,4,1.0,0.9752,0.9752
4,clab-nebula-serf157,55,136,157,132,25,4,0.8408,0.9706,0.8199
4,clab-nebula-serf159,55,136,157,132,25,4,0.8408,0.9706,0.8199
4,clab-nebula-serf1,55,133,150,128,22,5,0.8533,0.9624,0.8258
4,clab-nebula-serf33,55,154,147,146,1,8,0.9932,0.9481,0.9419
4,clab-nebula-serf123,55,161,154,154,0,7,1.0,0.9565,0.9565
4,clab-nebula-serf135,55,137,157,133,24,4,0.8471,0.9708,0.8261
4,clab-nebula-serf13,55,154,147,146,1,8,0.9932,0.9481,0.9419
4,clab-nebula-serf47,55,154,147,146,1,8,0.9932,0.9481,0.9419
4,clab-nebula-serf84,55,142,147,134,13,8,0.9116,0.9437,0.8645
4,clab-nebula-serf92,55,154,154,149,5,5,0.9675,0.9675,0.9371
4,clab-nebula-serf106,55,155,155,150,5,5,0.9677,0.9677,0.9375
4,clab-nebula-serf108,55,158,155,152,3,6,0.9806,0.962,0.9441
4,clab-nebula-serf119,55,27,148,25,123,2,0.1689,0.9259,0.1667
4,clab-nebula-serf125,55,161,157,157,0,4,1.0,0.9752,0.9752
4,clab-nebula-serf54,55,154,147,146,1,8,0.9932,0.9481,0.9419
4,clab-nebula-serf57,55,155,150,149,1,6,0.9933,0.9613,0.9551
4,clab-nebula-serf24,55,124,150,119,31,5,0.7933,0.9597,0.7677
4,clab-nebula-serf42,55,127,150,122,28,5,0.8133,0.9606,0.7871
4,clab-nebula-serf48,55,154,147,146,1,8,0.9932,0.9481,0.9419
4,clab-nebula-serf2,55,120,150,115,35,5,0.7667,0.9583,0.7419
4,clab-nebula-serf21,55,133,150,128,22,5,0.8533,0.9624,0.8258
4,clab-nebula-serf67,55,154,147,146,1,8,0.9932,0.9481,0.9419
4,clab-nebula-serf102,55,160,152,152,0,8,1.0,0.95,0.95
4,clab-nebula-serf110,55,154,155,150,5,4,0.9677,0.974,0.9434
4,clab-nebula-serf132,55,144,157,140,17,4,0.8917,0.9722,0.8696
4,clab-nebula-serf134,55,137,157,133,24,4,0.8471,0.9708,0.8261
4,clab-nebula-serf137,55,137,157,133,24,4,0.8471,0.9708,0.8261
4,clab-nebula-serf10,55,153,147,145,2,8,0.9864,0.9477,0.9355
4,clab-nebula-serf46,55,154,147,146,1,8,0.9932,0.9481,0.9419
4,clab-nebula-serf74,55,155,150,149,1,6,0.9933,0.9613,0.9551
4,clab-nebula-serf76,55,158,150,150,0,8,1.0,0.9494,0.9494
4,clab-nebula-serf149,55,143,146,135,11,8,0.9247,0.9441,0.8766
4,clab-nebula-serf20,55,129,150,124,26,5,0.8267,0.9612,0.8
4,clab-nebula-serf22,55,125,150,120,30,5,0.8,0.96,0.7742
4,clab-nebula-serf160,55,139,157,135,22,4,0.8599,0.9712,0.8385
4,clab-nebula-serf31,55,154,147,146,1,8,0.9932,0.9481,0.9419
4,clab-nebula-serf93,55,156,154,150,4,6,0.974,0.9615,0.9375
4,clab-nebula-serf122,55,161,155,155,0,6,1.0,0.9627,0.9627
4,clab-nebula-serf38,55,154,147,146,1,8,0.9932,0.9481,0.9419
4,clab-nebula-serf55,55,154,147,146,1,8,0.9932,0.9481,0.9419
4,clab-nebula-serf79,55,158,150,150,0,8,1.0,0.9494,0.9494
4,clab-nebula-serf113,55,161,154,154,0,7,1.0,0.9565,0.9565
4,clab-nebula-serf120,55,24,148,22,126,2,0.1486,0.9167,0.1467
4,clab-nebula-serf128,55,159,155,153,2,6,0.9871,0.9623,0.9503
4,clab-nebula-serf8,55,130,150,125,25,5,0.8333,0.9615,0.8065
4,clab-nebula-serf27,55,122,150,117,33,5,0.78,0.959,0.7548
4,clab-nebula-serf78,55,155,150,149,1,6,0.9933,0.9613,0.9551
4,clab-nebula-serf104,55,159,155,153,2,6,0.9871,0.9623,0.9503
4,clab-nebula-serf133,55,137,157,133,24,4,0.8471,0.9708,0.8261
4,clab-nebula-serf64,55,154,147,146,1,8,0.9932,0.9481,0.9419
4,clab-nebula-serf73,55,158,150,150,0,8,1.0,0.9494,0.9494
4,clab-nebula-serf118,55,25,148,23,125,2,0.1554,0.92,0.1533
4,clab-nebula-serf5,55,121,150,116,34,5,0.7733,0.9587,0.7484
4,clab-nebula-serf87,55,155,157,151,6,4,0.9618,0.9742,0.9379
4,clab-nebula-serf88,55,154,152,146,6,8,0.9605,0.9481,0.9125
4,clab-nebula-serf153,55,137,146,130,16,7,0.8904,0.9489,0.8497
4,clab-nebula-serf53,55,154,147,146,1,8,0.9932,0.9481,0.9419
4,clab-nebula-serf69,55,158,150,150,0,8,1.0,0.9494,0.9494
4,clab-nebula-serf60,55,154,147,146,1,8,0.9932,0.9481,0.9419
4,clab-nebula-serf145,55,130,157,126,31,4,0.8025,0.9692,0.7826
4,clab-nebula-serf6,55,151,147,143,4,8,0.9728,0.947,0.9226
4,clab-nebula-serf11,55,154,147,146,1,8,0.9932,0.9481,0.9419
4,clab-nebula-serf98,55,160,152,152,0,8,1.0,0.95,0.95
4,clab-nebula-serf138,55,137,157,133,24,4,0.8471,0.9708,0.8261
4,clab-nebula-serf150,55,141,150,135,15,6,0.9,0.9574,0.8654
4,clab-nebula-serf18,55,151,147,143,4,8,0.9728,0.947,0.9226
4,clab-nebula-serf30,55,154,147,146,1,8,0.9932,0.9481,0.9419
4,clab-nebula-serf44,55,154,147,146,1,8,0.9932,0.9481,0.9419
4,clab-nebula-serf131,55,137,157,133,24,4,0.8471,0.9708,0.8261
4,clab-nebula-serf35,55,145,147,137,10,8,0.932,0.9448,0.8839
4,clab-nebula-serf40,55,153,147,145,2,8,0.9864,0.9477,0.9355
4,clab-nebula-serf144,55,151,157,147,10,4,0.9363,0.9735,0.913
4,clab-nebula-serf152,55,152,150,146,4,6,0.9733,0.9605,0.9359
4,clab-nebula-serf162,55,74,157,70,87,4,0.4459,0.9459,0.4348
4,clab-nebula-serf41,55,126,150,121,29,5,0.8067,0.9603,0.7806
4,clab-nebula-serf72,55,158,150,150,0,8,1.0,0.9494,0.9494
4,clab-nebula-serf141,55,137,157,133,24,4,0.8471,0.9708,0.8261
4,clab-nebula-serf25,55,127,150,122,28,5,0.8133,0.9606,0.7871
4,clab-nebula-serf50,55,154,147,146,1,8,0.9932,0.9481,0.9419
4,clab-nebula-serf51,55,154,147,146,1,8,0.9932,0.9481,0.9419
4,clab-nebula-serf66,55,154,154,149,5,5,0.9675,0.9675,0.9371
4,clab-nebula-serf86,55,155,157,151,6,4,0.9618,0.9742,0.9379
4,clab-nebula-serf90,55,155,154,150,4,5,0.974,0.9677,0.9434
4,clab-nebula-serf143,55,130,157,126,31,4,0.8025,0.9692,0.7826
4,clab-nebula-serf7,55,151,147,143,4,8,0.9728,0.947,0.9226
4,clab-nebula-serf37,55,154,147,146,1,8,0.9932,0.9481,0.9419
4,clab-nebula-serf43,55,154,147,146,1,8,0.9932,0.9481,0.9419
4,clab-nebula-serf58,55,156,150,150,0,6,1.0,0.9615,0.9615
4,clab-nebula-serf61,55,156,150,150,0,6,1.0,0.9615,0.9615
4,clab-nebula-serf112,55,148,147,140,7,8,0.9524,0.9459,0.9032
4,clab-nebula-serf15,55,154,147,146,1,8,0.9932,0.9481,0.9419
4,clab-nebula-serf16,55,155,150,149,1,6,0.9933,0.9613,0.9551
4,clab-nebula-serf77,55,158,150,150,0,8,1.0,0.9494,0.9494
4,clab-nebula-serf121,55,161,154,154,0,7,1.0,0.9565,0.9565
4,clab-nebula-serf140,55,136,157,132,25,4,0.8408,0.9706,0.8199
4,clab-nebula-serf148,55,133,144,126,18,7,0.875,0.9474,0.8344
4,clab-nebula-serf154,55,137,146,130,16,7,0.8904,0.9489,0.8497
4,clab-nebula-serf156,55,145,146,137,9,8,0.9384,0.9448,0.8896
4,clab-nebula-serf23,55,122,150,117,33,5,0.78,0.959,0.7548
4,clab-nebula-serf39,55,155,150,149,1,6,0.9933,0.9613,0.9551
4,clab-nebula-serf62,55,154,147,146,1,8,0.9932,0.9481,0.9419
4,clab-nebula-serf107,55,157,155,151,4,6,0.9742,0.9618,0.9379
4,clab-nebula-serf115,55,57,151,55,96,2,0.3642,0.9649,0.3595
4,clab-nebula-serf151,55,137,146,130,16,7,0.8904,0.9489,0.8497
4,clab-nebula-serf158,55,136,157,132,25,4,0.8408,0.9706,0.8199
4,clab-nebula-serf28,55,111,144,105,39,6,0.7292,0.9459,0.7
4,clab-nebula-serf29,55,122,150,117,33,5,0.78,0.959,0.7548
4,clab-nebula-serf130,60,146,157,142,15,4,0.9045,0.9726,0.882
4,clab-nebula-serf161,60,149,157,145,12,4,0.9236,0.9732,0.9006
4,clab-nebula-serf32,60,155,150,149,1,6,0.9933,0.9613,0.9551
4,clab-nebula-serf63,60,154,147,146,1,8,0.9932,0.9481,0.9419
4,clab-nebula-serf45,60,155,147,147,0,8,1.0,0.9484,0.9484
4,clab-nebula-serf49,60,157,150,150,0,7,1.0,0.9554,0.9554
4,clab-nebula-serf83,60,156,157,152,5,4,0.9682,0.9744,0.9441
4,clab-nebula-serf91,60,161,154,154,0,7,1.0,0.9565,0.9565
4,clab-nebula-serf136,60,149,157,145,12,4,0.9236,0.9732,0.9006
4,clab-nebula-serf146,60,146,157,142,15,4,0.9045,0.9726,0.882
4,clab-nebula-serf12,60,155,150,149,1,6,0.9933,0.9613,0.9551
4,clab-nebula-serf19,60,157,150,150,0,7,1.0,0.9554,0.9554
4,clab-nebula-serf80,60,159,154,152,2,7,0.987,0.956,0.9441
4,clab-nebula-serf111,60,161,155,155,0,6,1.0,0.9627,0.9627
4,clab-nebula-serf109,60,161,155,155,0,6,1.0,0.9627,0.9627
4,clab-nebula-serf147,60,152,150,146,4,6,0.9733,0.9605,0.9359
4,clab-nebula-serf4,60,141,150,136,14,5,0.9067,0.9645,0.8774
4,clab-nebula-serf100,60,161,154,154,0,7,1.0,0.9565,0.9565
4,clab-nebula-serf75,60,158,150,150,0,8,1.0,0.9494,0.9494
4,clab-nebula-serf89,60,158,157,154,3,4,0.9809,0.9747,0.9565
4,clab-nebula-serf101,60,161,154,154,0,7,1.0,0.9565,0.9565
4,clab-nebula-serf105,60,161,155,155,0,6,1.0,0.9627,0.9627
4,clab-nebula-serf65,60,155,147,147,0,8,1.0,0.9484,0.9484
4,clab-nebula-serf68,60,158,154,151,3,7,0.9805,0.9557,0.9379
4,clab-nebula-serf94,60,161,154,154,0,7,1.0,0.9565,0.9565
4,clab-nebula-serf103,60,161,154,154,0,7,1.0,0.9565,0.9565
4,clab-nebula-serf117,60,68,129,64,65,4,0.4961,0.9412,0.4812
4,clab-nebula-serf127,60,161,157,157,0,4,1.0,0.9752,0.9752
4,clab-nebula-serf129,60,158,155,152,3,6,0.9806,0.962,0.9441
4,clab-nebula-serf155,60,150,150,144,6,6,0.96,0.96,0.9231
4,clab-nebula-serf3,60,141,150,136,14,5,0.9067,0.9645,0.8774
4,clab-nebula-serf14,60,155,150,149,1,6,0.9933,0.9613,0.9551
4,clab-nebula-serf142,60,140,157,136,21,4,0.8662,0.9714,0.8447
4,clab-nebula-serf96,60,161,154,154,0,7,1.0,0.9565,0.9565
4,clab-nebula-serf116,60,88,157,84,73,4,0.535,0.9545,0.5217
4,clab-nebula-serf56,60,158,150,150,0,8,1.0,0.9494,0.9494
4,clab-nebula-serf59,60,161,154,154,0,7,1.0,0.9565,0.9565
4,clab-nebula-serf70,60,161,154,154,0,7,1.0,0.9565,0.9565
4,clab-nebula-serf81,60,161,154,154,0,7,1.0,0.9565,0.9565
4,clab-nebula-serf95,60,159,154,152,2,7,0.987,0.956,0.9441
4,clab-nebula-serf114,60,161,154,154,0,7,1.0,0.9565,0.9565
4,clab-nebula-serf9,60,154,147,146,1,8,0.9932,0.9481,0.9419
4,clab-nebula-serf17,60,157,150,150,0,7,1.0,0.9554,0.9554
4,clab-nebula-serf139,60,149,157,145,12,4,0.9236,0.9732,0.9006
4,clab-nebula-serf52,60,157,150,150,0,7,1.0,0.9554,0.9554
4,clab-nebula-serf71,60,161,154,154,0,7,1.0,0.9565,0.9565
4,clab-nebula-serf26,60,155,150,149,1,6,0.9933,0.9613,0.9551
4,clab-nebula-serf34,60,156,150,150,0,6,1.0,0.9615,0.9615
4,clab-nebula-serf126,60,161,157,157,0,4,1.0,0.9752,0.9752
4,clab-nebula-serf36,60,154,147,146,1,8,0.9932,0.9481,0.9419
4,clab-nebula-serf82,60,148,146,140,6,8,0.9589,0.9459,0.9091
4,clab-nebula-serf85,60,157,157,153,4,4,0.9745,0.9745,0.9503
4,clab-nebula-serf97,60,161,154,154,0,7,1.0,0.9565,0.9565
4,clab-nebula-serf99,60,161,154,154,0,7,1.0,0.9565,0.9565
4,clab-nebula-serf124,60,161,157,157,0,4,1.0,0.9752,0.9752
4,clab-nebula-serf157,60,148,157,144,13,4,0.9172,0.973,0.8944
4,clab-nebula-serf159,60,148,157,144,13,4,0.9172,0.973,0.8944
4,clab-nebula-serf1,60,153,150,146,4,7,0.9733,0.9542,0.9299
4,clab-nebula-serf33,60,157,150,150,0,7,1.0,0.9554,0.9554
4,clab-nebula-serf123,60,161,154,154,0,7,1.0,0.9565,0.9565
4,clab-nebula-serf135,60,146,157,142,15,4,0.9045,0.9726,0.882
4,clab-nebula-serf13,60,157,150,150,0,7,1.0,0.9554,0.9554
4,clab-nebula-serf47,60,156,150,150,0,6,1.0,0.9615,0.9615
4,clab-nebula-serf84,60,154,157,150,7,4,0.9554,0.974,0.9317
4,clab-nebula-serf92,60,158,154,151,3,7,0.9805,0.9557,0.9379
4,clab-nebula-serf106,60,161,155,155,0,6,1.0,0.9627,0.9627
4,clab-nebula-serf108,60,161,155,155,0,6,1.0,0.9627,0.9627
4,clab-nebula-serf119,60,53,148,50,98,3,0.3378,0.9434,0.3311
4,clab-nebula-serf125,60,161,157,157,0,4,1.0,0.9752,0.9752
4,clab-nebula-serf54,60,157,150,150,0,7,1.0,0.9554,0.9554
4,clab-nebula-serf57,60,158,150,150,0,8,1.0,0.9494,0.9494
4,clab-nebula-serf24,60,129,150,124,26,5,0.8267,0.9612,0.8
4,clab-nebula-serf42,60,153,147,145,2,8,0.9864,0.9477,0.9355
4,clab-nebula-serf48,60,155,147,147,0,8,1.0,0.9484,0.9484
4,clab-nebula-serf2,60,124,150,119,31,5,0.7933,0.9597,0.7677
4,clab-nebula-serf21,60,154,147,146,1,8,0.9932,0.9481,0.9419
4,clab-nebula-serf67,60,158,150,150,0,8,1.0,0.9494,0.9494
4,clab-nebula-serf102,60,161,154,154,0,7,1.0,0.9565,0.9565
4,clab-nebula-serf110,60,157,155,151,4,6,0.9742,0.9618,0.9379
4,clab-nebula-serf132,60,151,157,147,10,4,0.9363,0.9735,0.913
4,clab-nebula-serf134,60,147,157,143,14,4,0.9108,0.9728,0.8882
4,clab-nebula-serf137,60,148,157,144,13,4,0.9172,0.973,0.8944
4,clab-nebula-serf10,60,156,150,149,1,7,0.9933,0.9551,0.949
4,clab-nebula-serf46,60,154,147,146,1,8,0.9932,0.9481,0.9419
4,clab-nebula-serf74,60,159,151,151,0,8,1.0,0.9497,0.9497
4,clab-nebula-serf76,60,161,154,154,0,7,1.0,0.9565,0.9565
4,clab-nebula-serf149,60,152,150,146,4,6,0.9733,0.9605,0.9359
4,clab-nebula-serf20,60,154,147,146,1,8,0.9932,0.9481,0.9419
4,clab-nebula-serf22,60,153,147,145,2,8,0.9864,0.9477,0.9355
4,clab-nebula-serf160,60,149,157,145,12,4,0.9236,0.9732,0.9006
4,clab-nebula-serf31,60,154,147,146,1,8,0.9932,0.9481,0.9419
4,clab-nebula-serf93,60,161,154,154,0,7,1.0,0.9565,0.9565
4,clab-nebula-serf122,60,161,155,155,0,6,1.0,0.9627,0.9627
4,clab-nebula-serf38,60,154,147,146,1,8,0.9932,0.9481,0.9419
4,clab-nebula-serf55,60,157,150,150,0,7,1.0,0.9554,0.9554
4,clab-nebula-serf79,60,161,154,154,0,7,1.0,0.9565,0.9565
4,clab-nebula-serf113,60,161,154,154,0,7,1.0,0.9565,0.9565
4,clab-nebula-serf120,60,48,148,45,103,3,0.3041,0.9375,0.298
4,clab-nebula-serf128,60,161,155,155,0,6,1.0,0.9627,0.9627
4,clab-nebula-serf8,60,153,147,145,2,8,0.9864,0.9477,0.9355
4,clab-nebula-serf27,60,125,150,120,30,5,0.8,0.96,0.7742
4,clab-nebula-serf78,60,158,150,150,0,8,1.0,0.9494,0.9494
4,clab-nebula-serf104,60,161,155,155,0,6,1.0,0.9627,0.9627
4,clab-nebula-serf133,60,149,157,145,12,4,0.9236,0.9732,0.9006
4,clab-nebula-serf64,60,154,147,146,1,8,0.9932,0.9481,0.9419
4,clab-nebula-serf73,60,161,154,154,0,7,1.0,0.9565,0.9565
4,clab-nebula-serf118,60,48,148,45,103,3,0.3041,0.9375,0.298
4,clab-nebula-serf5,60,143,147,135,12,8,0.9184,0.9441,0.871
4,clab-nebula-serf87,60,158,157,154,3,4,0.9809,0.9747,0.9565
4,clab-nebula-serf88,60,158,157,154,3,4,0.9809,0.9747,0.9565
4,clab-nebula-serf153,60,148,150,142,8,6,0.9467,0.9595,0.9103
4,clab-nebula-serf53,60,157,150,150,0,7,1.0,0.9554,0.9554
4,clab-nebula-serf69,60,161,154,154,0,7,1.0,0.9565,0.9565
4,clab-nebula-serf60,60,158,150,150,0,8,1.0,0.9494,0.9494
4,clab-nebula-serf145,60,145,157,141,16,4,0.8981,0.9724,0.8758
4,clab-nebula-serf6,60,155,150,149,1,6,0.9933,0.9613,0.9551
4,clab-nebula-serf11,60,157,150,150,0,7,1.0,0.9554,0.9554
4,clab-nebula-serf98,60,161,154,154,0,7,1.0,0.9565,0.9565
4,clab-nebula-serf138,60,147,157,143,14,4,0.9108,0.9728,0.8882
4,clab-nebula-serf150,60,152,150,146,4,6,0.9733,0.9605,0.9359
4,clab-nebula-serf18,60,157,150,150,0,7,1.0,0.9554,0.9554
4,clab-nebula-serf30,60,154,147,146,1,8,0.9932,0.9481,0.9419
4,clab-nebula-serf44,60,156,150,150,0,6,1.0,0.9615,0.9615
4,clab-nebula-serf131,60,149,157,145,12,4,0.9236,0.9732,0.9006
4,clab-nebula-serf35,60,154,147,146,1,8,0.9932,0.9481,0.9419
4,clab-nebula-serf40,60,154,147,146,1,8,0.9932,0.9481,0.9419
4,clab-nebula-serf144,60,155,157,151,6,4,0.9618,0.9742,0.9379
4,clab-nebula-serf152,60,156,150,150,0,6,1.0,0.9615,0.9615
4,clab-nebula-serf162,60,113,157,109,48,4,0.6943,0.9646,0.677
4,clab-nebula-serf41,60,153,147,145,2,8,0.9864,0.9477,0.9355
4,clab-nebula-serf72,60,161,154,154,0,7,1.0,0.9565,0.9565
4,clab-nebula-serf141,60,149,157,145,12,4,0.9236,0.9732,0.9006
4,clab-nebula-serf25,60,154,147,146,1,8,0.9932,0.9481,0.9419
4,clab-nebula-serf50,60,156,150,150,0,6,1.0,0.9615,0.9615
4,clab-nebula-serf51,60,157,150,150,0,7,1.0,0.9554,0.9554
4,clab-nebula-serf66,60,158,154,151,3,7,0.9805,0.9557,0.9379
4,clab-nebula-serf86,60,160,157,156,1,4,0.9936,0.975,0.9689
4,clab-nebula-serf90,60,159,154,152,2,7,0.987,0.956,0.9441
4,clab-nebula-serf143,60,145,157,141,16,4,0.8981,0.9724,0.8758
4,clab-nebula-serf7,60,156,150,149,1,7,0.9933,0.9551,0.949
4,clab-nebula-serf37,60,156,150,150,0,6,1.0,0.9615,0.9615
4,clab-nebula-serf43,60,154,147,146,1,8,0.9932,0.9481,0.9419
4,clab-nebula-serf58,60,160,152,152,0,8,1.0,0.95,0.95
4,clab-nebula-serf61,60,158,150,150,0,8,1.0,0.9494,0.9494
4,clab-nebula-serf112,60,159,152,151,1,8,0.9934,0.9497,0.9437
4,clab-nebula-serf15,60,158,150,150,0,8,1.0,0.9494,0.9494
4,clab-nebula-serf16,60,158,150,150,0,8,1.0,0.9494,0.9494
4,clab-nebula-serf77,60,161,154,154,0,7,1.0,0.9565,0.9565
4,clab-nebula-serf121,60,161,154,154,0,7,1.0,0.9565,0.9565
4,clab-nebula-serf140,60,145,157,141,16,4,0.8981,0.9724,0.8758
4,clab-nebula-serf148,60,148,150,142,8,6,0.9467,0.9595,0.9103
4,clab-nebula-serf154,60,147,147,139,8,8,0.9456,0.9456,0.8968
4,clab-nebula-serf156,60,154,150,148,2,6,0.9867,0.961,0.9487
4,clab-nebula-serf23,60,124,150,119,31,5,0.7933,0.9597,0.7677
4,clab-nebula-serf39,60,158,150,150,0,8,1.0,0.9494,0.9494
4,clab-nebula-serf62,60,154,147,146,1,8,0.9932,0.9481,0.9419
4,clab-nebula-serf107,60,161,155,155,0,6,1.0,0.9627,0.9627
4,clab-nebula-serf115,60,103,157,99,58,4,0.6306,0.9612,0.6149
4,clab-nebula-serf151,60,148,150,142,8,6,0.9467,0.9595,0.9103
4,clab-nebula-serf158,60,148,157,144,13,4,0.9172,0.973,0.8944
4,clab-nebula-serf28,60,121,144,115,29,6,0.7986,0.9504,0.7667
4,clab-nebula-serf29,60,125,150,120,30,5,0.8,0.96,0.7742
6,clab-nebula-serf130,5,0,0,0,0,0,1.0,1.0,1.0
6,clab-nebula-serf161,5,4,4,3,1,1,0.75,0.75,0.6
6,clab-nebula-serf32,5,3,6,2,4,1,0.3333,0.6667,0.2857
6,clab-nebula-serf63,5,0,0,0,0,0,1.0,1.0,1.0
6,clab-nebula-serf45,5,2,3,1,2,1,0.3333,0.5,0.25
6,clab-nebula-serf49,5,4,6,3,3,1,0.5,0.75,0.4286
6,clab-nebula-serf83,5,0,0,0,0,0,1.0,1.0,1.0
6,clab-nebula-serf91,5,3,61,3,58,0,0.0492,1.0,0.0492
6,clab-nebula-serf136,5,0,0,0,0,0,1.0,1.0,1.0
6,clab-nebula-serf146,5,0,0,0,0,0,1.0,1.0,1.0
6,clab-nebula-serf12,5,0,0,0,0,0,1.0,1.0,1.0
6,clab-nebula-serf19,5,0,0,0,0,0,1.0,1.0,1.0
6,clab-nebula-serf80,5,0,0,0,0,0,1.0,1.0,1.0
6,clab-nebula-serf111,5,1,7,1,6,0,0.1429,1.0,0.1429
6,clab-nebula-serf109,5,3,6,2,4,1,0.3333,0.6667,0.2857
6,clab-nebula-serf147,5,0,1,0,1,0,0.0,0.0,0.0
6,clab-nebula-serf4,5,1,1,1,0,0,1.0,1.0,1.0
6,clab-nebula-serf100,5,6,5,5,0,1,1.0,0.8333,0.8333
6,clab-nebula-serf75,5,0,0,0,0,0,1.0,1.0,1.0
6,clab-nebula-serf89,5,3,2,2,0,1,1.0,0.6667,0.6667
6,clab-nebula-serf101,5,4,4,3,1,1,0.75,0.75,0.6
6,clab-nebula-serf105,5,1,7,1,6,0,0.1429,1.0,0.1429
6,clab-nebula-serf65,5,0,0,0,0,0,1.0,1.0,1.0
6,clab-nebula-serf68,5,0,0,0,0,0,1.0,1.0,1.0
6,clab-nebula-serf94,5,2,52,1,51,1,0.0192,0.5,0.0189
6,clab-nebula-serf103,5,7,6,6,0,1,1.0,0.8571,0.8571
6,clab-nebula-serf117,5,0,0,0,0,0,1.0,1.0,1.0
6,clab-nebula-serf127,5,0,0,0,0,0,1.0,1.0,1.0
6,clab-nebula-serf129,5,0,0,0,0,0,1.0,1.0,1.0
6,clab-nebula-serf155,5,0,1,0,1,0,0.0,0.0,0.0
6,clab-nebula-serf3,5,0,0,0,0,0,1.0,1.0,1.0
6,clab-nebula-serf14,5,0,0,0,0,0,1.0,1.0,1.0
6,clab-nebula-serf142,5,0,0,0,0,0,1.0,1.0,1.0
6,clab-nebula-serf96,5,4,4,3,1,1,0.75,0.75,0.6
6,clab-nebula-serf116,5,0,0,0,0,0,1.0,1.0,1.0
6,clab-nebula-serf56,5,9,19,8,11,1,0.4211,0.8889,0.4
6,clab-nebula-serf59,5,5,29,4,25,1,0.1379,0.8,0.1333
6,clab-nebula-serf70,5,3,101,3,98,0,0.0297,1.0,0.0297
6,clab-nebula-serf81,5,1,13,1,12,0,0.0769,1.0,0.0769
6,clab-nebula-serf95,5,0,0,0,0,0,1.0,1.0,1.0
6,clab-nebula-serf114,5,1,1,1,0,0,1.0,1.0,1.0
6,clab-nebula-serf9,5,1,10,1,9,0,0.1,1.0,0.1
6,clab-nebula-serf17,5,1,4,1,3,0,0.25,1.0,0.25
6,clab-nebula-serf139,5,0,0,0,0,0,1.0,1.0,1.0
6,clab-nebula-serf52,5,1,2,1,1,0,0.5,1.0,0.5
6,clab-nebula-serf71,5,0,0,0,0,0,1.0,1.0,1.0
6,clab-nebula-serf26,5,3,6,2,4,1,0.3333,0.6667,0.2857
6,clab-nebula-serf34,5,1,4,1,3,0,0.25,1.0,0.25
6,clab-nebula-serf126,5,0,0,0,0,0,1.0,1.0,1.0
6,clab-nebula-serf36,5,0,0,0,0,0,1.0,1.0,1.0
6,clab-nebula-serf82,5,0,0,0,0,0,1.0,1.0,1.0
6,clab-nebula-serf85,5,0,0,0,0,0,1.0,1.0,1.0
6,clab-nebula-serf97,5,5,5,4,1,1,0.8,0.8,0.6667
6,clab-nebula-serf99,5,6,5,5,0,1,1.0,0.8333,0.8333
6,clab-nebula-serf124,5,0,0,0,0,0,1.0,1.0,1.0
6,clab-nebula-serf157,5,4,4,3,1,1,0.75,0.75,0.6
6,clab-nebula-serf159,5,4,4,3,1,1,0.75,0.75,0.6
6,clab-nebula-serf1,5,0,0,0,0,0,1.0,1.0,1.0
6,clab-nebula-serf33,5,3,8,2,6,1,0.25,0.6667,0.2222
6,clab-nebula-serf123,5,0,0,0,0,0,1.0,1.0,1.0
6,clab-nebula-serf135,5,0,0,0,0,0,1.0,1.0,1.0
6,clab-nebula-serf13,5,0,0,0,0,0,1.0,1.0,1.0
6,clab-nebula-serf47,5,4,3,3,0,1,1.0,0.75,0.75
6,clab-nebula-serf84,5,0,0,0,0,0,1.0,1.0,1.0
6,clab-nebula-serf92,5,0,0,0,0,0,1.0,1.0,1.0
6,clab-nebula-serf106,5,0,1,0,1,0,0.0,0.0,0.0
6,clab-nebula-serf108,5,0,0,0,0,0,1.0,1.0,1.0
6,clab-nebula-serf119,5,2,1,1,0,1,1.0,0.5,0.5
6,clab-nebula-serf125,5,0,0,0,0,0,1.0,1.0,1.0
6,clab-nebula-serf54,5,1,3,1,2,0,0.3333,1.0,0.3333
6,clab-nebula-serf57,5,4,9,3,6,1,0.3333,0.75,0.3
6,clab-nebula-serf24,5,0,0,0,0,0,1.0,1.0,1.0
6,clab-nebula-serf42,5,0,0,0,0,0,1.0,1.0,1.0
6,clab-nebula-serf48,5,0,0,0,0,0,1.0,1.0,1.0
6,clab-nebula-serf2,5,0,0,0,0,0,1.0,1.0,1.0
6,clab-nebula-serf21,5,2,6,1,5,1,0.1667,0.5,0.1429
6,clab-nebula-serf67,5,0,0,0,0,0,1.0,1.0,1.0
6,clab-nebula-serf102,5,5,5,4,1,1,0.8,0.8,0.6667
6,clab-nebula-serf110,5,0,0,0,0,0,1.0,1.0,1.0
6,clab-nebula-serf132,5,0,1,0,1,0,0.0,0.0,0.0
6,clab-nebula-serf134,5,0,0,0,0,0,1.0,1.0,1.0
6,clab-nebula-serf137,5,0,0,0,0,0,1.0,1.0,1.0
6,clab-nebula-serf10,5,1,1,1,0,0,1.0,1.0,1.0
6,clab-nebula-serf46,5,0,0,0,0,0,1.0,1.0,1.0
6,clab-nebula-serf74,5,0,0,0,0,0,1.0,1.0,1.0
6,clab-nebula-serf76,5,2,2,2,0,0,1.0,1.0,1.0
6,clab-nebula-serf149,5,0,0,0,0,0,1.0,1.0,1.0
6,clab-nebula-serf20,5,2,6,1,5,1,0.1667,0.5,0.1429
6,clab-nebula-serf22,5,0,0,0,0,0,1.0,1.0,1.0
6,clab-nebula-serf160,5,4,4,3,1,1,0.75,0.75,0.6
6,clab-nebula-serf31,5,1,1,1,0,0,1.0,1.0,1.0
6,clab-nebula-serf93,5,3,69,2,67,1,0.029,0.6667,0.0286
6,clab-nebula-serf122,5,0,0,0,0,0,1.0,1.0,1.0
6,clab-nebula-serf38,5,0,0,0,0,0,1.0,1.0,1.0
6,clab-nebula-serf55,5,0,0,0,0,0,1.0,1.0,1.0
6,clab-nebula-serf79,5,6,76,5,71,1,0.0658,0.8333,0.0649
6,clab-nebula-serf113,5,1,1,1,0,0,1.0,1.0,1.0
6,clab-nebula-serf120,5,2,1,1,0,1,1.0,0.5,0.5
6,clab-nebula-serf128,5,0,0,0,0,0,1.0,1.0,1.0
6,clab-nebula-serf8,5,0,1,0,1,0,0.0,0.0,0.0
6,clab-nebula-serf27,5,0,0,0,0,0,1.0,1.0,1.0
6,clab-nebula-serf78,5,0,0,0,0,0,1.0,1.0,1.0
6,clab-nebula-serf104,5,1,4,1,3,0,0.25,1.0,0.25
6,clab-nebula-serf133,5,0,0,0,0,0,1.0,1.0,1.0
6,clab-nebula-serf64,5,0,0,0,0,0,1.0,1.0,1.0
6,clab-nebula-serf73,5,4,76,3,73,1,0.0395,0.75,0.039
6,clab-nebula-serf118,5,2,1,1,0,1,1.0,0.5,0.5
6,clab-nebula-serf5,5,0,0,0,0,0,1.0,1.0,1.0
6,clab-nebula-serf87,5,3,2,2,0,1,1.0,0.6667,0.6667
6,clab-nebula-serf88,5,3,2,2,0,1,1.0,0.6667,0.6667
6,clab-nebula-serf153,5,0,0,0,0,0,1.0,1.0,1.0
6,clab-nebula-serf53,5,0,0,0,0,0,1.0,1.0,1.0
6,clab-nebula-serf69,5,0,0,0,0,0,1.0,1.0,1.0
6,clab-nebula-serf60,5,4,19,3,16,1,0.1579,0.75,0.15
6,clab-nebula-serf145,5,0,0,0,0,0,1.0,1.0,1.0
6,clab-nebula-serf6,5,1,2,1,1,0,0.5,1.0,0.5
6,clab-nebula-serf11,5,2,7,1,6,1,0.1429,0.5,0.125
6,clab-nebula-serf98,5,1,5,1,4,0,0.2,1.0,0.2
6,clab-nebula-serf138,5,0,0,0,0,0,1.0,1.0,1.0
6,clab-nebula-serf150,5,0,0,0,0,0,1.0,1.0,1.0
6,clab-nebula-serf18,5,0,0,0,0,0,1.0,1.0,1.0
6,clab-nebula-serf30,5,1,1,1,0,0,1.0,1.0,1.0
6,clab-nebula-serf44,5,3,3,2,1,1,0.6667,0.6667,0.5
6,clab-nebula-serf131,5,0,1,0,1,0,0.0,0.0,0.0
6,clab-nebula-serf35,5,0,0,0,0,0,1.0,1.0,1.0
6,clab-nebula-serf40,5,0,0,0,0,0,1.0,1.0,1.0
6,clab-nebula-serf144,5,0,0,0,0,0,1.0,1.0,1.0
6,clab-nebula-serf152,5,0,0,0,0,0,1.0,1.0,1.0
6,clab-nebula-serf162,5,0,0,0,0,0,1.0,1.0,1.0
6,clab-nebula-serf41,5,0,0,0,0,0,1.0,1.0,1.0
6,clab-nebula-serf72,5,1,4,1,3,0,0.25,1.0,0.25
6,clab-nebula-serf141,5,0,0,0,0,0,1.0,1.0,1.0
6,clab-nebula-serf25,5,0,0,0,0,0,1.0,1.0,1.0
6,clab-nebula-serf50,5,3,3,2,1,1,0.6667,0.6667,0.5
6,clab-nebula-serf51,5,1,3,1,2,0,0.3333,1.0,0.3333
6,clab-nebula-serf66,5,0,0,0,0,0,1.0,1.0,1.0
6,clab-nebula-serf86,5,3,2,2,0,1,1.0,0.6667,0.6667
6,clab-nebula-serf90,5,2,67,1,66,1,0.0149,0.5,0.0147
6,clab-nebula-serf143,5,0,0,0,0,0,1.0,1.0,1.0
6,clab-nebula-serf7,5,1,2,1,1,0,0.5,1.0,0.5
6,clab-nebula-serf37,5,2,8,1,7,1,0.125,0.5,0.1111
6,clab-nebula-serf43,5,0,1,0,1,0,0.0,0.0,0.0
6,clab-nebula-serf58,5,5,30,4,26,1,0.1333,0.8,0.129
6,clab-nebula-serf61,5,5,29,4,25,1,0.1379,0.8,0.1333
6,clab-nebula-serf112,5,0,0,0,0,0,1.0,1.0,1.0
6,clab-nebula-serf15,5,1,1,1,0,0,1.0,1.0,1.0
6,clab-nebula-serf16,5,2,3,1,2,1,0.3333,0.5,0.25
6,clab-nebula-serf77,5,3,96,2,94,1,0.0208,0.6667,0.0206
6,clab-nebula-serf121,5,0,0,0,0,0,1.0,1.0,1.0
6,clab-nebula-serf140,5,0,0,0,0,0,1.0,1.0,1.0
6,clab-nebula-serf148,5,0,0,0,0,0,1.0,1.0,1.0
6,clab-nebula-serf154,5,0,1,0,1,0,0.0,0.0,0.0
6,clab-nebula-serf156,5,0,1,0,1,0,0.0,0.0,0.0
6,clab-nebula-serf23,5,0,0,0,0,0,1.0,1.0,1.0
6,clab-nebula-serf39,5,2,4,1,3,1,0.25,0.5,0.2
6,clab-nebula-serf62,5,0,0,0,0,0,1.0,1.0,1.0
6,clab-nebula-serf107,5,0,0,0,0,0,1.0,1.0,1.0
6,clab-nebula-serf115,5,0,0,0,0,0,1.0,1.0,1.0
6,clab-nebula-serf151,5,0,0,0,0,0,1.0,1.0,1.0
6,clab-nebula-serf158,5,4,4,3,1,1,0.75,0.75,0.6
6,clab-nebula-serf28,5,0,0,0,0,0,1.0,1.0,1.0
6,clab-nebula-serf29,5,0,0,0,0,0,1.0,1.0,1.0
6,clab-nebula-serf130,10,0,0,0,0,0,1.0,1.0,1.0
6,clab-nebula-serf161,10,4,4,3,1,1,0.75,0.75,0.6
6,clab-nebula-serf32,10,19,67,18,49,1,0.2687,0.9474,0.2647
6,clab-nebula-serf63,10,0,0,0,0,0,1.0,1.0,1.0
6,clab-nebula-serf45,10,8,11,7,4,1,0.6364,0.875,0.5833
6,clab-nebula-serf49,10,14,27,13,14,1,0.4815,0.9286,0.4643
6,clab-nebula-serf83,10,3,2,2,0,1,1.0,0.6667,0.6667
6,clab-nebula-serf91,10,17,122,16,106,1,0.1311,0.9412,0.1301
6,clab-nebula-serf136,10,0,0,0,0,0,1.0,1.0,1.0
6,clab-nebula-serf146,10,0,0,0,0,0,1.0,1.0,1.0
6,clab-nebula-serf12,10,5,39,4,35,1,0.1026,0.8,0.1
6,clab-nebula-serf19,10,5,24,4,20,1,0.1667,0.8,0.16
6,clab-nebula-serf80,10,14,116,13,103,1,0.1121,0.9286,0.1111
6,clab-nebula-serf111,10,7,8,6,2,1,0.75,0.8571,0.6667
6,clab-nebula-serf109,10,8,8,7,1,1,0.875,0.875,0.7778
6,clab-nebula-serf147,10,0,1,0,1,0,0.0,0.0,0.0
6,clab-nebula-serf4,10,2,1,1,0,1,1.0,0.5,0.5
6,clab-nebula-serf100,10,7,6,6,0,1,1.0,0.8571,0.8571
6,clab-nebula-serf75,10,7,76,6,70,1,0.0789,0.8571,0.0779
6,clab-nebula-serf89,10,3,2,2,0,1,1.0,0.6667,0.6667
6,clab-nebula-serf101,10,7,6,6,0,1,1.0,0.8571,0.8571
6,clab-nebula-serf105,10,3,5,2,3,1,0.4,0.6667,0.3333
6,clab-nebula-serf65,10,0,0,0,0,0,1.0,1.0,1.0
6,clab-nebula-serf68,10,5,13,4,9,1,0.3077,0.8,0.2857
6,clab-nebula-serf94,10,17,123,16,107,1,0.1301,0.9412,0.129
6,clab-nebula-serf103,10,7,6,6,0,1,1.0,0.8571,0.8571
6,clab-nebula-serf117,10,0,0,0,0,0,1.0,1.0,1.0
6,clab-nebula-serf127,10,4,148,3,145,1,0.0203,0.75,0.0201
6,clab-nebula-serf129,10,0,0,0,0,0,1.0,1.0,1.0
6,clab-nebula-serf155,10,0,1,0,1,0,0.0,0.0,0.0
6,clab-nebula-serf3,10,2,1,1,0,1,1.0,0.5,0.5
6,clab-nebula-serf14,10,4,41,3,38,1,0.0732,0.75,0.0714
6,clab-nebula-serf142,10,0,0,0,0,0,1.0,1.0,1.0
6,clab-nebula-serf96,10,7,6,6,0,1,1.0,0.8571,0.8571
6,clab-nebula-serf116,10,0,0,0,0,0,1.0,1.0,1.0
6,clab-nebula-serf56,10,24,101,23,78,1,0.2277,0.9583,0.2255
6,clab-nebula-serf59,10,26,101,24,77,2,0.2376,0.9231,0.233
6,clab-nebula-serf70,10,19,146,18,128,1,0.1233,0.9474,0.1224
6,clab-nebula-serf81,10,22,116,20,96,2,0.1724,0.9091,0.1695
6,clab-nebula-serf95,10,10,69,9,60,1,0.1304,0.9,0.1286
6,clab-nebula-serf114,10,1,1,1,0,0,1.0,1.0,1.0
6,clab-nebula-serf9,10,8,24,7,17,1,0.2917,0.875,0.28
6,clab-nebula-serf17,10,12,43,11,32,1,0.2558,0.9167,0.25
6,clab-nebula-serf139,10,0,0,0,0,0,1.0,1.0,1.0
6,clab-nebula-serf52,10,12,19,11,8,1,0.5789,0.9167,0.55
6,clab-nebula-serf71,10,15,146,14,132,1,0.0959,0.9333,0.0952
6,clab-nebula-serf26,10,19,67,18,49,1,0.2687,0.9474,0.2647
6,clab-nebula-serf34,10,9,62,8,54,1,0.129,0.8889,0.127
6,clab-nebula-serf126,10,3,19,2,17,1,0.1053,0.6667,0.1
6,clab-nebula-serf36,10,2,8,1,7,1,0.125,0.5,0.1111
6,clab-nebula-serf82,10,0,0,0,0,0,1.0,1.0,1.0
6,clab-nebula-serf85,10,4,52,3,49,1,0.0577,0.75,0.0566
6,clab-nebula-serf97,10,7,6,6,0,1,1.0,0.8571,0.8571
6,clab-nebula-serf99,10,7,6,6,0,1,1.0,0.8571,0.8571
6,clab-nebula-serf124,10,3,14,2,12,1,0.1429,0.6667,0.1333
6,clab-nebula-serf157,10,4,4,3,1,1,0.75,0.75,0.6
6,clab-nebula-serf159,10,4,4,3,1,1,0.75,0.75,0.6
6,clab-nebula-serf1,10,6,5,5,0,1,1.0,0.8333,0.8333
6,clab-nebula-serf33,10,20,62,19,43,1,0.3065,0.95,0.3016
6,clab-nebula-serf123,10,2,37,1,36,1,0.027,0.5,0.0263
6,clab-nebula-serf135,10,0,0,0,0,0,1.0,1.0,1.0
6,clab-nebula-serf13,10,7,42,6,36,1,0.1429,0.8571,0.1395
6,clab-nebula-serf47,10,12,19,11,8,1,0.5789,0.9167,0.55
6,clab-nebula-serf84,10,0,0,0,0,0,1.0,1.0,1.0
6,clab-nebula-serf92,10,9,69,8,61,1,0.1159,0.8889,0.1143
6,clab-nebula-serf106,10,2,5,1,4,1,0.2,0.5,0.1667
6,clab-nebula-serf108,10,2,4,1,3,1,0.25,0.5,0.2
6,clab-nebula-serf119,10,2,1,1,0,1,1.0,0.5,0.5
6,clab-nebula-serf125,10,3,19,2,17,1,0.1053,0.6667,0.1
6,clab-nebula-serf54,10,11,19,10,9,1,0.5263,0.9091,0.5
6,clab-nebula-serf57,10,13,76,12,64,1,0.1579,0.9231,0.1558
6,clab-nebula-serf24,10,2,5,1,4,1,0.2,0.5,0.1667
6,clab-nebula-serf42,10,0,0,0,0,0,1.0,1.0,1.0
6,clab-nebula-serf48,10,5,6,4,2,1,0.6667,0.8,0.5714
6,clab-nebula-serf2,10,1,6,1,5,0,0.1667,1.0,0.1667
6,clab-nebula-serf21,10,4,6,3,3,1,0.5,0.75,0.4286
6,clab-nebula-serf67,10,5,13,4,9,1,0.3077,0.8,0.2857
6,clab-nebula-serf102,10,7,6,6,0,1,1.0,0.8571,0.8571
6,clab-nebula-serf110,10,0,0,0,0,0,1.0,1.0,1.0
6,clab-nebula-serf132,10,0,1,0,1,0,0.0,0.0,0.0
6,clab-nebula-serf134,10,0,0,0,0,0,1.0,1.0,1.0
6,clab-nebula-serf137,10,0,0,0,0,0,1.0,1.0,1.0
6,clab-nebula-serf10,10,9,24,8,16,1,0.3333,0.8889,0.32
6,clab-nebula-serf46,10,3,5,2,3,1,0.4,0.6667,0.3333
6,clab-nebula-serf74,10,9,116,8,108,1,0.069,0.8889,0.0684
6,clab-nebula-serf76,10,25,116,23,93,2,0.1983,0.92,0.1949
6,clab-nebula-serf149,10,0,0,0,0,0,1.0,1.0,1.0
6,clab-nebula-serf20,10,4,6,3,3,1,0.5,0.75,0.4286
6,clab-nebula-serf22,10,4,15,3,12,1,0.2,0.75,0.1875
6,clab-nebula-serf160,10,4,4,3,1,1,0.75,0.75,0.6
6,clab-nebula-serf31,10,13,27,12,15,1,0.4444,0.9231,0.4286
6,clab-nebula-serf93,10,16,116,15,101,1,0.1293,0.9375,0.1282
6,clab-nebula-serf122,10,0,0,0,0,0,1.0,1.0,1.0
6,clab-nebula-serf38,10,4,8,3,5,1,0.375,0.75,0.3333
6,clab-nebula-serf55,10,9,19,8,11,1,0.4211,0.8889,0.4
6,clab-nebula-serf79,10,26,116,24,92,2,0.2069,0.9231,0.2034
6,clab-nebula-serf113,10,1,1,1,0,0,1.0,1.0,1.0
6,clab-nebula-serf120,10,2,1,1,0,1,1.0,0.5,0.5
6,clab-nebula-serf128,10,2,5,1,4,1,0.2,0.5,0.1667
6,clab-nebula-serf8,10,5,9,4,5,1,0.4444,0.8,0.4
6,clab-nebula-serf27,10,3,157,2,155,1,0.0127,0.6667,0.0127
6,clab-nebula-serf78,10,9,116,8,108,1,0.069,0.8889,0.0684
6,clab-nebula-serf104,10,3,6,2,4,1,0.3333,0.6667,0.2857
6,clab-nebula-serf133,10,0,0,0,0,0,1.0,1.0,1.0
6,clab-nebula-serf64,10,0,0,0,0,0,1.0,1.0,1.0
6,clab-nebula-serf73,10,25,116,23,93,2,0.1983,0.92,0.1949
6,clab-nebula-serf118,10,2,1,1,0,1,1.0,0.5,0.5
6,clab-nebula-serf5,10,3,2,2,0,1,1.0,0.6667,0.6667
6,clab-nebula-serf87,10,3,2,2,0,1,1.0,0.6667,0.6667
6,clab-nebula-serf88,10,3,2,2,0,1,1.0,0.6667,0.6667
6,clab-nebula-serf153,10,0,0,0,0,0,1.0,1.0,1.0
6,clab-nebula-serf53,10,8,19,7,12,1,0.3684,0.875,0.35
6,clab-nebula-serf69,10,14,115,13,102,1,0.113,0.9286,0.1121
6,clab-nebula-serf60,10,10,21,9,12,1,0.4286,0.9,0.4091
6,clab-nebula-serf145,10,0,0,0,0,0,1.0,1.0,1.0
6,clab-nebula-serf6,10,7,12,6,6,1,0.5,0.8571,0.4615
6,clab-nebula-serf11,10,14,24,13,11,1,0.5417,0.9286,0.52
6,clab-nebula-serf98,10,7,6,6,0,1,1.0,0.8571,0.8571
6,clab-nebula-serf138,10,0,0,0,0,0,1.0,1.0,1.0
6,clab-nebula-serf150,10,0,0,0,0,0,1.0,1.0,1.0
6,clab-nebula-serf18,10,5,22,5,17,0,0.2273,1.0,0.2273
6,clab-nebula-serf30,10,13,27,12,15,1,0.4444,0.9231,0.4286
6,clab-nebula-serf44,10,10,19,9,10,1,0.4737,0.9,0.45
6,clab-nebula-serf131,10,0,1,0,1,0,0.0,0.0,0.0
6,clab-nebula-serf35,10,1,3,1,2,0,0.3333,1.0,0.3333
6,clab-nebula-serf40,10,1,2,1,1,0,0.5,1.0,0.5
6,clab-nebula-serf144,10,0,0,0,0,0,1.0,1.0,1.0
6,clab-nebula-serf152,10,1,129,1,128,0,0.0078,1.0,0.0078
6,clab-nebula-serf162,10,0,0,0,0,0,1.0,1.0,1.0
6,clab-nebula-serf41,10,0,0,0,0,0,1.0,1.0,1.0
6,clab-nebula-serf72,10,16,116,15,101,1,0.1293,0.9375,0.1282
6,clab-nebula-serf141,10,0,0,0,0,0,1.0,1.0,1.0
6,clab-nebula-serf25,10,4,15,3,12,1,0.2,0.75,0.1875
6,clab-nebula-serf50,10,8,11,7,4,1,0.6364,0.875,0.5833
6,clab-nebula-serf51,10,9,19,8,11,1,0.4211,0.8889,0.4
6,clab-nebula-serf66,10,4,13,3,10,1,0.2308,0.75,0.2143
6,clab-nebula-serf86,10,4,3,3,0,1,1.0,0.75,0.75
6,clab-nebula-serf90,10,9,69,8,61,1,0.1159,0.8889,0.1143
6,clab-nebula-serf143,10,0,0,0,0,0,1.0,1.0,1.0
6,clab-nebula-serf7,10,9,22,9,13,0,0.4091,1.0,0.4091
6,clab-nebula-serf37,10,8,62,7,55,1,0.1129,0.875,0.1111
6,clab-nebula-serf43,10,5,6,4,2,1,0.6667,0.8,0.5714
6,clab-nebula-serf58,10,19,101,18,83,1,0.1782,0.9474,0.1765
6,clab-nebula-serf61,10,20,101,19,82,1,0.1881,0.95,0.1863
6,clab-nebula-serf112,10,0,0,0,0,0,1.0,1.0,1.0
6,clab-nebula-serf15,10,14,44,13,31,1,0.2955,0.9286,0.2889
6,clab-nebula-serf16,10,17,44,16,28,1,0.3636,0.9412,0.3556
6,clab-nebula-serf77,10,24,116,22,94,2,0.1897,0.9167,0.1864
6,clab-nebula-serf121,10,1,31,1,30,0,0.0323,1.0,0.0323
6,clab-nebula-serf140,10,0,0,0,0,0,1.0,1.0,1.0
6,clab-nebula-serf148,10,0,0,0,0,0,1.0,1.0,1.0
6,clab-nebula-serf154,10,0,1,0,1,0,0.0,0.0,0.0
6,clab-nebula-serf156,10,0,1,0,1,0,0.0,0.0,0.0
6,clab-nebula-serf23,10,0,0,0,0,0,1.0,1.0,1.0
6,clab-nebula-serf39,10,15,62,14,48,1,0.2258,0.9333,0.2222
6,clab-nebula-serf62,10,4,9,3,6,1,0.3333,0.75,0.3
6,clab-nebula-serf107,10,2,7,1,6,1,0.1429,0.5,0.125
6,clab-nebula-serf115,10,0,0,0,0,0,1.0,1.0,1.0
6,clab-nebula-serf151,10,0,0,0,0,0,1.0,1.0,1.0
6,clab-nebula-serf158,10,4,4,3,1,1,0.75,0.75,0.6
6,clab-nebula-serf28,10,1,104,1,103,0,0.0096,1.0,0.0096
6,clab-nebula-serf29,10,2,91,1,90,1,0.011,0.5,0.0109
6,clab-nebula-serf130,15,0,0,0,0,0,1.0,1.0,1.0
6,clab-nebula-serf161,15,5,4,4,0,1,1.0,0.8,0.8
6,clab-nebula-serf32,15,32,115,30,85,2,0.2609,0.9375,0.2564
6,clab-nebula-serf63,15,6,29,5,24,1,0.1724,0.8333,0.1667
6,clab-nebula-serf45,15,22,34,20,14,2,0.5882,0.9091,0.5556
6,clab-nebula-serf49,15,30,49,28,21,2,0.5714,0.9333,0.549
6,clab-nebula-serf83,15,14,62,13,49,1,0.2097,0.9286,0.2063
6,clab-nebula-serf91,15,36,124,34,90,2,0.2742,0.9444,0.2698
6,clab-nebula-serf136,15,2,3,1,2,1,0.3333,0.5,0.25
6,clab-nebula-serf146,15,1,1,1,0,0,1.0,1.0,1.0
6,clab-nebula-serf12,15,19,44,18,26,1,0.4091,0.9474,0.4
6,clab-nebula-serf19,15,23,33,21,12,2,0.6364,0.913,0.6
6,clab-nebula-serf80,15,32,126,30,96,2,0.2381,0.9375,0.2344
6,clab-nebula-serf111,15,17,56,16,40,1,0.2857,0.9412,0.2807
6,clab-nebula-serf109,15,26,76,24,52,2,0.3158,0.9231,0.3077
6,clab-nebula-serf147,15,2,115,1,114,1,0.0087,0.5,0.0086
6,clab-nebula-serf4,15,9,9,8,1,1,0.8889,0.8889,0.8
6,clab-nebula-serf100,15,8,27,7,20,1,0.2593,0.875,0.25
6,clab-nebula-serf75,15,26,116,24,92,2,0.2069,0.9231,0.2034
6,clab-nebula-serf89,15,8,41,7,34,1,0.1707,0.875,0.1667
6,clab-nebula-serf101,15,7,6,6,0,1,1.0,0.8571,0.8571
6,clab-nebula-serf105,15,8,8,7,1,1,0.875,0.875,0.7778
6,clab-nebula-serf65,15,0,0,0,0,0,1.0,1.0,1.0
6,clab-nebula-serf68,15,27,117,25,92,2,0.2137,0.9259,0.2101
6,clab-nebula-serf94,15,36,124,34,90,2,0.2742,0.9444,0.2698
6,clab-nebula-serf103,15,8,27,7,20,1,0.2593,0.875,0.25
6,clab-nebula-serf117,15,0,0,0,0,0,1.0,1.0,1.0
6,clab-nebula-serf127,15,13,158,12,146,1,0.0759,0.9231,0.0755
6,clab-nebula-serf129,15,2,7,1,6,1,0.1429,0.5,0.125
6,clab-nebula-serf155,15,1,3,1,2,0,0.3333,1.0,0.3333
6,clab-nebula-serf3,15,7,8,6,2,1,0.75,0.8571,0.6667
6,clab-nebula-serf14,15,18,44,17,27,1,0.3864,0.9444,0.3778
6,clab-nebula-serf142,15,1,2,1,1,0,0.5,1.0,0.5
6,clab-nebula-serf96,15,7,6,6,0,1,1.0,0.8571,0.8571
6,clab-nebula-serf116,15,0,0,0,0,0,1.0,1.0,1.0
6,clab-nebula-serf56,15,64,102,60,42,4,0.5882,0.9375,0.566
6,clab-nebula-serf59,15,63,103,59,44,4,0.5728,0.9365,0.5514
6,clab-nebula-serf70,15,36,146,34,112,2,0.2329,0.9444,0.2297
6,clab-nebula-serf81,15,39,127,37,90,2,0.2913,0.9487,0.2868
6,clab-nebula-serf95,15,30,116,28,88,2,0.2414,0.9333,0.2373
6,clab-nebula-serf114,15,2,104,1,103,1,0.0096,0.5,0.0095
6,clab-nebula-serf9,15,17,25,16,9,1,0.64,0.9412,0.6154
6,clab-nebula-serf17,15,30,93,28,65,2,0.3011,0.9333,0.2947
6,clab-nebula-serf139,15,5,10,4,6,1,0.4,0.8,0.3636
6,clab-nebula-serf52,15,38,101,36,65,2,0.3564,0.9474,0.3495
6,clab-nebula-serf71,15,33,146,31,115,2,0.2123,0.9394,0.2095
6,clab-nebula-serf26,15,31,39,29,10,2,0.7436,0.9355,0.7073
6,clab-nebula-serf34,15,27,62,25,37,2,0.4032,0.9259,0.3906
6,clab-nebula-serf126,15,15,155,14,141,1,0.0903,0.9333,0.0897
6,clab-nebula-serf36,15,17,58,16,42,1,0.2759,0.9412,0.2712
6,clab-nebula-serf82,15,0,0,0,0,0,1.0,1.0,1.0
6,clab-nebula-serf85,15,19,122,18,104,1,0.1475,0.9474,0.1463
6,clab-nebula-serf97,15,7,6,6,0,1,1.0,0.8571,0.8571
6,clab-nebula-serf99,15,7,6,6,0,1,1.0,0.8571,0.8571
6,clab-nebula-serf124,15,8,36,7,29,1,0.1944,0.875,0.1892
6,clab-nebula-serf157,15,5,4,4,0,1,1.0,0.8,0.8
6,clab-nebula-serf159,15,5,4,4,0,1,1.0,0.8,0.8
6,clab-nebula-serf1,15,12,12,11,1,1,0.9167,0.9167,0.8462
6,clab-nebula-serf33,15,53,102,50,52,3,0.4902,0.9434,0.4762
6,clab-nebula-serf123,15,11,38,10,28,1,0.2632,0.9091,0.2564
6,clab-nebula-serf135,15,1,9,1,8,0,0.1111,1.0,0.1111
6,clab-nebula-serf13,15,24,43,22,21,2,0.5116,0.9167,0.4889
6,clab-nebula-serf47,15,25,39,23,16,2,0.5897,0.92,0.561
6,clab-nebula-serf84,15,4,52,3,49,1,0.0577,0.75,0.0566
6,clab-nebula-serf92,15,30,116,28,88,2,0.2414,0.9333,0.2373
6,clab-nebula-serf106,15,4,5,3,2,1,0.6,0.75,0.5
6,clab-nebula-serf108,15,7,8,6,2,1,0.75,0.8571,0.6667
6,clab-nebula-serf119,15,2,1,1,0,1,1.0,0.5,0.5
6,clab-nebula-serf125,15,12,155,11,144,1,0.071,0.9167,0.0705
6,clab-nebula-serf54,15,35,101,33,68,2,0.3267,0.9429,0.3204
6,clab-nebula-serf57,15,57,103,54,49,3,0.5243,0.9474,0.5094
6,clab-nebula-serf24,15,5,5,4,1,1,0.8,0.8,0.6667
6,clab-nebula-serf42,15,2,8,1,7,1,0.125,0.5,0.1111
6,clab-nebula-serf48,15,21,36,20,16,1,0.5556,0.9524,0.5405
6,clab-nebula-serf2,15,5,7,4,3,1,0.5714,0.8,0.5
6,clab-nebula-serf21,15,16,27,15,12,1,0.5556,0.9375,0.5357
6,clab-nebula-serf67,15,26,116,24,92,2,0.2069,0.9231,0.2034
6,clab-nebula-serf102,15,7,6,6,0,1,1.0,0.8571,0.8571
6,clab-nebula-serf110,15,2,4,1,3,1,0.25,0.5,0.2
6,clab-nebula-serf132,15,11,18,10,8,1,0.5556,0.9091,0.5263
6,clab-nebula-serf134,15,1,6,1,5,0,0.1667,1.0,0.1667
6,clab-nebula-serf137,15,2,5,1,4,1,0.2,0.5,0.1667
6,clab-nebula-serf10,15,20,30,19,11,1,0.6333,0.95,0.6129
6,clab-nebula-serf46,15,11,20,10,10,1,0.5,0.9091,0.4762
6,clab-nebula-serf74,15,26,116,24,92,2,0.2069,0.9231,0.2034
6,clab-nebula-serf76,15,38,127,36,91,2,0.2835,0.9474,0.2791
6,clab-nebula-serf149,15,1,1,1,0,0,1.0,1.0,1.0
6,clab-nebula-serf20,15,15,87,14,73,1,0.1609,0.9333,0.1591
6,clab-nebula-serf22,15,10,20,9,11,1,0.45,0.9,0.4286
6,clab-nebula-serf160,15,5,4,4,0,1,1.0,0.8,0.8
6,clab-nebula-serf31,15,28,39,26,13,2,0.6667,0.9286,0.6341
6,clab-nebula-serf93,15,37,123,35,88,2,0.2846,0.9459,0.28
6,clab-nebula-serf122,15,8,36,7,29,1,0.1944,0.875,0.1892
6,clab-nebula-serf38,15,24,62,23,39,1,0.371,0.9583,0.3651
6,clab-nebula-serf55,15,23,101,22,79,1,0.2178,0.9565,0.2157
6,clab-nebula-serf79,15,41,127,39,88,2,0.3071,0.9512,0.3023
6,clab-nebula-serf113,15,3,110,2,108,1,0.0182,0.6667,0.018
6,clab-nebula-serf120,15,2,1,1,0,1,1.0,0.5,0.5
6,clab-nebula-serf128,15,6,8,5,3,1,0.625,0.8333,0.5556
6,clab-nebula-serf8,15,13,24,12,12,1,0.5,0.9231,0.48
6,clab-nebula-serf27,15,7,158,6,152,1,0.038,0.8571,0.0377
6,clab-nebula-serf78,15,27,117,25,92,2,0.2137,0.9259,0.2101
6,clab-nebula-serf104,15,8,8,7,1,1,0.875,0.875,0.7778
6,clab-nebula-serf133,15,1,6,1,5,0,0.1667,1.0,0.1667
6,clab-nebula-serf64,15,0,0,0,0,0,1.0,1.0,1.0
6,clab-nebula-serf73,15,39,127,37,90,2,0.2913,0.9487,0.2868
6,clab-nebula-serf118,15,2,1,1,0,1,1.0,0.5,0.5
6,clab-nebula-serf5,15,7,8,6,2,1,0.75,0.8571,0.6667
6,clab-nebula-serf87,15,11,62,10,52,1,0.1613,0.9091,0.1587
6,clab-nebula-serf88,15,8,41,7,34,1,0.1707,0.875,0.1667
6,clab-nebula-serf153,15,1,3,1,2,0,0.3333,1.0,0.3333
6,clab-nebula-serf53,15,25,101,24,77,1,0.2376,0.96,0.2353
6,clab-nebula-serf69,15,31,140,29,111,2,0.2071,0.9355,0.2042
6,clab-nebula-serf60,15,42,103,39,64,3,0.3786,0.9286,0.3679
6,clab-nebula-serf145,15,1,1,1,0,0,1.0,1.0,1.0
6,clab-nebula-serf6,15,18,24,17,7,1,0.7083,0.9444,0.68
6,clab-nebula-serf11,15,26,32,24,8,2,0.75,0.9231,0.7059
6,clab-nebula-serf98,15,7,6,6,0,1,1.0,0.8571,0.8571
6,clab-nebula-serf138,15,1,4,1,3,0,0.25,1.0,0.25
6,clab-nebula-serf150,15,1,6,1,5,0,0.1667,1.0,0.1667
6,clab-nebula-serf18,15,20,34,19,15,1,0.5588,0.95,0.5429
6,clab-nebula-serf30,15,28,39,26,13,2,0.6667,0.9286,0.6341
6,clab-nebula-serf44,15,23,39,21,18,2,0.5385,0.913,0.5122
6,clab-nebula-serf131,15,3,10,2,8,1,0.2,0.6667,0.1818
6,clab-nebula-serf35,15,7,58,6,52,1,0.1034,0.8571,0.1017
6,clab-nebula-serf40,15,11,19,10,9,1,0.5263,0.9091,0.5
6,clab-nebula-serf144,15,7,6,6,0,1,1.0,0.8571,0.8571
6,clab-nebula-serf152,15,11,128,10,118,1,0.0781,0.9091,0.0775
6,clab-nebula-serf162,15,5,4,4,0,1,1.0,0.8,0.8
6,clab-nebula-serf41,15,1,4,1,3,0,0.25,1.0,0.25
6,clab-nebula-serf72,15,31,125,29,96,2,0.232,0.9355,0.2283
6,clab-nebula-serf141,15,0,0,0,0,0,1.0,1.0,1.0
6,clab-nebula-serf25,15,12,24,11,13,1,0.4583,0.9167,0.44
6,clab-nebula-serf50,15,23,39,21,18,2,0.5385,0.913,0.5122
6,clab-nebula-serf51,15,24,101,23,78,1,0.2277,0.9583,0.2255
6,clab-nebula-serf66,15,27,117,25,92,2,0.2137,0.9259,0.2101
6,clab-nebula-serf86,15,11,62,10,52,1,0.1613,0.9091,0.1587
6,clab-nebula-serf90,15,30,116,28,88,2,0.2414,0.9333,0.2373
6,clab-nebula-serf143,15,1,3,1,2,0,0.3333,1.0,0.3333
6,clab-nebula-serf7,15,19,24,18,6,1,0.75,0.9474,0.72
6,clab-nebula-serf37,15,29,63,27,36,2,0.4286,0.931,0.4154
6,clab-nebula-serf43,15,13,20,12,8,1,0.6,0.9231,0.5714
6,clab-nebula-serf58,15,57,103,54,49,3,0.5243,0.9474,0.5094
6,clab-nebula-serf61,15,61,103,58,45,3,0.5631,0.9508,0.5472
6,clab-nebula-serf112,15,0,0,0,0,0,1.0,1.0,1.0
6,clab-nebula-serf15,15,32,93,30,63,2,0.3226,0.9375,0.3158
6,clab-nebula-serf16,15,33,101,32,69,1,0.3168,0.9697,0.3137
6,clab-nebula-serf77,15,38,127,36,91,2,0.2835,0.9474,0.2791
6,clab-nebula-serf121,15,8,36,7,29,1,0.1944,0.875,0.1892
6,clab-nebula-serf140,15,0,0,0,0,0,1.0,1.0,1.0
6,clab-nebula-serf148,15,0,0,0,0,0,1.0,1.0,1.0
6,clab-nebula-serf154,15,1,5,1,4,0,0.2,1.0,0.2
6,clab-nebula-serf156,15,4,128,3,125,1,0.0234,0.75,0.0233
6,clab-nebula-serf23,15,4,5,3,2,1,0.6,0.75,0.5
6,clab-nebula-serf39,15,53,102,50,52,3,0.4902,0.9434,0.4762
6,clab-nebula-serf62,15,13,76,12,64,1,0.1579,0.9231,0.1558
6,clab-nebula-serf107,15,6,9,5,4,1,0.5556,0.8333,0.5
6,clab-nebula-serf115,15,0,0,0,0,0,1.0,1.0,1.0
6,clab-nebula-serf151,15,1,3,1,2,0,0.3333,1.0,0.3333
6,clab-nebula-serf158,15,5,4,4,0,1,1.0,0.8,0.8
6,clab-nebula-serf28,15,2,103,1,102,1,0.0097,0.5,0.0096
6,clab-nebula-serf29,15,6,103,5,98,1,0.0485,0.8333,0.0481
6,clab-nebula-serf130,20,13,18,12,6,1,0.6667,0.9231,0.6316
6,clab-nebula-serf161,20,10,80,9,71,1,0.1125,0.9,0.1111
6,clab-nebula-serf32,20,59,104,56,48,3,0.5385,0.9492,0.5234
6,clab-nebula-serf63,20,32,101,30,71,2,0.297,0.9375,0.2913
6,clab-nebula-serf45,20,40,52,38,14,2,0.7308,0.95,0.7037
6,clab-nebula-serf49,20,67,102,63,39,4,0.6176,0.9403,0.5943
6,clab-nebula-serf83,20,33,123,31,92,2,0.252,0.9394,0.248
6,clab-nebula-serf91,20,56,134,53,81,3,0.3955,0.9464,0.3869
6,clab-nebula-serf136,20,14,18,13,5,1,0.7222,0.9286,0.6842
6,clab-nebula-serf146,20,5,6,4,2,1,0.6667,0.8,0.5714
6,clab-nebula-serf12,20,38,101,37,64,1,0.3663,0.9737,0.3627
6,clab-nebula-serf19,20,44,101,42,59,2,0.4158,0.9545,0.4078
6,clab-nebula-serf80,20,55,127,52,75,3,0.4094,0.9455,0.4
6,clab-nebula-serf111,20,47,118,44,74,3,0.3729,0.9362,0.3636
6,clab-nebula-serf109,20,58,126,55,71,3,0.4365,0.9483,0.4264
6,clab-nebula-serf147,20,12,128,11,117,1,0.0859,0.9167,0.0853
6,clab-nebula-serf4,20,16,24,15,9,1,0.625,0.9375,0.6
6,clab-nebula-serf100,20,14,95,13,82,1,0.1368,0.9286,0.1354
6,clab-nebula-serf75,20,41,127,39,88,2,0.3071,0.9512,0.3023
6,clab-nebula-serf89,20,18,122,17,105,1,0.1393,0.9444,0.1382
6,clab-nebula-serf101,20,10,95,9,86,1,0.0947,0.9,0.0938
6,clab-nebula-serf105,20,25,76,23,53,2,0.3026,0.92,0.2949
6,clab-nebula-serf65,20,23,120,21,99,2,0.175,0.913,0.1721
6,clab-nebula-serf68,20,42,126,39,87,3,0.3095,0.9286,0.3023
6,clab-nebula-serf94,20,57,134,54,80,3,0.403,0.9474,0.3942
6,clab-nebula-serf103,20,16,117,15,102,1,0.1282,0.9375,0.1271
6,clab-nebula-serf117,20,0,0,0,0,0,1.0,1.0,1.0
6,clab-nebula-serf127,20,46,158,43,115,3,0.2722,0.9348,0.2671
6,clab-nebula-serf129,20,7,9,6,3,1,0.6667,0.8571,0.6
6,clab-nebula-serf155,20,11,128,10,118,1,0.0781,0.9091,0.0775
6,clab-nebula-serf3,20,13,23,12,11,1,0.5217,0.9231,0.5
6,clab-nebula-serf14,20,35,101,34,67,1,0.3366,0.9714,0.3333
6,clab-nebula-serf142,20,1,2,1,1,0,0.5,1.0,0.5
6,clab-nebula-serf96,20,9,95,8,87,1,0.0842,0.8889,0.0833
6,clab-nebula-serf116,20,0,0,0,0,0,1.0,1.0,1.0
6,clab-nebula-serf56,20,83,146,78,68,5,0.5342,0.9398,0.5166
6,clab-nebula-serf59,20,83,146,78,68,5,0.5342,0.9398,0.5166
6,clab-nebula-serf70,20,66,149,62,87,4,0.4161,0.9394,0.4052
6,clab-nebula-serf81,20,68,142,64,78,4,0.4507,0.9412,0.4384
6,clab-nebula-serf95,20,50,126,47,79,3,0.373,0.94,0.3643
6,clab-nebula-serf114,20,17,143,16,127,1,0.1119,0.9412,0.1111
6,clab-nebula-serf9,20,36,93,34,59,2,0.3656,0.9444,0.3579
6,clab-nebula-serf17,20,66,102,62,40,4,0.6078,0.9394,0.5849
6,clab-nebula-serf139,20,14,18,13,5,1,0.7222,0.9286,0.6842
6,clab-nebula-serf52,20,69,103,65,38,4,0.6311,0.942,0.6075
6,clab-nebula-serf71,20,57,150,54,96,3,0.36,0.9474,0.3529
6,clab-nebula-serf26,20,58,146,55,91,3,0.3767,0.9483,0.3691
6,clab-nebula-serf34,20,67,102,63,39,4,0.6176,0.9403,0.5943
6,clab-nebula-serf126,20,47,158,44,114,3,0.2785,0.9362,0.2733
6,clab-nebula-serf36,20,53,102,50,52,3,0.4902,0.9434,0.4762
6,clab-nebula-serf82,20,0,0,0,0,0,1.0,1.0,1.0
6,clab-nebula-serf85,20,35,123,33,90,2,0.2683,0.9429,0.264
6,clab-nebula-serf97,20,9,95,8,87,1,0.0842,0.8889,0.0833
6,clab-nebula-serf99,20,11,93,10,83,1,0.1075,0.9091,0.1064
6,clab-nebula-serf124,20,15,79,14,65,1,0.1772,0.9333,0.175
6,clab-nebula-serf157,20,9,12,8,4,1,0.6667,0.8889,0.6154
6,clab-nebula-serf159,20,9,12,8,4,1,0.6667,0.8889,0.6154
6,clab-nebula-serf1,20,19,24,18,6,1,0.75,0.9474,0.72
6,clab-nebula-serf33,20,78,104,74,30,4,0.7115,0.9487,0.6852
6,clab-nebula-serf123,20,16,76,15,61,1,0.1974,0.9375,0.1948
6,clab-nebula-serf135,20,14,14,13,1,1,0.9286,0.9286,0.8667
6,clab-nebula-serf13,20,50,102,47,55,3,0.4608,0.94,0.4476
6,clab-nebula-serf47,20,51,101,49,52,2,0.4851,0.9608,0.4757
6,clab-nebula-serf84,20,18,122,17,105,1,0.1393,0.9444,0.1382
6,clab-nebula-serf92,20,47,126,44,82,3,0.3492,0.9362,0.3411
6,clab-nebula-serf106,20,8,8,7,1,1,0.875,0.875,0.7778
6,clab-nebula-serf108,20,16,38,15,23,1,0.3947,0.9375,0.3846
6,clab-nebula-serf119,20,2,1,1,0,1,1.0,0.5,0.5
6,clab-nebula-serf125,20,45,158,42,116,3,0.2658,0.9333,0.2609
6,clab-nebula-serf54,20,66,102,62,40,4,0.6078,0.9394,0.5849
6,clab-nebula-serf57,20,76,141,72,69,4,0.5106,0.9474,0.4966
6,clab-nebula-serf24,20,17,86,16,70,1,0.186,0.9412,0.1839
6,clab-nebula-serf42,20,15,62,14,48,1,0.2258,0.9333,0.2222
6,clab-nebula-serf48,20,37,50,35,15,2,0.7,0.9459,0.6731
6,clab-nebula-serf2,20,10,9,9,0,1,1.0,0.9,0.9
6,clab-nebula-serf21,20,32,50,30,20,2,0.6,0.9375,0.5769
6,clab-nebula-serf67,20,41,127,39,88,2,0.3071,0.9512,0.3023
6,clab-nebula-serf102,20,10,95,9,86,1,0.0947,0.9,0.0938
6,clab-nebula-serf110,20,7,8,6,2,1,0.75,0.8571,0.6667
6,clab-nebula-serf132,20,14,18,13,5,1,0.7222,0.9286,0.6842
6,clab-nebula-serf134,20,14,18,13,5,1,0.7222,0.9286,0.6842
6,clab-nebula-serf137,20,14,18,13,5,1,0.7222,0.9286,0.6842
6,clab-nebula-serf10,20,40,101,39,62,1,0.3861,0.975,0.3824
6,clab-nebula-serf46,20,26,47,24,23,2,0.5106,0.9231,0.4898
6,clab-nebula-serf74,20,45,126,42,84,3,0.3333,0.9333,0.3256
6,clab-nebula-serf76,20,68,133,64,69,4,0.4812,0.9412,0.4672
6,clab-nebula-serf149,20,11,128,10,118,1,0.0781,0.9091,0.0775
6,clab-nebula-serf20,20,26,39,24,15,2,0.6154,0.9231,0.5854
6,clab-nebula-serf22,20,23,39,21,18,2,0.5385,0.913,0.5122
6,clab-nebula-serf160,20,10,80,9,71,1,0.1125,0.9,0.1111
6,clab-nebula-serf31,20,45,63,42,21,3,0.6667,0.9333,0.6364
6,clab-nebula-serf93,20,59,128,56,72,3,0.4375,0.9492,0.4275
6,clab-nebula-serf122,20,15,79,14,65,1,0.1772,0.9333,0.175
6,clab-nebula-serf38,20,56,102,53,49,3,0.5196,0.9464,0.5048
6,clab-nebula-serf55,20,64,102,60,42,4,0.5882,0.9375,0.566
6,clab-nebula-serf79,20,76,142,72,70,4,0.507,0.9474,0.4932
6,clab-nebula-serf113,20,19,143,18,125,1,0.1259,0.9474,0.125
6,clab-nebula-serf120,20,2,1,1,0,1,1.0,0.5,0.5
6,clab-nebula-serf128,20,20,76,19,57,1,0.25,0.95,0.2468
6,clab-nebula-serf8,20,23,26,21,5,2,0.8077,0.913,0.75
6,clab-nebula-serf27,20,13,158,12,146,1,0.0759,0.9231,0.0755
6,clab-nebula-serf78,20,48,127,45,82,3,0.3543,0.9375,0.3462
6,clab-nebula-serf104,20,25,76,23,53,2,0.3026,0.92,0.2949
6,clab-nebula-serf133,20,14,18,13,5,1,0.7222,0.9286,0.6842
6,clab-nebula-serf64,20,7,86,6,80,1,0.0698,0.8571,0.069
6,clab-nebula-serf73,20,69,142,65,77,4,0.4577,0.942,0.4452
6,clab-nebula-serf118,20,2,1,1,0,1,1.0,0.5,0.5
6,clab-nebula-serf5,20,14,22,14,8,0,0.6364,1.0,0.6364
6,clab-nebula-serf87,20,24,123,22,101,2,0.1789,0.9167,0.176
6,clab-nebula-serf88,20,19,122,18,104,1,0.1475,0.9474,0.1463
6,clab-nebula-serf153,20,9,128,8,120,1,0.0625,0.8889,0.062
6,clab-nebula-serf53,20,64,102,60,42,4,0.5882,0.9375,0.566
6,clab-nebula-serf69,20,54,148,51,97,3,0.3446,0.9444,0.3377
6,clab-nebula-serf60,20,70,103,66,37,4,0.6408,0.9429,0.6168
6,clab-nebula-serf145,20,5,6,4,2,1,0.6667,0.8,0.5714
6,clab-nebula-serf6,20,32,44,30,14,2,0.6818,0.9375,0.6522
6,clab-nebula-serf11,20,57,102,54,48,3,0.5294,0.9474,0.5143
6,clab-nebula-serf98,20,8,30,7,23,1,0.2333,0.875,0.2258
6,clab-nebula-serf138,20,14,18,13,5,1,0.7222,0.9286,0.6842
6,clab-nebula-serf150,20,9,128,8,120,1,0.0625,0.8889,0.062
6,clab-nebula-serf18,20,47,101,45,56,2,0.4455,0.9574,0.4369
6,clab-nebula-serf30,20,45,63,42,21,3,0.6667,0.9333,0.6364
6,clab-nebula-serf44,20,47,97,44,53,3,0.4536,0.9362,0.44
6,clab-nebula-serf131,20,14,18,13,5,1,0.7222,0.9286,0.6842
6,clab-nebula-serf35,20,26,62,24,38,2,0.3871,0.9231,0.375
6,clab-nebula-serf40,20,35,101,34,67,1,0.3366,0.9714,0.3333
6,clab-nebula-serf144,20,12,25,11,14,1,0.44,0.9167,0.4231
6,clab-nebula-serf152,20,14,128,13,115,1,0.1016,0.9286,0.1008
6,clab-nebula-serf162,20,5,4,4,0,1,1.0,0.8,0.8
6,clab-nebula-serf41,20,14,58,13,45,1,0.2241,0.9286,0.2203
6,clab-nebula-serf72,20,54,133,51,82,3,0.3835,0.9444,0.375
6,clab-nebula-serf141,20,14,18,13,5,1,0.7222,0.9286,0.6842
6,clab-nebula-serf25,20,28,39,26,13,2,0.6667,0.9286,0.6341
6,clab-nebula-serf50,20,41,87,39,48,2,0.4483,0.9512,0.4382
6,clab-nebula-serf51,20,64,102,60,42,4,0.5882,0.9375,0.566
6,clab-nebula-serf66,20,44,127,41,86,3,0.3228,0.9318,0.3154
6,clab-nebula-serf86,20,29,123,27,96,2,0.2195,0.931,0.216
6,clab-nebula-serf90,20,49,127,46,81,3,0.3622,0.9388,0.3538
6,clab-nebula-serf143,20,2,4,1,3,1,0.25,0.5,0.2
6,clab-nebula-serf7,20,33,76,31,45,2,0.4079,0.9394,0.3974
6,clab-nebula-serf37,20,65,102,61,41,4,0.598,0.9385,0.5755
6,clab-nebula-serf43,20,27,45,25,20,2,0.5556,0.9259,0.5319
6,clab-nebula-serf58,20,79,146,75,71,4,0.5137,0.9494,0.5
6,clab-nebula-serf61,20,79,146,75,71,4,0.5137,0.9494,0.5
6,clab-nebula-serf112,20,0,0,0,0,0,1.0,1.0,1.0
6,clab-nebula-serf15,20,68,102,64,38,4,0.6275,0.9412,0.6038
6,clab-nebula-serf16,20,69,102,65,37,4,0.6373,0.942,0.6132
6,clab-nebula-serf77,20,67,142,63,79,4,0.4437,0.9403,0.4315
6,clab-nebula-serf121,20,15,79,14,65,1,0.1772,0.9333,0.175
6,clab-nebula-serf140,20,13,18,12,6,1,0.6667,0.9231,0.6316
6,clab-nebula-serf148,20,6,128,5,123,1,0.0391,0.8333,0.0388
6,clab-nebula-serf154,20,9,128,8,120,1,0.0625,0.8889,0.062
6,clab-nebula-serf156,20,12,128,11,117,1,0.0859,0.9167,0.0853
6,clab-nebula-serf23,20,11,20,10,10,1,0.5,0.9091,0.4762
6,clab-nebula-serf39,20,81,146,77,69,4,0.5274,0.9506,0.5133
6,clab-nebula-serf62,20,48,103,45,58,3,0.4369,0.9375,0.4245
6,clab-nebula-serf107,20,15,38,14,24,1,0.3684,0.9333,0.359
6,clab-nebula-serf115,20,0,0,0,0,0,1.0,1.0,1.0
6,clab-nebula-serf151,20,11,128,10,118,1,0.0781,0.9091,0.0775
6,clab-nebula-serf158,20,8,12,7,5,1,0.5833,0.875,0.5385
6,clab-nebula-serf28,20,4,103,3,100,1,0.0291,0.75,0.0288
6,clab-nebula-serf29,20,14,104,13,91,1,0.125,0.9286,0.1238
6,clab-nebula-serf130,25,14,18,13,5,1,0.7222,0.9286,0.6842
6,clab-nebula-serf161,25,22,158,20,138,2,0.1266,0.9091,0.125
6,clab-nebula-serf32,25,88,150,83,67,5,0.5533,0.9432,0.5355
6,clab-nebula-serf63,25,64,103,60,43,4,0.5825,0.9375,0.5607
6,clab-nebula-serf45,25,80,104,76,28,4,0.7308,0.95,0.7037
6,clab-nebula-serf49,25,84,110,79,31,5,0.7182,0.9405,0.687
6,clab-nebula-serf83,25,50,134,47,87,3,0.3507,0.94,0.3431
6,clab-nebula-serf91,25,81,141,77,64,4,0.5461,0.9506,0.531
6,clab-nebula-serf136,25,18,22,17,5,1,0.7727,0.9444,0.7391
6,clab-nebula-serf146,25,8,18,7,11,1,0.3889,0.875,0.3684
6,clab-nebula-serf12,25,71,102,67,35,4,0.6569,0.9437,0.6321
6,clab-nebula-serf19,25,73,103,69,34,4,0.6699,0.9452,0.6449
6,clab-nebula-serf80,25,84,136,79,57,5,0.5809,0.9405,0.5603
6,clab-nebula-serf111,25,73,130,69,61,4,0.5308,0.9452,0.5149
6,clab-nebula-serf109,25,87,131,82,49,5,0.626,0.9425,0.6029
6,clab-nebula-serf147,25,14,128,13,115,1,0.1016,0.9286,0.1008
6,clab-nebula-serf4,25,23,26,21,5,2,0.8077,0.913,0.75
6,clab-nebula-serf100,25,25,131,23,108,2,0.1756,0.92,0.1729
6,clab-nebula-serf75,25,76,142,72,70,4,0.507,0.9474,0.4932
6,clab-nebula-serf89,25,41,132,39,93,2,0.2955,0.9512,0.291
6,clab-nebula-serf101,25,22,117,20,97,2,0.1709,0.9091,0.1681
6,clab-nebula-serf105,25,54,120,51,69,3,0.425,0.9444,0.4146
6,clab-nebula-serf65,25,62,122,58,64,4,0.4754,0.9355,0.4603
6,clab-nebula-serf68,25,79,142,75,67,4,0.5282,0.9494,0.5137
6,clab-nebula-serf94,25,81,141,77,64,4,0.5461,0.9506,0.531
6,clab-nebula-serf103,25,27,131,25,106,2,0.1908,0.9259,0.188
6,clab-nebula-serf117,25,1,2,1,1,0,0.5,1.0,0.5
6,clab-nebula-serf127,25,60,158,57,101,3,0.3608,0.95,0.354
6,clab-nebula-serf129,25,17,69,16,53,1,0.2319,0.9412,0.2286
6,clab-nebula-serf155,25,14,128,13,115,1,0.1016,0.9286,0.1008
6,clab-nebula-serf3,25,22,28,20,8,2,0.7143,0.9091,0.6667
6,clab-nebula-serf14,25,70,102,66,36,4,0.6471,0.9429,0.6226
6,clab-nebula-serf142,25,7,6,6,0,1,1.0,0.8571,0.8571
6,clab-nebula-serf96,25,20,117,19,98,1,0.1624,0.95,0.161
6,clab-nebula-serf116,25,0,0,0,0,0,1.0,1.0,1.0
6,clab-nebula-serf56,25,97,148,92,56,5,0.6216,0.9485,0.6013
6,clab-nebula-serf59,25,99,148,94,54,5,0.6351,0.9495,0.6144
6,clab-nebula-serf70,25,87,148,82,66,5,0.5541,0.9425,0.5359
6,clab-nebula-serf81,25,90,136,85,51,5,0.625,0.9444,0.6028
6,clab-nebula-serf95,25,80,138,76,62,4,0.5507,0.95,0.5352
6,clab-nebula-serf114,25,25,142,23,119,2,0.162,0.92,0.1597
6,clab-nebula-serf9,25,71,140,67,73,4,0.4786,0.9437,0.4653
6,clab-nebula-serf17,25,85,146,80,66,5,0.5479,0.9412,0.5298
6,clab-nebula-serf139,25,21,24,20,4,1,0.8333,0.9524,0.8
6,clab-nebula-serf52,25,88,148,83,65,5,0.5608,0.9432,0.5425
6,clab-nebula-serf71,25,83,148,78,70,5,0.527,0.9398,0.5098
6,clab-nebula-serf26,25,87,150,82,68,5,0.5467,0.9425,0.529
6,clab-nebula-serf34,25,85,147,80,67,5,0.5442,0.9412,0.5263
6,clab-nebula-serf126,25,59,158,56,102,3,0.3544,0.9492,0.3478
6,clab-nebula-serf36,25,79,146,75,71,4,0.5137,0.9494,0.5
6,clab-nebula-serf82,25,0,0,0,0,0,1.0,1.0,1.0
6,clab-nebula-serf85,25,57,134,54,80,3,0.403,0.9474,0.3942
6,clab-nebula-serf97,25,17,117,16,101,1,0.1368,0.9412,0.1356
6,clab-nebula-serf99,25,24,131,22,109,2,0.1679,0.9167,0.1654
6,clab-nebula-serf124,25,29,79,27,52,2,0.3418,0.931,0.3333
6,clab-nebula-serf157,25,16,160,15,145,1,0.0938,0.9375,0.0932
6,clab-nebula-serf159,25,16,160,15,145,1,0.0938,0.9375,0.0932
6,clab-nebula-serf1,25,37,76,35,41,2,0.4605,0.9459,0.4487
6,clab-nebula-serf33,25,90,149,85,64,5,0.5705,0.9444,0.5519
6,clab-nebula-serf123,25,42,120,39,81,3,0.325,0.9286,0.3171
6,clab-nebula-serf135,25,15,20,14,6,1,0.7,0.9333,0.6667
6,clab-nebula-serf13,25,76,104,72,32,4,0.6923,0.9474,0.6667
6,clab-nebula-serf47,25,82,104,77,27,5,0.7404,0.939,0.7064
6,clab-nebula-serf84,25,35,123,33,90,2,0.2683,0.9429,0.264
6,clab-nebula-serf92,25,77,142,73,69,4,0.5141,0.9481,0.5
6,clab-nebula-serf106,25,27,76,25,51,2,0.3289,0.9259,0.3205
6,clab-nebula-serf108,25,46,118,43,75,3,0.3644,0.9348,0.3554
6,clab-nebula-serf119,25,3,2,2,0,1,1.0,0.6667,0.6667
6,clab-nebula-serf125,25,58,158,55,103,3,0.3481,0.9483,0.3416
6,clab-nebula-serf54,25,83,146,78,68,5,0.5342,0.9398,0.5166
6,clab-nebula-serf57,25,90,148,85,63,5,0.5743,0.9444,0.5556
6,clab-nebula-serf24,25,29,39,27,12,2,0.6923,0.931,0.6585
6,clab-nebula-serf42,25,38,66,36,30,2,0.5455,0.9474,0.5294
6,clab-nebula-serf48,25,79,104,75,29,4,0.7212,0.9494,0.6944
6,clab-nebula-serf2,25,19,24,18,6,1,0.75,0.9474,0.72
6,clab-nebula-serf21,25,56,101,54,47,2,0.5347,0.9643,0.5243
6,clab-nebula-serf67,25,76,142,72,70,4,0.507,0.9474,0.4932
6,clab-nebula-serf102,25,21,118,20,98,1,0.1695,0.9524,0.1681
6,clab-nebula-serf110,25,15,38,14,24,1,0.3684,0.9333,0.359
6,clab-nebula-serf132,25,23,37,21,16,2,0.5676,0.913,0.5385
6,clab-nebula-serf134,25,16,19,15,4,1,0.7895,0.9375,0.75
6,clab-nebula-serf137,25,20,24,19,5,1,0.7917,0.95,0.76
6,clab-nebula-serf10,25,71,102,67,35,4,0.6569,0.9437,0.6321
6,clab-nebula-serf46,25,54,101,52,49,2,0.5149,0.963,0.5049
6,clab-nebula-serf74,25,82,136,77,59,5,0.5662,0.939,0.5461
6,clab-nebula-serf76,25,89,136,84,52,5,0.6176,0.9438,0.5957
6,clab-nebula-serf149,25,17,128,16,112,1,0.125,0.9412,0.124
6,clab-nebula-serf20,25,46,87,43,44,3,0.4943,0.9348,0.4778
6,clab-nebula-serf22,25,41,50,39,11,2,0.78,0.9512,0.75
6,clab-nebula-serf160,25,25,158,23,135,2,0.1456,0.92,0.1437
6,clab-nebula-serf31,25,80,146,76,70,4,0.5205,0.95,0.5067
6,clab-nebula-serf93,25,83,136,78,58,5,0.5735,0.9398,0.5532
6,clab-nebula-serf122,25,22,78,20,58,2,0.2564,0.9091,0.25
6,clab-nebula-serf38,25,82,144,77,67,5,0.5347,0.939,0.5168
6,clab-nebula-serf55,25,83,146,78,68,5,0.5342,0.9398,0.5166
6,clab-nebula-serf79,25,96,138,91,47,5,0.6594,0.9479,0.6364
6,clab-nebula-serf113,25,28,142,26,116,2,0.1831,0.9286,0.1806
6,clab-nebula-serf120,25,2,1,1,0,1,1.0,0.5,0.5
6,clab-nebula-serf128,25,48,118,45,73,3,0.3814,0.9375,0.3719
6,clab-nebula-serf8,25,44,97,41,56,3,0.4227,0.9318,0.41
6,clab-nebula-serf27,25,24,157,22,135,2,0.1401,0.9167,0.1384
6,clab-nebula-serf78,25,80,138,76,62,4,0.5507,0.95,0.5352
6,clab-nebula-serf104,25,54,120,51,69,3,0.425,0.9444,0.4146
6,clab-nebula-serf133,25,16,22,15,7,1,0.6818,0.9375,0.6522
6,clab-nebula-serf64,25,46,104,43,61,3,0.4135,0.9348,0.4019
6,clab-nebula-serf73,25,89,136,84,52,5,0.6176,0.9438,0.5957
6,clab-nebula-serf118,25,2,1,1,0,1,1.0,0.5,0.5
6,clab-nebula-serf5,25,19,24,18,6,1,0.75,0.9474,0.72
6,clab-nebula-serf87,25,49,135,46,89,3,0.3407,0.9388,0.3333
6,clab-nebula-serf88,25,42,130,39,91,3,0.3,0.9286,0.2932
6,clab-nebula-serf153,25,12,128,11,117,1,0.0859,0.9167,0.0853
6,clab-nebula-serf53,25,81,146,77,69,4,0.5274,0.9506,0.5133
6,clab-nebula-serf69,25,84,148,79,69,5,0.5338,0.9405,0.5163
6,clab-nebula-serf60,25,87,148,82,66,5,0.5541,0.9425,0.5359
6,clab-nebula-serf145,25,7,6,6,0,1,1.0,0.8571,0.8571
6,clab-nebula-serf6,25,68,102,64,38,4,0.6275,0.9412,0.6038
6,clab-nebula-serf11,25,82,148,77,71,5,0.5203,0.939,0.5033
6,clab-nebula-serf98,25,14,117,13,104,1,0.1111,0.9286,0.1102
6,clab-nebula-serf138,25,14,18,13,5,1,0.7222,0.9286,0.6842
6,clab-nebula-serf150,25,17,128,16,112,1,0.125,0.9412,0.124
6,clab-nebula-serf18,25,75,102,71,31,4,0.6961,0.9467,0.6698
6,clab-nebula-serf30,25,81,146,77,69,4,0.5274,0.9506,0.5133
6,clab-nebula-serf44,25,81,107,77,30,4,0.7196,0.9506,0.6937
6,clab-nebula-serf131,25,18,22,17,5,1,0.7727,0.9444,0.7391
6,clab-nebula-serf35,25,63,102,59,43,4,0.5784,0.9365,0.5566
6,clab-nebula-serf40,25,71,102,67,35,4,0.6569,0.9437,0.6321
6,clab-nebula-serf144,25,23,148,21,127,2,0.1419,0.913,0.14
6,clab-nebula-serf152,25,24,141,22,119,2,0.156,0.9167,0.1538
6,clab-nebula-serf162,25,5,4,4,0,1,1.0,0.8,0.8
6,clab-nebula-serf41,25,40,101,39,62,1,0.3861,0.975,0.3824
6,clab-nebula-serf72,25,84,136,79,57,5,0.5809,0.9405,0.5603
6,clab-nebula-serf141,25,14,18,13,5,1,0.7222,0.9286,0.6842
6,clab-nebula-serf25,25,44,61,41,20,3,0.6721,0.9318,0.6406
6,clab-nebula-serf50,25,81,107,77,30,4,0.7196,0.9506,0.6937
6,clab-nebula-serf51,25,83,146,78,68,5,0.5342,0.9398,0.5166
6,clab-nebula-serf66,25,79,142,75,67,4,0.5282,0.9494,0.5137
6,clab-nebula-serf86,25,56,135,53,82,3,0.3926,0.9464,0.3841
6,clab-nebula-serf90,25,78,142,74,68,4,0.5211,0.9487,0.5068
6,clab-nebula-serf143,25,7,6,6,0,1,1.0,0.8571,0.8571
6,clab-nebula-serf7,25,67,102,63,39,4,0.6176,0.9403,0.5943
6,clab-nebula-serf37,25,85,147,80,67,5,0.5442,0.9412,0.5263
6,clab-nebula-serf43,25,52,93,49,44,3,0.5269,0.9423,0.5104
6,clab-nebula-serf58,25,93,148,88,60,5,0.5946,0.9462,0.5752
6,clab-nebula-serf61,25,93,148,88,60,5,0.5946,0.9462,0.5752
6,clab-nebula-serf112,25,5,112,4,108,1,0.0357,0.8,0.0354
6,clab-nebula-serf15,25,88,148,83,65,5,0.5608,0.9432,0.5425
6,clab-nebula-serf16,25,88,148,83,65,5,0.5608,0.9432,0.5425
6,clab-nebula-serf77,25,90,138,85,53,5,0.6159,0.9444,0.5944
6,clab-nebula-serf121,25,32,121,30,91,2,0.2479,0.9375,0.2439
6,clab-nebula-serf140,25,14,18,13,5,1,0.7222,0.9286,0.6842
6,clab-nebula-serf148,25,12,128,11,117,1,0.0859,0.9167,0.0853
6,clab-nebula-serf154,25,12,128,11,117,1,0.0859,0.9167,0.0853
6,clab-nebula-serf156,25,18,128,17,111,1,0.1328,0.9444,0.1318
6,clab-nebula-serf23,25,22,28,20,8,2,0.7143,0.9091,0.6667
6,clab-nebula-serf39,25,90,149,85,64,5,0.5705,0.9444,0.5519
6,clab-nebula-serf62,25,73,104,69,35,4,0.6635,0.9452,0.6389
6,clab-nebula-serf107,25,40,119,38,81,2,0.3193,0.95,0.314
6,clab-nebula-serf115,25,0,0,0,0,0,1.0,1.0,1.0
6,clab-nebula-serf151,25,13,128,12,116,1,0.0938,0.9231,0.093
6,clab-nebula-serf158,25,16,160,15,145,1,0.0938,0.9375,0.0932
6,clab-nebula-serf28,25,7,103,6,97,1,0.0583,0.8571,0.0577
6,clab-nebula-serf29,25,23,109,21,88,2,0.1927,0.913,0.1892
6,clab-nebula-serf130,30,24,37,22,15,2,0.5946,0.9167,0.5641
6,clab-nebula-serf161,30,36,160,35,125,1,0.2188,0.9722,0.2174
6,clab-nebula-serf32,30,95,150,90,60,5,0.6,0.9474,0.5806
6,clab-nebula-serf63,30,84,146,79,67,5,0.5411,0.9405,0.5232
6,clab-nebula-serf45,30,90,148,85,63,5,0.5743,0.9444,0.5556
6,clab-nebula-serf49,30,106,149,100,49,6,0.6711,0.9434,0.6452
6,clab-nebula-serf83,30,79,146,75,71,4,0.5137,0.9494,0.5
6,clab-nebula-serf91,30,112,143,106,37,6,0.7413,0.9464,0.7114
6,clab-nebula-serf136,30,28,80,26,54,2,0.325,0.9286,0.3171
6,clab-nebula-serf146,30,16,65,15,50,1,0.2308,0.9375,0.2273
6,clab-nebula-serf12,30,88,148,83,65,5,0.5608,0.9432,0.5425
6,clab-nebula-serf19,30,90,148,85,63,5,0.5743,0.9444,0.5556
6,clab-nebula-serf80,30,110,136,104,32,6,0.7647,0.9455,0.7324
6,clab-nebula-serf111,30,111,146,105,41,6,0.7192,0.9459,0.6908
6,clab-nebula-serf109,30,130,152,123,29,7,0.8092,0.9462,0.7736
6,clab-nebula-serf147,30,27,140,25,115,2,0.1786,0.9259,0.1761
6,clab-nebula-serf4,30,47,101,45,56,2,0.4455,0.9574,0.4369
6,clab-nebula-serf100,30,59,133,56,77,3,0.4211,0.9492,0.4118
6,clab-nebula-serf75,30,100,137,95,42,5,0.6934,0.95,0.669
6,clab-nebula-serf89,30,71,146,67,79,4,0.4589,0.9437,0.4467
6,clab-nebula-serf101,30,47,132,44,88,3,0.3333,0.9362,0.3259
6,clab-nebula-serf105,30,86,130,81,49,5,0.6231,0.9419,0.6
6,clab-nebula-serf65,30,95,137,90,47,5,0.6569,0.9474,0.6338
6,clab-nebula-serf68,30,103,136,97,39,6,0.7132,0.9417,0.6831
6,clab-nebula-serf94,30,105,140,99,41,6,0.7071,0.9429,0.6781
6,clab-nebula-serf103,30,63,132,59,73,4,0.447,0.9365,0.4338
6,clab-nebula-serf117,30,3,2,2,0,1,1.0,0.6667,0.6667
6,clab-nebula-serf127,30,92,157,88,69,4,0.5605,0.9565,0.5466
6,clab-nebula-serf129,30,42,118,39,79,3,0.3305,0.9286,0.3223
6,clab-nebula-serf155,30,24,141,22,119,2,0.156,0.9167,0.1538
6,clab-nebula-serf3,30,50,150,47,103,3,0.3133,0.94,0.3072
6,clab-nebula-serf14,30,88,148,83,65,5,0.5608,0.9432,0.5425
6,clab-nebula-serf142,30,14,66,13,53,1,0.197,0.9286,0.194
6,clab-nebula-serf96,30,41,132,39,93,2,0.2955,0.9512,0.291
6,clab-nebula-serf116,30,0,0,0,0,0,1.0,1.0,1.0
6,clab-nebula-serf56,30,118,148,112,36,6,0.7568,0.9492,0.7273
6,clab-nebula-serf59,30,119,148,113,35,6,0.7635,0.9496,0.7338
6,clab-nebula-serf70,30,110,147,104,43,6,0.7075,0.9455,0.6797
6,clab-nebula-serf81,30,114,140,108,32,6,0.7714,0.9474,0.7397
6,clab-nebula-serf95,30,104,136,98,38,6,0.7206,0.9423,0.6901
6,clab-nebula-serf114,30,53,143,50,93,3,0.3497,0.9434,0.3425
6,clab-nebula-serf9,30,87,148,82,66,5,0.5541,0.9425,0.5359
6,clab-nebula-serf17,30,96,148,91,57,5,0.6149,0.9479,0.5948
6,clab-nebula-serf139,30,31,155,29,126,2,0.1871,0.9355,0.1847
6,clab-nebula-serf52,30,106,148,100,48,6,0.6757,0.9434,0.6494
6,clab-nebula-serf71,30,107,147,101,46,6,0.6871,0.9439,0.6601
6,clab-nebula-serf26,30,94,150,89,61,5,0.5933,0.9468,0.5742
6,clab-nebula-serf34,30,95,149,90,59,5,0.604,0.9474,0.5844
6,clab-nebula-serf126,30,92,157,88,69,4,0.5605,0.9565,0.5466
6,clab-nebula-serf36,30,92,149,87,62,5,0.5839,0.9457,0.5649
6,clab-nebula-serf82,30,0,0,0,0,0,1.0,1.0,1.0
6,clab-nebula-serf85,30,82,140,77,63,5,0.55,0.939,0.531
6,clab-nebula-serf97,30,41,132,39,93,2,0.2955,0.9512,0.291
6,clab-nebula-serf99,30,52,132,49,83,3,0.3712,0.9423,0.363
6,clab-nebula-serf124,30,81,157,77,80,4,0.4904,0.9506,0.4783
6,clab-nebula-serf157,30,35,160,34,126,1,0.2125,0.9714,0.2112
6,clab-nebula-serf159,30,35,160,34,126,1,0.2125,0.9714,0.2112
6,clab-nebula-serf1,30,74,149,70,79,4,0.4698,0.9459,0.4575
6,clab-nebula-serf33,30,105,149,99,50,6,0.6644,0.9429,0.6387
6,clab-nebula-serf123,30,89,155,85,70,4,0.5484,0.9551,0.5346
6,clab-nebula-serf135,30,25,31,23,8,2,0.7419,0.92,0.697
6,clab-nebula-serf13,30,92,148,87,61,5,0.5878,0.9457,0.5686
6,clab-nebula-serf47,30,100,150,95,55,5,0.6333,0.95,0.6129
6,clab-nebula-serf84,30,57,134,54,80,3,0.403,0.9474,0.3942
6,clab-nebula-serf92,30,103,136,97,39,6,0.7132,0.9417,0.6831
6,clab-nebula-serf106,30,55,120,52,68,3,0.4333,0.9455,0.4228
6,clab-nebula-serf108,30,73,130,69,61,4,0.5308,0.9452,0.5149
6,clab-nebula-serf119,30,3,2,2,0,1,1.0,0.6667,0.6667
6,clab-nebula-serf125,30,84,157,80,77,4,0.5096,0.9524,0.4969
6,clab-nebula-serf54,30,99,149,94,55,5,0.6309,0.9495,0.6104
6,clab-nebula-serf57,30,113,148,107,41,6,0.723,0.9469,0.6948
6,clab-nebula-serf24,30,48,101,46,55,2,0.4554,0.9583,0.4466
6,clab-nebula-serf42,30,71,102,67,35,4,0.6569,0.9437,0.6321
6,clab-nebula-serf48,30,88,146,83,63,5,0.5685,0.9432,0.5497
6,clab-nebula-serf2,30,32,45,30,15,2,0.6667,0.9375,0.6383
6,clab-nebula-serf21,30,84,146,79,67,5,0.5411,0.9405,0.5232
6,clab-nebula-serf67,30,98,138,93,45,5,0.6739,0.949,0.6503
6,clab-nebula-serf102,30,40,132,38,94,2,0.2879,0.95,0.2836
6,clab-nebula-serf110,30,37,119,35,84,2,0.2941,0.9459,0.2893
6,clab-nebula-serf132,30,37,160,36,124,1,0.225,0.973,0.2236
6,clab-nebula-serf134,30,26,102,24,78,2,0.2353,0.9231,0.2308
6,clab-nebula-serf137,30,26,102,24,78,2,0.2353,0.9231,0.2308
6,clab-nebula-serf10,30,88,148,83,65,5,0.5608,0.9432,0.5425
6,clab-nebula-serf46,30,81,107,77,30,4,0.7196,0.9506,0.6937
6,clab-nebula-serf74,30,106,136,100,36,6,0.7353,0.9434,0.7042
6,clab-nebula-serf76,30,111,138,105,33,6,0.7609,0.9459,0.7292
6,clab-nebula-serf149,30,25,140,23,117,2,0.1643,0.92,0.162
6,clab-nebula-serf20,30,80,149,76,73,4,0.5101,0.95,0.4967
6,clab-nebula-serf22,30,76,104,72,32,4,0.6923,0.9474,0.6667
6,clab-nebula-serf160,30,37,160,36,124,1,0.225,0.973,0.2236
6,clab-nebula-serf31,30,93,150,88,62,5,0.5867,0.9462,0.5677
6,clab-nebula-serf93,30,110,140,104,36,6,0.7429,0.9455,0.7123
6,clab-nebula-serf122,30,61,130,58,72,3,0.4462,0.9508,0.4361
6,clab-nebula-serf38,30,92,149,87,62,5,0.5839,0.9457,0.5649
6,clab-nebula-serf55,30,96,148,91,57,5,0.6149,0.9479,0.5948
6,clab-nebula-serf79,30,116,140,110,30,6,0.7857,0.9483,0.7534
6,clab-nebula-serf113,30,65,142,61,81,4,0.4296,0.9385,0.4178
6,clab-nebula-serf120,30,3,2,2,0,1,1.0,0.6667,0.6667
6,clab-nebula-serf128,30,73,130,69,61,4,0.5308,0.9452,0.5149
6,clab-nebula-serf8,30,76,146,72,74,4,0.4932,0.9474,0.48
6,clab-nebula-serf27,30,38,86,36,50,2,0.4186,0.9474,0.4091
6,clab-nebula-serf78,30,102,136,96,40,6,0.7059,0.9412,0.6761
6,clab-nebula-serf104,30,87,131,82,49,5,0.626,0.9425,0.6029
6,clab-nebula-serf133,30,26,102,24,78,2,0.2353,0.9231,0.2308
6,clab-nebula-serf64,30,69,146,65,81,4,0.4452,0.942,0.4333
6,clab-nebula-serf73,30,113,140,107,33,6,0.7643,0.9469,0.7329
6,clab-nebula-serf118,30,3,2,2,0,1,1.0,0.6667,0.6667
6,clab-nebula-serf5,30,46,101,44,57,2,0.4356,0.9565,0.4272
6,clab-nebula-serf87,30,80,146,76,70,4,0.5205,0.95,0.5067
6,clab-nebula-serf88,30,72,146,68,78,4,0.4658,0.9444,0.4533
6,clab-nebula-serf153,30,24,141,22,119,2,0.156,0.9167,0.1538
6,clab-nebula-serf53,30,97,148,92,56,5,0.6216,0.9485,0.6013
6,clab-nebula-serf69,30,107,147,101,46,6,0.6871,0.9439,0.6601
6,clab-nebula-serf60,30,111,148,105,43,6,0.7095,0.9459,0.6818
6,clab-nebula-serf145,30,15,65,14,51,1,0.2154,0.9333,0.2121
6,clab-nebula-serf6,30,86,148,81,67,5,0.5473,0.9419,0.5294
6,clab-nebula-serf11,30,93,148,88,60,5,0.5946,0.9462,0.5752
6,clab-nebula-serf98,30,29,132,27,105,2,0.2045,0.931,0.2015
6,clab-nebula-serf138,30,26,102,24,78,2,0.2353,0.9231,0.2308
6,clab-nebula-serf150,30,23,141,21,120,2,0.1489,0.913,0.1469
6,clab-nebula-serf18,30,90,148,85,63,5,0.5743,0.9444,0.5556
6,clab-nebula-serf30,30,93,150,88,62,5,0.5867,0.9462,0.5677
6,clab-nebula-serf44,30,99,150,94,56,5,0.6267,0.9495,0.6065
6,clab-nebula-serf131,30,29,155,27,128,2,0.1742,0.931,0.172
6,clab-nebula-serf35,30,85,147,80,67,5,0.5442,0.9412,0.5263
6,clab-nebula-serf40,30,87,148,82,66,5,0.5541,0.9425,0.5359
6,clab-nebula-serf144,30,55,158,52,106,3,0.3291,0.9455,0.323
6,clab-nebula-serf152,30,47,141,44,97,3,0.3121,0.9362,0.3056
6,clab-nebula-serf162,30,9,12,8,4,1,0.6667,0.8889,0.6154
6,clab-nebula-serf41,30,74,102,70,32,4,0.6863,0.9459,0.6604
6,clab-nebula-serf72,30,110,136,104,32,6,0.7647,0.9455,0.7324
6,clab-nebula-serf141,30,26,102,24,78,2,0.2353,0.9231,0.2308
6,clab-nebula-serf25,30,81,146,77,69,4,0.5274,0.9506,0.5133
6,clab-nebula-serf50,30,93,148,88,60,5,0.5946,0.9462,0.5752
6,clab-nebula-serf51,30,97,148,92,56,5,0.6216,0.9485,0.6013
6,clab-nebula-serf66,30,106,136,100,36,6,0.7353,0.9434,0.7042
6,clab-nebula-serf86,30,85,145,80,65,5,0.5517,0.9412,0.5333
6,clab-nebula-serf90,30,101,137,96,41,5,0.7007,0.9505,0.6761
6,clab-nebula-serf143,30,13,66,12,54,1,0.1818,0.9231,0.1791
6,clab-nebula-serf7,30,86,148,81,67,5,0.5473,0.9419,0.5294
6,clab-nebula-serf37,30,96,150,91,59,5,0.6067,0.9479,0.5871
6,clab-nebula-serf43,30,82,104,77,27,5,0.7404,0.939,0.7064
6,clab-nebula-serf58,30,118,148,112,36,6,0.7568,0.9492,0.7273
6,clab-nebula-serf61,30,118,148,112,36,6,0.7568,0.9492,0.7273
6,clab-nebula-serf112,30,18,143,17,126,1,0.1189,0.9444,0.1181
6,clab-nebula-serf15,30,100,149,95,54,5,0.6376,0.95,0.6169
6,clab-nebula-serf16,30,101,149,96,53,5,0.6443,0.9505,0.6234
6,clab-nebula-serf77,30,113,140,107,33,6,0.7643,0.9469,0.7329
6,clab-nebula-serf121,30,81,157,77,80,4,0.4904,0.9506,0.4783
6,clab-nebula-serf140,30,25,37,23,14,2,0.6216,0.92,0.5897
6,clab-nebula-serf148,30,22,141,20,121,2,0.1418,0.9091,0.1399
6,clab-nebula-serf154,30,23,141,21,120,2,0.1489,0.913,0.1469
6,clab-nebula-serf156,30,33,142,31,111,2,0.2183,0.9394,0.2153
6,clab-nebula-serf23,30,39,50,37,13,2,0.74,0.9487,0.7115
6,clab-nebula-serf39,30,106,149,100,49,6,0.6711,0.9434,0.6452
6,clab-nebula-serf62,30,88,148,83,65,5,0.5608,0.9432,0.5425
6,clab-nebula-serf107,30,71,130,67,63,4,0.5154,0.9437,0.5
6,clab-nebula-serf115,30,0,0,0,0,0,1.0,1.0,1.0
6,clab-nebula-serf151,30,23,141,21,120,2,0.1489,0.913,0.1469
6,clab-nebula-serf158,30,34,160,33,127,1,0.2062,0.9706,0.205
6,clab-nebula-serf28,30,19,109,18,91,1,0.1651,0.9474,0.1636
6,clab-nebula-serf29,30,39,132,37,95,2,0.2803,0.9487,0.2761
6,clab-nebula-serf130,35,41,160,40,120,1,0.25,0.9756,0.2484
6,clab-nebula-serf161,35,42,158,39,119,3,0.2468,0.9286,0.2422
6,clab-nebula-serf32,35,108,149,102,47,6,0.6846,0.9444,0.6581
6,clab-nebula-serf63,35,103,148,97,51,6,0.6554,0.9417,0.6299
6,clab-nebula-serf45,35,118,149,112,37,6,0.7517,0.9492,0.7226
6,clab-nebula-serf49,35,121,149,115,34,6,0.7718,0.9504,0.7419
6,clab-nebula-serf83,35,109,144,103,41,6,0.7153,0.945,0.6867
6,clab-nebula-serf91,35,119,144,113,31,6,0.7847,0.9496,0.7533
6,clab-nebula-serf136,35,45,158,42,116,3,0.2658,0.9333,0.2609
6,clab-nebula-serf146,35,44,158,41,117,3,0.2595,0.9318,0.2547
6,clab-nebula-serf12,35,102,148,96,52,6,0.6486,0.9412,0.6234
6,clab-nebula-serf19,35,105,148,99,49,6,0.6689,0.9429,0.6429
6,clab-nebula-serf80,35,120,141,114,27,6,0.8085,0.95,0.7755
6,clab-nebula-serf111,35,145,151,137,14,8,0.9073,0.9448,0.8616
6,clab-nebula-serf109,35,145,151,137,14,8,0.9073,0.9448,0.8616
6,clab-nebula-serf147,35,48,141,45,96,3,0.3191,0.9375,0.3125
6,clab-nebula-serf4,35,82,148,77,71,5,0.5203,0.939,0.5033
6,clab-nebula-serf100,35,89,146,84,62,5,0.5753,0.9438,0.5563
6,clab-nebula-serf75,35,115,140,109,31,6,0.7786,0.9478,0.7466
6,clab-nebula-serf89,35,97,145,92,53,5,0.6345,0.9485,0.6133
6,clab-nebula-serf101,35,79,146,75,71,4,0.5137,0.9494,0.5
6,clab-nebula-serf105,35,123,152,116,36,7,0.7632,0.9431,0.7296
6,clab-nebula-serf65,35,115,137,109,28,6,0.7956,0.9478,0.7622
6,clab-nebula-serf68,35,116,140,110,30,6,0.7857,0.9483,0.7534
6,clab-nebula-serf94,35,119,144,113,31,6,0.7847,0.9496,0.7533
6,clab-nebula-serf103,35,102,146,96,50,6,0.6575,0.9412,0.6316
6,clab-nebula-serf117,35,3,2,2,0,1,1.0,0.6667,0.6667
6,clab-nebula-serf127,35,122,154,115,39,7,0.7468,0.9426,0.7143
6,clab-nebula-serf129,35,71,130,67,63,4,0.5154,0.9437,0.5
6,clab-nebula-serf155,35,43,141,40,101,3,0.2837,0.9302,0.2778
6,clab-nebula-serf3,35,83,148,78,70,5,0.527,0.9398,0.5098
6,clab-nebula-serf14,35,102,148,96,52,6,0.6486,0.9412,0.6234
6,clab-nebula-serf142,35,30,155,28,127,2,0.1806,0.9333,0.1783
6,clab-nebula-serf96,35,77,146,73,73,4,0.5,0.9481,0.4867
6,clab-nebula-serf116,35,1,1,1,0,0,1.0,1.0,1.0
6,clab-nebula-serf56,35,121,149,115,34,6,0.7718,0.9504,0.7419
6,clab-nebula-serf59,35,124,148,117,31,7,0.7905,0.9435,0.7548
6,clab-nebula-serf70,35,119,148,113,35,6,0.7635,0.9496,0.7338
6,clab-nebula-serf81,35,121,142,115,27,6,0.8099,0.9504,0.777
6,clab-nebula-serf95,35,119,141,113,28,6,0.8014,0.9496,0.7687
6,clab-nebula-serf114,35,92,142,87,55,5,0.6127,0.9457,0.5918
6,clab-nebula-serf9,35,101,149,96,53,5,0.6443,0.9505,0.6234
6,clab-nebula-serf17,35,116,148,110,38,6,0.7432,0.9483,0.7143
6,clab-nebula-serf139,35,45,158,42,116,3,0.2658,0.9333,0.2609
6,clab-nebula-serf52,35,119,148,113,35,6,0.7635,0.9496,0.7338
6,clab-nebula-serf71,35,119,148,113,35,6,0.7635,0.9496,0.7338
6,clab-nebula-serf26,35,108,149,102,47,6,0.6846,0.9444,0.6581
6,clab-nebula-serf34,35,112,149,106,43,6,0.7114,0.9464,0.6839
6,clab-nebula-serf126,35,121,155,115,40,6,0.7419,0.9504,0.7143
6,clab-nebula-serf36,35,108,148,102,46,6,0.6892,0.9444,0.6623
6,clab-nebula-serf82,35,16,107,15,92,1,0.1402,0.9375,0.1389
6,clab-nebula-serf85,35,111,144,105,39,6,0.7292,0.9459,0.7
6,clab-nebula-serf97,35,80,146,76,70,4,0.5205,0.95,0.5067
6,clab-nebula-serf99,35,82,146,77,69,5,0.5274,0.939,0.5099
6,clab-nebula-serf124,35,114,155,108,47,6,0.6968,0.9474,0.6708
6,clab-nebula-serf157,35,40,160,39,121,1,0.2437,0.975,0.2422
6,clab-nebula-serf159,35,40,160,39,121,1,0.2437,0.975,0.2422
6,clab-nebula-serf1,35,91,149,86,63,5,0.5772,0.9451,0.5584
6,clab-nebula-serf33,35,119,149,113,36,6,0.7584,0.9496,0.729
6,clab-nebula-serf123,35,128,152,121,31,7,0.7961,0.9453,0.761
6,clab-nebula-serf135,35,42,158,39,119,3,0.2468,0.9286,0.2422
6,clab-nebula-serf13,35,110,148,104,44,6,0.7027,0.9455,0.6753
6,clab-nebula-serf47,35,120,149,114,35,6,0.7651,0.95,0.7355
6,clab-nebula-serf84,35,81,141,77,64,4,0.5461,0.9506,0.531
6,clab-nebula-serf92,35,118,141,112,29,6,0.7943,0.9492,0.7619
6,clab-nebula-serf106,35,86,130,81,49,5,0.6231,0.9419,0.6
6,clab-nebula-serf108,35,122,151,115,36,7,0.7616,0.9426,0.7278
6,clab-nebula-serf119,35,3,2,2,0,1,1.0,0.6667,0.6667
6,clab-nebula-serf125,35,112,155,106,49,6,0.6839,0.9464,0.6584
6,clab-nebula-serf54,35,119,148,113,35,6,0.7635,0.9496,0.7338
6,clab-nebula-serf57,35,121,149,115,34,6,0.7718,0.9504,0.7419
6,clab-nebula-serf24,35,83,146,78,68,5,0.5342,0.9398,0.5166
6,clab-nebula-serf42,35,88,148,83,65,5,0.5608,0.9432,0.5425
6,clab-nebula-serf48,35,114,149,108,41,6,0.7248,0.9474,0.6968
6,clab-nebula-serf2,35,67,144,63,81,4,0.4375,0.9403,0.4257
6,clab-nebula-serf21,35,94,150,89,61,5,0.5933,0.9468,0.5742
6,clab-nebula-serf67,35,115,140,109,31,6,0.7786,0.9478,0.7466
6,clab-nebula-serf102,35,76,144,72,72,4,0.5,0.9474,0.4865
6,clab-nebula-serf110,35,69,130,65,65,4,0.5,0.942,0.4851
6,clab-nebula-serf132,35,48,158,45,113,3,0.2848,0.9375,0.2795
6,clab-nebula-serf134,35,43,158,40,118,3,0.2532,0.9302,0.2484
6,clab-nebula-serf137,35,44,158,41,117,3,0.2595,0.9318,0.2547
6,clab-nebula-serf10,35,103,148,97,51,6,0.6554,0.9417,0.6299
6,clab-nebula-serf46,35,100,150,95,55,5,0.6333,0.95,0.6129
6,clab-nebula-serf74,35,117,140,111,29,6,0.7929,0.9487,0.7603
6,clab-nebula-serf76,35,121,142,115,27,6,0.8099,0.9504,0.777
6,clab-nebula-serf149,35,48,141,45,96,3,0.3191,0.9375,0.3125
6,clab-nebula-serf20,35,93,150,88,62,5,0.5867,0.9462,0.5677
6,clab-nebula-serf22,35,93,150,88,62,5,0.5867,0.9462,0.5677
6,clab-nebula-serf160,35,43,158,40,118,3,0.2532,0.9302,0.2484
6,clab-nebula-serf31,35,102,149,96,53,6,0.6443,0.9412,0.6194
6,clab-nebula-serf93,35,119,141,113,28,6,0.8014,0.9496,0.7687
6,clab-nebula-serf122,35,106,155,100,55,6,0.6452,0.9434,0.6211
6,clab-nebula-serf38,35,107,149,101,48,6,0.6779,0.9439,0.6516
6,clab-nebula-serf55,35,119,148,113,35,6,0.7635,0.9496,0.7338
6,clab-nebula-serf79,35,121,142,115,27,6,0.8099,0.9504,0.777
6,clab-nebula-serf113,35,105,143,99,44,6,0.6923,0.9429,0.6644
6,clab-nebula-serf120,35,3,2,2,0,1,1.0,0.6667,0.6667
6,clab-nebula-serf128,35,111,146,105,41,6,0.7192,0.9459,0.6908
6,clab-nebula-serf8,35,89,148,84,64,5,0.5676,0.9438,0.549
6,clab-nebula-serf27,35,75,149,71,78,4,0.4765,0.9467,0.4641
6,clab-nebula-serf78,35,118,141,112,29,6,0.7943,0.9492,0.7619
6,clab-nebula-serf104,35,130,152,123,29,7,0.8092,0.9462,0.7736
6,clab-nebula-serf133,35,44,158,41,117,3,0.2595,0.9318,0.2547
6,clab-nebula-serf64,35,100,148,95,53,5,0.6419,0.95,0.6209
6,clab-nebula-serf73,35,121,142,115,27,6,0.8099,0.9504,0.777
6,clab-nebula-serf118,35,3,2,2,0,1,1.0,0.6667,0.6667
6,clab-nebula-serf5,35,80,149,76,73,4,0.5101,0.95,0.4967
6,clab-nebula-serf87,35,108,144,102,42,6,0.7083,0.9444,0.68
6,clab-nebula-serf88,35,100,145,95,50,5,0.6552,0.95,0.6333
6,clab-nebula-serf153,35,42,141,39,102,3,0.2766,0.9286,0.2708
6,clab-nebula-serf53,35,118,148,112,36,6,0.7568,0.9492,0.7273
6,clab-nebula-serf69,35,119,148,113,35,6,0.7635,0.9496,0.7338
6,clab-nebula-serf60,35,120,148,114,34,6,0.7703,0.95,0.7403
6,clab-nebula-serf145,35,37,157,35,122,2,0.2229,0.9459,0.2201
6,clab-nebula-serf6,35,98,149,93,56,5,0.6242,0.949,0.6039
6,clab-nebula-serf11,35,112,148,106,42,6,0.7162,0.9464,0.6883
6,clab-nebula-serf98,35,71,143,67,76,4,0.4685,0.9437,0.4558
6,clab-nebula-serf138,35,43,158,40,118,3,0.2532,0.9302,0.2484
6,clab-nebula-serf150,35,42,141,39,102,3,0.2766,0.9286,0.2708
6,clab-nebula-serf18,35,103,148,97,51,6,0.6554,0.9417,0.6299
6,clab-nebula-serf30,35,102,149,96,53,6,0.6443,0.9412,0.6194
6,clab-nebula-serf44,35,120,149,114,35,6,0.7651,0.95,0.7355
6,clab-nebula-serf131,35,45,158,42,116,3,0.2658,0.9333,0.2609
6,clab-nebula-serf35,35,95,149,90,59,5,0.604,0.9474,0.5844
6,clab-nebula-serf40,35,98,149,93,56,5,0.6242,0.949,0.6039
6,clab-nebula-serf144,35,60,158,57,101,3,0.3608,0.95,0.354
6,clab-nebula-serf152,35,60,141,57,84,3,0.4043,0.95,0.3958
6,clab-nebula-serf162,35,20,160,19,141,1,0.1187,0.95,0.118
6,clab-nebula-serf41,35,89,149,84,65,5,0.5638,0.9438,0.5455
6,clab-nebula-serf72,35,121,142,115,27,6,0.8099,0.9504,0.777
6,clab-nebula-serf141,35,43,158,40,118,3,0.2532,0.9302,0.2484
6,clab-nebula-serf25,35,93,150,88,62,5,0.5867,0.9462,0.5677
6,clab-nebula-serf50,35,118,149,112,37,6,0.7517,0.9492,0.7226
6,clab-nebula-serf51,35,118,148,112,36,6,0.7568,0.9492,0.7273
6,clab-nebula-serf66,35,116,140,110,30,6,0.7857,0.9483,0.7534
6,clab-nebula-serf86,35,115,144,109,35,6,0.7569,0.9478,0.7267
6,clab-nebula-serf90,35,119,141,113,28,6,0.8014,0.9496,0.7687
6,clab-nebula-serf143,35,32,155,30,125,2,0.1935,0.9375,0.1911
6,clab-nebula-serf7,35,99,149,94,55,5,0.6309,0.9495,0.6104
6,clab-nebula-serf37,35,111,149,105,44,6,0.7047,0.9459,0.6774
6,clab-nebula-serf43,35,98,150,93,57,5,0.62,0.949,0.6
6,clab-nebula-serf58,35,122,148,115,33,7,0.777,0.9426,0.7419
6,clab-nebula-serf61,35,121,149,115,34,6,0.7718,0.9504,0.7419
6,clab-nebula-serf112,35,34,142,32,110,2,0.2254,0.9412,0.2222
6,clab-nebula-serf15,35,117,148,111,37,6,0.75,0.9487,0.7208
6,clab-nebula-serf16,35,119,148,113,35,6,0.7635,0.9496,0.7338
6,clab-nebula-serf77,35,121,142,115,27,6,0.8099,0.9504,0.777
6,clab-nebula-serf121,35,121,155,115,40,6,0.7419,0.9504,0.7143
6,clab-nebula-serf140,35,39,160,38,122,1,0.2375,0.9744,0.236
6,clab-nebula-serf148,35,38,142,36,106,2,0.2535,0.9474,0.25
6,clab-nebula-serf154,35,42,141,39,102,3,0.2766,0.9286,0.2708
6,clab-nebula-serf156,35,49,141,46,95,3,0.3262,0.9388,0.3194
6,clab-nebula-serf23,35,75,104,71,33,4,0.6827,0.9467,0.6574
6,clab-nebula-serf39,35,119,149,113,36,6,0.7584,0.9496,0.729
6,clab-nebula-serf62,35,110,148,104,44,6,0.7027,0.9455,0.6753
6,clab-nebula-serf107,35,104,146,98,48,6,0.6712,0.9423,0.6447
6,clab-nebula-serf115,35,1,1,1,0,0,1.0,1.0,1.0
6,clab-nebula-serf151,35,43,141,40,101,3,0.2837,0.9302,0.2778
6,clab-nebula-serf158,35,40,160,39,121,1,0.2437,0.975,0.2422
6,clab-nebula-serf28,35,29,119,27,92,2,0.2269,0.931,0.2231
6,clab-nebula-serf29,35,79,146,75,71,4,0.5137,0.9494,0.5
6,clab-nebula-serf130,40,53,158,50,108,3,0.3165,0.9434,0.3106
6,clab-nebula-serf161,40,58,158,55,103,3,0.3481,0.9483,0.3416
6,clab-nebula-serf32,40,121,149,115,34,6,0.7718,0.9504,0.7419
6,clab-nebula-serf63,40,119,148,113,35,6,0.7635,0.9496,0.7338
6,clab-nebula-serf45,40,121,149,115,34,6,0.7718,0.9504,0.7419
6,clab-nebula-serf49,40,124,148,117,31,7,0.7905,0.9435,0.7548
6,clab-nebula-serf83,40,119,144,113,31,6,0.7847,0.9496,0.7533
6,clab-nebula-serf91,40,129,145,122,23,7,0.8414,0.9457,0.8026
6,clab-nebula-serf136,40,66,157,62,95,4,0.3949,0.9394,0.3851
6,clab-nebula-serf146,40,58,158,55,103,3,0.3481,0.9483,0.3416
6,clab-nebula-serf12,40,119,148,113,35,6,0.7635,0.9496,0.7338
6,clab-nebula-serf19,40,120,149,114,35,6,0.7651,0.95,0.7355
6,clab-nebula-serf80,40,127,142,120,22,7,0.8451,0.9449,0.8054
6,clab-nebula-serf111,40,150,151,142,9,8,0.9404,0.9467,0.8931
6,clab-nebula-serf109,40,153,151,145,6,8,0.9603,0.9477,0.9119
6,clab-nebula-serf147,40,59,141,56,85,3,0.3972,0.9492,0.3889
6,clab-nebula-serf4,40,92,149,87,62,5,0.5839,0.9457,0.5649
6,clab-nebula-serf100,40,137,146,130,16,7,0.8904,0.9489,0.8497
6,clab-nebula-serf75,40,122,141,115,26,7,0.8156,0.9426,0.777
6,clab-nebula-serf89,40,119,144,113,31,6,0.7847,0.9496,0.7533
6,clab-nebula-serf101,40,131,146,124,22,7,0.8493,0.9466,0.8105
6,clab-nebula-serf105,40,145,151,137,14,8,0.9073,0.9448,0.8616
6,clab-nebula-serf65,40,122,138,115,23,7,0.8333,0.9426,0.7931
6,clab-nebula-serf68,40,122,141,115,26,7,0.8156,0.9426,0.777
6,clab-nebula-serf94,40,129,145,122,23,7,0.8414,0.9457,0.8026
6,clab-nebula-serf103,40,140,146,133,13,7,0.911,0.95,0.8693
6,clab-nebula-serf117,40,3,2,2,0,1,1.0,0.6667,0.6667
6,clab-nebula-serf127,40,138,154,131,23,7,0.8506,0.9493,0.8137
6,clab-nebula-serf129,40,123,152,116,36,7,0.7632,0.9431,0.7296
6,clab-nebula-serf155,40,56,141,53,88,3,0.3759,0.9464,0.3681
6,clab-nebula-serf3,40,96,150,91,59,5,0.6067,0.9479,0.5871
6,clab-nebula-serf14,40,119,148,113,35,6,0.7635,0.9496,0.7338
6,clab-nebula-serf142,40,54,158,51,107,3,0.3228,0.9444,0.3168
6,clab-nebula-serf96,40,121,147,115,32,6,0.7823,0.9504,0.7516
6,clab-nebula-serf116,40,1,1,1,0,0,1.0,1.0,1.0
6,clab-nebula-serf56,40,125,148,118,30,7,0.7973,0.944,0.7613
6,clab-nebula-serf59,40,128,148,121,27,7,0.8176,0.9453,0.7806
6,clab-nebula-serf70,40,124,147,117,30,7,0.7959,0.9435,0.7597
6,clab-nebula-serf81,40,130,142,123,19,7,0.8662,0.9462,0.8255
6,clab-nebula-serf95,40,124,142,117,25,7,0.8239,0.9435,0.7852
6,clab-nebula-serf114,40,134,147,127,20,7,0.8639,0.9478,0.8247
6,clab-nebula-serf9,40,116,148,110,38,6,0.7432,0.9483,0.7143
6,clab-nebula-serf17,40,121,149,115,34,6,0.7718,0.9504,0.7419
6,clab-nebula-serf139,40,65,157,61,96,4,0.3885,0.9385,0.3789
6,clab-nebula-serf52,40,124,148,117,31,7,0.7905,0.9435,0.7548
6,clab-nebula-serf71,40,124,147,117,30,7,0.7959,0.9435,0.7597
6,clab-nebula-serf26,40,121,149,115,34,6,0.7718,0.9504,0.7419
6,clab-nebula-serf34,40,121,149,115,34,6,0.7718,0.9504,0.7419
6,clab-nebula-serf126,40,138,154,131,23,7,0.8506,0.9493,0.8137
6,clab-nebula-serf36,40,121,149,115,34,6,0.7718,0.9504,0.7419
6,clab-nebula-serf82,40,61,112,58,54,3,0.5179,0.9508,0.5043
6,clab-nebula-serf85,40,119,144,113,31,6,0.7847,0.9496,0.7533
6,clab-nebula-serf97,40,126,146,119,27,7,0.8151,0.9444,0.7778
6,clab-nebula-serf99,40,137,146,130,16,7,0.8904,0.9489,0.8497
6,clab-nebula-serf124,40,133,154,126,28,7,0.8182,0.9474,0.7826
6,clab-nebula-serf157,40,54,158,51,107,3,0.3228,0.9444,0.3168
6,clab-nebula-serf159,40,54,158,51,107,3,0.3228,0.9444,0.3168
6,clab-nebula-serf1,40,107,149,101,48,6,0.6779,0.9439,0.6516
6,clab-nebula-serf33,40,124,148,117,31,7,0.7905,0.9435,0.7548
6,clab-nebula-serf123,40,143,151,135,16,8,0.894,0.9441,0.8491
6,clab-nebula-serf135,40,54,158,51,107,3,0.3228,0.9444,0.3168
6,clab-nebula-serf13,40,120,149,114,35,6,0.7651,0.95,0.7355
6,clab-nebula-serf47,40,124,148,117,31,7,0.7905,0.9435,0.7548
6,clab-nebula-serf84,40,110,144,104,40,6,0.7222,0.9455,0.6933
6,clab-nebula-serf92,40,123,141,116,25,7,0.8227,0.9431,0.7838
6,clab-nebula-serf106,40,130,152,123,29,7,0.8092,0.9462,0.7736
6,clab-nebula-serf108,40,144,151,136,15,8,0.9007,0.9444,0.8553
6,clab-nebula-serf119,40,4,74,3,71,1,0.0405,0.75,0.04
6,clab-nebula-serf125,40,137,154,130,24,7,0.8442,0.9489,0.8075
6,clab-nebula-serf54,40,122,148,115,33,7,0.777,0.9426,0.7419
6,clab-nebula-serf57,40,124,148,117,31,7,0.7905,0.9435,0.7548
6,clab-nebula-serf24,40,93,150,88,62,5,0.5867,0.9462,0.5677
6,clab-nebula-serf42,40,101,150,96,54,5,0.64,0.9505,0.6194
6,clab-nebula-serf48,40,121,149,115,34,6,0.7718,0.9504,0.7419
6,clab-nebula-serf2,40,84,148,79,69,5,0.5338,0.9405,0.5163
6,clab-nebula-serf21,40,107,149,101,48,6,0.6779,0.9439,0.6516
6,clab-nebula-serf67,40,122,141,115,26,7,0.8156,0.9426,0.777
6,clab-nebula-serf102,40,124,146,117,29,7,0.8014,0.9435,0.7647
6,clab-nebula-serf110,40,107,146,101,45,6,0.6918,0.9439,0.6645
6,clab-nebula-serf132,40,78,157,74,83,4,0.4713,0.9487,0.4596
6,clab-nebula-serf134,40,57,158,54,104,3,0.3418,0.9474,0.3354
6,clab-nebula-serf137,40,55,158,52,106,3,0.3291,0.9455,0.323
6,clab-nebula-serf10,40,120,149,114,35,6,0.7651,0.95,0.7355
6,clab-nebula-serf46,40,121,149,115,34,6,0.7718,0.9504,0.7419
6,clab-nebula-serf74,40,124,142,117,25,7,0.8239,0.9435,0.7852
6,clab-nebula-serf76,40,129,142,122,20,7,0.8592,0.9457,0.8188
6,clab-nebula-serf149,40,60,141,57,84,3,0.4043,0.95,0.3958
6,clab-nebula-serf20,40,102,149,96,53,6,0.6443,0.9412,0.6194
6,clab-nebula-serf22,40,98,150,93,57,5,0.62,0.949,0.6
6,clab-nebula-serf160,40,58,158,55,103,3,0.3481,0.9483,0.3416
6,clab-nebula-serf31,40,119,149,113,36,6,0.7584,0.9496,0.729
6,clab-nebula-serf93,40,125,143,118,25,7,0.8252,0.944,0.7867
6,clab-nebula-serf122,40,133,154,126,28,7,0.8182,0.9474,0.7826
6,clab-nebula-serf38,40,121,149,115,34,6,0.7718,0.9504,0.7419
6,clab-nebula-serf55,40,121,149,115,34,6,0.7718,0.9504,0.7419
6,clab-nebula-serf79,40,135,144,128,16,7,0.8889,0.9481,0.8477
6,clab-nebula-serf113,40,139,147,132,15,7,0.898,0.9496,0.8571
6,clab-nebula-serf120,40,3,2,2,0,1,1.0,0.6667,0.6667
6,clab-nebula-serf128,40,145,151,137,14,8,0.9073,0.9448,0.8616
6,clab-nebula-serf8,40,105,148,99,49,6,0.6689,0.9429,0.6429
6,clab-nebula-serf27,40,92,150,87,63,5,0.58,0.9457,0.5613
6,clab-nebula-serf78,40,123,142,116,26,7,0.8169,0.9431,0.7785
6,clab-nebula-serf104,40,145,151,137,14,8,0.9073,0.9448,0.8616
6,clab-nebula-serf133,40,59,158,56,102,3,0.3544,0.9492,0.3478
6,clab-nebula-serf64,40,116,148,110,38,6,0.7432,0.9483,0.7143
6,clab-nebula-serf73,40,130,142,123,19,7,0.8662,0.9462,0.8255
6,clab-nebula-serf118,40,3,2,2,0,1,1.0,0.6667,0.6667
6,clab-nebula-serf5,40,92,149,87,62,5,0.5839,0.9457,0.5649
6,clab-nebula-serf87,40,120,144,114,30,6,0.7917,0.95,0.76
6,clab-nebula-serf88,40,120,144,114,30,6,0.7917,0.95,0.76
6,clab-nebula-serf153,40,55,141,52,89,3,0.3688,0.9455,0.3611
6,clab-nebula-serf53,40,121,149,115,34,6,0.7718,0.9504,0.7419
6,clab-nebula-serf69,40,125,147,118,29,7,0.8027,0.944,0.7662
6,clab-nebula-serf60,40,124,148,117,31,7,0.7905,0.9435,0.7548
6,clab-nebula-serf145,40,56,158,53,105,3,0.3354,0.9464,0.3292
6,clab-nebula-serf6,40,117,149,111,38,6,0.745,0.9487,0.7161
6,clab-nebula-serf11,40,120,149,114,35,6,0.7651,0.95,0.7355
6,clab-nebula-serf98,40,121,147,115,32,6,0.7823,0.9504,0.7516
6,clab-nebula-serf138,40,55,158,52,106,3,0.3291,0.9455,0.323
6,clab-nebula-serf150,40,54,141,51,90,3,0.3617,0.9444,0.3542
6,clab-nebula-serf18,40,120,149,114,35,6,0.7651,0.95,0.7355
6,clab-nebula-serf30,40,119,149,113,36,6,0.7584,0.9496,0.729
6,clab-nebula-serf44,40,124,148,117,31,7,0.7905,0.9435,0.7548
6,clab-nebula-serf131,40,69,157,65,92,4,0.414,0.942,0.4037
6,clab-nebula-serf35,40,111,149,105,44,6,0.7047,0.9459,0.6774
6,clab-nebula-serf40,40,118,149,112,37,6,0.7517,0.9492,0.7226
6,clab-nebula-serf144,40,95,157,91,66,4,0.5796,0.9579,0.5652
6,clab-nebula-serf152,40,89,141,84,57,5,0.5957,0.9438,0.5753
6,clab-nebula-serf162,40,35,160,34,126,1,0.2125,0.9714,0.2112
6,clab-nebula-serf41,40,99,149,94,55,5,0.6309,0.9495,0.6104
6,clab-nebula-serf72,40,125,142,118,24,7,0.831,0.944,0.7919
6,clab-nebula-serf141,40,59,158,56,102,3,0.3544,0.9492,0.3478
6,clab-nebula-serf25,40,102,149,96,53,6,0.6443,0.9412,0.6194
6,clab-nebula-serf50,40,122,148,115,33,7,0.777,0.9426,0.7419
6,clab-nebula-serf51,40,121,149,115,34,6,0.7718,0.9504,0.7419
6,clab-nebula-serf66,40,123,142,116,26,7,0.8169,0.9431,0.7785
6,clab-nebula-serf86,40,120,144,114,30,6,0.7917,0.95,0.76
6,clab-nebula-serf90,40,122,141,115,26,7,0.8156,0.9426,0.777
6,clab-nebula-serf143,40,56,158,53,105,3,0.3354,0.9464,0.3292
6,clab-nebula-serf7,40,117,149,111,38,6,0.745,0.9487,0.7161
6,clab-nebula-serf37,40,121,149,115,34,6,0.7718,0.9504,0.7419
6,clab-nebula-serf43,40,119,149,113,36,6,0.7584,0.9496,0.729
6,clab-nebula-serf58,40,125,148,118,30,7,0.7973,0.944,0.7613
6,clab-nebula-serf61,40,124,148,117,31,7,0.7905,0.9435,0.7548
6,clab-nebula-serf112,40,64,142,60,82,4,0.4225,0.9375,0.411
6,clab-nebula-serf15,40,121,149,115,34,6,0.7718,0.9504,0.7419
6,clab-nebula-serf16,40,121,149,115,34,6,0.7718,0.9504,0.7419
6,clab-nebula-serf77,40,125,142,118,24,7,0.831,0.944,0.7919
6,clab-nebula-serf121,40,138,154,131,23,7,0.8506,0.9493,0.8137
6,clab-nebula-serf140,40,52,158,49,109,3,0.3101,0.9423,0.3043
6,clab-nebula-serf148,40,52,141,49,92,3,0.3475,0.9423,0.3403
6,clab-nebula-serf154,40,55,141,52,89,3,0.3688,0.9455,0.3611
6,clab-nebula-serf156,40,61,141,58,83,3,0.4113,0.9508,0.4028
6,clab-nebula-serf23,40,91,150,86,64,5,0.5733,0.9451,0.5548
6,clab-nebula-serf39,40,124,148,117,31,7,0.7905,0.9435,0.7548
6,clab-nebula-serf62,40,120,148,114,34,6,0.7703,0.95,0.7403
6,clab-nebula-serf107,40,144,151,136,15,8,0.9007,0.9444,0.8553
6,clab-nebula-serf115,40,3,83,2,81,1,0.0241,0.6667,0.0238
6,clab-nebula-serf151,40,55,141,52,89,3,0.3688,0.9455,0.3611
6,clab-nebula-serf158,40,52,158,49,109,3,0.3101,0.9423,0.3043
6,clab-nebula-serf28,40,61,147,58,89,3,0.3946,0.9508,0.3867
6,clab-nebula-serf29,40,92,145,87,58,5,0.6,0.9457,0.58
6,clab-nebula-serf130,45,84,157,80,77,4,0.5096,0.9524,0.4969
6,clab-nebula-serf161,45,79,157,75,82,4,0.4777,0.9494,0.4658
6,clab-nebula-serf32,45,124,148,117,31,7,0.7905,0.9435,0.7548
6,clab-nebula-serf63,45,124,148,117,31,7,0.7905,0.9435,0.7548
6,clab-nebula-serf45,45,124,148,117,31,7,0.7905,0.9435,0.7548
6,clab-nebula-serf49,45,135,148,128,20,7,0.8649,0.9481,0.8258
6,clab-nebula-serf83,45,128,144,121,23,7,0.8403,0.9453,0.8013
6,clab-nebula-serf91,45,146,149,138,11,8,0.9262,0.9452,0.879
6,clab-nebula-serf136,45,95,157,91,66,4,0.5796,0.9579,0.5652
6,clab-nebula-serf146,45,78,157,74,83,4,0.4713,0.9487,0.4596
6,clab-nebula-serf12,45,121,149,115,34,6,0.7718,0.9504,0.7419
6,clab-nebula-serf19,45,123,148,116,32,7,0.7838,0.9431,0.7484
6,clab-nebula-serf80,45,152,151,144,7,8,0.9536,0.9474,0.9057
6,clab-nebula-serf111,45,154,151,146,5,8,0.9669,0.9481,0.9182
6,clab-nebula-serf109,45,155,152,147,5,8,0.9671,0.9484,0.9187
6,clab-nebula-serf147,45,87,141,82,59,5,0.5816,0.9425,0.5616
6,clab-nebula-serf4,45,109,149,103,46,6,0.6913,0.945,0.6645
6,clab-nebula-serf100,45,150,146,142,4,8,0.9726,0.9467,0.9221
6,clab-nebula-serf75,45,135,144,128,16,7,0.8889,0.9481,0.8477
6,clab-nebula-serf89,45,127,143,120,23,7,0.8392,0.9449,0.8
6,clab-nebula-serf101,45,148,145,140,5,8,0.9655,0.9459,0.915
6,clab-nebula-serf105,45,153,151,145,6,8,0.9603,0.9477,0.9119
6,clab-nebula-serf65,45,126,139,119,20,7,0.8561,0.9444,0.8151
6,clab-nebula-serf68,45,135,144,128,16,7,0.8889,0.9481,0.8477
6,clab-nebula-serf94,45,145,150,137,13,8,0.9133,0.9448,0.8671
6,clab-nebula-serf103,45,150,146,142,4,8,0.9726,0.9467,0.9221
6,clab-nebula-serf117,45,10,83,9,74,1,0.1084,0.9,0.1071
6,clab-nebula-serf127,45,146,153,138,15,8,0.902,0.9452,0.8571
6,clab-nebula-serf129,45,142,151,134,17,8,0.8874,0.9437,0.8428
6,clab-nebula-serf155,45,82,141,77,64,5,0.5461,0.939,0.5274
6,clab-nebula-serf3,45,109,149,103,46,6,0.6913,0.945,0.6645
6,clab-nebula-serf14,45,121,149,115,34,6,0.7718,0.9504,0.7419
6,clab-nebula-serf142,45,59,158,56,102,3,0.3544,0.9492,0.3478
6,clab-nebula-serf96,45,147,145,139,6,8,0.9586,0.9456,0.9085
6,clab-nebula-serf116,45,6,83,5,78,1,0.0602,0.8333,0.0595
6,clab-nebula-serf56,45,151,147,143,4,8,0.9728,0.947,0.9226
6,clab-nebula-serf59,45,153,147,145,2,8,0.9864,0.9477,0.9355
6,clab-nebula-serf70,45,147,147,139,8,8,0.9456,0.9456,0.8968
6,clab-nebula-serf81,45,153,151,145,6,8,0.9603,0.9477,0.9119
6,clab-nebula-serf95,45,142,145,134,11,8,0.9241,0.9437,0.8758
6,clab-nebula-serf114,45,152,151,144,7,8,0.9536,0.9474,0.9057
6,clab-nebula-serf9,45,120,149,114,35,6,0.7651,0.95,0.7355
6,clab-nebula-serf17,45,124,148,117,31,7,0.7905,0.9435,0.7548
6,clab-nebula-serf139,45,95,157,91,66,4,0.5796,0.9579,0.5652
6,clab-nebula-serf52,45,134,148,127,21,7,0.8581,0.9478,0.8194
6,clab-nebula-serf71,45,146,147,138,9,8,0.9388,0.9452,0.8903
6,clab-nebula-serf26,45,124,148,117,31,7,0.7905,0.9435,0.7548
6,clab-nebula-serf34,45,124,148,117,31,7,0.7905,0.9435,0.7548
6,clab-nebula-serf126,45,146,153,138,15,8,0.902,0.9452,0.8571
6,clab-nebula-serf36,45,124,148,117,31,7,0.7905,0.9435,0.7548
6,clab-nebula-serf82,45,94,143,89,54,5,0.6224,0.9468,0.6014
6,clab-nebula-serf85,45,134,145,127,18,7,0.8759,0.9478,0.8355
6,clab-nebula-serf97,45,149,146,141,5,8,0.9658,0.9463,0.9156
6,clab-nebula-serf99,45,148,145,140,5,8,0.9655,0.9459,0.915
6,clab-nebula-serf124,45,145,153,137,16,8,0.8954,0.9448,0.8509
6,clab-nebula-serf157,45,70,157,66,91,4,0.4204,0.9429,0.4099
6,clab-nebula-serf159,45,70,157,66,91,4,0.4204,0.9429,0.4099
6,clab-nebula-serf1,45,117,149,111,38,6,0.745,0.9487,0.7161
6,clab-nebula-serf33,45,128,148,121,27,7,0.8176,0.9453,0.7806
6,clab-nebula-serf123,45,152,153,144,9,8,0.9412,0.9474,0.8944
6,clab-nebula-serf135,45,91,157,87,70,4,0.5541,0.956,0.5404
6,clab-nebula-serf13,45,124,148,117,31,7,0.7905,0.9435,0.7548
6,clab-nebula-serf47,45,126,148,119,29,7,0.8041,0.9444,0.7677
6,clab-nebula-serf84,45,119,144,113,31,6,0.7847,0.9496,0.7533
6,clab-nebula-serf92,45,137,144,130,14,7,0.9028,0.9489,0.8609
6,clab-nebula-serf106,45,145,151,137,14,8,0.9073,0.9448,0.8616
6,clab-nebula-serf108,45,149,151,141,10,8,0.9338,0.9463,0.8868
6,clab-nebula-serf119,45,5,83,4,79,1,0.0482,0.8,0.0476
6,clab-nebula-serf125,45,146,153,138,15,8,0.902,0.9452,0.8571
6,clab-nebula-serf54,45,126,148,119,29,7,0.8041,0.9444,0.7677
6,clab-nebula-serf57,45,144,147,136,11,8,0.9252,0.9444,0.8774
6,clab-nebula-serf24,45,103,149,97,52,6,0.651,0.9417,0.6258
6,clab-nebula-serf42,45,117,149,111,38,6,0.745,0.9487,0.7161
6,clab-nebula-serf48,45,124,148,117,31,7,0.7905,0.9435,0.7548
6,clab-nebula-serf2,45,99,149,94,55,5,0.6309,0.9495,0.6104
6,clab-nebula-serf21,45,121,149,115,34,6,0.7718,0.9504,0.7419
6,clab-nebula-serf67,45,135,144,128,16,7,0.8889,0.9481,0.8477
6,clab-nebula-serf102,45,144,145,136,9,8,0.9379,0.9444,0.8889
6,clab-nebula-serf110,45,143,151,135,16,8,0.894,0.9441,0.8491
6,clab-nebula-serf132,45,104,155,98,57,6,0.6323,0.9423,0.6087
6,clab-nebula-serf134,45,91,157,87,70,4,0.5541,0.956,0.5404
6,clab-nebula-serf137,45,90,157,86,71,4,0.5478,0.9556,0.5342
6,clab-nebula-serf10,45,121,149,115,34,6,0.7718,0.9504,0.7419
6,clab-nebula-serf46,45,124,148,117,31,7,0.7905,0.9435,0.7548
6,clab-nebula-serf74,45,145,151,137,14,8,0.9073,0.9448,0.8616
6,clab-nebula-serf76,45,153,151,145,6,8,0.9603,0.9477,0.9119
6,clab-nebula-serf149,45,89,141,84,57,5,0.5957,0.9438,0.5753
6,clab-nebula-serf20,45,118,149,112,37,6,0.7517,0.9492,0.7226
6,clab-nebula-serf22,45,117,149,111,38,6,0.745,0.9487,0.7161
6,clab-nebula-serf160,45,82,157,78,79,4,0.4968,0.9512,0.4845
6,clab-nebula-serf31,45,124,148,117,31,7,0.7905,0.9435,0.7548
6,clab-nebula-serf93,45,142,145,134,11,8,0.9241,0.9437,0.8758
6,clab-nebula-serf122,45,144,153,136,17,8,0.8889,0.9444,0.8447
6,clab-nebula-serf38,45,124,148,117,31,7,0.7905,0.9435,0.7548
6,clab-nebula-serf55,45,126,148,119,29,7,0.8041,0.9444,0.7677
6,clab-nebula-serf79,45,153,151,145,6,8,0.9603,0.9477,0.9119
6,clab-nebula-serf113,45,156,152,148,4,8,0.9737,0.9487,0.925
6,clab-nebula-serf120,45,5,83,4,79,1,0.0482,0.8,0.0476
6,clab-nebula-serf128,45,150,151,142,9,8,0.9404,0.9467,0.8931
6,clab-nebula-serf8,45,120,149,114,35,6,0.7651,0.95,0.7355
6,clab-nebula-serf27,45,98,150,93,57,5,0.62,0.949,0.6
6,clab-nebula-serf78,45,140,147,133,14,7,0.9048,0.95,0.8636
6,clab-nebula-serf104,45,153,151,145,6,8,0.9603,0.9477,0.9119
6,clab-nebula-serf133,45,92,157,88,69,4,0.5605,0.9565,0.5466
6,clab-nebula-serf64,45,123,148,116,32,7,0.7838,0.9431,0.7484
6,clab-nebula-serf73,45,151,151,143,8,8,0.947,0.947,0.8994
6,clab-nebula-serf118,45,5,83,4,79,1,0.0482,0.8,0.0476
6,clab-nebula-serf5,45,108,149,102,47,6,0.6846,0.9444,0.6581
6,clab-nebula-serf87,45,132,143,125,18,7,0.8741,0.947,0.8333
6,clab-nebula-serf88,45,127,143,120,23,7,0.8392,0.9449,0.8
6,clab-nebula-serf153,45,81,142,77,65,4,0.5423,0.9506,0.5274
6,clab-nebula-serf53,45,125,148,118,30,7,0.7973,0.944,0.7613
6,clab-nebula-serf69,45,147,147,139,8,8,0.9456,0.9456,0.8968
6,clab-nebula-serf60,45,143,147,135,12,8,0.9184,0.9441,0.871
6,clab-nebula-serf145,45,66,157,62,95,4,0.3949,0.9394,0.3851
6,clab-nebula-serf6,45,120,149,114,35,6,0.7651,0.95,0.7355
6,clab-nebula-serf11,45,124,148,117,31,7,0.7905,0.9435,0.7548
6,clab-nebula-serf98,45,144,146,136,10,8,0.9315,0.9444,0.8831
6,clab-nebula-serf138,45,90,157,86,71,4,0.5478,0.9556,0.5342
6,clab-nebula-serf150,45,79,140,75,65,4,0.5357,0.9494,0.5208
6,clab-nebula-serf18,45,123,148,116,32,7,0.7838,0.9431,0.7484
6,clab-nebula-serf30,45,124,148,117,31,7,0.7905,0.9435,0.7548
6,clab-nebula-serf44,45,127,148,120,28,7,0.8108,0.9449,0.7742
6,clab-nebula-serf131,45,95,157,91,66,4,0.5796,0.9579,0.5652
6,clab-nebula-serf35,45,121,149,115,34,6,0.7718,0.9504,0.7419
6,clab-nebula-serf40,45,122,148,115,33,7,0.777,0.9426,0.7419
6,clab-nebula-serf144,45,126,154,119,35,7,0.7727,0.9444,0.7391
6,clab-nebula-serf152,45,122,140,115,25,7,0.8214,0.9426,0.7823
6,clab-nebula-serf162,45,40,160,39,121,1,0.2437,0.975,0.2422
6,clab-nebula-serf41,45,118,149,112,37,6,0.7517,0.9492,0.7226
6,clab-nebula-serf72,45,150,151,142,9,8,0.9404,0.9467,0.8931
6,clab-nebula-serf141,45,90,157,86,71,4,0.5478,0.9556,0.5342
6,clab-nebula-serf25,45,119,149,113,36,6,0.7584,0.9496,0.729
6,clab-nebula-serf50,45,125,148,118,30,7,0.7973,0.944,0.7613
6,clab-nebula-serf51,45,126,148,119,29,7,0.8041,0.9444,0.7677
6,clab-nebula-serf66,45,136,144,129,15,7,0.8958,0.9485,0.8543
6,clab-nebula-serf86,45,134,144,127,17,7,0.8819,0.9478,0.8411
6,clab-nebula-serf90,45,137,144,130,14,7,0.9028,0.9489,0.8609
6,clab-nebula-serf143,45,66,157,62,95,4,0.3949,0.9394,0.3851
6,clab-nebula-serf7,45,120,149,114,35,6,0.7651,0.95,0.7355
6,clab-nebula-serf37,45,124,148,117,31,7,0.7905,0.9435,0.7548
6,clab-nebula-serf43,45,124,148,117,31,7,0.7905,0.9435,0.7548
6,clab-nebula-serf58,45,153,147,145,2,8,0.9864,0.9477,0.9355
6,clab-nebula-serf61,45,149,147,141,6,8,0.9592,0.9463,0.9097
6,clab-nebula-serf112,45,103,143,97,46,6,0.6783,0.9417,0.651
6,clab-nebula-serf15,45,124,148,117,31,7,0.7905,0.9435,0.7548
6,clab-nebula-serf16,45,126,148,119,29,7,0.8041,0.9444,0.7677
6,clab-nebula-serf77,45,151,151,143,8,8,0.947,0.947,0.8994
6,clab-nebula-serf121,45,148,153,140,13,8,0.915,0.9459,0.8696
6,clab-nebula-serf140,45,82,157,78,79,4,0.4968,0.9512,0.4845
6,clab-nebula-serf148,45,68,140,64,76,4,0.4571,0.9412,0.4444
6,clab-nebula-serf154,45,79,140,75,65,4,0.5357,0.9494,0.5208
6,clab-nebula-serf156,45,99,141,94,47,5,0.6667,0.9495,0.6438
6,clab-nebula-serf23,45,99,150,94,56,5,0.6267,0.9495,0.6065
6,clab-nebula-serf39,45,138,148,131,17,7,0.8851,0.9493,0.8452
6,clab-nebula-serf62,45,124,148,117,31,7,0.7905,0.9435,0.7548
6,clab-nebula-serf107,45,149,151,141,10,8,0.9338,0.9463,0.8868
6,clab-nebula-serf115,45,6,83,5,78,1,0.0602,0.8333,0.0595
6,clab-nebula-serf151,45,81,141,77,64,4,0.5461,0.9506,0.531
6,clab-nebula-serf158,45,68,157,64,93,4,0.4076,0.9412,0.3975
6,clab-nebula-serf28,45,91,145,86,59,5,0.5931,0.9451,0.5733
6,clab-nebula-serf29,45,98,145,93,52,5,0.6414,0.949,0.62
6,clab-nebula-serf130,50,111,155,105,50,6,0.6774,0.9459,0.6522
6,clab-nebula-serf161,50,117,155,111,44,6,0.7161,0.9487,0.6894
6,clab-nebula-serf32,50,137,148,130,18,7,0.8784,0.9489,0.8387
6,clab-nebula-serf63,50,128,148,121,27,7,0.8176,0.9453,0.7806
6,clab-nebula-serf45,50,145,147,137,10,8,0.932,0.9448,0.8839
6,clab-nebula-serf49,50,154,147,146,1,8,0.9932,0.9481,0.9419
6,clab-nebula-serf83,50,140,146,133,13,7,0.911,0.95,0.8693
6,clab-nebula-serf91,50,154,153,146,7,8,0.9542,0.9481,0.9068
6,clab-nebula-serf136,50,124,154,117,37,7,0.7597,0.9435,0.7267
6,clab-nebula-serf146,50,114,155,108,47,6,0.6968,0.9474,0.6708
6,clab-nebula-serf12,50,127,148,120,28,7,0.8108,0.9449,0.7742
6,clab-nebula-serf19,50,142,147,134,13,8,0.9116,0.9437,0.8645
6,clab-nebula-serf80,50,154,151,146,5,8,0.9669,0.9481,0.9182
6,clab-nebula-serf111,50,158,153,150,3,8,0.9804,0.9494,0.9317
6,clab-nebula-serf109,50,159,153,151,2,8,0.9869,0.9497,0.9379
6,clab-nebula-serf147,50,120,141,114,27,6,0.8085,0.95,0.7755
6,clab-nebula-serf4,50,120,149,114,35,6,0.7651,0.95,0.7355
6,clab-nebula-serf100,50,159,151,151,0,8,1.0,0.9497,0.9497
6,clab-nebula-serf75,50,154,151,146,5,8,0.9669,0.9481,0.9182
6,clab-nebula-serf89,50,137,145,130,15,7,0.8966,0.9489,0.8553
6,clab-nebula-serf101,50,157,149,149,0,8,1.0,0.949,0.949
6,clab-nebula-serf105,50,155,152,147,5,8,0.9671,0.9484,0.9187
6,clab-nebula-serf65,50,152,147,144,3,8,0.9796,0.9474,0.929
6,clab-nebula-serf68,50,154,151,146,5,8,0.9669,0.9481,0.9182
6,clab-nebula-serf94,50,154,153,146,7,8,0.9542,0.9481,0.9068
6,clab-nebula-serf103,50,159,151,151,0,8,1.0,0.9497,0.9497
6,clab-nebula-serf117,50,21,83,20,63,1,0.241,0.9524,0.2381
6,clab-nebula-serf127,50,156,153,148,5,8,0.9673,0.9487,0.9193
6,clab-nebula-serf129,50,149,151,141,10,8,0.9338,0.9463,0.8868
6,clab-nebula-serf155,50,117,141,111,30,6,0.7872,0.9487,0.7551
6,clab-nebula-serf3,50,119,149,113,36,6,0.7584,0.9496,0.729
6,clab-nebula-serf14,50,126,148,119,29,7,0.8041,0.9444,0.7677
6,clab-nebula-serf142,50,95,157,91,66,4,0.5796,0.9579,0.5652
6,clab-nebula-serf96,50,153,146,145,1,8,0.9932,0.9477,0.9416
6,clab-nebula-serf116,50,14,83,13,70,1,0.1566,0.9286,0.1548
6,clab-nebula-serf56,50,154,147,146,1,8,0.9932,0.9481,0.9419
6,clab-nebula-serf59,50,154,147,146,1,8,0.9932,0.9481,0.9419
6,clab-nebula-serf70,50,154,147,146,1,8,0.9932,0.9481,0.9419
6,clab-nebula-serf81,50,154,151,146,5,8,0.9669,0.9481,0.9182
6,clab-nebula-serf95,50,154,151,146,5,8,0.9669,0.9481,0.9182
6,clab-nebula-serf114,50,158,152,150,2,8,0.9868,0.9494,0.9375
6,clab-nebula-serf9,50,125,148,118,30,7,0.7973,0.944,0.7613
6,clab-nebula-serf17,50,150,147,142,5,8,0.966,0.9467,0.9161
6,clab-nebula-serf139,50,121,155,115,40,6,0.7419,0.9504,0.7143
6,clab-nebula-serf52,50,154,147,146,1,8,0.9932,0.9481,0.9419
6,clab-nebula-serf71,50,154,147,146,1,8,0.9932,0.9481,0.9419
6,clab-nebula-serf26,50,137,148,130,18,7,0.8784,0.9489,0.8387
6,clab-nebula-serf34,50,149,147,141,6,8,0.9592,0.9463,0.9097
6,clab-nebula-serf126,50,156,153,148,5,8,0.9673,0.9487,0.9193
6,clab-nebula-serf36,50,137,148,130,18,7,0.8784,0.9489,0.8387
6,clab-nebula-serf82,50,111,147,105,42,6,0.7143,0.9459,0.6863
6,clab-nebula-serf85,50,149,150,141,9,8,0.94,0.9463,0.8924
6,clab-nebula-serf97,50,159,151,151,0,8,1.0,0.9497,0.9497
6,clab-nebula-serf99,50,159,151,151,0,8,1.0,0.9497,0.9497
6,clab-nebula-serf124,50,156,153,148,5,8,0.9673,0.9487,0.9193
6,clab-nebula-serf157,50,109,155,103,52,6,0.6645,0.945,0.6398
6,clab-nebula-serf159,50,108,155,102,53,6,0.6581,0.9444,0.6335
6,clab-nebula-serf1,50,121,149,115,34,6,0.7718,0.9504,0.7419
6,clab-nebula-serf33,50,154,147,146,1,8,0.9932,0.9481,0.9419
6,clab-nebula-serf123,50,158,153,150,3,8,0.9804,0.9494,0.9317
6,clab-nebula-serf135,50,112,155,106,49,6,0.6839,0.9464,0.6584
6,clab-nebula-serf13,50,144,147,136,11,8,0.9252,0.9444,0.8774
6,clab-nebula-serf47,50,154,147,146,1,8,0.9932,0.9481,0.9419
6,clab-nebula-serf84,50,128,145,121,24,7,0.8345,0.9453,0.7961
6,clab-nebula-serf92,50,154,151,146,5,8,0.9669,0.9481,0.9182
6,clab-nebula-serf106,50,153,151,145,6,8,0.9603,0.9477,0.9119
6,clab-nebula-serf108,50,155,152,147,5,8,0.9671,0.9484,0.9187
6,clab-nebula-serf119,50,17,83,16,67,1,0.1928,0.9412,0.1905
6,clab-nebula-serf125,50,155,153,147,6,8,0.9608,0.9484,0.913
6,clab-nebula-serf54,50,153,147,145,2,8,0.9864,0.9477,0.9355
6,clab-nebula-serf57,50,154,147,146,1,8,0.9932,0.9481,0.9419
6,clab-nebula-serf24,50,120,149,114,35,6,0.7651,0.95,0.7355
6,clab-nebula-serf42,50,123,148,116,32,7,0.7838,0.9431,0.7484
6,clab-nebula-serf48,50,141,148,134,14,7,0.9054,0.9504,0.8645
6,clab-nebula-serf2,50,114,149,108,41,6,0.7248,0.9474,0.6968
6,clab-nebula-serf21,50,124,148,117,31,7,0.7905,0.9435,0.7548
6,clab-nebula-serf67,50,154,151,146,5,8,0.9669,0.9481,0.9182
6,clab-nebula-serf102,50,157,149,149,0,8,1.0,0.949,0.949
6,clab-nebula-serf110,50,148,151,140,11,8,0.9272,0.9459,0.8805
6,clab-nebula-serf132,50,132,154,125,29,7,0.8117,0.947,0.7764
6,clab-nebula-serf134,50,116,155,110,45,6,0.7097,0.9483,0.6832
6,clab-nebula-serf137,50,115,155,109,46,6,0.7032,0.9478,0.677
6,clab-nebula-serf10,50,129,148,122,26,7,0.8243,0.9457,0.7871
6,clab-nebula-serf46,50,127,148,120,28,7,0.8108,0.9449,0.7742
6,clab-nebula-serf74,50,154,151,146,5,8,0.9669,0.9481,0.9182
6,clab-nebula-serf76,50,154,151,146,5,8,0.9669,0.9481,0.9182
6,clab-nebula-serf149,50,124,140,117,23,7,0.8357,0.9435,0.7959
6,clab-nebula-serf20,50,124,148,117,31,7,0.7905,0.9435,0.7548
6,clab-nebula-serf22,50,122,148,115,33,7,0.777,0.9426,0.7419
6,clab-nebula-serf160,50,118,155,112,43,6,0.7226,0.9492,0.6957
6,clab-nebula-serf31,50,129,148,122,26,7,0.8243,0.9457,0.7871
6,clab-nebula-serf93,50,154,151,146,5,8,0.9669,0.9481,0.9182
6,clab-nebula-serf122,50,154,153,146,7,8,0.9542,0.9481,0.9068
6,clab-nebula-serf38,50,133,148,126,22,7,0.8514,0.9474,0.8129
6,clab-nebula-serf55,50,153,147,145,2,8,0.9864,0.9477,0.9355
6,clab-nebula-serf79,50,154,151,146,5,8,0.9669,0.9481,0.9182
6,clab-nebula-serf113,50,159,152,151,1,8,0.9934,0.9497,0.9437
6,clab-nebula-serf120,50,14,83,13,70,1,0.1566,0.9286,0.1548
6,clab-nebula-serf128,50,155,152,147,5,8,0.9671,0.9484,0.9187
6,clab-nebula-serf8,50,122,148,115,33,7,0.777,0.9426,0.7419
6,clab-nebula-serf27,50,117,149,111,38,6,0.745,0.9487,0.7161
6,clab-nebula-serf78,50,154,151,146,5,8,0.9669,0.9481,0.9182
6,clab-nebula-serf104,50,155,152,147,5,8,0.9671,0.9484,0.9187
6,clab-nebula-serf133,50,117,155,111,44,6,0.7161,0.9487,0.6894
6,clab-nebula-serf64,50,128,148,121,27,7,0.8176,0.9453,0.7806
6,clab-nebula-serf73,50,154,151,146,5,8,0.9669,0.9481,0.9182
6,clab-nebula-serf118,50,15,83,14,69,1,0.1687,0.9333,0.1667
6,clab-nebula-serf5,50,118,149,112,37,6,0.7517,0.9492,0.7226
6,clab-nebula-serf87,50,145,145,137,8,8,0.9448,0.9448,0.8954
6,clab-nebula-serf88,50,136,145,129,16,7,0.8897,0.9485,0.8487
6,clab-nebula-serf153,50,114,141,108,33,6,0.766,0.9474,0.7347
6,clab-nebula-serf53,50,151,147,143,4,8,0.9728,0.947,0.9226
6,clab-nebula-serf69,50,154,147,146,1,8,0.9932,0.9481,0.9419
6,clab-nebula-serf60,50,154,147,146,1,8,0.9932,0.9481,0.9419
6,clab-nebula-serf145,50,104,155,98,57,6,0.6323,0.9423,0.6087
6,clab-nebula-serf6,50,124,148,117,31,7,0.7905,0.9435,0.7548
6,clab-nebula-serf11,50,142,147,134,13,8,0.9116,0.9437,0.8645
6,clab-nebula-serf98,50,156,149,148,1,8,0.9933,0.9487,0.9427
6,clab-nebula-serf138,50,115,155,109,46,6,0.7032,0.9478,0.677
6,clab-nebula-serf150,50,117,140,111,29,6,0.7929,0.9487,0.7603
6,clab-nebula-serf18,50,140,148,133,15,7,0.8986,0.95,0.8581
6,clab-nebula-serf30,50,128,148,121,27,7,0.8176,0.9453,0.7806
6,clab-nebula-serf44,50,154,147,146,1,8,0.9932,0.9481,0.9419
6,clab-nebula-serf131,50,122,154,115,39,7,0.7468,0.9426,0.7143
6,clab-nebula-serf35,50,124,148,117,31,7,0.7905,0.9435,0.7548
6,clab-nebula-serf40,50,126,148,119,29,7,0.8041,0.9444,0.7677
6,clab-nebula-serf144,50,141,154,134,20,7,0.8701,0.9504,0.8323
6,clab-nebula-serf152,50,143,145,135,10,8,0.931,0.9441,0.8824
6,clab-nebula-serf162,50,54,158,51,107,3,0.3228,0.9444,0.3168
6,clab-nebula-serf41,50,121,149,115,34,6,0.7718,0.9504,0.7419
6,clab-nebula-serf72,50,154,151,146,5,8,0.9669,0.9481,0.9182
6,clab-nebula-serf141,50,116,155,110,45,6,0.7097,0.9483,0.6832
6,clab-nebula-serf25,50,124,148,117,31,7,0.7905,0.9435,0.7548
6,clab-nebula-serf50,50,153,147,145,2,8,0.9864,0.9477,0.9355
6,clab-nebula-serf51,50,152,147,144,3,8,0.9796,0.9474,0.929
6,clab-nebula-serf66,50,154,151,146,5,8,0.9669,0.9481,0.9182
6,clab-nebula-serf86,50,145,145,137,8,8,0.9448,0.9448,0.8954
6,clab-nebula-serf90,50,154,151,146,5,8,0.9669,0.9481,0.9182
6,clab-nebula-serf143,50,103,155,97,58,6,0.6258,0.9417,0.6025
6,clab-nebula-serf7,50,124,148,117,31,7,0.7905,0.9435,0.7548
6,clab-nebula-serf37,50,146,147,138,9,8,0.9388,0.9452,0.8903
6,clab-nebula-serf43,50,126,148,119,29,7,0.8041,0.9444,0.7677
6,clab-nebula-serf58,50,154,147,146,1,8,0.9932,0.9481,0.9419
6,clab-nebula-serf61,50,154,147,146,1,8,0.9932,0.9481,0.9419
6,clab-nebula-serf112,50,136,146,129,17,7,0.8836,0.9485,0.8431
6,clab-nebula-serf15,50,151,147,143,4,8,0.9728,0.947,0.9226
6,clab-nebula-serf16,50,151,147,143,4,8,0.9728,0.947,0.9226
6,clab-nebula-serf77,50,154,151,146,5,8,0.9669,0.9481,0.9182
6,clab-nebula-serf121,50,160,153,152,1,8,0.9935,0.95,0.9441
6,clab-nebula-serf140,50,108,155,102,53,6,0.6581,0.9444,0.6335
6,clab-nebula-serf148,50,103,140,97,43,6,0.6929,0.9417,0.6644
6,clab-nebula-serf154,50,113,140,107,33,6,0.7643,0.9469,0.7329
6,clab-nebula-serf156,50,130,143,123,20,7,0.8601,0.9462,0.82
6,clab-nebula-serf23,50,117,149,111,38,6,0.745,0.9487,0.7161
6,clab-nebula-serf39,50,154,147,146,1,8,0.9932,0.9481,0.9419
6,clab-nebula-serf62,50,144,147,136,11,8,0.9252,0.9444,0.8774
6,clab-nebula-serf107,50,154,151,146,5,8,0.9669,0.9481,0.9182
6,clab-nebula-serf115,50,23,82,21,61,2,0.2561,0.913,0.25
6,clab-nebula-serf151,50,114,141,108,33,6,0.766,0.9474,0.7347
6,clab-nebula-serf158,50,103,155,97,58,6,0.6258,0.9417,0.6025
6,clab-nebula-serf28,50,95,145,90,55,5,0.6207,0.9474,0.6
6,clab-nebula-serf29,50,115,144,109,35,6,0.7569,0.9478,0.7267
6,clab-nebula-serf130,55,136,154,129,25,7,0.8377,0.9485,0.8012
6,clab-nebula-serf161,55,139,154,132,22,7,0.8571,0.9496,0.8199
6,clab-nebula-serf32,55,154,147,146,1,8,0.9932,0.9481,0.9419
6,clab-nebula-serf63,55,154,147,146,1,8,0.9932,0.9481,0.9419
6,clab-nebula-serf45,55,154,147,146,1,8,0.9932,0.9481,0.9419
6,clab-nebula-serf49,55,154,147,146,1,8,0.9932,0.9481,0.9419
6,clab-nebula-serf83,55,154,153,146,7,8,0.9542,0.9481,0.9068
6,clab-nebula-serf91,55,157,153,149,4,8,0.9739,0.949,0.9255
6,clab-nebula-serf136,55,137,154,130,24,7,0.8442,0.9489,0.8075
6,clab-nebula-serf146,55,137,154,130,24,7,0.8442,0.9489,0.8075
6,clab-nebula-serf12,55,153,147,145,2,8,0.9864,0.9477,0.9355
6,clab-nebula-serf19,55,153,147,145,2,8,0.9864,0.9477,0.9355
6,clab-nebula-serf80,55,156,153,149,4,7,0.9739,0.9551,0.9313
6,clab-nebula-serf111,55,161,153,153,0,8,1.0,0.9503,0.9503
6,clab-nebula-serf109,55,161,153,153,0,8,1.0,0.9503,0.9503
6,clab-nebula-serf147,55,141,146,134,12,7,0.9178,0.9504,0.8758
6,clab-nebula-serf4,55,123,148,116,32,7,0.7838,0.9431,0.7484
6,clab-nebula-serf100,55,160,152,152,0,8,1.0,0.95,0.95
6,clab-nebula-serf75,55,155,153,148,5,7,0.9673,0.9548,0.925
6,clab-nebula-serf89,55,154,152,146,6,8,0.9605,0.9481,0.9125
6,clab-nebula-serf101,55,160,152,152,0,8,1.0,0.95,0.95
6,clab-nebula-serf105,55,160,153,152,1,8,0.9935,0.95,0.9441
6,clab-nebula-serf65,55,154,147,146,1,8,0.9932,0.9481,0.9419
6,clab-nebula-serf68,55,154,151,146,5,8,0.9669,0.9481,0.9182
6,clab-nebula-serf94,55,157,153,149,4,8,0.9739,0.949,0.9255
6,clab-nebula-serf103,55,161,153,153,0,8,1.0,0.9503,0.9503
6,clab-nebula-serf117,55,45,104,42,62,3,0.4038,0.9333,0.3925
6,clab-nebula-serf127,55,161,153,153,0,8,1.0,0.9503,0.9503
6,clab-nebula-serf129,55,155,152,147,5,8,0.9671,0.9484,0.9187
6,clab-nebula-serf155,55,137,146,130,16,7,0.8904,0.9489,0.8497
6,clab-nebula-serf3,55,123,148,116,32,7,0.7838,0.9431,0.7484
6,clab-nebula-serf14,55,151,147,143,4,8,0.9728,0.947,0.9226
6,clab-nebula-serf142,55,126,154,119,35,7,0.7727,0.9444,0.7391
6,clab-nebula-serf96,55,160,152,152,0,8,1.0,0.95,0.95
6,clab-nebula-serf116,55,40,137,38,99,2,0.2774,0.95,0.2734
6,clab-nebula-serf56,55,157,149,149,0,8,1.0,0.949,0.949
6,clab-nebula-serf59,55,157,149,149,0,8,1.0,0.949,0.949
6,clab-nebula-serf70,55,158,150,150,0,8,1.0,0.9494,0.9494
6,clab-nebula-serf81,55,157,153,150,3,7,0.9804,0.9554,0.9375
6,clab-nebula-serf95,55,154,151,146,5,8,0.9669,0.9481,0.9182
6,clab-nebula-serf114,55,161,153,153,0,8,1.0,0.9503,0.9503
6,clab-nebula-serf9,55,151,147,143,4,8,0.9728,0.947,0.9226
6,clab-nebula-serf17,55,154,147,146,1,8,0.9932,0.9481,0.9419
6,clab-nebula-serf139,55,137,154,130,24,7,0.8442,0.9489,0.8075
6,clab-nebula-serf52,55,154,147,146,1,8,0.9932,0.9481,0.9419
6,clab-nebula-serf71,55,156,149,148,1,8,0.9933,0.9487,0.9427
6,clab-nebula-serf26,55,154,147,146,1,8,0.9932,0.9481,0.9419
6,clab-nebula-serf34,55,154,147,146,1,8,0.9932,0.9481,0.9419
6,clab-nebula-serf126,55,161,153,153,0,8,1.0,0.9503,0.9503
6,clab-nebula-serf36,55,154,147,146,1,8,0.9932,0.9481,0.9419
6,clab-nebula-serf82,55,121,148,115,33,6,0.777,0.9504,0.7468
6,clab-nebula-serf85,55,154,153,146,7,8,0.9542,0.9481,0.9068
6,clab-nebula-serf97,55,161,153,153,0,8,1.0,0.9503,0.9503
6,clab-nebula-serf99,55,160,152,152,0,8,1.0,0.95,0.95
6,clab-nebula-serf124,55,161,153,153,0,8,1.0,0.9503,0.9503
6,clab-nebula-serf157,55,136,154,129,25,7,0.8377,0.9485,0.8012
6,clab-nebula-serf159,55,136,154,129,25,7,0.8377,0.9485,0.8012
6,clab-nebula-serf1,55,133,148,126,22,7,0.8514,0.9474,0.8129
6,clab-nebula-serf33,55,154,147,146,1,8,0.9932,0.9481,0.9419
6,clab-nebula-serf123,55,161,153,153,0,8,1.0,0.9503,0.9503
6,clab-nebula-serf135,55,137,154,130,24,7,0.8442,0.9489,0.8075
6,clab-nebula-serf13,55,154,147,146,1,8,0.9932,0.9481,0.9419
6,clab-nebula-serf47,55,154,147,146,1,8,0.9932,0.9481,0.9419
6,clab-nebula-serf84,55,142,147,134,13,8,0.9116,0.9437,0.8645
6,clab-nebula-serf92,55,154,151,146,5,8,0.9669,0.9481,0.9182
6,clab-nebula-serf106,55,155,152,147,5,8,0.9671,0.9484,0.9187
6,clab-nebula-serf108,55,158,153,150,3,8,0.9804,0.9494,0.9317
6,clab-nebula-serf119,55,27,82,25,57,2,0.3049,0.9259,0.2976
6,clab-nebula-serf125,55,161,153,153,0,8,1.0,0.9503,0.9503
6,clab-nebula-serf54,55,154,147,146,1,8,0.9932,0.9481,0.9419
6,clab-nebula-serf57,55,155,148,147,1,8,0.9932,0.9484,0.9423
6,clab-nebula-serf24,55,124,148,117,31,7,0.7905,0.9435,0.7548
6,clab-nebula-serf42,55,127,148,120,28,7,0.8108,0.9449,0.7742
6,clab-nebula-serf48,55,154,147,146,1,8,0.9932,0.9481,0.9419
6,clab-nebula-serf2,55,120,149,114,35,6,0.7651,0.95,0.7355
6,clab-nebula-serf21,55,133,148,126,22,7,0.8514,0.9474,0.8129
6,clab-nebula-serf67,55,154,151,146,5,8,0.9669,0.9481,0.9182
6,clab-nebula-serf102,55,160,152,152,0,8,1.0,0.95,0.95
6,clab-nebula-serf110,55,154,151,146,5,8,0.9669,0.9481,0.9182
6,clab-nebula-serf132,55,144,153,136,17,8,0.8889,0.9444,0.8447
6,clab-nebula-serf134,55,137,154,130,24,7,0.8442,0.9489,0.8075
6,clab-nebula-serf137,55,137,154,130,24,7,0.8442,0.9489,0.8075
6,clab-nebula-serf10,55,153,147,145,2,8,0.9864,0.9477,0.9355
6,clab-nebula-serf46,55,154,147,146,1,8,0.9932,0.9481,0.9419
6,clab-nebula-serf74,55,155,153,148,5,7,0.9673,0.9548,0.925
6,clab-nebula-serf76,55,158,153,150,3,8,0.9804,0.9494,0.9317
6,clab-nebula-serf149,55,143,145,135,10,8,0.931,0.9441,0.8824
6,clab-nebula-serf20,55,129,148,122,26,7,0.8243,0.9457,0.7871
6,clab-nebula-serf22,55,125,148,118,30,7,0.7973,0.944,0.7613
6,clab-nebula-serf160,55,139,154,132,22,7,0.8571,0.9496,0.8199
6,clab-nebula-serf31,55,154,147,146,1,8,0.9932,0.9481,0.9419
6,clab-nebula-serf93,55,156,153,149,4,7,0.9739,0.9551,0.9313
6,clab-nebula-serf122,55,161,153,153,0,8,1.0,0.9503,0.9503
6,clab-nebula-serf38,55,154,147,146,1,8,0.9932,0.9481,0.9419
6,clab-nebula-serf55,55,154,147,146,1,8,0.9932,0.9481,0.9419
6,clab-nebula-serf79,55,158,153,150,3,8,0.9804,0.9494,0.9317
6,clab-nebula-serf113,55,161,153,153,0,8,1.0,0.9503,0.9503
6,clab-nebula-serf120,55,24,82,22,60,2,0.2683,0.9167,0.2619
6,clab-nebula-serf128,55,159,153,151,2,8,0.9869,0.9497,0.9379
6,clab-nebula-serf8,55,130,148,123,25,7,0.8311,0.9462,0.7935
6,clab-nebula-serf27,55,122,148,115,33,7,0.777,0.9426,0.7419
6,clab-nebula-serf78,55,155,153,148,5,7,0.9673,0.9548,0.925
6,clab-nebula-serf104,55,159,153,151,2,8,0.9869,0.9497,0.9379
6,clab-nebula-serf133,55,137,154,130,24,7,0.8442,0.9489,0.8075
6,clab-nebula-serf64,55,154,147,146,1,8,0.9932,0.9481,0.9419
6,clab-nebula-serf73,55,158,153,150,3,8,0.9804,0.9494,0.9317
6,clab-nebula-serf118,55,25,82,23,59,2,0.2805,0.92,0.2738
6,clab-nebula-serf5,55,121,149,115,34,6,0.7718,0.9504,0.7419
6,clab-nebula-serf87,55,155,153,147,6,8,0.9608,0.9484,0.913
6,clab-nebula-serf88,55,154,152,146,6,8,0.9605,0.9481,0.9125
6,clab-nebula-serf153,55,137,146,130,16,7,0.8904,0.9489,0.8497
6,clab-nebula-serf53,55,154,147,146,1,8,0.9932,0.9481,0.9419
6,clab-nebula-serf69,55,158,150,150,0,8,1.0,0.9494,0.9494
6,clab-nebula-serf60,55,154,147,146,1,8,0.9932,0.9481,0.9419
6,clab-nebula-serf145,55,130,154,123,31,7,0.7987,0.9462,0.764
6,clab-nebula-serf6,55,151,147,143,4,8,0.9728,0.947,0.9226
6,clab-nebula-serf11,55,154,147,146,1,8,0.9932,0.9481,0.9419
6,clab-nebula-serf98,55,160,152,152,0,8,1.0,0.95,0.95
6,clab-nebula-serf138,55,137,154,130,24,7,0.8442,0.9489,0.8075
6,clab-nebula-serf150,55,141,148,134,14,7,0.9054,0.9504,0.8645
6,clab-nebula-serf18,55,151,147,143,4,8,0.9728,0.947,0.9226
6,clab-nebula-serf30,55,154,147,146,1,8,0.9932,0.9481,0.9419
6,clab-nebula-serf44,55,154,147,146,1,8,0.9932,0.9481,0.9419
6,clab-nebula-serf131,55,137,154,130,24,7,0.8442,0.9489,0.8075
6,clab-nebula-serf35,55,145,147,137,10,8,0.932,0.9448,0.8839
6,clab-nebula-serf40,55,153,147,145,2,8,0.9864,0.9477,0.9355
6,clab-nebula-serf144,55,151,153,143,10,8,0.9346,0.947,0.8882
6,clab-nebula-serf152,55,152,147,144,3,8,0.9796,0.9474,0.929
6,clab-nebula-serf162,55,74,157,70,87,4,0.4459,0.9459,0.4348
6,clab-nebula-serf41,55,126,148,119,29,7,0.8041,0.9444,0.7677
6,clab-nebula-serf72,55,158,153,150,3,8,0.9804,0.9494,0.9317
6,clab-nebula-serf141,55,137,154,130,24,7,0.8442,0.9489,0.8075
6,clab-nebula-serf25,55,127,148,120,28,7,0.8108,0.9449,0.7742
6,clab-nebula-serf50,55,154,147,146,1,8,0.9932,0.9481,0.9419
6,clab-nebula-serf51,55,154,147,146,1,8,0.9932,0.9481,0.9419
6,clab-nebula-serf66,55,154,151,146,5,8,0.9669,0.9481,0.9182
6,clab-nebula-serf86,55,155,153,147,6,8,0.9608,0.9484,0.913
6,clab-nebula-serf90,55,155,151,147,4,8,0.9735,0.9484,0.9245
6,clab-nebula-serf143,55,130,154,123,31,7,0.7987,0.9462,0.764
6,clab-nebula-serf7,55,151,147,143,4,8,0.9728,0.947,0.9226
6,clab-nebula-serf37,55,154,147,146,1,8,0.9932,0.9481,0.9419
6,clab-nebula-serf43,55,154,147,146,1,8,0.9932,0.9481,0.9419
6,clab-nebula-serf58,55,156,148,148,0,8,1.0,0.9487,0.9487
6,clab-nebula-serf61,55,156,148,148,0,8,1.0,0.9487,0.9487
6,clab-nebula-serf112,55,148,146,140,6,8,0.9589,0.9459,0.9091
6,clab-nebula-serf15,55,154,147,146,1,8,0.9932,0.9481,0.9419
6,clab-nebula-serf16,55,155,148,147,1,8,0.9932,0.9484,0.9423
6,clab-nebula-serf77,55,158,153,150,3,8,0.9804,0.9494,0.9317
6,clab-nebula-serf121,55,161,153,153,0,8,1.0,0.9503,0.9503
6,clab-nebula-serf140,55,136,154,129,25,7,0.8377,0.9485,0.8012
6,clab-nebula-serf148,55,133,143,126,17,7,0.8811,0.9474,0.84
6,clab-nebula-serf154,55,137,146,130,16,7,0.8904,0.9489,0.8497
6,clab-nebula-serf156,55,145,145,137,8,8,0.9448,0.9448,0.8954
6,clab-nebula-serf23,55,122,148,115,33,7,0.777,0.9426,0.7419
6,clab-nebula-serf39,55,155,148,147,1,8,0.9932,0.9484,0.9423
6,clab-nebula-serf62,55,154,147,146,1,8,0.9932,0.9481,0.9419
6,clab-nebula-serf107,55,157,153,149,4,8,0.9739,0.949,0.9255
6,clab-nebula-serf115,55,57,150,54,96,3,0.36,0.9474,0.3529
6,clab-nebula-serf151,55,137,146,130,16,7,0.8904,0.9489,0.8497
6,clab-nebula-serf158,55,136,154,129,25,7,0.8377,0.9485,0.8012
6,clab-nebula-serf28,55,111,144,105,39,6,0.7292,0.9459,0.7
6,clab-nebula-serf29,55,122,143,115,28,7,0.8042,0.9426,0.7667
6,clab-nebula-serf130,60,146,153,138,15,8,0.902,0.9452,0.8571
6,clab-nebula-serf161,60,149,153,141,12,8,0.9216,0.9463,0.8758
6,clab-nebula-serf32,60,155,148,147,1,8,0.9932,0.9484,0.9423
6,clab-nebula-serf63,60,154,147,146,1,8,0.9932,0.9481,0.9419
6,clab-nebula-serf45,60,155,147,147,0,8,1.0,0.9484,0.9484
6,clab-nebula-serf49,60,157,149,149,0,8,1.0,0.949,0.949
6,clab-nebula-serf83,60,156,153,148,5,8,0.9673,0.9487,0.9193
6,clab-nebula-serf91,60,161,153,153,0,8,1.0,0.9503,0.9503
6,clab-nebula-serf136,60,149,153,141,12,8,0.9216,0.9463,0.8758
6,clab-nebula-serf146,60,146,153,138,15,8,0.902,0.9452,0.8571
6,clab-nebula-serf12,60,155,148,147,1,8,0.9932,0.9484,0.9423
6,clab-nebula-serf19,60,157,149,149,0,8,1.0,0.949,0.949
6,clab-nebula-serf80,60,159,153,151,2,8,0.9869,0.9497,0.9379
6,clab-nebula-serf111,60,161,153,153,0,8,1.0,0.9503,0.9503
6,clab-nebula-serf109,60,161,153,153,0,8,1.0,0.9503,0.9503
6,clab-nebula-serf147,60,152,147,144,3,8,0.9796,0.9474,0.929
6,clab-nebula-serf4,60,141,148,134,14,7,0.9054,0.9504,0.8645
6,clab-nebula-serf100,60,161,153,153,0,8,1.0,0.9503,0.9503
6,clab-nebula-serf75,60,158,153,150,3,8,0.9804,0.9494,0.9317
6,clab-nebula-serf89,60,158,153,150,3,8,0.9804,0.9494,0.9317
6,clab-nebula-serf101,60,161,153,153,0,8,1.0,0.9503,0.9503
6,clab-nebula-serf105,60,161,153,153,0,8,1.0,0.9503,0.9503
6,clab-nebula-serf65,60,155,147,147,0,8,1.0,0.9484,0.9484
6,clab-nebula-serf68,60,158,153,150,3,8,0.9804,0.9494,0.9317
6,clab-nebula-serf94,60,161,153,153,0,8,1.0,0.9503,0.9503
6,clab-nebula-serf103,60,161,153,153,0,8,1.0,0.9503,0.9503
6,clab-nebula-serf117,60,68,124,64,60,4,0.5161,0.9412,0.5
6,clab-nebula-serf127,60,161,153,153,0,8,1.0,0.9503,0.9503
6,clab-nebula-serf129,60,158,153,150,3,8,0.9804,0.9494,0.9317
6,clab-nebula-serf155,60,150,147,142,5,8,0.966,0.9467,0.9161
6,clab-nebula-serf3,60,141,148,134,14,7,0.9054,0.9504,0.8645
6,clab-nebula-serf14,60,155,148,147,1,8,0.9932,0.9484,0.9423
6,clab-nebula-serf142,60,140,154,133,21,7,0.8636,0.95,0.8261
6,clab-nebula-serf96,60,161,153,153,0,8,1.0,0.9503,0.9503
6,clab-nebula-serf116,60,88,155,83,72,5,0.5355,0.9432,0.5188
6,clab-nebula-serf56,60,158,150,150,0,8,1.0,0.9494,0.9494
6,clab-nebula-serf59,60,161,153,153,0,8,1.0,0.9503,0.9503
6,clab-nebula-serf70,60,161,153,153,0,8,1.0,0.9503,0.9503
6,clab-nebula-serf81,60,161,153,153,0,8,1.0,0.9503,0.9503
6,clab-nebula-serf95,60,159,153,151,2,8,0.9869,0.9497,0.9379
6,clab-nebula-serf114,60,161,153,153,0,8,1.0,0.9503,0.9503
6,clab-nebula-serf9,60,154,147,146,1,8,0.9932,0.9481,0.9419
6,clab-nebula-serf17,60,157,149,149,0,8,1.0,0.949,0.949
6,clab-nebula-serf139,60,149,153,141,12,8,0.9216,0.9463,0.8758
6,clab-nebula-serf52,60,157,149,149,0,8,1.0,0.949,0.949
6,clab-nebula-serf71,60,161,153,153,0,8,1.0,0.9503,0.9503
6,clab-nebula-serf26,60,155,148,147,1,8,0.9932,0.9484,0.9423
6,clab-nebula-serf34,60,156,148,148,0,8,1.0,0.9487,0.9487
6,clab-nebula-serf126,60,161,153,153,0,8,1.0,0.9503,0.9503
6,clab-nebula-serf36,60,154,147,146,1,8,0.9932,0.9481,0.9419
6,clab-nebula-serf82,60,148,146,140,6,8,0.9589,0.9459,0.9091
6,clab-nebula-serf85,60,157,153,149,4,8,0.9739,0.949,0.9255
6,clab-nebula-serf97,60,161,153,153,0,8,1.0,0.9503,0.9503
6,clab-nebula-serf99,60,161,153,153,0,8,1.0,0.9503,0.9503
6,clab-nebula-serf124,60,161,153,153,0,8,1.0,0.9503,0.9503
6,clab-nebula-serf157,60,148,153,140,13,8,0.915,0.9459,0.8696
6,clab-nebula-serf159,60,148,153,140,13,8,0.915,0.9459,0.8696
6,clab-nebula-serf1,60,153,149,145,4,8,0.9732,0.9477,0.9236
6,clab-nebula-serf33,60,157,149,149,0,8,1.0,0.949,0.949
6,clab-nebula-serf123,60,161,153,153,0,8,1.0,0.9503,0.9503
6,clab-nebula-serf135,60,146,153,138,15,8,0.902,0.9452,0.8571
6,clab-nebula-serf13,60,157,149,149,0,8,1.0,0.949,0.949
6,clab-nebula-serf47,60,156,148,148,0,8,1.0,0.9487,0.9487
6,clab-nebula-serf84,60,154,153,146,7,8,0.9542,0.9481,0.9068
6,clab-nebula-serf92,60,158,153,150,3,8,0.9804,0.9494,0.9317
6,clab-nebula-serf106,60,161,153,153,0,8,1.0,0.9503,0.9503
6,clab-nebula-serf108,60,161,153,153,0,8,1.0,0.9503,0.9503
6,clab-nebula-serf119,60,53,122,50,72,3,0.4098,0.9434,0.4
6,clab-nebula-serf125,60,161,153,153,0,8,1.0,0.9503,0.9503
6,clab-nebula-serf54,60,157,149,149,0,8,1.0,0.949,0.949
6,clab-nebula-serf57,60,158,150,150,0,8,1.0,0.9494,0.9494
6,clab-nebula-serf24,60,129,148,122,26,7,0.8243,0.9457,0.7871
6,clab-nebula-serf42,60,153,147,145,2,8,0.9864,0.9477,0.9355
6,clab-nebula-serf48,60,155,147,147,0,8,1.0,0.9484,0.9484
6,clab-nebula-serf2,60,124,148,117,31,7,0.7905,0.9435,0.7548
6,clab-nebula-serf21,60,154,147,146,1,8,0.9932,0.9481,0.9419
6,clab-nebula-serf67,60,158,153,150,3,8,0.9804,0.9494,0.9317
6,clab-nebula-serf102,60,161,153,153,0,8,1.0,0.9503,0.9503
6,clab-nebula-serf110,60,157,153,149,4,8,0.9739,0.949,0.9255
6,clab-nebula-serf132,60,151,153,143,10,8,0.9346,0.947,0.8882
6,clab-nebula-serf134,60,147,153,139,14,8,0.9085,0.9456,0.8634
6,clab-nebula-serf137,60,148,153,140,13,8,0.915,0.9459,0.8696
6,clab-nebula-serf10,60,156,149,148,1,8,0.9933,0.9487,0.9427
6,clab-nebula-serf46,60,154,147,146,1,8,0.9932,0.9481,0.9419
6,clab-nebula-serf74,60,159,153,151,2,8,0.9869,0.9497,0.9379
6,clab-nebula-serf76,60,161,153,153,0,8,1.0,0.9503,0.9503
6,clab-nebula-serf149,60,152,147,144,3,8,0.9796,0.9474,0.929
6,clab-nebula-serf20,60,154,147,146,1,8,0.9932,0.9481,0.9419
6,clab-nebula-serf22,60,153,147,145,2,8,0.9864,0.9477,0.9355
6,clab-nebula-serf160,60,149,153,141,12,8,0.9216,0.9463,0.8758
6,clab-nebula-serf31,60,154,147,146,1,8,0.9932,0.9481,0.9419
6,clab-nebula-serf93,60,161,153,153,0,8,1.0,0.9503,0.9503
6,clab-nebula-serf122,60,161,153,153,0,8,1.0,0.9503,0.9503
6,clab-nebula-serf38,60,154,147,146,1,8,0.9932,0.9481,0.9419
6,clab-nebula-serf55,60,157,149,149,0,8,1.0,0.949,0.949
6,clab-nebula-serf79,60,161,153,153,0,8,1.0,0.9503,0.9503
6,clab-nebula-serf113,60,161,153,153,0,8,1.0,0.9503,0.9503
6,clab-nebula-serf120,60,48,122,45,77,3,0.3689,0.9375,0.36
6,clab-nebula-serf128,60,161,153,153,0,8,1.0,0.9503,0.9503
6,clab-nebula-serf8,60,153,147,145,2,8,0.9864,0.9477,0.9355
6,clab-nebula-serf27,60,125,148,118,30,7,0.7973,0.944,0.7613
6,clab-nebula-serf78,60,158,153,150,3,8,0.9804,0.9494,0.9317
6,clab-nebula-serf104,60,161,153,153,0,8,1.0,0.9503,0.9503
6,clab-nebula-serf133,60,149,153,141,12,8,0.9216,0.9463,0.8758
6,clab-nebula-serf64,60,154,147,146,1,8,0.9932,0.9481,0.9419
6,clab-nebula-serf73,60,161,153,153,0,8,1.0,0.9503,0.9503
6,clab-nebula-serf118,60,48,122,45,77,3,0.3689,0.9375,0.36
6,clab-nebula-serf5,60,143,147,135,12,8,0.9184,0.9441,0.871
6,clab-nebula-serf87,60,158,153,150,3,8,0.9804,0.9494,0.9317
6,clab-nebula-serf88,60,158,153,150,3,8,0.9804,0.9494,0.9317
6,clab-nebula-serf153,60,148,147,140,7,8,0.9524,0.9459,0.9032
6,clab-nebula-serf53,60,157,149,149,0,8,1.0,0.949,0.949
6,clab-nebula-serf69,60,161,153,153,0,8,1.0,0.9503,0.9503
6,clab-nebula-serf60,60,158,150,150,0,8,1.0,0.9494,0.9494
6,clab-nebula-serf145,60,145,153,137,16,8,0.8954,0.9448,0.8509
6,clab-nebula-serf6,60,155,148,147,1,8,0.9932,0.9484,0.9423
6,clab-nebula-serf11,60,157,149,149,0,8,1.0,0.949,0.949
6,clab-nebula-serf98,60,161,153,153,0,8,1.0,0.9503,0.9503
6,clab-nebula-serf138,60,147,153,139,14,8,0.9085,0.9456,0.8634
6,clab-nebula-serf150,60,152,147,144,3,8,0.9796,0.9474,0.929
6,clab-nebula-serf18,60,157,149,149,0,8,1.0,0.949,0.949
6,clab-nebula-serf30,60,154,147,146,1,8,0.9932,0.9481,0.9419
6,clab-nebula-serf44,60,156,148,148,0,8,1.0,0.9487,0.9487
6,clab-nebula-serf131,60,149,153,141,12,8,0.9216,0.9463,0.8758
6,clab-nebula-serf35,60,154,147,146,1,8,0.9932,0.9481,0.9419
6,clab-nebula-serf40,60,154,147,146,1,8,0.9932,0.9481,0.9419
6,clab-nebula-serf144,60,155,153,147,6,8,0.9608,0.9484,0.913
6,clab-nebula-serf152,60,156,148,148,0,8,1.0,0.9487,0.9487
6,clab-nebula-serf162,60,113,155,107,48,6,0.6903,0.9469,0.6646
6,clab-nebula-serf41,60,153,147,145,2,8,0.9864,0.9477,0.9355
6,clab-nebula-serf72,60,161,153,153,0,8,1.0,0.9503,0.9503
6,clab-nebula-serf141,60,149,153,141,12,8,0.9216,0.9463,0.8758
6,clab-nebula-serf25,60,154,147,146,1,8,0.9932,0.9481,0.9419
6,clab-nebula-serf50,60,156,148,148,0,8,1.0,0.9487,0.9487
6,clab-nebula-serf51,60,157,149,149,0,8,1.0,0.949,0.949
6,clab-nebula-serf66,60,158,153,150,3,8,0.9804,0.9494,0.9317
6,clab-nebula-serf86,60,160,153,152,1,8,0.9935,0.95,0.9441
6,clab-nebula-serf90,60,159,153,151,2,8,0.9869,0.9497,0.9379
6,clab-nebula-serf143,60,145,153,137,16,8,0.8954,0.9448,0.8509
6,clab-nebula-serf7,60,156,149,148,1,8,0.9933,0.9487,0.9427
6,clab-nebula-serf37,60,156,148,148,0,8,1.0,0.9487,0.9487
6,clab-nebula-serf43,60,154,147,146,1,8,0.9932,0.9481,0.9419
6,clab-nebula-serf58,60,160,152,152,0,8,1.0,0.95,0.95
6,clab-nebula-serf61,60,158,150,150,0,8,1.0,0.9494,0.9494
6,clab-nebula-serf112,60,159,152,151,1,8,0.9934,0.9497,0.9437
6,clab-nebula-serf15,60,158,150,150,0,8,1.0,0.9494,0.9494
6,clab-nebula-serf16,60,158,150,150,0,8,1.0,0.9494,0.9494
6,clab-nebula-serf77,60,161,153,153,0,8,1.0,0.9503,0.9503
6,clab-nebula-serf121,60,161,153,153,0,8,1.0,0.9503,0.9503
6,clab-nebula-serf140,60,145,153,137,16,8,0.8954,0.9448,0.8509
6,clab-nebula-serf148,60,148,147,140,7,8,0.9524,0.9459,0.9032
6,clab-nebula-serf154,60,147,146,139,7,8,0.9521,0.9456,0.9026
6,clab-nebula-serf156,60,154,148,146,2,8,0.9865,0.9481,0.9359
6,clab-nebula-serf23,60,124,148,117,31,7,0.7905,0.9435,0.7548
6,clab-nebula-serf39,60,158,150,150,0,8,1.0,0.9494,0.9494
6,clab-nebula-serf62,60,154,147,146,1,8,0.9932,0.9481,0.9419
6,clab-nebula-serf107,60,161,153,153,0,8,1.0,0.9503,0.9503
6,clab-nebula-serf115,60,103,155,97,58,6,0.6258,0.9417,0.6025
6,clab-nebula-serf151,60,148,147,140,7,8,0.9524,0.9459,0.9032
6,clab-nebula-serf158,60,148,153,140,13,8,0.915,0.9459,0.8696
6,clab-nebula-serf28,60,121,144,115,29,6,0.7986,0.9504,0.7667
6,clab-nebula-serf29,60,125,146,118,28,7,0.8082,0.944,0.7712
8,clab-nebula-serf130,5,0,0,0,0,0,1.0,1.0,1.0
8,clab-nebula-serf161,5,4,4,3,1,1,0.75,0.75,0.6
8,clab-nebula-serf32,5,3,6,2,4,1,0.3333,0.6667,0.2857
8,clab-nebula-serf63,5,0,0,0,0,0,1.0,1.0,1.0
8,clab-nebula-serf45,5,2,6,1,5,1,0.1667,0.5,0.1429
8,clab-nebula-serf49,5,4,6,3,3,1,0.5,0.75,0.4286
8,clab-nebula-serf83,5,0,0,0,0,0,1.0,1.0,1.0
8,clab-nebula-serf91,5,3,55,2,53,1,0.0364,0.6667,0.0357
8,clab-nebula-serf136,5,0,0,0,0,0,1.0,1.0,1.0
8,clab-nebula-serf146,5,0,0,0,0,0,1.0,1.0,1.0
8,clab-nebula-serf12,5,0,0,0,0,0,1.0,1.0,1.0
8,clab-nebula-serf19,5,0,0,0,0,0,1.0,1.0,1.0
8,clab-nebula-serf80,5,0,0,0,0,0,1.0,1.0,1.0
8,clab-nebula-serf111,5,1,6,1,5,0,0.1667,1.0,0.1667
8,clab-nebula-serf109,5,3,5,2,3,1,0.4,0.6667,0.3333
8,clab-nebula-serf147,5,0,0,0,0,0,1.0,1.0,1.0
8,clab-nebula-serf4,5,1,1,1,0,0,1.0,1.0,1.0
8,clab-nebula-serf100,5,6,5,5,0,1,1.0,0.8333,0.8333
8,clab-nebula-serf75,5,0,0,0,0,0,1.0,1.0,1.0
8,clab-nebula-serf89,5,3,2,2,0,1,1.0,0.6667,0.6667
8,clab-nebula-serf101,5,4,4,3,1,1,0.75,0.75,0.6
8,clab-nebula-serf105,5,1,6,1,5,0,0.1667,1.0,0.1667
8,clab-nebula-serf65,5,0,0,0,0,0,1.0,1.0,1.0
8,clab-nebula-serf68,5,0,0,0,0,0,1.0,1.0,1.0
8,clab-nebula-serf94,5,2,54,1,53,1,0.0185,0.5,0.0182
8,clab-nebula-serf103,5,7,6,6,0,1,1.0,0.8571,0.8571
8,clab-nebula-serf117,5,0,0,0,0,0,1.0,1.0,1.0
8,clab-nebula-serf127,5,0,0,0,0,0,1.0,1.0,1.0
8,clab-nebula-serf129,5,0,0,0,0,0,1.0,1.0,1.0
8,clab-nebula-serf155,5,0,0,0,0,0,1.0,1.0,1.0
8,clab-nebula-serf3,5,0,0,0,0,0,1.0,1.0,1.0
8,clab-nebula-serf14,5,0,0,0,0,0,1.0,1.0,1.0
8,clab-nebula-serf142,5,0,0,0,0,0,1.0,1.0,1.0
8,clab-nebula-serf96,5,4,4,3,1,1,0.75,0.75,0.6
8,clab-nebula-serf116,5,0,0,0,0,0,1.0,1.0,1.0
8,clab-nebula-serf56,5,9,16,8,8,1,0.5,0.8889,0.4706
8,clab-nebula-serf59,5,5,27,4,23,1,0.1481,0.8,0.1429
8,clab-nebula-serf70,5,3,93,2,91,1,0.0215,0.6667,0.0213
8,clab-nebula-serf81,5,1,9,1,8,0,0.1111,1.0,0.1111
8,clab-nebula-serf95,5,0,0,0,0,0,1.0,1.0,1.0
8,clab-nebula-serf114,5,1,1,1,0,0,1.0,1.0,1.0
8,clab-nebula-serf9,5,1,1,1,0,0,1.0,1.0,1.0
8,clab-nebula-serf17,5,1,3,1,2,0,0.3333,1.0,0.3333
8,clab-nebula-serf139,5,0,0,0,0,0,1.0,1.0,1.0
8,clab-nebula-serf52,5,1,1,1,0,0,1.0,1.0,1.0
8,clab-nebula-serf71,5,0,0,0,0,0,1.0,1.0,1.0
8,clab-nebula-serf26,5,3,6,2,4,1,0.3333,0.6667,0.2857
8,clab-nebula-serf34,5,1,4,1,3,0,0.25,1.0,0.25
8,clab-nebula-serf126,5,0,0,0,0,0,1.0,1.0,1.0
8,clab-nebula-serf36,5,0,0,0,0,0,1.0,1.0,1.0
8,clab-nebula-serf82,5,0,0,0,0,0,1.0,1.0,1.0
8,clab-nebula-serf85,5,0,0,0,0,0,1.0,1.0,1.0
8,clab-nebula-serf97,5,5,5,4,1,1,0.8,0.8,0.6667
8,clab-nebula-serf99,5,6,5,5,0,1,1.0,0.8333,0.8333
8,clab-nebula-serf124,5,0,0,0,0,0,1.0,1.0,1.0
8,clab-nebula-serf157,5,4,4,3,1,1,0.75,0.75,0.6
8,clab-nebula-serf159,5,4,4,3,1,1,0.75,0.75,0.6
8,clab-nebula-serf1,5,0,0,0,0,0,1.0,1.0,1.0
8,clab-nebula-serf33,5,3,156,2,154,1,0.0128,0.6667,0.0127
8,clab-nebula-serf123,5,0,0,0,0,0,1.0,1.0,1.0
8,clab-nebula-serf135,5,0,0,0,0,0,1.0,1.0,1.0
8,clab-nebula-serf13,5,0,0,0,0,0,1.0,1.0,1.0
8,clab-nebula-serf47,5,4,6,3,3,1,0.5,0.75,0.4286
8,clab-nebula-serf84,5,0,0,0,0,0,1.0,1.0,1.0
8,clab-nebula-serf92,5,0,0,0,0,0,1.0,1.0,1.0
8,clab-nebula-serf106,5,0,0,0,0,0,1.0,1.0,1.0
8,clab-nebula-serf108,5,0,0,0,0,0,1.0,1.0,1.0
8,clab-nebula-serf119,5,2,1,1,0,1,1.0,0.5,0.5
8,clab-nebula-serf125,5,0,0,0,0,0,1.0,1.0,1.0
8,clab-nebula-serf54,5,1,3,1,2,0,0.3333,1.0,0.3333
8,clab-nebula-serf57,5,4,7,3,4,1,0.4286,0.75,0.375
8,clab-nebula-serf24,5,0,0,0,0,0,1.0,1.0,1.0
8,clab-nebula-serf42,5,0,0,0,0,0,1.0,1.0,1.0
8,clab-nebula-serf48,5,0,0,0,0,0,1.0,1.0,1.0
8,clab-nebula-serf2,5,0,0,0,0,0,1.0,1.0,1.0
8,clab-nebula-serf21,5,2,5,1,4,1,0.2,0.5,0.1667
8,clab-nebula-serf67,5,0,0,0,0,0,1.0,1.0,1.0
8,clab-nebula-serf102,5,5,5,4,1,1,0.8,0.8,0.6667
8,clab-nebula-serf110,5,0,0,0,0,0,1.0,1.0,1.0
8,clab-nebula-serf132,5,0,0,0,0,0,1.0,1.0,1.0
8,clab-nebula-serf134,5,0,0,0,0,0,1.0,1.0,1.0
8,clab-nebula-serf137,5,0,0,0,0,0,1.0,1.0,1.0
8,clab-nebula-serf10,5,1,1,1,0,0,1.0,1.0,1.0
8,clab-nebula-serf46,5,0,0,0,0,0,1.0,1.0,1.0
8,clab-nebula-serf74,5,0,0,0,0,0,1.0,1.0,1.0
8,clab-nebula-serf76,5,2,5,1,4,1,0.2,0.5,0.1667
8,clab-nebula-serf149,5,0,0,0,0,0,1.0,1.0,1.0
8,clab-nebula-serf20,5,2,1,1,0,1,1.0,0.5,0.5
8,clab-nebula-serf22,5,0,0,0,0,0,1.0,1.0,1.0
8,clab-nebula-serf160,5,4,4,3,1,1,0.75,0.75,0.6
8,clab-nebula-serf31,5,1,6,1,5,0,0.1667,1.0,0.1667
8,clab-nebula-serf93,5,3,71,2,69,1,0.0282,0.6667,0.0278
8,clab-nebula-serf122,5,0,0,0,0,0,1.0,1.0,1.0
8,clab-nebula-serf38,5,0,0,0,0,0,1.0,1.0,1.0
8,clab-nebula-serf55,5,0,0,0,0,0,1.0,1.0,1.0
8,clab-nebula-serf79,5,6,79,5,74,1,0.0633,0.8333,0.0625
8,clab-nebula-serf113,5,1,1,1,0,0,1.0,1.0,1.0
8,clab-nebula-serf120,5,2,1,1,0,1,1.0,0.5,0.5
8,clab-nebula-serf128,5,0,0,0,0,0,1.0,1.0,1.0
8,clab-nebula-serf8,5,0,0,0,0,0,1.0,1.0,1.0
8,clab-nebula-serf27,5,0,0,0,0,0,1.0,1.0,1.0
8,clab-nebula-serf78,5,0,0,0,0,0,1.0,1.0,1.0
8,clab-nebula-serf104,5,1,6,1,5,0,0.1667,1.0,0.1667
8,clab-nebula-serf133,5,0,0,0,0,0,1.0,1.0,1.0
8,clab-nebula-serf64,5,0,0,0,0,0,1.0,1.0,1.0
8,clab-nebula-serf73,5,4,79,3,76,1,0.038,0.75,0.0375
8,clab-nebula-serf118,5,2,1,1,0,1,1.0,0.5,0.5
8,clab-nebula-serf5,5,0,0,0,0,0,1.0,1.0,1.0
8,clab-nebula-serf87,5,3,2,2,0,1,1.0,0.6667,0.6667
8,clab-nebula-serf88,5,3,2,2,0,1,1.0,0.6667,0.6667
8,clab-nebula-serf153,5,0,0,0,0,0,1.0,1.0,1.0
8,clab-nebula-serf53,5,0,0,0,0,0,1.0,1.0,1.0
8,clab-nebula-serf69,5,0,0,0,0,0,1.0,1.0,1.0
8,clab-nebula-serf60,5,4,16,3,13,1,0.1875,0.75,0.1765
8,clab-nebula-serf145,5,0,0,0,0,0,1.0,1.0,1.0
8,clab-nebula-serf6,5,1,1,1,0,0,1.0,1.0,1.0
8,clab-nebula-serf11,5,2,1,1,0,1,1.0,0.5,0.5
8,clab-nebula-serf98,5,1,6,1,5,0,0.1667,1.0,0.1667
8,clab-nebula-serf138,5,0,0,0,0,0,1.0,1.0,1.0
8,clab-nebula-serf150,5,0,0,0,0,0,1.0,1.0,1.0
8,clab-nebula-serf18,5,0,0,0,0,0,1.0,1.0,1.0
8,clab-nebula-serf30,5,1,1,1,0,0,1.0,1.0,1.0
8,clab-nebula-serf44,5,3,6,2,4,1,0.3333,0.6667,0.2857
8,clab-nebula-serf131,5,0,0,0,0,0,1.0,1.0,1.0
8,clab-nebula-serf35,5,0,0,0,0,0,1.0,1.0,1.0
8,clab-nebula-serf40,5,0,0,0,0,0,1.0,1.0,1.0
8,clab-nebula-serf144,5,0,0,0,0,0,1.0,1.0,1.0
8,clab-nebula-serf152,5,0,0,0,0,0,1.0,1.0,1.0
8,clab-nebula-serf162,5,0,0,0,0,0,1.0,1.0,1.0
8,clab-nebula-serf41,5,0,0,0,0,0,1.0,1.0,1.0
8,clab-nebula-serf72,5,1,6,1,5,0,0.1667,1.0,0.1667
8,clab-nebula-serf141,5,0,0,0,0,0,1.0,1.0,1.0
8,clab-nebula-serf25,5,0,0,0,0,0,1.0,1.0,1.0
8,clab-nebula-serf50,5,3,6,2,4,1,0.3333,0.6667,0.2857
8,clab-nebula-serf51,5,1,3,1,2,0,0.3333,1.0,0.3333
8,clab-nebula-serf66,5,0,0,0,0,0,1.0,1.0,1.0
8,clab-nebula-serf86,5,3,2,2,0,1,1.0,0.6667,0.6667
8,clab-nebula-serf90,5,2,69,1,68,1,0.0145,0.5,0.0143
8,clab-nebula-serf143,5,0,0,0,0,0,1.0,1.0,1.0
8,clab-nebula-serf7,5,1,1,1,0,0,1.0,1.0,1.0
8,clab-nebula-serf37,5,2,157,1,156,1,0.0064,0.5,0.0063
8,clab-nebula-serf43,5,0,0,0,0,0,1.0,1.0,1.0
8,clab-nebula-serf58,5,5,27,4,23,1,0.1481,0.8,0.1429
8,clab-nebula-serf61,5,5,27,4,23,1,0.1481,0.8,0.1429
8,clab-nebula-serf112,5,0,0,0,0,0,1.0,1.0,1.0
8,clab-nebula-serf15,5,1,3,1,2,0,0.3333,1.0,0.3333
8,clab-nebula-serf16,5,2,2,1,1,1,0.5,0.5,0.3333
8,clab-nebula-serf77,5,3,99,2,97,1,0.0202,0.6667,0.02
8,clab-nebula-serf121,5,0,0,0,0,0,1.0,1.0,1.0
8,clab-nebula-serf140,5,0,0,0,0,0,1.0,1.0,1.0
8,clab-nebula-serf148,5,0,0,0,0,0,1.0,1.0,1.0
8,clab-nebula-serf154,5,0,0,0,0,0,1.0,1.0,1.0
8,clab-nebula-serf156,5,0,0,0,0,0,1.0,1.0,1.0
8,clab-nebula-serf23,5,0,0,0,0,0,1.0,1.0,1.0
8,clab-nebula-serf39,5,2,113,1,112,1,0.0088,0.5,0.0088
8,clab-nebula-serf62,5,0,0,0,0,0,1.0,1.0,1.0
8,clab-nebula-serf107,5,0,0,0,0,0,1.0,1.0,1.0
8,clab-nebula-serf115,5,0,0,0,0,0,1.0,1.0,1.0
8,clab-nebula-serf151,5,0,0,0,0,0,1.0,1.0,1.0
8,clab-nebula-serf158,5,4,4,3,1,1,0.75,0.75,0.6
8,clab-nebula-serf28,5,0,0,0,0,0,1.0,1.0,1.0
8,clab-nebula-serf29,5,0,0,0,0,0,1.0,1.0,1.0
8,clab-nebula-serf130,10,0,0,0,0,0,1.0,1.0,1.0
8,clab-nebula-serf161,10,4,4,3,1,1,0.75,0.75,0.6
8,clab-nebula-serf32,10,19,157,18,139,1,0.1146,0.9474,0.1139
8,clab-nebula-serf63,10,0,0,0,0,0,1.0,1.0,1.0
8,clab-nebula-serf45,10,8,12,7,5,1,0.5833,0.875,0.5385
8,clab-nebula-serf49,10,14,101,13,88,1,0.1287,0.9286,0.1275
8,clab-nebula-serf83,10,3,4,2,2,1,0.5,0.6667,0.4
8,clab-nebula-serf91,10,17,72,16,56,1,0.2222,0.9412,0.2192
8,clab-nebula-serf136,10,0,0,0,0,0,1.0,1.0,1.0
8,clab-nebula-serf146,10,0,0,0,0,0,1.0,1.0,1.0
8,clab-nebula-serf12,10,5,29,4,25,1,0.1379,0.8,0.1333
8,clab-nebula-serf19,10,5,23,4,19,1,0.1739,0.8,0.1667
8,clab-nebula-serf80,10,14,116,13,103,1,0.1121,0.9286,0.1111
8,clab-nebula-serf111,10,7,8,6,2,1,0.75,0.8571,0.6667
8,clab-nebula-serf109,10,8,8,7,1,1,0.875,0.875,0.7778
8,clab-nebula-serf147,10,0,0,0,0,0,1.0,1.0,1.0
8,clab-nebula-serf4,10,2,2,1,1,1,0.5,0.5,0.3333
8,clab-nebula-serf100,10,7,6,6,0,1,1.0,0.8571,0.8571
8,clab-nebula-serf75,10,7,79,6,73,1,0.0759,0.8571,0.075
8,clab-nebula-serf89,10,3,2,2,0,1,1.0,0.6667,0.6667
8,clab-nebula-serf101,10,7,6,6,0,1,1.0,0.8571,0.8571
8,clab-nebula-serf105,10,3,4,2,2,1,0.5,0.6667,0.4
8,clab-nebula-serf65,10,0,0,0,0,0,1.0,1.0,1.0
8,clab-nebula-serf68,10,5,13,4,9,1,0.3077,0.8,0.2857
8,clab-nebula-serf94,10,17,72,16,56,1,0.2222,0.9412,0.2192
8,clab-nebula-serf103,10,7,6,6,0,1,1.0,0.8571,0.8571
8,clab-nebula-serf117,10,0,0,0,0,0,1.0,1.0,1.0
8,clab-nebula-serf127,10,4,149,3,146,1,0.0201,0.75,0.02
8,clab-nebula-serf129,10,0,0,0,0,0,1.0,1.0,1.0
8,clab-nebula-serf155,10,0,0,0,0,0,1.0,1.0,1.0
8,clab-nebula-serf3,10,2,1,1,0,1,1.0,0.5,0.5
8,clab-nebula-serf14,10,4,29,3,26,1,0.1034,0.75,0.1
8,clab-nebula-serf142,10,0,0,0,0,0,1.0,1.0,1.0
8,clab-nebula-serf96,10,7,6,6,0,1,1.0,0.8571,0.8571
8,clab-nebula-serf116,10,0,0,0,0,0,1.0,1.0,1.0
8,clab-nebula-serf56,10,24,97,22,75,2,0.2268,0.9167,0.2222
8,clab-nebula-serf59,10,26,98,24,74,2,0.2449,0.9231,0.24
8,clab-nebula-serf70,10,19,143,18,125,1,0.1259,0.9474,0.125
8,clab-nebula-serf81,10,22,116,20,96,2,0.1724,0.9091,0.1695
8,clab-nebula-serf95,10,10,67,9,58,1,0.1343,0.9,0.1324
8,clab-nebula-serf114,10,1,1,1,0,0,1.0,1.0,1.0
8,clab-nebula-serf9,10,8,23,7,16,1,0.3043,0.875,0.2917
8,clab-nebula-serf17,10,12,40,11,29,1,0.275,0.9167,0.2683
8,clab-nebula-serf139,10,0,0,0,0,0,1.0,1.0,1.0
8,clab-nebula-serf52,10,12,16,11,5,1,0.6875,0.9167,0.6471
8,clab-nebula-serf71,10,15,116,14,102,1,0.1207,0.9333,0.1197
8,clab-nebula-serf26,10,19,157,18,139,1,0.1146,0.9474,0.1139
8,clab-nebula-serf34,10,9,148,8,140,1,0.0541,0.8889,0.0537
8,clab-nebula-serf126,10,3,19,2,17,1,0.1053,0.6667,0.1
8,clab-nebula-serf36,10,2,157,1,156,1,0.0064,0.5,0.0063
8,clab-nebula-serf82,10,0,0,0,0,0,1.0,1.0,1.0
8,clab-nebula-serf85,10,4,54,3,51,1,0.0556,0.75,0.0545
8,clab-nebula-serf97,10,7,6,6,0,1,1.0,0.8571,0.8571
8,clab-nebula-serf99,10,7,6,6,0,1,1.0,0.8571,0.8571
8,clab-nebula-serf124,10,3,14,2,12,1,0.1429,0.6667,0.1333
8,clab-nebula-serf157,10,4,4,3,1,1,0.75,0.75,0.6
8,clab-nebula-serf159,10,4,4,3,1,1,0.75,0.75,0.6
8,clab-nebula-serf1,10,6,5,5,0,1,1.0,0.8333,0.8333
8,clab-nebula-serf33,10,20,62,19,43,1,0.3065,0.95,0.3016
8,clab-nebula-serf123,10,2,38,1,37,1,0.0263,0.5,0.0256
8,clab-nebula-serf135,10,0,0,0,0,0,1.0,1.0,1.0
8,clab-nebula-serf13,10,7,32,6,26,1,0.1875,0.8571,0.1818
8,clab-nebula-serf47,10,12,19,11,8,1,0.5789,0.9167,0.55
8,clab-nebula-serf84,10,0,0,0,0,0,1.0,1.0,1.0
8,clab-nebula-serf92,10,9,72,8,64,1,0.1111,0.8889,0.1096
8,clab-nebula-serf106,10,2,2,1,1,1,0.5,0.5,0.3333
8,clab-nebula-serf108,10,2,4,1,3,1,0.25,0.5,0.2
8,clab-nebula-serf119,10,2,1,1,0,1,1.0,0.5,0.5
8,clab-nebula-serf125,10,3,19,2,17,1,0.1053,0.6667,0.1
8,clab-nebula-serf54,10,11,16,10,6,1,0.625,0.9091,0.5882
8,clab-nebula-serf57,10,13,148,12,136,1,0.0811,0.9231,0.0805
8,clab-nebula-serf24,10,2,3,1,2,1,0.3333,0.5,0.25
8,clab-nebula-serf42,10,0,0,0,0,0,1.0,1.0,1.0
8,clab-nebula-serf48,10,5,6,4,2,1,0.6667,0.8,0.5714
8,clab-nebula-serf2,10,1,8,1,7,0,0.125,1.0,0.125
8,clab-nebula-serf21,10,4,5,3,2,1,0.6,0.75,0.5
8,clab-nebula-serf67,10,5,13,4,9,1,0.3077,0.8,0.2857
8,clab-nebula-serf102,10,7,6,6,0,1,1.0,0.8571,0.8571
8,clab-nebula-serf110,10,0,0,0,0,0,1.0,1.0,1.0
8,clab-nebula-serf132,10,0,0,0,0,0,1.0,1.0,1.0
8,clab-nebula-serf134,10,0,0,0,0,0,1.0,1.0,1.0
8,clab-nebula-serf137,10,0,0,0,0,0,1.0,1.0,1.0
8,clab-nebula-serf10,10,9,23,8,15,1,0.3478,0.8889,0.3333
8,clab-nebula-serf46,10,3,6,2,4,1,0.3333,0.6667,0.2857
8,clab-nebula-serf74,10,9,69,8,61,1,0.1159,0.8889,0.1143
8,clab-nebula-serf76,10,25,116,23,93,2,0.1983,0.92,0.1949
8,clab-nebula-serf149,10,0,0,0,0,0,1.0,1.0,1.0
8,clab-nebula-serf20,10,4,5,3,2,1,0.6,0.75,0.5
8,clab-nebula-serf22,10,4,16,3,13,1,0.1875,0.75,0.1765
8,clab-nebula-serf160,10,4,4,3,1,1,0.75,0.75,0.6
8,clab-nebula-serf31,10,13,102,12,90,1,0.1176,0.9231,0.1165
8,clab-nebula-serf93,10,16,79,15,64,1,0.1899,0.9375,0.1875
8,clab-nebula-serf122,10,0,0,0,0,0,1.0,1.0,1.0
8,clab-nebula-serf38,10,4,156,3,153,1,0.0192,0.75,0.0191
8,clab-nebula-serf55,10,9,16,8,8,1,0.5,0.8889,0.4706
8,clab-nebula-serf79,10,26,116,24,92,2,0.2069,0.9231,0.2034
8,clab-nebula-serf113,10,1,1,1,0,0,1.0,1.0,1.0
8,clab-nebula-serf120,10,2,1,1,0,1,1.0,0.5,0.5
8,clab-nebula-serf128,10,2,4,1,3,1,0.25,0.5,0.2
8,clab-nebula-serf8,10,5,4,4,0,1,1.0,0.8,0.8
8,clab-nebula-serf27,10,3,156,2,154,1,0.0128,0.6667,0.0127
8,clab-nebula-serf78,10,9,69,8,61,1,0.1159,0.8889,0.1143
8,clab-nebula-serf104,10,3,4,2,2,1,0.5,0.6667,0.4
8,clab-nebula-serf133,10,0,0,0,0,0,1.0,1.0,1.0
8,clab-nebula-serf64,10,0,0,0,0,0,1.0,1.0,1.0
8,clab-nebula-serf73,10,25,116,23,93,2,0.1983,0.92,0.1949
8,clab-nebula-serf118,10,2,1,1,0,1,1.0,0.5,0.5
8,clab-nebula-serf5,10,3,2,2,0,1,1.0,0.6667,0.6667
8,clab-nebula-serf87,10,3,2,2,0,1,1.0,0.6667,0.6667
8,clab-nebula-serf88,10,3,2,2,0,1,1.0,0.6667,0.6667
8,clab-nebula-serf153,10,0,0,0,0,0,1.0,1.0,1.0
8,clab-nebula-serf53,10,8,16,7,9,1,0.4375,0.875,0.4118
8,clab-nebula-serf69,10,14,116,13,103,1,0.1121,0.9286,0.1111
8,clab-nebula-serf60,10,10,19,9,10,1,0.4737,0.9,0.45
8,clab-nebula-serf145,10,0,0,0,0,0,1.0,1.0,1.0
8,clab-nebula-serf6,10,7,12,6,6,1,0.5,0.8571,0.4615
8,clab-nebula-serf11,10,14,24,13,11,1,0.5417,0.9286,0.52
8,clab-nebula-serf98,10,7,6,6,0,1,1.0,0.8571,0.8571
8,clab-nebula-serf138,10,0,0,0,0,0,1.0,1.0,1.0
8,clab-nebula-serf150,10,0,0,0,0,0,1.0,1.0,1.0
8,clab-nebula-serf18,10,5,21,4,17,1,0.1905,0.8,0.1818
8,clab-nebula-serf30,10,13,102,12,90,1,0.1176,0.9231,0.1165
8,clab-nebula-serf44,10,10,19,9,10,1,0.4737,0.9,0.45
8,clab-nebula-serf131,10,0,0,0,0,0,1.0,1.0,1.0
8,clab-nebula-serf35,10,1,6,1,5,0,0.1667,1.0,0.1667
8,clab-nebula-serf40,10,1,6,1,5,0,0.1667,1.0,0.1667
8,clab-nebula-serf144,10,0,0,0,0,0,1.0,1.0,1.0
8,clab-nebula-serf152,10,1,125,1,124,0,0.008,1.0,0.008
8,clab-nebula-serf162,10,0,0,0,0,0,1.0,1.0,1.0
8,clab-nebula-serf41,10,0,0,0,0,0,1.0,1.0,1.0
8,clab-nebula-serf72,10,16,116,15,101,1,0.1293,0.9375,0.1282
8,clab-nebula-serf141,10,0,0,0,0,0,1.0,1.0,1.0
8,clab-nebula-serf25,10,4,16,3,13,1,0.1875,0.75,0.1765
8,clab-nebula-serf50,10,8,12,7,5,1,0.5833,0.875,0.5385
8,clab-nebula-serf51,10,9,16,8,8,1,0.5,0.8889,0.4706
8,clab-nebula-serf66,10,4,13,3,10,1,0.2308,0.75,0.2143
8,clab-nebula-serf86,10,4,3,3,0,1,1.0,0.75,0.75
8,clab-nebula-serf90,10,9,72,8,64,1,0.1111,0.8889,0.1096
8,clab-nebula-serf143,10,0,0,0,0,0,1.0,1.0,1.0
8,clab-nebula-serf7,10,9,21,8,13,1,0.381,0.8889,0.3636
8,clab-nebula-serf37,10,8,152,7,145,1,0.0461,0.875,0.0458
8,clab-nebula-serf43,10,5,6,4,2,1,0.6667,0.8,0.5714
8,clab-nebula-serf58,10,19,101,18,83,1,0.1782,0.9474,0.1765
8,clab-nebula-serf61,10,20,101,19,82,1,0.1881,0.95,0.1863
8,clab-nebula-serf112,10,0,0,0,0,0,1.0,1.0,1.0
8,clab-nebula-serf15,10,14,41,13,28,1,0.3171,0.9286,0.3095
8,clab-nebula-serf16,10,17,41,16,25,1,0.3902,0.9412,0.381
8,clab-nebula-serf77,10,24,116,22,94,2,0.1897,0.9167,0.1864
8,clab-nebula-serf121,10,1,31,1,30,0,0.0323,1.0,0.0323
8,clab-nebula-serf140,10,0,0,0,0,0,1.0,1.0,1.0
8,clab-nebula-serf148,10,0,0,0,0,0,1.0,1.0,1.0
8,clab-nebula-serf154,10,0,0,0,0,0,1.0,1.0,1.0
8,clab-nebula-serf156,10,0,0,0,0,0,1.0,1.0,1.0
8,clab-nebula-serf23,10,0,0,0,0,0,1.0,1.0,1.0
8,clab-nebula-serf39,10,15,125,14,111,1,0.112,0.9333,0.1111
8,clab-nebula-serf62,10,4,7,3,4,1,0.4286,0.75,0.375
8,clab-nebula-serf107,10,2,7,1,6,1,0.1429,0.5,0.125
8,clab-nebula-serf115,10,0,0,0,0,0,1.0,1.0,1.0
8,clab-nebula-serf151,10,0,0,0,0,0,1.0,1.0,1.0
8,clab-nebula-serf158,10,4,4,3,1,1,0.75,0.75,0.6
8,clab-nebula-serf28,10,1,108,1,107,0,0.0093,1.0,0.0093
8,clab-nebula-serf29,10,2,94,1,93,1,0.0106,0.5,0.0105
8,clab-nebula-serf130,15,0,0,0,0,0,1.0,1.0,1.0
8,clab-nebula-serf161,15,5,4,4,0,1,1.0,0.8,0.8
8,clab-nebula-serf32,15,32,157,30,127,2,0.1911,0.9375,0.1887
8,clab-nebula-serf63,15,6,27,5,22,1,0.1852,0.8333,0.1786
8,clab-nebula-serf45,15,22,36,20,16,2,0.5556,0.9091,0.5263
8,clab-nebula-serf49,15,30,47,28,19,2,0.5957,0.9333,0.5714
8,clab-nebula-serf83,15,14,66,13,53,1,0.197,0.9286,0.194
8,clab-nebula-serf91,15,36,125,34,91,2,0.272,0.9444,0.2677
8,clab-nebula-serf136,15,2,2,1,1,1,0.5,0.5,0.3333
8,clab-nebula-serf146,15,1,1,1,0,0,1.0,1.0,1.0
8,clab-nebula-serf12,15,19,41,18,23,1,0.439,0.9474,0.4286
8,clab-nebula-serf19,15,23,30,21,9,2,0.7,0.913,0.6562
8,clab-nebula-serf80,15,32,126,30,96,2,0.2381,0.9375,0.2344
8,clab-nebula-serf111,15,17,58,16,42,1,0.2759,0.9412,0.2712
8,clab-nebula-serf109,15,26,79,24,55,2,0.3038,0.9231,0.2963
8,clab-nebula-serf147,15,2,113,1,112,1,0.0088,0.5,0.0088
8,clab-nebula-serf4,15,9,8,8,0,1,1.0,0.8889,0.8889
8,clab-nebula-serf100,15,8,28,7,21,1,0.25,0.875,0.2414
8,clab-nebula-serf75,15,26,116,24,92,2,0.2069,0.9231,0.2034
8,clab-nebula-serf89,15,8,42,7,35,1,0.1667,0.875,0.1628
8,clab-nebula-serf101,15,7,6,6,0,1,1.0,0.8571,0.8571
8,clab-nebula-serf105,15,8,8,7,1,1,0.875,0.875,0.7778
8,clab-nebula-serf65,15,0,0,0,0,0,1.0,1.0,1.0
8,clab-nebula-serf68,15,27,117,25,92,2,0.2137,0.9259,0.2101
8,clab-nebula-serf94,15,36,125,34,91,2,0.272,0.9444,0.2677
8,clab-nebula-serf103,15,8,28,7,21,1,0.25,0.875,0.2414
8,clab-nebula-serf117,15,0,0,0,0,0,1.0,1.0,1.0
8,clab-nebula-serf127,15,13,158,12,146,1,0.0759,0.9231,0.0755
8,clab-nebula-serf129,15,2,7,1,6,1,0.1429,0.5,0.125
8,clab-nebula-serf155,15,1,2,1,1,0,0.5,1.0,0.5
8,clab-nebula-serf3,15,7,6,6,0,1,1.0,0.8571,0.8571
8,clab-nebula-serf14,15,18,41,17,24,1,0.4146,0.9444,0.4048
8,clab-nebula-serf142,15,1,2,1,1,0,0.5,1.0,0.5
8,clab-nebula-serf96,15,7,6,6,0,1,1.0,0.8571,0.8571
8,clab-nebula-serf116,15,0,0,0,0,0,1.0,1.0,1.0
8,clab-nebula-serf56,15,64,142,60,82,4,0.4225,0.9375,0.411
8,clab-nebula-serf59,15,63,142,59,83,4,0.4155,0.9365,0.4041
8,clab-nebula-serf70,15,36,146,34,112,2,0.2329,0.9444,0.2297
8,clab-nebula-serf81,15,39,128,37,91,2,0.2891,0.9487,0.2846
8,clab-nebula-serf95,15,30,124,28,96,2,0.2258,0.9333,0.2222
8,clab-nebula-serf114,15,2,101,1,100,1,0.0099,0.5,0.0098
8,clab-nebula-serf9,15,17,25,16,9,1,0.64,0.9412,0.6154
8,clab-nebula-serf17,15,30,93,28,65,2,0.3011,0.9333,0.2947
8,clab-nebula-serf139,15,5,17,4,13,1,0.2353,0.8,0.2222
8,clab-nebula-serf52,15,38,99,36,63,2,0.3636,0.9474,0.3564
8,clab-nebula-serf71,15,33,128,31,97,2,0.2422,0.9394,0.2385
8,clab-nebula-serf26,15,31,140,29,111,2,0.2071,0.9355,0.2042
8,clab-nebula-serf34,15,27,61,25,36,2,0.4098,0.9259,0.3968
8,clab-nebula-serf126,15,15,155,14,141,1,0.0903,0.9333,0.0897
8,clab-nebula-serf36,15,17,82,16,66,1,0.1951,0.9412,0.1928
8,clab-nebula-serf82,15,0,0,0,0,0,1.0,1.0,1.0
8,clab-nebula-serf85,15,19,72,18,54,1,0.25,0.9474,0.2466
8,clab-nebula-serf97,15,7,6,6,0,1,1.0,0.8571,0.8571
8,clab-nebula-serf99,15,7,6,6,0,1,1.0,0.8571,0.8571
8,clab-nebula-serf124,15,8,36,7,29,1,0.1944,0.875,0.1892
8,clab-nebula-serf157,15,5,4,4,0,1,1.0,0.8,0.8
8,clab-nebula-serf159,15,5,4,4,0,1,1.0,0.8,0.8
8,clab-nebula-serf1,15,12,12,11,1,1,0.9167,0.9167,0.8462
8,clab-nebula-serf33,15,53,113,50,63,3,0.4425,0.9434,0.431
8,clab-nebula-serf123,15,11,39,10,29,1,0.2564,0.9091,0.25
8,clab-nebula-serf135,15,1,5,1,4,0,0.2,1.0,0.2
8,clab-nebula-serf13,15,24,40,22,18,2,0.55,0.9167,0.5238
8,clab-nebula-serf47,15,25,47,23,24,2,0.4894,0.92,0.4694
8,clab-nebula-serf84,15,4,54,3,51,1,0.0556,0.75,0.0545
8,clab-nebula-serf92,15,30,116,28,88,2,0.2414,0.9333,0.2373
8,clab-nebula-serf106,15,4,5,3,2,1,0.6,0.75,0.5
8,clab-nebula-serf108,15,7,8,6,2,1,0.75,0.8571,0.6667
8,clab-nebula-serf119,15,2,1,1,0,1,1.0,0.5,0.5
8,clab-nebula-serf125,15,12,155,11,144,1,0.071,0.9167,0.0705
8,clab-nebula-serf54,15,35,98,33,65,2,0.3367,0.9429,0.33
8,clab-nebula-serf57,15,57,144,54,90,3,0.375,0.9474,0.3673
8,clab-nebula-serf24,15,5,5,4,1,1,0.8,0.8,0.6667
8,clab-nebula-serf42,15,2,157,1,156,1,0.0064,0.5,0.0063
8,clab-nebula-serf48,15,21,44,20,24,1,0.4545,0.9524,0.4444
8,clab-nebula-serf2,15,5,9,4,5,1,0.4444,0.8,0.4
8,clab-nebula-serf21,15,16,83,15,68,1,0.1807,0.9375,0.1786
8,clab-nebula-serf67,15,26,116,24,92,2,0.2069,0.9231,0.2034
8,clab-nebula-serf102,15,7,6,6,0,1,1.0,0.8571,0.8571
8,clab-nebula-serf110,15,2,2,1,1,1,0.5,0.5,0.3333
8,clab-nebula-serf132,15,11,18,10,8,1,0.5556,0.9091,0.5263
8,clab-nebula-serf134,15,1,3,1,2,0,0.3333,1.0,0.3333
8,clab-nebula-serf137,15,2,5,1,4,1,0.2,0.5,0.1667
8,clab-nebula-serf10,15,20,27,19,8,1,0.7037,0.95,0.6786
8,clab-nebula-serf46,15,11,142,10,132,1,0.0704,0.9091,0.0699
8,clab-nebula-serf74,15,26,116,24,92,2,0.2069,0.9231,0.2034
8,clab-nebula-serf76,15,38,128,36,92,2,0.2812,0.9474,0.2769
8,clab-nebula-serf149,15,1,2,1,1,0,0.5,1.0,0.5
8,clab-nebula-serf20,15,15,158,14,144,1,0.0886,0.9333,0.0881
8,clab-nebula-serf22,15,10,142,9,133,1,0.0634,0.9,0.0629
8,clab-nebula-serf160,15,5,4,4,0,1,1.0,0.8,0.8
8,clab-nebula-serf31,15,28,152,26,126,2,0.1711,0.9286,0.1688
8,clab-nebula-serf93,15,37,128,35,93,2,0.2734,0.9459,0.2692
8,clab-nebula-serf122,15,8,36,7,29,1,0.1944,0.875,0.1892
8,clab-nebula-serf38,15,24,60,22,38,2,0.3667,0.9167,0.3548
8,clab-nebula-serf55,15,23,97,21,76,2,0.2165,0.913,0.2121
8,clab-nebula-serf79,15,41,128,39,89,2,0.3047,0.9512,0.3
8,clab-nebula-serf113,15,3,105,2,103,1,0.019,0.6667,0.0189
8,clab-nebula-serf120,15,2,1,1,0,1,1.0,0.5,0.5
8,clab-nebula-serf128,15,6,8,5,3,1,0.625,0.8333,0.5556
8,clab-nebula-serf8,15,13,24,12,12,1,0.5,0.9231,0.48
8,clab-nebula-serf27,15,7,157,6,151,1,0.0382,0.8571,0.038
8,clab-nebula-serf78,15,27,117,25,92,2,0.2137,0.9259,0.2101
8,clab-nebula-serf104,15,8,8,7,1,1,0.875,0.875,0.7778
8,clab-nebula-serf133,15,1,1,1,0,0,1.0,1.0,1.0
8,clab-nebula-serf64,15,0,0,0,0,0,1.0,1.0,1.0
8,clab-nebula-serf73,15,39,128,37,91,2,0.2891,0.9487,0.2846
8,clab-nebula-serf118,15,2,1,1,0,1,1.0,0.5,0.5
8,clab-nebula-serf5,15,7,6,6,0,1,1.0,0.8571,0.8571
8,clab-nebula-serf87,15,11,62,10,52,1,0.1613,0.9091,0.1587
8,clab-nebula-serf88,15,8,42,7,35,1,0.1667,0.875,0.1628
8,clab-nebula-serf153,15,1,5,1,4,0,0.2,1.0,0.2
8,clab-nebula-serf53,15,25,97,23,74,2,0.2371,0.92,0.2323
8,clab-nebula-serf69,15,31,128,29,99,2,0.2266,0.9355,0.2231
8,clab-nebula-serf60,15,42,142,39,103,3,0.2746,0.9286,0.269
8,clab-nebula-serf145,15,1,1,1,0,0,1.0,1.0,1.0
8,clab-nebula-serf6,15,18,24,17,7,1,0.7083,0.9444,0.68
8,clab-nebula-serf11,15,26,29,24,5,2,0.8276,0.9231,0.7742
8,clab-nebula-serf98,15,7,6,6,0,1,1.0,0.8571,0.8571
8,clab-nebula-serf138,15,1,7,1,6,0,0.1429,1.0,0.1429
8,clab-nebula-serf150,15,1,6,1,5,0,0.1667,1.0,0.1667
8,clab-nebula-serf18,15,20,43,19,24,1,0.4419,0.95,0.4318
8,clab-nebula-serf30,15,28,152,26,126,2,0.1711,0.9286,0.1688
8,clab-nebula-serf44,15,23,47,21,26,2,0.4468,0.913,0.4286
8,clab-nebula-serf131,15,3,12,2,10,1,0.1667,0.6667,0.1538
8,clab-nebula-serf35,15,7,152,6,146,1,0.0395,0.8571,0.0392
8,clab-nebula-serf40,15,11,137,10,127,1,0.073,0.9091,0.0725
8,clab-nebula-serf144,15,7,6,6,0,1,1.0,0.8571,0.8571
8,clab-nebula-serf152,15,11,126,10,116,1,0.0794,0.9091,0.0787
8,clab-nebula-serf162,15,5,4,4,0,1,1.0,0.8,0.8
8,clab-nebula-serf41,15,1,7,1,6,0,0.1429,1.0,0.1429
8,clab-nebula-serf72,15,31,128,29,99,2,0.2266,0.9355,0.2231
8,clab-nebula-serf141,15,0,0,0,0,0,1.0,1.0,1.0
8,clab-nebula-serf25,15,12,140,11,129,1,0.0786,0.9167,0.078
8,clab-nebula-serf50,15,23,47,21,26,2,0.4468,0.913,0.4286
8,clab-nebula-serf51,15,24,97,22,75,2,0.2268,0.9167,0.2222
8,clab-nebula-serf66,15,27,117,25,92,2,0.2137,0.9259,0.2101
8,clab-nebula-serf86,15,11,62,10,52,1,0.1613,0.9091,0.1587
8,clab-nebula-serf90,15,30,116,28,88,2,0.2414,0.9333,0.2373
8,clab-nebula-serf143,15,1,3,1,2,0,0.3333,1.0,0.3333
8,clab-nebula-serf7,15,19,24,18,6,1,0.75,0.9474,0.72
8,clab-nebula-serf37,15,29,61,27,34,2,0.4426,0.931,0.4286
8,clab-nebula-serf43,15,13,101,12,89,1,0.1188,0.9231,0.1176
8,clab-nebula-serf58,15,57,144,54,90,3,0.375,0.9474,0.3673
8,clab-nebula-serf61,15,61,143,58,85,3,0.4056,0.9508,0.3973
8,clab-nebula-serf112,15,0,0,0,0,0,1.0,1.0,1.0
8,clab-nebula-serf15,15,32,93,30,63,2,0.3226,0.9375,0.3158
8,clab-nebula-serf16,15,33,96,31,65,2,0.3229,0.9394,0.3163
8,clab-nebula-serf77,15,38,128,36,92,2,0.2812,0.9474,0.2769
8,clab-nebula-serf121,15,8,36,7,29,1,0.1944,0.875,0.1892
8,clab-nebula-serf140,15,0,0,0,0,0,1.0,1.0,1.0
8,clab-nebula-serf148,15,0,0,0,0,0,1.0,1.0,1.0
8,clab-nebula-serf154,15,1,4,1,3,0,0.25,1.0,0.25
8,clab-nebula-serf156,15,4,126,3,123,1,0.0238,0.75,0.0236
8,clab-nebula-serf23,15,4,5,3,2,1,0.6,0.75,0.5
8,clab-nebula-serf39,15,53,136,50,86,3,0.3676,0.9434,0.3597
8,clab-nebula-serf62,15,13,148,12,136,1,0.0811,0.9231,0.0805
8,clab-nebula-serf107,15,6,7,5,2,1,0.7143,0.8333,0.625
8,clab-nebula-serf115,15,0,0,0,0,0,1.0,1.0,1.0
8,clab-nebula-serf151,15,1,4,1,3,0,0.25,1.0,0.25
8,clab-nebula-serf158,15,5,4,4,0,1,1.0,0.8,0.8
8,clab-nebula-serf28,15,2,107,1,106,1,0.0093,0.5,0.0093
8,clab-nebula-serf29,15,6,107,5,102,1,0.0467,0.8333,0.0463
8,clab-nebula-serf130,20,13,18,12,6,1,0.6667,0.9231,0.6316
8,clab-nebula-serf161,20,10,83,9,74,1,0.1084,0.9,0.1071
8,clab-nebula-serf32,20,59,152,56,96,3,0.3684,0.9492,0.3613
8,clab-nebula-serf63,20,32,99,30,69,2,0.303,0.9375,0.297
8,clab-nebula-serf45,20,40,83,38,45,2,0.4578,0.95,0.4471
8,clab-nebula-serf49,20,67,142,63,79,4,0.4437,0.9403,0.4315
8,clab-nebula-serf83,20,33,124,31,93,2,0.25,0.9394,0.246
8,clab-nebula-serf91,20,56,135,53,82,3,0.3926,0.9464,0.3841
8,clab-nebula-serf136,20,14,18,13,5,1,0.7222,0.9286,0.6842
8,clab-nebula-serf146,20,5,6,4,2,1,0.6667,0.8,0.5714
8,clab-nebula-serf12,20,38,96,36,60,2,0.375,0.9474,0.3673
8,clab-nebula-serf19,20,44,98,41,57,3,0.4184,0.9318,0.4059
8,clab-nebula-serf80,20,55,128,52,76,3,0.4062,0.9455,0.3969
8,clab-nebula-serf111,20,47,118,44,74,3,0.3729,0.9362,0.3636
8,clab-nebula-serf109,20,58,128,55,73,3,0.4297,0.9483,0.4198
8,clab-nebula-serf147,20,12,126,11,115,1,0.0873,0.9167,0.0866
8,clab-nebula-serf4,20,16,24,15,9,1,0.625,0.9375,0.6
8,clab-nebula-serf100,20,14,96,13,83,1,0.1354,0.9286,0.134
8,clab-nebula-serf75,20,41,128,39,89,2,0.3047,0.9512,0.3
8,clab-nebula-serf89,20,18,72,17,55,1,0.2361,0.9444,0.2329
8,clab-nebula-serf101,20,10,93,9,84,1,0.0968,0.9,0.0957
8,clab-nebula-serf105,20,25,79,23,56,2,0.2911,0.92,0.284
8,clab-nebula-serf65,20,23,122,21,101,2,0.1721,0.913,0.1694
8,clab-nebula-serf68,20,42,127,39,88,3,0.3071,0.9286,0.3
8,clab-nebula-serf94,20,57,135,54,81,3,0.4,0.9474,0.3913
8,clab-nebula-serf103,20,16,115,15,100,1,0.1304,0.9375,0.1293
8,clab-nebula-serf117,20,0,0,0,0,0,1.0,1.0,1.0
8,clab-nebula-serf127,20,46,158,43,115,3,0.2722,0.9348,0.2671
8,clab-nebula-serf129,20,7,7,6,1,1,0.8571,0.8571,0.75
8,clab-nebula-serf155,20,11,126,10,116,1,0.0794,0.9091,0.0787
8,clab-nebula-serf3,20,13,21,12,9,1,0.5714,0.9231,0.5455
8,clab-nebula-serf14,20,35,96,33,63,2,0.3438,0.9429,0.3367
8,clab-nebula-serf142,20,1,2,1,1,0,0.5,1.0,0.5
8,clab-nebula-serf96,20,9,93,8,85,1,0.086,0.8889,0.0851
8,clab-nebula-serf116,20,0,0,0,0,0,1.0,1.0,1.0
8,clab-nebula-serf56,20,83,146,78,68,5,0.5342,0.9398,0.5166
8,clab-nebula-serf59,20,83,146,78,68,5,0.5342,0.9398,0.5166
8,clab-nebula-serf70,20,66,149,62,87,4,0.4161,0.9394,0.4052
8,clab-nebula-serf81,20,68,136,64,72,4,0.4706,0.9412,0.4571
8,clab-nebula-serf95,20,50,134,47,87,3,0.3507,0.94,0.3431
8,clab-nebula-serf114,20,17,141,16,125,1,0.1135,0.9412,0.1127
8,clab-nebula-serf9,20,36,93,34,59,2,0.3656,0.9444,0.3579
8,clab-nebula-serf17,20,66,142,62,80,4,0.4366,0.9394,0.4247
8,clab-nebula-serf139,20,14,18,13,5,1,0.7222,0.9286,0.6842
8,clab-nebula-serf52,20,69,142,65,77,4,0.4577,0.942,0.4452
8,clab-nebula-serf71,20,57,144,54,90,3,0.375,0.9474,0.3673
8,clab-nebula-serf26,20,58,152,55,97,3,0.3618,0.9483,0.3548
8,clab-nebula-serf34,20,67,142,63,79,4,0.4437,0.9403,0.4315
8,clab-nebula-serf126,20,47,158,44,114,3,0.2785,0.9362,0.2733
8,clab-nebula-serf36,20,53,144,50,94,3,0.3472,0.9434,0.3401
8,clab-nebula-serf82,20,0,0,0,0,0,1.0,1.0,1.0
8,clab-nebula-serf85,20,35,124,33,91,2,0.2661,0.9429,0.2619
8,clab-nebula-serf97,20,9,93,8,85,1,0.086,0.8889,0.0851
8,clab-nebula-serf99,20,11,93,10,83,1,0.1075,0.9091,0.1064
8,clab-nebula-serf124,20,15,82,14,68,1,0.1707,0.9333,0.1687
8,clab-nebula-serf157,20,9,12,8,4,1,0.6667,0.8889,0.6154
8,clab-nebula-serf159,20,9,12,8,4,1,0.6667,0.8889,0.6154
8,clab-nebula-serf1,20,19,24,18,6,1,0.75,0.9474,0.72
8,clab-nebula-serf33,20,78,144,74,70,4,0.5139,0.9487,0.5
8,clab-nebula-serf123,20,16,79,15,64,1,0.1899,0.9375,0.1875
8,clab-nebula-serf135,20,14,14,13,1,1,0.9286,0.9286,0.8667
8,clab-nebula-serf13,20,50,140,47,93,3,0.3357,0.94,0.3287
8,clab-nebula-serf47,20,51,96,48,48,3,0.5,0.9412,0.4848
8,clab-nebula-serf84,20,18,72,17,55,1,0.2361,0.9444,0.2329
8,clab-nebula-serf92,20,47,127,44,83,3,0.3465,0.9362,0.3385
8,clab-nebula-serf106,20,8,8,7,1,1,0.875,0.875,0.7778
8,clab-nebula-serf108,20,16,39,15,24,1,0.3846,0.9375,0.375
8,clab-nebula-serf119,20,2,1,1,0,1,1.0,0.5,0.5
8,clab-nebula-serf125,20,45,158,42,116,3,0.2658,0.9333,0.2609
8,clab-nebula-serf54,20,66,142,62,80,4,0.4366,0.9394,0.4247
8,clab-nebula-serf57,20,76,145,72,73,4,0.4966,0.9474,0.4832
8,clab-nebula-serf24,20,17,158,16,142,1,0.1013,0.9412,0.1006
8,clab-nebula-serf42,20,15,83,14,69,1,0.1687,0.9333,0.1667
8,clab-nebula-serf48,20,37,62,35,27,2,0.5645,0.9459,0.5469
8,clab-nebula-serf2,20,10,9,9,0,1,1.0,0.9,0.9
8,clab-nebula-serf21,20,32,113,30,83,2,0.2655,0.9375,0.2609
8,clab-nebula-serf67,20,41,128,39,89,2,0.3047,0.9512,0.3
8,clab-nebula-serf102,20,10,93,9,84,1,0.0968,0.9,0.0957
8,clab-nebula-serf110,20,7,8,6,2,1,0.75,0.8571,0.6667
8,clab-nebula-serf132,20,14,18,13,5,1,0.7222,0.9286,0.6842
8,clab-nebula-serf134,20,14,18,13,5,1,0.7222,0.9286,0.6842
8,clab-nebula-serf137,20,14,18,13,5,1,0.7222,0.9286,0.6842
8,clab-nebula-serf10,20,40,96,38,58,2,0.3958,0.95,0.3878
8,clab-nebula-serf46,20,26,47,24,23,2,0.5106,0.9231,0.4898
8,clab-nebula-serf74,20,45,127,42,85,3,0.3307,0.9333,0.3231
8,clab-nebula-serf76,20,68,136,64,72,4,0.4706,0.9412,0.4571
8,clab-nebula-serf149,20,11,126,10,116,1,0.0794,0.9091,0.0787
8,clab-nebula-serf20,20,26,152,24,128,2,0.1579,0.9231,0.1558
8,clab-nebula-serf22,20,23,156,21,135,2,0.1346,0.913,0.1329
8,clab-nebula-serf160,20,10,83,9,74,1,0.1084,0.9,0.1071
8,clab-nebula-serf31,20,45,83,42,41,3,0.506,0.9333,0.4884
8,clab-nebula-serf93,20,59,133,56,77,3,0.4211,0.9492,0.4118
8,clab-nebula-serf122,20,15,82,14,68,1,0.1707,0.9333,0.1687
8,clab-nebula-serf38,20,56,101,53,48,3,0.5248,0.9464,0.5096
8,clab-nebula-serf55,20,64,142,60,82,4,0.4225,0.9375,0.411
8,clab-nebula-serf79,20,76,138,72,66,4,0.5217,0.9474,0.507
8,clab-nebula-serf113,20,19,141,18,123,1,0.1277,0.9474,0.1268
8,clab-nebula-serf120,20,2,1,1,0,1,1.0,0.5,0.5
8,clab-nebula-serf128,20,20,79,19,60,1,0.2405,0.95,0.2375
8,clab-nebula-serf8,20,23,26,21,5,2,0.8077,0.913,0.75
8,clab-nebula-serf27,20,13,158,12,146,1,0.0759,0.9231,0.0755
8,clab-nebula-serf78,20,48,128,45,83,3,0.3516,0.9375,0.3435
8,clab-nebula-serf104,20,25,79,23,56,2,0.2911,0.92,0.284
8,clab-nebula-serf133,20,14,18,13,5,1,0.7222,0.9286,0.6842
8,clab-nebula-serf64,20,7,82,6,76,1,0.0732,0.8571,0.0723
8,clab-nebula-serf73,20,69,136,65,71,4,0.4779,0.942,0.4643
8,clab-nebula-serf118,20,2,1,1,0,1,1.0,0.5,0.5
8,clab-nebula-serf5,20,14,21,13,8,1,0.619,0.9286,0.5909
8,clab-nebula-serf87,20,24,124,22,102,2,0.1774,0.9167,0.1746
8,clab-nebula-serf88,20,19,72,18,54,1,0.25,0.9474,0.2466
8,clab-nebula-serf153,20,9,126,8,118,1,0.0635,0.8889,0.063
8,clab-nebula-serf53,20,64,142,60,82,4,0.4225,0.9375,0.411
8,clab-nebula-serf69,20,54,144,51,93,3,0.3542,0.9444,0.3469
8,clab-nebula-serf60,20,70,142,66,76,4,0.4648,0.9429,0.4521
8,clab-nebula-serf145,20,5,6,4,2,1,0.6667,0.8,0.5714
8,clab-nebula-serf6,20,32,74,30,44,2,0.4054,0.9375,0.3947
8,clab-nebula-serf11,20,57,101,54,47,3,0.5347,0.9474,0.5192
8,clab-nebula-serf98,20,8,30,7,23,1,0.2333,0.875,0.2258
8,clab-nebula-serf138,20,14,18,13,5,1,0.7222,0.9286,0.6842
8,clab-nebula-serf150,20,9,126,8,118,1,0.0635,0.8889,0.063
8,clab-nebula-serf18,20,47,97,44,53,3,0.4536,0.9362,0.44
8,clab-nebula-serf30,20,45,83,42,41,3,0.506,0.9333,0.4884
8,clab-nebula-serf44,20,47,93,44,49,3,0.4731,0.9362,0.4583
8,clab-nebula-serf131,20,14,14,13,1,1,0.9286,0.9286,0.8667
8,clab-nebula-serf35,20,26,61,24,37,2,0.3934,0.9231,0.381
8,clab-nebula-serf40,20,35,96,33,63,2,0.3438,0.9429,0.3367
8,clab-nebula-serf144,20,12,25,11,14,1,0.44,0.9167,0.4231
8,clab-nebula-serf152,20,14,126,13,113,1,0.1032,0.9286,0.1024
8,clab-nebula-serf162,20,5,4,4,0,1,1.0,0.8,0.8
8,clab-nebula-serf41,20,14,101,13,88,1,0.1287,0.9286,0.1275
8,clab-nebula-serf72,20,54,144,51,93,3,0.3542,0.9444,0.3469
8,clab-nebula-serf141,20,14,18,13,5,1,0.7222,0.9286,0.6842
8,clab-nebula-serf25,20,28,152,26,126,2,0.1711,0.9286,0.1688
8,clab-nebula-serf50,20,41,86,39,47,2,0.4535,0.9512,0.4432
8,clab-nebula-serf51,20,64,142,60,82,4,0.4225,0.9375,0.411
8,clab-nebula-serf66,20,44,128,41,87,3,0.3203,0.9318,0.313
8,clab-nebula-serf86,20,29,124,27,97,2,0.2177,0.931,0.2143
8,clab-nebula-serf90,20,49,128,46,82,3,0.3594,0.9388,0.3511
8,clab-nebula-serf143,20,2,4,1,3,1,0.25,0.5,0.2
8,clab-nebula-serf7,20,33,88,31,57,2,0.3523,0.9394,0.3444
8,clab-nebula-serf37,20,65,142,61,81,4,0.4296,0.9385,0.4178
8,clab-nebula-serf43,20,27,47,25,22,2,0.5319,0.9259,0.5102
8,clab-nebula-serf58,20,79,146,75,71,4,0.5137,0.9494,0.5
8,clab-nebula-serf61,20,79,146,75,71,4,0.5137,0.9494,0.5
8,clab-nebula-serf112,20,0,0,0,0,0,1.0,1.0,1.0
8,clab-nebula-serf15,20,68,140,64,76,4,0.4571,0.9412,0.4444
8,clab-nebula-serf16,20,69,140,65,75,4,0.4643,0.942,0.4514
8,clab-nebula-serf77,20,67,137,63,74,4,0.4599,0.9403,0.4468
8,clab-nebula-serf121,20,15,82,14,68,1,0.1707,0.9333,0.1687
8,clab-nebula-serf140,20,13,18,12,6,1,0.6667,0.9231,0.6316
8,clab-nebula-serf148,20,6,126,5,121,1,0.0397,0.8333,0.0394
8,clab-nebula-serf154,20,9,126,8,118,1,0.0635,0.8889,0.063
8,clab-nebula-serf156,20,12,126,11,115,1,0.0873,0.9167,0.0866
8,clab-nebula-serf23,20,11,142,10,132,1,0.0704,0.9091,0.0699
8,clab-nebula-serf39,20,81,142,77,65,4,0.5423,0.9506,0.5274
8,clab-nebula-serf62,20,48,140,45,95,3,0.3214,0.9375,0.3147
8,clab-nebula-serf107,20,15,39,14,25,1,0.359,0.9333,0.35
8,clab-nebula-serf115,20,0,0,0,0,0,1.0,1.0,1.0
8,clab-nebula-serf151,20,11,126,10,116,1,0.0794,0.9091,0.0787
8,clab-nebula-serf158,20,8,12,7,5,1,0.5833,0.875,0.5385
8,clab-nebula-serf28,20,4,107,3,104,1,0.028,0.75,0.0278
8,clab-nebula-serf29,20,14,107,13,94,1,0.1215,0.9286,0.1204
8,clab-nebula-serf130,25,14,18,13,5,1,0.7222,0.9286,0.6842
8,clab-nebula-serf161,25,22,158,20,138,2,0.1266,0.9091,0.125
8,clab-nebula-serf32,25,88,150,83,67,5,0.5533,0.9432,0.5355
8,clab-nebula-serf63,25,64,142,60,82,4,0.4225,0.9375,0.411
8,clab-nebula-serf45,25,80,143,76,67,4,0.5315,0.95,0.517
8,clab-nebula-serf49,25,84,144,79,65,5,0.5486,0.9405,0.5302
8,clab-nebula-serf83,25,50,135,47,88,3,0.3481,0.94,0.3406
8,clab-nebula-serf91,25,81,142,77,65,4,0.5423,0.9506,0.5274
8,clab-nebula-serf136,25,18,21,17,4,1,0.8095,0.9444,0.7727
8,clab-nebula-serf146,25,8,17,7,10,1,0.4118,0.875,0.3889
8,clab-nebula-serf12,25,71,137,67,70,4,0.4891,0.9437,0.4752
8,clab-nebula-serf19,25,73,140,69,71,4,0.4929,0.9452,0.4792
8,clab-nebula-serf80,25,84,137,79,58,5,0.5766,0.9405,0.5563
8,clab-nebula-serf111,25,73,130,69,61,4,0.5308,0.9452,0.5149
8,clab-nebula-serf109,25,87,131,82,49,5,0.626,0.9425,0.6029
8,clab-nebula-serf147,25,14,126,13,113,1,0.1032,0.9286,0.1024
8,clab-nebula-serf4,25,23,26,21,5,2,0.8077,0.913,0.75
8,clab-nebula-serf100,25,25,130,23,107,2,0.1769,0.92,0.1742
8,clab-nebula-serf75,25,76,138,72,66,4,0.5217,0.9474,0.507
8,clab-nebula-serf89,25,41,133,39,94,2,0.2932,0.9512,0.2889
8,clab-nebula-serf101,25,22,116,20,96,2,0.1724,0.9091,0.1695
8,clab-nebula-serf105,25,54,120,51,69,3,0.425,0.9444,0.4146
8,clab-nebula-serf65,25,62,123,58,65,4,0.4715,0.9355,0.4567
8,clab-nebula-serf68,25,79,138,75,63,4,0.5435,0.9494,0.5282
8,clab-nebula-serf94,25,81,142,77,65,4,0.5423,0.9506,0.5274
8,clab-nebula-serf103,25,27,130,25,105,2,0.1923,0.9259,0.1894
8,clab-nebula-serf117,25,1,3,1,2,0,0.3333,1.0,0.3333
8,clab-nebula-serf127,25,60,158,57,101,3,0.3608,0.95,0.354
8,clab-nebula-serf129,25,17,71,16,55,1,0.2254,0.9412,0.2222
8,clab-nebula-serf155,25,14,126,13,113,1,0.1032,0.9286,0.1024
8,clab-nebula-serf3,25,22,26,20,6,2,0.7692,0.9091,0.7143
8,clab-nebula-serf14,25,70,140,66,74,4,0.4714,0.9429,0.4583
8,clab-nebula-serf142,25,7,6,6,0,1,1.0,0.8571,0.8571
8,clab-nebula-serf96,25,20,116,19,97,1,0.1638,0.95,0.1624
8,clab-nebula-serf116,25,0,0,0,0,0,1.0,1.0,1.0
8,clab-nebula-serf56,25,97,148,92,56,5,0.6216,0.9485,0.6013
8,clab-nebula-serf59,25,99,148,94,54,5,0.6351,0.9495,0.6144
8,clab-nebula-serf70,25,87,148,82,66,5,0.5541,0.9425,0.5359
8,clab-nebula-serf81,25,90,137,85,52,5,0.6204,0.9444,0.5986
8,clab-nebula-serf95,25,80,142,76,66,4,0.5352,0.95,0.5205
8,clab-nebula-serf114,25,25,140,23,117,2,0.1643,0.92,0.162
8,clab-nebula-serf9,25,71,145,67,78,4,0.4621,0.9437,0.4497
8,clab-nebula-serf17,25,85,146,80,66,5,0.5479,0.9412,0.5298
8,clab-nebula-serf139,25,21,25,20,5,1,0.8,0.9524,0.7692
8,clab-nebula-serf52,25,88,148,83,65,5,0.5608,0.9432,0.5425
8,clab-nebula-serf71,25,83,137,78,59,5,0.5693,0.9398,0.5493
8,clab-nebula-serf26,25,87,150,82,68,5,0.5467,0.9425,0.529
8,clab-nebula-serf34,25,85,147,80,67,5,0.5442,0.9412,0.5263
8,clab-nebula-serf126,25,59,158,56,102,3,0.3544,0.9492,0.3478
8,clab-nebula-serf36,25,79,146,75,71,4,0.5137,0.9494,0.5
8,clab-nebula-serf82,25,0,0,0,0,0,1.0,1.0,1.0
8,clab-nebula-serf85,25,57,135,54,81,3,0.4,0.9474,0.3913
8,clab-nebula-serf97,25,17,116,16,100,1,0.1379,0.9412,0.1368
8,clab-nebula-serf99,25,24,130,22,108,2,0.1692,0.9167,0.1667
8,clab-nebula-serf124,25,29,82,27,55,2,0.3293,0.931,0.3214
8,clab-nebula-serf157,25,16,160,15,145,1,0.0938,0.9375,0.0932
8,clab-nebula-serf159,25,16,160,15,145,1,0.0938,0.9375,0.0932
8,clab-nebula-serf1,25,37,88,35,53,2,0.3977,0.9459,0.3889
8,clab-nebula-serf33,25,90,149,85,64,5,0.5705,0.9444,0.5519
8,clab-nebula-serf123,25,42,119,39,80,3,0.3277,0.9286,0.3197
8,clab-nebula-serf135,25,15,20,14,6,1,0.7,0.9333,0.6667
8,clab-nebula-serf13,25,76,144,72,72,4,0.5,0.9474,0.4865
8,clab-nebula-serf47,25,82,142,77,65,5,0.5423,0.939,0.5238
8,clab-nebula-serf84,25,35,124,33,91,2,0.2661,0.9429,0.2619
8,clab-nebula-serf92,25,77,138,73,65,4,0.529,0.9481,0.5141
8,clab-nebula-serf106,25,27,79,25,54,2,0.3165,0.9259,0.3086
8,clab-nebula-serf108,25,46,118,43,75,3,0.3644,0.9348,0.3554
8,clab-nebula-serf119,25,3,2,2,0,1,1.0,0.6667,0.6667
8,clab-nebula-serf125,25,58,158,55,103,3,0.3481,0.9483,0.3416
8,clab-nebula-serf54,25,83,146,78,68,5,0.5342,0.9398,0.5166
8,clab-nebula-serf57,25,90,148,85,63,5,0.5743,0.9444,0.5556
8,clab-nebula-serf24,25,29,142,27,115,2,0.1901,0.931,0.1875
8,clab-nebula-serf42,25,38,93,36,57,2,0.3871,0.9474,0.3789
8,clab-nebula-serf48,25,79,143,75,68,4,0.5245,0.9494,0.5102
8,clab-nebula-serf2,25,19,24,18,6,1,0.75,0.9474,0.72
8,clab-nebula-serf21,25,56,99,53,46,3,0.5354,0.9464,0.5196
8,clab-nebula-serf67,25,76,138,72,66,4,0.5217,0.9474,0.507
8,clab-nebula-serf102,25,21,117,20,97,1,0.1709,0.9524,0.1695
8,clab-nebula-serf110,25,15,39,14,25,1,0.359,0.9333,0.35
8,clab-nebula-serf132,25,23,38,21,17,2,0.5526,0.913,0.525
8,clab-nebula-serf134,25,16,19,15,4,1,0.7895,0.9375,0.75
8,clab-nebula-serf137,25,20,25,19,6,1,0.76,0.95,0.7308
8,clab-nebula-serf10,25,71,137,67,70,4,0.4891,0.9437,0.4752
8,clab-nebula-serf46,25,54,98,51,47,3,0.5204,0.9444,0.505
8,clab-nebula-serf74,25,82,137,77,60,5,0.562,0.939,0.5423
8,clab-nebula-serf76,25,89,137,84,53,5,0.6131,0.9438,0.5915
8,clab-nebula-serf149,25,17,126,16,110,1,0.127,0.9412,0.126
8,clab-nebula-serf20,25,46,156,43,113,3,0.2756,0.9348,0.2704
8,clab-nebula-serf22,25,41,48,39,9,2,0.8125,0.9512,0.78
8,clab-nebula-serf160,25,25,158,23,135,2,0.1456,0.92,0.1437
8,clab-nebula-serf31,25,80,148,76,72,4,0.5135,0.95,0.5
8,clab-nebula-serf93,25,83,137,78,59,5,0.5693,0.9398,0.5493
8,clab-nebula-serf122,25,22,81,20,61,2,0.2469,0.9091,0.241
8,clab-nebula-serf38,25,82,145,77,68,5,0.531,0.939,0.5133
8,clab-nebula-serf55,25,83,146,78,68,5,0.5342,0.9398,0.5166
8,clab-nebula-serf79,25,96,138,91,47,5,0.6594,0.9479,0.6364
8,clab-nebula-serf113,25,28,140,26,114,2,0.1857,0.9286,0.1831
8,clab-nebula-serf120,25,2,1,1,0,1,1.0,0.5,0.5
8,clab-nebula-serf128,25,48,118,45,73,3,0.3814,0.9375,0.3719
8,clab-nebula-serf8,25,44,97,41,56,3,0.4227,0.9318,0.41
8,clab-nebula-serf27,25,24,157,22,135,2,0.1401,0.9167,0.1384
8,clab-nebula-serf78,25,80,138,76,62,4,0.5507,0.95,0.5352
8,clab-nebula-serf104,25,54,120,51,69,3,0.425,0.9444,0.4146
8,clab-nebula-serf133,25,16,21,15,6,1,0.7143,0.9375,0.6818
8,clab-nebula-serf64,25,46,144,43,101,3,0.2986,0.9348,0.2925
8,clab-nebula-serf73,25,89,137,84,53,5,0.6131,0.9438,0.5915
8,clab-nebula-serf118,25,2,1,1,0,1,1.0,0.5,0.5
8,clab-nebula-serf5,25,19,24,18,6,1,0.75,0.9474,0.72
8,clab-nebula-serf87,25,49,136,46,90,3,0.3382,0.9388,0.3309
8,clab-nebula-serf88,25,42,132,39,93,3,0.2955,0.9286,0.2889
8,clab-nebula-serf153,25,12,126,11,115,1,0.0873,0.9167,0.0866
8,clab-nebula-serf53,25,81,146,77,69,4,0.5274,0.9506,0.5133
8,clab-nebula-serf69,25,84,137,79,58,5,0.5766,0.9405,0.5563
8,clab-nebula-serf60,25,87,148,82,66,5,0.5541,0.9425,0.5359
8,clab-nebula-serf145,25,7,6,6,0,1,1.0,0.8571,0.8571
8,clab-nebula-serf6,25,68,140,64,76,4,0.4571,0.9412,0.4444
8,clab-nebula-serf11,25,82,148,77,71,5,0.5203,0.939,0.5033
8,clab-nebula-serf98,25,14,116,13,103,1,0.1121,0.9286,0.1111
8,clab-nebula-serf138,25,14,18,13,5,1,0.7222,0.9286,0.6842
8,clab-nebula-serf150,25,17,126,16,110,1,0.127,0.9412,0.126
8,clab-nebula-serf18,25,75,101,71,30,4,0.703,0.9467,0.6762
8,clab-nebula-serf30,25,81,146,77,69,4,0.5274,0.9506,0.5133
8,clab-nebula-serf44,25,81,143,77,66,4,0.5385,0.9506,0.5238
8,clab-nebula-serf131,25,18,21,17,4,1,0.8095,0.9444,0.7727
8,clab-nebula-serf35,25,63,142,59,83,4,0.4155,0.9365,0.4041
8,clab-nebula-serf40,25,71,137,67,70,4,0.4891,0.9437,0.4752
8,clab-nebula-serf144,25,23,149,21,128,2,0.1409,0.913,0.1391
8,clab-nebula-serf152,25,24,139,22,117,2,0.1583,0.9167,0.156
8,clab-nebula-serf162,25,5,4,4,0,1,1.0,0.8,0.8
8,clab-nebula-serf41,25,40,96,38,58,2,0.3958,0.95,0.3878
8,clab-nebula-serf72,25,84,137,79,58,5,0.5766,0.9405,0.5563
8,clab-nebula-serf141,25,14,18,13,5,1,0.7222,0.9286,0.6842
8,clab-nebula-serf25,25,44,83,41,42,3,0.494,0.9318,0.4767
8,clab-nebula-serf50,25,81,143,77,66,4,0.5385,0.9506,0.5238
8,clab-nebula-serf51,25,83,146,78,68,5,0.5342,0.9398,0.5166
8,clab-nebula-serf66,25,79,138,75,63,4,0.5435,0.9494,0.5282
8,clab-nebula-serf86,25,56,136,53,83,3,0.3897,0.9464,0.3813
8,clab-nebula-serf90,25,78,138,74,64,4,0.5362,0.9487,0.5211
8,clab-nebula-serf143,25,7,6,6,0,1,1.0,0.8571,0.8571
8,clab-nebula-serf7,25,67,142,63,79,4,0.4437,0.9403,0.4315
8,clab-nebula-serf37,25,85,147,80,67,5,0.5442,0.9412,0.5263
8,clab-nebula-serf43,25,52,93,49,44,3,0.5269,0.9423,0.5104
8,clab-nebula-serf58,25,93,148,88,60,5,0.5946,0.9462,0.5752
8,clab-nebula-serf61,25,93,148,88,60,5,0.5946,0.9462,0.5752
8,clab-nebula-serf112,25,5,79,4,75,1,0.0506,0.8,0.05
8,clab-nebula-serf15,25,88,148,83,65,5,0.5608,0.9432,0.5425
8,clab-nebula-serf16,25,88,148,83,65,5,0.5608,0.9432,0.5425
8,clab-nebula-serf77,25,90,138,85,53,5,0.6159,0.9444,0.5944
8,clab-nebula-serf121,25,32,85,30,55,2,0.3529,0.9375,0.3448
8,clab-nebula-serf140,25,14,18,13,5,1,0.7222,0.9286,0.6842
8,clab-nebula-serf148,25,12,126,11,115,1,0.0873,0.9167,0.0866
8,clab-nebula-serf154,25,12,126,11,115,1,0.0873,0.9167,0.0866
8,clab-nebula-serf156,25,18,126,17,109,1,0.1349,0.9444,0.1339
8,clab-nebula-serf23,25,22,156,20,136,2,0.1282,0.9091,0.1266
8,clab-nebula-serf39,25,90,142,85,57,5,0.5986,0.9444,0.5782
8,clab-nebula-serf62,25,73,144,69,75,4,0.4792,0.9452,0.4662
8,clab-nebula-serf107,25,40,119,38,81,2,0.3193,0.95,0.314
8,clab-nebula-serf115,25,0,0,0,0,0,1.0,1.0,1.0
8,clab-nebula-serf151,25,13,126,12,114,1,0.0952,0.9231,0.0945
8,clab-nebula-serf158,25,16,160,15,145,1,0.0938,0.9375,0.0932
8,clab-nebula-serf28,25,7,107,6,101,1,0.0561,0.8571,0.0556
8,clab-nebula-serf29,25,23,110,21,89,2,0.1909,0.913,0.1875
8,clab-nebula-serf130,30,24,38,22,16,2,0.5789,0.9167,0.55
8,clab-nebula-serf161,30,36,159,34,125,2,0.2138,0.9444,0.2112
8,clab-nebula-serf32,30,95,150,90,60,5,0.6,0.9474,0.5806
8,clab-nebula-serf63,30,84,146,79,67,5,0.5411,0.9405,0.5232
8,clab-nebula-serf45,30,90,148,85,63,5,0.5743,0.9444,0.5556
8,clab-nebula-serf49,30,106,149,100,49,6,0.6711,0.9434,0.6452
8,clab-nebula-serf83,30,79,142,75,67,4,0.5282,0.9494,0.5137
8,clab-nebula-serf91,30,112,143,106,37,6,0.7413,0.9464,0.7114
8,clab-nebula-serf136,30,28,83,26,57,2,0.3133,0.9286,0.3059
8,clab-nebula-serf146,30,16,68,15,53,1,0.2206,0.9375,0.2174
8,clab-nebula-serf12,30,88,148,83,65,5,0.5608,0.9432,0.5425
8,clab-nebula-serf19,30,90,148,85,63,5,0.5743,0.9444,0.5556
8,clab-nebula-serf80,30,110,137,104,33,6,0.7591,0.9455,0.7273
8,clab-nebula-serf111,30,111,146,105,41,6,0.7192,0.9459,0.6908
8,clab-nebula-serf109,30,130,152,123,29,7,0.8092,0.9462,0.7736
8,clab-nebula-serf147,30,27,139,25,114,2,0.1799,0.9259,0.1773
8,clab-nebula-serf4,30,47,99,44,55,3,0.4444,0.9362,0.4314
8,clab-nebula-serf100,30,59,132,56,76,3,0.4242,0.9492,0.4148
8,clab-nebula-serf75,30,100,138,95,43,5,0.6884,0.95,0.6643
8,clab-nebula-serf89,30,71,145,67,78,4,0.4621,0.9437,0.4497
8,clab-nebula-serf101,30,47,131,44,87,3,0.3359,0.9362,0.3284
8,clab-nebula-serf105,30,86,130,81,49,5,0.6231,0.9419,0.6
8,clab-nebula-serf65,30,95,138,90,48,5,0.6522,0.9474,0.6294
8,clab-nebula-serf68,30,103,137,97,40,6,0.708,0.9417,0.6783
8,clab-nebula-serf94,30,105,141,99,42,6,0.7021,0.9429,0.6735
8,clab-nebula-serf103,30,63,131,59,72,4,0.4504,0.9365,0.437
8,clab-nebula-serf117,30,3,2,2,0,1,1.0,0.6667,0.6667
8,clab-nebula-serf127,30,92,156,87,69,5,0.5577,0.9457,0.5404
8,clab-nebula-serf129,30,42,118,39,79,3,0.3305,0.9286,0.3223
8,clab-nebula-serf155,30,24,139,22,117,2,0.1583,0.9167,0.156
8,clab-nebula-serf3,30,50,150,47,103,3,0.3133,0.94,0.3072
8,clab-nebula-serf14,30,88,148,83,65,5,0.5608,0.9432,0.5425
8,clab-nebula-serf142,30,14,69,13,56,1,0.1884,0.9286,0.1857
8,clab-nebula-serf96,30,41,131,39,92,2,0.2977,0.9512,0.2932
8,clab-nebula-serf116,30,0,0,0,0,0,1.0,1.0,1.0
8,clab-nebula-serf56,30,118,148,112,36,6,0.7568,0.9492,0.7273
8,clab-nebula-serf59,30,119,148,113,35,6,0.7635,0.9496,0.7338
8,clab-nebula-serf70,30,110,147,104,43,6,0.7075,0.9455,0.6797
8,clab-nebula-serf81,30,114,141,108,33,6,0.766,0.9474,0.7347
8,clab-nebula-serf95,30,104,141,98,43,6,0.695,0.9423,0.6667
8,clab-nebula-serf114,30,53,142,50,92,3,0.3521,0.9434,0.3448
8,clab-nebula-serf9,30,87,148,82,66,5,0.5541,0.9425,0.5359
8,clab-nebula-serf17,30,96,148,91,57,5,0.6149,0.9479,0.5948
8,clab-nebula-serf139,30,31,158,29,129,2,0.1835,0.9355,0.1812
8,clab-nebula-serf52,30,106,148,100,48,6,0.6757,0.9434,0.6494
8,clab-nebula-serf71,30,107,137,101,36,6,0.7372,0.9439,0.7063
8,clab-nebula-serf26,30,94,150,89,61,5,0.5933,0.9468,0.5742
8,clab-nebula-serf34,30,95,149,90,59,5,0.604,0.9474,0.5844
8,clab-nebula-serf126,30,92,156,87,69,5,0.5577,0.9457,0.5404
8,clab-nebula-serf36,30,92,149,87,62,5,0.5839,0.9457,0.5649
8,clab-nebula-serf82,30,0,0,0,0,0,1.0,1.0,1.0
8,clab-nebula-serf85,30,82,141,77,64,5,0.5461,0.939,0.5274
8,clab-nebula-serf97,30,41,131,39,92,2,0.2977,0.9512,0.2932
8,clab-nebula-serf99,30,52,142,49,93,3,0.3451,0.9423,0.3379
8,clab-nebula-serf124,30,81,157,77,80,4,0.4904,0.9506,0.4783
8,clab-nebula-serf157,30,35,159,33,126,2,0.2075,0.9429,0.205
8,clab-nebula-serf159,30,35,159,33,126,2,0.2075,0.9429,0.205
8,clab-nebula-serf1,30,74,149,70,79,4,0.4698,0.9459,0.4575
8,clab-nebula-serf33,30,105,149,99,50,6,0.6644,0.9429,0.6387
8,clab-nebula-serf123,30,89,154,84,70,5,0.5455,0.9438,0.5283
8,clab-nebula-serf135,30,25,31,23,8,2,0.7419,0.92,0.697
8,clab-nebula-serf13,30,92,148,87,61,5,0.5878,0.9457,0.5686
8,clab-nebula-serf47,30,100,150,95,55,5,0.6333,0.95,0.6129
8,clab-nebula-serf84,30,57,135,54,81,3,0.4,0.9474,0.3913
8,clab-nebula-serf92,30,103,137,97,40,6,0.708,0.9417,0.6783
8,clab-nebula-serf106,30,55,120,52,68,3,0.4333,0.9455,0.4228
8,clab-nebula-serf108,30,73,130,69,61,4,0.5308,0.9452,0.5149
8,clab-nebula-serf119,30,3,2,2,0,1,1.0,0.6667,0.6667
8,clab-nebula-serf125,30,84,156,79,77,5,0.5064,0.9405,0.4907
8,clab-nebula-serf54,30,99,149,94,55,5,0.6309,0.9495,0.6104
8,clab-nebula-serf57,30,113,148,107,41,6,0.723,0.9469,0.6948
8,clab-nebula-serf24,30,48,152,45,107,3,0.2961,0.9375,0.2903
8,clab-nebula-serf42,30,71,137,67,70,4,0.4891,0.9437,0.4752
8,clab-nebula-serf48,30,88,146,83,63,5,0.5685,0.9432,0.5497
8,clab-nebula-serf2,30,32,74,30,44,2,0.4054,0.9375,0.3947
8,clab-nebula-serf21,30,84,148,79,69,5,0.5338,0.9405,0.5163
8,clab-nebula-serf67,30,98,138,93,45,5,0.6739,0.949,0.6503
8,clab-nebula-serf102,30,40,131,38,93,2,0.2901,0.95,0.2857
8,clab-nebula-serf110,30,37,119,35,84,2,0.2941,0.9459,0.2893
8,clab-nebula-serf132,30,37,159,35,124,2,0.2201,0.9459,0.2174
8,clab-nebula-serf134,30,26,105,24,81,2,0.2286,0.9231,0.2243
8,clab-nebula-serf137,30,26,105,24,81,2,0.2286,0.9231,0.2243
8,clab-nebula-serf10,30,88,148,83,65,5,0.5608,0.9432,0.5425
8,clab-nebula-serf46,30,81,143,77,66,4,0.5385,0.9506,0.5238
8,clab-nebula-serf74,30,106,137,100,37,6,0.7299,0.9434,0.6993
8,clab-nebula-serf76,30,111,138,105,33,6,0.7609,0.9459,0.7292
8,clab-nebula-serf149,30,25,137,23,114,2,0.1679,0.92,0.1655
8,clab-nebula-serf20,30,80,149,76,73,4,0.5101,0.95,0.4967
8,clab-nebula-serf22,30,76,145,72,73,4,0.4966,0.9474,0.4832
8,clab-nebula-serf160,30,37,159,35,124,2,0.2201,0.9459,0.2174
8,clab-nebula-serf31,30,93,150,88,62,5,0.5867,0.9462,0.5677
8,clab-nebula-serf93,30,110,141,104,37,6,0.7376,0.9455,0.7075
8,clab-nebula-serf122,30,61,123,58,65,3,0.4715,0.9508,0.4603
8,clab-nebula-serf38,30,92,149,87,62,5,0.5839,0.9457,0.5649
8,clab-nebula-serf55,30,96,148,91,57,5,0.6149,0.9479,0.5948
8,clab-nebula-serf79,30,116,141,110,31,6,0.7801,0.9483,0.7483
8,clab-nebula-serf113,30,65,142,61,81,4,0.4296,0.9385,0.4178
8,clab-nebula-serf120,30,3,2,2,0,1,1.0,0.6667,0.6667
8,clab-nebula-serf128,30,73,130,69,61,4,0.5308,0.9452,0.5149
8,clab-nebula-serf8,30,76,146,72,74,4,0.4932,0.9474,0.48
8,clab-nebula-serf27,30,38,157,36,121,2,0.2293,0.9474,0.2264
8,clab-nebula-serf78,30,102,137,96,41,6,0.7007,0.9412,0.6713
8,clab-nebula-serf104,30,87,131,82,49,5,0.626,0.9425,0.6029
8,clab-nebula-serf133,30,26,105,24,81,2,0.2286,0.9231,0.2243
8,clab-nebula-serf64,30,69,146,65,81,4,0.4452,0.942,0.4333
8,clab-nebula-serf73,30,113,141,107,34,6,0.7589,0.9469,0.7279
8,clab-nebula-serf118,30,3,2,2,0,1,1.0,0.6667,0.6667
8,clab-nebula-serf5,30,46,142,43,99,3,0.3028,0.9348,0.2966
8,clab-nebula-serf87,30,80,147,76,71,4,0.517,0.95,0.5033
8,clab-nebula-serf88,30,72,145,68,77,4,0.469,0.9444,0.4564
8,clab-nebula-serf153,30,24,139,22,117,2,0.1583,0.9167,0.156
8,clab-nebula-serf53,30,97,148,92,56,5,0.6216,0.9485,0.6013
8,clab-nebula-serf69,30,107,137,101,36,6,0.7372,0.9439,0.7063
8,clab-nebula-serf60,30,111,148,105,43,6,0.7095,0.9459,0.6818
8,clab-nebula-serf145,30,15,68,14,54,1,0.2059,0.9333,0.2029
8,clab-nebula-serf6,30,86,148,81,67,5,0.5473,0.9419,0.5294
8,clab-nebula-serf11,30,93,148,88,60,5,0.5946,0.9462,0.5752
8,clab-nebula-serf98,30,29,130,27,103,2,0.2077,0.931,0.2045
8,clab-nebula-serf138,30,26,105,24,81,2,0.2286,0.9231,0.2243
8,clab-nebula-serf150,30,23,139,21,118,2,0.1511,0.913,0.1489
8,clab-nebula-serf18,30,90,148,85,63,5,0.5743,0.9444,0.5556
8,clab-nebula-serf30,30,93,150,88,62,5,0.5867,0.9462,0.5677
8,clab-nebula-serf44,30,99,150,94,56,5,0.6267,0.9495,0.6065
8,clab-nebula-serf131,30,29,155,27,128,2,0.1742,0.931,0.172
8,clab-nebula-serf35,30,85,147,80,67,5,0.5442,0.9412,0.5263
8,clab-nebula-serf40,30,87,148,82,66,5,0.5541,0.9425,0.5359
8,clab-nebula-serf144,30,55,158,52,106,3,0.3291,0.9455,0.323
8,clab-nebula-serf152,30,47,139,44,95,3,0.3165,0.9362,0.3099
8,clab-nebula-serf162,30,9,12,8,4,1,0.6667,0.8889,0.6154
8,clab-nebula-serf41,30,74,113,70,43,4,0.6195,0.9459,0.5983
8,clab-nebula-serf72,30,110,137,104,33,6,0.7591,0.9455,0.7273
8,clab-nebula-serf141,30,26,105,24,81,2,0.2286,0.9231,0.2243
8,clab-nebula-serf25,30,81,146,77,69,4,0.5274,0.9506,0.5133
8,clab-nebula-serf50,30,93,148,88,60,5,0.5946,0.9462,0.5752
8,clab-nebula-serf51,30,97,148,92,56,5,0.6216,0.9485,0.6013
8,clab-nebula-serf66,30,106,137,100,37,6,0.7299,0.9434,0.6993
8,clab-nebula-serf86,30,85,146,80,66,5,0.5479,0.9412,0.5298
8,clab-nebula-serf90,30,101,138,96,42,5,0.6957,0.9505,0.6713
8,clab-nebula-serf143,30,13,69,12,57,1,0.1739,0.9231,0.1714
8,clab-nebula-serf7,30,86,148,81,67,5,0.5473,0.9419,0.5294
8,clab-nebula-serf37,30,96,150,91,59,5,0.6067,0.9479,0.5871
8,clab-nebula-serf43,30,82,142,77,65,5,0.5423,0.939,0.5238
8,clab-nebula-serf58,30,118,148,112,36,6,0.7568,0.9492,0.7273
8,clab-nebula-serf61,30,118,148,112,36,6,0.7568,0.9492,0.7273
8,clab-nebula-serf112,30,18,79,17,62,1,0.2152,0.9444,0.2125
8,clab-nebula-serf15,30,100,149,95,54,5,0.6376,0.95,0.6169
8,clab-nebula-serf16,30,101,149,96,53,5,0.6443,0.9505,0.6234
8,clab-nebula-serf77,30,113,141,107,34,6,0.7589,0.9469,0.7279
8,clab-nebula-serf121,30,81,157,77,80,4,0.4904,0.9506,0.4783
8,clab-nebula-serf140,30,25,38,23,15,2,0.6053,0.92,0.575
8,clab-nebula-serf148,30,22,139,20,119,2,0.1439,0.9091,0.1418
8,clab-nebula-serf154,30,23,139,21,118,2,0.1511,0.913,0.1489
8,clab-nebula-serf156,30,33,140,31,109,2,0.2214,0.9394,0.2183
8,clab-nebula-serf23,30,39,64,37,27,2,0.5781,0.9487,0.5606
8,clab-nebula-serf39,30,106,145,100,45,6,0.6897,0.9434,0.6623
8,clab-nebula-serf62,30,88,148,83,65,5,0.5608,0.9432,0.5425
8,clab-nebula-serf107,30,71,130,67,63,4,0.5154,0.9437,0.5
8,clab-nebula-serf115,30,0,0,0,0,0,1.0,1.0,1.0
8,clab-nebula-serf151,30,23,139,21,118,2,0.1511,0.913,0.1489
8,clab-nebula-serf158,30,34,159,32,127,2,0.2013,0.9412,0.1988
8,clab-nebula-serf28,30,19,110,18,92,1,0.1636,0.9474,0.1622
8,clab-nebula-serf29,30,39,133,37,96,2,0.2782,0.9487,0.2741
8,clab-nebula-serf130,35,41,159,39,120,2,0.2453,0.9512,0.2422
8,clab-nebula-serf161,35,42,158,39,119,3,0.2468,0.9286,0.2422
8,clab-nebula-serf32,35,108,149,102,47,6,0.6846,0.9444,0.6581
8,clab-nebula-serf63,35,103,148,97,51,6,0.6554,0.9417,0.6299
8,clab-nebula-serf45,35,118,149,112,37,6,0.7517,0.9492,0.7226
8,clab-nebula-serf49,35,121,149,115,34,6,0.7718,0.9504,0.7419
8,clab-nebula-serf83,35,109,145,103,42,6,0.7103,0.945,0.6821
8,clab-nebula-serf91,35,119,145,113,32,6,0.7793,0.9496,0.7483
8,clab-nebula-serf136,35,45,158,42,116,3,0.2658,0.9333,0.2609
8,clab-nebula-serf146,35,44,158,41,117,3,0.2595,0.9318,0.2547
8,clab-nebula-serf12,35,102,148,96,52,6,0.6486,0.9412,0.6234
8,clab-nebula-serf19,35,105,148,99,49,6,0.6689,0.9429,0.6429
8,clab-nebula-serf80,35,120,142,114,28,6,0.8028,0.95,0.7703
8,clab-nebula-serf111,35,145,151,137,14,8,0.9073,0.9448,0.8616
8,clab-nebula-serf109,35,145,151,137,14,8,0.9073,0.9448,0.8616
8,clab-nebula-serf147,35,48,139,45,94,3,0.3237,0.9375,0.3169
8,clab-nebula-serf4,35,82,148,77,71,5,0.5203,0.939,0.5033
8,clab-nebula-serf100,35,89,146,84,62,5,0.5753,0.9438,0.5563
8,clab-nebula-serf75,35,115,141,109,32,6,0.773,0.9478,0.7415
8,clab-nebula-serf89,35,97,146,92,54,5,0.6301,0.9485,0.6093
8,clab-nebula-serf101,35,79,146,75,71,4,0.5137,0.9494,0.5
8,clab-nebula-serf105,35,123,152,116,36,7,0.7632,0.9431,0.7296
8,clab-nebula-serf65,35,115,138,109,29,6,0.7899,0.9478,0.7569
8,clab-nebula-serf68,35,116,141,110,31,6,0.7801,0.9483,0.7483
8,clab-nebula-serf94,35,119,145,113,32,6,0.7793,0.9496,0.7483
8,clab-nebula-serf103,35,102,146,96,50,6,0.6575,0.9412,0.6316
8,clab-nebula-serf117,35,3,2,2,0,1,1.0,0.6667,0.6667
8,clab-nebula-serf127,35,122,154,115,39,7,0.7468,0.9426,0.7143
8,clab-nebula-serf129,35,71,130,67,63,4,0.5154,0.9437,0.5
8,clab-nebula-serf155,35,43,139,40,99,3,0.2878,0.9302,0.2817
8,clab-nebula-serf3,35,83,148,78,70,5,0.527,0.9398,0.5098
8,clab-nebula-serf14,35,102,148,96,52,6,0.6486,0.9412,0.6234
8,clab-nebula-serf142,35,30,155,28,127,2,0.1806,0.9333,0.1783
8,clab-nebula-serf96,35,77,146,73,73,4,0.5,0.9481,0.4867
8,clab-nebula-serf116,35,1,1,1,0,0,1.0,1.0,1.0
8,clab-nebula-serf56,35,121,149,115,34,6,0.7718,0.9504,0.7419
8,clab-nebula-serf59,35,124,148,117,31,7,0.7905,0.9435,0.7548
8,clab-nebula-serf70,35,119,148,113,35,6,0.7635,0.9496,0.7338
8,clab-nebula-serf81,35,121,142,115,27,6,0.8099,0.9504,0.777
8,clab-nebula-serf95,35,119,145,113,32,6,0.7793,0.9496,0.7483
8,clab-nebula-serf114,35,92,142,87,55,5,0.6127,0.9457,0.5918
8,clab-nebula-serf9,35,101,149,96,53,5,0.6443,0.9505,0.6234
8,clab-nebula-serf17,35,116,148,110,38,6,0.7432,0.9483,0.7143
8,clab-nebula-serf139,35,45,158,42,116,3,0.2658,0.9333,0.2609
8,clab-nebula-serf52,35,119,148,113,35,6,0.7635,0.9496,0.7338
8,clab-nebula-serf71,35,119,142,113,29,6,0.7958,0.9496,0.7635
8,clab-nebula-serf26,35,108,149,102,47,6,0.6846,0.9444,0.6581
8,clab-nebula-serf34,35,112,149,106,43,6,0.7114,0.9464,0.6839
8,clab-nebula-serf126,35,121,155,115,40,6,0.7419,0.9504,0.7143
8,clab-nebula-serf36,35,108,148,102,46,6,0.6892,0.9444,0.6623
8,clab-nebula-serf82,35,16,105,15,90,1,0.1429,0.9375,0.1415
8,clab-nebula-serf85,35,111,145,105,40,6,0.7241,0.9459,0.6954
8,clab-nebula-serf97,35,80,146,76,70,4,0.5205,0.95,0.5067
8,clab-nebula-serf99,35,82,146,77,69,5,0.5274,0.939,0.5099
8,clab-nebula-serf124,35,114,155,108,47,6,0.6968,0.9474,0.6708
8,clab-nebula-serf157,35,40,159,38,121,2,0.239,0.95,0.236
8,clab-nebula-serf159,35,40,159,38,121,2,0.239,0.95,0.236
8,clab-nebula-serf1,35,91,149,86,63,5,0.5772,0.9451,0.5584
8,clab-nebula-serf33,35,119,149,113,36,6,0.7584,0.9496,0.729
8,clab-nebula-serf123,35,128,152,121,31,7,0.7961,0.9453,0.761
8,clab-nebula-serf135,35,42,158,39,119,3,0.2468,0.9286,0.2422
8,clab-nebula-serf13,35,110,148,104,44,6,0.7027,0.9455,0.6753
8,clab-nebula-serf47,35,120,149,114,35,6,0.7651,0.95,0.7355
8,clab-nebula-serf84,35,81,142,77,65,4,0.5423,0.9506,0.5274
8,clab-nebula-serf92,35,118,142,112,30,6,0.7887,0.9492,0.7568
8,clab-nebula-serf106,35,86,130,81,49,5,0.6231,0.9419,0.6
8,clab-nebula-serf108,35,122,151,115,36,7,0.7616,0.9426,0.7278
8,clab-nebula-serf119,35,3,2,2,0,1,1.0,0.6667,0.6667
8,clab-nebula-serf125,35,112,155,106,49,6,0.6839,0.9464,0.6584
8,clab-nebula-serf54,35,119,148,113,35,6,0.7635,0.9496,0.7338
8,clab-nebula-serf57,35,121,149,115,34,6,0.7718,0.9504,0.7419
8,clab-nebula-serf24,35,83,148,78,70,5,0.527,0.9398,0.5098
8,clab-nebula-serf42,35,88,148,83,65,5,0.5608,0.9432,0.5425
8,clab-nebula-serf48,35,114,149,108,41,6,0.7248,0.9474,0.6968
8,clab-nebula-serf2,35,67,145,63,82,4,0.4345,0.9403,0.4228
8,clab-nebula-serf21,35,94,150,89,61,5,0.5933,0.9468,0.5742
8,clab-nebula-serf67,35,115,141,109,32,6,0.773,0.9478,0.7415
8,clab-nebula-serf102,35,76,145,72,73,4,0.4966,0.9474,0.4832
8,clab-nebula-serf110,35,69,130,65,65,4,0.5,0.942,0.4851
8,clab-nebula-serf132,35,48,158,45,113,3,0.2848,0.9375,0.2795
8,clab-nebula-serf134,35,43,158,40,118,3,0.2532,0.9302,0.2484
8,clab-nebula-serf137,35,44,158,41,117,3,0.2595,0.9318,0.2547
8,clab-nebula-serf10,35,103,148,97,51,6,0.6554,0.9417,0.6299
8,clab-nebula-serf46,35,100,150,95,55,5,0.6333,0.95,0.6129
8,clab-nebula-serf74,35,117,141,111,30,6,0.7872,0.9487,0.7551
8,clab-nebula-serf76,35,121,142,115,27,6,0.8099,0.9504,0.777
8,clab-nebula-serf149,35,48,139,45,94,3,0.3237,0.9375,0.3169
8,clab-nebula-serf20,35,93,150,88,62,5,0.5867,0.9462,0.5677
8,clab-nebula-serf22,35,93,150,88,62,5,0.5867,0.9462,0.5677
8,clab-nebula-serf160,35,43,158,40,118,3,0.2532,0.9302,0.2484
8,clab-nebula-serf31,35,102,149,96,53,6,0.6443,0.9412,0.6194
8,clab-nebula-serf93,35,119,142,113,29,6,0.7958,0.9496,0.7635
8,clab-nebula-serf122,35,106,155,100,55,6,0.6452,0.9434,0.6211
8,clab-nebula-serf38,35,107,149,101,48,6,0.6779,0.9439,0.6516
8,clab-nebula-serf55,35,119,148,113,35,6,0.7635,0.9496,0.7338
8,clab-nebula-serf79,35,121,142,115,27,6,0.8099,0.9504,0.777
8,clab-nebula-serf113,35,105,144,99,45,6,0.6875,0.9429,0.66
8,clab-nebula-serf120,35,3,2,2,0,1,1.0,0.6667,0.6667
8,clab-nebula-serf128,35,111,146,105,41,6,0.7192,0.9459,0.6908
8,clab-nebula-serf8,35,89,148,84,64,5,0.5676,0.9438,0.549
8,clab-nebula-serf27,35,75,150,71,79,4,0.4733,0.9467,0.461
8,clab-nebula-serf78,35,118,142,112,30,6,0.7887,0.9492,0.7568
8,clab-nebula-serf104,35,130,152,123,29,7,0.8092,0.9462,0.7736
8,clab-nebula-serf133,35,44,158,41,117,3,0.2595,0.9318,0.2547
8,clab-nebula-serf64,35,100,148,95,53,5,0.6419,0.95,0.6209
8,clab-nebula-serf73,35,121,142,115,27,6,0.8099,0.9504,0.777
8,clab-nebula-serf118,35,3,2,2,0,1,1.0,0.6667,0.6667
8,clab-nebula-serf5,35,80,149,76,73,4,0.5101,0.95,0.4967
8,clab-nebula-serf87,35,108,145,102,43,6,0.7034,0.9444,0.6755
8,clab-nebula-serf88,35,100,146,95,51,5,0.6507,0.95,0.6291
8,clab-nebula-serf153,35,42,139,39,100,3,0.2806,0.9286,0.2746
8,clab-nebula-serf53,35,118,148,112,36,6,0.7568,0.9492,0.7273
8,clab-nebula-serf69,35,119,142,113,29,6,0.7958,0.9496,0.7635
8,clab-nebula-serf60,35,120,148,114,34,6,0.7703,0.95,0.7403
8,clab-nebula-serf145,35,37,156,35,121,2,0.2244,0.9459,0.2215
8,clab-nebula-serf6,35,98,149,93,56,5,0.6242,0.949,0.6039
8,clab-nebula-serf11,35,112,148,106,42,6,0.7162,0.9464,0.6883
8,clab-nebula-serf98,35,71,142,67,75,4,0.4718,0.9437,0.4589
8,clab-nebula-serf138,35,43,158,40,118,3,0.2532,0.9302,0.2484
8,clab-nebula-serf150,35,42,139,39,100,3,0.2806,0.9286,0.2746
8,clab-nebula-serf18,35,103,148,97,51,6,0.6554,0.9417,0.6299
8,clab-nebula-serf30,35,102,149,96,53,6,0.6443,0.9412,0.6194
8,clab-nebula-serf44,35,120,149,114,35,6,0.7651,0.95,0.7355
8,clab-nebula-serf131,35,45,158,42,116,3,0.2658,0.9333,0.2609
8,clab-nebula-serf35,35,95,149,90,59,5,0.604,0.9474,0.5844
8,clab-nebula-serf40,35,98,149,93,56,5,0.6242,0.949,0.6039
8,clab-nebula-serf144,35,60,158,57,101,3,0.3608,0.95,0.354
8,clab-nebula-serf152,35,60,139,57,82,3,0.4101,0.95,0.4014
8,clab-nebula-serf162,35,20,159,19,140,1,0.1195,0.95,0.1187
8,clab-nebula-serf41,35,89,149,84,65,5,0.5638,0.9438,0.5455
8,clab-nebula-serf72,35,121,142,115,27,6,0.8099,0.9504,0.777
8,clab-nebula-serf141,35,43,158,40,118,3,0.2532,0.9302,0.2484
8,clab-nebula-serf25,35,93,150,88,62,5,0.5867,0.9462,0.5677
8,clab-nebula-serf50,35,118,149,112,37,6,0.7517,0.9492,0.7226
8,clab-nebula-serf51,35,118,148,112,36,6,0.7568,0.9492,0.7273
8,clab-nebula-serf66,35,116,141,110,31,6,0.7801,0.9483,0.7483
8,clab-nebula-serf86,35,115,145,109,36,6,0.7517,0.9478,0.7219
8,clab-nebula-serf90,35,119,142,113,29,6,0.7958,0.9496,0.7635
8,clab-nebula-serf143,35,32,155,30,125,2,0.1935,0.9375,0.1911
8,clab-nebula-serf7,35,99,149,94,55,5,0.6309,0.9495,0.6104
8,clab-nebula-serf37,35,111,149,105,44,6,0.7047,0.9459,0.6774
8,clab-nebula-serf43,35,98,150,93,57,5,0.62,0.949,0.6
8,clab-nebula-serf58,35,122,148,115,33,7,0.777,0.9426,0.7419
8,clab-nebula-serf61,35,121,149,115,34,6,0.7718,0.9504,0.7419
8,clab-nebula-serf112,35,34,83,32,51,2,0.3855,0.9412,0.3765
8,clab-nebula-serf15,35,117,148,111,37,6,0.75,0.9487,0.7208
8,clab-nebula-serf16,35,119,148,113,35,6,0.7635,0.9496,0.7338
8,clab-nebula-serf77,35,121,142,115,27,6,0.8099,0.9504,0.777
8,clab-nebula-serf121,35,121,155,115,40,6,0.7419,0.9504,0.7143
8,clab-nebula-serf140,35,39,159,37,122,2,0.2327,0.9487,0.2298
8,clab-nebula-serf148,35,38,140,36,104,2,0.2571,0.9474,0.2535
8,clab-nebula-serf154,35,42,139,39,100,3,0.2806,0.9286,0.2746
8,clab-nebula-serf156,35,49,139,46,93,3,0.3309,0.9388,0.3239
8,clab-nebula-serf23,35,75,145,71,74,4,0.4897,0.9467,0.4765
8,clab-nebula-serf39,35,119,145,113,32,6,0.7793,0.9496,0.7483
8,clab-nebula-serf62,35,110,148,104,44,6,0.7027,0.9455,0.6753
8,clab-nebula-serf107,35,104,146,98,48,6,0.6712,0.9423,0.6447
8,clab-nebula-serf115,35,1,1,1,0,0,1.0,1.0,1.0
8,clab-nebula-serf151,35,43,139,40,99,3,0.2878,0.9302,0.2817
8,clab-nebula-serf158,35,40,159,38,121,2,0.239,0.95,0.236
8,clab-nebula-serf28,35,29,123,27,96,2,0.2195,0.931,0.216
8,clab-nebula-serf29,35,79,143,75,68,4,0.5245,0.9494,0.5102
8,clab-nebula-serf130,40,53,158,50,108,3,0.3165,0.9434,0.3106
8,clab-nebula-serf161,40,58,158,55,103,3,0.3481,0.9483,0.3416
8,clab-nebula-serf32,40,121,149,115,34,6,0.7718,0.9504,0.7419
8,clab-nebula-serf63,40,119,148,113,35,6,0.7635,0.9496,0.7338
8,clab-nebula-serf45,40,121,149,115,34,6,0.7718,0.9504,0.7419
8,clab-nebula-serf49,40,124,148,117,31,7,0.7905,0.9435,0.7548
8,clab-nebula-serf83,40,119,145,113,32,6,0.7793,0.9496,0.7483
8,clab-nebula-serf91,40,129,145,122,23,7,0.8414,0.9457,0.8026
8,clab-nebula-serf136,40,66,157,62,95,4,0.3949,0.9394,0.3851
8,clab-nebula-serf146,40,58,158,55,103,3,0.3481,0.9483,0.3416
8,clab-nebula-serf12,40,119,148,113,35,6,0.7635,0.9496,0.7338
8,clab-nebula-serf19,40,120,149,114,35,6,0.7651,0.95,0.7355
8,clab-nebula-serf80,40,127,142,120,22,7,0.8451,0.9449,0.8054
8,clab-nebula-serf111,40,150,151,142,9,8,0.9404,0.9467,0.8931
8,clab-nebula-serf109,40,153,151,145,6,8,0.9603,0.9477,0.9119
8,clab-nebula-serf147,40,59,139,56,83,3,0.4029,0.9492,0.3944
8,clab-nebula-serf4,40,92,149,87,62,5,0.5839,0.9457,0.5649
8,clab-nebula-serf100,40,137,146,130,16,7,0.8904,0.9489,0.8497
8,clab-nebula-serf75,40,122,141,115,26,7,0.8156,0.9426,0.777
8,clab-nebula-serf89,40,119,145,113,32,6,0.7793,0.9496,0.7483
8,clab-nebula-serf101,40,131,146,124,22,7,0.8493,0.9466,0.8105
8,clab-nebula-serf105,40,145,151,137,14,8,0.9073,0.9448,0.8616
8,clab-nebula-serf65,40,122,138,115,23,7,0.8333,0.9426,0.7931
8,clab-nebula-serf68,40,122,141,115,26,7,0.8156,0.9426,0.777
8,clab-nebula-serf94,40,129,145,122,23,7,0.8414,0.9457,0.8026
8,clab-nebula-serf103,40,140,146,133,13,7,0.911,0.95,0.8693
8,clab-nebula-serf117,40,3,2,2,0,1,1.0,0.6667,0.6667
8,clab-nebula-serf127,40,138,154,131,23,7,0.8506,0.9493,0.8137
8,clab-nebula-serf129,40,123,152,116,36,7,0.7632,0.9431,0.7296
8,clab-nebula-serf155,40,56,139,53,86,3,0.3813,0.9464,0.3732
8,clab-nebula-serf3,40,96,150,91,59,5,0.6067,0.9479,0.5871
8,clab-nebula-serf14,40,119,148,113,35,6,0.7635,0.9496,0.7338
8,clab-nebula-serf142,40,54,158,51,107,3,0.3228,0.9444,0.3168
8,clab-nebula-serf96,40,121,147,115,32,6,0.7823,0.9504,0.7516
8,clab-nebula-serf116,40,1,1,1,0,0,1.0,1.0,1.0
8,clab-nebula-serf56,40,125,148,118,30,7,0.7973,0.944,0.7613
8,clab-nebula-serf59,40,128,148,121,27,7,0.8176,0.9453,0.7806
8,clab-nebula-serf70,40,124,147,117,30,7,0.7959,0.9435,0.7597
8,clab-nebula-serf81,40,130,142,123,19,7,0.8662,0.9462,0.8255
8,clab-nebula-serf95,40,124,145,117,28,7,0.8069,0.9435,0.7697
8,clab-nebula-serf114,40,134,147,127,20,7,0.8639,0.9478,0.8247
8,clab-nebula-serf9,40,116,148,110,38,6,0.7432,0.9483,0.7143
8,clab-nebula-serf17,40,121,149,115,34,6,0.7718,0.9504,0.7419
8,clab-nebula-serf139,40,65,157,61,96,4,0.3885,0.9385,0.3789
8,clab-nebula-serf52,40,124,148,117,31,7,0.7905,0.9435,0.7548
8,clab-nebula-serf71,40,124,142,117,25,7,0.8239,0.9435,0.7852
8,clab-nebula-serf26,40,121,149,115,34,6,0.7718,0.9504,0.7419
8,clab-nebula-serf34,40,121,149,115,34,6,0.7718,0.9504,0.7419
8,clab-nebula-serf126,40,138,154,131,23,7,0.8506,0.9493,0.8137
8,clab-nebula-serf36,40,121,149,115,34,6,0.7718,0.9504,0.7419
8,clab-nebula-serf82,40,61,143,58,85,3,0.4056,0.9508,0.3973
8,clab-nebula-serf85,40,119,145,113,32,6,0.7793,0.9496,0.7483
8,clab-nebula-serf97,40,126,146,119,27,7,0.8151,0.9444,0.7778
8,clab-nebula-serf99,40,137,146,130,16,7,0.8904,0.9489,0.8497
8,clab-nebula-serf124,40,133,154,126,28,7,0.8182,0.9474,0.7826
8,clab-nebula-serf157,40,54,158,51,107,3,0.3228,0.9444,0.3168
8,clab-nebula-serf159,40,54,158,51,107,3,0.3228,0.9444,0.3168
8,clab-nebula-serf1,40,107,149,101,48,6,0.6779,0.9439,0.6516
8,clab-nebula-serf33,40,124,148,117,31,7,0.7905,0.9435,0.7548
8,clab-nebula-serf123,40,143,151,135,16,8,0.894,0.9441,0.8491
8,clab-nebula-serf135,40,54,158,51,107,3,0.3228,0.9444,0.3168
8,clab-nebula-serf13,40,120,149,114,35,6,0.7651,0.95,0.7355
8,clab-nebula-serf47,40,124,148,117,31,7,0.7905,0.9435,0.7548
8,clab-nebula-serf84,40,110,145,104,41,6,0.7172,0.9455,0.6887
8,clab-nebula-serf92,40,123,141,116,25,7,0.8227,0.9431,0.7838
8,clab-nebula-serf106,40,130,152,123,29,7,0.8092,0.9462,0.7736
8,clab-nebula-serf108,40,144,151,136,15,8,0.9007,0.9444,0.8553
8,clab-nebula-serf119,40,4,78,3,75,1,0.0385,0.75,0.038
8,clab-nebula-serf125,40,137,154,130,24,7,0.8442,0.9489,0.8075
8,clab-nebula-serf54,40,122,148,115,33,7,0.777,0.9426,0.7419
8,clab-nebula-serf57,40,124,148,117,31,7,0.7905,0.9435,0.7548
8,clab-nebula-serf24,40,93,150,88,62,5,0.5867,0.9462,0.5677
8,clab-nebula-serf42,40,101,150,96,54,5,0.64,0.9505,0.6194
8,clab-nebula-serf48,40,121,149,115,34,6,0.7718,0.9504,0.7419
8,clab-nebula-serf2,40,84,148,79,69,5,0.5338,0.9405,0.5163
8,clab-nebula-serf21,40,107,149,101,48,6,0.6779,0.9439,0.6516
8,clab-nebula-serf67,40,122,141,115,26,7,0.8156,0.9426,0.777
8,clab-nebula-serf102,40,124,146,117,29,7,0.8014,0.9435,0.7647
8,clab-nebula-serf110,40,107,146,101,45,6,0.6918,0.9439,0.6645
8,clab-nebula-serf132,40,78,157,74,83,4,0.4713,0.9487,0.4596
8,clab-nebula-serf134,40,57,158,54,104,3,0.3418,0.9474,0.3354
8,clab-nebula-serf137,40,55,158,52,106,3,0.3291,0.9455,0.323
8,clab-nebula-serf10,40,120,149,114,35,6,0.7651,0.95,0.7355
8,clab-nebula-serf46,40,121,149,115,34,6,0.7718,0.9504,0.7419
8,clab-nebula-serf74,40,124,142,117,25,7,0.8239,0.9435,0.7852
8,clab-nebula-serf76,40,129,142,122,20,7,0.8592,0.9457,0.8188
8,clab-nebula-serf149,40,60,139,57,82,3,0.4101,0.95,0.4014
8,clab-nebula-serf20,40,102,149,96,53,6,0.6443,0.9412,0.6194
8,clab-nebula-serf22,40,98,150,93,57,5,0.62,0.949,0.6
8,clab-nebula-serf160,40,58,158,55,103,3,0.3481,0.9483,0.3416
8,clab-nebula-serf31,40,119,149,113,36,6,0.7584,0.9496,0.729
8,clab-nebula-serf93,40,125,143,118,25,7,0.8252,0.944,0.7867
8,clab-nebula-serf122,40,133,154,126,28,7,0.8182,0.9474,0.7826
8,clab-nebula-serf38,40,121,149,115,34,6,0.7718,0.9504,0.7419
8,clab-nebula-serf55,40,121,149,115,34,6,0.7718,0.9504,0.7419
8,clab-nebula-serf79,40,135,144,128,16,7,0.8889,0.9481,0.8477
8,clab-nebula-serf113,40,139,147,132,15,7,0.898,0.9496,0.8571
8,clab-nebula-serf120,40,3,2,2,0,1,1.0,0.6667,0.6667
8,clab-nebula-serf128,40,145,151,137,14,8,0.9073,0.9448,0.8616
8,clab-nebula-serf8,40,105,148,99,49,6,0.6689,0.9429,0.6429
8,clab-nebula-serf27,40,92,150,87,63,5,0.58,0.9457,0.5613
8,clab-nebula-serf78,40,123,142,116,26,7,0.8169,0.9431,0.7785
8,clab-nebula-serf104,40,145,151,137,14,8,0.9073,0.9448,0.8616
8,clab-nebula-serf133,40,59,158,56,102,3,0.3544,0.9492,0.3478
8,clab-nebula-serf64,40,116,148,110,38,6,0.7432,0.9483,0.7143
8,clab-nebula-serf73,40,130,142,123,19,7,0.8662,0.9462,0.8255
8,clab-nebula-serf118,40,3,2,2,0,1,1.0,0.6667,0.6667
8,clab-nebula-serf5,40,92,149,87,62,5,0.5839,0.9457,0.5649
8,clab-nebula-serf87,40,120,145,114,31,6,0.7862,0.95,0.755
8,clab-nebula-serf88,40,120,145,114,31,6,0.7862,0.95,0.755
8,clab-nebula-serf153,40,55,139,52,87,3,0.3741,0.9455,0.3662
8,clab-nebula-serf53,40,121,149,115,34,6,0.7718,0.9504,0.7419
8,clab-nebula-serf69,40,125,142,118,24,7,0.831,0.944,0.7919
8,clab-nebula-serf60,40,124,148,117,31,7,0.7905,0.9435,0.7548
8,clab-nebula-serf145,40,56,158,53,105,3,0.3354,0.9464,0.3292
8,clab-nebula-serf6,40,117,149,111,38,6,0.745,0.9487,0.7161
8,clab-nebula-serf11,40,120,149,114,35,6,0.7651,0.95,0.7355
8,clab-nebula-serf98,40,121,147,115,32,6,0.7823,0.9504,0.7516
8,clab-nebula-serf138,40,55,158,52,106,3,0.3291,0.9455,0.323
8,clab-nebula-serf150,40,54,139,51,88,3,0.3669,0.9444,0.3592
8,clab-nebula-serf18,40,120,149,114,35,6,0.7651,0.95,0.7355
8,clab-nebula-serf30,40,119,149,113,36,6,0.7584,0.9496,0.729
8,clab-nebula-serf44,40,124,148,117,31,7,0.7905,0.9435,0.7548
8,clab-nebula-serf131,40,69,157,65,92,4,0.414,0.942,0.4037
8,clab-nebula-serf35,40,111,149,105,44,6,0.7047,0.9459,0.6774
8,clab-nebula-serf40,40,118,149,112,37,6,0.7517,0.9492,0.7226
8,clab-nebula-serf144,40,95,156,90,66,5,0.5769,0.9474,0.559
8,clab-nebula-serf152,40,89,141,84,57,5,0.5957,0.9438,0.5753
8,clab-nebula-serf162,40,35,159,33,126,2,0.2075,0.9429,0.205
8,clab-nebula-serf41,40,99,149,94,55,5,0.6309,0.9495,0.6104
8,clab-nebula-serf72,40,125,142,118,24,7,0.831,0.944,0.7919
8,clab-nebula-serf141,40,59,158,56,102,3,0.3544,0.9492,0.3478
8,clab-nebula-serf25,40,102,149,96,53,6,0.6443,0.9412,0.6194
8,clab-nebula-serf50,40,122,148,115,33,7,0.777,0.9426,0.7419
8,clab-nebula-serf51,40,121,149,115,34,6,0.7718,0.9504,0.7419
8,clab-nebula-serf66,40,123,142,116,26,7,0.8169,0.9431,0.7785
8,clab-nebula-serf86,40,120,145,114,31,6,0.7862,0.95,0.755
8,clab-nebula-serf90,40,122,141,115,26,7,0.8156,0.9426,0.777
8,clab-nebula-serf143,40,56,158,53,105,3,0.3354,0.9464,0.3292
8,clab-nebula-serf7,40,117,149,111,38,6,0.745,0.9487,0.7161
8,clab-nebula-serf37,40,121,149,115,34,6,0.7718,0.9504,0.7419
8,clab-nebula-serf43,40,119,149,113,36,6,0.7584,0.9496,0.729
8,clab-nebula-serf58,40,125,148,118,30,7,0.7973,0.944,0.7613
8,clab-nebula-serf61,40,124,148,117,31,7,0.7905,0.9435,0.7548
8,clab-nebula-serf112,40,64,129,60,69,4,0.4651,0.9375,0.4511
8,clab-nebula-serf15,40,121,149,115,34,6,0.7718,0.9504,0.7419
8,clab-nebula-serf16,40,121,149,115,34,6,0.7718,0.9504,0.7419
8,clab-nebula-serf77,40,125,142,118,24,7,0.831,0.944,0.7919
8,clab-nebula-serf121,40,138,154,131,23,7,0.8506,0.9493,0.8137
8,clab-nebula-serf140,40,52,158,49,109,3,0.3101,0.9423,0.3043
8,clab-nebula-serf148,40,52,139,49,90,3,0.3525,0.9423,0.3451
8,clab-nebula-serf154,40,55,139,52,87,3,0.3741,0.9455,0.3662
8,clab-nebula-serf156,40,61,139,58,81,3,0.4173,0.9508,0.4085
8,clab-nebula-serf23,40,91,150,86,64,5,0.5733,0.9451,0.5548
8,clab-nebula-serf39,40,124,145,117,28,7,0.8069,0.9435,0.7697
8,clab-nebula-serf62,40,120,148,114,34,6,0.7703,0.95,0.7403
8,clab-nebula-serf107,40,144,151,136,15,8,0.9007,0.9444,0.8553
8,clab-nebula-serf115,40,3,87,2,85,1,0.023,0.6667,0.0227
8,clab-nebula-serf151,40,55,139,52,87,3,0.3741,0.9455,0.3662
8,clab-nebula-serf158,40,52,158,49,109,3,0.3101,0.9423,0.3043
8,clab-nebula-serf28,40,61,147,58,89,3,0.3946,0.9508,0.3867
8,clab-nebula-serf29,40,92,146,87,59,5,0.5959,0.9457,0.5762
8,clab-nebula-serf130,45,84,156,79,77,5,0.5064,0.9405,0.4907
8,clab-nebula-serf161,45,79,157,75,82,4,0.4777,0.9494,0.4658
8,clab-nebula-serf32,45,124,148,117,31,7,0.7905,0.9435,0.7548
8,clab-nebula-serf63,45,124,148,117,31,7,0.7905,0.9435,0.7548
8,clab-nebula-serf45,45,124,148,117,31,7,0.7905,0.9435,0.7548
8,clab-nebula-serf49,45,135,148,128,20,7,0.8649,0.9481,0.8258
8,clab-nebula-serf83,45,128,144,121,23,7,0.8403,0.9453,0.8013
8,clab-nebula-serf91,45,146,149,138,11,8,0.9262,0.9452,0.879
8,clab-nebula-serf136,45,95,156,90,66,5,0.5769,0.9474,0.559
8,clab-nebula-serf146,45,78,157,74,83,4,0.4713,0.9487,0.4596
8,clab-nebula-serf12,45,121,149,115,34,6,0.7718,0.9504,0.7419
8,clab-nebula-serf19,45,123,148,116,32,7,0.7838,0.9431,0.7484
8,clab-nebula-serf80,45,152,151,144,7,8,0.9536,0.9474,0.9057
8,clab-nebula-serf111,45,154,151,146,5,8,0.9669,0.9481,0.9182
8,clab-nebula-serf109,45,155,152,147,5,8,0.9671,0.9484,0.9187
8,clab-nebula-serf147,45,87,141,82,59,5,0.5816,0.9425,0.5616
8,clab-nebula-serf4,45,109,149,103,46,6,0.6913,0.945,0.6645
8,clab-nebula-serf100,45,150,146,142,4,8,0.9726,0.9467,0.9221
8,clab-nebula-serf75,45,135,144,128,16,7,0.8889,0.9481,0.8477
8,clab-nebula-serf89,45,127,144,120,24,7,0.8333,0.9449,0.7947
8,clab-nebula-serf101,45,148,145,140,5,8,0.9655,0.9459,0.915
8,clab-nebula-serf105,45,153,151,145,6,8,0.9603,0.9477,0.9119
8,clab-nebula-serf65,45,126,139,119,20,7,0.8561,0.9444,0.8151
8,clab-nebula-serf68,45,135,144,128,16,7,0.8889,0.9481,0.8477
8,clab-nebula-serf94,45,145,150,137,13,8,0.9133,0.9448,0.8671
8,clab-nebula-serf103,45,150,146,142,4,8,0.9726,0.9467,0.9221
8,clab-nebula-serf117,45,10,87,9,78,1,0.1034,0.9,0.1023
8,clab-nebula-serf127,45,146,153,138,15,8,0.902,0.9452,0.8571
8,clab-nebula-serf129,45,142,151,134,17,8,0.8874,0.9437,0.8428
8,clab-nebula-serf155,45,82,140,77,63,5,0.55,0.939,0.531
8,clab-nebula-serf3,45,109,149,103,46,6,0.6913,0.945,0.6645
8,clab-nebula-serf14,45,121,149,115,34,6,0.7718,0.9504,0.7419
8,clab-nebula-serf142,45,59,158,56,102,3,0.3544,0.9492,0.3478
8,clab-nebula-serf96,45,147,145,139,6,8,0.9586,0.9456,0.9085
8,clab-nebula-serf116,45,6,87,5,82,1,0.0575,0.8333,0.0568
8,clab-nebula-serf56,45,151,147,143,4,8,0.9728,0.947,0.9226
8,clab-nebula-serf59,45,153,147,145,2,8,0.9864,0.9477,0.9355
8,clab-nebula-serf70,45,147,147,139,8,8,0.9456,0.9456,0.8968
8,clab-nebula-serf81,45,153,151,145,6,8,0.9603,0.9477,0.9119
8,clab-nebula-serf95,45,142,147,134,13,8,0.9116,0.9437,0.8645
8,clab-nebula-serf114,45,152,151,144,7,8,0.9536,0.9474,0.9057
8,clab-nebula-serf9,45,120,149,114,35,6,0.7651,0.95,0.7355
8,clab-nebula-serf17,45,124,148,117,31,7,0.7905,0.9435,0.7548
8,clab-nebula-serf139,45,95,156,90,66,5,0.5769,0.9474,0.559
8,clab-nebula-serf52,45,134,148,127,21,7,0.8581,0.9478,0.8194
8,clab-nebula-serf71,45,146,151,138,13,8,0.9139,0.9452,0.8679
8,clab-nebula-serf26,45,124,148,117,31,7,0.7905,0.9435,0.7548
8,clab-nebula-serf34,45,124,148,117,31,7,0.7905,0.9435,0.7548
8,clab-nebula-serf126,45,146,153,138,15,8,0.902,0.9452,0.8571
8,clab-nebula-serf36,45,124,148,117,31,7,0.7905,0.9435,0.7548
8,clab-nebula-serf82,45,94,144,89,55,5,0.6181,0.9468,0.5973
8,clab-nebula-serf85,45,134,145,127,18,7,0.8759,0.9478,0.8355
8,clab-nebula-serf97,45,149,146,141,5,8,0.9658,0.9463,0.9156
8,clab-nebula-serf99,45,148,145,140,5,8,0.9655,0.9459,0.915
8,clab-nebula-serf124,45,145,153,137,16,8,0.8954,0.9448,0.8509
8,clab-nebula-serf157,45,70,157,66,91,4,0.4204,0.9429,0.4099
8,clab-nebula-serf159,45,70,157,66,91,4,0.4204,0.9429,0.4099
8,clab-nebula-serf1,45,117,149,111,38,6,0.745,0.9487,0.7161
8,clab-nebula-serf33,45,128,148,121,27,7,0.8176,0.9453,0.7806
8,clab-nebula-serf123,45,152,153,144,9,8,0.9412,0.9474,0.8944
8,clab-nebula-serf135,45,91,156,86,70,5,0.5513,0.9451,0.5342
8,clab-nebula-serf13,45,124,148,117,31,7,0.7905,0.9435,0.7548
8,clab-nebula-serf47,45,126,148,119,29,7,0.8041,0.9444,0.7677
8,clab-nebula-serf84,45,119,145,113,32,6,0.7793,0.9496,0.7483
8,clab-nebula-serf92,45,137,144,130,14,7,0.9028,0.9489,0.8609
8,clab-nebula-serf106,45,145,151,137,14,8,0.9073,0.9448,0.8616
8,clab-nebula-serf108,45,149,151,141,10,8,0.9338,0.9463,0.8868
8,clab-nebula-serf119,45,5,87,4,83,1,0.046,0.8,0.0455
8,clab-nebula-serf125,45,146,153,138,15,8,0.902,0.9452,0.8571
8,clab-nebula-serf54,45,126,148,119,29,7,0.8041,0.9444,0.7677
8,clab-nebula-serf57,45,144,147,136,11,8,0.9252,0.9444,0.8774
8,clab-nebula-serf24,45,103,149,97,52,6,0.651,0.9417,0.6258
8,clab-nebula-serf42,45,117,149,111,38,6,0.745,0.9487,0.7161
8,clab-nebula-serf48,45,124,148,117,31,7,0.7905,0.9435,0.7548
8,clab-nebula-serf2,45,99,149,94,55,5,0.6309,0.9495,0.6104
8,clab-nebula-serf21,45,121,149,115,34,6,0.7718,0.9504,0.7419
8,clab-nebula-serf67,45,135,144,128,16,7,0.8889,0.9481,0.8477
8,clab-nebula-serf102,45,144,145,136,9,8,0.9379,0.9444,0.8889
8,clab-nebula-serf110,45,143,151,135,16,8,0.894,0.9441,0.8491
8,clab-nebula-serf132,45,104,155,98,57,6,0.6323,0.9423,0.6087
8,clab-nebula-serf134,45,91,156,86,70,5,0.5513,0.9451,0.5342
8,clab-nebula-serf137,45,90,156,85,71,5,0.5449,0.9444,0.528
8,clab-nebula-serf10,45,121,149,115,34,6,0.7718,0.9504,0.7419
8,clab-nebula-serf46,45,124,148,117,31,7,0.7905,0.9435,0.7548
8,clab-nebula-serf74,45,145,151,137,14,8,0.9073,0.9448,0.8616
8,clab-nebula-serf76,45,153,151,145,6,8,0.9603,0.9477,0.9119
8,clab-nebula-serf149,45,89,141,84,57,5,0.5957,0.9438,0.5753
8,clab-nebula-serf20,45,118,149,112,37,6,0.7517,0.9492,0.7226
8,clab-nebula-serf22,45,117,149,111,38,6,0.745,0.9487,0.7161
8,clab-nebula-serf160,45,82,156,77,79,5,0.4936,0.939,0.4783
8,clab-nebula-serf31,45,124,148,117,31,7,0.7905,0.9435,0.7548
8,clab-nebula-serf93,45,142,145,134,11,8,0.9241,0.9437,0.8758
8,clab-nebula-serf122,45,144,153,136,17,8,0.8889,0.9444,0.8447
8,clab-nebula-serf38,45,124,148,117,31,7,0.7905,0.9435,0.7548
8,clab-nebula-serf55,45,126,148,119,29,7,0.8041,0.9444,0.7677
8,clab-nebula-serf79,45,153,151,145,6,8,0.9603,0.9477,0.9119
8,clab-nebula-serf113,45,156,152,148,4,8,0.9737,0.9487,0.925
8,clab-nebula-serf120,45,5,87,4,83,1,0.046,0.8,0.0455
8,clab-nebula-serf128,45,150,151,142,9,8,0.9404,0.9467,0.8931
8,clab-nebula-serf8,45,120,149,114,35,6,0.7651,0.95,0.7355
8,clab-nebula-serf27,45,98,150,93,57,5,0.62,0.949,0.6
8,clab-nebula-serf78,45,140,148,133,15,7,0.8986,0.95,0.8581
8,clab-nebula-serf104,45,153,151,145,6,8,0.9603,0.9477,0.9119
8,clab-nebula-serf133,45,92,156,87,69,5,0.5577,0.9457,0.5404
8,clab-nebula-serf64,45,123,148,116,32,7,0.7838,0.9431,0.7484
8,clab-nebula-serf73,45,151,151,143,8,8,0.947,0.947,0.8994
8,clab-nebula-serf118,45,5,87,4,83,1,0.046,0.8,0.0455
8,clab-nebula-serf5,45,108,149,102,47,6,0.6846,0.9444,0.6581
8,clab-nebula-serf87,45,132,144,125,19,7,0.8681,0.947,0.8278
8,clab-nebula-serf88,45,127,144,120,24,7,0.8333,0.9449,0.7947
8,clab-nebula-serf153,45,81,141,77,64,4,0.5461,0.9506,0.531
8,clab-nebula-serf53,45,125,148,118,30,7,0.7973,0.944,0.7613
8,clab-nebula-serf69,45,147,151,139,12,8,0.9205,0.9456,0.8742
8,clab-nebula-serf60,45,143,147,135,12,8,0.9184,0.9441,0.871
8,clab-nebula-serf145,45,66,157,62,95,4,0.3949,0.9394,0.3851
8,clab-nebula-serf6,45,120,149,114,35,6,0.7651,0.95,0.7355
8,clab-nebula-serf11,45,124,148,117,31,7,0.7905,0.9435,0.7548
8,clab-nebula-serf98,45,144,146,136,10,8,0.9315,0.9444,0.8831
8,clab-nebula-serf138,45,90,156,85,71,5,0.5449,0.9444,0.528
8,clab-nebula-serf150,45,79,139,75,64,4,0.5396,0.9494,0.5245
8,clab-nebula-serf18,45,123,148,116,32,7,0.7838,0.9431,0.7484
8,clab-nebula-serf30,45,124,148,117,31,7,0.7905,0.9435,0.7548
8,clab-nebula-serf44,45,127,148,120,28,7,0.8108,0.9449,0.7742
8,clab-nebula-serf131,45,95,156,90,66,5,0.5769,0.9474,0.559
8,clab-nebula-serf35,45,121,149,115,34,6,0.7718,0.9504,0.7419
8,clab-nebula-serf40,45,122,148,115,33,7,0.777,0.9426,0.7419
8,clab-nebula-serf144,45,126,154,119,35,7,0.7727,0.9444,0.7391
8,clab-nebula-serf152,45,122,140,115,25,7,0.8214,0.9426,0.7823
8,clab-nebula-serf162,45,40,159,38,121,2,0.239,0.95,0.236
8,clab-nebula-serf41,45,118,149,112,37,6,0.7517,0.9492,0.7226
8,clab-nebula-serf72,45,150,151,142,9,8,0.9404,0.9467,0.8931
8,clab-nebula-serf141,45,90,156,85,71,5,0.5449,0.9444,0.528
8,clab-nebula-serf25,45,119,149,113,36,6,0.7584,0.9496,0.729
8,clab-nebula-serf50,45,125,148,118,30,7,0.7973,0.944,0.7613
8,clab-nebula-serf51,45,126,148,119,29,7,0.8041,0.9444,0.7677
8,clab-nebula-serf66,45,136,144,129,15,7,0.8958,0.9485,0.8543
8,clab-nebula-serf86,45,134,144,127,17,7,0.8819,0.9478,0.8411
8,clab-nebula-serf90,45,137,144,130,14,7,0.9028,0.9489,0.8609
8,clab-nebula-serf143,45,66,157,62,95,4,0.3949,0.9394,0.3851
8,clab-nebula-serf7,45,120,149,114,35,6,0.7651,0.95,0.7355
8,clab-nebula-serf37,45,124,148,117,31,7,0.7905,0.9435,0.7548
8,clab-nebula-serf43,45,124,148,117,31,7,0.7905,0.9435,0.7548
8,clab-nebula-serf58,45,153,147,145,2,8,0.9864,0.9477,0.9355
8,clab-nebula-serf61,45,149,147,141,6,8,0.9592,0.9463,0.9097
8,clab-nebula-serf112,45,103,152,97,55,6,0.6382,0.9417,0.6139
8,clab-nebula-serf15,45,124,148,117,31,7,0.7905,0.9435,0.7548
8,clab-nebula-serf16,45,126,148,119,29,7,0.8041,0.9444,0.7677
8,clab-nebula-serf77,45,151,151,143,8,8,0.947,0.947,0.8994
8,clab-nebula-serf121,45,148,153,140,13,8,0.915,0.9459,0.8696
8,clab-nebula-serf140,45,82,156,77,79,5,0.4936,0.939,0.4783
8,clab-nebula-serf148,45,68,138,64,74,4,0.4638,0.9412,0.4507
8,clab-nebula-serf154,45,79,139,75,64,4,0.5396,0.9494,0.5245
8,clab-nebula-serf156,45,99,141,94,47,5,0.6667,0.9495,0.6438
8,clab-nebula-serf23,45,99,150,94,56,5,0.6267,0.9495,0.6065
8,clab-nebula-serf39,45,138,154,131,23,7,0.8506,0.9493,0.8137
8,clab-nebula-serf62,45,124,148,117,31,7,0.7905,0.9435,0.7548
8,clab-nebula-serf107,45,149,151,141,10,8,0.9338,0.9463,0.8868
8,clab-nebula-serf115,45,6,87,5,82,1,0.0575,0.8333,0.0568
8,clab-nebula-serf151,45,81,140,77,63,4,0.55,0.9506,0.5347
8,clab-nebula-serf158,45,68,157,64,93,4,0.4076,0.9412,0.3975
8,clab-nebula-serf28,45,91,146,86,60,5,0.589,0.9451,0.5695
8,clab-nebula-serf29,45,98,146,93,53,5,0.637,0.949,0.6159
8,clab-nebula-serf130,50,111,155,105,50,6,0.6774,0.9459,0.6522
8,clab-nebula-serf161,50,117,155,111,44,6,0.7161,0.9487,0.6894
8,clab-nebula-serf32,50,137,148,130,18,7,0.8784,0.9489,0.8387
8,clab-nebula-serf63,50,128,148,121,27,7,0.8176,0.9453,0.7806
8,clab-nebula-serf45,50,145,147,137,10,8,0.932,0.9448,0.8839
8,clab-nebula-serf49,50,154,147,146,1,8,0.9932,0.9481,0.9419
8,clab-nebula-serf83,50,140,146,133,13,7,0.911,0.95,0.8693
8,clab-nebula-serf91,50,154,153,146,7,8,0.9542,0.9481,0.9068
8,clab-nebula-serf136,50,124,154,117,37,7,0.7597,0.9435,0.7267
8,clab-nebula-serf146,50,114,155,108,47,6,0.6968,0.9474,0.6708
8,clab-nebula-serf12,50,127,148,120,28,7,0.8108,0.9449,0.7742
8,clab-nebula-serf19,50,142,147,134,13,8,0.9116,0.9437,0.8645
8,clab-nebula-serf80,50,154,151,146,5,8,0.9669,0.9481,0.9182
8,clab-nebula-serf111,50,158,153,150,3,8,0.9804,0.9494,0.9317
8,clab-nebula-serf109,50,159,153,151,2,8,0.9869,0.9497,0.9379
8,clab-nebula-serf147,50,120,141,114,27,6,0.8085,0.95,0.7755
8,clab-nebula-serf4,50,120,149,114,35,6,0.7651,0.95,0.7355
8,clab-nebula-serf100,50,159,151,151,0,8,1.0,0.9497,0.9497
8,clab-nebula-serf75,50,154,151,146,5,8,0.9669,0.9481,0.9182
8,clab-nebula-serf89,50,137,145,130,15,7,0.8966,0.9489,0.8553
8,clab-nebula-serf101,50,157,149,149,0,8,1.0,0.949,0.949
8,clab-nebula-serf105,50,155,152,147,5,8,0.9671,0.9484,0.9187
8,clab-nebula-serf65,50,152,147,144,3,8,0.9796,0.9474,0.929
8,clab-nebula-serf68,50,154,151,146,5,8,0.9669,0.9481,0.9182
8,clab-nebula-serf94,50,154,153,146,7,8,0.9542,0.9481,0.9068
8,clab-nebula-serf103,50,159,151,151,0,8,1.0,0.9497,0.9497
8,clab-nebula-serf117,50,21,87,20,67,1,0.2299,0.9524,0.2273
8,clab-nebula-serf127,50,156,153,148,5,8,0.9673,0.9487,0.9193
8,clab-nebula-serf129,50,149,151,141,10,8,0.9338,0.9463,0.8868
8,clab-nebula-serf155,50,117,141,111,30,6,0.7872,0.9487,0.7551
8,clab-nebula-serf3,50,119,149,113,36,6,0.7584,0.9496,0.729
8,clab-nebula-serf14,50,126,148,119,29,7,0.8041,0.9444,0.7677
8,clab-nebula-serf142,50,95,156,90,66,5,0.5769,0.9474,0.559
8,clab-nebula-serf96,50,153,146,145,1,8,0.9932,0.9477,0.9416
8,clab-nebula-serf116,50,14,87,13,74,1,0.1494,0.9286,0.1477
8,clab-nebula-serf56,50,154,147,146,1,8,0.9932,0.9481,0.9419
8,clab-nebula-serf59,50,154,147,146,1,8,0.9932,0.9481,0.9419
8,clab-nebula-serf70,50,154,147,146,1,8,0.9932,0.9481,0.9419
8,clab-nebula-serf81,50,154,151,146,5,8,0.9669,0.9481,0.9182
8,clab-nebula-serf95,50,154,153,146,7,8,0.9542,0.9481,0.9068
8,clab-nebula-serf114,50,158,152,150,2,8,0.9868,0.9494,0.9375
8,clab-nebula-serf9,50,125,148,118,30,7,0.7973,0.944,0.7613
8,clab-nebula-serf17,50,150,147,142,5,8,0.966,0.9467,0.9161
8,clab-nebula-serf139,50,121,155,115,40,6,0.7419,0.9504,0.7143
8,clab-nebula-serf52,50,154,147,146,1,8,0.9932,0.9481,0.9419
8,clab-nebula-serf71,50,154,151,146,5,8,0.9669,0.9481,0.9182
8,clab-nebula-serf26,50,137,148,130,18,7,0.8784,0.9489,0.8387
8,clab-nebula-serf34,50,149,147,141,6,8,0.9592,0.9463,0.9097
8,clab-nebula-serf126,50,156,153,148,5,8,0.9673,0.9487,0.9193
8,clab-nebula-serf36,50,137,148,130,18,7,0.8784,0.9489,0.8387
8,clab-nebula-serf82,50,111,147,105,42,6,0.7143,0.9459,0.6863
8,clab-nebula-serf85,50,149,150,141,9,8,0.94,0.9463,0.8924
8,clab-nebula-serf97,50,159,151,151,0,8,1.0,0.9497,0.9497
8,clab-nebula-serf99,50,159,151,151,0,8,1.0,0.9497,0.9497
8,clab-nebula-serf124,50,156,153,148,5,8,0.9673,0.9487,0.9193
8,clab-nebula-serf157,50,109,155,103,52,6,0.6645,0.945,0.6398
8,clab-nebula-serf159,50,108,155,102,53,6,0.6581,0.9444,0.6335
8,clab-nebula-serf1,50,121,149,115,34,6,0.7718,0.9504,0.7419
8,clab-nebula-serf33,50,154,147,146,1,8,0.9932,0.9481,0.9419
8,clab-nebula-serf123,50,158,153,150,3,8,0.9804,0.9494,0.9317
8,clab-nebula-serf135,50,112,155,106,49,6,0.6839,0.9464,0.6584
8,clab-nebula-serf13,50,144,147,136,11,8,0.9252,0.9444,0.8774
8,clab-nebula-serf47,50,154,147,146,1,8,0.9932,0.9481,0.9419
8,clab-nebula-serf84,50,128,145,121,24,7,0.8345,0.9453,0.7961
8,clab-nebula-serf92,50,154,151,146,5,8,0.9669,0.9481,0.9182
8,clab-nebula-serf106,50,153,151,145,6,8,0.9603,0.9477,0.9119
8,clab-nebula-serf108,50,155,152,147,5,8,0.9671,0.9484,0.9187
8,clab-nebula-serf119,50,17,87,16,71,1,0.1839,0.9412,0.1818
8,clab-nebula-serf125,50,155,153,147,6,8,0.9608,0.9484,0.913
8,clab-nebula-serf54,50,153,147,145,2,8,0.9864,0.9477,0.9355
8,clab-nebula-serf57,50,154,147,146,1,8,0.9932,0.9481,0.9419
8,clab-nebula-serf24,50,120,149,114,35,6,0.7651,0.95,0.7355
8,clab-nebula-serf42,50,123,148,116,32,7,0.7838,0.9431,0.7484
8,clab-nebula-serf48,50,141,148,134,14,7,0.9054,0.9504,0.8645
8,clab-nebula-serf2,50,114,149,108,41,6,0.7248,0.9474,0.6968
8,clab-nebula-serf21,50,124,148,117,31,7,0.7905,0.9435,0.7548
8,clab-nebula-serf67,50,154,151,146,5,8,0.9669,0.9481,0.9182
8,clab-nebula-serf102,50,157,149,149,0,8,1.0,0.949,0.949
8,clab-nebula-serf110,50,148,151,140,11,8,0.9272,0.9459,0.8805
8,clab-nebula-serf132,50,132,154,125,29,7,0.8117,0.947,0.7764
8,clab-nebula-serf134,50,116,155,110,45,6,0.7097,0.9483,0.6832
8,clab-nebula-serf137,50,115,155,109,46,6,0.7032,0.9478,0.677
8,clab-nebula-serf10,50,129,148,122,26,7,0.8243,0.9457,0.7871
8,clab-nebula-serf46,50,127,148,120,28,7,0.8108,0.9449,0.7742
8,clab-nebula-serf74,50,154,151,146,5,8,0.9669,0.9481,0.9182
8,clab-nebula-serf76,50,154,151,146,5,8,0.9669,0.9481,0.9182
8,clab-nebula-serf149,50,124,140,117,23,7,0.8357,0.9435,0.7959
8,clab-nebula-serf20,50,124,148,117,31,7,0.7905,0.9435,0.7548
8,clab-nebula-serf22,50,122,148,115,33,7,0.777,0.9426,0.7419
8,clab-nebula-serf160,50,118,155,112,43,6,0.7226,0.9492,0.6957
8,clab-nebula-serf31,50,129,148,122,26,7,0.8243,0.9457,0.7871
8,clab-nebula-serf93,50,154,151,146,5,8,0.9669,0.9481,0.9182
8,clab-nebula-serf122,50,154,153,146,7,8,0.9542,0.9481,0.9068
8,clab-nebula-serf38,50,133,148,126,22,7,0.8514,0.9474,0.8129
8,clab-nebula-serf55,50,153,147,145,2,8,0.9864,0.9477,0.9355
8,clab-nebula-serf79,50,154,151,146,5,8,0.9669,0.9481,0.9182
8,clab-nebula-serf113,50,159,152,151,1,8,0.9934,0.9497,0.9437
8,clab-nebula-serf120,50,14,87,13,74,1,0.1494,0.9286,0.1477
8,clab-nebula-serf128,50,155,152,147,5,8,0.9671,0.9484,0.9187
8,clab-nebula-serf8,50,122,148,115,33,7,0.777,0.9426,0.7419
8,clab-nebula-serf27,50,117,149,111,38,6,0.745,0.9487,0.7161
8,clab-nebula-serf78,50,154,151,146,5,8,0.9669,0.9481,0.9182
8,clab-nebula-serf104,50,155,152,147,5,8,0.9671,0.9484,0.9187
8,clab-nebula-serf133,50,117,155,111,44,6,0.7161,0.9487,0.6894
8,clab-nebula-serf64,50,128,148,121,27,7,0.8176,0.9453,0.7806
8,clab-nebula-serf73,50,154,151,146,5,8,0.9669,0.9481,0.9182
8,clab-nebula-serf118,50,15,87,14,73,1,0.1609,0.9333,0.1591
8,clab-nebula-serf5,50,118,149,112,37,6,0.7517,0.9492,0.7226
8,clab-nebula-serf87,50,145,145,137,8,8,0.9448,0.9448,0.8954
8,clab-nebula-serf88,50,136,145,129,16,7,0.8897,0.9485,0.8487
8,clab-nebula-serf153,50,114,141,108,33,6,0.766,0.9474,0.7347
8,clab-nebula-serf53,50,151,147,143,4,8,0.9728,0.947,0.9226
8,clab-nebula-serf69,50,154,151,146,5,8,0.9669,0.9481,0.9182
8,clab-nebula-serf60,50,154,147,146,1,8,0.9932,0.9481,0.9419
8,clab-nebula-serf145,50,104,155,98,57,6,0.6323,0.9423,0.6087
8,clab-nebula-serf6,50,124,148,117,31,7,0.7905,0.9435,0.7548
8,clab-nebula-serf11,50,142,147,134,13,8,0.9116,0.9437,0.8645
8,clab-nebula-serf98,50,156,149,148,1,8,0.9933,0.9487,0.9427
8,clab-nebula-serf138,50,115,155,109,46,6,0.7032,0.9478,0.677
8,clab-nebula-serf150,50,117,140,111,29,6,0.7929,0.9487,0.7603
8,clab-nebula-serf18,50,140,148,133,15,7,0.8986,0.95,0.8581
8,clab-nebula-serf30,50,128,148,121,27,7,0.8176,0.9453,0.7806
8,clab-nebula-serf44,50,154,147,146,1,8,0.9932,0.9481,0.9419
8,clab-nebula-serf131,50,122,154,115,39,7,0.7468,0.9426,0.7143
8,clab-nebula-serf35,50,124,148,117,31,7,0.7905,0.9435,0.7548
8,clab-nebula-serf40,50,126,148,119,29,7,0.8041,0.9444,0.7677
8,clab-nebula-serf144,50,141,154,134,20,7,0.8701,0.9504,0.8323
8,clab-nebula-serf152,50,143,145,135,10,8,0.931,0.9441,0.8824
8,clab-nebula-serf162,50,54,158,51,107,3,0.3228,0.9444,0.3168
8,clab-nebula-serf41,50,121,149,115,34,6,0.7718,0.9504,0.7419
8,clab-nebula-serf72,50,154,151,146,5,8,0.9669,0.9481,0.9182
8,clab-nebula-serf141,50,116,155,110,45,6,0.7097,0.9483,0.6832
8,clab-nebula-serf25,50,124,148,117,31,7,0.7905,0.9435,0.7548
8,clab-nebula-serf50,50,153,147,145,2,8,0.9864,0.9477,0.9355
8,clab-nebula-serf51,50,152,147,144,3,8,0.9796,0.9474,0.929
8,clab-nebula-serf66,50,154,151,146,5,8,0.9669,0.9481,0.9182
8,clab-nebula-serf86,50,145,145,137,8,8,0.9448,0.9448,0.8954
8,clab-nebula-serf90,50,154,151,146,5,8,0.9669,0.9481,0.9182
8,clab-nebula-serf143,50,103,155,97,58,6,0.6258,0.9417,0.6025
8,clab-nebula-serf7,50,124,148,117,31,7,0.7905,0.9435,0.7548
8,clab-nebula-serf37,50,146,147,138,9,8,0.9388,0.9452,0.8903
8,clab-nebula-serf43,50,126,148,119,29,7,0.8041,0.9444,0.7677
8,clab-nebula-serf58,50,154,147,146,1,8,0.9932,0.9481,0.9419
8,clab-nebula-serf61,50,154,147,146,1,8,0.9932,0.9481,0.9419
8,clab-nebula-serf112,50,136,152,129,23,7,0.8487,0.9485,0.8113
8,clab-nebula-serf15,50,151,147,143,4,8,0.9728,0.947,0.9226
8,clab-nebula-serf16,50,151,147,143,4,8,0.9728,0.947,0.9226
8,clab-nebula-serf77,50,154,151,146,5,8,0.9669,0.9481,0.9182
8,clab-nebula-serf121,50,160,153,152,1,8,0.9935,0.95,0.9441
8,clab-nebula-serf140,50,108,155,102,53,6,0.6581,0.9444,0.6335
8,clab-nebula-serf148,50,103,140,97,43,6,0.6929,0.9417,0.6644
8,clab-nebula-serf154,50,113,140,107,33,6,0.7643,0.9469,0.7329
8,clab-nebula-serf156,50,130,144,123,21,7,0.8542,0.9462,0.8146
8,clab-nebula-serf23,50,117,149,111,38,6,0.745,0.9487,0.7161
8,clab-nebula-serf39,50,154,153,146,7,8,0.9542,0.9481,0.9068
8,clab-nebula-serf62,50,144,147,136,11,8,0.9252,0.9444,0.8774
8,clab-nebula-serf107,50,154,151,146,5,8,0.9669,0.9481,0.9182
8,clab-nebula-serf115,50,23,86,21,65,2,0.2442,0.913,0.2386
8,clab-nebula-serf151,50,114,141,108,33,6,0.766,0.9474,0.7347
8,clab-nebula-serf158,50,103,155,97,58,6,0.6258,0.9417,0.6025
8,clab-nebula-serf28,50,95,146,90,56,5,0.6164,0.9474,0.596
8,clab-nebula-serf29,50,115,145,109,36,6,0.7517,0.9478,0.7219
8,clab-nebula-serf130,55,136,154,129,25,7,0.8377,0.9485,0.8012
8,clab-nebula-serf161,55,139,154,132,22,7,0.8571,0.9496,0.8199
8,clab-nebula-serf32,55,154,147,146,1,8,0.9932,0.9481,0.9419
8,clab-nebula-serf63,55,154,147,146,1,8,0.9932,0.9481,0.9419
8,clab-nebula-serf45,55,154,147,146,1,8,0.9932,0.9481,0.9419
8,clab-nebula-serf49,55,154,147,146,1,8,0.9932,0.9481,0.9419
8,clab-nebula-serf83,55,154,153,146,7,8,0.9542,0.9481,0.9068
8,clab-nebula-serf91,55,157,153,149,4,8,0.9739,0.949,0.9255
8,clab-nebula-serf136,55,137,154,130,24,7,0.8442,0.9489,0.8075
8,clab-nebula-serf146,55,137,154,130,24,7,0.8442,0.9489,0.8075
8,clab-nebula-serf12,55,153,147,145,2,8,0.9864,0.9477,0.9355
8,clab-nebula-serf19,55,153,147,145,2,8,0.9864,0.9477,0.9355
8,clab-nebula-serf80,55,156,152,148,4,8,0.9737,0.9487,0.925
8,clab-nebula-serf111,55,161,153,153,0,8,1.0,0.9503,0.9503
8,clab-nebula-serf109,55,161,153,153,0,8,1.0,0.9503,0.9503
8,clab-nebula-serf147,55,141,146,134,12,7,0.9178,0.9504,0.8758
8,clab-nebula-serf4,55,123,148,116,32,7,0.7838,0.9431,0.7484
8,clab-nebula-serf100,55,160,152,152,0,8,1.0,0.95,0.95
8,clab-nebula-serf75,55,155,152,147,5,8,0.9671,0.9484,0.9187
8,clab-nebula-serf89,55,154,153,146,7,8,0.9542,0.9481,0.9068
8,clab-nebula-serf101,55,160,152,152,0,8,1.0,0.95,0.95
8,clab-nebula-serf105,55,160,153,152,1,8,0.9935,0.95,0.9441
8,clab-nebula-serf65,55,154,147,146,1,8,0.9932,0.9481,0.9419
8,clab-nebula-serf68,55,154,151,146,5,8,0.9669,0.9481,0.9182
8,clab-nebula-serf94,55,157,153,149,4,8,0.9739,0.949,0.9255
8,clab-nebula-serf103,55,161,153,153,0,8,1.0,0.9503,0.9503
8,clab-nebula-serf117,55,45,86,42,44,3,0.4884,0.9333,0.4719
8,clab-nebula-serf127,55,161,153,153,0,8,1.0,0.9503,0.9503
8,clab-nebula-serf129,55,155,152,147,5,8,0.9671,0.9484,0.9187
8,clab-nebula-serf155,55,137,146,130,16,7,0.8904,0.9489,0.8497
8,clab-nebula-serf3,55,123,148,116,32,7,0.7838,0.9431,0.7484
8,clab-nebula-serf14,55,151,147,143,4,8,0.9728,0.947,0.9226
8,clab-nebula-serf142,55,126,154,119,35,7,0.7727,0.9444,0.7391
8,clab-nebula-serf96,55,160,152,152,0,8,1.0,0.95,0.95
8,clab-nebula-serf116,55,40,138,38,100,2,0.2754,0.95,0.2714
8,clab-nebula-serf56,55,157,149,149,0,8,1.0,0.949,0.949
8,clab-nebula-serf59,55,157,149,149,0,8,1.0,0.949,0.949
8,clab-nebula-serf70,55,158,150,150,0,8,1.0,0.9494,0.9494
8,clab-nebula-serf81,55,157,152,149,3,8,0.9803,0.949,0.9313
8,clab-nebula-serf95,55,154,153,146,7,8,0.9542,0.9481,0.9068
8,clab-nebula-serf114,55,161,153,153,0,8,1.0,0.9503,0.9503
8,clab-nebula-serf9,55,151,147,143,4,8,0.9728,0.947,0.9226
8,clab-nebula-serf17,55,154,147,146,1,8,0.9932,0.9481,0.9419
8,clab-nebula-serf139,55,137,154,130,24,7,0.8442,0.9489,0.8075
8,clab-nebula-serf52,55,154,147,146,1,8,0.9932,0.9481,0.9419
8,clab-nebula-serf71,55,156,152,148,4,8,0.9737,0.9487,0.925
8,clab-nebula-serf26,55,154,147,146,1,8,0.9932,0.9481,0.9419
8,clab-nebula-serf34,55,154,147,146,1,8,0.9932,0.9481,0.9419
8,clab-nebula-serf126,55,161,153,153,0,8,1.0,0.9503,0.9503
8,clab-nebula-serf36,55,154,147,146,1,8,0.9932,0.9481,0.9419
8,clab-nebula-serf82,55,121,148,115,33,6,0.777,0.9504,0.7468
8,clab-nebula-serf85,55,154,153,146,7,8,0.9542,0.9481,0.9068
8,clab-nebula-serf97,55,161,153,153,0,8,1.0,0.9503,0.9503
8,clab-nebula-serf99,55,160,152,152,0,8,1.0,0.95,0.95
8,clab-nebula-serf124,55,161,153,153,0,8,1.0,0.9503,0.9503
8,clab-nebula-serf157,55,136,154,129,25,7,0.8377,0.9485,0.8012
8,clab-nebula-serf159,55,136,154,129,25,7,0.8377,0.9485,0.8012
8,clab-nebula-serf1,55,133,148,126,22,7,0.8514,0.9474,0.8129
8,clab-nebula-serf33,55,154,147,146,1,8,0.9932,0.9481,0.9419
8,clab-nebula-serf123,55,161,153,153,0,8,1.0,0.9503,0.9503
8,clab-nebula-serf135,55,137,154,130,24,7,0.8442,0.9489,0.8075
8,clab-nebula-serf13,55,154,147,146,1,8,0.9932,0.9481,0.9419
8,clab-nebula-serf47,55,154,147,146,1,8,0.9932,0.9481,0.9419
8,clab-nebula-serf84,55,142,147,134,13,8,0.9116,0.9437,0.8645
8,clab-nebula-serf92,55,154,151,146,5,8,0.9669,0.9481,0.9182
8,clab-nebula-serf106,55,155,152,147,5,8,0.9671,0.9484,0.9187
8,clab-nebula-serf108,55,158,153,150,3,8,0.9804,0.9494,0.9317
8,clab-nebula-serf119,55,27,86,25,61,2,0.2907,0.9259,0.2841
8,clab-nebula-serf125,55,161,153,153,0,8,1.0,0.9503,0.9503
8,clab-nebula-serf54,55,154,147,146,1,8,0.9932,0.9481,0.9419
8,clab-nebula-serf57,55,155,148,147,1,8,0.9932,0.9484,0.9423
8,clab-nebula-serf24,55,124,148,117,31,7,0.7905,0.9435,0.7548
8,clab-nebula-serf42,55,127,148,120,28,7,0.8108,0.9449,0.7742
8,clab-nebula-serf48,55,154,147,146,1,8,0.9932,0.9481,0.9419
8,clab-nebula-serf2,55,120,149,114,35,6,0.7651,0.95,0.7355
8,clab-nebula-serf21,55,133,148,126,22,7,0.8514,0.9474,0.8129
8,clab-nebula-serf67,55,154,151,146,5,8,0.9669,0.9481,0.9182
8,clab-nebula-serf102,55,160,152,152,0,8,1.0,0.95,0.95
8,clab-nebula-serf110,55,154,151,146,5,8,0.9669,0.9481,0.9182
8,clab-nebula-serf132,55,144,153,136,17,8,0.8889,0.9444,0.8447
8,clab-nebula-serf134,55,137,154,130,24,7,0.8442,0.9489,0.8075
8,clab-nebula-serf137,55,137,154,130,24,7,0.8442,0.9489,0.8075
8,clab-nebula-serf10,55,153,147,145,2,8,0.9864,0.9477,0.9355
8,clab-nebula-serf46,55,154,147,146,1,8,0.9932,0.9481,0.9419
8,clab-nebula-serf74,55,155,152,147,5,8,0.9671,0.9484,0.9187
8,clab-nebula-serf76,55,158,153,150,3,8,0.9804,0.9494,0.9317
8,clab-nebula-serf149,55,143,145,135,10,8,0.931,0.9441,0.8824
8,clab-nebula-serf20,55,129,148,122,26,7,0.8243,0.9457,0.7871
8,clab-nebula-serf22,55,125,148,118,30,7,0.7973,0.944,0.7613
8,clab-nebula-serf160,55,139,154,132,22,7,0.8571,0.9496,0.8199
8,clab-nebula-serf31,55,154,147,146,1,8,0.9932,0.9481,0.9419
8,clab-nebula-serf93,55,156,152,148,4,8,0.9737,0.9487,0.925
8,clab-nebula-serf122,55,161,153,153,0,8,1.0,0.9503,0.9503
8,clab-nebula-serf38,55,154,147,146,1,8,0.9932,0.9481,0.9419
8,clab-nebula-serf55,55,154,147,146,1,8,0.9932,0.9481,0.9419
8,clab-nebula-serf79,55,158,153,150,3,8,0.9804,0.9494,0.9317
8,clab-nebula-serf113,55,161,153,153,0,8,1.0,0.9503,0.9503
8,clab-nebula-serf120,55,24,86,22,64,2,0.2558,0.9167,0.25
8,clab-nebula-serf128,55,159,153,151,2,8,0.9869,0.9497,0.9379
8,clab-nebula-serf8,55,130,148,123,25,7,0.8311,0.9462,0.7935
8,clab-nebula-serf27,55,122,148,115,33,7,0.777,0.9426,0.7419
8,clab-nebula-serf78,55,155,152,147,5,8,0.9671,0.9484,0.9187
8,clab-nebula-serf104,55,159,153,151,2,8,0.9869,0.9497,0.9379
8,clab-nebula-serf133,55,137,154,130,24,7,0.8442,0.9489,0.8075
8,clab-nebula-serf64,55,154,147,146,1,8,0.9932,0.9481,0.9419
8,clab-nebula-serf73,55,158,153,150,3,8,0.9804,0.9494,0.9317
8,clab-nebula-serf118,55,25,86,23,63,2,0.2674,0.92,0.2614
8,clab-nebula-serf5,55,121,149,115,34,6,0.7718,0.9504,0.7419
8,clab-nebula-serf87,55,155,153,147,6,8,0.9608,0.9484,0.913
8,clab-nebula-serf88,55,154,153,146,7,8,0.9542,0.9481,0.9068
8,clab-nebula-serf153,55,137,146,130,16,7,0.8904,0.9489,0.8497
8,clab-nebula-serf53,55,154,147,146,1,8,0.9932,0.9481,0.9419
8,clab-nebula-serf69,55,158,153,150,3,8,0.9804,0.9494,0.9317
8,clab-nebula-serf60,55,154,147,146,1,8,0.9932,0.9481,0.9419
8,clab-nebula-serf145,55,130,154,123,31,7,0.7987,0.9462,0.764
8,clab-nebula-serf6,55,151,147,143,4,8,0.9728,0.947,0.9226
8,clab-nebula-serf11,55,154,147,146,1,8,0.9932,0.9481,0.9419
8,clab-nebula-serf98,55,160,152,152,0,8,1.0,0.95,0.95
8,clab-nebula-serf138,55,137,154,130,24,7,0.8442,0.9489,0.8075
8,clab-nebula-serf150,55,141,148,134,14,7,0.9054,0.9504,0.8645
8,clab-nebula-serf18,55,151,147,143,4,8,0.9728,0.947,0.9226
8,clab-nebula-serf30,55,154,147,146,1,8,0.9932,0.9481,0.9419
8,clab-nebula-serf44,55,154,147,146,1,8,0.9932,0.9481,0.9419
8,clab-nebula-serf131,55,137,154,130,24,7,0.8442,0.9489,0.8075
8,clab-nebula-serf35,55,145,147,137,10,8,0.932,0.9448,0.8839
8,clab-nebula-serf40,55,153,147,145,2,8,0.9864,0.9477,0.9355
8,clab-nebula-serf144,55,151,153,143,10,8,0.9346,0.947,0.8882
8,clab-nebula-serf152,55,152,147,144,3,8,0.9796,0.9474,0.929
8,clab-nebula-serf162,55,74,157,70,87,4,0.4459,0.9459,0.4348
8,clab-nebula-serf41,55,126,148,119,29,7,0.8041,0.9444,0.7677
8,clab-nebula-serf72,55,158,153,150,3,8,0.9804,0.9494,0.9317
8,clab-nebula-serf141,55,137,154,130,24,7,0.8442,0.9489,0.8075
8,clab-nebula-serf25,55,127,148,120,28,7,0.8108,0.9449,0.7742
8,clab-nebula-serf50,55,154,147,146,1,8,0.9932,0.9481,0.9419
8,clab-nebula-serf51,55,154,147,146,1,8,0.9932,0.9481,0.9419
8,clab-nebula-serf66,55,154,151,146,5,8,0.9669,0.9481,0.9182
8,clab-nebula-serf86,55,155,153,147,6,8,0.9608,0.9484,0.913
8,clab-nebula-serf90,55,155,151,147,4,8,0.9735,0.9484,0.9245
8,clab-nebula-serf143,55,130,154,123,31,7,0.7987,0.9462,0.764
8,clab-nebula-serf7,55,151,147,143,4,8,0.9728,0.947,0.9226
8,clab-nebula-serf37,55,154,147,146,1,8,0.9932,0.9481,0.9419
8,clab-nebula-serf43,55,154,147,146,1,8,0.9932,0.9481,0.9419
8,clab-nebula-serf58,55,156,148,148,0,8,1.0,0.9487,0.9487
8,clab-nebula-serf61,55,156,148,148,0,8,1.0,0.9487,0.9487
8,clab-nebula-serf112,55,148,152,140,12,8,0.9211,0.9459,0.875
8,clab-nebula-serf15,55,154,147,146,1,8,0.9932,0.9481,0.9419
8,clab-nebula-serf16,55,155,148,147,1,8,0.9932,0.9484,0.9423
8,clab-nebula-serf77,55,158,153,150,3,8,0.9804,0.9494,0.9317
8,clab-nebula-serf121,55,161,153,153,0,8,1.0,0.9503,0.9503
8,clab-nebula-serf140,55,136,154,129,25,7,0.8377,0.9485,0.8012
8,clab-nebula-serf148,55,133,144,126,18,7,0.875,0.9474,0.8344
8,clab-nebula-serf154,55,137,146,130,16,7,0.8904,0.9489,0.8497
8,clab-nebula-serf156,55,145,145,137,8,8,0.9448,0.9448,0.8954
8,clab-nebula-serf23,55,122,148,115,33,7,0.777,0.9426,0.7419
8,clab-nebula-serf39,55,155,153,147,6,8,0.9608,0.9484,0.913
8,clab-nebula-serf62,55,154,147,146,1,8,0.9932,0.9481,0.9419
8,clab-nebula-serf107,55,157,153,149,4,8,0.9739,0.949,0.9255
8,clab-nebula-serf115,55,57,130,54,76,3,0.4154,0.9474,0.406
8,clab-nebula-serf151,55,137,146,130,16,7,0.8904,0.9489,0.8497
8,clab-nebula-serf158,55,136,154,129,25,7,0.8377,0.9485,0.8012
8,clab-nebula-serf28,55,111,145,105,40,6,0.7241,0.9459,0.6954
8,clab-nebula-serf29,55,122,144,115,29,7,0.7986,0.9426,0.7616
8,clab-nebula-serf130,60,146,153,138,15,8,0.902,0.9452,0.8571
8,clab-nebula-serf161,60,149,153,141,12,8,0.9216,0.9463,0.8758
8,clab-nebula-serf32,60,155,148,147,1,8,0.9932,0.9484,0.9423
8,clab-nebula-serf63,60,154,147,146,1,8,0.9932,0.9481,0.9419
8,clab-nebula-serf45,60,155,147,147,0,8,1.0,0.9484,0.9484
8,clab-nebula-serf49,60,157,149,149,0,8,1.0,0.949,0.949
8,clab-nebula-serf83,60,156,153,148,5,8,0.9673,0.9487,0.9193
8,clab-nebula-serf91,60,161,153,153,0,8,1.0,0.9503,0.9503
8,clab-nebula-serf136,60,149,153,141,12,8,0.9216,0.9463,0.8758
8,clab-nebula-serf146,60,146,153,138,15,8,0.902,0.9452,0.8571
8,clab-nebula-serf12,60,155,148,147,1,8,0.9932,0.9484,0.9423
8,clab-nebula-serf19,60,157,149,149,0,8,1.0,0.949,0.949
8,clab-nebula-serf80,60,159,153,151,2,8,0.9869,0.9497,0.9379
8,clab-nebula-serf111,60,161,153,153,0,8,1.0,0.9503,0.9503
8,clab-nebula-serf109,60,161,153,153,0,8,1.0,0.9503,0.9503
8,clab-nebula-serf147,60,152,147,144,3,8,0.9796,0.9474,0.929
8,clab-nebula-serf4,60,141,148,134,14,7,0.9054,0.9504,0.8645
8,clab-nebula-serf100,60,161,153,153,0,8,1.0,0.9503,0.9503
8,clab-nebula-serf75,60,158,153,150,3,8,0.9804,0.9494,0.9317
8,clab-nebula-serf89,60,158,153,150,3,8,0.9804,0.9494,0.9317
8,clab-nebula-serf101,60,161,153,153,0,8,1.0,0.9503,0.9503
8,clab-nebula-serf105,60,161,153,153,0,8,1.0,0.9503,0.9503
8,clab-nebula-serf65,60,155,147,147,0,8,1.0,0.9484,0.9484
8,clab-nebula-serf68,60,158,153,150,3,8,0.9804,0.9494,0.9317
8,clab-nebula-serf94,60,161,153,153,0,8,1.0,0.9503,0.9503
8,clab-nebula-serf103,60,161,153,153,0,8,1.0,0.9503,0.9503
8,clab-nebula-serf117,60,68,124,64,60,4,0.5161,0.9412,0.5
8,clab-nebula-serf127,60,161,153,153,0,8,1.0,0.9503,0.9503
8,clab-nebula-serf129,60,158,153,150,3,8,0.9804,0.9494,0.9317
8,clab-nebula-serf155,60,150,147,142,5,8,0.966,0.9467,0.9161
8,clab-nebula-serf3,60,141,148,134,14,7,0.9054,0.9504,0.8645
8,clab-nebula-serf14,60,155,148,147,1,8,0.9932,0.9484,0.9423
8,clab-nebula-serf142,60,140,154,133,21,7,0.8636,0.95,0.8261
8,clab-nebula-serf96,60,161,153,153,0,8,1.0,0.9503,0.9503
8,clab-nebula-serf116,60,88,155,83,72,5,0.5355,0.9432,0.5188
8,clab-nebula-serf56,60,158,150,150,0,8,1.0,0.9494,0.9494
8,clab-nebula-serf59,60,161,153,153,0,8,1.0,0.9503,0.9503
8,clab-nebula-serf70,60,161,153,153,0,8,1.0,0.9503,0.9503
8,clab-nebula-serf81,60,161,153,153,0,8,1.0,0.9503,0.9503
8,clab-nebula-serf95,60,159,153,151,2,8,0.9869,0.9497,0.9379
8,clab-nebula-serf114,60,161,153,153,0,8,1.0,0.9503,0.9503
8,clab-nebula-serf9,60,154,147,146,1,8,0.9932,0.9481,0.9419
8,clab-nebula-serf17,60,157,149,149,0,8,1.0,0.949,0.949
8,clab-nebula-serf139,60,149,153,141,12,8,0.9216,0.9463,0.8758
8,clab-nebula-serf52,60,157,149,149,0,8,1.0,0.949,0.949
8,clab-nebula-serf71,60,161,153,153,0,8,1.0,0.9503,0.9503
8,clab-nebula-serf26,60,155,148,147,1,8,0.9932,0.9484,0.9423
8,clab-nebula-serf34,60,156,148,148,0,8,1.0,0.9487,0.9487
8,clab-nebula-serf126,60,161,153,153,0,8,1.0,0.9503,0.9503
8,clab-nebula-serf36,60,154,147,146,1,8,0.9932,0.9481,0.9419
8,clab-nebula-serf82,60,148,146,140,6,8,0.9589,0.9459,0.9091
8,clab-nebula-serf85,60,157,153,149,4,8,0.9739,0.949,0.9255
8,clab-nebula-serf97,60,161,153,153,0,8,1.0,0.9503,0.9503
8,clab-nebula-serf99,60,161,153,153,0,8,1.0,0.9503,0.9503
8,clab-nebula-serf124,60,161,153,153,0,8,1.0,0.9503,0.9503
8,clab-nebula-serf157,60,148,153,140,13,8,0.915,0.9459,0.8696
8,clab-nebula-serf159,60,148,153,140,13,8,0.915,0.9459,0.8696
8,clab-nebula-serf1,60,153,149,145,4,8,0.9732,0.9477,0.9236
8,clab-nebula-serf33,60,157,149,149,0,8,1.0,0.949,0.949
8,clab-nebula-serf123,60,161,153,153,0,8,1.0,0.9503,0.9503
8,clab-nebula-serf135,60,146,153,138,15,8,0.902,0.9452,0.8571
8,clab-nebula-serf13,60,157,149,149,0,8,1.0,0.949,0.949
8,clab-nebula-serf47,60,156,148,148,0,8,1.0,0.9487,0.9487
8,clab-nebula-serf84,60,154,153,146,7,8,0.9542,0.9481,0.9068
8,clab-nebula-serf92,60,158,153,150,3,8,0.9804,0.9494,0.9317
8,clab-nebula-serf106,60,161,153,153,0,8,1.0,0.9503,0.9503
8,clab-nebula-serf108,60,161,153,153,0,8,1.0,0.9503,0.9503
8,clab-nebula-serf119,60,53,88,50,38,3,0.5682,0.9434,0.5495
8,clab-nebula-serf125,60,161,153,153,0,8,1.0,0.9503,0.9503
8,clab-nebula-serf54,60,157,149,149,0,8,1.0,0.949,0.949
8,clab-nebula-serf57,60,158,150,150,0,8,1.0,0.9494,0.9494
8,clab-nebula-serf24,60,129,148,122,26,7,0.8243,0.9457,0.7871
8,clab-nebula-serf42,60,153,147,145,2,8,0.9864,0.9477,0.9355
8,clab-nebula-serf48,60,155,147,147,0,8,1.0,0.9484,0.9484
8,clab-nebula-serf2,60,124,148,117,31,7,0.7905,0.9435,0.7548
8,clab-nebula-serf21,60,154,147,146,1,8,0.9932,0.9481,0.9419
8,clab-nebula-serf67,60,158,153,150,3,8,0.9804,0.9494,0.9317
8,clab-nebula-serf102,60,161,153,153,0,8,1.0,0.9503,0.9503
8,clab-nebula-serf110,60,157,153,149,4,8,0.9739,0.949,0.9255
8,clab-nebula-serf132,60,151,153,143,10,8,0.9346,0.947,0.8882
8,clab-nebula-serf134,60,147,153,139,14,8,0.9085,0.9456,0.8634
8,clab-nebula-serf137,60,148,153,140,13,8,0.915,0.9459,0.8696
8,clab-nebula-serf10,60,156,149,148,1,8,0.9933,0.9487,0.9427
8,clab-nebula-serf46,60,154,147,146,1,8,0.9932,0.9481,0.9419
8,clab-nebula-serf74,60,159,153,151,2,8,0.9869,0.9497,0.9379
8,clab-nebula-serf76,60,161,153,153,0,8,1.0,0.9503,0.9503
8,clab-nebula-serf149,60,152,147,144,3,8,0.9796,0.9474,0.929
8,clab-nebula-serf20,60,154,147,146,1,8,0.9932,0.9481,0.9419
8,clab-nebula-serf22,60,153,147,145,2,8,0.9864,0.9477,0.9355
8,clab-nebula-serf160,60,149,153,141,12,8,0.9216,0.9463,0.8758
8,clab-nebula-serf31,60,154,147,146,1,8,0.9932,0.9481,0.9419
8,clab-nebula-serf93,60,161,153,153,0,8,1.0,0.9503,0.9503
8,clab-nebula-serf122,60,161,153,153,0,8,1.0,0.9503,0.9503
8,clab-nebula-serf38,60,154,147,146,1,8,0.9932,0.9481,0.9419
8,clab-nebula-serf55,60,157,149,149,0,8,1.0,0.949,0.949
8,clab-nebula-serf79,60,161,153,153,0,8,1.0,0.9503,0.9503
8,clab-nebula-serf113,60,161,153,153,0,8,1.0,0.9503,0.9503
8,clab-nebula-serf120,60,48,87,45,42,3,0.5172,0.9375,0.5
8,clab-nebula-serf128,60,161,153,153,0,8,1.0,0.9503,0.9503
8,clab-nebula-serf8,60,153,147,145,2,8,0.9864,0.9477,0.9355
8,clab-nebula-serf27,60,125,148,118,30,7,0.7973,0.944,0.7613
8,clab-nebula-serf78,60,158,153,150,3,8,0.9804,0.9494,0.9317
8,clab-nebula-serf104,60,161,153,153,0,8,1.0,0.9503,0.9503
8,clab-nebula-serf133,60,149,153,141,12,8,0.9216,0.9463,0.8758
8,clab-nebula-serf64,60,154,147,146,1,8,0.9932,0.9481,0.9419
8,clab-nebula-serf73,60,161,153,153,0,8,1.0,0.9503,0.9503
8,clab-nebula-serf118,60,48,88,45,43,3,0.5114,0.9375,0.4945
8,clab-nebula-serf5,60,143,147,135,12,8,0.9184,0.9441,0.871
8,clab-nebula-serf87,60,158,153,150,3,8,0.9804,0.9494,0.9317
8,clab-nebula-serf88,60,158,153,150,3,8,0.9804,0.9494,0.9317
8,clab-nebula-serf153,60,148,147,140,7,8,0.9524,0.9459,0.9032
8,clab-nebula-serf53,60,157,149,149,0,8,1.0,0.949,0.949
8,clab-nebula-serf69,60,161,153,153,0,8,1.0,0.9503,0.9503
8,clab-nebula-serf60,60,158,150,150,0,8,1.0,0.9494,0.9494
8,clab-nebula-serf145,60,145,153,137,16,8,0.8954,0.9448,0.8509
8,clab-nebula-serf6,60,155,148,147,1,8,0.9932,0.9484,0.9423
8,clab-nebula-serf11,60,157,149,149,0,8,1.0,0.949,0.949
8,clab-nebula-serf98,60,161,153,153,0,8,1.0,0.9503,0.9503
8,clab-nebula-serf138,60,147,153,139,14,8,0.9085,0.9456,0.8634
8,clab-nebula-serf150,60,152,147,144,3,8,0.9796,0.9474,0.929
8,clab-nebula-serf18,60,157,149,149,0,8,1.0,0.949,0.949
8,clab-nebula-serf30,60,154,147,146,1,8,0.9932,0.9481,0.9419
8,clab-nebula-serf44,60,156,148,148,0,8,1.0,0.9487,0.9487
8,clab-nebula-serf131,60,149,153,141,12,8,0.9216,0.9463,0.8758
8,clab-nebula-serf35,60,154,147,146,1,8,0.9932,0.9481,0.9419
8,clab-nebula-serf40,60,154,147,146,1,8,0.9932,0.9481,0.9419
8,clab-nebula-serf144,60,155,153,147,6,8,0.9608,0.9484,0.913
8,clab-nebula-serf152,60,156,148,148,0,8,1.0,0.9487,0.9487
8,clab-nebula-serf162,60,113,155,107,48,6,0.6903,0.9469,0.6646
8,clab-nebula-serf41,60,153,147,145,2,8,0.9864,0.9477,0.9355
8,clab-nebula-serf72,60,161,153,153,0,8,1.0,0.9503,0.9503
8,clab-nebula-serf141,60,149,153,141,12,8,0.9216,0.9463,0.8758
8,clab-nebula-serf25,60,154,147,146,1,8,0.9932,0.9481,0.9419
8,clab-nebula-serf50,60,156,148,148,0,8,1.0,0.9487,0.9487
8,clab-nebula-serf51,60,157,149,149,0,8,1.0,0.949,0.949
8,clab-nebula-serf66,60,158,153,150,3,8,0.9804,0.9494,0.9317
8,clab-nebula-serf86,60,160,153,152,1,8,0.9935,0.95,0.9441
8,clab-nebula-serf90,60,159,153,151,2,8,0.9869,0.9497,0.9379
8,clab-nebula-serf143,60,145,153,137,16,8,0.8954,0.9448,0.8509
8,clab-nebula-serf7,60,156,149,148,1,8,0.9933,0.9487,0.9427
8,clab-nebula-serf37,60,156,148,148,0,8,1.0,0.9487,0.9487
8,clab-nebula-serf43,60,154,147,146,1,8,0.9932,0.9481,0.9419
8,clab-nebula-serf58,60,160,152,152,0,8,1.0,0.95,0.95
8,clab-nebula-serf61,60,158,150,150,0,8,1.0,0.9494,0.9494
8,clab-nebula-serf112,60,159,153,151,2,8,0.9869,0.9497,0.9379
8,clab-nebula-serf15,60,158,150,150,0,8,1.0,0.9494,0.9494
8,clab-nebula-serf16,60,158,150,150,0,8,1.0,0.9494,0.9494
8,clab-nebula-serf77,60,161,153,153,0,8,1.0,0.9503,0.9503
8,clab-nebula-serf121,60,161,153,153,0,8,1.0,0.9503,0.9503
8,clab-nebula-serf140,60,145,153,137,16,8,0.8954,0.9448,0.8509
8,clab-nebula-serf148,60,148,147,140,7,8,0.9524,0.9459,0.9032
8,clab-nebula-serf154,60,147,146,139,7,8,0.9521,0.9456,0.9026
8,clab-nebula-serf156,60,154,148,146,2,8,0.9865,0.9481,0.9359
8,clab-nebula-serf23,60,124,148,117,31,7,0.7905,0.9435,0.7548
8,clab-nebula-serf39,60,158,153,150,3,8,0.9804,0.9494,0.9317
8,clab-nebula-serf62,60,154,147,146,1,8,0.9932,0.9481,0.9419
8,clab-nebula-serf107,60,161,153,153,0,8,1.0,0.9503,0.9503
8,clab-nebula-serf115,60,103,155,97,58,6,0.6258,0.9417,0.6025
8,clab-nebula-serf151,60,148,147,140,7,8,0.9524,0.9459,0.9032
8,clab-nebula-serf158,60,148,153,140,13,8,0.915,0.9459,0.8696
8,clab-nebula-serf28,60,121,145,115,30,6,0.7931,0.9504,0.7616
8,clab-nebula-serf29,60,125,146,118,28,7,0.8082,0.944,0.7712
10,clab-nebula-serf130,5,0,0,0,0,0,1.0,1.0,1.0
10,clab-nebula-serf161,5,4,4,3,1,1,0.75,0.75,0.6
10,clab-nebula-serf32,5,3,6,2,4,1,0.3333,0.6667,0.2857
10,clab-nebula-serf63,5,0,0,0,0,0,1.0,1.0,1.0
10,clab-nebula-serf45,5,2,5,1,4,1,0.2,0.5,0.1667
10,clab-nebula-serf49,5,4,6,3,3,1,0.5,0.75,0.4286
10,clab-nebula-serf83,5,0,0,0,0,0,1.0,1.0,1.0
10,clab-nebula-serf91,5,3,55,2,53,1,0.0364,0.6667,0.0357
10,clab-nebula-serf136,5,0,0,0,0,0,1.0,1.0,1.0
10,clab-nebula-serf146,5,0,0,0,0,0,1.0,1.0,1.0
10,clab-nebula-serf12,5,0,0,0,0,0,1.0,1.0,1.0
10,clab-nebula-serf19,5,0,0,0,0,0,1.0,1.0,1.0
10,clab-nebula-serf80,5,0,0,0,0,0,1.0,1.0,1.0
10,clab-nebula-serf111,5,1,6,1,5,0,0.1667,1.0,0.1667
10,clab-nebula-serf109,5,3,5,2,3,1,0.4,0.6667,0.3333
10,clab-nebula-serf147,5,0,0,0,0,0,1.0,1.0,1.0
10,clab-nebula-serf4,5,1,1,1,0,0,1.0,1.0,1.0
10,clab-nebula-serf100,5,6,5,5,0,1,1.0,0.8333,0.8333
10,clab-nebula-serf75,5,0,0,0,0,0,1.0,1.0,1.0
10,clab-nebula-serf89,5,3,2,2,0,1,1.0,0.6667,0.6667
10,clab-nebula-serf101,5,4,4,3,1,1,0.75,0.75,0.6
10,clab-nebula-serf105,5,1,6,1,5,0,0.1667,1.0,0.1667
10,clab-nebula-serf65,5,0,0,0,0,0,1.0,1.0,1.0
10,clab-nebula-serf68,5,0,0,0,0,0,1.0,1.0,1.0
10,clab-nebula-serf94,5,2,55,1,54,1,0.0182,0.5,0.0179
10,clab-nebula-serf103,5,7,6,6,0,1,1.0,0.8571,0.8571
10,clab-nebula-serf117,5,0,0,0,0,0,1.0,1.0,1.0
10,clab-nebula-serf127,5,0,0,0,0,0,1.0,1.0,1.0
10,clab-nebula-serf129,5,0,0,0,0,0,1.0,1.0,1.0
10,clab-nebula-serf155,5,0,0,0,0,0,1.0,1.0,1.0
10,clab-nebula-serf3,5,0,0,0,0,0,1.0,1.0,1.0
10,clab-nebula-serf14,5,0,0,0,0,0,1.0,1.0,1.0
10,clab-nebula-serf142,5,0,0,0,0,0,1.0,1.0,1.0
10,clab-nebula-serf96,5,4,3,3,0,1,1.0,0.75,0.75
10,clab-nebula-serf116,5,0,0,0,0,0,1.0,1.0,1.0
10,clab-nebula-serf56,5,9,16,8,8,1,0.5,0.8889,0.4706
10,clab-nebula-serf59,5,5,27,4,23,1,0.1481,0.8,0.1429
10,clab-nebula-serf70,5,3,94,2,92,1,0.0213,0.6667,0.0211
10,clab-nebula-serf81,5,1,8,1,7,0,0.125,1.0,0.125
10,clab-nebula-serf95,5,0,0,0,0,0,1.0,1.0,1.0
10,clab-nebula-serf114,5,1,1,1,0,0,1.0,1.0,1.0
10,clab-nebula-serf9,5,1,1,1,0,0,1.0,1.0,1.0
10,clab-nebula-serf17,5,1,4,1,3,0,0.25,1.0,0.25
10,clab-nebula-serf139,5,0,0,0,0,0,1.0,1.0,1.0
10,clab-nebula-serf52,5,1,2,1,1,0,0.5,1.0,0.5
10,clab-nebula-serf71,5,0,0,0,0,0,1.0,1.0,1.0
10,clab-nebula-serf26,5,3,6,2,4,1,0.3333,0.6667,0.2857
10,clab-nebula-serf34,5,1,4,1,3,0,0.25,1.0,0.25
10,clab-nebula-serf126,5,0,0,0,0,0,1.0,1.0,1.0
10,clab-nebula-serf36,5,0,0,0,0,0,1.0,1.0,1.0
10,clab-nebula-serf82,5,0,0,0,0,0,1.0,1.0,1.0
10,clab-nebula-serf85,5,0,0,0,0,0,1.0,1.0,1.0
10,clab-nebula-serf97,5,5,5,4,1,1,0.8,0.8,0.6667
10,clab-nebula-serf99,5,6,5,5,0,1,1.0,0.8333,0.8333
10,clab-nebula-serf124,5,0,0,0,0,0,1.0,1.0,1.0
10,clab-nebula-serf157,5,4,4,3,1,1,0.75,0.75,0.6
10,clab-nebula-serf159,5,4,4,3,1,1,0.75,0.75,0.6
10,clab-nebula-serf1,5,0,0,0,0,0,1.0,1.0,1.0
10,clab-nebula-serf33,5,3,156,2,154,1,0.0128,0.6667,0.0127
10,clab-nebula-serf123,5,0,0,0,0,0,1.0,1.0,1.0
10,clab-nebula-serf135,5,0,0,0,0,0,1.0,1.0,1.0
10,clab-nebula-serf13,5,0,0,0,0,0,1.0,1.0,1.0
10,clab-nebula-serf47,5,4,6,3,3,1,0.5,0.75,0.4286
10,clab-nebula-serf84,5,0,0,0,0,0,1.0,1.0,1.0
10,clab-nebula-serf92,5,0,0,0,0,0,1.0,1.0,1.0
10,clab-nebula-serf106,5,0,0,0,0,0,1.0,1.0,1.0
10,clab-nebula-serf108,5,0,0,0,0,0,1.0,1.0,1.0
10,clab-nebula-serf119,5,2,1,1,0,1,1.0,0.5,0.5
10,clab-nebula-serf125,5,0,0,0,0,0,1.0,1.0,1.0
10,clab-nebula-serf54,5,1,4,1,3,0,0.25,1.0,0.25
10,clab-nebula-serf57,5,4,7,3,4,1,0.4286,0.75,0.375
10,clab-nebula-serf24,5,0,0,0,0,0,1.0,1.0,1.0
10,clab-nebula-serf42,5,0,0,0,0,0,1.0,1.0,1.0
10,clab-nebula-serf48,5,0,0,0,0,0,1.0,1.0,1.0
10,clab-nebula-serf2,5,0,0,0,0,0,1.0,1.0,1.0
10,clab-nebula-serf21,5,2,6,1,5,1,0.1667,0.5,0.1429
10,clab-nebula-serf67,5,0,0,0,0,0,1.0,1.0,1.0
10,clab-nebula-serf102,5,5,5,4,1,1,0.8,0.8,0.6667
10,clab-nebula-serf110,5,0,0,0,0,0,1.0,1.0,1.0
10,clab-nebula-serf132,5,0,0,0,0,0,1.0,1.0,1.0
10,clab-nebula-serf134,5,0,0,0,0,0,1.0,1.0,1.0
10,clab-nebula-serf137,5,0,0,0,0,0,1.0,1.0,1.0
10,clab-nebula-serf10,5,1,1,1,0,0,1.0,1.0,1.0
10,clab-nebula-serf46,5,0,0,0,0,0,1.0,1.0,1.0
10,clab-nebula-serf74,5,0,0,0,0,0,1.0,1.0,1.0
10,clab-nebula-serf76,5,2,6,1,5,1,0.1667,0.5,0.1429
10,clab-nebula-serf149,5,0,0,0,0,0,1.0,1.0,1.0
10,clab-nebula-serf20,5,2,1,1,0,1,1.0,0.5,0.5
10,clab-nebula-serf22,5,0,0,0,0,0,1.0,1.0,1.0
10,clab-nebula-serf160,5,4,4,3,1,1,0.75,0.75,0.6
10,clab-nebula-serf31,5,1,1,1,0,0,1.0,1.0,1.0
10,clab-nebula-serf93,5,3,71,2,69,1,0.0282,0.6667,0.0278
10,clab-nebula-serf122,5,0,0,0,0,0,1.0,1.0,1.0
10,clab-nebula-serf38,5,0,0,0,0,0,1.0,1.0,1.0
10,clab-nebula-serf55,5,0,0,0,0,0,1.0,1.0,1.0
10,clab-nebula-serf79,5,6,79,5,74,1,0.0633,0.8333,0.0625
10,clab-nebula-serf113,5,1,1,1,0,0,1.0,1.0,1.0
10,clab-nebula-serf120,5,2,1,1,0,1,1.0,0.5,0.5
10,clab-nebula-serf128,5,0,0,0,0,0,1.0,1.0,1.0
10,clab-nebula-serf8,5,0,0,0,0,0,1.0,1.0,1.0
10,clab-nebula-serf27,5,0,0,0,0,0,1.0,1.0,1.0
10,clab-nebula-serf78,5,0,0,0,0,0,1.0,1.0,1.0
10,clab-nebula-serf104,5,1,6,1,5,0,0.1667,1.0,0.1667
10,clab-nebula-serf133,5,0,0,0,0,0,1.0,1.0,1.0
10,clab-nebula-serf64,5,0,0,0,0,0,1.0,1.0,1.0
10,clab-nebula-serf73,5,4,79,3,76,1,0.038,0.75,0.0375
10,clab-nebula-serf118,5,2,1,1,0,1,1.0,0.5,0.5
10,clab-nebula-serf5,5,0,0,0,0,0,1.0,1.0,1.0
10,clab-nebula-serf87,5,3,2,2,0,1,1.0,0.6667,0.6667
10,clab-nebula-serf88,5,3,2,2,0,1,1.0,0.6667,0.6667
10,clab-nebula-serf153,5,0,0,0,0,0,1.0,1.0,1.0
10,clab-nebula-serf53,5,0,0,0,0,0,1.0,1.0,1.0
10,clab-nebula-serf69,5,0,0,0,0,0,1.0,1.0,1.0
10,clab-nebula-serf60,5,4,17,3,14,1,0.1765,0.75,0.1667
10,clab-nebula-serf145,5,0,0,0,0,0,1.0,1.0,1.0
10,clab-nebula-serf6,5,1,1,1,0,0,1.0,1.0,1.0
10,clab-nebula-serf11,5,2,1,1,0,1,1.0,0.5,0.5
10,clab-nebula-serf98,5,1,5,1,4,0,0.2,1.0,0.2
10,clab-nebula-serf138,5,0,0,0,0,0,1.0,1.0,1.0
10,clab-nebula-serf150,5,0,0,0,0,0,1.0,1.0,1.0
10,clab-nebula-serf18,5,0,0,0,0,0,1.0,1.0,1.0
10,clab-nebula-serf30,5,1,1,1,0,0,1.0,1.0,1.0
10,clab-nebula-serf44,5,3,5,2,3,1,0.4,0.6667,0.3333
10,clab-nebula-serf131,5,0,0,0,0,0,1.0,1.0,1.0
10,clab-nebula-serf35,5,0,0,0,0,0,1.0,1.0,1.0
10,clab-nebula-serf40,5,0,0,0,0,0,1.0,1.0,1.0
10,clab-nebula-serf144,5,0,0,0,0,0,1.0,1.0,1.0
10,clab-nebula-serf152,5,0,0,0,0,0,1.0,1.0,1.0
10,clab-nebula-serf162,5,0,0,0,0,0,1.0,1.0,1.0
10,clab-nebula-serf41,5,0,0,0,0,0,1.0,1.0,1.0
10,clab-nebula-serf72,5,1,7,1,6,0,0.1429,1.0,0.1429
10,clab-nebula-serf141,5,0,0,0,0,0,1.0,1.0,1.0
10,clab-nebula-serf25,5,0,0,0,0,0,1.0,1.0,1.0
10,clab-nebula-serf50,5,3,5,2,3,1,0.4,0.6667,0.3333
10,clab-nebula-serf51,5,1,1,1,0,0,1.0,1.0,1.0
10,clab-nebula-serf66,5,0,0,0,0,0,1.0,1.0,1.0
10,clab-nebula-serf86,5,3,2,2,0,1,1.0,0.6667,0.6667
10,clab-nebula-serf90,5,2,55,1,54,1,0.0182,0.5,0.0179
10,clab-nebula-serf143,5,0,0,0,0,0,1.0,1.0,1.0
10,clab-nebula-serf7,5,1,1,1,0,0,1.0,1.0,1.0
10,clab-nebula-serf37,5,2,157,1,156,1,0.0064,0.5,0.0063
10,clab-nebula-serf43,5,0,0,0,0,0,1.0,1.0,1.0
10,clab-nebula-serf58,5,5,27,4,23,1,0.1481,0.8,0.1429
10,clab-nebula-serf61,5,5,27,4,23,1,0.1481,0.8,0.1429
10,clab-nebula-serf112,5,0,0,0,0,0,1.0,1.0,1.0
10,clab-nebula-serf15,5,1,2,1,1,0,0.5,1.0,0.5
10,clab-nebula-serf16,5,2,3,1,2,1,0.3333,0.5,0.25
10,clab-nebula-serf77,5,3,99,2,97,1,0.0202,0.6667,0.02
10,clab-nebula-serf121,5,0,0,0,0,0,1.0,1.0,1.0
10,clab-nebula-serf140,5,0,0,0,0,0,1.0,1.0,1.0
10,clab-nebula-serf148,5,0,0,0,0,0,1.0,1.0,1.0
10,clab-nebula-serf154,5,0,0,0,0,0,1.0,1.0,1.0
10,clab-nebula-serf156,5,0,0,0,0,0,1.0,1.0,1.0
10,clab-nebula-serf23,5,0,0,0,0,0,1.0,1.0,1.0
10,clab-nebula-serf39,5,2,113,1,112,1,0.0088,0.5,0.0088
10,clab-nebula-serf62,5,0,0,0,0,0,1.0,1.0,1.0
10,clab-nebula-serf107,5,0,0,0,0,0,1.0,1.0,1.0
10,clab-nebula-serf115,5,0,0,0,0,0,1.0,1.0,1.0
10,clab-nebula-serf151,5,0,0,0,0,0,1.0,1.0,1.0
10,clab-nebula-serf158,5,4,4,3,1,1,0.75,0.75,0.6
10,clab-nebula-serf28,5,0,0,0,0,0,1.0,1.0,1.0
10,clab-nebula-serf29,5,0,0,0,0,0,1.0,1.0,1.0
10,clab-nebula-serf130,10,0,0,0,0,0,1.0,1.0,1.0
10,clab-nebula-serf161,10,4,4,3,1,1,0.75,0.75,0.6
10,clab-nebula-serf32,10,19,157,18,139,1,0.1146,0.9474,0.1139
10,clab-nebula-serf63,10,0,0,0,0,0,1.0,1.0,1.0
10,clab-nebula-serf45,10,8,11,7,4,1,0.6364,0.875,0.5833
10,clab-nebula-serf49,10,14,100,13,87,1,0.13,0.9286,0.1287
10,clab-nebula-serf83,10,3,4,2,2,1,0.5,0.6667,0.4
10,clab-nebula-serf91,10,17,72,16,56,1,0.2222,0.9412,0.2192
10,clab-nebula-serf136,10,0,0,0,0,0,1.0,1.0,1.0
10,clab-nebula-serf146,10,0,0,0,0,0,1.0,1.0,1.0
10,clab-nebula-serf12,10,5,29,4,25,1,0.1379,0.8,0.1333
10,clab-nebula-serf19,10,5,23,4,19,1,0.1739,0.8,0.1667
10,clab-nebula-serf80,10,14,116,13,103,1,0.1121,0.9286,0.1111
10,clab-nebula-serf111,10,7,8,6,2,1,0.75,0.8571,0.6667
10,clab-nebula-serf109,10,8,8,7,1,1,0.875,0.875,0.7778
10,clab-nebula-serf147,10,0,0,0,0,0,1.0,1.0,1.0
10,clab-nebula-serf4,10,2,2,1,1,1,0.5,0.5,0.3333
10,clab-nebula-serf100,10,7,6,6,0,1,1.0,0.8571,0.8571
10,clab-nebula-serf75,10,7,79,6,73,1,0.0759,0.8571,0.075
10,clab-nebula-serf89,10,3,2,2,0,1,1.0,0.6667,0.6667
10,clab-nebula-serf101,10,7,6,6,0,1,1.0,0.8571,0.8571
10,clab-nebula-serf105,10,3,4,2,2,1,0.5,0.6667,0.4
10,clab-nebula-serf65,10,0,0,0,0,0,1.0,1.0,1.0
10,clab-nebula-serf68,10,5,14,4,10,1,0.2857,0.8,0.2667
10,clab-nebula-serf94,10,17,72,16,56,1,0.2222,0.9412,0.2192
10,clab-nebula-serf103,10,7,6,6,0,1,1.0,0.8571,0.8571
10,clab-nebula-serf117,10,0,0,0,0,0,1.0,1.0,1.0
10,clab-nebula-serf127,10,4,149,3,146,1,0.0201,0.75,0.02
10,clab-nebula-serf129,10,0,0,0,0,0,1.0,1.0,1.0
10,clab-nebula-serf155,10,0,0,0,0,0,1.0,1.0,1.0
10,clab-nebula-serf3,10,2,1,1,0,1,1.0,0.5,0.5
10,clab-nebula-serf14,10,4,29,3,26,1,0.1034,0.75,0.1
10,clab-nebula-serf142,10,0,0,0,0,0,1.0,1.0,1.0
10,clab-nebula-serf96,10,7,6,6,0,1,1.0,0.8571,0.8571
10,clab-nebula-serf116,10,0,0,0,0,0,1.0,1.0,1.0
10,clab-nebula-serf56,10,24,98,22,76,2,0.2245,0.9167,0.22
10,clab-nebula-serf59,10,26,98,24,74,2,0.2449,0.9231,0.24
10,clab-nebula-serf70,10,19,143,18,125,1,0.1259,0.9474,0.125
10,clab-nebula-serf81,10,22,116,20,96,2,0.1724,0.9091,0.1695
10,clab-nebula-serf95,10,10,67,9,58,1,0.1343,0.9,0.1324
10,clab-nebula-serf114,10,1,1,1,0,0,1.0,1.0,1.0
10,clab-nebula-serf9,10,8,23,7,16,1,0.3043,0.875,0.2917
10,clab-nebula-serf17,10,12,40,11,29,1,0.275,0.9167,0.2683
10,clab-nebula-serf139,10,0,0,0,0,0,1.0,1.0,1.0
10,clab-nebula-serf52,10,12,16,11,5,1,0.6875,0.9167,0.6471
10,clab-nebula-serf71,10,15,116,14,102,1,0.1207,0.9333,0.1197
10,clab-nebula-serf26,10,19,157,18,139,1,0.1146,0.9474,0.1139
10,clab-nebula-serf34,10,9,148,8,140,1,0.0541,0.8889,0.0537
10,clab-nebula-serf126,10,3,19,2,17,1,0.1053,0.6667,0.1
10,clab-nebula-serf36,10,2,157,1,156,1,0.0064,0.5,0.0063
10,clab-nebula-serf82,10,0,0,0,0,0,1.0,1.0,1.0
10,clab-nebula-serf85,10,4,55,3,52,1,0.0545,0.75,0.0536
10,clab-nebula-serf97,10,7,6,6,0,1,1.0,0.8571,0.8571
10,clab-nebula-serf99,10,7,6,6,0,1,1.0,0.8571,0.8571
10,clab-nebula-serf124,10,3,14,2,12,1,0.1429,0.6667,0.1333
10,clab-nebula-serf157,10,4,4,3,1,1,0.75,0.75,0.6
10,clab-nebula-serf159,10,4,4,3,1,1,0.75,0.75,0.6
10,clab-nebula-serf1,10,6,5,5,0,1,1.0,0.8333,0.8333
10,clab-nebula-serf33,10,20,62,19,43,1,0.3065,0.95,0.3016
10,clab-nebula-serf123,10,2,38,1,37,1,0.0263,0.5,0.0256
10,clab-nebula-serf135,10,0,0,0,0,0,1.0,1.0,1.0
10,clab-nebula-serf13,10,7,32,6,26,1,0.1875,0.8571,0.1818
10,clab-nebula-serf47,10,12,19,11,8,1,0.5789,0.9167,0.55
10,clab-nebula-serf84,10,0,0,0,0,0,1.0,1.0,1.0
10,clab-nebula-serf92,10,9,72,8,64,1,0.1111,0.8889,0.1096
10,clab-nebula-serf106,10,2,2,1,1,1,0.5,0.5,0.3333
10,clab-nebula-serf108,10,2,4,1,3,1,0.25,0.5,0.2
10,clab-nebula-serf119,10,2,1,1,0,1,1.0,0.5,0.5
10,clab-nebula-serf125,10,3,19,2,17,1,0.1053,0.6667,0.1
10,clab-nebula-serf54,10,11,16,10,6,1,0.625,0.9091,0.5882
10,clab-nebula-serf57,10,13,148,12,136,1,0.0811,0.9231,0.0805
10,clab-nebula-serf24,10,2,5,1,4,1,0.2,0.5,0.1667
10,clab-nebula-serf42,10,0,0,0,0,0,1.0,1.0,1.0
10,clab-nebula-serf48,10,5,5,4,1,1,0.8,0.8,0.6667
10,clab-nebula-serf2,10,1,8,1,7,0,0.125,1.0,0.125
10,clab-nebula-serf21,10,4,6,3,3,1,0.5,0.75,0.4286
10,clab-nebula-serf67,10,5,14,4,10,1,0.2857,0.8,0.2667
10,clab-nebula-serf102,10,7,6,6,0,1,1.0,0.8571,0.8571
10,clab-nebula-serf110,10,0,0,0,0,0,1.0,1.0,1.0
10,clab-nebula-serf132,10,0,0,0,0,0,1.0,1.0,1.0
10,clab-nebula-serf134,10,0,0,0,0,0,1.0,1.0,1.0
10,clab-nebula-serf137,10,0,0,0,0,0,1.0,1.0,1.0
10,clab-nebula-serf10,10,9,23,8,15,1,0.3478,0.8889,0.3333
10,clab-nebula-serf46,10,3,5,2,3,1,0.4,0.6667,0.3333
10,clab-nebula-serf74,10,9,68,8,60,1,0.1176,0.8889,0.1159
10,clab-nebula-serf76,10,25,116,23,93,2,0.1983,0.92,0.1949
10,clab-nebula-serf149,10,0,0,0,0,0,1.0,1.0,1.0
10,clab-nebula-serf20,10,4,5,3,2,1,0.6,0.75,0.5
10,clab-nebula-serf22,10,4,16,3,13,1,0.1875,0.75,0.1765
10,clab-nebula-serf160,10,4,4,3,1,1,0.75,0.75,0.6
10,clab-nebula-serf31,10,13,101,12,89,1,0.1188,0.9231,0.1176
10,clab-nebula-serf93,10,16,79,15,64,1,0.1899,0.9375,0.1875
10,clab-nebula-serf122,10,0,0,0,0,0,1.0,1.0,1.0
10,clab-nebula-serf38,10,4,156,3,153,1,0.0192,0.75,0.0191
10,clab-nebula-serf55,10,9,16,8,8,1,0.5,0.8889,0.4706
10,clab-nebula-serf79,10,26,116,24,92,2,0.2069,0.9231,0.2034
10,clab-nebula-serf113,10,1,1,1,0,0,1.0,1.0,1.0
10,clab-nebula-serf120,10,2,1,1,0,1,1.0,0.5,0.5
10,clab-nebula-serf128,10,2,4,1,3,1,0.25,0.5,0.2
10,clab-nebula-serf8,10,5,4,4,0,1,1.0,0.8,0.8
10,clab-nebula-serf27,10,3,156,2,154,1,0.0128,0.6667,0.0127
10,clab-nebula-serf78,10,9,68,8,60,1,0.1176,0.8889,0.1159
10,clab-nebula-serf104,10,3,4,2,2,1,0.5,0.6667,0.4
10,clab-nebula-serf133,10,0,0,0,0,0,1.0,1.0,1.0
10,clab-nebula-serf64,10,0,0,0,0,0,1.0,1.0,1.0
10,clab-nebula-serf73,10,25,116,23,93,2,0.1983,0.92,0.1949
10,clab-nebula-serf118,10,2,1,1,0,1,1.0,0.5,0.5
10,clab-nebula-serf5,10,3,2,2,0,1,1.0,0.6667,0.6667
10,clab-nebula-serf87,10,3,2,2,0,1,1.0,0.6667,0.6667
10,clab-nebula-serf88,10,3,2,2,0,1,1.0,0.6667,0.6667
10,clab-nebula-serf153,10,0,0,0,0,0,1.0,1.0,1.0
10,clab-nebula-serf53,10,8,16,7,9,1,0.4375,0.875,0.4118
10,clab-nebula-serf69,10,14,116,13,103,1,0.1121,0.9286,0.1111
10,clab-nebula-serf60,10,10,19,9,10,1,0.4737,0.9,0.45
10,clab-nebula-serf145,10,0,0,0,0,0,1.0,1.0,1.0
10,clab-nebula-serf6,10,7,12,6,6,1,0.5,0.8571,0.4615
10,clab-nebula-serf11,10,14,24,13,11,1,0.5417,0.9286,0.52
10,clab-nebula-serf98,10,7,6,6,0,1,1.0,0.8571,0.8571
10,clab-nebula-serf138,10,0,0,0,0,0,1.0,1.0,1.0
10,clab-nebula-serf150,10,0,0,0,0,0,1.0,1.0,1.0
10,clab-nebula-serf18,10,5,21,4,17,1,0.1905,0.8,0.1818
10,clab-nebula-serf30,10,13,101,12,89,1,0.1188,0.9231,0.1176
10,clab-nebula-serf44,10,10,19,9,10,1,0.4737,0.9,0.45
10,clab-nebula-serf131,10,0,0,0,0,0,1.0,1.0,1.0
10,clab-nebula-serf35,10,1,3,1,2,0,0.3333,1.0,0.3333
10,clab-nebula-serf40,10,1,7,1,6,0,0.1429,1.0,0.1429
10,clab-nebula-serf144,10,0,0,0,0,0,1.0,1.0,1.0
10,clab-nebula-serf152,10,1,124,1,123,0,0.0081,1.0,0.0081
10,clab-nebula-serf162,10,0,0,0,0,0,1.0,1.0,1.0
10,clab-nebula-serf41,10,0,0,0,0,0,1.0,1.0,1.0
10,clab-nebula-serf72,10,16,116,15,101,1,0.1293,0.9375,0.1282
10,clab-nebula-serf141,10,0,0,0,0,0,1.0,1.0,1.0
10,clab-nebula-serf25,10,4,16,3,13,1,0.1875,0.75,0.1765
10,clab-nebula-serf50,10,8,11,7,4,1,0.6364,0.875,0.5833
10,clab-nebula-serf51,10,9,16,8,8,1,0.5,0.8889,0.4706
10,clab-nebula-serf66,10,4,14,3,11,1,0.2143,0.75,0.2
10,clab-nebula-serf86,10,4,3,3,0,1,1.0,0.75,0.75
10,clab-nebula-serf90,10,9,67,8,59,1,0.1194,0.8889,0.1176
10,clab-nebula-serf143,10,0,0,0,0,0,1.0,1.0,1.0
10,clab-nebula-serf7,10,9,21,8,13,1,0.381,0.8889,0.3636
10,clab-nebula-serf37,10,8,152,7,145,1,0.0461,0.875,0.0458
10,clab-nebula-serf43,10,5,6,4,2,1,0.6667,0.8,0.5714
10,clab-nebula-serf58,10,19,100,18,82,1,0.18,0.9474,0.1782
10,clab-nebula-serf61,10,20,100,19,81,1,0.19,0.95,0.1881
10,clab-nebula-serf112,10,0,0,0,0,0,1.0,1.0,1.0
10,clab-nebula-serf15,10,14,41,13,28,1,0.3171,0.9286,0.3095
10,clab-nebula-serf16,10,17,41,16,25,1,0.3902,0.9412,0.381
10,clab-nebula-serf77,10,24,116,22,94,2,0.1897,0.9167,0.1864
10,clab-nebula-serf121,10,1,31,1,30,0,0.0323,1.0,0.0323
10,clab-nebula-serf140,10,0,0,0,0,0,1.0,1.0,1.0
10,clab-nebula-serf148,10,0,0,0,0,0,1.0,1.0,1.0
10,clab-nebula-serf154,10,0,0,0,0,0,1.0,1.0,1.0
10,clab-nebula-serf156,10,0,0,0,0,0,1.0,1.0,1.0
10,clab-nebula-serf23,10,0,0,0,0,0,1.0,1.0,1.0
10,clab-nebula-serf39,10,15,125,14,111,1,0.112,0.9333,0.1111
10,clab-nebula-serf62,10,4,7,3,4,1,0.4286,0.75,0.375
10,clab-nebula-serf107,10,2,7,1,6,1,0.1429,0.5,0.125
10,clab-nebula-serf115,10,0,0,0,0,0,1.0,1.0,1.0
10,clab-nebula-serf151,10,0,0,0,0,0,1.0,1.0,1.0
10,clab-nebula-serf158,10,4,4,3,1,1,0.75,0.75,0.6
10,clab-nebula-serf28,10,1,108,1,107,0,0.0093,1.0,0.0093
10,clab-nebula-serf29,10,2,95,1,94,1,0.0105,0.5,0.0104
10,clab-nebula-serf130,15,0,0,0,0,0,1.0,1.0,1.0
10,clab-nebula-serf161,15,5,4,4,0,1,1.0,0.8,0.8
10,clab-nebula-serf32,15,32,157,30,127,2,0.1911,0.9375,0.1887
10,clab-nebula-serf63,15,6,27,5,22,1,0.1852,0.8333,0.1786
10,clab-nebula-serf45,15,22,36,20,16,2,0.5556,0.9091,0.5263
10,clab-nebula-serf49,15,30,47,28,19,2,0.5957,0.9333,0.5714
10,clab-nebula-serf83,15,14,66,13,53,1,0.197,0.9286,0.194
10,clab-nebula-serf91,15,36,125,34,91,2,0.272,0.9444,0.2677
10,clab-nebula-serf136,15,2,2,1,1,1,0.5,0.5,0.3333
10,clab-nebula-serf146,15,1,4,1,3,0,0.25,1.0,0.25
10,clab-nebula-serf12,15,19,41,18,23,1,0.439,0.9474,0.4286
10,clab-nebula-serf19,15,23,31,21,10,2,0.6774,0.913,0.6364
10,clab-nebula-serf80,15,32,127,30,97,2,0.2362,0.9375,0.2326
10,clab-nebula-serf111,15,17,57,16,41,1,0.2807,0.9412,0.2759
10,clab-nebula-serf109,15,26,79,24,55,2,0.3038,0.9231,0.2963
10,clab-nebula-serf147,15,2,112,1,111,1,0.0089,0.5,0.0088
10,clab-nebula-serf4,15,9,8,8,0,1,1.0,0.8889,0.8889
10,clab-nebula-serf100,15,8,27,7,20,1,0.2593,0.875,0.25
10,clab-nebula-serf75,15,26,116,24,92,2,0.2069,0.9231,0.2034
10,clab-nebula-serf89,15,8,43,7,36,1,0.1628,0.875,0.1591
10,clab-nebula-serf101,15,7,6,6,0,1,1.0,0.8571,0.8571
10,clab-nebula-serf105,15,8,8,7,1,1,0.875,0.875,0.7778
10,clab-nebula-serf65,15,0,0,0,0,0,1.0,1.0,1.0
10,clab-nebula-serf68,15,27,117,25,92,2,0.2137,0.9259,0.2101
10,clab-nebula-serf94,15,36,125,34,91,2,0.272,0.9444,0.2677
10,clab-nebula-serf103,15,8,27,7,20,1,0.2593,0.875,0.25
10,clab-nebula-serf117,15,0,0,0,0,0,1.0,1.0,1.0
10,clab-nebula-serf127,15,13,157,12,145,1,0.0764,0.9231,0.0759
10,clab-nebula-serf129,15,2,7,1,6,1,0.1429,0.5,0.125
10,clab-nebula-serf155,15,1,2,1,1,0,0.5,1.0,0.5
10,clab-nebula-serf3,15,7,6,6,0,1,1.0,0.8571,0.8571
10,clab-nebula-serf14,15,18,41,17,24,1,0.4146,0.9444,0.4048
10,clab-nebula-serf142,15,1,4,1,3,0,0.25,1.0,0.25
10,clab-nebula-serf96,15,7,6,6,0,1,1.0,0.8571,0.8571
10,clab-nebula-serf116,15,0,0,0,0,0,1.0,1.0,1.0
10,clab-nebula-serf56,15,64,142,60,82,4,0.4225,0.9375,0.411
10,clab-nebula-serf59,15,63,142,59,83,4,0.4155,0.9365,0.4041
10,clab-nebula-serf70,15,36,146,34,112,2,0.2329,0.9444,0.2297
10,clab-nebula-serf81,15,39,128,37,91,2,0.2891,0.9487,0.2846
10,clab-nebula-serf95,15,30,124,28,96,2,0.2258,0.9333,0.2222
10,clab-nebula-serf114,15,2,100,1,99,1,0.01,0.5,0.0099
10,clab-nebula-serf9,15,17,25,16,9,1,0.64,0.9412,0.6154
10,clab-nebula-serf17,15,30,93,28,65,2,0.3011,0.9333,0.2947
10,clab-nebula-serf139,15,5,17,4,13,1,0.2353,0.8,0.2222
10,clab-nebula-serf52,15,38,99,36,63,2,0.3636,0.9474,0.3564
10,clab-nebula-serf71,15,33,128,31,97,2,0.2422,0.9394,0.2385
10,clab-nebula-serf26,15,31,139,29,110,2,0.2086,0.9355,0.2057
10,clab-nebula-serf34,15,27,61,25,36,2,0.4098,0.9259,0.3968
10,clab-nebula-serf126,15,15,155,14,141,1,0.0903,0.9333,0.0897
10,clab-nebula-serf36,15,17,82,16,66,1,0.1951,0.9412,0.1928
10,clab-nebula-serf82,15,0,0,0,0,0,1.0,1.0,1.0
10,clab-nebula-serf85,15,19,72,18,54,1,0.25,0.9474,0.2466
10,clab-nebula-serf97,15,7,6,6,0,1,1.0,0.8571,0.8571
10,clab-nebula-serf99,15,7,6,6,0,1,1.0,0.8571,0.8571
10,clab-nebula-serf124,15,8,36,7,29,1,0.1944,0.875,0.1892
10,clab-nebula-serf157,15,5,4,4,0,1,1.0,0.8,0.8
10,clab-nebula-serf159,15,5,4,4,0,1,1.0,0.8,0.8
10,clab-nebula-serf1,15,12,12,11,1,1,0.9167,0.9167,0.8462
10,clab-nebula-serf33,15,53,112,50,62,3,0.4464,0.9434,0.4348
10,clab-nebula-serf123,15,11,39,10,29,1,0.2564,0.9091,0.25
10,clab-nebula-serf135,15,1,5,1,4,0,0.2,1.0,0.2
10,clab-nebula-serf13,15,24,40,22,18,2,0.55,0.9167,0.5238
10,clab-nebula-serf47,15,25,47,23,24,2,0.4894,0.92,0.4694
10,clab-nebula-serf84,15,4,55,3,52,1,0.0545,0.75,0.0536
10,clab-nebula-serf92,15,30,116,28,88,2,0.2414,0.9333,0.2373
10,clab-nebula-serf106,15,4,5,3,2,1,0.6,0.75,0.5
10,clab-nebula-serf108,15,7,8,6,2,1,0.75,0.8571,0.6667
10,clab-nebula-serf119,15,2,1,1,0,1,1.0,0.5,0.5
10,clab-nebula-serf125,15,12,155,11,144,1,0.071,0.9167,0.0705
10,clab-nebula-serf54,15,35,98,33,65,2,0.3367,0.9429,0.33
10,clab-nebula-serf57,15,57,144,54,90,3,0.375,0.9474,0.3673
10,clab-nebula-serf24,15,5,5,4,1,1,0.8,0.8,0.6667
10,clab-nebula-serf42,15,2,157,1,156,1,0.0064,0.5,0.0063
10,clab-nebula-serf48,15,21,43,20,23,1,0.4651,0.9524,0.4545
10,clab-nebula-serf2,15,5,9,4,5,1,0.4444,0.8,0.4
10,clab-nebula-serf21,15,16,83,15,68,1,0.1807,0.9375,0.1786
10,clab-nebula-serf67,15,26,116,24,92,2,0.2069,0.9231,0.2034
10,clab-nebula-serf102,15,7,6,6,0,1,1.0,0.8571,0.8571
10,clab-nebula-serf110,15,2,2,1,1,1,0.5,0.5,0.3333
10,clab-nebula-serf132,15,11,18,10,8,1,0.5556,0.9091,0.5263
10,clab-nebula-serf134,15,1,3,1,2,0,0.3333,1.0,0.3333
10,clab-nebula-serf137,15,2,5,1,4,1,0.2,0.5,0.1667
10,clab-nebula-serf10,15,20,27,19,8,1,0.7037,0.95,0.6786
10,clab-nebula-serf46,15,11,141,10,131,1,0.0709,0.9091,0.0704
10,clab-nebula-serf74,15,26,116,24,92,2,0.2069,0.9231,0.2034
10,clab-nebula-serf76,15,38,128,36,92,2,0.2812,0.9474,0.2769
10,clab-nebula-serf149,15,1,2,1,1,0,0.5,1.0,0.5
10,clab-nebula-serf20,15,15,158,14,144,1,0.0886,0.9333,0.0881
10,clab-nebula-serf22,15,10,141,9,132,1,0.0638,0.9,0.0634
10,clab-nebula-serf160,15,5,4,4,0,1,1.0,0.8,0.8
10,clab-nebula-serf31,15,28,152,26,126,2,0.1711,0.9286,0.1688
10,clab-nebula-serf93,15,37,128,35,93,2,0.2734,0.9459,0.2692
10,clab-nebula-serf122,15,8,36,7,29,1,0.1944,0.875,0.1892
10,clab-nebula-serf38,15,24,60,22,38,2,0.3667,0.9167,0.3548
10,clab-nebula-serf55,15,23,98,21,77,2,0.2143,0.913,0.21
10,clab-nebula-serf79,15,41,128,39,89,2,0.3047,0.9512,0.3
10,clab-nebula-serf113,15,3,104,2,102,1,0.0192,0.6667,0.019
10,clab-nebula-serf120,15,2,1,1,0,1,1.0,0.5,0.5
10,clab-nebula-serf128,15,6,8,5,3,1,0.625,0.8333,0.5556
10,clab-nebula-serf8,15,13,24,12,12,1,0.5,0.9231,0.48
10,clab-nebula-serf27,15,7,157,6,151,1,0.0382,0.8571,0.038
10,clab-nebula-serf78,15,27,117,25,92,2,0.2137,0.9259,0.2101
10,clab-nebula-serf104,15,8,8,7,1,1,0.875,0.875,0.7778
10,clab-nebula-serf133,15,1,3,1,2,0,0.3333,1.0,0.3333
10,clab-nebula-serf64,15,0,0,0,0,0,1.0,1.0,1.0
10,clab-nebula-serf73,15,39,128,37,91,2,0.2891,0.9487,0.2846
10,clab-nebula-serf118,15,2,1,1,0,1,1.0,0.5,0.5
10,clab-nebula-serf5,15,7,6,6,0,1,1.0,0.8571,0.8571
10,clab-nebula-serf87,15,11,60,10,50,1,0.1667,0.9091,0.1639
10,clab-nebula-serf88,15,8,43,7,36,1,0.1628,0.875,0.1591
10,clab-nebula-serf153,15,1,5,1,4,0,0.2,1.0,0.2
10,clab-nebula-serf53,15,25,98,23,75,2,0.2347,0.92,0.23
10,clab-nebula-serf69,15,31,128,29,99,2,0.2266,0.9355,0.2231
10,clab-nebula-serf60,15,42,141,39,102,3,0.2766,0.9286,0.2708
10,clab-nebula-serf145,15,1,4,1,3,0,0.25,1.0,0.25
10,clab-nebula-serf6,15,18,24,17,7,1,0.7083,0.9444,0.68
10,clab-nebula-serf11,15,26,29,24,5,2,0.8276,0.9231,0.7742
10,clab-nebula-serf98,15,7,6,6,0,1,1.0,0.8571,0.8571
10,clab-nebula-serf138,15,1,7,1,6,0,0.1429,1.0,0.1429
10,clab-nebula-serf150,15,1,6,1,5,0,0.1667,1.0,0.1667
10,clab-nebula-serf18,15,20,43,19,24,1,0.4419,0.95,0.4318
10,clab-nebula-serf30,15,28,152,26,126,2,0.1711,0.9286,0.1688
10,clab-nebula-serf44,15,23,47,21,26,2,0.4468,0.913,0.4286
10,clab-nebula-serf131,15,3,12,2,10,1,0.1667,0.6667,0.1538
10,clab-nebula-serf35,15,7,152,6,146,1,0.0395,0.8571,0.0392
10,clab-nebula-serf40,15,11,136,10,126,1,0.0735,0.9091,0.073
10,clab-nebula-serf144,15,7,6,6,0,1,1.0,0.8571,0.8571
10,clab-nebula-serf152,15,11,125,10,115,1,0.08,0.9091,0.0794
10,clab-nebula-serf162,15,5,4,4,0,1,1.0,0.8,0.8
10,clab-nebula-serf41,15,1,7,1,6,0,0.1429,1.0,0.1429
10,clab-nebula-serf72,15,31,128,29,99,2,0.2266,0.9355,0.2231
10,clab-nebula-serf141,15,0,0,0,0,0,1.0,1.0,1.0
10,clab-nebula-serf25,15,12,139,11,128,1,0.0791,0.9167,0.0786
10,clab-nebula-serf50,15,23,47,21,26,2,0.4468,0.913,0.4286
10,clab-nebula-serf51,15,24,98,22,76,2,0.2245,0.9167,0.22
10,clab-nebula-serf66,15,27,117,25,92,2,0.2137,0.9259,0.2101
10,clab-nebula-serf86,15,11,60,10,50,1,0.1667,0.9091,0.1639
10,clab-nebula-serf90,15,30,124,28,96,2,0.2258,0.9333,0.2222
10,clab-nebula-serf143,15,1,1,1,0,0,1.0,1.0,1.0
10,clab-nebula-serf7,15,19,24,18,6,1,0.75,0.9474,0.72
10,clab-nebula-serf37,15,29,61,27,34,2,0.4426,0.931,0.4286
10,clab-nebula-serf43,15,13,100,12,88,1,0.12,0.9231,0.1188
10,clab-nebula-serf58,15,57,144,54,90,3,0.375,0.9474,0.3673
10,clab-nebula-serf61,15,61,143,58,85,3,0.4056,0.9508,0.3973
10,clab-nebula-serf112,15,0,0,0,0,0,1.0,1.0,1.0
10,clab-nebula-serf15,15,32,93,30,63,2,0.3226,0.9375,0.3158
10,clab-nebula-serf16,15,33,98,31,67,2,0.3163,0.9394,0.31
10,clab-nebula-serf77,15,38,128,36,92,2,0.2812,0.9474,0.2769
10,clab-nebula-serf121,15,8,36,7,29,1,0.1944,0.875,0.1892
10,clab-nebula-serf140,15,0,0,0,0,0,1.0,1.0,1.0
10,clab-nebula-serf148,15,0,0,0,0,0,1.0,1.0,1.0
10,clab-nebula-serf154,15,1,4,1,3,0,0.25,1.0,0.25
10,clab-nebula-serf156,15,4,125,3,122,1,0.024,0.75,0.0238
10,clab-nebula-serf23,15,4,5,3,2,1,0.6,0.75,0.5
10,clab-nebula-serf39,15,53,136,50,86,3,0.3676,0.9434,0.3597
10,clab-nebula-serf62,15,13,148,12,136,1,0.0811,0.9231,0.0805
10,clab-nebula-serf107,15,6,7,5,2,1,0.7143,0.8333,0.625
10,clab-nebula-serf115,15,0,0,0,0,0,1.0,1.0,1.0
10,clab-nebula-serf151,15,1,4,1,3,0,0.25,1.0,0.25
10,clab-nebula-serf158,15,5,4,4,0,1,1.0,0.8,0.8
10,clab-nebula-serf28,15,2,107,1,106,1,0.0093,0.5,0.0093
10,clab-nebula-serf29,15,6,107,5,102,1,0.0467,0.8333,0.0463
10,clab-nebula-serf130,20,13,18,12,6,1,0.6667,0.9231,0.6316
10,clab-nebula-serf161,20,10,83,9,74,1,0.1084,0.9,0.1071
10,clab-nebula-serf32,20,59,152,56,96,3,0.3684,0.9492,0.3613
10,clab-nebula-serf63,20,32,99,30,69,2,0.303,0.9375,0.297
10,clab-nebula-serf45,20,40,83,38,45,2,0.4578,0.95,0.4471
10,clab-nebula-serf49,20,67,141,63,78,4,0.4468,0.9403,0.4345
10,clab-nebula-serf83,20,33,124,31,93,2,0.25,0.9394,0.246
10,clab-nebula-serf91,20,56,135,53,82,3,0.3926,0.9464,0.3841
10,clab-nebula-serf136,20,14,18,13,5,1,0.7222,0.9286,0.6842
10,clab-nebula-serf146,20,5,6,4,2,1,0.6667,0.8,0.5714
10,clab-nebula-serf12,20,38,96,36,60,2,0.375,0.9474,0.3673
10,clab-nebula-serf19,20,44,98,41,57,3,0.4184,0.9318,0.4059
10,clab-nebula-serf80,20,55,128,52,76,3,0.4062,0.9455,0.3969
10,clab-nebula-serf111,20,47,118,44,74,3,0.3729,0.9362,0.3636
10,clab-nebula-serf109,20,58,129,55,74,3,0.4264,0.9483,0.4167
10,clab-nebula-serf147,20,12,125,11,114,1,0.088,0.9167,0.0873
10,clab-nebula-serf4,20,16,24,15,9,1,0.625,0.9375,0.6
10,clab-nebula-serf100,20,14,95,13,82,1,0.1368,0.9286,0.1354
10,clab-nebula-serf75,20,41,128,39,89,2,0.3047,0.9512,0.3
10,clab-nebula-serf89,20,18,72,17,55,1,0.2361,0.9444,0.2329
10,clab-nebula-serf101,20,10,92,9,83,1,0.0978,0.9,0.0968
10,clab-nebula-serf105,20,25,79,23,56,2,0.2911,0.92,0.284
10,clab-nebula-serf65,20,23,122,21,101,2,0.1721,0.913,0.1694
10,clab-nebula-serf68,20,42,127,39,88,3,0.3071,0.9286,0.3
10,clab-nebula-serf94,20,57,135,54,81,3,0.4,0.9474,0.3913
10,clab-nebula-serf103,20,16,114,15,99,1,0.1316,0.9375,0.1304
10,clab-nebula-serf117,20,0,0,0,0,0,1.0,1.0,1.0
10,clab-nebula-serf127,20,46,158,43,115,3,0.2722,0.9348,0.2671
10,clab-nebula-serf129,20,7,7,6,1,1,0.8571,0.8571,0.75
10,clab-nebula-serf155,20,11,125,10,115,1,0.08,0.9091,0.0794
10,clab-nebula-serf3,20,13,23,12,11,1,0.5217,0.9231,0.5
10,clab-nebula-serf14,20,35,97,33,64,2,0.3402,0.9429,0.3333
10,clab-nebula-serf142,20,1,4,1,3,0,0.25,1.0,0.25
10,clab-nebula-serf96,20,9,92,8,84,1,0.087,0.8889,0.086
10,clab-nebula-serf116,20,0,0,0,0,0,1.0,1.0,1.0
10,clab-nebula-serf56,20,83,146,78,68,5,0.5342,0.9398,0.5166
10,clab-nebula-serf59,20,83,146,78,68,5,0.5342,0.9398,0.5166
10,clab-nebula-serf70,20,66,149,62,87,4,0.4161,0.9394,0.4052
10,clab-nebula-serf81,20,68,136,64,72,4,0.4706,0.9412,0.4571
10,clab-nebula-serf95,20,50,134,47,87,3,0.3507,0.94,0.3431
10,clab-nebula-serf114,20,17,140,16,124,1,0.1143,0.9412,0.1135
10,clab-nebula-serf9,20,36,93,34,59,2,0.3656,0.9444,0.3579
10,clab-nebula-serf17,20,66,142,62,80,4,0.4366,0.9394,0.4247
10,clab-nebula-serf139,20,14,18,13,5,1,0.7222,0.9286,0.6842
10,clab-nebula-serf52,20,69,142,65,77,4,0.4577,0.942,0.4452
10,clab-nebula-serf71,20,57,144,54,90,3,0.375,0.9474,0.3673
10,clab-nebula-serf26,20,58,152,55,97,3,0.3618,0.9483,0.3548
10,clab-nebula-serf34,20,67,142,63,79,4,0.4437,0.9403,0.4315
10,clab-nebula-serf126,20,47,158,44,114,3,0.2785,0.9362,0.2733
10,clab-nebula-serf36,20,53,144,50,94,3,0.3472,0.9434,0.3401
10,clab-nebula-serf82,20,0,0,0,0,0,1.0,1.0,1.0
10,clab-nebula-serf85,20,35,124,33,91,2,0.2661,0.9429,0.2619
10,clab-nebula-serf97,20,9,92,8,84,1,0.087,0.8889,0.086
10,clab-nebula-serf99,20,11,92,10,82,1,0.1087,0.9091,0.1075
10,clab-nebula-serf124,20,15,82,14,68,1,0.1707,0.9333,0.1687
10,clab-nebula-serf157,20,9,12,8,4,1,0.6667,0.8889,0.6154
10,clab-nebula-serf159,20,9,12,8,4,1,0.6667,0.8889,0.6154
10,clab-nebula-serf1,20,19,24,18,6,1,0.75,0.9474,0.72
10,clab-nebula-serf33,20,78,144,74,70,4,0.5139,0.9487,0.5
10,clab-nebula-serf123,20,16,79,15,64,1,0.1899,0.9375,0.1875
10,clab-nebula-serf135,20,14,14,13,1,1,0.9286,0.9286,0.8667
10,clab-nebula-serf13,20,50,139,47,92,3,0.3381,0.94,0.331
10,clab-nebula-serf47,20,51,98,48,50,3,0.4898,0.9412,0.4752
10,clab-nebula-serf84,20,18,72,17,55,1,0.2361,0.9444,0.2329
10,clab-nebula-serf92,20,47,127,44,83,3,0.3465,0.9362,0.3385
10,clab-nebula-serf106,20,8,8,7,1,1,0.875,0.875,0.7778
10,clab-nebula-serf108,20,16,39,15,24,1,0.3846,0.9375,0.375
10,clab-nebula-serf119,20,2,1,1,0,1,1.0,0.5,0.5
10,clab-nebula-serf125,20,45,158,42,116,3,0.2658,0.9333,0.2609
10,clab-nebula-serf54,20,66,142,62,80,4,0.4366,0.9394,0.4247
10,clab-nebula-serf57,20,76,145,72,73,4,0.4966,0.9474,0.4832
10,clab-nebula-serf24,20,17,158,16,142,1,0.1013,0.9412,0.1006
10,clab-nebula-serf42,20,15,83,14,69,1,0.1687,0.9333,0.1667
10,clab-nebula-serf48,20,37,62,35,27,2,0.5645,0.9459,0.5469
10,clab-nebula-serf2,20,10,9,9,0,1,1.0,0.9,0.9
10,clab-nebula-serf21,20,32,112,30,82,2,0.2679,0.9375,0.2632
10,clab-nebula-serf67,20,41,128,39,89,2,0.3047,0.9512,0.3
10,clab-nebula-serf102,20,10,92,9,83,1,0.0978,0.9,0.0968
10,clab-nebula-serf110,20,7,8,6,2,1,0.75,0.8571,0.6667
10,clab-nebula-serf132,20,14,18,13,5,1,0.7222,0.9286,0.6842
10,clab-nebula-serf134,20,14,18,13,5,1,0.7222,0.9286,0.6842
10,clab-nebula-serf137,20,14,18,13,5,1,0.7222,0.9286,0.6842
10,clab-nebula-serf10,20,40,96,38,58,2,0.3958,0.95,0.3878
10,clab-nebula-serf46,20,26,47,24,23,2,0.5106,0.9231,0.4898
10,clab-nebula-serf74,20,45,127,42,85,3,0.3307,0.9333,0.3231
10,clab-nebula-serf76,20,68,136,64,72,4,0.4706,0.9412,0.4571
10,clab-nebula-serf149,20,11,125,10,115,1,0.08,0.9091,0.0794
10,clab-nebula-serf20,20,26,152,24,128,2,0.1579,0.9231,0.1558
10,clab-nebula-serf22,20,23,156,21,135,2,0.1346,0.913,0.1329
10,clab-nebula-serf160,20,10,83,9,74,1,0.1084,0.9,0.1071
10,clab-nebula-serf31,20,45,83,42,41,3,0.506,0.9333,0.4884
10,clab-nebula-serf93,20,59,133,56,77,3,0.4211,0.9492,0.4118
10,clab-nebula-serf122,20,15,82,14,68,1,0.1707,0.9333,0.1687
10,clab-nebula-serf38,20,56,100,53,47,3,0.53,0.9464,0.5146
10,clab-nebula-serf55,20,64,142,60,82,4,0.4225,0.9375,0.411
10,clab-nebula-serf79,20,76,138,72,66,4,0.5217,0.9474,0.507
10,clab-nebula-serf113,20,19,140,18,122,1,0.1286,0.9474,0.1277
10,clab-nebula-serf120,20,2,1,1,0,1,1.0,0.5,0.5
10,clab-nebula-serf128,20,20,79,19,60,1,0.2405,0.95,0.2375
10,clab-nebula-serf8,20,23,26,21,5,2,0.8077,0.913,0.75
10,clab-nebula-serf27,20,13,158,12,146,1,0.0759,0.9231,0.0755
10,clab-nebula-serf78,20,48,128,45,83,3,0.3516,0.9375,0.3435
10,clab-nebula-serf104,20,25,79,23,56,2,0.2911,0.92,0.284
10,clab-nebula-serf133,20,14,18,13,5,1,0.7222,0.9286,0.6842
10,clab-nebula-serf64,20,7,82,6,76,1,0.0732,0.8571,0.0723
10,clab-nebula-serf73,20,69,136,65,71,4,0.4779,0.942,0.4643
10,clab-nebula-serf118,20,2,1,1,0,1,1.0,0.5,0.5
10,clab-nebula-serf5,20,14,21,13,8,1,0.619,0.9286,0.5909
10,clab-nebula-serf87,20,24,124,22,102,2,0.1774,0.9167,0.1746
10,clab-nebula-serf88,20,19,72,18,54,1,0.25,0.9474,0.2466
10,clab-nebula-serf153,20,9,125,8,117,1,0.064,0.8889,0.0635
10,clab-nebula-serf53,20,64,142,60,82,4,0.4225,0.9375,0.411
10,clab-nebula-serf69,20,54,144,51,93,3,0.3542,0.9444,0.3469
10,clab-nebula-serf60,20,70,142,66,76,4,0.4648,0.9429,0.4521
10,clab-nebula-serf145,20,5,6,4,2,1,0.6667,0.8,0.5714
10,clab-nebula-serf6,20,32,74,30,44,2,0.4054,0.9375,0.3947
10,clab-nebula-serf11,20,57,142,54,88,3,0.3803,0.9474,0.3724
10,clab-nebula-serf98,20,8,30,7,23,1,0.2333,0.875,0.2258
10,clab-nebula-serf138,20,14,18,13,5,1,0.7222,0.9286,0.6842
10,clab-nebula-serf150,20,9,125,8,117,1,0.064,0.8889,0.0635
10,clab-nebula-serf18,20,47,97,44,53,3,0.4536,0.9362,0.44
10,clab-nebula-serf30,20,45,83,42,41,3,0.506,0.9333,0.4884
10,clab-nebula-serf44,20,47,93,44,49,3,0.4731,0.9362,0.4583
10,clab-nebula-serf131,20,14,14,13,1,1,0.9286,0.9286,0.8667
10,clab-nebula-serf35,20,26,61,24,37,2,0.3934,0.9231,0.381
10,clab-nebula-serf40,20,35,97,33,64,2,0.3402,0.9429,0.3333
10,clab-nebula-serf144,20,12,25,11,14,1,0.44,0.9167,0.4231
10,clab-nebula-serf152,20,14,125,13,112,1,0.104,0.9286,0.1032
10,clab-nebula-serf162,20,5,4,4,0,1,1.0,0.8,0.8
10,clab-nebula-serf41,20,14,100,13,87,1,0.13,0.9286,0.1287
10,clab-nebula-serf72,20,54,144,51,93,3,0.3542,0.9444,0.3469
10,clab-nebula-serf141,20,14,18,13,5,1,0.7222,0.9286,0.6842
10,clab-nebula-serf25,20,28,152,26,126,2,0.1711,0.9286,0.1688
10,clab-nebula-serf50,20,41,86,39,47,2,0.4535,0.9512,0.4432
10,clab-nebula-serf51,20,64,142,60,82,4,0.4225,0.9375,0.411
10,clab-nebula-serf66,20,44,128,41,87,3,0.3203,0.9318,0.313
10,clab-nebula-serf86,20,29,124,27,97,2,0.2177,0.931,0.2143
10,clab-nebula-serf90,20,49,135,46,89,3,0.3407,0.9388,0.3333
10,clab-nebula-serf143,20,2,4,1,3,1,0.25,0.5,0.2
10,clab-nebula-serf7,20,33,88,31,57,2,0.3523,0.9394,0.3444
10,clab-nebula-serf37,20,65,142,61,81,4,0.4296,0.9385,0.4178
10,clab-nebula-serf43,20,27,47,25,22,2,0.5319,0.9259,0.5102
10,clab-nebula-serf58,20,79,146,75,71,4,0.5137,0.9494,0.5
10,clab-nebula-serf61,20,79,146,75,71,4,0.5137,0.9494,0.5
10,clab-nebula-serf112,20,0,0,0,0,0,1.0,1.0,1.0
10,clab-nebula-serf15,20,68,142,64,78,4,0.4507,0.9412,0.4384
10,clab-nebula-serf16,20,69,142,65,77,4,0.4577,0.942,0.4452
10,clab-nebula-serf77,20,67,137,63,74,4,0.4599,0.9403,0.4468
10,clab-nebula-serf121,20,15,82,14,68,1,0.1707,0.9333,0.1687
10,clab-nebula-serf140,20,13,18,12,6,1,0.6667,0.9231,0.6316
10,clab-nebula-serf148,20,6,125,5,120,1,0.04,0.8333,0.0397
10,clab-nebula-serf154,20,9,125,8,117,1,0.064,0.8889,0.0635
10,clab-nebula-serf156,20,12,125,11,114,1,0.088,0.9167,0.0873
10,clab-nebula-serf23,20,11,141,10,131,1,0.0709,0.9091,0.0704
10,clab-nebula-serf39,20,81,142,77,65,4,0.5423,0.9506,0.5274
10,clab-nebula-serf62,20,48,139,45,94,3,0.3237,0.9375,0.3169
10,clab-nebula-serf107,20,15,39,14,25,1,0.359,0.9333,0.35
10,clab-nebula-serf115,20,0,0,0,0,0,1.0,1.0,1.0
10,clab-nebula-serf151,20,11,125,10,115,1,0.08,0.9091,0.0794
10,clab-nebula-serf158,20,8,12,7,5,1,0.5833,0.875,0.5385
10,clab-nebula-serf28,20,4,107,3,104,1,0.028,0.75,0.0278
10,clab-nebula-serf29,20,14,107,13,94,1,0.1215,0.9286,0.1204
10,clab-nebula-serf130,25,14,18,13,5,1,0.7222,0.9286,0.6842
10,clab-nebula-serf161,25,22,157,20,137,2,0.1274,0.9091,0.1258
10,clab-nebula-serf32,25,88,150,83,67,5,0.5533,0.9432,0.5355
10,clab-nebula-serf63,25,64,142,60,82,4,0.4225,0.9375,0.411
10,clab-nebula-serf45,25,80,143,76,67,4,0.5315,0.95,0.517
10,clab-nebula-serf49,25,84,144,79,65,5,0.5486,0.9405,0.5302
10,clab-nebula-serf83,25,50,135,47,88,3,0.3481,0.94,0.3406
10,clab-nebula-serf91,25,81,142,77,65,4,0.5423,0.9506,0.5274
10,clab-nebula-serf136,25,18,21,17,4,1,0.8095,0.9444,0.7727
10,clab-nebula-serf146,25,8,17,7,10,1,0.4118,0.875,0.3889
10,clab-nebula-serf12,25,71,142,67,75,4,0.4718,0.9437,0.4589
10,clab-nebula-serf19,25,73,142,69,73,4,0.4859,0.9452,0.4726
10,clab-nebula-serf80,25,84,137,79,58,5,0.5766,0.9405,0.5563
10,clab-nebula-serf111,25,73,130,69,61,4,0.5308,0.9452,0.5149
10,clab-nebula-serf109,25,87,131,82,49,5,0.626,0.9425,0.6029
10,clab-nebula-serf147,25,14,125,13,112,1,0.104,0.9286,0.1032
10,clab-nebula-serf4,25,23,26,21,5,2,0.8077,0.913,0.75
10,clab-nebula-serf100,25,25,129,23,106,2,0.1783,0.92,0.1756
10,clab-nebula-serf75,25,76,138,72,66,4,0.5217,0.9474,0.507
10,clab-nebula-serf89,25,41,134,39,95,2,0.291,0.9512,0.2868
10,clab-nebula-serf101,25,22,115,20,95,2,0.1739,0.9091,0.1709
10,clab-nebula-serf105,25,54,120,51,69,3,0.425,0.9444,0.4146
10,clab-nebula-serf65,25,62,123,58,65,4,0.4715,0.9355,0.4567
10,clab-nebula-serf68,25,79,138,75,63,4,0.5435,0.9494,0.5282
10,clab-nebula-serf94,25,81,142,77,65,4,0.5423,0.9506,0.5274
10,clab-nebula-serf103,25,27,129,25,104,2,0.1938,0.9259,0.1908
10,clab-nebula-serf117,25,1,3,1,2,0,0.3333,1.0,0.3333
10,clab-nebula-serf127,25,60,158,57,101,3,0.3608,0.95,0.354
10,clab-nebula-serf129,25,17,72,16,56,1,0.2222,0.9412,0.2192
10,clab-nebula-serf155,25,14,125,13,112,1,0.104,0.9286,0.1032
10,clab-nebula-serf3,25,22,26,20,6,2,0.7692,0.9091,0.7143
10,clab-nebula-serf14,25,70,142,66,76,4,0.4648,0.9429,0.4521
10,clab-nebula-serf142,25,7,6,6,0,1,1.0,0.8571,0.8571
10,clab-nebula-serf96,25,20,115,19,96,1,0.1652,0.95,0.1638
10,clab-nebula-serf116,25,0,0,0,0,0,1.0,1.0,1.0
10,clab-nebula-serf56,25,97,148,92,56,5,0.6216,0.9485,0.6013
10,clab-nebula-serf59,25,99,148,94,54,5,0.6351,0.9495,0.6144
10,clab-nebula-serf70,25,87,148,82,66,5,0.5541,0.9425,0.5359
10,clab-nebula-serf81,25,90,137,85,52,5,0.6204,0.9444,0.5986
10,clab-nebula-serf95,25,80,142,76,66,4,0.5352,0.95,0.5205
10,clab-nebula-serf114,25,25,139,23,116,2,0.1655,0.92,0.1631
10,clab-nebula-serf9,25,71,145,67,78,4,0.4621,0.9437,0.4497
10,clab-nebula-serf17,25,85,146,80,66,5,0.5479,0.9412,0.5298
10,clab-nebula-serf139,25,21,25,20,5,1,0.8,0.9524,0.7692
10,clab-nebula-serf52,25,88,148,83,65,5,0.5608,0.9432,0.5425
10,clab-nebula-serf71,25,83,137,78,59,5,0.5693,0.9398,0.5493
10,clab-nebula-serf26,25,87,150,82,68,5,0.5467,0.9425,0.529
10,clab-nebula-serf34,25,85,147,80,67,5,0.5442,0.9412,0.5263
10,clab-nebula-serf126,25,59,158,56,102,3,0.3544,0.9492,0.3478
10,clab-nebula-serf36,25,79,146,75,71,4,0.5137,0.9494,0.5
10,clab-nebula-serf82,25,0,0,0,0,0,1.0,1.0,1.0
10,clab-nebula-serf85,25,57,135,54,81,3,0.4,0.9474,0.3913
10,clab-nebula-serf97,25,17,115,16,99,1,0.1391,0.9412,0.1379
10,clab-nebula-serf99,25,24,129,22,107,2,0.1705,0.9167,0.1679
10,clab-nebula-serf124,25,29,82,27,55,2,0.3293,0.931,0.3214
10,clab-nebula-serf157,25,16,160,15,145,1,0.0938,0.9375,0.0932
10,clab-nebula-serf159,25,16,160,15,145,1,0.0938,0.9375,0.0932
10,clab-nebula-serf1,25,37,88,35,53,2,0.3977,0.9459,0.3889
10,clab-nebula-serf33,25,90,149,85,64,5,0.5705,0.9444,0.5519
10,clab-nebula-serf123,25,42,119,39,80,3,0.3277,0.9286,0.3197
10,clab-nebula-serf135,25,15,20,14,6,1,0.7,0.9333,0.6667
10,clab-nebula-serf13,25,76,144,72,72,4,0.5,0.9474,0.4865
10,clab-nebula-serf47,25,82,142,77,65,5,0.5423,0.939,0.5238
10,clab-nebula-serf84,25,35,124,33,91,2,0.2661,0.9429,0.2619
10,clab-nebula-serf92,25,77,138,73,65,4,0.529,0.9481,0.5141
10,clab-nebula-serf106,25,27,79,25,54,2,0.3165,0.9259,0.3086
10,clab-nebula-serf108,25,46,118,43,75,3,0.3644,0.9348,0.3554
10,clab-nebula-serf119,25,3,2,2,0,1,1.0,0.6667,0.6667
10,clab-nebula-serf125,25,58,158,55,103,3,0.3481,0.9483,0.3416
10,clab-nebula-serf54,25,83,146,78,68,5,0.5342,0.9398,0.5166
10,clab-nebula-serf57,25,90,148,85,63,5,0.5743,0.9444,0.5556
10,clab-nebula-serf24,25,29,141,27,114,2,0.1915,0.931,0.1888
10,clab-nebula-serf42,25,38,92,36,56,2,0.3913,0.9474,0.383
10,clab-nebula-serf48,25,79,143,75,68,4,0.5245,0.9494,0.5102
10,clab-nebula-serf2,25,19,24,18,6,1,0.75,0.9474,0.72
10,clab-nebula-serf21,25,56,99,53,46,3,0.5354,0.9464,0.5196
10,clab-nebula-serf67,25,76,138,72,66,4,0.5217,0.9474,0.507
10,clab-nebula-serf102,25,21,116,20,96,1,0.1724,0.9524,0.1709
10,clab-nebula-serf110,25,15,39,14,25,1,0.359,0.9333,0.35
10,clab-nebula-serf132,25,23,38,21,17,2,0.5526,0.913,0.525
10,clab-nebula-serf134,25,16,19,15,4,1,0.7895,0.9375,0.75
10,clab-nebula-serf137,25,20,25,19,6,1,0.76,0.95,0.7308
10,clab-nebula-serf10,25,71,142,67,75,4,0.4718,0.9437,0.4589
10,clab-nebula-serf46,25,54,98,51,47,3,0.5204,0.9444,0.505
10,clab-nebula-serf74,25,82,137,77,60,5,0.562,0.939,0.5423
10,clab-nebula-serf76,25,89,137,84,53,5,0.6131,0.9438,0.5915
10,clab-nebula-serf149,25,17,125,16,109,1,0.128,0.9412,0.127
10,clab-nebula-serf20,25,46,156,43,113,3,0.2756,0.9348,0.2704
10,clab-nebula-serf22,25,41,48,39,9,2,0.8125,0.9512,0.78
10,clab-nebula-serf160,25,25,157,23,134,2,0.1465,0.92,0.1447
10,clab-nebula-serf31,25,80,148,76,72,4,0.5135,0.95,0.5
10,clab-nebula-serf93,25,83,137,78,59,5,0.5693,0.9398,0.5493
10,clab-nebula-serf122,25,22,81,20,61,2,0.2469,0.9091,0.241
10,clab-nebula-serf38,25,82,145,77,68,5,0.531,0.939,0.5133
10,clab-nebula-serf55,25,83,146,78,68,5,0.5342,0.9398,0.5166
10,clab-nebula-serf79,25,96,138,91,47,5,0.6594,0.9479,0.6364
10,clab-nebula-serf113,25,28,139,26,113,2,0.1871,0.9286,0.1844
10,clab-nebula-serf120,25,2,1,1,0,1,1.0,0.5,0.5
10,clab-nebula-serf128,25,48,118,45,73,3,0.3814,0.9375,0.3719
10,clab-nebula-serf8,25,44,98,41,57,3,0.4184,0.9318,0.4059
10,clab-nebula-serf27,25,24,157,22,135,2,0.1401,0.9167,0.1384
10,clab-nebula-serf78,25,80,138,76,62,4,0.5507,0.95,0.5352
10,clab-nebula-serf104,25,54,120,51,69,3,0.425,0.9444,0.4146
10,clab-nebula-serf133,25,16,21,15,6,1,0.7143,0.9375,0.6818
10,clab-nebula-serf64,25,46,144,43,101,3,0.2986,0.9348,0.2925
10,clab-nebula-serf73,25,89,137,84,53,5,0.6131,0.9438,0.5915
10,clab-nebula-serf118,25,2,1,1,0,1,1.0,0.5,0.5
10,clab-nebula-serf5,25,19,24,18,6,1,0.75,0.9474,0.72
10,clab-nebula-serf87,25,49,136,46,90,3,0.3382,0.9388,0.3309
10,clab-nebula-serf88,25,42,133,39,94,3,0.2932,0.9286,0.2868
10,clab-nebula-serf153,25,12,125,11,114,1,0.088,0.9167,0.0873
10,clab-nebula-serf53,25,81,146,77,69,4,0.5274,0.9506,0.5133
10,clab-nebula-serf69,25,84,137,79,58,5,0.5766,0.9405,0.5563
10,clab-nebula-serf60,25,87,148,82,66,5,0.5541,0.9425,0.5359
10,clab-nebula-serf145,25,7,6,6,0,1,1.0,0.8571,0.8571
10,clab-nebula-serf6,25,68,142,64,78,4,0.4507,0.9412,0.4384
10,clab-nebula-serf11,25,82,148,77,71,5,0.5203,0.939,0.5033
10,clab-nebula-serf98,25,14,115,13,102,1,0.113,0.9286,0.1121
10,clab-nebula-serf138,25,14,18,13,5,1,0.7222,0.9286,0.6842
10,clab-nebula-serf150,25,17,125,16,109,1,0.128,0.9412,0.127
10,clab-nebula-serf18,25,75,142,71,71,4,0.5,0.9467,0.4863
10,clab-nebula-serf30,25,81,146,77,69,4,0.5274,0.9506,0.5133
10,clab-nebula-serf44,25,81,143,77,66,4,0.5385,0.9506,0.5238
10,clab-nebula-serf131,25,18,21,17,4,1,0.8095,0.9444,0.7727
10,clab-nebula-serf35,25,63,142,59,83,4,0.4155,0.9365,0.4041
10,clab-nebula-serf40,25,71,142,67,75,4,0.4718,0.9437,0.4589
10,clab-nebula-serf144,25,23,149,21,128,2,0.1409,0.913,0.1391
10,clab-nebula-serf152,25,24,138,22,116,2,0.1594,0.9167,0.1571
10,clab-nebula-serf162,25,5,4,4,0,1,1.0,0.8,0.8
10,clab-nebula-serf41,25,40,96,38,58,2,0.3958,0.95,0.3878
10,clab-nebula-serf72,25,84,137,79,58,5,0.5766,0.9405,0.5563
10,clab-nebula-serf141,25,14,18,13,5,1,0.7222,0.9286,0.6842
10,clab-nebula-serf25,25,44,83,41,42,3,0.494,0.9318,0.4767
10,clab-nebula-serf50,25,81,143,77,66,4,0.5385,0.9506,0.5238
10,clab-nebula-serf51,25,83,146,78,68,5,0.5342,0.9398,0.5166
10,clab-nebula-serf66,25,79,138,75,63,4,0.5435,0.9494,0.5282
10,clab-nebula-serf86,25,56,136,53,83,3,0.3897,0.9464,0.3813
10,clab-nebula-serf90,25,78,142,74,68,4,0.5211,0.9487,0.5068
10,clab-nebula-serf143,25,7,6,6,0,1,1.0,0.8571,0.8571
10,clab-nebula-serf7,25,67,142,63,79,4,0.4437,0.9403,0.4315
10,clab-nebula-serf37,25,85,147,80,67,5,0.5442,0.9412,0.5263
10,clab-nebula-serf43,25,52,93,49,44,3,0.5269,0.9423,0.5104
10,clab-nebula-serf58,25,93,148,88,60,5,0.5946,0.9462,0.5752
10,clab-nebula-serf61,25,93,148,88,60,5,0.5946,0.9462,0.5752
10,clab-nebula-serf112,25,5,79,4,75,1,0.0506,0.8,0.05
10,clab-nebula-serf15,25,88,148,83,65,5,0.5608,0.9432,0.5425
10,clab-nebula-serf16,25,88,148,83,65,5,0.5608,0.9432,0.5425
10,clab-nebula-serf77,25,90,138,85,53,5,0.6159,0.9444,0.5944
10,clab-nebula-serf121,25,32,85,30,55,2,0.3529,0.9375,0.3448
10,clab-nebula-serf140,25,14,18,13,5,1,0.7222,0.9286,0.6842
10,clab-nebula-serf148,25,12,125,11,114,1,0.088,0.9167,0.0873
10,clab-nebula-serf154,25,12,125,11,114,1,0.088,0.9167,0.0873
10,clab-nebula-serf156,25,18,125,17,108,1,0.136,0.9444,0.1349
10,clab-nebula-serf23,25,22,156,20,136,2,0.1282,0.9091,0.1266
10,clab-nebula-serf39,25,90,142,85,57,5,0.5986,0.9444,0.5782
10,clab-nebula-serf62,25,73,144,69,75,4,0.4792,0.9452,0.4662
10,clab-nebula-serf107,25,40,119,38,81,2,0.3193,0.95,0.314
10,clab-nebula-serf115,25,0,0,0,0,0,1.0,1.0,1.0
10,clab-nebula-serf151,25,13,125,12,113,1,0.096,0.9231,0.0952
10,clab-nebula-serf158,25,16,160,15,145,1,0.0938,0.9375,0.0932
10,clab-nebula-serf28,25,7,107,6,101,1,0.0561,0.8571,0.0556
10,clab-nebula-serf29,25,23,111,21,90,2,0.1892,0.913,0.1858
10,clab-nebula-serf130,30,24,38,22,16,2,0.5789,0.9167,0.55
10,clab-nebula-serf161,30,36,159,34,125,2,0.2138,0.9444,0.2112
10,clab-nebula-serf32,30,95,150,90,60,5,0.6,0.9474,0.5806
10,clab-nebula-serf63,30,84,146,79,67,5,0.5411,0.9405,0.5232
10,clab-nebula-serf45,30,90,148,85,63,5,0.5743,0.9444,0.5556
10,clab-nebula-serf49,30,106,149,100,49,6,0.6711,0.9434,0.6452
10,clab-nebula-serf83,30,79,142,75,67,4,0.5282,0.9494,0.5137
10,clab-nebula-serf91,30,112,143,106,37,6,0.7413,0.9464,0.7114
10,clab-nebula-serf136,30,28,83,26,57,2,0.3133,0.9286,0.3059
10,clab-nebula-serf146,30,16,68,15,53,1,0.2206,0.9375,0.2174
10,clab-nebula-serf12,30,88,148,83,65,5,0.5608,0.9432,0.5425
10,clab-nebula-serf19,30,90,148,85,63,5,0.5743,0.9444,0.5556
10,clab-nebula-serf80,30,110,137,104,33,6,0.7591,0.9455,0.7273
10,clab-nebula-serf111,30,111,146,105,41,6,0.7192,0.9459,0.6908
10,clab-nebula-serf109,30,130,152,123,29,7,0.8092,0.9462,0.7736
10,clab-nebula-serf147,30,27,138,25,113,2,0.1812,0.9259,0.1786
10,clab-nebula-serf4,30,47,99,44,55,3,0.4444,0.9362,0.4314
10,clab-nebula-serf100,30,59,142,56,86,3,0.3944,0.9492,0.3862
10,clab-nebula-serf75,30,100,138,95,43,5,0.6884,0.95,0.6643
10,clab-nebula-serf89,30,71,145,67,78,4,0.4621,0.9437,0.4497
10,clab-nebula-serf101,30,47,130,44,86,3,0.3385,0.9362,0.3308
10,clab-nebula-serf105,30,86,130,81,49,5,0.6231,0.9419,0.6
10,clab-nebula-serf65,30,95,138,90,48,5,0.6522,0.9474,0.6294
10,clab-nebula-serf68,30,103,137,97,40,6,0.708,0.9417,0.6783
10,clab-nebula-serf94,30,105,141,99,42,6,0.7021,0.9429,0.6735
10,clab-nebula-serf103,30,63,141,59,82,4,0.4184,0.9365,0.4069
10,clab-nebula-serf117,30,3,2,2,0,1,1.0,0.6667,0.6667
10,clab-nebula-serf127,30,92,156,87,69,5,0.5577,0.9457,0.5404
10,clab-nebula-serf129,30,42,118,39,79,3,0.3305,0.9286,0.3223
10,clab-nebula-serf155,30,24,138,22,116,2,0.1594,0.9167,0.1571
10,clab-nebula-serf3,30,50,150,47,103,3,0.3133,0.94,0.3072
10,clab-nebula-serf14,30,88,148,83,65,5,0.5608,0.9432,0.5425
10,clab-nebula-serf142,30,14,69,13,56,1,0.1884,0.9286,0.1857
10,clab-nebula-serf96,30,41,130,39,91,2,0.3,0.9512,0.2955
10,clab-nebula-serf116,30,0,0,0,0,0,1.0,1.0,1.0
10,clab-nebula-serf56,30,118,148,112,36,6,0.7568,0.9492,0.7273
10,clab-nebula-serf59,30,119,148,113,35,6,0.7635,0.9496,0.7338
10,clab-nebula-serf70,30,110,147,104,43,6,0.7075,0.9455,0.6797
10,clab-nebula-serf81,30,114,141,108,33,6,0.766,0.9474,0.7347
10,clab-nebula-serf95,30,104,141,98,43,6,0.695,0.9423,0.6667
10,clab-nebula-serf114,30,53,141,50,91,3,0.3546,0.9434,0.3472
10,clab-nebula-serf9,30,87,148,82,66,5,0.5541,0.9425,0.5359
10,clab-nebula-serf17,30,96,148,91,57,5,0.6149,0.9479,0.5948
10,clab-nebula-serf139,30,31,157,29,128,2,0.1847,0.9355,0.1824
10,clab-nebula-serf52,30,106,148,100,48,6,0.6757,0.9434,0.6494
10,clab-nebula-serf71,30,107,137,101,36,6,0.7372,0.9439,0.7063
10,clab-nebula-serf26,30,94,150,89,61,5,0.5933,0.9468,0.5742
10,clab-nebula-serf34,30,95,149,90,59,5,0.604,0.9474,0.5844
10,clab-nebula-serf126,30,92,156,87,69,5,0.5577,0.9457,0.5404
10,clab-nebula-serf36,30,92,149,87,62,5,0.5839,0.9457,0.5649
10,clab-nebula-serf82,30,0,0,0,0,0,1.0,1.0,1.0
10,clab-nebula-serf85,30,82,141,77,64,5,0.5461,0.939,0.5274
10,clab-nebula-serf97,30,41,130,39,91,2,0.3,0.9512,0.2955
10,clab-nebula-serf99,30,52,141,49,92,3,0.3475,0.9423,0.3403
10,clab-nebula-serf124,30,81,157,77,80,4,0.4904,0.9506,0.4783
10,clab-nebula-serf157,30,35,159,33,126,2,0.2075,0.9429,0.205
10,clab-nebula-serf159,30,35,159,33,126,2,0.2075,0.9429,0.205
10,clab-nebula-serf1,30,74,149,70,79,4,0.4698,0.9459,0.4575
10,clab-nebula-serf33,30,105,149,99,50,6,0.6644,0.9429,0.6387
10,clab-nebula-serf123,30,89,154,84,70,5,0.5455,0.9438,0.5283
10,clab-nebula-serf135,30,25,31,23,8,2,0.7419,0.92,0.697
10,clab-nebula-serf13,30,92,148,87,61,5,0.5878,0.9457,0.5686
10,clab-nebula-serf47,30,100,150,95,55,5,0.6333,0.95,0.6129
10,clab-nebula-serf84,30,57,135,54,81,3,0.4,0.9474,0.3913
10,clab-nebula-serf92,30,103,137,97,40,6,0.708,0.9417,0.6783
10,clab-nebula-serf106,30,55,120,52,68,3,0.4333,0.9455,0.4228
10,clab-nebula-serf108,30,73,130,69,61,4,0.5308,0.9452,0.5149
10,clab-nebula-serf119,30,3,2,2,0,1,1.0,0.6667,0.6667
10,clab-nebula-serf125,30,84,156,79,77,5,0.5064,0.9405,0.4907
10,clab-nebula-serf54,30,99,149,94,55,5,0.6309,0.9495,0.6104
10,clab-nebula-serf57,30,113,148,107,41,6,0.723,0.9469,0.6948
10,clab-nebula-serf24,30,48,152,45,107,3,0.2961,0.9375,0.2903
10,clab-nebula-serf42,30,71,142,67,75,4,0.4718,0.9437,0.4589
10,clab-nebula-serf48,30,88,146,83,63,5,0.5685,0.9432,0.5497
10,clab-nebula-serf2,30,32,74,30,44,2,0.4054,0.9375,0.3947
10,clab-nebula-serf21,30,84,148,79,69,5,0.5338,0.9405,0.5163
10,clab-nebula-serf67,30,98,138,93,45,5,0.6739,0.949,0.6503
10,clab-nebula-serf102,30,40,130,38,92,2,0.2923,0.95,0.2879
10,clab-nebula-serf110,30,37,119,35,84,2,0.2941,0.9459,0.2893
10,clab-nebula-serf132,30,37,159,35,124,2,0.2201,0.9459,0.2174
10,clab-nebula-serf134,30,26,105,24,81,2,0.2286,0.9231,0.2243
10,clab-nebula-serf137,30,26,105,24,81,2,0.2286,0.9231,0.2243
10,clab-nebula-serf10,30,88,148,83,65,5,0.5608,0.9432,0.5425
10,clab-nebula-serf46,30,81,143,77,66,4,0.5385,0.9506,0.5238
10,clab-nebula-serf74,30,106,137,100,37,6,0.7299,0.9434,0.6993
10,clab-nebula-serf76,30,111,138,105,33,6,0.7609,0.9459,0.7292
10,clab-nebula-serf149,30,25,136,23,113,2,0.1691,0.92,0.1667
10,clab-nebula-serf20,30,80,149,76,73,4,0.5101,0.95,0.4967
10,clab-nebula-serf22,30,76,145,72,73,4,0.4966,0.9474,0.4832
10,clab-nebula-serf160,30,37,159,35,124,2,0.2201,0.9459,0.2174
10,clab-nebula-serf31,30,93,150,88,62,5,0.5867,0.9462,0.5677
10,clab-nebula-serf93,30,110,141,104,37,6,0.7376,0.9455,0.7075
10,clab-nebula-serf122,30,61,123,58,65,3,0.4715,0.9508,0.4603
10,clab-nebula-serf38,30,92,149,87,62,5,0.5839,0.9457,0.5649
10,clab-nebula-serf55,30,96,148,91,57,5,0.6149,0.9479,0.5948
10,clab-nebula-serf79,30,116,141,110,31,6,0.7801,0.9483,0.7483
10,clab-nebula-serf113,30,65,142,61,81,4,0.4296,0.9385,0.4178
10,clab-nebula-serf120,30,3,2,2,0,1,1.0,0.6667,0.6667
10,clab-nebula-serf128,30,73,130,69,61,4,0.5308,0.9452,0.5149
10,clab-nebula-serf8,30,76,146,72,74,4,0.4932,0.9474,0.48
10,clab-nebula-serf27,30,38,157,36,121,2,0.2293,0.9474,0.2264
10,clab-nebula-serf78,30,102,137,96,41,6,0.7007,0.9412,0.6713
10,clab-nebula-serf104,30,87,131,82,49,5,0.626,0.9425,0.6029
10,clab-nebula-serf133,30,26,105,24,81,2,0.2286,0.9231,0.2243
10,clab-nebula-serf64,30,69,146,65,81,4,0.4452,0.942,0.4333
10,clab-nebula-serf73,30,113,141,107,34,6,0.7589,0.9469,0.7279
10,clab-nebula-serf118,30,3,2,2,0,1,1.0,0.6667,0.6667
10,clab-nebula-serf5,30,46,141,43,98,3,0.305,0.9348,0.2986
10,clab-nebula-serf87,30,80,147,76,71,4,0.517,0.95,0.5033
10,clab-nebula-serf88,30,72,145,68,77,4,0.469,0.9444,0.4564
10,clab-nebula-serf153,30,24,138,22,116,2,0.1594,0.9167,0.1571
10,clab-nebula-serf53,30,97,148,92,56,5,0.6216,0.9485,0.6013
10,clab-nebula-serf69,30,107,137,101,36,6,0.7372,0.9439,0.7063
10,clab-nebula-serf60,30,111,148,105,43,6,0.7095,0.9459,0.6818
10,clab-nebula-serf145,30,15,68,14,54,1,0.2059,0.9333,0.2029
10,clab-nebula-serf6,30,86,148,81,67,5,0.5473,0.9419,0.5294
10,clab-nebula-serf11,30,93,148,88,60,5,0.5946,0.9462,0.5752
10,clab-nebula-serf98,30,29,129,27,102,2,0.2093,0.931,0.2061
10,clab-nebula-serf138,30,26,105,24,81,2,0.2286,0.9231,0.2243
10,clab-nebula-serf150,30,23,138,21,117,2,0.1522,0.913,0.15
10,clab-nebula-serf18,30,90,148,85,63,5,0.5743,0.9444,0.5556
10,clab-nebula-serf30,30,93,150,88,62,5,0.5867,0.9462,0.5677
10,clab-nebula-serf44,30,99,150,94,56,5,0.6267,0.9495,0.6065
10,clab-nebula-serf131,30,29,155,27,128,2,0.1742,0.931,0.172
10,clab-nebula-serf35,30,85,147,80,67,5,0.5442,0.9412,0.5263
10,clab-nebula-serf40,30,87,148,82,66,5,0.5541,0.9425,0.5359
10,clab-nebula-serf144,30,55,158,52,106,3,0.3291,0.9455,0.323
10,clab-nebula-serf152,30,47,138,44,94,3,0.3188,0.9362,0.3121
10,clab-nebula-serf162,30,9,12,8,4,1,0.6667,0.8889,0.6154
10,clab-nebula-serf41,30,74,142,70,72,4,0.493,0.9459,0.4795
10,clab-nebula-serf72,30,110,137,104,33,6,0.7591,0.9455,0.7273
10,clab-nebula-serf141,30,26,105,24,81,2,0.2286,0.9231,0.2243
10,clab-nebula-serf25,30,81,146,77,69,4,0.5274,0.9506,0.5133
10,clab-nebula-serf50,30,93,148,88,60,5,0.5946,0.9462,0.5752
10,clab-nebula-serf51,30,97,148,92,56,5,0.6216,0.9485,0.6013
10,clab-nebula-serf66,30,106,137,100,37,6,0.7299,0.9434,0.6993
10,clab-nebula-serf86,30,85,146,80,66,5,0.5479,0.9412,0.5298
10,clab-nebula-serf90,30,101,142,96,46,5,0.6761,0.9505,0.6531
10,clab-nebula-serf143,30,13,69,12,57,1,0.1739,0.9231,0.1714
10,clab-nebula-serf7,30,86,148,81,67,5,0.5473,0.9419,0.5294
10,clab-nebula-serf37,30,96,150,91,59,5,0.6067,0.9479,0.5871
10,clab-nebula-serf43,30,82,142,77,65,5,0.5423,0.939,0.5238
10,clab-nebula-serf58,30,118,148,112,36,6,0.7568,0.9492,0.7273
10,clab-nebula-serf61,30,118,148,112,36,6,0.7568,0.9492,0.7273
10,clab-nebula-serf112,30,18,79,17,62,1,0.2152,0.9444,0.2125
10,clab-nebula-serf15,30,100,149,95,54,5,0.6376,0.95,0.6169
10,clab-nebula-serf16,30,101,149,96,53,5,0.6443,0.9505,0.6234
10,clab-nebula-serf77,30,113,141,107,34,6,0.7589,0.9469,0.7279
10,clab-nebula-serf121,30,81,157,77,80,4,0.4904,0.9506,0.4783
10,clab-nebula-serf140,30,25,38,23,15,2,0.6053,0.92,0.575
10,clab-nebula-serf148,30,22,138,20,118,2,0.1449,0.9091,0.1429
10,clab-nebula-serf154,30,23,138,21,117,2,0.1522,0.913,0.15
10,clab-nebula-serf156,30,33,139,31,108,2,0.223,0.9394,0.2199
10,clab-nebula-serf23,30,39,64,37,27,2,0.5781,0.9487,0.5606
10,clab-nebula-serf39,30,106,145,100,45,6,0.6897,0.9434,0.6623
10,clab-nebula-serf62,30,88,148,83,65,5,0.5608,0.9432,0.5425
10,clab-nebula-serf107,30,71,130,67,63,4,0.5154,0.9437,0.5
10,clab-nebula-serf115,30,0,0,0,0,0,1.0,1.0,1.0
10,clab-nebula-serf151,30,23,138,21,117,2,0.1522,0.913,0.15
10,clab-nebula-serf158,30,34,159,32,127,2,0.2013,0.9412,0.1988
10,clab-nebula-serf28,30,19,110,18,92,1,0.1636,0.9474,0.1622
10,clab-nebula-serf29,30,39,134,37,97,2,0.2761,0.9487,0.2721
10,clab-nebula-serf130,35,41,159,39,120,2,0.2453,0.9512,0.2422
10,clab-nebula-serf161,35,42,158,39,119,3,0.2468,0.9286,0.2422
10,clab-nebula-serf32,35,108,149,102,47,6,0.6846,0.9444,0.6581
10,clab-nebula-serf63,35,103,148,97,51,6,0.6554,0.9417,0.6299
10,clab-nebula-serf45,35,118,149,112,37,6,0.7517,0.9492,0.7226
10,clab-nebula-serf49,35,121,149,115,34,6,0.7718,0.9504,0.7419
10,clab-nebula-serf83,35,109,145,103,42,6,0.7103,0.945,0.6821
10,clab-nebula-serf91,35,119,145,113,32,6,0.7793,0.9496,0.7483
10,clab-nebula-serf136,35,45,158,42,116,3,0.2658,0.9333,0.2609
10,clab-nebula-serf146,35,44,158,41,117,3,0.2595,0.9318,0.2547
10,clab-nebula-serf12,35,102,148,96,52,6,0.6486,0.9412,0.6234
10,clab-nebula-serf19,35,105,148,99,49,6,0.6689,0.9429,0.6429
10,clab-nebula-serf80,35,120,142,114,28,6,0.8028,0.95,0.7703
10,clab-nebula-serf111,35,145,151,137,14,8,0.9073,0.9448,0.8616
10,clab-nebula-serf109,35,145,151,137,14,8,0.9073,0.9448,0.8616
10,clab-nebula-serf147,35,48,138,45,93,3,0.3261,0.9375,0.3191
10,clab-nebula-serf4,35,82,148,77,71,5,0.5203,0.939,0.5033
10,clab-nebula-serf100,35,89,146,84,62,5,0.5753,0.9438,0.5563
10,clab-nebula-serf75,35,115,141,109,32,6,0.773,0.9478,0.7415
10,clab-nebula-serf89,35,97,146,92,54,5,0.6301,0.9485,0.6093
10,clab-nebula-serf101,35,79,146,75,71,4,0.5137,0.9494,0.5
10,clab-nebula-serf105,35,123,152,116,36,7,0.7632,0.9431,0.7296
10,clab-nebula-serf65,35,115,138,109,29,6,0.7899,0.9478,0.7569
10,clab-nebula-serf68,35,116,141,110,31,6,0.7801,0.9483,0.7483
10,clab-nebula-serf94,35,119,145,113,32,6,0.7793,0.9496,0.7483
10,clab-nebula-serf103,35,102,146,96,50,6,0.6575,0.9412,0.6316
10,clab-nebula-serf117,35,3,2,2,0,1,1.0,0.6667,0.6667
10,clab-nebula-serf127,35,122,154,115,39,7,0.7468,0.9426,0.7143
10,clab-nebula-serf129,35,71,130,67,63,4,0.5154,0.9437,0.5
10,clab-nebula-serf155,35,43,138,40,98,3,0.2899,0.9302,0.2837
10,clab-nebula-serf3,35,83,148,78,70,5,0.527,0.9398,0.5098
10,clab-nebula-serf14,35,102,148,96,52,6,0.6486,0.9412,0.6234
10,clab-nebula-serf142,35,30,155,28,127,2,0.1806,0.9333,0.1783
10,clab-nebula-serf96,35,77,146,73,73,4,0.5,0.9481,0.4867
10,clab-nebula-serf116,35,1,1,1,0,0,1.0,1.0,1.0
10,clab-nebula-serf56,35,121,149,115,34,6,0.7718,0.9504,0.7419
10,clab-nebula-serf59,35,124,148,117,31,7,0.7905,0.9435,0.7548
10,clab-nebula-serf70,35,119,148,113,35,6,0.7635,0.9496,0.7338
10,clab-nebula-serf81,35,121,142,115,27,6,0.8099,0.9504,0.777
10,clab-nebula-serf95,35,119,145,113,32,6,0.7793,0.9496,0.7483
10,clab-nebula-serf114,35,92,142,87,55,5,0.6127,0.9457,0.5918
10,clab-nebula-serf9,35,101,149,96,53,5,0.6443,0.9505,0.6234
10,clab-nebula-serf17,35,116,148,110,38,6,0.7432,0.9483,0.7143
10,clab-nebula-serf139,35,45,158,42,116,3,0.2658,0.9333,0.2609
10,clab-nebula-serf52,35,119,148,113,35,6,0.7635,0.9496,0.7338
10,clab-nebula-serf71,35,119,142,113,29,6,0.7958,0.9496,0.7635
10,clab-nebula-serf26,35,108,149,102,47,6,0.6846,0.9444,0.6581
10,clab-nebula-serf34,35,112,149,106,43,6,0.7114,0.9464,0.6839
10,clab-nebula-serf126,35,121,155,115,40,6,0.7419,0.9504,0.7143
10,clab-nebula-serf36,35,108,148,102,46,6,0.6892,0.9444,0.6623
10,clab-nebula-serf82,35,16,104,15,89,1,0.1442,0.9375,0.1429
10,clab-nebula-serf85,35,111,145,105,40,6,0.7241,0.9459,0.6954
10,clab-nebula-serf97,35,80,146,76,70,4,0.5205,0.95,0.5067
10,clab-nebula-serf99,35,82,146,77,69,5,0.5274,0.939,0.5099
10,clab-nebula-serf124,35,114,155,108,47,6,0.6968,0.9474,0.6708
10,clab-nebula-serf157,35,40,159,38,121,2,0.239,0.95,0.236
10,clab-nebula-serf159,35,40,159,38,121,2,0.239,0.95,0.236
10,clab-nebula-serf1,35,91,149,86,63,5,0.5772,0.9451,0.5584
10,clab-nebula-serf33,35,119,149,113,36,6,0.7584,0.9496,0.729
10,clab-nebula-serf123,35,128,152,121,31,7,0.7961,0.9453,0.761
10,clab-nebula-serf135,35,42,158,39,119,3,0.2468,0.9286,0.2422
10,clab-nebula-serf13,35,110,148,104,44,6,0.7027,0.9455,0.6753
10,clab-nebula-serf47,35,120,149,114,35,6,0.7651,0.95,0.7355
10,clab-nebula-serf84,35,81,142,77,65,4,0.5423,0.9506,0.5274
10,clab-nebula-serf92,35,118,142,112,30,6,0.7887,0.9492,0.7568
10,clab-nebula-serf106,35,86,130,81,49,5,0.6231,0.9419,0.6
10,clab-nebula-serf108,35,122,151,115,36,7,0.7616,0.9426,0.7278
10,clab-nebula-serf119,35,3,2,2,0,1,1.0,0.6667,0.6667
10,clab-nebula-serf125,35,112,155,106,49,6,0.6839,0.9464,0.6584
10,clab-nebula-serf54,35,119,148,113,35,6,0.7635,0.9496,0.7338
10,clab-nebula-serf57,35,121,149,115,34,6,0.7718,0.9504,0.7419
10,clab-nebula-serf24,35,83,148,78,70,5,0.527,0.9398,0.5098
10,clab-nebula-serf42,35,88,148,83,65,5,0.5608,0.9432,0.5425
10,clab-nebula-serf48,35,114,149,108,41,6,0.7248,0.9474,0.6968
10,clab-nebula-serf2,35,67,145,63,82,4,0.4345,0.9403,0.4228
10,clab-nebula-serf21,35,94,150,89,61,5,0.5933,0.9468,0.5742
10,clab-nebula-serf67,35,115,141,109,32,6,0.773,0.9478,0.7415
10,clab-nebula-serf102,35,76,145,72,73,4,0.4966,0.9474,0.4832
10,clab-nebula-serf110,35,69,130,65,65,4,0.5,0.942,0.4851
10,clab-nebula-serf132,35,48,158,45,113,3,0.2848,0.9375,0.2795
10,clab-nebula-serf134,35,43,158,40,118,3,0.2532,0.9302,0.2484
10,clab-nebula-serf137,35,44,158,41,117,3,0.2595,0.9318,0.2547
10,clab-nebula-serf10,35,103,148,97,51,6,0.6554,0.9417,0.6299
10,clab-nebula-serf46,35,100,150,95,55,5,0.6333,0.95,0.6129
10,clab-nebula-serf74,35,117,141,111,30,6,0.7872,0.9487,0.7551
10,clab-nebula-serf76,35,121,142,115,27,6,0.8099,0.9504,0.777
10,clab-nebula-serf149,35,48,138,45,93,3,0.3261,0.9375,0.3191
10,clab-nebula-serf20,35,93,150,88,62,5,0.5867,0.9462,0.5677
10,clab-nebula-serf22,35,93,150,88,62,5,0.5867,0.9462,0.5677
10,clab-nebula-serf160,35,43,158,40,118,3,0.2532,0.9302,0.2484
10,clab-nebula-serf31,35,102,149,96,53,6,0.6443,0.9412,0.6194
10,clab-nebula-serf93,35,119,142,113,29,6,0.7958,0.9496,0.7635
10,clab-nebula-serf122,35,106,155,100,55,6,0.6452,0.9434,0.6211
10,clab-nebula-serf38,35,107,149,101,48,6,0.6779,0.9439,0.6516
10,clab-nebula-serf55,35,119,148,113,35,6,0.7635,0.9496,0.7338
10,clab-nebula-serf79,35,121,142,115,27,6,0.8099,0.9504,0.777
10,clab-nebula-serf113,35,105,144,99,45,6,0.6875,0.9429,0.66
10,clab-nebula-serf120,35,3,2,2,0,1,1.0,0.6667,0.6667
10,clab-nebula-serf128,35,111,146,105,41,6,0.7192,0.9459,0.6908
10,clab-nebula-serf8,35,89,148,84,64,5,0.5676,0.9438,0.549
10,clab-nebula-serf27,35,75,149,71,78,4,0.4765,0.9467,0.4641
10,clab-nebula-serf78,35,118,142,112,30,6,0.7887,0.9492,0.7568
10,clab-nebula-serf104,35,130,152,123,29,7,0.8092,0.9462,0.7736
10,clab-nebula-serf133,35,44,158,41,117,3,0.2595,0.9318,0.2547
10,clab-nebula-serf64,35,100,148,95,53,5,0.6419,0.95,0.6209
10,clab-nebula-serf73,35,121,142,115,27,6,0.8099,0.9504,0.777
10,clab-nebula-serf118,35,3,2,2,0,1,1.0,0.6667,0.6667
10,clab-nebula-serf5,35,80,149,76,73,4,0.5101,0.95,0.4967
10,clab-nebula-serf87,35,108,145,102,43,6,0.7034,0.9444,0.6755
10,clab-nebula-serf88,35,100,146,95,51,5,0.6507,0.95,0.6291
10,clab-nebula-serf153,35,42,138,39,99,3,0.2826,0.9286,0.2766
10,clab-nebula-serf53,35,118,148,112,36,6,0.7568,0.9492,0.7273
10,clab-nebula-serf69,35,119,142,113,29,6,0.7958,0.9496,0.7635
10,clab-nebula-serf60,35,120,148,114,34,6,0.7703,0.95,0.7403
10,clab-nebula-serf145,35,37,156,35,121,2,0.2244,0.9459,0.2215
10,clab-nebula-serf6,35,98,149,93,56,5,0.6242,0.949,0.6039
10,clab-nebula-serf11,35,112,148,106,42,6,0.7162,0.9464,0.6883
10,clab-nebula-serf98,35,71,142,67,75,4,0.4718,0.9437,0.4589
10,clab-nebula-serf138,35,43,158,40,118,3,0.2532,0.9302,0.2484
10,clab-nebula-serf150,35,42,138,39,99,3,0.2826,0.9286,0.2766
10,clab-nebula-serf18,35,103,148,97,51,6,0.6554,0.9417,0.6299
10,clab-nebula-serf30,35,102,149,96,53,6,0.6443,0.9412,0.6194
10,clab-nebula-serf44,35,120,149,114,35,6,0.7651,0.95,0.7355
10,clab-nebula-serf131,35,45,158,42,116,3,0.2658,0.9333,0.2609
10,clab-nebula-serf35,35,95,149,90,59,5,0.604,0.9474,0.5844
10,clab-nebula-serf40,35,98,149,93,56,5,0.6242,0.949,0.6039
10,clab-nebula-serf144,35,60,158,57,101,3,0.3608,0.95,0.354
10,clab-nebula-serf152,35,60,138,57,81,3,0.413,0.95,0.4043
10,clab-nebula-serf162,35,20,159,19,140,1,0.1195,0.95,0.1187
10,clab-nebula-serf41,35,89,149,84,65,5,0.5638,0.9438,0.5455
10,clab-nebula-serf72,35,121,142,115,27,6,0.8099,0.9504,0.777
10,clab-nebula-serf141,35,43,158,40,118,3,0.2532,0.9302,0.2484
10,clab-nebula-serf25,35,93,150,88,62,5,0.5867,0.9462,0.5677
10,clab-nebula-serf50,35,118,149,112,37,6,0.7517,0.9492,0.7226
10,clab-nebula-serf51,35,118,148,112,36,6,0.7568,0.9492,0.7273
10,clab-nebula-serf66,35,116,141,110,31,6,0.7801,0.9483,0.7483
10,clab-nebula-serf86,35,115,145,109,36,6,0.7517,0.9478,0.7219
10,clab-nebula-serf90,35,119,145,113,32,6,0.7793,0.9496,0.7483
10,clab-nebula-serf143,35,32,155,30,125,2,0.1935,0.9375,0.1911
10,clab-nebula-serf7,35,99,149,94,55,5,0.6309,0.9495,0.6104
10,clab-nebula-serf37,35,111,149,105,44,6,0.7047,0.9459,0.6774
10,clab-nebula-serf43,35,98,150,93,57,5,0.62,0.949,0.6
10,clab-nebula-serf58,35,122,148,115,33,7,0.777,0.9426,0.7419
10,clab-nebula-serf61,35,121,149,115,34,6,0.7718,0.9504,0.7419
10,clab-nebula-serf112,35,34,83,32,51,2,0.3855,0.9412,0.3765
10,clab-nebula-serf15,35,117,148,111,37,6,0.75,0.9487,0.7208
10,clab-nebula-serf16,35,119,148,113,35,6,0.7635,0.9496,0.7338
10,clab-nebula-serf77,35,121,142,115,27,6,0.8099,0.9504,0.777
10,clab-nebula-serf121,35,121,155,115,40,6,0.7419,0.9504,0.7143
10,clab-nebula-serf140,35,39,159,37,122,2,0.2327,0.9487,0.2298
10,clab-nebula-serf148,35,38,139,36,103,2,0.259,0.9474,0.2553
10,clab-nebula-serf154,35,42,138,39,99,3,0.2826,0.9286,0.2766
10,clab-nebula-serf156,35,49,138,46,92,3,0.3333,0.9388,0.3262
10,clab-nebula-serf23,35,75,145,71,74,4,0.4897,0.9467,0.4765
10,clab-nebula-serf39,35,119,145,113,32,6,0.7793,0.9496,0.7483
10,clab-nebula-serf62,35,110,148,104,44,6,0.7027,0.9455,0.6753
10,clab-nebula-serf107,35,104,146,98,48,6,0.6712,0.9423,0.6447
10,clab-nebula-serf115,35,1,1,1,0,0,1.0,1.0,1.0
10,clab-nebula-serf151,35,43,138,40,98,3,0.2899,0.9302,0.2837
10,clab-nebula-serf158,35,40,159,38,121,2,0.239,0.95,0.236
10,clab-nebula-serf28,35,29,123,27,96,2,0.2195,0.931,0.216
10,clab-nebula-serf29,35,79,143,75,68,4,0.5245,0.9494,0.5102
10,clab-nebula-serf130,40,53,158,50,108,3,0.3165,0.9434,0.3106
10,clab-nebula-serf161,40,58,158,55,103,3,0.3481,0.9483,0.3416
10,clab-nebula-serf32,40,121,149,115,34,6,0.7718,0.9504,0.7419
10,clab-nebula-serf63,40,119,148,113,35,6,0.7635,0.9496,0.7338
10,clab-nebula-serf45,40,121,149,115,34,6,0.7718,0.9504,0.7419
10,clab-nebula-serf49,40,124,148,117,31,7,0.7905,0.9435,0.7548
10,clab-nebula-serf83,40,119,145,113,32,6,0.7793,0.9496,0.7483
10,clab-nebula-serf91,40,129,145,122,23,7,0.8414,0.9457,0.8026
10,clab-nebula-serf136,40,66,157,62,95,4,0.3949,0.9394,0.3851
10,clab-nebula-serf146,40,58,158,55,103,3,0.3481,0.9483,0.3416
10,clab-nebula-serf12,40,119,148,113,35,6,0.7635,0.9496,0.7338
10,clab-nebula-serf19,40,120,149,114,35,6,0.7651,0.95,0.7355
10,clab-nebula-serf80,40,127,142,120,22,7,0.8451,0.9449,0.8054
10,clab-nebula-serf111,40,150,151,142,9,8,0.9404,0.9467,0.8931
10,clab-nebula-serf109,40,153,151,145,6,8,0.9603,0.9477,0.9119
10,clab-nebula-serf147,40,59,138,56,82,3,0.4058,0.9492,0.3972
10,clab-nebula-serf4,40,92,149,87,62,5,0.5839,0.9457,0.5649
10,clab-nebula-serf100,40,137,146,130,16,7,0.8904,0.9489,0.8497
10,clab-nebula-serf75,40,122,141,115,26,7,0.8156,0.9426,0.777
10,clab-nebula-serf89,40,119,145,113,32,6,0.7793,0.9496,0.7483
10,clab-nebula-serf101,40,131,146,124,22,7,0.8493,0.9466,0.8105
10,clab-nebula-serf105,40,145,151,137,14,8,0.9073,0.9448,0.8616
10,clab-nebula-serf65,40,122,138,115,23,7,0.8333,0.9426,0.7931
10,clab-nebula-serf68,40,122,141,115,26,7,0.8156,0.9426,0.777
10,clab-nebula-serf94,40,129,145,122,23,7,0.8414,0.9457,0.8026
10,clab-nebula-serf103,40,140,146,133,13,7,0.911,0.95,0.8693
10,clab-nebula-serf117,40,3,2,2,0,1,1.0,0.6667,0.6667
10,clab-nebula-serf127,40,138,154,131,23,7,0.8506,0.9493,0.8137
10,clab-nebula-serf129,40,123,152,116,36,7,0.7632,0.9431,0.7296
10,clab-nebula-serf155,40,56,138,53,85,3,0.3841,0.9464,0.3759
10,clab-nebula-serf3,40,96,150,91,59,5,0.6067,0.9479,0.5871
10,clab-nebula-serf14,40,119,148,113,35,6,0.7635,0.9496,0.7338
10,clab-nebula-serf142,40,54,158,51,107,3,0.3228,0.9444,0.3168
10,clab-nebula-serf96,40,121,147,115,32,6,0.7823,0.9504,0.7516
10,clab-nebula-serf116,40,1,1,1,0,0,1.0,1.0,1.0
10,clab-nebula-serf56,40,125,148,118,30,7,0.7973,0.944,0.7613
10,clab-nebula-serf59,40,128,148,121,27,7,0.8176,0.9453,0.7806
10,clab-nebula-serf70,40,124,147,117,30,7,0.7959,0.9435,0.7597
10,clab-nebula-serf81,40,130,142,123,19,7,0.8662,0.9462,0.8255
10,clab-nebula-serf95,40,124,145,117,28,7,0.8069,0.9435,0.7697
10,clab-nebula-serf114,40,134,147,127,20,7,0.8639,0.9478,0.8247
10,clab-nebula-serf9,40,116,148,110,38,6,0.7432,0.9483,0.7143
10,clab-nebula-serf17,40,121,149,115,34,6,0.7718,0.9504,0.7419
10,clab-nebula-serf139,40,65,157,61,96,4,0.3885,0.9385,0.3789
10,clab-nebula-serf52,40,124,148,117,31,7,0.7905,0.9435,0.7548
10,clab-nebula-serf71,40,124,142,117,25,7,0.8239,0.9435,0.7852
10,clab-nebula-serf26,40,121,149,115,34,6,0.7718,0.9504,0.7419
10,clab-nebula-serf34,40,121,149,115,34,6,0.7718,0.9504,0.7419
10,clab-nebula-serf126,40,138,154,131,23,7,0.8506,0.9493,0.8137
10,clab-nebula-serf36,40,121,149,115,34,6,0.7718,0.9504,0.7419
10,clab-nebula-serf82,40,61,143,58,85,3,0.4056,0.9508,0.3973
10,clab-nebula-serf85,40,119,145,113,32,6,0.7793,0.9496,0.7483
10,clab-nebula-serf97,40,126,146,119,27,7,0.8151,0.9444,0.7778
10,clab-nebula-serf99,40,137,146,130,16,7,0.8904,0.9489,0.8497
10,clab-nebula-serf124,40,133,154,126,28,7,0.8182,0.9474,0.7826
10,clab-nebula-serf157,40,54,158,51,107,3,0.3228,0.9444,0.3168
10,clab-nebula-serf159,40,54,158,51,107,3,0.3228,0.9444,0.3168
10,clab-nebula-serf1,40,107,149,101,48,6,0.6779,0.9439,0.6516
10,clab-nebula-serf33,40,124,148,117,31,7,0.7905,0.9435,0.7548
10,clab-nebula-serf123,40,143,151,135,16,8,0.894,0.9441,0.8491
10,clab-nebula-serf135,40,54,158,51,107,3,0.3228,0.9444,0.3168
10,clab-nebula-serf13,40,120,149,114,35,6,0.7651,0.95,0.7355
10,clab-nebula-serf47,40,124,148,117,31,7,0.7905,0.9435,0.7548
10,clab-nebula-serf84,40,110,145,104,41,6,0.7172,0.9455,0.6887
10,clab-nebula-serf92,40,123,141,116,25,7,0.8227,0.9431,0.7838
10,clab-nebula-serf106,40,130,152,123,29,7,0.8092,0.9462,0.7736
10,clab-nebula-serf108,40,144,151,136,15,8,0.9007,0.9444,0.8553
10,clab-nebula-serf119,40,4,78,3,75,1,0.0385,0.75,0.038
10,clab-nebula-serf125,40,137,154,130,24,7,0.8442,0.9489,0.8075
10,clab-nebula-serf54,40,122,148,115,33,7,0.777,0.9426,0.7419
10,clab-nebula-serf57,40,124,148,117,31,7,0.7905,0.9435,0.7548
10,clab-nebula-serf24,40,93,150,88,62,5,0.5867,0.9462,0.5677
10,clab-nebula-serf42,40,101,150,96,54,5,0.64,0.9505,0.6194
10,clab-nebula-serf48,40,121,149,115,34,6,0.7718,0.9504,0.7419
10,clab-nebula-serf2,40,84,148,79,69,5,0.5338,0.9405,0.5163
10,clab-nebula-serf21,40,107,149,101,48,6,0.6779,0.9439,0.6516
10,clab-nebula-serf67,40,122,141,115,26,7,0.8156,0.9426,0.777
10,clab-nebula-serf102,40,124,146,117,29,7,0.8014,0.9435,0.7647
10,clab-nebula-serf110,40,107,146,101,45,6,0.6918,0.9439,0.6645
10,clab-nebula-serf132,40,78,157,74,83,4,0.4713,0.9487,0.4596
10,clab-nebula-serf134,40,57,158,54,104,3,0.3418,0.9474,0.3354
10,clab-nebula-serf137,40,55,158,52,106,3,0.3291,0.9455,0.323
10,clab-nebula-serf10,40,120,149,114,35,6,0.7651,0.95,0.7355
10,clab-nebula-serf46,40,121,149,115,34,6,0.7718,0.9504,0.7419
10,clab-nebula-serf74,40,124,142,117,25,7,0.8239,0.9435,0.7852
10,clab-nebula-serf76,40,129,142,122,20,7,0.8592,0.9457,0.8188
10,clab-nebula-serf149,40,60,138,57,81,3,0.413,0.95,0.4043
10,clab-nebula-serf20,40,102,149,96,53,6,0.6443,0.9412,0.6194
10,clab-nebula-serf22,40,98,150,93,57,5,0.62,0.949,0.6
10,clab-nebula-serf160,40,58,158,55,103,3,0.3481,0.9483,0.3416
10,clab-nebula-serf31,40,119,149,113,36,6,0.7584,0.9496,0.729
10,clab-nebula-serf93,40,125,143,118,25,7,0.8252,0.944,0.7867
10,clab-nebula-serf122,40,133,154,126,28,7,0.8182,0.9474,0.7826
10,clab-nebula-serf38,40,121,149,115,34,6,0.7718,0.9504,0.7419
10,clab-nebula-serf55,40,121,149,115,34,6,0.7718,0.9504,0.7419
10,clab-nebula-serf79,40,135,144,128,16,7,0.8889,0.9481,0.8477
10,clab-nebula-serf113,40,139,147,132,15,7,0.898,0.9496,0.8571
10,clab-nebula-serf120,40,3,2,2,0,1,1.0,0.6667,0.6667
10,clab-nebula-serf128,40,145,151,137,14,8,0.9073,0.9448,0.8616
10,clab-nebula-serf8,40,105,148,99,49,6,0.6689,0.9429,0.6429
10,clab-nebula-serf27,40,92,150,87,63,5,0.58,0.9457,0.5613
10,clab-nebula-serf78,40,123,142,116,26,7,0.8169,0.9431,0.7785
10,clab-nebula-serf104,40,145,151,137,14,8,0.9073,0.9448,0.8616
10,clab-nebula-serf133,40,59,158,56,102,3,0.3544,0.9492,0.3478
10,clab-nebula-serf64,40,116,148,110,38,6,0.7432,0.9483,0.7143
10,clab-nebula-serf73,40,130,142,123,19,7,0.8662,0.9462,0.8255
10,clab-nebula-serf118,40,3,2,2,0,1,1.0,0.6667,0.6667
10,clab-nebula-serf5,40,92,149,87,62,5,0.5839,0.9457,0.5649
10,clab-nebula-serf87,40,120,145,114,31,6,0.7862,0.95,0.755
10,clab-nebula-serf88,40,120,145,114,31,6,0.7862,0.95,0.755
10,clab-nebula-serf153,40,55,138,52,86,3,0.3768,0.9455,0.3688
10,clab-nebula-serf53,40,121,149,115,34,6,0.7718,0.9504,0.7419
10,clab-nebula-serf69,40,125,142,118,24,7,0.831,0.944,0.7919
10,clab-nebula-serf60,40,124,148,117,31,7,0.7905,0.9435,0.7548
10,clab-nebula-serf145,40,56,158,53,105,3,0.3354,0.9464,0.3292
10,clab-nebula-serf6,40,117,149,111,38,6,0.745,0.9487,0.7161
10,clab-nebula-serf11,40,120,149,114,35,6,0.7651,0.95,0.7355
10,clab-nebula-serf98,40,121,147,115,32,6,0.7823,0.9504,0.7516
10,clab-nebula-serf138,40,55,158,52,106,3,0.3291,0.9455,0.323
10,clab-nebula-serf150,40,54,138,51,87,3,0.3696,0.9444,0.3617
10,clab-nebula-serf18,40,120,149,114,35,6,0.7651,0.95,0.7355
10,clab-nebula-serf30,40,119,149,113,36,6,0.7584,0.9496,0.729
10,clab-nebula-serf44,40,124,148,117,31,7,0.7905,0.9435,0.7548
10,clab-nebula-serf131,40,69,157,65,92,4,0.414,0.942,0.4037
10,clab-nebula-serf35,40,111,149,105,44,6,0.7047,0.9459,0.6774
10,clab-nebula-serf40,40,118,149,112,37,6,0.7517,0.9492,0.7226
10,clab-nebula-serf144,40,95,156,90,66,5,0.5769,0.9474,0.559
10,clab-nebula-serf152,40,89,140,84,56,5,0.6,0.9438,0.5793
10,clab-nebula-serf162,40,35,159,33,126,2,0.2075,0.9429,0.205
10,clab-nebula-serf41,40,99,149,94,55,5,0.6309,0.9495,0.6104
10,clab-nebula-serf72,40,125,142,118,24,7,0.831,0.944,0.7919
10,clab-nebula-serf141,40,59,158,56,102,3,0.3544,0.9492,0.3478
10,clab-nebula-serf25,40,102,149,96,53,6,0.6443,0.9412,0.6194
10,clab-nebula-serf50,40,122,148,115,33,7,0.777,0.9426,0.7419
10,clab-nebula-serf51,40,121,149,115,34,6,0.7718,0.9504,0.7419
10,clab-nebula-serf66,40,123,142,116,26,7,0.8169,0.9431,0.7785
10,clab-nebula-serf86,40,120,145,114,31,6,0.7862,0.95,0.755
10,clab-nebula-serf90,40,122,144,115,29,7,0.7986,0.9426,0.7616
10,clab-nebula-serf143,40,56,158,53,105,3,0.3354,0.9464,0.3292
10,clab-nebula-serf7,40,117,149,111,38,6,0.745,0.9487,0.7161
10,clab-nebula-serf37,40,121,149,115,34,6,0.7718,0.9504,0.7419
10,clab-nebula-serf43,40,119,149,113,36,6,0.7584,0.9496,0.729
10,clab-nebula-serf58,40,125,148,118,30,7,0.7973,0.944,0.7613
10,clab-nebula-serf61,40,124,148,117,31,7,0.7905,0.9435,0.7548
10,clab-nebula-serf112,40,64,129,60,69,4,0.4651,0.9375,0.4511
10,clab-nebula-serf15,40,121,149,115,34,6,0.7718,0.9504,0.7419
10,clab-nebula-serf16,40,121,149,115,34,6,0.7718,0.9504,0.7419
10,clab-nebula-serf77,40,125,142,118,24,7,0.831,0.944,0.7919
10,clab-nebula-serf121,40,138,154,131,23,7,0.8506,0.9493,0.8137
10,clab-nebula-serf140,40,52,158,49,109,3,0.3101,0.9423,0.3043
10,clab-nebula-serf148,40,52,138,49,89,3,0.3551,0.9423,0.3475
10,clab-nebula-serf154,40,55,138,52,86,3,0.3768,0.9455,0.3688
10,clab-nebula-serf156,40,61,138,58,80,3,0.4203,0.9508,0.4113
10,clab-nebula-serf23,40,91,150,86,64,5,0.5733,0.9451,0.5548
10,clab-nebula-serf39,40,124,145,117,28,7,0.8069,0.9435,0.7697
10,clab-nebula-serf62,40,120,148,114,34,6,0.7703,0.95,0.7403
10,clab-nebula-serf107,40,144,151,136,15,8,0.9007,0.9444,0.8553
10,clab-nebula-serf115,40,3,87,2,85,1,0.023,0.6667,0.0227
10,clab-nebula-serf151,40,55,138,52,86,3,0.3768,0.9455,0.3688
10,clab-nebula-serf158,40,52,158,49,109,3,0.3101,0.9423,0.3043
10,clab-nebula-serf28,40,61,147,58,89,3,0.3946,0.9508,0.3867
10,clab-nebula-serf29,40,92,146,87,59,5,0.5959,0.9457,0.5762
10,clab-nebula-serf130,45,84,156,79,77,5,0.5064,0.9405,0.4907
10,clab-nebula-serf161,45,79,157,75,82,4,0.4777,0.9494,0.4658
10,clab-nebula-serf32,45,124,148,117,31,7,0.7905,0.9435,0.7548
10,clab-nebula-serf63,45,124,148,117,31,7,0.7905,0.9435,0.7548
10,clab-nebula-serf45,45,124,148,117,31,7,0.7905,0.9435,0.7548
10,clab-nebula-serf49,45,135,148,128,20,7,0.8649,0.9481,0.8258
10,clab-nebula-serf83,45,128,144,121,23,7,0.8403,0.9453,0.8013
10,clab-nebula-serf91,45,146,149,138,11,8,0.9262,0.9452,0.879
10,clab-nebula-serf136,45,95,156,90,66,5,0.5769,0.9474,0.559
10,clab-nebula-serf146,45,78,157,74,83,4,0.4713,0.9487,0.4596
10,clab-nebula-serf12,45,121,149,115,34,6,0.7718,0.9504,0.7419
10,clab-nebula-serf19,45,123,148,116,32,7,0.7838,0.9431,0.7484
10,clab-nebula-serf80,45,152,151,144,7,8,0.9536,0.9474,0.9057
10,clab-nebula-serf111,45,154,151,146,5,8,0.9669,0.9481,0.9182
10,clab-nebula-serf109,45,155,152,147,5,8,0.9671,0.9484,0.9187
10,clab-nebula-serf147,45,87,140,82,58,5,0.5857,0.9425,0.5655
10,clab-nebula-serf4,45,109,149,103,46,6,0.6913,0.945,0.6645
10,clab-nebula-serf100,45,150,146,142,4,8,0.9726,0.9467,0.9221
10,clab-nebula-serf75,45,135,144,128,16,7,0.8889,0.9481,0.8477
10,clab-nebula-serf89,45,127,144,120,24,7,0.8333,0.9449,0.7947
10,clab-nebula-serf101,45,148,145,140,5,8,0.9655,0.9459,0.915
10,clab-nebula-serf105,45,153,151,145,6,8,0.9603,0.9477,0.9119
10,clab-nebula-serf65,45,126,139,119,20,7,0.8561,0.9444,0.8151
10,clab-nebula-serf68,45,135,144,128,16,7,0.8889,0.9481,0.8477
10,clab-nebula-serf94,45,145,150,137,13,8,0.9133,0.9448,0.8671
10,clab-nebula-serf103,45,150,146,142,4,8,0.9726,0.9467,0.9221
10,clab-nebula-serf117,45,10,87,9,78,1,0.1034,0.9,0.1023
10,clab-nebula-serf127,45,146,153,138,15,8,0.902,0.9452,0.8571
10,clab-nebula-serf129,45,142,151,134,17,8,0.8874,0.9437,0.8428
10,clab-nebula-serf155,45,82,139,77,62,5,0.554,0.939,0.5347
10,clab-nebula-serf3,45,109,149,103,46,6,0.6913,0.945,0.6645
10,clab-nebula-serf14,45,121,149,115,34,6,0.7718,0.9504,0.7419
10,clab-nebula-serf142,45,59,158,56,102,3,0.3544,0.9492,0.3478
10,clab-nebula-serf96,45,147,145,139,6,8,0.9586,0.9456,0.9085
10,clab-nebula-serf116,45,6,87,5,82,1,0.0575,0.8333,0.0568
10,clab-nebula-serf56,45,151,147,143,4,8,0.9728,0.947,0.9226
10,clab-nebula-serf59,45,153,147,145,2,8,0.9864,0.9477,0.9355
10,clab-nebula-serf70,45,147,147,139,8,8,0.9456,0.9456,0.8968
10,clab-nebula-serf81,45,153,151,145,6,8,0.9603,0.9477,0.9119
10,clab-nebula-serf95,45,142,147,134,13,8,0.9116,0.9437,0.8645
10,clab-nebula-serf114,45,152,151,144,7,8,0.9536,0.9474,0.9057
10,clab-nebula-serf9,45,120,149,114,35,6,0.7651,0.95,0.7355
10,clab-nebula-serf17,45,124,148,117,31,7,0.7905,0.9435,0.7548
10,clab-nebula-serf139,45,95,156,90,66,5,0.5769,0.9474,0.559
10,clab-nebula-serf52,45,134,148,127,21,7,0.8581,0.9478,0.8194
10,clab-nebula-serf71,45,146,151,138,13,8,0.9139,0.9452,0.8679
10,clab-nebula-serf26,45,124,148,117,31,7,0.7905,0.9435,0.7548
10,clab-nebula-serf34,45,124,148,117,31,7,0.7905,0.9435,0.7548
10,clab-nebula-serf126,45,146,153,138,15,8,0.902,0.9452,0.8571
10,clab-nebula-serf36,45,124,148,117,31,7,0.7905,0.9435,0.7548
10,clab-nebula-serf82,45,94,144,89,55,5,0.6181,0.9468,0.5973
10,clab-nebula-serf85,45,134,145,127,18,7,0.8759,0.9478,0.8355
10,clab-nebula-serf97,45,149,146,141,5,8,0.9658,0.9463,0.9156
10,clab-nebula-serf99,45,148,145,140,5,8,0.9655,0.9459,0.915
10,clab-nebula-serf124,45,145,153,137,16,8,0.8954,0.9448,0.8509
10,clab-nebula-serf157,45,70,157,66,91,4,0.4204,0.9429,0.4099
10,clab-nebula-serf159,45,70,157,66,91,4,0.4204,0.9429,0.4099
10,clab-nebula-serf1,45,117,149,111,38,6,0.745,0.9487,0.7161
10,clab-nebula-serf33,45,128,148,121,27,7,0.8176,0.9453,0.7806
10,clab-nebula-serf123,45,152,153,144,9,8,0.9412,0.9474,0.8944
10,clab-nebula-serf135,45,91,156,86,70,5,0.5513,0.9451,0.5342
10,clab-nebula-serf13,45,124,148,117,31,7,0.7905,0.9435,0.7548
10,clab-nebula-serf47,45,126,148,119,29,7,0.8041,0.9444,0.7677
10,clab-nebula-serf84,45,119,145,113,32,6,0.7793,0.9496,0.7483
10,clab-nebula-serf92,45,137,144,130,14,7,0.9028,0.9489,0.8609
10,clab-nebula-serf106,45,145,151,137,14,8,0.9073,0.9448,0.8616
10,clab-nebula-serf108,45,149,151,141,10,8,0.9338,0.9463,0.8868
10,clab-nebula-serf119,45,5,87,4,83,1,0.046,0.8,0.0455
10,clab-nebula-serf125,45,146,153,138,15,8,0.902,0.9452,0.8571
10,clab-nebula-serf54,45,126,148,119,29,7,0.8041,0.9444,0.7677
10,clab-nebula-serf57,45,144,147,136,11,8,0.9252,0.9444,0.8774
10,clab-nebula-serf24,45,103,149,97,52,6,0.651,0.9417,0.6258
10,clab-nebula-serf42,45,117,149,111,38,6,0.745,0.9487,0.7161
10,clab-nebula-serf48,45,124,148,117,31,7,0.7905,0.9435,0.7548
10,clab-nebula-serf2,45,99,149,94,55,5,0.6309,0.9495,0.6104
10,clab-nebula-serf21,45,121,149,115,34,6,0.7718,0.9504,0.7419
10,clab-nebula-serf67,45,135,144,128,16,7,0.8889,0.9481,0.8477
10,clab-nebula-serf102,45,144,145,136,9,8,0.9379,0.9444,0.8889
10,clab-nebula-serf110,45,143,151,135,16,8,0.894,0.9441,0.8491
10,clab-nebula-serf132,45,104,155,98,57,6,0.6323,0.9423,0.6087
10,clab-nebula-serf134,45,91,156,86,70,5,0.5513,0.9451,0.5342
10,clab-nebula-serf137,45,90,156,85,71,5,0.5449,0.9444,0.528
10,clab-nebula-serf10,45,121,149,115,34,6,0.7718,0.9504,0.7419
10,clab-nebula-serf46,45,124,148,117,31,7,0.7905,0.9435,0.7548
10,clab-nebula-serf74,45,145,151,137,14,8,0.9073,0.9448,0.8616
10,clab-nebula-serf76,45,153,151,145,6,8,0.9603,0.9477,0.9119
10,clab-nebula-serf149,45,89,140,84,56,5,0.6,0.9438,0.5793
10,clab-nebula-serf20,45,118,149,112,37,6,0.7517,0.9492,0.7226
10,clab-nebula-serf22,45,117,149,111,38,6,0.745,0.9487,0.7161
10,clab-nebula-serf160,45,82,156,77,79,5,0.4936,0.939,0.4783
10,clab-nebula-serf31,45,124,148,117,31,7,0.7905,0.9435,0.7548
10,clab-nebula-serf93,45,142,145,134,11,8,0.9241,0.9437,0.8758
10,clab-nebula-serf122,45,144,153,136,17,8,0.8889,0.9444,0.8447
10,clab-nebula-serf38,45,124,148,117,31,7,0.7905,0.9435,0.7548
10,clab-nebula-serf55,45,126,148,119,29,7,0.8041,0.9444,0.7677
10,clab-nebula-serf79,45,153,151,145,6,8,0.9603,0.9477,0.9119
10,clab-nebula-serf113,45,156,152,148,4,8,0.9737,0.9487,0.925
10,clab-nebula-serf120,45,5,87,4,83,1,0.046,0.8,0.0455
10,clab-nebula-serf128,45,150,151,142,9,8,0.9404,0.9467,0.8931
10,clab-nebula-serf8,45,120,149,114,35,6,0.7651,0.95,0.7355
10,clab-nebula-serf27,45,98,150,93,57,5,0.62,0.949,0.6
10,clab-nebula-serf78,45,140,148,133,15,7,0.8986,0.95,0.8581
10,clab-nebula-serf104,45,153,151,145,6,8,0.9603,0.9477,0.9119
10,clab-nebula-serf133,45,92,156,87,69,5,0.5577,0.9457,0.5404
10,clab-nebula-serf64,45,123,148,116,32,7,0.7838,0.9431,0.7484
10,clab-nebula-serf73,45,151,151,143,8,8,0.947,0.947,0.8994
10,clab-nebula-serf118,45,5,87,4,83,1,0.046,0.8,0.0455
10,clab-nebula-serf5,45,108,149,102,47,6,0.6846,0.9444,0.6581
10,clab-nebula-serf87,45,132,144,125,19,7,0.8681,0.947,0.8278
10,clab-nebula-serf88,45,127,144,120,24,7,0.8333,0.9449,0.7947
10,clab-nebula-serf153,45,81,140,77,63,4,0.55,0.9506,0.5347
10,clab-nebula-serf53,45,125,148,118,30,7,0.7973,0.944,0.7613
10,clab-nebula-serf69,45,147,151,139,12,8,0.9205,0.9456,0.8742
10,clab-nebula-serf60,45,143,147,135,12,8,0.9184,0.9441,0.871
10,clab-nebula-serf145,45,66,157,62,95,4,0.3949,0.9394,0.3851
10,clab-nebula-serf6,45,120,149,114,35,6,0.7651,0.95,0.7355
10,clab-nebula-serf11,45,124,148,117,31,7,0.7905,0.9435,0.7548
10,clab-nebula-serf98,45,144,146,136,10,8,0.9315,0.9444,0.8831
10,clab-nebula-serf138,45,90,156,85,71,5,0.5449,0.9444,0.528
10,clab-nebula-serf150,45,79,138,75,63,4,0.5435,0.9494,0.5282
10,clab-nebula-serf18,45,123,148,116,32,7,0.7838,0.9431,0.7484
10,clab-nebula-serf30,45,124,148,117,31,7,0.7905,0.9435,0.7548
10,clab-nebula-serf44,45,127,148,120,28,7,0.8108,0.9449,0.7742
10,clab-nebula-serf131,45,95,156,90,66,5,0.5769,0.9474,0.559
10,clab-nebula-serf35,45,121,149,115,34,6,0.7718,0.9504,0.7419
10,clab-nebula-serf40,45,122,148,115,33,7,0.777,0.9426,0.7419
10,clab-nebula-serf144,45,126,154,119,35,7,0.7727,0.9444,0.7391
10,clab-nebula-serf152,45,122,140,115,25,7,0.8214,0.9426,0.7823
10,clab-nebula-serf162,45,40,159,38,121,2,0.239,0.95,0.236
10,clab-nebula-serf41,45,118,149,112,37,6,0.7517,0.9492,0.7226
10,clab-nebula-serf72,45,150,151,142,9,8,0.9404,0.9467,0.8931
10,clab-nebula-serf141,45,90,156,85,71,5,0.5449,0.9444,0.528
10,clab-nebula-serf25,45,119,149,113,36,6,0.7584,0.9496,0.729
10,clab-nebula-serf50,45,125,148,118,30,7,0.7973,0.944,0.7613
10,clab-nebula-serf51,45,126,148,119,29,7,0.8041,0.9444,0.7677
10,clab-nebula-serf66,45,136,144,129,15,7,0.8958,0.9485,0.8543
10,clab-nebula-serf86,45,134,144,127,17,7,0.8819,0.9478,0.8411
10,clab-nebula-serf90,45,137,146,130,16,7,0.8904,0.9489,0.8497
10,clab-nebula-serf143,45,66,157,62,95,4,0.3949,0.9394,0.3851
10,clab-nebula-serf7,45,120,149,114,35,6,0.7651,0.95,0.7355
10,clab-nebula-serf37,45,124,148,117,31,7,0.7905,0.9435,0.7548
10,clab-nebula-serf43,45,124,148,117,31,7,0.7905,0.9435,0.7548
10,clab-nebula-serf58,45,153,147,145,2,8,0.9864,0.9477,0.9355
10,clab-nebula-serf61,45,149,147,141,6,8,0.9592,0.9463,0.9097
10,clab-nebula-serf112,45,103,152,97,55,6,0.6382,0.9417,0.6139
10,clab-nebula-serf15,45,124,148,117,31,7,0.7905,0.9435,0.7548
10,clab-nebula-serf16,45,126,148,119,29,7,0.8041,0.9444,0.7677
10,clab-nebula-serf77,45,151,151,143,8,8,0.947,0.947,0.8994
10,clab-nebula-serf121,45,148,153,140,13,8,0.915,0.9459,0.8696
10,clab-nebula-serf140,45,82,156,77,79,5,0.4936,0.939,0.4783
10,clab-nebula-serf148,45,68,137,64,73,4,0.4672,0.9412,0.4539
10,clab-nebula-serf154,45,79,138,75,63,4,0.5435,0.9494,0.5282
10,clab-nebula-serf156,45,99,141,94,47,5,0.6667,0.9495,0.6438
10,clab-nebula-serf23,45,99,150,94,56,5,0.6267,0.9495,0.6065
10,clab-nebula-serf39,45,138,154,131,23,7,0.8506,0.9493,0.8137
10,clab-nebula-serf62,45,124,148,117,31,7,0.7905,0.9435,0.7548
10,clab-nebula-serf107,45,149,151,141,10,8,0.9338,0.9463,0.8868
10,clab-nebula-serf115,45,6,87,5,82,1,0.0575,0.8333,0.0568
10,clab-nebula-serf151,45,81,139,77,62,4,0.554,0.9506,0.5385
10,clab-nebula-serf158,45,68,157,64,93,4,0.4076,0.9412,0.3975
10,clab-nebula-serf28,45,91,146,86,60,5,0.589,0.9451,0.5695
10,clab-nebula-serf29,45,98,146,93,53,5,0.637,0.949,0.6159
10,clab-nebula-serf130,50,111,155,105,50,6,0.6774,0.9459,0.6522
10,clab-nebula-serf161,50,117,155,111,44,6,0.7161,0.9487,0.6894
10,clab-nebula-serf32,50,137,148,130,18,7,0.8784,0.9489,0.8387
10,clab-nebula-serf63,50,128,148,121,27,7,0.8176,0.9453,0.7806
10,clab-nebula-serf45,50,145,147,137,10,8,0.932,0.9448,0.8839
10,clab-nebula-serf49,50,154,147,146,1,8,0.9932,0.9481,0.9419
10,clab-nebula-serf83,50,140,146,133,13,7,0.911,0.95,0.8693
10,clab-nebula-serf91,50,154,153,146,7,8,0.9542,0.9481,0.9068
10,clab-nebula-serf136,50,124,154,117,37,7,0.7597,0.9435,0.7267
10,clab-nebula-serf146,50,114,155,108,47,6,0.6968,0.9474,0.6708
10,clab-nebula-serf12,50,127,148,120,28,7,0.8108,0.9449,0.7742
10,clab-nebula-serf19,50,142,147,134,13,8,0.9116,0.9437,0.8645
10,clab-nebula-serf80,50,154,151,146,5,8,0.9669,0.9481,0.9182
10,clab-nebula-serf111,50,158,153,150,3,8,0.9804,0.9494,0.9317
10,clab-nebula-serf109,50,159,153,151,2,8,0.9869,0.9497,0.9379
10,clab-nebula-serf147,50,120,141,114,27,6,0.8085,0.95,0.7755
10,clab-nebula-serf4,50,120,149,114,35,6,0.7651,0.95,0.7355
10,clab-nebula-serf100,50,159,151,151,0,8,1.0,0.9497,0.9497
10,clab-nebula-serf75,50,154,151,146,5,8,0.9669,0.9481,0.9182
10,clab-nebula-serf89,50,137,145,130,15,7,0.8966,0.9489,0.8553
10,clab-nebula-serf101,50,157,149,149,0,8,1.0,0.949,0.949
10,clab-nebula-serf105,50,155,152,147,5,8,0.9671,0.9484,0.9187
10,clab-nebula-serf65,50,152,147,144,3,8,0.9796,0.9474,0.929
10,clab-nebula-serf68,50,154,151,146,5,8,0.9669,0.9481,0.9182
10,clab-nebula-serf94,50,154,153,146,7,8,0.9542,0.9481,0.9068
10,clab-nebula-serf103,50,159,151,151,0,8,1.0,0.9497,0.9497
10,clab-nebula-serf117,50,21,87,20,67,1,0.2299,0.9524,0.2273
10,clab-nebula-serf127,50,156,153,148,5,8,0.9673,0.9487,0.9193
10,clab-nebula-serf129,50,149,151,141,10,8,0.9338,0.9463,0.8868
10,clab-nebula-serf155,50,117,141,111,30,6,0.7872,0.9487,0.7551
10,clab-nebula-serf3,50,119,149,113,36,6,0.7584,0.9496,0.729
10,clab-nebula-serf14,50,126,148,119,29,7,0.8041,0.9444,0.7677
10,clab-nebula-serf142,50,95,156,90,66,5,0.5769,0.9474,0.559
10,clab-nebula-serf96,50,153,146,145,1,8,0.9932,0.9477,0.9416
10,clab-nebula-serf116,50,14,87,13,74,1,0.1494,0.9286,0.1477
10,clab-nebula-serf56,50,154,147,146,1,8,0.9932,0.9481,0.9419
10,clab-nebula-serf59,50,154,147,146,1,8,0.9932,0.9481,0.9419
10,clab-nebula-serf70,50,154,147,146,1,8,0.9932,0.9481,0.9419
10,clab-nebula-serf81,50,154,151,146,5,8,0.9669,0.9481,0.9182
10,clab-nebula-serf95,50,154,153,146,7,8,0.9542,0.9481,0.9068
10,clab-nebula-serf114,50,158,152,150,2,8,0.9868,0.9494,0.9375
10,clab-nebula-serf9,50,125,148,118,30,7,0.7973,0.944,0.7613
10,clab-nebula-serf17,50,150,147,142,5,8,0.966,0.9467,0.9161
10,clab-nebula-serf139,50,121,155,115,40,6,0.7419,0.9504,0.7143
10,clab-nebula-serf52,50,154,147,146,1,8,0.9932,0.9481,0.9419
10,clab-nebula-serf71,50,154,151,146,5,8,0.9669,0.9481,0.9182
10,clab-nebula-serf26,50,137,148,130,18,7,0.8784,0.9489,0.8387
10,clab-nebula-serf34,50,149,147,141,6,8,0.9592,0.9463,0.9097
10,clab-nebula-serf126,50,156,153,148,5,8,0.9673,0.9487,0.9193
10,clab-nebula-serf36,50,137,148,130,18,7,0.8784,0.9489,0.8387
10,clab-nebula-serf82,50,111,147,105,42,6,0.7143,0.9459,0.6863
10,clab-nebula-serf85,50,149,150,141,9,8,0.94,0.9463,0.8924
10,clab-nebula-serf97,50,159,151,151,0,8,1.0,0.9497,0.9497
10,clab-nebula-serf99,50,159,151,151,0,8,1.0,0.9497,0.9497
10,clab-nebula-serf124,50,156,153,148,5,8,0.9673,0.9487,0.9193
10,clab-nebula-serf157,50,109,155,103,52,6,0.6645,0.945,0.6398
10,clab-nebula-serf159,50,108,155,102,53,6,0.6581,0.9444,0.6335
10,clab-nebula-serf1,50,121,149,115,34,6,0.7718,0.9504,0.7419
10,clab-nebula-serf33,50,154,147,146,1,8,0.9932,0.9481,0.9419
10,clab-nebula-serf123,50,158,153,150,3,8,0.9804,0.9494,0.9317
10,clab-nebula-serf135,50,112,155,106,49,6,0.6839,0.9464,0.6584
10,clab-nebula-serf13,50,144,147,136,11,8,0.9252,0.9444,0.8774
10,clab-nebula-serf47,50,154,147,146,1,8,0.9932,0.9481,0.9419
10,clab-nebula-serf84,50,128,145,121,24,7,0.8345,0.9453,0.7961
10,clab-nebula-serf92,50,154,151,146,5,8,0.9669,0.9481,0.9182
10,clab-nebula-serf106,50,153,151,145,6,8,0.9603,0.9477,0.9119
10,clab-nebula-serf108,50,155,152,147,5,8,0.9671,0.9484,0.9187
10,clab-nebula-serf119,50,17,87,16,71,1,0.1839,0.9412,0.1818
10,clab-nebula-serf125,50,155,153,147,6,8,0.9608,0.9484,0.913
10,clab-nebula-serf54,50,153,147,145,2,8,0.9864,0.9477,0.9355
10,clab-nebula-serf57,50,154,147,146,1,8,0.9932,0.9481,0.9419
10,clab-nebula-serf24,50,120,149,114,35,6,0.7651,0.95,0.7355
10,clab-nebula-serf42,50,123,148,116,32,7,0.7838,0.9431,0.7484
10,clab-nebula-serf48,50,141,148,134,14,7,0.9054,0.9504,0.8645
10,clab-nebula-serf2,50,114,149,108,41,6,0.7248,0.9474,0.6968
10,clab-nebula-serf21,50,124,148,117,31,7,0.7905,0.9435,0.7548
10,clab-nebula-serf67,50,154,151,146,5,8,0.9669,0.9481,0.9182
10,clab-nebula-serf102,50,157,149,149,0,8,1.0,0.949,0.949
10,clab-nebula-serf110,50,148,151,140,11,8,0.9272,0.9459,0.8805
10,clab-nebula-serf132,50,132,154,125,29,7,0.8117,0.947,0.7764
10,clab-nebula-serf134,50,116,155,110,45,6,0.7097,0.9483,0.6832
10,clab-nebula-serf137,50,115,155,109,46,6,0.7032,0.9478,0.677
10,clab-nebula-serf10,50,129,148,122,26,7,0.8243,0.9457,0.7871
10,clab-nebula-serf46,50,127,148,120,28,7,0.8108,0.9449,0.7742
10,clab-nebula-serf74,50,154,151,146,5,8,0.9669,0.9481,0.9182
10,clab-nebula-serf76,50,154,151,146,5,8,0.9669,0.9481,0.9182
10,clab-nebula-serf149,50,124,140,117,23,7,0.8357,0.9435,0.7959
10,clab-nebula-serf20,50,124,148,117,31,7,0.7905,0.9435,0.7548
10,clab-nebula-serf22,50,122,148,115,33,7,0.777,0.9426,0.7419
10,clab-nebula-serf160,50,118,155,112,43,6,0.7226,0.9492,0.6957
10,clab-nebula-serf31,50,129,148,122,26,7,0.8243,0.9457,0.7871
10,clab-nebula-serf93,50,154,151,146,5,8,0.9669,0.9481,0.9182
10,clab-nebula-serf122,50,154,153,146,7,8,0.9542,0.9481,0.9068
10,clab-nebula-serf38,50,133,148,126,22,7,0.8514,0.9474,0.8129
10,clab-nebula-serf55,50,153,147,145,2,8,0.9864,0.9477,0.9355
10,clab-nebula-serf79,50,154,151,146,5,8,0.9669,0.9481,0.9182
10,clab-nebula-serf113,50,159,152,151,1,8,0.9934,0.9497,0.9437
10,clab-nebula-serf120,50,14,87,13,74,1,0.1494,0.9286,0.1477
10,clab-nebula-serf128,50,155,152,147,5,8,0.9671,0.9484,0.9187
10,clab-nebula-serf8,50,122,148,115,33,7,0.777,0.9426,0.7419
10,clab-nebula-serf27,50,117,149,111,38,6,0.745,0.9487,0.7161
10,clab-nebula-serf78,50,154,151,146,5,8,0.9669,0.9481,0.9182
10,clab-nebula-serf104,50,155,152,147,5,8,0.9671,0.9484,0.9187
10,clab-nebula-serf133,50,117,155,111,44,6,0.7161,0.9487,0.6894
10,clab-nebula-serf64,50,128,148,121,27,7,0.8176,0.9453,0.7806
10,clab-nebula-serf73,50,154,151,146,5,8,0.9669,0.9481,0.9182
10,clab-nebula-serf118,50,15,87,14,73,1,0.1609,0.9333,0.1591
10,clab-nebula-serf5,50,118,149,112,37,6,0.7517,0.9492,0.7226
10,clab-nebula-serf87,50,145,145,137,8,8,0.9448,0.9448,0.8954
10,clab-nebula-serf88,50,136,145,129,16,7,0.8897,0.9485,0.8487
10,clab-nebula-serf153,50,114,141,108,33,6,0.766,0.9474,0.7347
10,clab-nebula-serf53,50,151,147,143,4,8,0.9728,0.947,0.9226
10,clab-nebula-serf69,50,154,151,146,5,8,0.9669,0.9481,0.9182
10,clab-nebula-serf60,50,154,147,146,1,8,0.9932,0.9481,0.9419
10,clab-nebula-serf145,50,104,155,98,57,6,0.6323,0.9423,0.6087
10,clab-nebula-serf6,50,124,148,117,31,7,0.7905,0.9435,0.7548
10,clab-nebula-serf11,50,142,147,134,13,8,0.9116,0.9437,0.8645
10,clab-nebula-serf98,50,156,149,148,1,8,0.9933,0.9487,0.9427
10,clab-nebula-serf138,50,115,155,109,46,6,0.7032,0.9478,0.677
10,clab-nebula-serf150,50,117,140,111,29,6,0.7929,0.9487,0.7603
10,clab-nebula-serf18,50,140,148,133,15,7,0.8986,0.95,0.8581
10,clab-nebula-serf30,50,128,148,121,27,7,0.8176,0.9453,0.7806
10,clab-nebula-serf44,50,154,147,146,1,8,0.9932,0.9481,0.9419
10,clab-nebula-serf131,50,122,154,115,39,7,0.7468,0.9426,0.7143
10,clab-nebula-serf35,50,124,148,117,31,7,0.7905,0.9435,0.7548
10,clab-nebula-serf40,50,126,148,119,29,7,0.8041,0.9444,0.7677
10,clab-nebula-serf144,50,141,154,134,20,7,0.8701,0.9504,0.8323
10,clab-nebula-serf152,50,143,145,135,10,8,0.931,0.9441,0.8824
10,clab-nebula-serf162,50,54,158,51,107,3,0.3228,0.9444,0.3168
10,clab-nebula-serf41,50,121,149,115,34,6,0.7718,0.9504,0.7419
10,clab-nebula-serf72,50,154,151,146,5,8,0.9669,0.9481,0.9182
10,clab-nebula-serf141,50,116,155,110,45,6,0.7097,0.9483,0.6832
10,clab-nebula-serf25,50,124,148,117,31,7,0.7905,0.9435,0.7548
10,clab-nebula-serf50,50,153,147,145,2,8,0.9864,0.9477,0.9355
10,clab-nebula-serf51,50,152,147,144,3,8,0.9796,0.9474,0.929
10,clab-nebula-serf66,50,154,151,146,5,8,0.9669,0.9481,0.9182
10,clab-nebula-serf86,50,145,145,137,8,8,0.9448,0.9448,0.8954
10,clab-nebula-serf90,50,154,153,146,7,8,0.9542,0.9481,0.9068
10,clab-nebula-serf143,50,103,155,97,58,6,0.6258,0.9417,0.6025
10,clab-nebula-serf7,50,124,148,117,31,7,0.7905,0.9435,0.7548
10,clab-nebula-serf37,50,146,147,138,9,8,0.9388,0.9452,0.8903
10,clab-nebula-serf43,50,126,148,119,29,7,0.8041,0.9444,0.7677
10,clab-nebula-serf58,50,154,147,146,1,8,0.9932,0.9481,0.9419
10,clab-nebula-serf61,50,154,147,146,1,8,0.9932,0.9481,0.9419
10,clab-nebula-serf112,50,136,152,129,23,7,0.8487,0.9485,0.8113
10,clab-nebula-serf15,50,151,147,143,4,8,0.9728,0.947,0.9226
10,clab-nebula-serf16,50,151,147,143,4,8,0.9728,0.947,0.9226
10,clab-nebula-serf77,50,154,151,146,5,8,0.9669,0.9481,0.9182
10,clab-nebula-serf121,50,160,153,152,1,8,0.9935,0.95,0.9441
10,clab-nebula-serf140,50,108,155,102,53,6,0.6581,0.9444,0.6335
10,clab-nebula-serf148,50,103,140,97,43,6,0.6929,0.9417,0.6644
10,clab-nebula-serf154,50,113,140,107,33,6,0.7643,0.9469,0.7329
10,clab-nebula-serf156,50,130,144,123,21,7,0.8542,0.9462,0.8146
10,clab-nebula-serf23,50,117,149,111,38,6,0.745,0.9487,0.7161
10,clab-nebula-serf39,50,154,153,146,7,8,0.9542,0.9481,0.9068
10,clab-nebula-serf62,50,144,147,136,11,8,0.9252,0.9444,0.8774
10,clab-nebula-serf107,50,154,151,146,5,8,0.9669,0.9481,0.9182
10,clab-nebula-serf115,50,23,86,21,65,2,0.2442,0.913,0.2386
10,clab-nebula-serf151,50,114,141,108,33,6,0.766,0.9474,0.7347
10,clab-nebula-serf158,50,103,155,97,58,6,0.6258,0.9417,0.6025
10,clab-nebula-serf28,50,95,146,90,56,5,0.6164,0.9474,0.596
10,clab-nebula-serf29,50,115,145,109,36,6,0.7517,0.9478,0.7219
10,clab-nebula-serf130,55,136,154,129,25,7,0.8377,0.9485,0.8012
10,clab-nebula-serf161,55,139,154,132,22,7,0.8571,0.9496,0.8199
10,clab-nebula-serf32,55,154,147,146,1,8,0.9932,0.9481,0.9419
10,clab-nebula-serf63,55,154,147,146,1,8,0.9932,0.9481,0.9419
10,clab-nebula-serf45,55,154,147,146,1,8,0.9932,0.9481,0.9419
10,clab-nebula-serf49,55,154,147,146,1,8,0.9932,0.9481,0.9419
10,clab-nebula-serf83,55,154,153,146,7,8,0.9542,0.9481,0.9068
10,clab-nebula-serf91,55,157,153,149,4,8,0.9739,0.949,0.9255
10,clab-nebula-serf136,55,137,154,130,24,7,0.8442,0.9489,0.8075
10,clab-nebula-serf146,55,137,154,130,24,7,0.8442,0.9489,0.8075
10,clab-nebula-serf12,55,153,147,145,2,8,0.9864,0.9477,0.9355
10,clab-nebula-serf19,55,153,147,145,2,8,0.9864,0.9477,0.9355
10,clab-nebula-serf80,55,156,152,148,4,8,0.9737,0.9487,0.925
10,clab-nebula-serf111,55,161,153,153,0,8,1.0,0.9503,0.9503
10,clab-nebula-serf109,55,161,153,153,0,8,1.0,0.9503,0.9503
10,clab-nebula-serf147,55,141,146,134,12,7,0.9178,0.9504,0.8758
10,clab-nebula-serf4,55,123,148,116,32,7,0.7838,0.9431,0.7484
10,clab-nebula-serf100,55,160,152,152,0,8,1.0,0.95,0.95
10,clab-nebula-serf75,55,155,152,147,5,8,0.9671,0.9484,0.9187
10,clab-nebula-serf89,55,154,153,146,7,8,0.9542,0.9481,0.9068
10,clab-nebula-serf101,55,160,152,152,0,8,1.0,0.95,0.95
10,clab-nebula-serf105,55,160,153,152,1,8,0.9935,0.95,0.9441
10,clab-nebula-serf65,55,154,147,146,1,8,0.9932,0.9481,0.9419
10,clab-nebula-serf68,55,154,151,146,5,8,0.9669,0.9481,0.9182
10,clab-nebula-serf94,55,157,153,149,4,8,0.9739,0.949,0.9255
10,clab-nebula-serf103,55,161,153,153,0,8,1.0,0.9503,0.9503
10,clab-nebula-serf117,55,45,86,42,44,3,0.4884,0.9333,0.4719
10,clab-nebula-serf127,55,161,153,153,0,8,1.0,0.9503,0.9503
10,clab-nebula-serf129,55,155,152,147,5,8,0.9671,0.9484,0.9187
10,clab-nebula-serf155,55,137,146,130,16,7,0.8904,0.9489,0.8497
10,clab-nebula-serf3,55,123,148,116,32,7,0.7838,0.9431,0.7484
10,clab-nebula-serf14,55,151,147,143,4,8,0.9728,0.947,0.9226
10,clab-nebula-serf142,55,126,154,119,35,7,0.7727,0.9444,0.7391
10,clab-nebula-serf96,55,160,152,152,0,8,1.0,0.95,0.95
10,clab-nebula-serf116,55,40,138,38,100,2,0.2754,0.95,0.2714
10,clab-nebula-serf56,55,157,149,149,0,8,1.0,0.949,0.949
10,clab-nebula-serf59,55,157,149,149,0,8,1.0,0.949,0.949
10,clab-nebula-serf70,55,158,150,150,0,8,1.0,0.9494,0.9494
10,clab-nebula-serf81,55,157,152,149,3,8,0.9803,0.949,0.9313
10,clab-nebula-serf95,55,154,153,146,7,8,0.9542,0.9481,0.9068
10,clab-nebula-serf114,55,161,153,153,0,8,1.0,0.9503,0.9503
10,clab-nebula-serf9,55,151,147,143,4,8,0.9728,0.947,0.9226
10,clab-nebula-serf17,55,154,147,146,1,8,0.9932,0.9481,0.9419
10,clab-nebula-serf139,55,137,154,130,24,7,0.8442,0.9489,0.8075
10,clab-nebula-serf52,55,154,147,146,1,8,0.9932,0.9481,0.9419
10,clab-nebula-serf71,55,156,152,148,4,8,0.9737,0.9487,0.925
10,clab-nebula-serf26,55,154,147,146,1,8,0.9932,0.9481,0.9419
10,clab-nebula-serf34,55,154,147,146,1,8,0.9932,0.9481,0.9419
10,clab-nebula-serf126,55,161,153,153,0,8,1.0,0.9503,0.9503
10,clab-nebula-serf36,55,154,147,146,1,8,0.9932,0.9481,0.9419
10,clab-nebula-serf82,55,121,148,115,33,6,0.777,0.9504,0.7468
10,clab-nebula-serf85,55,154,153,146,7,8,0.9542,0.9481,0.9068
10,clab-nebula-serf97,55,161,153,153,0,8,1.0,0.9503,0.9503
10,clab-nebula-serf99,55,160,152,152,0,8,1.0,0.95,0.95
10,clab-nebula-serf124,55,161,153,153,0,8,1.0,0.9503,0.9503
10,clab-nebula-serf157,55,136,154,129,25,7,0.8377,0.9485,0.8012
10,clab-nebula-serf159,55,136,154,129,25,7,0.8377,0.9485,0.8012
10,clab-nebula-serf1,55,133,148,126,22,7,0.8514,0.9474,0.8129
10,clab-nebula-serf33,55,154,147,146,1,8,0.9932,0.9481,0.9419
10,clab-nebula-serf123,55,161,153,153,0,8,1.0,0.9503,0.9503
10,clab-nebula-serf135,55,137,154,130,24,7,0.8442,0.9489,0.8075
10,clab-nebula-serf13,55,154,147,146,1,8,0.9932,0.9481,0.9419
10,clab-nebula-serf47,55,154,147,146,1,8,0.9932,0.9481,0.9419
10,clab-nebula-serf84,55,142,147,134,13,8,0.9116,0.9437,0.8645
10,clab-nebula-serf92,55,154,151,146,5,8,0.9669,0.9481,0.9182
10,clab-nebula-serf106,55,155,152,147,5,8,0.9671,0.9484,0.9187
10,clab-nebula-serf108,55,158,153,150,3,8,0.9804,0.9494,0.9317
10,clab-nebula-serf119,55,27,86,25,61,2,0.2907,0.9259,0.2841
10,clab-nebula-serf125,55,161,153,153,0,8,1.0,0.9503,0.9503
10,clab-nebula-serf54,55,154,147,146,1,8,0.9932,0.9481,0.9419
10,clab-nebula-serf57,55,155,148,147,1,8,0.9932,0.9484,0.9423
10,clab-nebula-serf24,55,124,148,117,31,7,0.7905,0.9435,0.7548
10,clab-nebula-serf42,55,127,148,120,28,7,0.8108,0.9449,0.7742
10,clab-nebula-serf48,55,154,147,146,1,8,0.9932,0.9481,0.9419
10,clab-nebula-serf2,55,120,149,114,35,6,0.7651,0.95,0.7355
10,clab-nebula-serf21,55,133,148,126,22,7,0.8514,0.9474,0.8129
10,clab-nebula-serf67,55,154,151,146,5,8,0.9669,0.9481,0.9182
10,clab-nebula-serf102,55,160,152,152,0,8,1.0,0.95,0.95
10,clab-nebula-serf110,55,154,151,146,5,8,0.9669,0.9481,0.9182
10,clab-nebula-serf132,55,144,153,136,17,8,0.8889,0.9444,0.8447
10,clab-nebula-serf134,55,137,154,130,24,7,0.8442,0.9489,0.8075
10,clab-nebula-serf137,55,137,154,130,24,7,0.8442,0.9489,0.8075
10,clab-nebula-serf10,55,153,147,145,2,8,0.9864,0.9477,0.9355
10,clab-nebula-serf46,55,154,147,146,1,8,0.9932,0.9481,0.9419
10,clab-nebula-serf74,55,155,152,147,5,8,0.9671,0.9484,0.9187
10,clab-nebula-serf76,55,158,153,150,3,8,0.9804,0.9494,0.9317
10,clab-nebula-serf149,55,143,145,135,10,8,0.931,0.9441,0.8824
10,clab-nebula-serf20,55,129,148,122,26,7,0.8243,0.9457,0.7871
10,clab-nebula-serf22,55,125,148,118,30,7,0.7973,0.944,0.7613
10,clab-nebula-serf160,55,139,154,132,22,7,0.8571,0.9496,0.8199
10,clab-nebula-serf31,55,154,147,146,1,8,0.9932,0.9481,0.9419
10,clab-nebula-serf93,55,156,152,148,4,8,0.9737,0.9487,0.925
10,clab-nebula-serf122,55,161,153,153,0,8,1.0,0.9503,0.9503
10,clab-nebula-serf38,55,154,147,146,1,8,0.9932,0.9481,0.9419
10,clab-nebula-serf55,55,154,147,146,1,8,0.9932,0.9481,0.9419
10,clab-nebula-serf79,55,158,153,150,3,8,0.9804,0.9494,0.9317
10,clab-nebula-serf113,55,161,153,153,0,8,1.0,0.9503,0.9503
10,clab-nebula-serf120,55,24,86,22,64,2,0.2558,0.9167,0.25
10,clab-nebula-serf128,55,159,153,151,2,8,0.9869,0.9497,0.9379
10,clab-nebula-serf8,55,130,148,123,25,7,0.8311,0.9462,0.7935
10,clab-nebula-serf27,55,122,148,115,33,7,0.777,0.9426,0.7419
10,clab-nebula-serf78,55,155,152,147,5,8,0.9671,0.9484,0.9187
10,clab-nebula-serf104,55,159,153,151,2,8,0.9869,0.9497,0.9379
10,clab-nebula-serf133,55,137,154,130,24,7,0.8442,0.9489,0.8075
10,clab-nebula-serf64,55,154,147,146,1,8,0.9932,0.9481,0.9419
10,clab-nebula-serf73,55,158,153,150,3,8,0.9804,0.9494,0.9317
10,clab-nebula-serf118,55,25,86,23,63,2,0.2674,0.92,0.2614
10,clab-nebula-serf5,55,121,149,115,34,6,0.7718,0.9504,0.7419
10,clab-nebula-serf87,55,155,153,147,6,8,0.9608,0.9484,0.913
10,clab-nebula-serf88,55,154,153,146,7,8,0.9542,0.9481,0.9068
10,clab-nebula-serf153,55,137,146,130,16,7,0.8904,0.9489,0.8497
10,clab-nebula-serf53,55,154,147,146,1,8,0.9932,0.9481,0.9419
10,clab-nebula-serf69,55,158,153,150,3,8,0.9804,0.9494,0.9317
10,clab-nebula-serf60,55,154,147,146,1,8,0.9932,0.9481,0.9419
10,clab-nebula-serf145,55,130,154,123,31,7,0.7987,0.9462,0.764
10,clab-nebula-serf6,55,151,147,143,4,8,0.9728,0.947,0.9226
10,clab-nebula-serf11,55,154,147,146,1,8,0.9932,0.9481,0.9419
10,clab-nebula-serf98,55,160,152,152,0,8,1.0,0.95,0.95
10,clab-nebula-serf138,55,137,154,130,24,7,0.8442,0.9489,0.8075
10,clab-nebula-serf150,55,141,148,134,14,7,0.9054,0.9504,0.8645
10,clab-nebula-serf18,55,151,147,143,4,8,0.9728,0.947,0.9226
10,clab-nebula-serf30,55,154,147,146,1,8,0.9932,0.9481,0.9419
10,clab-nebula-serf44,55,154,147,146,1,8,0.9932,0.9481,0.9419
10,clab-nebula-serf131,55,137,154,130,24,7,0.8442,0.9489,0.8075
10,clab-nebula-serf35,55,145,147,137,10,8,0.932,0.9448,0.8839
10,clab-nebula-serf40,55,153,147,145,2,8,0.9864,0.9477,0.9355
10,clab-nebula-serf144,55,151,153,143,10,8,0.9346,0.947,0.8882
10,clab-nebula-serf152,55,152,147,144,3,8,0.9796,0.9474,0.929
10,clab-nebula-serf162,55,74,157,70,87,4,0.4459,0.9459,0.4348
10,clab-nebula-serf41,55,126,148,119,29,7,0.8041,0.9444,0.7677
10,clab-nebula-serf72,55,158,153,150,3,8,0.9804,0.9494,0.9317
10,clab-nebula-serf141,55,137,154,130,24,7,0.8442,0.9489,0.8075
10,clab-nebula-serf25,55,127,148,120,28,7,0.8108,0.9449,0.7742
10,clab-nebula-serf50,55,154,147,146,1,8,0.9932,0.9481,0.9419
10,clab-nebula-serf51,55,154,147,146,1,8,0.9932,0.9481,0.9419
10,clab-nebula-serf66,55,154,151,146,5,8,0.9669,0.9481,0.9182
10,clab-nebula-serf86,55,155,153,147,6,8,0.9608,0.9484,0.913
10,clab-nebula-serf90,55,155,153,147,6,8,0.9608,0.9484,0.913
10,clab-nebula-serf143,55,130,154,123,31,7,0.7987,0.9462,0.764
10,clab-nebula-serf7,55,151,147,143,4,8,0.9728,0.947,0.9226
10,clab-nebula-serf37,55,154,147,146,1,8,0.9932,0.9481,0.9419
10,clab-nebula-serf43,55,154,147,146,1,8,0.9932,0.9481,0.9419
10,clab-nebula-serf58,55,156,148,148,0,8,1.0,0.9487,0.9487
10,clab-nebula-serf61,55,156,148,148,0,8,1.0,0.9487,0.9487
10,clab-nebula-serf112,55,148,152,140,12,8,0.9211,0.9459,0.875
10,clab-nebula-serf15,55,154,147,146,1,8,0.9932,0.9481,0.9419
10,clab-nebula-serf16,55,155,148,147,1,8,0.9932,0.9484,0.9423
10,clab-nebula-serf77,55,158,153,150,3,8,0.9804,0.9494,0.9317
10,clab-nebula-serf121,55,161,153,153,0,8,1.0,0.9503,0.9503
10,clab-nebula-serf140,55,136,154,129,25,7,0.8377,0.9485,0.8012
10,clab-nebula-serf148,55,133,144,126,18,7,0.875,0.9474,0.8344
10,clab-nebula-serf154,55,137,146,130,16,7,0.8904,0.9489,0.8497
10,clab-nebula-serf156,55,145,145,137,8,8,0.9448,0.9448,0.8954
10,clab-nebula-serf23,55,122,148,115,33,7,0.777,0.9426,0.7419
10,clab-nebula-serf39,55,155,153,147,6,8,0.9608,0.9484,0.913
10,clab-nebula-serf62,55,154,147,146,1,8,0.9932,0.9481,0.9419
10,clab-nebula-serf107,55,157,153,149,4,8,0.9739,0.949,0.9255
10,clab-nebula-serf115,55,57,130,54,76,3,0.4154,0.9474,0.406
10,clab-nebula-serf151,55,137,146,130,16,7,0.8904,0.9489,0.8497
10,clab-nebula-serf158,55,136,154,129,25,7,0.8377,0.9485,0.8012
10,clab-nebula-serf28,55,111,145,105,40,6,0.7241,0.9459,0.6954
10,clab-nebula-serf29,55,122,144,115,29,7,0.7986,0.9426,0.7616
10,clab-nebula-serf130,60,146,153,138,15,8,0.902,0.9452,0.8571
10,clab-nebula-serf161,60,149,153,141,12,8,0.9216,0.9463,0.8758
10,clab-nebula-serf32,60,155,148,147,1,8,0.9932,0.9484,0.9423
10,clab-nebula-serf63,60,154,147,146,1,8,0.9932,0.9481,0.9419
10,clab-nebula-serf45,60,155,147,147,0,8,1.0,0.9484,0.9484
10,clab-nebula-serf49,60,157,149,149,0,8,1.0,0.949,0.949
10,clab-nebula-serf83,60,156,153,148,5,8,0.9673,0.9487,0.9193
10,clab-nebula-serf91,60,161,153,153,0,8,1.0,0.9503,0.9503
10,clab-nebula-serf136,60,149,153,141,12,8,0.9216,0.9463,0.8758
10,clab-nebula-serf146,60,146,153,138,15,8,0.902,0.9452,0.8571
10,clab-nebula-serf12,60,155,148,147,1,8,0.9932,0.9484,0.9423
10,clab-nebula-serf19,60,157,149,149,0,8,1.0,0.949,0.949
10,clab-nebula-serf80,60,159,153,151,2,8,0.9869,0.9497,0.9379
10,clab-nebula-serf111,60,161,153,153,0,8,1.0,0.9503,0.9503
10,clab-nebula-serf109,60,161,153,153,0,8,1.0,0.9503,0.9503
10,clab-nebula-serf147,60,152,147,144,3,8,0.9796,0.9474,0.929
10,clab-nebula-serf4,60,141,148,134,14,7,0.9054,0.9504,0.8645
10,clab-nebula-serf100,60,161,153,153,0,8,1.0,0.9503,0.9503
10,clab-nebula-serf75,60,158,153,150,3,8,0.9804,0.9494,0.9317
10,clab-nebula-serf89,60,158,153,150,3,8,0.9804,0.9494,0.9317
10,clab-nebula-serf101,60,161,153,153,0,8,1.0,0.9503,0.9503
10,clab-nebula-serf105,60,161,153,153,0,8,1.0,0.9503,0.9503
10,clab-nebula-serf65,60,155,147,147,0,8,1.0,0.9484,0.9484
10,clab-nebula-serf68,60,158,153,150,3,8,0.9804,0.9494,0.9317
10,clab-nebula-serf94,60,161,153,153,0,8,1.0,0.9503,0.9503
10,clab-nebula-serf103,60,161,153,153,0,8,1.0,0.9503,0.9503
10,clab-nebula-serf117,60,68,124,64,60,4,0.5161,0.9412,0.5
10,clab-nebula-serf127,60,161,153,153,0,8,1.0,0.9503,0.9503
10,clab-nebula-serf129,60,158,153,150,3,8,0.9804,0.9494,0.9317
10,clab-nebula-serf155,60,150,147,142,5,8,0.966,0.9467,0.9161
10,clab-nebula-serf3,60,141,148,134,14,7,0.9054,0.9504,0.8645
10,clab-nebula-serf14,60,155,148,147,1,8,0.9932,0.9484,0.9423
10,clab-nebula-serf142,60,140,154,133,21,7,0.8636,0.95,0.8261
10,clab-nebula-serf96,60,161,153,153,0,8,1.0,0.9503,0.9503
10,clab-nebula-serf116,60,88,155,83,72,5,0.5355,0.9432,0.5188
10,clab-nebula-serf56,60,158,150,150,0,8,1.0,0.9494,0.9494
10,clab-nebula-serf59,60,161,153,153,0,8,1.0,0.9503,0.9503
10,clab-nebula-serf70,60,161,153,153,0,8,1.0,0.9503,0.9503
10,clab-nebula-serf81,60,161,153,153,0,8,1.0,0.9503,0.9503
10,clab-nebula-serf95,60,159,153,151,2,8,0.9869,0.9497,0.9379
10,clab-nebula-serf114,60,161,153,153,0,8,1.0,0.9503,0.9503
10,clab-nebula-serf9,60,154,147,146,1,8,0.9932,0.9481,0.9419
10,clab-nebula-serf17,60,157,149,149,0,8,1.0,0.949,0.949
10,clab-nebula-serf139,60,149,153,141,12,8,0.9216,0.9463,0.8758
10,clab-nebula-serf52,60,157,149,149,0,8,1.0,0.949,0.949
10,clab-nebula-serf71,60,161,153,153,0,8,1.0,0.9503,0.9503
10,clab-nebula-serf26,60,155,148,147,1,8,0.9932,0.9484,0.9423
10,clab-nebula-serf34,60,156,148,148,0,8,1.0,0.9487,0.9487
10,clab-nebula-serf126,60,161,153,153,0,8,1.0,0.9503,0.9503
10,clab-nebula-serf36,60,154,147,146,1,8,0.9932,0.9481,0.9419
10,clab-nebula-serf82,60,148,146,140,6,8,0.9589,0.9459,0.9091
10,clab-nebula-serf85,60,157,153,149,4,8,0.9739,0.949,0.9255
10,clab-nebula-serf97,60,161,153,153,0,8,1.0,0.9503,0.9503
10,clab-nebula-serf99,60,161,153,153,0,8,1.0,0.9503,0.9503
10,clab-nebula-serf124,60,161,153,153,0,8,1.0,0.9503,0.9503
10,clab-nebula-serf157,60,148,153,140,13,8,0.915,0.9459,0.8696
10,clab-nebula-serf159,60,148,153,140,13,8,0.915,0.9459,0.8696
10,clab-nebula-serf1,60,153,149,145,4,8,0.9732,0.9477,0.9236
10,clab-nebula-serf33,60,157,149,149,0,8,1.0,0.949,0.949
10,clab-nebula-serf123,60,161,153,153,0,8,1.0,0.9503,0.9503
10,clab-nebula-serf135,60,146,153,138,15,8,0.902,0.9452,0.8571
10,clab-nebula-serf13,60,157,149,149,0,8,1.0,0.949,0.949
10,clab-nebula-serf47,60,156,148,148,0,8,1.0,0.9487,0.9487
10,clab-nebula-serf84,60,154,153,146,7,8,0.9542,0.9481,0.9068
10,clab-nebula-serf92,60,158,153,150,3,8,0.9804,0.9494,0.9317
10,clab-nebula-serf106,60,161,153,153,0,8,1.0,0.9503,0.9503
10,clab-nebula-serf108,60,161,153,153,0,8,1.0,0.9503,0.9503
10,clab-nebula-serf119,60,53,88,50,38,3,0.5682,0.9434,0.5495
10,clab-nebula-serf125,60,161,153,153,0,8,1.0,0.9503,0.9503
10,clab-nebula-serf54,60,157,149,149,0,8,1.0,0.949,0.949
10,clab-nebula-serf57,60,158,150,150,0,8,1.0,0.9494,0.9494
10,clab-nebula-serf24,60,129,148,122,26,7,0.8243,0.9457,0.7871
10,clab-nebula-serf42,60,153,147,145,2,8,0.9864,0.9477,0.9355
10,clab-nebula-serf48,60,155,147,147,0,8,1.0,0.9484,0.9484
10,clab-nebula-serf2,60,124,148,117,31,7,0.7905,0.9435,0.7548
10,clab-nebula-serf21,60,154,147,146,1,8,0.9932,0.9481,0.9419
10,clab-nebula-serf67,60,158,153,150,3,8,0.9804,0.9494,0.9317
10,clab-nebula-serf102,60,161,153,153,0,8,1.0,0.9503,0.9503
10,clab-nebula-serf110,60,157,153,149,4,8,0.9739,0.949,0.9255
10,clab-nebula-serf132,60,151,153,143,10,8,0.9346,0.947,0.8882
10,clab-nebula-serf134,60,147,153,139,14,8,0.9085,0.9456,0.8634
10,clab-nebula-serf137,60,148,153,140,13,8,0.915,0.9459,0.8696
10,clab-nebula-serf10,60,156,149,148,1,8,0.9933,0.9487,0.9427
10,clab-nebula-serf46,60,154,147,146,1,8,0.9932,0.9481,0.9419
10,clab-nebula-serf74,60,159,153,151,2,8,0.9869,0.9497,0.9379
10,clab-nebula-serf76,60,161,153,153,0,8,1.0,0.9503,0.9503
10,clab-nebula-serf149,60,152,147,144,3,8,0.9796,0.9474,0.929
10,clab-nebula-serf20,60,154,147,146,1,8,0.9932,0.9481,0.9419
10,clab-nebula-serf22,60,153,147,145,2,8,0.9864,0.9477,0.9355
10,clab-nebula-serf160,60,149,153,141,12,8,0.9216,0.9463,0.8758
10,clab-nebula-serf31,60,154,147,146,1,8,0.9932,0.9481,0.9419
10,clab-nebula-serf93,60,161,153,153,0,8,1.0,0.9503,0.9503
10,clab-nebula-serf122,60,161,153,153,0,8,1.0,0.9503,0.9503
10,clab-nebula-serf38,60,154,147,146,1,8,0.9932,0.9481,0.9419
10,clab-nebula-serf55,60,157,149,149,0,8,1.0,0.949,0.949
10,clab-nebula-serf79,60,161,153,153,0,8,1.0,0.9503,0.9503
10,clab-nebula-serf113,60,161,153,153,0,8,1.0,0.9503,0.9503
10,clab-nebula-serf120,60,48,87,45,42,3,0.5172,0.9375,0.5
10,clab-nebula-serf128,60,161,153,153,0,8,1.0,0.9503,0.9503
10,clab-nebula-serf8,60,153,147,145,2,8,0.9864,0.9477,0.9355
10,clab-nebula-serf27,60,125,148,118,30,7,0.7973,0.944,0.7613
10,clab-nebula-serf78,60,158,153,150,3,8,0.9804,0.9494,0.9317
10,clab-nebula-serf104,60,161,153,153,0,8,1.0,0.9503,0.9503
10,clab-nebula-serf133,60,149,153,141,12,8,0.9216,0.9463,0.8758
10,clab-nebula-serf64,60,154,147,146,1,8,0.9932,0.9481,0.9419
10,clab-nebula-serf73,60,161,153,153,0,8,1.0,0.9503,0.9503
10,clab-nebula-serf118,60,48,88,45,43,3,0.5114,0.9375,0.4945
10,clab-nebula-serf5,60,143,147,135,12,8,0.9184,0.9441,0.871
10,clab-nebula-serf87,60,158,153,150,3,8,0.9804,0.9494,0.9317
10,clab-nebula-serf88,60,158,153,150,3,8,0.9804,0.9494,0.9317
10,clab-nebula-serf153,60,148,147,140,7,8,0.9524,0.9459,0.9032
10,clab-nebula-serf53,60,157,149,149,0,8,1.0,0.949,0.949
10,clab-nebula-serf69,60,161,153,153,0,8,1.0,0.9503,0.9503
10,clab-nebula-serf60,60,158,150,150,0,8,1.0,0.9494,0.9494
10,clab-nebula-serf145,60,145,153,137,16,8,0.8954,0.9448,0.8509
10,clab-nebula-serf6,60,155,148,147,1,8,0.9932,0.9484,0.9423
10,clab-nebula-serf11,60,157,149,149,0,8,1.0,0.949,0.949
10,clab-nebula-serf98,60,161,153,153,0,8,1.0,0.9503,0.9503
10,clab-nebula-serf138,60,147,153,139,14,8,0.9085,0.9456,0.8634
10,clab-nebula-serf150,60,152,147,144,3,8,0.9796,0.9474,0.929
10,clab-nebula-serf18,60,157,149,149,0,8,1.0,0.949,0.949
10,clab-nebula-serf30,60,154,147,146,1,8,0.9932,0.9481,0.9419
10,clab-nebula-serf44,60,156,148,148,0,8,1.0,0.9487,0.9487
10,clab-nebula-serf131,60,149,153,141,12,8,0.9216,0.9463,0.8758
10,clab-nebula-serf35,60,154,147,146,1,8,0.9932,0.9481,0.9419
10,clab-nebula-serf40,60,154,147,146,1,8,0.9932,0.9481,0.9419
10,clab-nebula-serf144,60,155,153,147,6,8,0.9608,0.9484,0.913
10,clab-nebula-serf152,60,156,148,148,0,8,1.0,0.9487,0.9487
10,clab-nebula-serf162,60,113,155,107,48,6,0.6903,0.9469,0.6646
10,clab-nebula-serf41,60,153,147,145,2,8,0.9864,0.9477,0.9355
10,clab-nebula-serf72,60,161,153,153,0,8,1.0,0.9503,0.9503
10,clab-nebula-serf141,60,149,153,141,12,8,0.9216,0.9463,0.8758
10,clab-nebula-serf25,60,154,147,146,1,8,0.9932,0.9481,0.9419
10,clab-nebula-serf50,60,156,148,148,0,8,1.0,0.9487,0.9487
10,clab-nebula-serf51,60,157,149,149,0,8,1.0,0.949,0.949
10,clab-nebula-serf66,60,158,153,150,3,8,0.9804,0.9494,0.9317
10,clab-nebula-serf86,60,160,153,152,1,8,0.9935,0.95,0.9441
10,clab-nebula-serf90,60,159,153,151,2,8,0.9869,0.9497,0.9379
10,clab-nebula-serf143,60,145,153,137,16,8,0.8954,0.9448,0.8509
10,clab-nebula-serf7,60,156,149,148,1,8,0.9933,0.9487,0.9427
10,clab-nebula-serf37,60,156,148,148,0,8,1.0,0.9487,0.9487
10,clab-nebula-serf43,60,154,147,146,1,8,0.9932,0.9481,0.9419
10,clab-nebula-serf58,60,160,152,152,0,8,1.0,0.95,0.95
10,clab-nebula-serf61,60,158,150,150,0,8,1.0,0.9494,0.9494
10,clab-nebula-serf112,60,159,153,151,2,8,0.9869,0.9497,0.9379
10,clab-nebula-serf15,60,158,150,150,0,8,1.0,0.9494,0.9494
10,clab-nebula-serf16,60,158,150,150,0,8,1.0,0.9494,0.9494
10,clab-nebula-serf77,60,161,153,153,0,8,1.0,0.9503,0.9503
10,clab-nebula-serf121,60,161,153,153,0,8,1.0,0.9503,0.9503
10,clab-nebula-serf140,60,145,153,137,16,8,0.8954,0.9448,0.8509
10,clab-nebula-serf148,60,148,147,140,7,8,0.9524,0.9459,0.9032
10,clab-nebula-serf154,60,147,146,139,7,8,0.9521,0.9456,0.9026
10,clab-nebula-serf156,60,154,148,146,2,8,0.9865,0.9481,0.9359
10,clab-nebula-serf23,60,124,148,117,31,7,0.7905,0.9435,0.7548
10,clab-nebula-serf39,60,158,153,150,3,8,0.9804,0.9494,0.9317
10,clab-nebula-serf62,60,154,147,146,1,8,0.9932,0.9481,0.9419
10,clab-nebula-serf107,60,161,153,153,0,8,1.0,0.9503,0.9503
10,clab-nebula-serf115,60,103,155,97,58,6,0.6258,0.9417,0.6025
10,clab-nebula-serf151,60,148,147,140,7,8,0.9524,0.9459,0.9032
10,clab-nebula-serf158,60,148,153,140,13,8,0.915,0.9459,0.8696
10,clab-nebula-serf28,60,121,145,115,30,6,0.7931,0.9504,0.7616
10,clab-nebula-serf29,60,125,146,118,28,7,0.8082,0.944,0.7712
12,clab-nebula-serf130,5,0,0,0,0,0,1.0,1.0,1.0
12,clab-nebula-serf161,5,4,4,3,1,1,0.75,0.75,0.6
12,clab-nebula-serf32,5,3,6,2,4,1,0.3333,0.6667,0.2857
12,clab-nebula-serf63,5,0,0,0,0,0,1.0,1.0,1.0
12,clab-nebula-serf45,5,2,5,1,4,1,0.2,0.5,0.1667
12,clab-nebula-serf49,5,4,6,3,3,1,0.5,0.75,0.4286
12,clab-nebula-serf83,5,0,0,0,0,0,1.0,1.0,1.0
12,clab-nebula-serf91,5,3,3,2,1,1,0.6667,0.6667,0.5
12,clab-nebula-serf136,5,0,0,0,0,0,1.0,1.0,1.0
12,clab-nebula-serf146,5,0,0,0,0,0,1.0,1.0,1.0
12,clab-nebula-serf12,5,0,0,0,0,0,1.0,1.0,1.0
12,clab-nebula-serf19,5,0,0,0,0,0,1.0,1.0,1.0
12,clab-nebula-serf80,5,0,0,0,0,0,1.0,1.0,1.0
12,clab-nebula-serf111,5,1,6,1,5,0,0.1667,1.0,0.1667
12,clab-nebula-serf109,5,3,5,2,3,1,0.4,0.6667,0.3333
12,clab-nebula-serf147,5,0,0,0,0,0,1.0,1.0,1.0
12,clab-nebula-serf4,5,1,1,1,0,0,1.0,1.0,1.0
12,clab-nebula-serf100,5,6,5,5,0,1,1.0,0.8333,0.8333
12,clab-nebula-serf75,5,0,0,0,0,0,1.0,1.0,1.0
12,clab-nebula-serf89,5,3,2,2,0,1,1.0,0.6667,0.6667
12,clab-nebula-serf101,5,4,4,3,1,1,0.75,0.75,0.6
12,clab-nebula-serf105,5,1,6,1,5,0,0.1667,1.0,0.1667
12,clab-nebula-serf65,5,0,0,0,0,0,1.0,1.0,1.0
12,clab-nebula-serf68,5,0,0,0,0,0,1.0,1.0,1.0
12,clab-nebula-serf94,5,2,4,1,3,1,0.25,0.5,0.2
12,clab-nebula-serf103,5,7,6,6,0,1,1.0,0.8571,0.8571
12,clab-nebula-serf117,5,0,0,0,0,0,1.0,1.0,1.0
12,clab-nebula-serf127,5,0,0,0,0,0,1.0,1.0,1.0
12,clab-nebula-serf129,5,0,0,0,0,0,1.0,1.0,1.0
12,clab-nebula-serf155,5,0,0,0,0,0,1.0,1.0,1.0
12,clab-nebula-serf3,5,0,0,0,0,0,1.0,1.0,1.0
12,clab-nebula-serf14,5,0,0,0,0,0,1.0,1.0,1.0
12,clab-nebula-serf142,5,0,0,0,0,0,1.0,1.0,1.0
12,clab-nebula-serf96,5,4,3,3,0,1,1.0,0.75,0.75
12,clab-nebula-serf116,5,0,0,0,0,0,1.0,1.0,1.0
12,clab-nebula-serf56,5,9,17,8,9,1,0.4706,0.8889,0.4444
12,clab-nebula-serf59,5,5,28,4,24,1,0.1429,0.8,0.1379
12,clab-nebula-serf70,5,3,94,2,92,1,0.0213,0.6667,0.0211
12,clab-nebula-serf81,5,1,8,1,7,0,0.125,1.0,0.125
12,clab-nebula-serf95,5,0,0,0,0,0,1.0,1.0,1.0
12,clab-nebula-serf114,5,1,1,1,0,0,1.0,1.0,1.0
12,clab-nebula-serf9,5,1,1,1,0,0,1.0,1.0,1.0
12,clab-nebula-serf17,5,1,4,1,3,0,0.25,1.0,0.25
12,clab-nebula-serf139,5,0,0,0,0,0,1.0,1.0,1.0
12,clab-nebula-serf52,5,1,2,1,1,0,0.5,1.0,0.5
12,clab-nebula-serf71,5,0,0,0,0,0,1.0,1.0,1.0
12,clab-nebula-serf26,5,3,6,2,4,1,0.3333,0.6667,0.2857
12,clab-nebula-serf34,5,1,5,1,4,0,0.2,1.0,0.2
12,clab-nebula-serf126,5,0,0,0,0,0,1.0,1.0,1.0
12,clab-nebula-serf36,5,0,0,0,0,0,1.0,1.0,1.0
12,clab-nebula-serf82,5,0,0,0,0,0,1.0,1.0,1.0
12,clab-nebula-serf85,5,0,0,0,0,0,1.0,1.0,1.0
12,clab-nebula-serf97,5,5,5,4,1,1,0.8,0.8,0.6667
12,clab-nebula-serf99,5,6,5,5,0,1,1.0,0.8333,0.8333
12,clab-nebula-serf124,5,0,0,0,0,0,1.0,1.0,1.0
12,clab-nebula-serf157,5,4,4,3,1,1,0.75,0.75,0.6
12,clab-nebula-serf159,5,4,4,3,1,1,0.75,0.75,0.6
12,clab-nebula-serf1,5,0,0,0,0,0,1.0,1.0,1.0
12,clab-nebula-serf33,5,3,156,2,154,1,0.0128,0.6667,0.0127
12,clab-nebula-serf123,5,0,0,0,0,0,1.0,1.0,1.0
12,clab-nebula-serf135,5,0,0,0,0,0,1.0,1.0,1.0
12,clab-nebula-serf13,5,0,0,0,0,0,1.0,1.0,1.0
12,clab-nebula-serf47,5,4,6,3,3,1,0.5,0.75,0.4286
12,clab-nebula-serf84,5,0,0,0,0,0,1.0,1.0,1.0
12,clab-nebula-serf92,5,0,0,0,0,0,1.0,1.0,1.0
12,clab-nebula-serf106,5,0,0,0,0,0,1.0,1.0,1.0
12,clab-nebula-serf108,5,0,0,0,0,0,1.0,1.0,1.0
12,clab-nebula-serf119,5,2,1,1,0,1,1.0,0.5,0.5
12,clab-nebula-serf125,5,0,0,0,0,0,1.0,1.0,1.0
12,clab-nebula-serf54,5,1,4,1,3,0,0.25,1.0,0.25
12,clab-nebula-serf57,5,4,7,3,4,1,0.4286,0.75,0.375
12,clab-nebula-serf24,5,0,0,0,0,0,1.0,1.0,1.0
12,clab-nebula-serf42,5,0,0,0,0,0,1.0,1.0,1.0
12,clab-nebula-serf48,5,0,0,0,0,0,1.0,1.0,1.0
12,clab-nebula-serf2,5,0,0,0,0,0,1.0,1.0,1.0
12,clab-nebula-serf21,5,2,6,1,5,1,0.1667,0.5,0.1429
12,clab-nebula-serf67,5,0,0,0,0,0,1.0,1.0,1.0
12,clab-nebula-serf102,5,5,5,4,1,1,0.8,0.8,0.6667
12,clab-nebula-serf110,5,0,0,0,0,0,1.0,1.0,1.0
12,clab-nebula-serf132,5,0,0,0,0,0,1.0,1.0,1.0
12,clab-nebula-serf134,5,0,0,0,0,0,1.0,1.0,1.0
12,clab-nebula-serf137,5,0,0,0,0,0,1.0,1.0,1.0
12,clab-nebula-serf10,5,1,1,1,0,0,1.0,1.0,1.0
12,clab-nebula-serf46,5,0,0,0,0,0,1.0,1.0,1.0
12,clab-nebula-serf74,5,0,0,0,0,0,1.0,1.0,1.0
12,clab-nebula-serf76,5,2,6,1,5,1,0.1667,0.5,0.1429
12,clab-nebula-serf149,5,0,0,0,0,0,1.0,1.0,1.0
12,clab-nebula-serf20,5,2,1,1,0,1,1.0,0.5,0.5
12,clab-nebula-serf22,5,0,0,0,0,0,1.0,1.0,1.0
12,clab-nebula-serf160,5,4,4,3,1,1,0.75,0.75,0.6
12,clab-nebula-serf31,5,1,1,1,0,0,1.0,1.0,1.0
12,clab-nebula-serf93,5,3,3,2,1,1,0.6667,0.6667,0.5
12,clab-nebula-serf122,5,0,0,0,0,0,1.0,1.0,1.0
12,clab-nebula-serf38,5,0,0,0,0,0,1.0,1.0,1.0
12,clab-nebula-serf55,5,0,0,0,0,0,1.0,1.0,1.0
12,clab-nebula-serf79,5,6,79,5,74,1,0.0633,0.8333,0.0625
12,clab-nebula-serf113,5,1,1,1,0,0,1.0,1.0,1.0
12,clab-nebula-serf120,5,2,1,1,0,1,1.0,0.5,0.5
12,clab-nebula-serf128,5,0,0,0,0,0,1.0,1.0,1.0
12,clab-nebula-serf8,5,0,0,0,0,0,1.0,1.0,1.0
12,clab-nebula-serf27,5,0,0,0,0,0,1.0,1.0,1.0
12,clab-nebula-serf78,5,0,0,0,0,0,1.0,1.0,1.0
12,clab-nebula-serf104,5,1,6,1,5,0,0.1667,1.0,0.1667
12,clab-nebula-serf133,5,0,0,0,0,0,1.0,1.0,1.0
12,clab-nebula-serf64,5,0,0,0,0,0,1.0,1.0,1.0
12,clab-nebula-serf73,5,4,79,3,76,1,0.038,0.75,0.0375
12,clab-nebula-serf118,5,2,1,1,0,1,1.0,0.5,0.5
12,clab-nebula-serf5,5,0,0,0,0,0,1.0,1.0,1.0
12,clab-nebula-serf87,5,3,2,2,0,1,1.0,0.6667,0.6667
12,clab-nebula-serf88,5,3,2,2,0,1,1.0,0.6667,0.6667
12,clab-nebula-serf153,5,0,0,0,0,0,1.0,1.0,1.0
12,clab-nebula-serf53,5,0,0,0,0,0,1.0,1.0,1.0
12,clab-nebula-serf69,5,0,0,0,0,0,1.0,1.0,1.0
12,clab-nebula-serf60,5,4,18,3,15,1,0.1667,0.75,0.1579
12,clab-nebula-serf145,5,0,0,0,0,0,1.0,1.0,1.0
12,clab-nebula-serf6,5,1,5,1,4,0,0.2,1.0,0.2
12,clab-nebula-serf11,5,2,1,1,0,1,1.0,0.5,0.5
12,clab-nebula-serf98,5,1,4,0,4,1,0.0,0.0,0.0
12,clab-nebula-serf138,5,0,0,0,0,0,1.0,1.0,1.0
12,clab-nebula-serf150,5,0,0,0,0,0,1.0,1.0,1.0
12,clab-nebula-serf18,5,0,0,0,0,0,1.0,1.0,1.0
12,clab-nebula-serf30,5,1,1,1,0,0,1.0,1.0,1.0
12,clab-nebula-serf44,5,3,5,2,3,1,0.4,0.6667,0.3333
12,clab-nebula-serf131,5,0,0,0,0,0,1.0,1.0,1.0
12,clab-nebula-serf35,5,0,0,0,0,0,1.0,1.0,1.0
12,clab-nebula-serf40,5,0,0,0,0,0,1.0,1.0,1.0
12,clab-nebula-serf144,5,0,0,0,0,0,1.0,1.0,1.0
12,clab-nebula-serf152,5,0,0,0,0,0,1.0,1.0,1.0
12,clab-nebula-serf162,5,0,0,0,0,0,1.0,1.0,1.0
12,clab-nebula-serf41,5,0,0,0,0,0,1.0,1.0,1.0
12,clab-nebula-serf72,5,1,7,1,6,0,0.1429,1.0,0.1429
12,clab-nebula-serf141,5,0,0,0,0,0,1.0,1.0,1.0
12,clab-nebula-serf25,5,0,0,0,0,0,1.0,1.0,1.0
12,clab-nebula-serf50,5,3,5,2,3,1,0.4,0.6667,0.3333
12,clab-nebula-serf51,5,1,1,1,0,0,1.0,1.0,1.0
12,clab-nebula-serf66,5,0,0,0,0,0,1.0,1.0,1.0
12,clab-nebula-serf86,5,3,2,2,0,1,1.0,0.6667,0.6667
12,clab-nebula-serf90,5,2,1,1,0,1,1.0,0.5,0.5
12,clab-nebula-serf143,5,0,0,0,0,0,1.0,1.0,1.0
12,clab-nebula-serf7,5,1,6,1,5,0,0.1667,1.0,0.1667
12,clab-nebula-serf37,5,2,157,1,156,1,0.0064,0.5,0.0063
12,clab-nebula-serf43,5,0,0,0,0,0,1.0,1.0,1.0
12,clab-nebula-serf58,5,5,28,4,24,1,0.1429,0.8,0.1379
12,clab-nebula-serf61,5,5,28,4,24,1,0.1429,0.8,0.1379
12,clab-nebula-serf112,5,0,0,0,0,0,1.0,1.0,1.0
12,clab-nebula-serf15,5,1,2,1,1,0,0.5,1.0,0.5
12,clab-nebula-serf16,5,2,3,1,2,1,0.3333,0.5,0.25
12,clab-nebula-serf77,5,3,99,2,97,1,0.0202,0.6667,0.02
12,clab-nebula-serf121,5,0,0,0,0,0,1.0,1.0,1.0
12,clab-nebula-serf140,5,0,0,0,0,0,1.0,1.0,1.0
12,clab-nebula-serf148,5,0,0,0,0,0,1.0,1.0,1.0
12,clab-nebula-serf154,5,0,0,0,0,0,1.0,1.0,1.0
12,clab-nebula-serf156,5,0,0,0,0,0,1.0,1.0,1.0
12,clab-nebula-serf23,5,0,0,0,0,0,1.0,1.0,1.0
12,clab-nebula-serf39,5,2,113,1,112,1,0.0088,0.5,0.0088
12,clab-nebula-serf62,5,0,0,0,0,0,1.0,1.0,1.0
12,clab-nebula-serf107,5,0,0,0,0,0,1.0,1.0,1.0
12,clab-nebula-serf115,5,0,0,0,0,0,1.0,1.0,1.0
12,clab-nebula-serf151,5,0,0,0,0,0,1.0,1.0,1.0
12,clab-nebula-serf158,5,4,4,3,1,1,0.75,0.75,0.6
12,clab-nebula-serf28,5,0,0,0,0,0,1.0,1.0,1.0
12,clab-nebula-serf29,5,0,0,0,0,0,1.0,1.0,1.0
12,clab-nebula-serf130,10,0,0,0,0,0,1.0,1.0,1.0
12,clab-nebula-serf161,10,4,4,3,1,1,0.75,0.75,0.6
12,clab-nebula-serf32,10,19,157,18,139,1,0.1146,0.9474,0.1139
12,clab-nebula-serf63,10,0,0,0,0,0,1.0,1.0,1.0
12,clab-nebula-serf45,10,8,11,7,4,1,0.6364,0.875,0.5833
12,clab-nebula-serf49,10,14,99,13,86,1,0.1313,0.9286,0.13
12,clab-nebula-serf83,10,3,4,2,2,1,0.5,0.6667,0.4
12,clab-nebula-serf91,10,17,72,16,56,1,0.2222,0.9412,0.2192
12,clab-nebula-serf136,10,0,0,0,0,0,1.0,1.0,1.0
12,clab-nebula-serf146,10,0,0,0,0,0,1.0,1.0,1.0
12,clab-nebula-serf12,10,5,29,4,25,1,0.1379,0.8,0.1333
12,clab-nebula-serf19,10,5,22,4,18,1,0.1818,0.8,0.1739
12,clab-nebula-serf80,10,14,116,13,103,1,0.1121,0.9286,0.1111
12,clab-nebula-serf111,10,7,8,6,2,1,0.75,0.8571,0.6667
12,clab-nebula-serf109,10,8,8,7,1,1,0.875,0.875,0.7778
12,clab-nebula-serf147,10,0,0,0,0,0,1.0,1.0,1.0
12,clab-nebula-serf4,10,2,2,1,1,1,0.5,0.5,0.3333
12,clab-nebula-serf100,10,7,6,6,0,1,1.0,0.8571,0.8571
12,clab-nebula-serf75,10,7,79,6,73,1,0.0759,0.8571,0.075
12,clab-nebula-serf89,10,3,2,2,0,1,1.0,0.6667,0.6667
12,clab-nebula-serf101,10,7,6,6,0,1,1.0,0.8571,0.8571
12,clab-nebula-serf105,10,3,4,2,2,1,0.5,0.6667,0.4
12,clab-nebula-serf65,10,0,0,0,0,0,1.0,1.0,1.0
12,clab-nebula-serf68,10,5,14,4,10,1,0.2857,0.8,0.2667
12,clab-nebula-serf94,10,17,72,16,56,1,0.2222,0.9412,0.2192
12,clab-nebula-serf103,10,7,6,6,0,1,1.0,0.8571,0.8571
12,clab-nebula-serf117,10,0,0,0,0,0,1.0,1.0,1.0
12,clab-nebula-serf127,10,4,149,3,146,1,0.0201,0.75,0.02
12,clab-nebula-serf129,10,0,0,0,0,0,1.0,1.0,1.0
12,clab-nebula-serf155,10,0,0,0,0,0,1.0,1.0,1.0
12,clab-nebula-serf3,10,2,1,1,0,1,1.0,0.5,0.5
12,clab-nebula-serf14,10,4,29,3,26,1,0.1034,0.75,0.1
12,clab-nebula-serf142,10,0,0,0,0,0,1.0,1.0,1.0
12,clab-nebula-serf96,10,7,6,6,0,1,1.0,0.8571,0.8571
12,clab-nebula-serf116,10,0,0,0,0,0,1.0,1.0,1.0
12,clab-nebula-serf56,10,24,98,22,76,2,0.2245,0.9167,0.22
12,clab-nebula-serf59,10,26,98,24,74,2,0.2449,0.9231,0.24
12,clab-nebula-serf70,10,19,143,18,125,1,0.1259,0.9474,0.125
12,clab-nebula-serf81,10,22,116,20,96,2,0.1724,0.9091,0.1695
12,clab-nebula-serf95,10,10,67,9,58,1,0.1343,0.9,0.1324
12,clab-nebula-serf114,10,1,1,1,0,0,1.0,1.0,1.0
12,clab-nebula-serf9,10,8,22,7,15,1,0.3182,0.875,0.3043
12,clab-nebula-serf17,10,12,40,11,29,1,0.275,0.9167,0.2683
12,clab-nebula-serf139,10,0,0,0,0,0,1.0,1.0,1.0
12,clab-nebula-serf52,10,12,17,11,6,1,0.6471,0.9167,0.6111
12,clab-nebula-serf71,10,15,116,14,102,1,0.1207,0.9333,0.1197
12,clab-nebula-serf26,10,19,157,18,139,1,0.1146,0.9474,0.1139
12,clab-nebula-serf34,10,9,148,8,140,1,0.0541,0.8889,0.0537
12,clab-nebula-serf126,10,3,19,2,17,1,0.1053,0.6667,0.1
12,clab-nebula-serf36,10,2,157,1,156,1,0.0064,0.5,0.0063
12,clab-nebula-serf82,10,0,0,0,0,0,1.0,1.0,1.0
12,clab-nebula-serf85,10,4,6,3,3,1,0.5,0.75,0.4286
12,clab-nebula-serf97,10,7,6,6,0,1,1.0,0.8571,0.8571
12,clab-nebula-serf99,10,7,6,6,0,1,1.0,0.8571,0.8571
12,clab-nebula-serf124,10,3,14,2,12,1,0.1429,0.6667,0.1333
12,clab-nebula-serf157,10,4,4,3,1,1,0.75,0.75,0.6
12,clab-nebula-serf159,10,4,4,3,1,1,0.75,0.75,0.6
12,clab-nebula-serf1,10,6,5,5,0,1,1.0,0.8333,0.8333
12,clab-nebula-serf33,10,20,62,19,43,1,0.3065,0.95,0.3016
12,clab-nebula-serf123,10,2,38,1,37,1,0.0263,0.5,0.0256
12,clab-nebula-serf135,10,0,0,0,0,0,1.0,1.0,1.0
12,clab-nebula-serf13,10,7,33,6,27,1,0.1818,0.8571,0.1765
12,clab-nebula-serf47,10,12,19,11,8,1,0.5789,0.9167,0.55
12,clab-nebula-serf84,10,0,0,0,0,0,1.0,1.0,1.0
12,clab-nebula-serf92,10,9,72,8,64,1,0.1111,0.8889,0.1096
12,clab-nebula-serf106,10,2,2,1,1,1,0.5,0.5,0.3333
12,clab-nebula-serf108,10,2,4,1,3,1,0.25,0.5,0.2
12,clab-nebula-serf119,10,2,1,1,0,1,1.0,0.5,0.5
12,clab-nebula-serf125,10,3,19,2,17,1,0.1053,0.6667,0.1
12,clab-nebula-serf54,10,11,17,10,7,1,0.5882,0.9091,0.5556
12,clab-nebula-serf57,10,13,148,12,136,1,0.0811,0.9231,0.0805
12,clab-nebula-serf24,10,2,5,1,4,1,0.2,0.5,0.1667
12,clab-nebula-serf42,10,0,0,0,0,0,1.0,1.0,1.0
12,clab-nebula-serf48,10,5,5,4,1,1,0.8,0.8,0.6667
12,clab-nebula-serf2,10,1,8,1,7,0,0.125,1.0,0.125
12,clab-nebula-serf21,10,4,6,3,3,1,0.5,0.75,0.4286
12,clab-nebula-serf67,10,5,14,4,10,1,0.2857,0.8,0.2667
12,clab-nebula-serf102,10,7,6,6,0,1,1.0,0.8571,0.8571
12,clab-nebula-serf110,10,0,0,0,0,0,1.0,1.0,1.0
12,clab-nebula-serf132,10,0,0,0,0,0,1.0,1.0,1.0
12,clab-nebula-serf134,10,0,0,0,0,0,1.0,1.0,1.0
12,clab-nebula-serf137,10,0,0,0,0,0,1.0,1.0,1.0
12,clab-nebula-serf10,10,9,22,8,14,1,0.3636,0.8889,0.3478
12,clab-nebula-serf46,10,3,5,2,3,1,0.4,0.6667,0.3333
12,clab-nebula-serf74,10,9,67,8,59,1,0.1194,0.8889,0.1176
12,clab-nebula-serf76,10,25,116,23,93,2,0.1983,0.92,0.1949
12,clab-nebula-serf149,10,0,0,0,0,0,1.0,1.0,1.0
12,clab-nebula-serf20,10,4,5,3,2,1,0.6,0.75,0.5
12,clab-nebula-serf22,10,4,16,3,13,1,0.1875,0.75,0.1765
12,clab-nebula-serf160,10,4,4,3,1,1,0.75,0.75,0.6
12,clab-nebula-serf31,10,13,100,12,88,1,0.12,0.9231,0.1188
12,clab-nebula-serf93,10,16,74,15,59,1,0.2027,0.9375,0.2
12,clab-nebula-serf122,10,0,0,0,0,0,1.0,1.0,1.0
12,clab-nebula-serf38,10,4,156,3,153,1,0.0192,0.75,0.0191
12,clab-nebula-serf55,10,9,17,8,9,1,0.4706,0.8889,0.4444
12,clab-nebula-serf79,10,26,116,24,92,2,0.2069,0.9231,0.2034
12,clab-nebula-serf113,10,1,1,1,0,0,1.0,1.0,1.0
12,clab-nebula-serf120,10,2,1,1,0,1,1.0,0.5,0.5
12,clab-nebula-serf128,10,2,4,1,3,1,0.25,0.5,0.2
12,clab-nebula-serf8,10,5,4,4,0,1,1.0,0.8,0.8
12,clab-nebula-serf27,10,3,156,2,154,1,0.0128,0.6667,0.0127
12,clab-nebula-serf78,10,9,67,8,59,1,0.1194,0.8889,0.1176
12,clab-nebula-serf104,10,3,4,2,2,1,0.5,0.6667,0.4
12,clab-nebula-serf133,10,0,0,0,0,0,1.0,1.0,1.0
12,clab-nebula-serf64,10,0,0,0,0,0,1.0,1.0,1.0
12,clab-nebula-serf73,10,25,116,23,93,2,0.1983,0.92,0.1949
12,clab-nebula-serf118,10,2,1,1,0,1,1.0,0.5,0.5
12,clab-nebula-serf5,10,3,2,2,0,1,1.0,0.6667,0.6667
12,clab-nebula-serf87,10,3,2,2,0,1,1.0,0.6667,0.6667
12,clab-nebula-serf88,10,3,2,2,0,1,1.0,0.6667,0.6667
12,clab-nebula-serf153,10,0,0,0,0,0,1.0,1.0,1.0
12,clab-nebula-serf53,10,8,17,7,10,1,0.4118,0.875,0.3889
12,clab-nebula-serf69,10,14,116,13,103,1,0.1121,0.9286,0.1111
12,clab-nebula-serf60,10,10,19,9,10,1,0.4737,0.9,0.45
12,clab-nebula-serf145,10,0,0,0,0,0,1.0,1.0,1.0
12,clab-nebula-serf6,10,7,12,6,6,1,0.5,0.8571,0.4615
12,clab-nebula-serf11,10,14,24,13,11,1,0.5417,0.9286,0.52
12,clab-nebula-serf98,10,7,6,6,0,1,1.0,0.8571,0.8571
12,clab-nebula-serf138,10,0,0,0,0,0,1.0,1.0,1.0
12,clab-nebula-serf150,10,0,0,0,0,0,1.0,1.0,1.0
12,clab-nebula-serf18,10,5,20,4,16,1,0.2,0.8,0.1905
12,clab-nebula-serf30,10,13,100,12,88,1,0.12,0.9231,0.1188
12,clab-nebula-serf44,10,10,19,9,10,1,0.4737,0.9,0.45
12,clab-nebula-serf131,10,0,0,0,0,0,1.0,1.0,1.0
12,clab-nebula-serf35,10,1,4,1,3,0,0.25,1.0,0.25
12,clab-nebula-serf40,10,1,8,1,7,0,0.125,1.0,0.125
12,clab-nebula-serf144,10,0,0,0,0,0,1.0,1.0,1.0
12,clab-nebula-serf152,10,1,123,1,122,0,0.0081,1.0,0.0081
12,clab-nebula-serf162,10,0,0,0,0,0,1.0,1.0,1.0
12,clab-nebula-serf41,10,0,0,0,0,0,1.0,1.0,1.0
12,clab-nebula-serf72,10,16,116,15,101,1,0.1293,0.9375,0.1282
12,clab-nebula-serf141,10,0,0,0,0,0,1.0,1.0,1.0
12,clab-nebula-serf25,10,4,16,3,13,1,0.1875,0.75,0.1765
12,clab-nebula-serf50,10,8,11,7,4,1,0.6364,0.875,0.5833
12,clab-nebula-serf51,10,9,17,8,9,1,0.4706,0.8889,0.4444
12,clab-nebula-serf66,10,4,14,3,11,1,0.2143,0.75,0.2
12,clab-nebula-serf86,10,4,3,3,0,1,1.0,0.75,0.75
12,clab-nebula-serf90,10,9,67,8,59,1,0.1194,0.8889,0.1176
12,clab-nebula-serf143,10,0,0,0,0,0,1.0,1.0,1.0
12,clab-nebula-serf7,10,9,20,8,12,1,0.4,0.8889,0.381
12,clab-nebula-serf37,10,8,152,7,145,1,0.0461,0.875,0.0458
12,clab-nebula-serf43,10,5,6,4,2,1,0.6667,0.8,0.5714
12,clab-nebula-serf58,10,19,99,18,81,1,0.1818,0.9474,0.18
12,clab-nebula-serf61,10,20,99,19,80,1,0.1919,0.95,0.19
12,clab-nebula-serf112,10,0,0,0,0,0,1.0,1.0,1.0
12,clab-nebula-serf15,10,14,41,13,28,1,0.3171,0.9286,0.3095
12,clab-nebula-serf16,10,17,41,16,25,1,0.3902,0.9412,0.381
12,clab-nebula-serf77,10,24,116,22,94,2,0.1897,0.9167,0.1864
12,clab-nebula-serf121,10,1,30,0,30,1,0.0,0.0,0.0
12,clab-nebula-serf140,10,0,0,0,0,0,1.0,1.0,1.0
12,clab-nebula-serf148,10,0,0,0,0,0,1.0,1.0,1.0
12,clab-nebula-serf154,10,0,0,0,0,0,1.0,1.0,1.0
12,clab-nebula-serf156,10,0,0,0,0,0,1.0,1.0,1.0
12,clab-nebula-serf23,10,0,0,0,0,0,1.0,1.0,1.0
12,clab-nebula-serf39,10,15,125,14,111,1,0.112,0.9333,0.1111
12,clab-nebula-serf62,10,4,7,3,4,1,0.4286,0.75,0.375
12,clab-nebula-serf107,10,2,7,1,6,1,0.1429,0.5,0.125
12,clab-nebula-serf115,10,0,0,0,0,0,1.0,1.0,1.0
12,clab-nebula-serf151,10,0,0,0,0,0,1.0,1.0,1.0
12,clab-nebula-serf158,10,4,4,3,1,1,0.75,0.75,0.6
12,clab-nebula-serf28,10,1,107,0,107,1,0.0,0.0,0.0
12,clab-nebula-serf29,10,2,95,1,94,1,0.0105,0.5,0.0104
12,clab-nebula-serf130,15,0,0,0,0,0,1.0,1.0,1.0
12,clab-nebula-serf161,15,5,4,4,0,1,1.0,0.8,0.8
12,clab-nebula-serf32,15,32,157,30,127,2,0.1911,0.9375,0.1887
12,clab-nebula-serf63,15,6,28,5,23,1,0.1786,0.8333,0.1724
12,clab-nebula-serf45,15,22,36,20,16,2,0.5556,0.9091,0.5263
12,clab-nebula-serf49,15,30,48,28,20,2,0.5833,0.9333,0.56
12,clab-nebula-serf83,15,14,66,13,53,1,0.197,0.9286,0.194
12,clab-nebula-serf91,15,36,125,34,91,2,0.272,0.9444,0.2677
12,clab-nebula-serf136,15,2,2,1,1,1,0.5,0.5,0.3333
12,clab-nebula-serf146,15,1,4,1,3,0,0.25,1.0,0.25
12,clab-nebula-serf12,15,19,41,18,23,1,0.439,0.9474,0.4286
12,clab-nebula-serf19,15,23,31,21,10,2,0.6774,0.913,0.6364
12,clab-nebula-serf80,15,32,128,30,98,2,0.2344,0.9375,0.2308
12,clab-nebula-serf111,15,17,56,16,40,1,0.2857,0.9412,0.2807
12,clab-nebula-serf109,15,26,79,24,55,2,0.3038,0.9231,0.2963
12,clab-nebula-serf147,15,2,111,1,110,1,0.009,0.5,0.0089
12,clab-nebula-serf4,15,9,8,8,0,1,1.0,0.8889,0.8889
12,clab-nebula-serf100,15,8,26,7,19,1,0.2692,0.875,0.2593
12,clab-nebula-serf75,15,26,116,24,92,2,0.2069,0.9231,0.2034
12,clab-nebula-serf89,15,8,10,7,3,1,0.7,0.875,0.6364
12,clab-nebula-serf101,15,7,6,6,0,1,1.0,0.8571,0.8571
12,clab-nebula-serf105,15,8,8,7,1,1,0.875,0.875,0.7778
12,clab-nebula-serf65,15,0,0,0,0,0,1.0,1.0,1.0
12,clab-nebula-serf68,15,27,117,25,92,2,0.2137,0.9259,0.2101
12,clab-nebula-serf94,15,36,125,34,91,2,0.272,0.9444,0.2677
12,clab-nebula-serf103,15,8,26,7,19,1,0.2692,0.875,0.2593
12,clab-nebula-serf117,15,0,0,0,0,0,1.0,1.0,1.0
12,clab-nebula-serf127,15,13,157,12,145,1,0.0764,0.9231,0.0759
12,clab-nebula-serf129,15,2,7,1,6,1,0.1429,0.5,0.125
12,clab-nebula-serf155,15,1,2,1,1,0,0.5,1.0,0.5
12,clab-nebula-serf3,15,7,8,6,2,1,0.75,0.8571,0.6667
12,clab-nebula-serf14,15,18,41,17,24,1,0.4146,0.9444,0.4048
12,clab-nebula-serf142,15,1,4,1,3,0,0.25,1.0,0.25
12,clab-nebula-serf96,15,7,6,6,0,1,1.0,0.8571,0.8571
12,clab-nebula-serf116,15,0,0,0,0,0,1.0,1.0,1.0
12,clab-nebula-serf56,15,64,142,60,82,4,0.4225,0.9375,0.411
12,clab-nebula-serf59,15,63,142,59,83,4,0.4155,0.9365,0.4041
12,clab-nebula-serf70,15,36,146,34,112,2,0.2329,0.9444,0.2297
12,clab-nebula-serf81,15,39,129,37,92,2,0.2868,0.9487,0.2824
12,clab-nebula-serf95,15,30,124,28,96,2,0.2258,0.9333,0.2222
12,clab-nebula-serf114,15,2,99,1,98,1,0.0101,0.5,0.01
12,clab-nebula-serf9,15,17,25,16,9,1,0.64,0.9412,0.6154
12,clab-nebula-serf17,15,30,93,28,65,2,0.3011,0.9333,0.2947
12,clab-nebula-serf139,15,5,16,4,12,1,0.25,0.8,0.2353
12,clab-nebula-serf52,15,38,99,36,63,2,0.3636,0.9474,0.3564
12,clab-nebula-serf71,15,33,129,31,98,2,0.2403,0.9394,0.2366
12,clab-nebula-serf26,15,31,138,29,109,2,0.2101,0.9355,0.2071
12,clab-nebula-serf34,15,27,61,25,36,2,0.4098,0.9259,0.3968
12,clab-nebula-serf126,15,15,155,14,141,1,0.0903,0.9333,0.0897
12,clab-nebula-serf36,15,17,82,16,66,1,0.1951,0.9412,0.1928
12,clab-nebula-serf82,15,0,0,0,0,0,1.0,1.0,1.0
12,clab-nebula-serf85,15,19,72,18,54,1,0.25,0.9474,0.2466
12,clab-nebula-serf97,15,7,6,6,0,1,1.0,0.8571,0.8571
12,clab-nebula-serf99,15,7,6,6,0,1,1.0,0.8571,0.8571
12,clab-nebula-serf124,15,8,36,7,29,1,0.1944,0.875,0.1892
12,clab-nebula-serf157,15,5,4,4,0,1,1.0,0.8,0.8
12,clab-nebula-serf159,15,5,4,4,0,1,1.0,0.8,0.8
12,clab-nebula-serf1,15,12,12,11,1,1,0.9167,0.9167,0.8462
12,clab-nebula-serf33,15,53,141,50,91,3,0.3546,0.9434,0.3472
12,clab-nebula-serf123,15,11,39,10,29,1,0.2564,0.9091,0.25
12,clab-nebula-serf135,15,1,6,1,5,0,0.1667,1.0,0.1667
12,clab-nebula-serf13,15,24,40,22,18,2,0.55,0.9167,0.5238
12,clab-nebula-serf47,15,25,48,23,25,2,0.4792,0.92,0.46
12,clab-nebula-serf84,15,4,5,3,2,1,0.6,0.75,0.5
12,clab-nebula-serf92,15,30,116,28,88,2,0.2414,0.9333,0.2373
12,clab-nebula-serf106,15,4,5,3,2,1,0.6,0.75,0.5
12,clab-nebula-serf108,15,7,8,6,2,1,0.75,0.8571,0.6667
12,clab-nebula-serf119,15,2,1,1,0,1,1.0,0.5,0.5
12,clab-nebula-serf125,15,12,155,11,144,1,0.071,0.9167,0.0705
12,clab-nebula-serf54,15,35,98,33,65,2,0.3367,0.9429,0.33
12,clab-nebula-serf57,15,57,144,54,90,3,0.375,0.9474,0.3673
12,clab-nebula-serf24,15,5,5,4,1,1,0.8,0.8,0.6667
12,clab-nebula-serf42,15,2,157,1,156,1,0.0064,0.5,0.0063
12,clab-nebula-serf48,15,21,44,20,24,1,0.4545,0.9524,0.4444
12,clab-nebula-serf2,15,5,9,4,5,1,0.4444,0.8,0.4
12,clab-nebula-serf21,15,16,83,15,68,1,0.1807,0.9375,0.1786
12,clab-nebula-serf67,15,26,116,24,92,2,0.2069,0.9231,0.2034
12,clab-nebula-serf102,15,7,6,6,0,1,1.0,0.8571,0.8571
12,clab-nebula-serf110,15,2,2,1,1,1,0.5,0.5,0.3333
12,clab-nebula-serf132,15,11,18,10,8,1,0.5556,0.9091,0.5263
12,clab-nebula-serf134,15,1,3,1,2,0,0.3333,1.0,0.3333
12,clab-nebula-serf137,15,2,5,1,4,1,0.2,0.5,0.1667
12,clab-nebula-serf10,15,20,27,19,8,1,0.7037,0.95,0.6786
12,clab-nebula-serf46,15,11,140,10,130,1,0.0714,0.9091,0.0709
12,clab-nebula-serf74,15,26,116,24,92,2,0.2069,0.9231,0.2034
12,clab-nebula-serf76,15,38,129,36,93,2,0.2791,0.9474,0.2748
12,clab-nebula-serf149,15,1,2,1,1,0,0.5,1.0,0.5
12,clab-nebula-serf20,15,15,158,14,144,1,0.0886,0.9333,0.0881
12,clab-nebula-serf22,15,10,140,9,131,1,0.0643,0.9,0.0638
12,clab-nebula-serf160,15,5,4,4,0,1,1.0,0.8,0.8
12,clab-nebula-serf31,15,28,152,26,126,2,0.1711,0.9286,0.1688
12,clab-nebula-serf93,15,37,133,35,98,2,0.2632,0.9459,0.2593
12,clab-nebula-serf122,15,8,36,7,29,1,0.1944,0.875,0.1892
12,clab-nebula-serf38,15,24,60,22,38,2,0.3667,0.9167,0.3548
12,clab-nebula-serf55,15,23,98,21,77,2,0.2143,0.913,0.21
12,clab-nebula-serf79,15,41,128,38,90,3,0.2969,0.9268,0.2901
12,clab-nebula-serf113,15,3,103,2,101,1,0.0194,0.6667,0.0192
12,clab-nebula-serf120,15,2,1,1,0,1,1.0,0.5,0.5
12,clab-nebula-serf128,15,6,8,5,3,1,0.625,0.8333,0.5556
12,clab-nebula-serf8,15,13,23,12,11,1,0.5217,0.9231,0.5
12,clab-nebula-serf27,15,7,157,6,151,1,0.0382,0.8571,0.038
12,clab-nebula-serf78,15,27,117,25,92,2,0.2137,0.9259,0.2101
12,clab-nebula-serf104,15,8,8,7,1,1,0.875,0.875,0.7778
12,clab-nebula-serf133,15,1,3,1,2,0,0.3333,1.0,0.3333
12,clab-nebula-serf64,15,0,0,0,0,0,1.0,1.0,1.0
12,clab-nebula-serf73,15,39,129,37,92,2,0.2868,0.9487,0.2824
12,clab-nebula-serf118,15,2,1,1,0,1,1.0,0.5,0.5
12,clab-nebula-serf5,15,7,8,6,2,1,0.75,0.8571,0.6667
12,clab-nebula-serf87,15,11,18,10,8,1,0.5556,0.9091,0.5263
12,clab-nebula-serf88,15,8,10,7,3,1,0.7,0.875,0.6364
12,clab-nebula-serf153,15,1,5,1,4,0,0.2,1.0,0.2
12,clab-nebula-serf53,15,25,98,23,75,2,0.2347,0.92,0.23
12,clab-nebula-serf69,15,31,129,29,100,2,0.2248,0.9355,0.2214
12,clab-nebula-serf60,15,42,142,39,103,3,0.2746,0.9286,0.269
12,clab-nebula-serf145,15,1,4,1,3,0,0.25,1.0,0.25
12,clab-nebula-serf6,15,18,24,17,7,1,0.7083,0.9444,0.68
12,clab-nebula-serf11,15,26,29,24,5,2,0.8276,0.9231,0.7742
12,clab-nebula-serf98,15,7,6,6,0,1,1.0,0.8571,0.8571
12,clab-nebula-serf138,15,1,6,1,5,0,0.1667,1.0,0.1667
12,clab-nebula-serf150,15,1,6,1,5,0,0.1667,1.0,0.1667
12,clab-nebula-serf18,15,20,43,19,24,1,0.4419,0.95,0.4318
12,clab-nebula-serf30,15,28,152,26,126,2,0.1711,0.9286,0.1688
12,clab-nebula-serf44,15,23,48,21,27,2,0.4375,0.913,0.42
12,clab-nebula-serf131,15,3,12,2,10,1,0.1667,0.6667,0.1538
12,clab-nebula-serf35,15,7,152,6,146,1,0.0395,0.8571,0.0392
12,clab-nebula-serf40,15,11,134,10,124,1,0.0746,0.9091,0.0741
12,clab-nebula-serf144,15,7,6,6,0,1,1.0,0.8571,0.8571
12,clab-nebula-serf152,15,11,124,10,114,1,0.0806,0.9091,0.08
12,clab-nebula-serf162,15,5,4,4,0,1,1.0,0.8,0.8
12,clab-nebula-serf41,15,1,8,1,7,0,0.125,1.0,0.125
12,clab-nebula-serf72,15,31,129,29,100,2,0.2248,0.9355,0.2214
12,clab-nebula-serf141,15,0,0,0,0,0,1.0,1.0,1.0
12,clab-nebula-serf25,15,12,138,11,127,1,0.0797,0.9167,0.0791
12,clab-nebula-serf50,15,23,48,21,27,2,0.4375,0.913,0.42
12,clab-nebula-serf51,15,24,98,22,76,2,0.2245,0.9167,0.22
12,clab-nebula-serf66,15,27,117,25,92,2,0.2137,0.9259,0.2101
12,clab-nebula-serf86,15,11,18,10,8,1,0.5556,0.9091,0.5263
12,clab-nebula-serf90,15,30,124,28,96,2,0.2258,0.9333,0.2222
12,clab-nebula-serf143,15,1,1,1,0,0,1.0,1.0,1.0
12,clab-nebula-serf7,15,19,24,18,6,1,0.75,0.9474,0.72
12,clab-nebula-serf37,15,29,61,27,34,2,0.4426,0.931,0.4286
12,clab-nebula-serf43,15,13,99,12,87,1,0.1212,0.9231,0.12
12,clab-nebula-serf58,15,57,144,54,90,3,0.375,0.9474,0.3673
12,clab-nebula-serf61,15,61,142,57,85,4,0.4014,0.9344,0.3904
12,clab-nebula-serf112,15,0,0,0,0,0,1.0,1.0,1.0
12,clab-nebula-serf15,15,32,93,30,63,2,0.3226,0.9375,0.3158
12,clab-nebula-serf16,15,33,98,31,67,2,0.3163,0.9394,0.31
12,clab-nebula-serf77,15,38,129,36,93,2,0.2791,0.9474,0.2748
12,clab-nebula-serf121,15,8,36,7,29,1,0.1944,0.875,0.1892
12,clab-nebula-serf140,15,0,0,0,0,0,1.0,1.0,1.0
12,clab-nebula-serf148,15,0,0,0,0,0,1.0,1.0,1.0
12,clab-nebula-serf154,15,1,4,1,3,0,0.25,1.0,0.25
12,clab-nebula-serf156,15,4,124,3,121,1,0.0242,0.75,0.024
12,clab-nebula-serf23,15,4,5,3,2,1,0.6,0.75,0.5
12,clab-nebula-serf39,15,53,137,50,87,3,0.365,0.9434,0.3571
12,clab-nebula-serf62,15,13,148,12,136,1,0.0811,0.9231,0.0805
12,clab-nebula-serf107,15,6,7,5,2,1,0.7143,0.8333,0.625
12,clab-nebula-serf115,15,0,0,0,0,0,1.0,1.0,1.0
12,clab-nebula-serf151,15,1,4,1,3,0,0.25,1.0,0.25
12,clab-nebula-serf158,15,5,4,4,0,1,1.0,0.8,0.8
12,clab-nebula-serf28,15,2,107,1,106,1,0.0093,0.5,0.0093
12,clab-nebula-serf29,15,6,107,5,102,1,0.0467,0.8333,0.0463
12,clab-nebula-serf130,20,13,18,12,6,1,0.6667,0.9231,0.6316
12,clab-nebula-serf161,20,10,83,9,74,1,0.1084,0.9,0.1071
12,clab-nebula-serf32,20,59,152,56,96,3,0.3684,0.9492,0.3613
12,clab-nebula-serf63,20,32,111,30,81,2,0.2703,0.9375,0.2655
12,clab-nebula-serf45,20,40,83,38,45,2,0.4578,0.95,0.4471
12,clab-nebula-serf49,20,67,142,63,79,4,0.4437,0.9403,0.4315
12,clab-nebula-serf83,20,33,124,31,93,2,0.25,0.9394,0.246
12,clab-nebula-serf91,20,56,136,53,83,3,0.3897,0.9464,0.3813
12,clab-nebula-serf136,20,14,18,13,5,1,0.7222,0.9286,0.6842
12,clab-nebula-serf146,20,5,6,4,2,1,0.6667,0.8,0.5714
12,clab-nebula-serf12,20,38,96,36,60,2,0.375,0.9474,0.3673
12,clab-nebula-serf19,20,44,98,41,57,3,0.4184,0.9318,0.4059
12,clab-nebula-serf80,20,55,129,52,77,3,0.4031,0.9455,0.3939
12,clab-nebula-serf111,20,47,118,44,74,3,0.3729,0.9362,0.3636
12,clab-nebula-serf109,20,58,130,55,75,3,0.4231,0.9483,0.4135
12,clab-nebula-serf147,20,12,124,11,113,1,0.0887,0.9167,0.088
12,clab-nebula-serf4,20,16,23,15,8,1,0.6522,0.9375,0.625
12,clab-nebula-serf100,20,14,94,13,81,1,0.1383,0.9286,0.1368
12,clab-nebula-serf75,20,41,129,39,90,2,0.3023,0.9512,0.2977
12,clab-nebula-serf89,20,18,72,17,55,1,0.2361,0.9444,0.2329
12,clab-nebula-serf101,20,10,91,9,82,1,0.0989,0.9,0.0978
12,clab-nebula-serf105,20,25,79,23,56,2,0.2911,0.92,0.284
12,clab-nebula-serf65,20,23,122,21,101,2,0.1721,0.913,0.1694
12,clab-nebula-serf68,20,42,128,39,89,3,0.3047,0.9286,0.2977
12,clab-nebula-serf94,20,57,136,54,82,3,0.3971,0.9474,0.3885
12,clab-nebula-serf103,20,16,113,15,98,1,0.1327,0.9375,0.1316
12,clab-nebula-serf117,20,0,0,0,0,0,1.0,1.0,1.0
12,clab-nebula-serf127,20,46,158,43,115,3,0.2722,0.9348,0.2671
12,clab-nebula-serf129,20,7,7,6,1,1,0.8571,0.8571,0.75
12,clab-nebula-serf155,20,11,124,10,114,1,0.0806,0.9091,0.08
12,clab-nebula-serf3,20,13,22,12,10,1,0.5455,0.9231,0.5217
12,clab-nebula-serf14,20,35,97,33,64,2,0.3402,0.9429,0.3333
12,clab-nebula-serf142,20,1,4,1,3,0,0.25,1.0,0.25
12,clab-nebula-serf96,20,9,91,8,83,1,0.0879,0.8889,0.087
12,clab-nebula-serf116,20,0,0,0,0,0,1.0,1.0,1.0
12,clab-nebula-serf56,20,83,146,78,68,5,0.5342,0.9398,0.5166
12,clab-nebula-serf59,20,83,146,78,68,5,0.5342,0.9398,0.5166
12,clab-nebula-serf70,20,66,149,62,87,4,0.4161,0.9394,0.4052
12,clab-nebula-serf81,20,68,137,64,73,4,0.4672,0.9412,0.4539
12,clab-nebula-serf95,20,50,135,47,88,3,0.3481,0.94,0.3406
12,clab-nebula-serf114,20,17,139,16,123,1,0.1151,0.9412,0.1143
12,clab-nebula-serf9,20,36,93,34,59,2,0.3656,0.9444,0.3579
12,clab-nebula-serf17,20,66,142,62,80,4,0.4366,0.9394,0.4247
12,clab-nebula-serf139,20,14,18,13,5,1,0.7222,0.9286,0.6842
12,clab-nebula-serf52,20,69,142,65,77,4,0.4577,0.942,0.4452
12,clab-nebula-serf71,20,57,144,54,90,3,0.375,0.9474,0.3673
12,clab-nebula-serf26,20,58,152,55,97,3,0.3618,0.9483,0.3548
12,clab-nebula-serf34,20,67,142,63,79,4,0.4437,0.9403,0.4315
12,clab-nebula-serf126,20,47,158,44,114,3,0.2785,0.9362,0.2733
12,clab-nebula-serf36,20,53,144,50,94,3,0.3472,0.9434,0.3401
12,clab-nebula-serf82,20,0,0,0,0,0,1.0,1.0,1.0
12,clab-nebula-serf85,20,35,124,33,91,2,0.2661,0.9429,0.2619
12,clab-nebula-serf97,20,9,91,8,83,1,0.0879,0.8889,0.087
12,clab-nebula-serf99,20,11,91,10,81,1,0.1099,0.9091,0.1087
12,clab-nebula-serf124,20,15,82,14,68,1,0.1707,0.9333,0.1687
12,clab-nebula-serf157,20,9,12,8,4,1,0.6667,0.8889,0.6154
12,clab-nebula-serf159,20,9,12,8,4,1,0.6667,0.8889,0.6154
12,clab-nebula-serf1,20,19,24,18,6,1,0.75,0.9474,0.72
12,clab-nebula-serf33,20,78,144,74,70,4,0.5139,0.9487,0.5
12,clab-nebula-serf123,20,16,79,15,64,1,0.1899,0.9375,0.1875
12,clab-nebula-serf135,20,14,14,13,1,1,0.9286,0.9286,0.8667
12,clab-nebula-serf13,20,50,142,47,95,3,0.331,0.94,0.3241
12,clab-nebula-serf47,20,51,98,48,50,3,0.4898,0.9412,0.4752
12,clab-nebula-serf84,20,18,72,17,55,1,0.2361,0.9444,0.2329
12,clab-nebula-serf92,20,47,128,44,84,3,0.3438,0.9362,0.3359
12,clab-nebula-serf106,20,8,8,7,1,1,0.875,0.875,0.7778
12,clab-nebula-serf108,20,16,39,15,24,1,0.3846,0.9375,0.375
12,clab-nebula-serf119,20,2,1,1,0,1,1.0,0.5,0.5
12,clab-nebula-serf125,20,45,158,42,116,3,0.2658,0.9333,0.2609
12,clab-nebula-serf54,20,66,142,62,80,4,0.4366,0.9394,0.4247
12,clab-nebula-serf57,20,76,145,72,73,4,0.4966,0.9474,0.4832
12,clab-nebula-serf24,20,17,158,16,142,1,0.1013,0.9412,0.1006
12,clab-nebula-serf42,20,15,83,14,69,1,0.1687,0.9333,0.1667
12,clab-nebula-serf48,20,37,62,35,27,2,0.5645,0.9459,0.5469
12,clab-nebula-serf2,20,10,9,9,0,1,1.0,0.9,0.9
12,clab-nebula-serf21,20,32,111,30,81,2,0.2703,0.9375,0.2655
12,clab-nebula-serf67,20,41,129,39,90,2,0.3023,0.9512,0.2977
12,clab-nebula-serf102,20,10,91,9,82,1,0.0989,0.9,0.0978
12,clab-nebula-serf110,20,7,8,6,2,1,0.75,0.8571,0.6667
12,clab-nebula-serf132,20,14,18,13,5,1,0.7222,0.9286,0.6842
12,clab-nebula-serf134,20,14,18,13,5,1,0.7222,0.9286,0.6842
12,clab-nebula-serf137,20,14,18,13,5,1,0.7222,0.9286,0.6842
12,clab-nebula-serf10,20,40,96,38,58,2,0.3958,0.95,0.3878
12,clab-nebula-serf46,20,26,48,24,24,2,0.5,0.9231,0.48
12,clab-nebula-serf74,20,45,128,42,86,3,0.3281,0.9333,0.3206
12,clab-nebula-serf76,20,68,137,64,73,4,0.4672,0.9412,0.4539
12,clab-nebula-serf149,20,11,124,10,114,1,0.0806,0.9091,0.08
12,clab-nebula-serf20,20,26,152,24,128,2,0.1579,0.9231,0.1558
12,clab-nebula-serf22,20,23,156,21,135,2,0.1346,0.913,0.1329
12,clab-nebula-serf160,20,10,83,9,74,1,0.1084,0.9,0.1071
12,clab-nebula-serf31,20,45,83,42,41,3,0.506,0.9333,0.4884
12,clab-nebula-serf93,20,59,137,56,81,3,0.4088,0.9492,0.4
12,clab-nebula-serf122,20,15,82,14,68,1,0.1707,0.9333,0.1687
12,clab-nebula-serf38,20,56,141,53,88,3,0.3759,0.9464,0.3681
12,clab-nebula-serf55,20,64,142,60,82,4,0.4225,0.9375,0.411
12,clab-nebula-serf79,20,76,138,72,66,4,0.5217,0.9474,0.507
12,clab-nebula-serf113,20,19,139,18,121,1,0.1295,0.9474,0.1286
12,clab-nebula-serf120,20,2,1,1,0,1,1.0,0.5,0.5
12,clab-nebula-serf128,20,20,79,19,60,1,0.2405,0.95,0.2375
12,clab-nebula-serf8,20,23,26,21,5,2,0.8077,0.913,0.75
12,clab-nebula-serf27,20,13,158,12,146,1,0.0759,0.9231,0.0755
12,clab-nebula-serf78,20,48,129,45,84,3,0.3488,0.9375,0.3409
12,clab-nebula-serf104,20,25,79,23,56,2,0.2911,0.92,0.284
12,clab-nebula-serf133,20,14,18,13,5,1,0.7222,0.9286,0.6842
12,clab-nebula-serf64,20,7,82,6,76,1,0.0732,0.8571,0.0723
12,clab-nebula-serf73,20,69,137,65,72,4,0.4745,0.942,0.461
12,clab-nebula-serf118,20,2,1,1,0,1,1.0,0.5,0.5
12,clab-nebula-serf5,20,14,20,13,7,1,0.65,0.9286,0.619
12,clab-nebula-serf87,20,24,124,22,102,2,0.1774,0.9167,0.1746
12,clab-nebula-serf88,20,19,72,18,54,1,0.25,0.9474,0.2466
12,clab-nebula-serf153,20,9,124,8,116,1,0.0645,0.8889,0.064
12,clab-nebula-serf53,20,64,142,60,82,4,0.4225,0.9375,0.411
12,clab-nebula-serf69,20,54,144,51,93,3,0.3542,0.9444,0.3469
12,clab-nebula-serf60,20,70,142,66,76,4,0.4648,0.9429,0.4521
12,clab-nebula-serf145,20,5,6,4,2,1,0.6667,0.8,0.5714
12,clab-nebula-serf6,20,32,74,30,44,2,0.4054,0.9375,0.3947
12,clab-nebula-serf11,20,57,142,54,88,3,0.3803,0.9474,0.3724
12,clab-nebula-serf98,20,8,30,7,23,1,0.2333,0.875,0.2258
12,clab-nebula-serf138,20,14,14,13,1,1,0.9286,0.9286,0.8667
12,clab-nebula-serf150,20,9,124,8,116,1,0.0645,0.8889,0.064
12,clab-nebula-serf18,20,47,97,44,53,3,0.4536,0.9362,0.44
12,clab-nebula-serf30,20,45,83,42,41,3,0.506,0.9333,0.4884
12,clab-nebula-serf44,20,47,93,44,49,3,0.4731,0.9362,0.4583
12,clab-nebula-serf131,20,14,14,13,1,1,0.9286,0.9286,0.8667
12,clab-nebula-serf35,20,26,61,24,37,2,0.3934,0.9231,0.381
12,clab-nebula-serf40,20,35,97,33,64,2,0.3402,0.9429,0.3333
12,clab-nebula-serf144,20,12,25,11,14,1,0.44,0.9167,0.4231
12,clab-nebula-serf152,20,14,124,13,111,1,0.1048,0.9286,0.104
12,clab-nebula-serf162,20,5,4,4,0,1,1.0,0.8,0.8
12,clab-nebula-serf41,20,14,99,13,86,1,0.1313,0.9286,0.13
12,clab-nebula-serf72,20,54,144,51,93,3,0.3542,0.9444,0.3469
12,clab-nebula-serf141,20,14,18,13,5,1,0.7222,0.9286,0.6842
12,clab-nebula-serf25,20,28,152,26,126,2,0.1711,0.9286,0.1688
12,clab-nebula-serf50,20,41,86,39,47,2,0.4535,0.9512,0.4432
12,clab-nebula-serf51,20,64,142,60,82,4,0.4225,0.9375,0.411
12,clab-nebula-serf66,20,44,129,41,88,3,0.3178,0.9318,0.3106
12,clab-nebula-serf86,20,29,124,27,97,2,0.2177,0.931,0.2143
12,clab-nebula-serf90,20,49,136,46,90,3,0.3382,0.9388,0.3309
12,clab-nebula-serf143,20,2,4,1,3,1,0.25,0.5,0.2
12,clab-nebula-serf7,20,33,88,31,57,2,0.3523,0.9394,0.3444
12,clab-nebula-serf37,20,65,142,61,81,4,0.4296,0.9385,0.4178
12,clab-nebula-serf43,20,27,48,25,23,2,0.5208,0.9259,0.5
12,clab-nebula-serf58,20,79,146,75,71,4,0.5137,0.9494,0.5
12,clab-nebula-serf61,20,79,146,75,71,4,0.5137,0.9494,0.5
12,clab-nebula-serf112,20,0,0,0,0,0,1.0,1.0,1.0
12,clab-nebula-serf15,20,68,142,64,78,4,0.4507,0.9412,0.4384
12,clab-nebula-serf16,20,69,142,65,77,4,0.4577,0.942,0.4452
12,clab-nebula-serf77,20,67,138,63,75,4,0.4565,0.9403,0.4437
12,clab-nebula-serf121,20,15,82,14,68,1,0.1707,0.9333,0.1687
12,clab-nebula-serf140,20,13,18,12,6,1,0.6667,0.9231,0.6316
12,clab-nebula-serf148,20,6,124,5,119,1,0.0403,0.8333,0.04
12,clab-nebula-serf154,20,9,124,8,116,1,0.0645,0.8889,0.064
12,clab-nebula-serf156,20,12,124,11,113,1,0.0887,0.9167,0.088
12,clab-nebula-serf23,20,11,140,10,130,1,0.0714,0.9091,0.0709
12,clab-nebula-serf39,20,81,142,77,65,4,0.5423,0.9506,0.5274
12,clab-nebula-serf62,20,48,142,45,97,3,0.3169,0.9375,0.3103
12,clab-nebula-serf107,20,15,39,14,25,1,0.359,0.9333,0.35
12,clab-nebula-serf115,20,0,0,0,0,0,1.0,1.0,1.0
12,clab-nebula-serf151,20,11,124,10,114,1,0.0806,0.9091,0.08
12,clab-nebula-serf158,20,8,12,7,5,1,0.5833,0.875,0.5385
12,clab-nebula-serf28,20,4,107,3,104,1,0.028,0.75,0.0278
12,clab-nebula-serf29,20,14,107,13,94,1,0.1215,0.9286,0.1204
12,clab-nebula-serf130,25,14,18,13,5,1,0.7222,0.9286,0.6842
12,clab-nebula-serf161,25,22,157,20,137,2,0.1274,0.9091,0.1258
12,clab-nebula-serf32,25,88,150,83,67,5,0.5533,0.9432,0.5355
12,clab-nebula-serf63,25,64,142,60,82,4,0.4225,0.9375,0.411
12,clab-nebula-serf45,25,80,143,76,67,4,0.5315,0.95,0.517
12,clab-nebula-serf49,25,84,144,79,65,5,0.5486,0.9405,0.5302
12,clab-nebula-serf83,25,50,136,47,89,3,0.3456,0.94,0.3381
12,clab-nebula-serf91,25,81,141,76,65,5,0.539,0.9383,0.5205
12,clab-nebula-serf136,25,18,21,17,4,1,0.8095,0.9444,0.7727
12,clab-nebula-serf146,25,8,16,7,9,1,0.4375,0.875,0.4118
12,clab-nebula-serf12,25,71,142,67,75,4,0.4718,0.9437,0.4589
12,clab-nebula-serf19,25,73,142,69,73,4,0.4859,0.9452,0.4726
12,clab-nebula-serf80,25,84,137,79,58,5,0.5766,0.9405,0.5563
12,clab-nebula-serf111,25,73,131,69,62,4,0.5267,0.9452,0.5111
12,clab-nebula-serf109,25,87,132,82,50,5,0.6212,0.9425,0.5985
12,clab-nebula-serf147,25,14,124,13,111,1,0.1048,0.9286,0.104
12,clab-nebula-serf4,25,23,26,21,5,2,0.8077,0.913,0.75
12,clab-nebula-serf100,25,25,128,23,105,2,0.1797,0.92,0.1769
12,clab-nebula-serf75,25,76,138,72,66,4,0.5217,0.9474,0.507
12,clab-nebula-serf89,25,41,135,39,96,2,0.2889,0.9512,0.2847
12,clab-nebula-serf101,25,22,114,20,94,2,0.1754,0.9091,0.1724
12,clab-nebula-serf105,25,54,120,51,69,3,0.425,0.9444,0.4146
12,clab-nebula-serf65,25,62,123,58,65,4,0.4715,0.9355,0.4567
12,clab-nebula-serf68,25,79,138,75,63,4,0.5435,0.9494,0.5282
12,clab-nebula-serf94,25,81,141,76,65,5,0.539,0.9383,0.5205
12,clab-nebula-serf103,25,27,128,25,103,2,0.1953,0.9259,0.1923
12,clab-nebula-serf117,25,1,3,1,2,0,0.3333,1.0,0.3333
12,clab-nebula-serf127,25,60,158,57,101,3,0.3608,0.95,0.354
12,clab-nebula-serf129,25,17,72,16,56,1,0.2222,0.9412,0.2192
12,clab-nebula-serf155,25,14,124,13,111,1,0.1048,0.9286,0.104
12,clab-nebula-serf3,25,22,26,20,6,2,0.7692,0.9091,0.7143
12,clab-nebula-serf14,25,70,142,66,76,4,0.4648,0.9429,0.4521
12,clab-nebula-serf142,25,7,6,6,0,1,1.0,0.8571,0.8571
12,clab-nebula-serf96,25,20,114,19,95,1,0.1667,0.95,0.1652
12,clab-nebula-serf116,25,0,0,0,0,0,1.0,1.0,1.0
12,clab-nebula-serf56,25,97,148,92,56,5,0.6216,0.9485,0.6013
12,clab-nebula-serf59,25,99,148,94,54,5,0.6351,0.9495,0.6144
12,clab-nebula-serf70,25,87,148,82,66,5,0.5541,0.9425,0.5359
12,clab-nebula-serf81,25,90,137,85,52,5,0.6204,0.9444,0.5986
12,clab-nebula-serf95,25,80,142,76,66,4,0.5352,0.95,0.5205
12,clab-nebula-serf114,25,25,138,23,115,2,0.1667,0.92,0.1643
12,clab-nebula-serf9,25,71,145,67,78,4,0.4621,0.9437,0.4497
12,clab-nebula-serf17,25,85,146,80,66,5,0.5479,0.9412,0.5298
12,clab-nebula-serf139,25,21,25,20,5,1,0.8,0.9524,0.7692
12,clab-nebula-serf52,25,88,148,83,65,5,0.5608,0.9432,0.5425
12,clab-nebula-serf71,25,83,137,78,59,5,0.5693,0.9398,0.5493
12,clab-nebula-serf26,25,87,150,82,68,5,0.5467,0.9425,0.529
12,clab-nebula-serf34,25,85,147,80,67,5,0.5442,0.9412,0.5263
12,clab-nebula-serf126,25,59,158,56,102,3,0.3544,0.9492,0.3478
12,clab-nebula-serf36,25,79,146,75,71,4,0.5137,0.9494,0.5
12,clab-nebula-serf82,25,0,0,0,0,0,1.0,1.0,1.0
12,clab-nebula-serf85,25,57,136,54,82,3,0.3971,0.9474,0.3885
12,clab-nebula-serf97,25,17,114,16,98,1,0.1404,0.9412,0.1391
12,clab-nebula-serf99,25,24,128,22,106,2,0.1719,0.9167,0.1692
12,clab-nebula-serf124,25,29,82,27,55,2,0.3293,0.931,0.3214
12,clab-nebula-serf157,25,16,160,15,145,1,0.0938,0.9375,0.0932
12,clab-nebula-serf159,25,16,160,15,145,1,0.0938,0.9375,0.0932
12,clab-nebula-serf1,25,37,88,35,53,2,0.3977,0.9459,0.3889
12,clab-nebula-serf33,25,90,149,85,64,5,0.5705,0.9444,0.5519
12,clab-nebula-serf123,25,42,119,39,80,3,0.3277,0.9286,0.3197
12,clab-nebula-serf135,25,15,20,14,6,1,0.7,0.9333,0.6667
12,clab-nebula-serf13,25,76,144,72,72,4,0.5,0.9474,0.4865
12,clab-nebula-serf47,25,82,142,77,65,5,0.5423,0.939,0.5238
12,clab-nebula-serf84,25,35,124,33,91,2,0.2661,0.9429,0.2619
12,clab-nebula-serf92,25,77,138,73,65,4,0.529,0.9481,0.5141
12,clab-nebula-serf106,25,27,79,25,54,2,0.3165,0.9259,0.3086
12,clab-nebula-serf108,25,46,118,43,75,3,0.3644,0.9348,0.3554
12,clab-nebula-serf119,25,3,2,2,0,1,1.0,0.6667,0.6667
12,clab-nebula-serf125,25,58,158,55,103,3,0.3481,0.9483,0.3416
12,clab-nebula-serf54,25,83,146,78,68,5,0.5342,0.9398,0.5166
12,clab-nebula-serf57,25,90,148,85,63,5,0.5743,0.9444,0.5556
12,clab-nebula-serf24,25,29,140,27,113,2,0.1929,0.931,0.1901
12,clab-nebula-serf42,25,38,92,36,56,2,0.3913,0.9474,0.383
12,clab-nebula-serf48,25,79,143,75,68,4,0.5245,0.9494,0.5102
12,clab-nebula-serf2,25,19,24,18,6,1,0.75,0.9474,0.72
12,clab-nebula-serf21,25,56,99,53,46,3,0.5354,0.9464,0.5196
12,clab-nebula-serf67,25,76,138,72,66,4,0.5217,0.9474,0.507
12,clab-nebula-serf102,25,21,115,20,95,1,0.1739,0.9524,0.1724
12,clab-nebula-serf110,25,15,39,14,25,1,0.359,0.9333,0.35
12,clab-nebula-serf132,25,23,38,21,17,2,0.5526,0.913,0.525
12,clab-nebula-serf134,25,16,19,15,4,1,0.7895,0.9375,0.75
12,clab-nebula-serf137,25,20,25,19,6,1,0.76,0.95,0.7308
12,clab-nebula-serf10,25,71,142,67,75,4,0.4718,0.9437,0.4589
12,clab-nebula-serf46,25,54,98,51,47,3,0.5204,0.9444,0.505
12,clab-nebula-serf74,25,82,137,77,60,5,0.562,0.939,0.5423
12,clab-nebula-serf76,25,89,137,84,53,5,0.6131,0.9438,0.5915
12,clab-nebula-serf149,25,17,124,16,108,1,0.129,0.9412,0.128
12,clab-nebula-serf20,25,46,156,43,113,3,0.2756,0.9348,0.2704
12,clab-nebula-serf22,25,41,48,38,10,3,0.7917,0.9268,0.7451
12,clab-nebula-serf160,25,25,157,23,134,2,0.1465,0.92,0.1447
12,clab-nebula-serf31,25,80,148,76,72,4,0.5135,0.95,0.5
12,clab-nebula-serf93,25,83,141,78,63,5,0.5532,0.9398,0.5342
12,clab-nebula-serf122,25,22,81,20,61,2,0.2469,0.9091,0.241
12,clab-nebula-serf38,25,82,145,77,68,5,0.531,0.939,0.5133
12,clab-nebula-serf55,25,83,146,78,68,5,0.5342,0.9398,0.5166
12,clab-nebula-serf79,25,96,138,91,47,5,0.6594,0.9479,0.6364
12,clab-nebula-serf113,25,28,138,26,112,2,0.1884,0.9286,0.1857
12,clab-nebula-serf120,25,2,1,1,0,1,1.0,0.5,0.5
12,clab-nebula-serf128,25,48,118,45,73,3,0.3814,0.9375,0.3719
12,clab-nebula-serf8,25,44,98,41,57,3,0.4184,0.9318,0.4059
12,clab-nebula-serf27,25,24,157,22,135,2,0.1401,0.9167,0.1384
12,clab-nebula-serf78,25,80,138,76,62,4,0.5507,0.95,0.5352
12,clab-nebula-serf104,25,54,120,51,69,3,0.425,0.9444,0.4146
12,clab-nebula-serf133,25,16,21,15,6,1,0.7143,0.9375,0.6818
12,clab-nebula-serf64,25,46,144,43,101,3,0.2986,0.9348,0.2925
12,clab-nebula-serf73,25,89,137,84,53,5,0.6131,0.9438,0.5915
12,clab-nebula-serf118,25,2,1,1,0,1,1.0,0.5,0.5
12,clab-nebula-serf5,25,19,24,18,6,1,0.75,0.9474,0.72
12,clab-nebula-serf87,25,49,137,46,91,3,0.3358,0.9388,0.3286
12,clab-nebula-serf88,25,42,134,39,95,3,0.291,0.9286,0.2847
12,clab-nebula-serf153,25,12,124,11,113,1,0.0887,0.9167,0.088
12,clab-nebula-serf53,25,81,145,76,69,5,0.5241,0.9383,0.5067
12,clab-nebula-serf69,25,84,137,79,58,5,0.5766,0.9405,0.5563
12,clab-nebula-serf60,25,87,148,82,66,5,0.5541,0.9425,0.5359
12,clab-nebula-serf145,25,7,6,6,0,1,1.0,0.8571,0.8571
12,clab-nebula-serf6,25,68,142,64,78,4,0.4507,0.9412,0.4384
12,clab-nebula-serf11,25,82,148,77,71,5,0.5203,0.939,0.5033
12,clab-nebula-serf98,25,14,114,13,101,1,0.114,0.9286,0.113
12,clab-nebula-serf138,25,14,14,13,1,1,0.9286,0.9286,0.8667
12,clab-nebula-serf150,25,17,124,16,108,1,0.129,0.9412,0.128
12,clab-nebula-serf18,25,75,142,71,71,4,0.5,0.9467,0.4863
12,clab-nebula-serf30,25,81,146,77,69,4,0.5274,0.9506,0.5133
12,clab-nebula-serf44,25,81,142,76,66,5,0.5352,0.9383,0.517
12,clab-nebula-serf131,25,18,21,17,4,1,0.8095,0.9444,0.7727
12,clab-nebula-serf35,25,63,142,59,83,4,0.4155,0.9365,0.4041
12,clab-nebula-serf40,25,71,142,67,75,4,0.4718,0.9437,0.4589
12,clab-nebula-serf144,25,23,149,21,128,2,0.1409,0.913,0.1391
12,clab-nebula-serf152,25,24,137,22,115,2,0.1606,0.9167,0.1583
12,clab-nebula-serf162,25,5,4,4,0,1,1.0,0.8,0.8
12,clab-nebula-serf41,25,40,96,38,58,2,0.3958,0.95,0.3878
12,clab-nebula-serf72,25,84,137,79,58,5,0.5766,0.9405,0.5563
12,clab-nebula-serf141,25,14,18,13,5,1,0.7222,0.9286,0.6842
12,clab-nebula-serf25,25,44,83,41,42,3,0.494,0.9318,0.4767
12,clab-nebula-serf50,25,81,143,77,66,4,0.5385,0.9506,0.5238
12,clab-nebula-serf51,25,83,146,78,68,5,0.5342,0.9398,0.5166
12,clab-nebula-serf66,25,79,138,75,63,4,0.5435,0.9494,0.5282
12,clab-nebula-serf86,25,56,137,53,84,3,0.3869,0.9464,0.3786
12,clab-nebula-serf90,25,78,142,74,68,4,0.5211,0.9487,0.5068
12,clab-nebula-serf143,25,7,6,6,0,1,1.0,0.8571,0.8571
12,clab-nebula-serf7,25,67,142,63,79,4,0.4437,0.9403,0.4315
12,clab-nebula-serf37,25,85,147,80,67,5,0.5442,0.9412,0.5263
12,clab-nebula-serf43,25,52,93,49,44,3,0.5269,0.9423,0.5104
12,clab-nebula-serf58,25,93,148,88,60,5,0.5946,0.9462,0.5752
12,clab-nebula-serf61,25,93,148,88,60,5,0.5946,0.9462,0.5752
12,clab-nebula-serf112,25,5,79,4,75,1,0.0506,0.8,0.05
12,clab-nebula-serf15,25,88,148,83,65,5,0.5608,0.9432,0.5425
12,clab-nebula-serf16,25,88,148,83,65,5,0.5608,0.9432,0.5425
12,clab-nebula-serf77,25,90,138,85,53,5,0.6159,0.9444,0.5944
12,clab-nebula-serf121,25,32,85,30,55,2,0.3529,0.9375,0.3448
12,clab-nebula-serf140,25,14,18,13,5,1,0.7222,0.9286,0.6842
12,clab-nebula-serf148,25,12,124,11,113,1,0.0887,0.9167,0.088
12,clab-nebula-serf154,25,12,124,11,113,1,0.0887,0.9167,0.088
12,clab-nebula-serf156,25,18,124,17,107,1,0.1371,0.9444,0.136
12,clab-nebula-serf23,25,22,156,20,136,2,0.1282,0.9091,0.1266
12,clab-nebula-serf39,25,90,142,85,57,5,0.5986,0.9444,0.5782
12,clab-nebula-serf62,25,73,144,69,75,4,0.4792,0.9452,0.4662
12,clab-nebula-serf107,25,40,119,38,81,2,0.3193,0.95,0.314
12,clab-nebula-serf115,25,0,0,0,0,0,1.0,1.0,1.0
12,clab-nebula-serf151,25,13,124,12,112,1,0.0968,0.9231,0.096
12,clab-nebula-serf158,25,16,160,15,145,1,0.0938,0.9375,0.0932
12,clab-nebula-serf28,25,7,107,6,101,1,0.0561,0.8571,0.0556
12,clab-nebula-serf29,25,23,111,21,90,2,0.1892,0.913,0.1858
12,clab-nebula-serf130,30,24,38,22,16,2,0.5789,0.9167,0.55
12,clab-nebula-serf161,30,36,159,34,125,2,0.2138,0.9444,0.2112
12,clab-nebula-serf32,30,95,150,90,60,5,0.6,0.9474,0.5806
12,clab-nebula-serf63,30,84,146,79,67,5,0.5411,0.9405,0.5232
12,clab-nebula-serf45,30,90,148,85,63,5,0.5743,0.9444,0.5556
12,clab-nebula-serf49,30,106,149,100,49,6,0.6711,0.9434,0.6452
12,clab-nebula-serf83,30,79,142,75,67,4,0.5282,0.9494,0.5137
12,clab-nebula-serf91,30,112,143,106,37,6,0.7413,0.9464,0.7114
12,clab-nebula-serf136,30,28,83,26,57,2,0.3133,0.9286,0.3059
12,clab-nebula-serf146,30,16,68,15,53,1,0.2206,0.9375,0.2174
12,clab-nebula-serf12,30,88,148,83,65,5,0.5608,0.9432,0.5425
12,clab-nebula-serf19,30,90,148,85,63,5,0.5743,0.9444,0.5556
12,clab-nebula-serf80,30,110,137,104,33,6,0.7591,0.9455,0.7273
12,clab-nebula-serf111,30,111,146,105,41,6,0.7192,0.9459,0.6908
12,clab-nebula-serf109,30,130,152,123,29,7,0.8092,0.9462,0.7736
12,clab-nebula-serf147,30,27,137,25,112,2,0.1825,0.9259,0.1799
12,clab-nebula-serf4,30,47,140,44,96,3,0.3143,0.9362,0.3077
12,clab-nebula-serf100,30,59,142,56,86,3,0.3944,0.9492,0.3862
12,clab-nebula-serf75,30,100,138,95,43,5,0.6884,0.95,0.6643
12,clab-nebula-serf89,30,71,145,67,78,4,0.4621,0.9437,0.4497
12,clab-nebula-serf101,30,47,140,44,96,3,0.3143,0.9362,0.3077
12,clab-nebula-serf105,30,86,131,81,50,5,0.6183,0.9419,0.5956
12,clab-nebula-serf65,30,95,138,90,48,5,0.6522,0.9474,0.6294
12,clab-nebula-serf68,30,103,137,97,40,6,0.708,0.9417,0.6783
12,clab-nebula-serf94,30,105,141,99,42,6,0.7021,0.9429,0.6735
12,clab-nebula-serf103,30,63,141,59,82,4,0.4184,0.9365,0.4069
12,clab-nebula-serf117,30,3,2,2,0,1,1.0,0.6667,0.6667
12,clab-nebula-serf127,30,92,156,87,69,5,0.5577,0.9457,0.5404
12,clab-nebula-serf129,30,42,118,39,79,3,0.3305,0.9286,0.3223
12,clab-nebula-serf155,30,24,137,22,115,2,0.1606,0.9167,0.1583
12,clab-nebula-serf3,30,50,150,47,103,3,0.3133,0.94,0.3072
12,clab-nebula-serf14,30,88,148,83,65,5,0.5608,0.9432,0.5425
12,clab-nebula-serf142,30,14,69,13,56,1,0.1884,0.9286,0.1857
12,clab-nebula-serf96,30,41,130,39,91,2,0.3,0.9512,0.2955
12,clab-nebula-serf116,30,0,0,0,0,0,1.0,1.0,1.0
12,clab-nebula-serf56,30,118,148,112,36,6,0.7568,0.9492,0.7273
12,clab-nebula-serf59,30,119,148,113,35,6,0.7635,0.9496,0.7338
12,clab-nebula-serf70,30,110,147,104,43,6,0.7075,0.9455,0.6797
12,clab-nebula-serf81,30,114,141,108,33,6,0.766,0.9474,0.7347
12,clab-nebula-serf95,30,104,141,98,43,6,0.695,0.9423,0.6667
12,clab-nebula-serf114,30,53,141,50,91,3,0.3546,0.9434,0.3472
12,clab-nebula-serf9,30,87,148,82,66,5,0.5541,0.9425,0.5359
12,clab-nebula-serf17,30,96,148,91,57,5,0.6149,0.9479,0.5948
12,clab-nebula-serf139,30,31,157,29,128,2,0.1847,0.9355,0.1824
12,clab-nebula-serf52,30,106,148,100,48,6,0.6757,0.9434,0.6494
12,clab-nebula-serf71,30,107,137,101,36,6,0.7372,0.9439,0.7063
12,clab-nebula-serf26,30,94,150,89,61,5,0.5933,0.9468,0.5742
12,clab-nebula-serf34,30,95,149,90,59,5,0.604,0.9474,0.5844
12,clab-nebula-serf126,30,92,156,87,69,5,0.5577,0.9457,0.5404
12,clab-nebula-serf36,30,92,149,87,62,5,0.5839,0.9457,0.5649
12,clab-nebula-serf82,30,0,0,0,0,0,1.0,1.0,1.0
12,clab-nebula-serf85,30,82,141,77,64,5,0.5461,0.939,0.5274
12,clab-nebula-serf97,30,41,129,38,91,3,0.2946,0.9268,0.2879
12,clab-nebula-serf99,30,52,141,49,92,3,0.3475,0.9423,0.3403
12,clab-nebula-serf124,30,81,157,77,80,4,0.4904,0.9506,0.4783
12,clab-nebula-serf157,30,35,159,33,126,2,0.2075,0.9429,0.205
12,clab-nebula-serf159,30,35,159,33,126,2,0.2075,0.9429,0.205
12,clab-nebula-serf1,30,74,149,70,79,4,0.4698,0.9459,0.4575
12,clab-nebula-serf33,30,105,149,99,50,6,0.6644,0.9429,0.6387
12,clab-nebula-serf123,30,89,154,84,70,5,0.5455,0.9438,0.5283
12,clab-nebula-serf135,30,25,31,23,8,2,0.7419,0.92,0.697
12,clab-nebula-serf13,30,92,148,87,61,5,0.5878,0.9457,0.5686
12,clab-nebula-serf47,30,100,150,95,55,5,0.6333,0.95,0.6129
12,clab-nebula-serf84,30,57,136,54,82,3,0.3971,0.9474,0.3885
12,clab-nebula-serf92,30,103,137,97,40,6,0.708,0.9417,0.6783
12,clab-nebula-serf106,30,55,120,52,68,3,0.4333,0.9455,0.4228
12,clab-nebula-serf108,30,73,131,69,62,4,0.5267,0.9452,0.5111
12,clab-nebula-serf119,30,3,2,2,0,1,1.0,0.6667,0.6667
12,clab-nebula-serf125,30,84,156,79,77,5,0.5064,0.9405,0.4907
12,clab-nebula-serf54,30,99,149,94,55,5,0.6309,0.9495,0.6104
12,clab-nebula-serf57,30,113,148,107,41,6,0.723,0.9469,0.6948
12,clab-nebula-serf24,30,48,152,45,107,3,0.2961,0.9375,0.2903
12,clab-nebula-serf42,30,71,142,67,75,4,0.4718,0.9437,0.4589
12,clab-nebula-serf48,30,88,146,83,63,5,0.5685,0.9432,0.5497
12,clab-nebula-serf2,30,32,74,30,44,2,0.4054,0.9375,0.3947
12,clab-nebula-serf21,30,84,148,79,69,5,0.5338,0.9405,0.5163
12,clab-nebula-serf67,30,98,138,93,45,5,0.6739,0.949,0.6503
12,clab-nebula-serf102,30,40,129,38,91,2,0.2946,0.95,0.2901
12,clab-nebula-serf110,30,37,119,35,84,2,0.2941,0.9459,0.2893
12,clab-nebula-serf132,30,37,159,35,124,2,0.2201,0.9459,0.2174
12,clab-nebula-serf134,30,26,105,24,81,2,0.2286,0.9231,0.2243
12,clab-nebula-serf137,30,26,105,24,81,2,0.2286,0.9231,0.2243
12,clab-nebula-serf10,30,88,148,83,65,5,0.5608,0.9432,0.5425
12,clab-nebula-serf46,30,81,142,76,66,5,0.5352,0.9383,0.517
12,clab-nebula-serf74,30,106,137,100,37,6,0.7299,0.9434,0.6993
12,clab-nebula-serf76,30,111,138,105,33,6,0.7609,0.9459,0.7292
12,clab-nebula-serf149,30,25,134,23,111,2,0.1716,0.92,0.1691
12,clab-nebula-serf20,30,80,149,76,73,4,0.5101,0.95,0.4967
12,clab-nebula-serf22,30,76,145,72,73,4,0.4966,0.9474,0.4832
12,clab-nebula-serf160,30,37,159,35,124,2,0.2201,0.9459,0.2174
12,clab-nebula-serf31,30,93,150,88,62,5,0.5867,0.9462,0.5677
12,clab-nebula-serf93,30,110,145,104,41,6,0.7172,0.9455,0.6887
12,clab-nebula-serf122,30,61,122,57,65,4,0.4672,0.9344,0.4524
12,clab-nebula-serf38,30,92,149,87,62,5,0.5839,0.9457,0.5649
12,clab-nebula-serf55,30,96,148,91,57,5,0.6149,0.9479,0.5948
12,clab-nebula-serf79,30,116,141,110,31,6,0.7801,0.9483,0.7483
12,clab-nebula-serf113,30,65,142,61,81,4,0.4296,0.9385,0.4178
12,clab-nebula-serf120,30,3,2,2,0,1,1.0,0.6667,0.6667
12,clab-nebula-serf128,30,73,131,69,62,4,0.5267,0.9452,0.5111
12,clab-nebula-serf8,30,76,146,72,74,4,0.4932,0.9474,0.48
12,clab-nebula-serf27,30,38,157,36,121,2,0.2293,0.9474,0.2264
12,clab-nebula-serf78,30,102,137,96,41,6,0.7007,0.9412,0.6713
12,clab-nebula-serf104,30,87,132,82,50,5,0.6212,0.9425,0.5985
12,clab-nebula-serf133,30,26,105,24,81,2,0.2286,0.9231,0.2243
12,clab-nebula-serf64,30,69,146,65,81,4,0.4452,0.942,0.4333
12,clab-nebula-serf73,30,113,141,107,34,6,0.7589,0.9469,0.7279
12,clab-nebula-serf118,30,3,2,2,0,1,1.0,0.6667,0.6667
12,clab-nebula-serf5,30,46,148,43,105,3,0.2905,0.9348,0.2848
12,clab-nebula-serf87,30,80,147,76,71,4,0.517,0.95,0.5033
12,clab-nebula-serf88,30,72,145,68,77,4,0.469,0.9444,0.4564
12,clab-nebula-serf153,30,24,137,22,115,2,0.1606,0.9167,0.1583
12,clab-nebula-serf53,30,97,148,92,56,5,0.6216,0.9485,0.6013
12,clab-nebula-serf69,30,107,137,101,36,6,0.7372,0.9439,0.7063
12,clab-nebula-serf60,30,111,148,105,43,6,0.7095,0.9459,0.6818
12,clab-nebula-serf145,30,15,68,14,54,1,0.2059,0.9333,0.2029
12,clab-nebula-serf6,30,86,148,81,67,5,0.5473,0.9419,0.5294
12,clab-nebula-serf11,30,93,148,88,60,5,0.5946,0.9462,0.5752
12,clab-nebula-serf98,30,29,128,27,101,2,0.2109,0.931,0.2077
12,clab-nebula-serf138,30,26,105,24,81,2,0.2286,0.9231,0.2243
12,clab-nebula-serf150,30,23,137,21,116,2,0.1533,0.913,0.1511
12,clab-nebula-serf18,30,90,148,85,63,5,0.5743,0.9444,0.5556
12,clab-nebula-serf30,30,93,150,88,62,5,0.5867,0.9462,0.5677
12,clab-nebula-serf44,30,99,150,94,56,5,0.6267,0.9495,0.6065
12,clab-nebula-serf131,30,29,155,27,128,2,0.1742,0.931,0.172
12,clab-nebula-serf35,30,85,147,80,67,5,0.5442,0.9412,0.5263
12,clab-nebula-serf40,30,87,148,82,66,5,0.5541,0.9425,0.5359
12,clab-nebula-serf144,30,55,158,52,106,3,0.3291,0.9455,0.323
12,clab-nebula-serf152,30,47,137,44,93,3,0.3212,0.9362,0.3143
12,clab-nebula-serf162,30,9,12,8,4,1,0.6667,0.8889,0.6154
12,clab-nebula-serf41,30,74,142,70,72,4,0.493,0.9459,0.4795
12,clab-nebula-serf72,30,110,137,104,33,6,0.7591,0.9455,0.7273
12,clab-nebula-serf141,30,26,105,24,81,2,0.2286,0.9231,0.2243
12,clab-nebula-serf25,30,81,145,76,69,5,0.5241,0.9383,0.5067
12,clab-nebula-serf50,30,93,148,88,60,5,0.5946,0.9462,0.5752
12,clab-nebula-serf51,30,97,148,92,56,5,0.6216,0.9485,0.6013
12,clab-nebula-serf66,30,106,137,100,37,6,0.7299,0.9434,0.6993
12,clab-nebula-serf86,30,85,146,80,66,5,0.5479,0.9412,0.5298
12,clab-nebula-serf90,30,101,141,95,46,6,0.6738,0.9406,0.6463
12,clab-nebula-serf143,30,13,69,12,57,1,0.1739,0.9231,0.1714
12,clab-nebula-serf7,30,86,148,81,67,5,0.5473,0.9419,0.5294
12,clab-nebula-serf37,30,96,150,91,59,5,0.6067,0.9479,0.5871
12,clab-nebula-serf43,30,82,142,77,65,5,0.5423,0.939,0.5238
12,clab-nebula-serf58,30,118,148,112,36,6,0.7568,0.9492,0.7273
12,clab-nebula-serf61,30,118,148,112,36,6,0.7568,0.9492,0.7273
12,clab-nebula-serf112,30,18,79,17,62,1,0.2152,0.9444,0.2125
12,clab-nebula-serf15,30,100,149,95,54,5,0.6376,0.95,0.6169
12,clab-nebula-serf16,30,101,148,95,53,6,0.6419,0.9406,0.6169
12,clab-nebula-serf77,30,113,141,107,34,6,0.7589,0.9469,0.7279
12,clab-nebula-serf121,30,81,157,77,80,4,0.4904,0.9506,0.4783
12,clab-nebula-serf140,30,25,38,23,15,2,0.6053,0.92,0.575
12,clab-nebula-serf148,30,22,137,20,117,2,0.146,0.9091,0.1439
12,clab-nebula-serf154,30,23,137,21,116,2,0.1533,0.913,0.1511
12,clab-nebula-serf156,30,33,138,31,107,2,0.2246,0.9394,0.2214
12,clab-nebula-serf23,30,39,64,37,27,2,0.5781,0.9487,0.5606
12,clab-nebula-serf39,30,106,145,100,45,6,0.6897,0.9434,0.6623
12,clab-nebula-serf62,30,88,148,83,65,5,0.5608,0.9432,0.5425
12,clab-nebula-serf107,30,71,131,67,64,4,0.5115,0.9437,0.4963
12,clab-nebula-serf115,30,0,0,0,0,0,1.0,1.0,1.0
12,clab-nebula-serf151,30,23,137,21,116,2,0.1533,0.913,0.1511
12,clab-nebula-serf158,30,34,159,32,127,2,0.2013,0.9412,0.1988
12,clab-nebula-serf28,30,19,109,18,91,1,0.1651,0.9474,0.1636
12,clab-nebula-serf29,30,39,135,37,98,2,0.2741,0.9487,0.2701
12,clab-nebula-serf130,35,41,159,39,120,2,0.2453,0.9512,0.2422
12,clab-nebula-serf161,35,42,158,39,119,3,0.2468,0.9286,0.2422
12,clab-nebula-serf32,35,108,149,102,47,6,0.6846,0.9444,0.6581
12,clab-nebula-serf63,35,103,148,97,51,6,0.6554,0.9417,0.6299
12,clab-nebula-serf45,35,118,149,112,37,6,0.7517,0.9492,0.7226
12,clab-nebula-serf49,35,121,149,115,34,6,0.7718,0.9504,0.7419
12,clab-nebula-serf83,35,109,145,103,42,6,0.7103,0.945,0.6821
12,clab-nebula-serf91,35,119,145,113,32,6,0.7793,0.9496,0.7483
12,clab-nebula-serf136,35,45,158,42,116,3,0.2658,0.9333,0.2609
12,clab-nebula-serf146,35,44,158,41,117,3,0.2595,0.9318,0.2547
12,clab-nebula-serf12,35,102,148,96,52,6,0.6486,0.9412,0.6234
12,clab-nebula-serf19,35,105,148,99,49,6,0.6689,0.9429,0.6429
12,clab-nebula-serf80,35,120,142,114,28,6,0.8028,0.95,0.7703
12,clab-nebula-serf111,35,145,151,137,14,8,0.9073,0.9448,0.8616
12,clab-nebula-serf109,35,145,151,137,14,8,0.9073,0.9448,0.8616
12,clab-nebula-serf147,35,48,137,45,92,3,0.3285,0.9375,0.3214
12,clab-nebula-serf4,35,82,148,77,71,5,0.5203,0.939,0.5033
12,clab-nebula-serf100,35,89,146,84,62,5,0.5753,0.9438,0.5563
12,clab-nebula-serf75,35,115,141,109,32,6,0.773,0.9478,0.7415
12,clab-nebula-serf89,35,97,146,92,54,5,0.6301,0.9485,0.6093
12,clab-nebula-serf101,35,79,146,75,71,4,0.5137,0.9494,0.5
12,clab-nebula-serf105,35,123,152,116,36,7,0.7632,0.9431,0.7296
12,clab-nebula-serf65,35,115,138,109,29,6,0.7899,0.9478,0.7569
12,clab-nebula-serf68,35,116,141,110,31,6,0.7801,0.9483,0.7483
12,clab-nebula-serf94,35,119,145,113,32,6,0.7793,0.9496,0.7483
12,clab-nebula-serf103,35,102,146,96,50,6,0.6575,0.9412,0.6316
12,clab-nebula-serf117,35,3,2,2,0,1,1.0,0.6667,0.6667
12,clab-nebula-serf127,35,122,154,115,39,7,0.7468,0.9426,0.7143
12,clab-nebula-serf129,35,71,131,67,64,4,0.5115,0.9437,0.4963
12,clab-nebula-serf155,35,43,137,40,97,3,0.292,0.9302,0.2857
12,clab-nebula-serf3,35,83,148,78,70,5,0.527,0.9398,0.5098
12,clab-nebula-serf14,35,102,148,96,52,6,0.6486,0.9412,0.6234
12,clab-nebula-serf142,35,30,155,28,127,2,0.1806,0.9333,0.1783
12,clab-nebula-serf96,35,77,146,73,73,4,0.5,0.9481,0.4867
12,clab-nebula-serf116,35,1,1,1,0,0,1.0,1.0,1.0
12,clab-nebula-serf56,35,121,149,115,34,6,0.7718,0.9504,0.7419
12,clab-nebula-serf59,35,124,148,117,31,7,0.7905,0.9435,0.7548
12,clab-nebula-serf70,35,119,148,113,35,6,0.7635,0.9496,0.7338
12,clab-nebula-serf81,35,121,141,114,27,7,0.8085,0.9421,0.7703
12,clab-nebula-serf95,35,119,145,113,32,6,0.7793,0.9496,0.7483
12,clab-nebula-serf114,35,92,142,87,55,5,0.6127,0.9457,0.5918
12,clab-nebula-serf9,35,101,149,96,53,5,0.6443,0.9505,0.6234
12,clab-nebula-serf17,35,116,148,110,38,6,0.7432,0.9483,0.7143
12,clab-nebula-serf139,35,45,158,42,116,3,0.2658,0.9333,0.2609
12,clab-nebula-serf52,35,119,148,113,35,6,0.7635,0.9496,0.7338
12,clab-nebula-serf71,35,119,142,113,29,6,0.7958,0.9496,0.7635
12,clab-nebula-serf26,35,108,149,102,47,6,0.6846,0.9444,0.6581
12,clab-nebula-serf34,35,112,149,106,43,6,0.7114,0.9464,0.6839
12,clab-nebula-serf126,35,121,155,115,40,6,0.7419,0.9504,0.7143
12,clab-nebula-serf36,35,108,148,102,46,6,0.6892,0.9444,0.6623
12,clab-nebula-serf82,35,16,103,15,88,1,0.1456,0.9375,0.1442
12,clab-nebula-serf85,35,111,145,105,40,6,0.7241,0.9459,0.6954
12,clab-nebula-serf97,35,80,146,76,70,4,0.5205,0.95,0.5067
12,clab-nebula-serf99,35,82,146,77,69,5,0.5274,0.939,0.5099
12,clab-nebula-serf124,35,114,155,108,47,6,0.6968,0.9474,0.6708
12,clab-nebula-serf157,35,40,159,38,121,2,0.239,0.95,0.236
12,clab-nebula-serf159,35,40,159,38,121,2,0.239,0.95,0.236
12,clab-nebula-serf1,35,91,149,86,63,5,0.5772,0.9451,0.5584
12,clab-nebula-serf33,35,119,149,113,36,6,0.7584,0.9496,0.729
12,clab-nebula-serf123,35,128,152,121,31,7,0.7961,0.9453,0.761
12,clab-nebula-serf135,35,42,158,39,119,3,0.2468,0.9286,0.2422
12,clab-nebula-serf13,35,110,148,104,44,6,0.7027,0.9455,0.6753
12,clab-nebula-serf47,35,120,149,114,35,6,0.7651,0.95,0.7355
12,clab-nebula-serf84,35,81,141,76,65,5,0.539,0.9383,0.5205
12,clab-nebula-serf92,35,118,142,112,30,6,0.7887,0.9492,0.7568
12,clab-nebula-serf106,35,86,131,81,50,5,0.6183,0.9419,0.5956
12,clab-nebula-serf108,35,122,151,115,36,7,0.7616,0.9426,0.7278
12,clab-nebula-serf119,35,3,2,2,0,1,1.0,0.6667,0.6667
12,clab-nebula-serf125,35,112,155,106,49,6,0.6839,0.9464,0.6584
12,clab-nebula-serf54,35,119,148,113,35,6,0.7635,0.9496,0.7338
12,clab-nebula-serf57,35,121,148,114,34,7,0.7703,0.9421,0.7355
12,clab-nebula-serf24,35,83,148,78,70,5,0.527,0.9398,0.5098
12,clab-nebula-serf42,35,88,148,83,65,5,0.5608,0.9432,0.5425
12,clab-nebula-serf48,35,114,149,108,41,6,0.7248,0.9474,0.6968
12,clab-nebula-serf2,35,67,145,63,82,4,0.4345,0.9403,0.4228
12,clab-nebula-serf21,35,94,150,89,61,5,0.5933,0.9468,0.5742
12,clab-nebula-serf67,35,115,141,109,32,6,0.773,0.9478,0.7415
12,clab-nebula-serf102,35,76,145,72,73,4,0.4966,0.9474,0.4832
12,clab-nebula-serf110,35,69,131,65,66,4,0.4962,0.942,0.4815
12,clab-nebula-serf132,35,48,158,45,113,3,0.2848,0.9375,0.2795
12,clab-nebula-serf134,35,43,158,40,118,3,0.2532,0.9302,0.2484
12,clab-nebula-serf137,35,44,158,41,117,3,0.2595,0.9318,0.2547
12,clab-nebula-serf10,35,103,148,97,51,6,0.6554,0.9417,0.6299
12,clab-nebula-serf46,35,100,150,95,55,5,0.6333,0.95,0.6129
12,clab-nebula-serf74,35,117,141,111,30,6,0.7872,0.9487,0.7551
12,clab-nebula-serf76,35,121,142,115,27,6,0.8099,0.9504,0.777
12,clab-nebula-serf149,35,48,137,45,92,3,0.3285,0.9375,0.3214
12,clab-nebula-serf20,35,93,150,88,62,5,0.5867,0.9462,0.5677
12,clab-nebula-serf22,35,93,150,88,62,5,0.5867,0.9462,0.5677
12,clab-nebula-serf160,35,43,158,40,118,3,0.2532,0.9302,0.2484
12,clab-nebula-serf31,35,102,149,96,53,6,0.6443,0.9412,0.6194
12,clab-nebula-serf93,35,119,145,113,32,6,0.7793,0.9496,0.7483
12,clab-nebula-serf122,35,106,155,100,55,6,0.6452,0.9434,0.6211
12,clab-nebula-serf38,35,107,149,101,48,6,0.6779,0.9439,0.6516
12,clab-nebula-serf55,35,119,148,113,35,6,0.7635,0.9496,0.7338
12,clab-nebula-serf79,35,121,142,115,27,6,0.8099,0.9504,0.777
12,clab-nebula-serf113,35,105,144,99,45,6,0.6875,0.9429,0.66
12,clab-nebula-serf120,35,3,2,2,0,1,1.0,0.6667,0.6667
12,clab-nebula-serf128,35,111,146,105,41,6,0.7192,0.9459,0.6908
12,clab-nebula-serf8,35,89,148,84,64,5,0.5676,0.9438,0.549
12,clab-nebula-serf27,35,75,149,71,78,4,0.4765,0.9467,0.4641
12,clab-nebula-serf78,35,118,142,112,30,6,0.7887,0.9492,0.7568
12,clab-nebula-serf104,35,130,152,123,29,7,0.8092,0.9462,0.7736
12,clab-nebula-serf133,35,44,158,41,117,3,0.2595,0.9318,0.2547
12,clab-nebula-serf64,35,100,148,95,53,5,0.6419,0.95,0.6209
12,clab-nebula-serf73,35,121,141,114,27,7,0.8085,0.9421,0.7703
12,clab-nebula-serf118,35,3,2,2,0,1,1.0,0.6667,0.6667
12,clab-nebula-serf5,35,80,149,76,73,4,0.5101,0.95,0.4967
12,clab-nebula-serf87,35,108,145,102,43,6,0.7034,0.9444,0.6755
12,clab-nebula-serf88,35,100,146,95,51,5,0.6507,0.95,0.6291
12,clab-nebula-serf153,35,42,137,39,98,3,0.2847,0.9286,0.2786
12,clab-nebula-serf53,35,118,148,112,36,6,0.7568,0.9492,0.7273
12,clab-nebula-serf69,35,119,142,113,29,6,0.7958,0.9496,0.7635
12,clab-nebula-serf60,35,120,148,114,34,6,0.7703,0.95,0.7403
12,clab-nebula-serf145,35,37,156,35,121,2,0.2244,0.9459,0.2215
12,clab-nebula-serf6,35,98,149,93,56,5,0.6242,0.949,0.6039
12,clab-nebula-serf11,35,112,148,106,42,6,0.7162,0.9464,0.6883
12,clab-nebula-serf98,35,71,142,67,75,4,0.4718,0.9437,0.4589
12,clab-nebula-serf138,35,43,158,40,118,3,0.2532,0.9302,0.2484
12,clab-nebula-serf150,35,42,137,39,98,3,0.2847,0.9286,0.2786
12,clab-nebula-serf18,35,103,148,97,51,6,0.6554,0.9417,0.6299
12,clab-nebula-serf30,35,102,149,96,53,6,0.6443,0.9412,0.6194
12,clab-nebula-serf44,35,120,149,114,35,6,0.7651,0.95,0.7355
12,clab-nebula-serf131,35,45,158,42,116,3,0.2658,0.9333,0.2609
12,clab-nebula-serf35,35,95,149,90,59,5,0.604,0.9474,0.5844
12,clab-nebula-serf40,35,98,149,93,56,5,0.6242,0.949,0.6039
12,clab-nebula-serf144,35,60,158,57,101,3,0.3608,0.95,0.354
12,clab-nebula-serf152,35,60,137,57,80,3,0.4161,0.95,0.4071
12,clab-nebula-serf162,35,20,159,19,140,1,0.1195,0.95,0.1187
12,clab-nebula-serf41,35,89,149,84,65,5,0.5638,0.9438,0.5455
12,clab-nebula-serf72,35,121,142,115,27,6,0.8099,0.9504,0.777
12,clab-nebula-serf141,35,43,158,40,118,3,0.2532,0.9302,0.2484
12,clab-nebula-serf25,35,93,150,88,62,5,0.5867,0.9462,0.5677
12,clab-nebula-serf50,35,118,149,112,37,6,0.7517,0.9492,0.7226
12,clab-nebula-serf51,35,118,148,112,36,6,0.7568,0.9492,0.7273
12,clab-nebula-serf66,35,116,141,110,31,6,0.7801,0.9483,0.7483
12,clab-nebula-serf86,35,115,145,109,36,6,0.7517,0.9478,0.7219
12,clab-nebula-serf90,35,119,145,113,32,6,0.7793,0.9496,0.7483
12,clab-nebula-serf143,35,32,155,30,125,2,0.1935,0.9375,0.1911
12,clab-nebula-serf7,35,99,149,94,55,5,0.6309,0.9495,0.6104
12,clab-nebula-serf37,35,111,149,105,44,6,0.7047,0.9459,0.6774
12,clab-nebula-serf43,35,98,150,93,57,5,0.62,0.949,0.6
12,clab-nebula-serf58,35,122,148,115,33,7,0.777,0.9426,0.7419
12,clab-nebula-serf61,35,121,148,114,34,7,0.7703,0.9421,0.7355
12,clab-nebula-serf112,35,34,83,32,51,2,0.3855,0.9412,0.3765
12,clab-nebula-serf15,35,117,148,111,37,6,0.75,0.9487,0.7208
12,clab-nebula-serf16,35,119,148,113,35,6,0.7635,0.9496,0.7338
12,clab-nebula-serf77,35,121,142,115,27,6,0.8099,0.9504,0.777
12,clab-nebula-serf121,35,121,154,114,40,7,0.7403,0.9421,0.7081
12,clab-nebula-serf140,35,39,159,37,122,2,0.2327,0.9487,0.2298
12,clab-nebula-serf148,35,38,138,36,102,2,0.2609,0.9474,0.2571
12,clab-nebula-serf154,35,42,137,39,98,3,0.2847,0.9286,0.2786
12,clab-nebula-serf156,35,49,137,46,91,3,0.3358,0.9388,0.3286
12,clab-nebula-serf23,35,75,145,71,74,4,0.4897,0.9467,0.4765
12,clab-nebula-serf39,35,119,145,113,32,6,0.7793,0.9496,0.7483
12,clab-nebula-serf62,35,110,148,104,44,6,0.7027,0.9455,0.6753
12,clab-nebula-serf107,35,104,146,98,48,6,0.6712,0.9423,0.6447
12,clab-nebula-serf115,35,1,1,1,0,0,1.0,1.0,1.0
12,clab-nebula-serf151,35,43,137,40,97,3,0.292,0.9302,0.2857
12,clab-nebula-serf158,35,40,159,38,121,2,0.239,0.95,0.236
12,clab-nebula-serf28,35,29,123,27,96,2,0.2195,0.931,0.216
12,clab-nebula-serf29,35,79,143,75,68,4,0.5245,0.9494,0.5102
12,clab-nebula-serf130,40,53,158,50,108,3,0.3165,0.9434,0.3106
12,clab-nebula-serf161,40,58,158,55,103,3,0.3481,0.9483,0.3416
12,clab-nebula-serf32,40,121,148,114,34,7,0.7703,0.9421,0.7355
12,clab-nebula-serf63,40,119,148,113,35,6,0.7635,0.9496,0.7338
12,clab-nebula-serf45,40,121,148,114,34,7,0.7703,0.9421,0.7355
12,clab-nebula-serf49,40,124,148,117,31,7,0.7905,0.9435,0.7548
12,clab-nebula-serf83,40,119,145,113,32,6,0.7793,0.9496,0.7483
12,clab-nebula-serf91,40,129,145,122,23,7,0.8414,0.9457,0.8026
12,clab-nebula-serf136,40,66,157,62,95,4,0.3949,0.9394,0.3851
12,clab-nebula-serf146,40,58,158,55,103,3,0.3481,0.9483,0.3416
12,clab-nebula-serf12,40,119,148,113,35,6,0.7635,0.9496,0.7338
12,clab-nebula-serf19,40,120,149,114,35,6,0.7651,0.95,0.7355
12,clab-nebula-serf80,40,127,142,120,22,7,0.8451,0.9449,0.8054
12,clab-nebula-serf111,40,150,151,142,9,8,0.9404,0.9467,0.8931
12,clab-nebula-serf109,40,153,151,145,6,8,0.9603,0.9477,0.9119
12,clab-nebula-serf147,40,59,137,56,81,3,0.4088,0.9492,0.4
12,clab-nebula-serf4,40,92,149,87,62,5,0.5839,0.9457,0.5649
12,clab-nebula-serf100,40,137,146,130,16,7,0.8904,0.9489,0.8497
12,clab-nebula-serf75,40,122,141,115,26,7,0.8156,0.9426,0.777
12,clab-nebula-serf89,40,119,145,113,32,6,0.7793,0.9496,0.7483
12,clab-nebula-serf101,40,131,146,124,22,7,0.8493,0.9466,0.8105
12,clab-nebula-serf105,40,145,151,137,14,8,0.9073,0.9448,0.8616
12,clab-nebula-serf65,40,122,138,115,23,7,0.8333,0.9426,0.7931
12,clab-nebula-serf68,40,122,141,115,26,7,0.8156,0.9426,0.777
12,clab-nebula-serf94,40,129,145,122,23,7,0.8414,0.9457,0.8026
12,clab-nebula-serf103,40,140,146,133,13,7,0.911,0.95,0.8693
12,clab-nebula-serf117,40,3,2,2,0,1,1.0,0.6667,0.6667
12,clab-nebula-serf127,40,138,154,131,23,7,0.8506,0.9493,0.8137
12,clab-nebula-serf129,40,123,152,116,36,7,0.7632,0.9431,0.7296
12,clab-nebula-serf155,40,56,137,53,84,3,0.3869,0.9464,0.3786
12,clab-nebula-serf3,40,96,150,91,59,5,0.6067,0.9479,0.5871
12,clab-nebula-serf14,40,119,148,113,35,6,0.7635,0.9496,0.7338
12,clab-nebula-serf142,40,54,158,51,107,3,0.3228,0.9444,0.3168
12,clab-nebula-serf96,40,121,147,115,32,6,0.7823,0.9504,0.7516
12,clab-nebula-serf116,40,1,1,1,0,0,1.0,1.0,1.0
12,clab-nebula-serf56,40,125,148,118,30,7,0.7973,0.944,0.7613
12,clab-nebula-serf59,40,128,148,121,27,7,0.8176,0.9453,0.7806
12,clab-nebula-serf70,40,124,147,117,30,7,0.7959,0.9435,0.7597
12,clab-nebula-serf81,40,130,142,123,19,7,0.8662,0.9462,0.8255
12,clab-nebula-serf95,40,124,145,117,28,7,0.8069,0.9435,0.7697
12,clab-nebula-serf114,40,134,147,127,20,7,0.8639,0.9478,0.8247
12,clab-nebula-serf9,40,116,148,110,38,6,0.7432,0.9483,0.7143
12,clab-nebula-serf17,40,121,148,114,34,7,0.7703,0.9421,0.7355
12,clab-nebula-serf139,40,65,157,61,96,4,0.3885,0.9385,0.3789
12,clab-nebula-serf52,40,124,148,117,31,7,0.7905,0.9435,0.7548
12,clab-nebula-serf71,40,124,142,117,25,7,0.8239,0.9435,0.7852
12,clab-nebula-serf26,40,121,149,115,34,6,0.7718,0.9504,0.7419
12,clab-nebula-serf34,40,121,148,114,34,7,0.7703,0.9421,0.7355
12,clab-nebula-serf126,40,138,154,131,23,7,0.8506,0.9493,0.8137
12,clab-nebula-serf36,40,121,149,115,34,6,0.7718,0.9504,0.7419
12,clab-nebula-serf82,40,61,143,58,85,3,0.4056,0.9508,0.3973
12,clab-nebula-serf85,40,119,145,113,32,6,0.7793,0.9496,0.7483
12,clab-nebula-serf97,40,126,146,119,27,7,0.8151,0.9444,0.7778
12,clab-nebula-serf99,40,137,146,130,16,7,0.8904,0.9489,0.8497
12,clab-nebula-serf124,40,133,154,126,28,7,0.8182,0.9474,0.7826
12,clab-nebula-serf157,40,54,158,51,107,3,0.3228,0.9444,0.3168
12,clab-nebula-serf159,40,54,158,51,107,3,0.3228,0.9444,0.3168
12,clab-nebula-serf1,40,107,149,101,48,6,0.6779,0.9439,0.6516
12,clab-nebula-serf33,40,124,148,117,31,7,0.7905,0.9435,0.7548
12,clab-nebula-serf123,40,143,151,135,16,8,0.894,0.9441,0.8491
12,clab-nebula-serf135,40,54,158,51,107,3,0.3228,0.9444,0.3168
12,clab-nebula-serf13,40,120,149,114,35,6,0.7651,0.95,0.7355
12,clab-nebula-serf47,40,124,148,117,31,7,0.7905,0.9435,0.7548
12,clab-nebula-serf84,40,110,145,104,41,6,0.7172,0.9455,0.6887
12,clab-nebula-serf92,40,123,141,116,25,7,0.8227,0.9431,0.7838
12,clab-nebula-serf106,40,130,152,123,29,7,0.8092,0.9462,0.7736
12,clab-nebula-serf108,40,144,151,136,15,8,0.9007,0.9444,0.8553
12,clab-nebula-serf119,40,4,78,3,75,1,0.0385,0.75,0.038
12,clab-nebula-serf125,40,137,154,130,24,7,0.8442,0.9489,0.8075
12,clab-nebula-serf54,40,122,148,115,33,7,0.777,0.9426,0.7419
12,clab-nebula-serf57,40,124,148,117,31,7,0.7905,0.9435,0.7548
12,clab-nebula-serf24,40,93,150,88,62,5,0.5867,0.9462,0.5677
12,clab-nebula-serf42,40,101,149,95,54,6,0.6376,0.9406,0.6129
12,clab-nebula-serf48,40,121,148,114,34,7,0.7703,0.9421,0.7355
12,clab-nebula-serf2,40,84,148,79,69,5,0.5338,0.9405,0.5163
12,clab-nebula-serf21,40,107,149,101,48,6,0.6779,0.9439,0.6516
12,clab-nebula-serf67,40,122,141,115,26,7,0.8156,0.9426,0.777
12,clab-nebula-serf102,40,124,146,117,29,7,0.8014,0.9435,0.7647
12,clab-nebula-serf110,40,107,146,101,45,6,0.6918,0.9439,0.6645
12,clab-nebula-serf132,40,78,157,74,83,4,0.4713,0.9487,0.4596
12,clab-nebula-serf134,40,57,158,54,104,3,0.3418,0.9474,0.3354
12,clab-nebula-serf137,40,55,158,52,106,3,0.3291,0.9455,0.323
12,clab-nebula-serf10,40,120,149,114,35,6,0.7651,0.95,0.7355
12,clab-nebula-serf46,40,121,149,115,34,6,0.7718,0.9504,0.7419
12,clab-nebula-serf74,40,124,142,117,25,7,0.8239,0.9435,0.7852
12,clab-nebula-serf76,40,129,142,122,20,7,0.8592,0.9457,0.8188
12,clab-nebula-serf149,40,60,137,57,80,3,0.4161,0.95,0.4071
12,clab-nebula-serf20,40,102,149,96,53,6,0.6443,0.9412,0.6194
12,clab-nebula-serf22,40,98,150,93,57,5,0.62,0.949,0.6
12,clab-nebula-serf160,40,58,158,55,103,3,0.3481,0.9483,0.3416
12,clab-nebula-serf31,40,119,149,113,36,6,0.7584,0.9496,0.729
12,clab-nebula-serf93,40,125,145,118,27,7,0.8138,0.944,0.7763
12,clab-nebula-serf122,40,133,154,126,28,7,0.8182,0.9474,0.7826
12,clab-nebula-serf38,40,121,148,114,34,7,0.7703,0.9421,0.7355
12,clab-nebula-serf55,40,121,148,114,34,7,0.7703,0.9421,0.7355
12,clab-nebula-serf79,40,135,144,128,16,7,0.8889,0.9481,0.8477
12,clab-nebula-serf113,40,139,147,132,15,7,0.898,0.9496,0.8571
12,clab-nebula-serf120,40,3,2,2,0,1,1.0,0.6667,0.6667
12,clab-nebula-serf128,40,145,151,137,14,8,0.9073,0.9448,0.8616
12,clab-nebula-serf8,40,105,148,99,49,6,0.6689,0.9429,0.6429
12,clab-nebula-serf27,40,92,150,87,63,5,0.58,0.9457,0.5613
12,clab-nebula-serf78,40,123,142,116,26,7,0.8169,0.9431,0.7785
12,clab-nebula-serf104,40,145,151,137,14,8,0.9073,0.9448,0.8616
12,clab-nebula-serf133,40,59,158,56,102,3,0.3544,0.9492,0.3478
12,clab-nebula-serf64,40,116,148,110,38,6,0.7432,0.9483,0.7143
12,clab-nebula-serf73,40,130,142,123,19,7,0.8662,0.9462,0.8255
12,clab-nebula-serf118,40,3,2,2,0,1,1.0,0.6667,0.6667
12,clab-nebula-serf5,40,92,149,87,62,5,0.5839,0.9457,0.5649
12,clab-nebula-serf87,40,120,145,114,31,6,0.7862,0.95,0.755
12,clab-nebula-serf88,40,120,145,114,31,6,0.7862,0.95,0.755
12,clab-nebula-serf153,40,55,137,52,85,3,0.3796,0.9455,0.3714
12,clab-nebula-serf53,40,121,149,115,34,6,0.7718,0.9504,0.7419
12,clab-nebula-serf69,40,125,142,118,24,7,0.831,0.944,0.7919
12,clab-nebula-serf60,40,124,148,117,31,7,0.7905,0.9435,0.7548
12,clab-nebula-serf145,40,56,158,53,105,3,0.3354,0.9464,0.3292
12,clab-nebula-serf6,40,117,149,111,38,6,0.745,0.9487,0.7161
12,clab-nebula-serf11,40,120,149,114,35,6,0.7651,0.95,0.7355
12,clab-nebula-serf98,40,121,147,115,32,6,0.7823,0.9504,0.7516
12,clab-nebula-serf138,40,55,158,52,106,3,0.3291,0.9455,0.323
12,clab-nebula-serf150,40,54,137,51,86,3,0.3723,0.9444,0.3643
12,clab-nebula-serf18,40,120,149,114,35,6,0.7651,0.95,0.7355
12,clab-nebula-serf30,40,119,149,113,36,6,0.7584,0.9496,0.729
12,clab-nebula-serf44,40,124,148,117,31,7,0.7905,0.9435,0.7548
12,clab-nebula-serf131,40,69,157,65,92,4,0.414,0.942,0.4037
12,clab-nebula-serf35,40,111,149,105,44,6,0.7047,0.9459,0.6774
12,clab-nebula-serf40,40,118,149,112,37,6,0.7517,0.9492,0.7226
12,clab-nebula-serf144,40,95,156,90,66,5,0.5769,0.9474,0.559
12,clab-nebula-serf152,40,89,140,84,56,5,0.6,0.9438,0.5793
12,clab-nebula-serf162,40,35,159,33,126,2,0.2075,0.9429,0.205
12,clab-nebula-serf41,40,99,149,94,55,5,0.6309,0.9495,0.6104
12,clab-nebula-serf72,40,125,142,118,24,7,0.831,0.944,0.7919
12,clab-nebula-serf141,40,59,158,56,102,3,0.3544,0.9492,0.3478
12,clab-nebula-serf25,40,102,149,96,53,6,0.6443,0.9412,0.6194
12,clab-nebula-serf50,40,122,148,115,33,7,0.777,0.9426,0.7419
12,clab-nebula-serf51,40,121,148,114,34,7,0.7703,0.9421,0.7355
12,clab-nebula-serf66,40,123,142,116,26,7,0.8169,0.9431,0.7785
12,clab-nebula-serf86,40,120,145,114,31,6,0.7862,0.95,0.755
12,clab-nebula-serf90,40,122,144,115,29,7,0.7986,0.9426,0.7616
12,clab-nebula-serf143,40,56,158,53,105,3,0.3354,0.9464,0.3292
12,clab-nebula-serf7,40,117,149,111,38,6,0.745,0.9487,0.7161
12,clab-nebula-serf37,40,121,148,114,34,7,0.7703,0.9421,0.7355
12,clab-nebula-serf43,40,119,149,113,36,6,0.7584,0.9496,0.729
12,clab-nebula-serf58,40,125,148,118,30,7,0.7973,0.944,0.7613
12,clab-nebula-serf61,40,124,148,117,31,7,0.7905,0.9435,0.7548
12,clab-nebula-serf112,40,64,130,60,70,4,0.4615,0.9375,0.4478
12,clab-nebula-serf15,40,121,149,115,34,6,0.7718,0.9504,0.7419
12,clab-nebula-serf16,40,121,148,114,34,7,0.7703,0.9421,0.7355
12,clab-nebula-serf77,40,125,142,118,24,7,0.831,0.944,0.7919
12,clab-nebula-serf121,40,138,154,131,23,7,0.8506,0.9493,0.8137
12,clab-nebula-serf140,40,52,158,49,109,3,0.3101,0.9423,0.3043
12,clab-nebula-serf148,40,52,137,49,88,3,0.3577,0.9423,0.35
12,clab-nebula-serf154,40,55,137,52,85,3,0.3796,0.9455,0.3714
12,clab-nebula-serf156,40,61,137,58,79,3,0.4234,0.9508,0.4143
12,clab-nebula-serf23,40,91,150,86,64,5,0.5733,0.9451,0.5548
12,clab-nebula-serf39,40,124,145,117,28,7,0.8069,0.9435,0.7697
12,clab-nebula-serf62,40,120,148,114,34,6,0.7703,0.95,0.7403
12,clab-nebula-serf107,40,144,151,136,15,8,0.9007,0.9444,0.8553
12,clab-nebula-serf115,40,3,87,2,85,1,0.023,0.6667,0.0227
12,clab-nebula-serf151,40,55,137,52,85,3,0.3796,0.9455,0.3714
12,clab-nebula-serf158,40,52,158,49,109,3,0.3101,0.9423,0.3043
12,clab-nebula-serf28,40,61,146,57,89,4,0.3904,0.9344,0.38
12,clab-nebula-serf29,40,92,146,87,59,5,0.5959,0.9457,0.5762
12,clab-nebula-serf130,45,84,156,79,77,5,0.5064,0.9405,0.4907
12,clab-nebula-serf161,45,79,157,75,82,4,0.4777,0.9494,0.4658
12,clab-nebula-serf32,45,124,148,117,31,7,0.7905,0.9435,0.7548
12,clab-nebula-serf63,45,124,148,117,31,7,0.7905,0.9435,0.7548
12,clab-nebula-serf45,45,124,148,117,31,7,0.7905,0.9435,0.7548
12,clab-nebula-serf49,45,135,148,128,20,7,0.8649,0.9481,0.8258
12,clab-nebula-serf83,45,128,144,121,23,7,0.8403,0.9453,0.8013
12,clab-nebula-serf91,45,146,149,138,11,8,0.9262,0.9452,0.879
12,clab-nebula-serf136,45,95,156,90,66,5,0.5769,0.9474,0.559
12,clab-nebula-serf146,45,78,157,74,83,4,0.4713,0.9487,0.4596
12,clab-nebula-serf12,45,121,148,114,34,7,0.7703,0.9421,0.7355
12,clab-nebula-serf19,45,123,148,116,32,7,0.7838,0.9431,0.7484
12,clab-nebula-serf80,45,152,151,144,7,8,0.9536,0.9474,0.9057
12,clab-nebula-serf111,45,154,151,146,5,8,0.9669,0.9481,0.9182
12,clab-nebula-serf109,45,155,152,147,5,8,0.9671,0.9484,0.9187
12,clab-nebula-serf147,45,87,140,82,58,5,0.5857,0.9425,0.5655
12,clab-nebula-serf4,45,109,149,103,46,6,0.6913,0.945,0.6645
12,clab-nebula-serf100,45,150,146,142,4,8,0.9726,0.9467,0.9221
12,clab-nebula-serf75,45,135,144,128,16,7,0.8889,0.9481,0.8477
12,clab-nebula-serf89,45,127,144,120,24,7,0.8333,0.9449,0.7947
12,clab-nebula-serf101,45,148,145,140,5,8,0.9655,0.9459,0.915
12,clab-nebula-serf105,45,153,151,145,6,8,0.9603,0.9477,0.9119
12,clab-nebula-serf65,45,126,139,119,20,7,0.8561,0.9444,0.8151
12,clab-nebula-serf68,45,135,144,128,16,7,0.8889,0.9481,0.8477
12,clab-nebula-serf94,45,145,150,137,13,8,0.9133,0.9448,0.8671
12,clab-nebula-serf103,45,150,146,142,4,8,0.9726,0.9467,0.9221
12,clab-nebula-serf117,45,10,87,9,78,1,0.1034,0.9,0.1023
12,clab-nebula-serf127,45,146,153,138,15,8,0.902,0.9452,0.8571
12,clab-nebula-serf129,45,142,151,134,17,8,0.8874,0.9437,0.8428
12,clab-nebula-serf155,45,82,138,77,61,5,0.558,0.939,0.5385
12,clab-nebula-serf3,45,109,149,103,46,6,0.6913,0.945,0.6645
12,clab-nebula-serf14,45,121,149,115,34,6,0.7718,0.9504,0.7419
12,clab-nebula-serf142,45,59,158,56,102,3,0.3544,0.9492,0.3478
12,clab-nebula-serf96,45,147,145,139,6,8,0.9586,0.9456,0.9085
12,clab-nebula-serf116,45,6,87,5,82,1,0.0575,0.8333,0.0568
12,clab-nebula-serf56,45,151,147,143,4,8,0.9728,0.947,0.9226
12,clab-nebula-serf59,45,153,147,145,2,8,0.9864,0.9477,0.9355
12,clab-nebula-serf70,45,147,147,139,8,8,0.9456,0.9456,0.8968
12,clab-nebula-serf81,45,153,151,145,6,8,0.9603,0.9477,0.9119
12,clab-nebula-serf95,45,142,147,134,13,8,0.9116,0.9437,0.8645
12,clab-nebula-serf114,45,152,151,144,7,8,0.9536,0.9474,0.9057
12,clab-nebula-serf9,45,120,149,114,35,6,0.7651,0.95,0.7355
12,clab-nebula-serf17,45,124,148,117,31,7,0.7905,0.9435,0.7548
12,clab-nebula-serf139,45,95,156,90,66,5,0.5769,0.9474,0.559
12,clab-nebula-serf52,45,134,148,127,21,7,0.8581,0.9478,0.8194
12,clab-nebula-serf71,45,146,151,138,13,8,0.9139,0.9452,0.8679
12,clab-nebula-serf26,45,124,148,117,31,7,0.7905,0.9435,0.7548
12,clab-nebula-serf34,45,124,148,117,31,7,0.7905,0.9435,0.7548
12,clab-nebula-serf126,45,146,153,138,15,8,0.902,0.9452,0.8571
12,clab-nebula-serf36,45,124,148,117,31,7,0.7905,0.9435,0.7548
12,clab-nebula-serf82,45,94,144,89,55,5,0.6181,0.9468,0.5973
12,clab-nebula-serf85,45,134,145,127,18,7,0.8759,0.9478,0.8355
12,clab-nebula-serf97,45,149,146,141,5,8,0.9658,0.9463,0.9156
12,clab-nebula-serf99,45,148,145,140,5,8,0.9655,0.9459,0.915
12,clab-nebula-serf124,45,145,153,137,16,8,0.8954,0.9448,0.8509
12,clab-nebula-serf157,45,70,157,66,91,4,0.4204,0.9429,0.4099
12,clab-nebula-serf159,45,70,157,66,91,4,0.4204,0.9429,0.4099
12,clab-nebula-serf1,45,117,149,111,38,6,0.745,0.9487,0.7161
12,clab-nebula-serf33,45,128,148,121,27,7,0.8176,0.9453,0.7806
12,clab-nebula-serf123,45,152,153,144,9,8,0.9412,0.9474,0.8944
12,clab-nebula-serf135,45,91,156,86,70,5,0.5513,0.9451,0.5342
12,clab-nebula-serf13,45,124,148,117,31,7,0.7905,0.9435,0.7548
12,clab-nebula-serf47,45,126,148,119,29,7,0.8041,0.9444,0.7677
12,clab-nebula-serf84,45,119,145,113,32,6,0.7793,0.9496,0.7483
12,clab-nebula-serf92,45,137,144,130,14,7,0.9028,0.9489,0.8609
12,clab-nebula-serf106,45,145,151,137,14,8,0.9073,0.9448,0.8616
12,clab-nebula-serf108,45,149,151,141,10,8,0.9338,0.9463,0.8868
12,clab-nebula-serf119,45,5,87,4,83,1,0.046,0.8,0.0455
12,clab-nebula-serf125,45,146,153,138,15,8,0.902,0.9452,0.8571
12,clab-nebula-serf54,45,126,148,119,29,7,0.8041,0.9444,0.7677
12,clab-nebula-serf57,45,144,147,136,11,8,0.9252,0.9444,0.8774
12,clab-nebula-serf24,45,103,149,97,52,6,0.651,0.9417,0.6258
12,clab-nebula-serf42,45,117,149,111,38,6,0.745,0.9487,0.7161
12,clab-nebula-serf48,45,124,148,117,31,7,0.7905,0.9435,0.7548
12,clab-nebula-serf2,45,99,149,94,55,5,0.6309,0.9495,0.6104
12,clab-nebula-serf21,45,121,148,114,34,7,0.7703,0.9421,0.7355
12,clab-nebula-serf67,45,135,144,128,16,7,0.8889,0.9481,0.8477
12,clab-nebula-serf102,45,144,145,136,9,8,0.9379,0.9444,0.8889
12,clab-nebula-serf110,45,143,151,135,16,8,0.894,0.9441,0.8491
12,clab-nebula-serf132,45,104,155,98,57,6,0.6323,0.9423,0.6087
12,clab-nebula-serf134,45,91,156,86,70,5,0.5513,0.9451,0.5342
12,clab-nebula-serf137,45,90,156,85,71,5,0.5449,0.9444,0.528
12,clab-nebula-serf10,45,121,148,114,34,7,0.7703,0.9421,0.7355
12,clab-nebula-serf46,45,124,148,117,31,7,0.7905,0.9435,0.7548
12,clab-nebula-serf74,45,145,151,137,14,8,0.9073,0.9448,0.8616
12,clab-nebula-serf76,45,153,151,145,6,8,0.9603,0.9477,0.9119
12,clab-nebula-serf149,45,89,140,84,56,5,0.6,0.9438,0.5793
12,clab-nebula-serf20,45,118,149,112,37,6,0.7517,0.9492,0.7226
12,clab-nebula-serf22,45,117,149,111,38,6,0.745,0.9487,0.7161
12,clab-nebula-serf160,45,82,156,77,79,5,0.4936,0.939,0.4783
12,clab-nebula-serf31,45,124,148,117,31,7,0.7905,0.9435,0.7548
12,clab-nebula-serf93,45,142,147,134,13,8,0.9116,0.9437,0.8645
12,clab-nebula-serf122,45,144,153,136,17,8,0.8889,0.9444,0.8447
12,clab-nebula-serf38,45,124,148,117,31,7,0.7905,0.9435,0.7548
12,clab-nebula-serf55,45,126,148,119,29,7,0.8041,0.9444,0.7677
12,clab-nebula-serf79,45,153,151,145,6,8,0.9603,0.9477,0.9119
12,clab-nebula-serf113,45,156,152,148,4,8,0.9737,0.9487,0.925
12,clab-nebula-serf120,45,5,87,4,83,1,0.046,0.8,0.0455
12,clab-nebula-serf128,45,150,151,142,9,8,0.9404,0.9467,0.8931
12,clab-nebula-serf8,45,120,149,114,35,6,0.7651,0.95,0.7355
12,clab-nebula-serf27,45,98,150,93,57,5,0.62,0.949,0.6
12,clab-nebula-serf78,45,140,148,133,15,7,0.8986,0.95,0.8581
12,clab-nebula-serf104,45,153,151,145,6,8,0.9603,0.9477,0.9119
12,clab-nebula-serf133,45,92,156,87,69,5,0.5577,0.9457,0.5404
12,clab-nebula-serf64,45,123,148,116,32,7,0.7838,0.9431,0.7484
12,clab-nebula-serf73,45,151,151,143,8,8,0.947,0.947,0.8994
12,clab-nebula-serf118,45,5,87,4,83,1,0.046,0.8,0.0455
12,clab-nebula-serf5,45,108,149,102,47,6,0.6846,0.9444,0.6581
12,clab-nebula-serf87,45,132,144,125,19,7,0.8681,0.947,0.8278
12,clab-nebula-serf88,45,127,144,120,24,7,0.8333,0.9449,0.7947
12,clab-nebula-serf153,45,81,139,77,62,4,0.554,0.9506,0.5385
12,clab-nebula-serf53,45,125,148,118,30,7,0.7973,0.944,0.7613
12,clab-nebula-serf69,45,147,151,139,12,8,0.9205,0.9456,0.8742
12,clab-nebula-serf60,45,143,147,135,12,8,0.9184,0.9441,0.871
12,clab-nebula-serf145,45,66,157,62,95,4,0.3949,0.9394,0.3851
12,clab-nebula-serf6,45,120,149,114,35,6,0.7651,0.95,0.7355
12,clab-nebula-serf11,45,124,148,117,31,7,0.7905,0.9435,0.7548
12,clab-nebula-serf98,45,144,146,136,10,8,0.9315,0.9444,0.8831
12,clab-nebula-serf138,45,90,156,85,71,5,0.5449,0.9444,0.528
12,clab-nebula-serf150,45,79,137,75,62,4,0.5474,0.9494,0.5319
12,clab-nebula-serf18,45,123,148,116,32,7,0.7838,0.9431,0.7484
12,clab-nebula-serf30,45,124,148,117,31,7,0.7905,0.9435,0.7548
12,clab-nebula-serf44,45,127,148,120,28,7,0.8108,0.9449,0.7742
12,clab-nebula-serf131,45,95,156,90,66,5,0.5769,0.9474,0.559
12,clab-nebula-serf35,45,121,148,114,34,7,0.7703,0.9421,0.7355
12,clab-nebula-serf40,45,122,148,115,33,7,0.777,0.9426,0.7419
12,clab-nebula-serf144,45,126,154,119,35,7,0.7727,0.9444,0.7391
12,clab-nebula-serf152,45,122,140,115,25,7,0.8214,0.9426,0.7823
12,clab-nebula-serf162,45,40,159,38,121,2,0.239,0.95,0.236
12,clab-nebula-serf41,45,118,149,112,37,6,0.7517,0.9492,0.7226
12,clab-nebula-serf72,45,150,151,142,9,8,0.9404,0.9467,0.8931
12,clab-nebula-serf141,45,90,156,85,71,5,0.5449,0.9444,0.528
12,clab-nebula-serf25,45,119,149,113,36,6,0.7584,0.9496,0.729
12,clab-nebula-serf50,45,125,148,118,30,7,0.7973,0.944,0.7613
12,clab-nebula-serf51,45,126,148,119,29,7,0.8041,0.9444,0.7677
12,clab-nebula-serf66,45,136,144,129,15,7,0.8958,0.9485,0.8543
12,clab-nebula-serf86,45,134,144,127,17,7,0.8819,0.9478,0.8411
12,clab-nebula-serf90,45,137,146,130,16,7,0.8904,0.9489,0.8497
12,clab-nebula-serf143,45,66,157,62,95,4,0.3949,0.9394,0.3851
12,clab-nebula-serf7,45,120,149,114,35,6,0.7651,0.95,0.7355
12,clab-nebula-serf37,45,124,148,117,31,7,0.7905,0.9435,0.7548
12,clab-nebula-serf43,45,124,148,117,31,7,0.7905,0.9435,0.7548
12,clab-nebula-serf58,45,153,147,145,2,8,0.9864,0.9477,0.9355
12,clab-nebula-serf61,45,149,147,141,6,8,0.9592,0.9463,0.9097
12,clab-nebula-serf112,45,103,152,97,55,6,0.6382,0.9417,0.6139
12,clab-nebula-serf15,45,124,148,117,31,7,0.7905,0.9435,0.7548
12,clab-nebula-serf16,45,126,148,119,29,7,0.8041,0.9444,0.7677
12,clab-nebula-serf77,45,151,151,143,8,8,0.947,0.947,0.8994
12,clab-nebula-serf121,45,148,153,140,13,8,0.915,0.9459,0.8696
12,clab-nebula-serf140,45,82,156,77,79,5,0.4936,0.939,0.4783
12,clab-nebula-serf148,45,68,136,64,72,4,0.4706,0.9412,0.4571
12,clab-nebula-serf154,45,79,137,75,62,4,0.5474,0.9494,0.5319
12,clab-nebula-serf156,45,99,141,94,47,5,0.6667,0.9495,0.6438
12,clab-nebula-serf23,45,99,150,94,56,5,0.6267,0.9495,0.6065
12,clab-nebula-serf39,45,138,154,131,23,7,0.8506,0.9493,0.8137
12,clab-nebula-serf62,45,124,148,117,31,7,0.7905,0.9435,0.7548
12,clab-nebula-serf107,45,149,151,141,10,8,0.9338,0.9463,0.8868
12,clab-nebula-serf115,45,6,87,5,82,1,0.0575,0.8333,0.0568
12,clab-nebula-serf151,45,81,138,77,61,4,0.558,0.9506,0.5423
12,clab-nebula-serf158,45,68,157,64,93,4,0.4076,0.9412,0.3975
12,clab-nebula-serf28,45,91,146,86,60,5,0.589,0.9451,0.5695
12,clab-nebula-serf29,45,98,146,93,53,5,0.637,0.949,0.6159
12,clab-nebula-serf130,50,111,155,105,50,6,0.6774,0.9459,0.6522
12,clab-nebula-serf161,50,117,155,111,44,6,0.7161,0.9487,0.6894
12,clab-nebula-serf32,50,137,148,130,18,7,0.8784,0.9489,0.8387
12,clab-nebula-serf63,50,128,148,121,27,7,0.8176,0.9453,0.7806
12,clab-nebula-serf45,50,145,147,137,10,8,0.932,0.9448,0.8839
12,clab-nebula-serf49,50,154,147,146,1,8,0.9932,0.9481,0.9419
12,clab-nebula-serf83,50,140,146,133,13,7,0.911,0.95,0.8693
12,clab-nebula-serf91,50,154,153,146,7,8,0.9542,0.9481,0.9068
12,clab-nebula-serf136,50,124,154,117,37,7,0.7597,0.9435,0.7267
12,clab-nebula-serf146,50,114,155,108,47,6,0.6968,0.9474,0.6708
12,clab-nebula-serf12,50,127,148,120,28,7,0.8108,0.9449,0.7742
12,clab-nebula-serf19,50,142,147,134,13,8,0.9116,0.9437,0.8645
12,clab-nebula-serf80,50,154,151,146,5,8,0.9669,0.9481,0.9182
12,clab-nebula-serf111,50,158,153,150,3,8,0.9804,0.9494,0.9317
12,clab-nebula-serf109,50,159,153,151,2,8,0.9869,0.9497,0.9379
12,clab-nebula-serf147,50,120,141,114,27,6,0.8085,0.95,0.7755
12,clab-nebula-serf4,50,120,149,114,35,6,0.7651,0.95,0.7355
12,clab-nebula-serf100,50,159,151,151,0,8,1.0,0.9497,0.9497
12,clab-nebula-serf75,50,154,151,146,5,8,0.9669,0.9481,0.9182
12,clab-nebula-serf89,50,137,145,130,15,7,0.8966,0.9489,0.8553
12,clab-nebula-serf101,50,157,149,149,0,8,1.0,0.949,0.949
12,clab-nebula-serf105,50,155,152,147,5,8,0.9671,0.9484,0.9187
12,clab-nebula-serf65,50,152,147,144,3,8,0.9796,0.9474,0.929
12,clab-nebula-serf68,50,154,151,146,5,8,0.9669,0.9481,0.9182
12,clab-nebula-serf94,50,154,153,146,7,8,0.9542,0.9481,0.9068
12,clab-nebula-serf103,50,159,151,151,0,8,1.0,0.9497,0.9497
12,clab-nebula-serf117,50,21,87,20,67,1,0.2299,0.9524,0.2273
12,clab-nebula-serf127,50,156,153,148,5,8,0.9673,0.9487,0.9193
12,clab-nebula-serf129,50,149,151,141,10,8,0.9338,0.9463,0.8868
12,clab-nebula-serf155,50,117,141,111,30,6,0.7872,0.9487,0.7551
12,clab-nebula-serf3,50,119,149,113,36,6,0.7584,0.9496,0.729
12,clab-nebula-serf14,50,126,148,119,29,7,0.8041,0.9444,0.7677
12,clab-nebula-serf142,50,95,156,90,66,5,0.5769,0.9474,0.559
12,clab-nebula-serf96,50,153,146,145,1,8,0.9932,0.9477,0.9416
12,clab-nebula-serf116,50,14,87,13,74,1,0.1494,0.9286,0.1477
12,clab-nebula-serf56,50,154,147,146,1,8,0.9932,0.9481,0.9419
12,clab-nebula-serf59,50,154,147,146,1,8,0.9932,0.9481,0.9419
12,clab-nebula-serf70,50,154,147,146,1,8,0.9932,0.9481,0.9419
12,clab-nebula-serf81,50,154,151,146,5,8,0.9669,0.9481,0.9182
12,clab-nebula-serf95,50,154,153,146,7,8,0.9542,0.9481,0.9068
12,clab-nebula-serf114,50,158,152,150,2,8,0.9868,0.9494,0.9375
12,clab-nebula-serf9,50,125,148,118,30,7,0.7973,0.944,0.7613
12,clab-nebula-serf17,50,150,147,142,5,8,0.966,0.9467,0.9161
12,clab-nebula-serf139,50,121,154,114,40,7,0.7403,0.9421,0.7081
12,clab-nebula-serf52,50,154,147,146,1,8,0.9932,0.9481,0.9419
12,clab-nebula-serf71,50,154,151,146,5,8,0.9669,0.9481,0.9182
12,clab-nebula-serf26,50,137,148,130,18,7,0.8784,0.9489,0.8387
12,clab-nebula-serf34,50,149,147,141,6,8,0.9592,0.9463,0.9097
12,clab-nebula-serf126,50,156,153,148,5,8,0.9673,0.9487,0.9193
12,clab-nebula-serf36,50,137,148,130,18,7,0.8784,0.9489,0.8387
12,clab-nebula-serf82,50,111,147,105,42,6,0.7143,0.9459,0.6863
12,clab-nebula-serf85,50,149,150,141,9,8,0.94,0.9463,0.8924
12,clab-nebula-serf97,50,159,151,151,0,8,1.0,0.9497,0.9497
12,clab-nebula-serf99,50,159,151,151,0,8,1.0,0.9497,0.9497
12,clab-nebula-serf124,50,156,153,148,5,8,0.9673,0.9487,0.9193
12,clab-nebula-serf157,50,109,155,103,52,6,0.6645,0.945,0.6398
12,clab-nebula-serf159,50,108,155,102,53,6,0.6581,0.9444,0.6335
12,clab-nebula-serf1,50,121,149,115,34,6,0.7718,0.9504,0.7419
12,clab-nebula-serf33,50,154,147,146,1,8,0.9932,0.9481,0.9419
12,clab-nebula-serf123,50,158,153,150,3,8,0.9804,0.9494,0.9317
12,clab-nebula-serf135,50,112,155,106,49,6,0.6839,0.9464,0.6584
12,clab-nebula-serf13,50,144,147,136,11,8,0.9252,0.9444,0.8774
12,clab-nebula-serf47,50,154,147,146,1,8,0.9932,0.9481,0.9419
12,clab-nebula-serf84,50,128,145,121,24,7,0.8345,0.9453,0.7961
12,clab-nebula-serf92,50,154,151,146,5,8,0.9669,0.9481,0.9182
12,clab-nebula-serf106,50,153,151,145,6,8,0.9603,0.9477,0.9119
12,clab-nebula-serf108,50,155,152,147,5,8,0.9671,0.9484,0.9187
12,clab-nebula-serf119,50,17,87,16,71,1,0.1839,0.9412,0.1818
12,clab-nebula-serf125,50,155,153,147,6,8,0.9608,0.9484,0.913
12,clab-nebula-serf54,50,153,147,145,2,8,0.9864,0.9477,0.9355
12,clab-nebula-serf57,50,154,147,146,1,8,0.9932,0.9481,0.9419
12,clab-nebula-serf24,50,120,149,114,35,6,0.7651,0.95,0.7355
12,clab-nebula-serf42,50,123,148,116,32,7,0.7838,0.9431,0.7484
12,clab-nebula-serf48,50,141,148,134,14,7,0.9054,0.9504,0.8645
12,clab-nebula-serf2,50,114,149,108,41,6,0.7248,0.9474,0.6968
12,clab-nebula-serf21,50,124,148,117,31,7,0.7905,0.9435,0.7548
12,clab-nebula-serf67,50,154,151,146,5,8,0.9669,0.9481,0.9182
12,clab-nebula-serf102,50,157,149,149,0,8,1.0,0.949,0.949
12,clab-nebula-serf110,50,148,151,140,11,8,0.9272,0.9459,0.8805
12,clab-nebula-serf132,50,132,154,125,29,7,0.8117,0.947,0.7764
12,clab-nebula-serf134,50,116,155,110,45,6,0.7097,0.9483,0.6832
12,clab-nebula-serf137,50,115,155,109,46,6,0.7032,0.9478,0.677
12,clab-nebula-serf10,50,129,148,122,26,7,0.8243,0.9457,0.7871
12,clab-nebula-serf46,50,127,148,120,28,7,0.8108,0.9449,0.7742
12,clab-nebula-serf74,50,154,151,146,5,8,0.9669,0.9481,0.9182
12,clab-nebula-serf76,50,154,151,146,5,8,0.9669,0.9481,0.9182
12,clab-nebula-serf149,50,124,140,117,23,7,0.8357,0.9435,0.7959
12,clab-nebula-serf20,50,124,148,117,31,7,0.7905,0.9435,0.7548
12,clab-nebula-serf22,50,122,148,115,33,7,0.777,0.9426,0.7419
12,clab-nebula-serf160,50,118,155,112,43,6,0.7226,0.9492,0.6957
12,clab-nebula-serf31,50,129,148,122,26,7,0.8243,0.9457,0.7871
12,clab-nebula-serf93,50,154,153,146,7,8,0.9542,0.9481,0.9068
12,clab-nebula-serf122,50,154,153,146,7,8,0.9542,0.9481,0.9068
12,clab-nebula-serf38,50,133,148,126,22,7,0.8514,0.9474,0.8129
12,clab-nebula-serf55,50,153,147,145,2,8,0.9864,0.9477,0.9355
12,clab-nebula-serf79,50,154,151,146,5,8,0.9669,0.9481,0.9182
12,clab-nebula-serf113,50,159,152,151,1,8,0.9934,0.9497,0.9437
12,clab-nebula-serf120,50,14,87,13,74,1,0.1494,0.9286,0.1477
12,clab-nebula-serf128,50,155,152,147,5,8,0.9671,0.9484,0.9187
12,clab-nebula-serf8,50,122,148,115,33,7,0.777,0.9426,0.7419
12,clab-nebula-serf27,50,117,149,111,38,6,0.745,0.9487,0.7161
12,clab-nebula-serf78,50,154,151,146,5,8,0.9669,0.9481,0.9182
12,clab-nebula-serf104,50,155,152,147,5,8,0.9671,0.9484,0.9187
12,clab-nebula-serf133,50,117,155,111,44,6,0.7161,0.9487,0.6894
12,clab-nebula-serf64,50,128,148,121,27,7,0.8176,0.9453,0.7806
12,clab-nebula-serf73,50,154,151,146,5,8,0.9669,0.9481,0.9182
12,clab-nebula-serf118,50,15,87,14,73,1,0.1609,0.9333,0.1591
12,clab-nebula-serf5,50,118,149,112,37,6,0.7517,0.9492,0.7226
12,clab-nebula-serf87,50,145,145,137,8,8,0.9448,0.9448,0.8954
12,clab-nebula-serf88,50,136,145,129,16,7,0.8897,0.9485,0.8487
12,clab-nebula-serf153,50,114,141,108,33,6,0.766,0.9474,0.7347
12,clab-nebula-serf53,50,151,147,143,4,8,0.9728,0.947,0.9226
12,clab-nebula-serf69,50,154,151,146,5,8,0.9669,0.9481,0.9182
12,clab-nebula-serf60,50,154,147,146,1,8,0.9932,0.9481,0.9419
12,clab-nebula-serf145,50,104,155,98,57,6,0.6323,0.9423,0.6087
12,clab-nebula-serf6,50,124,148,117,31,7,0.7905,0.9435,0.7548
12,clab-nebula-serf11,50,142,147,134,13,8,0.9116,0.9437,0.8645
12,clab-nebula-serf98,50,156,149,148,1,8,0.9933,0.9487,0.9427
12,clab-nebula-serf138,50,115,155,109,46,6,0.7032,0.9478,0.677
12,clab-nebula-serf150,50,117,140,111,29,6,0.7929,0.9487,0.7603
12,clab-nebula-serf18,50,140,148,133,15,7,0.8986,0.95,0.8581
12,clab-nebula-serf30,50,128,148,121,27,7,0.8176,0.9453,0.7806
12,clab-nebula-serf44,50,154,147,146,1,8,0.9932,0.9481,0.9419
12,clab-nebula-serf131,50,122,154,115,39,7,0.7468,0.9426,0.7143
12,clab-nebula-serf35,50,124,148,117,31,7,0.7905,0.9435,0.7548
12,clab-nebula-serf40,50,126,148,119,29,7,0.8041,0.9444,0.7677
12,clab-nebula-serf144,50,141,153,133,20,8,0.8693,0.9433,0.8261
12,clab-nebula-serf152,50,143,145,135,10,8,0.931,0.9441,0.8824
12,clab-nebula-serf162,50,54,158,51,107,3,0.3228,0.9444,0.3168
12,clab-nebula-serf41,50,121,148,114,34,7,0.7703,0.9421,0.7355
12,clab-nebula-serf72,50,154,151,146,5,8,0.9669,0.9481,0.9182
12,clab-nebula-serf141,50,116,155,110,45,6,0.7097,0.9483,0.6832
12,clab-nebula-serf25,50,124,148,117,31,7,0.7905,0.9435,0.7548
12,clab-nebula-serf50,50,153,147,145,2,8,0.9864,0.9477,0.9355
12,clab-nebula-serf51,50,152,147,144,3,8,0.9796,0.9474,0.929
12,clab-nebula-serf66,50,154,151,146,5,8,0.9669,0.9481,0.9182
12,clab-nebula-serf86,50,145,145,137,8,8,0.9448,0.9448,0.8954
12,clab-nebula-serf90,50,154,153,146,7,8,0.9542,0.9481,0.9068
12,clab-nebula-serf143,50,103,155,97,58,6,0.6258,0.9417,0.6025
12,clab-nebula-serf7,50,124,148,117,31,7,0.7905,0.9435,0.7548
12,clab-nebula-serf37,50,146,147,138,9,8,0.9388,0.9452,0.8903
12,clab-nebula-serf43,50,126,148,119,29,7,0.8041,0.9444,0.7677
12,clab-nebula-serf58,50,154,147,146,1,8,0.9932,0.9481,0.9419
12,clab-nebula-serf61,50,154,147,146,1,8,0.9932,0.9481,0.9419
12,clab-nebula-serf112,50,136,152,129,23,7,0.8487,0.9485,0.8113
12,clab-nebula-serf15,50,151,147,143,4,8,0.9728,0.947,0.9226
12,clab-nebula-serf16,50,151,147,143,4,8,0.9728,0.947,0.9226
12,clab-nebula-serf77,50,154,151,146,5,8,0.9669,0.9481,0.9182
12,clab-nebula-serf121,50,160,153,152,1,8,0.9935,0.95,0.9441
12,clab-nebula-serf140,50,108,155,102,53,6,0.6581,0.9444,0.6335
12,clab-nebula-serf148,50,103,140,97,43,6,0.6929,0.9417,0.6644
12,clab-nebula-serf154,50,113,140,107,33,6,0.7643,0.9469,0.7329
12,clab-nebula-serf156,50,130,144,123,21,7,0.8542,0.9462,0.8146
12,clab-nebula-serf23,50,117,149,111,38,6,0.745,0.9487,0.7161
12,clab-nebula-serf39,50,154,153,146,7,8,0.9542,0.9481,0.9068
12,clab-nebula-serf62,50,144,147,136,11,8,0.9252,0.9444,0.8774
12,clab-nebula-serf107,50,154,151,146,5,8,0.9669,0.9481,0.9182
12,clab-nebula-serf115,50,23,86,21,65,2,0.2442,0.913,0.2386
12,clab-nebula-serf151,50,114,141,108,33,6,0.766,0.9474,0.7347
12,clab-nebula-serf158,50,103,155,97,58,6,0.6258,0.9417,0.6025
12,clab-nebula-serf28,50,95,146,90,56,5,0.6164,0.9474,0.596
12,clab-nebula-serf29,50,115,145,109,36,6,0.7517,0.9478,0.7219
12,clab-nebula-serf130,55,136,154,129,25,7,0.8377,0.9485,0.8012
12,clab-nebula-serf161,55,139,154,132,22,7,0.8571,0.9496,0.8199
12,clab-nebula-serf32,55,154,147,146,1,8,0.9932,0.9481,0.9419
12,clab-nebula-serf63,55,154,147,146,1,8,0.9932,0.9481,0.9419
12,clab-nebula-serf45,55,154,147,146,1,8,0.9932,0.9481,0.9419
12,clab-nebula-serf49,55,154,147,146,1,8,0.9932,0.9481,0.9419
12,clab-nebula-serf83,55,154,153,146,7,8,0.9542,0.9481,0.9068
12,clab-nebula-serf91,55,157,153,149,4,8,0.9739,0.949,0.9255
12,clab-nebula-serf136,55,137,154,130,24,7,0.8442,0.9489,0.8075
12,clab-nebula-serf146,55,137,154,130,24,7,0.8442,0.9489,0.8075
12,clab-nebula-serf12,55,153,147,145,2,8,0.9864,0.9477,0.9355
12,clab-nebula-serf19,55,153,147,145,2,8,0.9864,0.9477,0.9355
12,clab-nebula-serf80,55,156,152,148,4,8,0.9737,0.9487,0.925
12,clab-nebula-serf111,55,161,153,153,0,8,1.0,0.9503,0.9503
12,clab-nebula-serf109,55,161,153,153,0,8,1.0,0.9503,0.9503
12,clab-nebula-serf147,55,141,146,134,12,7,0.9178,0.9504,0.8758
12,clab-nebula-serf4,55,123,148,116,32,7,0.7838,0.9431,0.7484
12,clab-nebula-serf100,55,160,152,152,0,8,1.0,0.95,0.95
12,clab-nebula-serf75,55,155,152,147,5,8,0.9671,0.9484,0.9187
12,clab-nebula-serf89,55,154,153,146,7,8,0.9542,0.9481,0.9068
12,clab-nebula-serf101,55,160,152,152,0,8,1.0,0.95,0.95
12,clab-nebula-serf105,55,160,153,152,1,8,0.9935,0.95,0.9441
12,clab-nebula-serf65,55,154,147,146,1,8,0.9932,0.9481,0.9419
12,clab-nebula-serf68,55,154,151,146,5,8,0.9669,0.9481,0.9182
12,clab-nebula-serf94,55,157,153,149,4,8,0.9739,0.949,0.9255
12,clab-nebula-serf103,55,161,153,153,0,8,1.0,0.9503,0.9503
12,clab-nebula-serf117,55,45,86,42,44,3,0.4884,0.9333,0.4719
12,clab-nebula-serf127,55,161,152,152,0,9,1.0,0.9441,0.9441
12,clab-nebula-serf129,55,155,152,147,5,8,0.9671,0.9484,0.9187
12,clab-nebula-serf155,55,137,146,130,16,7,0.8904,0.9489,0.8497
12,clab-nebula-serf3,55,123,148,116,32,7,0.7838,0.9431,0.7484
12,clab-nebula-serf14,55,151,147,143,4,8,0.9728,0.947,0.9226
12,clab-nebula-serf142,55,126,154,119,35,7,0.7727,0.9444,0.7391
12,clab-nebula-serf96,55,160,152,152,0,8,1.0,0.95,0.95
12,clab-nebula-serf116,55,40,138,38,100,2,0.2754,0.95,0.2714
12,clab-nebula-serf56,55,157,149,149,0,8,1.0,0.949,0.949
12,clab-nebula-serf59,55,157,149,149,0,8,1.0,0.949,0.949
12,clab-nebula-serf70,55,158,150,150,0,8,1.0,0.9494,0.9494
12,clab-nebula-serf81,55,157,152,149,3,8,0.9803,0.949,0.9313
12,clab-nebula-serf95,55,154,153,146,7,8,0.9542,0.9481,0.9068
12,clab-nebula-serf114,55,161,153,153,0,8,1.0,0.9503,0.9503
12,clab-nebula-serf9,55,151,147,143,4,8,0.9728,0.947,0.9226
12,clab-nebula-serf17,55,154,147,146,1,8,0.9932,0.9481,0.9419
12,clab-nebula-serf139,55,137,154,130,24,7,0.8442,0.9489,0.8075
12,clab-nebula-serf52,55,154,147,146,1,8,0.9932,0.9481,0.9419
12,clab-nebula-serf71,55,156,152,148,4,8,0.9737,0.9487,0.925
12,clab-nebula-serf26,55,154,147,146,1,8,0.9932,0.9481,0.9419
12,clab-nebula-serf34,55,154,147,146,1,8,0.9932,0.9481,0.9419
12,clab-nebula-serf126,55,161,153,153,0,8,1.0,0.9503,0.9503
12,clab-nebula-serf36,55,154,147,146,1,8,0.9932,0.9481,0.9419
12,clab-nebula-serf82,55,121,148,115,33,6,0.777,0.9504,0.7468
12,clab-nebula-serf85,55,154,153,146,7,8,0.9542,0.9481,0.9068
12,clab-nebula-serf97,55,161,153,153,0,8,1.0,0.9503,0.9503
12,clab-nebula-serf99,55,160,152,152,0,8,1.0,0.95,0.95
12,clab-nebula-serf124,55,161,152,152,0,9,1.0,0.9441,0.9441
12,clab-nebula-serf157,55,136,154,129,25,7,0.8377,0.9485,0.8012
12,clab-nebula-serf159,55,136,154,129,25,7,0.8377,0.9485,0.8012
12,clab-nebula-serf1,55,133,148,126,22,7,0.8514,0.9474,0.8129
12,clab-nebula-serf33,55,154,147,146,1,8,0.9932,0.9481,0.9419
12,clab-nebula-serf123,55,161,153,153,0,8,1.0,0.9503,0.9503
12,clab-nebula-serf135,55,137,154,130,24,7,0.8442,0.9489,0.8075
12,clab-nebula-serf13,55,154,147,146,1,8,0.9932,0.9481,0.9419
12,clab-nebula-serf47,55,154,147,146,1,8,0.9932,0.9481,0.9419
12,clab-nebula-serf84,55,142,147,134,13,8,0.9116,0.9437,0.8645
12,clab-nebula-serf92,55,154,151,146,5,8,0.9669,0.9481,0.9182
12,clab-nebula-serf106,55,155,152,147,5,8,0.9671,0.9484,0.9187
12,clab-nebula-serf108,55,158,153,150,3,8,0.9804,0.9494,0.9317
12,clab-nebula-serf119,55,27,86,25,61,2,0.2907,0.9259,0.2841
12,clab-nebula-serf125,55,161,153,153,0,8,1.0,0.9503,0.9503
12,clab-nebula-serf54,55,154,147,146,1,8,0.9932,0.9481,0.9419
12,clab-nebula-serf57,55,155,148,147,1,8,0.9932,0.9484,0.9423
12,clab-nebula-serf24,55,124,148,117,31,7,0.7905,0.9435,0.7548
12,clab-nebula-serf42,55,127,148,120,28,7,0.8108,0.9449,0.7742
12,clab-nebula-serf48,55,154,147,146,1,8,0.9932,0.9481,0.9419
12,clab-nebula-serf2,55,120,149,114,35,6,0.7651,0.95,0.7355
12,clab-nebula-serf21,55,133,148,126,22,7,0.8514,0.9474,0.8129
12,clab-nebula-serf67,55,154,151,146,5,8,0.9669,0.9481,0.9182
12,clab-nebula-serf102,55,160,152,152,0,8,1.0,0.95,0.95
12,clab-nebula-serf110,55,154,151,146,5,8,0.9669,0.9481,0.9182
12,clab-nebula-serf132,55,144,153,136,17,8,0.8889,0.9444,0.8447
12,clab-nebula-serf134,55,137,154,130,24,7,0.8442,0.9489,0.8075
12,clab-nebula-serf137,55,137,154,130,24,7,0.8442,0.9489,0.8075
12,clab-nebula-serf10,55,153,147,145,2,8,0.9864,0.9477,0.9355
12,clab-nebula-serf46,55,154,147,146,1,8,0.9932,0.9481,0.9419
12,clab-nebula-serf74,55,155,152,147,5,8,0.9671,0.9484,0.9187
12,clab-nebula-serf76,55,158,153,150,3,8,0.9804,0.9494,0.9317
12,clab-nebula-serf149,55,143,145,135,10,8,0.931,0.9441,0.8824
12,clab-nebula-serf20,55,129,148,122,26,7,0.8243,0.9457,0.7871
12,clab-nebula-serf22,55,125,148,118,30,7,0.7973,0.944,0.7613
12,clab-nebula-serf160,55,139,154,132,22,7,0.8571,0.9496,0.8199
12,clab-nebula-serf31,55,154,147,146,1,8,0.9932,0.9481,0.9419
12,clab-nebula-serf93,55,156,153,148,5,8,0.9673,0.9487,0.9193
12,clab-nebula-serf122,55,161,152,152,0,9,1.0,0.9441,0.9441
12,clab-nebula-serf38,55,154,147,146,1,8,0.9932,0.9481,0.9419
12,clab-nebula-serf55,55,154,147,146,1,8,0.9932,0.9481,0.9419
12,clab-nebula-serf79,55,158,153,150,3,8,0.9804,0.9494,0.9317
12,clab-nebula-serf113,55,161,153,153,0,8,1.0,0.9503,0.9503
12,clab-nebula-serf120,55,24,86,22,64,2,0.2558,0.9167,0.25
12,clab-nebula-serf128,55,159,153,151,2,8,0.9869,0.9497,0.9379
12,clab-nebula-serf8,55,130,148,123,25,7,0.8311,0.9462,0.7935
12,clab-nebula-serf27,55,122,148,115,33,7,0.777,0.9426,0.7419
12,clab-nebula-serf78,55,155,152,147,5,8,0.9671,0.9484,0.9187
12,clab-nebula-serf104,55,159,153,151,2,8,0.9869,0.9497,0.9379
12,clab-nebula-serf133,55,137,154,130,24,7,0.8442,0.9489,0.8075
12,clab-nebula-serf64,55,154,147,146,1,8,0.9932,0.9481,0.9419
12,clab-nebula-serf73,55,158,153,150,3,8,0.9804,0.9494,0.9317
12,clab-nebula-serf118,55,25,86,23,63,2,0.2674,0.92,0.2614
12,clab-nebula-serf5,55,121,148,114,34,7,0.7703,0.9421,0.7355
12,clab-nebula-serf87,55,155,153,147,6,8,0.9608,0.9484,0.913
12,clab-nebula-serf88,55,154,153,146,7,8,0.9542,0.9481,0.9068
12,clab-nebula-serf153,55,137,146,130,16,7,0.8904,0.9489,0.8497
12,clab-nebula-serf53,55,154,147,146,1,8,0.9932,0.9481,0.9419
12,clab-nebula-serf69,55,158,153,150,3,8,0.9804,0.9494,0.9317
12,clab-nebula-serf60,55,154,147,146,1,8,0.9932,0.9481,0.9419
12,clab-nebula-serf145,55,130,154,123,31,7,0.7987,0.9462,0.764
12,clab-nebula-serf6,55,151,147,143,4,8,0.9728,0.947,0.9226
12,clab-nebula-serf11,55,154,147,146,1,8,0.9932,0.9481,0.9419
12,clab-nebula-serf98,55,160,152,152,0,8,1.0,0.95,0.95
12,clab-nebula-serf138,55,137,154,130,24,7,0.8442,0.9489,0.8075
12,clab-nebula-serf150,55,141,148,134,14,7,0.9054,0.9504,0.8645
12,clab-nebula-serf18,55,151,147,143,4,8,0.9728,0.947,0.9226
12,clab-nebula-serf30,55,154,147,146,1,8,0.9932,0.9481,0.9419
12,clab-nebula-serf44,55,154,147,146,1,8,0.9932,0.9481,0.9419
12,clab-nebula-serf131,55,137,154,130,24,7,0.8442,0.9489,0.8075
12,clab-nebula-serf35,55,145,147,137,10,8,0.932,0.9448,0.8839
12,clab-nebula-serf40,55,153,147,145,2,8,0.9864,0.9477,0.9355
12,clab-nebula-serf144,55,151,153,143,10,8,0.9346,0.947,0.8882
12,clab-nebula-serf152,55,152,147,144,3,8,0.9796,0.9474,0.929
12,clab-nebula-serf162,55,74,157,70,87,4,0.4459,0.9459,0.4348
12,clab-nebula-serf41,55,126,148,119,29,7,0.8041,0.9444,0.7677
12,clab-nebula-serf72,55,158,153,150,3,8,0.9804,0.9494,0.9317
12,clab-nebula-serf141,55,137,154,130,24,7,0.8442,0.9489,0.8075
12,clab-nebula-serf25,55,127,148,120,28,7,0.8108,0.9449,0.7742
12,clab-nebula-serf50,55,154,147,146,1,8,0.9932,0.9481,0.9419
12,clab-nebula-serf51,55,154,147,146,1,8,0.9932,0.9481,0.9419
12,clab-nebula-serf66,55,154,151,146,5,8,0.9669,0.9481,0.9182
12,clab-nebula-serf86,55,155,153,147,6,8,0.9608,0.9484,0.913
12,clab-nebula-serf90,55,155,153,147,6,8,0.9608,0.9484,0.913
12,clab-nebula-serf143,55,130,154,123,31,7,0.7987,0.9462,0.764
12,clab-nebula-serf7,55,151,147,143,4,8,0.9728,0.947,0.9226
12,clab-nebula-serf37,55,154,147,146,1,8,0.9932,0.9481,0.9419
12,clab-nebula-serf43,55,154,147,146,1,8,0.9932,0.9481,0.9419
12,clab-nebula-serf58,55,156,148,148,0,8,1.0,0.9487,0.9487
12,clab-nebula-serf61,55,156,148,148,0,8,1.0,0.9487,0.9487
12,clab-nebula-serf112,55,148,152,140,12,8,0.9211,0.9459,0.875
12,clab-nebula-serf15,55,154,147,146,1,8,0.9932,0.9481,0.9419
12,clab-nebula-serf16,55,155,148,147,1,8,0.9932,0.9484,0.9423
12,clab-nebula-serf77,55,158,153,150,3,8,0.9804,0.9494,0.9317
12,clab-nebula-serf121,55,161,153,153,0,8,1.0,0.9503,0.9503
12,clab-nebula-serf140,55,136,154,129,25,7,0.8377,0.9485,0.8012
12,clab-nebula-serf148,55,133,144,126,18,7,0.875,0.9474,0.8344
12,clab-nebula-serf154,55,137,146,130,16,7,0.8904,0.9489,0.8497
12,clab-nebula-serf156,55,145,145,137,8,8,0.9448,0.9448,0.8954
12,clab-nebula-serf23,55,122,148,115,33,7,0.777,0.9426,0.7419
12,clab-nebula-serf39,55,155,153,147,6,8,0.9608,0.9484,0.913
12,clab-nebula-serf62,55,154,147,146,1,8,0.9932,0.9481,0.9419
12,clab-nebula-serf107,55,157,153,149,4,8,0.9739,0.949,0.9255
12,clab-nebula-serf115,55,57,131,54,77,3,0.4122,0.9474,0.403
12,clab-nebula-serf151,55,137,146,130,16,7,0.8904,0.9489,0.8497
12,clab-nebula-serf158,55,136,154,129,25,7,0.8377,0.9485,0.8012
12,clab-nebula-serf28,55,111,145,105,40,6,0.7241,0.9459,0.6954
12,clab-nebula-serf29,55,122,144,115,29,7,0.7986,0.9426,0.7616
12,clab-nebula-serf130,60,146,153,138,15,8,0.902,0.9452,0.8571
12,clab-nebula-serf161,60,149,153,141,12,8,0.9216,0.9463,0.8758
12,clab-nebula-serf32,60,155,148,147,1,8,0.9932,0.9484,0.9423
12,clab-nebula-serf63,60,154,147,146,1,8,0.9932,0.9481,0.9419
12,clab-nebula-serf45,60,155,147,147,0,8,1.0,0.9484,0.9484
12,clab-nebula-serf49,60,157,149,149,0,8,1.0,0.949,0.949
12,clab-nebula-serf83,60,156,153,148,5,8,0.9673,0.9487,0.9193
12,clab-nebula-serf91,60,161,153,153,0,8,1.0,0.9503,0.9503
12,clab-nebula-serf136,60,149,153,141,12,8,0.9216,0.9463,0.8758
12,clab-nebula-serf146,60,146,153,138,15,8,0.902,0.9452,0.8571
12,clab-nebula-serf12,60,155,148,147,1,8,0.9932,0.9484,0.9423
12,clab-nebula-serf19,60,157,149,149,0,8,1.0,0.949,0.949
12,clab-nebula-serf80,60,159,153,151,2,8,0.9869,0.9497,0.9379
12,clab-nebula-serf111,60,161,153,153,0,8,1.0,0.9503,0.9503
12,clab-nebula-serf109,60,161,153,153,0,8,1.0,0.9503,0.9503
12,clab-nebula-serf147,60,152,147,144,3,8,0.9796,0.9474,0.929
12,clab-nebula-serf4,60,141,148,134,14,7,0.9054,0.9504,0.8645
12,clab-nebula-serf100,60,161,152,152,0,9,1.0,0.9441,0.9441
12,clab-nebula-serf75,60,158,153,150,3,8,0.9804,0.9494,0.9317
12,clab-nebula-serf89,60,158,153,150,3,8,0.9804,0.9494,0.9317
12,clab-nebula-serf101,60,161,152,152,0,9,1.0,0.9441,0.9441
12,clab-nebula-serf105,60,161,152,152,0,9,1.0,0.9441,0.9441
12,clab-nebula-serf65,60,155,147,147,0,8,1.0,0.9484,0.9484
12,clab-nebula-serf68,60,158,153,150,3,8,0.9804,0.9494,0.9317
12,clab-nebula-serf94,60,161,152,152,0,9,1.0,0.9441,0.9441
12,clab-nebula-serf103,60,161,153,153,0,8,1.0,0.9503,0.9503
12,clab-nebula-serf117,60,68,124,64,60,4,0.5161,0.9412,0.5
12,clab-nebula-serf127,60,161,152,152,0,9,1.0,0.9441,0.9441
12,clab-nebula-serf129,60,158,153,150,3,8,0.9804,0.9494,0.9317
12,clab-nebula-serf155,60,150,147,142,5,8,0.966,0.9467,0.9161
12,clab-nebula-serf3,60,141,148,134,14,7,0.9054,0.9504,0.8645
12,clab-nebula-serf14,60,155,148,147,1,8,0.9932,0.9484,0.9423
12,clab-nebula-serf142,60,140,154,133,21,7,0.8636,0.95,0.8261
12,clab-nebula-serf96,60,161,153,153,0,8,1.0,0.9503,0.9503
12,clab-nebula-serf116,60,88,155,83,72,5,0.5355,0.9432,0.5188
12,clab-nebula-serf56,60,158,150,150,0,8,1.0,0.9494,0.9494
12,clab-nebula-serf59,60,161,153,153,0,8,1.0,0.9503,0.9503
12,clab-nebula-serf70,60,161,152,152,0,9,1.0,0.9441,0.9441
12,clab-nebula-serf81,60,161,152,152,0,9,1.0,0.9441,0.9441
12,clab-nebula-serf95,60,159,153,151,2,8,0.9869,0.9497,0.9379
12,clab-nebula-serf114,60,161,153,153,0,8,1.0,0.9503,0.9503
12,clab-nebula-serf9,60,154,147,146,1,8,0.9932,0.9481,0.9419
12,clab-nebula-serf17,60,157,149,149,0,8,1.0,0.949,0.949
12,clab-nebula-serf139,60,149,153,141,12,8,0.9216,0.9463,0.8758
12,clab-nebula-serf52,60,157,149,149,0,8,1.0,0.949,0.949
12,clab-nebula-serf71,60,161,153,153,0,8,1.0,0.9503,0.9503
12,clab-nebula-serf26,60,155,148,147,1,8,0.9932,0.9484,0.9423
12,clab-nebula-serf34,60,156,148,148,0,8,1.0,0.9487,0.9487
12,clab-nebula-serf126,60,161,153,153,0,8,1.0,0.9503,0.9503
12,clab-nebula-serf36,60,154,147,146,1,8,0.9932,0.9481,0.9419
12,clab-nebula-serf82,60,148,146,140,6,8,0.9589,0.9459,0.9091
12,clab-nebula-serf85,60,157,153,149,4,8,0.9739,0.949,0.9255
12,clab-nebula-serf97,60,161,153,153,0,8,1.0,0.9503,0.9503
12,clab-nebula-serf99,60,161,152,152,0,9,1.0,0.9441,0.9441
12,clab-nebula-serf124,60,161,152,152,0,9,1.0,0.9441,0.9441
12,clab-nebula-serf157,60,148,153,140,13,8,0.915,0.9459,0.8696
12,clab-nebula-serf159,60,148,153,140,13,8,0.915,0.9459,0.8696
12,clab-nebula-serf1,60,153,149,145,4,8,0.9732,0.9477,0.9236
12,clab-nebula-serf33,60,157,149,149,0,8,1.0,0.949,0.949
12,clab-nebula-serf123,60,161,153,153,0,8,1.0,0.9503,0.9503
12,clab-nebula-serf135,60,146,153,138,15,8,0.902,0.9452,0.8571
12,clab-nebula-serf13,60,157,149,149,0,8,1.0,0.949,0.949
12,clab-nebula-serf47,60,156,148,148,0,8,1.0,0.9487,0.9487
12,clab-nebula-serf84,60,154,153,146,7,8,0.9542,0.9481,0.9068
12,clab-nebula-serf92,60,158,153,150,3,8,0.9804,0.9494,0.9317
12,clab-nebula-serf106,60,161,152,152,0,9,1.0,0.9441,0.9441
12,clab-nebula-serf108,60,161,152,152,0,9,1.0,0.9441,0.9441
12,clab-nebula-serf119,60,53,88,50,38,3,0.5682,0.9434,0.5495
12,clab-nebula-serf125,60,161,153,153,0,8,1.0,0.9503,0.9503
12,clab-nebula-serf54,60,157,149,149,0,8,1.0,0.949,0.949
12,clab-nebula-serf57,60,158,150,150,0,8,1.0,0.9494,0.9494
12,clab-nebula-serf24,60,129,148,122,26,7,0.8243,0.9457,0.7871
12,clab-nebula-serf42,60,153,147,145,2,8,0.9864,0.9477,0.9355
12,clab-nebula-serf48,60,155,147,147,0,8,1.0,0.9484,0.9484
12,clab-nebula-serf2,60,124,148,117,31,7,0.7905,0.9435,0.7548
12,clab-nebula-serf21,60,154,147,146,1,8,0.9932,0.9481,0.9419
12,clab-nebula-serf67,60,158,153,150,3,8,0.9804,0.9494,0.9317
12,clab-nebula-serf102,60,161,152,152,0,9,1.0,0.9441,0.9441
12,clab-nebula-serf110,60,157,153,149,4,8,0.9739,0.949,0.9255
12,clab-nebula-serf132,60,151,153,143,10,8,0.9346,0.947,0.8882
12,clab-nebula-serf134,60,147,153,139,14,8,0.9085,0.9456,0.8634
12,clab-nebula-serf137,60,148,153,140,13,8,0.915,0.9459,0.8696
12,clab-nebula-serf10,60,156,149,148,1,8,0.9933,0.9487,0.9427
12,clab-nebula-serf46,60,154,147,146,1,8,0.9932,0.9481,0.9419
12,clab-nebula-serf74,60,159,153,151,2,8,0.9869,0.9497,0.9379
12,clab-nebula-serf76,60,161,152,152,0,9,1.0,0.9441,0.9441
12,clab-nebula-serf149,60,152,147,144,3,8,0.9796,0.9474,0.929
12,clab-nebula-serf20,60,154,147,146,1,8,0.9932,0.9481,0.9419
12,clab-nebula-serf22,60,153,147,145,2,8,0.9864,0.9477,0.9355
12,clab-nebula-serf160,60,149,153,141,12,8,0.9216,0.9463,0.8758
12,clab-nebula-serf31,60,154,147,146,1,8,0.9932,0.9481,0.9419
12,clab-nebula-serf93,60,161,152,152,0,9,1.0,0.9441,0.9441
12,clab-nebula-serf122,60,161,152,152,0,9,1.0,0.9441,0.9441
12,clab-nebula-serf38,60,154,147,146,1,8,0.9932,0.9481,0.9419
12,clab-nebula-serf55,60,157,149,149,0,8,1.0,0.949,0.949
12,clab-nebula-serf79,60,161,152,152,0,9,1.0,0.9441,0.9441
12,clab-nebula-serf113,60,161,153,153,0,8,1.0,0.9503,0.9503
12,clab-nebula-serf120,60,48,87,45,42,3,0.5172,0.9375,0.5
12,clab-nebula-serf128,60,161,152,152,0,9,1.0,0.9441,0.9441
12,clab-nebula-serf8,60,153,147,145,2,8,0.9864,0.9477,0.9355
12,clab-nebula-serf27,60,125,148,118,30,7,0.7973,0.944,0.7613
12,clab-nebula-serf78,60,158,153,150,3,8,0.9804,0.9494,0.9317
12,clab-nebula-serf104,60,161,153,153,0,8,1.0,0.9503,0.9503
12,clab-nebula-serf133,60,149,153,141,12,8,0.9216,0.9463,0.8758
12,clab-nebula-serf64,60,154,147,146,1,8,0.9932,0.9481,0.9419
12,clab-nebula-serf73,60,161,153,153,0,8,1.0,0.9503,0.9503
12,clab-nebula-serf118,60,48,88,45,43,3,0.5114,0.9375,0.4945
12,clab-nebula-serf5,60,143,147,135,12,8,0.9184,0.9441,0.871
12,clab-nebula-serf87,60,158,153,150,3,8,0.9804,0.9494,0.9317
12,clab-nebula-serf88,60,158,153,150,3,8,0.9804,0.9494,0.9317
12,clab-nebula-serf153,60,148,147,140,7,8,0.9524,0.9459,0.9032
12,clab-nebula-serf53,60,157,149,149,0,8,1.0,0.949,0.949
12,clab-nebula-serf69,60,161,153,153,0,8,1.0,0.9503,0.9503
12,clab-nebula-serf60,60,158,150,150,0,8,1.0,0.9494,0.9494
12,clab-nebula-serf145,60,145,153,137,16,8,0.8954,0.9448,0.8509
12,clab-nebula-serf6,60,155,148,147,1,8,0.9932,0.9484,0.9423
12,clab-nebula-serf11,60,157,149,149,0,8,1.0,0.949,0.949
12,clab-nebula-serf98,60,161,152,152,0,9,1.0,0.9441,0.9441
12,clab-nebula-serf138,60,147,153,139,14,8,0.9085,0.9456,0.8634
12,clab-nebula-serf150,60,152,147,144,3,8,0.9796,0.9474,0.929
12,clab-nebula-serf18,60,157,149,149,0,8,1.0,0.949,0.949
12,clab-nebula-serf30,60,154,147,146,1,8,0.9932,0.9481,0.9419
12,clab-nebula-serf44,60,156,148,148,0,8,1.0,0.9487,0.9487
12,clab-nebula-serf131,60,149,153,141,12,8,0.9216,0.9463,0.8758
12,clab-nebula-serf35,60,154,147,146,1,8,0.9932,0.9481,0.9419
12,clab-nebula-serf40,60,154,147,146,1,8,0.9932,0.9481,0.9419
12,clab-nebula-serf144,60,155,153,147,6,8,0.9608,0.9484,0.913
12,clab-nebula-serf152,60,156,148,148,0,8,1.0,0.9487,0.9487
12,clab-nebula-serf162,60,113,155,107,48,6,0.6903,0.9469,0.6646
12,clab-nebula-serf41,60,153,147,145,2,8,0.9864,0.9477,0.9355
12,clab-nebula-serf72,60,161,152,152,0,9,1.0,0.9441,0.9441
12,clab-nebula-serf141,60,149,153,141,12,8,0.9216,0.9463,0.8758
12,clab-nebula-serf25,60,154,147,146,1,8,0.9932,0.9481,0.9419
12,clab-nebula-serf50,60,156,148,148,0,8,1.0,0.9487,0.9487
12,clab-nebula-serf51,60,157,149,149,0,8,1.0,0.949,0.949
12,clab-nebula-serf66,60,158,153,150,3,8,0.9804,0.9494,0.9317
12,clab-nebula-serf86,60,160,153,152,1,8,0.9935,0.95,0.9441
12,clab-nebula-serf90,60,159,153,151,2,8,0.9869,0.9497,0.9379
12,clab-nebula-serf143,60,145,153,137,16,8,0.8954,0.9448,0.8509
12,clab-nebula-serf7,60,156,149,148,1,8,0.9933,0.9487,0.9427
12,clab-nebula-serf37,60,156,148,148,0,8,1.0,0.9487,0.9487
12,clab-nebula-serf43,60,154,147,146,1,8,0.9932,0.9481,0.9419
12,clab-nebula-serf58,60,160,152,152,0,8,1.0,0.95,0.95
12,clab-nebula-serf61,60,158,150,150,0,8,1.0,0.9494,0.9494
12,clab-nebula-serf112,60,159,153,151,2,8,0.9869,0.9497,0.9379
12,clab-nebula-serf15,60,158,150,150,0,8,1.0,0.9494,0.9494
12,clab-nebula-serf16,60,158,150,150,0,8,1.0,0.9494,0.9494
12,clab-nebula-serf77,60,161,152,152,0,9,1.0,0.9441,0.9441
12,clab-nebula-serf121,60,161,153,153,0,8,1.0,0.9503,0.9503
12,clab-nebula-serf140,60,145,153,137,16,8,0.8954,0.9448,0.8509
12,clab-nebula-serf148,60,148,147,140,7,8,0.9524,0.9459,0.9032
12,clab-nebula-serf154,60,147,146,139,7,8,0.9521,0.9456,0.9026
12,clab-nebula-serf156,60,154,148,146,2,8,0.9865,0.9481,0.9359
12,clab-nebula-serf23,60,124,148,117,31,7,0.7905,0.9435,0.7548
12,clab-nebula-serf39,60,158,153,150,3,8,0.9804,0.9494,0.9317
12,clab-nebula-serf62,60,154,147,146,1,8,0.9932,0.9481,0.9419
12,clab-nebula-serf107,60,161,153,153,0,8,1.0,0.9503,0.9503
12,clab-nebula-serf115,60,103,155,97,58,6,0.6258,0.9417,0.6025
12,clab-nebula-serf151,60,148,147,140,7,8,0.9524,0.9459,0.9032
12,clab-nebula-serf158,60,148,153,140,13,8,0.915,0.9459,0.8696
12,clab-nebula-serf28,60,121,144,114,30,7,0.7917,0.9421,0.755
12,clab-nebula-serf29,60,125,146,118,28,7,0.8082,0.944,0.7712
14,clab-nebula-serf130,5,0,0,0,0,0,1.0,1.0,1.0
14,clab-nebula-serf161,5,4,4,3,1,1,0.75,0.75,0.6
14,clab-nebula-serf32,5,3,6,2,4,1,0.3333,0.6667,0.2857
14,clab-nebula-serf63,5,0,0,0,0,0,1.0,1.0,1.0
14,clab-nebula-serf45,5,2,5,1,4,1,0.2,0.5,0.1667
14,clab-nebula-serf49,5,4,6,3,3,1,0.5,0.75,0.4286
14,clab-nebula-serf83,5,0,0,0,0,0,1.0,1.0,1.0
14,clab-nebula-serf91,5,3,3,2,1,1,0.6667,0.6667,0.5
14,clab-nebula-serf136,5,0,0,0,0,0,1.0,1.0,1.0
14,clab-nebula-serf146,5,0,0,0,0,0,1.0,1.0,1.0
14,clab-nebula-serf12,5,0,0,0,0,0,1.0,1.0,1.0
14,clab-nebula-serf19,5,0,0,0,0,0,1.0,1.0,1.0
14,clab-nebula-serf80,5,0,0,0,0,0,1.0,1.0,1.0
14,clab-nebula-serf111,5,1,6,1,5,0,0.1667,1.0,0.1667
14,clab-nebula-serf109,5,3,5,2,3,1,0.4,0.6667,0.3333
14,clab-nebula-serf147,5,0,0,0,0,0,1.0,1.0,1.0
14,clab-nebula-serf4,5,1,0,0,0,1,0.0,0.0,0.0
14,clab-nebula-serf100,5,6,5,5,0,1,1.0,0.8333,0.8333
14,clab-nebula-serf75,5,0,0,0,0,0,1.0,1.0,1.0
14,clab-nebula-serf89,5,3,2,2,0,1,1.0,0.6667,0.6667
14,clab-nebula-serf101,5,4,4,3,1,1,0.75,0.75,0.6
14,clab-nebula-serf105,5,1,6,1,5,0,0.1667,1.0,0.1667
14,clab-nebula-serf65,5,0,0,0,0,0,1.0,1.0,1.0
14,clab-nebula-serf68,5,0,0,0,0,0,1.0,1.0,1.0
14,clab-nebula-serf94,5,2,4,1,3,1,0.25,0.5,0.2
14,clab-nebula-serf103,5,7,6,6,0,1,1.0,0.8571,0.8571
14,clab-nebula-serf117,5,0,0,0,0,0,1.0,1.0,1.0
14,clab-nebula-serf127,5,0,0,0,0,0,1.0,1.0,1.0
14,clab-nebula-serf129,5,0,0,0,0,0,1.0,1.0,1.0
14,clab-nebula-serf155,5,0,0,0,0,0,1.0,1.0,1.0
14,clab-nebula-serf3,5,0,0,0,0,0,1.0,1.0,1.0
14,clab-nebula-serf14,5,0,0,0,0,0,1.0,1.0,1.0
14,clab-nebula-serf142,5,0,0,0,0,0,1.0,1.0,1.0
14,clab-nebula-serf96,5,4,3,3,0,1,1.0,0.75,0.75
14,clab-nebula-serf116,5,0,0,0,0,0,1.0,1.0,1.0
14,clab-nebula-serf56,5,9,17,8,9,1,0.4706,0.8889,0.4444
14,clab-nebula-serf59,5,5,28,4,24,1,0.1429,0.8,0.1379
14,clab-nebula-serf70,5,3,94,2,92,1,0.0213,0.6667,0.0211
14,clab-nebula-serf81,5,1,6,0,6,1,0.0,0.0,0.0
14,clab-nebula-serf95,5,0,0,0,0,0,1.0,1.0,1.0
14,clab-nebula-serf114,5,1,1,1,0,0,1.0,1.0,1.0
14,clab-nebula-serf9,5,1,1,1,0,0,1.0,1.0,1.0
14,clab-nebula-serf17,5,1,4,1,3,0,0.25,1.0,0.25
14,clab-nebula-serf139,5,0,0,0,0,0,1.0,1.0,1.0
14,clab-nebula-serf52,5,1,2,1,1,0,0.5,1.0,0.5
14,clab-nebula-serf71,5,0,0,0,0,0,1.0,1.0,1.0
14,clab-nebula-serf26,5,3,5,2,3,1,0.4,0.6667,0.3333
14,clab-nebula-serf34,5,1,5,1,4,0,0.2,1.0,0.2
14,clab-nebula-serf126,5,0,0,0,0,0,1.0,1.0,1.0
14,clab-nebula-serf36,5,0,0,0,0,0,1.0,1.0,1.0
14,clab-nebula-serf82,5,0,0,0,0,0,1.0,1.0,1.0
14,clab-nebula-serf85,5,0,0,0,0,0,1.0,1.0,1.0
14,clab-nebula-serf97,5,5,5,4,1,1,0.8,0.8,0.6667
14,clab-nebula-serf99,5,6,5,5,0,1,1.0,0.8333,0.8333
14,clab-nebula-serf124,5,0,0,0,0,0,1.0,1.0,1.0
14,clab-nebula-serf157,5,4,4,3,1,1,0.75,0.75,0.6
14,clab-nebula-serf159,5,4,4,3,1,1,0.75,0.75,0.6
14,clab-nebula-serf1,5,0,0,0,0,0,1.0,1.0,1.0
14,clab-nebula-serf33,5,3,156,2,154,1,0.0128,0.6667,0.0127
14,clab-nebula-serf123,5,0,0,0,0,0,1.0,1.0,1.0
14,clab-nebula-serf135,5,0,0,0,0,0,1.0,1.0,1.0
14,clab-nebula-serf13,5,0,0,0,0,0,1.0,1.0,1.0
14,clab-nebula-serf47,5,4,6,3,3,1,0.5,0.75,0.4286
14,clab-nebula-serf84,5,0,0,0,0,0,1.0,1.0,1.0
14,clab-nebula-serf92,5,0,0,0,0,0,1.0,1.0,1.0
14,clab-nebula-serf106,5,0,0,0,0,0,1.0,1.0,1.0
14,clab-nebula-serf108,5,0,0,0,0,0,1.0,1.0,1.0
14,clab-nebula-serf119,5,2,1,1,0,1,1.0,0.5,0.5
14,clab-nebula-serf125,5,0,0,0,0,0,1.0,1.0,1.0
14,clab-nebula-serf54,5,1,4,1,3,0,0.25,1.0,0.25
14,clab-nebula-serf57,5,4,8,3,5,1,0.375,0.75,0.3333
14,clab-nebula-serf24,5,0,0,0,0,0,1.0,1.0,1.0
14,clab-nebula-serf42,5,0,0,0,0,0,1.0,1.0,1.0
14,clab-nebula-serf48,5,0,0,0,0,0,1.0,1.0,1.0
14,clab-nebula-serf2,5,0,0,0,0,0,1.0,1.0,1.0
14,clab-nebula-serf21,5,2,6,1,5,1,0.1667,0.5,0.1429
14,clab-nebula-serf67,5,0,0,0,0,0,1.0,1.0,1.0
14,clab-nebula-serf102,5,5,5,4,1,1,0.8,0.8,0.6667
14,clab-nebula-serf110,5,0,0,0,0,0,1.0,1.0,1.0
14,clab-nebula-serf132,5,0,0,0,0,0,1.0,1.0,1.0
14,clab-nebula-serf134,5,0,0,0,0,0,1.0,1.0,1.0
14,clab-nebula-serf137,5,0,0,0,0,0,1.0,1.0,1.0
14,clab-nebula-serf10,5,1,1,1,0,0,1.0,1.0,1.0
14,clab-nebula-serf46,5,0,0,0,0,0,1.0,1.0,1.0
14,clab-nebula-serf74,5,0,0,0,0,0,1.0,1.0,1.0
14,clab-nebula-serf76,5,2,6,1,5,1,0.1667,0.5,0.1429
14,clab-nebula-serf149,5,0,0,0,0,0,1.0,1.0,1.0
14,clab-nebula-serf20,5,2,1,1,0,1,1.0,0.5,0.5
14,clab-nebula-serf22,5,0,0,0,0,0,1.0,1.0,1.0
14,clab-nebula-serf160,5,4,4,3,1,1,0.75,0.75,0.6
14,clab-nebula-serf31,5,1,1,1,0,0,1.0,1.0,1.0
14,clab-nebula-serf93,5,3,3,2,1,1,0.6667,0.6667,0.5
14,clab-nebula-serf122,5,0,0,0,0,0,1.0,1.0,1.0
14,clab-nebula-serf38,5,0,0,0,0,0,1.0,1.0,1.0
14,clab-nebula-serf55,5,0,0,0,0,0,1.0,1.0,1.0
14,clab-nebula-serf79,5,6,79,5,74,1,0.0633,0.8333,0.0625
14,clab-nebula-serf113,5,1,1,1,0,0,1.0,1.0,1.0
14,clab-nebula-serf120,5,2,1,1,0,1,1.0,0.5,0.5
14,clab-nebula-serf128,5,0,0,0,0,0,1.0,1.0,1.0
14,clab-nebula-serf8,5,0,0,0,0,0,1.0,1.0,1.0
14,clab-nebula-serf27,5,0,0,0,0,0,1.0,1.0,1.0
14,clab-nebula-serf78,5,0,0,0,0,0,1.0,1.0,1.0
14,clab-nebula-serf104,5,1,6,1,5,0,0.1667,1.0,0.1667
14,clab-nebula-serf133,5,0,0,0,0,0,1.0,1.0,1.0
14,clab-nebula-serf64,5,0,0,0,0,0,1.0,1.0,1.0
14,clab-nebula-serf73,5,4,79,3,76,1,0.038,0.75,0.0375
14,clab-nebula-serf118,5,2,1,1,0,1,1.0,0.5,0.5
14,clab-nebula-serf5,5,0,0,0,0,0,1.0,1.0,1.0
14,clab-nebula-serf87,5,3,2,2,0,1,1.0,0.6667,0.6667
14,clab-nebula-serf88,5,3,2,2,0,1,1.0,0.6667,0.6667
14,clab-nebula-serf153,5,0,0,0,0,0,1.0,1.0,1.0
14,clab-nebula-serf53,5,0,0,0,0,0,1.0,1.0,1.0
14,clab-nebula-serf69,5,0,0,0,0,0,1.0,1.0,1.0
14,clab-nebula-serf60,5,4,18,3,15,1,0.1667,0.75,0.1579
14,clab-nebula-serf145,5,0,0,0,0,0,1.0,1.0,1.0
14,clab-nebula-serf6,5,1,5,1,4,0,0.2,1.0,0.2
14,clab-nebula-serf11,5,2,1,1,0,1,1.0,0.5,0.5
14,clab-nebula-serf98,5,1,4,0,4,1,0.0,0.0,0.0
14,clab-nebula-serf138,5,0,0,0,0,0,1.0,1.0,1.0
14,clab-nebula-serf150,5,0,0,0,0,0,1.0,1.0,1.0
14,clab-nebula-serf18,5,0,0,0,0,0,1.0,1.0,1.0
14,clab-nebula-serf30,5,1,3,1,2,0,0.3333,1.0,0.3333
14,clab-nebula-serf44,5,3,5,2,3,1,0.4,0.6667,0.3333
14,clab-nebula-serf131,5,0,0,0,0,0,1.0,1.0,1.0
14,clab-nebula-serf35,5,0,0,0,0,0,1.0,1.0,1.0
14,clab-nebula-serf40,5,0,0,0,0,0,1.0,1.0,1.0
14,clab-nebula-serf144,5,0,0,0,0,0,1.0,1.0,1.0
14,clab-nebula-serf152,5,0,0,0,0,0,1.0,1.0,1.0
14,clab-nebula-serf162,5,0,0,0,0,0,1.0,1.0,1.0
14,clab-nebula-serf41,5,0,0,0,0,0,1.0,1.0,1.0
14,clab-nebula-serf72,5,1,8,1,7,0,0.125,1.0,0.125
14,clab-nebula-serf141,5,0,0,0,0,0,1.0,1.0,1.0
14,clab-nebula-serf25,5,0,0,0,0,0,1.0,1.0,1.0
14,clab-nebula-serf50,5,3,5,2,3,1,0.4,0.6667,0.3333
14,clab-nebula-serf51,5,1,1,1,0,0,1.0,1.0,1.0
14,clab-nebula-serf66,5,0,0,0,0,0,1.0,1.0,1.0
14,clab-nebula-serf86,5,3,2,2,0,1,1.0,0.6667,0.6667
14,clab-nebula-serf90,5,2,1,1,0,1,1.0,0.5,0.5
14,clab-nebula-serf143,5,0,0,0,0,0,1.0,1.0,1.0
14,clab-nebula-serf7,5,1,6,1,5,0,0.1667,1.0,0.1667
14,clab-nebula-serf37,5,2,157,1,156,1,0.0064,0.5,0.0063
14,clab-nebula-serf43,5,0,0,0,0,0,1.0,1.0,1.0
14,clab-nebula-serf58,5,5,28,4,24,1,0.1429,0.8,0.1379
14,clab-nebula-serf61,5,5,28,4,24,1,0.1429,0.8,0.1379
14,clab-nebula-serf112,5,0,0,0,0,0,1.0,1.0,1.0
14,clab-nebula-serf15,5,1,1,1,0,0,1.0,1.0,1.0
14,clab-nebula-serf16,5,2,2,1,1,1,0.5,0.5,0.3333
14,clab-nebula-serf77,5,3,99,2,97,1,0.0202,0.6667,0.02
14,clab-nebula-serf121,5,0,0,0,0,0,1.0,1.0,1.0
14,clab-nebula-serf140,5,0,0,0,0,0,1.0,1.0,1.0
14,clab-nebula-serf148,5,0,0,0,0,0,1.0,1.0,1.0
14,clab-nebula-serf154,5,0,0,0,0,0,1.0,1.0,1.0
14,clab-nebula-serf156,5,0,0,0,0,0,1.0,1.0,1.0
14,clab-nebula-serf23,5,0,0,0,0,0,1.0,1.0,1.0
14,clab-nebula-serf39,5,2,113,1,112,1,0.0088,0.5,0.0088
14,clab-nebula-serf62,5,0,0,0,0,0,1.0,1.0,1.0
14,clab-nebula-serf107,5,0,0,0,0,0,1.0,1.0,1.0
14,clab-nebula-serf115,5,0,0,0,0,0,1.0,1.0,1.0
14,clab-nebula-serf151,5,0,0,0,0,0,1.0,1.0,1.0
14,clab-nebula-serf158,5,4,4,3,1,1,0.75,0.75,0.6
14,clab-nebula-serf28,5,0,0,0,0,0,1.0,1.0,1.0
14,clab-nebula-serf29,5,0,0,0,0,0,1.0,1.0,1.0
14,clab-nebula-serf130,10,0,0,0,0,0,1.0,1.0,1.0
14,clab-nebula-serf161,10,4,4,3,1,1,0.75,0.75,0.6
14,clab-nebula-serf32,10,19,157,18,139,1,0.1146,0.9474,0.1139
14,clab-nebula-serf63,10,0,0,0,0,0,1.0,1.0,1.0
14,clab-nebula-serf45,10,8,11,7,4,1,0.6364,0.875,0.5833
14,clab-nebula-serf49,10,14,99,13,86,1,0.1313,0.9286,0.13
14,clab-nebula-serf83,10,3,4,2,2,1,0.5,0.6667,0.4
14,clab-nebula-serf91,10,17,72,16,56,1,0.2222,0.9412,0.2192
14,clab-nebula-serf136,10,0,0,0,0,0,1.0,1.0,1.0
14,clab-nebula-serf146,10,0,0,0,0,0,1.0,1.0,1.0
14,clab-nebula-serf12,10,5,29,4,25,1,0.1379,0.8,0.1333
14,clab-nebula-serf19,10,5,21,4,17,1,0.1905,0.8,0.1818
14,clab-nebula-serf80,10,14,116,13,103,1,0.1121,0.9286,0.1111
14,clab-nebula-serf111,10,7,8,6,2,1,0.75,0.8571,0.6667
14,clab-nebula-serf109,10,8,8,7,1,1,0.875,0.875,0.7778
14,clab-nebula-serf147,10,0,0,0,0,0,1.0,1.0,1.0
14,clab-nebula-serf4,10,2,2,1,1,1,0.5,0.5,0.3333
14,clab-nebula-serf100,10,7,6,6,0,1,1.0,0.8571,0.8571
14,clab-nebula-serf75,10,7,79,6,73,1,0.0759,0.8571,0.075
14,clab-nebula-serf89,10,3,2,2,0,1,1.0,0.6667,0.6667
14,clab-nebula-serf101,10,7,6,6,0,1,1.0,0.8571,0.8571
14,clab-nebula-serf105,10,3,4,2,2,1,0.5,0.6667,0.4
14,clab-nebula-serf65,10,0,0,0,0,0,1.0,1.0,1.0
14,clab-nebula-serf68,10,5,14,4,10,1,0.2857,0.8,0.2667
14,clab-nebula-serf94,10,17,72,16,56,1,0.2222,0.9412,0.2192
14,clab-nebula-serf103,10,7,6,6,0,1,1.0,0.8571,0.8571
14,clab-nebula-serf117,10,0,0,0,0,0,1.0,1.0,1.0
14,clab-nebula-serf127,10,4,149,3,146,1,0.0201,0.75,0.02
14,clab-nebula-serf129,10,0,0,0,0,0,1.0,1.0,1.0
14,clab-nebula-serf155,10,0,0,0,0,0,1.0,1.0,1.0
14,clab-nebula-serf3,10,2,1,1,0,1,1.0,0.5,0.5
14,clab-nebula-serf14,10,4,29,3,26,1,0.1034,0.75,0.1
14,clab-nebula-serf142,10,0,0,0,0,0,1.0,1.0,1.0
14,clab-nebula-serf96,10,7,6,6,0,1,1.0,0.8571,0.8571
14,clab-nebula-serf116,10,0,0,0,0,0,1.0,1.0,1.0
14,clab-nebula-serf56,10,24,98,22,76,2,0.2245,0.9167,0.22
14,clab-nebula-serf59,10,26,98,24,74,2,0.2449,0.9231,0.24
14,clab-nebula-serf70,10,19,143,18,125,1,0.1259,0.9474,0.125
14,clab-nebula-serf81,10,22,116,20,96,2,0.1724,0.9091,0.1695
14,clab-nebula-serf95,10,10,67,9,58,1,0.1343,0.9,0.1324
14,clab-nebula-serf114,10,1,1,1,0,0,1.0,1.0,1.0
14,clab-nebula-serf9,10,8,21,7,14,1,0.3333,0.875,0.3182
14,clab-nebula-serf17,10,12,40,11,29,1,0.275,0.9167,0.2683
14,clab-nebula-serf139,10,0,0,0,0,0,1.0,1.0,1.0
14,clab-nebula-serf52,10,12,17,11,6,1,0.6471,0.9167,0.6111
14,clab-nebula-serf71,10,15,116,14,102,1,0.1207,0.9333,0.1197
14,clab-nebula-serf26,10,19,157,18,139,1,0.1146,0.9474,0.1139
14,clab-nebula-serf34,10,9,148,8,140,1,0.0541,0.8889,0.0537
14,clab-nebula-serf126,10,3,19,2,17,1,0.1053,0.6667,0.1
14,clab-nebula-serf36,10,2,157,1,156,1,0.0064,0.5,0.0063
14,clab-nebula-serf82,10,0,0,0,0,0,1.0,1.0,1.0
14,clab-nebula-serf85,10,4,6,3,3,1,0.5,0.75,0.4286
14,clab-nebula-serf97,10,7,6,6,0,1,1.0,0.8571,0.8571
14,clab-nebula-serf99,10,7,6,6,0,1,1.0,0.8571,0.8571
14,clab-nebula-serf124,10,3,14,2,12,1,0.1429,0.6667,0.1333
14,clab-nebula-serf157,10,4,4,3,1,1,0.75,0.75,0.6
14,clab-nebula-serf159,10,4,4,3,1,1,0.75,0.75,0.6
14,clab-nebula-serf1,10,6,5,5,0,1,1.0,0.8333,0.8333
14,clab-nebula-serf33,10,20,62,19,43,1,0.3065,0.95,0.3016
14,clab-nebula-serf123,10,2,38,1,37,1,0.0263,0.5,0.0256
14,clab-nebula-serf135,10,0,0,0,0,0,1.0,1.0,1.0
14,clab-nebula-serf13,10,7,33,6,27,1,0.1818,0.8571,0.1765
14,clab-nebula-serf47,10,12,19,11,8,1,0.5789,0.9167,0.55
14,clab-nebula-serf84,10,0,0,0,0,0,1.0,1.0,1.0
14,clab-nebula-serf92,10,9,72,8,64,1,0.1111,0.8889,0.1096
14,clab-nebula-serf106,10,2,2,1,1,1,0.5,0.5,0.3333
14,clab-nebula-serf108,10,2,4,1,3,1,0.25,0.5,0.2
14,clab-nebula-serf119,10,2,1,1,0,1,1.0,0.5,0.5
14,clab-nebula-serf125,10,3,19,2,17,1,0.1053,0.6667,0.1
14,clab-nebula-serf54,10,11,17,10,7,1,0.5882,0.9091,0.5556
14,clab-nebula-serf57,10,13,148,12,136,1,0.0811,0.9231,0.0805
14,clab-nebula-serf24,10,2,6,1,5,1,0.1667,0.5,0.1429
14,clab-nebula-serf42,10,0,0,0,0,0,1.0,1.0,1.0
14,clab-nebula-serf48,10,5,5,4,1,1,0.8,0.8,0.6667
14,clab-nebula-serf2,10,1,7,0,7,1,0.0,0.0,0.0
14,clab-nebula-serf21,10,4,6,3,3,1,0.5,0.75,0.4286
14,clab-nebula-serf67,10,5,14,4,10,1,0.2857,0.8,0.2667
14,clab-nebula-serf102,10,7,6,6,0,1,1.0,0.8571,0.8571
14,clab-nebula-serf110,10,0,0,0,0,0,1.0,1.0,1.0
14,clab-nebula-serf132,10,0,0,0,0,0,1.0,1.0,1.0
14,clab-nebula-serf134,10,0,0,0,0,0,1.0,1.0,1.0
14,clab-nebula-serf137,10,0,0,0,0,0,1.0,1.0,1.0
14,clab-nebula-serf10,10,9,23,8,15,1,0.3478,0.8889,0.3333
14,clab-nebula-serf46,10,3,5,2,3,1,0.4,0.6667,0.3333
14,clab-nebula-serf74,10,9,67,8,59,1,0.1194,0.8889,0.1176
14,clab-nebula-serf76,10,25,116,23,93,2,0.1983,0.92,0.1949
14,clab-nebula-serf149,10,0,0,0,0,0,1.0,1.0,1.0
14,clab-nebula-serf20,10,4,5,3,2,1,0.6,0.75,0.5
14,clab-nebula-serf22,10,4,16,3,13,1,0.1875,0.75,0.1765
14,clab-nebula-serf160,10,4,4,3,1,1,0.75,0.75,0.6
14,clab-nebula-serf31,10,13,100,12,88,1,0.12,0.9231,0.1188
14,clab-nebula-serf93,10,16,74,15,59,1,0.2027,0.9375,0.2
14,clab-nebula-serf122,10,0,0,0,0,0,1.0,1.0,1.0
14,clab-nebula-serf38,10,4,156,3,153,1,0.0192,0.75,0.0191
14,clab-nebula-serf55,10,9,17,8,9,1,0.4706,0.8889,0.4444
14,clab-nebula-serf79,10,26,116,24,92,2,0.2069,0.9231,0.2034
14,clab-nebula-serf113,10,1,1,1,0,0,1.0,1.0,1.0
14,clab-nebula-serf120,10,2,1,1,0,1,1.0,0.5,0.5
14,clab-nebula-serf128,10,2,4,1,3,1,0.25,0.5,0.2
14,clab-nebula-serf8,10,5,4,4,0,1,1.0,0.8,0.8
14,clab-nebula-serf27,10,3,156,2,154,1,0.0128,0.6667,0.0127
14,clab-nebula-serf78,10,9,67,8,59,1,0.1194,0.8889,0.1176
14,clab-nebula-serf104,10,3,4,2,2,1,0.5,0.6667,0.4
14,clab-nebula-serf133,10,0,0,0,0,0,1.0,1.0,1.0
14,clab-nebula-serf64,10,0,0,0,0,0,1.0,1.0,1.0
14,clab-nebula-serf73,10,25,116,23,93,2,0.1983,0.92,0.1949
14,clab-nebula-serf118,10,2,1,1,0,1,1.0,0.5,0.5
14,clab-nebula-serf5,10,3,2,2,0,1,1.0,0.6667,0.6667
14,clab-nebula-serf87,10,3,2,2,0,1,1.0,0.6667,0.6667
14,clab-nebula-serf88,10,3,2,2,0,1,1.0,0.6667,0.6667
14,clab-nebula-serf153,10,0,0,0,0,0,1.0,1.0,1.0
14,clab-nebula-serf53,10,8,17,7,10,1,0.4118,0.875,0.3889
14,clab-nebula-serf69,10,14,116,13,103,1,0.1121,0.9286,0.1111
14,clab-nebula-serf60,10,10,20,9,11,1,0.45,0.9,0.4286
14,clab-nebula-serf145,10,0,0,0,0,0,1.0,1.0,1.0
14,clab-nebula-serf6,10,7,12,6,6,1,0.5,0.8571,0.4615
14,clab-nebula-serf11,10,14,24,13,11,1,0.5417,0.9286,0.52
14,clab-nebula-serf98,10,7,6,6,0,1,1.0,0.8571,0.8571
14,clab-nebula-serf138,10,0,0,0,0,0,1.0,1.0,1.0
14,clab-nebula-serf150,10,0,0,0,0,0,1.0,1.0,1.0
14,clab-nebula-serf18,10,5,20,4,16,1,0.2,0.8,0.1905
14,clab-nebula-serf30,10,13,100,12,88,1,0.12,0.9231,0.1188
14,clab-nebula-serf44,10,10,19,9,10,1,0.4737,0.9,0.45
14,clab-nebula-serf131,10,0,0,0,0,0,1.0,1.0,1.0
14,clab-nebula-serf35,10,1,4,1,3,0,0.25,1.0,0.25
14,clab-nebula-serf40,10,1,7,1,6,0,0.1429,1.0,0.1429
14,clab-nebula-serf144,10,0,0,0,0,0,1.0,1.0,1.0
14,clab-nebula-serf152,10,1,123,1,122,0,0.0081,1.0,0.0081
14,clab-nebula-serf162,10,0,0,0,0,0,1.0,1.0,1.0
14,clab-nebula-serf41,10,0,0,0,0,0,1.0,1.0,1.0
14,clab-nebula-serf72,10,16,116,15,101,1,0.1293,0.9375,0.1282
14,clab-nebula-serf141,10,0,0,0,0,0,1.0,1.0,1.0
14,clab-nebula-serf25,10,4,16,3,13,1,0.1875,0.75,0.1765
14,clab-nebula-serf50,10,8,11,7,4,1,0.6364,0.875,0.5833
14,clab-nebula-serf51,10,9,17,8,9,1,0.4706,0.8889,0.4444
14,clab-nebula-serf66,10,4,14,3,11,1,0.2143,0.75,0.2
14,clab-nebula-serf86,10,4,3,3,0,1,1.0,0.75,0.75
14,clab-nebula-serf90,10,9,67,8,59,1,0.1194,0.8889,0.1176
14,clab-nebula-serf143,10,0,0,0,0,0,1.0,1.0,1.0
14,clab-nebula-serf7,10,9,20,8,12,1,0.4,0.8889,0.381
14,clab-nebula-serf37,10,8,152,7,145,1,0.0461,0.875,0.0458
14,clab-nebula-serf43,10,5,6,4,2,1,0.6667,0.8,0.5714
14,clab-nebula-serf58,10,19,99,18,81,1,0.1818,0.9474,0.18
14,clab-nebula-serf61,10,20,99,19,80,1,0.1919,0.95,0.19
14,clab-nebula-serf112,10,0,0,0,0,0,1.0,1.0,1.0
14,clab-nebula-serf15,10,14,41,13,28,1,0.3171,0.9286,0.3095
14,clab-nebula-serf16,10,17,41,16,25,1,0.3902,0.9412,0.381
14,clab-nebula-serf77,10,24,116,22,94,2,0.1897,0.9167,0.1864
14,clab-nebula-serf121,10,1,30,0,30,1,0.0,0.0,0.0
14,clab-nebula-serf140,10,0,0,0,0,0,1.0,1.0,1.0
14,clab-nebula-serf148,10,0,0,0,0,0,1.0,1.0,1.0
14,clab-nebula-serf154,10,0,0,0,0,0,1.0,1.0,1.0
14,clab-nebula-serf156,10,0,0,0,0,0,1.0,1.0,1.0
14,clab-nebula-serf23,10,0,0,0,0,0,1.0,1.0,1.0
14,clab-nebula-serf39,10,15,125,14,111,1,0.112,0.9333,0.1111
14,clab-nebula-serf62,10,4,8,3,5,1,0.375,0.75,0.3333
14,clab-nebula-serf107,10,2,7,1,6,1,0.1429,0.5,0.125
14,clab-nebula-serf115,10,0,0,0,0,0,1.0,1.0,1.0
14,clab-nebula-serf151,10,0,0,0,0,0,1.0,1.0,1.0
14,clab-nebula-serf158,10,4,4,3,1,1,0.75,0.75,0.6
14,clab-nebula-serf28,10,1,108,1,107,0,0.0093,1.0,0.0093
14,clab-nebula-serf29,10,2,95,1,94,1,0.0105,0.5,0.0104
14,clab-nebula-serf130,15,0,0,0,0,0,1.0,1.0,1.0
14,clab-nebula-serf161,15,5,4,4,0,1,1.0,0.8,0.8
14,clab-nebula-serf32,15,32,157,30,127,2,0.1911,0.9375,0.1887
14,clab-nebula-serf63,15,6,28,5,23,1,0.1786,0.8333,0.1724
14,clab-nebula-serf45,15,22,36,20,16,2,0.5556,0.9091,0.5263
14,clab-nebula-serf49,15,30,48,28,20,2,0.5833,0.9333,0.56
14,clab-nebula-serf83,15,14,66,13,53,1,0.197,0.9286,0.194
14,clab-nebula-serf91,15,36,125,34,91,2,0.272,0.9444,0.2677
14,clab-nebula-serf136,15,2,2,1,1,1,0.5,0.5,0.3333
14,clab-nebula-serf146,15,1,4,1,3,0,0.25,1.0,0.25
14,clab-nebula-serf12,15,19,41,18,23,1,0.439,0.9474,0.4286
14,clab-nebula-serf19,15,23,31,21,10,2,0.6774,0.913,0.6364
14,clab-nebula-serf80,15,32,128,30,98,2,0.2344,0.9375,0.2308
14,clab-nebula-serf111,15,17,56,16,40,1,0.2857,0.9412,0.2807
14,clab-nebula-serf109,15,26,79,24,55,2,0.3038,0.9231,0.2963
14,clab-nebula-serf147,15,2,111,1,110,1,0.009,0.5,0.0089
14,clab-nebula-serf4,15,9,8,8,0,1,1.0,0.8889,0.8889
14,clab-nebula-serf100,15,8,26,7,19,1,0.2692,0.875,0.2593
14,clab-nebula-serf75,15,26,116,24,92,2,0.2069,0.9231,0.2034
14,clab-nebula-serf89,15,8,10,7,3,1,0.7,0.875,0.6364
14,clab-nebula-serf101,15,7,6,6,0,1,1.0,0.8571,0.8571
14,clab-nebula-serf105,15,8,8,7,1,1,0.875,0.875,0.7778
14,clab-nebula-serf65,15,0,0,0,0,0,1.0,1.0,1.0
14,clab-nebula-serf68,15,27,117,25,92,2,0.2137,0.9259,0.2101
14,clab-nebula-serf94,15,36,125,34,91,2,0.272,0.9444,0.2677
14,clab-nebula-serf103,15,8,26,7,19,1,0.2692,0.875,0.2593
14,clab-nebula-serf117,15,0,0,0,0,0,1.0,1.0,1.0
14,clab-nebula-serf127,15,13,157,12,145,1,0.0764,0.9231,0.0759
14,clab-nebula-serf129,15,2,7,1,6,1,0.1429,0.5,0.125
14,clab-nebula-serf155,15,1,3,1,2,0,0.3333,1.0,0.3333
14,clab-nebula-serf3,15,7,8,6,2,1,0.75,0.8571,0.6667
14,clab-nebula-serf14,15,18,41,17,24,1,0.4146,0.9444,0.4048
14,clab-nebula-serf142,15,1,4,1,3,0,0.25,1.0,0.25
14,clab-nebula-serf96,15,7,6,6,0,1,1.0,0.8571,0.8571
14,clab-nebula-serf116,15,0,0,0,0,0,1.0,1.0,1.0
14,clab-nebula-serf56,15,64,142,60,82,4,0.4225,0.9375,0.411
14,clab-nebula-serf59,15,63,142,59,83,4,0.4155,0.9365,0.4041
14,clab-nebula-serf70,15,36,146,34,112,2,0.2329,0.9444,0.2297
14,clab-nebula-serf81,15,39,129,37,92,2,0.2868,0.9487,0.2824
14,clab-nebula-serf95,15,30,124,28,96,2,0.2258,0.9333,0.2222
14,clab-nebula-serf114,15,2,99,1,98,1,0.0101,0.5,0.01
14,clab-nebula-serf9,15,17,25,16,9,1,0.64,0.9412,0.6154
14,clab-nebula-serf17,15,30,93,28,65,2,0.3011,0.9333,0.2947
14,clab-nebula-serf139,15,5,16,4,12,1,0.25,0.8,0.2353
14,clab-nebula-serf52,15,38,99,36,63,2,0.3636,0.9474,0.3564
14,clab-nebula-serf71,15,33,129,31,98,2,0.2403,0.9394,0.2366
14,clab-nebula-serf26,15,31,138,29,109,2,0.2101,0.9355,0.2071
14,clab-nebula-serf34,15,27,61,25,36,2,0.4098,0.9259,0.3968
14,clab-nebula-serf126,15,15,157,14,143,1,0.0892,0.9333,0.0886
14,clab-nebula-serf36,15,17,82,16,66,1,0.1951,0.9412,0.1928
14,clab-nebula-serf82,15,0,0,0,0,0,1.0,1.0,1.0
14,clab-nebula-serf85,15,19,72,18,54,1,0.25,0.9474,0.2466
14,clab-nebula-serf97,15,7,6,6,0,1,1.0,0.8571,0.8571
14,clab-nebula-serf99,15,7,6,6,0,1,1.0,0.8571,0.8571
14,clab-nebula-serf124,15,8,36,7,29,1,0.1944,0.875,0.1892
14,clab-nebula-serf157,15,5,4,4,0,1,1.0,0.8,0.8
14,clab-nebula-serf159,15,5,4,4,0,1,1.0,0.8,0.8
14,clab-nebula-serf1,15,12,12,11,1,1,0.9167,0.9167,0.8462
14,clab-nebula-serf33,15,53,141,50,91,3,0.3546,0.9434,0.3472
14,clab-nebula-serf123,15,11,39,10,29,1,0.2564,0.9091,0.25
14,clab-nebula-serf135,15,1,6,1,5,0,0.1667,1.0,0.1667
14,clab-nebula-serf13,15,24,40,22,18,2,0.55,0.9167,0.5238
14,clab-nebula-serf47,15,25,48,23,25,2,0.4792,0.92,0.46
14,clab-nebula-serf84,15,4,5,3,2,1,0.6,0.75,0.5
14,clab-nebula-serf92,15,30,116,28,88,2,0.2414,0.9333,0.2373
14,clab-nebula-serf106,15,4,5,3,2,1,0.6,0.75,0.5
14,clab-nebula-serf108,15,7,8,6,2,1,0.75,0.8571,0.6667
14,clab-nebula-serf119,15,2,1,1,0,1,1.0,0.5,0.5
14,clab-nebula-serf125,15,12,157,11,146,1,0.0701,0.9167,0.0696
14,clab-nebula-serf54,15,35,98,33,65,2,0.3367,0.9429,0.33
14,clab-nebula-serf57,15,57,144,54,90,3,0.375,0.9474,0.3673
14,clab-nebula-serf24,15,5,6,4,2,1,0.6667,0.8,0.5714
14,clab-nebula-serf42,15,2,157,1,156,1,0.0064,0.5,0.0063
14,clab-nebula-serf48,15,21,43,19,24,2,0.4419,0.9048,0.4222
14,clab-nebula-serf2,15,5,9,4,5,1,0.4444,0.8,0.4
14,clab-nebula-serf21,15,16,83,15,68,1,0.1807,0.9375,0.1786
14,clab-nebula-serf67,15,26,116,24,92,2,0.2069,0.9231,0.2034
14,clab-nebula-serf102,15,7,6,6,0,1,1.0,0.8571,0.8571
14,clab-nebula-serf110,15,2,2,1,1,1,0.5,0.5,0.3333
14,clab-nebula-serf132,15,11,18,10,8,1,0.5556,0.9091,0.5263
14,clab-nebula-serf134,15,1,3,1,2,0,0.3333,1.0,0.3333
14,clab-nebula-serf137,15,2,5,1,4,1,0.2,0.5,0.1667
14,clab-nebula-serf10,15,20,27,19,8,1,0.7037,0.95,0.6786
14,clab-nebula-serf46,15,11,140,10,130,1,0.0714,0.9091,0.0709
14,clab-nebula-serf74,15,26,116,24,92,2,0.2069,0.9231,0.2034
14,clab-nebula-serf76,15,38,129,36,93,2,0.2791,0.9474,0.2748
14,clab-nebula-serf149,15,1,3,1,2,0,0.3333,1.0,0.3333
14,clab-nebula-serf20,15,15,158,14,144,1,0.0886,0.9333,0.0881
14,clab-nebula-serf22,15,10,140,9,131,1,0.0643,0.9,0.0638
14,clab-nebula-serf160,15,5,4,4,0,1,1.0,0.8,0.8
14,clab-nebula-serf31,15,28,152,26,126,2,0.1711,0.9286,0.1688
14,clab-nebula-serf93,15,37,133,35,98,2,0.2632,0.9459,0.2593
14,clab-nebula-serf122,15,8,36,7,29,1,0.1944,0.875,0.1892
14,clab-nebula-serf38,15,24,60,22,38,2,0.3667,0.9167,0.3548
14,clab-nebula-serf55,15,23,98,21,77,2,0.2143,0.913,0.21
14,clab-nebula-serf79,15,41,128,38,90,3,0.2969,0.9268,0.2901
14,clab-nebula-serf113,15,3,103,2,101,1,0.0194,0.6667,0.0192
14,clab-nebula-serf120,15,2,1,1,0,1,1.0,0.5,0.5
14,clab-nebula-serf128,15,6,8,5,3,1,0.625,0.8333,0.5556
14,clab-nebula-serf8,15,13,23,12,11,1,0.5217,0.9231,0.5
14,clab-nebula-serf27,15,7,157,6,151,1,0.0382,0.8571,0.038
14,clab-nebula-serf78,15,27,117,25,92,2,0.2137,0.9259,0.2101
14,clab-nebula-serf104,15,8,8,7,1,1,0.875,0.875,0.7778
14,clab-nebula-serf133,15,1,3,1,2,0,0.3333,1.0,0.3333
14,clab-nebula-serf64,15,0,0,0,0,0,1.0,1.0,1.0
14,clab-nebula-serf73,15,39,129,37,92,2,0.2868,0.9487,0.2824
14,clab-nebula-serf118,15,2,1,1,0,1,1.0,0.5,0.5
14,clab-nebula-serf5,15,7,8,6,2,1,0.75,0.8571,0.6667
14,clab-nebula-serf87,15,11,18,10,8,1,0.5556,0.9091,0.5263
14,clab-nebula-serf88,15,8,10,7,3,1,0.7,0.875,0.6364
14,clab-nebula-serf153,15,1,5,1,4,0,0.2,1.0,0.2
14,clab-nebula-serf53,15,25,98,23,75,2,0.2347,0.92,0.23
14,clab-nebula-serf69,15,31,129,29,100,2,0.2248,0.9355,0.2214
14,clab-nebula-serf60,15,42,142,39,103,3,0.2746,0.9286,0.269
14,clab-nebula-serf145,15,1,4,1,3,0,0.25,1.0,0.25
14,clab-nebula-serf6,15,18,24,17,7,1,0.7083,0.9444,0.68
14,clab-nebula-serf11,15,26,29,24,5,2,0.8276,0.9231,0.7742
14,clab-nebula-serf98,15,7,6,6,0,1,1.0,0.8571,0.8571
14,clab-nebula-serf138,15,1,6,1,5,0,0.1667,1.0,0.1667
14,clab-nebula-serf150,15,1,6,1,5,0,0.1667,1.0,0.1667
14,clab-nebula-serf18,15,20,43,19,24,1,0.4419,0.95,0.4318
14,clab-nebula-serf30,15,28,152,26,126,2,0.1711,0.9286,0.1688
14,clab-nebula-serf44,15,23,48,21,27,2,0.4375,0.913,0.42
14,clab-nebula-serf131,15,3,12,2,10,1,0.1667,0.6667,0.1538
14,clab-nebula-serf35,15,7,152,6,146,1,0.0395,0.8571,0.0392
14,clab-nebula-serf40,15,11,134,10,124,1,0.0746,0.9091,0.0741
14,clab-nebula-serf144,15,7,6,6,0,1,1.0,0.8571,0.8571
14,clab-nebula-serf152,15,11,124,10,114,1,0.0806,0.9091,0.08
14,clab-nebula-serf162,15,5,4,4,0,1,1.0,0.8,0.8
14,clab-nebula-serf41,15,1,7,1,6,0,0.1429,1.0,0.1429
14,clab-nebula-serf72,15,31,129,29,100,2,0.2248,0.9355,0.2214
14,clab-nebula-serf141,15,0,0,0,0,0,1.0,1.0,1.0
14,clab-nebula-serf25,15,12,138,11,127,1,0.0797,0.9167,0.0791
14,clab-nebula-serf50,15,23,48,21,27,2,0.4375,0.913,0.42
14,clab-nebula-serf51,15,24,98,22,76,2,0.2245,0.9167,0.22
14,clab-nebula-serf66,15,27,117,25,92,2,0.2137,0.9259,0.2101
14,clab-nebula-serf86,15,11,18,10,8,1,0.5556,0.9091,0.5263
14,clab-nebula-serf90,15,30,124,28,96,2,0.2258,0.9333,0.2222
14,clab-nebula-serf143,15,1,1,1,0,0,1.0,1.0,1.0
14,clab-nebula-serf7,15,19,24,18,6,1,0.75,0.9474,0.72
14,clab-nebula-serf37,15,29,61,27,34,2,0.4426,0.931,0.4286
14,clab-nebula-serf43,15,13,99,12,87,1,0.1212,0.9231,0.12
14,clab-nebula-serf58,15,57,144,54,90,3,0.375,0.9474,0.3673
14,clab-nebula-serf61,15,61,143,58,85,3,0.4056,0.9508,0.3973
14,clab-nebula-serf112,15,0,0,0,0,0,1.0,1.0,1.0
14,clab-nebula-serf15,15,32,93,30,63,2,0.3226,0.9375,0.3158
14,clab-nebula-serf16,15,33,98,31,67,2,0.3163,0.9394,0.31
14,clab-nebula-serf77,15,38,129,36,93,2,0.2791,0.9474,0.2748
14,clab-nebula-serf121,15,8,36,7,29,1,0.1944,0.875,0.1892
14,clab-nebula-serf140,15,0,0,0,0,0,1.0,1.0,1.0
14,clab-nebula-serf148,15,0,0,0,0,0,1.0,1.0,1.0
14,clab-nebula-serf154,15,1,4,1,3,0,0.25,1.0,0.25
14,clab-nebula-serf156,15,4,124,3,121,1,0.0242,0.75,0.024
14,clab-nebula-serf23,15,4,6,3,3,1,0.5,0.75,0.4286
14,clab-nebula-serf39,15,53,137,50,87,3,0.365,0.9434,0.3571
14,clab-nebula-serf62,15,13,148,12,136,1,0.0811,0.9231,0.0805
14,clab-nebula-serf107,15,6,7,5,2,1,0.7143,0.8333,0.625
14,clab-nebula-serf115,15,0,0,0,0,0,1.0,1.0,1.0
14,clab-nebula-serf151,15,1,2,1,1,0,0.5,1.0,0.5
14,clab-nebula-serf158,15,5,4,4,0,1,1.0,0.8,0.8
14,clab-nebula-serf28,15,2,107,1,106,1,0.0093,0.5,0.0093
14,clab-nebula-serf29,15,6,107,5,102,1,0.0467,0.8333,0.0463
14,clab-nebula-serf130,20,13,18,12,6,1,0.6667,0.9231,0.6316
14,clab-nebula-serf161,20,10,83,9,74,1,0.1084,0.9,0.1071
14,clab-nebula-serf32,20,59,152,56,96,3,0.3684,0.9492,0.3613
14,clab-nebula-serf63,20,32,111,30,81,2,0.2703,0.9375,0.2655
14,clab-nebula-serf45,20,40,83,38,45,2,0.4578,0.95,0.4471
14,clab-nebula-serf49,20,67,142,63,79,4,0.4437,0.9403,0.4315
14,clab-nebula-serf83,20,33,124,31,93,2,0.25,0.9394,0.246
14,clab-nebula-serf91,20,56,136,53,83,3,0.3897,0.9464,0.3813
14,clab-nebula-serf136,20,14,18,13,5,1,0.7222,0.9286,0.6842
14,clab-nebula-serf146,20,5,6,4,2,1,0.6667,0.8,0.5714
14,clab-nebula-serf12,20,38,96,36,60,2,0.375,0.9474,0.3673
14,clab-nebula-serf19,20,44,98,41,57,3,0.4184,0.9318,0.4059
14,clab-nebula-serf80,20,55,129,52,77,3,0.4031,0.9455,0.3939
14,clab-nebula-serf111,20,47,118,44,74,3,0.3729,0.9362,0.3636
14,clab-nebula-serf109,20,58,130,55,75,3,0.4231,0.9483,0.4135
14,clab-nebula-serf147,20,12,124,11,113,1,0.0887,0.9167,0.088
14,clab-nebula-serf4,20,16,22,15,7,1,0.6818,0.9375,0.6522
14,clab-nebula-serf100,20,14,94,13,81,1,0.1383,0.9286,0.1368
14,clab-nebula-serf75,20,41,129,39,90,2,0.3023,0.9512,0.2977
14,clab-nebula-serf89,20,18,72,17,55,1,0.2361,0.9444,0.2329
14,clab-nebula-serf101,20,10,91,9,82,1,0.0989,0.9,0.0978
14,clab-nebula-serf105,20,25,79,23,56,2,0.2911,0.92,0.284
14,clab-nebula-serf65,20,23,122,21,101,2,0.1721,0.913,0.1694
14,clab-nebula-serf68,20,42,128,39,89,3,0.3047,0.9286,0.2977
14,clab-nebula-serf94,20,57,136,54,82,3,0.3971,0.9474,0.3885
14,clab-nebula-serf103,20,16,113,15,98,1,0.1327,0.9375,0.1316
14,clab-nebula-serf117,20,0,0,0,0,0,1.0,1.0,1.0
14,clab-nebula-serf127,20,46,158,43,115,3,0.2722,0.9348,0.2671
14,clab-nebula-serf129,20,7,7,6,1,1,0.8571,0.8571,0.75
14,clab-nebula-serf155,20,11,124,10,114,1,0.0806,0.9091,0.08
14,clab-nebula-serf3,20,13,21,12,9,1,0.5714,0.9231,0.5455
14,clab-nebula-serf14,20,35,97,33,64,2,0.3402,0.9429,0.3333
14,clab-nebula-serf142,20,1,4,1,3,0,0.25,1.0,0.25
14,clab-nebula-serf96,20,9,91,8,83,1,0.0879,0.8889,0.087
14,clab-nebula-serf116,20,0,0,0,0,0,1.0,1.0,1.0
14,clab-nebula-serf56,20,83,146,78,68,5,0.5342,0.9398,0.5166
14,clab-nebula-serf59,20,83,146,78,68,5,0.5342,0.9398,0.5166
14,clab-nebula-serf70,20,66,149,62,87,4,0.4161,0.9394,0.4052
14,clab-nebula-serf81,20,68,137,64,73,4,0.4672,0.9412,0.4539
14,clab-nebula-serf95,20,50,135,47,88,3,0.3481,0.94,0.3406
14,clab-nebula-serf114,20,17,139,16,123,1,0.1151,0.9412,0.1143
14,clab-nebula-serf9,20,36,93,34,59,2,0.3656,0.9444,0.3579
14,clab-nebula-serf17,20,66,142,62,80,4,0.4366,0.9394,0.4247
14,clab-nebula-serf139,20,14,18,13,5,1,0.7222,0.9286,0.6842
14,clab-nebula-serf52,20,69,142,65,77,4,0.4577,0.942,0.4452
14,clab-nebula-serf71,20,57,144,54,90,3,0.375,0.9474,0.3673
14,clab-nebula-serf26,20,58,152,55,97,3,0.3618,0.9483,0.3548
14,clab-nebula-serf34,20,67,142,63,79,4,0.4437,0.9403,0.4315
14,clab-nebula-serf126,20,47,158,44,114,3,0.2785,0.9362,0.2733
14,clab-nebula-serf36,20,53,144,50,94,3,0.3472,0.9434,0.3401
14,clab-nebula-serf82,20,0,0,0,0,0,1.0,1.0,1.0
14,clab-nebula-serf85,20,35,124,33,91,2,0.2661,0.9429,0.2619
14,clab-nebula-serf97,20,9,91,8,83,1,0.0879,0.8889,0.087
14,clab-nebula-serf99,20,11,91,10,81,1,0.1099,0.9091,0.1087
14,clab-nebula-serf124,20,15,82,14,68,1,0.1707,0.9333,0.1687
14,clab-nebula-serf157,20,9,12,8,4,1,0.6667,0.8889,0.6154
14,clab-nebula-serf159,20,9,12,8,4,1,0.6667,0.8889,0.6154
14,clab-nebula-serf1,20,19,24,18,6,1,0.75,0.9474,0.72
14,clab-nebula-serf33,20,78,144,74,70,4,0.5139,0.9487,0.5
14,clab-nebula-serf123,20,16,79,15,64,1,0.1899,0.9375,0.1875
14,clab-nebula-serf135,20,14,14,13,1,1,0.9286,0.9286,0.8667
14,clab-nebula-serf13,20,50,142,47,95,3,0.331,0.94,0.3241
14,clab-nebula-serf47,20,51,98,48,50,3,0.4898,0.9412,0.4752
14,clab-nebula-serf84,20,18,72,17,55,1,0.2361,0.9444,0.2329
14,clab-nebula-serf92,20,47,128,44,84,3,0.3438,0.9362,0.3359
14,clab-nebula-serf106,20,8,8,7,1,1,0.875,0.875,0.7778
14,clab-nebula-serf108,20,16,39,15,24,1,0.3846,0.9375,0.375
14,clab-nebula-serf119,20,2,1,1,0,1,1.0,0.5,0.5
14,clab-nebula-serf125,20,45,158,42,116,3,0.2658,0.9333,0.2609
14,clab-nebula-serf54,20,66,142,62,80,4,0.4366,0.9394,0.4247
14,clab-nebula-serf57,20,76,145,72,73,4,0.4966,0.9474,0.4832
14,clab-nebula-serf24,20,17,158,16,142,1,0.1013,0.9412,0.1006
14,clab-nebula-serf42,20,15,83,14,69,1,0.1687,0.9333,0.1667
14,clab-nebula-serf48,20,37,62,35,27,2,0.5645,0.9459,0.5469
14,clab-nebula-serf2,20,10,9,9,0,1,1.0,0.9,0.9
14,clab-nebula-serf21,20,32,111,30,81,2,0.2703,0.9375,0.2655
14,clab-nebula-serf67,20,41,128,38,90,3,0.2969,0.9268,0.2901
14,clab-nebula-serf102,20,10,91,9,82,1,0.0989,0.9,0.0978
14,clab-nebula-serf110,20,7,8,6,2,1,0.75,0.8571,0.6667
14,clab-nebula-serf132,20,14,18,13,5,1,0.7222,0.9286,0.6842
14,clab-nebula-serf134,20,14,18,13,5,1,0.7222,0.9286,0.6842
14,clab-nebula-serf137,20,14,18,13,5,1,0.7222,0.9286,0.6842
14,clab-nebula-serf10,20,40,96,38,58,2,0.3958,0.95,0.3878
14,clab-nebula-serf46,20,26,48,24,24,2,0.5,0.9231,0.48
14,clab-nebula-serf74,20,45,128,42,86,3,0.3281,0.9333,0.3206
14,clab-nebula-serf76,20,68,137,64,73,4,0.4672,0.9412,0.4539
14,clab-nebula-serf149,20,11,124,10,114,1,0.0806,0.9091,0.08
14,clab-nebula-serf20,20,26,152,24,128,2,0.1579,0.9231,0.1558
14,clab-nebula-serf22,20,23,156,21,135,2,0.1346,0.913,0.1329
14,clab-nebula-serf160,20,10,83,9,74,1,0.1084,0.9,0.1071
14,clab-nebula-serf31,20,45,83,42,41,3,0.506,0.9333,0.4884
14,clab-nebula-serf93,20,59,137,56,81,3,0.4088,0.9492,0.4
14,clab-nebula-serf122,20,15,82,14,68,1,0.1707,0.9333,0.1687
14,clab-nebula-serf38,20,56,141,53,88,3,0.3759,0.9464,0.3681
14,clab-nebula-serf55,20,64,142,60,82,4,0.4225,0.9375,0.411
14,clab-nebula-serf79,20,76,138,72,66,4,0.5217,0.9474,0.507
14,clab-nebula-serf113,20,19,139,18,121,1,0.1295,0.9474,0.1286
14,clab-nebula-serf120,20,2,1,1,0,1,1.0,0.5,0.5
14,clab-nebula-serf128,20,20,79,19,60,1,0.2405,0.95,0.2375
14,clab-nebula-serf8,20,23,26,21,5,2,0.8077,0.913,0.75
14,clab-nebula-serf27,20,13,158,12,146,1,0.0759,0.9231,0.0755
14,clab-nebula-serf78,20,48,129,45,84,3,0.3488,0.9375,0.3409
14,clab-nebula-serf104,20,25,79,23,56,2,0.2911,0.92,0.284
14,clab-nebula-serf133,20,14,18,13,5,1,0.7222,0.9286,0.6842
14,clab-nebula-serf64,20,7,82,6,76,1,0.0732,0.8571,0.0723
14,clab-nebula-serf73,20,69,137,65,72,4,0.4745,0.942,0.461
14,clab-nebula-serf118,20,2,1,1,0,1,1.0,0.5,0.5
14,clab-nebula-serf5,20,14,20,13,7,1,0.65,0.9286,0.619
14,clab-nebula-serf87,20,24,124,22,102,2,0.1774,0.9167,0.1746
14,clab-nebula-serf88,20,19,72,18,54,1,0.25,0.9474,0.2466
14,clab-nebula-serf153,20,9,124,8,116,1,0.0645,0.8889,0.064
14,clab-nebula-serf53,20,64,142,60,82,4,0.4225,0.9375,0.411
14,clab-nebula-serf69,20,54,144,51,93,3,0.3542,0.9444,0.3469
14,clab-nebula-serf60,20,70,142,66,76,4,0.4648,0.9429,0.4521
14,clab-nebula-serf145,20,5,6,4,2,1,0.6667,0.8,0.5714
14,clab-nebula-serf6,20,32,74,30,44,2,0.4054,0.9375,0.3947
14,clab-nebula-serf11,20,57,142,54,88,3,0.3803,0.9474,0.3724
14,clab-nebula-serf98,20,8,30,7,23,1,0.2333,0.875,0.2258
14,clab-nebula-serf138,20,14,14,13,1,1,0.9286,0.9286,0.8667
14,clab-nebula-serf150,20,9,124,8,116,1,0.0645,0.8889,0.064
14,clab-nebula-serf18,20,47,97,44,53,3,0.4536,0.9362,0.44
14,clab-nebula-serf30,20,45,83,42,41,3,0.506,0.9333,0.4884
14,clab-nebula-serf44,20,47,93,44,49,3,0.4731,0.9362,0.4583
14,clab-nebula-serf131,20,14,14,13,1,1,0.9286,0.9286,0.8667
14,clab-nebula-serf35,20,26,61,24,37,2,0.3934,0.9231,0.381
14,clab-nebula-serf40,20,35,97,33,64,2,0.3402,0.9429,0.3333
14,clab-nebula-serf144,20,12,25,11,14,1,0.44,0.9167,0.4231
14,clab-nebula-serf152,20,14,124,13,111,1,0.1048,0.9286,0.104
14,clab-nebula-serf162,20,5,4,4,0,1,1.0,0.8,0.8
14,clab-nebula-serf41,20,14,99,13,86,1,0.1313,0.9286,0.13
14,clab-nebula-serf72,20,54,144,51,93,3,0.3542,0.9444,0.3469
14,clab-nebula-serf141,20,14,18,13,5,1,0.7222,0.9286,0.6842
14,clab-nebula-serf25,20,28,152,26,126,2,0.1711,0.9286,0.1688
14,clab-nebula-serf50,20,41,85,38,47,3,0.4471,0.9268,0.4318
14,clab-nebula-serf51,20,64,142,60,82,4,0.4225,0.9375,0.411
14,clab-nebula-serf66,20,44,129,41,88,3,0.3178,0.9318,0.3106
14,clab-nebula-serf86,20,29,124,27,97,2,0.2177,0.931,0.2143
14,clab-nebula-serf90,20,49,136,46,90,3,0.3382,0.9388,0.3309
14,clab-nebula-serf143,20,2,4,1,3,1,0.25,0.5,0.2
14,clab-nebula-serf7,20,33,88,31,57,2,0.3523,0.9394,0.3444
14,clab-nebula-serf37,20,65,142,61,81,4,0.4296,0.9385,0.4178
14,clab-nebula-serf43,20,27,48,25,23,2,0.5208,0.9259,0.5
14,clab-nebula-serf58,20,79,146,75,71,4,0.5137,0.9494,0.5
14,clab-nebula-serf61,20,79,146,75,71,4,0.5137,0.9494,0.5
14,clab-nebula-serf112,20,0,0,0,0,0,1.0,1.0,1.0
14,clab-nebula-serf15,20,68,142,64,78,4,0.4507,0.9412,0.4384
14,clab-nebula-serf16,20,69,142,65,77,4,0.4577,0.942,0.4452
14,clab-nebula-serf77,20,67,138,63,75,4,0.4565,0.9403,0.4437
14,clab-nebula-serf121,20,15,82,14,68,1,0.1707,0.9333,0.1687
14,clab-nebula-serf140,20,13,18,12,6,1,0.6667,0.9231,0.6316
14,clab-nebula-serf148,20,6,124,5,119,1,0.0403,0.8333,0.04
14,clab-nebula-serf154,20,9,124,8,116,1,0.0645,0.8889,0.064
14,clab-nebula-serf156,20,12,124,11,113,1,0.0887,0.9167,0.088
14,clab-nebula-serf23,20,11,140,10,130,1,0.0714,0.9091,0.0709
14,clab-nebula-serf39,20,81,141,76,65,5,0.539,0.9383,0.5205
14,clab-nebula-serf62,20,48,142,45,97,3,0.3169,0.9375,0.3103
14,clab-nebula-serf107,20,15,39,14,25,1,0.359,0.9333,0.35
14,clab-nebula-serf115,20,0,0,0,0,0,1.0,1.0,1.0
14,clab-nebula-serf151,20,11,124,10,114,1,0.0806,0.9091,0.08
14,clab-nebula-serf158,20,8,12,7,5,1,0.5833,0.875,0.5385
14,clab-nebula-serf28,20,4,107,3,104,1,0.028,0.75,0.0278
14,clab-nebula-serf29,20,14,107,13,94,1,0.1215,0.9286,0.1204
14,clab-nebula-serf130,25,14,18,13,5,1,0.7222,0.9286,0.6842
14,clab-nebula-serf161,25,22,157,20,137,2,0.1274,0.9091,0.1258
14,clab-nebula-serf32,25,88,150,83,67,5,0.5533,0.9432,0.5355
14,clab-nebula-serf63,25,64,142,60,82,4,0.4225,0.9375,0.411
14,clab-nebula-serf45,25,80,143,76,67,4,0.5315,0.95,0.517
14,clab-nebula-serf49,25,84,144,79,65,5,0.5486,0.9405,0.5302
14,clab-nebula-serf83,25,50,136,47,89,3,0.3456,0.94,0.3381
14,clab-nebula-serf91,25,81,141,76,65,5,0.539,0.9383,0.5205
14,clab-nebula-serf136,25,18,21,17,4,1,0.8095,0.9444,0.7727
14,clab-nebula-serf146,25,8,16,7,9,1,0.4375,0.875,0.4118
14,clab-nebula-serf12,25,71,142,67,75,4,0.4718,0.9437,0.4589
14,clab-nebula-serf19,25,73,142,69,73,4,0.4859,0.9452,0.4726
14,clab-nebula-serf80,25,84,137,79,58,5,0.5766,0.9405,0.5563
14,clab-nebula-serf111,25,73,131,69,62,4,0.5267,0.9452,0.5111
14,clab-nebula-serf109,25,87,132,82,50,5,0.6212,0.9425,0.5985
14,clab-nebula-serf147,25,14,124,13,111,1,0.1048,0.9286,0.104
14,clab-nebula-serf4,25,23,26,21,5,2,0.8077,0.913,0.75
14,clab-nebula-serf100,25,25,128,23,105,2,0.1797,0.92,0.1769
14,clab-nebula-serf75,25,76,138,72,66,4,0.5217,0.9474,0.507
14,clab-nebula-serf89,25,41,135,39,96,2,0.2889,0.9512,0.2847
14,clab-nebula-serf101,25,22,114,20,94,2,0.1754,0.9091,0.1724
14,clab-nebula-serf105,25,54,120,51,69,3,0.425,0.9444,0.4146
14,clab-nebula-serf65,25,62,123,58,65,4,0.4715,0.9355,0.4567
14,clab-nebula-serf68,25,79,138,75,63,4,0.5435,0.9494,0.5282
14,clab-nebula-serf94,25,81,141,76,65,5,0.539,0.9383,0.5205
14,clab-nebula-serf103,25,27,128,25,103,2,0.1953,0.9259,0.1923
14,clab-nebula-serf117,25,1,2,0,2,1,0.0,0.0,0.0
14,clab-nebula-serf127,25,60,158,57,101,3,0.3608,0.95,0.354
14,clab-nebula-serf129,25,17,72,16,56,1,0.2222,0.9412,0.2192
14,clab-nebula-serf155,25,14,124,13,111,1,0.1048,0.9286,0.104
14,clab-nebula-serf3,25,22,26,20,6,2,0.7692,0.9091,0.7143
14,clab-nebula-serf14,25,70,142,66,76,4,0.4648,0.9429,0.4521
14,clab-nebula-serf142,25,7,6,6,0,1,1.0,0.8571,0.8571
14,clab-nebula-serf96,25,20,114,19,95,1,0.1667,0.95,0.1652
14,clab-nebula-serf116,25,0,0,0,0,0,1.0,1.0,1.0
14,clab-nebula-serf56,25,97,148,92,56,5,0.6216,0.9485,0.6013
14,clab-nebula-serf59,25,99,148,94,54,5,0.6351,0.9495,0.6144
14,clab-nebula-serf70,25,87,148,82,66,5,0.5541,0.9425,0.5359
14,clab-nebula-serf81,25,90,137,85,52,5,0.6204,0.9444,0.5986
14,clab-nebula-serf95,25,80,142,76,66,4,0.5352,0.95,0.5205
14,clab-nebula-serf114,25,25,138,23,115,2,0.1667,0.92,0.1643
14,clab-nebula-serf9,25,71,145,67,78,4,0.4621,0.9437,0.4497
14,clab-nebula-serf17,25,85,146,80,66,5,0.5479,0.9412,0.5298
14,clab-nebula-serf139,25,21,25,20,5,1,0.8,0.9524,0.7692
14,clab-nebula-serf52,25,88,148,83,65,5,0.5608,0.9432,0.5425
14,clab-nebula-serf71,25,83,137,78,59,5,0.5693,0.9398,0.5493
14,clab-nebula-serf26,25,87,150,82,68,5,0.5467,0.9425,0.529
14,clab-nebula-serf34,25,85,147,80,67,5,0.5442,0.9412,0.5263
14,clab-nebula-serf126,25,59,158,56,102,3,0.3544,0.9492,0.3478
14,clab-nebula-serf36,25,79,146,75,71,4,0.5137,0.9494,0.5
14,clab-nebula-serf82,25,0,0,0,0,0,1.0,1.0,1.0
14,clab-nebula-serf85,25,57,136,54,82,3,0.3971,0.9474,0.3885
14,clab-nebula-serf97,25,17,114,16,98,1,0.1404,0.9412,0.1391
14,clab-nebula-serf99,25,24,128,22,106,2,0.1719,0.9167,0.1692
14,clab-nebula-serf124,25,29,82,27,55,2,0.3293,0.931,0.3214
14,clab-nebula-serf157,25,16,160,15,145,1,0.0938,0.9375,0.0932
14,clab-nebula-serf159,25,16,160,15,145,1,0.0938,0.9375,0.0932
14,clab-nebula-serf1,25,37,88,35,53,2,0.3977,0.9459,0.3889
14,clab-nebula-serf33,25,90,149,85,64,5,0.5705,0.9444,0.5519
14,clab-nebula-serf123,25,42,119,39,80,3,0.3277,0.9286,0.3197
14,clab-nebula-serf135,25,15,20,14,6,1,0.7,0.9333,0.6667
14,clab-nebula-serf13,25,76,144,72,72,4,0.5,0.9474,0.4865
14,clab-nebula-serf47,25,82,142,77,65,5,0.5423,0.939,0.5238
14,clab-nebula-serf84,25,35,124,33,91,2,0.2661,0.9429,0.2619
14,clab-nebula-serf92,25,77,138,73,65,4,0.529,0.9481,0.5141
14,clab-nebula-serf106,25,27,79,25,54,2,0.3165,0.9259,0.3086
14,clab-nebula-serf108,25,46,118,43,75,3,0.3644,0.9348,0.3554
14,clab-nebula-serf119,25,3,2,2,0,1,1.0,0.6667,0.6667
14,clab-nebula-serf125,25,58,158,55,103,3,0.3481,0.9483,0.3416
14,clab-nebula-serf54,25,83,146,78,68,5,0.5342,0.9398,0.5166
14,clab-nebula-serf57,25,90,148,85,63,5,0.5743,0.9444,0.5556
14,clab-nebula-serf24,25,29,140,27,113,2,0.1929,0.931,0.1901
14,clab-nebula-serf42,25,38,92,36,56,2,0.3913,0.9474,0.383
14,clab-nebula-serf48,25,79,143,75,68,4,0.5245,0.9494,0.5102
14,clab-nebula-serf2,25,19,24,18,6,1,0.75,0.9474,0.72
14,clab-nebula-serf21,25,56,99,53,46,3,0.5354,0.9464,0.5196
14,clab-nebula-serf67,25,76,138,72,66,4,0.5217,0.9474,0.507
14,clab-nebula-serf102,25,21,115,20,95,1,0.1739,0.9524,0.1724
14,clab-nebula-serf110,25,15,39,14,25,1,0.359,0.9333,0.35
14,clab-nebula-serf132,25,23,38,21,17,2,0.5526,0.913,0.525
14,clab-nebula-serf134,25,16,19,15,4,1,0.7895,0.9375,0.75
14,clab-nebula-serf137,25,20,25,19,6,1,0.76,0.95,0.7308
14,clab-nebula-serf10,25,71,142,67,75,4,0.4718,0.9437,0.4589
14,clab-nebula-serf46,25,54,98,51,47,3,0.5204,0.9444,0.505
14,clab-nebula-serf74,25,82,137,77,60,5,0.562,0.939,0.5423
14,clab-nebula-serf76,25,89,137,84,53,5,0.6131,0.9438,0.5915
14,clab-nebula-serf149,25,17,124,16,108,1,0.129,0.9412,0.128
14,clab-nebula-serf20,25,46,156,43,113,3,0.2756,0.9348,0.2704
14,clab-nebula-serf22,25,41,48,38,10,3,0.7917,0.9268,0.7451
14,clab-nebula-serf160,25,25,157,23,134,2,0.1465,0.92,0.1447
14,clab-nebula-serf31,25,80,148,76,72,4,0.5135,0.95,0.5
14,clab-nebula-serf93,25,83,141,78,63,5,0.5532,0.9398,0.5342
14,clab-nebula-serf122,25,22,81,20,61,2,0.2469,0.9091,0.241
14,clab-nebula-serf38,25,82,145,77,68,5,0.531,0.939,0.5133
14,clab-nebula-serf55,25,83,146,78,68,5,0.5342,0.9398,0.5166
14,clab-nebula-serf79,25,96,138,91,47,5,0.6594,0.9479,0.6364
14,clab-nebula-serf113,25,28,138,26,112,2,0.1884,0.9286,0.1857
14,clab-nebula-serf120,25,2,1,1,0,1,1.0,0.5,0.5
14,clab-nebula-serf128,25,48,118,45,73,3,0.3814,0.9375,0.3719
14,clab-nebula-serf8,25,44,98,41,57,3,0.4184,0.9318,0.4059
14,clab-nebula-serf27,25,24,157,22,135,2,0.1401,0.9167,0.1384
14,clab-nebula-serf78,25,80,138,76,62,4,0.5507,0.95,0.5352
14,clab-nebula-serf104,25,54,120,51,69,3,0.425,0.9444,0.4146
14,clab-nebula-serf133,25,16,21,15,6,1,0.7143,0.9375,0.6818
14,clab-nebula-serf64,25,46,144,43,101,3,0.2986,0.9348,0.2925
14,clab-nebula-serf73,25,89,137,84,53,5,0.6131,0.9438,0.5915
14,clab-nebula-serf118,25,2,1,1,0,1,1.0,0.5,0.5
14,clab-nebula-serf5,25,19,24,18,6,1,0.75,0.9474,0.72
14,clab-nebula-serf87,25,49,137,46,91,3,0.3358,0.9388,0.3286
14,clab-nebula-serf88,25,42,134,39,95,3,0.291,0.9286,0.2847
14,clab-nebula-serf153,25,12,124,11,113,1,0.0887,0.9167,0.088
14,clab-nebula-serf53,25,81,145,76,69,5,0.5241,0.9383,0.5067
14,clab-nebula-serf69,25,84,137,79,58,5,0.5766,0.9405,0.5563
14,clab-nebula-serf60,25,87,148,82,66,5,0.5541,0.9425,0.5359
14,clab-nebula-serf145,25,7,6,6,0,1,1.0,0.8571,0.8571
14,clab-nebula-serf6,25,68,142,64,78,4,0.4507,0.9412,0.4384
14,clab-nebula-serf11,25,82,148,77,71,5,0.5203,0.939,0.5033
14,clab-nebula-serf98,25,14,114,13,101,1,0.114,0.9286,0.113
14,clab-nebula-serf138,25,14,14,13,1,1,0.9286,0.9286,0.8667
14,clab-nebula-serf150,25,17,124,16,108,1,0.129,0.9412,0.128
14,clab-nebula-serf18,25,75,142,71,71,4,0.5,0.9467,0.4863
14,clab-nebula-serf30,25,81,146,77,69,4,0.5274,0.9506,0.5133
14,clab-nebula-serf44,25,81,143,77,66,4,0.5385,0.9506,0.5238
14,clab-nebula-serf131,25,18,21,17,4,1,0.8095,0.9444,0.7727
14,clab-nebula-serf35,25,63,142,59,83,4,0.4155,0.9365,0.4041
14,clab-nebula-serf40,25,71,142,67,75,4,0.4718,0.9437,0.4589
14,clab-nebula-serf144,25,23,149,21,128,2,0.1409,0.913,0.1391
14,clab-nebula-serf152,25,24,137,22,115,2,0.1606,0.9167,0.1583
14,clab-nebula-serf162,25,5,4,4,0,1,1.0,0.8,0.8
14,clab-nebula-serf41,25,40,96,38,58,2,0.3958,0.95,0.3878
14,clab-nebula-serf72,25,84,137,79,58,5,0.5766,0.9405,0.5563
14,clab-nebula-serf141,25,14,18,13,5,1,0.7222,0.9286,0.6842
14,clab-nebula-serf25,25,44,83,41,42,3,0.494,0.9318,0.4767
14,clab-nebula-serf50,25,81,143,77,66,4,0.5385,0.9506,0.5238
14,clab-nebula-serf51,25,83,146,78,68,5,0.5342,0.9398,0.5166
14,clab-nebula-serf66,25,79,138,75,63,4,0.5435,0.9494,0.5282
14,clab-nebula-serf86,25,56,137,53,84,3,0.3869,0.9464,0.3786
14,clab-nebula-serf90,25,78,142,74,68,4,0.5211,0.9487,0.5068
14,clab-nebula-serf143,25,7,6,6,0,1,1.0,0.8571,0.8571
14,clab-nebula-serf7,25,67,142,63,79,4,0.4437,0.9403,0.4315
14,clab-nebula-serf37,25,85,147,80,67,5,0.5442,0.9412,0.5263
14,clab-nebula-serf43,25,52,93,49,44,3,0.5269,0.9423,0.5104
14,clab-nebula-serf58,25,93,148,88,60,5,0.5946,0.9462,0.5752
14,clab-nebula-serf61,25,93,148,88,60,5,0.5946,0.9462,0.5752
14,clab-nebula-serf112,25,5,79,4,75,1,0.0506,0.8,0.05
14,clab-nebula-serf15,25,88,148,83,65,5,0.5608,0.9432,0.5425
14,clab-nebula-serf16,25,88,148,83,65,5,0.5608,0.9432,0.5425
14,clab-nebula-serf77,25,90,138,85,53,5,0.6159,0.9444,0.5944
14,clab-nebula-serf121,25,32,85,30,55,2,0.3529,0.9375,0.3448
14,clab-nebula-serf140,25,14,18,13,5,1,0.7222,0.9286,0.6842
14,clab-nebula-serf148,25,12,124,11,113,1,0.0887,0.9167,0.088
14,clab-nebula-serf154,25,12,124,11,113,1,0.0887,0.9167,0.088
14,clab-nebula-serf156,25,18,124,17,107,1,0.1371,0.9444,0.136
14,clab-nebula-serf23,25,22,156,20,136,2,0.1282,0.9091,0.1266
14,clab-nebula-serf39,25,90,142,85,57,5,0.5986,0.9444,0.5782
14,clab-nebula-serf62,25,73,144,69,75,4,0.4792,0.9452,0.4662
14,clab-nebula-serf107,25,40,119,38,81,2,0.3193,0.95,0.314
14,clab-nebula-serf115,25,0,0,0,0,0,1.0,1.0,1.0
14,clab-nebula-serf151,25,13,124,12,112,1,0.0968,0.9231,0.096
14,clab-nebula-serf158,25,16,160,15,145,1,0.0938,0.9375,0.0932
14,clab-nebula-serf28,25,7,107,6,101,1,0.0561,0.8571,0.0556
14,clab-nebula-serf29,25,23,111,21,90,2,0.1892,0.913,0.1858
14,clab-nebula-serf130,30,24,38,22,16,2,0.5789,0.9167,0.55
14,clab-nebula-serf161,30,36,159,34,125,2,0.2138,0.9444,0.2112
14,clab-nebula-serf32,30,95,150,90,60,5,0.6,0.9474,0.5806
14,clab-nebula-serf63,30,84,146,79,67,5,0.5411,0.9405,0.5232
14,clab-nebula-serf45,30,90,148,85,63,5,0.5743,0.9444,0.5556
14,clab-nebula-serf49,30,106,149,100,49,6,0.6711,0.9434,0.6452
14,clab-nebula-serf83,30,79,142,75,67,4,0.5282,0.9494,0.5137
14,clab-nebula-serf91,30,112,143,106,37,6,0.7413,0.9464,0.7114
14,clab-nebula-serf136,30,28,83,26,57,2,0.3133,0.9286,0.3059
14,clab-nebula-serf146,30,16,68,15,53,1,0.2206,0.9375,0.2174
14,clab-nebula-serf12,30,88,148,83,65,5,0.5608,0.9432,0.5425
14,clab-nebula-serf19,30,90,148,85,63,5,0.5743,0.9444,0.5556
14,clab-nebula-serf80,30,110,137,104,33,6,0.7591,0.9455,0.7273
14,clab-nebula-serf111,30,111,146,105,41,6,0.7192,0.9459,0.6908
14,clab-nebula-serf109,30,130,152,123,29,7,0.8092,0.9462,0.7736
14,clab-nebula-serf147,30,27,137,25,112,2,0.1825,0.9259,0.1799
14,clab-nebula-serf4,30,47,140,44,96,3,0.3143,0.9362,0.3077
14,clab-nebula-serf100,30,59,142,56,86,3,0.3944,0.9492,0.3862
14,clab-nebula-serf75,30,100,138,95,43,5,0.6884,0.95,0.6643
14,clab-nebula-serf89,30,71,145,67,78,4,0.4621,0.9437,0.4497
14,clab-nebula-serf101,30,47,140,44,96,3,0.3143,0.9362,0.3077
14,clab-nebula-serf105,30,86,131,81,50,5,0.6183,0.9419,0.5956
14,clab-nebula-serf65,30,95,138,90,48,5,0.6522,0.9474,0.6294
14,clab-nebula-serf68,30,103,137,97,40,6,0.708,0.9417,0.6783
14,clab-nebula-serf94,30,105,141,99,42,6,0.7021,0.9429,0.6735
14,clab-nebula-serf103,30,63,141,59,82,4,0.4184,0.9365,0.4069
14,clab-nebula-serf117,30,3,2,2,0,1,1.0,0.6667,0.6667
14,clab-nebula-serf127,30,92,156,87,69,5,0.5577,0.9457,0.5404
14,clab-nebula-serf129,30,42,118,39,79,3,0.3305,0.9286,0.3223
14,clab-nebula-serf155,30,24,137,22,115,2,0.1606,0.9167,0.1583
14,clab-nebula-serf3,30,50,150,47,103,3,0.3133,0.94,0.3072
14,clab-nebula-serf14,30,88,148,83,65,5,0.5608,0.9432,0.5425
14,clab-nebula-serf142,30,14,69,13,56,1,0.1884,0.9286,0.1857
14,clab-nebula-serf96,30,41,130,39,91,2,0.3,0.9512,0.2955
14,clab-nebula-serf116,30,0,0,0,0,0,1.0,1.0,1.0
14,clab-nebula-serf56,30,118,148,112,36,6,0.7568,0.9492,0.7273
14,clab-nebula-serf59,30,119,148,113,35,6,0.7635,0.9496,0.7338
14,clab-nebula-serf70,30,110,147,104,43,6,0.7075,0.9455,0.6797
14,clab-nebula-serf81,30,114,141,108,33,6,0.766,0.9474,0.7347
14,clab-nebula-serf95,30,104,141,98,43,6,0.695,0.9423,0.6667
14,clab-nebula-serf114,30,53,141,50,91,3,0.3546,0.9434,0.3472
14,clab-nebula-serf9,30,87,148,82,66,5,0.5541,0.9425,0.5359
14,clab-nebula-serf17,30,96,148,91,57,5,0.6149,0.9479,0.5948
14,clab-nebula-serf139,30,31,157,29,128,2,0.1847,0.9355,0.1824
14,clab-nebula-serf52,30,106,148,100,48,6,0.6757,0.9434,0.6494
14,clab-nebula-serf71,30,107,137,101,36,6,0.7372,0.9439,0.7063
14,clab-nebula-serf26,30,94,150,89,61,5,0.5933,0.9468,0.5742
14,clab-nebula-serf34,30,95,149,90,59,5,0.604,0.9474,0.5844
14,clab-nebula-serf126,30,92,156,87,69,5,0.5577,0.9457,0.5404
14,clab-nebula-serf36,30,92,149,87,62,5,0.5839,0.9457,0.5649
14,clab-nebula-serf82,30,0,0,0,0,0,1.0,1.0,1.0
14,clab-nebula-serf85,30,82,141,77,64,5,0.5461,0.939,0.5274
14,clab-nebula-serf97,30,41,129,38,91,3,0.2946,0.9268,0.2879
14,clab-nebula-serf99,30,52,141,49,92,3,0.3475,0.9423,0.3403
14,clab-nebula-serf124,30,81,157,77,80,4,0.4904,0.9506,0.4783
14,clab-nebula-serf157,30,35,159,33,126,2,0.2075,0.9429,0.205
14,clab-nebula-serf159,30,35,159,33,126,2,0.2075,0.9429,0.205
14,clab-nebula-serf1,30,74,149,70,79,4,0.4698,0.9459,0.4575
14,clab-nebula-serf33,30,105,149,99,50,6,0.6644,0.9429,0.6387
14,clab-nebula-serf123,30,89,154,84,70,5,0.5455,0.9438,0.5283
14,clab-nebula-serf135,30,25,31,23,8,2,0.7419,0.92,0.697
14,clab-nebula-serf13,30,92,148,87,61,5,0.5878,0.9457,0.5686
14,clab-nebula-serf47,30,100,150,95,55,5,0.6333,0.95,0.6129
14,clab-nebula-serf84,30,57,136,54,82,3,0.3971,0.9474,0.3885
14,clab-nebula-serf92,30,103,137,97,40,6,0.708,0.9417,0.6783
14,clab-nebula-serf106,30,55,120,52,68,3,0.4333,0.9455,0.4228
14,clab-nebula-serf108,30,73,131,69,62,4,0.5267,0.9452,0.5111
14,clab-nebula-serf119,30,3,2,2,0,1,1.0,0.6667,0.6667
14,clab-nebula-serf125,30,84,156,79,77,5,0.5064,0.9405,0.4907
14,clab-nebula-serf54,30,99,149,94,55,5,0.6309,0.9495,0.6104
14,clab-nebula-serf57,30,113,148,107,41,6,0.723,0.9469,0.6948
14,clab-nebula-serf24,30,48,152,45,107,3,0.2961,0.9375,0.2903
14,clab-nebula-serf42,30,71,142,67,75,4,0.4718,0.9437,0.4589
14,clab-nebula-serf48,30,88,146,83,63,5,0.5685,0.9432,0.5497
14,clab-nebula-serf2,30,32,74,30,44,2,0.4054,0.9375,0.3947
14,clab-nebula-serf21,30,84,148,79,69,5,0.5338,0.9405,0.5163
14,clab-nebula-serf67,30,98,138,93,45,5,0.6739,0.949,0.6503
14,clab-nebula-serf102,30,40,129,38,91,2,0.2946,0.95,0.2901
14,clab-nebula-serf110,30,37,119,35,84,2,0.2941,0.9459,0.2893
14,clab-nebula-serf132,30,37,159,35,124,2,0.2201,0.9459,0.2174
14,clab-nebula-serf134,30,26,105,24,81,2,0.2286,0.9231,0.2243
14,clab-nebula-serf137,30,26,105,24,81,2,0.2286,0.9231,0.2243
14,clab-nebula-serf10,30,88,148,83,65,5,0.5608,0.9432,0.5425
14,clab-nebula-serf46,30,81,143,77,66,4,0.5385,0.9506,0.5238
14,clab-nebula-serf74,30,106,137,100,37,6,0.7299,0.9434,0.6993
14,clab-nebula-serf76,30,111,138,105,33,6,0.7609,0.9459,0.7292
14,clab-nebula-serf149,30,25,134,23,111,2,0.1716,0.92,0.1691
14,clab-nebula-serf20,30,80,149,76,73,4,0.5101,0.95,0.4967
14,clab-nebula-serf22,30,76,145,72,73,4,0.4966,0.9474,0.4832
14,clab-nebula-serf160,30,37,159,35,124,2,0.2201,0.9459,0.2174
14,clab-nebula-serf31,30,93,150,88,62,5,0.5867,0.9462,0.5677
14,clab-nebula-serf93,30,110,145,104,41,6,0.7172,0.9455,0.6887
14,clab-nebula-serf122,30,61,123,58,65,3,0.4715,0.9508,0.4603
14,clab-nebula-serf38,30,92,149,87,62,5,0.5839,0.9457,0.5649
14,clab-nebula-serf55,30,96,148,91,57,5,0.6149,0.9479,0.5948
14,clab-nebula-serf79,30,116,141,110,31,6,0.7801,0.9483,0.7483
14,clab-nebula-serf113,30,65,142,61,81,4,0.4296,0.9385,0.4178
14,clab-nebula-serf120,30,3,2,2,0,1,1.0,0.6667,0.6667
14,clab-nebula-serf128,30,73,131,69,62,4,0.5267,0.9452,0.5111
14,clab-nebula-serf8,30,76,146,72,74,4,0.4932,0.9474,0.48
14,clab-nebula-serf27,30,38,157,36,121,2,0.2293,0.9474,0.2264
14,clab-nebula-serf78,30,102,137,96,41,6,0.7007,0.9412,0.6713
14,clab-nebula-serf104,30,87,132,82,50,5,0.6212,0.9425,0.5985
14,clab-nebula-serf133,30,26,105,24,81,2,0.2286,0.9231,0.2243
14,clab-nebula-serf64,30,69,146,65,81,4,0.4452,0.942,0.4333
14,clab-nebula-serf73,30,113,141,107,34,6,0.7589,0.9469,0.7279
14,clab-nebula-serf118,30,3,2,2,0,1,1.0,0.6667,0.6667
14,clab-nebula-serf5,30,46,148,43,105,3,0.2905,0.9348,0.2848
14,clab-nebula-serf87,30,80,147,76,71,4,0.517,0.95,0.5033
14,clab-nebula-serf88,30,72,145,68,77,4,0.469,0.9444,0.4564
14,clab-nebula-serf153,30,24,137,22,115,2,0.1606,0.9167,0.1583
14,clab-nebula-serf53,30,97,148,92,56,5,0.6216,0.9485,0.6013
14,clab-nebula-serf69,30,107,137,101,36,6,0.7372,0.9439,0.7063
14,clab-nebula-serf60,30,111,148,105,43,6,0.7095,0.9459,0.6818
14,clab-nebula-serf145,30,15,68,14,54,1,0.2059,0.9333,0.2029
14,clab-nebula-serf6,30,86,148,81,67,5,0.5473,0.9419,0.5294
14,clab-nebula-serf11,30,93,148,88,60,5,0.5946,0.9462,0.5752
14,clab-nebula-serf98,30,29,128,27,101,2,0.2109,0.931,0.2077
14,clab-nebula-serf138,30,26,105,24,81,2,0.2286,0.9231,0.2243
14,clab-nebula-serf150,30,23,137,21,116,2,0.1533,0.913,0.1511
14,clab-nebula-serf18,30,90,148,85,63,5,0.5743,0.9444,0.5556
14,clab-nebula-serf30,30,93,150,88,62,5,0.5867,0.9462,0.5677
14,clab-nebula-serf44,30,99,150,94,56,5,0.6267,0.9495,0.6065
14,clab-nebula-serf131,30,29,155,27,128,2,0.1742,0.931,0.172
14,clab-nebula-serf35,30,85,147,80,67,5,0.5442,0.9412,0.5263
14,clab-nebula-serf40,30,87,148,82,66,5,0.5541,0.9425,0.5359
14,clab-nebula-serf144,30,55,158,52,106,3,0.3291,0.9455,0.323
14,clab-nebula-serf152,30,47,137,44,93,3,0.3212,0.9362,0.3143
14,clab-nebula-serf162,30,9,12,8,4,1,0.6667,0.8889,0.6154
14,clab-nebula-serf41,30,74,142,70,72,4,0.493,0.9459,0.4795
14,clab-nebula-serf72,30,110,137,104,33,6,0.7591,0.9455,0.7273
14,clab-nebula-serf141,30,26,105,24,81,2,0.2286,0.9231,0.2243
14,clab-nebula-serf25,30,81,146,77,69,4,0.5274,0.9506,0.5133
14,clab-nebula-serf50,30,93,148,88,60,5,0.5946,0.9462,0.5752
14,clab-nebula-serf51,30,97,148,92,56,5,0.6216,0.9485,0.6013
14,clab-nebula-serf66,30,106,137,100,37,6,0.7299,0.9434,0.6993
14,clab-nebula-serf86,30,85,146,80,66,5,0.5479,0.9412,0.5298
14,clab-nebula-serf90,30,101,142,96,46,5,0.6761,0.9505,0.6531
14,clab-nebula-serf143,30,13,69,12,57,1,0.1739,0.9231,0.1714
14,clab-nebula-serf7,30,86,148,81,67,5,0.5473,0.9419,0.5294
14,clab-nebula-serf37,30,96,150,91,59,5,0.6067,0.9479,0.5871
14,clab-nebula-serf43,30,82,142,77,65,5,0.5423,0.939,0.5238
14,clab-nebula-serf58,30,118,148,112,36,6,0.7568,0.9492,0.7273
14,clab-nebula-serf61,30,118,148,112,36,6,0.7568,0.9492,0.7273
14,clab-nebula-serf112,30,18,79,17,62,1,0.2152,0.9444,0.2125
14,clab-nebula-serf15,30,100,149,95,54,5,0.6376,0.95,0.6169
14,clab-nebula-serf16,30,101,149,96,53,5,0.6443,0.9505,0.6234
14,clab-nebula-serf77,30,113,141,107,34,6,0.7589,0.9469,0.7279
14,clab-nebula-serf121,30,81,157,77,80,4,0.4904,0.9506,0.4783
14,clab-nebula-serf140,30,25,38,23,15,2,0.6053,0.92,0.575
14,clab-nebula-serf148,30,22,137,20,117,2,0.146,0.9091,0.1439
14,clab-nebula-serf154,30,23,137,21,116,2,0.1533,0.913,0.1511
14,clab-nebula-serf156,30,33,138,31,107,2,0.2246,0.9394,0.2214
14,clab-nebula-serf23,30,39,64,37,27,2,0.5781,0.9487,0.5606
14,clab-nebula-serf39,30,106,145,100,45,6,0.6897,0.9434,0.6623
14,clab-nebula-serf62,30,88,148,83,65,5,0.5608,0.9432,0.5425
14,clab-nebula-serf107,30,71,131,67,64,4,0.5115,0.9437,0.4963
14,clab-nebula-serf115,30,0,0,0,0,0,1.0,1.0,1.0
14,clab-nebula-serf151,30,23,137,21,116,2,0.1533,0.913,0.1511
14,clab-nebula-serf158,30,34,159,32,127,2,0.2013,0.9412,0.1988
14,clab-nebula-serf28,30,19,109,18,91,1,0.1651,0.9474,0.1636
14,clab-nebula-serf29,30,39,135,37,98,2,0.2741,0.9487,0.2701
14,clab-nebula-serf130,35,41,159,39,120,2,0.2453,0.9512,0.2422
14,clab-nebula-serf161,35,42,158,39,119,3,0.2468,0.9286,0.2422
14,clab-nebula-serf32,35,108,149,102,47,6,0.6846,0.9444,0.6581
14,clab-nebula-serf63,35,103,148,97,51,6,0.6554,0.9417,0.6299
14,clab-nebula-serf45,35,118,149,112,37,6,0.7517,0.9492,0.7226
14,clab-nebula-serf49,35,121,148,114,34,7,0.7703,0.9421,0.7355
14,clab-nebula-serf83,35,109,145,103,42,6,0.7103,0.945,0.6821
14,clab-nebula-serf91,35,119,145,113,32,6,0.7793,0.9496,0.7483
14,clab-nebula-serf136,35,45,158,42,116,3,0.2658,0.9333,0.2609
14,clab-nebula-serf146,35,44,158,41,117,3,0.2595,0.9318,0.2547
14,clab-nebula-serf12,35,102,148,96,52,6,0.6486,0.9412,0.6234
14,clab-nebula-serf19,35,105,148,99,49,6,0.6689,0.9429,0.6429
14,clab-nebula-serf80,35,120,142,114,28,6,0.8028,0.95,0.7703
14,clab-nebula-serf111,35,145,151,137,14,8,0.9073,0.9448,0.8616
14,clab-nebula-serf109,35,145,151,137,14,8,0.9073,0.9448,0.8616
14,clab-nebula-serf147,35,48,137,45,92,3,0.3285,0.9375,0.3214
14,clab-nebula-serf4,35,82,148,77,71,5,0.5203,0.939,0.5033
14,clab-nebula-serf100,35,89,146,84,62,5,0.5753,0.9438,0.5563
14,clab-nebula-serf75,35,115,141,109,32,6,0.773,0.9478,0.7415
14,clab-nebula-serf89,35,97,146,92,54,5,0.6301,0.9485,0.6093
14,clab-nebula-serf101,35,79,146,75,71,4,0.5137,0.9494,0.5
14,clab-nebula-serf105,35,123,152,116,36,7,0.7632,0.9431,0.7296
14,clab-nebula-serf65,35,115,138,109,29,6,0.7899,0.9478,0.7569
14,clab-nebula-serf68,35,116,141,110,31,6,0.7801,0.9483,0.7483
14,clab-nebula-serf94,35,119,145,113,32,6,0.7793,0.9496,0.7483
14,clab-nebula-serf103,35,102,146,96,50,6,0.6575,0.9412,0.6316
14,clab-nebula-serf117,35,3,2,2,0,1,1.0,0.6667,0.6667
14,clab-nebula-serf127,35,122,154,115,39,7,0.7468,0.9426,0.7143
14,clab-nebula-serf129,35,71,131,67,64,4,0.5115,0.9437,0.4963
14,clab-nebula-serf155,35,43,137,40,97,3,0.292,0.9302,0.2857
14,clab-nebula-serf3,35,83,148,78,70,5,0.527,0.9398,0.5098
14,clab-nebula-serf14,35,102,148,96,52,6,0.6486,0.9412,0.6234
14,clab-nebula-serf142,35,30,155,28,127,2,0.1806,0.9333,0.1783
14,clab-nebula-serf96,35,77,146,73,73,4,0.5,0.9481,0.4867
14,clab-nebula-serf116,35,1,0,0,0,1,0.0,0.0,0.0
14,clab-nebula-serf56,35,121,148,114,34,7,0.7703,0.9421,0.7355
14,clab-nebula-serf59,35,124,148,117,31,7,0.7905,0.9435,0.7548
14,clab-nebula-serf70,35,119,148,113,35,6,0.7635,0.9496,0.7338
14,clab-nebula-serf81,35,121,141,114,27,7,0.8085,0.9421,0.7703
14,clab-nebula-serf95,35,119,145,113,32,6,0.7793,0.9496,0.7483
14,clab-nebula-serf114,35,92,142,87,55,5,0.6127,0.9457,0.5918
14,clab-nebula-serf9,35,101,149,96,53,5,0.6443,0.9505,0.6234
14,clab-nebula-serf17,35,116,148,110,38,6,0.7432,0.9483,0.7143
14,clab-nebula-serf139,35,45,158,42,116,3,0.2658,0.9333,0.2609
14,clab-nebula-serf52,35,119,148,113,35,6,0.7635,0.9496,0.7338
14,clab-nebula-serf71,35,119,142,113,29,6,0.7958,0.9496,0.7635
14,clab-nebula-serf26,35,108,149,102,47,6,0.6846,0.9444,0.6581
14,clab-nebula-serf34,35,112,149,106,43,6,0.7114,0.9464,0.6839
14,clab-nebula-serf126,35,121,154,114,40,7,0.7403,0.9421,0.7081
14,clab-nebula-serf36,35,108,148,102,46,6,0.6892,0.9444,0.6623
14,clab-nebula-serf82,35,16,103,15,88,1,0.1456,0.9375,0.1442
14,clab-nebula-serf85,35,111,145,105,40,6,0.7241,0.9459,0.6954
14,clab-nebula-serf97,35,80,146,76,70,4,0.5205,0.95,0.5067
14,clab-nebula-serf99,35,82,146,77,69,5,0.5274,0.939,0.5099
14,clab-nebula-serf124,35,114,155,108,47,6,0.6968,0.9474,0.6708
14,clab-nebula-serf157,35,40,159,38,121,2,0.239,0.95,0.236
14,clab-nebula-serf159,35,40,159,38,121,2,0.239,0.95,0.236
14,clab-nebula-serf1,35,91,149,86,63,5,0.5772,0.9451,0.5584
14,clab-nebula-serf33,35,119,149,113,36,6,0.7584,0.9496,0.729
14,clab-nebula-serf123,35,128,152,121,31,7,0.7961,0.9453,0.761
14,clab-nebula-serf135,35,42,158,39,119,3,0.2468,0.9286,0.2422
14,clab-nebula-serf13,35,110,148,104,44,6,0.7027,0.9455,0.6753
14,clab-nebula-serf47,35,120,149,114,35,6,0.7651,0.95,0.7355
14,clab-nebula-serf84,35,81,141,76,65,5,0.539,0.9383,0.5205
14,clab-nebula-serf92,35,118,142,112,30,6,0.7887,0.9492,0.7568
14,clab-nebula-serf106,35,86,131,81,50,5,0.6183,0.9419,0.5956
14,clab-nebula-serf108,35,122,151,115,36,7,0.7616,0.9426,0.7278
14,clab-nebula-serf119,35,3,2,2,0,1,1.0,0.6667,0.6667
14,clab-nebula-serf125,35,112,155,106,49,6,0.6839,0.9464,0.6584
14,clab-nebula-serf54,35,119,148,113,35,6,0.7635,0.9496,0.7338
14,clab-nebula-serf57,35,121,148,114,34,7,0.7703,0.9421,0.7355
14,clab-nebula-serf24,35,83,148,78,70,5,0.527,0.9398,0.5098
14,clab-nebula-serf42,35,88,148,83,65,5,0.5608,0.9432,0.5425
14,clab-nebula-serf48,35,114,149,108,41,6,0.7248,0.9474,0.6968
14,clab-nebula-serf2,35,67,145,63,82,4,0.4345,0.9403,0.4228
14,clab-nebula-serf21,35,94,150,89,61,5,0.5933,0.9468,0.5742
14,clab-nebula-serf67,35,115,141,109,32,6,0.773,0.9478,0.7415
14,clab-nebula-serf102,35,76,145,72,73,4,0.4966,0.9474,0.4832
14,clab-nebula-serf110,35,69,131,65,66,4,0.4962,0.942,0.4815
14,clab-nebula-serf132,35,48,158,45,113,3,0.2848,0.9375,0.2795
14,clab-nebula-serf134,35,43,158,40,118,3,0.2532,0.9302,0.2484
14,clab-nebula-serf137,35,44,158,41,117,3,0.2595,0.9318,0.2547
14,clab-nebula-serf10,35,103,148,97,51,6,0.6554,0.9417,0.6299
14,clab-nebula-serf46,35,100,150,95,55,5,0.6333,0.95,0.6129
14,clab-nebula-serf74,35,117,141,111,30,6,0.7872,0.9487,0.7551
14,clab-nebula-serf76,35,121,141,114,27,7,0.8085,0.9421,0.7703
14,clab-nebula-serf149,35,48,137,45,92,3,0.3285,0.9375,0.3214
14,clab-nebula-serf20,35,93,150,88,62,5,0.5867,0.9462,0.5677
14,clab-nebula-serf22,35,93,150,88,62,5,0.5867,0.9462,0.5677
14,clab-nebula-serf160,35,43,158,40,118,3,0.2532,0.9302,0.2484
14,clab-nebula-serf31,35,102,149,96,53,6,0.6443,0.9412,0.6194
14,clab-nebula-serf93,35,119,145,113,32,6,0.7793,0.9496,0.7483
14,clab-nebula-serf122,35,106,155,100,55,6,0.6452,0.9434,0.6211
14,clab-nebula-serf38,35,107,149,101,48,6,0.6779,0.9439,0.6516
14,clab-nebula-serf55,35,119,148,113,35,6,0.7635,0.9496,0.7338
14,clab-nebula-serf79,35,121,141,114,27,7,0.8085,0.9421,0.7703
14,clab-nebula-serf113,35,105,144,99,45,6,0.6875,0.9429,0.66
14,clab-nebula-serf120,35,3,2,2,0,1,1.0,0.6667,0.6667
14,clab-nebula-serf128,35,111,146,105,41,6,0.7192,0.9459,0.6908
14,clab-nebula-serf8,35,89,148,84,64,5,0.5676,0.9438,0.549
14,clab-nebula-serf27,35,75,149,71,78,4,0.4765,0.9467,0.4641
14,clab-nebula-serf78,35,118,142,112,30,6,0.7887,0.9492,0.7568
14,clab-nebula-serf104,35,130,152,123,29,7,0.8092,0.9462,0.7736
14,clab-nebula-serf133,35,44,158,41,117,3,0.2595,0.9318,0.2547
14,clab-nebula-serf64,35,100,148,95,53,5,0.6419,0.95,0.6209
14,clab-nebula-serf73,35,121,141,114,27,7,0.8085,0.9421,0.7703
14,clab-nebula-serf118,35,3,2,2,0,1,1.0,0.6667,0.6667
14,clab-nebula-serf5,35,80,149,76,73,4,0.5101,0.95,0.4967
14,clab-nebula-serf87,35,108,145,102,43,6,0.7034,0.9444,0.6755
14,clab-nebula-serf88,35,100,146,95,51,5,0.6507,0.95,0.6291
14,clab-nebula-serf153,35,42,137,39,98,3,0.2847,0.9286,0.2786
14,clab-nebula-serf53,35,118,148,112,36,6,0.7568,0.9492,0.7273
14,clab-nebula-serf69,35,119,142,113,29,6,0.7958,0.9496,0.7635
14,clab-nebula-serf60,35,120,148,114,34,6,0.7703,0.95,0.7403
14,clab-nebula-serf145,35,37,156,35,121,2,0.2244,0.9459,0.2215
14,clab-nebula-serf6,35,98,149,93,56,5,0.6242,0.949,0.6039
14,clab-nebula-serf11,35,112,148,106,42,6,0.7162,0.9464,0.6883
14,clab-nebula-serf98,35,71,142,67,75,4,0.4718,0.9437,0.4589
14,clab-nebula-serf138,35,43,158,40,118,3,0.2532,0.9302,0.2484
14,clab-nebula-serf150,35,42,137,39,98,3,0.2847,0.9286,0.2786
14,clab-nebula-serf18,35,103,148,97,51,6,0.6554,0.9417,0.6299
14,clab-nebula-serf30,35,102,149,96,53,6,0.6443,0.9412,0.6194
14,clab-nebula-serf44,35,120,149,114,35,6,0.7651,0.95,0.7355
14,clab-nebula-serf131,35,45,158,42,116,3,0.2658,0.9333,0.2609
14,clab-nebula-serf35,35,95,149,90,59,5,0.604,0.9474,0.5844
14,clab-nebula-serf40,35,98,149,93,56,5,0.6242,0.949,0.6039
14,clab-nebula-serf144,35,60,158,57,101,3,0.3608,0.95,0.354
14,clab-nebula-serf152,35,60,137,57,80,3,0.4161,0.95,0.4071
14,clab-nebula-serf162,35,20,159,19,140,1,0.1195,0.95,0.1187
14,clab-nebula-serf41,35,89,149,84,65,5,0.5638,0.9438,0.5455
14,clab-nebula-serf72,35,121,141,114,27,7,0.8085,0.9421,0.7703
14,clab-nebula-serf141,35,43,158,40,118,3,0.2532,0.9302,0.2484
14,clab-nebula-serf25,35,93,150,88,62,5,0.5867,0.9462,0.5677
14,clab-nebula-serf50,35,118,149,112,37,6,0.7517,0.9492,0.7226
14,clab-nebula-serf51,35,118,148,112,36,6,0.7568,0.9492,0.7273
14,clab-nebula-serf66,35,116,141,110,31,6,0.7801,0.9483,0.7483
14,clab-nebula-serf86,35,115,145,109,36,6,0.7517,0.9478,0.7219
14,clab-nebula-serf90,35,119,145,113,32,6,0.7793,0.9496,0.7483
14,clab-nebula-serf143,35,32,155,30,125,2,0.1935,0.9375,0.1911
14,clab-nebula-serf7,35,99,149,94,55,5,0.6309,0.9495,0.6104
14,clab-nebula-serf37,35,111,149,105,44,6,0.7047,0.9459,0.6774
14,clab-nebula-serf43,35,98,150,93,57,5,0.62,0.949,0.6
14,clab-nebula-serf58,35,122,148,115,33,7,0.777,0.9426,0.7419
14,clab-nebula-serf61,35,121,149,115,34,6,0.7718,0.9504,0.7419
14,clab-nebula-serf112,35,34,83,32,51,2,0.3855,0.9412,0.3765
14,clab-nebula-serf15,35,117,148,111,37,6,0.75,0.9487,0.7208
14,clab-nebula-serf16,35,119,148,113,35,6,0.7635,0.9496,0.7338
14,clab-nebula-serf77,35,121,142,115,27,6,0.8099,0.9504,0.777
14,clab-nebula-serf121,35,121,154,114,40,7,0.7403,0.9421,0.7081
14,clab-nebula-serf140,35,39,159,37,122,2,0.2327,0.9487,0.2298
14,clab-nebula-serf148,35,38,138,36,102,2,0.2609,0.9474,0.2571
14,clab-nebula-serf154,35,42,137,39,98,3,0.2847,0.9286,0.2786
14,clab-nebula-serf156,35,49,137,46,91,3,0.3358,0.9388,0.3286
14,clab-nebula-serf23,35,75,145,71,74,4,0.4897,0.9467,0.4765
14,clab-nebula-serf39,35,119,145,113,32,6,0.7793,0.9496,0.7483
14,clab-nebula-serf62,35,110,148,104,44,6,0.7027,0.9455,0.6753
14,clab-nebula-serf107,35,104,146,98,48,6,0.6712,0.9423,0.6447
14,clab-nebula-serf115,35,1,0,0,0,1,0.0,0.0,0.0
14,clab-nebula-serf151,35,43,137,40,97,3,0.292,0.9302,0.2857
14,clab-nebula-serf158,35,40,159,38,121,2,0.239,0.95,0.236
14,clab-nebula-serf28,35,29,123,27,96,2,0.2195,0.931,0.216
14,clab-nebula-serf29,35,79,143,75,68,4,0.5245,0.9494,0.5102
14,clab-nebula-serf130,40,53,158,50,108,3,0.3165,0.9434,0.3106
14,clab-nebula-serf161,40,58,158,55,103,3,0.3481,0.9483,0.3416
14,clab-nebula-serf32,40,121,148,114,34,7,0.7703,0.9421,0.7355
14,clab-nebula-serf63,40,119,148,113,35,6,0.7635,0.9496,0.7338
14,clab-nebula-serf45,40,121,148,114,34,7,0.7703,0.9421,0.7355
14,clab-nebula-serf49,40,124,148,117,31,7,0.7905,0.9435,0.7548
14,clab-nebula-serf83,40,119,145,113,32,6,0.7793,0.9496,0.7483
14,clab-nebula-serf91,40,129,145,122,23,7,0.8414,0.9457,0.8026
14,clab-nebula-serf136,40,66,157,62,95,4,0.3949,0.9394,0.3851
14,clab-nebula-serf146,40,58,158,55,103,3,0.3481,0.9483,0.3416
14,clab-nebula-serf12,40,119,148,113,35,6,0.7635,0.9496,0.7338
14,clab-nebula-serf19,40,120,149,114,35,6,0.7651,0.95,0.7355
14,clab-nebula-serf80,40,127,142,120,22,7,0.8451,0.9449,0.8054
14,clab-nebula-serf111,40,150,151,142,9,8,0.9404,0.9467,0.8931
14,clab-nebula-serf109,40,153,151,145,6,8,0.9603,0.9477,0.9119
14,clab-nebula-serf147,40,59,137,56,81,3,0.4088,0.9492,0.4
14,clab-nebula-serf4,40,92,149,87,62,5,0.5839,0.9457,0.5649
14,clab-nebula-serf100,40,137,146,130,16,7,0.8904,0.9489,0.8497
14,clab-nebula-serf75,40,122,141,115,26,7,0.8156,0.9426,0.777
14,clab-nebula-serf89,40,119,145,113,32,6,0.7793,0.9496,0.7483
14,clab-nebula-serf101,40,131,146,124,22,7,0.8493,0.9466,0.8105
14,clab-nebula-serf105,40,145,151,137,14,8,0.9073,0.9448,0.8616
14,clab-nebula-serf65,40,122,138,115,23,7,0.8333,0.9426,0.7931
14,clab-nebula-serf68,40,122,141,115,26,7,0.8156,0.9426,0.777
14,clab-nebula-serf94,40,129,145,122,23,7,0.8414,0.9457,0.8026
14,clab-nebula-serf103,40,140,146,133,13,7,0.911,0.95,0.8693
14,clab-nebula-serf117,40,3,2,2,0,1,1.0,0.6667,0.6667
14,clab-nebula-serf127,40,138,154,131,23,7,0.8506,0.9493,0.8137
14,clab-nebula-serf129,40,123,152,116,36,7,0.7632,0.9431,0.7296
14,clab-nebula-serf155,40,56,137,53,84,3,0.3869,0.9464,0.3786
14,clab-nebula-serf3,40,96,150,91,59,5,0.6067,0.9479,0.5871
14,clab-nebula-serf14,40,119,148,113,35,6,0.7635,0.9496,0.7338
14,clab-nebula-serf142,40,54,158,51,107,3,0.3228,0.9444,0.3168
14,clab-nebula-serf96,40,121,146,114,32,7,0.7808,0.9421,0.7451
14,clab-nebula-serf116,40,1,0,0,0,1,0.0,0.0,0.0
14,clab-nebula-serf56,40,125,148,118,30,7,0.7973,0.944,0.7613
14,clab-nebula-serf59,40,128,148,121,27,7,0.8176,0.9453,0.7806
14,clab-nebula-serf70,40,124,147,117,30,7,0.7959,0.9435,0.7597
14,clab-nebula-serf81,40,130,142,123,19,7,0.8662,0.9462,0.8255
14,clab-nebula-serf95,40,124,145,117,28,7,0.8069,0.9435,0.7697
14,clab-nebula-serf114,40,134,147,127,20,7,0.8639,0.9478,0.8247
14,clab-nebula-serf9,40,116,148,110,38,6,0.7432,0.9483,0.7143
14,clab-nebula-serf17,40,121,149,115,34,6,0.7718,0.9504,0.7419
14,clab-nebula-serf139,40,65,157,61,96,4,0.3885,0.9385,0.3789
14,clab-nebula-serf52,40,124,148,117,31,7,0.7905,0.9435,0.7548
14,clab-nebula-serf71,40,124,142,117,25,7,0.8239,0.9435,0.7852
14,clab-nebula-serf26,40,121,149,115,34,6,0.7718,0.9504,0.7419
14,clab-nebula-serf34,40,121,149,115,34,6,0.7718,0.9504,0.7419
14,clab-nebula-serf126,40,138,154,131,23,7,0.8506,0.9493,0.8137
14,clab-nebula-serf36,40,121,148,114,34,7,0.7703,0.9421,0.7355
14,clab-nebula-serf82,40,61,142,57,85,4,0.4014,0.9344,0.3904
14,clab-nebula-serf85,40,119,145,113,32,6,0.7793,0.9496,0.7483
14,clab-nebula-serf97,40,126,146,119,27,7,0.8151,0.9444,0.7778
14,clab-nebula-serf99,40,137,146,130,16,7,0.8904,0.9489,0.8497
14,clab-nebula-serf124,40,133,154,126,28,7,0.8182,0.9474,0.7826
14,clab-nebula-serf157,40,54,158,51,107,3,0.3228,0.9444,0.3168
14,clab-nebula-serf159,40,54,158,51,107,3,0.3228,0.9444,0.3168
14,clab-nebula-serf1,40,107,149,101,48,6,0.6779,0.9439,0.6516
14,clab-nebula-serf33,40,124,148,117,31,7,0.7905,0.9435,0.7548
14,clab-nebula-serf123,40,143,151,135,16,8,0.894,0.9441,0.8491
14,clab-nebula-serf135,40,54,158,51,107,3,0.3228,0.9444,0.3168
14,clab-nebula-serf13,40,120,149,114,35,6,0.7651,0.95,0.7355
14,clab-nebula-serf47,40,124,148,117,31,7,0.7905,0.9435,0.7548
14,clab-nebula-serf84,40,110,145,104,41,6,0.7172,0.9455,0.6887
14,clab-nebula-serf92,40,123,141,116,25,7,0.8227,0.9431,0.7838
14,clab-nebula-serf106,40,130,152,123,29,7,0.8092,0.9462,0.7736
14,clab-nebula-serf108,40,144,151,136,15,8,0.9007,0.9444,0.8553
14,clab-nebula-serf119,40,4,78,3,75,1,0.0385,0.75,0.038
14,clab-nebula-serf125,40,137,154,130,24,7,0.8442,0.9489,0.8075
14,clab-nebula-serf54,40,122,148,115,33,7,0.777,0.9426,0.7419
14,clab-nebula-serf57,40,124,148,117,31,7,0.7905,0.9435,0.7548
14,clab-nebula-serf24,40,93,150,88,62,5,0.5867,0.9462,0.5677
14,clab-nebula-serf42,40,101,149,95,54,6,0.6376,0.9406,0.6129
14,clab-nebula-serf48,40,121,148,114,34,7,0.7703,0.9421,0.7355
14,clab-nebula-serf2,40,84,148,79,69,5,0.5338,0.9405,0.5163
14,clab-nebula-serf21,40,107,149,101,48,6,0.6779,0.9439,0.6516
14,clab-nebula-serf67,40,122,141,115,26,7,0.8156,0.9426,0.777
14,clab-nebula-serf102,40,124,146,117,29,7,0.8014,0.9435,0.7647
14,clab-nebula-serf110,40,107,146,101,45,6,0.6918,0.9439,0.6645
14,clab-nebula-serf132,40,78,157,74,83,4,0.4713,0.9487,0.4596
14,clab-nebula-serf134,40,57,158,54,104,3,0.3418,0.9474,0.3354
14,clab-nebula-serf137,40,55,158,52,106,3,0.3291,0.9455,0.323
14,clab-nebula-serf10,40,120,149,114,35,6,0.7651,0.95,0.7355
14,clab-nebula-serf46,40,121,148,114,34,7,0.7703,0.9421,0.7355
14,clab-nebula-serf74,40,124,142,117,25,7,0.8239,0.9435,0.7852
14,clab-nebula-serf76,40,129,142,122,20,7,0.8592,0.9457,0.8188
14,clab-nebula-serf149,40,60,137,57,80,3,0.4161,0.95,0.4071
14,clab-nebula-serf20,40,102,149,96,53,6,0.6443,0.9412,0.6194
14,clab-nebula-serf22,40,98,150,93,57,5,0.62,0.949,0.6
14,clab-nebula-serf160,40,58,158,55,103,3,0.3481,0.9483,0.3416
14,clab-nebula-serf31,40,119,149,113,36,6,0.7584,0.9496,0.729
14,clab-nebula-serf93,40,125,145,118,27,7,0.8138,0.944,0.7763
14,clab-nebula-serf122,40,133,154,126,28,7,0.8182,0.9474,0.7826
14,clab-nebula-serf38,40,121,149,115,34,6,0.7718,0.9504,0.7419
14,clab-nebula-serf55,40,121,149,115,34,6,0.7718,0.9504,0.7419
14,clab-nebula-serf79,40,135,144,128,16,7,0.8889,0.9481,0.8477
14,clab-nebula-serf113,40,139,147,132,15,7,0.898,0.9496,0.8571
14,clab-nebula-serf120,40,3,2,2,0,1,1.0,0.6667,0.6667
14,clab-nebula-serf128,40,145,151,137,14,8,0.9073,0.9448,0.8616
14,clab-nebula-serf8,40,105,148,99,49,6,0.6689,0.9429,0.6429
14,clab-nebula-serf27,40,92,150,87,63,5,0.58,0.9457,0.5613
14,clab-nebula-serf78,40,123,142,116,26,7,0.8169,0.9431,0.7785
14,clab-nebula-serf104,40,145,151,137,14,8,0.9073,0.9448,0.8616
14,clab-nebula-serf133,40,59,158,56,102,3,0.3544,0.9492,0.3478
14,clab-nebula-serf64,40,116,148,110,38,6,0.7432,0.9483,0.7143
14,clab-nebula-serf73,40,130,142,123,19,7,0.8662,0.9462,0.8255
14,clab-nebula-serf118,40,3,2,2,0,1,1.0,0.6667,0.6667
14,clab-nebula-serf5,40,92,149,87,62,5,0.5839,0.9457,0.5649
14,clab-nebula-serf87,40,120,145,114,31,6,0.7862,0.95,0.755
14,clab-nebula-serf88,40,120,145,114,31,6,0.7862,0.95,0.755
14,clab-nebula-serf153,40,55,137,52,85,3,0.3796,0.9455,0.3714
14,clab-nebula-serf53,40,121,148,114,34,7,0.7703,0.9421,0.7355
14,clab-nebula-serf69,40,125,142,118,24,7,0.831,0.944,0.7919
14,clab-nebula-serf60,40,124,148,117,31,7,0.7905,0.9435,0.7548
14,clab-nebula-serf145,40,56,158,53,105,3,0.3354,0.9464,0.3292
14,clab-nebula-serf6,40,117,149,111,38,6,0.745,0.9487,0.7161
14,clab-nebula-serf11,40,120,149,114,35,6,0.7651,0.95,0.7355
14,clab-nebula-serf98,40,121,146,114,32,7,0.7808,0.9421,0.7451
14,clab-nebula-serf138,40,55,158,52,106,3,0.3291,0.9455,0.323
14,clab-nebula-serf150,40,54,137,51,86,3,0.3723,0.9444,0.3643
14,clab-nebula-serf18,40,120,149,114,35,6,0.7651,0.95,0.7355
14,clab-nebula-serf30,40,119,149,113,36,6,0.7584,0.9496,0.729
14,clab-nebula-serf44,40,124,148,117,31,7,0.7905,0.9435,0.7548
14,clab-nebula-serf131,40,69,157,65,92,4,0.414,0.942,0.4037
14,clab-nebula-serf35,40,111,149,105,44,6,0.7047,0.9459,0.6774
14,clab-nebula-serf40,40,118,149,112,37,6,0.7517,0.9492,0.7226
14,clab-nebula-serf144,40,95,156,90,66,5,0.5769,0.9474,0.559
14,clab-nebula-serf152,40,89,140,84,56,5,0.6,0.9438,0.5793
14,clab-nebula-serf162,40,35,159,33,126,2,0.2075,0.9429,0.205
14,clab-nebula-serf41,40,99,149,94,55,5,0.6309,0.9495,0.6104
14,clab-nebula-serf72,40,125,142,118,24,7,0.831,0.944,0.7919
14,clab-nebula-serf141,40,59,158,56,102,3,0.3544,0.9492,0.3478
14,clab-nebula-serf25,40,102,149,96,53,6,0.6443,0.9412,0.6194
14,clab-nebula-serf50,40,122,148,115,33,7,0.777,0.9426,0.7419
14,clab-nebula-serf51,40,121,149,115,34,6,0.7718,0.9504,0.7419
14,clab-nebula-serf66,40,123,142,116,26,7,0.8169,0.9431,0.7785
14,clab-nebula-serf86,40,120,145,114,31,6,0.7862,0.95,0.755
14,clab-nebula-serf90,40,122,144,115,29,7,0.7986,0.9426,0.7616
14,clab-nebula-serf143,40,56,158,53,105,3,0.3354,0.9464,0.3292
14,clab-nebula-serf7,40,117,149,111,38,6,0.745,0.9487,0.7161
14,clab-nebula-serf37,40,121,149,115,34,6,0.7718,0.9504,0.7419
14,clab-nebula-serf43,40,119,149,113,36,6,0.7584,0.9496,0.729
14,clab-nebula-serf58,40,125,148,118,30,7,0.7973,0.944,0.7613
14,clab-nebula-serf61,40,124,148,117,31,7,0.7905,0.9435,0.7548
14,clab-nebula-serf112,40,64,130,60,70,4,0.4615,0.9375,0.4478
14,clab-nebula-serf15,40,121,149,115,34,6,0.7718,0.9504,0.7419
14,clab-nebula-serf16,40,121,149,115,34,6,0.7718,0.9504,0.7419
14,clab-nebula-serf77,40,125,142,118,24,7,0.831,0.944,0.7919
14,clab-nebula-serf121,40,138,154,131,23,7,0.8506,0.9493,0.8137
14,clab-nebula-serf140,40,52,158,49,109,3,0.3101,0.9423,0.3043
14,clab-nebula-serf148,40,52,137,49,88,3,0.3577,0.9423,0.35
14,clab-nebula-serf154,40,55,137,52,85,3,0.3796,0.9455,0.3714
14,clab-nebula-serf156,40,61,136,57,79,4,0.4191,0.9344,0.4071
14,clab-nebula-serf23,40,91,150,86,64,5,0.5733,0.9451,0.5548
14,clab-nebula-serf39,40,124,145,117,28,7,0.8069,0.9435,0.7697
14,clab-nebula-serf62,40,120,148,114,34,6,0.7703,0.95,0.7403
14,clab-nebula-serf107,40,144,151,136,15,8,0.9007,0.9444,0.8553
14,clab-nebula-serf115,40,3,87,2,85,1,0.023,0.6667,0.0227
14,clab-nebula-serf151,40,55,137,52,85,3,0.3796,0.9455,0.3714
14,clab-nebula-serf158,40,52,158,49,109,3,0.3101,0.9423,0.3043
14,clab-nebula-serf28,40,61,147,58,89,3,0.3946,0.9508,0.3867
14,clab-nebula-serf29,40,92,146,87,59,5,0.5959,0.9457,0.5762
14,clab-nebula-serf130,45,84,156,79,77,5,0.5064,0.9405,0.4907
14,clab-nebula-serf161,45,79,157,75,82,4,0.4777,0.9494,0.4658
14,clab-nebula-serf32,45,124,148,117,31,7,0.7905,0.9435,0.7548
14,clab-nebula-serf63,45,124,148,117,31,7,0.7905,0.9435,0.7548
14,clab-nebula-serf45,45,124,148,117,31,7,0.7905,0.9435,0.7548
14,clab-nebula-serf49,45,135,148,128,20,7,0.8649,0.9481,0.8258
14,clab-nebula-serf83,45,128,144,121,23,7,0.8403,0.9453,0.8013
14,clab-nebula-serf91,45,146,149,138,11,8,0.9262,0.9452,0.879
14,clab-nebula-serf136,45,95,156,90,66,5,0.5769,0.9474,0.559
14,clab-nebula-serf146,45,78,157,74,83,4,0.4713,0.9487,0.4596
14,clab-nebula-serf12,45,121,149,115,34,6,0.7718,0.9504,0.7419
14,clab-nebula-serf19,45,123,148,116,32,7,0.7838,0.9431,0.7484
14,clab-nebula-serf80,45,152,151,144,7,8,0.9536,0.9474,0.9057
14,clab-nebula-serf111,45,154,151,146,5,8,0.9669,0.9481,0.9182
14,clab-nebula-serf109,45,155,152,147,5,8,0.9671,0.9484,0.9187
14,clab-nebula-serf147,45,87,140,82,58,5,0.5857,0.9425,0.5655
14,clab-nebula-serf4,45,109,149,103,46,6,0.6913,0.945,0.6645
14,clab-nebula-serf100,45,150,146,142,4,8,0.9726,0.9467,0.9221
14,clab-nebula-serf75,45,135,144,128,16,7,0.8889,0.9481,0.8477
14,clab-nebula-serf89,45,127,144,120,24,7,0.8333,0.9449,0.7947
14,clab-nebula-serf101,45,148,145,140,5,8,0.9655,0.9459,0.915
14,clab-nebula-serf105,45,153,151,145,6,8,0.9603,0.9477,0.9119
14,clab-nebula-serf65,45,126,139,119,20,7,0.8561,0.9444,0.8151
14,clab-nebula-serf68,45,135,144,128,16,7,0.8889,0.9481,0.8477
14,clab-nebula-serf94,45,145,150,137,13,8,0.9133,0.9448,0.8671
14,clab-nebula-serf103,45,150,146,142,4,8,0.9726,0.9467,0.9221
14,clab-nebula-serf117,45,10,87,9,78,1,0.1034,0.9,0.1023
14,clab-nebula-serf127,45,146,153,138,15,8,0.902,0.9452,0.8571
14,clab-nebula-serf129,45,142,151,134,17,8,0.8874,0.9437,0.8428
14,clab-nebula-serf155,45,82,138,77,61,5,0.558,0.939,0.5385
14,clab-nebula-serf3,45,109,149,103,46,6,0.6913,0.945,0.6645
14,clab-nebula-serf14,45,121,148,114,34,7,0.7703,0.9421,0.7355
14,clab-nebula-serf142,45,59,158,56,102,3,0.3544,0.9492,0.3478
14,clab-nebula-serf96,45,147,145,139,6,8,0.9586,0.9456,0.9085
14,clab-nebula-serf116,45,6,87,5,82,1,0.0575,0.8333,0.0568
14,clab-nebula-serf56,45,151,147,143,4,8,0.9728,0.947,0.9226
14,clab-nebula-serf59,45,153,147,145,2,8,0.9864,0.9477,0.9355
14,clab-nebula-serf70,45,147,147,139,8,8,0.9456,0.9456,0.8968
14,clab-nebula-serf81,45,153,151,145,6,8,0.9603,0.9477,0.9119
14,clab-nebula-serf95,45,142,147,134,13,8,0.9116,0.9437,0.8645
14,clab-nebula-serf114,45,152,151,144,7,8,0.9536,0.9474,0.9057
14,clab-nebula-serf9,45,120,149,114,35,6,0.7651,0.95,0.7355
14,clab-nebula-serf17,45,124,148,117,31,7,0.7905,0.9435,0.7548
14,clab-nebula-serf139,45,95,156,90,66,5,0.5769,0.9474,0.559
14,clab-nebula-serf52,45,134,148,127,21,7,0.8581,0.9478,0.8194
14,clab-nebula-serf71,45,146,151,138,13,8,0.9139,0.9452,0.8679
14,clab-nebula-serf26,45,124,148,117,31,7,0.7905,0.9435,0.7548
14,clab-nebula-serf34,45,124,148,117,31,7,0.7905,0.9435,0.7548
14,clab-nebula-serf126,45,146,153,138,15,8,0.902,0.9452,0.8571
14,clab-nebula-serf36,45,124,148,117,31,7,0.7905,0.9435,0.7548
14,clab-nebula-serf82,45,94,144,89,55,5,0.6181,0.9468,0.5973
14,clab-nebula-serf85,45,134,145,127,18,7,0.8759,0.9478,0.8355
14,clab-nebula-serf97,45,149,146,141,5,8,0.9658,0.9463,0.9156
14,clab-nebula-serf99,45,148,145,140,5,8,0.9655,0.9459,0.915
14,clab-nebula-serf124,45,145,153,137,16,8,0.8954,0.9448,0.8509
14,clab-nebula-serf157,45,70,157,66,91,4,0.4204,0.9429,0.4099
14,clab-nebula-serf159,45,70,157,66,91,4,0.4204,0.9429,0.4099
14,clab-nebula-serf1,45,117,149,111,38,6,0.745,0.9487,0.7161
14,clab-nebula-serf33,45,128,148,121,27,7,0.8176,0.9453,0.7806
14,clab-nebula-serf123,45,152,153,144,9,8,0.9412,0.9474,0.8944
14,clab-nebula-serf135,45,91,156,86,70,5,0.5513,0.9451,0.5342
14,clab-nebula-serf13,45,124,148,117,31,7,0.7905,0.9435,0.7548
14,clab-nebula-serf47,45,126,148,119,29,7,0.8041,0.9444,0.7677
14,clab-nebula-serf84,45,119,145,113,32,6,0.7793,0.9496,0.7483
14,clab-nebula-serf92,45,137,144,130,14,7,0.9028,0.9489,0.8609
14,clab-nebula-serf106,45,145,151,137,14,8,0.9073,0.9448,0.8616
14,clab-nebula-serf108,45,149,151,141,10,8,0.9338,0.9463,0.8868
14,clab-nebula-serf119,45,5,87,4,83,1,0.046,0.8,0.0455
14,clab-nebula-serf125,45,146,153,138,15,8,0.902,0.9452,0.8571
14,clab-nebula-serf54,45,126,148,119,29,7,0.8041,0.9444,0.7677
14,clab-nebula-serf57,45,144,147,136,11,8,0.9252,0.9444,0.8774
14,clab-nebula-serf24,45,103,149,97,52,6,0.651,0.9417,0.6258
14,clab-nebula-serf42,45,117,149,111,38,6,0.745,0.9487,0.7161
14,clab-nebula-serf48,45,124,148,117,31,7,0.7905,0.9435,0.7548
14,clab-nebula-serf2,45,99,149,94,55,5,0.6309,0.9495,0.6104
14,clab-nebula-serf21,45,121,148,114,34,7,0.7703,0.9421,0.7355
14,clab-nebula-serf67,45,135,144,128,16,7,0.8889,0.9481,0.8477
14,clab-nebula-serf102,45,144,145,136,9,8,0.9379,0.9444,0.8889
14,clab-nebula-serf110,45,143,151,135,16,8,0.894,0.9441,0.8491
14,clab-nebula-serf132,45,104,155,98,57,6,0.6323,0.9423,0.6087
14,clab-nebula-serf134,45,91,156,86,70,5,0.5513,0.9451,0.5342
14,clab-nebula-serf137,45,90,156,85,71,5,0.5449,0.9444,0.528
14,clab-nebula-serf10,45,121,149,115,34,6,0.7718,0.9504,0.7419
14,clab-nebula-serf46,45,124,148,117,31,7,0.7905,0.9435,0.7548
14,clab-nebula-serf74,45,145,151,137,14,8,0.9073,0.9448,0.8616
14,clab-nebula-serf76,45,153,151,145,6,8,0.9603,0.9477,0.9119
14,clab-nebula-serf149,45,89,140,84,56,5,0.6,0.9438,0.5793
14,clab-nebula-serf20,45,118,149,112,37,6,0.7517,0.9492,0.7226
14,clab-nebula-serf22,45,117,149,111,38,6,0.745,0.9487,0.7161
14,clab-nebula-serf160,45,82,156,77,79,5,0.4936,0.939,0.4783
14,clab-nebula-serf31,45,124,148,117,31,7,0.7905,0.9435,0.7548
14,clab-nebula-serf93,45,142,147,134,13,8,0.9116,0.9437,0.8645
14,clab-nebula-serf122,45,144,153,136,17,8,0.8889,0.9444,0.8447
14,clab-nebula-serf38,45,124,148,117,31,7,0.7905,0.9435,0.7548
14,clab-nebula-serf55,45,126,148,119,29,7,0.8041,0.9444,0.7677
14,clab-nebula-serf79,45,153,151,145,6,8,0.9603,0.9477,0.9119
14,clab-nebula-serf113,45,156,152,148,4,8,0.9737,0.9487,0.925
14,clab-nebula-serf120,45,5,87,4,83,1,0.046,0.8,0.0455
14,clab-nebula-serf128,45,150,151,142,9,8,0.9404,0.9467,0.8931
14,clab-nebula-serf8,45,120,149,114,35,6,0.7651,0.95,0.7355
14,clab-nebula-serf27,45,98,150,93,57,5,0.62,0.949,0.6
14,clab-nebula-serf78,45,140,148,133,15,7,0.8986,0.95,0.8581
14,clab-nebula-serf104,45,153,151,145,6,8,0.9603,0.9477,0.9119
14,clab-nebula-serf133,45,92,156,87,69,5,0.5577,0.9457,0.5404
14,clab-nebula-serf64,45,123,148,116,32,7,0.7838,0.9431,0.7484
14,clab-nebula-serf73,45,151,151,143,8,8,0.947,0.947,0.8994
14,clab-nebula-serf118,45,5,87,4,83,1,0.046,0.8,0.0455
14,clab-nebula-serf5,45,108,149,102,47,6,0.6846,0.9444,0.6581
14,clab-nebula-serf87,45,132,144,125,19,7,0.8681,0.947,0.8278
14,clab-nebula-serf88,45,127,144,120,24,7,0.8333,0.9449,0.7947
14,clab-nebula-serf153,45,81,139,77,62,4,0.554,0.9506,0.5385
14,clab-nebula-serf53,45,125,148,118,30,7,0.7973,0.944,0.7613
14,clab-nebula-serf69,45,147,151,139,12,8,0.9205,0.9456,0.8742
14,clab-nebula-serf60,45,143,147,135,12,8,0.9184,0.9441,0.871
14,clab-nebula-serf145,45,66,157,62,95,4,0.3949,0.9394,0.3851
14,clab-nebula-serf6,45,120,149,114,35,6,0.7651,0.95,0.7355
14,clab-nebula-serf11,45,124,148,117,31,7,0.7905,0.9435,0.7548
14,clab-nebula-serf98,45,144,146,136,10,8,0.9315,0.9444,0.8831
14,clab-nebula-serf138,45,90,156,85,71,5,0.5449,0.9444,0.528
14,clab-nebula-serf150,45,79,137,75,62,4,0.5474,0.9494,0.5319
14,clab-nebula-serf18,45,123,148,116,32,7,0.7838,0.9431,0.7484
14,clab-nebula-serf30,45,124,148,117,31,7,0.7905,0.9435,0.7548
14,clab-nebula-serf44,45,127,148,120,28,7,0.8108,0.9449,0.7742
14,clab-nebula-serf131,45,95,156,90,66,5,0.5769,0.9474,0.559
14,clab-nebula-serf35,45,121,149,115,34,6,0.7718,0.9504,0.7419
14,clab-nebula-serf40,45,122,148,115,33,7,0.777,0.9426,0.7419
14,clab-nebula-serf144,45,126,154,119,35,7,0.7727,0.9444,0.7391
14,clab-nebula-serf152,45,122,140,115,25,7,0.8214,0.9426,0.7823
14,clab-nebula-serf162,45,40,159,38,121,2,0.239,0.95,0.236
14,clab-nebula-serf41,45,118,149,112,37,6,0.7517,0.9492,0.7226
14,clab-nebula-serf72,45,150,151,142,9,8,0.9404,0.9467,0.8931
14,clab-nebula-serf141,45,90,156,85,71,5,0.5449,0.9444,0.528
14,clab-nebula-serf25,45,119,149,113,36,6,0.7584,0.9496,0.729
14,clab-nebula-serf50,45,125,148,118,30,7,0.7973,0.944,0.7613
14,clab-nebula-serf51,45,126,148,119,29,7,0.8041,0.9444,0.7677
14,clab-nebula-serf66,45,136,144,129,15,7,0.8958,0.9485,0.8543
14,clab-nebula-serf86,45,134,144,127,17,7,0.8819,0.9478,0.8411
14,clab-nebula-serf90,45,137,146,130,16,7,0.8904,0.9489,0.8497
14,clab-nebula-serf143,45,66,157,62,95,4,0.3949,0.9394,0.3851
14,clab-nebula-serf7,45,120,149,114,35,6,0.7651,0.95,0.7355
14,clab-nebula-serf37,45,124,148,117,31,7,0.7905,0.9435,0.7548
14,clab-nebula-serf43,45,124,148,117,31,7,0.7905,0.9435,0.7548
14,clab-nebula-serf58,45,153,147,145,2,8,0.9864,0.9477,0.9355
14,clab-nebula-serf61,45,149,147,141,6,8,0.9592,0.9463,0.9097
14,clab-nebula-serf112,45,103,152,97,55,6,0.6382,0.9417,0.6139
14,clab-nebula-serf15,45,124,148,117,31,7,0.7905,0.9435,0.7548
14,clab-nebula-serf16,45,126,148,119,29,7,0.8041,0.9444,0.7677
14,clab-nebula-serf77,45,151,151,143,8,8,0.947,0.947,0.8994
14,clab-nebula-serf121,45,148,153,140,13,8,0.915,0.9459,0.8696
14,clab-nebula-serf140,45,82,156,77,79,5,0.4936,0.939,0.4783
14,clab-nebula-serf148,45,68,136,64,72,4,0.4706,0.9412,0.4571
14,clab-nebula-serf154,45,79,137,75,62,4,0.5474,0.9494,0.5319
14,clab-nebula-serf156,45,99,141,94,47,5,0.6667,0.9495,0.6438
14,clab-nebula-serf23,45,99,150,94,56,5,0.6267,0.9495,0.6065
14,clab-nebula-serf39,45,138,154,131,23,7,0.8506,0.9493,0.8137
14,clab-nebula-serf62,45,124,148,117,31,7,0.7905,0.9435,0.7548
14,clab-nebula-serf107,45,149,151,141,10,8,0.9338,0.9463,0.8868
14,clab-nebula-serf115,45,6,87,5,82,1,0.0575,0.8333,0.0568
14,clab-nebula-serf151,45,81,138,77,61,4,0.558,0.9506,0.5423
14,clab-nebula-serf158,45,68,157,64,93,4,0.4076,0.9412,0.3975
14,clab-nebula-serf28,45,91,146,86,60,5,0.589,0.9451,0.5695
14,clab-nebula-serf29,45,98,146,93,53,5,0.637,0.949,0.6159
14,clab-nebula-serf130,50,111,155,105,50,6,0.6774,0.9459,0.6522
14,clab-nebula-serf161,50,117,155,111,44,6,0.7161,0.9487,0.6894
14,clab-nebula-serf32,50,137,148,130,18,7,0.8784,0.9489,0.8387
14,clab-nebula-serf63,50,128,148,121,27,7,0.8176,0.9453,0.7806
14,clab-nebula-serf45,50,145,147,137,10,8,0.932,0.9448,0.8839
14,clab-nebula-serf49,50,154,147,146,1,8,0.9932,0.9481,0.9419
14,clab-nebula-serf83,50,140,146,133,13,7,0.911,0.95,0.8693
14,clab-nebula-serf91,50,154,153,146,7,8,0.9542,0.9481,0.9068
14,clab-nebula-serf136,50,124,154,117,37,7,0.7597,0.9435,0.7267
14,clab-nebula-serf146,50,114,155,108,47,6,0.6968,0.9474,0.6708
14,clab-nebula-serf12,50,127,148,120,28,7,0.8108,0.9449,0.7742
14,clab-nebula-serf19,50,142,147,134,13,8,0.9116,0.9437,0.8645
14,clab-nebula-serf80,50,154,151,146,5,8,0.9669,0.9481,0.9182
14,clab-nebula-serf111,50,158,153,150,3,8,0.9804,0.9494,0.9317
14,clab-nebula-serf109,50,159,153,151,2,8,0.9869,0.9497,0.9379
14,clab-nebula-serf147,50,120,141,114,27,6,0.8085,0.95,0.7755
14,clab-nebula-serf4,50,120,149,114,35,6,0.7651,0.95,0.7355
14,clab-nebula-serf100,50,159,151,151,0,8,1.0,0.9497,0.9497
14,clab-nebula-serf75,50,154,151,146,5,8,0.9669,0.9481,0.9182
14,clab-nebula-serf89,50,137,145,130,15,7,0.8966,0.9489,0.8553
14,clab-nebula-serf101,50,157,149,149,0,8,1.0,0.949,0.949
14,clab-nebula-serf105,50,155,152,147,5,8,0.9671,0.9484,0.9187
14,clab-nebula-serf65,50,152,147,144,3,8,0.9796,0.9474,0.929
14,clab-nebula-serf68,50,154,151,146,5,8,0.9669,0.9481,0.9182
14,clab-nebula-serf94,50,154,153,146,7,8,0.9542,0.9481,0.9068
14,clab-nebula-serf103,50,159,151,151,0,8,1.0,0.9497,0.9497
14,clab-nebula-serf117,50,21,87,20,67,1,0.2299,0.9524,0.2273
14,clab-nebula-serf127,50,156,153,148,5,8,0.9673,0.9487,0.9193
14,clab-nebula-serf129,50,149,151,141,10,8,0.9338,0.9463,0.8868
14,clab-nebula-serf155,50,117,141,111,30,6,0.7872,0.9487,0.7551
14,clab-nebula-serf3,50,119,149,113,36,6,0.7584,0.9496,0.729
14,clab-nebula-serf14,50,126,148,119,29,7,0.8041,0.9444,0.7677
14,clab-nebula-serf142,50,95,156,90,66,5,0.5769,0.9474,0.559
14,clab-nebula-serf96,50,153,146,145,1,8,0.9932,0.9477,0.9416
14,clab-nebula-serf116,50,14,87,13,74,1,0.1494,0.9286,0.1477
14,clab-nebula-serf56,50,154,147,146,1,8,0.9932,0.9481,0.9419
14,clab-nebula-serf59,50,154,147,146,1,8,0.9932,0.9481,0.9419
14,clab-nebula-serf70,50,154,147,146,1,8,0.9932,0.9481,0.9419
14,clab-nebula-serf81,50,154,151,146,5,8,0.9669,0.9481,0.9182
14,clab-nebula-serf95,50,154,153,146,7,8,0.9542,0.9481,0.9068
14,clab-nebula-serf114,50,158,152,150,2,8,0.9868,0.9494,0.9375
14,clab-nebula-serf9,50,125,148,118,30,7,0.7973,0.944,0.7613
14,clab-nebula-serf17,50,150,147,142,5,8,0.966,0.9467,0.9161
14,clab-nebula-serf139,50,121,155,115,40,6,0.7419,0.9504,0.7143
14,clab-nebula-serf52,50,154,147,146,1,8,0.9932,0.9481,0.9419
14,clab-nebula-serf71,50,154,151,146,5,8,0.9669,0.9481,0.9182
14,clab-nebula-serf26,50,137,148,130,18,7,0.8784,0.9489,0.8387
14,clab-nebula-serf34,50,149,147,141,6,8,0.9592,0.9463,0.9097
14,clab-nebula-serf126,50,156,153,148,5,8,0.9673,0.9487,0.9193
14,clab-nebula-serf36,50,137,148,130,18,7,0.8784,0.9489,0.8387
14,clab-nebula-serf82,50,111,147,105,42,6,0.7143,0.9459,0.6863
14,clab-nebula-serf85,50,149,150,141,9,8,0.94,0.9463,0.8924
14,clab-nebula-serf97,50,159,151,151,0,8,1.0,0.9497,0.9497
14,clab-nebula-serf99,50,159,151,151,0,8,1.0,0.9497,0.9497
14,clab-nebula-serf124,50,156,153,148,5,8,0.9673,0.9487,0.9193
14,clab-nebula-serf157,50,109,155,103,52,6,0.6645,0.945,0.6398
14,clab-nebula-serf159,50,108,155,102,53,6,0.6581,0.9444,0.6335
14,clab-nebula-serf1,50,121,149,115,34,6,0.7718,0.9504,0.7419
14,clab-nebula-serf33,50,154,147,146,1,8,0.9932,0.9481,0.9419
14,clab-nebula-serf123,50,158,153,150,3,8,0.9804,0.9494,0.9317
14,clab-nebula-serf135,50,112,155,106,49,6,0.6839,0.9464,0.6584
14,clab-nebula-serf13,50,144,147,136,11,8,0.9252,0.9444,0.8774
14,clab-nebula-serf47,50,154,147,146,1,8,0.9932,0.9481,0.9419
14,clab-nebula-serf84,50,128,145,121,24,7,0.8345,0.9453,0.7961
14,clab-nebula-serf92,50,154,151,146,5,8,0.9669,0.9481,0.9182
14,clab-nebula-serf106,50,153,151,145,6,8,0.9603,0.9477,0.9119
14,clab-nebula-serf108,50,155,152,147,5,8,0.9671,0.9484,0.9187
14,clab-nebula-serf119,50,17,87,16,71,1,0.1839,0.9412,0.1818
14,clab-nebula-serf125,50,155,153,147,6,8,0.9608,0.9484,0.913
14,clab-nebula-serf54,50,153,147,145,2,8,0.9864,0.9477,0.9355
14,clab-nebula-serf57,50,154,147,146,1,8,0.9932,0.9481,0.9419
14,clab-nebula-serf24,50,120,149,114,35,6,0.7651,0.95,0.7355
14,clab-nebula-serf42,50,123,148,116,32,7,0.7838,0.9431,0.7484
14,clab-nebula-serf48,50,141,148,134,14,7,0.9054,0.9504,0.8645
14,clab-nebula-serf2,50,114,149,108,41,6,0.7248,0.9474,0.6968
14,clab-nebula-serf21,50,124,148,117,31,7,0.7905,0.9435,0.7548
14,clab-nebula-serf67,50,154,151,146,5,8,0.9669,0.9481,0.9182
14,clab-nebula-serf102,50,157,149,149,0,8,1.0,0.949,0.949
14,clab-nebula-serf110,50,148,151,140,11,8,0.9272,0.9459,0.8805
14,clab-nebula-serf132,50,132,154,125,29,7,0.8117,0.947,0.7764
14,clab-nebula-serf134,50,116,155,110,45,6,0.7097,0.9483,0.6832
14,clab-nebula-serf137,50,115,155,109,46,6,0.7032,0.9478,0.677
14,clab-nebula-serf10,50,129,148,122,26,7,0.8243,0.9457,0.7871
14,clab-nebula-serf46,50,127,148,120,28,7,0.8108,0.9449,0.7742
14,clab-nebula-serf74,50,154,151,146,5,8,0.9669,0.9481,0.9182
14,clab-nebula-serf76,50,154,151,146,5,8,0.9669,0.9481,0.9182
14,clab-nebula-serf149,50,124,140,117,23,7,0.8357,0.9435,0.7959
14,clab-nebula-serf20,50,124,148,117,31,7,0.7905,0.9435,0.7548
14,clab-nebula-serf22,50,122,148,115,33,7,0.777,0.9426,0.7419
14,clab-nebula-serf160,50,118,155,112,43,6,0.7226,0.9492,0.6957
14,clab-nebula-serf31,50,129,148,122,26,7,0.8243,0.9457,0.7871
14,clab-nebula-serf93,50,154,153,146,7,8,0.9542,0.9481,0.9068
14,clab-nebula-serf122,50,154,153,146,7,8,0.9542,0.9481,0.9068
14,clab-nebula-serf38,50,133,148,126,22,7,0.8514,0.9474,0.8129
14,clab-nebula-serf55,50,153,147,145,2,8,0.9864,0.9477,0.9355
14,clab-nebula-serf79,50,154,151,146,5,8,0.9669,0.9481,0.9182
14,clab-nebula-serf113,50,159,152,151,1,8,0.9934,0.9497,0.9437
14,clab-nebula-serf120,50,14,87,13,74,1,0.1494,0.9286,0.1477
14,clab-nebula-serf128,50,155,152,147,5,8,0.9671,0.9484,0.9187
14,clab-nebula-serf8,50,122,148,115,33,7,0.777,0.9426,0.7419
14,clab-nebula-serf27,50,117,149,111,38,6,0.745,0.9487,0.7161
14,clab-nebula-serf78,50,154,151,146,5,8,0.9669,0.9481,0.9182
14,clab-nebula-serf104,50,155,152,147,5,8,0.9671,0.9484,0.9187
14,clab-nebula-serf133,50,117,155,111,44,6,0.7161,0.9487,0.6894
14,clab-nebula-serf64,50,128,148,121,27,7,0.8176,0.9453,0.7806
14,clab-nebula-serf73,50,154,151,146,5,8,0.9669,0.9481,0.9182
14,clab-nebula-serf118,50,15,87,14,73,1,0.1609,0.9333,0.1591
14,clab-nebula-serf5,50,118,149,112,37,6,0.7517,0.9492,0.7226
14,clab-nebula-serf87,50,145,145,137,8,8,0.9448,0.9448,0.8954
14,clab-nebula-serf88,50,136,145,129,16,7,0.8897,0.9485,0.8487
14,clab-nebula-serf153,50,114,141,108,33,6,0.766,0.9474,0.7347
14,clab-nebula-serf53,50,151,147,143,4,8,0.9728,0.947,0.9226
14,clab-nebula-serf69,50,154,151,146,5,8,0.9669,0.9481,0.9182
14,clab-nebula-serf60,50,154,147,146,1,8,0.9932,0.9481,0.9419
14,clab-nebula-serf145,50,104,155,98,57,6,0.6323,0.9423,0.6087
14,clab-nebula-serf6,50,124,148,117,31,7,0.7905,0.9435,0.7548
14,clab-nebula-serf11,50,142,147,134,13,8,0.9116,0.9437,0.8645
14,clab-nebula-serf98,50,156,149,148,1,8,0.9933,0.9487,0.9427
14,clab-nebula-serf138,50,115,155,109,46,6,0.7032,0.9478,0.677
14,clab-nebula-serf150,50,117,140,111,29,6,0.7929,0.9487,0.7603
14,clab-nebula-serf18,50,140,148,133,15,7,0.8986,0.95,0.8581
14,clab-nebula-serf30,50,128,148,121,27,7,0.8176,0.9453,0.7806
14,clab-nebula-serf44,50,154,147,146,1,8,0.9932,0.9481,0.9419
14,clab-nebula-serf131,50,122,154,115,39,7,0.7468,0.9426,0.7143
14,clab-nebula-serf35,50,124,148,117,31,7,0.7905,0.9435,0.7548
14,clab-nebula-serf40,50,126,148,119,29,7,0.8041,0.9444,0.7677
14,clab-nebula-serf144,50,141,153,133,20,8,0.8693,0.9433,0.8261
14,clab-nebula-serf152,50,143,145,135,10,8,0.931,0.9441,0.8824
14,clab-nebula-serf162,50,54,158,51,107,3,0.3228,0.9444,0.3168
14,clab-nebula-serf41,50,121,149,115,34,6,0.7718,0.9504,0.7419
14,clab-nebula-serf72,50,154,151,146,5,8,0.9669,0.9481,0.9182
14,clab-nebula-serf141,50,116,155,110,45,6,0.7097,0.9483,0.6832
14,clab-nebula-serf25,50,124,148,117,31,7,0.7905,0.9435,0.7548
14,clab-nebula-serf50,50,153,147,145,2,8,0.9864,0.9477,0.9355
14,clab-nebula-serf51,50,152,147,144,3,8,0.9796,0.9474,0.929
14,clab-nebula-serf66,50,154,151,146,5,8,0.9669,0.9481,0.9182
14,clab-nebula-serf86,50,145,145,137,8,8,0.9448,0.9448,0.8954
14,clab-nebula-serf90,50,154,153,146,7,8,0.9542,0.9481,0.9068
14,clab-nebula-serf143,50,103,155,97,58,6,0.6258,0.9417,0.6025
14,clab-nebula-serf7,50,124,148,117,31,7,0.7905,0.9435,0.7548
14,clab-nebula-serf37,50,146,147,138,9,8,0.9388,0.9452,0.8903
14,clab-nebula-serf43,50,126,148,119,29,7,0.8041,0.9444,0.7677
14,clab-nebula-serf58,50,154,147,146,1,8,0.9932,0.9481,0.9419
14,clab-nebula-serf61,50,154,147,146,1,8,0.9932,0.9481,0.9419
14,clab-nebula-serf112,50,136,152,129,23,7,0.8487,0.9485,0.8113
14,clab-nebula-serf15,50,151,147,143,4,8,0.9728,0.947,0.9226
14,clab-nebula-serf16,50,151,147,143,4,8,0.9728,0.947,0.9226
14,clab-nebula-serf77,50,154,151,146,5,8,0.9669,0.9481,0.9182
14,clab-nebula-serf121,50,160,153,152,1,8,0.9935,0.95,0.9441
14,clab-nebula-serf140,50,108,155,102,53,6,0.6581,0.9444,0.6335
14,clab-nebula-serf148,50,103,140,97,43,6,0.6929,0.9417,0.6644
14,clab-nebula-serf154,50,113,140,107,33,6,0.7643,0.9469,0.7329
14,clab-nebula-serf156,50,130,144,123,21,7,0.8542,0.9462,0.8146
14,clab-nebula-serf23,50,117,149,111,38,6,0.745,0.9487,0.7161
14,clab-nebula-serf39,50,154,153,146,7,8,0.9542,0.9481,0.9068
14,clab-nebula-serf62,50,144,147,136,11,8,0.9252,0.9444,0.8774
14,clab-nebula-serf107,50,154,151,146,5,8,0.9669,0.9481,0.9182
14,clab-nebula-serf115,50,23,86,21,65,2,0.2442,0.913,0.2386
14,clab-nebula-serf151,50,114,141,108,33,6,0.766,0.9474,0.7347
14,clab-nebula-serf158,50,103,155,97,58,6,0.6258,0.9417,0.6025
14,clab-nebula-serf28,50,95,146,90,56,5,0.6164,0.9474,0.596
14,clab-nebula-serf29,50,115,145,109,36,6,0.7517,0.9478,0.7219
14,clab-nebula-serf130,55,136,154,129,25,7,0.8377,0.9485,0.8012
14,clab-nebula-serf161,55,139,154,132,22,7,0.8571,0.9496,0.8199
14,clab-nebula-serf32,55,154,147,146,1,8,0.9932,0.9481,0.9419
14,clab-nebula-serf63,55,154,147,146,1,8,0.9932,0.9481,0.9419
14,clab-nebula-serf45,55,154,147,146,1,8,0.9932,0.9481,0.9419
14,clab-nebula-serf49,55,154,147,146,1,8,0.9932,0.9481,0.9419
14,clab-nebula-serf83,55,154,153,146,7,8,0.9542,0.9481,0.9068
14,clab-nebula-serf91,55,157,153,149,4,8,0.9739,0.949,0.9255
14,clab-nebula-serf136,55,137,154,130,24,7,0.8442,0.9489,0.8075
14,clab-nebula-serf146,55,137,154,130,24,7,0.8442,0.9489,0.8075
14,clab-nebula-serf12,55,153,147,145,2,8,0.9864,0.9477,0.9355
14,clab-nebula-serf19,55,153,147,145,2,8,0.9864,0.9477,0.9355
14,clab-nebula-serf80,55,156,152,148,4,8,0.9737,0.9487,0.925
14,clab-nebula-serf111,55,161,152,152,0,9,1.0,0.9441,0.9441
14,clab-nebula-serf109,55,161,153,153,0,8,1.0,0.9503,0.9503
14,clab-nebula-serf147,55,141,146,134,12,7,0.9178,0.9504,0.8758
14,clab-nebula-serf4,55,123,148,116,32,7,0.7838,0.9431,0.7484
14,clab-nebula-serf100,55,160,152,152,0,8,1.0,0.95,0.95
14,clab-nebula-serf75,55,155,152,147,5,8,0.9671,0.9484,0.9187
14,clab-nebula-serf89,55,154,153,146,7,8,0.9542,0.9481,0.9068
14,clab-nebula-serf101,55,160,152,152,0,8,1.0,0.95,0.95
14,clab-nebula-serf105,55,160,153,152,1,8,0.9935,0.95,0.9441
14,clab-nebula-serf65,55,154,147,146,1,8,0.9932,0.9481,0.9419
14,clab-nebula-serf68,55,154,151,146,5,8,0.9669,0.9481,0.9182
14,clab-nebula-serf94,55,157,153,149,4,8,0.9739,0.949,0.9255
14,clab-nebula-serf103,55,161,152,152,0,9,1.0,0.9441,0.9441
14,clab-nebula-serf117,55,45,86,42,44,3,0.4884,0.9333,0.4719
14,clab-nebula-serf127,55,161,153,153,0,8,1.0,0.9503,0.9503
14,clab-nebula-serf129,55,155,152,147,5,8,0.9671,0.9484,0.9187
14,clab-nebula-serf155,55,137,146,130,16,7,0.8904,0.9489,0.8497
14,clab-nebula-serf3,55,123,148,116,32,7,0.7838,0.9431,0.7484
14,clab-nebula-serf14,55,151,147,143,4,8,0.9728,0.947,0.9226
14,clab-nebula-serf142,55,126,154,119,35,7,0.7727,0.9444,0.7391
14,clab-nebula-serf96,55,160,152,152,0,8,1.0,0.95,0.95
14,clab-nebula-serf116,55,40,138,38,100,2,0.2754,0.95,0.2714
14,clab-nebula-serf56,55,157,149,149,0,8,1.0,0.949,0.949
14,clab-nebula-serf59,55,157,149,149,0,8,1.0,0.949,0.949
14,clab-nebula-serf70,55,158,150,150,0,8,1.0,0.9494,0.9494
14,clab-nebula-serf81,55,157,152,149,3,8,0.9803,0.949,0.9313
14,clab-nebula-serf95,55,154,153,146,7,8,0.9542,0.9481,0.9068
14,clab-nebula-serf114,55,161,152,152,0,9,1.0,0.9441,0.9441
14,clab-nebula-serf9,55,151,147,143,4,8,0.9728,0.947,0.9226
14,clab-nebula-serf17,55,154,147,146,1,8,0.9932,0.9481,0.9419
14,clab-nebula-serf139,55,137,154,130,24,7,0.8442,0.9489,0.8075
14,clab-nebula-serf52,55,154,147,146,1,8,0.9932,0.9481,0.9419
14,clab-nebula-serf71,55,156,152,148,4,8,0.9737,0.9487,0.925
14,clab-nebula-serf26,55,154,147,146,1,8,0.9932,0.9481,0.9419
14,clab-nebula-serf34,55,154,147,146,1,8,0.9932,0.9481,0.9419
14,clab-nebula-serf126,55,161,153,153,0,8,1.0,0.9503,0.9503
14,clab-nebula-serf36,55,154,147,146,1,8,0.9932,0.9481,0.9419
14,clab-nebula-serf82,55,121,147,114,33,7,0.7755,0.9421,0.7403
14,clab-nebula-serf85,55,154,153,146,7,8,0.9542,0.9481,0.9068
14,clab-nebula-serf97,55,161,152,152,0,9,1.0,0.9441,0.9441
14,clab-nebula-serf99,55,160,152,152,0,8,1.0,0.95,0.95
14,clab-nebula-serf124,55,161,152,152,0,9,1.0,0.9441,0.9441
14,clab-nebula-serf157,55,136,154,129,25,7,0.8377,0.9485,0.8012
14,clab-nebula-serf159,55,136,154,129,25,7,0.8377,0.9485,0.8012
14,clab-nebula-serf1,55,133,148,126,22,7,0.8514,0.9474,0.8129
14,clab-nebula-serf33,55,154,147,146,1,8,0.9932,0.9481,0.9419
14,clab-nebula-serf123,55,161,153,153,0,8,1.0,0.9503,0.9503
14,clab-nebula-serf135,55,137,154,130,24,7,0.8442,0.9489,0.8075
14,clab-nebula-serf13,55,154,147,146,1,8,0.9932,0.9481,0.9419
14,clab-nebula-serf47,55,154,147,146,1,8,0.9932,0.9481,0.9419
14,clab-nebula-serf84,55,142,147,134,13,8,0.9116,0.9437,0.8645
14,clab-nebula-serf92,55,154,151,146,5,8,0.9669,0.9481,0.9182
14,clab-nebula-serf106,55,155,152,147,5,8,0.9671,0.9484,0.9187
14,clab-nebula-serf108,55,158,153,150,3,8,0.9804,0.9494,0.9317
14,clab-nebula-serf119,55,27,86,25,61,2,0.2907,0.9259,0.2841
14,clab-nebula-serf125,55,161,152,152,0,9,1.0,0.9441,0.9441
14,clab-nebula-serf54,55,154,147,146,1,8,0.9932,0.9481,0.9419
14,clab-nebula-serf57,55,155,148,147,1,8,0.9932,0.9484,0.9423
14,clab-nebula-serf24,55,124,148,117,31,7,0.7905,0.9435,0.7548
14,clab-nebula-serf42,55,127,148,120,28,7,0.8108,0.9449,0.7742
14,clab-nebula-serf48,55,154,147,146,1,8,0.9932,0.9481,0.9419
14,clab-nebula-serf2,55,120,149,114,35,6,0.7651,0.95,0.7355
14,clab-nebula-serf21,55,133,148,126,22,7,0.8514,0.9474,0.8129
14,clab-nebula-serf67,55,154,151,146,5,8,0.9669,0.9481,0.9182
14,clab-nebula-serf102,55,160,152,152,0,8,1.0,0.95,0.95
14,clab-nebula-serf110,55,154,151,146,5,8,0.9669,0.9481,0.9182
14,clab-nebula-serf132,55,144,153,136,17,8,0.8889,0.9444,0.8447
14,clab-nebula-serf134,55,137,154,130,24,7,0.8442,0.9489,0.8075
14,clab-nebula-serf137,55,137,154,130,24,7,0.8442,0.9489,0.8075
14,clab-nebula-serf10,55,153,147,145,2,8,0.9864,0.9477,0.9355
14,clab-nebula-serf46,55,154,147,146,1,8,0.9932,0.9481,0.9419
14,clab-nebula-serf74,55,155,152,147,5,8,0.9671,0.9484,0.9187
14,clab-nebula-serf76,55,158,153,150,3,8,0.9804,0.9494,0.9317
14,clab-nebula-serf149,55,143,145,135,10,8,0.931,0.9441,0.8824
14,clab-nebula-serf20,55,129,148,122,26,7,0.8243,0.9457,0.7871
14,clab-nebula-serf22,55,125,148,118,30,7,0.7973,0.944,0.7613
14,clab-nebula-serf160,55,139,154,132,22,7,0.8571,0.9496,0.8199
14,clab-nebula-serf31,55,154,147,146,1,8,0.9932,0.9481,0.9419
14,clab-nebula-serf93,55,156,153,148,5,8,0.9673,0.9487,0.9193
14,clab-nebula-serf122,55,161,152,152,0,9,1.0,0.9441,0.9441
14,clab-nebula-serf38,55,154,147,146,1,8,0.9932,0.9481,0.9419
14,clab-nebula-serf55,55,154,147,146,1,8,0.9932,0.9481,0.9419
14,clab-nebula-serf79,55,158,153,150,3,8,0.9804,0.9494,0.9317
14,clab-nebula-serf113,55,161,153,153,0,8,1.0,0.9503,0.9503
14,clab-nebula-serf120,55,24,86,22,64,2,0.2558,0.9167,0.25
14,clab-nebula-serf128,55,159,153,151,2,8,0.9869,0.9497,0.9379
14,clab-nebula-serf8,55,130,148,123,25,7,0.8311,0.9462,0.7935
14,clab-nebula-serf27,55,122,148,115,33,7,0.777,0.9426,0.7419
14,clab-nebula-serf78,55,155,152,147,5,8,0.9671,0.9484,0.9187
14,clab-nebula-serf104,55,159,153,151,2,8,0.9869,0.9497,0.9379
14,clab-nebula-serf133,55,137,154,130,24,7,0.8442,0.9489,0.8075
14,clab-nebula-serf64,55,154,147,146,1,8,0.9932,0.9481,0.9419
14,clab-nebula-serf73,55,158,153,150,3,8,0.9804,0.9494,0.9317
14,clab-nebula-serf118,55,25,86,23,63,2,0.2674,0.92,0.2614
14,clab-nebula-serf5,55,121,149,115,34,6,0.7718,0.9504,0.7419
14,clab-nebula-serf87,55,155,153,147,6,8,0.9608,0.9484,0.913
14,clab-nebula-serf88,55,154,153,146,7,8,0.9542,0.9481,0.9068
14,clab-nebula-serf153,55,137,146,130,16,7,0.8904,0.9489,0.8497
14,clab-nebula-serf53,55,154,147,146,1,8,0.9932,0.9481,0.9419
14,clab-nebula-serf69,55,158,153,150,3,8,0.9804,0.9494,0.9317
14,clab-nebula-serf60,55,154,147,146,1,8,0.9932,0.9481,0.9419
14,clab-nebula-serf145,55,130,154,123,31,7,0.7987,0.9462,0.764
14,clab-nebula-serf6,55,151,147,143,4,8,0.9728,0.947,0.9226
14,clab-nebula-serf11,55,154,147,146,1,8,0.9932,0.9481,0.9419
14,clab-nebula-serf98,55,160,152,152,0,8,1.0,0.95,0.95
14,clab-nebula-serf138,55,137,154,130,24,7,0.8442,0.9489,0.8075
14,clab-nebula-serf150,55,141,148,134,14,7,0.9054,0.9504,0.8645
14,clab-nebula-serf18,55,151,147,143,4,8,0.9728,0.947,0.9226
14,clab-nebula-serf30,55,154,147,146,1,8,0.9932,0.9481,0.9419
14,clab-nebula-serf44,55,154,147,146,1,8,0.9932,0.9481,0.9419
14,clab-nebula-serf131,55,137,154,130,24,7,0.8442,0.9489,0.8075
14,clab-nebula-serf35,55,145,147,137,10,8,0.932,0.9448,0.8839
14,clab-nebula-serf40,55,153,147,145,2,8,0.9864,0.9477,0.9355
14,clab-nebula-serf144,55,151,153,143,10,8,0.9346,0.947,0.8882
14,clab-nebula-serf152,55,152,147,144,3,8,0.9796,0.9474,0.929
14,clab-nebula-serf162,55,74,157,70,87,4,0.4459,0.9459,0.4348
14,clab-nebula-serf41,55,126,148,119,29,7,0.8041,0.9444,0.7677
14,clab-nebula-serf72,55,158,153,150,3,8,0.9804,0.9494,0.9317
14,clab-nebula-serf141,55,137,154,130,24,7,0.8442,0.9489,0.8075
14,clab-nebula-serf25,55,127,148,120,28,7,0.8108,0.9449,0.7742
14,clab-nebula-serf50,55,154,147,146,1,8,0.9932,0.9481,0.9419
14,clab-nebula-serf51,55,154,147,146,1,8,0.9932,0.9481,0.9419
14,clab-nebula-serf66,55,154,151,146,5,8,0.9669,0.9481,0.9182
14,clab-nebula-serf86,55,155,153,147,6,8,0.9608,0.9484,0.913
14,clab-nebula-serf90,55,155,153,147,6,8,0.9608,0.9484,0.913
14,clab-nebula-serf143,55,130,154,123,31,7,0.7987,0.9462,0.764
14,clab-nebula-serf7,55,151,147,143,4,8,0.9728,0.947,0.9226
14,clab-nebula-serf37,55,154,147,146,1,8,0.9932,0.9481,0.9419
14,clab-nebula-serf43,55,154,147,146,1,8,0.9932,0.9481,0.9419
14,clab-nebula-serf58,55,156,148,148,0,8,1.0,0.9487,0.9487
14,clab-nebula-serf61,55,156,148,148,0,8,1.0,0.9487,0.9487
14,clab-nebula-serf112,55,148,152,140,12,8,0.9211,0.9459,0.875
14,clab-nebula-serf15,55,154,147,146,1,8,0.9932,0.9481,0.9419
14,clab-nebula-serf16,55,155,148,147,1,8,0.9932,0.9484,0.9423
14,clab-nebula-serf77,55,158,153,150,3,8,0.9804,0.9494,0.9317
14,clab-nebula-serf121,55,161,153,153,0,8,1.0,0.9503,0.9503
14,clab-nebula-serf140,55,136,154,129,25,7,0.8377,0.9485,0.8012
14,clab-nebula-serf148,55,133,144,126,18,7,0.875,0.9474,0.8344
14,clab-nebula-serf154,55,137,146,130,16,7,0.8904,0.9489,0.8497
14,clab-nebula-serf156,55,145,145,137,8,8,0.9448,0.9448,0.8954
14,clab-nebula-serf23,55,122,148,115,33,7,0.777,0.9426,0.7419
14,clab-nebula-serf39,55,155,153,147,6,8,0.9608,0.9484,0.913
14,clab-nebula-serf62,55,154,147,146,1,8,0.9932,0.9481,0.9419
14,clab-nebula-serf107,55,157,153,149,4,8,0.9739,0.949,0.9255
14,clab-nebula-serf115,55,57,131,54,77,3,0.4122,0.9474,0.403
14,clab-nebula-serf151,55,137,146,130,16,7,0.8904,0.9489,0.8497
14,clab-nebula-serf158,55,136,154,129,25,7,0.8377,0.9485,0.8012
14,clab-nebula-serf28,55,111,145,105,40,6,0.7241,0.9459,0.6954
14,clab-nebula-serf29,55,122,144,115,29,7,0.7986,0.9426,0.7616
14,clab-nebula-serf130,60,146,153,138,15,8,0.902,0.9452,0.8571
14,clab-nebula-serf161,60,149,153,141,12,8,0.9216,0.9463,0.8758
14,clab-nebula-serf32,60,155,148,147,1,8,0.9932,0.9484,0.9423
14,clab-nebula-serf63,60,154,147,146,1,8,0.9932,0.9481,0.9419
14,clab-nebula-serf45,60,155,147,147,0,8,1.0,0.9484,0.9484
14,clab-nebula-serf49,60,157,149,149,0,8,1.0,0.949,0.949
14,clab-nebula-serf83,60,156,153,148,5,8,0.9673,0.9487,0.9193
14,clab-nebula-serf91,60,161,153,153,0,8,1.0,0.9503,0.9503
14,clab-nebula-serf136,60,149,153,141,12,8,0.9216,0.9463,0.8758
14,clab-nebula-serf146,60,146,153,138,15,8,0.902,0.9452,0.8571
14,clab-nebula-serf12,60,155,148,147,1,8,0.9932,0.9484,0.9423
14,clab-nebula-serf19,60,157,149,149,0,8,1.0,0.949,0.949
14,clab-nebula-serf80,60,159,153,151,2,8,0.9869,0.9497,0.9379
14,clab-nebula-serf111,60,161,152,152,0,9,1.0,0.9441,0.9441
14,clab-nebula-serf109,60,161,153,153,0,8,1.0,0.9503,0.9503
14,clab-nebula-serf147,60,152,147,144,3,8,0.9796,0.9474,0.929
14,clab-nebula-serf4,60,141,148,134,14,7,0.9054,0.9504,0.8645
14,clab-nebula-serf100,60,161,153,153,0,8,1.0,0.9503,0.9503
14,clab-nebula-serf75,60,158,153,150,3,8,0.9804,0.9494,0.9317
14,clab-nebula-serf89,60,158,153,150,3,8,0.9804,0.9494,0.9317
14,clab-nebula-serf101,60,161,152,152,0,9,1.0,0.9441,0.9441
14,clab-nebula-serf105,60,161,152,152,0,9,1.0,0.9441,0.9441
14,clab-nebula-serf65,60,155,147,147,0,8,1.0,0.9484,0.9484
14,clab-nebula-serf68,60,158,153,150,3,8,0.9804,0.9494,0.9317
14,clab-nebula-serf94,60,161,152,152,0,9,1.0,0.9441,0.9441
14,clab-nebula-serf103,60,161,152,152,0,9,1.0,0.9441,0.9441
14,clab-nebula-serf117,60,68,124,64,60,4,0.5161,0.9412,0.5
14,clab-nebula-serf127,60,161,153,153,0,8,1.0,0.9503,0.9503
14,clab-nebula-serf129,60,158,153,150,3,8,0.9804,0.9494,0.9317
14,clab-nebula-serf155,60,150,147,142,5,8,0.966,0.9467,0.9161
14,clab-nebula-serf3,60,141,148,134,14,7,0.9054,0.9504,0.8645
14,clab-nebula-serf14,60,155,148,147,1,8,0.9932,0.9484,0.9423
14,clab-nebula-serf142,60,140,154,133,21,7,0.8636,0.95,0.8261
14,clab-nebula-serf96,60,161,152,152,0,9,1.0,0.9441,0.9441
14,clab-nebula-serf116,60,88,155,83,72,5,0.5355,0.9432,0.5188
14,clab-nebula-serf56,60,158,150,150,0,8,1.0,0.9494,0.9494
14,clab-nebula-serf59,60,161,153,153,0,8,1.0,0.9503,0.9503
14,clab-nebula-serf70,60,161,152,152,0,9,1.0,0.9441,0.9441
14,clab-nebula-serf81,60,161,152,152,0,9,1.0,0.9441,0.9441
14,clab-nebula-serf95,60,159,153,151,2,8,0.9869,0.9497,0.9379
14,clab-nebula-serf114,60,161,152,152,0,9,1.0,0.9441,0.9441
14,clab-nebula-serf9,60,154,147,146,1,8,0.9932,0.9481,0.9419
14,clab-nebula-serf17,60,157,149,149,0,8,1.0,0.949,0.949
14,clab-nebula-serf139,60,149,153,141,12,8,0.9216,0.9463,0.8758
14,clab-nebula-serf52,60,157,149,149,0,8,1.0,0.949,0.949
14,clab-nebula-serf71,60,161,153,153,0,8,1.0,0.9503,0.9503
14,clab-nebula-serf26,60,155,148,147,1,8,0.9932,0.9484,0.9423
14,clab-nebula-serf34,60,156,148,148,0,8,1.0,0.9487,0.9487
14,clab-nebula-serf126,60,161,153,153,0,8,1.0,0.9503,0.9503
14,clab-nebula-serf36,60,154,147,146,1,8,0.9932,0.9481,0.9419
14,clab-nebula-serf82,60,148,146,140,6,8,0.9589,0.9459,0.9091
14,clab-nebula-serf85,60,157,153,149,4,8,0.9739,0.949,0.9255
14,clab-nebula-serf97,60,161,152,152,0,9,1.0,0.9441,0.9441
14,clab-nebula-serf99,60,161,153,153,0,8,1.0,0.9503,0.9503
14,clab-nebula-serf124,60,161,152,152,0,9,1.0,0.9441,0.9441
14,clab-nebula-serf157,60,148,153,140,13,8,0.915,0.9459,0.8696
14,clab-nebula-serf159,60,148,153,140,13,8,0.915,0.9459,0.8696
14,clab-nebula-serf1,60,153,149,145,4,8,0.9732,0.9477,0.9236
14,clab-nebula-serf33,60,157,149,149,0,8,1.0,0.949,0.949
14,clab-nebula-serf123,60,161,153,153,0,8,1.0,0.9503,0.9503
14,clab-nebula-serf135,60,146,153,138,15,8,0.902,0.9452,0.8571
14,clab-nebula-serf13,60,157,149,149,0,8,1.0,0.949,0.949
14,clab-nebula-serf47,60,156,148,148,0,8,1.0,0.9487,0.9487
14,clab-nebula-serf84,60,154,153,146,7,8,0.9542,0.9481,0.9068
14,clab-nebula-serf92,60,158,153,150,3,8,0.9804,0.9494,0.9317
14,clab-nebula-serf106,60,161,152,152,0,9,1.0,0.9441,0.9441
14,clab-nebula-serf108,60,161,152,152,0,9,1.0,0.9441,0.9441
14,clab-nebula-serf119,60,53,88,50,38,3,0.5682,0.9434,0.5495
14,clab-nebula-serf125,60,161,152,152,0,9,1.0,0.9441,0.9441
14,clab-nebula-serf54,60,157,149,149,0,8,1.0,0.949,0.949
14,clab-nebula-serf57,60,158,150,150,0,8,1.0,0.9494,0.9494
14,clab-nebula-serf24,60,129,148,122,26,7,0.8243,0.9457,0.7871
14,clab-nebula-serf42,60,153,147,145,2,8,0.9864,0.9477,0.9355
14,clab-nebula-serf48,60,155,147,147,0,8,1.0,0.9484,0.9484
14,clab-nebula-serf2,60,124,148,117,31,7,0.7905,0.9435,0.7548
14,clab-nebula-serf21,60,154,147,146,1,8,0.9932,0.9481,0.9419
14,clab-nebula-serf67,60,158,153,150,3,8,0.9804,0.9494,0.9317
14,clab-nebula-serf102,60,161,153,153,0,8,1.0,0.9503,0.9503
14,clab-nebula-serf110,60,157,153,149,4,8,0.9739,0.949,0.9255
14,clab-nebula-serf132,60,151,153,143,10,8,0.9346,0.947,0.8882
14,clab-nebula-serf134,60,147,153,139,14,8,0.9085,0.9456,0.8634
14,clab-nebula-serf137,60,148,153,140,13,8,0.915,0.9459,0.8696
14,clab-nebula-serf10,60,156,149,148,1,8,0.9933,0.9487,0.9427
14,clab-nebula-serf46,60,154,147,146,1,8,0.9932,0.9481,0.9419
14,clab-nebula-serf74,60,159,153,151,2,8,0.9869,0.9497,0.9379
14,clab-nebula-serf76,60,161,153,153,0,8,1.0,0.9503,0.9503
14,clab-nebula-serf149,60,152,147,144,3,8,0.9796,0.9474,0.929
14,clab-nebula-serf20,60,154,147,146,1,8,0.9932,0.9481,0.9419
14,clab-nebula-serf22,60,153,147,145,2,8,0.9864,0.9477,0.9355
14,clab-nebula-serf160,60,149,153,141,12,8,0.9216,0.9463,0.8758
14,clab-nebula-serf31,60,154,147,146,1,8,0.9932,0.9481,0.9419
14,clab-nebula-serf93,60,161,152,152,0,9,1.0,0.9441,0.9441
14,clab-nebula-serf122,60,161,152,152,0,9,1.0,0.9441,0.9441
14,clab-nebula-serf38,60,154,147,146,1,8,0.9932,0.9481,0.9419
14,clab-nebula-serf55,60,157,149,149,0,8,1.0,0.949,0.949
14,clab-nebula-serf79,60,161,153,153,0,8,1.0,0.9503,0.9503
14,clab-nebula-serf113,60,161,153,153,0,8,1.0,0.9503,0.9503
14,clab-nebula-serf120,60,48,87,45,42,3,0.5172,0.9375,0.5
14,clab-nebula-serf128,60,161,153,153,0,8,1.0,0.9503,0.9503
14,clab-nebula-serf8,60,153,147,145,2,8,0.9864,0.9477,0.9355
14,clab-nebula-serf27,60,125,148,118,30,7,0.7973,0.944,0.7613
14,clab-nebula-serf78,60,158,153,150,3,8,0.9804,0.9494,0.9317
14,clab-nebula-serf104,60,161,152,152,0,9,1.0,0.9441,0.9441
14,clab-nebula-serf133,60,149,153,141,12,8,0.9216,0.9463,0.8758
14,clab-nebula-serf64,60,154,147,146,1,8,0.9932,0.9481,0.9419
14,clab-nebula-serf73,60,161,152,152,0,9,1.0,0.9441,0.9441
14,clab-nebula-serf118,60,48,88,45,43,3,0.5114,0.9375,0.4945
14,clab-nebula-serf5,60,143,147,135,12,8,0.9184,0.9441,0.871
14,clab-nebula-serf87,60,158,153,150,3,8,0.9804,0.9494,0.9317
14,clab-nebula-serf88,60,158,153,150,3,8,0.9804,0.9494,0.9317
14,clab-nebula-serf153,60,148,147,140,7,8,0.9524,0.9459,0.9032
14,clab-nebula-serf53,60,157,149,149,0,8,1.0,0.949,0.949
14,clab-nebula-serf69,60,161,153,153,0,8,1.0,0.9503,0.9503
14,clab-nebula-serf60,60,158,150,150,0,8,1.0,0.9494,0.9494
14,clab-nebula-serf145,60,145,153,137,16,8,0.8954,0.9448,0.8509
14,clab-nebula-serf6,60,155,148,147,1,8,0.9932,0.9484,0.9423
14,clab-nebula-serf11,60,157,149,149,0,8,1.0,0.949,0.949
14,clab-nebula-serf98,60,161,153,153,0,8,1.0,0.9503,0.9503
14,clab-nebula-serf138,60,147,153,139,14,8,0.9085,0.9456,0.8634
14,clab-nebula-serf150,60,152,147,144,3,8,0.9796,0.9474,0.929
14,clab-nebula-serf18,60,157,149,149,0,8,1.0,0.949,0.949
14,clab-nebula-serf30,60,154,147,146,1,8,0.9932,0.9481,0.9419
14,clab-nebula-serf44,60,156,148,148,0,8,1.0,0.9487,0.9487
14,clab-nebula-serf131,60,149,153,141,12,8,0.9216,0.9463,0.8758
14,clab-nebula-serf35,60,154,147,146,1,8,0.9932,0.9481,0.9419
14,clab-nebula-serf40,60,154,147,146,1,8,0.9932,0.9481,0.9419
14,clab-nebula-serf144,60,155,153,147,6,8,0.9608,0.9484,0.913
14,clab-nebula-serf152,60,156,148,148,0,8,1.0,0.9487,0.9487
14,clab-nebula-serf162,60,113,155,107,48,6,0.6903,0.9469,0.6646
14,clab-nebula-serf41,60,153,147,145,2,8,0.9864,0.9477,0.9355
14,clab-nebula-serf72,60,161,153,153,0,8,1.0,0.9503,0.9503
14,clab-nebula-serf141,60,149,153,141,12,8,0.9216,0.9463,0.8758
14,clab-nebula-serf25,60,154,147,146,1,8,0.9932,0.9481,0.9419
14,clab-nebula-serf50,60,156,148,148,0,8,1.0,0.9487,0.9487
14,clab-nebula-serf51,60,157,149,149,0,8,1.0,0.949,0.949
14,clab-nebula-serf66,60,158,153,150,3,8,0.9804,0.9494,0.9317
14,clab-nebula-serf86,60,160,153,152,1,8,0.9935,0.95,0.9441
14,clab-nebula-serf90,60,159,153,151,2,8,0.9869,0.9497,0.9379
14,clab-nebula-serf143,60,145,153,137,16,8,0.8954,0.9448,0.8509
14,clab-nebula-serf7,60,156,149,148,1,8,0.9933,0.9487,0.9427
14,clab-nebula-serf37,60,156,148,148,0,8,1.0,0.9487,0.9487
14,clab-nebula-serf43,60,154,147,146,1,8,0.9932,0.9481,0.9419
14,clab-nebula-serf58,60,160,152,152,0,8,1.0,0.95,0.95
14,clab-nebula-serf61,60,158,150,150,0,8,1.0,0.9494,0.9494
14,clab-nebula-serf112,60,159,153,151,2,8,0.9869,0.9497,0.9379
14,clab-nebula-serf15,60,158,150,150,0,8,1.0,0.9494,0.9494
14,clab-nebula-serf16,60,158,150,150,0,8,1.0,0.9494,0.9494
14,clab-nebula-serf77,60,161,152,152,0,9,1.0,0.9441,0.9441
14,clab-nebula-serf121,60,161,153,153,0,8,1.0,0.9503,0.9503
14,clab-nebula-serf140,60,145,153,137,16,8,0.8954,0.9448,0.8509
14,clab-nebula-serf148,60,148,147,140,7,8,0.9524,0.9459,0.9032
14,clab-nebula-serf154,60,147,146,139,7,8,0.9521,0.9456,0.9026
14,clab-nebula-serf156,60,154,148,146,2,8,0.9865,0.9481,0.9359
14,clab-nebula-serf23,60,124,148,117,31,7,0.7905,0.9435,0.7548
14,clab-nebula-serf39,60,158,153,150,3,8,0.9804,0.9494,0.9317
14,clab-nebula-serf62,60,154,147,146,1,8,0.9932,0.9481,0.9419
14,clab-nebula-serf107,60,161,152,152,0,9,1.0,0.9441,0.9441
14,clab-nebula-serf115,60,103,155,97,58,6,0.6258,0.9417,0.6025
14,clab-nebula-serf151,60,148,147,140,7,8,0.9524,0.9459,0.9032
14,clab-nebula-serf158,60,148,153,140,13,8,0.915,0.9459,0.8696
14,clab-nebula-serf28,60,121,145,115,30,6,0.7931,0.9504,0.7616
14,clab-nebula-serf29,60,125,146,118,28,7,0.8082,0.944,0.7712
16,clab-nebula-serf130,5,0,0,0,0,0,1.0,1.0,1.0
16,clab-nebula-serf161,5,4,4,3,1,1,0.75,0.75,0.6
16,clab-nebula-serf32,5,3,6,2,4,1,0.3333,0.6667,0.2857
16,clab-nebula-serf63,5,0,0,0,0,0,1.0,1.0,1.0
16,clab-nebula-serf45,5,2,5,1,4,1,0.2,0.5,0.1667
16,clab-nebula-serf49,5,4,6,3,3,1,0.5,0.75,0.4286
16,clab-nebula-serf83,5,0,0,0,0,0,1.0,1.0,1.0
16,clab-nebula-serf91,5,3,3,2,1,1,0.6667,0.6667,0.5
16,clab-nebula-serf136,5,0,0,0,0,0,1.0,1.0,1.0
16,clab-nebula-serf146,5,0,0,0,0,0,1.0,1.0,1.0
16,clab-nebula-serf12,5,0,0,0,0,0,1.0,1.0,1.0
16,clab-nebula-serf19,5,0,0,0,0,0,1.0,1.0,1.0
16,clab-nebula-serf80,5,0,0,0,0,0,1.0,1.0,1.0
16,clab-nebula-serf111,5,1,5,0,5,1,0.0,0.0,0.0
16,clab-nebula-serf109,5,3,5,2,3,1,0.4,0.6667,0.3333
16,clab-nebula-serf147,5,0,0,0,0,0,1.0,1.0,1.0
16,clab-nebula-serf4,5,1,0,0,0,1,0.0,0.0,0.0
16,clab-nebula-serf100,5,6,5,5,0,1,1.0,0.8333,0.8333
16,clab-nebula-serf75,5,0,0,0,0,0,1.0,1.0,1.0
16,clab-nebula-serf89,5,3,2,2,0,1,1.0,0.6667,0.6667
16,clab-nebula-serf101,5,4,4,3,1,1,0.75,0.75,0.6
16,clab-nebula-serf105,5,1,6,1,5,0,0.1667,1.0,0.1667
16,clab-nebula-serf65,5,0,0,0,0,0,1.0,1.0,1.0
16,clab-nebula-serf68,5,0,0,0,0,0,1.0,1.0,1.0
16,clab-nebula-serf94,5,2,4,1,3,1,0.25,0.5,0.2
16,clab-nebula-serf103,5,7,6,6,0,1,1.0,0.8571,0.8571
16,clab-nebula-serf117,5,0,0,0,0,0,1.0,1.0,1.0
16,clab-nebula-serf127,5,0,0,0,0,0,1.0,1.0,1.0
16,clab-nebula-serf129,5,0,0,0,0,0,1.0,1.0,1.0
16,clab-nebula-serf155,5,0,0,0,0,0,1.0,1.0,1.0
16,clab-nebula-serf3,5,0,0,0,0,0,1.0,1.0,1.0
16,clab-nebula-serf14,5,0,0,0,0,0,1.0,1.0,1.0
16,clab-nebula-serf142,5,0,0,0,0,0,1.0,1.0,1.0
16,clab-nebula-serf96,5,4,3,3,0,1,1.0,0.75,0.75
16,clab-nebula-serf116,5,0,0,0,0,0,1.0,1.0,1.0
16,clab-nebula-serf56,5,9,17,8,9,1,0.4706,0.8889,0.4444
16,clab-nebula-serf59,5,5,28,4,24,1,0.1429,0.8,0.1379
16,clab-nebula-serf70,5,3,94,2,92,1,0.0213,0.6667,0.0211
16,clab-nebula-serf81,5,1,6,0,6,1,0.0,0.0,0.0
16,clab-nebula-serf95,5,0,0,0,0,0,1.0,1.0,1.0
16,clab-nebula-serf114,5,1,1,1,0,0,1.0,1.0,1.0
16,clab-nebula-serf9,5,1,0,0,0,1,0.0,0.0,0.0
16,clab-nebula-serf17,5,1,4,1,3,0,0.25,1.0,0.25
16,clab-nebula-serf139,5,0,0,0,0,0,1.0,1.0,1.0
16,clab-nebula-serf52,5,1,2,1,1,0,0.5,1.0,0.5
16,clab-nebula-serf71,5,0,0,0,0,0,1.0,1.0,1.0
16,clab-nebula-serf26,5,3,5,2,3,1,0.4,0.6667,0.3333
16,clab-nebula-serf34,5,1,5,1,4,0,0.2,1.0,0.2
16,clab-nebula-serf126,5,0,0,0,0,0,1.0,1.0,1.0
16,clab-nebula-serf36,5,0,0,0,0,0,1.0,1.0,1.0
16,clab-nebula-serf82,5,0,0,0,0,0,1.0,1.0,1.0
16,clab-nebula-serf85,5,0,0,0,0,0,1.0,1.0,1.0
16,clab-nebula-serf97,5,5,5,4,1,1,0.8,0.8,0.6667
16,clab-nebula-serf99,5,6,5,5,0,1,1.0,0.8333,0.8333
16,clab-nebula-serf124,5,0,0,0,0,0,1.0,1.0,1.0
16,clab-nebula-serf157,5,4,4,3,1,1,0.75,0.75,0.6
16,clab-nebula-serf159,5,4,4,3,1,1,0.75,0.75,0.6
16,clab-nebula-serf1,5,0,0,0,0,0,1.0,1.0,1.0
16,clab-nebula-serf33,5,3,156,2,154,1,0.0128,0.6667,0.0127
16,clab-nebula-serf123,5,0,0,0,0,0,1.0,1.0,1.0
16,clab-nebula-serf135,5,0,0,0,0,0,1.0,1.0,1.0
16,clab-nebula-serf13,5,0,0,0,0,0,1.0,1.0,1.0
16,clab-nebula-serf47,5,4,6,3,3,1,0.5,0.75,0.4286
16,clab-nebula-serf84,5,0,0,0,0,0,1.0,1.0,1.0
16,clab-nebula-serf92,5,0,0,0,0,0,1.0,1.0,1.0
16,clab-nebula-serf106,5,0,0,0,0,0,1.0,1.0,1.0
16,clab-nebula-serf108,5,0,0,0,0,0,1.0,1.0,1.0
16,clab-nebula-serf119,5,2,1,1,0,1,1.0,0.5,0.5
16,clab-nebula-serf125,5,0,0,0,0,0,1.0,1.0,1.0
16,clab-nebula-serf54,5,1,3,0,3,1,0.0,0.0,0.0
16,clab-nebula-serf57,5,4,8,3,5,1,0.375,0.75,0.3333
16,clab-nebula-serf24,5,0,0,0,0,0,1.0,1.0,1.0
16,clab-nebula-serf42,5,0,0,0,0,0,1.0,1.0,1.0
16,clab-nebula-serf48,5,0,0,0,0,0,1.0,1.0,1.0
16,clab-nebula-serf2,5,0,0,0,0,0,1.0,1.0,1.0
16,clab-nebula-serf21,5,2,6,1,5,1,0.1667,0.5,0.1429
16,clab-nebula-serf67,5,0,0,0,0,0,1.0,1.0,1.0
16,clab-nebula-serf102,5,5,5,4,1,1,0.8,0.8,0.6667
16,clab-nebula-serf110,5,0,0,0,0,0,1.0,1.0,1.0
16,clab-nebula-serf132,5,0,0,0,0,0,1.0,1.0,1.0
16,clab-nebula-serf134,5,0,0,0,0,0,1.0,1.0,1.0
16,clab-nebula-serf137,5,0,0,0,0,0,1.0,1.0,1.0
16,clab-nebula-serf10,5,1,1,1,0,0,1.0,1.0,1.0
16,clab-nebula-serf46,5,0,0,0,0,0,1.0,1.0,1.0
16,clab-nebula-serf74,5,0,0,0,0,0,1.0,1.0,1.0
16,clab-nebula-serf76,5,2,6,1,5,1,0.1667,0.5,0.1429
16,clab-nebula-serf149,5,0,0,0,0,0,1.0,1.0,1.0
16,clab-nebula-serf20,5,2,1,1,0,1,1.0,0.5,0.5
16,clab-nebula-serf22,5,0,0,0,0,0,1.0,1.0,1.0
16,clab-nebula-serf160,5,4,4,3,1,1,0.75,0.75,0.6
16,clab-nebula-serf31,5,1,1,1,0,0,1.0,1.0,1.0
16,clab-nebula-serf93,5,3,3,2,1,1,0.6667,0.6667,0.5
16,clab-nebula-serf122,5,0,0,0,0,0,1.0,1.0,1.0
16,clab-nebula-serf38,5,0,0,0,0,0,1.0,1.0,1.0
16,clab-nebula-serf55,5,0,0,0,0,0,1.0,1.0,1.0
16,clab-nebula-serf79,5,6,79,5,74,1,0.0633,0.8333,0.0625
16,clab-nebula-serf113,5,1,1,1,0,0,1.0,1.0,1.0
16,clab-nebula-serf120,5,2,1,1,0,1,1.0,0.5,0.5
16,clab-nebula-serf128,5,0,0,0,0,0,1.0,1.0,1.0
16,clab-nebula-serf8,5,0,0,0,0,0,1.0,1.0,1.0
16,clab-nebula-serf27,5,0,0,0,0,0,1.0,1.0,1.0
16,clab-nebula-serf78,5,0,0,0,0,0,1.0,1.0,1.0
16,clab-nebula-serf104,5,1,6,1,5,0,0.1667,1.0,0.1667
16,clab-nebula-serf133,5,0,0,0,0,0,1.0,1.0,1.0
16,clab-nebula-serf64,5,0,0,0,0,0,1.0,1.0,1.0
16,clab-nebula-serf73,5,4,79,3,76,1,0.038,0.75,0.0375
16,clab-nebula-serf118,5,2,1,1,0,1,1.0,0.5,0.5
16,clab-nebula-serf5,5,0,0,0,0,0,1.0,1.0,1.0
16,clab-nebula-serf87,5,3,2,2,0,1,1.0,0.6667,0.6667
16,clab-nebula-serf88,5,3,2,2,0,1,1.0,0.6667,0.6667
16,clab-nebula-serf153,5,0,0,0,0,0,1.0,1.0,1.0
16,clab-nebula-serf53,5,0,0,0,0,0,1.0,1.0,1.0
16,clab-nebula-serf69,5,0,0,0,0,0,1.0,1.0,1.0
16,clab-nebula-serf60,5,4,18,3,15,1,0.1667,0.75,0.1579
16,clab-nebula-serf145,5,0,0,0,0,0,1.0,1.0,1.0
16,clab-nebula-serf6,5,1,5,1,4,0,0.2,1.0,0.2
16,clab-nebula-serf11,5,2,1,1,0,1,1.0,0.5,0.5
16,clab-nebula-serf98,5,1,4,0,4,1,0.0,0.0,0.0
16,clab-nebula-serf138,5,0,0,0,0,0,1.0,1.0,1.0
16,clab-nebula-serf150,5,0,0,0,0,0,1.0,1.0,1.0
16,clab-nebula-serf18,5,0,0,0,0,0,1.0,1.0,1.0
16,clab-nebula-serf30,5,1,3,1,2,0,0.3333,1.0,0.3333
16,clab-nebula-serf44,5,3,5,2,3,1,0.4,0.6667,0.3333
16,clab-nebula-serf131,5,0,0,0,0,0,1.0,1.0,1.0
16,clab-nebula-serf35,5,0,0,0,0,0,1.0,1.0,1.0
16,clab-nebula-serf40,5,0,0,0,0,0,1.0,1.0,1.0
16,clab-nebula-serf144,5,0,0,0,0,0,1.0,1.0,1.0
16,clab-nebula-serf152,5,0,0,0,0,0,1.0,1.0,1.0
16,clab-nebula-serf162,5,0,0,0,0,0,1.0,1.0,1.0
16,clab-nebula-serf41,5,0,0,0,0,0,1.0,1.0,1.0
16,clab-nebula-serf72,5,1,7,0,7,1,0.0,0.0,0.0
16,clab-nebula-serf141,5,0,0,0,0,0,1.0,1.0,1.0
16,clab-nebula-serf25,5,0,0,0,0,0,1.0,1.0,1.0
16,clab-nebula-serf50,5,3,5,2,3,1,0.4,0.6667,0.3333
16,clab-nebula-serf51,5,1,1,1,0,0,1.0,1.0,1.0
16,clab-nebula-serf66,5,0,0,0,0,0,1.0,1.0,1.0
16,clab-nebula-serf86,5,3,2,2,0,1,1.0,0.6667,0.6667
16,clab-nebula-serf90,5,2,1,1,0,1,1.0,0.5,0.5
16,clab-nebula-serf143,5,0,0,0,0,0,1.0,1.0,1.0
16,clab-nebula-serf7,5,1,6,1,5,0,0.1667,1.0,0.1667
16,clab-nebula-serf37,5,2,157,1,156,1,0.0064,0.5,0.0063
16,clab-nebula-serf43,5,0,0,0,0,0,1.0,1.0,1.0
16,clab-nebula-serf58,5,5,28,4,24,1,0.1429,0.8,0.1379
16,clab-nebula-serf61,5,5,28,4,24,1,0.1429,0.8,0.1379
16,clab-nebula-serf112,5,0,0,0,0,0,1.0,1.0,1.0
16,clab-nebula-serf15,5,1,1,1,0,0,1.0,1.0,1.0
16,clab-nebula-serf16,5,2,2,1,1,1,0.5,0.5,0.3333
16,clab-nebula-serf77,5,3,99,2,97,1,0.0202,0.6667,0.02
16,clab-nebula-serf121,5,0,0,0,0,0,1.0,1.0,1.0
16,clab-nebula-serf140,5,0,0,0,0,0,1.0,1.0,1.0
16,clab-nebula-serf148,5,0,0,0,0,0,1.0,1.0,1.0
16,clab-nebula-serf154,5,0,0,0,0,0,1.0,1.0,1.0
16,clab-nebula-serf156,5,0,0,0,0,0,1.0,1.0,1.0
16,clab-nebula-serf23,5,0,0,0,0,0,1.0,1.0,1.0
16,clab-nebula-serf39,5,2,113,1,112,1,0.0088,0.5,0.0088
16,clab-nebula-serf62,5,0,0,0,0,0,1.0,1.0,1.0
16,clab-nebula-serf107,5,0,0,0,0,0,1.0,1.0,1.0
16,clab-nebula-serf115,5,0,0,0,0,0,1.0,1.0,1.0
16,clab-nebula-serf151,5,0,0,0,0,0,1.0,1.0,1.0
16,clab-nebula-serf158,5,4,4,3,1,1,0.75,0.75,0.6
16,clab-nebula-serf28,5,0,0,0,0,0,1.0,1.0,1.0
16,clab-nebula-serf29,5,0,0,0,0,0,1.0,1.0,1.0
16,clab-nebula-serf130,10,0,0,0,0,0,1.0,1.0,1.0
16,clab-nebula-serf161,10,4,4,3,1,1,0.75,0.75,0.6
16,clab-nebula-serf32,10,19,157,18,139,1,0.1146,0.9474,0.1139
16,clab-nebula-serf63,10,0,0,0,0,0,1.0,1.0,1.0
16,clab-nebula-serf45,10,8,11,7,4,1,0.6364,0.875,0.5833
16,clab-nebula-serf49,10,14,99,13,86,1,0.1313,0.9286,0.13
16,clab-nebula-serf83,10,3,4,2,2,1,0.5,0.6667,0.4
16,clab-nebula-serf91,10,17,72,16,56,1,0.2222,0.9412,0.2192
16,clab-nebula-serf136,10,0,0,0,0,0,1.0,1.0,1.0
16,clab-nebula-serf146,10,0,0,0,0,0,1.0,1.0,1.0
16,clab-nebula-serf12,10,5,29,4,25,1,0.1379,0.8,0.1333
16,clab-nebula-serf19,10,5,21,4,17,1,0.1905,0.8,0.1818
16,clab-nebula-serf80,10,14,116,13,103,1,0.1121,0.9286,0.1111
16,clab-nebula-serf111,10,7,8,6,2,1,0.75,0.8571,0.6667
16,clab-nebula-serf109,10,8,8,7,1,1,0.875,0.875,0.7778
16,clab-nebula-serf147,10,0,0,0,0,0,1.0,1.0,1.0
16,clab-nebula-serf4,10,2,2,1,1,1,0.5,0.5,0.3333
16,clab-nebula-serf100,10,7,6,6,0,1,1.0,0.8571,0.8571
16,clab-nebula-serf75,10,7,79,6,73,1,0.0759,0.8571,0.075
16,clab-nebula-serf89,10,3,2,2,0,1,1.0,0.6667,0.6667
16,clab-nebula-serf101,10,7,6,6,0,1,1.0,0.8571,0.8571
16,clab-nebula-serf105,10,3,4,2,2,1,0.5,0.6667,0.4
16,clab-nebula-serf65,10,0,0,0,0,0,1.0,1.0,1.0
16,clab-nebula-serf68,10,5,14,4,10,1,0.2857,0.8,0.2667
16,clab-nebula-serf94,10,17,72,16,56,1,0.2222,0.9412,0.2192
16,clab-nebula-serf103,10,7,6,6,0,1,1.0,0.8571,0.8571
16,clab-nebula-serf117,10,0,0,0,0,0,1.0,1.0,1.0
16,clab-nebula-serf127,10,4,149,3,146,1,0.0201,0.75,0.02
16,clab-nebula-serf129,10,0,0,0,0,0,1.0,1.0,1.0
16,clab-nebula-serf155,10,0,0,0,0,0,1.0,1.0,1.0
16,clab-nebula-serf3,10,2,1,1,0,1,1.0,0.5,0.5
16,clab-nebula-serf14,10,4,29,3,26,1,0.1034,0.75,0.1
16,clab-nebula-serf142,10,0,0,0,0,0,1.0,1.0,1.0
16,clab-nebula-serf96,10,7,6,6,0,1,1.0,0.8571,0.8571
16,clab-nebula-serf116,10,0,0,0,0,0,1.0,1.0,1.0
16,clab-nebula-serf56,10,24,98,22,76,2,0.2245,0.9167,0.22
16,clab-nebula-serf59,10,26,98,24,74,2,0.2449,0.9231,0.24
16,clab-nebula-serf70,10,19,143,18,125,1,0.1259,0.9474,0.125
16,clab-nebula-serf81,10,22,116,20,96,2,0.1724,0.9091,0.1695
16,clab-nebula-serf95,10,10,67,9,58,1,0.1343,0.9,0.1324
16,clab-nebula-serf114,10,1,1,1,0,0,1.0,1.0,1.0
16,clab-nebula-serf9,10,8,21,7,14,1,0.3333,0.875,0.3182
16,clab-nebula-serf17,10,12,40,11,29,1,0.275,0.9167,0.2683
16,clab-nebula-serf139,10,0,0,0,0,0,1.0,1.0,1.0
16,clab-nebula-serf52,10,12,17,11,6,1,0.6471,0.9167,0.6111
16,clab-nebula-serf71,10,15,116,14,102,1,0.1207,0.9333,0.1197
16,clab-nebula-serf26,10,19,157,18,139,1,0.1146,0.9474,0.1139
16,clab-nebula-serf34,10,9,148,8,140,1,0.0541,0.8889,0.0537
16,clab-nebula-serf126,10,3,19,2,17,1,0.1053,0.6667,0.1
16,clab-nebula-serf36,10,2,157,1,156,1,0.0064,0.5,0.0063
16,clab-nebula-serf82,10,0,0,0,0,0,1.0,1.0,1.0
16,clab-nebula-serf85,10,4,6,3,3,1,0.5,0.75,0.4286
16,clab-nebula-serf97,10,7,6,6,0,1,1.0,0.8571,0.8571
16,clab-nebula-serf99,10,7,6,6,0,1,1.0,0.8571,0.8571
16,clab-nebula-serf124,10,3,14,2,12,1,0.1429,0.6667,0.1333
16,clab-nebula-serf157,10,4,4,3,1,1,0.75,0.75,0.6
16,clab-nebula-serf159,10,4,4,3,1,1,0.75,0.75,0.6
16,clab-nebula-serf1,10,6,5,5,0,1,1.0,0.8333,0.8333
16,clab-nebula-serf33,10,20,62,19,43,1,0.3065,0.95,0.3016
16,clab-nebula-serf123,10,2,38,1,37,1,0.0263,0.5,0.0256
16,clab-nebula-serf135,10,0,0,0,0,0,1.0,1.0,1.0
16,clab-nebula-serf13,10,7,33,6,27,1,0.1818,0.8571,0.1765
16,clab-nebula-serf47,10,12,19,11,8,1,0.5789,0.9167,0.55
16,clab-nebula-serf84,10,0,0,0,0,0,1.0,1.0,1.0
16,clab-nebula-serf92,10,9,72,8,64,1,0.1111,0.8889,0.1096
16,clab-nebula-serf106,10,2,2,1,1,1,0.5,0.5,0.3333
16,clab-nebula-serf108,10,2,4,1,3,1,0.25,0.5,0.2
16,clab-nebula-serf119,10,2,1,1,0,1,1.0,0.5,0.5
16,clab-nebula-serf125,10,3,19,2,17,1,0.1053,0.6667,0.1
16,clab-nebula-serf54,10,11,17,10,7,1,0.5882,0.9091,0.5556
16,clab-nebula-serf57,10,13,148,12,136,1,0.0811,0.9231,0.0805
16,clab-nebula-serf24,10,2,6,1,5,1,0.1667,0.5,0.1429
16,clab-nebula-serf42,10,0,0,0,0,0,1.0,1.0,1.0
16,clab-nebula-serf48,10,5,5,4,1,1,0.8,0.8,0.6667
16,clab-nebula-serf2,10,1,8,1,7,0,0.125,1.0,0.125
16,clab-nebula-serf21,10,4,6,3,3,1,0.5,0.75,0.4286
16,clab-nebula-serf67,10,5,14,4,10,1,0.2857,0.8,0.2667
16,clab-nebula-serf102,10,7,6,6,0,1,1.0,0.8571,0.8571
16,clab-nebula-serf110,10,0,0,0,0,0,1.0,1.0,1.0
16,clab-nebula-serf132,10,0,0,0,0,0,1.0,1.0,1.0
16,clab-nebula-serf134,10,0,0,0,0,0,1.0,1.0,1.0
16,clab-nebula-serf137,10,0,0,0,0,0,1.0,1.0,1.0
16,clab-nebula-serf10,10,9,23,8,15,1,0.3478,0.8889,0.3333
16,clab-nebula-serf46,10,3,5,2,3,1,0.4,0.6667,0.3333
16,clab-nebula-serf74,10,9,67,8,59,1,0.1194,0.8889,0.1176
16,clab-nebula-serf76,10,25,116,23,93,2,0.1983,0.92,0.1949
16,clab-nebula-serf149,10,0,0,0,0,0,1.0,1.0,1.0
16,clab-nebula-serf20,10,4,5,3,2,1,0.6,0.75,0.5
16,clab-nebula-serf22,10,4,16,3,13,1,0.1875,0.75,0.1765
16,clab-nebula-serf160,10,4,4,3,1,1,0.75,0.75,0.6
16,clab-nebula-serf31,10,13,100,12,88,1,0.12,0.9231,0.1188
16,clab-nebula-serf93,10,16,74,15,59,1,0.2027,0.9375,0.2
16,clab-nebula-serf122,10,0,0,0,0,0,1.0,1.0,1.0
16,clab-nebula-serf38,10,4,156,3,153,1,0.0192,0.75,0.0191
16,clab-nebula-serf55,10,9,17,8,9,1,0.4706,0.8889,0.4444
16,clab-nebula-serf79,10,26,116,24,92,2,0.2069,0.9231,0.2034
16,clab-nebula-serf113,10,1,1,1,0,0,1.0,1.0,1.0
16,clab-nebula-serf120,10,2,1,1,0,1,1.0,0.5,0.5
16,clab-nebula-serf128,10,2,4,1,3,1,0.25,0.5,0.2
16,clab-nebula-serf8,10,5,4,4,0,1,1.0,0.8,0.8
16,clab-nebula-serf27,10,3,156,2,154,1,0.0128,0.6667,0.0127
16,clab-nebula-serf78,10,9,67,8,59,1,0.1194,0.8889,0.1176
16,clab-nebula-serf104,10,3,4,2,2,1,0.5,0.6667,0.4
16,clab-nebula-serf133,10,0,0,0,0,0,1.0,1.0,1.0
16,clab-nebula-serf64,10,0,0,0,0,0,1.0,1.0,1.0
16,clab-nebula-serf73,10,25,116,23,93,2,0.1983,0.92,0.1949
16,clab-nebula-serf118,10,2,1,1,0,1,1.0,0.5,0.5
16,clab-nebula-serf5,10,3,2,2,0,1,1.0,0.6667,0.6667
16,clab-nebula-serf87,10,3,2,2,0,1,1.0,0.6667,0.6667
16,clab-nebula-serf88,10,3,2,2,0,1,1.0,0.6667,0.6667
16,clab-nebula-serf153,10,0,0,0,0,0,1.0,1.0,1.0
16,clab-nebula-serf53,10,8,17,7,10,1,0.4118,0.875,0.3889
16,clab-nebula-serf69,10,14,116,13,103,1,0.1121,0.9286,0.1111
16,clab-nebula-serf60,10,10,20,9,11,1,0.45,0.9,0.4286
16,clab-nebula-serf145,10,0,0,0,0,0,1.0,1.0,1.0
16,clab-nebula-serf6,10,7,12,6,6,1,0.5,0.8571,0.4615
16,clab-nebula-serf11,10,14,24,13,11,1,0.5417,0.9286,0.52
16,clab-nebula-serf98,10,7,6,6,0,1,1.0,0.8571,0.8571
16,clab-nebula-serf138,10,0,0,0,0,0,1.0,1.0,1.0
16,clab-nebula-serf150,10,0,0,0,0,0,1.0,1.0,1.0
16,clab-nebula-serf18,10,5,20,4,16,1,0.2,0.8,0.1905
16,clab-nebula-serf30,10,13,100,12,88,1,0.12,0.9231,0.1188
16,clab-nebula-serf44,10,10,19,9,10,1,0.4737,0.9,0.45
16,clab-nebula-serf131,10,0,0,0,0,0,1.0,1.0,1.0
16,clab-nebula-serf35,10,1,2,1,1,0,0.5,1.0,0.5
16,clab-nebula-serf40,10,1,6,0,6,1,0.0,0.0,0.0
16,clab-nebula-serf144,10,0,0,0,0,0,1.0,1.0,1.0
16,clab-nebula-serf152,10,1,123,1,122,0,0.0081,1.0,0.0081
16,clab-nebula-serf162,10,0,0,0,0,0,1.0,1.0,1.0
16,clab-nebula-serf41,10,0,0,0,0,0,1.0,1.0,1.0
16,clab-nebula-serf72,10,16,116,15,101,1,0.1293,0.9375,0.1282
16,clab-nebula-serf141,10,0,0,0,0,0,1.0,1.0,1.0
16,clab-nebula-serf25,10,4,16,3,13,1,0.1875,0.75,0.1765
16,clab-nebula-serf50,10,8,11,7,4,1,0.6364,0.875,0.5833
16,clab-nebula-serf51,10,9,17,8,9,1,0.4706,0.8889,0.4444
16,clab-nebula-serf66,10,4,14,3,11,1,0.2143,0.75,0.2
16,clab-nebula-serf86,10,4,3,3,0,1,1.0,0.75,0.75
16,clab-nebula-serf90,10,9,67,8,59,1,0.1194,0.8889,0.1176
16,clab-nebula-serf143,10,0,0,0,0,0,1.0,1.0,1.0
16,clab-nebula-serf7,10,9,20,8,12,1,0.4,0.8889,0.381
16,clab-nebula-serf37,10,8,152,7,145,1,0.0461,0.875,0.0458
16,clab-nebula-serf43,10,5,6,4,2,1,0.6667,0.8,0.5714
16,clab-nebula-serf58,10,19,99,18,81,1,0.1818,0.9474,0.18
16,clab-nebula-serf61,10,20,99,19,80,1,0.1919,0.95,0.19
16,clab-nebula-serf112,10,0,0,0,0,0,1.0,1.0,1.0
16,clab-nebula-serf15,10,14,41,13,28,1,0.3171,0.9286,0.3095
16,clab-nebula-serf16,10,17,41,16,25,1,0.3902,0.9412,0.381
16,clab-nebula-serf77,10,24,116,22,94,2,0.1897,0.9167,0.1864
16,clab-nebula-serf121,10,1,30,0,30,1,0.0,0.0,0.0
16,clab-nebula-serf140,10,0,0,0,0,0,1.0,1.0,1.0
16,clab-nebula-serf148,10,0,0,0,0,0,1.0,1.0,1.0
16,clab-nebula-serf154,10,0,0,0,0,0,1.0,1.0,1.0
16,clab-nebula-serf156,10,0,0,0,0,0,1.0,1.0,1.0
16,clab-nebula-serf23,10,0,0,0,0,0,1.0,1.0,1.0
16,clab-nebula-serf39,10,15,125,14,111,1,0.112,0.9333,0.1111
16,clab-nebula-serf62,10,4,8,3,5,1,0.375,0.75,0.3333
16,clab-nebula-serf107,10,2,7,1,6,1,0.1429,0.5,0.125
16,clab-nebula-serf115,10,0,0,0,0,0,1.0,1.0,1.0
16,clab-nebula-serf151,10,0,0,0,0,0,1.0,1.0,1.0
16,clab-nebula-serf158,10,4,4,3,1,1,0.75,0.75,0.6
16,clab-nebula-serf28,10,1,108,1,107,0,0.0093,1.0,0.0093
16,clab-nebula-serf29,10,2,95,1,94,1,0.0105,0.5,0.0104
16,clab-nebula-serf130,15,0,0,0,0,0,1.0,1.0,1.0
16,clab-nebula-serf161,15,5,4,4,0,1,1.0,0.8,0.8
16,clab-nebula-serf32,15,32,157,30,127,2,0.1911,0.9375,0.1887
16,clab-nebula-serf63,15,6,28,5,23,1,0.1786,0.8333,0.1724
16,clab-nebula-serf45,15,22,36,20,16,2,0.5556,0.9091,0.5263
16,clab-nebula-serf49,15,30,48,28,20,2,0.5833,0.9333,0.56
16,clab-nebula-serf83,15,14,66,13,53,1,0.197,0.9286,0.194
16,clab-nebula-serf91,15,36,125,34,91,2,0.272,0.9444,0.2677
16,clab-nebula-serf136,15,2,2,1,1,1,0.5,0.5,0.3333
16,clab-nebula-serf146,15,1,4,1,3,0,0.25,1.0,0.25
16,clab-nebula-serf12,15,19,41,18,23,1,0.439,0.9474,0.4286
16,clab-nebula-serf19,15,23,31,21,10,2,0.6774,0.913,0.6364
16,clab-nebula-serf80,15,32,128,30,98,2,0.2344,0.9375,0.2308
16,clab-nebula-serf111,15,17,56,16,40,1,0.2857,0.9412,0.2807
16,clab-nebula-serf109,15,26,79,24,55,2,0.3038,0.9231,0.2963
16,clab-nebula-serf147,15,2,111,1,110,1,0.009,0.5,0.0089
16,clab-nebula-serf4,15,9,8,8,0,1,1.0,0.8889,0.8889
16,clab-nebula-serf100,15,8,26,7,19,1,0.2692,0.875,0.2593
16,clab-nebula-serf75,15,26,116,24,92,2,0.2069,0.9231,0.2034
16,clab-nebula-serf89,15,8,10,7,3,1,0.7,0.875,0.6364
16,clab-nebula-serf101,15,7,6,6,0,1,1.0,0.8571,0.8571
16,clab-nebula-serf105,15,8,8,7,1,1,0.875,0.875,0.7778
16,clab-nebula-serf65,15,0,0,0,0,0,1.0,1.0,1.0
16,clab-nebula-serf68,15,27,117,25,92,2,0.2137,0.9259,0.2101
16,clab-nebula-serf94,15,36,125,34,91,2,0.272,0.9444,0.2677
16,clab-nebula-serf103,15,8,26,7,19,1,0.2692,0.875,0.2593
16,clab-nebula-serf117,15,0,0,0,0,0,1.0,1.0,1.0
16,clab-nebula-serf127,15,13,157,12,145,1,0.0764,0.9231,0.0759
16,clab-nebula-serf129,15,2,7,1,6,1,0.1429,0.5,0.125
16,clab-nebula-serf155,15,1,3,1,2,0,0.3333,1.0,0.3333
16,clab-nebula-serf3,15,7,8,6,2,1,0.75,0.8571,0.6667
16,clab-nebula-serf14,15,18,41,17,24,1,0.4146,0.9444,0.4048
16,clab-nebula-serf142,15,1,4,1,3,0,0.25,1.0,0.25
16,clab-nebula-serf96,15,7,6,6,0,1,1.0,0.8571,0.8571
16,clab-nebula-serf116,15,0,0,0,0,0,1.0,1.0,1.0
16,clab-nebula-serf56,15,64,142,60,82,4,0.4225,0.9375,0.411
16,clab-nebula-serf59,15,63,142,59,83,4,0.4155,0.9365,0.4041
16,clab-nebula-serf70,15,36,146,34,112,2,0.2329,0.9444,0.2297
16,clab-nebula-serf81,15,39,129,37,92,2,0.2868,0.9487,0.2824
16,clab-nebula-serf95,15,30,124,28,96,2,0.2258,0.9333,0.2222
16,clab-nebula-serf114,15,2,99,1,98,1,0.0101,0.5,0.01
16,clab-nebula-serf9,15,17,25,16,9,1,0.64,0.9412,0.6154
16,clab-nebula-serf17,15,30,93,28,65,2,0.3011,0.9333,0.2947
16,clab-nebula-serf139,15,5,16,4,12,1,0.25,0.8,0.2353
16,clab-nebula-serf52,15,38,99,36,63,2,0.3636,0.9474,0.3564
16,clab-nebula-serf71,15,33,129,31,98,2,0.2403,0.9394,0.2366
16,clab-nebula-serf26,15,31,138,29,109,2,0.2101,0.9355,0.2071
16,clab-nebula-serf34,15,27,61,25,36,2,0.4098,0.9259,0.3968
16,clab-nebula-serf126,15,15,157,14,143,1,0.0892,0.9333,0.0886
16,clab-nebula-serf36,15,17,82,16,66,1,0.1951,0.9412,0.1928
16,clab-nebula-serf82,15,0,0,0,0,0,1.0,1.0,1.0
16,clab-nebula-serf85,15,19,72,18,54,1,0.25,0.9474,0.2466
16,clab-nebula-serf97,15,7,6,6,0,1,1.0,0.8571,0.8571
16,clab-nebula-serf99,15,7,6,6,0,1,1.0,0.8571,0.8571
16,clab-nebula-serf124,15,8,36,7,29,1,0.1944,0.875,0.1892
16,clab-nebula-serf157,15,5,4,4,0,1,1.0,0.8,0.8
16,clab-nebula-serf159,15,5,4,4,0,1,1.0,0.8,0.8
16,clab-nebula-serf1,15,12,12,11,1,1,0.9167,0.9167,0.8462
16,clab-nebula-serf33,15,53,141,50,91,3,0.3546,0.9434,0.3472
16,clab-nebula-serf123,15,11,39,10,29,1,0.2564,0.9091,0.25
16,clab-nebula-serf135,15,1,6,1,5,0,0.1667,1.0,0.1667
16,clab-nebula-serf13,15,24,40,22,18,2,0.55,0.9167,0.5238
16,clab-nebula-serf47,15,25,48,23,25,2,0.4792,0.92,0.46
16,clab-nebula-serf84,15,4,5,3,2,1,0.6,0.75,0.5
16,clab-nebula-serf92,15,30,116,28,88,2,0.2414,0.9333,0.2373
16,clab-nebula-serf106,15,4,5,3,2,1,0.6,0.75,0.5
16,clab-nebula-serf108,15,7,8,6,2,1,0.75,0.8571,0.6667
16,clab-nebula-serf119,15,2,1,1,0,1,1.0,0.5,0.5
16,clab-nebula-serf125,15,12,157,11,146,1,0.0701,0.9167,0.0696
16,clab-nebula-serf54,15,35,98,33,65,2,0.3367,0.9429,0.33
16,clab-nebula-serf57,15,57,144,54,90,3,0.375,0.9474,0.3673
16,clab-nebula-serf24,15,5,6,4,2,1,0.6667,0.8,0.5714
16,clab-nebula-serf42,15,2,157,1,156,1,0.0064,0.5,0.0063
16,clab-nebula-serf48,15,21,44,20,24,1,0.4545,0.9524,0.4444
16,clab-nebula-serf2,15,5,9,4,5,1,0.4444,0.8,0.4
16,clab-nebula-serf21,15,16,83,15,68,1,0.1807,0.9375,0.1786
16,clab-nebula-serf67,15,26,116,24,92,2,0.2069,0.9231,0.2034
16,clab-nebula-serf102,15,7,6,6,0,1,1.0,0.8571,0.8571
16,clab-nebula-serf110,15,2,2,1,1,1,0.5,0.5,0.3333
16,clab-nebula-serf132,15,11,18,10,8,1,0.5556,0.9091,0.5263
16,clab-nebula-serf134,15,1,3,1,2,0,0.3333,1.0,0.3333
16,clab-nebula-serf137,15,2,5,1,4,1,0.2,0.5,0.1667
16,clab-nebula-serf10,15,20,27,19,8,1,0.7037,0.95,0.6786
16,clab-nebula-serf46,15,11,140,10,130,1,0.0714,0.9091,0.0709
16,clab-nebula-serf74,15,26,116,24,92,2,0.2069,0.9231,0.2034
16,clab-nebula-serf76,15,38,129,36,93,2,0.2791,0.9474,0.2748
16,clab-nebula-serf149,15,1,3,1,2,0,0.3333,1.0,0.3333
16,clab-nebula-serf20,15,15,158,14,144,1,0.0886,0.9333,0.0881
16,clab-nebula-serf22,15,10,140,9,131,1,0.0643,0.9,0.0638
16,clab-nebula-serf160,15,5,4,4,0,1,1.0,0.8,0.8
16,clab-nebula-serf31,15,28,152,26,126,2,0.1711,0.9286,0.1688
16,clab-nebula-serf93,15,37,133,35,98,2,0.2632,0.9459,0.2593
16,clab-nebula-serf122,15,8,36,7,29,1,0.1944,0.875,0.1892
16,clab-nebula-serf38,15,24,60,22,38,2,0.3667,0.9167,0.3548
16,clab-nebula-serf55,15,23,98,21,77,2,0.2143,0.913,0.21
16,clab-nebula-serf79,15,41,128,38,90,3,0.2969,0.9268,0.2901
16,clab-nebula-serf113,15,3,103,2,101,1,0.0194,0.6667,0.0192
16,clab-nebula-serf120,15,2,1,1,0,1,1.0,0.5,0.5
16,clab-nebula-serf128,15,6,8,5,3,1,0.625,0.8333,0.5556
16,clab-nebula-serf8,15,13,23,12,11,1,0.5217,0.9231,0.5
16,clab-nebula-serf27,15,7,157,6,151,1,0.0382,0.8571,0.038
16,clab-nebula-serf78,15,27,117,25,92,2,0.2137,0.9259,0.2101
16,clab-nebula-serf104,15,8,8,7,1,1,0.875,0.875,0.7778
16,clab-nebula-serf133,15,1,3,1,2,0,0.3333,1.0,0.3333
16,clab-nebula-serf64,15,0,0,0,0,0,1.0,1.0,1.0
16,clab-nebula-serf73,15,39,129,37,92,2,0.2868,0.9487,0.2824
16,clab-nebula-serf118,15,2,1,1,0,1,1.0,0.5,0.5
16,clab-nebula-serf5,15,7,8,6,2,1,0.75,0.8571,0.6667
16,clab-nebula-serf87,15,11,18,10,8,1,0.5556,0.9091,0.5263
16,clab-nebula-serf88,15,8,10,7,3,1,0.7,0.875,0.6364
16,clab-nebula-serf153,15,1,4,0,4,1,0.0,0.0,0.0
16,clab-nebula-serf53,15,25,98,23,75,2,0.2347,0.92,0.23
16,clab-nebula-serf69,15,31,129,29,100,2,0.2248,0.9355,0.2214
16,clab-nebula-serf60,15,42,142,39,103,3,0.2746,0.9286,0.269
16,clab-nebula-serf145,15,1,3,0,3,1,0.0,0.0,0.0
16,clab-nebula-serf6,15,18,24,17,7,1,0.7083,0.9444,0.68
16,clab-nebula-serf11,15,26,29,24,5,2,0.8276,0.9231,0.7742
16,clab-nebula-serf98,15,7,6,6,0,1,1.0,0.8571,0.8571
16,clab-nebula-serf138,15,1,6,1,5,0,0.1667,1.0,0.1667
16,clab-nebula-serf150,15,1,6,1,5,0,0.1667,1.0,0.1667
16,clab-nebula-serf18,15,20,43,19,24,1,0.4419,0.95,0.4318
16,clab-nebula-serf30,15,28,152,26,126,2,0.1711,0.9286,0.1688
16,clab-nebula-serf44,15,23,48,21,27,2,0.4375,0.913,0.42
16,clab-nebula-serf131,15,3,12,2,10,1,0.1667,0.6667,0.1538
16,clab-nebula-serf35,15,7,152,6,146,1,0.0395,0.8571,0.0392
16,clab-nebula-serf40,15,11,134,10,124,1,0.0746,0.9091,0.0741
16,clab-nebula-serf144,15,7,6,6,0,1,1.0,0.8571,0.8571
16,clab-nebula-serf152,15,11,124,10,114,1,0.0806,0.9091,0.08
16,clab-nebula-serf162,15,5,4,4,0,1,1.0,0.8,0.8
16,clab-nebula-serf41,15,1,6,0,6,1,0.0,0.0,0.0
16,clab-nebula-serf72,15,31,129,29,100,2,0.2248,0.9355,0.2214
16,clab-nebula-serf141,15,0,0,0,0,0,1.0,1.0,1.0
16,clab-nebula-serf25,15,12,138,11,127,1,0.0797,0.9167,0.0791
16,clab-nebula-serf50,15,23,48,21,27,2,0.4375,0.913,0.42
16,clab-nebula-serf51,15,24,98,22,76,2,0.2245,0.9167,0.22
16,clab-nebula-serf66,15,27,117,25,92,2,0.2137,0.9259,0.2101
16,clab-nebula-serf86,15,11,18,10,8,1,0.5556,0.9091,0.5263
16,clab-nebula-serf90,15,30,124,28,96,2,0.2258,0.9333,0.2222
16,clab-nebula-serf143,15,1,0,0,0,1,0.0,0.0,0.0
16,clab-nebula-serf7,15,19,24,18,6,1,0.75,0.9474,0.72
16,clab-nebula-serf37,15,29,61,27,34,2,0.4426,0.931,0.4286
16,clab-nebula-serf43,15,13,99,12,87,1,0.1212,0.9231,0.12
16,clab-nebula-serf58,15,57,144,54,90,3,0.375,0.9474,0.3673
16,clab-nebula-serf61,15,61,143,58,85,3,0.4056,0.9508,0.3973
16,clab-nebula-serf112,15,0,0,0,0,0,1.0,1.0,1.0
16,clab-nebula-serf15,15,32,93,30,63,2,0.3226,0.9375,0.3158
16,clab-nebula-serf16,15,33,98,31,67,2,0.3163,0.9394,0.31
16,clab-nebula-serf77,15,38,129,36,93,2,0.2791,0.9474,0.2748
16,clab-nebula-serf121,15,8,36,7,29,1,0.1944,0.875,0.1892
16,clab-nebula-serf140,15,0,0,0,0,0,1.0,1.0,1.0
16,clab-nebula-serf148,15,0,0,0,0,0,1.0,1.0,1.0
16,clab-nebula-serf154,15,1,3,0,3,1,0.0,0.0,0.0
16,clab-nebula-serf156,15,4,124,3,121,1,0.0242,0.75,0.024
16,clab-nebula-serf23,15,4,6,3,3,1,0.5,0.75,0.4286
16,clab-nebula-serf39,15,53,137,50,87,3,0.365,0.9434,0.3571
16,clab-nebula-serf62,15,13,148,12,136,1,0.0811,0.9231,0.0805
16,clab-nebula-serf107,15,6,7,5,2,1,0.7143,0.8333,0.625
16,clab-nebula-serf115,15,0,0,0,0,0,1.0,1.0,1.0
16,clab-nebula-serf151,15,1,2,1,1,0,0.5,1.0,0.5
16,clab-nebula-serf158,15,5,4,4,0,1,1.0,0.8,0.8
16,clab-nebula-serf28,15,2,107,1,106,1,0.0093,0.5,0.0093
16,clab-nebula-serf29,15,6,107,5,102,1,0.0467,0.8333,0.0463
16,clab-nebula-serf130,20,13,18,12,6,1,0.6667,0.9231,0.6316
16,clab-nebula-serf161,20,10,83,9,74,1,0.1084,0.9,0.1071
16,clab-nebula-serf32,20,59,152,56,96,3,0.3684,0.9492,0.3613
16,clab-nebula-serf63,20,32,111,30,81,2,0.2703,0.9375,0.2655
16,clab-nebula-serf45,20,40,83,38,45,2,0.4578,0.95,0.4471
16,clab-nebula-serf49,20,67,142,63,79,4,0.4437,0.9403,0.4315
16,clab-nebula-serf83,20,33,124,31,93,2,0.25,0.9394,0.246
16,clab-nebula-serf91,20,56,136,53,83,3,0.3897,0.9464,0.3813
16,clab-nebula-serf136,20,14,18,13,5,1,0.7222,0.9286,0.6842
16,clab-nebula-serf146,20,5,6,4,2,1,0.6667,0.8,0.5714
16,clab-nebula-serf12,20,38,96,36,60,2,0.375,0.9474,0.3673
16,clab-nebula-serf19,20,44,98,41,57,3,0.4184,0.9318,0.4059
16,clab-nebula-serf80,20,55,129,52,77,3,0.4031,0.9455,0.3939
16,clab-nebula-serf111,20,47,118,44,74,3,0.3729,0.9362,0.3636
16,clab-nebula-serf109,20,58,130,55,75,3,0.4231,0.9483,0.4135
16,clab-nebula-serf147,20,12,124,11,113,1,0.0887,0.9167,0.088
16,clab-nebula-serf4,20,16,22,15,7,1,0.6818,0.9375,0.6522
16,clab-nebula-serf100,20,14,94,13,81,1,0.1383,0.9286,0.1368
16,clab-nebula-serf75,20,41,129,39,90,2,0.3023,0.9512,0.2977
16,clab-nebula-serf89,20,18,72,17,55,1,0.2361,0.9444,0.2329
16,clab-nebula-serf101,20,10,91,9,82,1,0.0989,0.9,0.0978
16,clab-nebula-serf105,20,25,79,23,56,2,0.2911,0.92,0.284
16,clab-nebula-serf65,20,23,122,21,101,2,0.1721,0.913,0.1694
16,clab-nebula-serf68,20,42,128,39,89,3,0.3047,0.9286,0.2977
16,clab-nebula-serf94,20,57,136,54,82,3,0.3971,0.9474,0.3885
16,clab-nebula-serf103,20,16,113,15,98,1,0.1327,0.9375,0.1316
16,clab-nebula-serf117,20,0,0,0,0,0,1.0,1.0,1.0
16,clab-nebula-serf127,20,46,158,43,115,3,0.2722,0.9348,0.2671
16,clab-nebula-serf129,20,7,7,6,1,1,0.8571,0.8571,0.75
16,clab-nebula-serf155,20,11,124,10,114,1,0.0806,0.9091,0.08
16,clab-nebula-serf3,20,13,21,12,9,1,0.5714,0.9231,0.5455
16,clab-nebula-serf14,20,35,97,33,64,2,0.3402,0.9429,0.3333
16,clab-nebula-serf142,20,1,4,1,3,0,0.25,1.0,0.25
16,clab-nebula-serf96,20,9,91,8,83,1,0.0879,0.8889,0.087
16,clab-nebula-serf116,20,0,0,0,0,0,1.0,1.0,1.0
16,clab-nebula-serf56,20,83,146,78,68,5,0.5342,0.9398,0.5166
16,clab-nebula-serf59,20,83,146,78,68,5,0.5342,0.9398,0.5166
16,clab-nebula-serf70,20,66,149,62,87,4,0.4161,0.9394,0.4052
16,clab-nebula-serf81,20,68,137,64,73,4,0.4672,0.9412,0.4539
16,clab-nebula-serf95,20,50,135,47,88,3,0.3481,0.94,0.3406
16,clab-nebula-serf114,20,17,139,16,123,1,0.1151,0.9412,0.1143
16,clab-nebula-serf9,20,36,93,34,59,2,0.3656,0.9444,0.3579
16,clab-nebula-serf17,20,66,142,62,80,4,0.4366,0.9394,0.4247
16,clab-nebula-serf139,20,14,18,13,5,1,0.7222,0.9286,0.6842
16,clab-nebula-serf52,20,69,142,65,77,4,0.4577,0.942,0.4452
16,clab-nebula-serf71,20,57,144,54,90,3,0.375,0.9474,0.3673
16,clab-nebula-serf26,20,58,152,55,97,3,0.3618,0.9483,0.3548
16,clab-nebula-serf34,20,67,142,63,79,4,0.4437,0.9403,0.4315
16,clab-nebula-serf126,20,47,158,44,114,3,0.2785,0.9362,0.2733
16,clab-nebula-serf36,20,53,144,50,94,3,0.3472,0.9434,0.3401
16,clab-nebula-serf82,20,0,0,0,0,0,1.0,1.0,1.0
16,clab-nebula-serf85,20,35,124,33,91,2,0.2661,0.9429,0.2619
16,clab-nebula-serf97,20,9,91,8,83,1,0.0879,0.8889,0.087
16,clab-nebula-serf99,20,11,91,10,81,1,0.1099,0.9091,0.1087
16,clab-nebula-serf124,20,15,82,14,68,1,0.1707,0.9333,0.1687
16,clab-nebula-serf157,20,9,12,8,4,1,0.6667,0.8889,0.6154
16,clab-nebula-serf159,20,9,12,8,4,1,0.6667,0.8889,0.6154
16,clab-nebula-serf1,20,19,24,18,6,1,0.75,0.9474,0.72
16,clab-nebula-serf33,20,78,144,74,70,4,0.5139,0.9487,0.5
16,clab-nebula-serf123,20,16,79,15,64,1,0.1899,0.9375,0.1875
16,clab-nebula-serf135,20,14,14,13,1,1,0.9286,0.9286,0.8667
16,clab-nebula-serf13,20,50,142,47,95,3,0.331,0.94,0.3241
16,clab-nebula-serf47,20,51,98,48,50,3,0.4898,0.9412,0.4752
16,clab-nebula-serf84,20,18,72,17,55,1,0.2361,0.9444,0.2329
16,clab-nebula-serf92,20,47,128,44,84,3,0.3438,0.9362,0.3359
16,clab-nebula-serf106,20,8,8,7,1,1,0.875,0.875,0.7778
16,clab-nebula-serf108,20,16,39,15,24,1,0.3846,0.9375,0.375
16,clab-nebula-serf119,20,2,1,1,0,1,1.0,0.5,0.5
16,clab-nebula-serf125,20,45,158,42,116,3,0.2658,0.9333,0.2609
16,clab-nebula-serf54,20,66,142,62,80,4,0.4366,0.9394,0.4247
16,clab-nebula-serf57,20,76,145,72,73,4,0.4966,0.9474,0.4832
16,clab-nebula-serf24,20,17,158,16,142,1,0.1013,0.9412,0.1006
16,clab-nebula-serf42,20,15,83,14,69,1,0.1687,0.9333,0.1667
16,clab-nebula-serf48,20,37,62,35,27,2,0.5645,0.9459,0.5469
16,clab-nebula-serf2,20,10,9,9,0,1,1.0,0.9,0.9
16,clab-nebula-serf21,20,32,111,30,81,2,0.2703,0.9375,0.2655
16,clab-nebula-serf67,20,41,128,38,90,3,0.2969,0.9268,0.2901
16,clab-nebula-serf102,20,10,91,9,82,1,0.0989,0.9,0.0978
16,clab-nebula-serf110,20,7,8,6,2,1,0.75,0.8571,0.6667
16,clab-nebula-serf132,20,14,18,13,5,1,0.7222,0.9286,0.6842
16,clab-nebula-serf134,20,14,18,13,5,1,0.7222,0.9286,0.6842
16,clab-nebula-serf137,20,14,18,13,5,1,0.7222,0.9286,0.6842
16,clab-nebula-serf10,20,40,96,38,58,2,0.3958,0.95,0.3878
16,clab-nebula-serf46,20,26,48,24,24,2,0.5,0.9231,0.48
16,clab-nebula-serf74,20,45,128,42,86,3,0.3281,0.9333,0.3206
16,clab-nebula-serf76,20,68,137,64,73,4,0.4672,0.9412,0.4539
16,clab-nebula-serf149,20,11,124,10,114,1,0.0806,0.9091,0.08
16,clab-nebula-serf20,20,26,152,24,128,2,0.1579,0.9231,0.1558
16,clab-nebula-serf22,20,23,156,21,135,2,0.1346,0.913,0.1329
16,clab-nebula-serf160,20,10,83,9,74,1,0.1084,0.9,0.1071
16,clab-nebula-serf31,20,45,83,42,41,3,0.506,0.9333,0.4884
16,clab-nebula-serf93,20,59,137,56,81,3,0.4088,0.9492,0.4
16,clab-nebula-serf122,20,15,82,14,68,1,0.1707,0.9333,0.1687
16,clab-nebula-serf38,20,56,141,53,88,3,0.3759,0.9464,0.3681
16,clab-nebula-serf55,20,64,142,60,82,4,0.4225,0.9375,0.411
16,clab-nebula-serf79,20,76,138,72,66,4,0.5217,0.9474,0.507
16,clab-nebula-serf113,20,19,139,18,121,1,0.1295,0.9474,0.1286
16,clab-nebula-serf120,20,2,1,1,0,1,1.0,0.5,0.5
16,clab-nebula-serf128,20,20,79,19,60,1,0.2405,0.95,0.2375
16,clab-nebula-serf8,20,23,26,21,5,2,0.8077,0.913,0.75
16,clab-nebula-serf27,20,13,158,12,146,1,0.0759,0.9231,0.0755
16,clab-nebula-serf78,20,48,129,45,84,3,0.3488,0.9375,0.3409
16,clab-nebula-serf104,20,25,79,23,56,2,0.2911,0.92,0.284
16,clab-nebula-serf133,20,14,18,13,5,1,0.7222,0.9286,0.6842
16,clab-nebula-serf64,20,7,82,6,76,1,0.0732,0.8571,0.0723
16,clab-nebula-serf73,20,69,137,65,72,4,0.4745,0.942,0.461
16,clab-nebula-serf118,20,2,1,1,0,1,1.0,0.5,0.5
16,clab-nebula-serf5,20,14,20,13,7,1,0.65,0.9286,0.619
16,clab-nebula-serf87,20,24,124,22,102,2,0.1774,0.9167,0.1746
16,clab-nebula-serf88,20,19,72,18,54,1,0.25,0.9474,0.2466
16,clab-nebula-serf153,20,9,124,8,116,1,0.0645,0.8889,0.064
16,clab-nebula-serf53,20,64,142,60,82,4,0.4225,0.9375,0.411
16,clab-nebula-serf69,20,54,144,51,93,3,0.3542,0.9444,0.3469
16,clab-nebula-serf60,20,70,142,66,76,4,0.4648,0.9429,0.4521
16,clab-nebula-serf145,20,5,6,4,2,1,0.6667,0.8,0.5714
16,clab-nebula-serf6,20,32,74,30,44,2,0.4054,0.9375,0.3947
16,clab-nebula-serf11,20,57,142,54,88,3,0.3803,0.9474,0.3724
16,clab-nebula-serf98,20,8,30,7,23,1,0.2333,0.875,0.2258
16,clab-nebula-serf138,20,14,14,13,1,1,0.9286,0.9286,0.8667
16,clab-nebula-serf150,20,9,124,8,116,1,0.0645,0.8889,0.064
16,clab-nebula-serf18,20,47,97,44,53,3,0.4536,0.9362,0.44
16,clab-nebula-serf30,20,45,83,42,41,3,0.506,0.9333,0.4884
16,clab-nebula-serf44,20,47,93,44,49,3,0.4731,0.9362,0.4583
16,clab-nebula-serf131,20,14,14,13,1,1,0.9286,0.9286,0.8667
16,clab-nebula-serf35,20,26,61,24,37,2,0.3934,0.9231,0.381
16,clab-nebula-serf40,20,35,97,33,64,2,0.3402,0.9429,0.3333
16,clab-nebula-serf144,20,12,25,11,14,1,0.44,0.9167,0.4231
16,clab-nebula-serf152,20,14,124,13,111,1,0.1048,0.9286,0.104
16,clab-nebula-serf162,20,5,4,4,0,1,1.0,0.8,0.8
16,clab-nebula-serf41,20,14,99,13,86,1,0.1313,0.9286,0.13
16,clab-nebula-serf72,20,54,144,51,93,3,0.3542,0.9444,0.3469
16,clab-nebula-serf141,20,14,18,13,5,1,0.7222,0.9286,0.6842
16,clab-nebula-serf25,20,28,152,26,126,2,0.1711,0.9286,0.1688
16,clab-nebula-serf50,20,41,86,39,47,2,0.4535,0.9512,0.4432
16,clab-nebula-serf51,20,64,142,60,82,4,0.4225,0.9375,0.411
16,clab-nebula-serf66,20,44,129,41,88,3,0.3178,0.9318,0.3106
16,clab-nebula-serf86,20,29,124,27,97,2,0.2177,0.931,0.2143
16,clab-nebula-serf90,20,49,136,46,90,3,0.3382,0.9388,0.3309
16,clab-nebula-serf143,20,2,4,1,3,1,0.25,0.5,0.2
16,clab-nebula-serf7,20,33,88,31,57,2,0.3523,0.9394,0.3444
16,clab-nebula-serf37,20,65,142,61,81,4,0.4296,0.9385,0.4178
16,clab-nebula-serf43,20,27,48,25,23,2,0.5208,0.9259,0.5
16,clab-nebula-serf58,20,79,146,75,71,4,0.5137,0.9494,0.5
16,clab-nebula-serf61,20,79,146,75,71,4,0.5137,0.9494,0.5
16,clab-nebula-serf112,20,0,0,0,0,0,1.0,1.0,1.0
16,clab-nebula-serf15,20,68,142,64,78,4,0.4507,0.9412,0.4384
16,clab-nebula-serf16,20,69,142,65,77,4,0.4577,0.942,0.4452
16,clab-nebula-serf77,20,67,138,63,75,4,0.4565,0.9403,0.4437
16,clab-nebula-serf121,20,15,82,14,68,1,0.1707,0.9333,0.1687
16,clab-nebula-serf140,20,13,18,12,6,1,0.6667,0.9231,0.6316
16,clab-nebula-serf148,20,6,124,5,119,1,0.0403,0.8333,0.04
16,clab-nebula-serf154,20,9,124,8,116,1,0.0645,0.8889,0.064
16,clab-nebula-serf156,20,12,124,11,113,1,0.0887,0.9167,0.088
16,clab-nebula-serf23,20,11,140,10,130,1,0.0714,0.9091,0.0709
16,clab-nebula-serf39,20,81,142,77,65,4,0.5423,0.9506,0.5274
16,clab-nebula-serf62,20,48,142,45,97,3,0.3169,0.9375,0.3103
16,clab-nebula-serf107,20,15,39,14,25,1,0.359,0.9333,0.35
16,clab-nebula-serf115,20,0,0,0,0,0,1.0,1.0,1.0
16,clab-nebula-serf151,20,11,124,10,114,1,0.0806,0.9091,0.08
16,clab-nebula-serf158,20,8,12,7,5,1,0.5833,0.875,0.5385
16,clab-nebula-serf28,20,4,107,3,104,1,0.028,0.75,0.0278
16,clab-nebula-serf29,20,14,107,13,94,1,0.1215,0.9286,0.1204
16,clab-nebula-serf130,25,14,18,13,5,1,0.7222,0.9286,0.6842
16,clab-nebula-serf161,25,22,157,20,137,2,0.1274,0.9091,0.1258
16,clab-nebula-serf32,25,88,150,83,67,5,0.5533,0.9432,0.5355
16,clab-nebula-serf63,25,64,142,60,82,4,0.4225,0.9375,0.411
16,clab-nebula-serf45,25,80,143,76,67,4,0.5315,0.95,0.517
16,clab-nebula-serf49,25,84,144,79,65,5,0.5486,0.9405,0.5302
16,clab-nebula-serf83,25,50,136,47,89,3,0.3456,0.94,0.3381
16,clab-nebula-serf91,25,81,141,76,65,5,0.539,0.9383,0.5205
16,clab-nebula-serf136,25,18,21,17,4,1,0.8095,0.9444,0.7727
16,clab-nebula-serf146,25,8,16,7,9,1,0.4375,0.875,0.4118
16,clab-nebula-serf12,25,71,142,67,75,4,0.4718,0.9437,0.4589
16,clab-nebula-serf19,25,73,142,69,73,4,0.4859,0.9452,0.4726
16,clab-nebula-serf80,25,84,137,79,58,5,0.5766,0.9405,0.5563
16,clab-nebula-serf111,25,73,131,69,62,4,0.5267,0.9452,0.5111
16,clab-nebula-serf109,25,87,132,82,50,5,0.6212,0.9425,0.5985
16,clab-nebula-serf147,25,14,124,13,111,1,0.1048,0.9286,0.104
16,clab-nebula-serf4,25,23,26,21,5,2,0.8077,0.913,0.75
16,clab-nebula-serf100,25,25,128,23,105,2,0.1797,0.92,0.1769
16,clab-nebula-serf75,25,76,138,72,66,4,0.5217,0.9474,0.507
16,clab-nebula-serf89,25,41,134,38,96,3,0.2836,0.9268,0.2774
16,clab-nebula-serf101,25,22,114,20,94,2,0.1754,0.9091,0.1724
16,clab-nebula-serf105,25,54,120,51,69,3,0.425,0.9444,0.4146
16,clab-nebula-serf65,25,62,123,58,65,4,0.4715,0.9355,0.4567
16,clab-nebula-serf68,25,79,138,75,63,4,0.5435,0.9494,0.5282
16,clab-nebula-serf94,25,81,141,76,65,5,0.539,0.9383,0.5205
16,clab-nebula-serf103,25,27,128,25,103,2,0.1953,0.9259,0.1923
16,clab-nebula-serf117,25,1,3,1,2,0,0.3333,1.0,0.3333
16,clab-nebula-serf127,25,60,158,57,101,3,0.3608,0.95,0.354
16,clab-nebula-serf129,25,17,72,16,56,1,0.2222,0.9412,0.2192
16,clab-nebula-serf155,25,14,124,13,111,1,0.1048,0.9286,0.104
16,clab-nebula-serf3,25,22,26,20,6,2,0.7692,0.9091,0.7143
16,clab-nebula-serf14,25,70,142,66,76,4,0.4648,0.9429,0.4521
16,clab-nebula-serf142,25,7,6,6,0,1,1.0,0.8571,0.8571
16,clab-nebula-serf96,25,20,114,19,95,1,0.1667,0.95,0.1652
16,clab-nebula-serf116,25,0,0,0,0,0,1.0,1.0,1.0
16,clab-nebula-serf56,25,97,148,92,56,5,0.6216,0.9485,0.6013
16,clab-nebula-serf59,25,99,148,94,54,5,0.6351,0.9495,0.6144
16,clab-nebula-serf70,25,87,148,82,66,5,0.5541,0.9425,0.5359
16,clab-nebula-serf81,25,90,137,85,52,5,0.6204,0.9444,0.5986
16,clab-nebula-serf95,25,80,142,76,66,4,0.5352,0.95,0.5205
16,clab-nebula-serf114,25,25,138,23,115,2,0.1667,0.92,0.1643
16,clab-nebula-serf9,25,71,145,67,78,4,0.4621,0.9437,0.4497
16,clab-nebula-serf17,25,85,146,80,66,5,0.5479,0.9412,0.5298
16,clab-nebula-serf139,25,21,25,20,5,1,0.8,0.9524,0.7692
16,clab-nebula-serf52,25,88,148,83,65,5,0.5608,0.9432,0.5425
16,clab-nebula-serf71,25,83,137,78,59,5,0.5693,0.9398,0.5493
16,clab-nebula-serf26,25,87,150,82,68,5,0.5467,0.9425,0.529
16,clab-nebula-serf34,25,85,147,80,67,5,0.5442,0.9412,0.5263
16,clab-nebula-serf126,25,59,158,56,102,3,0.3544,0.9492,0.3478
16,clab-nebula-serf36,25,79,146,75,71,4,0.5137,0.9494,0.5
16,clab-nebula-serf82,25,0,0,0,0,0,1.0,1.0,1.0
16,clab-nebula-serf85,25,57,136,54,82,3,0.3971,0.9474,0.3885
16,clab-nebula-serf97,25,17,114,16,98,1,0.1404,0.9412,0.1391
16,clab-nebula-serf99,25,24,128,22,106,2,0.1719,0.9167,0.1692
16,clab-nebula-serf124,25,29,82,27,55,2,0.3293,0.931,0.3214
16,clab-nebula-serf157,25,16,160,15,145,1,0.0938,0.9375,0.0932
16,clab-nebula-serf159,25,16,160,15,145,1,0.0938,0.9375,0.0932
16,clab-nebula-serf1,25,37,88,35,53,2,0.3977,0.9459,0.3889
16,clab-nebula-serf33,25,90,149,85,64,5,0.5705,0.9444,0.5519
16,clab-nebula-serf123,25,42,119,39,80,3,0.3277,0.9286,0.3197
16,clab-nebula-serf135,25,15,20,14,6,1,0.7,0.9333,0.6667
16,clab-nebula-serf13,25,76,144,72,72,4,0.5,0.9474,0.4865
16,clab-nebula-serf47,25,82,142,77,65,5,0.5423,0.939,0.5238
16,clab-nebula-serf84,25,35,124,33,91,2,0.2661,0.9429,0.2619
16,clab-nebula-serf92,25,77,138,73,65,4,0.529,0.9481,0.5141
16,clab-nebula-serf106,25,27,79,25,54,2,0.3165,0.9259,0.3086
16,clab-nebula-serf108,25,46,118,43,75,3,0.3644,0.9348,0.3554
16,clab-nebula-serf119,25,3,2,2,0,1,1.0,0.6667,0.6667
16,clab-nebula-serf125,25,58,158,55,103,3,0.3481,0.9483,0.3416
16,clab-nebula-serf54,25,83,146,78,68,5,0.5342,0.9398,0.5166
16,clab-nebula-serf57,25,90,148,85,63,5,0.5743,0.9444,0.5556
16,clab-nebula-serf24,25,29,140,27,113,2,0.1929,0.931,0.1901
16,clab-nebula-serf42,25,38,92,36,56,2,0.3913,0.9474,0.383
16,clab-nebula-serf48,25,79,143,75,68,4,0.5245,0.9494,0.5102
16,clab-nebula-serf2,25,19,24,18,6,1,0.75,0.9474,0.72
16,clab-nebula-serf21,25,56,99,53,46,3,0.5354,0.9464,0.5196
16,clab-nebula-serf67,25,76,138,72,66,4,0.5217,0.9474,0.507
16,clab-nebula-serf102,25,21,115,20,95,1,0.1739,0.9524,0.1724
16,clab-nebula-serf110,25,15,39,14,25,1,0.359,0.9333,0.35
16,clab-nebula-serf132,25,23,38,21,17,2,0.5526,0.913,0.525
16,clab-nebula-serf134,25,16,19,15,4,1,0.7895,0.9375,0.75
16,clab-nebula-serf137,25,20,25,19,6,1,0.76,0.95,0.7308
16,clab-nebula-serf10,25,71,142,67,75,4,0.4718,0.9437,0.4589
16,clab-nebula-serf46,25,54,98,51,47,3,0.5204,0.9444,0.505
16,clab-nebula-serf74,25,82,137,77,60,5,0.562,0.939,0.5423
16,clab-nebula-serf76,25,89,137,84,53,5,0.6131,0.9438,0.5915
16,clab-nebula-serf149,25,17,124,16,108,1,0.129,0.9412,0.128
16,clab-nebula-serf20,25,46,156,43,113,3,0.2756,0.9348,0.2704
16,clab-nebula-serf22,25,41,48,38,10,3,0.7917,0.9268,0.7451
16,clab-nebula-serf160,25,25,157,23,134,2,0.1465,0.92,0.1447
16,clab-nebula-serf31,25,80,148,76,72,4,0.5135,0.95,0.5
16,clab-nebula-serf93,25,83,141,78,63,5,0.5532,0.9398,0.5342
16,clab-nebula-serf122,25,22,81,20,61,2,0.2469,0.9091,0.241
16,clab-nebula-serf38,25,82,145,77,68,5,0.531,0.939,0.5133
16,clab-nebula-serf55,25,83,146,78,68,5,0.5342,0.9398,0.5166
16,clab-nebula-serf79,25,96,138,91,47,5,0.6594,0.9479,0.6364
16,clab-nebula-serf113,25,28,138,26,112,2,0.1884,0.9286,0.1857
16,clab-nebula-serf120,25,2,1,1,0,1,1.0,0.5,0.5
16,clab-nebula-serf128,25,48,118,45,73,3,0.3814,0.9375,0.3719
16,clab-nebula-serf8,25,44,98,41,57,3,0.4184,0.9318,0.4059
16,clab-nebula-serf27,25,24,157,22,135,2,0.1401,0.9167,0.1384
16,clab-nebula-serf78,25,80,138,76,62,4,0.5507,0.95,0.5352
16,clab-nebula-serf104,25,54,120,51,69,3,0.425,0.9444,0.4146
16,clab-nebula-serf133,25,16,21,15,6,1,0.7143,0.9375,0.6818
16,clab-nebula-serf64,25,46,144,43,101,3,0.2986,0.9348,0.2925
16,clab-nebula-serf73,25,89,137,84,53,5,0.6131,0.9438,0.5915
16,clab-nebula-serf118,25,2,1,1,0,1,1.0,0.5,0.5
16,clab-nebula-serf5,25,19,24,18,6,1,0.75,0.9474,0.72
16,clab-nebula-serf87,25,49,137,46,91,3,0.3358,0.9388,0.3286
16,clab-nebula-serf88,25,42,134,39,95,3,0.291,0.9286,0.2847
16,clab-nebula-serf153,25,12,124,11,113,1,0.0887,0.9167,0.088
16,clab-nebula-serf53,25,81,145,76,69,5,0.5241,0.9383,0.5067
16,clab-nebula-serf69,25,84,137,79,58,5,0.5766,0.9405,0.5563
16,clab-nebula-serf60,25,87,148,82,66,5,0.5541,0.9425,0.5359
16,clab-nebula-serf145,25,7,6,6,0,1,1.0,0.8571,0.8571
16,clab-nebula-serf6,25,68,142,64,78,4,0.4507,0.9412,0.4384
16,clab-nebula-serf11,25,82,148,77,71,5,0.5203,0.939,0.5033
16,clab-nebula-serf98,25,14,114,13,101,1,0.114,0.9286,0.113
16,clab-nebula-serf138,25,14,14,13,1,1,0.9286,0.9286,0.8667
16,clab-nebula-serf150,25,17,124,16,108,1,0.129,0.9412,0.128
16,clab-nebula-serf18,25,75,142,71,71,4,0.5,0.9467,0.4863
16,clab-nebula-serf30,25,81,146,77,69,4,0.5274,0.9506,0.5133
16,clab-nebula-serf44,25,81,143,77,66,4,0.5385,0.9506,0.5238
16,clab-nebula-serf131,25,18,21,17,4,1,0.8095,0.9444,0.7727
16,clab-nebula-serf35,25,63,142,59,83,4,0.4155,0.9365,0.4041
16,clab-nebula-serf40,25,71,142,67,75,4,0.4718,0.9437,0.4589
16,clab-nebula-serf144,25,23,149,21,128,2,0.1409,0.913,0.1391
16,clab-nebula-serf152,25,24,137,22,115,2,0.1606,0.9167,0.1583
16,clab-nebula-serf162,25,5,4,4,0,1,1.0,0.8,0.8
16,clab-nebula-serf41,25,40,96,38,58,2,0.3958,0.95,0.3878
16,clab-nebula-serf72,25,84,137,79,58,5,0.5766,0.9405,0.5563
16,clab-nebula-serf141,25,14,18,13,5,1,0.7222,0.9286,0.6842
16,clab-nebula-serf25,25,44,83,41,42,3,0.494,0.9318,0.4767
16,clab-nebula-serf50,25,81,142,76,66,5,0.5352,0.9383,0.517
16,clab-nebula-serf51,25,83,146,78,68,5,0.5342,0.9398,0.5166
16,clab-nebula-serf66,25,79,138,75,63,4,0.5435,0.9494,0.5282
16,clab-nebula-serf86,25,56,137,53,84,3,0.3869,0.9464,0.3786
16,clab-nebula-serf90,25,78,142,74,68,4,0.5211,0.9487,0.5068
16,clab-nebula-serf143,25,7,6,6,0,1,1.0,0.8571,0.8571
16,clab-nebula-serf7,25,67,142,63,79,4,0.4437,0.9403,0.4315
16,clab-nebula-serf37,25,85,147,80,67,5,0.5442,0.9412,0.5263
16,clab-nebula-serf43,25,52,93,49,44,3,0.5269,0.9423,0.5104
16,clab-nebula-serf58,25,93,148,88,60,5,0.5946,0.9462,0.5752
16,clab-nebula-serf61,25,93,148,88,60,5,0.5946,0.9462,0.5752
16,clab-nebula-serf112,25,5,79,4,75,1,0.0506,0.8,0.05
16,clab-nebula-serf15,25,88,148,83,65,5,0.5608,0.9432,0.5425
16,clab-nebula-serf16,25,88,148,83,65,5,0.5608,0.9432,0.5425
16,clab-nebula-serf77,25,90,138,85,53,5,0.6159,0.9444,0.5944
16,clab-nebula-serf121,25,32,85,30,55,2,0.3529,0.9375,0.3448
16,clab-nebula-serf140,25,14,18,13,5,1,0.7222,0.9286,0.6842
16,clab-nebula-serf148,25,12,124,11,113,1,0.0887,0.9167,0.088
16,clab-nebula-serf154,25,12,124,11,113,1,0.0887,0.9167,0.088
16,clab-nebula-serf156,25,18,124,17,107,1,0.1371,0.9444,0.136
16,clab-nebula-serf23,25,22,156,20,136,2,0.1282,0.9091,0.1266
16,clab-nebula-serf39,25,90,142,85,57,5,0.5986,0.9444,0.5782
16,clab-nebula-serf62,25,73,144,69,75,4,0.4792,0.9452,0.4662
16,clab-nebula-serf107,25,40,119,38,81,2,0.3193,0.95,0.314
16,clab-nebula-serf115,25,0,0,0,0,0,1.0,1.0,1.0
16,clab-nebula-serf151,25,13,124,12,112,1,0.0968,0.9231,0.096
16,clab-nebula-serf158,25,16,160,15,145,1,0.0938,0.9375,0.0932
16,clab-nebula-serf28,25,7,107,6,101,1,0.0561,0.8571,0.0556
16,clab-nebula-serf29,25,23,111,21,90,2,0.1892,0.913,0.1858
16,clab-nebula-serf130,30,24,38,22,16,2,0.5789,0.9167,0.55
16,clab-nebula-serf161,30,36,159,34,125,2,0.2138,0.9444,0.2112
16,clab-nebula-serf32,30,95,150,90,60,5,0.6,0.9474,0.5806
16,clab-nebula-serf63,30,84,146,79,67,5,0.5411,0.9405,0.5232
16,clab-nebula-serf45,30,90,148,85,63,5,0.5743,0.9444,0.5556
16,clab-nebula-serf49,30,106,149,100,49,6,0.6711,0.9434,0.6452
16,clab-nebula-serf83,30,79,142,75,67,4,0.5282,0.9494,0.5137
16,clab-nebula-serf91,30,112,143,106,37,6,0.7413,0.9464,0.7114
16,clab-nebula-serf136,30,28,83,26,57,2,0.3133,0.9286,0.3059
16,clab-nebula-serf146,30,16,68,15,53,1,0.2206,0.9375,0.2174
16,clab-nebula-serf12,30,88,148,83,65,5,0.5608,0.9432,0.5425
16,clab-nebula-serf19,30,90,148,85,63,5,0.5743,0.9444,0.5556
16,clab-nebula-serf80,30,110,137,104,33,6,0.7591,0.9455,0.7273
16,clab-nebula-serf111,30,111,146,105,41,6,0.7192,0.9459,0.6908
16,clab-nebula-serf109,30,130,152,123,29,7,0.8092,0.9462,0.7736
16,clab-nebula-serf147,30,27,137,25,112,2,0.1825,0.9259,0.1799
16,clab-nebula-serf4,30,47,140,44,96,3,0.3143,0.9362,0.3077
16,clab-nebula-serf100,30,59,142,56,86,3,0.3944,0.9492,0.3862
16,clab-nebula-serf75,30,100,138,95,43,5,0.6884,0.95,0.6643
16,clab-nebula-serf89,30,71,145,67,78,4,0.4621,0.9437,0.4497
16,clab-nebula-serf101,30,47,140,44,96,3,0.3143,0.9362,0.3077
16,clab-nebula-serf105,30,86,131,81,50,5,0.6183,0.9419,0.5956
16,clab-nebula-serf65,30,95,138,90,48,5,0.6522,0.9474,0.6294
16,clab-nebula-serf68,30,103,137,97,40,6,0.708,0.9417,0.6783
16,clab-nebula-serf94,30,105,141,99,42,6,0.7021,0.9429,0.6735
16,clab-nebula-serf103,30,63,141,59,82,4,0.4184,0.9365,0.4069
16,clab-nebula-serf117,30,3,2,2,0,1,1.0,0.6667,0.6667
16,clab-nebula-serf127,30,92,156,87,69,5,0.5577,0.9457,0.5404
16,clab-nebula-serf129,30,42,118,39,79,3,0.3305,0.9286,0.3223
16,clab-nebula-serf155,30,24,137,22,115,2,0.1606,0.9167,0.1583
16,clab-nebula-serf3,30,50,150,47,103,3,0.3133,0.94,0.3072
16,clab-nebula-serf14,30,88,148,83,65,5,0.5608,0.9432,0.5425
16,clab-nebula-serf142,30,14,69,13,56,1,0.1884,0.9286,0.1857
16,clab-nebula-serf96,30,41,130,39,91,2,0.3,0.9512,0.2955
16,clab-nebula-serf116,30,0,0,0,0,0,1.0,1.0,1.0
16,clab-nebula-serf56,30,118,148,112,36,6,0.7568,0.9492,0.7273
16,clab-nebula-serf59,30,119,148,113,35,6,0.7635,0.9496,0.7338
16,clab-nebula-serf70,30,110,147,104,43,6,0.7075,0.9455,0.6797
16,clab-nebula-serf81,30,114,141,108,33,6,0.766,0.9474,0.7347
16,clab-nebula-serf95,30,104,141,98,43,6,0.695,0.9423,0.6667
16,clab-nebula-serf114,30,53,141,50,91,3,0.3546,0.9434,0.3472
16,clab-nebula-serf9,30,87,148,82,66,5,0.5541,0.9425,0.5359
16,clab-nebula-serf17,30,96,148,91,57,5,0.6149,0.9479,0.5948
16,clab-nebula-serf139,30,31,157,29,128,2,0.1847,0.9355,0.1824
16,clab-nebula-serf52,30,106,148,100,48,6,0.6757,0.9434,0.6494
16,clab-nebula-serf71,30,107,137,101,36,6,0.7372,0.9439,0.7063
16,clab-nebula-serf26,30,94,150,89,61,5,0.5933,0.9468,0.5742
16,clab-nebula-serf34,30,95,149,90,59,5,0.604,0.9474,0.5844
16,clab-nebula-serf126,30,92,156,87,69,5,0.5577,0.9457,0.5404
16,clab-nebula-serf36,30,92,149,87,62,5,0.5839,0.9457,0.5649
16,clab-nebula-serf82,30,0,0,0,0,0,1.0,1.0,1.0
16,clab-nebula-serf85,30,82,141,77,64,5,0.5461,0.939,0.5274
16,clab-nebula-serf97,30,41,129,38,91,3,0.2946,0.9268,0.2879
16,clab-nebula-serf99,30,52,141,49,92,3,0.3475,0.9423,0.3403
16,clab-nebula-serf124,30,81,157,77,80,4,0.4904,0.9506,0.4783
16,clab-nebula-serf157,30,35,159,33,126,2,0.2075,0.9429,0.205
16,clab-nebula-serf159,30,35,159,33,126,2,0.2075,0.9429,0.205
16,clab-nebula-serf1,30,74,149,70,79,4,0.4698,0.9459,0.4575
16,clab-nebula-serf33,30,105,149,99,50,6,0.6644,0.9429,0.6387
16,clab-nebula-serf123,30,89,154,84,70,5,0.5455,0.9438,0.5283
16,clab-nebula-serf135,30,25,31,23,8,2,0.7419,0.92,0.697
16,clab-nebula-serf13,30,92,148,87,61,5,0.5878,0.9457,0.5686
16,clab-nebula-serf47,30,100,150,95,55,5,0.6333,0.95,0.6129
16,clab-nebula-serf84,30,57,136,54,82,3,0.3971,0.9474,0.3885
16,clab-nebula-serf92,30,103,137,97,40,6,0.708,0.9417,0.6783
16,clab-nebula-serf106,30,55,120,52,68,3,0.4333,0.9455,0.4228
16,clab-nebula-serf108,30,73,131,69,62,4,0.5267,0.9452,0.5111
16,clab-nebula-serf119,30,3,2,2,0,1,1.0,0.6667,0.6667
16,clab-nebula-serf125,30,84,156,79,77,5,0.5064,0.9405,0.4907
16,clab-nebula-serf54,30,99,149,94,55,5,0.6309,0.9495,0.6104
16,clab-nebula-serf57,30,113,148,107,41,6,0.723,0.9469,0.6948
16,clab-nebula-serf24,30,48,152,45,107,3,0.2961,0.9375,0.2903
16,clab-nebula-serf42,30,71,142,67,75,4,0.4718,0.9437,0.4589
16,clab-nebula-serf48,30,88,146,83,63,5,0.5685,0.9432,0.5497
16,clab-nebula-serf2,30,32,74,30,44,2,0.4054,0.9375,0.3947
16,clab-nebula-serf21,30,84,148,79,69,5,0.5338,0.9405,0.5163
16,clab-nebula-serf67,30,98,138,93,45,5,0.6739,0.949,0.6503
16,clab-nebula-serf102,30,40,129,38,91,2,0.2946,0.95,0.2901
16,clab-nebula-serf110,30,37,119,35,84,2,0.2941,0.9459,0.2893
16,clab-nebula-serf132,30,37,159,35,124,2,0.2201,0.9459,0.2174
16,clab-nebula-serf134,30,26,105,24,81,2,0.2286,0.9231,0.2243
16,clab-nebula-serf137,30,26,105,24,81,2,0.2286,0.9231,0.2243
16,clab-nebula-serf10,30,88,148,83,65,5,0.5608,0.9432,0.5425
16,clab-nebula-serf46,30,81,143,77,66,4,0.5385,0.9506,0.5238
16,clab-nebula-serf74,30,106,137,100,37,6,0.7299,0.9434,0.6993
16,clab-nebula-serf76,30,111,138,105,33,6,0.7609,0.9459,0.7292
16,clab-nebula-serf149,30,25,134,23,111,2,0.1716,0.92,0.1691
16,clab-nebula-serf20,30,80,149,76,73,4,0.5101,0.95,0.4967
16,clab-nebula-serf22,30,76,145,72,73,4,0.4966,0.9474,0.4832
16,clab-nebula-serf160,30,37,159,35,124,2,0.2201,0.9459,0.2174
16,clab-nebula-serf31,30,93,150,88,62,5,0.5867,0.9462,0.5677
16,clab-nebula-serf93,30,110,145,104,41,6,0.7172,0.9455,0.6887
16,clab-nebula-serf122,30,61,123,58,65,3,0.4715,0.9508,0.4603
16,clab-nebula-serf38,30,92,149,87,62,5,0.5839,0.9457,0.5649
16,clab-nebula-serf55,30,96,148,91,57,5,0.6149,0.9479,0.5948
16,clab-nebula-serf79,30,116,141,110,31,6,0.7801,0.9483,0.7483
16,clab-nebula-serf113,30,65,142,61,81,4,0.4296,0.9385,0.4178
16,clab-nebula-serf120,30,3,2,2,0,1,1.0,0.6667,0.6667
16,clab-nebula-serf128,30,73,131,69,62,4,0.5267,0.9452,0.5111
16,clab-nebula-serf8,30,76,146,72,74,4,0.4932,0.9474,0.48
16,clab-nebula-serf27,30,38,157,36,121,2,0.2293,0.9474,0.2264
16,clab-nebula-serf78,30,102,137,96,41,6,0.7007,0.9412,0.6713
16,clab-nebula-serf104,30,87,132,82,50,5,0.6212,0.9425,0.5985
16,clab-nebula-serf133,30,26,105,24,81,2,0.2286,0.9231,0.2243
16,clab-nebula-serf64,30,69,146,65,81,4,0.4452,0.942,0.4333
16,clab-nebula-serf73,30,113,141,107,34,6,0.7589,0.9469,0.7279
16,clab-nebula-serf118,30,3,2,2,0,1,1.0,0.6667,0.6667
16,clab-nebula-serf5,30,46,148,43,105,3,0.2905,0.9348,0.2848
16,clab-nebula-serf87,30,80,147,76,71,4,0.517,0.95,0.5033
16,clab-nebula-serf88,30,72,145,68,77,4,0.469,0.9444,0.4564
16,clab-nebula-serf153,30,24,137,22,115,2,0.1606,0.9167,0.1583
16,clab-nebula-serf53,30,97,148,92,56,5,0.6216,0.9485,0.6013
16,clab-nebula-serf69,30,107,137,101,36,6,0.7372,0.9439,0.7063
16,clab-nebula-serf60,30,111,148,105,43,6,0.7095,0.9459,0.6818
16,clab-nebula-serf145,30,15,68,14,54,1,0.2059,0.9333,0.2029
16,clab-nebula-serf6,30,86,148,81,67,5,0.5473,0.9419,0.5294
16,clab-nebula-serf11,30,93,148,88,60,5,0.5946,0.9462,0.5752
16,clab-nebula-serf98,30,29,128,27,101,2,0.2109,0.931,0.2077
16,clab-nebula-serf138,30,26,105,24,81,2,0.2286,0.9231,0.2243
16,clab-nebula-serf150,30,23,137,21,116,2,0.1533,0.913,0.1511
16,clab-nebula-serf18,30,90,148,85,63,5,0.5743,0.9444,0.5556
16,clab-nebula-serf30,30,93,150,88,62,5,0.5867,0.9462,0.5677
16,clab-nebula-serf44,30,99,150,94,56,5,0.6267,0.9495,0.6065
16,clab-nebula-serf131,30,29,155,27,128,2,0.1742,0.931,0.172
16,clab-nebula-serf35,30,85,147,80,67,5,0.5442,0.9412,0.5263
16,clab-nebula-serf40,30,87,148,82,66,5,0.5541,0.9425,0.5359
16,clab-nebula-serf144,30,55,158,52,106,3,0.3291,0.9455,0.323
16,clab-nebula-serf152,30,47,137,44,93,3,0.3212,0.9362,0.3143
16,clab-nebula-serf162,30,9,12,8,4,1,0.6667,0.8889,0.6154
16,clab-nebula-serf41,30,74,142,70,72,4,0.493,0.9459,0.4795
16,clab-nebula-serf72,30,110,137,104,33,6,0.7591,0.9455,0.7273
16,clab-nebula-serf141,30,26,105,24,81,2,0.2286,0.9231,0.2243
16,clab-nebula-serf25,30,81,146,77,69,4,0.5274,0.9506,0.5133
16,clab-nebula-serf50,30,93,148,88,60,5,0.5946,0.9462,0.5752
16,clab-nebula-serf51,30,97,148,92,56,5,0.6216,0.9485,0.6013
16,clab-nebula-serf66,30,106,137,100,37,6,0.7299,0.9434,0.6993
16,clab-nebula-serf86,30,85,146,80,66,5,0.5479,0.9412,0.5298
16,clab-nebula-serf90,30,101,142,96,46,5,0.6761,0.9505,0.6531
16,clab-nebula-serf143,30,13,69,12,57,1,0.1739,0.9231,0.1714
16,clab-nebula-serf7,30,86,148,81,67,5,0.5473,0.9419,0.5294
16,clab-nebula-serf37,30,96,150,91,59,5,0.6067,0.9479,0.5871
16,clab-nebula-serf43,30,82,142,77,65,5,0.5423,0.939,0.5238
16,clab-nebula-serf58,30,118,148,112,36,6,0.7568,0.9492,0.7273
16,clab-nebula-serf61,30,118,148,112,36,6,0.7568,0.9492,0.7273
16,clab-nebula-serf112,30,18,79,17,62,1,0.2152,0.9444,0.2125
16,clab-nebula-serf15,30,100,149,95,54,5,0.6376,0.95,0.6169
16,clab-nebula-serf16,30,101,149,96,53,5,0.6443,0.9505,0.6234
16,clab-nebula-serf77,30,113,141,107,34,6,0.7589,0.9469,0.7279
16,clab-nebula-serf121,30,81,157,77,80,4,0.4904,0.9506,0.4783
16,clab-nebula-serf140,30,25,38,23,15,2,0.6053,0.92,0.575
16,clab-nebula-serf148,30,22,137,20,117,2,0.146,0.9091,0.1439
16,clab-nebula-serf154,30,23,137,21,116,2,0.1533,0.913,0.1511
16,clab-nebula-serf156,30,33,138,31,107,2,0.2246,0.9394,0.2214
16,clab-nebula-serf23,30,39,64,37,27,2,0.5781,0.9487,0.5606
16,clab-nebula-serf39,30,106,145,100,45,6,0.6897,0.9434,0.6623
16,clab-nebula-serf62,30,88,148,83,65,5,0.5608,0.9432,0.5425
16,clab-nebula-serf107,30,71,131,67,64,4,0.5115,0.9437,0.4963
16,clab-nebula-serf115,30,0,0,0,0,0,1.0,1.0,1.0
16,clab-nebula-serf151,30,23,137,21,116,2,0.1533,0.913,0.1511
16,clab-nebula-serf158,30,34,159,32,127,2,0.2013,0.9412,0.1988
16,clab-nebula-serf28,30,19,109,18,91,1,0.1651,0.9474,0.1636
16,clab-nebula-serf29,30,39,135,37,98,2,0.2741,0.9487,0.2701
16,clab-nebula-serf130,35,41,159,39,120,2,0.2453,0.9512,0.2422
16,clab-nebula-serf161,35,42,158,39,119,3,0.2468,0.9286,0.2422
16,clab-nebula-serf32,35,108,149,102,47,6,0.6846,0.9444,0.6581
16,clab-nebula-serf63,35,103,148,97,51,6,0.6554,0.9417,0.6299
16,clab-nebula-serf45,35,118,149,112,37,6,0.7517,0.9492,0.7226
16,clab-nebula-serf49,35,121,148,114,34,7,0.7703,0.9421,0.7355
16,clab-nebula-serf83,35,109,145,103,42,6,0.7103,0.945,0.6821
16,clab-nebula-serf91,35,119,145,113,32,6,0.7793,0.9496,0.7483
16,clab-nebula-serf136,35,45,158,42,116,3,0.2658,0.9333,0.2609
16,clab-nebula-serf146,35,44,158,41,117,3,0.2595,0.9318,0.2547
16,clab-nebula-serf12,35,102,148,96,52,6,0.6486,0.9412,0.6234
16,clab-nebula-serf19,35,105,148,99,49,6,0.6689,0.9429,0.6429
16,clab-nebula-serf80,35,120,142,114,28,6,0.8028,0.95,0.7703
16,clab-nebula-serf111,35,145,151,137,14,8,0.9073,0.9448,0.8616
16,clab-nebula-serf109,35,145,151,137,14,8,0.9073,0.9448,0.8616
16,clab-nebula-serf147,35,48,137,45,92,3,0.3285,0.9375,0.3214
16,clab-nebula-serf4,35,82,148,77,71,5,0.5203,0.939,0.5033
16,clab-nebula-serf100,35,89,146,84,62,5,0.5753,0.9438,0.5563
16,clab-nebula-serf75,35,115,141,109,32,6,0.773,0.9478,0.7415
16,clab-nebula-serf89,35,97,146,92,54,5,0.6301,0.9485,0.6093
16,clab-nebula-serf101,35,79,146,75,71,4,0.5137,0.9494,0.5
16,clab-nebula-serf105,35,123,152,116,36,7,0.7632,0.9431,0.7296
16,clab-nebula-serf65,35,115,138,109,29,6,0.7899,0.9478,0.7569
16,clab-nebula-serf68,35,116,141,110,31,6,0.7801,0.9483,0.7483
16,clab-nebula-serf94,35,119,145,113,32,6,0.7793,0.9496,0.7483
16,clab-nebula-serf103,35,102,146,96,50,6,0.6575,0.9412,0.6316
16,clab-nebula-serf117,35,3,2,2,0,1,1.0,0.6667,0.6667
16,clab-nebula-serf127,35,122,154,115,39,7,0.7468,0.9426,0.7143
16,clab-nebula-serf129,35,71,131,67,64,4,0.5115,0.9437,0.4963
16,clab-nebula-serf155,35,43,137,40,97,3,0.292,0.9302,0.2857
16,clab-nebula-serf3,35,83,148,78,70,5,0.527,0.9398,0.5098
16,clab-nebula-serf14,35,102,148,96,52,6,0.6486,0.9412,0.6234
16,clab-nebula-serf142,35,30,155,28,127,2,0.1806,0.9333,0.1783
16,clab-nebula-serf96,35,77,146,73,73,4,0.5,0.9481,0.4867
16,clab-nebula-serf116,35,1,1,1,0,0,1.0,1.0,1.0
16,clab-nebula-serf56,35,121,149,115,34,6,0.7718,0.9504,0.7419
16,clab-nebula-serf59,35,124,148,117,31,7,0.7905,0.9435,0.7548
16,clab-nebula-serf70,35,119,148,113,35,6,0.7635,0.9496,0.7338
16,clab-nebula-serf81,35,121,141,114,27,7,0.8085,0.9421,0.7703
16,clab-nebula-serf95,35,119,145,113,32,6,0.7793,0.9496,0.7483
16,clab-nebula-serf114,35,92,142,87,55,5,0.6127,0.9457,0.5918
16,clab-nebula-serf9,35,101,149,96,53,5,0.6443,0.9505,0.6234
16,clab-nebula-serf17,35,116,148,110,38,6,0.7432,0.9483,0.7143
16,clab-nebula-serf139,35,45,158,42,116,3,0.2658,0.9333,0.2609
16,clab-nebula-serf52,35,119,148,113,35,6,0.7635,0.9496,0.7338
16,clab-nebula-serf71,35,119,142,113,29,6,0.7958,0.9496,0.7635
16,clab-nebula-serf26,35,108,149,102,47,6,0.6846,0.9444,0.6581
16,clab-nebula-serf34,35,112,149,106,43,6,0.7114,0.9464,0.6839
16,clab-nebula-serf126,35,121,154,114,40,7,0.7403,0.9421,0.7081
16,clab-nebula-serf36,35,108,148,102,46,6,0.6892,0.9444,0.6623
16,clab-nebula-serf82,35,16,103,15,88,1,0.1456,0.9375,0.1442
16,clab-nebula-serf85,35,111,145,105,40,6,0.7241,0.9459,0.6954
16,clab-nebula-serf97,35,80,146,76,70,4,0.5205,0.95,0.5067
16,clab-nebula-serf99,35,82,146,77,69,5,0.5274,0.939,0.5099
16,clab-nebula-serf124,35,114,155,108,47,6,0.6968,0.9474,0.6708
16,clab-nebula-serf157,35,40,159,38,121,2,0.239,0.95,0.236
16,clab-nebula-serf159,35,40,159,38,121,2,0.239,0.95,0.236
16,clab-nebula-serf1,35,91,149,86,63,5,0.5772,0.9451,0.5584
16,clab-nebula-serf33,35,119,149,113,36,6,0.7584,0.9496,0.729
16,clab-nebula-serf123,35,128,152,121,31,7,0.7961,0.9453,0.761
16,clab-nebula-serf135,35,42,158,39,119,3,0.2468,0.9286,0.2422
16,clab-nebula-serf13,35,110,148,104,44,6,0.7027,0.9455,0.6753
16,clab-nebula-serf47,35,120,149,114,35,6,0.7651,0.95,0.7355
16,clab-nebula-serf84,35,81,141,76,65,5,0.539,0.9383,0.5205
16,clab-nebula-serf92,35,118,142,112,30,6,0.7887,0.9492,0.7568
16,clab-nebula-serf106,35,86,131,81,50,5,0.6183,0.9419,0.5956
16,clab-nebula-serf108,35,122,151,115,36,7,0.7616,0.9426,0.7278
16,clab-nebula-serf119,35,3,2,2,0,1,1.0,0.6667,0.6667
16,clab-nebula-serf125,35,112,155,106,49,6,0.6839,0.9464,0.6584
16,clab-nebula-serf54,35,119,148,113,35,6,0.7635,0.9496,0.7338
16,clab-nebula-serf57,35,121,148,114,34,7,0.7703,0.9421,0.7355
16,clab-nebula-serf24,35,83,148,78,70,5,0.527,0.9398,0.5098
16,clab-nebula-serf42,35,88,148,83,65,5,0.5608,0.9432,0.5425
16,clab-nebula-serf48,35,114,149,108,41,6,0.7248,0.9474,0.6968
16,clab-nebula-serf2,35,67,145,63,82,4,0.4345,0.9403,0.4228
16,clab-nebula-serf21,35,94,150,89,61,5,0.5933,0.9468,0.5742
16,clab-nebula-serf67,35,115,141,109,32,6,0.773,0.9478,0.7415
16,clab-nebula-serf102,35,76,145,72,73,4,0.4966,0.9474,0.4832
16,clab-nebula-serf110,35,69,131,65,66,4,0.4962,0.942,0.4815
16,clab-nebula-serf132,35,48,158,45,113,3,0.2848,0.9375,0.2795
16,clab-nebula-serf134,35,43,158,40,118,3,0.2532,0.9302,0.2484
16,clab-nebula-serf137,35,44,158,41,117,3,0.2595,0.9318,0.2547
16,clab-nebula-serf10,35,103,148,97,51,6,0.6554,0.9417,0.6299
16,clab-nebula-serf46,35,100,150,95,55,5,0.6333,0.95,0.6129
16,clab-nebula-serf74,35,117,141,111,30,6,0.7872,0.9487,0.7551
16,clab-nebula-serf76,35,121,141,114,27,7,0.8085,0.9421,0.7703
16,clab-nebula-serf149,35,48,137,45,92,3,0.3285,0.9375,0.3214
16,clab-nebula-serf20,35,93,150,88,62,5,0.5867,0.9462,0.5677
16,clab-nebula-serf22,35,93,150,88,62,5,0.5867,0.9462,0.5677
16,clab-nebula-serf160,35,43,158,40,118,3,0.2532,0.9302,0.2484
16,clab-nebula-serf31,35,102,149,96,53,6,0.6443,0.9412,0.6194
16,clab-nebula-serf93,35,119,145,113,32,6,0.7793,0.9496,0.7483
16,clab-nebula-serf122,35,106,155,100,55,6,0.6452,0.9434,0.6211
16,clab-nebula-serf38,35,107,149,101,48,6,0.6779,0.9439,0.6516
16,clab-nebula-serf55,35,119,148,113,35,6,0.7635,0.9496,0.7338
16,clab-nebula-serf79,35,121,142,115,27,6,0.8099,0.9504,0.777
16,clab-nebula-serf113,35,105,144,99,45,6,0.6875,0.9429,0.66
16,clab-nebula-serf120,35,3,2,2,0,1,1.0,0.6667,0.6667
16,clab-nebula-serf128,35,111,146,105,41,6,0.7192,0.9459,0.6908
16,clab-nebula-serf8,35,89,148,84,64,5,0.5676,0.9438,0.549
16,clab-nebula-serf27,35,75,149,71,78,4,0.4765,0.9467,0.4641
16,clab-nebula-serf78,35,118,142,112,30,6,0.7887,0.9492,0.7568
16,clab-nebula-serf104,35,130,152,123,29,7,0.8092,0.9462,0.7736
16,clab-nebula-serf133,35,44,158,41,117,3,0.2595,0.9318,0.2547
16,clab-nebula-serf64,35,100,148,95,53,5,0.6419,0.95,0.6209
16,clab-nebula-serf73,35,121,141,114,27,7,0.8085,0.9421,0.7703
16,clab-nebula-serf118,35,3,2,2,0,1,1.0,0.6667,0.6667
16,clab-nebula-serf5,35,80,149,76,73,4,0.5101,0.95,0.4967
16,clab-nebula-serf87,35,108,145,102,43,6,0.7034,0.9444,0.6755
16,clab-nebula-serf88,35,100,146,95,51,5,0.6507,0.95,0.6291
16,clab-nebula-serf153,35,42,137,39,98,3,0.2847,0.9286,0.2786
16,clab-nebula-serf53,35,118,148,112,36,6,0.7568,0.9492,0.7273
16,clab-nebula-serf69,35,119,142,113,29,6,0.7958,0.9496,0.7635
16,clab-nebula-serf60,35,120,148,114,34,6,0.7703,0.95,0.7403
16,clab-nebula-serf145,35,37,156,35,121,2,0.2244,0.9459,0.2215
16,clab-nebula-serf6,35,98,149,93,56,5,0.6242,0.949,0.6039
16,clab-nebula-serf11,35,112,148,106,42,6,0.7162,0.9464,0.6883
16,clab-nebula-serf98,35,71,142,67,75,4,0.4718,0.9437,0.4589
16,clab-nebula-serf138,35,43,158,40,118,3,0.2532,0.9302,0.2484
16,clab-nebula-serf150,35,42,137,39,98,3,0.2847,0.9286,0.2786
16,clab-nebula-serf18,35,103,148,97,51,6,0.6554,0.9417,0.6299
16,clab-nebula-serf30,35,102,149,96,53,6,0.6443,0.9412,0.6194
16,clab-nebula-serf44,35,120,149,114,35,6,0.7651,0.95,0.7355
16,clab-nebula-serf131,35,45,158,42,116,3,0.2658,0.9333,0.2609
16,clab-nebula-serf35,35,95,149,90,59,5,0.604,0.9474,0.5844
16,clab-nebula-serf40,35,98,149,93,56,5,0.6242,0.949,0.6039
16,clab-nebula-serf144,35,60,158,57,101,3,0.3608,0.95,0.354
16,clab-nebula-serf152,35,60,137,57,80,3,0.4161,0.95,0.4071
16,clab-nebula-serf162,35,20,159,19,140,1,0.1195,0.95,0.1187
16,clab-nebula-serf41,35,89,149,84,65,5,0.5638,0.9438,0.5455
16,clab-nebula-serf72,35,121,142,115,27,6,0.8099,0.9504,0.777
16,clab-nebula-serf141,35,43,158,40,118,3,0.2532,0.9302,0.2484
16,clab-nebula-serf25,35,93,150,88,62,5,0.5867,0.9462,0.5677
16,clab-nebula-serf50,35,118,149,112,37,6,0.7517,0.9492,0.7226
16,clab-nebula-serf51,35,118,148,112,36,6,0.7568,0.9492,0.7273
16,clab-nebula-serf66,35,116,141,110,31,6,0.7801,0.9483,0.7483
16,clab-nebula-serf86,35,115,145,109,36,6,0.7517,0.9478,0.7219
16,clab-nebula-serf90,35,119,145,113,32,6,0.7793,0.9496,0.7483
16,clab-nebula-serf143,35,32,155,30,125,2,0.1935,0.9375,0.1911
16,clab-nebula-serf7,35,99,149,94,55,5,0.6309,0.9495,0.6104
16,clab-nebula-serf37,35,111,149,105,44,6,0.7047,0.9459,0.6774
16,clab-nebula-serf43,35,98,150,93,57,5,0.62,0.949,0.6
16,clab-nebula-serf58,35,122,148,115,33,7,0.777,0.9426,0.7419
16,clab-nebula-serf61,35,121,149,115,34,6,0.7718,0.9504,0.7419
16,clab-nebula-serf112,35,34,83,32,51,2,0.3855,0.9412,0.3765
16,clab-nebula-serf15,35,117,148,111,37,6,0.75,0.9487,0.7208
16,clab-nebula-serf16,35,119,148,113,35,6,0.7635,0.9496,0.7338
16,clab-nebula-serf77,35,121,142,115,27,6,0.8099,0.9504,0.777
16,clab-nebula-serf121,35,121,154,114,40,7,0.7403,0.9421,0.7081
16,clab-nebula-serf140,35,39,159,37,122,2,0.2327,0.9487,0.2298
16,clab-nebula-serf148,35,38,138,36,102,2,0.2609,0.9474,0.2571
16,clab-nebula-serf154,35,42,137,39,98,3,0.2847,0.9286,0.2786
16,clab-nebula-serf156,35,49,137,46,91,3,0.3358,0.9388,0.3286
16,clab-nebula-serf23,35,75,145,71,74,4,0.4897,0.9467,0.4765
16,clab-nebula-serf39,35,119,145,113,32,6,0.7793,0.9496,0.7483
16,clab-nebula-serf62,35,110,148,104,44,6,0.7027,0.9455,0.6753
16,clab-nebula-serf107,35,104,146,98,48,6,0.6712,0.9423,0.6447
16,clab-nebula-serf115,35,1,1,1,0,0,1.0,1.0,1.0
16,clab-nebula-serf151,35,43,137,40,97,3,0.292,0.9302,0.2857
16,clab-nebula-serf158,35,40,159,38,121,2,0.239,0.95,0.236
16,clab-nebula-serf28,35,29,123,27,96,2,0.2195,0.931,0.216
16,clab-nebula-serf29,35,79,143,75,68,4,0.5245,0.9494,0.5102
16,clab-nebula-serf130,40,53,158,50,108,3,0.3165,0.9434,0.3106
16,clab-nebula-serf161,40,58,158,55,103,3,0.3481,0.9483,0.3416
16,clab-nebula-serf32,40,121,148,114,34,7,0.7703,0.9421,0.7355
16,clab-nebula-serf63,40,119,148,113,35,6,0.7635,0.9496,0.7338
16,clab-nebula-serf45,40,121,148,114,34,7,0.7703,0.9421,0.7355
16,clab-nebula-serf49,40,124,148,117,31,7,0.7905,0.9435,0.7548
16,clab-nebula-serf83,40,119,145,113,32,6,0.7793,0.9496,0.7483
16,clab-nebula-serf91,40,129,145,122,23,7,0.8414,0.9457,0.8026
16,clab-nebula-serf136,40,66,157,62,95,4,0.3949,0.9394,0.3851
16,clab-nebula-serf146,40,58,158,55,103,3,0.3481,0.9483,0.3416
16,clab-nebula-serf12,40,119,148,113,35,6,0.7635,0.9496,0.7338
16,clab-nebula-serf19,40,120,149,114,35,6,0.7651,0.95,0.7355
16,clab-nebula-serf80,40,127,142,120,22,7,0.8451,0.9449,0.8054
16,clab-nebula-serf111,40,150,151,142,9,8,0.9404,0.9467,0.8931
16,clab-nebula-serf109,40,153,151,145,6,8,0.9603,0.9477,0.9119
16,clab-nebula-serf147,40,59,137,56,81,3,0.4088,0.9492,0.4
16,clab-nebula-serf4,40,92,149,87,62,5,0.5839,0.9457,0.5649
16,clab-nebula-serf100,40,137,146,130,16,7,0.8904,0.9489,0.8497
16,clab-nebula-serf75,40,122,141,115,26,7,0.8156,0.9426,0.777
16,clab-nebula-serf89,40,119,145,113,32,6,0.7793,0.9496,0.7483
16,clab-nebula-serf101,40,131,146,124,22,7,0.8493,0.9466,0.8105
16,clab-nebula-serf105,40,145,151,137,14,8,0.9073,0.9448,0.8616
16,clab-nebula-serf65,40,122,138,115,23,7,0.8333,0.9426,0.7931
16,clab-nebula-serf68,40,122,141,115,26,7,0.8156,0.9426,0.777
16,clab-nebula-serf94,40,129,145,122,23,7,0.8414,0.9457,0.8026
16,clab-nebula-serf103,40,140,146,133,13,7,0.911,0.95,0.8693
16,clab-nebula-serf117,40,3,2,2,0,1,1.0,0.6667,0.6667
16,clab-nebula-serf127,40,138,154,131,23,7,0.8506,0.9493,0.8137
16,clab-nebula-serf129,40,123,152,116,36,7,0.7632,0.9431,0.7296
16,clab-nebula-serf155,40,56,137,53,84,3,0.3869,0.9464,0.3786
16,clab-nebula-serf3,40,96,150,91,59,5,0.6067,0.9479,0.5871
16,clab-nebula-serf14,40,119,148,113,35,6,0.7635,0.9496,0.7338
16,clab-nebula-serf142,40,54,158,51,107,3,0.3228,0.9444,0.3168
16,clab-nebula-serf96,40,121,146,114,32,7,0.7808,0.9421,0.7451
16,clab-nebula-serf116,40,1,1,1,0,0,1.0,1.0,1.0
16,clab-nebula-serf56,40,125,148,118,30,7,0.7973,0.944,0.7613
16,clab-nebula-serf59,40,128,148,121,27,7,0.8176,0.9453,0.7806
16,clab-nebula-serf70,40,124,147,117,30,7,0.7959,0.9435,0.7597
16,clab-nebula-serf81,40,130,142,123,19,7,0.8662,0.9462,0.8255
16,clab-nebula-serf95,40,124,145,117,28,7,0.8069,0.9435,0.7697
16,clab-nebula-serf114,40,134,147,127,20,7,0.8639,0.9478,0.8247
16,clab-nebula-serf9,40,116,148,110,38,6,0.7432,0.9483,0.7143
16,clab-nebula-serf17,40,121,148,114,34,7,0.7703,0.9421,0.7355
16,clab-nebula-serf139,40,65,157,61,96,4,0.3885,0.9385,0.3789
16,clab-nebula-serf52,40,124,148,117,31,7,0.7905,0.9435,0.7548
16,clab-nebula-serf71,40,124,142,117,25,7,0.8239,0.9435,0.7852
16,clab-nebula-serf26,40,121,149,115,34,6,0.7718,0.9504,0.7419
16,clab-nebula-serf34,40,121,149,115,34,6,0.7718,0.9504,0.7419
16,clab-nebula-serf126,40,138,154,131,23,7,0.8506,0.9493,0.8137
16,clab-nebula-serf36,40,121,148,114,34,7,0.7703,0.9421,0.7355
16,clab-nebula-serf82,40,61,142,57,85,4,0.4014,0.9344,0.3904
16,clab-nebula-serf85,40,119,145,113,32,6,0.7793,0.9496,0.7483
16,clab-nebula-serf97,40,126,146,119,27,7,0.8151,0.9444,0.7778
16,clab-nebula-serf99,40,137,146,130,16,7,0.8904,0.9489,0.8497
16,clab-nebula-serf124,40,133,154,126,28,7,0.8182,0.9474,0.7826
16,clab-nebula-serf157,40,54,158,51,107,3,0.3228,0.9444,0.3168
16,clab-nebula-serf159,40,54,158,51,107,3,0.3228,0.9444,0.3168
16,clab-nebula-serf1,40,107,149,101,48,6,0.6779,0.9439,0.6516
16,clab-nebula-serf33,40,124,148,117,31,7,0.7905,0.9435,0.7548
16,clab-nebula-serf123,40,143,151,135,16,8,0.894,0.9441,0.8491
16,clab-nebula-serf135,40,54,158,51,107,3,0.3228,0.9444,0.3168
16,clab-nebula-serf13,40,120,149,114,35,6,0.7651,0.95,0.7355
16,clab-nebula-serf47,40,124,148,117,31,7,0.7905,0.9435,0.7548
16,clab-nebula-serf84,40,110,145,104,41,6,0.7172,0.9455,0.6887
16,clab-nebula-serf92,40,123,141,116,25,7,0.8227,0.9431,0.7838
16,clab-nebula-serf106,40,130,152,123,29,7,0.8092,0.9462,0.7736
16,clab-nebula-serf108,40,144,151,136,15,8,0.9007,0.9444,0.8553
16,clab-nebula-serf119,40,4,78,3,75,1,0.0385,0.75,0.038
16,clab-nebula-serf125,40,137,154,130,24,7,0.8442,0.9489,0.8075
16,clab-nebula-serf54,40,122,148,115,33,7,0.777,0.9426,0.7419
16,clab-nebula-serf57,40,124,148,117,31,7,0.7905,0.9435,0.7548
16,clab-nebula-serf24,40,93,150,88,62,5,0.5867,0.9462,0.5677
16,clab-nebula-serf42,40,101,149,95,54,6,0.6376,0.9406,0.6129
16,clab-nebula-serf48,40,121,148,114,34,7,0.7703,0.9421,0.7355
16,clab-nebula-serf2,40,84,148,79,69,5,0.5338,0.9405,0.5163
16,clab-nebula-serf21,40,107,149,101,48,6,0.6779,0.9439,0.6516
16,clab-nebula-serf67,40,122,141,115,26,7,0.8156,0.9426,0.777
16,clab-nebula-serf102,40,124,146,117,29,7,0.8014,0.9435,0.7647
16,clab-nebula-serf110,40,107,146,101,45,6,0.6918,0.9439,0.6645
16,clab-nebula-serf132,40,78,157,74,83,4,0.4713,0.9487,0.4596
16,clab-nebula-serf134,40,57,158,54,104,3,0.3418,0.9474,0.3354
16,clab-nebula-serf137,40,55,158,52,106,3,0.3291,0.9455,0.323
16,clab-nebula-serf10,40,120,149,114,35,6,0.7651,0.95,0.7355
16,clab-nebula-serf46,40,121,148,114,34,7,0.7703,0.9421,0.7355
16,clab-nebula-serf74,40,124,142,117,25,7,0.8239,0.9435,0.7852
16,clab-nebula-serf76,40,129,142,122,20,7,0.8592,0.9457,0.8188
16,clab-nebula-serf149,40,60,137,57,80,3,0.4161,0.95,0.4071
16,clab-nebula-serf20,40,102,149,96,53,6,0.6443,0.9412,0.6194
16,clab-nebula-serf22,40,98,150,93,57,5,0.62,0.949,0.6
16,clab-nebula-serf160,40,58,158,55,103,3,0.3481,0.9483,0.3416
16,clab-nebula-serf31,40,119,149,113,36,6,0.7584,0.9496,0.729
16,clab-nebula-serf93,40,125,145,118,27,7,0.8138,0.944,0.7763
16,clab-nebula-serf122,40,133,154,126,28,7,0.8182,0.9474,0.7826
16,clab-nebula-serf38,40,121,149,115,34,6,0.7718,0.9504,0.7419
16,clab-nebula-serf55,40,121,149,115,34,6,0.7718,0.9504,0.7419
16,clab-nebula-serf79,40,135,144,128,16,7,0.8889,0.9481,0.8477
16,clab-nebula-serf113,40,139,147,132,15,7,0.898,0.9496,0.8571
16,clab-nebula-serf120,40,3,2,2,0,1,1.0,0.6667,0.6667
16,clab-nebula-serf128,40,145,151,137,14,8,0.9073,0.9448,0.8616
16,clab-nebula-serf8,40,105,148,99,49,6,0.6689,0.9429,0.6429
16,clab-nebula-serf27,40,92,150,87,63,5,0.58,0.9457,0.5613
16,clab-nebula-serf78,40,123,142,116,26,7,0.8169,0.9431,0.7785
16,clab-nebula-serf104,40,145,151,137,14,8,0.9073,0.9448,0.8616
16,clab-nebula-serf133,40,59,158,56,102,3,0.3544,0.9492,0.3478
16,clab-nebula-serf64,40,116,148,110,38,6,0.7432,0.9483,0.7143
16,clab-nebula-serf73,40,130,142,123,19,7,0.8662,0.9462,0.8255
16,clab-nebula-serf118,40,3,2,2,0,1,1.0,0.6667,0.6667
16,clab-nebula-serf5,40,92,149,87,62,5,0.5839,0.9457,0.5649
16,clab-nebula-serf87,40,120,145,114,31,6,0.7862,0.95,0.755
16,clab-nebula-serf88,40,120,145,114,31,6,0.7862,0.95,0.755
16,clab-nebula-serf153,40,55,137,52,85,3,0.3796,0.9455,0.3714
16,clab-nebula-serf53,40,121,148,114,34,7,0.7703,0.9421,0.7355
16,clab-nebula-serf69,40,125,142,118,24,7,0.831,0.944,0.7919
16,clab-nebula-serf60,40,124,148,117,31,7,0.7905,0.9435,0.7548
16,clab-nebula-serf145,40,56,158,53,105,3,0.3354,0.9464,0.3292
16,clab-nebula-serf6,40,117,149,111,38,6,0.745,0.9487,0.7161
16,clab-nebula-serf11,40,120,149,114,35,6,0.7651,0.95,0.7355
16,clab-nebula-serf98,40,121,146,114,32,7,0.7808,0.9421,0.7451
16,clab-nebula-serf138,40,55,158,52,106,3,0.3291,0.9455,0.323
16,clab-nebula-serf150,40,54,137,51,86,3,0.3723,0.9444,0.3643
16,clab-nebula-serf18,40,120,149,114,35,6,0.7651,0.95,0.7355
16,clab-nebula-serf30,40,119,149,113,36,6,0.7584,0.9496,0.729
16,clab-nebula-serf44,40,124,148,117,31,7,0.7905,0.9435,0.7548
16,clab-nebula-serf131,40,69,157,65,92,4,0.414,0.942,0.4037
16,clab-nebula-serf35,40,111,149,105,44,6,0.7047,0.9459,0.6774
16,clab-nebula-serf40,40,118,149,112,37,6,0.7517,0.9492,0.7226
16,clab-nebula-serf144,40,95,156,90,66,5,0.5769,0.9474,0.559
16,clab-nebula-serf152,40,89,140,84,56,5,0.6,0.9438,0.5793
16,clab-nebula-serf162,40,35,159,33,126,2,0.2075,0.9429,0.205
16,clab-nebula-serf41,40,99,149,94,55,5,0.6309,0.9495,0.6104
16,clab-nebula-serf72,40,125,142,118,24,7,0.831,0.944,0.7919
16,clab-nebula-serf141,40,59,158,56,102,3,0.3544,0.9492,0.3478
16,clab-nebula-serf25,40,102,149,96,53,6,0.6443,0.9412,0.6194
16,clab-nebula-serf50,40,122,148,115,33,7,0.777,0.9426,0.7419
16,clab-nebula-serf51,40,121,148,114,34,7,0.7703,0.9421,0.7355
16,clab-nebula-serf66,40,123,142,116,26,7,0.8169,0.9431,0.7785
16,clab-nebula-serf86,40,120,145,114,31,6,0.7862,0.95,0.755
16,clab-nebula-serf90,40,122,144,115,29,7,0.7986,0.9426,0.7616
16,clab-nebula-serf143,40,56,158,53,105,3,0.3354,0.9464,0.3292
16,clab-nebula-serf7,40,117,149,111,38,6,0.745,0.9487,0.7161
16,clab-nebula-serf37,40,121,149,115,34,6,0.7718,0.9504,0.7419
16,clab-nebula-serf43,40,119,149,113,36,6,0.7584,0.9496,0.729
16,clab-nebula-serf58,40,125,148,118,30,7,0.7973,0.944,0.7613
16,clab-nebula-serf61,40,124,148,117,31,7,0.7905,0.9435,0.7548
16,clab-nebula-serf112,40,64,130,60,70,4,0.4615,0.9375,0.4478
16,clab-nebula-serf15,40,121,149,115,34,6,0.7718,0.9504,0.7419
16,clab-nebula-serf16,40,121,149,115,34,6,0.7718,0.9504,0.7419
16,clab-nebula-serf77,40,125,142,118,24,7,0.831,0.944,0.7919
16,clab-nebula-serf121,40,138,154,131,23,7,0.8506,0.9493,0.8137
16,clab-nebula-serf140,40,52,158,49,109,3,0.3101,0.9423,0.3043
16,clab-nebula-serf148,40,52,137,49,88,3,0.3577,0.9423,0.35
16,clab-nebula-serf154,40,55,137,52,85,3,0.3796,0.9455,0.3714
16,clab-nebula-serf156,40,61,136,57,79,4,0.4191,0.9344,0.4071
16,clab-nebula-serf23,40,91,150,86,64,5,0.5733,0.9451,0.5548
16,clab-nebula-serf39,40,124,145,117,28,7,0.8069,0.9435,0.7697
16,clab-nebula-serf62,40,120,148,114,34,6,0.7703,0.95,0.7403
16,clab-nebula-serf107,40,144,151,136,15,8,0.9007,0.9444,0.8553
16,clab-nebula-serf115,40,3,87,2,85,1,0.023,0.6667,0.0227
16,clab-nebula-serf151,40,55,137,52,85,3,0.3796,0.9455,0.3714
16,clab-nebula-serf158,40,52,158,49,109,3,0.3101,0.9423,0.3043
16,clab-nebula-serf28,40,61,147,58,89,3,0.3946,0.9508,0.3867
16,clab-nebula-serf29,40,92,146,87,59,5,0.5959,0.9457,0.5762
16,clab-nebula-serf130,45,84,156,79,77,5,0.5064,0.9405,0.4907
16,clab-nebula-serf161,45,79,157,75,82,4,0.4777,0.9494,0.4658
16,clab-nebula-serf32,45,124,148,117,31,7,0.7905,0.9435,0.7548
16,clab-nebula-serf63,45,124,148,117,31,7,0.7905,0.9435,0.7548
16,clab-nebula-serf45,45,124,148,117,31,7,0.7905,0.9435,0.7548
16,clab-nebula-serf49,45,135,148,128,20,7,0.8649,0.9481,0.8258
16,clab-nebula-serf83,45,128,144,121,23,7,0.8403,0.9453,0.8013
16,clab-nebula-serf91,45,146,149,138,11,8,0.9262,0.9452,0.879
16,clab-nebula-serf136,45,95,156,90,66,5,0.5769,0.9474,0.559
16,clab-nebula-serf146,45,78,157,74,83,4,0.4713,0.9487,0.4596
16,clab-nebula-serf12,45,121,149,115,34,6,0.7718,0.9504,0.7419
16,clab-nebula-serf19,45,123,148,116,32,7,0.7838,0.9431,0.7484
16,clab-nebula-serf80,45,152,151,144,7,8,0.9536,0.9474,0.9057
16,clab-nebula-serf111,45,154,151,146,5,8,0.9669,0.9481,0.9182
16,clab-nebula-serf109,45,155,152,147,5,8,0.9671,0.9484,0.9187
16,clab-nebula-serf147,45,87,140,82,58,5,0.5857,0.9425,0.5655
16,clab-nebula-serf4,45,109,149,103,46,6,0.6913,0.945,0.6645
16,clab-nebula-serf100,45,150,146,142,4,8,0.9726,0.9467,0.9221
16,clab-nebula-serf75,45,135,144,128,16,7,0.8889,0.9481,0.8477
16,clab-nebula-serf89,45,127,144,120,24,7,0.8333,0.9449,0.7947
16,clab-nebula-serf101,45,148,145,140,5,8,0.9655,0.9459,0.915
16,clab-nebula-serf105,45,153,151,145,6,8,0.9603,0.9477,0.9119
16,clab-nebula-serf65,45,126,139,119,20,7,0.8561,0.9444,0.8151
16,clab-nebula-serf68,45,135,144,128,16,7,0.8889,0.9481,0.8477
16,clab-nebula-serf94,45,145,150,137,13,8,0.9133,0.9448,0.8671
16,clab-nebula-serf103,45,150,146,142,4,8,0.9726,0.9467,0.9221
16,clab-nebula-serf117,45,10,87,9,78,1,0.1034,0.9,0.1023
16,clab-nebula-serf127,45,146,153,138,15,8,0.902,0.9452,0.8571
16,clab-nebula-serf129,45,142,151,134,17,8,0.8874,0.9437,0.8428
16,clab-nebula-serf155,45,82,138,77,61,5,0.558,0.939,0.5385
16,clab-nebula-serf3,45,109,149,103,46,6,0.6913,0.945,0.6645
16,clab-nebula-serf14,45,121,148,114,34,7,0.7703,0.9421,0.7355
16,clab-nebula-serf142,45,59,158,56,102,3,0.3544,0.9492,0.3478
16,clab-nebula-serf96,45,147,145,139,6,8,0.9586,0.9456,0.9085
16,clab-nebula-serf116,45,6,87,5,82,1,0.0575,0.8333,0.0568
16,clab-nebula-serf56,45,151,147,143,4,8,0.9728,0.947,0.9226
16,clab-nebula-serf59,45,153,147,145,2,8,0.9864,0.9477,0.9355
16,clab-nebula-serf70,45,147,147,139,8,8,0.9456,0.9456,0.8968
16,clab-nebula-serf81,45,153,151,145,6,8,0.9603,0.9477,0.9119
16,clab-nebula-serf95,45,142,147,134,13,8,0.9116,0.9437,0.8645
16,clab-nebula-serf114,45,152,151,144,7,8,0.9536,0.9474,0.9057
16,clab-nebula-serf9,45,120,149,114,35,6,0.7651,0.95,0.7355
16,clab-nebula-serf17,45,124,148,117,31,7,0.7905,0.9435,0.7548
16,clab-nebula-serf139,45,95,156,90,66,5,0.5769,0.9474,0.559
16,clab-nebula-serf52,45,134,148,127,21,7,0.8581,0.9478,0.8194
16,clab-nebula-serf71,45,146,151,138,13,8,0.9139,0.9452,0.8679
16,clab-nebula-serf26,45,124,148,117,31,7,0.7905,0.9435,0.7548
16,clab-nebula-serf34,45,124,148,117,31,7,0.7905,0.9435,0.7548
16,clab-nebula-serf126,45,146,153,138,15,8,0.902,0.9452,0.8571
16,clab-nebula-serf36,45,124,148,117,31,7,0.7905,0.9435,0.7548
16,clab-nebula-serf82,45,94,144,89,55,5,0.6181,0.9468,0.5973
16,clab-nebula-serf85,45,134,145,127,18,7,0.8759,0.9478,0.8355
16,clab-nebula-serf97,45,149,146,141,5,8,0.9658,0.9463,0.9156
16,clab-nebula-serf99,45,148,145,140,5,8,0.9655,0.9459,0.915
16,clab-nebula-serf124,45,145,153,137,16,8,0.8954,0.9448,0.8509
16,clab-nebula-serf157,45,70,157,66,91,4,0.4204,0.9429,0.4099
16,clab-nebula-serf159,45,70,157,66,91,4,0.4204,0.9429,0.4099
16,clab-nebula-serf1,45,117,149,111,38,6,0.745,0.9487,0.7161
16,clab-nebula-serf33,45,128,148,121,27,7,0.8176,0.9453,0.7806
16,clab-nebula-serf123,45,152,153,144,9,8,0.9412,0.9474,0.8944
16,clab-nebula-serf135,45,91,156,86,70,5,0.5513,0.9451,0.5342
16,clab-nebula-serf13,45,124,148,117,31,7,0.7905,0.9435,0.7548
16,clab-nebula-serf47,45,126,148,119,29,7,0.8041,0.9444,0.7677
16,clab-nebula-serf84,45,119,145,113,32,6,0.7793,0.9496,0.7483
16,clab-nebula-serf92,45,137,144,130,14,7,0.9028,0.9489,0.8609
16,clab-nebula-serf106,45,145,151,137,14,8,0.9073,0.9448,0.8616
16,clab-nebula-serf108,45,149,151,141,10,8,0.9338,0.9463,0.8868
16,clab-nebula-serf119,45,5,87,4,83,1,0.046,0.8,0.0455
16,clab-nebula-serf125,45,146,153,138,15,8,0.902,0.9452,0.8571
16,clab-nebula-serf54,45,126,148,119,29,7,0.8041,0.9444,0.7677
16,clab-nebula-serf57,45,144,147,136,11,8,0.9252,0.9444,0.8774
16,clab-nebula-serf24,45,103,149,97,52,6,0.651,0.9417,0.6258
16,clab-nebula-serf42,45,117,149,111,38,6,0.745,0.9487,0.7161
16,clab-nebula-serf48,45,124,148,117,31,7,0.7905,0.9435,0.7548
16,clab-nebula-serf2,45,99,149,94,55,5,0.6309,0.9495,0.6104
16,clab-nebula-serf21,45,121,149,115,34,6,0.7718,0.9504,0.7419
16,clab-nebula-serf67,45,135,144,128,16,7,0.8889,0.9481,0.8477
16,clab-nebula-serf102,45,144,145,136,9,8,0.9379,0.9444,0.8889
16,clab-nebula-serf110,45,143,151,135,16,8,0.894,0.9441,0.8491
16,clab-nebula-serf132,45,104,155,98,57,6,0.6323,0.9423,0.6087
16,clab-nebula-serf134,45,91,156,86,70,5,0.5513,0.9451,0.5342
16,clab-nebula-serf137,45,90,156,85,71,5,0.5449,0.9444,0.528
16,clab-nebula-serf10,45,121,149,115,34,6,0.7718,0.9504,0.7419
16,clab-nebula-serf46,45,124,148,117,31,7,0.7905,0.9435,0.7548
16,clab-nebula-serf74,45,145,151,137,14,8,0.9073,0.9448,0.8616
16,clab-nebula-serf76,45,153,151,145,6,8,0.9603,0.9477,0.9119
16,clab-nebula-serf149,45,89,140,84,56,5,0.6,0.9438,0.5793
16,clab-nebula-serf20,45,118,149,112,37,6,0.7517,0.9492,0.7226
16,clab-nebula-serf22,45,117,149,111,38,6,0.745,0.9487,0.7161
16,clab-nebula-serf160,45,82,156,77,79,5,0.4936,0.939,0.4783
16,clab-nebula-serf31,45,124,148,117,31,7,0.7905,0.9435,0.7548
16,clab-nebula-serf93,45,142,147,134,13,8,0.9116,0.9437,0.8645
16,clab-nebula-serf122,45,144,153,136,17,8,0.8889,0.9444,0.8447
16,clab-nebula-serf38,45,124,148,117,31,7,0.7905,0.9435,0.7548
16,clab-nebula-serf55,45,126,148,119,29,7,0.8041,0.9444,0.7677
16,clab-nebula-serf79,45,153,151,145,6,8,0.9603,0.9477,0.9119
16,clab-nebula-serf113,45,156,152,148,4,8,0.9737,0.9487,0.925
16,clab-nebula-serf120,45,5,87,4,83,1,0.046,0.8,0.0455
16,clab-nebula-serf128,45,150,151,142,9,8,0.9404,0.9467,0.8931
16,clab-nebula-serf8,45,120,149,114,35,6,0.7651,0.95,0.7355
16,clab-nebula-serf27,45,98,150,93,57,5,0.62,0.949,0.6
16,clab-nebula-serf78,45,140,148,133,15,7,0.8986,0.95,0.8581
16,clab-nebula-serf104,45,153,151,145,6,8,0.9603,0.9477,0.9119
16,clab-nebula-serf133,45,92,156,87,69,5,0.5577,0.9457,0.5404
16,clab-nebula-serf64,45,123,148,116,32,7,0.7838,0.9431,0.7484
16,clab-nebula-serf73,45,151,151,143,8,8,0.947,0.947,0.8994
16,clab-nebula-serf118,45,5,87,4,83,1,0.046,0.8,0.0455
16,clab-nebula-serf5,45,108,149,102,47,6,0.6846,0.9444,0.6581
16,clab-nebula-serf87,45,132,144,125,19,7,0.8681,0.947,0.8278
16,clab-nebula-serf88,45,127,144,120,24,7,0.8333,0.9449,0.7947
16,clab-nebula-serf153,45,81,139,77,62,4,0.554,0.9506,0.5385
16,clab-nebula-serf53,45,125,148,118,30,7,0.7973,0.944,0.7613
16,clab-nebula-serf69,45,147,151,139,12,8,0.9205,0.9456,0.8742
16,clab-nebula-serf60,45,143,147,135,12,8,0.9184,0.9441,0.871
16,clab-nebula-serf145,45,66,157,62,95,4,0.3949,0.9394,0.3851
16,clab-nebula-serf6,45,120,149,114,35,6,0.7651,0.95,0.7355
16,clab-nebula-serf11,45,124,148,117,31,7,0.7905,0.9435,0.7548
16,clab-nebula-serf98,45,144,146,136,10,8,0.9315,0.9444,0.8831
16,clab-nebula-serf138,45,90,156,85,71,5,0.5449,0.9444,0.528
16,clab-nebula-serf150,45,79,137,75,62,4,0.5474,0.9494,0.5319
16,clab-nebula-serf18,45,123,148,116,32,7,0.7838,0.9431,0.7484
16,clab-nebula-serf30,45,124,148,117,31,7,0.7905,0.9435,0.7548
16,clab-nebula-serf44,45,127,148,120,28,7,0.8108,0.9449,0.7742
16,clab-nebula-serf131,45,95,156,90,66,5,0.5769,0.9474,0.559
16,clab-nebula-serf35,45,121,149,115,34,6,0.7718,0.9504,0.7419
16,clab-nebula-serf40,45,122,148,115,33,7,0.777,0.9426,0.7419
16,clab-nebula-serf144,45,126,154,119,35,7,0.7727,0.9444,0.7391
16,clab-nebula-serf152,45,122,140,115,25,7,0.8214,0.9426,0.7823
16,clab-nebula-serf162,45,40,159,38,121,2,0.239,0.95,0.236
16,clab-nebula-serf41,45,118,149,112,37,6,0.7517,0.9492,0.7226
16,clab-nebula-serf72,45,150,151,142,9,8,0.9404,0.9467,0.8931
16,clab-nebula-serf141,45,90,156,85,71,5,0.5449,0.9444,0.528
16,clab-nebula-serf25,45,119,149,113,36,6,0.7584,0.9496,0.729
16,clab-nebula-serf50,45,125,148,118,30,7,0.7973,0.944,0.7613
16,clab-nebula-serf51,45,126,148,119,29,7,0.8041,0.9444,0.7677
16,clab-nebula-serf66,45,136,144,129,15,7,0.8958,0.9485,0.8543
16,clab-nebula-serf86,45,134,144,127,17,7,0.8819,0.9478,0.8411
16,clab-nebula-serf90,45,137,146,130,16,7,0.8904,0.9489,0.8497
16,clab-nebula-serf143,45,66,157,62,95,4,0.3949,0.9394,0.3851
16,clab-nebula-serf7,45,120,149,114,35,6,0.7651,0.95,0.7355
16,clab-nebula-serf37,45,124,148,117,31,7,0.7905,0.9435,0.7548
16,clab-nebula-serf43,45,124,148,117,31,7,0.7905,0.9435,0.7548
16,clab-nebula-serf58,45,153,147,145,2,8,0.9864,0.9477,0.9355
16,clab-nebula-serf61,45,149,147,141,6,8,0.9592,0.9463,0.9097
16,clab-nebula-serf112,45,103,152,97,55,6,0.6382,0.9417,0.6139
16,clab-nebula-serf15,45,124,148,117,31,7,0.7905,0.9435,0.7548
16,clab-nebula-serf16,45,126,148,119,29,7,0.8041,0.9444,0.7677
16,clab-nebula-serf77,45,151,151,143,8,8,0.947,0.947,0.8994
16,clab-nebula-serf121,45,148,153,140,13,8,0.915,0.9459,0.8696
16,clab-nebula-serf140,45,82,156,77,79,5,0.4936,0.939,0.4783
16,clab-nebula-serf148,45,68,136,64,72,4,0.4706,0.9412,0.4571
16,clab-nebula-serf154,45,79,137,75,62,4,0.5474,0.9494,0.5319
16,clab-nebula-serf156,45,99,141,94,47,5,0.6667,0.9495,0.6438
16,clab-nebula-serf23,45,99,150,94,56,5,0.6267,0.9495,0.6065
16,clab-nebula-serf39,45,138,154,131,23,7,0.8506,0.9493,0.8137
16,clab-nebula-serf62,45,124,148,117,31,7,0.7905,0.9435,0.7548
16,clab-nebula-serf107,45,149,151,141,10,8,0.9338,0.9463,0.8868
16,clab-nebula-serf115,45,6,87,5,82,1,0.0575,0.8333,0.0568
16,clab-nebula-serf151,45,81,138,77,61,4,0.558,0.9506,0.5423
16,clab-nebula-serf158,45,68,157,64,93,4,0.4076,0.9412,0.3975
16,clab-nebula-serf28,45,91,146,86,60,5,0.589,0.9451,0.5695
16,clab-nebula-serf29,45,98,146,93,53,5,0.637,0.949,0.6159
16,clab-nebula-serf130,50,111,155,105,50,6,0.6774,0.9459,0.6522
16,clab-nebula-serf161,50,117,155,111,44,6,0.7161,0.9487,0.6894
16,clab-nebula-serf32,50,137,148,130,18,7,0.8784,0.9489,0.8387
16,clab-nebula-serf63,50,128,148,121,27,7,0.8176,0.9453,0.7806
16,clab-nebula-serf45,50,145,147,137,10,8,0.932,0.9448,0.8839
16,clab-nebula-serf49,50,154,147,146,1,8,0.9932,0.9481,0.9419
16,clab-nebula-serf83,50,140,146,133,13,7,0.911,0.95,0.8693
16,clab-nebula-serf91,50,154,153,146,7,8,0.9542,0.9481,0.9068
16,clab-nebula-serf136,50,124,154,117,37,7,0.7597,0.9435,0.7267
16,clab-nebula-serf146,50,114,155,108,47,6,0.6968,0.9474,0.6708
16,clab-nebula-serf12,50,127,148,120,28,7,0.8108,0.9449,0.7742
16,clab-nebula-serf19,50,142,147,134,13,8,0.9116,0.9437,0.8645
16,clab-nebula-serf80,50,154,151,146,5,8,0.9669,0.9481,0.9182
16,clab-nebula-serf111,50,158,153,150,3,8,0.9804,0.9494,0.9317
16,clab-nebula-serf109,50,159,153,151,2,8,0.9869,0.9497,0.9379
16,clab-nebula-serf147,50,120,141,114,27,6,0.8085,0.95,0.7755
16,clab-nebula-serf4,50,120,149,114,35,6,0.7651,0.95,0.7355
16,clab-nebula-serf100,50,159,151,151,0,8,1.0,0.9497,0.9497
16,clab-nebula-serf75,50,154,151,146,5,8,0.9669,0.9481,0.9182
16,clab-nebula-serf89,50,137,145,130,15,7,0.8966,0.9489,0.8553
16,clab-nebula-serf101,50,157,149,149,0,8,1.0,0.949,0.949
16,clab-nebula-serf105,50,155,152,147,5,8,0.9671,0.9484,0.9187
16,clab-nebula-serf65,50,152,147,144,3,8,0.9796,0.9474,0.929
16,clab-nebula-serf68,50,154,151,146,5,8,0.9669,0.9481,0.9182
16,clab-nebula-serf94,50,154,153,146,7,8,0.9542,0.9481,0.9068
16,clab-nebula-serf103,50,159,151,151,0,8,1.0,0.9497,0.9497
16,clab-nebula-serf117,50,21,86,19,67,2,0.2209,0.9048,0.2159
16,clab-nebula-serf127,50,156,153,148,5,8,0.9673,0.9487,0.9193
16,clab-nebula-serf129,50,149,151,141,10,8,0.9338,0.9463,0.8868
16,clab-nebula-serf155,50,117,141,111,30,6,0.7872,0.9487,0.7551
16,clab-nebula-serf3,50,119,149,113,36,6,0.7584,0.9496,0.729
16,clab-nebula-serf14,50,126,148,119,29,7,0.8041,0.9444,0.7677
16,clab-nebula-serf142,50,95,156,90,66,5,0.5769,0.9474,0.559
16,clab-nebula-serf96,50,153,146,145,1,8,0.9932,0.9477,0.9416
16,clab-nebula-serf116,50,14,87,13,74,1,0.1494,0.9286,0.1477
16,clab-nebula-serf56,50,154,147,146,1,8,0.9932,0.9481,0.9419
16,clab-nebula-serf59,50,154,147,146,1,8,0.9932,0.9481,0.9419
16,clab-nebula-serf70,50,154,147,146,1,8,0.9932,0.9481,0.9419
16,clab-nebula-serf81,50,154,151,146,5,8,0.9669,0.9481,0.9182
16,clab-nebula-serf95,50,154,153,146,7,8,0.9542,0.9481,0.9068
16,clab-nebula-serf114,50,158,152,150,2,8,0.9868,0.9494,0.9375
16,clab-nebula-serf9,50,125,148,118,30,7,0.7973,0.944,0.7613
16,clab-nebula-serf17,50,150,147,142,5,8,0.966,0.9467,0.9161
16,clab-nebula-serf139,50,121,155,115,40,6,0.7419,0.9504,0.7143
16,clab-nebula-serf52,50,154,147,146,1,8,0.9932,0.9481,0.9419
16,clab-nebula-serf71,50,154,151,146,5,8,0.9669,0.9481,0.9182
16,clab-nebula-serf26,50,137,148,130,18,7,0.8784,0.9489,0.8387
16,clab-nebula-serf34,50,149,147,141,6,8,0.9592,0.9463,0.9097
16,clab-nebula-serf126,50,156,153,148,5,8,0.9673,0.9487,0.9193
16,clab-nebula-serf36,50,137,148,130,18,7,0.8784,0.9489,0.8387
16,clab-nebula-serf82,50,111,147,105,42,6,0.7143,0.9459,0.6863
16,clab-nebula-serf85,50,149,150,141,9,8,0.94,0.9463,0.8924
16,clab-nebula-serf97,50,159,151,151,0,8,1.0,0.9497,0.9497
16,clab-nebula-serf99,50,159,151,151,0,8,1.0,0.9497,0.9497
16,clab-nebula-serf124,50,156,153,148,5,8,0.9673,0.9487,0.9193
16,clab-nebula-serf157,50,109,155,103,52,6,0.6645,0.945,0.6398
16,clab-nebula-serf159,50,108,155,102,53,6,0.6581,0.9444,0.6335
16,clab-nebula-serf1,50,121,149,115,34,6,0.7718,0.9504,0.7419
16,clab-nebula-serf33,50,154,147,146,1,8,0.9932,0.9481,0.9419
16,clab-nebula-serf123,50,158,153,150,3,8,0.9804,0.9494,0.9317
16,clab-nebula-serf135,50,112,155,106,49,6,0.6839,0.9464,0.6584
16,clab-nebula-serf13,50,144,147,136,11,8,0.9252,0.9444,0.8774
16,clab-nebula-serf47,50,154,147,146,1,8,0.9932,0.9481,0.9419
16,clab-nebula-serf84,50,128,145,121,24,7,0.8345,0.9453,0.7961
16,clab-nebula-serf92,50,154,151,146,5,8,0.9669,0.9481,0.9182
16,clab-nebula-serf106,50,153,151,145,6,8,0.9603,0.9477,0.9119
16,clab-nebula-serf108,50,155,152,147,5,8,0.9671,0.9484,0.9187
16,clab-nebula-serf119,50,17,87,16,71,1,0.1839,0.9412,0.1818
16,clab-nebula-serf125,50,155,153,147,6,8,0.9608,0.9484,0.913
16,clab-nebula-serf54,50,153,147,145,2,8,0.9864,0.9477,0.9355
16,clab-nebula-serf57,50,154,147,146,1,8,0.9932,0.9481,0.9419
16,clab-nebula-serf24,50,120,149,114,35,6,0.7651,0.95,0.7355
16,clab-nebula-serf42,50,123,148,116,32,7,0.7838,0.9431,0.7484
16,clab-nebula-serf48,50,141,147,133,14,8,0.9048,0.9433,0.8581
16,clab-nebula-serf2,50,114,149,108,41,6,0.7248,0.9474,0.6968
16,clab-nebula-serf21,50,124,148,117,31,7,0.7905,0.9435,0.7548
16,clab-nebula-serf67,50,154,151,146,5,8,0.9669,0.9481,0.9182
16,clab-nebula-serf102,50,157,149,149,0,8,1.0,0.949,0.949
16,clab-nebula-serf110,50,148,151,140,11,8,0.9272,0.9459,0.8805
16,clab-nebula-serf132,50,132,154,125,29,7,0.8117,0.947,0.7764
16,clab-nebula-serf134,50,116,155,110,45,6,0.7097,0.9483,0.6832
16,clab-nebula-serf137,50,115,155,109,46,6,0.7032,0.9478,0.677
16,clab-nebula-serf10,50,129,148,122,26,7,0.8243,0.9457,0.7871
16,clab-nebula-serf46,50,127,148,120,28,7,0.8108,0.9449,0.7742
16,clab-nebula-serf74,50,154,151,146,5,8,0.9669,0.9481,0.9182
16,clab-nebula-serf76,50,154,151,146,5,8,0.9669,0.9481,0.9182
16,clab-nebula-serf149,50,124,140,117,23,7,0.8357,0.9435,0.7959
16,clab-nebula-serf20,50,124,148,117,31,7,0.7905,0.9435,0.7548
16,clab-nebula-serf22,50,122,148,115,33,7,0.777,0.9426,0.7419
16,clab-nebula-serf160,50,118,155,112,43,6,0.7226,0.9492,0.6957
16,clab-nebula-serf31,50,129,148,122,26,7,0.8243,0.9457,0.7871
16,clab-nebula-serf93,50,154,153,146,7,8,0.9542,0.9481,0.9068
16,clab-nebula-serf122,50,154,153,146,7,8,0.9542,0.9481,0.9068
16,clab-nebula-serf38,50,133,148,126,22,7,0.8514,0.9474,0.8129
16,clab-nebula-serf55,50,153,147,145,2,8,0.9864,0.9477,0.9355
16,clab-nebula-serf79,50,154,151,146,5,8,0.9669,0.9481,0.9182
16,clab-nebula-serf113,50,159,152,151,1,8,0.9934,0.9497,0.9437
16,clab-nebula-serf120,50,14,87,13,74,1,0.1494,0.9286,0.1477
16,clab-nebula-serf128,50,155,152,147,5,8,0.9671,0.9484,0.9187
16,clab-nebula-serf8,50,122,148,115,33,7,0.777,0.9426,0.7419
16,clab-nebula-serf27,50,117,149,111,38,6,0.745,0.9487,0.7161
16,clab-nebula-serf78,50,154,151,146,5,8,0.9669,0.9481,0.9182
16,clab-nebula-serf104,50,155,152,147,5,8,0.9671,0.9484,0.9187
16,clab-nebula-serf133,50,117,155,111,44,6,0.7161,0.9487,0.6894
16,clab-nebula-serf64,50,128,148,121,27,7,0.8176,0.9453,0.7806
16,clab-nebula-serf73,50,154,151,146,5,8,0.9669,0.9481,0.9182
16,clab-nebula-serf118,50,15,87,14,73,1,0.1609,0.9333,0.1591
16,clab-nebula-serf5,50,118,149,112,37,6,0.7517,0.9492,0.7226
16,clab-nebula-serf87,50,145,145,137,8,8,0.9448,0.9448,0.8954
16,clab-nebula-serf88,50,136,145,129,16,7,0.8897,0.9485,0.8487
16,clab-nebula-serf153,50,114,141,108,33,6,0.766,0.9474,0.7347
16,clab-nebula-serf53,50,151,147,143,4,8,0.9728,0.947,0.9226
16,clab-nebula-serf69,50,154,151,146,5,8,0.9669,0.9481,0.9182
16,clab-nebula-serf60,50,154,147,146,1,8,0.9932,0.9481,0.9419
16,clab-nebula-serf145,50,104,155,98,57,6,0.6323,0.9423,0.6087
16,clab-nebula-serf6,50,124,148,117,31,7,0.7905,0.9435,0.7548
16,clab-nebula-serf11,50,142,147,134,13,8,0.9116,0.9437,0.8645
16,clab-nebula-serf98,50,156,149,148,1,8,0.9933,0.9487,0.9427
16,clab-nebula-serf138,50,115,155,109,46,6,0.7032,0.9478,0.677
16,clab-nebula-serf150,50,117,140,111,29,6,0.7929,0.9487,0.7603
16,clab-nebula-serf18,50,140,148,133,15,7,0.8986,0.95,0.8581
16,clab-nebula-serf30,50,128,148,121,27,7,0.8176,0.9453,0.7806
16,clab-nebula-serf44,50,154,147,146,1,8,0.9932,0.9481,0.9419
16,clab-nebula-serf131,50,122,154,115,39,7,0.7468,0.9426,0.7143
16,clab-nebula-serf35,50,124,148,117,31,7,0.7905,0.9435,0.7548
16,clab-nebula-serf40,50,126,148,119,29,7,0.8041,0.9444,0.7677
16,clab-nebula-serf144,50,141,153,133,20,8,0.8693,0.9433,0.8261
16,clab-nebula-serf152,50,143,145,135,10,8,0.931,0.9441,0.8824
16,clab-nebula-serf162,50,54,158,51,107,3,0.3228,0.9444,0.3168
16,clab-nebula-serf41,50,121,149,115,34,6,0.7718,0.9504,0.7419
16,clab-nebula-serf72,50,154,151,146,5,8,0.9669,0.9481,0.9182
16,clab-nebula-serf141,50,116,155,110,45,6,0.7097,0.9483,0.6832
16,clab-nebula-serf25,50,124,148,117,31,7,0.7905,0.9435,0.7548
16,clab-nebula-serf50,50,153,147,145,2,8,0.9864,0.9477,0.9355
16,clab-nebula-serf51,50,152,147,144,3,8,0.9796,0.9474,0.929
16,clab-nebula-serf66,50,154,151,146,5,8,0.9669,0.9481,0.9182
16,clab-nebula-serf86,50,145,145,137,8,8,0.9448,0.9448,0.8954
16,clab-nebula-serf90,50,154,153,146,7,8,0.9542,0.9481,0.9068
16,clab-nebula-serf143,50,103,155,97,58,6,0.6258,0.9417,0.6025
16,clab-nebula-serf7,50,124,148,117,31,7,0.7905,0.9435,0.7548
16,clab-nebula-serf37,50,146,147,138,9,8,0.9388,0.9452,0.8903
16,clab-nebula-serf43,50,126,148,119,29,7,0.8041,0.9444,0.7677
16,clab-nebula-serf58,50,154,147,146,1,8,0.9932,0.9481,0.9419
16,clab-nebula-serf61,50,154,147,146,1,8,0.9932,0.9481,0.9419
16,clab-nebula-serf112,50,136,152,129,23,7,0.8487,0.9485,0.8113
16,clab-nebula-serf15,50,151,147,143,4,8,0.9728,0.947,0.9226
16,clab-nebula-serf16,50,151,147,143,4,8,0.9728,0.947,0.9226
16,clab-nebula-serf77,50,154,151,146,5,8,0.9669,0.9481,0.9182
16,clab-nebula-serf121,50,160,153,152,1,8,0.9935,0.95,0.9441
16,clab-nebula-serf140,50,108,155,102,53,6,0.6581,0.9444,0.6335
16,clab-nebula-serf148,50,103,140,97,43,6,0.6929,0.9417,0.6644
16,clab-nebula-serf154,50,113,140,107,33,6,0.7643,0.9469,0.7329
16,clab-nebula-serf156,50,130,144,123,21,7,0.8542,0.9462,0.8146
16,clab-nebula-serf23,50,117,149,111,38,6,0.745,0.9487,0.7161
16,clab-nebula-serf39,50,154,153,146,7,8,0.9542,0.9481,0.9068
16,clab-nebula-serf62,50,144,147,136,11,8,0.9252,0.9444,0.8774
16,clab-nebula-serf107,50,154,151,146,5,8,0.9669,0.9481,0.9182
16,clab-nebula-serf115,50,23,86,21,65,2,0.2442,0.913,0.2386
16,clab-nebula-serf151,50,114,141,108,33,6,0.766,0.9474,0.7347
16,clab-nebula-serf158,50,103,155,97,58,6,0.6258,0.9417,0.6025
16,clab-nebula-serf28,50,95,146,90,56,5,0.6164,0.9474,0.596
16,clab-nebula-serf29,50,115,145,109,36,6,0.7517,0.9478,0.7219
16,clab-nebula-serf130,55,136,154,129,25,7,0.8377,0.9485,0.8012
16,clab-nebula-serf161,55,139,154,132,22,7,0.8571,0.9496,0.8199
16,clab-nebula-serf32,55,154,147,146,1,8,0.9932,0.9481,0.9419
16,clab-nebula-serf63,55,154,147,146,1,8,0.9932,0.9481,0.9419
16,clab-nebula-serf45,55,154,147,146,1,8,0.9932,0.9481,0.9419
16,clab-nebula-serf49,55,154,147,146,1,8,0.9932,0.9481,0.9419
16,clab-nebula-serf83,55,154,153,146,7,8,0.9542,0.9481,0.9068
16,clab-nebula-serf91,55,157,153,149,4,8,0.9739,0.949,0.9255
16,clab-nebula-serf136,55,137,154,130,24,7,0.8442,0.9489,0.8075
16,clab-nebula-serf146,55,137,154,130,24,7,0.8442,0.9489,0.8075
16,clab-nebula-serf12,55,153,147,145,2,8,0.9864,0.9477,0.9355
16,clab-nebula-serf19,55,153,147,145,2,8,0.9864,0.9477,0.9355
16,clab-nebula-serf80,55,156,152,148,4,8,0.9737,0.9487,0.925
16,clab-nebula-serf111,55,161,152,152,0,9,1.0,0.9441,0.9441
16,clab-nebula-serf109,55,161,153,153,0,8,1.0,0.9503,0.9503
16,clab-nebula-serf147,55,141,145,133,12,8,0.9172,0.9433,0.8693
16,clab-nebula-serf4,55,123,148,116,32,7,0.7838,0.9431,0.7484
16,clab-nebula-serf100,55,160,152,152,0,8,1.0,0.95,0.95
16,clab-nebula-serf75,55,155,152,147,5,8,0.9671,0.9484,0.9187
16,clab-nebula-serf89,55,154,153,146,7,8,0.9542,0.9481,0.9068
16,clab-nebula-serf101,55,160,152,152,0,8,1.0,0.95,0.95
16,clab-nebula-serf105,55,160,153,152,1,8,0.9935,0.95,0.9441
16,clab-nebula-serf65,55,154,147,146,1,8,0.9932,0.9481,0.9419
16,clab-nebula-serf68,55,154,151,146,5,8,0.9669,0.9481,0.9182
16,clab-nebula-serf94,55,157,153,149,4,8,0.9739,0.949,0.9255
16,clab-nebula-serf103,55,161,153,153,0,8,1.0,0.9503,0.9503
16,clab-nebula-serf117,55,45,86,42,44,3,0.4884,0.9333,0.4719
16,clab-nebula-serf127,55,161,153,153,0,8,1.0,0.9503,0.9503
16,clab-nebula-serf129,55,155,152,147,5,8,0.9671,0.9484,0.9187
16,clab-nebula-serf155,55,137,146,130,16,7,0.8904,0.9489,0.8497
16,clab-nebula-serf3,55,123,148,116,32,7,0.7838,0.9431,0.7484
16,clab-nebula-serf14,55,151,147,143,4,8,0.9728,0.947,0.9226
16,clab-nebula-serf142,55,126,154,119,35,7,0.7727,0.9444,0.7391
16,clab-nebula-serf96,55,160,152,152,0,8,1.0,0.95,0.95
16,clab-nebula-serf116,55,40,138,38,100,2,0.2754,0.95,0.2714
16,clab-nebula-serf56,55,157,149,149,0,8,1.0,0.949,0.949
16,clab-nebula-serf59,55,157,149,149,0,8,1.0,0.949,0.949
16,clab-nebula-serf70,55,158,150,150,0,8,1.0,0.9494,0.9494
16,clab-nebula-serf81,55,157,152,149,3,8,0.9803,0.949,0.9313
16,clab-nebula-serf95,55,154,153,146,7,8,0.9542,0.9481,0.9068
16,clab-nebula-serf114,55,161,152,152,0,9,1.0,0.9441,0.9441
16,clab-nebula-serf9,55,151,147,143,4,8,0.9728,0.947,0.9226
16,clab-nebula-serf17,55,154,147,146,1,8,0.9932,0.9481,0.9419
16,clab-nebula-serf139,55,137,154,130,24,7,0.8442,0.9489,0.8075
16,clab-nebula-serf52,55,154,147,146,1,8,0.9932,0.9481,0.9419
16,clab-nebula-serf71,55,156,152,148,4,8,0.9737,0.9487,0.925
16,clab-nebula-serf26,55,154,147,146,1,8,0.9932,0.9481,0.9419
16,clab-nebula-serf34,55,154,147,146,1,8,0.9932,0.9481,0.9419
16,clab-nebula-serf126,55,161,153,153,0,8,1.0,0.9503,0.9503
16,clab-nebula-serf36,55,154,147,146,1,8,0.9932,0.9481,0.9419
16,clab-nebula-serf82,55,121,148,115,33,6,0.777,0.9504,0.7468
16,clab-nebula-serf85,55,154,153,146,7,8,0.9542,0.9481,0.9068
16,clab-nebula-serf97,55,161,153,153,0,8,1.0,0.9503,0.9503
16,clab-nebula-serf99,55,160,152,152,0,8,1.0,0.95,0.95
16,clab-nebula-serf124,55,161,152,152,0,9,1.0,0.9441,0.9441
16,clab-nebula-serf157,55,136,154,129,25,7,0.8377,0.9485,0.8012
16,clab-nebula-serf159,55,136,154,129,25,7,0.8377,0.9485,0.8012
16,clab-nebula-serf1,55,133,148,126,22,7,0.8514,0.9474,0.8129
16,clab-nebula-serf33,55,154,147,146,1,8,0.9932,0.9481,0.9419
16,clab-nebula-serf123,55,161,153,153,0,8,1.0,0.9503,0.9503
16,clab-nebula-serf135,55,137,154,130,24,7,0.8442,0.9489,0.8075
16,clab-nebula-serf13,55,154,147,146,1,8,0.9932,0.9481,0.9419
16,clab-nebula-serf47,55,154,147,146,1,8,0.9932,0.9481,0.9419
16,clab-nebula-serf84,55,142,147,134,13,8,0.9116,0.9437,0.8645
16,clab-nebula-serf92,55,154,151,146,5,8,0.9669,0.9481,0.9182
16,clab-nebula-serf106,55,155,152,147,5,8,0.9671,0.9484,0.9187
16,clab-nebula-serf108,55,158,153,150,3,8,0.9804,0.9494,0.9317
16,clab-nebula-serf119,55,27,86,25,61,2,0.2907,0.9259,0.2841
16,clab-nebula-serf125,55,161,152,152,0,9,1.0,0.9441,0.9441
16,clab-nebula-serf54,55,154,147,146,1,8,0.9932,0.9481,0.9419
16,clab-nebula-serf57,55,155,148,147,1,8,0.9932,0.9484,0.9423
16,clab-nebula-serf24,55,124,148,117,31,7,0.7905,0.9435,0.7548
16,clab-nebula-serf42,55,127,148,120,28,7,0.8108,0.9449,0.7742
16,clab-nebula-serf48,55,154,147,146,1,8,0.9932,0.9481,0.9419
16,clab-nebula-serf2,55,120,149,114,35,6,0.7651,0.95,0.7355
16,clab-nebula-serf21,55,133,148,126,22,7,0.8514,0.9474,0.8129
16,clab-nebula-serf67,55,154,151,146,5,8,0.9669,0.9481,0.9182
16,clab-nebula-serf102,55,160,152,152,0,8,1.0,0.95,0.95
16,clab-nebula-serf110,55,154,151,146,5,8,0.9669,0.9481,0.9182
16,clab-nebula-serf132,55,144,153,136,17,8,0.8889,0.9444,0.8447
16,clab-nebula-serf134,55,137,154,130,24,7,0.8442,0.9489,0.8075
16,clab-nebula-serf137,55,137,154,130,24,7,0.8442,0.9489,0.8075
16,clab-nebula-serf10,55,153,147,145,2,8,0.9864,0.9477,0.9355
16,clab-nebula-serf46,55,154,147,146,1,8,0.9932,0.9481,0.9419
16,clab-nebula-serf74,55,155,152,147,5,8,0.9671,0.9484,0.9187
16,clab-nebula-serf76,55,158,153,150,3,8,0.9804,0.9494,0.9317
16,clab-nebula-serf149,55,143,145,135,10,8,0.931,0.9441,0.8824
16,clab-nebula-serf20,55,129,148,122,26,7,0.8243,0.9457,0.7871
16,clab-nebula-serf22,55,125,148,118,30,7,0.7973,0.944,0.7613
16,clab-nebula-serf160,55,139,154,132,22,7,0.8571,0.9496,0.8199
16,clab-nebula-serf31,55,154,147,146,1,8,0.9932,0.9481,0.9419
16,clab-nebula-serf93,55,156,153,148,5,8,0.9673,0.9487,0.9193
16,clab-nebula-serf122,55,161,152,152,0,9,1.0,0.9441,0.9441
16,clab-nebula-serf38,55,154,147,146,1,8,0.9932,0.9481,0.9419
16,clab-nebula-serf55,55,154,147,146,1,8,0.9932,0.9481,0.9419
16,clab-nebula-serf79,55,158,153,150,3,8,0.9804,0.9494,0.9317
16,clab-nebula-serf113,55,161,152,152,0,9,1.0,0.9441,0.9441
16,clab-nebula-serf120,55,24,86,22,64,2,0.2558,0.9167,0.25
16,clab-nebula-serf128,55,159,153,151,2,8,0.9869,0.9497,0.9379
16,clab-nebula-serf8,55,130,148,123,25,7,0.8311,0.9462,0.7935
16,clab-nebula-serf27,55,122,148,115,33,7,0.777,0.9426,0.7419
16,clab-nebula-serf78,55,155,152,147,5,8,0.9671,0.9484,0.9187
16,clab-nebula-serf104,55,159,153,151,2,8,0.9869,0.9497,0.9379
16,clab-nebula-serf133,55,137,154,130,24,7,0.8442,0.9489,0.8075
16,clab-nebula-serf64,55,154,147,146,1,8,0.9932,0.9481,0.9419
16,clab-nebula-serf73,55,158,153,150,3,8,0.9804,0.9494,0.9317
16,clab-nebula-serf118,55,25,86,23,63,2,0.2674,0.92,0.2614
16,clab-nebula-serf5,55,121,149,115,34,6,0.7718,0.9504,0.7419
16,clab-nebula-serf87,55,155,153,147,6,8,0.9608,0.9484,0.913
16,clab-nebula-serf88,55,154,153,146,7,8,0.9542,0.9481,0.9068
16,clab-nebula-serf153,55,137,146,130,16,7,0.8904,0.9489,0.8497
16,clab-nebula-serf53,55,154,147,146,1,8,0.9932,0.9481,0.9419
16,clab-nebula-serf69,55,158,153,150,3,8,0.9804,0.9494,0.9317
16,clab-nebula-serf60,55,154,147,146,1,8,0.9932,0.9481,0.9419
16,clab-nebula-serf145,55,130,154,123,31,7,0.7987,0.9462,0.764
16,clab-nebula-serf6,55,151,147,143,4,8,0.9728,0.947,0.9226
16,clab-nebula-serf11,55,154,147,146,1,8,0.9932,0.9481,0.9419
16,clab-nebula-serf98,55,160,152,152,0,8,1.0,0.95,0.95
16,clab-nebula-serf138,55,137,154,130,24,7,0.8442,0.9489,0.8075
16,clab-nebula-serf150,55,141,147,133,14,8,0.9048,0.9433,0.8581
16,clab-nebula-serf18,55,151,147,143,4,8,0.9728,0.947,0.9226
16,clab-nebula-serf30,55,154,147,146,1,8,0.9932,0.9481,0.9419
16,clab-nebula-serf44,55,154,147,146,1,8,0.9932,0.9481,0.9419
16,clab-nebula-serf131,55,137,154,130,24,7,0.8442,0.9489,0.8075
16,clab-nebula-serf35,55,145,147,137,10,8,0.932,0.9448,0.8839
16,clab-nebula-serf40,55,153,147,145,2,8,0.9864,0.9477,0.9355
16,clab-nebula-serf144,55,151,153,143,10,8,0.9346,0.947,0.8882
16,clab-nebula-serf152,55,152,147,144,3,8,0.9796,0.9474,0.929
16,clab-nebula-serf162,55,74,157,70,87,4,0.4459,0.9459,0.4348
16,clab-nebula-serf41,55,126,148,119,29,7,0.8041,0.9444,0.7677
16,clab-nebula-serf72,55,158,153,150,3,8,0.9804,0.9494,0.9317
16,clab-nebula-serf141,55,137,154,130,24,7,0.8442,0.9489,0.8075
16,clab-nebula-serf25,55,127,148,120,28,7,0.8108,0.9449,0.7742
16,clab-nebula-serf50,55,154,147,146,1,8,0.9932,0.9481,0.9419
16,clab-nebula-serf51,55,154,147,146,1,8,0.9932,0.9481,0.9419
16,clab-nebula-serf66,55,154,151,146,5,8,0.9669,0.9481,0.9182
16,clab-nebula-serf86,55,155,153,147,6,8,0.9608,0.9484,0.913
16,clab-nebula-serf90,55,155,153,147,6,8,0.9608,0.9484,0.913
16,clab-nebula-serf143,55,130,154,123,31,7,0.7987,0.9462,0.764
16,clab-nebula-serf7,55,151,147,143,4,8,0.9728,0.947,0.9226
16,clab-nebula-serf37,55,154,147,146,1,8,0.9932,0.9481,0.9419
16,clab-nebula-serf43,55,154,147,146,1,8,0.9932,0.9481,0.9419
16,clab-nebula-serf58,55,156,148,148,0,8,1.0,0.9487,0.9487
16,clab-nebula-serf61,55,156,148,148,0,8,1.0,0.9487,0.9487
16,clab-nebula-serf112,55,148,152,140,12,8,0.9211,0.9459,0.875
16,clab-nebula-serf15,55,154,147,146,1,8,0.9932,0.9481,0.9419
16,clab-nebula-serf16,55,155,148,147,1,8,0.9932,0.9484,0.9423
16,clab-nebula-serf77,55,158,153,150,3,8,0.9804,0.9494,0.9317
16,clab-nebula-serf121,55,161,153,153,0,8,1.0,0.9503,0.9503
16,clab-nebula-serf140,55,136,154,129,25,7,0.8377,0.9485,0.8012
16,clab-nebula-serf148,55,133,144,126,18,7,0.875,0.9474,0.8344
16,clab-nebula-serf154,55,137,146,130,16,7,0.8904,0.9489,0.8497
16,clab-nebula-serf156,55,145,145,137,8,8,0.9448,0.9448,0.8954
16,clab-nebula-serf23,55,122,148,115,33,7,0.777,0.9426,0.7419
16,clab-nebula-serf39,55,155,153,147,6,8,0.9608,0.9484,0.913
16,clab-nebula-serf62,55,154,147,146,1,8,0.9932,0.9481,0.9419
16,clab-nebula-serf107,55,157,153,149,4,8,0.9739,0.949,0.9255
16,clab-nebula-serf115,55,57,131,54,77,3,0.4122,0.9474,0.403
16,clab-nebula-serf151,55,137,146,130,16,7,0.8904,0.9489,0.8497
16,clab-nebula-serf158,55,136,154,129,25,7,0.8377,0.9485,0.8012
16,clab-nebula-serf28,55,111,145,105,40,6,0.7241,0.9459,0.6954
16,clab-nebula-serf29,55,122,144,115,29,7,0.7986,0.9426,0.7616
16,clab-nebula-serf130,60,146,153,138,15,8,0.902,0.9452,0.8571
16,clab-nebula-serf161,60,149,153,141,12,8,0.9216,0.9463,0.8758
16,clab-nebula-serf32,60,155,148,147,1,8,0.9932,0.9484,0.9423
16,clab-nebula-serf63,60,154,147,146,1,8,0.9932,0.9481,0.9419
16,clab-nebula-serf45,60,155,147,147,0,8,1.0,0.9484,0.9484
16,clab-nebula-serf49,60,157,149,149,0,8,1.0,0.949,0.949
16,clab-nebula-serf83,60,156,153,148,5,8,0.9673,0.9487,0.9193
16,clab-nebula-serf91,60,161,153,153,0,8,1.0,0.9503,0.9503
16,clab-nebula-serf136,60,149,153,141,12,8,0.9216,0.9463,0.8758
16,clab-nebula-serf146,60,146,153,138,15,8,0.902,0.9452,0.8571
16,clab-nebula-serf12,60,155,148,147,1,8,0.9932,0.9484,0.9423
16,clab-nebula-serf19,60,157,149,149,0,8,1.0,0.949,0.949
16,clab-nebula-serf80,60,159,153,151,2,8,0.9869,0.9497,0.9379
16,clab-nebula-serf111,60,161,152,152,0,9,1.0,0.9441,0.9441
16,clab-nebula-serf109,60,161,153,153,0,8,1.0,0.9503,0.9503
16,clab-nebula-serf147,60,152,147,144,3,8,0.9796,0.9474,0.929
16,clab-nebula-serf4,60,141,147,133,14,8,0.9048,0.9433,0.8581
16,clab-nebula-serf100,60,161,153,153,0,8,1.0,0.9503,0.9503
16,clab-nebula-serf75,60,158,153,150,3,8,0.9804,0.9494,0.9317
16,clab-nebula-serf89,60,158,153,150,3,8,0.9804,0.9494,0.9317
16,clab-nebula-serf101,60,161,152,152,0,9,1.0,0.9441,0.9441
16,clab-nebula-serf105,60,161,153,153,0,8,1.0,0.9503,0.9503
16,clab-nebula-serf65,60,155,147,147,0,8,1.0,0.9484,0.9484
16,clab-nebula-serf68,60,158,153,150,3,8,0.9804,0.9494,0.9317
16,clab-nebula-serf94,60,161,152,152,0,9,1.0,0.9441,0.9441
16,clab-nebula-serf103,60,161,153,153,0,8,1.0,0.9503,0.9503
16,clab-nebula-serf117,60,68,124,64,60,4,0.5161,0.9412,0.5
16,clab-nebula-serf127,60,161,153,153,0,8,1.0,0.9503,0.9503
16,clab-nebula-serf129,60,158,153,150,3,8,0.9804,0.9494,0.9317
16,clab-nebula-serf155,60,150,147,142,5,8,0.966,0.9467,0.9161
16,clab-nebula-serf3,60,141,147,133,14,8,0.9048,0.9433,0.8581
16,clab-nebula-serf14,60,155,148,147,1,8,0.9932,0.9484,0.9423
16,clab-nebula-serf142,60,140,154,133,21,7,0.8636,0.95,0.8261
16,clab-nebula-serf96,60,161,153,153,0,8,1.0,0.9503,0.9503
16,clab-nebula-serf116,60,88,155,83,72,5,0.5355,0.9432,0.5188
16,clab-nebula-serf56,60,158,150,150,0,8,1.0,0.9494,0.9494
16,clab-nebula-serf59,60,161,153,153,0,8,1.0,0.9503,0.9503
16,clab-nebula-serf70,60,161,152,152,0,9,1.0,0.9441,0.9441
16,clab-nebula-serf81,60,161,152,152,0,9,1.0,0.9441,0.9441
16,clab-nebula-serf95,60,159,153,151,2,8,0.9869,0.9497,0.9379
16,clab-nebula-serf114,60,161,152,152,0,9,1.0,0.9441,0.9441
16,clab-nebula-serf9,60,154,147,146,1,8,0.9932,0.9481,0.9419
16,clab-nebula-serf17,60,157,149,149,0,8,1.0,0.949,0.949
16,clab-nebula-serf139,60,149,153,141,12,8,0.9216,0.9463,0.8758
16,clab-nebula-serf52,60,157,149,149,0,8,1.0,0.949,0.949
16,clab-nebula-serf71,60,161,153,153,0,8,1.0,0.9503,0.9503
16,clab-nebula-serf26,60,155,148,147,1,8,0.9932,0.9484,0.9423
16,clab-nebula-serf34,60,156,148,148,0,8,1.0,0.9487,0.9487
16,clab-nebula-serf126,60,161,153,153,0,8,1.0,0.9503,0.9503
16,clab-nebula-serf36,60,154,147,146,1,8,0.9932,0.9481,0.9419
16,clab-nebula-serf82,60,148,146,140,6,8,0.9589,0.9459,0.9091
16,clab-nebula-serf85,60,157,153,149,4,8,0.9739,0.949,0.9255
16,clab-nebula-serf97,60,161,153,153,0,8,1.0,0.9503,0.9503
16,clab-nebula-serf99,60,161,152,152,0,9,1.0,0.9441,0.9441
16,clab-nebula-serf124,60,161,152,152,0,9,1.0,0.9441,0.9441
16,clab-nebula-serf157,60,148,153,140,13,8,0.915,0.9459,0.8696
16,clab-nebula-serf159,60,148,153,140,13,8,0.915,0.9459,0.8696
16,clab-nebula-serf1,60,153,149,145,4,8,0.9732,0.9477,0.9236
16,clab-nebula-serf33,60,157,149,149,0,8,1.0,0.949,0.949
16,clab-nebula-serf123,60,161,153,153,0,8,1.0,0.9503,0.9503
16,clab-nebula-serf135,60,146,153,138,15,8,0.902,0.9452,0.8571
16,clab-nebula-serf13,60,157,149,149,0,8,1.0,0.949,0.949
16,clab-nebula-serf47,60,156,148,148,0,8,1.0,0.9487,0.9487
16,clab-nebula-serf84,60,154,153,146,7,8,0.9542,0.9481,0.9068
16,clab-nebula-serf92,60,158,153,150,3,8,0.9804,0.9494,0.9317
16,clab-nebula-serf106,60,161,152,152,0,9,1.0,0.9441,0.9441
16,clab-nebula-serf108,60,161,152,152,0,9,1.0,0.9441,0.9441
16,clab-nebula-serf119,60,53,88,50,38,3,0.5682,0.9434,0.5495
16,clab-nebula-serf125,60,161,152,152,0,9,1.0,0.9441,0.9441
16,clab-nebula-serf54,60,157,149,149,0,8,1.0,0.949,0.949
16,clab-nebula-serf57,60,158,150,150,0,8,1.0,0.9494,0.9494
16,clab-nebula-serf24,60,129,148,122,26,7,0.8243,0.9457,0.7871
16,clab-nebula-serf42,60,153,147,145,2,8,0.9864,0.9477,0.9355
16,clab-nebula-serf48,60,155,147,147,0,8,1.0,0.9484,0.9484
16,clab-nebula-serf2,60,124,148,117,31,7,0.7905,0.9435,0.7548
16,clab-nebula-serf21,60,154,147,146,1,8,0.9932,0.9481,0.9419
16,clab-nebula-serf67,60,158,153,150,3,8,0.9804,0.9494,0.9317
16,clab-nebula-serf102,60,161,152,152,0,9,1.0,0.9441,0.9441
16,clab-nebula-serf110,60,157,153,149,4,8,0.9739,0.949,0.9255
16,clab-nebula-serf132,60,151,153,143,10,8,0.9346,0.947,0.8882
16,clab-nebula-serf134,60,147,153,139,14,8,0.9085,0.9456,0.8634
16,clab-nebula-serf137,60,148,153,140,13,8,0.915,0.9459,0.8696
16,clab-nebula-serf10,60,156,149,148,1,8,0.9933,0.9487,0.9427
16,clab-nebula-serf46,60,154,147,146,1,8,0.9932,0.9481,0.9419
16,clab-nebula-serf74,60,159,153,151,2,8,0.9869,0.9497,0.9379
16,clab-nebula-serf76,60,161,153,153,0,8,1.0,0.9503,0.9503
16,clab-nebula-serf149,60,152,147,144,3,8,0.9796,0.9474,0.929
16,clab-nebula-serf20,60,154,147,146,1,8,0.9932,0.9481,0.9419
16,clab-nebula-serf22,60,153,147,145,2,8,0.9864,0.9477,0.9355
16,clab-nebula-serf160,60,149,153,141,12,8,0.9216,0.9463,0.8758
16,clab-nebula-serf31,60,154,147,146,1,8,0.9932,0.9481,0.9419
16,clab-nebula-serf93,60,161,152,152,0,9,1.0,0.9441,0.9441
16,clab-nebula-serf122,60,161,152,152,0,9,1.0,0.9441,0.9441
16,clab-nebula-serf38,60,154,147,146,1,8,0.9932,0.9481,0.9419
16,clab-nebula-serf55,60,157,149,149,0,8,1.0,0.949,0.949
16,clab-nebula-serf79,60,161,153,153,0,8,1.0,0.9503,0.9503
16,clab-nebula-serf113,60,161,152,152,0,9,1.0,0.9441,0.9441
16,clab-nebula-serf120,60,48,87,45,42,3,0.5172,0.9375,0.5
16,clab-nebula-serf128,60,161,153,153,0,8,1.0,0.9503,0.9503
16,clab-nebula-serf8,60,153,147,145,2,8,0.9864,0.9477,0.9355
16,clab-nebula-serf27,60,125,148,118,30,7,0.7973,0.944,0.7613
16,clab-nebula-serf78,60,158,153,150,3,8,0.9804,0.9494,0.9317
16,clab-nebula-serf104,60,161,152,152,0,9,1.0,0.9441,0.9441
16,clab-nebula-serf133,60,149,153,141,12,8,0.9216,0.9463,0.8758
16,clab-nebula-serf64,60,154,147,146,1,8,0.9932,0.9481,0.9419
16,clab-nebula-serf73,60,161,153,153,0,8,1.0,0.9503,0.9503
16,clab-nebula-serf118,60,48,88,45,43,3,0.5114,0.9375,0.4945
16,clab-nebula-serf5,60,143,147,135,12,8,0.9184,0.9441,0.871
16,clab-nebula-serf87,60,158,153,150,3,8,0.9804,0.9494,0.9317
16,clab-nebula-serf88,60,158,153,150,3,8,0.9804,0.9494,0.9317
16,clab-nebula-serf153,60,148,147,140,7,8,0.9524,0.9459,0.9032
16,clab-nebula-serf53,60,157,149,149,0,8,1.0,0.949,0.949
16,clab-nebula-serf69,60,161,153,153,0,8,1.0,0.9503,0.9503
16,clab-nebula-serf60,60,158,150,150,0,8,1.0,0.9494,0.9494
16,clab-nebula-serf145,60,145,153,137,16,8,0.8954,0.9448,0.8509
16,clab-nebula-serf6,60,155,148,147,1,8,0.9932,0.9484,0.9423
16,clab-nebula-serf11,60,157,149,149,0,8,1.0,0.949,0.949
16,clab-nebula-serf98,60,161,152,152,0,9,1.0,0.9441,0.9441
16,clab-nebula-serf138,60,147,153,139,14,8,0.9085,0.9456,0.8634
16,clab-nebula-serf150,60,152,147,144,3,8,0.9796,0.9474,0.929
16,clab-nebula-serf18,60,157,149,149,0,8,1.0,0.949,0.949
16,clab-nebula-serf30,60,154,147,146,1,8,0.9932,0.9481,0.9419
16,clab-nebula-serf44,60,156,148,148,0,8,1.0,0.9487,0.9487
16,clab-nebula-serf131,60,149,153,141,12,8,0.9216,0.9463,0.8758
16,clab-nebula-serf35,60,154,147,146,1,8,0.9932,0.9481,0.9419
16,clab-nebula-serf40,60,154,147,146,1,8,0.9932,0.9481,0.9419
16,clab-nebula-serf144,60,155,153,147,6,8,0.9608,0.9484,0.913
16,clab-nebula-serf152,60,156,148,148,0,8,1.0,0.9487,0.9487
16,clab-nebula-serf162,60,113,155,107,48,6,0.6903,0.9469,0.6646
16,clab-nebula-serf41,60,153,147,145,2,8,0.9864,0.9477,0.9355
16,clab-nebula-serf72,60,161,152,152,0,9,1.0,0.9441,0.9441
16,clab-nebula-serf141,60,149,153,141,12,8,0.9216,0.9463,0.8758
16,clab-nebula-serf25,60,154,147,146,1,8,0.9932,0.9481,0.9419
16,clab-nebula-serf50,60,156,148,148,0,8,1.0,0.9487,0.9487
16,clab-nebula-serf51,60,157,149,149,0,8,1.0,0.949,0.949
16,clab-nebula-serf66,60,158,153,150,3,8,0.9804,0.9494,0.9317
16,clab-nebula-serf86,60,160,153,152,1,8,0.9935,0.95,0.9441
16,clab-nebula-serf90,60,159,153,151,2,8,0.9869,0.9497,0.9379
16,clab-nebula-serf143,60,145,153,137,16,8,0.8954,0.9448,0.8509
16,clab-nebula-serf7,60,156,149,148,1,8,0.9933,0.9487,0.9427
16,clab-nebula-serf37,60,156,148,148,0,8,1.0,0.9487,0.9487
16,clab-nebula-serf43,60,154,147,146,1,8,0.9932,0.9481,0.9419
16,clab-nebula-serf58,60,160,152,152,0,8,1.0,0.95,0.95
16,clab-nebula-serf61,60,158,150,150,0,8,1.0,0.9494,0.9494
16,clab-nebula-serf112,60,159,153,151,2,8,0.9869,0.9497,0.9379
16,clab-nebula-serf15,60,158,150,150,0,8,1.0,0.9494,0.9494
16,clab-nebula-serf16,60,158,150,150,0,8,1.0,0.9494,0.9494
16,clab-nebula-serf77,60,161,152,152,0,9,1.0,0.9441,0.9441
16,clab-nebula-serf121,60,161,153,153,0,8,1.0,0.9503,0.9503
16,clab-nebula-serf140,60,145,153,137,16,8,0.8954,0.9448,0.8509
16,clab-nebula-serf148,60,148,147,140,7,8,0.9524,0.9459,0.9032
16,clab-nebula-serf154,60,147,146,139,7,8,0.9521,0.9456,0.9026
16,clab-nebula-serf156,60,154,148,146,2,8,0.9865,0.9481,0.9359
16,clab-nebula-serf23,60,124,148,117,31,7,0.7905,0.9435,0.7548
16,clab-nebula-serf39,60,158,153,150,3,8,0.9804,0.9494,0.9317
16,clab-nebula-serf62,60,154,147,146,1,8,0.9932,0.9481,0.9419
16,clab-nebula-serf107,60,161,152,152,0,9,1.0,0.9441,0.9441
16,clab-nebula-serf115,60,103,155,97,58,6,0.6258,0.9417,0.6025
16,clab-nebula-serf151,60,148,147,140,7,8,0.9524,0.9459,0.9032
16,clab-nebula-serf158,60,148,153,140,13,8,0.915,0.9459,0.8696
16,clab-nebula-serf28,60,121,144,114,30,7,0.7917,0.9421,0.755
16,clab-nebula-serf29,60,125,146,118,28,7,0.8082,0.944,0.7712
