hilbert_order,q_node,threshold,gt,found,tp,fp,fn,precision,recall,jaccard
2,clab-nebula-serf1,5,0,2,0,2,0,0.0000,0.0000,0.0000
2,clab-nebula-serf1,10,6,2,2,0,4,1.0000,0.3333,0.3333
2,clab-nebula-serf1,15,12,2,2,0,10,1.0000,0.1667,0.1667
2,clab-nebula-serf1,20,19,72,19,53,0,0.2639,1.0000,0.2639
2,clab-nebula-serf1,25,37,83,34,49,3,0.4096,0.9189,0.3953
2,clab-nebula-serf1,30,74,152,73,79,1,0.4803,0.9865,0.4771
2,clab-nebula-serf1,35,91,156,89,67,2,0.5705,0.9780,0.5633
2,clab-nebula-serf1,40,107,161,107,54,0,0.6646,1.0000,0.6646
2,clab-nebula-serf1,45,117,161,117,44,0,0.7267,1.0000,0.7267
2,clab-nebula-serf1,50,121,161,121,40,0,0.7516,1.0000,0.7516
2,clab-nebula-serf1,55,133,161,133,28,0,0.8261,1.0000,0.8261
2,clab-nebula-serf1,60,153,161,153,8,0,0.9503,1.0000,0.9503
2,clab-nebula-serf5,5,0,2,0,2,0,0.0000,0.0000,0.0000
2,clab-nebula-serf5,10,3,2,2,0,1,1.0000,0.6667,0.6667
2,clab-nebula-serf5,15,7,2,2,0,5,1.0000,0.2857,0.2857
2,clab-nebula-serf5,20,14,72,14,58,0,0.1944,1.0000,0.1944
2,clab-nebula-serf5,25,19,83,19,64,0,0.2289,1.0000,0.2289
2,clab-nebula-serf5,30,46,140,42,98,4,0.3000,0.9130,0.2917
2,clab-nebula-serf5,35,80,156,79,77,1,0.5064,0.9875,0.5032
2,clab-nebula-serf5,40,92,161,92,69,0,0.5714,1.0000,0.5714
2,clab-nebula-serf5,45,108,161,108,53,0,0.6708,1.0000,0.6708
2,clab-nebula-serf5,50,118,161,118,43,0,0.7329,1.0000,0.7329
2,clab-nebula-serf5,55,121,161,121,40,0,0.7516,1.0000,0.7516
2,clab-nebula-serf5,60,143,161,143,18,0,0.8882,1.0000,0.8882
2,clab-nebula-serf10,5,1,7,1,6,0,0.1429,1.0000,0.1429
2,clab-nebula-serf10,10,9,7,5,2,4,0.7143,0.5556,0.4545
2,clab-nebula-serf10,15,20,7,7,0,13,1.0000,0.3500,0.3500
2,clab-nebula-serf10,20,40,7,7,0,33,1.0000,0.1750,0.1750
2,clab-nebula-serf10,25,71,12,12,0,59,1.0000,0.1690,0.1690
2,clab-nebula-serf10,30,88,82,57,25,31,0.6951,0.6477,0.5044
2,clab-nebula-serf10,35,103,134,89,45,14,0.6642,0.8641,0.6014
2,clab-nebula-serf10,40,120,156,117,39,3,0.7500,0.9750,0.7358
2,clab-nebula-serf10,45,121,159,121,38,0,0.7610,1.0000,0.7610
2,clab-nebula-serf10,50,129,161,129,32,0,0.8012,1.0000,0.8012
2,clab-nebula-serf10,55,153,161,153,8,0,0.9503,1.0000,0.9503
2,clab-nebula-serf10,60,156,161,156,5,0,0.9689,1.0000,0.9689
2,clab-nebula-serf15,5,1,29,1,28,0,0.0345,1.0000,0.0345
2,clab-nebula-serf15,10,14,29,8,21,6,0.2759,0.5714,0.2286
2,clab-nebula-serf15,15,32,29,18,11,14,0.6207,0.5625,0.4186
2,clab-nebula-serf15,20,68,29,24,5,44,0.8276,0.3529,0.3288
2,clab-nebula-serf15,25,88,32,31,1,57,0.9688,0.3523,0.3483
2,clab-nebula-serf15,30,100,82,61,21,39,0.7439,0.6100,0.5041
2,clab-nebula-serf15,35,117,140,103,37,14,0.7357,0.8803,0.6688
2,clab-nebula-serf15,40,121,156,118,38,3,0.7564,0.9752,0.7421
2,clab-nebula-serf15,45,124,159,124,35,0,0.7799,1.0000,0.7799
2,clab-nebula-serf15,50,151,161,151,10,0,0.9379,1.0000,0.9379
2,clab-nebula-serf15,55,154,161,154,7,0,0.9565,1.0000,0.9565
2,clab-nebula-serf15,60,158,161,158,3,0,0.9814,1.0000,0.9814
2,clab-nebula-serf20,5,2,18,2,16,0,0.1111,1.0000,0.1111
2,clab-nebula-serf20,10,4,18,4,14,0,0.2222,1.0000,0.2222
2,clab-nebula-serf20,15,15,18,10,8,5,0.5556,0.6667,0.4348
2,clab-nebula-serf20,20,26,18,16,2,10,0.8889,0.6154,0.5714
2,clab-nebula-serf20,25,46,18,17,1,29,0.9444,0.3696,0.3617
2,clab-nebula-serf20,30,80,82,55,27,25,0.6707,0.6875,0.5140
2,clab-nebula-serf20,35,93,134,79,55,14,0.5896,0.8495,0.5338
2,clab-nebula-serf20,40,102,156,99,57,3,0.6346,0.9706,0.6226
2,clab-nebula-serf20,45,118,159,118,41,0,0.7421,1.0000,0.7421
2,clab-nebula-serf20,50,124,161,124,37,0,0.7702,1.0000,0.7702
2,clab-nebula-serf20,55,129,161,129,32,0,0.8012,1.0000,0.8012
2,clab-nebula-serf20,60,154,161,154,7,0,0.9565,1.0000,0.9565
2,clab-nebula-serf25,5,0,18,0,18,0,0.0000,0.0000,0.0000
2,clab-nebula-serf25,10,4,18,4,14,0,0.2222,1.0000,0.2222
2,clab-nebula-serf25,15,12,18,9,9,3,0.5000,0.7500,0.4286
2,clab-nebula-serf25,20,28,18,16,2,12,0.8889,0.5714,0.5333
2,clab-nebula-serf25,25,44,18,17,1,27,0.9444,0.3864,0.3778
2,clab-nebula-serf25,30,81,62,55,7,26,0.8871,0.6790,0.6250
2,clab-nebula-serf25,35,93,99,77,22,16,0.7778,0.8280,0.6696
2,clab-nebula-serf25,40,102,152,99,53,3,0.6513,0.9706,0.6387
2,clab-nebula-serf25,45,119,156,116,40,3,0.7436,0.9748,0.7296
2,clab-nebula-serf25,50,124,161,124,37,0,0.7702,1.0000,0.7702
2,clab-nebula-serf25,55,127,161,127,34,0,0.7888,1.0000,0.7888
2,clab-nebula-serf25,60,154,161,154,7,0,0.9565,1.0000,0.9565
2,clab-nebula-serf30,5,1,18,1,17,0,0.0556,1.0000,0.0556
2,clab-nebula-serf30,10,13,18,9,9,4,0.5000,0.6923,0.4091
2,clab-nebula-serf30,15,28,18,16,2,12,0.8889,0.5714,0.5333
2,clab-nebula-serf30,20,45,18,17,1,28,0.9444,0.3778,0.3696
2,clab-nebula-serf30,25,81,64,55,9,26,0.8594,0.6790,0.6111
2,clab-nebula-serf30,30,93,99,77,22,16,0.7778,0.8280,0.6696
2,clab-nebula-serf30,35,102,152,99,53,3,0.6513,0.9706,0.6387
2,clab-nebula-serf30,40,119,157,117,40,2,0.7452,0.9832,0.7358
2,clab-nebula-serf30,45,124,161,124,37,0,0.7702,1.0000,0.7702
2,clab-nebula-serf30,50,128,161,128,33,0,0.7950,1.0000,0.7950
2,clab-nebula-serf30,55,154,161,154,7,0,0.9565,1.0000,0.9565
2,clab-nebula-serf30,60,154,161,154,7,0,0.9565,1.0000,0.9565
2,clab-nebula-serf35,5,0,29,0,29,0,0.0000,0.0000,0.0000
2,clab-nebula-serf35,10,1,29,1,28,0,0.0345,1.0000,0.0345
2,clab-nebula-serf35,15,7,29,4,25,3,0.1379,0.5714,0.1250
2,clab-nebula-serf35,20,26,29,14,15,12,0.4828,0.5385,0.3415
2,clab-nebula-serf35,25,63,29,27,2,36,0.9310,0.4286,0.4154
2,clab-nebula-serf35,30,85,29,28,1,57,0.9655,0.3294,0.3256
2,clab-nebula-serf35,35,95,82,60,22,35,0.7317,0.6316,0.5128
2,clab-nebula-serf35,40,111,122,93,29,18,0.7623,0.8378,0.6643
2,clab-nebula-serf35,45,121,152,118,34,3,0.7763,0.9752,0.7613
2,clab-nebula-serf35,50,124,159,124,35,0,0.7799,1.0000,0.7799
2,clab-nebula-serf35,55,145,161,145,16,0,0.9006,1.0000,0.9006
2,clab-nebula-serf35,60,154,161,154,7,0,0.9565,1.0000,0.9565
2,clab-nebula-serf40,5,0,29,0,29,0,0.0000,0.0000,0.0000
2,clab-nebula-serf40,10,1,29,1,28,0,0.0345,1.0000,0.0345
2,clab-nebula-serf40,15,11,29,10,19,1,0.3448,0.9091,0.3333
2,clab-nebula-serf40,20,35,29,19,10,16,0.6552,0.5429,0.4222
2,clab-nebula-serf40,25,71,29,28,1,43,0.9655,0.3944,0.3889
2,clab-nebula-serf40,30,87,29,28,1,59,0.9655,0.3218,0.3182
2,clab-nebula-serf40,35,98,82,59,23,39,0.7195,0.6020,0.4876
2,clab-nebula-serf40,40,118,134,100,34,18,0.7463,0.8475,0.6579
2,clab-nebula-serf40,45,122,156,119,37,3,0.7628,0.9754,0.7484
2,clab-nebula-serf40,50,126,159,126,33,0,0.7925,1.0000,0.7925
2,clab-nebula-serf40,55,153,161,153,8,0,0.9503,1.0000,0.9503
2,clab-nebula-serf40,60,154,161,154,7,0,0.9565,1.0000,0.9565
2,clab-nebula-serf45,5,2,18,2,16,0,0.1111,1.0000,0.1111
2,clab-nebula-serf45,10,8,18,8,10,0,0.4444,1.0000,0.4444
2,clab-nebula-serf45,15,22,18,12,6,10,0.6667,0.5455,0.4286
2,clab-nebula-serf45,20,40,18,16,2,24,0.8889,0.4000,0.3810
2,clab-nebula-serf45,25,80,19,19,0,61,1.0000,0.2375,0.2375
2,clab-nebula-serf45,30,90,83,58,25,32,0.6988,0.6444,0.5043
2,clab-nebula-serf45,35,118,140,103,37,15,0.7357,0.8729,0.6645
2,clab-nebula-serf45,40,121,156,118,38,3,0.7564,0.9752,0.7421
2,clab-nebula-serf45,45,124,161,124,37,0,0.7702,1.0000,0.7702
2,clab-nebula-serf45,50,145,161,145,16,0,0.9006,1.0000,0.9006
2,clab-nebula-serf45,55,154,161,154,7,0,0.9565,1.0000,0.9565
2,clab-nebula-serf45,60,155,161,155,6,0,0.9627,1.0000,0.9627
2,clab-nebula-serf50,5,3,18,3,15,0,0.1667,1.0000,0.1667
2,clab-nebula-serf50,10,8,18,8,10,0,0.4444,1.0000,0.4444
2,clab-nebula-serf50,15,23,18,12,6,11,0.6667,0.5217,0.4138
2,clab-nebula-serf50,20,41,18,15,3,26,0.8333,0.3659,0.3409
2,clab-nebula-serf50,25,81,19,19,0,62,1.0000,0.2346,0.2346
2,clab-nebula-serf50,30,93,83,59,24,34,0.7108,0.6344,0.5043
2,clab-nebula-serf50,35,118,140,103,37,15,0.7357,0.8729,0.6645
2,clab-nebula-serf50,40,122,156,119,37,3,0.7628,0.9754,0.7484
2,clab-nebula-serf50,45,125,161,125,36,0,0.7764,1.0000,0.7764
2,clab-nebula-serf50,50,153,161,153,8,0,0.9503,1.0000,0.9503
2,clab-nebula-serf50,55,154,161,154,7,0,0.9565,1.0000,0.9565
2,clab-nebula-serf50,60,156,161,156,5,0,0.9689,1.0000,0.9689
2,clab-nebula-serf55,5,0,29,0,29,0,0.0000,0.0000,0.0000
2,clab-nebula-serf55,10,9,29,9,20,0,0.3103,1.0000,0.3103
2,clab-nebula-serf55,15,23,29,17,12,6,0.5862,0.7391,0.4857
2,clab-nebula-serf55,20,64,29,25,4,39,0.8621,0.3906,0.3676
2,clab-nebula-serf55,25,83,29,28,1,55,0.9655,0.3373,0.3333
2,clab-nebula-serf55,30,96,72,58,14,38,0.8056,0.6042,0.5273
2,clab-nebula-serf55,35,119,99,88,11,31,0.8889,0.7395,0.6769
2,clab-nebula-serf55,40,121,152,118,34,3,0.7763,0.9752,0.7613
2,clab-nebula-serf55,45,126,156,123,33,3,0.7885,0.9762,0.7736
2,clab-nebula-serf55,50,153,161,153,8,0,0.9503,1.0000,0.9503
2,clab-nebula-serf55,55,154,161,154,7,0,0.9565,1.0000,0.9565
2,clab-nebula-serf55,60,157,161,157,4,0,0.9752,1.0000,0.9752
2,clab-nebula-serf60,5,4,29,4,25,0,0.1379,1.0000,0.1379
2,clab-nebula-serf60,10,10,29,10,19,0,0.3448,1.0000,0.3448
2,clab-nebula-serf60,15,42,29,22,7,20,0.7586,0.5238,0.4490
2,clab-nebula-serf60,20,70,29,26,3,44,0.8966,0.3714,0.3562
2,clab-nebula-serf60,25,87,29,28,1,59,0.9655,0.3218,0.3182
2,clab-nebula-serf60,30,111,82,67,15,44,0.8171,0.6036,0.5317
2,clab-nebula-serf60,35,120,134,103,31,17,0.7687,0.8583,0.6821
2,clab-nebula-serf60,40,124,156,121,35,3,0.7756,0.9758,0.7610
2,clab-nebula-serf60,45,143,159,143,16,0,0.8994,1.0000,0.8994
2,clab-nebula-serf60,50,154,161,154,7,0,0.9565,1.0000,0.9565
2,clab-nebula-serf60,55,154,161,154,7,0,0.9565,1.0000,0.9565
2,clab-nebula-serf60,60,158,161,158,3,0,0.9814,1.0000,0.9814
2,clab-nebula-serf65,5,0,0,0,0,0,1.0000,1.0000,1.0000
2,clab-nebula-serf65,10,0,0,0,0,0,1.0000,1.0000,1.0000
2,clab-nebula-serf65,15,0,0,0,0,0,1.0000,1.0000,1.0000
2,clab-nebula-serf65,20,23,0,0,0,23,0.0000,0.0000,0.0000
2,clab-nebula-serf65,25,62,0,0,0,62,0.0000,0.0000,0.0000
2,clab-nebula-serf65,30,95,24,23,1,72,0.9583,0.2421,0.2396
2,clab-nebula-serf65,35,115,142,113,29,2,0.7958,0.9826,0.7847
2,clab-nebula-serf65,40,122,156,119,37,3,0.7628,0.9754,0.7484
2,clab-nebula-serf65,45,126,161,126,35,0,0.7826,1.0000,0.7826
2,clab-nebula-serf65,50,152,161,152,9,0,0.9441,1.0000,0.9441
2,clab-nebula-serf65,55,154,161,154,7,0,0.9565,1.0000,0.9565
2,clab-nebula-serf65,60,155,161,155,6,0,0.9627,1.0000,0.9627
2,clab-nebula-serf70,5,3,29,0,29,3,0.0000,0.0000,0.0000
2,clab-nebula-serf70,10,19,29,4,25,15,0.1379,0.2105,0.0909
2,clab-nebula-serf70,15,36,29,13,16,23,0.4483,0.3611,0.2500
2,clab-nebula-serf70,20,66,29,25,4,41,0.8621,0.3788,0.3571
2,clab-nebula-serf70,25,87,29,27,2,60,0.9310,0.3103,0.3034
2,clab-nebula-serf70,30,110,82,63,19,47,0.7683,0.5727,0.4884
2,clab-nebula-serf70,35,119,134,102,32,17,0.7612,0.8571,0.6755
2,clab-nebula-serf70,40,124,156,122,34,2,0.7821,0.9839,0.7722
2,clab-nebula-serf70,45,147,159,147,12,0,0.9245,1.0000,0.9245
2,clab-nebula-serf70,50,154,161,154,7,0,0.9565,1.0000,0.9565
2,clab-nebula-serf70,55,158,161,158,3,0,0.9814,1.0000,0.9814
2,clab-nebula-serf70,60,161,161,161,0,0,1.0000,1.0000,1.0000
2,clab-nebula-serf75,5,0,15,0,15,0,0.0000,0.0000,0.0000
2,clab-nebula-serf75,10,7,15,6,9,1,0.4000,0.8571,0.3750
2,clab-nebula-serf75,15,26,15,15,0,11,1.0000,0.5769,0.5769
2,clab-nebula-serf75,20,41,15,15,0,26,1.0000,0.3659,0.3659
2,clab-nebula-serf75,25,76,15,15,0,61,1.0000,0.1974,0.1974
2,clab-nebula-serf75,30,100,39,27,12,73,0.6923,0.2700,0.2411
2,clab-nebula-serf75,35,115,99,73,26,42,0.7374,0.6348,0.5177
2,clab-nebula-serf75,40,122,159,122,37,0,0.7673,1.0000,0.7673
2,clab-nebula-serf75,45,135,161,135,26,0,0.8385,1.0000,0.8385
2,clab-nebula-serf75,50,154,161,154,7,0,0.9565,1.0000,0.9565
2,clab-nebula-serf75,55,155,161,155,6,0,0.9627,1.0000,0.9627
2,clab-nebula-serf75,60,158,161,158,3,0,0.9814,1.0000,0.9814
2,clab-nebula-serf80,5,0,15,0,15,0,0.0000,0.0000,0.0000
2,clab-nebula-serf80,10,14,15,8,7,6,0.5333,0.5714,0.3810
2,clab-nebula-serf80,15,32,15,15,0,17,1.0000,0.4688,0.4688
2,clab-nebula-serf80,20,55,15,15,0,40,1.0000,0.2727,0.2727
2,clab-nebula-serf80,25,84,15,15,0,69,1.0000,0.1786,0.1786
2,clab-nebula-serf80,30,110,67,42,25,68,0.6269,0.3818,0.3111
2,clab-nebula-serf80,35,120,156,118,38,2,0.7564,0.9833,0.7468
2,clab-nebula-serf80,40,127,161,127,34,0,0.7888,1.0000,0.7888
2,clab-nebula-serf80,45,152,161,152,9,0,0.9441,1.0000,0.9441
2,clab-nebula-serf80,50,154,161,154,7,0,0.9565,1.0000,0.9565
2,clab-nebula-serf80,55,156,161,156,5,0,0.9689,1.0000,0.9689
2,clab-nebula-serf80,60,159,161,159,2,0,0.9876,1.0000,0.9876
2,clab-nebula-serf85,5,0,9,0,9,0,0.0000,0.0000,0.0000
2,clab-nebula-serf85,10,4,9,4,5,0,0.4444,1.0000,0.4444
2,clab-nebula-serf85,15,19,9,9,0,10,1.0000,0.4737,0.4737
2,clab-nebula-serf85,20,35,9,9,0,26,1.0000,0.2571,0.2571
2,clab-nebula-serf85,25,57,9,9,0,48,1.0000,0.1579,0.1579
2,clab-nebula-serf85,30,82,56,18,38,64,0.3214,0.2195,0.1500
2,clab-nebula-serf85,35,111,88,53,35,58,0.6023,0.4775,0.3630
2,clab-nebula-serf85,40,119,151,119,32,0,0.7881,1.0000,0.7881
2,clab-nebula-serf85,45,134,161,134,27,0,0.8323,1.0000,0.8323
2,clab-nebula-serf85,50,149,161,149,12,0,0.9255,1.0000,0.9255
2,clab-nebula-serf85,55,154,161,154,7,0,0.9565,1.0000,0.9565
2,clab-nebula-serf85,60,157,161,157,4,0,0.9752,1.0000,0.9752
2,clab-nebula-serf90,5,2,9,2,7,0,0.2222,1.0000,0.2222
2,clab-nebula-serf90,10,9,9,4,5,5,0.4444,0.4444,0.2857
2,clab-nebula-serf90,15,30,9,7,2,23,0.7778,0.2333,0.2188
2,clab-nebula-serf90,20,49,9,9,0,40,1.0000,0.1837,0.1837
2,clab-nebula-serf90,25,78,9,9,0,69,1.0000,0.1154,0.1154
2,clab-nebula-serf90,30,101,72,41,31,60,0.5694,0.4059,0.3106
2,clab-nebula-serf90,35,119,88,57,31,62,0.6477,0.4790,0.3800
2,clab-nebula-serf90,40,122,161,122,39,0,0.7578,1.0000,0.7578
2,clab-nebula-serf90,45,137,161,137,24,0,0.8509,1.0000,0.8509
2,clab-nebula-serf90,50,154,161,154,7,0,0.9565,1.0000,0.9565
2,clab-nebula-serf90,55,155,161,155,6,0,0.9627,1.0000,0.9627
2,clab-nebula-serf90,60,159,161,159,2,0,0.9876,1.0000,0.9876
2,clab-nebula-serf95,5,0,9,0,9,0,0.0000,0.0000,0.0000
2,clab-nebula-serf95,10,10,9,4,5,6,0.4444,0.4000,0.2667
2,clab-nebula-serf95,15,30,9,7,2,23,0.7778,0.2333,0.2188
2,clab-nebula-serf95,20,50,9,9,0,41,1.0000,0.1800,0.1800
2,clab-nebula-serf95,25,80,9,9,0,71,1.0000,0.1125,0.1125
2,clab-nebula-serf95,30,104,72,42,30,62,0.5833,0.4038,0.3134
2,clab-nebula-serf95,35,119,88,57,31,62,0.6477,0.4790,0.3800
2,clab-nebula-serf95,40,124,161,124,37,0,0.7702,1.0000,0.7702
2,clab-nebula-serf95,45,142,161,142,19,0,0.8820,1.0000,0.8820
2,clab-nebula-serf95,50,154,161,154,7,0,0.9565,1.0000,0.9565
2,clab-nebula-serf95,55,154,161,154,7,0,0.9565,1.0000,0.9565
2,clab-nebula-serf95,60,159,161,159,2,0,0.9876,1.0000,0.9876
2,clab-nebula-serf100,5,6,3,3,0,3,1.0000,0.5000,0.5000
2,clab-nebula-serf100,10,7,3,3,0,4,1.0000,0.4286,0.4286
2,clab-nebula-serf100,15,8,3,3,0,5,1.0000,0.3750,0.3750
2,clab-nebula-serf100,20,14,3,3,0,11,1.0000,0.2143,0.2143
2,clab-nebula-serf100,25,25,10,9,1,16,0.9000,0.3600,0.3462
2,clab-nebula-serf100,30,59,140,54,86,5,0.3857,0.9153,0.3724
2,clab-nebula-serf100,35,89,156,88,68,1,0.5641,0.9888,0.5605
2,clab-nebula-serf100,40,137,161,137,24,0,0.8509,1.0000,0.8509
2,clab-nebula-serf100,45,150,161,150,11,0,0.9317,1.0000,0.9317
2,clab-nebula-serf100,50,159,161,159,2,0,0.9876,1.0000,0.9876
2,clab-nebula-serf100,55,160,161,160,1,0,0.9938,1.0000,0.9938
2,clab-nebula-serf100,60,161,161,161,0,0,1.0000,1.0000,1.0000
2,clab-nebula-serf105,5,1,14,1,13,0,0.0714,1.0000,0.0714
2,clab-nebula-serf105,10,3,14,3,11,0,0.2143,1.0000,0.2143
2,clab-nebula-serf105,15,8,14,8,6,0,0.5714,1.0000,0.5714
2,clab-nebula-serf105,20,25,14,13,1,12,0.9286,0.5200,0.5000
2,clab-nebula-serf105,25,54,14,13,1,41,0.9286,0.2407,0.2364
2,clab-nebula-serf105,30,86,69,43,26,43,0.6232,0.5000,0.3839
2,clab-nebula-serf105,35,123,103,79,24,44,0.7670,0.6423,0.5374
2,clab-nebula-serf105,40,145,161,145,16,0,0.9006,1.0000,0.9006
2,clab-nebula-serf105,45,153,161,153,8,0,0.9503,1.0000,0.9503
2,clab-nebula-serf105,50,155,161,155,6,0,0.9627,1.0000,0.9627
2,clab-nebula-serf105,55,160,161,160,1,0,0.9938,1.0000,0.9938
2,clab-nebula-serf105,60,161,161,161,0,0,1.0000,1.0000,1.0000
2,clab-nebula-serf110,5,0,14,0,14,0,0.0000,0.0000,0.0000
2,clab-nebula-serf110,10,0,14,0,14,0,0.0000,0.0000,0.0000
2,clab-nebula-serf110,15,2,14,2,12,0,0.1429,1.0000,0.1429
2,clab-nebula-serf110,20,7,14,7,7,0,0.5000,1.0000,0.5000
2,clab-nebula-serf110,25,15,14,12,2,3,0.8571,0.8000,0.7059
2,clab-nebula-serf110,30,37,14,13,1,24,0.9286,0.3514,0.3421
2,clab-nebula-serf110,35,69,34,15,19,54,0.4412,0.2174,0.1705
2,clab-nebula-serf110,40,107,78,57,21,50,0.7308,0.5327,0.4453
2,clab-nebula-serf110,45,143,149,133,16,10,0.8926,0.9301,0.8365
2,clab-nebula-serf110,50,148,161,148,13,0,0.9193,1.0000,0.9193
2,clab-nebula-serf110,55,154,161,154,7,0,0.9565,1.0000,0.9565
2,clab-nebula-serf110,60,157,161,157,4,0,0.9752,1.0000,0.9752
2,clab-nebula-serf115,5,0,0,0,0,0,1.0000,1.0000,1.0000
2,clab-nebula-serf115,10,0,0,0,0,0,1.0000,1.0000,1.0000
2,clab-nebula-serf115,15,0,0,0,0,0,1.0000,1.0000,1.0000
2,clab-nebula-serf115,20,0,0,0,0,0,1.0000,1.0000,1.0000
2,clab-nebula-serf115,25,0,0,0,0,0,1.0000,1.0000,1.0000
2,clab-nebula-serf115,30,0,0,0,0,0,1.0000,1.0000,1.0000
2,clab-nebula-serf115,35,1,0,0,0,1,0.0000,0.0000,0.0000
2,clab-nebula-serf115,40,3,4,1,3,2,0.2500,0.3333,0.1667
2,clab-nebula-serf115,45,6,8,1,7,5,0.1250,0.1667,0.0769
2,clab-nebula-serf115,50,23,61,15,46,8,0.2459,0.6522,0.2174
2,clab-nebula-serf115,55,57,88,48,40,9,0.5455,0.8421,0.4948
2,clab-nebula-serf115,60,103,161,103,58,0,0.6398,1.0000,0.6398
2,clab-nebula-serf120,5,2,2,2,0,0,1.0000,1.0000,1.0000
2,clab-nebula-serf120,10,2,2,2,0,0,1.0000,1.0000,1.0000
2,clab-nebula-serf120,15,2,2,2,0,0,1.0000,1.0000,1.0000
2,clab-nebula-serf120,20,2,3,2,1,0,0.6667,1.0000,0.6667
2,clab-nebula-serf120,25,2,61,2,59,0,0.0328,1.0000,0.0328
2,clab-nebula-serf120,30,3,88,3,85,0,0.0341,1.0000,0.0341
2,clab-nebula-serf120,35,3,161,3,158,0,0.0186,1.0000,0.0186
2,clab-nebula-serf120,40,3,161,3,158,0,0.0186,1.0000,0.0186
2,clab-nebula-serf120,45,5,161,5,156,0,0.0311,1.0000,0.0311
2,clab-nebula-serf120,50,14,161,14,147,0,0.0870,1.0000,0.0870
2,clab-nebula-serf120,55,24,161,24,137,0,0.1491,1.0000,0.1491
2,clab-nebula-serf120,60,48,161,48,113,0,0.2981,1.0000,0.2981
2,clab-nebula-serf125,5,0,14,0,14,0,0.0000,0.0000,0.0000
2,clab-nebula-serf125,10,3,14,2,12,1,0.1429,0.6667,0.1333
2,clab-nebula-serf125,15,12,14,5,9,7,0.3571,0.4167,0.2381
2,clab-nebula-serf125,20,45,14,10,4,35,0.7143,0.2222,0.2041
2,clab-nebula-serf125,25,58,77,46,31,12,0.5974,0.7931,0.5169
2,clab-nebula-serf125,30,84,148,74,74,10,0.5000,0.8810,0.4684
2,clab-nebula-serf125,35,112,161,112,49,0,0.6957,1.0000,0.6957
2,clab-nebula-serf125,40,137,161,137,24,0,0.8509,1.0000,0.8509
2,clab-nebula-serf125,45,146,161,146,15,0,0.9068,1.0000,0.9068
2,clab-nebula-serf125,50,155,161,155,6,0,0.9627,1.0000,0.9627
2,clab-nebula-serf125,55,161,161,161,0,0,1.0000,1.0000,1.0000
2,clab-nebula-serf125,60,161,161,161,0,0,1.0000,1.0000,1.0000
2,clab-nebula-serf130,5,0,7,0,7,0,0.0000,0.0000,0.0000
2,clab-nebula-serf130,10,0,7,0,7,0,0.0000,0.0000,0.0000
2,clab-nebula-serf130,15,0,7,0,7,0,0.0000,0.0000,0.0000
2,clab-nebula-serf130,20,13,7,6,1,7,0.8571,0.4615,0.4286
2,clab-nebula-serf130,25,14,7,7,0,7,1.0000,0.5000,0.5000
2,clab-nebula-serf130,30,24,7,7,0,17,1.0000,0.2917,0.2917
2,clab-nebula-serf130,35,41,69,31,38,10,0.4493,0.7561,0.3924
2,clab-nebula-serf130,40,53,103,43,60,10,0.4175,0.8113,0.3805
2,clab-nebula-serf130,45,84,161,84,77,0,0.5217,1.0000,0.5217
2,clab-nebula-serf130,50,111,161,111,50,0,0.6894,1.0000,0.6894
2,clab-nebula-serf130,55,136,161,136,25,0,0.8447,1.0000,0.8447
2,clab-nebula-serf130,60,146,161,146,15,0,0.9068,1.0000,0.9068
2,clab-nebula-serf135,5,0,2,0,2,0,0.0000,0.0000,0.0000
2,clab-nebula-serf135,10,0,2,0,2,0,0.0000,0.0000,0.0000
2,clab-nebula-serf135,15,1,2,0,2,1,0.0000,0.0000,0.0000
2,clab-nebula-serf135,20,14,2,2,0,12,1.0000,0.1429,0.1429
2,clab-nebula-serf135,25,15,2,2,0,13,1.0000,0.1333,0.1333
2,clab-nebula-serf135,30,25,5,4,1,21,0.8000,0.1600,0.1538
2,clab-nebula-serf135,35,42,73,32,41,10,0.4384,0.7619,0.3855
2,clab-nebula-serf135,40,54,138,44,94,10,0.3188,0.8148,0.2973
2,clab-nebula-serf135,45,91,161,91,70,0,0.5652,1.0000,0.5652
2,clab-nebula-serf135,50,112,161,112,49,0,0.6957,1.0000,0.6957
2,clab-nebula-serf135,55,137,161,137,24,0,0.8509,1.0000,0.8509
2,clab-nebula-serf135,60,146,161,146,15,0,0.9068,1.0000,0.9068
2,clab-nebula-serf140,5,0,7,0,7,0,0.0000,0.0000,0.0000
2,clab-nebula-serf140,10,0,7,0,7,0,0.0000,0.0000,0.0000
2,clab-nebula-serf140,15,0,7,0,7,0,0.0000,0.0000,0.0000
2,clab-nebula-serf140,20,13,7,6,1,7,0.8571,0.4615,0.4286
2,clab-nebula-serf140,25,14,7,7,0,7,1.0000,0.5000,0.5000
2,clab-nebula-serf140,30,25,7,7,0,18,1.0000,0.2800,0.2800
2,clab-nebula-serf140,35,39,69,29,40,10,0.4203,0.7436,0.3671
2,clab-nebula-serf140,40,52,103,42,61,10,0.4078,0.8077,0.3717
2,clab-nebula-serf140,45,82,161,82,79,0,0.5093,1.0000,0.5093
2,clab-nebula-serf140,50,108,161,108,53,0,0.6708,1.0000,0.6708
2,clab-nebula-serf140,55,136,161,136,25,0,0.8447,1.0000,0.8447
2,clab-nebula-serf140,60,145,161,145,16,0,0.9006,1.0000,0.9006
2,clab-nebula-serf145,5,0,4,0,4,0,0.0000,0.0000,0.0000
2,clab-nebula-serf145,10,0,4,0,4,0,0.0000,0.0000,0.0000
2,clab-nebula-serf145,15,1,4,1,3,0,0.2500,1.0000,0.2500
2,clab-nebula-serf145,20,5,4,2,2,3,0.5000,0.4000,0.2857
2,clab-nebula-serf145,25,7,4,4,0,3,1.0000,0.5714,0.5714
2,clab-nebula-serf145,30,15,4,4,0,11,1.0000,0.2667,0.2667
2,clab-nebula-serf145,35,37,68,30,38,7,0.4412,0.8108,0.4000
2,clab-nebula-serf145,40,56,103,46,57,10,0.4466,0.8214,0.4071
2,clab-nebula-serf145,45,66,161,66,95,0,0.4099,1.0000,0.4099
2,clab-nebula-serf145,50,104,161,104,57,0,0.6460,1.0000,0.6460
2,clab-nebula-serf145,55,130,161,130,31,0,0.8075,1.0000,0.8075
2,clab-nebula-serf145,60,145,161,145,16,0,0.9006,1.0000,0.9006
2,clab-nebula-serf150,5,0,0,0,0,0,1.0000,1.0000,1.0000
2,clab-nebula-serf150,10,0,0,0,0,0,1.0000,1.0000,1.0000
2,clab-nebula-serf150,15,1,0,0,0,1,0.0000,0.0000,0.0000
2,clab-nebula-serf150,20,9,0,0,0,9,0.0000,0.0000,0.0000
2,clab-nebula-serf150,25,17,0,0,0,17,0.0000,0.0000,0.0000
2,clab-nebula-serf150,30,23,72,9,63,14,0.1250,0.3913,0.1047
2,clab-nebula-serf150,35,42,83,11,72,31,0.1325,0.2619,0.0965
2,clab-nebula-serf150,40,54,140,54,86,0,0.3857,1.0000,0.3857
2,clab-nebula-serf150,45,79,156,78,78,1,0.5000,0.9873,0.4968
2,clab-nebula-serf150,50,117,161,117,44,0,0.7267,1.0000,0.7267
2,clab-nebula-serf150,55,141,161,141,20,0,0.8758,1.0000,0.8758
2,clab-nebula-serf150,60,152,161,152,9,0,0.9441,1.0000,0.9441
2,clab-nebula-serf155,5,0,8,0,8,0,0.0000,0.0000,0.0000
2,clab-nebula-serf155,10,0,8,0,8,0,0.0000,0.0000,0.0000
2,clab-nebula-serf155,15,1,8,1,7,0,0.1250,1.0000,0.1250
2,clab-nebula-serf155,20,11,8,7,1,4,0.8750,0.6364,0.5833
2,clab-nebula-serf155,25,14,8,8,0,6,1.0000,0.5714,0.5714
2,clab-nebula-serf155,30,24,8,8,0,16,1.0000,0.3333,0.3333
2,clab-nebula-serf155,35,43,72,9,63,34,0.1250,0.2093,0.0849
2,clab-nebula-serf155,40,56,83,17,66,39,0.2048,0.3036,0.1393
2,clab-nebula-serf155,45,82,152,81,71,1,0.5329,0.9878,0.5294
2,clab-nebula-serf155,50,117,156,116,40,1,0.7436,0.9915,0.7389
2,clab-nebula-serf155,55,137,161,137,24,0,0.8509,1.0000,0.8509
2,clab-nebula-serf155,60,150,161,150,11,0,0.9317,1.0000,0.9317
2,clab-nebula-serf160,5,4,6,4,2,0,0.6667,1.0000,0.6667
2,clab-nebula-serf160,10,4,6,4,2,0,0.6667,1.0000,0.6667
2,clab-nebula-serf160,15,5,6,5,1,0,0.8333,1.0000,0.8333
2,clab-nebula-serf160,20,10,6,5,1,5,0.8333,0.5000,0.4545
2,clab-nebula-serf160,25,25,68,18,50,7,0.2647,0.7200,0.2400
2,clab-nebula-serf160,30,37,83,27,56,10,0.3253,0.7297,0.2903
2,clab-nebula-serf160,35,43,161,43,118,0,0.2671,1.0000,0.2671
2,clab-nebula-serf160,40,58,161,58,103,0,0.3602,1.0000,0.3602
2,clab-nebula-serf160,45,82,161,82,79,0,0.5093,1.0000,0.5093
2,clab-nebula-serf160,50,118,161,118,43,0,0.7329,1.0000,0.7329
2,clab-nebula-serf160,55,139,161,139,22,0,0.8634,1.0000,0.8634
2,clab-nebula-serf160,60,149,161,149,12,0,0.9255,1.0000,0.9255
4,clab-nebula-serf1,5,0,0,0,0,0,1.0000,1.0000,1.0000
4,clab-nebula-serf1,10,6,0,0,0,6,0.0000,0.0000,0.0000
4,clab-nebula-serf1,15,12,0,0,0,12,0.0000,0.0000,0.0000
4,clab-nebula-serf1,20,19,72,19,53,0,0.2639,1.0000,0.2639
4,clab-nebula-serf1,25,37,83,34,49,3,0.4096,0.9189,0.3953
4,clab-nebula-serf1,30,74,149,70,79,4,0.4698,0.9459,0.4575
4,clab-nebula-serf1,35,91,156,89,67,2,0.5705,0.9780,0.5633
4,clab-nebula-serf1,40,107,161,107,54,0,0.6646,1.0000,0.6646
4,clab-nebula-serf1,45,117,161,117,44,0,0.7267,1.0000,0.7267
4,clab-nebula-serf1,50,121,161,121,40,0,0.7516,1.0000,0.7516
4,clab-nebula-serf1,55,133,161,133,28,0,0.8261,1.0000,0.8261
4,clab-nebula-serf1,60,153,161,153,8,0,0.9503,1.0000,0.9503
4,clab-nebula-serf5,5,0,0,0,0,0,1.0000,1.0000,1.0000
4,clab-nebula-serf5,10,3,0,0,0,3,0.0000,0.0000,0.0000
4,clab-nebula-serf5,15,7,0,0,0,7,0.0000,0.0000,0.0000
4,clab-nebula-serf5,20,14,72,14,58,0,0.1944,1.0000,0.1944
4,clab-nebula-serf5,25,19,83,19,64,0,0.2289,1.0000,0.2289
4,clab-nebula-serf5,30,46,140,42,98,4,0.3000,0.9130,0.2917
4,clab-nebula-serf5,35,80,156,79,77,1,0.5064,0.9875,0.5032
4,clab-nebula-serf5,40,92,161,92,69,0,0.5714,1.0000,0.5714
4,clab-nebula-serf5,45,108,161,108,53,0,0.6708,1.0000,0.6708
4,clab-nebula-serf5,50,118,161,118,43,0,0.7329,1.0000,0.7329
4,clab-nebula-serf5,55,121,161,121,40,0,0.7516,1.0000,0.7516
4,clab-nebula-serf5,60,143,161,143,18,0,0.8882,1.0000,0.8882
4,clab-nebula-serf10,5,1,2,1,1,0,0.5000,1.0000,0.5000
4,clab-nebula-serf10,10,9,2,2,0,7,1.0000,0.2222,0.2222
4,clab-nebula-serf10,15,20,2,2,0,18,1.0000,0.1000,0.1000
4,clab-nebula-serf10,20,40,2,2,0,38,1.0000,0.0500,0.0500
4,clab-nebula-serf10,25,71,12,12,0,59,1.0000,0.1690,0.1690
4,clab-nebula-serf10,30,88,82,57,25,31,0.6951,0.6477,0.5044
4,clab-nebula-serf10,35,103,137,89,48,14,0.6496,0.8641,0.5894
4,clab-nebula-serf10,40,120,156,117,39,3,0.7500,0.9750,0.7358
4,clab-nebula-serf10,45,121,159,121,38,0,0.7610,1.0000,0.7610
4,clab-nebula-serf10,50,129,161,129,32,0,0.8012,1.0000,0.8012
4,clab-nebula-serf10,55,153,161,153,8,0,0.9503,1.0000,0.9503
4,clab-nebula-serf10,60,156,161,156,5,0,0.9689,1.0000,0.9689
4,clab-nebula-serf15,5,1,5,1,4,0,0.2000,1.0000,0.2000
4,clab-nebula-serf15,10,14,5,5,0,9,1.0000,0.3571,0.3571
4,clab-nebula-serf15,15,32,5,5,0,27,1.0000,0.1562,0.1562
4,clab-nebula-serf15,20,68,5,5,0,63,1.0000,0.0735,0.0735
4,clab-nebula-serf15,25,88,37,36,1,52,0.9730,0.4091,0.4045
4,clab-nebula-serf15,30,100,82,61,21,39,0.7439,0.6100,0.5041
4,clab-nebula-serf15,35,117,140,103,37,14,0.7357,0.8803,0.6688
4,clab-nebula-serf15,40,121,156,118,38,3,0.7564,0.9752,0.7421
4,clab-nebula-serf15,45,124,159,124,35,0,0.7799,1.0000,0.7799
4,clab-nebula-serf15,50,151,161,151,10,0,0.9379,1.0000,0.9379
4,clab-nebula-serf15,55,154,161,154,7,0,0.9565,1.0000,0.9565
4,clab-nebula-serf15,60,158,161,158,3,0,0.9814,1.0000,0.9814
4,clab-nebula-serf20,5,2,3,2,1,0,0.6667,1.0000,0.6667
4,clab-nebula-serf20,10,4,3,2,1,2,0.6667,0.5000,0.4000
4,clab-nebula-serf20,15,15,3,3,0,12,1.0000,0.2000,0.2000
4,clab-nebula-serf20,20,26,3,3,0,23,1.0000,0.1154,0.1154
4,clab-nebula-serf20,25,46,3,3,0,43,1.0000,0.0652,0.0652
4,clab-nebula-serf20,30,80,82,55,27,25,0.6707,0.6875,0.5140
4,clab-nebula-serf20,35,93,137,79,58,14,0.5766,0.8495,0.5232
4,clab-nebula-serf20,40,102,156,99,57,3,0.6346,0.9706,0.6226
4,clab-nebula-serf20,45,118,159,118,41,0,0.7421,1.0000,0.7421
4,clab-nebula-serf20,50,124,161,124,37,0,0.7702,1.0000,0.7702
4,clab-nebula-serf20,55,129,161,129,32,0,0.8012,1.0000,0.8012
4,clab-nebula-serf20,60,154,161,154,7,0,0.9565,1.0000,0.9565
4,clab-nebula-serf25,5,0,4,0,4,0,0.0000,0.0000,0.0000
4,clab-nebula-serf25,10,4,4,2,2,2,0.5000,0.5000,0.3333
4,clab-nebula-serf25,15,12,4,3,1,9,0.7500,0.2500,0.2308
4,clab-nebula-serf25,20,28,4,4,0,24,1.0000,0.1429,0.1429
4,clab-nebula-serf25,25,44,4,4,0,40,1.0000,0.0909,0.0909
4,clab-nebula-serf25,30,81,62,55,7,26,0.8871,0.6790,0.6250
4,clab-nebula-serf25,35,93,99,77,22,16,0.7778,0.8280,0.6696
4,clab-nebula-serf25,40,102,152,99,53,3,0.6513,0.9706,0.6387
4,clab-nebula-serf25,45,119,156,116,40,3,0.7436,0.9748,0.7296
4,clab-nebula-serf25,50,124,161,124,37,0,0.7702,1.0000,0.7702
4,clab-nebula-serf25,55,127,161,127,34,0,0.7888,1.0000,0.7888
4,clab-nebula-serf25,60,154,161,154,7,0,0.9565,1.0000,0.9565
4,clab-nebula-serf30,5,1,4,1,3,0,0.2500,1.0000,0.2500
4,clab-nebula-serf30,10,13,4,3,1,10,0.7500,0.2308,0.2143
4,clab-nebula-serf30,15,28,4,4,0,24,1.0000,0.1429,0.1429
4,clab-nebula-serf30,20,45,4,4,0,41,1.0000,0.0889,0.0889
4,clab-nebula-serf30,25,81,64,55,9,26,0.8594,0.6790,0.6111
4,clab-nebula-serf30,30,93,99,77,22,16,0.7778,0.8280,0.6696
4,clab-nebula-serf30,35,102,152,99,53,3,0.6513,0.9706,0.6387
4,clab-nebula-serf30,40,119,157,117,40,2,0.7452,0.9832,0.7358
4,clab-nebula-serf30,45,124,161,124,37,0,0.7702,1.0000,0.7702
4,clab-nebula-serf30,50,128,161,128,33,0,0.7950,1.0000,0.7950
4,clab-nebula-serf30,55,154,161,154,7,0,0.9565,1.0000,0.9565
4,clab-nebula-serf30,60,154,161,154,7,0,0.9565,1.0000,0.9565
4,clab-nebula-serf35,5,0,6,0,6,0,0.0000,0.0000,0.0000
4,clab-nebula-serf35,10,1,6,1,5,0,0.1667,1.0000,0.1667
4,clab-nebula-serf35,15,7,6,4,2,3,0.6667,0.5714,0.4444
4,clab-nebula-serf35,20,26,6,4,2,22,0.6667,0.1538,0.1429
4,clab-nebula-serf35,25,63,6,6,0,57,1.0000,0.0952,0.0952
4,clab-nebula-serf35,30,85,6,6,0,79,1.0000,0.0706,0.0706
4,clab-nebula-serf35,35,95,75,60,15,35,0.8000,0.6316,0.5455
4,clab-nebula-serf35,40,111,111,90,21,21,0.8108,0.8108,0.6818
4,clab-nebula-serf35,45,121,152,118,34,3,0.7763,0.9752,0.7613
4,clab-nebula-serf35,50,124,159,124,35,0,0.7799,1.0000,0.7799
4,clab-nebula-serf35,55,145,161,145,16,0,0.9006,1.0000,0.9006
4,clab-nebula-serf35,60,154,161,154,7,0,0.9565,1.0000,0.9565
4,clab-nebula-serf40,5,0,0,0,0,0,1.0000,1.0000,1.0000
4,clab-nebula-serf40,10,1,0,0,0,1,0.0000,0.0000,0.0000
4,clab-nebula-serf40,15,11,0,0,0,11,0.0000,0.0000,0.0000
4,clab-nebula-serf40,20,35,0,0,0,35,0.0000,0.0000,0.0000
4,clab-nebula-serf40,25,71,0,0,0,71,0.0000,0.0000,0.0000
4,clab-nebula-serf40,30,87,0,0,0,87,0.0000,0.0000,0.0000
4,clab-nebula-serf40,35,98,82,59,23,39,0.7195,0.6020,0.4876
4,clab-nebula-serf40,40,118,137,100,37,18,0.7299,0.8475,0.6452
4,clab-nebula-serf40,45,122,153,119,34,3,0.7778,0.9754,0.7628
4,clab-nebula-serf40,50,126,159,126,33,0,0.7925,1.0000,0.7925
4,clab-nebula-serf40,55,153,161,153,8,0,0.9503,1.0000,0.9503
4,clab-nebula-serf40,60,154,161,154,7,0,0.9565,1.0000,0.9565
4,clab-nebula-serf45,5,2,2,1,1,1,0.5000,0.5000,0.3333
4,clab-nebula-serf45,10,8,2,2,0,6,1.0000,0.2500,0.2500
4,clab-nebula-serf45,15,22,2,2,0,20,1.0000,0.0909,0.0909
4,clab-nebula-serf45,20,40,2,2,0,38,1.0000,0.0500,0.0500
4,clab-nebula-serf45,25,80,19,19,0,61,1.0000,0.2375,0.2375
4,clab-nebula-serf45,30,90,83,58,25,32,0.6988,0.6444,0.5043
4,clab-nebula-serf45,35,118,140,103,37,15,0.7357,0.8729,0.6645
4,clab-nebula-serf45,40,121,156,118,38,3,0.7564,0.9752,0.7421
4,clab-nebula-serf45,45,124,161,124,37,0,0.7702,1.0000,0.7702
4,clab-nebula-serf45,50,145,161,145,16,0,0.9006,1.0000,0.9006
4,clab-nebula-serf45,55,154,161,154,7,0,0.9565,1.0000,0.9565
4,clab-nebula-serf45,60,155,161,155,6,0,0.9627,1.0000,0.9627
4,clab-nebula-serf50,5,3,1,1,0,2,1.0000,0.3333,0.3333
4,clab-nebula-serf50,10,8,1,1,0,7,1.0000,0.1250,0.1250
4,clab-nebula-serf50,15,23,1,1,0,22,1.0000,0.0435,0.0435
4,clab-nebula-serf50,20,41,1,1,0,40,1.0000,0.0244,0.0244
4,clab-nebula-serf50,25,81,19,19,0,62,1.0000,0.2346,0.2346
4,clab-nebula-serf50,30,93,83,59,24,34,0.7108,0.6344,0.5043
4,clab-nebula-serf50,35,118,140,103,37,15,0.7357,0.8729,0.6645
4,clab-nebula-serf50,40,122,156,119,37,3,0.7628,0.9754,0.7484
4,clab-nebula-serf50,45,125,161,125,36,0,0.7764,1.0000,0.7764
4,clab-nebula-serf50,50,153,161,153,8,0,0.9503,1.0000,0.9503
4,clab-nebula-serf50,55,154,161,154,7,0,0.9565,1.0000,0.9565
4,clab-nebula-serf50,60,156,161,156,5,0,0.9689,1.0000,0.9689
4,clab-nebula-serf55,5,0,5,0,5,0,0.0000,0.0000,0.0000
4,clab-nebula-serf55,10,9,5,4,1,5,0.8000,0.4444,0.4000
4,clab-nebula-serf55,15,23,5,5,0,18,1.0000,0.2174,0.2174
4,clab-nebula-serf55,20,64,5,5,0,59,1.0000,0.0781,0.0781
4,clab-nebula-serf55,25,83,5,5,0,78,1.0000,0.0602,0.0602
4,clab-nebula-serf55,30,96,72,58,14,38,0.8056,0.6042,0.5273
4,clab-nebula-serf55,35,119,99,88,11,31,0.8889,0.7395,0.6769
4,clab-nebula-serf55,40,121,152,118,34,3,0.7763,0.9752,0.7613
4,clab-nebula-serf55,45,126,156,123,33,3,0.7885,0.9762,0.7736
4,clab-nebula-serf55,50,153,161,153,8,0,0.9503,1.0000,0.9503
4,clab-nebula-serf55,55,154,161,154,7,0,0.9565,1.0000,0.9565
4,clab-nebula-serf55,60,157,161,157,4,0,0.9752,1.0000,0.9752
4,clab-nebula-serf60,5,4,5,2,3,2,0.4000,0.5000,0.2857
4,clab-nebula-serf60,10,10,5,3,2,7,0.6000,0.3000,0.2500
4,clab-nebula-serf60,15,42,5,5,0,37,1.0000,0.1190,0.1190
4,clab-nebula-serf60,20,70,5,5,0,65,1.0000,0.0714,0.0714
4,clab-nebula-serf60,25,87,5,5,0,82,1.0000,0.0575,0.0575
4,clab-nebula-serf60,30,111,82,67,15,44,0.8171,0.6036,0.5317
4,clab-nebula-serf60,35,120,137,103,34,17,0.7518,0.8583,0.6688
4,clab-nebula-serf60,40,124,156,121,35,3,0.7756,0.9758,0.7610
4,clab-nebula-serf60,45,143,159,143,16,0,0.8994,1.0000,0.8994
4,clab-nebula-serf60,50,154,161,154,7,0,0.9565,1.0000,0.9565
4,clab-nebula-serf60,55,154,161,154,7,0,0.9565,1.0000,0.9565
4,clab-nebula-serf60,60,158,161,158,3,0,0.9814,1.0000,0.9814
4,clab-nebula-serf65,5,0,0,0,0,0,1.0000,1.0000,1.0000
4,clab-nebula-serf65,10,0,0,0,0,0,1.0000,1.0000,1.0000
4,clab-nebula-serf65,15,0,0,0,0,0,1.0000,1.0000,1.0000
4,clab-nebula-serf65,20,23,0,0,0,23,0.0000,0.0000,0.0000
4,clab-nebula-serf65,25,62,0,0,0,62,0.0000,0.0000,0.0000
4,clab-nebula-serf65,30,95,24,23,1,72,0.9583,0.2421,0.2396
4,clab-nebula-serf65,35,115,142,113,29,2,0.7958,0.9826,0.7847
4,clab-nebula-serf65,40,122,156,119,37,3,0.7628,0.9754,0.7484
4,clab-nebula-serf65,45,126,161,126,35,0,0.7826,1.0000,0.7826
4,clab-nebula-serf65,50,152,161,152,9,0,0.9441,1.0000,0.9441
4,clab-nebula-serf65,55,154,161,154,7,0,0.9565,1.0000,0.9565
4,clab-nebula-serf65,60,155,161,155,6,0,0.9627,1.0000,0.9627
4,clab-nebula-serf70,5,3,0,0,0,3,0.0000,0.0000,0.0000
4,clab-nebula-serf70,10,19,0,0,0,19,0.0000,0.0000,0.0000
4,clab-nebula-serf70,15,36,0,0,0,36,0.0000,0.0000,0.0000
4,clab-nebula-serf70,20,66,0,0,0,66,0.0000,0.0000,0.0000
4,clab-nebula-serf70,25,87,29,27,2,60,0.9310,0.3103,0.3034
4,clab-nebula-serf70,30,110,82,63,19,47,0.7683,0.5727,0.4884
4,clab-nebula-serf70,35,119,137,102,35,17,0.7445,0.8571,0.6623
4,clab-nebula-serf70,40,124,156,122,34,2,0.7821,0.9839,0.7722
4,clab-nebula-serf70,45,147,159,147,12,0,0.9245,1.0000,0.9245
4,clab-nebula-serf70,50,154,161,154,7,0,0.9565,1.0000,0.9565
4,clab-nebula-serf70,55,158,161,158,3,0,0.9814,1.0000,0.9814
4,clab-nebula-serf70,60,161,161,161,0,0,1.0000,1.0000,1.0000
4,clab-nebula-serf75,5,0,4,0,4,0,0.0000,0.0000,0.0000
4,clab-nebula-serf75,10,7,4,1,3,6,0.2500,0.1429,0.1000
4,clab-nebula-serf75,15,26,4,4,0,22,1.0000,0.1538,0.1538
4,clab-nebula-serf75,20,41,4,4,0,37,1.0000,0.0976,0.0976
4,clab-nebula-serf75,25,76,4,4,0,72,1.0000,0.0526,0.0526
4,clab-nebula-serf75,30,100,34,25,9,75,0.7353,0.2500,0.2294
4,clab-nebula-serf75,35,115,99,73,26,42,0.7374,0.6348,0.5177
4,clab-nebula-serf75,40,122,159,122,37,0,0.7673,1.0000,0.7673
4,clab-nebula-serf75,45,135,161,135,26,0,0.8385,1.0000,0.8385
4,clab-nebula-serf75,50,154,161,154,7,0,0.9565,1.0000,0.9565
4,clab-nebula-serf75,55,155,161,155,6,0,0.9627,1.0000,0.9627
4,clab-nebula-serf75,60,158,161,158,3,0,0.9814,1.0000,0.9814
4,clab-nebula-serf80,5,0,4,0,4,0,0.0000,0.0000,0.0000
4,clab-nebula-serf80,10,14,4,2,2,12,0.5000,0.1429,0.1250
4,clab-nebula-serf80,15,32,4,4,0,28,1.0000,0.1250,0.1250
4,clab-nebula-serf80,20,55,4,4,0,51,1.0000,0.0727,0.0727
4,clab-nebula-serf80,25,84,4,4,0,80,1.0000,0.0476,0.0476
4,clab-nebula-serf80,30,110,67,42,25,68,0.6269,0.3818,0.3111
4,clab-nebula-serf80,35,120,146,118,28,2,0.8082,0.9833,0.7973
4,clab-nebula-serf80,40,127,161,127,34,0,0.7888,1.0000,0.7888
4,clab-nebula-serf80,45,152,161,152,9,0,0.9441,1.0000,0.9441
4,clab-nebula-serf80,50,154,161,154,7,0,0.9565,1.0000,0.9565
4,clab-nebula-serf80,55,156,161,156,5,0,0.9689,1.0000,0.9689
4,clab-nebula-serf80,60,159,161,159,2,0,0.9876,1.0000,0.9876
4,clab-nebula-serf85,5,0,0,0,0,0,1.0000,1.0000,1.0000
4,clab-nebula-serf85,10,4,0,0,0,4,0.0000,0.0000,0.0000
4,clab-nebula-serf85,15,19,0,0,0,19,0.0000,0.0000,0.0000
4,clab-nebula-serf85,20,35,0,0,0,35,0.0000,0.0000,0.0000
4,clab-nebula-serf85,25,57,0,0,0,57,0.0000,0.0000,0.0000
4,clab-nebula-serf85,30,82,56,18,38,64,0.3214,0.2195,0.1500
4,clab-nebula-serf85,35,111,87,53,34,58,0.6092,0.4775,0.3655
4,clab-nebula-serf85,40,119,151,119,32,0,0.7881,1.0000,0.7881
4,clab-nebula-serf85,45,134,161,134,27,0,0.8323,1.0000,0.8323
4,clab-nebula-serf85,50,149,161,149,12,0,0.9255,1.0000,0.9255
4,clab-nebula-serf85,55,154,161,154,7,0,0.9565,1.0000,0.9565
4,clab-nebula-serf85,60,157,161,157,4,0,0.9752,1.0000,0.9752
4,clab-nebula-serf90,5,2,3,2,1,0,0.6667,1.0000,0.6667
4,clab-nebula-serf90,10,9,3,3,0,6,1.0000,0.3333,0.3333
4,clab-nebula-serf90,15,30,3,3,0,27,1.0000,0.1000,0.1000
4,clab-nebula-serf90,20,49,3,3,0,46,1.0000,0.0612,0.0612
4,clab-nebula-serf90,25,78,3,3,0,75,1.0000,0.0385,0.0385
4,clab-nebula-serf90,30,101,72,41,31,60,0.5694,0.4059,0.3106
4,clab-nebula-serf90,35,119,88,57,31,62,0.6477,0.4790,0.3800
4,clab-nebula-serf90,40,122,161,122,39,0,0.7578,1.0000,0.7578
4,clab-nebula-serf90,45,137,161,137,24,0,0.8509,1.0000,0.8509
4,clab-nebula-serf90,50,154,161,154,7,0,0.9565,1.0000,0.9565
4,clab-nebula-serf90,55,155,161,155,6,0,0.9627,1.0000,0.9627
4,clab-nebula-serf90,60,159,161,159,2,0,0.9876,1.0000,0.9876
4,clab-nebula-serf95,5,0,0,0,0,0,1.0000,1.0000,1.0000
4,clab-nebula-serf95,10,10,0,0,0,10,0.0000,0.0000,0.0000
4,clab-nebula-serf95,15,30,0,0,0,30,0.0000,0.0000,0.0000
4,clab-nebula-serf95,20,50,0,0,0,50,0.0000,0.0000,0.0000
4,clab-nebula-serf95,25,80,0,0,0,80,0.0000,0.0000,0.0000
4,clab-nebula-serf95,30,104,72,42,30,62,0.5833,0.4038,0.3134
4,clab-nebula-serf95,35,119,88,57,31,62,0.6477,0.4790,0.3800
4,clab-nebula-serf95,40,124,161,124,37,0,0.7702,1.0000,0.7702
4,clab-nebula-serf95,45,142,161,142,19,0,0.8820,1.0000,0.8820
4,clab-nebula-serf95,50,154,161,154,7,0,0.9565,1.0000,0.9565
4,clab-nebula-serf95,55,154,161,154,7,0,0.9565,1.0000,0.9565
4,clab-nebula-serf95,60,159,161,159,2,0,0.9876,1.0000,0.9876
4,clab-nebula-serf100,5,6,2,2,0,4,1.0000,0.3333,0.3333
4,clab-nebula-serf100,10,7,2,2,0,5,1.0000,0.2857,0.2857
4,clab-nebula-serf100,15,8,2,2,0,6,1.0000,0.2500,0.2500
4,clab-nebula-serf100,20,14,2,2,0,12,1.0000,0.1429,0.1429
4,clab-nebula-serf100,25,25,10,9,1,16,0.9000,0.3600,0.3462
4,clab-nebula-serf100,30,59,140,54,86,5,0.3857,0.9153,0.3724
4,clab-nebula-serf100,35,89,156,88,68,1,0.5641,0.9888,0.5605
4,clab-nebula-serf100,40,137,161,137,24,0,0.8509,1.0000,0.8509
4,clab-nebula-serf100,45,150,161,150,11,0,0.9317,1.0000,0.9317
4,clab-nebula-serf100,50,159,161,159,2,0,0.9876,1.0000,0.9876
4,clab-nebula-serf100,55,160,161,160,1,0,0.9938,1.0000,0.9938
4,clab-nebula-serf100,60,161,161,161,0,0,1.0000,1.0000,1.0000
4,clab-nebula-serf105,5,1,7,1,6,0,0.1429,1.0000,0.1429
4,clab-nebula-serf105,10,3,7,3,4,0,0.4286,1.0000,0.4286
4,clab-nebula-serf105,15,8,7,6,1,2,0.8571,0.7500,0.6667
4,clab-nebula-serf105,20,25,7,7,0,18,1.0000,0.2800,0.2800
4,clab-nebula-serf105,25,54,7,7,0,47,1.0000,0.1296,0.1296
4,clab-nebula-serf105,30,86,66,43,23,43,0.6515,0.5000,0.3945
4,clab-nebula-serf105,35,123,103,79,24,44,0.7670,0.6423,0.5374
4,clab-nebula-serf105,40,145,161,145,16,0,0.9006,1.0000,0.9006
4,clab-nebula-serf105,45,153,161,153,8,0,0.9503,1.0000,0.9503
4,clab-nebula-serf105,50,155,161,155,6,0,0.9627,1.0000,0.9627
4,clab-nebula-serf105,55,160,161,160,1,0,0.9938,1.0000,0.9938
4,clab-nebula-serf105,60,161,161,161,0,0,1.0000,1.0000,1.0000
4,clab-nebula-serf110,5,0,7,0,7,0,0.0000,0.0000,0.0000
4,clab-nebula-serf110,10,0,7,0,7,0,0.0000,0.0000,0.0000
4,clab-nebula-serf110,15,2,7,2,5,0,0.2857,1.0000,0.2857
4,clab-nebula-serf110,20,7,7,6,1,1,0.8571,0.8571,0.7500
4,clab-nebula-serf110,25,15,7,7,0,8,1.0000,0.4667,0.4667
4,clab-nebula-serf110,30,37,7,7,0,30,1.0000,0.1892,0.1892
4,clab-nebula-serf110,35,69,34,15,19,54,0.4412,0.2174,0.1705
4,clab-nebula-serf110,40,107,78,57,21,50,0.7308,0.5327,0.4453
4,clab-nebula-serf110,45,143,149,133,16,10,0.8926,0.9301,0.8365
4,clab-nebula-serf110,50,148,161,148,13,0,0.9193,1.0000,0.9193
4,clab-nebula-serf110,55,154,161,154,7,0,0.9565,1.0000,0.9565
4,clab-nebula-serf110,60,157,161,157,4,0,0.9752,1.0000,0.9752
4,clab-nebula-serf115,5,0,0,0,0,0,1.0000,1.0000,1.0000
4,clab-nebula-serf115,10,0,0,0,0,0,1.0000,1.0000,1.0000
4,clab-nebula-serf115,15,0,0,0,0,0,1.0000,1.0000,1.0000
4,clab-nebula-serf115,20,0,0,0,0,0,1.0000,1.0000,1.0000
4,clab-nebula-serf115,25,0,0,0,0,0,1.0000,1.0000,1.0000
4,clab-nebula-serf115,30,0,0,0,0,0,1.0000,1.0000,1.0000
4,clab-nebula-serf115,35,1,0,0,0,1,0.0000,0.0000,0.0000
4,clab-nebula-serf115,40,3,4,1,3,2,0.2500,0.3333,0.1667
4,clab-nebula-serf115,45,6,8,1,7,5,0.1250,0.1667,0.0769
4,clab-nebula-serf115,50,23,61,15,46,8,0.2459,0.6522,0.2174
4,clab-nebula-serf115,55,57,88,48,40,9,0.5455,0.8421,0.4948
4,clab-nebula-serf115,60,103,161,103,58,0,0.6398,1.0000,0.6398
4,clab-nebula-serf120,5,2,0,0,0,2,0.0000,0.0000,0.0000
4,clab-nebula-serf120,10,2,0,0,0,2,0.0000,0.0000,0.0000
4,clab-nebula-serf120,15,2,0,0,0,2,0.0000,0.0000,0.0000
4,clab-nebula-serf120,20,2,3,2,1,0,0.6667,1.0000,0.6667
4,clab-nebula-serf120,25,2,61,2,59,0,0.0328,1.0000,0.0328
4,clab-nebula-serf120,30,3,88,3,85,0,0.0341,1.0000,0.0341
4,clab-nebula-serf120,35,3,161,3,158,0,0.0186,1.0000,0.0186
4,clab-nebula-serf120,40,3,161,3,158,0,0.0186,1.0000,0.0186
4,clab-nebula-serf120,45,5,161,5,156,0,0.0311,1.0000,0.0311
4,clab-nebula-serf120,50,14,161,14,147,0,0.0870,1.0000,0.0870
4,clab-nebula-serf120,55,24,161,24,137,0,0.1491,1.0000,0.1491
4,clab-nebula-serf120,60,48,161,48,113,0,0.2981,1.0000,0.2981
4,clab-nebula-serf125,5,0,1,0,1,0,0.0000,0.0000,0.0000
4,clab-nebula-serf125,10,3,1,1,0,2,1.0000,0.3333,0.3333
4,clab-nebula-serf125,15,12,1,1,0,11,1.0000,0.0833,0.0833
4,clab-nebula-serf125,20,45,1,1,0,44,1.0000,0.0222,0.0222
4,clab-nebula-serf125,25,58,69,38,31,20,0.5507,0.6552,0.4270
4,clab-nebula-serf125,30,84,135,74,61,10,0.5481,0.8810,0.5103
4,clab-nebula-serf125,35,112,161,112,49,0,0.6957,1.0000,0.6957
4,clab-nebula-serf125,40,137,161,137,24,0,0.8509,1.0000,0.8509
4,clab-nebula-serf125,45,146,161,146,15,0,0.9068,1.0000,0.9068
4,clab-nebula-serf125,50,155,161,155,6,0,0.9627,1.0000,0.9627
4,clab-nebula-serf125,55,161,161,161,0,0,1.0000,1.0000,1.0000
4,clab-nebula-serf125,60,161,161,161,0,0,1.0000,1.0000,1.0000
4,clab-nebula-serf130,5,0,7,0,7,0,0.0000,0.0000,0.0000
4,clab-nebula-serf130,10,0,7,0,7,0,0.0000,0.0000,0.0000
4,clab-nebula-serf130,15,0,7,0,7,0,0.0000,0.0000,0.0000
4,clab-nebula-serf130,20,13,7,6,1,7,0.8571,0.4615,0.4286
4,clab-nebula-serf130,25,14,7,7,0,7,1.0000,0.5000,0.5000
4,clab-nebula-serf130,30,24,7,7,0,17,1.0000,0.2917,0.2917
4,clab-nebula-serf130,35,41,68,31,37,10,0.4559,0.7561,0.3974
4,clab-nebula-serf130,40,53,83,43,40,10,0.5181,0.8113,0.4624
4,clab-nebula-serf130,45,84,161,84,77,0,0.5217,1.0000,0.5217
4,clab-nebula-serf130,50,111,161,111,50,0,0.6894,1.0000,0.6894
4,clab-nebula-serf130,55,136,161,136,25,0,0.8447,1.0000,0.8447
4,clab-nebula-serf130,60,146,161,146,15,0,0.9068,1.0000,0.9068
4,clab-nebula-serf135,5,0,1,0,1,0,0.0000,0.0000,0.0000
4,clab-nebula-serf135,10,0,1,0,1,0,0.0000,0.0000,0.0000
4,clab-nebula-serf135,15,1,1,0,1,1,0.0000,0.0000,0.0000
4,clab-nebula-serf135,20,14,1,1,0,13,1.0000,0.0714,0.0714
4,clab-nebula-serf135,25,15,1,1,0,14,1.0000,0.0667,0.0667
4,clab-nebula-serf135,30,25,25,20,5,5,0.8000,0.8000,0.6667
4,clab-nebula-serf135,35,42,80,32,48,10,0.4000,0.7619,0.3556
4,clab-nebula-serf135,40,54,149,44,105,10,0.2953,0.8148,0.2767
4,clab-nebula-serf135,45,91,161,91,70,0,0.5652,1.0000,0.5652
4,clab-nebula-serf135,50,112,161,112,49,0,0.6957,1.0000,0.6957
4,clab-nebula-serf135,55,137,161,137,24,0,0.8509,1.0000,0.8509
4,clab-nebula-serf135,60,146,161,146,15,0,0.9068,1.0000,0.9068
4,clab-nebula-serf140,5,0,7,0,7,0,0.0000,0.0000,0.0000
4,clab-nebula-serf140,10,0,7,0,7,0,0.0000,0.0000,0.0000
4,clab-nebula-serf140,15,0,7,0,7,0,0.0000,0.0000,0.0000
4,clab-nebula-serf140,20,13,7,6,1,7,0.8571,0.4615,0.4286
4,clab-nebula-serf140,25,14,7,7,0,7,1.0000,0.5000,0.5000
4,clab-nebula-serf140,30,25,7,7,0,18,1.0000,0.2800,0.2800
4,clab-nebula-serf140,35,39,68,29,39,10,0.4265,0.7436,0.3718
4,clab-nebula-serf140,40,52,83,42,41,10,0.5060,0.8077,0.4516
4,clab-nebula-serf140,45,82,161,82,79,0,0.5093,1.0000,0.5093
4,clab-nebula-serf140,50,108,161,108,53,0,0.6708,1.0000,0.6708
4,clab-nebula-serf140,55,136,161,136,25,0,0.8447,1.0000,0.8447
4,clab-nebula-serf140,60,145,161,145,16,0,0.9006,1.0000,0.9006
4,clab-nebula-serf145,5,0,1,0,1,0,0.0000,0.0000,0.0000
4,clab-nebula-serf145,10,0,1,0,1,0,0.0000,0.0000,0.0000
4,clab-nebula-serf145,15,1,1,1,0,0,1.0000,1.0000,1.0000
4,clab-nebula-serf145,20,5,1,1,0,4,1.0000,0.2000,0.2000
4,clab-nebula-serf145,25,7,1,1,0,6,1.0000,0.1429,0.1429
4,clab-nebula-serf145,30,15,1,1,0,14,1.0000,0.0667,0.0667
4,clab-nebula-serf145,35,37,68,30,38,7,0.4412,0.8108,0.4000
4,clab-nebula-serf145,40,56,103,46,57,10,0.4466,0.8214,0.4071
4,clab-nebula-serf145,45,66,161,66,95,0,0.4099,1.0000,0.4099
4,clab-nebula-serf145,50,104,161,104,57,0,0.6460,1.0000,0.6460
4,clab-nebula-serf145,55,130,161,130,31,0,0.8075,1.0000,0.8075
4,clab-nebula-serf145,60,145,161,145,16,0,0.9006,1.0000,0.9006
4,clab-nebula-serf150,5,0,0,0,0,0,1.0000,1.0000,1.0000
4,clab-nebula-serf150,10,0,0,0,0,0,1.0000,1.0000,1.0000
4,clab-nebula-serf150,15,1,0,0,0,1,0.0000,0.0000,0.0000
4,clab-nebula-serf150,20,9,0,0,0,9,0.0000,0.0000,0.0000
4,clab-nebula-serf150,25,17,0,0,0,17,0.0000,0.0000,0.0000
4,clab-nebula-serf150,30,23,52,9,43,14,0.1731,0.3913,0.1364
4,clab-nebula-serf150,35,42,83,11,72,31,0.1325,0.2619,0.0965
4,clab-nebula-serf150,40,54,140,54,86,0,0.3857,1.0000,0.3857
4,clab-nebula-serf150,45,79,156,78,78,1,0.5000,0.9873,0.4968
4,clab-nebula-serf150,50,117,161,117,44,0,0.7267,1.0000,0.7267
4,clab-nebula-serf150,55,141,161,141,20,0,0.8758,1.0000,0.8758
4,clab-nebula-serf150,60,152,161,152,9,0,0.9441,1.0000,0.9441
4,clab-nebula-serf155,5,0,6,0,6,0,0.0000,0.0000,0.0000
4,clab-nebula-serf155,10,0,6,0,6,0,0.0000,0.0000,0.0000
4,clab-nebula-serf155,15,1,6,1,5,0,0.1667,1.0000,0.1667
4,clab-nebula-serf155,20,11,6,5,1,6,0.8333,0.4545,0.4167
4,clab-nebula-serf155,25,14,6,6,0,8,1.0000,0.4286,0.4286
4,clab-nebula-serf155,30,24,6,6,0,18,1.0000,0.2500,0.2500
4,clab-nebula-serf155,35,43,72,9,63,34,0.1250,0.2093,0.0849
4,clab-nebula-serf155,40,56,83,17,66,39,0.2048,0.3036,0.1393
4,clab-nebula-serf155,45,82,140,79,61,3,0.5643,0.9634,0.5524
4,clab-nebula-serf155,50,117,156,116,40,1,0.7436,0.9915,0.7389
4,clab-nebula-serf155,55,137,161,137,24,0,0.8509,1.0000,0.8509
4,clab-nebula-serf155,60,150,161,150,11,0,0.9317,1.0000,0.9317
4,clab-nebula-serf160,5,4,3,3,0,1,1.0000,0.7500,0.7500
4,clab-nebula-serf160,10,4,3,3,0,1,1.0000,0.7500,0.7500
4,clab-nebula-serf160,15,5,3,3,0,2,1.0000,0.6000,0.6000
4,clab-nebula-serf160,20,10,3,3,0,7,1.0000,0.3000,0.3000
4,clab-nebula-serf160,25,25,65,18,47,7,0.2769,0.7200,0.2500
4,clab-nebula-serf160,30,37,83,27,56,10,0.3253,0.7297,0.2903
4,clab-nebula-serf160,35,43,161,43,118,0,0.2671,1.0000,0.2671
4,clab-nebula-serf160,40,58,161,58,103,0,0.3602,1.0000,0.3602
4,clab-nebula-serf160,45,82,161,82,79,0,0.5093,1.0000,0.5093
4,clab-nebula-serf160,50,118,161,118,43,0,0.7329,1.0000,0.7329
4,clab-nebula-serf160,55,139,161,139,22,0,0.8634,1.0000,0.8634
4,clab-nebula-serf160,60,149,161,149,12,0,0.9255,1.0000,0.9255
6,clab-nebula-serf1,5,0,0,0,0,0,1.0000,1.0000,1.0000
6,clab-nebula-serf1,10,6,0,0,0,6,0.0000,0.0000,0.0000
6,clab-nebula-serf1,15,12,0,0,0,12,0.0000,0.0000,0.0000
6,clab-nebula-serf1,20,19,72,19,53,0,0.2639,1.0000,0.2639
6,clab-nebula-serf1,25,37,83,34,49,3,0.4096,0.9189,0.3953
6,clab-nebula-serf1,30,74,148,69,79,5,0.4662,0.9324,0.4510
6,clab-nebula-serf1,35,91,156,89,67,2,0.5705,0.9780,0.5633
6,clab-nebula-serf1,40,107,161,107,54,0,0.6646,1.0000,0.6646
6,clab-nebula-serf1,45,117,161,117,44,0,0.7267,1.0000,0.7267
6,clab-nebula-serf1,50,121,161,121,40,0,0.7516,1.0000,0.7516
6,clab-nebula-serf1,55,133,161,133,28,0,0.8261,1.0000,0.8261
6,clab-nebula-serf1,60,153,161,153,8,0,0.9503,1.0000,0.9503
6,clab-nebula-serf5,5,0,0,0,0,0,1.0000,1.0000,1.0000
6,clab-nebula-serf5,10,3,0,0,0,3,0.0000,0.0000,0.0000
6,clab-nebula-serf5,15,7,0,0,0,7,0.0000,0.0000,0.0000
6,clab-nebula-serf5,20,14,72,14,58,0,0.1944,1.0000,0.1944
6,clab-nebula-serf5,25,19,83,19,64,0,0.2289,1.0000,0.2289
6,clab-nebula-serf5,30,46,140,42,98,4,0.3000,0.9130,0.2917
6,clab-nebula-serf5,35,80,156,79,77,1,0.5064,0.9875,0.5032
6,clab-nebula-serf5,40,92,161,92,69,0,0.5714,1.0000,0.5714
6,clab-nebula-serf5,45,108,161,108,53,0,0.6708,1.0000,0.6708
6,clab-nebula-serf5,50,118,161,118,43,0,0.7329,1.0000,0.7329
6,clab-nebula-serf5,55,121,161,121,40,0,0.7516,1.0000,0.7516
6,clab-nebula-serf5,60,143,161,143,18,0,0.8882,1.0000,0.8882
6,clab-nebula-serf10,5,1,0,0,0,1,0.0000,0.0000,0.0000
6,clab-nebula-serf10,10,9,0,0,0,9,0.0000,0.0000,0.0000
6,clab-nebula-serf10,15,20,0,0,0,20,0.0000,0.0000,0.0000
6,clab-nebula-serf10,20,40,0,0,0,40,0.0000,0.0000,0.0000
6,clab-nebula-serf10,25,71,42,38,4,33,0.9048,0.5352,0.5067
6,clab-nebula-serf10,30,88,82,57,25,31,0.6951,0.6477,0.5044
6,clab-nebula-serf10,35,103,137,89,48,14,0.6496,0.8641,0.5894
6,clab-nebula-serf10,40,120,156,117,39,3,0.7500,0.9750,0.7358
6,clab-nebula-serf10,45,121,159,121,38,0,0.7610,1.0000,0.7610
6,clab-nebula-serf10,50,129,161,129,32,0,0.8012,1.0000,0.8012
6,clab-nebula-serf10,55,153,161,153,8,0,0.9503,1.0000,0.9503
6,clab-nebula-serf10,60,156,161,156,5,0,0.9689,1.0000,0.9689
6,clab-nebula-serf15,5,1,0,0,0,1,0.0000,0.0000,0.0000
6,clab-nebula-serf15,10,14,0,0,0,14,0.0000,0.0000,0.0000
6,clab-nebula-serf15,15,32,0,0,0,32,0.0000,0.0000,0.0000
6,clab-nebula-serf15,20,68,0,0,0,68,0.0000,0.0000,0.0000
6,clab-nebula-serf15,25,88,39,38,1,50,0.9744,0.4318,0.4270
6,clab-nebula-serf15,30,100,82,61,21,39,0.7439,0.6100,0.5041
6,clab-nebula-serf15,35,117,140,103,37,14,0.7357,0.8803,0.6688
6,clab-nebula-serf15,40,121,156,118,38,3,0.7564,0.9752,0.7421
6,clab-nebula-serf15,45,124,159,124,35,0,0.7799,1.0000,0.7799
6,clab-nebula-serf15,50,151,161,151,10,0,0.9379,1.0000,0.9379
6,clab-nebula-serf15,55,154,161,154,7,0,0.9565,1.0000,0.9565
6,clab-nebula-serf15,60,158,161,158,3,0,0.9814,1.0000,0.9814
6,clab-nebula-serf20,5,2,0,0,0,2,0.0000,0.0000,0.0000
6,clab-nebula-serf20,10,4,0,0,0,4,0.0000,0.0000,0.0000
6,clab-nebula-serf20,15,15,0,0,0,15,0.0000,0.0000,0.0000
6,clab-nebula-serf20,20,26,0,0,0,26,0.0000,0.0000,0.0000
6,clab-nebula-serf20,25,46,0,0,0,46,0.0000,0.0000,0.0000
6,clab-nebula-serf20,30,80,82,55,27,25,0.6707,0.6875,0.5140
6,clab-nebula-serf20,35,93,137,79,58,14,0.5766,0.8495,0.5232
6,clab-nebula-serf20,40,102,156,99,57,3,0.6346,0.9706,0.6226
6,clab-nebula-serf20,45,118,159,118,41,0,0.7421,1.0000,0.7421
6,clab-nebula-serf20,50,124,161,124,37,0,0.7702,1.0000,0.7702
6,clab-nebula-serf20,55,129,161,129,32,0,0.8012,1.0000,0.8012
6,clab-nebula-serf20,60,154,161,154,7,0,0.9565,1.0000,0.9565
6,clab-nebula-serf25,5,0,0,0,0,0,1.0000,1.0000,1.0000
6,clab-nebula-serf25,10,4,0,0,0,4,0.0000,0.0000,0.0000
6,clab-nebula-serf25,15,12,0,0,0,12,0.0000,0.0000,0.0000
6,clab-nebula-serf25,20,28,0,0,0,28,0.0000,0.0000,0.0000
6,clab-nebula-serf25,25,44,0,0,0,44,0.0000,0.0000,0.0000
6,clab-nebula-serf25,30,81,62,55,7,26,0.8871,0.6790,0.6250
6,clab-nebula-serf25,35,93,99,77,22,16,0.7778,0.8280,0.6696
6,clab-nebula-serf25,40,102,152,99,53,3,0.6513,0.9706,0.6387
6,clab-nebula-serf25,45,119,156,116,40,3,0.7436,0.9748,0.7296
6,clab-nebula-serf25,50,124,161,124,37,0,0.7702,1.0000,0.7702
6,clab-nebula-serf25,55,127,161,127,34,0,0.7888,1.0000,0.7888
6,clab-nebula-serf25,60,154,161,154,7,0,0.9565,1.0000,0.9565
6,clab-nebula-serf30,5,1,0,0,0,1,0.0000,0.0000,0.0000
6,clab-nebula-serf30,10,13,0,0,0,13,0.0000,0.0000,0.0000
6,clab-nebula-serf30,15,28,0,0,0,28,0.0000,0.0000,0.0000
6,clab-nebula-serf30,20,45,0,0,0,45,0.0000,0.0000,0.0000
6,clab-nebula-serf30,25,81,64,55,9,26,0.8594,0.6790,0.6111
6,clab-nebula-serf30,30,93,99,77,22,16,0.7778,0.8280,0.6696
6,clab-nebula-serf30,35,102,152,99,53,3,0.6513,0.9706,0.6387
6,clab-nebula-serf30,40,119,157,117,40,2,0.7452,0.9832,0.7358
6,clab-nebula-serf30,45,124,161,124,37,0,0.7702,1.0000,0.7702
6,clab-nebula-serf30,50,128,161,128,33,0,0.7950,1.0000,0.7950
6,clab-nebula-serf30,55,154,161,154,7,0,0.9565,1.0000,0.9565
6,clab-nebula-serf30,60,154,161,154,7,0,0.9565,1.0000,0.9565
6,clab-nebula-serf35,5,0,0,0,0,0,1.0000,1.0000,1.0000
6,clab-nebula-serf35,10,1,0,0,0,1,0.0000,0.0000,0.0000
6,clab-nebula-serf35,15,7,0,0,0,7,0.0000,0.0000,0.0000
6,clab-nebula-serf35,20,26,0,0,0,26,0.0000,0.0000,0.0000
6,clab-nebula-serf35,25,63,0,0,0,63,0.0000,0.0000,0.0000
6,clab-nebula-serf35,30,85,0,0,0,85,0.0000,0.0000,0.0000
6,clab-nebula-serf35,35,95,75,60,15,35,0.8000,0.6316,0.5455
6,clab-nebula-serf35,40,111,111,90,21,21,0.8108,0.8108,0.6818
6,clab-nebula-serf35,45,121,152,118,34,3,0.7763,0.9752,0.7613
6,clab-nebula-serf35,50,124,159,124,35,0,0.7799,1.0000,0.7799
6,clab-nebula-serf35,55,145,161,145,16,0,0.9006,1.0000,0.9006
6,clab-nebula-serf35,60,154,161,154,7,0,0.9565,1.0000,0.9565
6,clab-nebula-serf40,5,0,0,0,0,0,1.0000,1.0000,1.0000
6,clab-nebula-serf40,10,1,0,0,0,1,0.0000,0.0000,0.0000
6,clab-nebula-serf40,15,11,0,0,0,11,0.0000,0.0000,0.0000
6,clab-nebula-serf40,20,35,0,0,0,35,0.0000,0.0000,0.0000
6,clab-nebula-serf40,25,71,0,0,0,71,0.0000,0.0000,0.0000
6,clab-nebula-serf40,30,87,0,0,0,87,0.0000,0.0000,0.0000
6,clab-nebula-serf40,35,98,82,59,23,39,0.7195,0.6020,0.4876
6,clab-nebula-serf40,40,118,137,100,37,18,0.7299,0.8475,0.6452
6,clab-nebula-serf40,45,122,153,119,34,3,0.7778,0.9754,0.7628
6,clab-nebula-serf40,50,126,159,126,33,0,0.7925,1.0000,0.7925
6,clab-nebula-serf40,55,153,161,153,8,0,0.9503,1.0000,0.9503
6,clab-nebula-serf40,60,154,161,154,7,0,0.9565,1.0000,0.9565
6,clab-nebula-serf45,5,2,0,0,0,2,0.0000,0.0000,0.0000
6,clab-nebula-serf45,10,8,0,0,0,8,0.0000,0.0000,0.0000
6,clab-nebula-serf45,15,22,0,0,0,22,0.0000,0.0000,0.0000
6,clab-nebula-serf45,20,40,0,0,0,40,0.0000,0.0000,0.0000
6,clab-nebula-serf45,25,80,19,19,0,61,1.0000,0.2375,0.2375
6,clab-nebula-serf45,30,90,83,58,25,32,0.6988,0.6444,0.5043
6,clab-nebula-serf45,35,118,140,103,37,15,0.7357,0.8729,0.6645
6,clab-nebula-serf45,40,121,156,118,38,3,0.7564,0.9752,0.7421
6,clab-nebula-serf45,45,124,161,124,37,0,0.7702,1.0000,0.7702
6,clab-nebula-serf45,50,145,161,145,16,0,0.9006,1.0000,0.9006
6,clab-nebula-serf45,55,154,161,154,7,0,0.9565,1.0000,0.9565
6,clab-nebula-serf45,60,155,161,155,6,0,0.9627,1.0000,0.9627
6,clab-nebula-serf50,5,3,0,0,0,3,0.0000,0.0000,0.0000
6,clab-nebula-serf50,10,8,0,0,0,8,0.0000,0.0000,0.0000
6,clab-nebula-serf50,15,23,0,0,0,23,0.0000,0.0000,0.0000
6,clab-nebula-serf50,20,41,0,0,0,41,0.0000,0.0000,0.0000
6,clab-nebula-serf50,25,81,19,19,0,62,1.0000,0.2346,0.2346
6,clab-nebula-serf50,30,93,83,59,24,34,0.7108,0.6344,0.5043
6,clab-nebula-serf50,35,118,140,103,37,15,0.7357,0.8729,0.6645
6,clab-nebula-serf50,40,122,156,119,37,3,0.7628,0.9754,0.7484
6,clab-nebula-serf50,45,125,161,125,36,0,0.7764,1.0000,0.7764
6,clab-nebula-serf50,50,153,161,153,8,0,0.9503,1.0000,0.9503
6,clab-nebula-serf50,55,154,161,154,7,0,0.9565,1.0000,0.9565
6,clab-nebula-serf50,60,156,161,156,5,0,0.9689,1.0000,0.9689
6,clab-nebula-serf55,5,0,0,0,0,0,1.0000,1.0000,1.0000
6,clab-nebula-serf55,10,9,0,0,0,9,0.0000,0.0000,0.0000
6,clab-nebula-serf55,15,23,0,0,0,23,0.0000,0.0000,0.0000
6,clab-nebula-serf55,20,64,0,0,0,64,0.0000,0.0000,0.0000
6,clab-nebula-serf55,25,83,0,0,0,83,0.0000,0.0000,0.0000
6,clab-nebula-serf55,30,96,72,58,14,38,0.8056,0.6042,0.5273
6,clab-nebula-serf55,35,119,99,88,11,31,0.8889,0.7395,0.6769
6,clab-nebula-serf55,40,121,152,118,34,3,0.7763,0.9752,0.7613
6,clab-nebula-serf55,45,126,156,123,33,3,0.7885,0.9762,0.7736
6,clab-nebula-serf55,50,153,161,153,8,0,0.9503,1.0000,0.9503
6,clab-nebula-serf55,55,154,161,154,7,0,0.9565,1.0000,0.9565
6,clab-nebula-serf55,60,157,161,157,4,0,0.9752,1.0000,0.9752
6,clab-nebula-serf60,5,4,0,0,0,4,0.0000,0.0000,0.0000
6,clab-nebula-serf60,10,10,0,0,0,10,0.0000,0.0000,0.0000
6,clab-nebula-serf60,15,42,0,0,0,42,0.0000,0.0000,0.0000
6,clab-nebula-serf60,20,70,0,0,0,70,0.0000,0.0000,0.0000
6,clab-nebula-serf60,25,87,0,0,0,87,0.0000,0.0000,0.0000
6,clab-nebula-serf60,30,111,82,67,15,44,0.8171,0.6036,0.5317
6,clab-nebula-serf60,35,120,137,103,34,17,0.7518,0.8583,0.6688
6,clab-nebula-serf60,40,124,156,121,35,3,0.7756,0.9758,0.7610
6,clab-nebula-serf60,45,143,159,143,16,0,0.8994,1.0000,0.8994
6,clab-nebula-serf60,50,154,161,154,7,0,0.9565,1.0000,0.9565
6,clab-nebula-serf60,55,154,161,154,7,0,0.9565,1.0000,0.9565
6,clab-nebula-serf60,60,158,161,158,3,0,0.9814,1.0000,0.9814
6,clab-nebula-serf65,5,0,0,0,0,0,1.0000,1.0000,1.0000
6,clab-nebula-serf65,10,0,0,0,0,0,1.0000,1.0000,1.0000
6,clab-nebula-serf65,15,0,0,0,0,0,1.0000,1.0000,1.0000
6,clab-nebula-serf65,20,23,0,0,0,23,0.0000,0.0000,0.0000
6,clab-nebula-serf65,25,62,0,0,0,62,0.0000,0.0000,0.0000
6,clab-nebula-serf65,30,95,24,23,1,72,0.9583,0.2421,0.2396
6,clab-nebula-serf65,35,115,142,113,29,2,0.7958,0.9826,0.7847
6,clab-nebula-serf65,40,122,156,119,37,3,0.7628,0.9754,0.7484
6,clab-nebula-serf65,45,126,161,126,35,0,0.7826,1.0000,0.7826
6,clab-nebula-serf65,50,152,161,152,9,0,0.9441,1.0000,0.9441
6,clab-nebula-serf65,55,154,161,154,7,0,0.9565,1.0000,0.9565
6,clab-nebula-serf65,60,155,161,155,6,0,0.9627,1.0000,0.9627
6,clab-nebula-serf70,5,3,0,0,0,3,0.0000,0.0000,0.0000
6,clab-nebula-serf70,10,19,0,0,0,19,0.0000,0.0000,0.0000
6,clab-nebula-serf70,15,36,0,0,0,36,0.0000,0.0000,0.0000
6,clab-nebula-serf70,20,66,0,0,0,66,0.0000,0.0000,0.0000
6,clab-nebula-serf70,25,87,29,27,2,60,0.9310,0.3103,0.3034
6,clab-nebula-serf70,30,110,82,63,19,47,0.7683,0.5727,0.4884
6,clab-nebula-serf70,35,119,137,102,35,17,0.7445,0.8571,0.6623
6,clab-nebula-serf70,40,124,156,122,34,2,0.7821,0.9839,0.7722
6,clab-nebula-serf70,45,147,159,147,12,0,0.9245,1.0000,0.9245
6,clab-nebula-serf70,50,154,161,154,7,0,0.9565,1.0000,0.9565
6,clab-nebula-serf70,55,158,161,158,3,0,0.9814,1.0000,0.9814
6,clab-nebula-serf70,60,161,161,161,0,0,1.0000,1.0000,1.0000
6,clab-nebula-serf75,5,0,0,0,0,0,1.0000,1.0000,1.0000
6,clab-nebula-serf75,10,7,0,0,0,7,0.0000,0.0000,0.0000
6,clab-nebula-serf75,15,26,0,0,0,26,0.0000,0.0000,0.0000
6,clab-nebula-serf75,20,41,0,0,0,41,0.0000,0.0000,0.0000
6,clab-nebula-serf75,25,76,0,0,0,76,0.0000,0.0000,0.0000
6,clab-nebula-serf75,30,100,34,25,9,75,0.7353,0.2500,0.2294
6,clab-nebula-serf75,35,115,99,73,26,42,0.7374,0.6348,0.5177
6,clab-nebula-serf75,40,122,159,122,37,0,0.7673,1.0000,0.7673
6,clab-nebula-serf75,45,135,161,135,26,0,0.8385,1.0000,0.8385
6,clab-nebula-serf75,50,154,161,154,7,0,0.9565,1.0000,0.9565
6,clab-nebula-serf75,55,155,161,155,6,0,0.9627,1.0000,0.9627
6,clab-nebula-serf75,60,158,161,158,3,0,0.9814,1.0000,0.9814
6,clab-nebula-serf80,5,0,0,0,0,0,1.0000,1.0000,1.0000
6,clab-nebula-serf80,10,14,0,0,0,14,0.0000,0.0000,0.0000
6,clab-nebula-serf80,15,32,0,0,0,32,0.0000,0.0000,0.0000
6,clab-nebula-serf80,20,55,0,0,0,55,0.0000,0.0000,0.0000
6,clab-nebula-serf80,25,84,0,0,0,84,0.0000,0.0000,0.0000
6,clab-nebula-serf80,30,110,67,42,25,68,0.6269,0.3818,0.3111
6,clab-nebula-serf80,35,120,146,118,28,2,0.8082,0.9833,0.7973
6,clab-nebula-serf80,40,127,161,127,34,0,0.7888,1.0000,0.7888
6,clab-nebula-serf80,45,152,161,152,9,0,0.9441,1.0000,0.9441
6,clab-nebula-serf80,50,154,161,154,7,0,0.9565,1.0000,0.9565
6,clab-nebula-serf80,55,156,161,156,5,0,0.9689,1.0000,0.9689
6,clab-nebula-serf80,60,159,161,159,2,0,0.9876,1.0000,0.9876
6,clab-nebula-serf85,5,0,0,0,0,0,1.0000,1.0000,1.0000
6,clab-nebula-serf85,10,4,0,0,0,4,0.0000,0.0000,0.0000
6,clab-nebula-serf85,15,19,0,0,0,19,0.0000,0.0000,0.0000
6,clab-nebula-serf85,20,35,0,0,0,35,0.0000,0.0000,0.0000
6,clab-nebula-serf85,25,57,0,0,0,57,0.0000,0.0000,0.0000
6,clab-nebula-serf85,30,82,56,18,38,64,0.3214,0.2195,0.1500
6,clab-nebula-serf85,35,111,87,53,34,58,0.6092,0.4775,0.3655
6,clab-nebula-serf85,40,119,151,119,32,0,0.7881,1.0000,0.7881
6,clab-nebula-serf85,45,134,161,134,27,0,0.8323,1.0000,0.8323
6,clab-nebula-serf85,50,149,161,149,12,0,0.9255,1.0000,0.9255
6,clab-nebula-serf85,55,154,161,154,7,0,0.9565,1.0000,0.9565
6,clab-nebula-serf85,60,157,161,157,4,0,0.9752,1.0000,0.9752
6,clab-nebula-serf90,5,2,0,0,0,2,0.0000,0.0000,0.0000
6,clab-nebula-serf90,10,9,0,0,0,9,0.0000,0.0000,0.0000
6,clab-nebula-serf90,15,30,0,0,0,30,0.0000,0.0000,0.0000
6,clab-nebula-serf90,20,49,0,0,0,49,0.0000,0.0000,0.0000
6,clab-nebula-serf90,25,78,0,0,0,78,0.0000,0.0000,0.0000
6,clab-nebula-serf90,30,101,72,41,31,60,0.5694,0.4059,0.3106
6,clab-nebula-serf90,35,119,88,57,31,62,0.6477,0.4790,0.3800
6,clab-nebula-serf90,40,122,161,122,39,0,0.7578,1.0000,0.7578
6,clab-nebula-serf90,45,137,161,137,24,0,0.8509,1.0000,0.8509
6,clab-nebula-serf90,50,154,161,154,7,0,0.9565,1.0000,0.9565
6,clab-nebula-serf90,55,155,161,155,6,0,0.9627,1.0000,0.9627
6,clab-nebula-serf90,60,159,161,159,2,0,0.9876,1.0000,0.9876
6,clab-nebula-serf95,5,0,0,0,0,0,1.0000,1.0000,1.0000
6,clab-nebula-serf95,10,10,0,0,0,10,0.0000,0.0000,0.0000
6,clab-nebula-serf95,15,30,0,0,0,30,0.0000,0.0000,0.0000
6,clab-nebula-serf95,20,50,0,0,0,50,0.0000,0.0000,0.0000
6,clab-nebula-serf95,25,80,0,0,0,80,0.0000,0.0000,0.0000
6,clab-nebula-serf95,30,104,72,42,30,62,0.5833,0.4038,0.3134
6,clab-nebula-serf95,35,119,88,57,31,62,0.6477,0.4790,0.3800
6,clab-nebula-serf95,40,124,161,124,37,0,0.7702,1.0000,0.7702
6,clab-nebula-serf95,45,142,161,142,19,0,0.8820,1.0000,0.8820
6,clab-nebula-serf95,50,154,161,154,7,0,0.9565,1.0000,0.9565
6,clab-nebula-serf95,55,154,161,154,7,0,0.9565,1.0000,0.9565
6,clab-nebula-serf95,60,159,161,159,2,0,0.9876,1.0000,0.9876
6,clab-nebula-serf100,5,6,0,0,0,6,0.0000,0.0000,0.0000
6,clab-nebula-serf100,10,7,0,0,0,7,0.0000,0.0000,0.0000
6,clab-nebula-serf100,15,8,0,0,0,8,0.0000,0.0000,0.0000
6,clab-nebula-serf100,20,14,0,0,0,14,0.0000,0.0000,0.0000
6,clab-nebula-serf100,25,25,10,9,1,16,0.9000,0.3600,0.3462
6,clab-nebula-serf100,30,59,140,54,86,5,0.3857,0.9153,0.3724
6,clab-nebula-serf100,35,89,156,88,68,1,0.5641,0.9888,0.5605
6,clab-nebula-serf100,40,137,161,137,24,0,0.8509,1.0000,0.8509
6,clab-nebula-serf100,45,150,161,150,11,0,0.9317,1.0000,0.9317
6,clab-nebula-serf100,50,159,161,159,2,0,0.9876,1.0000,0.9876
6,clab-nebula-serf100,55,160,161,160,1,0,0.9938,1.0000,0.9938
6,clab-nebula-serf100,60,161,161,161,0,0,1.0000,1.0000,1.0000
6,clab-nebula-serf105,5,1,0,0,0,1,0.0000,0.0000,0.0000
6,clab-nebula-serf105,10,3,0,0,0,3,0.0000,0.0000,0.0000
6,clab-nebula-serf105,15,8,0,0,0,8,0.0000,0.0000,0.0000
6,clab-nebula-serf105,20,25,0,0,0,25,0.0000,0.0000,0.0000
6,clab-nebula-serf105,25,54,0,0,0,54,0.0000,0.0000,0.0000
6,clab-nebula-serf105,30,86,65,42,23,44,0.6462,0.4884,0.3853
6,clab-nebula-serf105,35,123,103,79,24,44,0.7670,0.6423,0.5374
6,clab-nebula-serf105,40,145,161,145,16,0,0.9006,1.0000,0.9006
6,clab-nebula-serf105,45,153,161,153,8,0,0.9503,1.0000,0.9503
6,clab-nebula-serf105,50,155,161,155,6,0,0.9627,1.0000,0.9627
6,clab-nebula-serf105,55,160,161,160,1,0,0.9938,1.0000,0.9938
6,clab-nebula-serf105,60,161,161,161,0,0,1.0000,1.0000,1.0000
6,clab-nebula-serf110,5,0,0,0,0,0,1.0000,1.0000,1.0000
6,clab-nebula-serf110,10,0,0,0,0,0,1.0000,1.0000,1.0000
6,clab-nebula-serf110,15,2,0,0,0,2,0.0000,0.0000,0.0000
6,clab-nebula-serf110,20,7,0,0,0,7,0.0000,0.0000,0.0000
6,clab-nebula-serf110,25,15,0,0,0,15,0.0000,0.0000,0.0000
6,clab-nebula-serf110,30,37,0,0,0,37,0.0000,0.0000,0.0000
6,clab-nebula-serf110,35,69,34,15,19,54,0.4412,0.2174,0.1705
6,clab-nebula-serf110,40,107,78,57,21,50,0.7308,0.5327,0.4453
6,clab-nebula-serf110,45,143,149,133,16,10,0.8926,0.9301,0.8365
6,clab-nebula-serf110,50,148,161,148,13,0,0.9193,1.0000,0.9193
6,clab-nebula-serf110,55,154,161,154,7,0,0.9565,1.0000,0.9565
6,clab-nebula-serf110,60,157,161,157,4,0,0.9752,1.0000,0.9752
6,clab-nebula-serf115,5,0,0,0,0,0,1.0000,1.0000,1.0000
6,clab-nebula-serf115,10,0,0,0,0,0,1.0000,1.0000,1.0000
6,clab-nebula-serf115,15,0,0,0,0,0,1.0000,1.0000,1.0000
6,clab-nebula-serf115,20,0,0,0,0,0,1.0000,1.0000,1.0000
6,clab-nebula-serf115,25,0,0,0,0,0,1.0000,1.0000,1.0000
6,clab-nebula-serf115,30,0,0,0,0,0,1.0000,1.0000,1.0000
6,clab-nebula-serf115,35,1,0,0,0,1,0.0000,0.0000,0.0000
6,clab-nebula-serf115,40,3,4,1,3,2,0.2500,0.3333,0.1667
6,clab-nebula-serf115,45,6,8,1,7,5,0.1250,0.1667,0.0769
6,clab-nebula-serf115,50,23,61,15,46,8,0.2459,0.6522,0.2174
6,clab-nebula-serf115,55,57,88,48,40,9,0.5455,0.8421,0.4948
6,clab-nebula-serf115,60,103,161,103,58,0,0.6398,1.0000,0.6398
6,clab-nebula-serf120,5,2,0,0,0,2,0.0000,0.0000,0.0000
6,clab-nebula-serf120,10,2,0,0,0,2,0.0000,0.0000,0.0000
6,clab-nebula-serf120,15,2,0,0,0,2,0.0000,0.0000,0.0000
6,clab-nebula-serf120,20,2,3,2,1,0,0.6667,1.0000,0.6667
6,clab-nebula-serf120,25,2,61,2,59,0,0.0328,1.0000,0.0328
6,clab-nebula-serf120,30,3,88,3,85,0,0.0341,1.0000,0.0341
6,clab-nebula-serf120,35,3,161,3,158,0,0.0186,1.0000,0.0186
6,clab-nebula-serf120,40,3,161,3,158,0,0.0186,1.0000,0.0186
6,clab-nebula-serf120,45,5,161,5,156,0,0.0311,1.0000,0.0311
6,clab-nebula-serf120,50,14,161,14,147,0,0.0870,1.0000,0.0870
6,clab-nebula-serf120,55,24,161,24,137,0,0.1491,1.0000,0.1491
6,clab-nebula-serf120,60,48,161,48,113,0,0.2981,1.0000,0.2981
6,clab-nebula-serf125,5,0,0,0,0,0,1.0000,1.0000,1.0000
6,clab-nebula-serf125,10,3,0,0,0,3,0.0000,0.0000,0.0000
6,clab-nebula-serf125,15,12,0,0,0,12,0.0000,0.0000,0.0000
6,clab-nebula-serf125,20,45,0,0,0,45,0.0000,0.0000,0.0000
6,clab-nebula-serf125,25,58,69,38,31,20,0.5507,0.6552,0.4270
6,clab-nebula-serf125,30,84,135,74,61,10,0.5481,0.8810,0.5103
6,clab-nebula-serf125,35,112,161,112,49,0,0.6957,1.0000,0.6957
6,clab-nebula-serf125,40,137,161,137,24,0,0.8509,1.0000,0.8509
6,clab-nebula-serf125,45,146,161,146,15,0,0.9068,1.0000,0.9068
6,clab-nebula-serf125,50,155,161,155,6,0,0.9627,1.0000,0.9627
6,clab-nebula-serf125,55,161,161,161,0,0,1.0000,1.0000,1.0000
6,clab-nebula-serf125,60,161,161,161,0,0,1.0000,1.0000,1.0000
6,clab-nebula-serf130,5,0,0,0,0,0,1.0000,1.0000,1.0000
6,clab-nebula-serf130,10,0,0,0,0,0,1.0000,1.0000,1.0000
6,clab-nebula-serf130,15,0,0,0,0,0,1.0000,1.0000,1.0000
6,clab-nebula-serf130,20,13,0,0,0,13,0.0000,0.0000,0.0000
6,clab-nebula-serf130,25,14,0,0,0,14,0.0000,0.0000,0.0000
6,clab-nebula-serf130,30,24,0,0,0,24,0.0000,0.0000,0.0000
6,clab-nebula-serf130,35,41,68,31,37,10,0.4559,0.7561,0.3974
6,clab-nebula-serf130,40,53,83,43,40,10,0.5181,0.8113,0.4624
6,clab-nebula-serf130,45,84,161,84,77,0,0.5217,1.0000,0.5217
6,clab-nebula-serf130,50,111,161,111,50,0,0.6894,1.0000,0.6894
6,clab-nebula-serf130,55,136,161,136,25,0,0.8447,1.0000,0.8447
6,clab-nebula-serf130,60,146,161,146,15,0,0.9068,1.0000,0.9068
6,clab-nebula-serf135,5,0,0,0,0,0,1.0000,1.0000,1.0000
6,clab-nebula-serf135,10,0,0,0,0,0,1.0000,1.0000,1.0000
6,clab-nebula-serf135,15,1,0,0,0,1,0.0000,0.0000,0.0000
6,clab-nebula-serf135,20,14,0,0,0,14,0.0000,0.0000,0.0000
6,clab-nebula-serf135,25,15,0,0,0,15,0.0000,0.0000,0.0000
6,clab-nebula-serf135,30,25,25,20,5,5,0.8000,0.8000,0.6667
6,clab-nebula-serf135,35,42,80,32,48,10,0.4000,0.7619,0.3556
6,clab-nebula-serf135,40,54,149,44,105,10,0.2953,0.8148,0.2767
6,clab-nebula-serf135,45,91,161,91,70,0,0.5652,1.0000,0.5652
6,clab-nebula-serf135,50,112,161,112,49,0,0.6957,1.0000,0.6957
6,clab-nebula-serf135,55,137,161,137,24,0,0.8509,1.0000,0.8509
6,clab-nebula-serf135,60,146,161,146,15,0,0.9068,1.0000,0.9068
6,clab-nebula-serf140,5,0,0,0,0,0,1.0000,1.0000,1.0000
6,clab-nebula-serf140,10,0,0,0,0,0,1.0000,1.0000,1.0000
6,clab-nebula-serf140,15,0,0,0,0,0,1.0000,1.0000,1.0000
6,clab-nebula-serf140,20,13,0,0,0,13,0.0000,0.0000,0.0000
6,clab-nebula-serf140,25,14,0,0,0,14,0.0000,0.0000,0.0000
6,clab-nebula-serf140,30,25,0,0,0,25,0.0000,0.0000,0.0000
6,clab-nebula-serf140,35,39,68,29,39,10,0.4265,0.7436,0.3718
6,clab-nebula-serf140,40,52,83,42,41,10,0.5060,0.8077,0.4516
6,clab-nebula-serf140,45,82,161,82,79,0,0.5093,1.0000,0.5093
6,clab-nebula-serf140,50,108,161,108,53,0,0.6708,1.0000,0.6708
6,clab-nebula-serf140,55,136,161,136,25,0,0.8447,1.0000,0.8447
6,clab-nebula-serf140,60,145,161,145,16,0,0.9006,1.0000,0.9006
6,clab-nebula-serf145,5,0,0,0,0,0,1.0000,1.0000,1.0000
6,clab-nebula-serf145,10,0,0,0,0,0,1.0000,1.0000,1.0000
6,clab-nebula-serf145,15,1,0,0,0,1,0.0000,0.0000,0.0000
6,clab-nebula-serf145,20,5,0,0,0,5,0.0000,0.0000,0.0000
6,clab-nebula-serf145,25,7,0,0,0,7,0.0000,0.0000,0.0000
6,clab-nebula-serf145,30,15,0,0,0,15,0.0000,0.0000,0.0000
6,clab-nebula-serf145,35,37,68,30,38,7,0.4412,0.8108,0.4000
6,clab-nebula-serf145,40,56,103,46,57,10,0.4466,0.8214,0.4071
6,clab-nebula-serf145,45,66,161,66,95,0,0.4099,1.0000,0.4099
6,clab-nebula-serf145,50,104,161,104,57,0,0.6460,1.0000,0.6460
6,clab-nebula-serf145,55,130,161,130,31,0,0.8075,1.0000,0.8075
6,clab-nebula-serf145,60,145,161,145,16,0,0.9006,1.0000,0.9006
6,clab-nebula-serf150,5,0,0,0,0,0,1.0000,1.0000,1.0000
6,clab-nebula-serf150,10,0,0,0,0,0,1.0000,1.0000,1.0000
6,clab-nebula-serf150,15,1,0,0,0,1,0.0000,0.0000,0.0000
6,clab-nebula-serf150,20,9,0,0,0,9,0.0000,0.0000,0.0000
6,clab-nebula-serf150,25,17,0,0,0,17,0.0000,0.0000,0.0000
6,clab-nebula-serf150,30,23,52,9,43,14,0.1731,0.3913,0.1364
6,clab-nebula-serf150,35,42,83,11,72,31,0.1325,0.2619,0.0965
6,clab-nebula-serf150,40,54,140,54,86,0,0.3857,1.0000,0.3857
6,clab-nebula-serf150,45,79,156,78,78,1,0.5000,0.9873,0.4968
6,clab-nebula-serf150,50,117,161,117,44,0,0.7267,1.0000,0.7267
6,clab-nebula-serf150,55,141,161,141,20,0,0.8758,1.0000,0.8758
6,clab-nebula-serf150,60,152,161,152,9,0,0.9441,1.0000,0.9441
6,clab-nebula-serf155,5,0,0,0,0,0,1.0000,1.0000,1.0000
6,clab-nebula-serf155,10,0,0,0,0,0,1.0000,1.0000,1.0000
6,clab-nebula-serf155,15,1,0,0,0,1,0.0000,0.0000,0.0000
6,clab-nebula-serf155,20,11,0,0,0,11,0.0000,0.0000,0.0000
6,clab-nebula-serf155,25,14,0,0,0,14,0.0000,0.0000,0.0000
6,clab-nebula-serf155,30,24,0,0,0,24,0.0000,0.0000,0.0000
6,clab-nebula-serf155,35,43,72,9,63,34,0.1250,0.2093,0.0849
6,clab-nebula-serf155,40,56,83,17,66,39,0.2048,0.3036,0.1393
6,clab-nebula-serf155,45,82,140,79,61,3,0.5643,0.9634,0.5524
6,clab-nebula-serf155,50,117,156,116,40,1,0.7436,0.9915,0.7389
6,clab-nebula-serf155,55,137,161,137,24,0,0.8509,1.0000,0.8509
6,clab-nebula-serf155,60,150,161,150,11,0,0.9317,1.0000,0.9317
6,clab-nebula-serf160,5,4,0,0,0,4,0.0000,0.0000,0.0000
6,clab-nebula-serf160,10,4,0,0,0,4,0.0000,0.0000,0.0000
6,clab-nebula-serf160,15,5,0,0,0,5,0.0000,0.0000,0.0000
6,clab-nebula-serf160,20,10,0,0,0,10,0.0000,0.0000,0.0000
6,clab-nebula-serf160,25,25,64,18,46,7,0.2812,0.7200,0.2535
6,clab-nebula-serf160,30,37,83,27,56,10,0.3253,0.7297,0.2903
6,clab-nebula-serf160,35,43,161,43,118,0,0.2671,1.0000,0.2671
6,clab-nebula-serf160,40,58,161,58,103,0,0.3602,1.0000,0.3602
6,clab-nebula-serf160,45,82,161,82,79,0,0.5093,1.0000,0.5093
6,clab-nebula-serf160,50,118,161,118,43,0,0.7329,1.0000,0.7329
6,clab-nebula-serf160,55,139,161,139,22,0,0.8634,1.0000,0.8634
6,clab-nebula-serf160,60,149,161,149,12,0,0.9255,1.0000,0.9255
8,clab-nebula-serf1,5,0,0,0,0,0,1.0000,1.0000,1.0000
8,clab-nebula-serf1,10,6,0,0,0,6,0.0000,0.0000,0.0000
8,clab-nebula-serf1,15,12,0,0,0,12,0.0000,0.0000,0.0000
8,clab-nebula-serf1,20,19,72,19,53,0,0.2639,1.0000,0.2639
8,clab-nebula-serf1,25,37,83,34,49,3,0.4096,0.9189,0.3953
8,clab-nebula-serf1,30,74,148,69,79,5,0.4662,0.9324,0.4510
8,clab-nebula-serf1,35,91,156,89,67,2,0.5705,0.9780,0.5633
8,clab-nebula-serf1,40,107,161,107,54,0,0.6646,1.0000,0.6646
8,clab-nebula-serf1,45,117,161,117,44,0,0.7267,1.0000,0.7267
8,clab-nebula-serf1,50,121,161,121,40,0,0.7516,1.0000,0.7516
8,clab-nebula-serf1,55,133,161,133,28,0,0.8261,1.0000,0.8261
8,clab-nebula-serf1,60,153,161,153,8,0,0.9503,1.0000,0.9503
8,clab-nebula-serf5,5,0,0,0,0,0,1.0000,1.0000,1.0000
8,clab-nebula-serf5,10,3,0,0,0,3,0.0000,0.0000,0.0000
8,clab-nebula-serf5,15,7,0,0,0,7,0.0000,0.0000,0.0000
8,clab-nebula-serf5,20,14,72,14,58,0,0.1944,1.0000,0.1944
8,clab-nebula-serf5,25,19,83,19,64,0,0.2289,1.0000,0.2289
8,clab-nebula-serf5,30,46,140,42,98,4,0.3000,0.9130,0.2917
8,clab-nebula-serf5,35,80,156,79,77,1,0.5064,0.9875,0.5032
8,clab-nebula-serf5,40,92,161,92,69,0,0.5714,1.0000,0.5714
8,clab-nebula-serf5,45,108,161,108,53,0,0.6708,1.0000,0.6708
8,clab-nebula-serf5,50,118,161,118,43,0,0.7329,1.0000,0.7329
8,clab-nebula-serf5,55,121,161,121,40,0,0.7516,1.0000,0.7516
8,clab-nebula-serf5,60,143,161,143,18,0,0.8882,1.0000,0.8882
8,clab-nebula-serf10,5,1,0,0,0,1,0.0000,0.0000,0.0000
8,clab-nebula-serf10,10,9,0,0,0,9,0.0000,0.0000,0.0000
8,clab-nebula-serf10,15,20,0,0,0,20,0.0000,0.0000,0.0000
8,clab-nebula-serf10,20,40,0,0,0,40,0.0000,0.0000,0.0000
8,clab-nebula-serf10,25,71,42,38,4,33,0.9048,0.5352,0.5067
8,clab-nebula-serf10,30,88,82,57,25,31,0.6951,0.6477,0.5044
8,clab-nebula-serf10,35,103,138,89,49,14,0.6449,0.8641,0.5855
8,clab-nebula-serf10,40,120,156,117,39,3,0.7500,0.9750,0.7358
8,clab-nebula-serf10,45,121,159,121,38,0,0.7610,1.0000,0.7610
8,clab-nebula-serf10,50,129,161,129,32,0,0.8012,1.0000,0.8012
8,clab-nebula-serf10,55,153,161,153,8,0,0.9503,1.0000,0.9503
8,clab-nebula-serf10,60,156,161,156,5,0,0.9689,1.0000,0.9689
8,clab-nebula-serf15,5,1,0,0,0,1,0.0000,0.0000,0.0000
8,clab-nebula-serf15,10,14,0,0,0,14,0.0000,0.0000,0.0000
8,clab-nebula-serf15,15,32,0,0,0,32,0.0000,0.0000,0.0000
8,clab-nebula-serf15,20,68,0,0,0,68,0.0000,0.0000,0.0000
8,clab-nebula-serf15,25,88,40,39,1,49,0.9750,0.4432,0.4382
8,clab-nebula-serf15,30,100,82,61,21,39,0.7439,0.6100,0.5041
8,clab-nebula-serf15,35,117,140,103,37,14,0.7357,0.8803,0.6688
8,clab-nebula-serf15,40,121,156,118,38,3,0.7564,0.9752,0.7421
8,clab-nebula-serf15,45,124,159,124,35,0,0.7799,1.0000,0.7799
8,clab-nebula-serf15,50,151,161,151,10,0,0.9379,1.0000,0.9379
8,clab-nebula-serf15,55,154,161,154,7,0,0.9565,1.0000,0.9565
8,clab-nebula-serf15,60,158,161,158,3,0,0.9814,1.0000,0.9814
8,clab-nebula-serf20,5,2,0,0,0,2,0.0000,0.0000,0.0000
8,clab-nebula-serf20,10,4,0,0,0,4,0.0000,0.0000,0.0000
8,clab-nebula-serf20,15,15,0,0,0,15,0.0000,0.0000,0.0000
8,clab-nebula-serf20,20,26,0,0,0,26,0.0000,0.0000,0.0000
8,clab-nebula-serf20,25,46,0,0,0,46,0.0000,0.0000,0.0000
8,clab-nebula-serf20,30,80,82,55,27,25,0.6707,0.6875,0.5140
8,clab-nebula-serf20,35,93,138,79,59,14,0.5725,0.8495,0.5197
8,clab-nebula-serf20,40,102,156,99,57,3,0.6346,0.9706,0.6226
8,clab-nebula-serf20,45,118,159,118,41,0,0.7421,1.0000,0.7421
8,clab-nebula-serf20,50,124,161,124,37,0,0.7702,1.0000,0.7702
8,clab-nebula-serf20,55,129,161,129,32,0,0.8012,1.0000,0.8012
8,clab-nebula-serf20,60,154,161,154,7,0,0.9565,1.0000,0.9565
8,clab-nebula-serf25,5,0,0,0,0,0,1.0000,1.0000,1.0000
8,clab-nebula-serf25,10,4,0,0,0,4,0.0000,0.0000,0.0000
8,clab-nebula-serf25,15,12,0,0,0,12,0.0000,0.0000,0.0000
8,clab-nebula-serf25,20,28,0,0,0,28,0.0000,0.0000,0.0000
8,clab-nebula-serf25,25,44,0,0,0,44,0.0000,0.0000,0.0000
8,clab-nebula-serf25,30,81,62,55,7,26,0.8871,0.6790,0.6250
8,clab-nebula-serf25,35,93,99,77,22,16,0.7778,0.8280,0.6696
8,clab-nebula-serf25,40,102,152,99,53,3,0.6513,0.9706,0.6387
8,clab-nebula-serf25,45,119,156,116,40,3,0.7436,0.9748,0.7296
8,clab-nebula-serf25,50,124,161,124,37,0,0.7702,1.0000,0.7702
8,clab-nebula-serf25,55,127,161,127,34,0,0.7888,1.0000,0.7888
8,clab-nebula-serf25,60,154,161,154,7,0,0.9565,1.0000,0.9565
8,clab-nebula-serf30,5,1,0,0,0,1,0.0000,0.0000,0.0000
8,clab-nebula-serf30,10,13,0,0,0,13,0.0000,0.0000,0.0000
8,clab-nebula-serf30,15,28,0,0,0,28,0.0000,0.0000,0.0000
8,clab-nebula-serf30,20,45,0,0,0,45,0.0000,0.0000,0.0000
8,clab-nebula-serf30,25,81,64,55,9,26,0.8594,0.6790,0.6111
8,clab-nebula-serf30,30,93,99,77,22,16,0.7778,0.8280,0.6696
8,clab-nebula-serf30,35,102,152,99,53,3,0.6513,0.9706,0.6387
8,clab-nebula-serf30,40,119,157,117,40,2,0.7452,0.9832,0.7358
8,clab-nebula-serf30,45,124,161,124,37,0,0.7702,1.0000,0.7702
8,clab-nebula-serf30,50,128,161,128,33,0,0.7950,1.0000,0.7950
8,clab-nebula-serf30,55,154,161,154,7,0,0.9565,1.0000,0.9565
8,clab-nebula-serf30,60,154,161,154,7,0,0.9565,1.0000,0.9565
8,clab-nebula-serf35,5,0,0,0,0,0,1.0000,1.0000,1.0000
8,clab-nebula-serf35,10,1,0,0,0,1,0.0000,0.0000,0.0000
8,clab-nebula-serf35,15,7,0,0,0,7,0.0000,0.0000,0.0000
8,clab-nebula-serf35,20,26,0,0,0,26,0.0000,0.0000,0.0000
8,clab-nebula-serf35,25,63,0,0,0,63,0.0000,0.0000,0.0000
8,clab-nebula-serf35,30,85,0,0,0,85,0.0000,0.0000,0.0000
8,clab-nebula-serf35,35,95,75,60,15,35,0.8000,0.6316,0.5455
8,clab-nebula-serf35,40,111,111,90,21,21,0.8108,0.8108,0.6818
8,clab-nebula-serf35,45,121,152,118,34,3,0.7763,0.9752,0.7613
8,clab-nebula-serf35,50,124,159,124,35,0,0.7799,1.0000,0.7799
8,clab-nebula-serf35,55,145,161,145,16,0,0.9006,1.0000,0.9006
8,clab-nebula-serf35,60,154,161,154,7,0,0.9565,1.0000,0.9565
8,clab-nebula-serf40,5,0,0,0,0,0,1.0000,1.0000,1.0000
8,clab-nebula-serf40,10,1,0,0,0,1,0.0000,0.0000,0.0000
8,clab-nebula-serf40,15,11,0,0,0,11,0.0000,0.0000,0.0000
8,clab-nebula-serf40,20,35,0,0,0,35,0.0000,0.0000,0.0000
8,clab-nebula-serf40,25,71,0,0,0,71,0.0000,0.0000,0.0000
8,clab-nebula-serf40,30,87,0,0,0,87,0.0000,0.0000,0.0000
8,clab-nebula-serf40,35,98,82,59,23,39,0.7195,0.6020,0.4876
8,clab-nebula-serf40,40,118,138,101,37,17,0.7319,0.8559,0.6516
8,clab-nebula-serf40,45,122,153,119,34,3,0.7778,0.9754,0.7628
8,clab-nebula-serf40,50,126,159,126,33,0,0.7925,1.0000,0.7925
8,clab-nebula-serf40,55,153,161,153,8,0,0.9503,1.0000,0.9503
8,clab-nebula-serf40,60,154,161,154,7,0,0.9565,1.0000,0.9565
8,clab-nebula-serf45,5,2,0,0,0,2,0.0000,0.0000,0.0000
8,clab-nebula-serf45,10,8,0,0,0,8,0.0000,0.0000,0.0000
8,clab-nebula-serf45,15,22,0,0,0,22,0.0000,0.0000,0.0000
8,clab-nebula-serf45,20,40,0,0,0,40,0.0000,0.0000,0.0000
8,clab-nebula-serf45,25,80,19,19,0,61,1.0000,0.2375,0.2375
8,clab-nebula-serf45,30,90,83,58,25,32,0.6988,0.6444,0.5043
8,clab-nebula-serf45,35,118,140,103,37,15,0.7357,0.8729,0.6645
8,clab-nebula-serf45,40,121,156,118,38,3,0.7564,0.9752,0.7421
8,clab-nebula-serf45,45,124,161,124,37,0,0.7702,1.0000,0.7702
8,clab-nebula-serf45,50,145,161,145,16,0,0.9006,1.0000,0.9006
8,clab-nebula-serf45,55,154,161,154,7,0,0.9565,1.0000,0.9565
8,clab-nebula-serf45,60,155,161,155,6,0,0.9627,1.0000,0.9627
8,clab-nebula-serf50,5,3,0,0,0,3,0.0000,0.0000,0.0000
8,clab-nebula-serf50,10,8,0,0,0,8,0.0000,0.0000,0.0000
8,clab-nebula-serf50,15,23,0,0,0,23,0.0000,0.0000,0.0000
8,clab-nebula-serf50,20,41,0,0,0,41,0.0000,0.0000,0.0000
8,clab-nebula-serf50,25,81,19,19,0,62,1.0000,0.2346,0.2346
8,clab-nebula-serf50,30,93,83,59,24,34,0.7108,0.6344,0.5043
8,clab-nebula-serf50,35,118,140,103,37,15,0.7357,0.8729,0.6645
8,clab-nebula-serf50,40,122,156,119,37,3,0.7628,0.9754,0.7484
8,clab-nebula-serf50,45,125,161,125,36,0,0.7764,1.0000,0.7764
8,clab-nebula-serf50,50,153,161,153,8,0,0.9503,1.0000,0.9503
8,clab-nebula-serf50,55,154,161,154,7,0,0.9565,1.0000,0.9565
8,clab-nebula-serf50,60,156,161,156,5,0,0.9689,1.0000,0.9689
8,clab-nebula-serf55,5,0,0,0,0,0,1.0000,1.0000,1.0000
8,clab-nebula-serf55,10,9,0,0,0,9,0.0000,0.0000,0.0000
8,clab-nebula-serf55,15,23,0,0,0,23,0.0000,0.0000,0.0000
8,clab-nebula-serf55,20,64,0,0,0,64,0.0000,0.0000,0.0000
8,clab-nebula-serf55,25,83,0,0,0,83,0.0000,0.0000,0.0000
8,clab-nebula-serf55,30,96,72,58,14,38,0.8056,0.6042,0.5273
8,clab-nebula-serf55,35,119,99,88,11,31,0.8889,0.7395,0.6769
8,clab-nebula-serf55,40,121,152,118,34,3,0.7763,0.9752,0.7613
8,clab-nebula-serf55,45,126,156,123,33,3,0.7885,0.9762,0.7736
8,clab-nebula-serf55,50,153,161,153,8,0,0.9503,1.0000,0.9503
8,clab-nebula-serf55,55,154,161,154,7,0,0.9565,1.0000,0.9565
8,clab-nebula-serf55,60,157,161,157,4,0,0.9752,1.0000,0.9752
8,clab-nebula-serf60,5,4,0,0,0,4,0.0000,0.0000,0.0000
8,clab-nebula-serf60,10,10,0,0,0,10,0.0000,0.0000,0.0000
8,clab-nebula-serf60,15,42,0,0,0,42,0.0000,0.0000,0.0000
8,clab-nebula-serf60,20,70,0,0,0,70,0.0000,0.0000,0.0000
8,clab-nebula-serf60,25,87,0,0,0,87,0.0000,0.0000,0.0000
8,clab-nebula-serf60,30,111,82,67,15,44,0.8171,0.6036,0.5317
8,clab-nebula-serf60,35,120,138,104,34,16,0.7536,0.8667,0.6753
8,clab-nebula-serf60,40,124,156,121,35,3,0.7756,0.9758,0.7610
8,clab-nebula-serf60,45,143,159,143,16,0,0.8994,1.0000,0.8994
8,clab-nebula-serf60,50,154,161,154,7,0,0.9565,1.0000,0.9565
8,clab-nebula-serf60,55,154,161,154,7,0,0.9565,1.0000,0.9565
8,clab-nebula-serf60,60,158,161,158,3,0,0.9814,1.0000,0.9814
8,clab-nebula-serf65,5,0,0,0,0,0,1.0000,1.0000,1.0000
8,clab-nebula-serf65,10,0,0,0,0,0,1.0000,1.0000,1.0000
8,clab-nebula-serf65,15,0,0,0,0,0,1.0000,1.0000,1.0000
8,clab-nebula-serf65,20,23,0,0,0,23,0.0000,0.0000,0.0000
8,clab-nebula-serf65,25,62,0,0,0,62,0.0000,0.0000,0.0000
8,clab-nebula-serf65,30,95,24,23,1,72,0.9583,0.2421,0.2396
8,clab-nebula-serf65,35,115,142,113,29,2,0.7958,0.9826,0.7847
8,clab-nebula-serf65,40,122,156,119,37,3,0.7628,0.9754,0.7484
8,clab-nebula-serf65,45,126,161,126,35,0,0.7826,1.0000,0.7826
8,clab-nebula-serf65,50,152,161,152,9,0,0.9441,1.0000,0.9441
8,clab-nebula-serf65,55,154,161,154,7,0,0.9565,1.0000,0.9565
8,clab-nebula-serf65,60,155,161,155,6,0,0.9627,1.0000,0.9627
8,clab-nebula-serf70,5,3,0,0,0,3,0.0000,0.0000,0.0000
8,clab-nebula-serf70,10,19,0,0,0,19,0.0000,0.0000,0.0000
8,clab-nebula-serf70,15,36,0,0,0,36,0.0000,0.0000,0.0000
8,clab-nebula-serf70,20,66,0,0,0,66,0.0000,0.0000,0.0000
8,clab-nebula-serf70,25,87,29,27,2,60,0.9310,0.3103,0.3034
8,clab-nebula-serf70,30,110,82,63,19,47,0.7683,0.5727,0.4884
8,clab-nebula-serf70,35,119,138,103,35,16,0.7464,0.8655,0.6688
8,clab-nebula-serf70,40,124,156,122,34,2,0.7821,0.9839,0.7722
8,clab-nebula-serf70,45,147,159,147,12,0,0.9245,1.0000,0.9245
8,clab-nebula-serf70,50,154,161,154,7,0,0.9565,1.0000,0.9565
8,clab-nebula-serf70,55,158,161,158,3,0,0.9814,1.0000,0.9814
8,clab-nebula-serf70,60,161,161,161,0,0,1.0000,1.0000,1.0000
8,clab-nebula-serf75,5,0,0,0,0,0,1.0000,1.0000,1.0000
8,clab-nebula-serf75,10,7,0,0,0,7,0.0000,0.0000,0.0000
8,clab-nebula-serf75,15,26,0,0,0,26,0.0000,0.0000,0.0000
8,clab-nebula-serf75,20,41,0,0,0,41,0.0000,0.0000,0.0000
8,clab-nebula-serf75,25,76,0,0,0,76,0.0000,0.0000,0.0000
8,clab-nebula-serf75,30,100,34,25,9,75,0.7353,0.2500,0.2294
8,clab-nebula-serf75,35,115,99,73,26,42,0.7374,0.6348,0.5177
8,clab-nebula-serf75,40,122,159,122,37,0,0.7673,1.0000,0.7673
8,clab-nebula-serf75,45,135,161,135,26,0,0.8385,1.0000,0.8385
8,clab-nebula-serf75,50,154,161,154,7,0,0.9565,1.0000,0.9565
8,clab-nebula-serf75,55,155,161,155,6,0,0.9627,1.0000,0.9627
8,clab-nebula-serf75,60,158,161,158,3,0,0.9814,1.0000,0.9814
8,clab-nebula-serf80,5,0,0,0,0,0,1.0000,1.0000,1.0000
8,clab-nebula-serf80,10,14,0,0,0,14,0.0000,0.0000,0.0000
8,clab-nebula-serf80,15,32,0,0,0,32,0.0000,0.0000,0.0000
8,clab-nebula-serf80,20,55,0,0,0,55,0.0000,0.0000,0.0000
8,clab-nebula-serf80,25,84,0,0,0,84,0.0000,0.0000,0.0000
8,clab-nebula-serf80,30,110,67,42,25,68,0.6269,0.3818,0.3111
8,clab-nebula-serf80,35,120,146,118,28,2,0.8082,0.9833,0.7973
8,clab-nebula-serf80,40,127,161,127,34,0,0.7888,1.0000,0.7888
8,clab-nebula-serf80,45,152,161,152,9,0,0.9441,1.0000,0.9441
8,clab-nebula-serf80,50,154,161,154,7,0,0.9565,1.0000,0.9565
8,clab-nebula-serf80,55,156,161,156,5,0,0.9689,1.0000,0.9689
8,clab-nebula-serf80,60,159,161,159,2,0,0.9876,1.0000,0.9876
8,clab-nebula-serf85,5,0,0,0,0,0,1.0000,1.0000,1.0000
8,clab-nebula-serf85,10,4,0,0,0,4,0.0000,0.0000,0.0000
8,clab-nebula-serf85,15,19,0,0,0,19,0.0000,0.0000,0.0000
8,clab-nebula-serf85,20,35,0,0,0,35,0.0000,0.0000,0.0000
8,clab-nebula-serf85,25,57,0,0,0,57,0.0000,0.0000,0.0000
8,clab-nebula-serf85,30,82,56,18,38,64,0.3214,0.2195,0.1500
8,clab-nebula-serf85,35,111,87,53,34,58,0.6092,0.4775,0.3655
8,clab-nebula-serf85,40,119,151,119,32,0,0.7881,1.0000,0.7881
8,clab-nebula-serf85,45,134,161,134,27,0,0.8323,1.0000,0.8323
8,clab-nebula-serf85,50,149,161,149,12,0,0.9255,1.0000,0.9255
8,clab-nebula-serf85,55,154,161,154,7,0,0.9565,1.0000,0.9565
8,clab-nebula-serf85,60,157,161,157,4,0,0.9752,1.0000,0.9752
8,clab-nebula-serf90,5,2,0,0,0,2,0.0000,0.0000,0.0000
8,clab-nebula-serf90,10,9,0,0,0,9,0.0000,0.0000,0.0000
8,clab-nebula-serf90,15,30,0,0,0,30,0.0000,0.0000,0.0000
8,clab-nebula-serf90,20,49,0,0,0,49,0.0000,0.0000,0.0000
8,clab-nebula-serf90,25,78,0,0,0,78,0.0000,0.0000,0.0000
8,clab-nebula-serf90,30,101,72,41,31,60,0.5694,0.4059,0.3106
8,clab-nebula-serf90,35,119,88,57,31,62,0.6477,0.4790,0.3800
8,clab-nebula-serf90,40,122,161,122,39,0,0.7578,1.0000,0.7578
8,clab-nebula-serf90,45,137,161,137,24,0,0.8509,1.0000,0.8509
8,clab-nebula-serf90,50,154,161,154,7,0,0.9565,1.0000,0.9565
8,clab-nebula-serf90,55,155,161,155,6,0,0.9627,1.0000,0.9627
8,clab-nebula-serf90,60,159,161,159,2,0,0.9876,1.0000,0.9876
8,clab-nebula-serf95,5,0,0,0,0,0,1.0000,1.0000,1.0000
8,clab-nebula-serf95,10,10,0,0,0,10,0.0000,0.0000,0.0000
8,clab-nebula-serf95,15,30,0,0,0,30,0.0000,0.0000,0.0000
8,clab-nebula-serf95,20,50,0,0,0,50,0.0000,0.0000,0.0000
8,clab-nebula-serf95,25,80,0,0,0,80,0.0000,0.0000,0.0000
8,clab-nebula-serf95,30,104,72,42,30,62,0.5833,0.4038,0.3134
8,clab-nebula-serf95,35,119,88,57,31,62,0.6477,0.4790,0.3800
8,clab-nebula-serf95,40,124,161,124,37,0,0.7702,1.0000,0.7702
8,clab-nebula-serf95,45,142,161,142,19,0,0.8820,1.0000,0.8820
8,clab-nebula-serf95,50,154,161,154,7,0,0.9565,1.0000,0.9565
8,clab-nebula-serf95,55,154,161,154,7,0,0.9565,1.0000,0.9565
8,clab-nebula-serf95,60,159,161,159,2,0,0.9876,1.0000,0.9876
8,clab-nebula-serf100,5,6,0,0,0,6,0.0000,0.0000,0.0000
8,clab-nebula-serf100,10,7,0,0,0,7,0.0000,0.0000,0.0000
8,clab-nebula-serf100,15,8,0,0,0,8,0.0000,0.0000,0.0000
8,clab-nebula-serf100,20,14,0,0,0,14,0.0000,0.0000,0.0000
8,clab-nebula-serf100,25,25,10,9,1,16,0.9000,0.3600,0.3462
8,clab-nebula-serf100,30,59,140,54,86,5,0.3857,0.9153,0.3724
8,clab-nebula-serf100,35,89,156,88,68,1,0.5641,0.9888,0.5605
8,clab-nebula-serf100,40,137,161,137,24,0,0.8509,1.0000,0.8509
8,clab-nebula-serf100,45,150,161,150,11,0,0.9317,1.0000,0.9317
8,clab-nebula-serf100,50,159,161,159,2,0,0.9876,1.0000,0.9876
8,clab-nebula-serf100,55,160,161,160,1,0,0.9938,1.0000,0.9938
8,clab-nebula-serf100,60,161,161,161,0,0,1.0000,1.0000,1.0000
8,clab-nebula-serf105,5,1,0,0,0,1,0.0000,0.0000,0.0000
8,clab-nebula-serf105,10,3,0,0,0,3,0.0000,0.0000,0.0000
8,clab-nebula-serf105,15,8,0,0,0,8,0.0000,0.0000,0.0000
8,clab-nebula-serf105,20,25,0,0,0,25,0.0000,0.0000,0.0000
8,clab-nebula-serf105,25,54,0,0,0,54,0.0000,0.0000,0.0000
8,clab-nebula-serf105,30,86,65,42,23,44,0.6462,0.4884,0.3853
8,clab-nebula-serf105,35,123,103,79,24,44,0.7670,0.6423,0.5374
8,clab-nebula-serf105,40,145,161,145,16,0,0.9006,1.0000,0.9006
8,clab-nebula-serf105,45,153,161,153,8,0,0.9503,1.0000,0.9503
8,clab-nebula-serf105,50,155,161,155,6,0,0.9627,1.0000,0.9627
8,clab-nebula-serf105,55,160,161,160,1,0,0.9938,1.0000,0.9938
8,clab-nebula-serf105,60,161,161,161,0,0,1.0000,1.0000,1.0000
8,clab-nebula-serf110,5,0,0,0,0,0,1.0000,1.0000,1.0000
8,clab-nebula-serf110,10,0,0,0,0,0,1.0000,1.0000,1.0000
8,clab-nebula-serf110,15,2,0,0,0,2,0.0000,0.0000,0.0000
8,clab-nebula-serf110,20,7,0,0,0,7,0.0000,0.0000,0.0000
8,clab-nebula-serf110,25,15,0,0,0,15,0.0000,0.0000,0.0000
8,clab-nebula-serf110,30,37,0,0,0,37,0.0000,0.0000,0.0000
8,clab-nebula-serf110,35,69,34,15,19,54,0.4412,0.2174,0.1705
8,clab-nebula-serf110,40,107,78,57,21,50,0.7308,0.5327,0.4453
8,clab-nebula-serf110,45,143,149,133,16,10,0.8926,0.9301,0.8365
8,clab-nebula-serf110,50,148,161,148,13,0,0.9193,1.0000,0.9193
8,clab-nebula-serf110,55,154,161,154,7,0,0.9565,1.0000,0.9565
8,clab-nebula-serf110,60,157,161,157,4,0,0.9752,1.0000,0.9752
8,clab-nebula-serf115,5,0,0,0,0,0,1.0000,1.0000,1.0000
8,clab-nebula-serf115,10,0,0,0,0,0,1.0000,1.0000,1.0000
8,clab-nebula-serf115,15,0,0,0,0,0,1.0000,1.0000,1.0000
8,clab-nebula-serf115,20,0,0,0,0,0,1.0000,1.0000,1.0000
8,clab-nebula-serf115,25,0,0,0,0,0,1.0000,1.0000,1.0000
8,clab-nebula-serf115,30,0,0,0,0,0,1.0000,1.0000,1.0000
8,clab-nebula-serf115,35,1,0,0,0,1,0.0000,0.0000,0.0000
8,clab-nebula-serf115,40,3,4,1,3,2,0.2500,0.3333,0.1667
8,clab-nebula-serf115,45,6,8,1,7,5,0.1250,0.1667,0.0769
8,clab-nebula-serf115,50,23,61,15,46,8,0.2459,0.6522,0.2174
8,clab-nebula-serf115,55,57,88,48,40,9,0.5455,0.8421,0.4948
8,clab-nebula-serf115,60,103,161,103,58,0,0.6398,1.0000,0.6398
8,clab-nebula-serf120,5,2,0,0,0,2,0.0000,0.0000,0.0000
8,clab-nebula-serf120,10,2,0,0,0,2,0.0000,0.0000,0.0000
8,clab-nebula-serf120,15,2,0,0,0,2,0.0000,0.0000,0.0000
8,clab-nebula-serf120,20,2,3,2,1,0,0.6667,1.0000,0.6667
8,clab-nebula-serf120,25,2,61,2,59,0,0.0328,1.0000,0.0328
8,clab-nebula-serf120,30,3,88,3,85,0,0.0341,1.0000,0.0341
8,clab-nebula-serf120,35,3,161,3,158,0,0.0186,1.0000,0.0186
8,clab-nebula-serf120,40,3,161,3,158,0,0.0186,1.0000,0.0186
8,clab-nebula-serf120,45,5,161,5,156,0,0.0311,1.0000,0.0311
8,clab-nebula-serf120,50,14,161,14,147,0,0.0870,1.0000,0.0870
8,clab-nebula-serf120,55,24,161,24,137,0,0.1491,1.0000,0.1491
8,clab-nebula-serf120,60,48,161,48,113,0,0.2981,1.0000,0.2981
8,clab-nebula-serf125,5,0,0,0,0,0,1.0000,1.0000,1.0000
8,clab-nebula-serf125,10,3,0,0,0,3,0.0000,0.0000,0.0000
8,clab-nebula-serf125,15,12,0,0,0,12,0.0000,0.0000,0.0000
8,clab-nebula-serf125,20,45,0,0,0,45,0.0000,0.0000,0.0000
8,clab-nebula-serf125,25,58,69,38,31,20,0.5507,0.6552,0.4270
8,clab-nebula-serf125,30,84,135,74,61,10,0.5481,0.8810,0.5103
8,clab-nebula-serf125,35,112,161,112,49,0,0.6957,1.0000,0.6957
8,clab-nebula-serf125,40,137,161,137,24,0,0.8509,1.0000,0.8509
8,clab-nebula-serf125,45,146,161,146,15,0,0.9068,1.0000,0.9068
8,clab-nebula-serf125,50,155,161,155,6,0,0.9627,1.0000,0.9627
8,clab-nebula-serf125,55,161,161,161,0,0,1.0000,1.0000,1.0000
8,clab-nebula-serf125,60,161,161,161,0,0,1.0000,1.0000,1.0000
8,clab-nebula-serf130,5,0,0,0,0,0,1.0000,1.0000,1.0000
8,clab-nebula-serf130,10,0,0,0,0,0,1.0000,1.0000,1.0000
8,clab-nebula-serf130,15,0,0,0,0,0,1.0000,1.0000,1.0000
8,clab-nebula-serf130,20,13,0,0,0,13,0.0000,0.0000,0.0000
8,clab-nebula-serf130,25,14,0,0,0,14,0.0000,0.0000,0.0000
8,clab-nebula-serf130,30,24,0,0,0,24,0.0000,0.0000,0.0000
8,clab-nebula-serf130,35,41,68,31,37,10,0.4559,0.7561,0.3974
8,clab-nebula-serf130,40,53,83,43,40,10,0.5181,0.8113,0.4624
8,clab-nebula-serf130,45,84,161,84,77,0,0.5217,1.0000,0.5217
8,clab-nebula-serf130,50,111,161,111,50,0,0.6894,1.0000,0.6894
8,clab-nebula-serf130,55,136,161,136,25,0,0.8447,1.0000,0.8447
8,clab-nebula-serf130,60,146,161,146,15,0,0.9068,1.0000,0.9068
8,clab-nebula-serf135,5,0,0,0,0,0,1.0000,1.0000,1.0000
8,clab-nebula-serf135,10,0,0,0,0,0,1.0000,1.0000,1.0000
8,clab-nebula-serf135,15,1,0,0,0,1,0.0000,0.0000,0.0000
8,clab-nebula-serf135,20,14,0,0,0,14,0.0000,0.0000,0.0000
8,clab-nebula-serf135,25,15,0,0,0,15,0.0000,0.0000,0.0000
8,clab-nebula-serf135,30,25,26,21,5,4,0.8077,0.8400,0.7000
8,clab-nebula-serf135,35,42,80,32,48,10,0.4000,0.7619,0.3556
8,clab-nebula-serf135,40,54,149,44,105,10,0.2953,0.8148,0.2767
8,clab-nebula-serf135,45,91,161,91,70,0,0.5652,1.0000,0.5652
8,clab-nebula-serf135,50,112,161,112,49,0,0.6957,1.0000,0.6957
8,clab-nebula-serf135,55,137,161,137,24,0,0.8509,1.0000,0.8509
8,clab-nebula-serf135,60,146,161,146,15,0,0.9068,1.0000,0.9068
8,clab-nebula-serf140,5,0,0,0,0,0,1.0000,1.0000,1.0000
8,clab-nebula-serf140,10,0,0,0,0,0,1.0000,1.0000,1.0000
8,clab-nebula-serf140,15,0,0,0,0,0,1.0000,1.0000,1.0000
8,clab-nebula-serf140,20,13,0,0,0,13,0.0000,0.0000,0.0000
8,clab-nebula-serf140,25,14,0,0,0,14,0.0000,0.0000,0.0000
8,clab-nebula-serf140,30,25,0,0,0,25,0.0000,0.0000,0.0000
8,clab-nebula-serf140,35,39,68,29,39,10,0.4265,0.7436,0.3718
8,clab-nebula-serf140,40,52,83,42,41,10,0.5060,0.8077,0.4516
8,clab-nebula-serf140,45,82,161,82,79,0,0.5093,1.0000,0.5093
8,clab-nebula-serf140,50,108,161,108,53,0,0.6708,1.0000,0.6708
8,clab-nebula-serf140,55,136,161,136,25,0,0.8447,1.0000,0.8447
8,clab-nebula-serf140,60,145,161,145,16,0,0.9006,1.0000,0.9006
8,clab-nebula-serf145,5,0,0,0,0,0,1.0000,1.0000,1.0000
8,clab-nebula-serf145,10,0,0,0,0,0,1.0000,1.0000,1.0000
8,clab-nebula-serf145,15,1,0,0,0,1,0.0000,0.0000,0.0000
8,clab-nebula-serf145,20,5,0,0,0,5,0.0000,0.0000,0.0000
8,clab-nebula-serf145,25,7,0,0,0,7,0.0000,0.0000,0.0000
8,clab-nebula-serf145,30,15,0,0,0,15,0.0000,0.0000,0.0000
8,clab-nebula-serf145,35,37,68,30,38,7,0.4412,0.8108,0.4000
8,clab-nebula-serf145,40,56,102,46,56,10,0.4510,0.8214,0.4107
8,clab-nebula-serf145,45,66,161,66,95,0,0.4099,1.0000,0.4099
8,clab-nebula-serf145,50,104,161,104,57,0,0.6460,1.0000,0.6460
8,clab-nebula-serf145,55,130,161,130,31,0,0.8075,1.0000,0.8075
8,clab-nebula-serf145,60,145,161,145,16,0,0.9006,1.0000,0.9006
8,clab-nebula-serf150,5,0,0,0,0,0,1.0000,1.0000,1.0000
8,clab-nebula-serf150,10,0,0,0,0,0,1.0000,1.0000,1.0000
8,clab-nebula-serf150,15,1,0,0,0,1,0.0000,0.0000,0.0000
8,clab-nebula-serf150,20,9,0,0,0,9,0.0000,0.0000,0.0000
8,clab-nebula-serf150,25,17,0,0,0,17,0.0000,0.0000,0.0000
8,clab-nebula-serf150,30,23,53,9,44,14,0.1698,0.3913,0.1343
8,clab-nebula-serf150,35,42,83,11,72,31,0.1325,0.2619,0.0965
8,clab-nebula-serf150,40,54,140,54,86,0,0.3857,1.0000,0.3857
8,clab-nebula-serf150,45,79,156,78,78,1,0.5000,0.9873,0.4968
8,clab-nebula-serf150,50,117,161,117,44,0,0.7267,1.0000,0.7267
8,clab-nebula-serf150,55,141,161,141,20,0,0.8758,1.0000,0.8758
8,clab-nebula-serf150,60,152,161,152,9,0,0.9441,1.0000,0.9441
8,clab-nebula-serf155,5,0,0,0,0,0,1.0000,1.0000,1.0000
8,clab-nebula-serf155,10,0,0,0,0,0,1.0000,1.0000,1.0000
8,clab-nebula-serf155,15,1,0,0,0,1,0.0000,0.0000,0.0000
8,clab-nebula-serf155,20,11,0,0,0,11,0.0000,0.0000,0.0000
8,clab-nebula-serf155,25,14,0,0,0,14,0.0000,0.0000,0.0000
8,clab-nebula-serf155,30,24,0,0,0,24,0.0000,0.0000,0.0000
8,clab-nebula-serf155,35,43,72,9,63,34,0.1250,0.2093,0.0849
8,clab-nebula-serf155,40,56,83,17,66,39,0.2048,0.3036,0.1393
8,clab-nebula-serf155,45,82,140,79,61,3,0.5643,0.9634,0.5524
8,clab-nebula-serf155,50,117,156,116,40,1,0.7436,0.9915,0.7389
8,clab-nebula-serf155,55,137,161,137,24,0,0.8509,1.0000,0.8509
8,clab-nebula-serf155,60,150,161,150,11,0,0.9317,1.0000,0.9317
8,clab-nebula-serf160,5,4,0,0,0,4,0.0000,0.0000,0.0000
8,clab-nebula-serf160,10,4,0,0,0,4,0.0000,0.0000,0.0000
8,clab-nebula-serf160,15,5,0,0,0,5,0.0000,0.0000,0.0000
8,clab-nebula-serf160,20,10,0,0,0,10,0.0000,0.0000,0.0000
8,clab-nebula-serf160,25,25,64,18,46,7,0.2812,0.7200,0.2535
8,clab-nebula-serf160,30,37,83,27,56,10,0.3253,0.7297,0.2903
8,clab-nebula-serf160,35,43,161,43,118,0,0.2671,1.0000,0.2671
8,clab-nebula-serf160,40,58,161,58,103,0,0.3602,1.0000,0.3602
8,clab-nebula-serf160,45,82,161,82,79,0,0.5093,1.0000,0.5093
8,clab-nebula-serf160,50,118,161,118,43,0,0.7329,1.0000,0.7329
8,clab-nebula-serf160,55,139,161,139,22,0,0.8634,1.0000,0.8634
8,clab-nebula-serf160,60,149,161,149,12,0,0.9255,1.0000,0.9255
10,clab-nebula-serf1,5,0,0,0,0,0,1.0000,1.0000,1.0000
10,clab-nebula-serf1,10,6,0,0,0,6,0.0000,0.0000,0.0000
10,clab-nebula-serf1,15,12,0,0,0,12,0.0000,0.0000,0.0000
10,clab-nebula-serf1,20,19,72,19,53,0,0.2639,1.0000,0.2639
10,clab-nebula-serf1,25,37,83,34,49,3,0.4096,0.9189,0.3953
10,clab-nebula-serf1,30,74,148,69,79,5,0.4662,0.9324,0.4510
10,clab-nebula-serf1,35,91,156,89,67,2,0.5705,0.9780,0.5633
10,clab-nebula-serf1,40,107,161,107,54,0,0.6646,1.0000,0.6646
10,clab-nebula-serf1,45,117,161,117,44,0,0.7267,1.0000,0.7267
10,clab-nebula-serf1,50,121,161,121,40,0,0.7516,1.0000,0.7516
10,clab-nebula-serf1,55,133,161,133,28,0,0.8261,1.0000,0.8261
10,clab-nebula-serf1,60,153,161,153,8,0,0.9503,1.0000,0.9503
10,clab-nebula-serf5,5,0,0,0,0,0,1.0000,1.0000,1.0000
10,clab-nebula-serf5,10,3,0,0,0,3,0.0000,0.0000,0.0000
10,clab-nebula-serf5,15,7,0,0,0,7,0.0000,0.0000,0.0000
10,clab-nebula-serf5,20,14,72,14,58,0,0.1944,1.0000,0.1944
10,clab-nebula-serf5,25,19,83,19,64,0,0.2289,1.0000,0.2289
10,clab-nebula-serf5,30,46,140,42,98,4,0.3000,0.9130,0.2917
10,clab-nebula-serf5,35,80,156,79,77,1,0.5064,0.9875,0.5032
10,clab-nebula-serf5,40,92,161,92,69,0,0.5714,1.0000,0.5714
10,clab-nebula-serf5,45,108,161,108,53,0,0.6708,1.0000,0.6708
10,clab-nebula-serf5,50,118,161,118,43,0,0.7329,1.0000,0.7329
10,clab-nebula-serf5,55,121,161,121,40,0,0.7516,1.0000,0.7516
10,clab-nebula-serf5,60,143,161,143,18,0,0.8882,1.0000,0.8882
10,clab-nebula-serf10,5,1,0,0,0,1,0.0000,0.0000,0.0000
10,clab-nebula-serf10,10,9,0,0,0,9,0.0000,0.0000,0.0000
10,clab-nebula-serf10,15,20,0,0,0,20,0.0000,0.0000,0.0000
10,clab-nebula-serf10,20,40,0,0,0,40,0.0000,0.0000,0.0000
10,clab-nebula-serf10,25,71,42,38,4,33,0.9048,0.5352,0.5067
10,clab-nebula-serf10,30,88,82,57,25,31,0.6951,0.6477,0.5044
10,clab-nebula-serf10,35,103,138,89,49,14,0.6449,0.8641,0.5855
10,clab-nebula-serf10,40,120,156,117,39,3,0.7500,0.9750,0.7358
10,clab-nebula-serf10,45,121,159,121,38,0,0.7610,1.0000,0.7610
10,clab-nebula-serf10,50,129,161,129,32,0,0.8012,1.0000,0.8012
10,clab-nebula-serf10,55,153,161,153,8,0,0.9503,1.0000,0.9503
10,clab-nebula-serf10,60,156,161,156,5,0,0.9689,1.0000,0.9689
10,clab-nebula-serf15,5,1,0,0,0,1,0.0000,0.0000,0.0000
10,clab-nebula-serf15,10,14,0,0,0,14,0.0000,0.0000,0.0000
10,clab-nebula-serf15,15,32,0,0,0,32,0.0000,0.0000,0.0000
10,clab-nebula-serf15,20,68,0,0,0,68,0.0000,0.0000,0.0000
10,clab-nebula-serf15,25,88,40,39,1,49,0.9750,0.4432,0.4382
10,clab-nebula-serf15,30,100,82,61,21,39,0.7439,0.6100,0.5041
10,clab-nebula-serf15,35,117,140,103,37,14,0.7357,0.8803,0.6688
10,clab-nebula-serf15,40,121,156,118,38,3,0.7564,0.9752,0.7421
10,clab-nebula-serf15,45,124,159,124,35,0,0.7799,1.0000,0.7799
10,clab-nebula-serf15,50,151,161,151,10,0,0.9379,1.0000,0.9379
10,clab-nebula-serf15,55,154,161,154,7,0,0.9565,1.0000,0.9565
10,clab-nebula-serf15,60,158,161,158,3,0,0.9814,1.0000,0.9814
10,clab-nebula-serf20,5,2,0,0,0,2,0.0000,0.0000,0.0000
10,clab-nebula-serf20,10,4,0,0,0,4,0.0000,0.0000,0.0000
10,clab-nebula-serf20,15,15,0,0,0,15,0.0000,0.0000,0.0000
10,clab-nebula-serf20,20,26,0,0,0,26,0.0000,0.0000,0.0000
10,clab-nebula-serf20,25,46,0,0,0,46,0.0000,0.0000,0.0000
10,clab-nebula-serf20,30,80,82,55,27,25,0.6707,0.6875,0.5140
10,clab-nebula-serf20,35,93,138,79,59,14,0.5725,0.8495,0.5197
10,clab-nebula-serf20,40,102,156,99,57,3,0.6346,0.9706,0.6226
10,clab-nebula-serf20,45,118,159,118,41,0,0.7421,1.0000,0.7421
10,clab-nebula-serf20,50,124,161,124,37,0,0.7702,1.0000,0.7702
10,clab-nebula-serf20,55,129,161,129,32,0,0.8012,1.0000,0.8012
10,clab-nebula-serf20,60,154,161,154,7,0,0.9565,1.0000,0.9565
10,clab-nebula-serf25,5,0,0,0,0,0,1.0000,1.0000,1.0000
10,clab-nebula-serf25,10,4,0,0,0,4,0.0000,0.0000,0.0000
10,clab-nebula-serf25,15,12,0,0,0,12,0.0000,0.0000,0.0000
10,clab-nebula-serf25,20,28,0,0,0,28,0.0000,0.0000,0.0000
10,clab-nebula-serf25,25,44,0,0,0,44,0.0000,0.0000,0.0000
10,clab-nebula-serf25,30,81,62,55,7,26,0.8871,0.6790,0.6250
10,clab-nebula-serf25,35,93,99,77,22,16,0.7778,0.8280,0.6696
10,clab-nebula-serf25,40,102,152,99,53,3,0.6513,0.9706,0.6387
10,clab-nebula-serf25,45,119,156,116,40,3,0.7436,0.9748,0.7296
10,clab-nebula-serf25,50,124,161,124,37,0,0.7702,1.0000,0.7702
10,clab-nebula-serf25,55,127,161,127,34,0,0.7888,1.0000,0.7888
10,clab-nebula-serf25,60,154,161,154,7,0,0.9565,1.0000,0.9565
10,clab-nebula-serf30,5,1,0,0,0,1,0.0000,0.0000,0.0000
10,clab-nebula-serf30,10,13,0,0,0,13,0.0000,0.0000,0.0000
10,clab-nebula-serf30,15,28,0,0,0,28,0.0000,0.0000,0.0000
10,clab-nebula-serf30,20,45,0,0,0,45,0.0000,0.0000,0.0000
10,clab-nebula-serf30,25,81,64,55,9,26,0.8594,0.6790,0.6111
10,clab-nebula-serf30,30,93,99,77,22,16,0.7778,0.8280,0.6696
10,clab-nebula-serf30,35,102,152,99,53,3,0.6513,0.9706,0.6387
10,clab-nebula-serf30,40,119,157,117,40,2,0.7452,0.9832,0.7358
10,clab-nebula-serf30,45,124,161,124,37,0,0.7702,1.0000,0.7702
10,clab-nebula-serf30,50,128,161,128,33,0,0.7950,1.0000,0.7950
10,clab-nebula-serf30,55,154,161,154,7,0,0.9565,1.0000,0.9565
10,clab-nebula-serf30,60,154,161,154,7,0,0.9565,1.0000,0.9565
10,clab-nebula-serf35,5,0,0,0,0,0,1.0000,1.0000,1.0000
10,clab-nebula-serf35,10,1,0,0,0,1,0.0000,0.0000,0.0000
10,clab-nebula-serf35,15,7,0,0,0,7,0.0000,0.0000,0.0000
10,clab-nebula-serf35,20,26,0,0,0,26,0.0000,0.0000,0.0000
10,clab-nebula-serf35,25,63,0,0,0,63,0.0000,0.0000,0.0000
10,clab-nebula-serf35,30,85,0,0,0,85,0.0000,0.0000,0.0000
10,clab-nebula-serf35,35,95,75,60,15,35,0.8000,0.6316,0.5455
10,clab-nebula-serf35,40,111,111,90,21,21,0.8108,0.8108,0.6818
10,clab-nebula-serf35,45,121,152,118,34,3,0.7763,0.9752,0.7613
10,clab-nebula-serf35,50,124,159,124,35,0,0.7799,1.0000,0.7799
10,clab-nebula-serf35,55,145,161,145,16,0,0.9006,1.0000,0.9006
10,clab-nebula-serf35,60,154,161,154,7,0,0.9565,1.0000,0.9565
10,clab-nebula-serf40,5,0,0,0,0,0,1.0000,1.0000,1.0000
10,clab-nebula-serf40,10,1,0,0,0,1,0.0000,0.0000,0.0000
10,clab-nebula-serf40,15,11,0,0,0,11,0.0000,0.0000,0.0000
10,clab-nebula-serf40,20,35,0,0,0,35,0.0000,0.0000,0.0000
10,clab-nebula-serf40,25,71,0,0,0,71,0.0000,0.0000,0.0000
10,clab-nebula-serf40,30,87,0,0,0,87,0.0000,0.0000,0.0000
10,clab-nebula-serf40,35,98,82,59,23,39,0.7195,0.6020,0.4876
10,clab-nebula-serf40,40,118,138,101,37,17,0.7319,0.8559,0.6516
10,clab-nebula-serf40,45,122,153,119,34,3,0.7778,0.9754,0.7628
10,clab-nebula-serf40,50,126,159,126,33,0,0.7925,1.0000,0.7925
10,clab-nebula-serf40,55,153,161,153,8,0,0.9503,1.0000,0.9503
10,clab-nebula-serf40,60,154,161,154,7,0,0.9565,1.0000,0.9565
10,clab-nebula-serf45,5,2,0,0,0,2,0.0000,0.0000,0.0000
10,clab-nebula-serf45,10,8,0,0,0,8,0.0000,0.0000,0.0000
10,clab-nebula-serf45,15,22,0,0,0,22,0.0000,0.0000,0.0000
10,clab-nebula-serf45,20,40,0,0,0,40,0.0000,0.0000,0.0000
10,clab-nebula-serf45,25,80,19,19,0,61,1.0000,0.2375,0.2375
10,clab-nebula-serf45,30,90,83,58,25,32,0.6988,0.6444,0.5043
10,clab-nebula-serf45,35,118,140,103,37,15,0.7357,0.8729,0.6645
10,clab-nebula-serf45,40,121,156,118,38,3,0.7564,0.9752,0.7421
10,clab-nebula-serf45,45,124,161,124,37,0,0.7702,1.0000,0.7702
10,clab-nebula-serf45,50,145,161,145,16,0,0.9006,1.0000,0.9006
10,clab-nebula-serf45,55,154,161,154,7,0,0.9565,1.0000,0.9565
10,clab-nebula-serf45,60,155,161,155,6,0,0.9627,1.0000,0.9627
10,clab-nebula-serf50,5,3,0,0,0,3,0.0000,0.0000,0.0000
10,clab-nebula-serf50,10,8,0,0,0,8,0.0000,0.0000,0.0000
10,clab-nebula-serf50,15,23,0,0,0,23,0.0000,0.0000,0.0000
10,clab-nebula-serf50,20,41,0,0,0,41,0.0000,0.0000,0.0000
10,clab-nebula-serf50,25,81,19,19,0,62,1.0000,0.2346,0.2346
10,clab-nebula-serf50,30,93,83,59,24,34,0.7108,0.6344,0.5043
10,clab-nebula-serf50,35,118,140,103,37,15,0.7357,0.8729,0.6645
10,clab-nebula-serf50,40,122,156,119,37,3,0.7628,0.9754,0.7484
10,clab-nebula-serf50,45,125,161,125,36,0,0.7764,1.0000,0.7764
10,clab-nebula-serf50,50,153,161,153,8,0,0.9503,1.0000,0.9503
10,clab-nebula-serf50,55,154,161,154,7,0,0.9565,1.0000,0.9565
10,clab-nebula-serf50,60,156,161,156,5,0,0.9689,1.0000,0.9689
10,clab-nebula-serf55,5,0,0,0,0,0,1.0000,1.0000,1.0000
10,clab-nebula-serf55,10,9,0,0,0,9,0.0000,0.0000,0.0000
10,clab-nebula-serf55,15,23,0,0,0,23,0.0000,0.0000,0.0000
10,clab-nebula-serf55,20,64,0,0,0,64,0.0000,0.0000,0.0000
10,clab-nebula-serf55,25,83,0,0,0,83,0.0000,0.0000,0.0000
10,clab-nebula-serf55,30,96,72,58,14,38,0.8056,0.6042,0.5273
10,clab-nebula-serf55,35,119,99,88,11,31,0.8889,0.7395,0.6769
10,clab-nebula-serf55,40,121,152,118,34,3,0.7763,0.9752,0.7613
10,clab-nebula-serf55,45,126,156,123,33,3,0.7885,0.9762,0.7736
10,clab-nebula-serf55,50,153,161,153,8,0,0.9503,1.0000,0.9503
10,clab-nebula-serf55,55,154,161,154,7,0,0.9565,1.0000,0.9565
10,clab-nebula-serf55,60,157,161,157,4,0,0.9752,1.0000,0.9752
10,clab-nebula-serf60,5,4,0,0,0,4,0.0000,0.0000,0.0000
10,clab-nebula-serf60,10,10,0,0,0,10,0.0000,0.0000,0.0000
10,clab-nebula-serf60,15,42,0,0,0,42,0.0000,0.0000,0.0000
10,clab-nebula-serf60,20,70,0,0,0,70,0.0000,0.0000,0.0000
10,clab-nebula-serf60,25,87,0,0,0,87,0.0000,0.0000,0.0000
10,clab-nebula-serf60,30,111,82,67,15,44,0.8171,0.6036,0.5317
10,clab-nebula-serf60,35,120,138,104,34,16,0.7536,0.8667,0.6753
10,clab-nebula-serf60,40,124,156,121,35,3,0.7756,0.9758,0.7610
10,clab-nebula-serf60,45,143,159,143,16,0,0.8994,1.0000,0.8994
10,clab-nebula-serf60,50,154,161,154,7,0,0.9565,1.0000,0.9565
10,clab-nebula-serf60,55,154,161,154,7,0,0.9565,1.0000,0.9565
10,clab-nebula-serf60,60,158,161,158,3,0,0.9814,1.0000,0.9814
10,clab-nebula-serf65,5,0,0,0,0,0,1.0000,1.0000,1.0000
10,clab-nebula-serf65,10,0,0,0,0,0,1.0000,1.0000,1.0000
10,clab-nebula-serf65,15,0,0,0,0,0,1.0000,1.0000,1.0000
10,clab-nebula-serf65,20,23,0,0,0,23,0.0000,0.0000,0.0000
10,clab-nebula-serf65,25,62,0,0,0,62,0.0000,0.0000,0.0000
10,clab-nebula-serf65,30,95,24,23,1,72,0.9583,0.2421,0.2396
10,clab-nebula-serf65,35,115,142,113,29,2,0.7958,0.9826,0.7847
10,clab-nebula-serf65,40,122,156,119,37,3,0.7628,0.9754,0.7484
10,clab-nebula-serf65,45,126,161,126,35,0,0.7826,1.0000,0.7826
10,clab-nebula-serf65,50,152,161,152,9,0,0.9441,1.0000,0.9441
10,clab-nebula-serf65,55,154,161,154,7,0,0.9565,1.0000,0.9565
10,clab-nebula-serf65,60,155,161,155,6,0,0.9627,1.0000,0.9627
10,clab-nebula-serf70,5,3,0,0,0,3,0.0000,0.0000,0.0000
10,clab-nebula-serf70,10,19,0,0,0,19,0.0000,0.0000,0.0000
10,clab-nebula-serf70,15,36,0,0,0,36,0.0000,0.0000,0.0000
10,clab-nebula-serf70,20,66,0,0,0,66,0.0000,0.0000,0.0000
10,clab-nebula-serf70,25,87,29,27,2,60,0.9310,0.3103,0.3034
10,clab-nebula-serf70,30,110,82,63,19,47,0.7683,0.5727,0.4884
10,clab-nebula-serf70,35,119,138,103,35,16,0.7464,0.8655,0.6688
10,clab-nebula-serf70,40,124,156,122,34,2,0.7821,0.9839,0.7722
10,clab-nebula-serf70,45,147,159,147,12,0,0.9245,1.0000,0.9245
10,clab-nebula-serf70,50,154,161,154,7,0,0.9565,1.0000,0.9565
10,clab-nebula-serf70,55,158,161,158,3,0,0.9814,1.0000,0.9814
10,clab-nebula-serf70,60,161,161,161,0,0,1.0000,1.0000,1.0000
10,clab-nebula-serf75,5,0,0,0,0,0,1.0000,1.0000,1.0000
10,clab-nebula-serf75,10,7,0,0,0,7,0.0000,0.0000,0.0000
10,clab-nebula-serf75,15,26,0,0,0,26,0.0000,0.0000,0.0000
10,clab-nebula-serf75,20,41,0,0,0,41,0.0000,0.0000,0.0000
10,clab-nebula-serf75,25,76,0,0,0,76,0.0000,0.0000,0.0000
10,clab-nebula-serf75,30,100,34,25,9,75,0.7353,0.2500,0.2294
10,clab-nebula-serf75,35,115,99,73,26,42,0.7374,0.6348,0.5177
10,clab-nebula-serf75,40,122,159,122,37,0,0.7673,1.0000,0.7673
10,clab-nebula-serf75,45,135,161,135,26,0,0.8385,1.0000,0.8385
10,clab-nebula-serf75,50,154,161,154,7,0,0.9565,1.0000,0.9565
10,clab-nebula-serf75,55,155,161,155,6,0,0.9627,1.0000,0.9627
10,clab-nebula-serf75,60,158,161,158,3,0,0.9814,1.0000,0.9814
10,clab-nebula-serf80,5,0,0,0,0,0,1.0000,1.0000,1.0000
10,clab-nebula-serf80,10,14,0,0,0,14,0.0000,0.0000,0.0000
10,clab-nebula-serf80,15,32,0,0,0,32,0.0000,0.0000,0.0000
10,clab-nebula-serf80,20,55,0,0,0,55,0.0000,0.0000,0.0000
10,clab-nebula-serf80,25,84,0,0,0,84,0.0000,0.0000,0.0000
10,clab-nebula-serf80,30,110,67,42,25,68,0.6269,0.3818,0.3111
10,clab-nebula-serf80,35,120,146,118,28,2,0.8082,0.9833,0.7973
10,clab-nebula-serf80,40,127,161,127,34,0,0.7888,1.0000,0.7888
10,clab-nebula-serf80,45,152,161,152,9,0,0.9441,1.0000,0.9441
10,clab-nebula-serf80,50,154,161,154,7,0,0.9565,1.0000,0.9565
10,clab-nebula-serf80,55,156,161,156,5,0,0.9689,1.0000,0.9689
10,clab-nebula-serf80,60,159,161,159,2,0,0.9876,1.0000,0.9876
10,clab-nebula-serf85,5,0,0,0,0,0,1.0000,1.0000,1.0000
10,clab-nebula-serf85,10,4,0,0,0,4,0.0000,0.0000,0.0000
10,clab-nebula-serf85,15,19,0,0,0,19,0.0000,0.0000,0.0000
10,clab-nebula-serf85,20,35,0,0,0,35,0.0000,0.0000,0.0000
10,clab-nebula-serf85,25,57,0,0,0,57,0.0000,0.0000,0.0000
10,clab-nebula-serf85,30,82,56,18,38,64,0.3214,0.2195,0.1500
10,clab-nebula-serf85,35,111,87,53,34,58,0.6092,0.4775,0.3655
10,clab-nebula-serf85,40,119,151,119,32,0,0.7881,1.0000,0.7881
10,clab-nebula-serf85,45,134,161,134,27,0,0.8323,1.0000,0.8323
10,clab-nebula-serf85,50,149,161,149,12,0,0.9255,1.0000,0.9255
10,clab-nebula-serf85,55,154,161,154,7,0,0.9565,1.0000,0.9565
10,clab-nebula-serf85,60,157,161,157,4,0,0.9752,1.0000,0.9752
10,clab-nebula-serf90,5,2,0,0,0,2,0.0000,0.0000,0.0000
10,clab-nebula-serf90,10,9,0,0,0,9,0.0000,0.0000,0.0000
10,clab-nebula-serf90,15,30,0,0,0,30,0.0000,0.0000,0.0000
10,clab-nebula-serf90,20,49,0,0,0,49,0.0000,0.0000,0.0000
10,clab-nebula-serf90,25,78,0,0,0,78,0.0000,0.0000,0.0000
10,clab-nebula-serf90,30,101,72,41,31,60,0.5694,0.4059,0.3106
10,clab-nebula-serf90,35,119,88,57,31,62,0.6477,0.4790,0.3800
10,clab-nebula-serf90,40,122,161,122,39,0,0.7578,1.0000,0.7578
10,clab-nebula-serf90,45,137,161,137,24,0,0.8509,1.0000,0.8509
10,clab-nebula-serf90,50,154,161,154,7,0,0.9565,1.0000,0.9565
10,clab-nebula-serf90,55,155,161,155,6,0,0.9627,1.0000,0.9627
10,clab-nebula-serf90,60,159,161,159,2,0,0.9876,1.0000,0.9876
10,clab-nebula-serf95,5,0,0,0,0,0,1.0000,1.0000,1.0000
10,clab-nebula-serf95,10,10,0,0,0,10,0.0000,0.0000,0.0000
10,clab-nebula-serf95,15,30,0,0,0,30,0.0000,0.0000,0.0000
10,clab-nebula-serf95,20,50,0,0,0,50,0.0000,0.0000,0.0000
10,clab-nebula-serf95,25,80,0,0,0,80,0.0000,0.0000,0.0000
10,clab-nebula-serf95,30,104,72,42,30,62,0.5833,0.4038,0.3134
10,clab-nebula-serf95,35,119,88,57,31,62,0.6477,0.4790,0.3800
10,clab-nebula-serf95,40,124,161,124,37,0,0.7702,1.0000,0.7702
10,clab-nebula-serf95,45,142,161,142,19,0,0.8820,1.0000,0.8820
10,clab-nebula-serf95,50,154,161,154,7,0,0.9565,1.0000,0.9565
10,clab-nebula-serf95,55,154,161,154,7,0,0.9565,1.0000,0.9565
10,clab-nebula-serf95,60,159,161,159,2,0,0.9876,1.0000,0.9876
10,clab-nebula-serf100,5,6,0,0,0,6,0.0000,0.0000,0.0000
10,clab-nebula-serf100,10,7,0,0,0,7,0.0000,0.0000,0.0000
10,clab-nebula-serf100,15,8,0,0,0,8,0.0000,0.0000,0.0000
10,clab-nebula-serf100,20,14,0,0,0,14,0.0000,0.0000,0.0000
10,clab-nebula-serf100,25,25,10,9,1,16,0.9000,0.3600,0.3462
10,clab-nebula-serf100,30,59,140,54,86,5,0.3857,0.9153,0.3724
10,clab-nebula-serf100,35,89,156,88,68,1,0.5641,0.9888,0.5605
10,clab-nebula-serf100,40,137,161,137,24,0,0.8509,1.0000,0.8509
10,clab-nebula-serf100,45,150,161,150,11,0,0.9317,1.0000,0.9317
10,clab-nebula-serf100,50,159,161,159,2,0,0.9876,1.0000,0.9876
10,clab-nebula-serf100,55,160,161,160,1,0,0.9938,1.0000,0.9938
10,clab-nebula-serf100,60,161,161,161,0,0,1.0000,1.0000,1.0000
10,clab-nebula-serf105,5,1,0,0,0,1,0.0000,0.0000,0.0000
10,clab-nebula-serf105,10,3,0,0,0,3,0.0000,0.0000,0.0000
10,clab-nebula-serf105,15,8,0,0,0,8,0.0000,0.0000,0.0000
10,clab-nebula-serf105,20,25,0,0,0,25,0.0000,0.0000,0.0000
10,clab-nebula-serf105,25,54,0,0,0,54,0.0000,0.0000,0.0000
10,clab-nebula-serf105,30,86,65,42,23,44,0.6462,0.4884,0.3853
10,clab-nebula-serf105,35,123,103,79,24,44,0.7670,0.6423,0.5374
10,clab-nebula-serf105,40,145,161,145,16,0,0.9006,1.0000,0.9006
10,clab-nebula-serf105,45,153,161,153,8,0,0.9503,1.0000,0.9503
10,clab-nebula-serf105,50,155,161,155,6,0,0.9627,1.0000,0.9627
10,clab-nebula-serf105,55,160,161,160,1,0,0.9938,1.0000,0.9938
10,clab-nebula-serf105,60,161,161,161,0,0,1.0000,1.0000,1.0000
10,clab-nebula-serf110,5,0,0,0,0,0,1.0000,1.0000,1.0000
10,clab-nebula-serf110,10,0,0,0,0,0,1.0000,1.0000,1.0000
10,clab-nebula-serf110,15,2,0,0,0,2,0.0000,0.0000,0.0000
10,clab-nebula-serf110,20,7,0,0,0,7,0.0000,0.0000,0.0000
10,clab-nebula-serf110,25,15,0,0,0,15,0.0000,0.0000,0.0000
10,clab-nebula-serf110,30,37,0,0,0,37,0.0000,0.0000,0.0000
10,clab-nebula-serf110,35,69,34,15,19,54,0.4412,0.2174,0.1705
10,clab-nebula-serf110,40,107,78,57,21,50,0.7308,0.5327,0.4453
10,clab-nebula-serf110,45,143,149,133,16,10,0.8926,0.9301,0.8365
10,clab-nebula-serf110,50,148,161,148,13,0,0.9193,1.0000,0.9193
10,clab-nebula-serf110,55,154,161,154,7,0,0.9565,1.0000,0.9565
10,clab-nebula-serf110,60,157,161,157,4,0,0.9752,1.0000,0.9752
10,clab-nebula-serf115,5,0,0,0,0,0,1.0000,1.0000,1.0000
10,clab-nebula-serf115,10,0,0,0,0,0,1.0000,1.0000,1.0000
10,clab-nebula-serf115,15,0,0,0,0,0,1.0000,1.0000,1.0000
10,clab-nebula-serf115,20,0,0,0,0,0,1.0000,1.0000,1.0000
10,clab-nebula-serf115,25,0,0,0,0,0,1.0000,1.0000,1.0000
10,clab-nebula-serf115,30,0,0,0,0,0,1.0000,1.0000,1.0000
10,clab-nebula-serf115,35,1,0,0,0,1,0.0000,0.0000,0.0000
10,clab-nebula-serf115,40,3,4,1,3,2,0.2500,0.3333,0.1667
10,clab-nebula-serf115,45,6,8,1,7,5,0.1250,0.1667,0.0769
10,clab-nebula-serf115,50,23,61,15,46,8,0.2459,0.6522,0.2174
10,clab-nebula-serf115,55,57,88,48,40,9,0.5455,0.8421,0.4948
10,clab-nebula-serf115,60,103,161,103,58,0,0.6398,1.0000,0.6398
10,clab-nebula-serf120,5,2,0,0,0,2,0.0000,0.0000,0.0000
10,clab-nebula-serf120,10,2,0,0,0,2,0.0000,0.0000,0.0000
10,clab-nebula-serf120,15,2,0,0,0,2,0.0000,0.0000,0.0000
10,clab-nebula-serf120,20,2,3,2,1,0,0.6667,1.0000,0.6667
10,clab-nebula-serf120,25,2,61,2,59,0,0.0328,1.0000,0.0328
10,clab-nebula-serf120,30,3,88,3,85,0,0.0341,1.0000,0.0341
10,clab-nebula-serf120,35,3,161,3,158,0,0.0186,1.0000,0.0186
10,clab-nebula-serf120,40,3,161,3,158,0,0.0186,1.0000,0.0186
10,clab-nebula-serf120,45,5,161,5,156,0,0.0311,1.0000,0.0311
10,clab-nebula-serf120,50,14,161,14,147,0,0.0870,1.0000,0.0870
10,clab-nebula-serf120,55,24,161,24,137,0,0.1491,1.0000,0.1491
10,clab-nebula-serf120,60,48,161,48,113,0,0.2981,1.0000,0.2981
10,clab-nebula-serf125,5,0,0,0,0,0,1.0000,1.0000,1.0000
10,clab-nebula-serf125,10,3,0,0,0,3,0.0000,0.0000,0.0000
10,clab-nebula-serf125,15,12,0,0,0,12,0.0000,0.0000,0.0000
10,clab-nebula-serf125,20,45,0,0,0,45,0.0000,0.0000,0.0000
10,clab-nebula-serf125,25,58,69,38,31,20,0.5507,0.6552,0.4270
10,clab-nebula-serf125,30,84,135,74,61,10,0.5481,0.8810,0.5103
10,clab-nebula-serf125,35,112,161,112,49,0,0.6957,1.0000,0.6957
10,clab-nebula-serf125,40,137,161,137,24,0,0.8509,1.0000,0.8509
10,clab-nebula-serf125,45,146,161,146,15,0,0.9068,1.0000,0.9068
10,clab-nebula-serf125,50,155,161,155,6,0,0.9627,1.0000,0.9627
10,clab-nebula-serf125,55,161,161,161,0,0,1.0000,1.0000,1.0000
10,clab-nebula-serf125,60,161,161,161,0,0,1.0000,1.0000,1.0000
10,clab-nebula-serf130,5,0,0,0,0,0,1.0000,1.0000,1.0000
10,clab-nebula-serf130,10,0,0,0,0,0,1.0000,1.0000,1.0000
10,clab-nebula-serf130,15,0,0,0,0,0,1.0000,1.0000,1.0000
10,clab-nebula-serf130,20,13,0,0,0,13,0.0000,0.0000,0.0000
10,clab-nebula-serf130,25,14,0,0,0,14,0.0000,0.0000,0.0000
10,clab-nebula-serf130,30,24,0,0,0,24,0.0000,0.0000,0.0000
10,clab-nebula-serf130,35,41,68,31,37,10,0.4559,0.7561,0.3974
10,clab-nebula-serf130,40,53,83,43,40,10,0.5181,0.8113,0.4624
10,clab-nebula-serf130,45,84,161,84,77,0,0.5217,1.0000,0.5217
10,clab-nebula-serf130,50,111,161,111,50,0,0.6894,1.0000,0.6894
10,clab-nebula-serf130,55,136,161,136,25,0,0.8447,1.0000,0.8447
10,clab-nebula-serf130,60,146,161,146,15,0,0.9068,1.0000,0.9068
10,clab-nebula-serf135,5,0,0,0,0,0,1.0000,1.0000,1.0000
10,clab-nebula-serf135,10,0,0,0,0,0,1.0000,1.0000,1.0000
10,clab-nebula-serf135,15,1,0,0,0,1,0.0000,0.0000,0.0000
10,clab-nebula-serf135,20,14,0,0,0,14,0.0000,0.0000,0.0000
10,clab-nebula-serf135,25,15,0,0,0,15,0.0000,0.0000,0.0000
10,clab-nebula-serf135,30,25,26,21,5,4,0.8077,0.8400,0.7000
10,clab-nebula-serf135,35,42,80,32,48,10,0.4000,0.7619,0.3556
10,clab-nebula-serf135,40,54,149,44,105,10,0.2953,0.8148,0.2767
10,clab-nebula-serf135,45,91,161,91,70,0,0.5652,1.0000,0.5652
10,clab-nebula-serf135,50,112,161,112,49,0,0.6957,1.0000,0.6957
10,clab-nebula-serf135,55,137,161,137,24,0,0.8509,1.0000,0.8509
10,clab-nebula-serf135,60,146,161,146,15,0,0.9068,1.0000,0.9068
10,clab-nebula-serf140,5,0,0,0,0,0,1.0000,1.0000,1.0000
10,clab-nebula-serf140,10,0,0,0,0,0,1.0000,1.0000,1.0000
10,clab-nebula-serf140,15,0,0,0,0,0,1.0000,1.0000,1.0000
10,clab-nebula-serf140,20,13,0,0,0,13,0.0000,0.0000,0.0000
10,clab-nebula-serf140,25,14,0,0,0,14,0.0000,0.0000,0.0000
10,clab-nebula-serf140,30,25,0,0,0,25,0.0000,0.0000,0.0000
10,clab-nebula-serf140,35,39,68,29,39,10,0.4265,0.7436,0.3718
10,clab-nebula-serf140,40,52,83,42,41,10,0.5060,0.8077,0.4516
10,clab-nebula-serf140,45,82,161,82,79,0,0.5093,1.0000,0.5093
10,clab-nebula-serf140,50,108,161,108,53,0,0.6708,1.0000,0.6708
10,clab-nebula-serf140,55,136,161,136,25,0,0.8447,1.0000,0.8447
10,clab-nebula-serf140,60,145,161,145,16,0,0.9006,1.0000,0.9006
10,clab-nebula-serf145,5,0,0,0,0,0,1.0000,1.0000,1.0000
10,clab-nebula-serf145,10,0,0,0,0,0,1.0000,1.0000,1.0000
10,clab-nebula-serf145,15,1,0,0,0,1,0.0000,0.0000,0.0000
10,clab-nebula-serf145,20,5,0,0,0,5,0.0000,0.0000,0.0000
10,clab-nebula-serf145,25,7,0,0,0,7,0.0000,0.0000,0.0000
10,clab-nebula-serf145,30,15,0,0,0,15,0.0000,0.0000,0.0000
10,clab-nebula-serf145,35,37,68,30,38,7,0.4412,0.8108,0.4000
10,clab-nebula-serf145,40,56,102,46,56,10,0.4510,0.8214,0.4107
10,clab-nebula-serf145,45,66,161,66,95,0,0.4099,1.0000,0.4099
10,clab-nebula-serf145,50,104,161,104,57,0,0.6460,1.0000,0.6460
10,clab-nebula-serf145,55,130,161,130,31,0,0.8075,1.0000,0.8075
10,clab-nebula-serf145,60,145,161,145,16,0,0.9006,1.0000,0.9006
10,clab-nebula-serf150,5,0,0,0,0,0,1.0000,1.0000,1.0000
10,clab-nebula-serf150,10,0,0,0,0,0,1.0000,1.0000,1.0000
10,clab-nebula-serf150,15,1,0,0,0,1,0.0000,0.0000,0.0000
10,clab-nebula-serf150,20,9,0,0,0,9,0.0000,0.0000,0.0000
10,clab-nebula-serf150,25,17,0,0,0,17,0.0000,0.0000,0.0000
10,clab-nebula-serf150,30,23,53,9,44,14,0.1698,0.3913,0.1343
10,clab-nebula-serf150,35,42,83,11,72,31,0.1325,0.2619,0.0965
10,clab-nebula-serf150,40,54,140,54,86,0,0.3857,1.0000,0.3857
10,clab-nebula-serf150,45,79,156,78,78,1,0.5000,0.9873,0.4968
10,clab-nebula-serf150,50,117,161,117,44,0,0.7267,1.0000,0.7267
10,clab-nebula-serf150,55,141,161,141,20,0,0.8758,1.0000,0.8758
10,clab-nebula-serf150,60,152,161,152,9,0,0.9441,1.0000,0.9441
10,clab-nebula-serf155,5,0,0,0,0,0,1.0000,1.0000,1.0000
10,clab-nebula-serf155,10,0,0,0,0,0,1.0000,1.0000,1.0000
10,clab-nebula-serf155,15,1,0,0,0,1,0.0000,0.0000,0.0000
10,clab-nebula-serf155,20,11,0,0,0,11,0.0000,0.0000,0.0000
10,clab-nebula-serf155,25,14,0,0,0,14,0.0000,0.0000,0.0000
10,clab-nebula-serf155,30,24,0,0,0,24,0.0000,0.0000,0.0000
10,clab-nebula-serf155,35,43,72,9,63,34,0.1250,0.2093,0.0849
10,clab-nebula-serf155,40,56,83,17,66,39,0.2048,0.3036,0.1393
10,clab-nebula-serf155,45,82,140,79,61,3,0.5643,0.9634,0.5524
10,clab-nebula-serf155,50,117,156,116,40,1,0.7436,0.9915,0.7389
10,clab-nebula-serf155,55,137,161,137,24,0,0.8509,1.0000,0.8509
10,clab-nebula-serf155,60,150,161,150,11,0,0.9317,1.0000,0.9317
10,clab-nebula-serf160,5,4,0,0,0,4,0.0000,0.0000,0.0000
10,clab-nebula-serf160,10,4,0,0,0,4,0.0000,0.0000,0.0000
10,clab-nebula-serf160,15,5,0,0,0,5,0.0000,0.0000,0.0000
10,clab-nebula-serf160,20,10,0,0,0,10,0.0000,0.0000,0.0000
10,clab-nebula-serf160,25,25,64,18,46,7,0.2812,0.7200,0.2535
10,clab-nebula-serf160,30,37,83,27,56,10,0.3253,0.7297,0.2903
10,clab-nebula-serf160,35,43,161,43,118,0,0.2671,1.0000,0.2671
10,clab-nebula-serf160,40,58,161,58,103,0,0.3602,1.0000,0.3602
10,clab-nebula-serf160,45,82,161,82,79,0,0.5093,1.0000,0.5093
10,clab-nebula-serf160,50,118,161,118,43,0,0.7329,1.0000,0.7329
10,clab-nebula-serf160,55,139,161,139,22,0,0.8634,1.0000,0.8634
10,clab-nebula-serf160,60,149,161,149,12,0,0.9255,1.0000,0.9255
12,clab-nebula-serf1,5,0,0,0,0,0,1.0000,1.0000,1.0000
12,clab-nebula-serf1,10,6,0,0,0,6,0.0000,0.0000,0.0000
12,clab-nebula-serf1,15,12,0,0,0,12,0.0000,0.0000,0.0000
12,clab-nebula-serf1,20,19,72,19,53,0,0.2639,1.0000,0.2639
12,clab-nebula-serf1,25,37,83,34,49,3,0.4096,0.9189,0.3953
12,clab-nebula-serf1,30,74,148,69,79,5,0.4662,0.9324,0.4510
12,clab-nebula-serf1,35,91,156,89,67,2,0.5705,0.9780,0.5633
12,clab-nebula-serf1,40,107,161,107,54,0,0.6646,1.0000,0.6646
12,clab-nebula-serf1,45,117,161,117,44,0,0.7267,1.0000,0.7267
12,clab-nebula-serf1,50,121,161,121,40,0,0.7516,1.0000,0.7516
12,clab-nebula-serf1,55,133,161,133,28,0,0.8261,1.0000,0.8261
12,clab-nebula-serf1,60,153,161,153,8,0,0.9503,1.0000,0.9503
12,clab-nebula-serf5,5,0,0,0,0,0,1.0000,1.0000,1.0000
12,clab-nebula-serf5,10,3,0,0,0,3,0.0000,0.0000,0.0000
12,clab-nebula-serf5,15,7,0,0,0,7,0.0000,0.0000,0.0000
12,clab-nebula-serf5,20,14,72,14,58,0,0.1944,1.0000,0.1944
12,clab-nebula-serf5,25,19,83,19,64,0,0.2289,1.0000,0.2289
12,clab-nebula-serf5,30,46,140,42,98,4,0.3000,0.9130,0.2917
12,clab-nebula-serf5,35,80,156,79,77,1,0.5064,0.9875,0.5032
12,clab-nebula-serf5,40,92,161,92,69,0,0.5714,1.0000,0.5714
12,clab-nebula-serf5,45,108,161,108,53,0,0.6708,1.0000,0.6708
12,clab-nebula-serf5,50,118,161,118,43,0,0.7329,1.0000,0.7329
12,clab-nebula-serf5,55,121,161,121,40,0,0.7516,1.0000,0.7516
12,clab-nebula-serf5,60,143,161,143,18,0,0.8882,1.0000,0.8882
12,clab-nebula-serf10,5,1,0,0,0,1,0.0000,0.0000,0.0000
12,clab-nebula-serf10,10,9,0,0,0,9,0.0000,0.0000,0.0000
12,clab-nebula-serf10,15,20,0,0,0,20,0.0000,0.0000,0.0000
12,clab-nebula-serf10,20,40,0,0,0,40,0.0000,0.0000,0.0000
12,clab-nebula-serf10,25,71,42,38,4,33,0.9048,0.5352,0.5067
12,clab-nebula-serf10,30,88,82,57,25,31,0.6951,0.6477,0.5044
12,clab-nebula-serf10,35,103,138,89,49,14,0.6449,0.8641,0.5855
12,clab-nebula-serf10,40,120,156,117,39,3,0.7500,0.9750,0.7358
12,clab-nebula-serf10,45,121,159,121,38,0,0.7610,1.0000,0.7610
12,clab-nebula-serf10,50,129,161,129,32,0,0.8012,1.0000,0.8012
12,clab-nebula-serf10,55,153,161,153,8,0,0.9503,1.0000,0.9503
12,clab-nebula-serf10,60,156,161,156,5,0,0.9689,1.0000,0.9689
12,clab-nebula-serf15,5,1,0,0,0,1,0.0000,0.0000,0.0000
12,clab-nebula-serf15,10,14,0,0,0,14,0.0000,0.0000,0.0000
12,clab-nebula-serf15,15,32,0,0,0,32,0.0000,0.0000,0.0000
12,clab-nebula-serf15,20,68,0,0,0,68,0.0000,0.0000,0.0000
12,clab-nebula-serf15,25,88,40,39,1,49,0.9750,0.4432,0.4382
12,clab-nebula-serf15,30,100,82,61,21,39,0.7439,0.6100,0.5041
12,clab-nebula-serf15,35,117,140,103,37,14,0.7357,0.8803,0.6688
12,clab-nebula-serf15,40,121,156,118,38,3,0.7564,0.9752,0.7421
12,clab-nebula-serf15,45,124,159,124,35,0,0.7799,1.0000,0.7799
12,clab-nebula-serf15,50,151,161,151,10,0,0.9379,1.0000,0.9379
12,clab-nebula-serf15,55,154,161,154,7,0,0.9565,1.0000,0.9565
12,clab-nebula-serf15,60,158,161,158,3,0,0.9814,1.0000,0.9814
12,clab-nebula-serf20,5,2,0,0,0,2,0.0000,0.0000,0.0000
12,clab-nebula-serf20,10,4,0,0,0,4,0.0000,0.0000,0.0000
12,clab-nebula-serf20,15,15,0,0,0,15,0.0000,0.0000,0.0000
12,clab-nebula-serf20,20,26,0,0,0,26,0.0000,0.0000,0.0000
12,clab-nebula-serf20,25,46,0,0,0,46,0.0000,0.0000,0.0000
12,clab-nebula-serf20,30,80,82,55,27,25,0.6707,0.6875,0.5140
12,clab-nebula-serf20,35,93,138,79,59,14,0.5725,0.8495,0.5197
12,clab-nebula-serf20,40,102,156,99,57,3,0.6346,0.9706,0.6226
12,clab-nebula-serf20,45,118,159,118,41,0,0.7421,1.0000,0.7421
12,clab-nebula-serf20,50,124,161,124,37,0,0.7702,1.0000,0.7702
12,clab-nebula-serf20,55,129,161,129,32,0,0.8012,1.0000,0.8012
12,clab-nebula-serf20,60,154,161,154,7,0,0.9565,1.0000,0.9565
12,clab-nebula-serf25,5,0,0,0,0,0,1.0000,1.0000,1.0000
12,clab-nebula-serf25,10,4,0,0,0,4,0.0000,0.0000,0.0000
12,clab-nebula-serf25,15,12,0,0,0,12,0.0000,0.0000,0.0000
12,clab-nebula-serf25,20,28,0,0,0,28,0.0000,0.0000,0.0000
12,clab-nebula-serf25,25,44,0,0,0,44,0.0000,0.0000,0.0000
12,clab-nebula-serf25,30,81,62,55,7,26,0.8871,0.6790,0.6250
12,clab-nebula-serf25,35,93,99,77,22,16,0.7778,0.8280,0.6696
12,clab-nebula-serf25,40,102,152,99,53,3,0.6513,0.9706,0.6387
12,clab-nebula-serf25,45,119,156,116,40,3,0.7436,0.9748,0.7296
12,clab-nebula-serf25,50,124,161,124,37,0,0.7702,1.0000,0.7702
12,clab-nebula-serf25,55,127,161,127,34,0,0.7888,1.0000,0.7888
12,clab-nebula-serf25,60,154,161,154,7,0,0.9565,1.0000,0.9565
12,clab-nebula-serf30,5,1,0,0,0,1,0.0000,0.0000,0.0000
12,clab-nebula-serf30,10,13,0,0,0,13,0.0000,0.0000,0.0000
12,clab-nebula-serf30,15,28,0,0,0,28,0.0000,0.0000,0.0000
12,clab-nebula-serf30,20,45,0,0,0,45,0.0000,0.0000,0.0000
12,clab-nebula-serf30,25,81,64,55,9,26,0.8594,0.6790,0.6111
12,clab-nebula-serf30,30,93,99,77,22,16,0.7778,0.8280,0.6696
12,clab-nebula-serf30,35,102,152,99,53,3,0.6513,0.9706,0.6387
12,clab-nebula-serf30,40,119,157,117,40,2,0.7452,0.9832,0.7358
12,clab-nebula-serf30,45,124,161,124,37,0,0.7702,1.0000,0.7702
12,clab-nebula-serf30,50,128,161,128,33,0,0.7950,1.0000,0.7950
12,clab-nebula-serf30,55,154,161,154,7,0,0.9565,1.0000,0.9565
12,clab-nebula-serf30,60,154,161,154,7,0,0.9565,1.0000,0.9565
12,clab-nebula-serf35,5,0,0,0,0,0,1.0000,1.0000,1.0000
12,clab-nebula-serf35,10,1,0,0,0,1,0.0000,0.0000,0.0000
12,clab-nebula-serf35,15,7,0,0,0,7,0.0000,0.0000,0.0000
12,clab-nebula-serf35,20,26,0,0,0,26,0.0000,0.0000,0.0000
12,clab-nebula-serf35,25,63,0,0,0,63,0.0000,0.0000,0.0000
12,clab-nebula-serf35,30,85,0,0,0,85,0.0000,0.0000,0.0000
12,clab-nebula-serf35,35,95,75,60,15,35,0.8000,0.6316,0.5455
12,clab-nebula-serf35,40,111,111,90,21,21,0.8108,0.8108,0.6818
12,clab-nebula-serf35,45,121,152,118,34,3,0.7763,0.9752,0.7613
12,clab-nebula-serf35,50,124,159,124,35,0,0.7799,1.0000,0.7799
12,clab-nebula-serf35,55,145,161,145,16,0,0.9006,1.0000,0.9006
12,clab-nebula-serf35,60,154,161,154,7,0,0.9565,1.0000,0.9565
12,clab-nebula-serf40,5,0,0,0,0,0,1.0000,1.0000,1.0000
12,clab-nebula-serf40,10,1,0,0,0,1,0.0000,0.0000,0.0000
12,clab-nebula-serf40,15,11,0,0,0,11,0.0000,0.0000,0.0000
12,clab-nebula-serf40,20,35,0,0,0,35,0.0000,0.0000,0.0000
12,clab-nebula-serf40,25,71,0,0,0,71,0.0000,0.0000,0.0000
12,clab-nebula-serf40,30,87,0,0,0,87,0.0000,0.0000,0.0000
12,clab-nebula-serf40,35,98,82,59,23,39,0.7195,0.6020,0.4876
12,clab-nebula-serf40,40,118,138,101,37,17,0.7319,0.8559,0.6516
12,clab-nebula-serf40,45,122,153,119,34,3,0.7778,0.9754,0.7628
12,clab-nebula-serf40,50,126,159,126,33,0,0.7925,1.0000,0.7925
12,clab-nebula-serf40,55,153,161,153,8,0,0.9503,1.0000,0.9503
12,clab-nebula-serf40,60,154,161,154,7,0,0.9565,1.0000,0.9565
12,clab-nebula-serf45,5,2,0,0,0,2,0.0000,0.0000,0.0000
12,clab-nebula-serf45,10,8,0,0,0,8,0.0000,0.0000,0.0000
12,clab-nebula-serf45,15,22,0,0,0,22,0.0000,0.0000,0.0000
12,clab-nebula-serf45,20,40,0,0,0,40,0.0000,0.0000,0.0000
12,clab-nebula-serf45,25,80,19,19,0,61,1.0000,0.2375,0.2375
12,clab-nebula-serf45,30,90,83,58,25,32,0.6988,0.6444,0.5043
12,clab-nebula-serf45,35,118,140,103,37,15,0.7357,0.8729,0.6645
12,clab-nebula-serf45,40,121,156,118,38,3,0.7564,0.9752,0.7421
12,clab-nebula-serf45,45,124,161,124,37,0,0.7702,1.0000,0.7702
12,clab-nebula-serf45,50,145,161,145,16,0,0.9006,1.0000,0.9006
12,clab-nebula-serf45,55,154,161,154,7,0,0.9565,1.0000,0.9565
12,clab-nebula-serf45,60,155,161,155,6,0,0.9627,1.0000,0.9627
12,clab-nebula-serf50,5,3,0,0,0,3,0.0000,0.0000,0.0000
12,clab-nebula-serf50,10,8,0,0,0,8,0.0000,0.0000,0.0000
12,clab-nebula-serf50,15,23,0,0,0,23,0.0000,0.0000,0.0000
12,clab-nebula-serf50,20,41,0,0,0,41,0.0000,0.0000,0.0000
12,clab-nebula-serf50,25,81,19,19,0,62,1.0000,0.2346,0.2346
12,clab-nebula-serf50,30,93,83,59,24,34,0.7108,0.6344,0.5043
12,clab-nebula-serf50,35,118,140,103,37,15,0.7357,0.8729,0.6645
12,clab-nebula-serf50,40,122,156,119,37,3,0.7628,0.9754,0.7484
12,clab-nebula-serf50,45,125,161,125,36,0,0.7764,1.0000,0.7764
12,clab-nebula-serf50,50,153,161,153,8,0,0.9503,1.0000,0.9503
12,clab-nebula-serf50,55,154,161,154,7,0,0.9565,1.0000,0.9565
12,clab-nebula-serf50,60,156,161,156,5,0,0.9689,1.0000,0.9689
12,clab-nebula-serf55,5,0,0,0,0,0,1.0000,1.0000,1.0000
12,clab-nebula-serf55,10,9,0,0,0,9,0.0000,0.0000,0.0000
12,clab-nebula-serf55,15,23,0,0,0,23,0.0000,0.0000,0.0000
12,clab-nebula-serf55,20,64,0,0,0,64,0.0000,0.0000,0.0000
12,clab-nebula-serf55,25,83,0,0,0,83,0.0000,0.0000,0.0000
12,clab-nebula-serf55,30,96,72,58,14,38,0.8056,0.6042,0.5273
12,clab-nebula-serf55,35,119,99,88,11,31,0.8889,0.7395,0.6769
12,clab-nebula-serf55,40,121,152,118,34,3,0.7763,0.9752,0.7613
12,clab-nebula-serf55,45,126,156,123,33,3,0.7885,0.9762,0.7736
12,clab-nebula-serf55,50,153,161,153,8,0,0.9503,1.0000,0.9503
12,clab-nebula-serf55,55,154,161,154,7,0,0.9565,1.0000,0.9565
12,clab-nebula-serf55,60,157,161,157,4,0,0.9752,1.0000,0.9752
12,clab-nebula-serf60,5,4,0,0,0,4,0.0000,0.0000,0.0000
12,clab-nebula-serf60,10,10,0,0,0,10,0.0000,0.0000,0.0000
12,clab-nebula-serf60,15,42,0,0,0,42,0.0000,0.0000,0.0000
12,clab-nebula-serf60,20,70,0,0,0,70,0.0000,0.0000,0.0000
12,clab-nebula-serf60,25,87,0,0,0,87,0.0000,0.0000,0.0000
12,clab-nebula-serf60,30,111,82,67,15,44,0.8171,0.6036,0.5317
12,clab-nebula-serf60,35,120,138,104,34,16,0.7536,0.8667,0.6753
12,clab-nebula-serf60,40,124,156,121,35,3,0.7756,0.9758,0.7610
12,clab-nebula-serf60,45,143,159,143,16,0,0.8994,1.0000,0.8994
12,clab-nebula-serf60,50,154,161,154,7,0,0.9565,1.0000,0.9565
12,clab-nebula-serf60,55,154,161,154,7,0,0.9565,1.0000,0.9565
12,clab-nebula-serf60,60,158,161,158,3,0,0.9814,1.0000,0.9814
12,clab-nebula-serf65,5,0,0,0,0,0,1.0000,1.0000,1.0000
12,clab-nebula-serf65,10,0,0,0,0,0,1.0000,1.0000,1.0000
12,clab-nebula-serf65,15,0,0,0,0,0,1.0000,1.0000,1.0000
12,clab-nebula-serf65,20,23,0,0,0,23,0.0000,0.0000,0.0000
12,clab-nebula-serf65,25,62,0,0,0,62,0.0000,0.0000,0.0000
12,clab-nebula-serf65,30,95,24,23,1,72,0.9583,0.2421,0.2396
12,clab-nebula-serf65,35,115,142,113,29,2,0.7958,0.9826,0.7847
12,clab-nebula-serf65,40,122,156,119,37,3,0.7628,0.9754,0.7484
12,clab-nebula-serf65,45,126,161,126,35,0,0.7826,1.0000,0.7826
12,clab-nebula-serf65,50,152,161,152,9,0,0.9441,1.0000,0.9441
12,clab-nebula-serf65,55,154,161,154,7,0,0.9565,1.0000,0.9565
12,clab-nebula-serf65,60,155,161,155,6,0,0.9627,1.0000,0.9627
12,clab-nebula-serf70,5,3,0,0,0,3,0.0000,0.0000,0.0000
12,clab-nebula-serf70,10,19,0,0,0,19,0.0000,0.0000,0.0000
12,clab-nebula-serf70,15,36,0,0,0,36,0.0000,0.0000,0.0000
12,clab-nebula-serf70,20,66,0,0,0,66,0.0000,0.0000,0.0000
12,clab-nebula-serf70,25,87,29,27,2,60,0.9310,0.3103,0.3034
12,clab-nebula-serf70,30,110,82,63,19,47,0.7683,0.5727,0.4884
12,clab-nebula-serf70,35,119,138,103,35,16,0.7464,0.8655,0.6688
12,clab-nebula-serf70,40,124,156,122,34,2,0.7821,0.9839,0.7722
12,clab-nebula-serf70,45,147,159,147,12,0,0.9245,1.0000,0.9245
12,clab-nebula-serf70,50,154,161,154,7,0,0.9565,1.0000,0.9565
12,clab-nebula-serf70,55,158,161,158,3,0,0.9814,1.0000,0.9814
12,clab-nebula-serf70,60,161,161,161,0,0,1.0000,1.0000,1.0000
12,clab-nebula-serf75,5,0,0,0,0,0,1.0000,1.0000,1.0000
12,clab-nebula-serf75,10,7,0,0,0,7,0.0000,0.0000,0.0000
12,clab-nebula-serf75,15,26,0,0,0,26,0.0000,0.0000,0.0000
12,clab-nebula-serf75,20,41,0,0,0,41,0.0000,0.0000,0.0000
12,clab-nebula-serf75,25,76,0,0,0,76,0.0000,0.0000,0.0000
12,clab-nebula-serf75,30,100,34,25,9,75,0.7353,0.2500,0.2294
12,clab-nebula-serf75,35,115,99,73,26,42,0.7374,0.6348,0.5177
12,clab-nebula-serf75,40,122,159,122,37,0,0.7673,1.0000,0.7673
12,clab-nebula-serf75,45,135,161,135,26,0,0.8385,1.0000,0.8385
12,clab-nebula-serf75,50,154,161,154,7,0,0.9565,1.0000,0.9565
12,clab-nebula-serf75,55,155,161,155,6,0,0.9627,1.0000,0.9627
12,clab-nebula-serf75,60,158,161,158,3,0,0.9814,1.0000,0.9814
12,clab-nebula-serf80,5,0,0,0,0,0,1.0000,1.0000,1.0000
12,clab-nebula-serf80,10,14,0,0,0,14,0.0000,0.0000,0.0000
12,clab-nebula-serf80,15,32,0,0,0,32,0.0000,0.0000,0.0000
12,clab-nebula-serf80,20,55,0,0,0,55,0.0000,0.0000,0.0000
12,clab-nebula-serf80,25,84,0,0,0,84,0.0000,0.0000,0.0000
12,clab-nebula-serf80,30,110,67,42,25,68,0.6269,0.3818,0.3111
12,clab-nebula-serf80,35,120,146,118,28,2,0.8082,0.9833,0.7973
12,clab-nebula-serf80,40,127,161,127,34,0,0.7888,1.0000,0.7888
12,clab-nebula-serf80,45,152,161,152,9,0,0.9441,1.0000,0.9441
12,clab-nebula-serf80,50,154,161,154,7,0,0.9565,1.0000,0.9565
12,clab-nebula-serf80,55,156,161,156,5,0,0.9689,1.0000,0.9689
12,clab-nebula-serf80,60,159,161,159,2,0,0.9876,1.0000,0.9876
12,clab-nebula-serf85,5,0,0,0,0,0,1.0000,1.0000,1.0000
12,clab-nebula-serf85,10,4,0,0,0,4,0.0000,0.0000,0.0000
12,clab-nebula-serf85,15,19,0,0,0,19,0.0000,0.0000,0.0000
12,clab-nebula-serf85,20,35,0,0,0,35,0.0000,0.0000,0.0000
12,clab-nebula-serf85,25,57,0,0,0,57,0.0000,0.0000,0.0000
12,clab-nebula-serf85,30,82,56,18,38,64,0.3214,0.2195,0.1500
12,clab-nebula-serf85,35,111,87,53,34,58,0.6092,0.4775,0.3655
12,clab-nebula-serf85,40,119,151,119,32,0,0.7881,1.0000,0.7881
12,clab-nebula-serf85,45,134,161,134,27,0,0.8323,1.0000,0.8323
12,clab-nebula-serf85,50,149,161,149,12,0,0.9255,1.0000,0.9255
12,clab-nebula-serf85,55,154,161,154,7,0,0.9565,1.0000,0.9565
12,clab-nebula-serf85,60,157,161,157,4,0,0.9752,1.0000,0.9752
12,clab-nebula-serf90,5,2,0,0,0,2,0.0000,0.0000,0.0000
12,clab-nebula-serf90,10,9,0,0,0,9,0.0000,0.0000,0.0000
12,clab-nebula-serf90,15,30,0,0,0,30,0.0000,0.0000,0.0000
12,clab-nebula-serf90,20,49,0,0,0,49,0.0000,0.0000,0.0000
12,clab-nebula-serf90,25,78,0,0,0,78,0.0000,0.0000,0.0000
12,clab-nebula-serf90,30,101,72,41,31,60,0.5694,0.4059,0.3106
12,clab-nebula-serf90,35,119,88,57,31,62,0.6477,0.4790,0.3800
12,clab-nebula-serf90,40,122,161,122,39,0,0.7578,1.0000,0.7578
12,clab-nebula-serf90,45,137,161,137,24,0,0.8509,1.0000,0.8509
12,clab-nebula-serf90,50,154,161,154,7,0,0.9565,1.0000,0.9565
12,clab-nebula-serf90,55,155,161,155,6,0,0.9627,1.0000,0.9627
12,clab-nebula-serf90,60,159,161,159,2,0,0.9876,1.0000,0.9876
12,clab-nebula-serf95,5,0,0,0,0,0,1.0000,1.0000,1.0000
12,clab-nebula-serf95,10,10,0,0,0,10,0.0000,0.0000,0.0000
12,clab-nebula-serf95,15,30,0,0,0,30,0.0000,0.0000,0.0000
12,clab-nebula-serf95,20,50,0,0,0,50,0.0000,0.0000,0.0000
12,clab-nebula-serf95,25,80,0,0,0,80,0.0000,0.0000,0.0000
12,clab-nebula-serf95,30,104,72,42,30,62,0.5833,0.4038,0.3134
12,clab-nebula-serf95,35,119,88,57,31,62,0.6477,0.4790,0.3800
12,clab-nebula-serf95,40,124,161,124,37,0,0.7702,1.0000,0.7702
12,clab-nebula-serf95,45,142,161,142,19,0,0.8820,1.0000,0.8820
12,clab-nebula-serf95,50,154,161,154,7,0,0.9565,1.0000,0.9565
12,clab-nebula-serf95,55,154,161,154,7,0,0.9565,1.0000,0.9565
12,clab-nebula-serf95,60,159,161,159,2,0,0.9876,1.0000,0.9876
12,clab-nebula-serf100,5,6,0,0,0,6,0.0000,0.0000,0.0000
12,clab-nebula-serf100,10,7,0,0,0,7,0.0000,0.0000,0.0000
12,clab-nebula-serf100,15,8,0,0,0,8,0.0000,0.0000,0.0000
12,clab-nebula-serf100,20,14,0,0,0,14,0.0000,0.0000,0.0000
12,clab-nebula-serf100,25,25,10,9,1,16,0.9000,0.3600,0.3462
12,clab-nebula-serf100,30,59,140,54,86,5,0.3857,0.9153,0.3724
12,clab-nebula-serf100,35,89,156,88,68,1,0.5641,0.9888,0.5605
12,clab-nebula-serf100,40,137,161,137,24,0,0.8509,1.0000,0.8509
12,clab-nebula-serf100,45,150,161,150,11,0,0.9317,1.0000,0.9317
12,clab-nebula-serf100,50,159,161,159,2,0,0.9876,1.0000,0.9876
12,clab-nebula-serf100,55,160,161,160,1,0,0.9938,1.0000,0.9938
12,clab-nebula-serf100,60,161,161,161,0,0,1.0000,1.0000,1.0000
12,clab-nebula-serf105,5,1,0,0,0,1,0.0000,0.0000,0.0000
12,clab-nebula-serf105,10,3,0,0,0,3,0.0000,0.0000,0.0000
12,clab-nebula-serf105,15,8,0,0,0,8,0.0000,0.0000,0.0000
12,clab-nebula-serf105,20,25,0,0,0,25,0.0000,0.0000,0.0000
12,clab-nebula-serf105,25,54,0,0,0,54,0.0000,0.0000,0.0000
12,clab-nebula-serf105,30,86,65,42,23,44,0.6462,0.4884,0.3853
12,clab-nebula-serf105,35,123,103,79,24,44,0.7670,0.6423,0.5374
12,clab-nebula-serf105,40,145,161,145,16,0,0.9006,1.0000,0.9006
12,clab-nebula-serf105,45,153,161,153,8,0,0.9503,1.0000,0.9503
12,clab-nebula-serf105,50,155,161,155,6,0,0.9627,1.0000,0.9627
12,clab-nebula-serf105,55,160,161,160,1,0,0.9938,1.0000,0.9938
12,clab-nebula-serf105,60,161,161,161,0,0,1.0000,1.0000,1.0000
12,clab-nebula-serf110,5,0,0,0,0,0,1.0000,1.0000,1.0000
12,clab-nebula-serf110,10,0,0,0,0,0,1.0000,1.0000,1.0000
12,clab-nebula-serf110,15,2,0,0,0,2,0.0000,0.0000,0.0000
12,clab-nebula-serf110,20,7,0,0,0,7,0.0000,0.0000,0.0000
12,clab-nebula-serf110,25,15,0,0,0,15,0.0000,0.0000,0.0000
12,clab-nebula-serf110,30,37,0,0,0,37,0.0000,0.0000,0.0000
12,clab-nebula-serf110,35,69,34,15,19,54,0.4412,0.2174,0.1705
12,clab-nebula-serf110,40,107,78,57,21,50,0.7308,0.5327,0.4453
12,clab-nebula-serf110,45,143,149,133,16,10,0.8926,0.9301,0.8365
12,clab-nebula-serf110,50,148,161,148,13,0,0.9193,1.0000,0.9193
12,clab-nebula-serf110,55,154,161,154,7,0,0.9565,1.0000,0.9565
12,clab-nebula-serf110,60,157,161,157,4,0,0.9752,1.0000,0.9752
12,clab-nebula-serf115,5,0,0,0,0,0,1.0000,1.0000,1.0000
12,clab-nebula-serf115,10,0,0,0,0,0,1.0000,1.0000,1.0000
12,clab-nebula-serf115,15,0,0,0,0,0,1.0000,1.0000,1.0000
12,clab-nebula-serf115,20,0,0,0,0,0,1.0000,1.0000,1.0000
12,clab-nebula-serf115,25,0,0,0,0,0,1.0000,1.0000,1.0000
12,clab-nebula-serf115,30,0,0,0,0,0,1.0000,1.0000,1.0000
12,clab-nebula-serf115,35,1,0,0,0,1,0.0000,0.0000,0.0000
12,clab-nebula-serf115,40,3,4,1,3,2,0.2500,0.3333,0.1667
12,clab-nebula-serf115,45,6,8,1,7,5,0.1250,0.1667,0.0769
12,clab-nebula-serf115,50,23,61,15,46,8,0.2459,0.6522,0.2174
12,clab-nebula-serf115,55,57,88,48,40,9,0.5455,0.8421,0.4948
12,clab-nebula-serf115,60,103,161,103,58,0,0.6398,1.0000,0.6398
12,clab-nebula-serf120,5,2,0,0,0,2,0.0000,0.0000,0.0000
12,clab-nebula-serf120,10,2,0,0,0,2,0.0000,0.0000,0.0000
12,clab-nebula-serf120,15,2,0,0,0,2,0.0000,0.0000,0.0000
12,clab-nebula-serf120,20,2,3,2,1,0,0.6667,1.0000,0.6667
12,clab-nebula-serf120,25,2,61,2,59,0,0.0328,1.0000,0.0328
12,clab-nebula-serf120,30,3,88,3,85,0,0.0341,1.0000,0.0341
12,clab-nebula-serf120,35,3,161,3,158,0,0.0186,1.0000,0.0186
12,clab-nebula-serf120,40,3,161,3,158,0,0.0186,1.0000,0.0186
12,clab-nebula-serf120,45,5,161,5,156,0,0.0311,1.0000,0.0311
12,clab-nebula-serf120,50,14,161,14,147,0,0.0870,1.0000,0.0870
12,clab-nebula-serf120,55,24,161,24,137,0,0.1491,1.0000,0.1491
12,clab-nebula-serf120,60,48,161,48,113,0,0.2981,1.0000,0.2981
12,clab-nebula-serf125,5,0,0,0,0,0,1.0000,1.0000,1.0000
12,clab-nebula-serf125,10,3,0,0,0,3,0.0000,0.0000,0.0000
12,clab-nebula-serf125,15,12,0,0,0,12,0.0000,0.0000,0.0000
12,clab-nebula-serf125,20,45,0,0,0,45,0.0000,0.0000,0.0000
12,clab-nebula-serf125,25,58,69,38,31,20,0.5507,0.6552,0.4270
12,clab-nebula-serf125,30,84,135,74,61,10,0.5481,0.8810,0.5103
12,clab-nebula-serf125,35,112,161,112,49,0,0.6957,1.0000,0.6957
12,clab-nebula-serf125,40,137,161,137,24,0,0.8509,1.0000,0.8509
12,clab-nebula-serf125,45,146,161,146,15,0,0.9068,1.0000,0.9068
12,clab-nebula-serf125,50,155,161,155,6,0,0.9627,1.0000,0.9627
12,clab-nebula-serf125,55,161,161,161,0,0,1.0000,1.0000,1.0000
12,clab-nebula-serf125,60,161,161,161,0,0,1.0000,1.0000,1.0000
12,clab-nebula-serf130,5,0,0,0,0,0,1.0000,1.0000,1.0000
12,clab-nebula-serf130,10,0,0,0,0,0,1.0000,1.0000,1.0000
12,clab-nebula-serf130,15,0,0,0,0,0,1.0000,1.0000,1.0000
12,clab-nebula-serf130,20,13,0,0,0,13,0.0000,0.0000,0.0000
12,clab-nebula-serf130,25,14,0,0,0,14,0.0000,0.0000,0.0000
12,clab-nebula-serf130,30,24,0,0,0,24,0.0000,0.0000,0.0000
12,clab-nebula-serf130,35,41,68,31,37,10,0.4559,0.7561,0.3974
12,clab-nebula-serf130,40,53,83,43,40,10,0.5181,0.8113,0.4624
12,clab-nebula-serf130,45,84,161,84,77,0,0.5217,1.0000,0.5217
12,clab-nebula-serf130,50,111,161,111,50,0,0.6894,1.0000,0.6894
12,clab-nebula-serf130,55,136,161,136,25,0,0.8447,1.0000,0.8447
12,clab-nebula-serf130,60,146,161,146,15,0,0.9068,1.0000,0.9068
12,clab-nebula-serf135,5,0,0,0,0,0,1.0000,1.0000,1.0000
12,clab-nebula-serf135,10,0,0,0,0,0,1.0000,1.0000,1.0000
12,clab-nebula-serf135,15,1,0,0,0,1,0.0000,0.0000,0.0000
12,clab-nebula-serf135,20,14,0,0,0,14,0.0000,0.0000,0.0000
12,clab-nebula-serf135,25,15,0,0,0,15,0.0000,0.0000,0.0000
12,clab-nebula-serf135,30,25,26,21,5,4,0.8077,0.8400,0.7000
12,clab-nebula-serf135,35,42,80,32,48,10,0.4000,0.7619,0.3556
12,clab-nebula-serf135,40,54,149,44,105,10,0.2953,0.8148,0.2767
12,clab-nebula-serf135,45,91,161,91,70,0,0.5652,1.0000,0.5652
12,clab-nebula-serf135,50,112,161,112,49,0,0.6957,1.0000,0.6957
12,clab-nebula-serf135,55,137,161,137,24,0,0.8509,1.0000,0.8509
12,clab-nebula-serf135,60,146,161,146,15,0,0.9068,1.0000,0.9068
12,clab-nebula-serf140,5,0,0,0,0,0,1.0000,1.0000,1.0000
12,clab-nebula-serf140,10,0,0,0,0,0,1.0000,1.0000,1.0000
12,clab-nebula-serf140,15,0,0,0,0,0,1.0000,1.0000,1.0000
12,clab-nebula-serf140,20,13,0,0,0,13,0.0000,0.0000,0.0000
12,clab-nebula-serf140,25,14,0,0,0,14,0.0000,0.0000,0.0000
12,clab-nebula-serf140,30,25,0,0,0,25,0.0000,0.0000,0.0000
12,clab-nebula-serf140,35,39,68,29,39,10,0.4265,0.7436,0.3718
12,clab-nebula-serf140,40,52,83,42,41,10,0.5060,0.8077,0.4516
12,clab-nebula-serf140,45,82,161,82,79,0,0.5093,1.0000,0.5093
12,clab-nebula-serf140,50,108,161,108,53,0,0.6708,1.0000,0.6708
12,clab-nebula-serf140,55,136,161,136,25,0,0.8447,1.0000,0.8447
12,clab-nebula-serf140,60,145,161,145,16,0,0.9006,1.0000,0.9006
12,clab-nebula-serf145,5,0,0,0,0,0,1.0000,1.0000,1.0000
12,clab-nebula-serf145,10,0,0,0,0,0,1.0000,1.0000,1.0000
12,clab-nebula-serf145,15,1,0,0,0,1,0.0000,0.0000,0.0000
12,clab-nebula-serf145,20,5,0,0,0,5,0.0000,0.0000,0.0000
12,clab-nebula-serf145,25,7,0,0,0,7,0.0000,0.0000,0.0000
12,clab-nebula-serf145,30,15,0,0,0,15,0.0000,0.0000,0.0000
12,clab-nebula-serf145,35,37,68,30,38,7,0.4412,0.8108,0.4000
12,clab-nebula-serf145,40,56,102,46,56,10,0.4510,0.8214,0.4107
12,clab-nebula-serf145,45,66,161,66,95,0,0.4099,1.0000,0.4099
12,clab-nebula-serf145,50,104,161,104,57,0,0.6460,1.0000,0.6460
12,clab-nebula-serf145,55,130,161,130,31,0,0.8075,1.0000,0.8075
12,clab-nebula-serf145,60,145,161,145,16,0,0.9006,1.0000,0.9006
12,clab-nebula-serf150,5,0,0,0,0,0,1.0000,1.0000,1.0000
12,clab-nebula-serf150,10,0,0,0,0,0,1.0000,1.0000,1.0000
12,clab-nebula-serf150,15,1,0,0,0,1,0.0000,0.0000,0.0000
12,clab-nebula-serf150,20,9,0,0,0,9,0.0000,0.0000,0.0000
12,clab-nebula-serf150,25,17,0,0,0,17,0.0000,0.0000,0.0000
12,clab-nebula-serf150,30,23,53,9,44,14,0.1698,0.3913,0.1343
12,clab-nebula-serf150,35,42,83,11,72,31,0.1325,0.2619,0.0965
12,clab-nebula-serf150,40,54,140,54,86,0,0.3857,1.0000,0.3857
12,clab-nebula-serf150,45,79,156,78,78,1,0.5000,0.9873,0.4968
12,clab-nebula-serf150,50,117,161,117,44,0,0.7267,1.0000,0.7267
12,clab-nebula-serf150,55,141,161,141,20,0,0.8758,1.0000,0.8758
12,clab-nebula-serf150,60,152,161,152,9,0,0.9441,1.0000,0.9441
12,clab-nebula-serf155,5,0,0,0,0,0,1.0000,1.0000,1.0000
12,clab-nebula-serf155,10,0,0,0,0,0,1.0000,1.0000,1.0000
12,clab-nebula-serf155,15,1,0,0,0,1,0.0000,0.0000,0.0000
12,clab-nebula-serf155,20,11,0,0,0,11,0.0000,0.0000,0.0000
12,clab-nebula-serf155,25,14,0,0,0,14,0.0000,0.0000,0.0000
12,clab-nebula-serf155,30,24,0,0,0,24,0.0000,0.0000,0.0000
12,clab-nebula-serf155,35,43,72,9,63,34,0.1250,0.2093,0.0849
12,clab-nebula-serf155,40,56,83,17,66,39,0.2048,0.3036,0.1393
12,clab-nebula-serf155,45,82,140,79,61,3,0.5643,0.9634,0.5524
12,clab-nebula-serf155,50,117,156,116,40,1,0.7436,0.9915,0.7389
12,clab-nebula-serf155,55,137,161,137,24,0,0.8509,1.0000,0.8509
12,clab-nebula-serf155,60,150,161,150,11,0,0.9317,1.0000,0.9317
12,clab-nebula-serf160,5,4,0,0,0,4,0.0000,0.0000,0.0000
12,clab-nebula-serf160,10,4,0,0,0,4,0.0000,0.0000,0.0000
12,clab-nebula-serf160,15,5,0,0,0,5,0.0000,0.0000,0.0000
12,clab-nebula-serf160,20,10,0,0,0,10,0.0000,0.0000,0.0000
12,clab-nebula-serf160,25,25,64,18,46,7,0.2812,0.7200,0.2535
12,clab-nebula-serf160,30,37,83,27,56,10,0.3253,0.7297,0.2903
12,clab-nebula-serf160,35,43,161,43,118,0,0.2671,1.0000,0.2671
12,clab-nebula-serf160,40,58,161,58,103,0,0.3602,1.0000,0.3602
12,clab-nebula-serf160,45,82,161,82,79,0,0.5093,1.0000,0.5093
12,clab-nebula-serf160,50,118,161,118,43,0,0.7329,1.0000,0.7329
12,clab-nebula-serf160,55,139,161,139,22,0,0.8634,1.0000,0.8634
12,clab-nebula-serf160,60,149,161,149,12,0,0.9255,1.0000,0.9255
14,clab-nebula-serf1,5,0,0,0,0,0,1.0000,1.0000,1.0000
14,clab-nebula-serf1,10,6,0,0,0,6,0.0000,0.0000,0.0000
14,clab-nebula-serf1,15,12,0,0,0,12,0.0000,0.0000,0.0000
14,clab-nebula-serf1,20,19,72,19,53,0,0.2639,1.0000,0.2639
14,clab-nebula-serf1,25,37,83,34,49,3,0.4096,0.9189,0.3953
14,clab-nebula-serf1,30,74,148,69,79,5,0.4662,0.9324,0.4510
14,clab-nebula-serf1,35,91,156,89,67,2,0.5705,0.9780,0.5633
14,clab-nebula-serf1,40,107,161,107,54,0,0.6646,1.0000,0.6646
14,clab-nebula-serf1,45,117,161,117,44,0,0.7267,1.0000,0.7267
14,clab-nebula-serf1,50,121,161,121,40,0,0.7516,1.0000,0.7516
14,clab-nebula-serf1,55,133,161,133,28,0,0.8261,1.0000,0.8261
14,clab-nebula-serf1,60,153,161,153,8,0,0.9503,1.0000,0.9503
14,clab-nebula-serf5,5,0,0,0,0,0,1.0000,1.0000,1.0000
14,clab-nebula-serf5,10,3,0,0,0,3,0.0000,0.0000,0.0000
14,clab-nebula-serf5,15,7,0,0,0,7,0.0000,0.0000,0.0000
14,clab-nebula-serf5,20,14,72,14,58,0,0.1944,1.0000,0.1944
14,clab-nebula-serf5,25,19,83,19,64,0,0.2289,1.0000,0.2289
14,clab-nebula-serf5,30,46,140,42,98,4,0.3000,0.9130,0.2917
14,clab-nebula-serf5,35,80,156,79,77,1,0.5064,0.9875,0.5032
14,clab-nebula-serf5,40,92,161,92,69,0,0.5714,1.0000,0.5714
14,clab-nebula-serf5,45,108,161,108,53,0,0.6708,1.0000,0.6708
14,clab-nebula-serf5,50,118,161,118,43,0,0.7329,1.0000,0.7329
14,clab-nebula-serf5,55,121,161,121,40,0,0.7516,1.0000,0.7516
14,clab-nebula-serf5,60,143,161,143,18,0,0.8882,1.0000,0.8882
14,clab-nebula-serf10,5,1,0,0,0,1,0.0000,0.0000,0.0000
14,clab-nebula-serf10,10,9,0,0,0,9,0.0000,0.0000,0.0000
14,clab-nebula-serf10,15,20,0,0,0,20,0.0000,0.0000,0.0000
14,clab-nebula-serf10,20,40,0,0,0,40,0.0000,0.0000,0.0000
14,clab-nebula-serf10,25,71,42,38,4,33,0.9048,0.5352,0.5067
14,clab-nebula-serf10,30,88,82,57,25,31,0.6951,0.6477,0.5044
14,clab-nebula-serf10,35,103,138,89,49,14,0.6449,0.8641,0.5855
14,clab-nebula-serf10,40,120,156,117,39,3,0.7500,0.9750,0.7358
14,clab-nebula-serf10,45,121,159,121,38,0,0.7610,1.0000,0.7610
14,clab-nebula-serf10,50,129,161,129,32,0,0.8012,1.0000,0.8012
14,clab-nebula-serf10,55,153,161,153,8,0,0.9503,1.0000,0.9503
14,clab-nebula-serf10,60,156,161,156,5,0,0.9689,1.0000,0.9689
14,clab-nebula-serf15,5,1,0,0,0,1,0.0000,0.0000,0.0000
14,clab-nebula-serf15,10,14,0,0,0,14,0.0000,0.0000,0.0000
14,clab-nebula-serf15,15,32,0,0,0,32,0.0000,0.0000,0.0000
14,clab-nebula-serf15,20,68,0,0,0,68,0.0000,0.0000,0.0000
14,clab-nebula-serf15,25,88,40,39,1,49,0.9750,0.4432,0.4382
14,clab-nebula-serf15,30,100,82,61,21,39,0.7439,0.6100,0.5041
14,clab-nebula-serf15,35,117,140,103,37,14,0.7357,0.8803,0.6688
14,clab-nebula-serf15,40,121,156,118,38,3,0.7564,0.9752,0.7421
14,clab-nebula-serf15,45,124,159,124,35,0,0.7799,1.0000,0.7799
14,clab-nebula-serf15,50,151,161,151,10,0,0.9379,1.0000,0.9379
14,clab-nebula-serf15,55,154,161,154,7,0,0.9565,1.0000,0.9565
14,clab-nebula-serf15,60,158,161,158,3,0,0.9814,1.0000,0.9814
14,clab-nebula-serf20,5,2,0,0,0,2,0.0000,0.0000,0.0000
14,clab-nebula-serf20,10,4,0,0,0,4,0.0000,0.0000,0.0000
14,clab-nebula-serf20,15,15,0,0,0,15,0.0000,0.0000,0.0000
14,clab-nebula-serf20,20,26,0,0,0,26,0.0000,0.0000,0.0000
14,clab-nebula-serf20,25,46,0,0,0,46,0.0000,0.0000,0.0000
14,clab-nebula-serf20,30,80,82,55,27,25,0.6707,0.6875,0.5140
14,clab-nebula-serf20,35,93,138,79,59,14,0.5725,0.8495,0.5197
14,clab-nebula-serf20,40,102,156,99,57,3,0.6346,0.9706,0.6226
14,clab-nebula-serf20,45,118,159,118,41,0,0.7421,1.0000,0.7421
14,clab-nebula-serf20,50,124,161,124,37,0,0.7702,1.0000,0.7702
14,clab-nebula-serf20,55,129,161,129,32,0,0.8012,1.0000,0.8012
14,clab-nebula-serf20,60,154,161,154,7,0,0.9565,1.0000,0.9565
14,clab-nebula-serf25,5,0,0,0,0,0,1.0000,1.0000,1.0000
14,clab-nebula-serf25,10,4,0,0,0,4,0.0000,0.0000,0.0000
14,clab-nebula-serf25,15,12,0,0,0,12,0.0000,0.0000,0.0000
14,clab-nebula-serf25,20,28,0,0,0,28,0.0000,0.0000,0.0000
14,clab-nebula-serf25,25,44,0,0,0,44,0.0000,0.0000,0.0000
14,clab-nebula-serf25,30,81,62,55,7,26,0.8871,0.6790,0.6250
14,clab-nebula-serf25,35,93,99,77,22,16,0.7778,0.8280,0.6696
14,clab-nebula-serf25,40,102,152,99,53,3,0.6513,0.9706,0.6387
14,clab-nebula-serf25,45,119,156,116,40,3,0.7436,0.9748,0.7296
14,clab-nebula-serf25,50,124,161,124,37,0,0.7702,1.0000,0.7702
14,clab-nebula-serf25,55,127,161,127,34,0,0.7888,1.0000,0.7888
14,clab-nebula-serf25,60,154,161,154,7,0,0.9565,1.0000,0.9565
14,clab-nebula-serf30,5,1,0,0,0,1,0.0000,0.0000,0.0000
14,clab-nebula-serf30,10,13,0,0,0,13,0.0000,0.0000,0.0000
14,clab-nebula-serf30,15,28,0,0,0,28,0.0000,0.0000,0.0000
14,clab-nebula-serf30,20,45,0,0,0,45,0.0000,0.0000,0.0000
14,clab-nebula-serf30,25,81,64,55,9,26,0.8594,0.6790,0.6111
14,clab-nebula-serf30,30,93,99,77,22,16,0.7778,0.8280,0.6696
14,clab-nebula-serf30,35,102,152,99,53,3,0.6513,0.9706,0.6387
14,clab-nebula-serf30,40,119,157,117,40,2,0.7452,0.9832,0.7358
14,clab-nebula-serf30,45,124,161,124,37,0,0.7702,1.0000,0.7702
14,clab-nebula-serf30,50,128,161,128,33,0,0.7950,1.0000,0.7950
14,clab-nebula-serf30,55,154,161,154,7,0,0.9565,1.0000,0.9565
14,clab-nebula-serf30,60,154,161,154,7,0,0.9565,1.0000,0.9565
14,clab-nebula-serf35,5,0,0,0,0,0,1.0000,1.0000,1.0000
14,clab-nebula-serf35,10,1,0,0,0,1,0.0000,0.0000,0.0000
14,clab-nebula-serf35,15,7,0,0,0,7,0.0000,0.0000,0.0000
14,clab-nebula-serf35,20,26,0,0,0,26,0.0000,0.0000,0.0000
14,clab-nebula-serf35,25,63,0,0,0,63,0.0000,0.0000,0.0000
14,clab-nebula-serf35,30,85,0,0,0,85,0.0000,0.0000,0.0000
14,clab-nebula-serf35,35,95,75,60,15,35,0.8000,0.6316,0.5455
14,clab-nebula-serf35,40,111,111,90,21,21,0.8108,0.8108,0.6818
14,clab-nebula-serf35,45,121,152,118,34,3,0.7763,0.9752,0.7613
14,clab-nebula-serf35,50,124,159,124,35,0,0.7799,1.0000,0.7799
14,clab-nebula-serf35,55,145,161,145,16,0,0.9006,1.0000,0.9006
14,clab-nebula-serf35,60,154,161,154,7,0,0.9565,1.0000,0.9565
14,clab-nebula-serf40,5,0,0,0,0,0,1.0000,1.0000,1.0000
14,clab-nebula-serf40,10,1,0,0,0,1,0.0000,0.0000,0.0000
14,clab-nebula-serf40,15,11,0,0,0,11,0.0000,0.0000,0.0000
14,clab-nebula-serf40,20,35,0,0,0,35,0.0000,0.0000,0.0000
14,clab-nebula-serf40,25,71,0,0,0,71,0.0000,0.0000,0.0000
14,clab-nebula-serf40,30,87,0,0,0,87,0.0000,0.0000,0.0000
14,clab-nebula-serf40,35,98,82,59,23,39,0.7195,0.6020,0.4876
14,clab-nebula-serf40,40,118,138,101,37,17,0.7319,0.8559,0.6516
14,clab-nebula-serf40,45,122,153,119,34,3,0.7778,0.9754,0.7628
14,clab-nebula-serf40,50,126,159,126,33,0,0.7925,1.0000,0.7925
14,clab-nebula-serf40,55,153,161,153,8,0,0.9503,1.0000,0.9503
14,clab-nebula-serf40,60,154,161,154,7,0,0.9565,1.0000,0.9565
14,clab-nebula-serf45,5,2,0,0,0,2,0.0000,0.0000,0.0000
14,clab-nebula-serf45,10,8,0,0,0,8,0.0000,0.0000,0.0000
14,clab-nebula-serf45,15,22,0,0,0,22,0.0000,0.0000,0.0000
14,clab-nebula-serf45,20,40,0,0,0,40,0.0000,0.0000,0.0000
14,clab-nebula-serf45,25,80,19,19,0,61,1.0000,0.2375,0.2375
14,clab-nebula-serf45,30,90,83,58,25,32,0.6988,0.6444,0.5043
14,clab-nebula-serf45,35,118,140,103,37,15,0.7357,0.8729,0.6645
14,clab-nebula-serf45,40,121,156,118,38,3,0.7564,0.9752,0.7421
14,clab-nebula-serf45,45,124,161,124,37,0,0.7702,1.0000,0.7702
14,clab-nebula-serf45,50,145,161,145,16,0,0.9006,1.0000,0.9006
14,clab-nebula-serf45,55,154,161,154,7,0,0.9565,1.0000,0.9565
14,clab-nebula-serf45,60,155,161,155,6,0,0.9627,1.0000,0.9627
14,clab-nebula-serf50,5,3,0,0,0,3,0.0000,0.0000,0.0000
14,clab-nebula-serf50,10,8,0,0,0,8,0.0000,0.0000,0.0000
14,clab-nebula-serf50,15,23,0,0,0,23,0.0000,0.0000,0.0000
14,clab-nebula-serf50,20,41,0,0,0,41,0.0000,0.0000,0.0000
14,clab-nebula-serf50,25,81,19,19,0,62,1.0000,0.2346,0.2346
14,clab-nebula-serf50,30,93,83,59,24,34,0.7108,0.6344,0.5043
14,clab-nebula-serf50,35,118,140,103,37,15,0.7357,0.8729,0.6645
14,clab-nebula-serf50,40,122,156,119,37,3,0.7628,0.9754,0.7484
14,clab-nebula-serf50,45,125,161,125,36,0,0.7764,1.0000,0.7764
14,clab-nebula-serf50,50,153,161,153,8,0,0.9503,1.0000,0.9503
14,clab-nebula-serf50,55,154,161,154,7,0,0.9565,1.0000,0.9565
14,clab-nebula-serf50,60,156,161,156,5,0,0.9689,1.0000,0.9689
14,clab-nebula-serf55,5,0,0,0,0,0,1.0000,1.0000,1.0000
14,clab-nebula-serf55,10,9,0,0,0,9,0.0000,0.0000,0.0000
14,clab-nebula-serf55,15,23,0,0,0,23,0.0000,0.0000,0.0000
14,clab-nebula-serf55,20,64,0,0,0,64,0.0000,0.0000,0.0000
14,clab-nebula-serf55,25,83,0,0,0,83,0.0000,0.0000,0.0000
14,clab-nebula-serf55,30,96,72,58,14,38,0.8056,0.6042,0.5273
14,clab-nebula-serf55,35,119,99,88,11,31,0.8889,0.7395,0.6769
14,clab-nebula-serf55,40,121,152,118,34,3,0.7763,0.9752,0.7613
14,clab-nebula-serf55,45,126,156,123,33,3,0.7885,0.9762,0.7736
14,clab-nebula-serf55,50,153,161,153,8,0,0.9503,1.0000,0.9503
14,clab-nebula-serf55,55,154,161,154,7,0,0.9565,1.0000,0.9565
14,clab-nebula-serf55,60,157,161,157,4,0,0.9752,1.0000,0.9752
14,clab-nebula-serf60,5,4,0,0,0,4,0.0000,0.0000,0.0000
14,clab-nebula-serf60,10,10,0,0,0,10,0.0000,0.0000,0.0000
14,clab-nebula-serf60,15,42,0,0,0,42,0.0000,0.0000,0.0000
14,clab-nebula-serf60,20,70,0,0,0,70,0.0000,0.0000,0.0000
14,clab-nebula-serf60,25,87,0,0,0,87,0.0000,0.0000,0.0000
14,clab-nebula-serf60,30,111,82,67,15,44,0.8171,0.6036,0.5317
14,clab-nebula-serf60,35,120,138,104,34,16,0.7536,0.8667,0.6753
14,clab-nebula-serf60,40,124,156,121,35,3,0.7756,0.9758,0.7610
14,clab-nebula-serf60,45,143,159,143,16,0,0.8994,1.0000,0.8994
14,clab-nebula-serf60,50,154,161,154,7,0,0.9565,1.0000,0.9565
14,clab-nebula-serf60,55,154,161,154,7,0,0.9565,1.0000,0.9565
14,clab-nebula-serf60,60,158,161,158,3,0,0.9814,1.0000,0.9814
14,clab-nebula-serf65,5,0,0,0,0,0,1.0000,1.0000,1.0000
14,clab-nebula-serf65,10,0,0,0,0,0,1.0000,1.0000,1.0000
14,clab-nebula-serf65,15,0,0,0,0,0,1.0000,1.0000,1.0000
14,clab-nebula-serf65,20,23,0,0,0,23,0.0000,0.0000,0.0000
14,clab-nebula-serf65,25,62,0,0,0,62,0.0000,0.0000,0.0000
14,clab-nebula-serf65,30,95,24,23,1,72,0.9583,0.2421,0.2396
14,clab-nebula-serf65,35,115,142,113,29,2,0.7958,0.9826,0.7847
14,clab-nebula-serf65,40,122,156,119,37,3,0.7628,0.9754,0.7484
14,clab-nebula-serf65,45,126,161,126,35,0,0.7826,1.0000,0.7826
14,clab-nebula-serf65,50,152,161,152,9,0,0.9441,1.0000,0.9441
14,clab-nebula-serf65,55,154,161,154,7,0,0.9565,1.0000,0.9565
14,clab-nebula-serf65,60,155,161,155,6,0,0.9627,1.0000,0.9627
14,clab-nebula-serf70,5,3,0,0,0,3,0.0000,0.0000,0.0000
14,clab-nebula-serf70,10,19,0,0,0,19,0.0000,0.0000,0.0000
14,clab-nebula-serf70,15,36,0,0,0,36,0.0000,0.0000,0.0000
14,clab-nebula-serf70,20,66,0,0,0,66,0.0000,0.0000,0.0000
14,clab-nebula-serf70,25,87,29,27,2,60,0.9310,0.3103,0.3034
14,clab-nebula-serf70,30,110,82,63,19,47,0.7683,0.5727,0.4884
14,clab-nebula-serf70,35,119,138,103,35,16,0.7464,0.8655,0.6688
14,clab-nebula-serf70,40,124,156,122,34,2,0.7821,0.9839,0.7722
14,clab-nebula-serf70,45,147,159,147,12,0,0.9245,1.0000,0.9245
14,clab-nebula-serf70,50,154,161,154,7,0,0.9565,1.0000,0.9565
14,clab-nebula-serf70,55,158,161,158,3,0,0.9814,1.0000,0.9814
14,clab-nebula-serf70,60,161,161,161,0,0,1.0000,1.0000,1.0000
14,clab-nebula-serf75,5,0,0,0,0,0,1.0000,1.0000,1.0000
14,clab-nebula-serf75,10,7,0,0,0,7,0.0000,0.0000,0.0000
14,clab-nebula-serf75,15,26,0,0,0,26,0.0000,0.0000,0.0000
14,clab-nebula-serf75,20,41,0,0,0,41,0.0000,0.0000,0.0000
14,clab-nebula-serf75,25,76,0,0,0,76,0.0000,0.0000,0.0000
14,clab-nebula-serf75,30,100,34,25,9,75,0.7353,0.2500,0.2294
14,clab-nebula-serf75,35,115,99,73,26,42,0.7374,0.6348,0.5177
14,clab-nebula-serf75,40,122,159,122,37,0,0.7673,1.0000,0.7673
14,clab-nebula-serf75,45,135,161,135,26,0,0.8385,1.0000,0.8385
14,clab-nebula-serf75,50,154,161,154,7,0,0.9565,1.0000,0.9565
14,clab-nebula-serf75,55,155,161,155,6,0,0.9627,1.0000,0.9627
14,clab-nebula-serf75,60,158,161,158,3,0,0.9814,1.0000,0.9814
14,clab-nebula-serf80,5,0,0,0,0,0,1.0000,1.0000,1.0000
14,clab-nebula-serf80,10,14,0,0,0,14,0.0000,0.0000,0.0000
14,clab-nebula-serf80,15,32,0,0,0,32,0.0000,0.0000,0.0000
14,clab-nebula-serf80,20,55,0,0,0,55,0.0000,0.0000,0.0000
14,clab-nebula-serf80,25,84,0,0,0,84,0.0000,0.0000,0.0000
14,clab-nebula-serf80,30,110,67,42,25,68,0.6269,0.3818,0.3111
14,clab-nebula-serf80,35,120,146,118,28,2,0.8082,0.9833,0.7973
14,clab-nebula-serf80,40,127,161,127,34,0,0.7888,1.0000,0.7888
14,clab-nebula-serf80,45,152,161,152,9,0,0.9441,1.0000,0.9441
14,clab-nebula-serf80,50,154,161,154,7,0,0.9565,1.0000,0.9565
14,clab-nebula-serf80,55,156,161,156,5,0,0.9689,1.0000,0.9689
14,clab-nebula-serf80,60,159,161,159,2,0,0.9876,1.0000,0.9876
14,clab-nebula-serf85,5,0,0,0,0,0,1.0000,1.0000,1.0000
14,clab-nebula-serf85,10,4,0,0,0,4,0.0000,0.0000,0.0000
14,clab-nebula-serf85,15,19,0,0,0,19,0.0000,0.0000,0.0000
14,clab-nebula-serf85,20,35,0,0,0,35,0.0000,0.0000,0.0000
14,clab-nebula-serf85,25,57,0,0,0,57,0.0000,0.0000,0.0000
14,clab-nebula-serf85,30,82,56,18,38,64,0.3214,0.2195,0.1500
14,clab-nebula-serf85,35,111,87,53,34,58,0.6092,0.4775,0.3655
14,clab-nebula-serf85,40,119,151,119,32,0,0.7881,1.0000,0.7881
14,clab-nebula-serf85,45,134,161,134,27,0,0.8323,1.0000,0.8323
14,clab-nebula-serf85,50,149,161,149,12,0,0.9255,1.0000,0.9255
14,clab-nebula-serf85,55,154,161,154,7,0,0.9565,1.0000,0.9565
14,clab-nebula-serf85,60,157,161,157,4,0,0.9752,1.0000,0.9752
14,clab-nebula-serf90,5,2,0,0,0,2,0.0000,0.0000,0.0000
14,clab-nebula-serf90,10,9,0,0,0,9,0.0000,0.0000,0.0000
14,clab-nebula-serf90,15,30,0,0,0,30,0.0000,0.0000,0.0000
14,clab-nebula-serf90,20,49,0,0,0,49,0.0000,0.0000,0.0000
14,clab-nebula-serf90,25,78,0,0,0,78,0.0000,0.0000,0.0000
14,clab-nebula-serf90,30,101,72,41,31,60,0.5694,0.4059,0.3106
14,clab-nebula-serf90,35,119,88,57,31,62,0.6477,0.4790,0.3800
14,clab-nebula-serf90,40,122,161,122,39,0,0.7578,1.0000,0.7578
14,clab-nebula-serf90,45,137,161,137,24,0,0.8509,1.0000,0.8509
14,clab-nebula-serf90,50,154,161,154,7,0,0.9565,1.0000,0.9565
14,clab-nebula-serf90,55,155,161,155,6,0,0.9627,1.0000,0.9627
14,clab-nebula-serf90,60,159,161,159,2,0,0.9876,1.0000,0.9876
14,clab-nebula-serf95,5,0,0,0,0,0,1.0000,1.0000,1.0000
14,clab-nebula-serf95,10,10,0,0,0,10,0.0000,0.0000,0.0000
14,clab-nebula-serf95,15,30,0,0,0,30,0.0000,0.0000,0.0000
14,clab-nebula-serf95,20,50,0,0,0,50,0.0000,0.0000,0.0000
14,clab-nebula-serf95,25,80,0,0,0,80,0.0000,0.0000,0.0000
14,clab-nebula-serf95,30,104,72,42,30,62,0.5833,0.4038,0.3134
14,clab-nebula-serf95,35,119,88,57,31,62,0.6477,0.4790,0.3800
14,clab-nebula-serf95,40,124,161,124,37,0,0.7702,1.0000,0.7702
14,clab-nebula-serf95,45,142,161,142,19,0,0.8820,1.0000,0.8820
14,clab-nebula-serf95,50,154,161,154,7,0,0.9565,1.0000,0.9565
14,clab-nebula-serf95,55,154,161,154,7,0,0.9565,1.0000,0.9565
14,clab-nebula-serf95,60,159,161,159,2,0,0.9876,1.0000,0.9876
14,clab-nebula-serf100,5,6,0,0,0,6,0.0000,0.0000,0.0000
14,clab-nebula-serf100,10,7,0,0,0,7,0.0000,0.0000,0.0000
14,clab-nebula-serf100,15,8,0,0,0,8,0.0000,0.0000,0.0000
14,clab-nebula-serf100,20,14,0,0,0,14,0.0000,0.0000,0.0000
14,clab-nebula-serf100,25,25,10,9,1,16,0.9000,0.3600,0.3462
14,clab-nebula-serf100,30,59,140,54,86,5,0.3857,0.9153,0.3724
14,clab-nebula-serf100,35,89,156,88,68,1,0.5641,0.9888,0.5605
14,clab-nebula-serf100,40,137,161,137,24,0,0.8509,1.0000,0.8509
14,clab-nebula-serf100,45,150,161,150,11,0,0.9317,1.0000,0.9317
14,clab-nebula-serf100,50,159,161,159,2,0,0.9876,1.0000,0.9876
14,clab-nebula-serf100,55,160,161,160,1,0,0.9938,1.0000,0.9938
14,clab-nebula-serf100,60,161,161,161,0,0,1.0000,1.0000,1.0000
14,clab-nebula-serf105,5,1,0,0,0,1,0.0000,0.0000,0.0000
14,clab-nebula-serf105,10,3,0,0,0,3,0.0000,0.0000,0.0000
14,clab-nebula-serf105,15,8,0,0,0,8,0.0000,0.0000,0.0000
14,clab-nebula-serf105,20,25,0,0,0,25,0.0000,0.0000,0.0000
14,clab-nebula-serf105,25,54,0,0,0,54,0.0000,0.0000,0.0000
14,clab-nebula-serf105,30,86,65,42,23,44,0.6462,0.4884,0.3853
14,clab-nebula-serf105,35,123,103,79,24,44,0.7670,0.6423,0.5374
14,clab-nebula-serf105,40,145,161,145,16,0,0.9006,1.0000,0.9006
14,clab-nebula-serf105,45,153,161,153,8,0,0.9503,1.0000,0.9503
14,clab-nebula-serf105,50,155,161,155,6,0,0.9627,1.0000,0.9627
14,clab-nebula-serf105,55,160,161,160,1,0,0.9938,1.0000,0.9938
14,clab-nebula-serf105,60,161,161,161,0,0,1.0000,1.0000,1.0000
14,clab-nebula-serf110,5,0,0,0,0,0,1.0000,1.0000,1.0000
14,clab-nebula-serf110,10,0,0,0,0,0,1.0000,1.0000,1.0000
14,clab-nebula-serf110,15,2,0,0,0,2,0.0000,0.0000,0.0000
14,clab-nebula-serf110,20,7,0,0,0,7,0.0000,0.0000,0.0000
14,clab-nebula-serf110,25,15,0,0,0,15,0.0000,0.0000,0.0000
14,clab-nebula-serf110,30,37,0,0,0,37,0.0000,0.0000,0.0000
14,clab-nebula-serf110,35,69,34,15,19,54,0.4412,0.2174,0.1705
14,clab-nebula-serf110,40,107,78,57,21,50,0.7308,0.5327,0.4453
14,clab-nebula-serf110,45,143,149,133,16,10,0.8926,0.9301,0.8365
14,clab-nebula-serf110,50,148,161,148,13,0,0.9193,1.0000,0.9193
14,clab-nebula-serf110,55,154,161,154,7,0,0.9565,1.0000,0.9565
14,clab-nebula-serf110,60,157,161,157,4,0,0.9752,1.0000,0.9752
14,clab-nebula-serf115,5,0,0,0,0,0,1.0000,1.0000,1.0000
14,clab-nebula-serf115,10,0,0,0,0,0,1.0000,1.0000,1.0000
14,clab-nebula-serf115,15,0,0,0,0,0,1.0000,1.0000,1.0000
14,clab-nebula-serf115,20,0,0,0,0,0,1.0000,1.0000,1.0000
14,clab-nebula-serf115,25,0,0,0,0,0,1.0000,1.0000,1.0000
14,clab-nebula-serf115,30,0,0,0,0,0,1.0000,1.0000,1.0000
14,clab-nebula-serf115,35,1,0,0,0,1,0.0000,0.0000,0.0000
14,clab-nebula-serf115,40,3,4,1,3,2,0.2500,0.3333,0.1667
14,clab-nebula-serf115,45,6,8,1,7,5,0.1250,0.1667,0.0769
14,clab-nebula-serf115,50,23,61,15,46,8,0.2459,0.6522,0.2174
14,clab-nebula-serf115,55,57,88,48,40,9,0.5455,0.8421,0.4948
14,clab-nebula-serf115,60,103,161,103,58,0,0.6398,1.0000,0.6398
14,clab-nebula-serf120,5,2,0,0,0,2,0.0000,0.0000,0.0000
14,clab-nebula-serf120,10,2,0,0,0,2,0.0000,0.0000,0.0000
14,clab-nebula-serf120,15,2,0,0,0,2,0.0000,0.0000,0.0000
14,clab-nebula-serf120,20,2,3,2,1,0,0.6667,1.0000,0.6667
14,clab-nebula-serf120,25,2,61,2,59,0,0.0328,1.0000,0.0328
14,clab-nebula-serf120,30,3,88,3,85,0,0.0341,1.0000,0.0341
14,clab-nebula-serf120,35,3,161,3,158,0,0.0186,1.0000,0.0186
14,clab-nebula-serf120,40,3,161,3,158,0,0.0186,1.0000,0.0186
14,clab-nebula-serf120,45,5,161,5,156,0,0.0311,1.0000,0.0311
14,clab-nebula-serf120,50,14,161,14,147,0,0.0870,1.0000,0.0870
14,clab-nebula-serf120,55,24,161,24,137,0,0.1491,1.0000,0.1491
14,clab-nebula-serf120,60,48,161,48,113,0,0.2981,1.0000,0.2981
14,clab-nebula-serf125,5,0,0,0,0,0,1.0000,1.0000,1.0000
14,clab-nebula-serf125,10,3,0,0,0,3,0.0000,0.0000,0.0000
14,clab-nebula-serf125,15,12,0,0,0,12,0.0000,0.0000,0.0000
14,clab-nebula-serf125,20,45,0,0,0,45,0.0000,0.0000,0.0000
14,clab-nebula-serf125,25,58,69,38,31,20,0.5507,0.6552,0.4270
14,clab-nebula-serf125,30,84,135,74,61,10,0.5481,0.8810,0.5103
14,clab-nebula-serf125,35,112,161,112,49,0,0.6957,1.0000,0.6957
14,clab-nebula-serf125,40,137,161,137,24,0,0.8509,1.0000,0.8509
14,clab-nebula-serf125,45,146,161,146,15,0,0.9068,1.0000,0.9068
14,clab-nebula-serf125,50,155,161,155,6,0,0.9627,1.0000,0.9627
14,clab-nebula-serf125,55,161,161,161,0,0,1.0000,1.0000,1.0000
14,clab-nebula-serf125,60,161,161,161,0,0,1.0000,1.0000,1.0000
14,clab-nebula-serf130,5,0,0,0,0,0,1.0000,1.0000,1.0000
14,clab-nebula-serf130,10,0,0,0,0,0,1.0000,1.0000,1.0000
14,clab-nebula-serf130,15,0,0,0,0,0,1.0000,1.0000,1.0000
14,clab-nebula-serf130,20,13,0,0,0,13,0.0000,0.0000,0.0000
14,clab-nebula-serf130,25,14,0,0,0,14,0.0000,0.0000,0.0000
14,clab-nebula-serf130,30,24,0,0,0,24,0.0000,0.0000,0.0000
14,clab-nebula-serf130,35,41,68,31,37,10,0.4559,0.7561,0.3974
14,clab-nebula-serf130,40,53,83,43,40,10,0.5181,0.8113,0.4624
14,clab-nebula-serf130,45,84,161,84,77,0,0.5217,1.0000,0.5217
14,clab-nebula-serf130,50,111,161,111,50,0,0.6894,1.0000,0.6894
14,clab-nebula-serf130,55,136,161,136,25,0,0.8447,1.0000,0.8447
14,clab-nebula-serf130,60,146,161,146,15,0,0.9068,1.0000,0.9068
14,clab-nebula-serf135,5,0,0,0,0,0,1.0000,1.0000,1.0000
14,clab-nebula-serf135,10,0,0,0,0,0,1.0000,1.0000,1.0000
14,clab-nebula-serf135,15,1,0,0,0,1,0.0000,0.0000,0.0000
14,clab-nebula-serf135,20,14,0,0,0,14,0.0000,0.0000,0.0000
14,clab-nebula-serf135,25,15,0,0,0,15,0.0000,0.0000,0.0000
14,clab-nebula-serf135,30,25,26,21,5,4,0.8077,0.8400,0.7000
14,clab-nebula-serf135,35,42,80,32,48,10,0.4000,0.7619,0.3556
14,clab-nebula-serf135,40,54,149,44,105,10,0.2953,0.8148,0.2767
14,clab-nebula-serf135,45,91,161,91,70,0,0.5652,1.0000,0.5652
14,clab-nebula-serf135,50,112,161,112,49,0,0.6957,1.0000,0.6957
14,clab-nebula-serf135,55,137,161,137,24,0,0.8509,1.0000,0.8509
14,clab-nebula-serf135,60,146,161,146,15,0,0.9068,1.0000,0.9068
14,clab-nebula-serf140,5,0,0,0,0,0,1.0000,1.0000,1.0000
14,clab-nebula-serf140,10,0,0,0,0,0,1.0000,1.0000,1.0000
14,clab-nebula-serf140,15,0,0,0,0,0,1.0000,1.0000,1.0000
14,clab-nebula-serf140,20,13,0,0,0,13,0.0000,0.0000,0.0000
14,clab-nebula-serf140,25,14,0,0,0,14,0.0000,0.0000,0.0000
14,clab-nebula-serf140,30,25,0,0,0,25,0.0000,0.0000,0.0000
14,clab-nebula-serf140,35,39,68,29,39,10,0.4265,0.7436,0.3718
14,clab-nebula-serf140,40,52,83,42,41,10,0.5060,0.8077,0.4516
14,clab-nebula-serf140,45,82,161,82,79,0,0.5093,1.0000,0.5093
14,clab-nebula-serf140,50,108,161,108,53,0,0.6708,1.0000,0.6708
14,clab-nebula-serf140,55,136,161,136,25,0,0.8447,1.0000,0.8447
14,clab-nebula-serf140,60,145,161,145,16,0,0.9006,1.0000,0.9006
14,clab-nebula-serf145,5,0,0,0,0,0,1.0000,1.0000,1.0000
14,clab-nebula-serf145,10,0,0,0,0,0,1.0000,1.0000,1.0000
14,clab-nebula-serf145,15,1,0,0,0,1,0.0000,0.0000,0.0000
14,clab-nebula-serf145,20,5,0,0,0,5,0.0000,0.0000,0.0000
14,clab-nebula-serf145,25,7,0,0,0,7,0.0000,0.0000,0.0000
14,clab-nebula-serf145,30,15,0,0,0,15,0.0000,0.0000,0.0000
14,clab-nebula-serf145,35,37,68,30,38,7,0.4412,0.8108,0.4000
14,clab-nebula-serf145,40,56,102,46,56,10,0.4510,0.8214,0.4107
14,clab-nebula-serf145,45,66,161,66,95,0,0.4099,1.0000,0.4099
14,clab-nebula-serf145,50,104,161,104,57,0,0.6460,1.0000,0.6460
14,clab-nebula-serf145,55,130,161,130,31,0,0.8075,1.0000,0.8075
14,clab-nebula-serf145,60,145,161,145,16,0,0.9006,1.0000,0.9006
14,clab-nebula-serf150,5,0,0,0,0,0,1.0000,1.0000,1.0000
14,clab-nebula-serf150,10,0,0,0,0,0,1.0000,1.0000,1.0000
14,clab-nebula-serf150,15,1,0,0,0,1,0.0000,0.0000,0.0000
14,clab-nebula-serf150,20,9,0,0,0,9,0.0000,0.0000,0.0000
14,clab-nebula-serf150,25,17,0,0,0,17,0.0000,0.0000,0.0000
14,clab-nebula-serf150,30,23,53,9,44,14,0.1698,0.3913,0.1343
14,clab-nebula-serf150,35,42,83,11,72,31,0.1325,0.2619,0.0965
14,clab-nebula-serf150,40,54,140,54,86,0,0.3857,1.0000,0.3857
14,clab-nebula-serf150,45,79,156,78,78,1,0.5000,0.9873,0.4968
14,clab-nebula-serf150,50,117,161,117,44,0,0.7267,1.0000,0.7267
14,clab-nebula-serf150,55,141,161,141,20,0,0.8758,1.0000,0.8758
14,clab-nebula-serf150,60,152,161,152,9,0,0.9441,1.0000,0.9441
14,clab-nebula-serf155,5,0,0,0,0,0,1.0000,1.0000,1.0000
14,clab-nebula-serf155,10,0,0,0,0,0,1.0000,1.0000,1.0000
14,clab-nebula-serf155,15,1,0,0,0,1,0.0000,0.0000,0.0000
14,clab-nebula-serf155,20,11,0,0,0,11,0.0000,0.0000,0.0000
14,clab-nebula-serf155,25,14,0,0,0,14,0.0000,0.0000,0.0000
14,clab-nebula-serf155,30,24,0,0,0,24,0.0000,0.0000,0.0000
14,clab-nebula-serf155,35,43,72,9,63,34,0.1250,0.2093,0.0849
14,clab-nebula-serf155,40,56,83,17,66,39,0.2048,0.3036,0.1393
14,clab-nebula-serf155,45,82,140,79,61,3,0.5643,0.9634,0.5524
14,clab-nebula-serf155,50,117,156,116,40,1,0.7436,0.9915,0.7389
14,clab-nebula-serf155,55,137,161,137,24,0,0.8509,1.0000,0.8509
14,clab-nebula-serf155,60,150,161,150,11,0,0.9317,1.0000,0.9317
14,clab-nebula-serf160,5,4,0,0,0,4,0.0000,0.0000,0.0000
14,clab-nebula-serf160,10,4,0,0,0,4,0.0000,0.0000,0.0000
14,clab-nebula-serf160,15,5,0,0,0,5,0.0000,0.0000,0.0000
14,clab-nebula-serf160,20,10,0,0,0,10,0.0000,0.0000,0.0000
14,clab-nebula-serf160,25,25,64,18,46,7,0.2812,0.7200,0.2535
14,clab-nebula-serf160,30,37,83,27,56,10,0.3253,0.7297,0.2903
14,clab-nebula-serf160,35,43,161,43,118,0,0.2671,1.0000,0.2671
14,clab-nebula-serf160,40,58,161,58,103,0,0.3602,1.0000,0.3602
14,clab-nebula-serf160,45,82,161,82,79,0,0.5093,1.0000,0.5093
14,clab-nebula-serf160,50,118,161,118,43,0,0.7329,1.0000,0.7329
14,clab-nebula-serf160,55,139,161,139,22,0,0.8634,1.0000,0.8634
14,clab-nebula-serf160,60,149,161,149,12,0,0.9255,1.0000,0.9255
16,clab-nebula-serf1,5,0,0,0,0,0,1.0000,1.0000,1.0000
16,clab-nebula-serf1,10,6,0,0,0,6,0.0000,0.0000,0.0000
16,clab-nebula-serf1,15,12,0,0,0,12,0.0000,0.0000,0.0000
16,clab-nebula-serf1,20,19,72,19,53,0,0.2639,1.0000,0.2639
16,clab-nebula-serf1,25,37,83,34,49,3,0.4096,0.9189,0.3953
16,clab-nebula-serf1,30,74,148,69,79,5,0.4662,0.9324,0.4510
16,clab-nebula-serf1,35,91,156,89,67,2,0.5705,0.9780,0.5633
16,clab-nebula-serf1,40,107,161,107,54,0,0.6646,1.0000,0.6646
16,clab-nebula-serf1,45,117,161,117,44,0,0.7267,1.0000,0.7267
16,clab-nebula-serf1,50,121,161,121,40,0,0.7516,1.0000,0.7516
16,clab-nebula-serf1,55,133,161,133,28,0,0.8261,1.0000,0.8261
16,clab-nebula-serf1,60,153,161,153,8,0,0.9503,1.0000,0.9503
16,clab-nebula-serf5,5,0,0,0,0,0,1.0000,1.0000,1.0000
16,clab-nebula-serf5,10,3,0,0,0,3,0.0000,0.0000,0.0000
16,clab-nebula-serf5,15,7,0,0,0,7,0.0000,0.0000,0.0000
16,clab-nebula-serf5,20,14,72,14,58,0,0.1944,1.0000,0.1944
16,clab-nebula-serf5,25,19,83,19,64,0,0.2289,1.0000,0.2289
16,clab-nebula-serf5,30,46,140,42,98,4,0.3000,0.9130,0.2917
16,clab-nebula-serf5,35,80,156,79,77,1,0.5064,0.9875,0.5032
16,clab-nebula-serf5,40,92,161,92,69,0,0.5714,1.0000,0.5714
16,clab-nebula-serf5,45,108,161,108,53,0,0.6708,1.0000,0.6708
16,clab-nebula-serf5,50,118,161,118,43,0,0.7329,1.0000,0.7329
16,clab-nebula-serf5,55,121,161,121,40,0,0.7516,1.0000,0.7516
16,clab-nebula-serf5,60,143,161,143,18,0,0.8882,1.0000,0.8882
16,clab-nebula-serf10,5,1,0,0,0,1,0.0000,0.0000,0.0000
16,clab-nebula-serf10,10,9,0,0,0,9,0.0000,0.0000,0.0000
16,clab-nebula-serf10,15,20,0,0,0,20,0.0000,0.0000,0.0000
16,clab-nebula-serf10,20,40,0,0,0,40,0.0000,0.0000,0.0000
16,clab-nebula-serf10,25,71,42,38,4,33,0.9048,0.5352,0.5067
16,clab-nebula-serf10,30,88,82,57,25,31,0.6951,0.6477,0.5044
16,clab-nebula-serf10,35,103,138,89,49,14,0.6449,0.8641,0.5855
16,clab-nebula-serf10,40,120,156,117,39,3,0.7500,0.9750,0.7358
16,clab-nebula-serf10,45,121,159,121,38,0,0.7610,1.0000,0.7610
16,clab-nebula-serf10,50,129,161,129,32,0,0.8012,1.0000,0.8012
16,clab-nebula-serf10,55,153,161,153,8,0,0.9503,1.0000,0.9503
16,clab-nebula-serf10,60,156,161,156,5,0,0.9689,1.0000,0.9689
16,clab-nebula-serf15,5,1,0,0,0,1,0.0000,0.0000,0.0000
16,clab-nebula-serf15,10,14,0,0,0,14,0.0000,0.0000,0.0000
16,clab-nebula-serf15,15,32,0,0,0,32,0.0000,0.0000,0.0000
16,clab-nebula-serf15,20,68,0,0,0,68,0.0000,0.0000,0.0000
16,clab-nebula-serf15,25,88,40,39,1,49,0.9750,0.4432,0.4382
16,clab-nebula-serf15,30,100,82,61,21,39,0.7439,0.6100,0.5041
16,clab-nebula-serf15,35,117,140,103,37,14,0.7357,0.8803,0.6688
16,clab-nebula-serf15,40,121,156,118,38,3,0.7564,0.9752,0.7421
16,clab-nebula-serf15,45,124,159,124,35,0,0.7799,1.0000,0.7799
16,clab-nebula-serf15,50,151,161,151,10,0,0.9379,1.0000,0.9379
16,clab-nebula-serf15,55,154,161,154,7,0,0.9565,1.0000,0.9565
16,clab-nebula-serf15,60,158,161,158,3,0,0.9814,1.0000,0.9814
16,clab-nebula-serf20,5,2,0,0,0,2,0.0000,0.0000,0.0000
16,clab-nebula-serf20,10,4,0,0,0,4,0.0000,0.0000,0.0000
16,clab-nebula-serf20,15,15,0,0,0,15,0.0000,0.0000,0.0000
16,clab-nebula-serf20,20,26,0,0,0,26,0.0000,0.0000,0.0000
16,clab-nebula-serf20,25,46,0,0,0,46,0.0000,0.0000,0.0000
16,clab-nebula-serf20,30,80,82,55,27,25,0.6707,0.6875,0.5140
16,clab-nebula-serf20,35,93,138,79,59,14,0.5725,0.8495,0.5197
16,clab-nebula-serf20,40,102,156,99,57,3,0.6346,0.9706,0.6226
16,clab-nebula-serf20,45,118,159,118,41,0,0.7421,1.0000,0.7421
16,clab-nebula-serf20,50,124,161,124,37,0,0.7702,1.0000,0.7702
16,clab-nebula-serf20,55,129,161,129,32,0,0.8012,1.0000,0.8012
16,clab-nebula-serf20,60,154,161,154,7,0,0.9565,1.0000,0.9565
16,clab-nebula-serf25,5,0,0,0,0,0,1.0000,1.0000,1.0000
16,clab-nebula-serf25,10,4,0,0,0,4,0.0000,0.0000,0.0000
16,clab-nebula-serf25,15,12,0,0,0,12,0.0000,0.0000,0.0000
16,clab-nebula-serf25,20,28,0,0,0,28,0.0000,0.0000,0.0000
16,clab-nebula-serf25,25,44,0,0,0,44,0.0000,0.0000,0.0000
16,clab-nebula-serf25,30,81,62,55,7,26,0.8871,0.6790,0.6250
16,clab-nebula-serf25,35,93,99,77,22,16,0.7778,0.8280,0.6696
16,clab-nebula-serf25,40,102,152,99,53,3,0.6513,0.9706,0.6387
16,clab-nebula-serf25,45,119,156,116,40,3,0.7436,0.9748,0.7296
16,clab-nebula-serf25,50,124,161,124,37,0,0.7702,1.0000,0.7702
16,clab-nebula-serf25,55,127,161,127,34,0,0.7888,1.0000,0.7888
16,clab-nebula-serf25,60,154,161,154,7,0,0.9565,1.0000,0.9565
16,clab-nebula-serf30,5,1,0,0,0,1,0.0000,0.0000,0.0000
16,clab-nebula-serf30,10,13,0,0,0,13,0.0000,0.0000,0.0000
16,clab-nebula-serf30,15,28,0,0,0,28,0.0000,0.0000,0.0000
16,clab-nebula-serf30,20,45,0,0,0,45,0.0000,0.0000,0.0000
16,clab-nebula-serf30,25,81,64,55,9,26,0.8594,0.6790,0.6111
16,clab-nebula-serf30,30,93,99,77,22,16,0.7778,0.8280,0.6696
16,clab-nebula-serf30,35,102,152,99,53,3,0.6513,0.9706,0.6387
16,clab-nebula-serf30,40,119,157,117,40,2,0.7452,0.9832,0.7358
16,clab-nebula-serf30,45,124,161,124,37,0,0.7702,1.0000,0.7702
16,clab-nebula-serf30,50,128,161,128,33,0,0.7950,1.0000,0.7950
16,clab-nebula-serf30,55,154,161,154,7,0,0.9565,1.0000,0.9565
16,clab-nebula-serf30,60,154,161,154,7,0,0.9565,1.0000,0.9565
16,clab-nebula-serf35,5,0,0,0,0,0,1.0000,1.0000,1.0000
16,clab-nebula-serf35,10,1,0,0,0,1,0.0000,0.0000,0.0000
16,clab-nebula-serf35,15,7,0,0,0,7,0.0000,0.0000,0.0000
16,clab-nebula-serf35,20,26,0,0,0,26,0.0000,0.0000,0.0000
16,clab-nebula-serf35,25,63,0,0,0,63,0.0000,0.0000,0.0000
16,clab-nebula-serf35,30,85,0,0,0,85,0.0000,0.0000,0.0000
16,clab-nebula-serf35,35,95,75,60,15,35,0.8000,0.6316,0.5455
16,clab-nebula-serf35,40,111,111,90,21,21,0.8108,0.8108,0.6818
16,clab-nebula-serf35,45,121,152,118,34,3,0.7763,0.9752,0.7613
16,clab-nebula-serf35,50,124,159,124,35,0,0.7799,1.0000,0.7799
16,clab-nebula-serf35,55,145,161,145,16,0,0.9006,1.0000,0.9006
16,clab-nebula-serf35,60,154,161,154,7,0,0.9565,1.0000,0.9565
16,clab-nebula-serf40,5,0,0,0,0,0,1.0000,1.0000,1.0000
16,clab-nebula-serf40,10,1,0,0,0,1,0.0000,0.0000,0.0000
16,clab-nebula-serf40,15,11,0,0,0,11,0.0000,0.0000,0.0000
16,clab-nebula-serf40,20,35,0,0,0,35,0.0000,0.0000,0.0000
16,clab-nebula-serf40,25,71,0,0,0,71,0.0000,0.0000,0.0000
16,clab-nebula-serf40,30,87,0,0,0,87,0.0000,0.0000,0.0000
16,clab-nebula-serf40,35,98,82,59,23,39,0.7195,0.6020,0.4876
16,clab-nebula-serf40,40,118,138,101,37,17,0.7319,0.8559,0.6516
16,clab-nebula-serf40,45,122,153,119,34,3,0.7778,0.9754,0.7628
16,clab-nebula-serf40,50,126,159,126,33,0,0.7925,1.0000,0.7925
16,clab-nebula-serf40,55,153,161,153,8,0,0.9503,1.0000,0.9503
16,clab-nebula-serf40,60,154,161,154,7,0,0.9565,1.0000,0.9565
16,clab-nebula-serf45,5,2,0,0,0,2,0.0000,0.0000,0.0000
16,clab-nebula-serf45,10,8,0,0,0,8,0.0000,0.0000,0.0000
16,clab-nebula-serf45,15,22,0,0,0,22,0.0000,0.0000,0.0000
16,clab-nebula-serf45,20,40,0,0,0,40,0.0000,0.0000,0.0000
16,clab-nebula-serf45,25,80,19,19,0,61,1.0000,0.2375,0.2375
16,clab-nebula-serf45,30,90,83,58,25,32,0.6988,0.6444,0.5043
16,clab-nebula-serf45,35,118,140,103,37,15,0.7357,0.8729,0.6645
16,clab-nebula-serf45,40,121,156,118,38,3,0.7564,0.9752,0.7421
16,clab-nebula-serf45,45,124,161,124,37,0,0.7702,1.0000,0.7702
16,clab-nebula-serf45,50,145,161,145,16,0,0.9006,1.0000,0.9006
16,clab-nebula-serf45,55,154,161,154,7,0,0.9565,1.0000,0.9565
16,clab-nebula-serf45,60,155,161,155,6,0,0.9627,1.0000,0.9627
16,clab-nebula-serf50,5,3,0,0,0,3,0.0000,0.0000,0.0000
16,clab-nebula-serf50,10,8,0,0,0,8,0.0000,0.0000,0.0000
16,clab-nebula-serf50,15,23,0,0,0,23,0.0000,0.0000,0.0000
16,clab-nebula-serf50,20,41,0,0,0,41,0.0000,0.0000,0.0000
16,clab-nebula-serf50,25,81,19,19,0,62,1.0000,0.2346,0.2346
16,clab-nebula-serf50,30,93,83,59,24,34,0.7108,0.6344,0.5043
16,clab-nebula-serf50,35,118,140,103,37,15,0.7357,0.8729,0.6645
16,clab-nebula-serf50,40,122,156,119,37,3,0.7628,0.9754,0.7484
16,clab-nebula-serf50,45,125,161,125,36,0,0.7764,1.0000,0.7764
16,clab-nebula-serf50,50,153,161,153,8,0,0.9503,1.0000,0.9503
16,clab-nebula-serf50,55,154,161,154,7,0,0.9565,1.0000,0.9565
16,clab-nebula-serf50,60,156,161,156,5,0,0.9689,1.0000,0.9689
16,clab-nebula-serf55,5,0,0,0,0,0,1.0000,1.0000,1.0000
16,clab-nebula-serf55,10,9,0,0,0,9,0.0000,0.0000,0.0000
16,clab-nebula-serf55,15,23,0,0,0,23,0.0000,0.0000,0.0000
16,clab-nebula-serf55,20,64,0,0,0,64,0.0000,0.0000,0.0000
16,clab-nebula-serf55,25,83,0,0,0,83,0.0000,0.0000,0.0000
16,clab-nebula-serf55,30,96,72,58,14,38,0.8056,0.6042,0.5273
16,clab-nebula-serf55,35,119,99,88,11,31,0.8889,0.7395,0.6769
16,clab-nebula-serf55,40,121,152,118,34,3,0.7763,0.9752,0.7613
16,clab-nebula-serf55,45,126,156,123,33,3,0.7885,0.9762,0.7736
16,clab-nebula-serf55,50,153,161,153,8,0,0.9503,1.0000,0.9503
16,clab-nebula-serf55,55,154,161,154,7,0,0.9565,1.0000,0.9565
16,clab-nebula-serf55,60,157,161,157,4,0,0.9752,1.0000,0.9752
16,clab-nebula-serf60,5,4,0,0,0,4,0.0000,0.0000,0.0000
16,clab-nebula-serf60,10,10,0,0,0,10,0.0000,0.0000,0.0000
16,clab-nebula-serf60,15,42,0,0,0,42,0.0000,0.0000,0.0000
16,clab-nebula-serf60,20,70,0,0,0,70,0.0000,0.0000,0.0000
16,clab-nebula-serf60,25,87,0,0,0,87,0.0000,0.0000,0.0000
16,clab-nebula-serf60,30,111,82,67,15,44,0.8171,0.6036,0.5317
16,clab-nebula-serf60,35,120,138,104,34,16,0.7536,0.8667,0.6753
16,clab-nebula-serf60,40,124,156,121,35,3,0.7756,0.9758,0.7610
16,clab-nebula-serf60,45,143,159,143,16,0,0.8994,1.0000,0.8994
16,clab-nebula-serf60,50,154,161,154,7,0,0.9565,1.0000,0.9565
16,clab-nebula-serf60,55,154,161,154,7,0,0.9565,1.0000,0.9565
16,clab-nebula-serf60,60,158,161,158,3,0,0.9814,1.0000,0.9814
16,clab-nebula-serf65,5,0,0,0,0,0,1.0000,1.0000,1.0000
16,clab-nebula-serf65,10,0,0,0,0,0,1.0000,1.0000,1.0000
16,clab-nebula-serf65,15,0,0,0,0,0,1.0000,1.0000,1.0000
16,clab-nebula-serf65,20,23,0,0,0,23,0.0000,0.0000,0.0000
16,clab-nebula-serf65,25,62,0,0,0,62,0.0000,0.0000,0.0000
16,clab-nebula-serf65,30,95,24,23,1,72,0.9583,0.2421,0.2396
16,clab-nebula-serf65,35,115,142,113,29,2,0.7958,0.9826,0.7847
16,clab-nebula-serf65,40,122,156,119,37,3,0.7628,0.9754,0.7484
16,clab-nebula-serf65,45,126,161,126,35,0,0.7826,1.0000,0.7826
16,clab-nebula-serf65,50,152,161,152,9,0,0.9441,1.0000,0.9441
16,clab-nebula-serf65,55,154,161,154,7,0,0.9565,1.0000,0.9565
16,clab-nebula-serf65,60,155,161,155,6,0,0.9627,1.0000,0.9627
16,clab-nebula-serf70,5,3,0,0,0,3,0.0000,0.0000,0.0000
16,clab-nebula-serf70,10,19,0,0,0,19,0.0000,0.0000,0.0000
16,clab-nebula-serf70,15,36,0,0,0,36,0.0000,0.0000,0.0000
16,clab-nebula-serf70,20,66,0,0,0,66,0.0000,0.0000,0.0000
16,clab-nebula-serf70,25,87,29,27,2,60,0.9310,0.3103,0.3034
16,clab-nebula-serf70,30,110,82,63,19,47,0.7683,0.5727,0.4884
16,clab-nebula-serf70,35,119,138,103,35,16,0.7464,0.8655,0.6688
16,clab-nebula-serf70,40,124,156,122,34,2,0.7821,0.9839,0.7722
16,clab-nebula-serf70,45,147,159,147,12,0,0.9245,1.0000,0.9245
16,clab-nebula-serf70,50,154,161,154,7,0,0.9565,1.0000,0.9565
16,clab-nebula-serf70,55,158,161,158,3,0,0.9814,1.0000,0.9814
16,clab-nebula-serf70,60,161,161,161,0,0,1.0000,1.0000,1.0000
16,clab-nebula-serf75,5,0,0,0,0,0,1.0000,1.0000,1.0000
16,clab-nebula-serf75,10,7,0,0,0,7,0.0000,0.0000,0.0000
16,clab-nebula-serf75,15,26,0,0,0,26,0.0000,0.0000,0.0000
16,clab-nebula-serf75,20,41,0,0,0,41,0.0000,0.0000,0.0000
16,clab-nebula-serf75,25,76,0,0,0,76,0.0000,0.0000,0.0000
16,clab-nebula-serf75,30,100,34,25,9,75,0.7353,0.2500,0.2294
16,clab-nebula-serf75,35,115,99,73,26,42,0.7374,0.6348,0.5177
16,clab-nebula-serf75,40,122,159,122,37,0,0.7673,1.0000,0.7673
16,clab-nebula-serf75,45,135,161,135,26,0,0.8385,1.0000,0.8385
16,clab-nebula-serf75,50,154,161,154,7,0,0.9565,1.0000,0.9565
16,clab-nebula-serf75,55,155,161,155,6,0,0.9627,1.0000,0.9627
16,clab-nebula-serf75,60,158,161,158,3,0,0.9814,1.0000,0.9814
16,clab-nebula-serf80,5,0,0,0,0,0,1.0000,1.0000,1.0000
16,clab-nebula-serf80,10,14,0,0,0,14,0.0000,0.0000,0.0000
16,clab-nebula-serf80,15,32,0,0,0,32,0.0000,0.0000,0.0000
16,clab-nebula-serf80,20,55,0,0,0,55,0.0000,0.0000,0.0000
16,clab-nebula-serf80,25,84,0,0,0,84,0.0000,0.0000,0.0000
16,clab-nebula-serf80,30,110,67,42,25,68,0.6269,0.3818,0.3111
16,clab-nebula-serf80,35,120,146,118,28,2,0.8082,0.9833,0.7973
16,clab-nebula-serf80,40,127,161,127,34,0,0.7888,1.0000,0.7888
16,clab-nebula-serf80,45,152,161,152,9,0,0.9441,1.0000,0.9441
16,clab-nebula-serf80,50,154,161,154,7,0,0.9565,1.0000,0.9565
16,clab-nebula-serf80,55,156,161,156,5,0,0.9689,1.0000,0.9689
16,clab-nebula-serf80,60,159,161,159,2,0,0.9876,1.0000,0.9876
16,clab-nebula-serf85,5,0,0,0,0,0,1.0000,1.0000,1.0000
16,clab-nebula-serf85,10,4,0,0,0,4,0.0000,0.0000,0.0000
16,clab-nebula-serf85,15,19,0,0,0,19,0.0000,0.0000,0.0000
16,clab-nebula-serf85,20,35,0,0,0,35,0.0000,0.0000,0.0000
16,clab-nebula-serf85,25,57,0,0,0,57,0.0000,0.0000,0.0000
16,clab-nebula-serf85,30,82,56,18,38,64,0.3214,0.2195,0.1500
16,clab-nebula-serf85,35,111,87,53,34,58,0.6092,0.4775,0.3655
16,clab-nebula-serf85,40,119,151,119,32,0,0.7881,1.0000,0.7881
16,clab-nebula-serf85,45,134,161,134,27,0,0.8323,1.0000,0.8323
16,clab-nebula-serf85,50,149,161,149,12,0,0.9255,1.0000,0.9255
16,clab-nebula-serf85,55,154,161,154,7,0,0.9565,1.0000,0.9565
16,clab-nebula-serf85,60,157,161,157,4,0,0.9752,1.0000,0.9752
16,clab-nebula-serf90,5,2,0,0,0,2,0.0000,0.0000,0.0000
16,clab-nebula-serf90,10,9,0,0,0,9,0.0000,0.0000,0.0000
16,clab-nebula-serf90,15,30,0,0,0,30,0.0000,0.0000,0.0000
16,clab-nebula-serf90,20,49,0,0,0,49,0.0000,0.0000,0.0000
16,clab-nebula-serf90,25,78,0,0,0,78,0.0000,0.0000,0.0000
16,clab-nebula-serf90,30,101,72,41,31,60,0.5694,0.4059,0.3106
16,clab-nebula-serf90,35,119,88,57,31,62,0.6477,0.4790,0.3800
16,clab-nebula-serf90,40,122,161,122,39,0,0.7578,1.0000,0.7578
16,clab-nebula-serf90,45,137,161,137,24,0,0.8509,1.0000,0.8509
16,clab-nebula-serf90,50,154,161,154,7,0,0.9565,1.0000,0.9565
16,clab-nebula-serf90,55,155,161,155,6,0,0.9627,1.0000,0.9627
16,clab-nebula-serf90,60,159,161,159,2,0,0.9876,1.0000,0.9876
16,clab-nebula-serf95,5,0,0,0,0,0,1.0000,1.0000,1.0000
16,clab-nebula-serf95,10,10,0,0,0,10,0.0000,0.0000,0.0000
16,clab-nebula-serf95,15,30,0,0,0,30,0.0000,0.0000,0.0000
16,clab-nebula-serf95,20,50,0,0,0,50,0.0000,0.0000,0.0000
16,clab-nebula-serf95,25,80,0,0,0,80,0.0000,0.0000,0.0000
16,clab-nebula-serf95,30,104,72,42,30,62,0.5833,0.4038,0.3134
16,clab-nebula-serf95,35,119,88,57,31,62,0.6477,0.4790,0.3800
16,clab-nebula-serf95,40,124,161,124,37,0,0.7702,1.0000,0.7702
16,clab-nebula-serf95,45,142,161,142,19,0,0.8820,1.0000,0.8820
16,clab-nebula-serf95,50,154,161,154,7,0,0.9565,1.0000,0.9565
16,clab-nebula-serf95,55,154,161,154,7,0,0.9565,1.0000,0.9565
16,clab-nebula-serf95,60,159,161,159,2,0,0.9876,1.0000,0.9876
16,clab-nebula-serf100,5,6,0,0,0,6,0.0000,0.0000,0.0000
16,clab-nebula-serf100,10,7,0,0,0,7,0.0000,0.0000,0.0000
16,clab-nebula-serf100,15,8,0,0,0,8,0.0000,0.0000,0.0000
16,clab-nebula-serf100,20,14,0,0,0,14,0.0000,0.0000,0.0000
16,clab-nebula-serf100,25,25,10,9,1,16,0.9000,0.3600,0.3462
16,clab-nebula-serf100,30,59,140,54,86,5,0.3857,0.9153,0.3724
16,clab-nebula-serf100,35,89,156,88,68,1,0.5641,0.9888,0.5605
16,clab-nebula-serf100,40,137,161,137,24,0,0.8509,1.0000,0.8509
16,clab-nebula-serf100,45,150,161,150,11,0,0.9317,1.0000,0.9317
16,clab-nebula-serf100,50,159,161,159,2,0,0.9876,1.0000,0.9876
16,clab-nebula-serf100,55,160,161,160,1,0,0.9938,1.0000,0.9938
16,clab-nebula-serf100,60,161,161,161,0,0,1.0000,1.0000,1.0000
16,clab-nebula-serf105,5,1,0,0,0,1,0.0000,0.0000,0.0000
16,clab-nebula-serf105,10,3,0,0,0,3,0.0000,0.0000,0.0000
16,clab-nebula-serf105,15,8,0,0,0,8,0.0000,0.0000,0.0000
16,clab-nebula-serf105,20,25,0,0,0,25,0.0000,0.0000,0.0000
16,clab-nebula-serf105,25,54,0,0,0,54,0.0000,0.0000,0.0000
16,clab-nebula-serf105,30,86,65,42,23,44,0.6462,0.4884,0.3853
16,clab-nebula-serf105,35,123,103,79,24,44,0.7670,0.6423,0.5374
16,clab-nebula-serf105,40,145,161,145,16,0,0.9006,1.0000,0.9006
16,clab-nebula-serf105,45,153,161,153,8,0,0.9503,1.0000,0.9503
16,clab-nebula-serf105,50,155,161,155,6,0,0.9627,1.0000,0.9627
16,clab-nebula-serf105,55,160,161,160,1,0,0.9938,1.0000,0.9938
16,clab-nebula-serf105,60,161,161,161,0,0,1.0000,1.0000,1.0000
16,clab-nebula-serf110,5,0,0,0,0,0,1.0000,1.0000,1.0000
16,clab-nebula-serf110,10,0,0,0,0,0,1.0000,1.0000,1.0000
16,clab-nebula-serf110,15,2,0,0,0,2,0.0000,0.0000,0.0000
16,clab-nebula-serf110,20,7,0,0,0,7,0.0000,0.0000,0.0000
16,clab-nebula-serf110,25,15,0,0,0,15,0.0000,0.0000,0.0000
16,clab-nebula-serf110,30,37,0,0,0,37,0.0000,0.0000,0.0000
16,clab-nebula-serf110,35,69,34,15,19,54,0.4412,0.2174,0.1705
16,clab-nebula-serf110,40,107,78,57,21,50,0.7308,0.5327,0.4453
16,clab-nebula-serf110,45,143,149,133,16,10,0.8926,0.9301,0.8365
16,clab-nebula-serf110,50,148,161,148,13,0,0.9193,1.0000,0.9193
16,clab-nebula-serf110,55,154,161,154,7,0,0.9565,1.0000,0.9565
16,clab-nebula-serf110,60,157,161,157,4,0,0.9752,1.0000,0.9752
16,clab-nebula-serf115,5,0,0,0,0,0,1.0000,1.0000,1.0000
16,clab-nebula-serf115,10,0,0,0,0,0,1.0000,1.0000,1.0000
16,clab-nebula-serf115,15,0,0,0,0,0,1.0000,1.0000,1.0000
16,clab-nebula-serf115,20,0,0,0,0,0,1.0000,1.0000,1.0000
16,clab-nebula-serf115,25,0,0,0,0,0,1.0000,1.0000,1.0000
16,clab-nebula-serf115,30,0,0,0,0,0,1.0000,1.0000,1.0000
16,clab-nebula-serf115,35,1,0,0,0,1,0.0000,0.0000,0.0000
16,clab-nebula-serf115,40,3,4,1,3,2,0.2500,0.3333,0.1667
16,clab-nebula-serf115,45,6,8,1,7,5,0.1250,0.1667,0.0769
16,clab-nebula-serf115,50,23,61,15,46,8,0.2459,0.6522,0.2174
16,clab-nebula-serf115,55,57,88,48,40,9,0.5455,0.8421,0.4948
16,clab-nebula-serf115,60,103,161,103,58,0,0.6398,1.0000,0.6398
16,clab-nebula-serf120,5,2,0,0,0,2,0.0000,0.0000,0.0000
16,clab-nebula-serf120,10,2,0,0,0,2,0.0000,0.0000,0.0000
16,clab-nebula-serf120,15,2,0,0,0,2,0.0000,0.0000,0.0000
16,clab-nebula-serf120,20,2,3,2,1,0,0.6667,1.0000,0.6667
16,clab-nebula-serf120,25,2,61,2,59,0,0.0328,1.0000,0.0328
16,clab-nebula-serf120,30,3,88,3,85,0,0.0341,1.0000,0.0341
16,clab-nebula-serf120,35,3,161,3,158,0,0.0186,1.0000,0.0186
16,clab-nebula-serf120,40,3,161,3,158,0,0.0186,1.0000,0.0186
16,clab-nebula-serf120,45,5,161,5,156,0,0.0311,1.0000,0.0311
16,clab-nebula-serf120,50,14,161,14,147,0,0.0870,1.0000,0.0870
16,clab-nebula-serf120,55,24,161,24,137,0,0.1491,1.0000,0.1491
16,clab-nebula-serf120,60,48,161,48,113,0,0.2981,1.0000,0.2981
16,clab-nebula-serf125,5,0,0,0,0,0,1.0000,1.0000,1.0000
16,clab-nebula-serf125,10,3,0,0,0,3,0.0000,0.0000,0.0000
16,clab-nebula-serf125,15,12,0,0,0,12,0.0000,0.0000,0.0000
16,clab-nebula-serf125,20,45,0,0,0,45,0.0000,0.0000,0.0000
16,clab-nebula-serf125,25,58,69,38,31,20,0.5507,0.6552,0.4270
16,clab-nebula-serf125,30,84,135,74,61,10,0.5481,0.8810,0.5103
16,clab-nebula-serf125,35,112,161,112,49,0,0.6957,1.0000,0.6957
16,clab-nebula-serf125,40,137,161,137,24,0,0.8509,1.0000,0.8509
16,clab-nebula-serf125,45,146,161,146,15,0,0.9068,1.0000,0.9068
16,clab-nebula-serf125,50,155,161,155,6,0,0.9627,1.0000,0.9627
16,clab-nebula-serf125,55,161,161,161,0,0,1.0000,1.0000,1.0000
16,clab-nebula-serf125,60,161,161,161,0,0,1.0000,1.0000,1.0000
16,clab-nebula-serf130,5,0,0,0,0,0,1.0000,1.0000,1.0000
16,clab-nebula-serf130,10,0,0,0,0,0,1.0000,1.0000,1.0000
16,clab-nebula-serf130,15,0,0,0,0,0,1.0000,1.0000,1.0000
16,clab-nebula-serf130,20,13,0,0,0,13,0.0000,0.0000,0.0000
16,clab-nebula-serf130,25,14,0,0,0,14,0.0000,0.0000,0.0000
16,clab-nebula-serf130,30,24,0,0,0,24,0.0000,0.0000,0.0000
16,clab-nebula-serf130,35,41,68,31,37,10,0.4559,0.7561,0.3974
16,clab-nebula-serf130,40,53,83,43,40,10,0.5181,0.8113,0.4624
16,clab-nebula-serf130,45,84,161,84,77,0,0.5217,1.0000,0.5217
16,clab-nebula-serf130,50,111,161,111,50,0,0.6894,1.0000,0.6894
16,clab-nebula-serf130,55,136,161,136,25,0,0.8447,1.0000,0.8447
16,clab-nebula-serf130,60,146,161,146,15,0,0.9068,1.0000,0.9068
16,clab-nebula-serf135,5,0,0,0,0,0,1.0000,1.0000,1.0000
16,clab-nebula-serf135,10,0,0,0,0,0,1.0000,1.0000,1.0000
16,clab-nebula-serf135,15,1,0,0,0,1,0.0000,0.0000,0.0000
16,clab-nebula-serf135,20,14,0,0,0,14,0.0000,0.0000,0.0000
16,clab-nebula-serf135,25,15,0,0,0,15,0.0000,0.0000,0.0000
16,clab-nebula-serf135,30,25,26,21,5,4,0.8077,0.8400,0.7000
16,clab-nebula-serf135,35,42,80,32,48,10,0.4000,0.7619,0.3556
16,clab-nebula-serf135,40,54,149,44,105,10,0.2953,0.8148,0.2767
16,clab-nebula-serf135,45,91,161,91,70,0,0.5652,1.0000,0.5652
16,clab-nebula-serf135,50,112,161,112,49,0,0.6957,1.0000,0.6957
16,clab-nebula-serf135,55,137,161,137,24,0,0.8509,1.0000,0.8509
16,clab-nebula-serf135,60,146,161,146,15,0,0.9068,1.0000,0.9068
16,clab-nebula-serf140,5,0,0,0,0,0,1.0000,1.0000,1.0000
16,clab-nebula-serf140,10,0,0,0,0,0,1.0000,1.0000,1.0000
16,clab-nebula-serf140,15,0,0,0,0,0,1.0000,1.0000,1.0000
16,clab-nebula-serf140,20,13,0,0,0,13,0.0000,0.0000,0.0000
16,clab-nebula-serf140,25,14,0,0,0,14,0.0000,0.0000,0.0000
16,clab-nebula-serf140,30,25,0,0,0,25,0.0000,0.0000,0.0000
16,clab-nebula-serf140,35,39,68,29,39,10,0.4265,0.7436,0.3718
16,clab-nebula-serf140,40,52,83,42,41,10,0.5060,0.8077,0.4516
16,clab-nebula-serf140,45,82,161,82,79,0,0.5093,1.0000,0.5093
16,clab-nebula-serf140,50,108,161,108,53,0,0.6708,1.0000,0.6708
16,clab-nebula-serf140,55,136,161,136,25,0,0.8447,1.0000,0.8447
16,clab-nebula-serf140,60,145,161,145,16,0,0.9006,1.0000,0.9006
16,clab-nebula-serf145,5,0,0,0,0,0,1.0000,1.0000,1.0000
16,clab-nebula-serf145,10,0,0,0,0,0,1.0000,1.0000,1.0000
16,clab-nebula-serf145,15,1,0,0,0,1,0.0000,0.0000,0.0000
16,clab-nebula-serf145,20,5,0,0,0,5,0.0000,0.0000,0.0000
16,clab-nebula-serf145,25,7,0,0,0,7,0.0000,0.0000,0.0000
16,clab-nebula-serf145,30,15,0,0,0,15,0.0000,0.0000,0.0000
16,clab-nebula-serf145,35,37,68,30,38,7,0.4412,0.8108,0.4000
16,clab-nebula-serf145,40,56,102,46,56,10,0.4510,0.8214,0.4107
16,clab-nebula-serf145,45,66,161,66,95,0,0.4099,1.0000,0.4099
16,clab-nebula-serf145,50,104,161,104,57,0,0.6460,1.0000,0.6460
16,clab-nebula-serf145,55,130,161,130,31,0,0.8075,1.0000,0.8075
16,clab-nebula-serf145,60,145,161,145,16,0,0.9006,1.0000,0.9006
16,clab-nebula-serf150,5,0,0,0,0,0,1.0000,1.0000,1.0000
16,clab-nebula-serf150,10,0,0,0,0,0,1.0000,1.0000,1.0000
16,clab-nebula-serf150,15,1,0,0,0,1,0.0000,0.0000,0.0000
16,clab-nebula-serf150,20,9,0,0,0,9,0.0000,0.0000,0.0000
16,clab-nebula-serf150,25,17,0,0,0,17,0.0000,0.0000,0.0000
16,clab-nebula-serf150,30,23,53,9,44,14,0.1698,0.3913,0.1343
16,clab-nebula-serf150,35,42,83,11,72,31,0.1325,0.2619,0.0965
16,clab-nebula-serf150,40,54,140,54,86,0,0.3857,1.0000,0.3857
16,clab-nebula-serf150,45,79,156,78,78,1,0.5000,0.9873,0.4968
16,clab-nebula-serf150,50,117,161,117,44,0,0.7267,1.0000,0.7267
16,clab-nebula-serf150,55,141,161,141,20,0,0.8758,1.0000,0.8758
16,clab-nebula-serf150,60,152,161,152,9,0,0.9441,1.0000,0.9441
16,clab-nebula-serf155,5,0,0,0,0,0,1.0000,1.0000,1.0000
16,clab-nebula-serf155,10,0,0,0,0,0,1.0000,1.0000,1.0000
16,clab-nebula-serf155,15,1,0,0,0,1,0.0000,0.0000,0.0000
16,clab-nebula-serf155,20,11,0,0,0,11,0.0000,0.0000,0.0000
16,clab-nebula-serf155,25,14,0,0,0,14,0.0000,0.0000,0.0000
16,clab-nebula-serf155,30,24,0,0,0,24,0.0000,0.0000,0.0000
16,clab-nebula-serf155,35,43,72,9,63,34,0.1250,0.2093,0.0849
16,clab-nebula-serf155,40,56,83,17,66,39,0.2048,0.3036,0.1393
16,clab-nebula-serf155,45,82,140,79,61,3,0.5643,0.9634,0.5524
16,clab-nebula-serf155,50,117,156,116,40,1,0.7436,0.9915,0.7389
16,clab-nebula-serf155,55,137,161,137,24,0,0.8509,1.0000,0.8509
16,clab-nebula-serf155,60,150,161,150,11,0,0.9317,1.0000,0.9317
16,clab-nebula-serf160,5,4,0,0,0,4,0.0000,0.0000,0.0000
16,clab-nebula-serf160,10,4,0,0,0,4,0.0000,0.0000,0.0000
16,clab-nebula-serf160,15,5,0,0,0,5,0.0000,0.0000,0.0000
16,clab-nebula-serf160,20,10,0,0,0,10,0.0000,0.0000,0.0000
16,clab-nebula-serf160,25,25,64,18,46,7,0.2812,0.7200,0.2535
16,clab-nebula-serf160,30,37,83,27,56,10,0.3253,0.7297,0.2903
16,clab-nebula-serf160,35,43,161,43,118,0,0.2671,1.0000,0.2671
16,clab-nebula-serf160,40,58,161,58,103,0,0.3602,1.0000,0.3602
16,clab-nebula-serf160,45,82,161,82,79,0,0.5093,1.0000,0.5093
16,clab-nebula-serf160,50,118,161,118,43,0,0.7329,1.0000,0.7329
16,clab-nebula-serf160,55,139,161,139,22,0,0.8634,1.0000,0.8634
16,clab-nebula-serf160,60,149,161,149,12,0,0.9255,1.0000,0.9255
